# Blender v2.76 (sub 0) OBJ File: ''
# www.blender.org
mtllib ElCarroLoco.mtl
o ElCarroLoco
v -1.125533 0.844773 1.999325
v 1.126687 0.854612 1.512993
v 1.127760 0.844773 1.997147
v -1.125379 0.854612 1.515169
v 1.119607 0.671464 1.352571
v -1.118603 0.671464 1.354734
v 1.078021 0.444534 1.255468
v -1.119655 0.644732 -2.115915
v 1.016512 0.499785 -2.140673
v 1.113946 0.644732 -2.118074
v -1.108691 0.653014 2.178468
v 1.111265 0.653014 2.176322
v 1.084875 0.498247 -1.696112
v 0.148726 0.498247 -1.539322
v 1.094158 0.498247 -1.540236
v 0.148726 0.498247 -1.539322
v 1.090118 0.363247 -1.618175
v 1.094158 0.498247 -1.540236
v 0.148104 0.363247 -1.617265
v 0.990056 0.387726 -1.106816
v -0.001877 0.523743 -1.110521
v 1.087934 0.523743 -1.111574
v 0.147318 0.498247 -1.695206
v 1.066654 0.441479 1.579033
v -1.080478 0.441479 1.736992
v 1.082206 0.441479 1.734902
v -1.080478 0.441479 1.736992
v 1.074430 0.306479 1.656967
v 1.082206 0.441479 1.734902
v -1.077200 0.444534 1.257551
v 0.981880 0.308677 1.255561
v -1.072849 0.306479 1.659043
v -1.064645 0.449495 2.297107
v 1.067451 0.449495 2.295047
v -1.065219 0.441479 1.581093
v 0.954694 0.369019 -0.563458
v -0.001872 0.387726 -1.105858
v 0.990056 0.387726 -1.106816
v -0.001872 0.387726 -1.105858
v -0.981060 0.308677 1.257458
v 0.951303 0.321190 0.847571
v 0.981880 0.308677 1.255561
v -0.962575 0.317336 2.297008
v 0.965381 0.317336 2.295145
v -0.957377 0.369019 -0.561610
v 0.951303 0.321190 0.847571
v -0.957377 0.369019 -0.561610
v 0.954694 0.369019 -0.563458
v -0.951258 0.321190 0.849410
v 0.001717 0.332970 2.618383
v 0.925985 0.323045 2.478227
v 0.912324 0.326920 2.535826
v 0.932941 0.595564 -2.924642
v 1.016512 0.499785 -2.140673
v 0.859168 0.601659 -3.006089
v 0.735343 0.645251 -1.131735
v 0.749024 0.499785 -2.140415
v 0.750653 0.712724 -2.106539
v 0.732772 0.387726 -1.106568
v -0.754776 0.499785 -2.138962
v 0.749024 0.499785 -2.140415
v 0.732772 0.387726 -1.106568
v -0.736518 0.387726 -1.105148
v 0.689027 0.819211 1.255844
v 0.733176 0.794939 2.295370
v 0.733176 0.317336 2.295370
v -0.730370 0.317336 2.296784
v 0.689027 0.308677 1.255844
v 0.733176 0.317336 2.295370
v 0.689027 0.308677 1.255844
v 0.147318 0.498247 -1.695206
v -0.002229 0.498247 -1.464578
v 0.148726 0.498247 -1.539322
v 0.148726 0.498247 -1.539322
v -0.002229 0.498247 -1.464578
v 0.148104 0.363247 -1.617265
v -0.002524 0.498247 -1.769660
v -0.993801 0.387726 -1.104899
v -0.152860 0.363247 -1.616974
v -0.152223 0.498247 -1.694917
v -0.153332 0.498247 -1.539031
v -0.922822 0.323045 2.480014
v -0.962575 0.317336 2.297008
v 0.001717 0.332970 2.618383
v -0.962575 0.317336 2.297008
v 0.965381 0.317336 2.295145
v 0.001717 0.332970 2.618383
v 0.925985 0.323045 2.478227
v -0.153332 0.498247 -1.539031
v -0.002377 0.298642 -1.617119
v -0.152860 0.363247 -1.616974
v -1.089779 0.498247 -1.694011
v -0.152223 0.498247 -1.694917
v -0.153332 0.498247 -1.539031
v -1.094873 0.363247 -1.616064
v -0.153332 0.498247 -1.539031
v -1.098766 0.498247 -1.538117
v -0.730370 0.317336 2.296784
v -0.688207 0.819211 1.257175
v -0.688207 0.308677 1.257175
v -0.688207 0.308677 1.257175
v -0.730370 0.794939 2.296784
v -0.739138 0.645251 -1.130310
v -0.754776 0.499785 -2.138962
v -0.736518 0.387726 -1.105148
v -0.756340 0.712724 -2.105083
v -0.866572 0.601659 -3.004421
v -0.922822 0.323045 2.480014
v 0.001717 0.332970 2.618383
v -0.909050 0.326920 2.537586
v -0.951258 0.321190 0.849410
v -0.001877 0.523743 -1.110521
v -0.001872 0.387726 -1.105858
v -0.993801 0.387726 -1.104899
v -1.022265 0.499785 -2.138703
v -1.022265 0.499785 -2.138703
v -0.981060 0.308677 1.257458
v -1.091688 0.523743 -1.109468
v -1.098766 0.498247 -1.538117
v -0.665177 1.789805 -0.723297
v 0.640352 1.865854 -0.608161
v 0.662182 1.789805 -0.724579
v -0.651980 1.774322 -0.631864
v 0.662182 1.789805 -0.724579
v 0.649162 1.774322 -0.633122
v -0.643122 1.865854 -0.606921
v 0.640460 1.827112 0.401681
v 0.640352 1.865854 -0.608161
v -0.643122 1.865854 -0.606921
v -0.641278 1.827112 0.402920
v 0.486172 1.837136 0.508940
v 0.640460 1.827112 0.401681
v 0.479533 1.802688 0.479191
v -0.632059 1.791347 0.371257
v 0.631180 1.791347 0.370036
v 0.619447 1.791347 0.370048
v -0.620326 1.791347 0.371246
v 0.618528 1.818643 -0.581630
v -0.621246 1.818643 -0.580432
v 0.649162 1.774322 -0.633122
v 0.618528 1.818643 -0.581630
v -0.486783 1.837136 0.509881
v -0.000263 1.812888 0.553407
v -0.480201 1.802688 0.480118
v 0.479533 1.802688 0.479191
v -0.480201 1.802688 0.480118
v 0.486172 1.837136 0.508940
v -0.486783 1.837136 0.509881
v -0.000237 1.848265 0.580461
v -0.621246 1.818643 -0.580432
v -0.641278 1.827112 0.402920
v -0.651980 1.774322 -0.631864
v -0.665177 1.789805 -0.723297
v 0.495495 1.735282 0.589801
v 0.698371 1.734206 0.485383
v 0.698897 1.596639 0.483353
v 0.672213 1.627227 -0.515491
v 0.673137 1.739871 0.439791
v 0.673231 1.594978 0.537606
v 0.672155 1.769124 -0.575808
v 0.495495 1.593385 0.589801
v -0.000144 1.595288 0.676657
v -0.000144 1.735971 0.676936
v -0.495949 1.735282 0.590760
v -0.495949 1.593385 0.590760
v -0.699557 1.596639 0.484704
v -0.698370 1.739871 0.441116
v -0.699293 1.627227 -0.514165
v -0.698275 1.594978 0.538931
v -0.699351 1.769124 -0.574482
v -0.699027 1.734206 0.486734
v 0.716158 1.081198 -1.802777
v 1.167652 1.069632 -1.337698
v 1.181643 1.081198 -1.803227
v 1.163849 0.925958 -1.989496
v 0.707844 1.069632 -1.337254
v 1.141139 0.869077 -1.195252
v 0.707400 0.925958 -1.989055
v 1.113946 0.644732 -2.118074
v 0.693878 0.869077 -1.194820
v 1.087934 0.523743 -1.111574
v 0.703044 0.644732 -2.117676
v 1.083710 0.635928 2.568340
v 1.068952 0.566260 2.762422
v 1.098576 0.572710 2.558572
v 1.068254 0.417344 2.532410
v 0.687293 0.523743 -1.111187
v 1.056334 0.630877 2.727999
v 0.001813 0.631250 2.717238
v 1.098576 0.572710 2.558572
v 1.068254 0.417344 2.532410
v 1.083710 0.635928 2.568340
v 1.031517 0.361864 2.522691
v 0.001813 0.631250 2.717238
v 1.048891 0.711697 -3.079408
v 1.069758 0.753811 -2.863039
v 1.071620 0.696401 -2.863041
v 1.004464 0.564092 -2.862976
v 0.983214 0.574709 -3.004954
v 1.047320 0.767060 -3.062246
v 1.039973 0.823173 -2.863010
v 1.004464 0.564092 -2.862976
v 1.071620 0.696401 -2.863041
v 1.069758 0.753811 -2.863039
v 1.039973 0.823173 -2.863010
v 0.843848 0.753811 -2.862821
v 1.032354 0.564556 2.816307
v 1.020843 0.629700 2.765254
v 1.014914 0.714989 -3.128865
v 0.951372 0.577266 -3.039129
v 1.020039 0.833899 -3.024279
v 1.013802 0.769546 -3.099603
v 0.859590 0.823173 -2.862836
v 1.041060 0.412124 2.697413
v 1.006246 0.357424 2.663011
v 1.005423 0.410420 2.751296
v 0.932811 1.108138 -0.639799
v 0.958791 1.222647 -0.602715
v 1.035548 1.108138 -0.639897
v 0.001989 0.405826 2.897444
v 0.002052 0.559963 2.962481
v 0.001834 0.355063 2.738600
v 0.972444 0.356247 2.700262
v 0.001834 0.355063 2.738600
v 1.031517 0.361864 2.522691
v 0.857099 0.834162 -3.028087
v 0.002003 0.625106 2.911416
v 0.842051 0.769948 -3.105485
v 0.990992 0.827692 -3.060519
v -0.958839 0.577266 -3.037283
v 1.031517 0.361864 2.522691
v 1.036243 1.178654 -2.920050
v 1.039479 0.909279 -2.962119
v 0.985612 0.914428 -3.039498
v 0.859135 0.914428 -3.039376
v 0.965328 1.184469 -2.994992
v 0.985440 1.154910 0.660062
v 0.752714 1.692832 0.376985
v 0.987740 1.156709 0.826706
v 0.731960 1.744412 0.403841
v 0.909316 1.221542 0.959040
v 0.987740 1.156709 0.826706
v 0.987740 1.156709 0.826706
v 1.028151 1.098229 0.832253
v 0.985440 1.154910 0.660062
v 0.984454 1.162900 0.375113
v 0.967300 1.162900 0.375129
v 0.985440 1.154910 0.660062
v 0.946228 1.165589 0.299807
v 0.752814 1.695054 0.304427
v 0.984385 1.165589 0.299770
v 0.984385 1.165589 0.299770
v 0.752714 1.692832 0.376985
v 0.984454 1.162900 0.375113
v 0.966579 1.165589 0.299787
v 0.984385 1.165589 0.299770
v 0.980671 1.196395 -0.502618
v 0.972444 0.356247 2.700262
v 0.001939 0.351653 2.846379
v 0.945044 1.306877 -2.950486
v 1.036243 1.178654 -2.920050
v 0.965328 1.184469 -2.994992
v 0.859221 1.306877 -2.950403
v 0.752267 1.715955 -0.438433
v 0.980671 1.196395 -0.502618
v 0.958791 1.222647 -0.602715
v 0.900273 1.369628 -0.954515
v 0.732734 1.770571 -0.510733
v 0.958791 1.222647 -0.602715
v 0.837266 0.906634 2.627582
v 0.955255 0.928631 2.731235
v 0.957556 0.990589 2.715041
v 1.005840 1.301250 -2.877955
v 0.929248 1.368061 -2.915327
v 0.946228 1.165589 0.299807
v 0.944405 1.196395 -0.502583
v 0.724045 1.715955 -0.438406
v 0.682242 1.770440 -0.510686
v 0.944405 1.196395 -0.502583
v 0.943192 1.162900 0.375153
v 0.984454 1.162900 0.375113
v 0.752714 1.692832 0.376985
v 0.943192 1.162900 0.375153
v 0.712578 1.692832 0.377024
v 0.946228 1.165589 0.299807
v 0.943192 1.162900 0.375153
v 0.942304 1.154910 0.660104
v 0.752714 1.692832 0.376985
v 0.985440 1.154910 0.660062
v 0.942304 1.154910 0.660104
v 0.936453 1.156570 0.826755
v 0.942304 1.154910 0.660104
v 0.936560 0.780061 -3.057694
v 1.005154 0.774708 -2.977264
v 0.932941 0.595564 -2.924642
v 0.902243 1.219954 0.939583
v 0.691156 1.723167 0.485392
v 0.936453 1.156570 0.826755
v 0.682242 1.770440 -0.510686
v 0.932811 1.108138 -0.639799
v 0.715059 1.158799 -1.802776
v 0.914600 1.158799 -1.337453
v 0.925467 1.158799 -1.802979
v 0.909070 0.925958 -1.989249
v 0.706758 1.158799 -1.337253
v 0.891488 0.869077 -1.195011
v 0.902243 1.219954 0.939583
v 0.672774 1.241304 1.059344
v 0.909316 1.221542 0.959040
v 0.698371 1.734206 0.485383
v 0.902243 1.219954 0.939583
v 0.909316 1.221542 0.959040
v 0.931315 1.325122 -1.069519
v 0.859446 1.406564 -1.002091
v 0.731057 1.775841 -0.682786
v 0.799190 1.319110 -0.811588
v 0.859446 1.406564 -1.002091
v 0.883535 1.365178 -1.101123
v 0.867005 1.372553 -2.904500
v -0.863266 1.374789 -2.875878
v 0.868135 1.377036 -2.867055
v -0.853797 0.766499 -3.053694
v -0.858089 0.944747 -3.037172
v 0.867721 0.766499 -3.046857
v -0.858089 0.944747 -3.037172
v -0.858313 1.190688 -2.992686
v 0.867630 0.944747 -3.028615
v 0.867630 0.944747 -3.028615
v 0.867406 1.190688 -2.984129
v -0.862527 1.309106 -2.948495
v 0.867182 1.311335 -2.939697
v -0.862599 1.370307 -2.913325
v 0.859135 0.914428 -3.039376
v 0.830748 0.768104 -2.877786
v 0.859868 1.372543 -2.877814
v 0.859255 1.368061 -2.915260
v 0.859221 1.306877 -2.950403
v 0.859868 1.372543 -2.877814
v 0.859118 0.780061 -3.057619
v 0.859168 0.601659 -3.006089
v 0.859118 0.780061 -3.057619
v 0.859178 1.184469 -2.994890
v 0.859178 1.184469 -2.994890
v 0.859135 0.914428 -3.039376
v 0.859178 1.184469 -2.994890
v 0.859255 1.368061 -2.915260
v 0.883535 1.365178 -1.101123
v 0.662182 1.789805 -0.724579
v 0.662182 1.789805 -0.724579
v 0.856325 0.827956 -3.064353
v 0.859590 0.823173 -2.862836
v 0.859590 0.823173 -2.862836
v 0.857099 0.834162 -3.028087
v 0.843848 0.753811 -2.862821
v 0.842101 0.766499 -3.053609
v 0.856325 0.827956 -3.064353
v 0.842051 0.769948 -3.105485
v 0.799190 1.319110 -0.811588
v -0.001518 1.316791 -0.745839
v 0.832511 1.316791 -0.746645
v 0.649162 1.774322 -0.633122
v 0.799190 1.319110 -0.811588
v 0.832511 1.316791 -0.746645
v -0.802353 1.319110 -0.810040
v 0.662182 1.789805 -0.724579
v 0.944405 1.196395 -0.502583
v 0.980671 1.196395 -0.502618
v 0.752267 1.715955 -0.438433
v 0.752267 1.715955 -0.438433
v 0.732734 1.770571 -0.510733
v 0.752814 1.695054 0.304427
v 0.718635 1.695054 0.304460
v 0.752814 1.695054 0.304427
v 0.731960 1.744412 0.403841
v 0.752814 1.695054 0.304427
v 0.732734 1.770571 -0.510733
v 0.640460 1.827112 0.401681
v 0.682242 1.770440 -0.510686
v 0.731960 1.744412 0.403841
v 0.732734 1.770571 -0.510733
v 0.731960 1.744412 0.403841
v 0.698371 1.734206 0.485383
v 0.936453 1.156570 0.826755
v 0.987740 1.156709 0.826706
v 0.731960 1.744412 0.403841
v 0.724045 1.715955 -0.438406
v 0.752267 1.715955 -0.438433
v 0.752814 1.695054 0.304427
v 0.724045 1.715955 -0.438406
v 0.718635 1.695054 0.304460
v 0.718635 1.695054 0.304460
v 0.707400 0.925958 -1.989055
v 0.703044 0.644732 -2.117676
v 0.716158 1.081198 -1.802777
v 0.706758 1.158799 -1.337253
v 0.715059 1.158799 -1.802776
v 0.716158 1.081198 -1.802777
v 0.707400 0.925958 -1.989055
v 0.707400 0.925958 -1.989055
v 0.712578 1.692832 0.377024
v 0.712578 1.692832 0.377024
v 0.681468 1.744281 0.403889
v 0.707844 1.069632 -1.337254
v 0.716158 1.081198 -1.802777
v 0.703044 0.644732 -2.117676
v 0.707844 1.069632 -1.337254
v 0.693878 0.869077 -1.194820
v 0.707844 1.069632 -1.337254
v 0.693878 0.869077 -1.194820
v 0.706758 1.158799 -1.337253
v 0.640460 1.827112 0.401681
v 0.530212 1.754809 0.600425
v 0.698371 1.734206 0.485383
v 0.530212 1.754809 0.600425
v 0.691156 1.723167 0.485392
v 0.698371 1.734206 0.485383
v 0.691156 1.723167 0.485392
v 0.707844 1.069632 -1.337254
v 0.703044 0.644732 -2.117676
v 0.693878 0.869077 -1.194820
v 0.661168 1.757257 0.427714
v 0.681468 1.744281 0.403889
v 0.691156 1.723167 0.485392
v 0.693878 0.869077 -1.194820
v 0.703044 0.644732 -2.117676
v 0.687293 0.523743 -1.111187
v 0.732734 1.770571 -0.510733
v 0.681468 1.744281 0.403889
v 0.932811 1.108138 -0.639799
v 0.682242 1.770440 -0.510686
v 0.681468 1.744281 0.403889
v 0.618528 1.818643 -0.581630
v 0.681468 1.744281 0.403889
v 0.681468 1.744281 0.403889
v 0.000309 1.259419 1.149387
v 0.657726 1.261930 1.084128
v 0.672774 1.241304 1.059344
v 0.640352 1.865854 -0.608161
v 0.649162 1.774322 -0.633122
v 0.662182 1.789805 -0.724579
v 0.640352 1.865854 -0.608161
v 0.479533 1.802688 0.479191
v 0.631180 1.791347 0.370036
v 0.661168 1.757257 0.427714
v 0.657726 1.261930 1.084128
v 0.618528 1.818643 -0.581630
v 0.486172 1.837136 0.508940
v 0.631180 1.791347 0.370036
v 0.631180 1.791347 0.370036
v 0.525127 1.735824 0.596460
v -0.000139 1.771099 0.681955
v 0.502330 1.769256 0.537825
v 0.691156 1.723167 0.485392
v 0.525127 1.735824 0.596460
v -0.000144 1.735971 0.676936
v -0.000205 1.778992 0.613413
v -0.000237 1.848265 0.580461
v 0.530212 1.754809 0.600425
v 0.486172 1.837136 0.508940
v -0.154743 0.395536 -0.005164
v 0.115697 0.451704 0.064571
v 0.153136 0.395536 -0.005462
v -0.835548 1.316791 -0.745033
v -0.502885 1.769256 0.538796
v -0.000139 1.771099 0.681955
v -0.000237 1.848265 0.580461
v -0.530646 1.754809 0.601450
v -0.000144 1.735971 0.676936
v -0.525569 1.735824 0.597475
v -0.000263 1.812888 0.553407
v -0.480201 1.802688 0.480118
v -0.657231 1.261930 1.085399
v 0.000377 1.327490 1.222148
v 0.000309 1.259419 1.149387
v 0.000377 1.327490 1.222148
v 0.578661 1.269080 1.123468
v 0.657726 1.261930 1.084128
v 0.000377 1.293563 1.222147
v -0.657231 1.261930 1.085399
v -0.578092 1.269080 1.124586
v -1.029662 0.565389 2.791975
v -1.018235 0.630533 2.740899
v 0.001939 0.351653 2.846379
v -1.002826 0.411253 2.726912
v -1.053836 0.631710 2.703715
v -1.080372 0.635928 2.570431
v -0.117167 0.451704 0.064796
v -0.486783 1.837136 0.509881
v -0.661935 1.757257 0.428993
v -0.525569 1.735824 0.597475
v -0.691812 1.723167 0.486729
v -0.530646 1.754809 0.601450
v -0.691812 1.723167 0.486729
v -0.684823 1.770440 -0.509364
v -0.651980 1.774322 -0.631864
v -0.621246 1.818643 -0.580432
v -0.661935 1.757257 0.428993
v -0.682281 1.744281 0.405207
v -0.632059 1.791347 0.371257
v -0.682281 1.744281 0.405207
v -0.632059 1.791347 0.371257
v -0.530646 1.754809 0.601450
v -0.486783 1.837136 0.509881
v -0.641278 1.827112 0.402920
v -0.735315 1.770571 -0.509315
v -0.641278 1.827112 0.402920
v -0.643122 1.865854 -0.606921
v -0.733971 1.775841 -0.681370
v -0.651980 1.774322 -0.631864
v -0.621246 1.818643 -0.580432
v -0.643122 1.865854 -0.606921
v -0.935642 1.108138 -0.637993
v -0.835548 1.316791 -0.745033
v -0.672326 1.241304 1.060644
v -0.909057 1.221542 0.960797
v -0.657231 1.261930 1.085399
v -0.632059 1.791347 0.371257
v -0.665177 1.789805 -0.723297
v -0.665177 1.789805 -0.723297
v -0.902021 1.219954 0.941326
v -0.672326 1.241304 1.060644
v -0.691812 1.723167 0.486729
v -0.936448 1.156570 0.828565
v -0.682281 1.744281 0.405207
v -0.719641 1.695054 0.305850
v -0.684823 1.770440 -0.509364
v -0.682281 1.744281 0.405207
v -0.936448 1.156570 0.828565
v -0.713443 1.692832 0.378402
v -0.726487 1.715955 -0.437004
v -0.946970 1.196395 -0.500755
v -0.708753 0.644732 -2.116312
v -0.697799 0.869077 -1.193475
v -0.691048 0.523743 -1.109855
v -0.691812 1.723167 0.486729
v -0.708753 0.644732 -2.116312
v -0.712048 1.069632 -1.335881
v -0.697799 0.869077 -1.193475
v -0.902021 1.219954 0.941326
v -0.691812 1.723167 0.486729
v -0.699027 1.734206 0.486734
v -0.699027 1.734206 0.486734
v -0.699027 1.734206 0.486734
v -0.697799 0.869077 -1.193475
v -0.712048 1.069632 -1.335881
v -0.710963 1.158799 -1.335883
v -0.712048 1.069632 -1.335881
v -0.720168 1.158799 -1.801389
v -0.710963 1.158799 -1.335883
v -0.708753 0.644732 -2.116312
v -0.721267 1.081198 -1.801388
v -0.712048 1.069632 -1.335881
v -0.721267 1.081198 -1.801388
v -1.171856 1.069632 -1.335437
v -0.712048 1.069632 -1.335881
v -0.708753 0.644732 -2.116312
v -1.119655 0.644732 -2.115915
v -0.712865 0.925958 -1.987682
v -0.944061 1.162900 0.376977
v -0.753578 1.692832 0.378440
v -0.944061 1.162900 0.376977
v -0.713443 1.692832 0.378402
v -0.712865 0.925958 -1.987682
v -0.914534 0.925958 -1.987487
v -0.720168 1.158799 -1.801389
v -0.721267 1.081198 -1.801388
v -0.712865 0.925958 -1.987682
v -0.708753 0.644732 -2.116312
v -0.712865 0.925958 -1.987682
v -0.721267 1.081198 -1.801388
v -1.169313 0.925958 -1.987241
v -0.947243 1.165589 0.301637
v -0.753819 1.695054 0.305883
v -0.726487 1.715955 -0.437004
v -0.719641 1.695054 0.305850
v -0.947243 1.165589 0.301637
v -0.753819 1.695054 0.305883
v -0.719641 1.695054 0.305850
v -0.682281 1.744281 0.405207
v -0.684823 1.770440 -0.509364
v -0.732773 1.744412 0.405256
v -0.936448 1.156570 0.828565
v -0.682281 1.744281 0.405207
v -0.732773 1.744412 0.405256
v -0.699027 1.734206 0.486734
v -0.732773 1.744412 0.405256
v -0.909057 1.221542 0.960797
v -0.753578 1.692832 0.378440
v -0.987735 1.156709 0.828615
v -0.732773 1.744412 0.405256
v -0.735315 1.770571 -0.509315
v -0.753819 1.695054 0.305883
v -0.732773 1.744412 0.405256
v -0.735315 1.770571 -0.509315
v -0.903716 1.369628 -0.952772
v -0.961550 1.222647 -0.600859
v -0.754708 1.715955 -0.436977
v -0.735315 1.770571 -0.509315
v -0.985323 1.162900 0.377016
v -0.985400 1.165589 0.301673
v -0.985323 1.162900 0.377016
v -0.753578 1.692832 0.378440
v -0.753819 1.695054 0.305883
v -0.754708 1.715955 -0.436977
v -0.985400 1.165589 0.301673
v -0.753819 1.695054 0.305883
v -0.754708 1.715955 -0.436977
v -0.946970 1.196395 -0.500755
v -0.726487 1.715955 -0.437004
v -0.754708 1.715955 -0.436977
v -0.665177 1.789805 -0.723297
v -0.802353 1.319110 -0.810040
v -0.863842 0.827956 -3.062691
v -0.853797 0.766499 -3.053694
v -0.849647 0.769948 -3.103850
v -0.849647 0.769948 -3.103850
v 0.842101 0.766499 -3.053609
v -1.076886 0.753811 -2.860965
v -1.011592 0.564092 -2.861028
v -0.850975 0.753811 -2.861183
v -0.866717 0.823173 -2.861168
v -1.047101 0.823173 -2.860993
v 0.843848 0.753811 -2.862821
v -0.850975 0.753811 -2.861183
v -0.864546 0.834162 -3.026423
v -0.850975 0.753811 -2.861183
v -0.853797 0.766499 -3.053694
v -0.952341 1.306877 -2.948652
v -0.862599 1.370307 -2.913325
v -0.862527 1.309106 -2.948495
v -0.862527 1.309106 -2.948495
v -0.862599 1.370307 -2.913325
v -0.863266 1.374789 -2.875878
v -0.837904 0.768104 -2.876174
v -0.866604 0.914428 -3.037708
v -0.863266 1.374789 -2.875878
v -0.998501 0.827692 -3.058597
v -1.027479 0.833899 -3.022301
v -0.863842 0.827956 -3.062691
v -0.866717 0.823173 -2.861168
v -0.864546 0.834162 -3.026423
v -0.665177 1.789805 -0.723297
v -0.802353 1.319110 -0.810040
v -0.862984 1.406564 -1.000427
v -0.862984 1.406564 -1.000427
v -0.887270 1.365178 -1.099412
v -0.934987 1.325122 -1.067715
v -1.022265 0.499785 -2.138703
v -0.940188 0.595564 -2.922832
v -0.866572 0.601659 -3.004421
v -0.944062 0.780061 -3.055876
v -0.866621 0.780061 -3.055951
v -0.866572 0.601659 -3.004421
v -0.940188 0.595564 -2.922832
v -0.866621 0.780061 -3.055951
v -0.866561 1.184469 -2.993222
v -0.866604 0.914428 -3.037708
v -0.972711 1.184469 -2.993119
v -0.866561 1.184469 -2.993222
v -0.887270 1.365178 -1.099412
v -0.697799 0.869077 -1.193475
v -0.710963 1.158799 -1.335883
v -0.895409 0.869077 -1.193284
v -0.909057 1.221542 0.960797
v -0.918804 1.158799 -1.335682
v -0.930576 1.158799 -1.801186
v -0.935642 1.108138 -0.637993
v -0.961550 1.222647 -0.600859
v -0.684823 1.770440 -0.509364
v -0.935642 1.108138 -0.637993
v -0.902021 1.219954 0.941326
v -1.012502 0.774708 -2.975314
v -0.942621 1.154910 0.661925
v -0.753578 1.692832 0.378440
v -0.713443 1.692832 0.378402
v -0.942621 1.154910 0.661925
v -0.968170 1.162900 0.377000
v -0.942621 1.154910 0.661925
v -0.944061 1.162900 0.376977
v -0.936477 1.368061 -2.913524
v -1.012996 1.301250 -2.876004
v -0.958839 0.577266 -3.037283
v -1.011592 0.564092 -2.861028
v -0.990615 0.574709 -3.003046
v -0.951600 0.928631 2.733078
v -0.833813 0.906634 2.629197
v -0.953933 0.990589 2.716888
v -0.735315 1.770571 -0.509315
v -0.961550 1.222647 -0.600859
v -0.983236 1.196395 -0.500720
v -0.947243 1.165589 0.301637
v -0.946970 1.196395 -0.500755
v -0.967594 1.165589 0.301656
v -0.993081 0.914428 -3.037586
v -1.044571 1.179014 -2.917934
v -0.972711 1.184469 -2.993119
v -0.866561 1.184469 -2.993222
v -0.866604 0.914428 -3.037708
v -0.972711 1.184469 -2.993119
v -1.044571 1.179014 -2.917934
v 0.001834 0.355063 2.738600
v 0.001939 0.351653 2.846379
v -0.969909 0.357080 2.675816
v -0.969909 0.357080 2.675816
v -1.003818 0.358257 2.638629
v -1.028267 0.361864 2.524682
v -0.983236 1.196395 -0.500720
v -0.983236 1.196395 -0.500720
v -0.985323 1.162900 0.377016
v -0.985400 1.165589 0.301673
v -0.985758 1.154910 0.661967
v -0.985758 1.154910 0.661967
v -1.028136 1.098229 0.834240
v -0.987735 1.156709 0.828615
v -0.985758 1.154910 0.661967
v -0.987735 1.156709 0.828615
v -0.987735 1.156709 0.828615
v -0.985758 1.154910 0.661967
v -1.046798 0.909279 -2.960103
v -0.993081 0.914428 -3.037586
v -1.066403 0.567093 2.738161
v -1.011592 0.564092 -2.861028
v -1.021387 0.769546 -3.097637
v -1.022555 0.714989 -3.126896
v -1.054832 0.767060 -3.060214
v -1.056436 0.711697 -3.077374
v -0.866717 0.823173 -2.861168
v -1.028267 0.361864 2.524682
v -1.028267 0.361864 2.524682
v -1.064986 0.417344 2.534471
v -1.095257 0.572710 2.560692
v -1.064986 0.417344 2.534471
v -1.038379 1.108138 -0.637893
v -1.038605 0.412957 2.673097
v -1.047101 0.823173 -2.860993
v -1.076886 0.753811 -2.860965
v -1.078748 0.696401 -2.860963
v -1.078748 0.696401 -2.860963
v -1.080372 0.635928 2.570431
v -0.691048 0.523743 -1.109855
v -0.697799 0.869077 -1.193475
v -1.091688 0.523743 -1.109468
v -1.095257 0.572710 2.560692
v -1.145059 0.869077 -1.193043
v -1.186752 1.081198 -1.800938
v 1.028242 1.182005 -0.872450
v 1.159225 1.120520 -1.305066
v 1.174180 1.145639 -1.834529
v 1.005840 1.301250 -2.877955
v 1.081912 1.236729 -2.045738
v 1.154022 0.947566 -2.050784
v 1.039479 0.909279 -2.962119
v 1.036243 1.178654 -2.920050
v 1.094826 0.874581 -0.643676
v 1.130428 0.894125 -1.127574
v 1.035548 1.108138 -0.639897
v 1.005154 0.774708 -2.977264
v 1.090185 0.700294 -0.603632
v 1.087934 0.523743 -1.111574
v 1.064203 1.025076 1.979405
v 1.118414 0.929970 2.045420
v 1.121354 0.935099 1.489542
v 1.113818 0.690068 1.285217
v 1.087646 0.838953 0.859991
v 1.028151 1.098229 0.832253
v 1.013214 0.931085 2.690562
v 1.096873 0.680453 2.262847
v 1.016512 0.499785 -2.140673
v 1.113946 0.644732 -2.118074
v 1.078021 0.444534 1.255468
v 1.083045 0.650892 0.853721
v 1.087646 0.838953 0.859991
v 1.090185 0.700294 -0.603632
v 1.094826 0.874581 -0.643676
v 1.017986 0.625208 2.672153
v 1.067451 0.449495 2.295047
v 1.083045 0.650892 0.853721
v 1.052383 0.504876 -0.563553
v 1.052383 0.504876 -0.563553
v 0.990056 0.387726 -1.106816
v 1.028151 1.098229 0.832253
v 0.972832 1.325810 -2.045632
v 0.931315 1.325122 -1.069519
v 1.045539 0.457047 0.847481
v 1.045539 0.457047 0.847481
v 0.975947 0.392785 2.633426
v 0.965381 0.317336 2.295145
v 0.987740 1.156709 0.826706
v 1.011182 1.095551 1.984085
v 0.969943 1.044499 2.655982
v 1.035548 1.108138 -0.639897
v 0.958791 1.222647 -0.602715
v 0.980671 1.196395 -0.502618
v 0.984454 1.162900 0.375113
v 0.957065 0.626235 2.712136
v 0.975947 0.392785 2.633426
v 1.017986 0.625208 2.672153
v 0.957556 0.990589 2.715041
v 0.929204 1.125209 1.984164
v 0.936560 0.780061 -3.057694
v 0.954694 0.369019 -0.563458
v 0.909316 1.221542 0.959040
v 1.028151 1.098229 0.832253
v 0.984454 1.162900 0.375113
v 0.985440 1.154910 0.660062
v 0.984385 1.165589 0.299770
v 0.981880 0.308677 1.255561
v 0.923067 1.372543 -2.877875
v 0.882622 1.350038 -2.045545
v 0.883535 1.365178 -1.101123
v 0.925985 0.323045 2.478227
v 0.912301 0.396189 2.686450
v 0.958791 1.222647 -0.602715
v 1.052383 0.504876 -0.563553
v 1.045539 0.457047 0.847481
v 0.954694 0.369019 -0.563458
v 0.885036 1.064746 2.656064
v 0.951303 0.321190 0.847571
v 0.951303 0.321190 0.847571
v 0.985612 0.914428 -3.039498
v 0.859118 0.780061 -3.057619
v 0.932941 0.595564 -2.924642
v 0.900273 1.369628 -0.954515
v 0.929248 1.368061 -2.915327
v 0.975947 0.392785 2.633426
v 0.912324 0.326920 2.535826
v 0.925985 0.323045 2.478227
v 0.912301 0.396189 2.686450
v 0.559186 0.397117 2.701224
v 0.957065 0.626235 2.712136
v 0.880347 0.626487 2.721985
v 0.912301 0.396189 2.686450
v 0.880347 0.626487 2.721985
v 0.559186 0.397117 2.701224
v 0.912301 0.396189 2.686450
v 0.880146 0.994648 2.715703
v 0.859868 1.372543 -2.877814
v -0.866572 0.601659 -3.004421
v -0.866621 0.780061 -3.055951
v 0.859168 0.601659 -3.006089
v 0.859135 0.914428 -3.039376
v 0.859255 1.368061 -2.915260
v 0.545446 0.626724 2.731513
v 0.559186 0.397117 2.701224
v 0.545446 0.626724 2.731513
v 0.473808 0.627538 2.763222
v 0.001949 0.629937 2.856904
v 0.559186 0.397117 2.701224
v 0.473808 0.627538 2.763222
v 0.001889 0.403109 2.794987
v 0.001949 0.629937 2.856904
v -0.555590 0.397117 2.702301
v 0.001889 0.403109 2.794987
v 0.001717 0.332970 2.618383
v 0.559186 0.397117 2.701224
v 0.001889 0.403109 2.794987
v 0.001889 0.403109 2.794987
v -0.555590 0.397117 2.702301
v -0.555590 0.397117 2.702301
v -0.909050 0.326920 2.537586
v -0.470091 0.627538 2.764134
v -0.541791 0.626724 2.732564
v -0.555590 0.397117 2.702301
v -0.470091 0.627538 2.764134
v -0.541791 0.626724 2.732564
v -0.876711 0.626487 2.723683
v -0.908732 0.396189 2.688209
v -0.936477 1.368061 -2.913524
v -0.863266 1.374789 -2.875878
v -0.862599 1.370307 -2.913325
v -0.993081 0.914428 -3.037586
v -0.866604 0.914428 -3.037708
v -0.881528 1.064746 2.657771
v -0.953933 0.990589 2.716888
v -0.876521 0.994648 2.717400
v -0.979502 1.325810 -2.043745
v -0.887270 1.365178 -1.099412
v -0.888182 1.350038 -2.043834
v -0.930223 1.372543 -2.876084
v -1.031521 1.182005 -0.870460
v -0.961550 1.222647 -0.600859
v -0.903716 1.369628 -0.952772
v -1.008981 1.095551 1.986037
v -0.927003 1.125209 1.985958
v -0.909057 1.221542 0.960797
v -0.908732 0.396189 2.688209
v -0.972482 0.392785 2.635309
v -0.876711 0.626487 2.723683
v -0.953446 0.626235 2.713983
v -0.908732 0.396189 2.688209
v -0.953446 0.626235 2.713983
v -0.972482 0.392785 2.635309
v -0.908732 0.396189 2.688209
v -0.922822 0.323045 2.480014
v -1.012996 1.301250 -2.876004
v -1.085915 1.236729 -2.043643
v -0.934987 1.325122 -1.067715
v -1.022265 0.499785 -2.138703
v -1.119655 0.644732 -2.115915
v -0.940188 0.595564 -2.922832
v -0.944062 0.780061 -3.055876
v -1.045494 0.457047 0.849502
v -0.957377 0.369019 -0.561610
v -0.951258 0.321190 0.849410
v -0.966435 1.044499 2.657853
v -1.038379 1.108138 -0.637893
v -0.962575 0.317336 2.297008
v -0.922822 0.323045 2.480014
v -0.972482 0.392785 2.635309
v -1.014446 0.625208 2.674117
v -1.045494 0.457047 0.849502
v -0.951258 0.321190 0.849410
v -0.981060 0.308677 1.257458
v -1.028136 1.098229 0.834240
v -0.985323 1.162900 0.377016
v -0.985400 1.165589 0.301673
v -0.983236 1.196395 -0.500720
v -1.038379 1.108138 -0.637893
v -0.985323 1.162900 0.377016
v -1.028136 1.098229 0.834240
v -0.985758 1.154910 0.661967
v -0.987735 1.156709 0.828615
v -1.028136 1.098229 0.834240
v -1.062010 1.025076 1.981459
v -0.957377 0.369019 -0.561610
v -1.055066 0.504876 -0.561517
v -0.993801 0.387726 -1.104899
v -1.046798 0.909279 -2.960103
v -1.012502 0.774708 -2.975314
v -1.159603 0.947566 -2.048548
v -1.009637 0.931085 2.692517
v -1.120091 0.935099 1.491708
v -0.961550 1.222647 -0.600859
v -1.097663 0.874581 -0.641558
v -1.163363 1.120520 -1.302821
v -1.055066 0.504876 -0.561517
v -1.092945 0.700294 -0.601522
v -1.091688 0.523743 -1.109468
v -1.014446 0.625208 2.674117
v -1.064645 0.449495 2.297107
v -1.064645 0.449495 2.297107
v -1.077200 0.444534 1.257551
v -1.055066 0.504876 -0.561517
v -1.045494 0.457047 0.849502
v -1.082988 0.650892 0.855814
v -1.082988 0.650892 0.855814
v -1.179349 1.145639 -1.832254
v -1.112941 0.690068 1.287369
v -1.087577 0.838953 0.862093
v -1.087577 0.838953 0.862093
v -1.092945 0.700294 -0.601522
v -1.094129 0.680453 2.264964
v -1.094129 0.680453 2.264964
v -1.097663 0.874581 -0.641558
v -1.116095 0.929970 2.047580
v -1.134215 0.894125 -1.125386
v -1.044571 1.179014 -2.917934
v 1.149974 1.207670 0.618918
v 1.213844 1.289840 0.593357
v 1.240301 1.208957 0.582770
v 1.213844 1.127320 0.593357
v 1.149974 1.322589 0.618918
v 1.149974 1.094236 0.618918
v 1.086103 1.288636 0.644998
v 1.086103 1.126116 0.644998
v 1.059649 1.208471 0.656825
v 0.955255 0.928631 2.731235
v 0.957065 0.626235 2.712136
v 1.017986 0.625208 2.672153
v 1.013214 0.931085 2.690562
v 0.957556 0.990589 2.715041
v 0.878238 0.931720 2.741604
v 0.629311 1.130620 1.984453
v 0.885036 1.064746 2.656064
v 0.929204 1.125209 1.984164
v 0.657726 1.261930 1.084128
v 0.909316 1.221542 0.959040
v 0.561604 1.048041 2.644413
v 0.544023 0.998950 2.727671
v 0.885036 1.064746 2.656064
v 0.880347 0.626487 2.721985
v 0.880146 0.994648 2.715703
v 0.880146 0.994648 2.715703
v 0.544023 0.998950 2.727671
v 0.537735 0.951684 2.753220
v 0.578661 1.269080 1.123468
v 0.546598 1.164402 1.993477
v 0.657726 1.261930 1.084128
v 0.489467 1.082795 2.661912
v 0.561604 1.048041 2.644413
v 0.629311 1.130620 1.984453
v 0.561604 1.048041 2.644413
v 0.472021 1.037354 2.761828
v 0.544023 0.998950 2.727671
v 0.561604 1.048041 2.644413
v 0.001862 1.110486 2.767487
v 0.000377 1.293563 1.222147
v 0.001192 1.206075 2.080084
v 0.545446 0.626724 2.731513
v 0.537735 0.951684 2.753220
v 0.464736 0.955261 2.784762
v 0.544023 0.998950 2.727671
v 0.472021 1.037354 2.761828
v 0.489467 1.082795 2.661912
v 0.001954 1.045300 2.861520
v 0.473808 0.627538 2.763222
v 0.001954 1.045300 2.861520
v 0.001982 0.981193 2.890654
v 0.121063 1.560974 0.682601
v 0.152600 1.469353 0.691158
v 0.121063 1.456256 0.682601
v -0.111009 1.456256 0.619638
v 0.152600 1.547877 0.691158
v -0.544379 1.164402 1.994531
v -0.578092 1.269080 1.124586
v 0.001949 0.629937 2.856904
v -0.470091 0.627538 2.764134
v 0.001862 1.110486 2.767487
v -0.485948 1.082795 2.662855
v -0.111009 1.560974 0.619638
v -0.142546 1.469353 0.611081
v -0.142546 1.547877 0.611081
v -0.460977 0.955261 2.785657
v -0.468307 1.037354 2.762737
v -0.534038 0.951684 2.754255
v -0.541791 0.626724 2.732564
v -0.540376 0.998950 2.728719
v -0.468307 1.037354 2.762737
v -0.558119 1.048041 2.645496
v -0.874562 0.931720 2.743298
v -0.534038 0.951684 2.754255
v -0.876711 0.626487 2.723683
v -0.485948 1.082795 2.662855
v -0.627110 1.130620 1.985667
v -0.540376 0.998950 2.728719
v -0.558119 1.048041 2.645496
v -0.657231 1.261930 1.085399
v -0.876521 0.994648 2.717400
v -0.951600 0.928631 2.733078
v -0.540376 0.998950 2.728719
v -0.953933 0.990589 2.716888
v -0.540376 0.998950 2.728719
v -0.881528 1.064746 2.657771
v -0.876521 0.994648 2.717400
v -0.953446 0.626235 2.713983
v -0.558119 1.048041 2.645496
v -0.627110 1.130620 1.985667
v -0.881528 1.064746 2.657771
v -0.558119 1.048041 2.645496
v -0.927003 1.125209 1.985958
v -0.657231 1.261930 1.085399
v -0.909057 1.221542 0.960797
v -1.014446 0.625208 2.674117
v -1.009637 0.931085 2.692517
v -1.086450 1.126116 0.647097
v -1.150371 1.207670 0.621141
v -1.059972 1.208471 0.658874
v -1.150371 1.094236 0.621141
v -1.086450 1.288636 0.647097
v -1.214291 1.127320 0.595704
v -1.150371 1.322589 0.621141
v -1.240768 1.208957 0.585167
v -1.214291 1.289840 0.595704
v 0.981040 0.874465 -0.643568
v 1.035548 1.108138 -0.639897
v 1.094826 0.874581 -0.643676
v 1.035548 1.108138 -0.639897
v 0.981040 0.874465 -0.643568
v 1.094826 0.874581 -0.643676
v 0.981040 0.874465 -0.643568
v 1.090185 0.700294 -0.603632
v 1.094826 0.874581 -0.643676
v 0.981040 0.874465 -0.643568
v 1.094826 0.874581 -0.643676
v 1.090185 0.700294 -0.603632
v 1.052383 0.504876 -0.563553
v 0.961450 0.700034 -0.603507
v 1.090185 0.700294 -0.603632
v 0.982493 0.838828 0.860093
v 1.028151 1.098229 0.832253
v 1.087646 0.838953 0.859991
v 0.982493 0.838828 0.860093
v 1.083045 0.650892 0.853721
v 1.087646 0.838953 0.859991
v 0.978248 0.650632 0.853821
v 1.045539 0.457047 0.847481
v 1.083045 0.650892 0.853721
v 0.942987 0.504746 -0.563449
v 0.942987 0.504746 -0.563449
v 1.045539 0.457047 0.847481
v 1.052383 0.504876 -0.563553
v 1.052383 0.504876 -0.563553
v 0.942987 0.504746 -0.563449
v 1.052383 0.504876 -0.563553
v 1.045539 0.457047 0.847481
v 0.982493 0.838828 0.860093
v 1.083045 0.650892 0.853721
v 1.045539 0.457047 0.847481
v 0.932811 1.108138 -0.639799
v 0.982493 0.838828 0.860093
v 1.087646 0.838953 0.859991
v 1.028151 1.098229 0.832253
v 0.984126 1.098230 0.832295
v 0.987740 1.156709 0.826706
v 1.028151 1.098229 0.832253
v 0.936453 1.156570 0.826755
v 0.731960 1.744412 0.403841
v 0.987740 1.156709 0.826706
v 0.936453 1.156570 0.826755
v 1.028151 1.098229 0.832253
v 0.987740 1.156709 0.826706
v 0.872660 1.170064 0.684786
v 0.936453 1.156570 0.826755
v 0.984126 1.098230 0.832295
v 0.982493 0.838828 0.860093
v 0.984126 1.098230 0.832295
v 0.978248 0.650632 0.853821
v 1.087646 0.838953 0.859991
v 0.944351 0.456916 0.847578
v 0.943640 0.581832 1.309902
v 0.982493 0.838828 0.860093
v 0.961450 0.700034 -0.603507
v 0.978248 0.650632 0.853821
v 0.982493 0.838828 0.860093
v 0.932811 1.108138 -0.639799
v 0.981040 0.874465 -0.643568
v 0.946228 1.165589 0.299807
v 0.932811 1.108138 -0.639799
v 0.944351 0.456916 0.847578
v 0.961450 0.700034 -0.603507
v 0.942987 0.504746 -0.563449
v 0.732734 1.770571 -0.510733
v 0.682242 1.770440 -0.510686
v 0.958791 1.222647 -0.602715
v 0.944405 1.196395 -0.502583
v 0.944351 0.456916 0.847578
v 0.944351 0.456916 0.847578
v 0.928179 0.357588 1.150076
v 0.944351 0.456916 0.847578
v 0.942987 0.504746 -0.563449
v 0.898733 0.422275 -0.782823
v 0.942987 0.504746 -0.563449
v 0.981040 0.874465 -0.643568
v 0.944351 0.456916 0.847578
v 0.943192 1.162900 0.375153
v 0.942304 1.154910 0.660104
v 0.161524 0.581832 1.310657
v 0.849806 0.857543 0.634994
v 0.943640 0.581832 1.309902
v 0.872660 1.170064 0.684786
v 0.194162 1.174042 0.859222
v 0.936453 1.156570 0.826755
v 0.936453 1.156570 0.826755
v 0.681468 1.744281 0.403889
v 0.936453 1.156570 0.826755
v 0.194162 1.174042 0.859222
v 0.902243 1.219954 0.939583
v 0.936453 1.156570 0.826755
v 0.936453 1.156570 0.826755
v 1.035548 1.108138 -0.639897
v 0.958791 1.222647 -0.602715
v 0.932811 1.108138 -0.639799
v 0.932811 1.108138 -0.639799
v 0.179003 0.357588 1.150800
v 0.943640 0.581832 1.309902
v 0.928179 0.357588 1.150076
v -0.908174 0.699899 -1.858270
v 0.847154 0.636153 -0.811634
v 0.902956 0.699899 -1.860020
v 0.830748 0.768104 -2.877786
v 0.882622 1.350038 -2.045545
v 0.830748 0.768104 -2.877786
v 0.902956 0.699899 -1.860020
v 0.672774 1.241304 1.059344
v 0.832511 1.316791 -0.746645
v -0.001553 0.422275 -0.781953
v 0.898733 0.422275 -0.782823
v -0.001553 0.422275 -0.781953
v 0.153136 0.395536 -0.005462
v 0.898733 0.422275 -0.782823
v 0.153136 0.395536 -0.005462
v 0.928179 0.357588 1.150076
v 0.898733 0.422275 -0.782823
v 0.932811 1.108138 -0.639799
v 0.873957 0.567940 0.083333
v 0.535020 0.400173 0.144240
v 0.898246 0.401488 0.105689
v 0.883535 1.365178 -1.101123
v 0.849806 0.857543 0.634994
v 0.223810 1.185533 0.697073
v 0.872660 1.170064 0.684786
v 0.868135 1.377036 -2.867055
v -0.859510 0.754541 -2.875611
v 0.868136 0.754541 -2.867056
v 0.867630 0.944747 -3.028615
v 0.868136 0.754541 -2.867056
v 0.867721 0.766499 -3.046857
v 0.867406 1.190688 -2.984129
v 0.868136 0.754541 -2.867056
v 0.867630 0.944747 -3.028615
v 0.867005 1.372553 -2.904500
v 0.867182 1.311335 -2.939697
v 0.868135 1.377036 -2.867055
v 0.534381 0.422941 -0.517073
v 0.831797 1.324044 -0.551106
v 0.863934 0.421831 -0.485142
v 0.831797 1.324044 -0.551106
v 0.861991 0.594592 -0.334494
v 0.863934 0.421831 -0.485142
v 0.861991 0.594592 -0.334494
v 0.898246 0.401488 0.105689
v 0.863934 0.421831 -0.485142
v 0.859868 1.372543 -2.877814
v 0.794314 1.309981 -0.391431
v 0.534463 1.316514 -0.432378
v 0.861991 0.594592 -0.334494
v 0.794314 1.309981 -0.391431
v 0.873957 0.567940 0.083333
v -0.866621 0.780061 -3.055951
v 0.830748 0.768104 -2.877786
v 0.859118 0.780061 -3.057619
v 0.216358 0.857543 0.635606
v 0.849806 0.857543 0.634994
v 0.943640 0.581832 1.309902
v 0.185917 0.836176 0.690155
v 0.216358 0.857543 0.635606
v 0.849806 0.857543 0.634994
v -0.850318 0.636153 -0.809994
v -0.850318 0.636153 -0.809994
v 0.799190 1.319110 -0.811588
v 0.847154 0.636153 -0.811634
v 0.847154 0.636153 -0.811634
v 0.799190 1.319110 -0.811588
v -0.837904 0.768104 -2.876174
v -0.001518 1.316791 -0.745839
v 0.832511 1.316791 -0.746645
v -0.802353 1.319110 -0.810040
v 0.731824 0.986639 0.452053
v 0.667834 0.890724 0.400076
v 0.753266 0.995864 0.425270
v 0.683297 0.891370 0.368705
v 0.732081 1.015206 0.403491
v 0.753266 0.995864 0.425270
v 0.753329 1.120590 0.490664
v 0.731824 0.986639 0.452053
v 0.753266 0.995864 0.425270
v 0.753266 0.995864 0.425270
v 0.732139 1.131578 0.463581
v 0.753329 1.120590 0.490664
v 0.732424 1.098977 0.512141
v 0.683470 1.244023 0.547349
v 0.732424 1.098977 0.512141
v 0.753329 1.120590 0.490664
v 0.695743 1.092390 0.476920
v 0.695706 1.020995 0.438730
v 0.732424 1.098977 0.512141
v 0.641305 1.201171 0.527678
v 0.695743 1.092390 0.476920
v 0.732424 1.098977 0.512141
v 0.695743 1.092390 0.476920
v 0.289045 1.092390 0.477313
v 0.732424 1.098977 0.512141
v 0.732081 1.015206 0.403491
v 0.667946 1.244989 0.515682
v 0.753329 1.120590 0.490664
v 0.732139 1.131578 0.463581
v 0.695743 1.092390 0.476920
v 0.732139 1.131578 0.463581
v 0.682242 1.770440 -0.510686
v 0.732734 1.770571 -0.510733
v 0.731960 1.744412 0.403841
v 0.695706 1.020995 0.438730
v 0.641192 0.914490 0.411099
v 0.731824 0.986639 0.452053
v 0.252915 0.986639 0.452516
v 0.695706 1.020995 0.438730
v 0.731824 0.986639 0.452053
v 0.289008 1.020995 0.439123
v 0.289006 1.069730 0.436910
v 0.732081 1.015206 0.403491
v 0.667787 0.918519 0.351514
v 0.695706 1.020995 0.438730
v 0.695703 1.069730 0.436517
v 0.732081 1.015206 0.403491
v 0.695706 1.020995 0.438730
v 0.695703 1.069730 0.436517
v 0.732139 1.131578 0.463581
v 0.695743 1.092390 0.476920
v 0.695743 1.092390 0.476920
v 0.695703 1.069730 0.436517
v 0.641305 1.201171 0.527678
v 0.667834 0.890724 0.400076
v 0.562171 0.832015 0.336125
v 0.683297 0.891370 0.368705
v 0.562171 0.832015 0.336125
v 0.667787 0.918519 0.351514
v 0.683297 0.891370 0.368705
v 0.683297 0.891370 0.368705
v 0.667993 1.211688 0.564243
v 0.683470 1.244023 0.547349
v 0.562407 1.315271 0.580178
v 0.667993 1.211688 0.564243
v 0.683470 1.244023 0.547349
v 0.681468 1.744281 0.403889
v 0.194162 1.174042 0.859222
v 0.000309 1.259419 1.149387
v 0.672774 1.241304 1.059344
v 0.582316 0.959720 0.608618
v 0.509292 0.869011 1.248379
v 0.669873 0.773834 1.248224
v 0.641192 0.914490 0.411099
v 0.556533 0.836183 0.370138
v 0.667834 0.890724 0.400076
v 0.667787 0.918519 0.351514
v 0.667993 1.211688 0.564243
v 0.556750 1.277166 0.594395
v 0.641305 1.201171 0.527678
v 0.667993 1.211688 0.564243
v 0.556703 1.310468 0.545833
v 0.683470 1.244023 0.547349
v 0.667946 1.244989 0.515682
v 0.641192 0.914490 0.411099
v 0.546954 1.256706 0.553252
v 0.667946 1.244989 0.515682
v 0.641305 1.201171 0.527678
v 0.547943 0.822933 0.608651
v 0.608536 0.533403 1.248283
v 0.410048 0.533403 1.248475
v 0.492325 1.040362 0.608704
v 0.547943 0.822933 0.608651
v 0.402335 0.959720 0.608791
v 0.582316 0.959720 0.608618
v 0.556533 0.836183 0.370138
v 0.422343 0.832015 0.336260
v 0.562171 0.832015 0.336125
v 0.556533 0.836183 0.370138
v 0.562407 1.315271 0.580178
v 0.422579 1.315271 0.580313
v 0.556750 1.277166 0.594395
v 0.562407 1.315271 0.580178
v 0.546770 0.881200 0.363049
v 0.428047 0.836183 0.370263
v 0.546770 0.881200 0.363049
v 0.556486 0.863978 0.321576
v 0.546770 0.881200 0.363049
v 0.667787 0.918519 0.351514
v 0.556486 0.863978 0.321576
v 0.546954 1.256706 0.553252
v 0.428264 1.277166 0.594519
v 0.546954 1.256706 0.553252
v 0.556750 1.277166 0.594395
v 0.556703 1.310468 0.545833
v 0.428217 1.310468 0.545957
v 0.562407 1.315271 0.580178
v 0.556703 1.310468 0.545833
v 0.436708 0.822933 0.608758
v 0.641192 0.914490 0.411099
v 0.437980 1.256706 0.553357
v 0.556703 1.310468 0.545833
v 0.546954 1.256706 0.553252
v 0.534998 0.522981 0.121458
v 0.534998 0.522981 0.121458
v -0.000880 0.399721 0.157874
v 0.535020 0.400173 0.144240
v 0.534317 1.328099 -0.583068
v 0.534524 0.569364 -0.369112
v -0.000902 0.566173 0.135495
v 0.534998 0.522981 0.121458
v 0.873957 0.567940 0.083333
v 0.861991 0.594592 -0.334494
v 0.534998 0.522981 0.121458
v 0.534524 0.569364 -0.369112
v 0.534524 0.569364 -0.369112
v -0.001400 0.596188 -0.380020
v 0.534317 1.328099 -0.583068
v -0.001455 1.323018 -0.437022
v 0.534463 1.316514 -0.432378
v -0.001455 1.323018 -0.437022
v 0.794314 1.309981 -0.391431
v 0.831797 1.324044 -0.551106
v 0.534463 1.316514 -0.432378
v -0.001609 1.337081 -0.596661
v 0.534317 1.328099 -0.583068
v 0.460251 0.795467 0.821638
v 0.524816 1.026517 0.474175
v 0.525151 0.795239 0.821446
v 0.492944 0.847511 0.850915
v 0.492605 1.075767 0.500550
v 0.459915 1.026734 0.474354
v 0.402335 0.959720 0.608791
v 0.582316 0.959720 0.608618
v 0.402335 0.959720 0.608791
v 0.492325 1.040362 0.608704
v 0.546770 0.881200 0.363049
v 0.556486 0.863978 0.321576
v 0.437796 0.881200 0.363154
v 0.343581 1.201171 0.527965
v 0.316916 1.244989 0.516021
v 0.437980 1.256706 0.553357
v 0.436708 0.822933 0.608758
v 0.437796 0.881200 0.363154
v 0.343446 0.927459 0.388728
v 0.428047 0.836183 0.370263
v 0.437796 0.881200 0.363154
v 0.556486 0.863978 0.321576
v 0.562171 0.832015 0.336125
v 0.428000 0.863978 0.321701
v 0.428000 0.863978 0.321701
v 0.437980 1.256706 0.553357
v 0.343581 1.201171 0.527965
v 0.437980 1.256706 0.553357
v 0.428264 1.277166 0.594519
v 0.428217 1.310468 0.545957
v 0.316916 1.244989 0.516021
v 0.301454 1.244013 0.547733
v 0.428217 1.310468 0.545957
v 0.428217 1.310468 0.545957
v 0.316804 0.890724 0.400415
v 0.422343 0.832015 0.336260
v 0.428047 0.836183 0.370263
v 0.422343 0.832015 0.336260
v 0.422579 1.315271 0.580313
v 0.316963 1.211688 0.564582
v 0.428264 1.277166 0.594519
v 0.422579 1.315271 0.580313
v 0.422579 1.315271 0.580313
v 0.348711 0.773835 1.248535
v 0.437796 0.881200 0.363154
v 0.428000 0.863978 0.321701
v 0.343446 0.927459 0.388728
v 0.289045 1.092390 0.477313
v 0.316916 1.244989 0.516021
v 0.343581 1.201171 0.527965
v 0.343446 0.927459 0.388728
v 0.252915 0.986639 0.452516
v 0.316804 0.890724 0.400415
v 0.316804 0.890724 0.400415
v 0.428000 0.863978 0.321701
v 0.422343 0.832015 0.336260
v 0.316757 0.918519 0.351853
v 0.316757 0.918519 0.351853
v 0.316963 1.211688 0.564582
v 0.252431 1.098977 0.512605
v 0.343581 1.201171 0.527965
v 0.316963 1.211688 0.564582
v 0.252623 1.131578 0.464044
v 0.231485 1.120590 0.491169
v 0.316916 1.244989 0.516021
v 0.231422 0.995864 0.425775
v 0.301281 0.891370 0.369074
v 0.301281 0.891370 0.369074
v 0.301281 0.891370 0.369074
v 0.301454 1.244013 0.547733
v 0.316963 1.211688 0.564582
v 0.301454 1.244013 0.547733
v 0.301454 1.244013 0.547733
v 0.343446 0.927459 0.388728
v 0.316757 0.918519 0.351853
v 0.289008 1.020995 0.439123
v 0.289006 1.069730 0.436910
v 0.289045 1.092390 0.477313
v 0.289008 1.020995 0.439123
v 0.289008 1.020995 0.439123
v 0.289008 1.020995 0.439123
v 0.252565 1.015206 0.403954
v 0.289006 1.069730 0.436910
v 0.252623 1.131578 0.464044
v 0.289045 1.092390 0.477313
v 0.289045 1.092390 0.477313
v 0.252431 1.098977 0.512605
v 0.252915 0.986639 0.452516
v 0.289008 1.020995 0.439123
v 0.231422 0.995864 0.425775
v 0.252623 1.131578 0.464044
v 0.252565 1.015206 0.403954
v 0.252565 1.015206 0.403954
v 0.316757 0.918519 0.351853
v 0.301281 0.891370 0.369074
v 0.252565 1.015206 0.403954
v 0.252623 1.131578 0.464044
v 0.252431 1.098977 0.512605
v 0.289045 1.092390 0.477313
v 0.231485 1.120590 0.491169
v 0.231422 0.995864 0.425775
v 0.252915 0.986639 0.452516
v 0.231422 0.995864 0.425775
v 0.231485 1.120590 0.491169
v 0.252431 1.098977 0.512605
v 0.231485 1.120590 0.491169
v 0.216358 0.857543 0.635606
v 0.188470 1.074627 0.716786
v 0.223810 1.185533 0.697073
v 0.223810 1.185533 0.697073
v -0.227162 1.174042 0.859629
v -0.221746 1.074627 0.717183
v 0.188470 1.074627 0.716786
v 0.194162 1.174042 0.859222
v 0.223810 1.185533 0.697073
v 0.188470 1.074627 0.716786
v -0.219244 0.836176 0.690546
v 0.188470 1.074627 0.716786
v 0.185917 0.836176 0.690155
v 0.185917 0.836176 0.690155
v 0.150985 0.606112 0.593240
v 0.161524 0.581832 1.310657
v 0.179003 0.357588 1.150800
v 0.109195 0.506183 0.716620
v 0.179003 0.357588 1.150800
v 0.161524 0.581832 1.310657
v 0.155453 0.909983 0.631330
v -0.160601 0.581832 1.310969
v 0.161524 0.581832 1.310657
v 0.185917 0.836176 0.690155
v 0.155453 0.909983 0.631330
v -0.155828 0.909983 0.631631
v 0.150985 0.606112 0.593240
v -0.151433 0.606112 0.593533
v 0.155453 0.909983 0.631330
v 0.115697 0.451704 0.064571
v 0.179003 0.357588 1.150800
v 0.153136 0.395536 -0.005462
v 0.109195 0.506183 0.716620
v -0.117167 0.451704 0.064796
v 0.109195 0.506183 0.716620
v -0.109405 0.511094 0.716831
v 0.150985 0.606112 0.593240
v 0.109195 0.506183 0.716620
v 0.021724 1.345613 0.683660
v 0.073393 1.255929 0.743591
v 0.098435 1.310009 0.683586
v -0.003318 1.291533 0.743666
v 0.048084 1.201524 0.683996
v 0.073393 1.255929 0.743591
v -0.003586 1.291206 0.624065
v 0.098435 1.310009 0.683586
v 0.073125 1.255603 0.623991
v 0.098435 1.310009 0.683586
v 0.073393 1.255929 0.743591
v 0.073125 1.255603 0.623991
v 0.048084 1.201524 0.683996
v -0.028627 1.237127 0.684070
v 0.073125 1.255603 0.623991
v 0.048084 1.201524 0.683996
v -0.003318 1.291533 0.743666
v -0.000284 1.303292 0.608111
v -0.033664 1.251051 0.710389
v 0.002887 1.224577 0.638868
v -0.076482 1.287317 0.575082
v -0.000284 1.303292 0.608111
v 0.002887 1.224577 0.638868
v -0.154743 0.395536 -0.005164
v -0.113033 1.313791 0.646605
v -0.037678 1.325292 0.678692
v -0.000284 1.303292 0.608111
v -0.537508 1.328099 -0.582032
v -0.001609 1.337081 -0.596661
v -0.001546 0.423427 -0.530666
v -0.001546 0.423427 -0.530666
v -0.001400 0.596188 -0.380020
v -0.536828 0.522981 0.122494
v -0.000902 0.566173 0.135495
v -0.000902 0.566173 0.135495
v -0.536828 0.522981 0.122494
v -0.000880 0.399721 0.157874
v -0.000902 0.566173 0.135495
v -0.001400 0.596188 -0.380020
v -0.001455 1.323018 -0.437022
v -0.537363 1.316514 -0.431342
v -0.001400 0.596188 -0.380020
v -0.001609 1.337081 -0.596661
v -0.537508 1.328099 -0.582032
v -0.001455 1.323018 -0.437022
v -0.001609 1.337081 -0.596661
v -0.028627 1.237127 0.684070
v 0.021724 1.345613 0.683660
v -0.028627 1.237127 0.684070
v 0.021724 1.345613 0.683660
v -0.003586 1.291206 0.624065
v -0.003318 1.291533 0.743666
v -0.003586 1.291206 0.624065
v -0.109862 1.235076 0.677361
v 0.002887 1.224577 0.638868
v -0.033664 1.251051 0.710389
v -0.037678 1.325292 0.678692
v -0.113033 1.313791 0.646605
v -0.033664 1.251051 0.710389
v -0.037678 1.325292 0.678692
v -0.073311 1.208602 0.605839
v -0.076482 1.287317 0.575082
v -0.178381 0.357588 1.151145
v -0.151433 0.606112 0.593533
v -0.109405 0.511094 0.716831
v -0.073311 1.208602 0.605839
v -0.076482 1.287317 0.575082
v -0.073311 1.208602 0.605839
v -0.109862 1.235076 0.677361
v -0.109862 1.235076 0.677361
v -0.113033 1.313791 0.646605
v -0.109405 0.511094 0.716831
v -0.151433 0.606112 0.593533
v -0.178381 0.357588 1.151145
v -0.117167 0.451704 0.064796
v -0.154743 0.395536 -0.005164
v -0.155828 0.909983 0.631631
v -0.160601 0.581832 1.310969
v -0.155828 0.909983 0.631631
v -0.942716 0.581832 1.311725
v -0.219244 0.836176 0.690546
v -0.160601 0.581832 1.310969
v -0.178381 0.357588 1.151145
v -0.942716 0.581832 1.311725
v -0.160601 0.581832 1.310969
v -0.154743 0.395536 -0.005164
v -0.927559 0.357588 1.151869
v -0.178381 0.357588 1.151145
v -0.109405 0.511094 0.716831
v -0.221746 1.074627 0.717183
v -0.221746 1.074627 0.717183
v -0.914065 1.073716 0.706955
v -0.227162 1.174042 0.859629
v -0.536806 0.400173 0.145276
v -0.536828 0.522981 0.122494
v -0.875860 0.567940 0.085024
v -0.536806 0.400173 0.145276
v -0.537445 0.422941 -0.516037
v -0.537302 0.569364 -0.368076
v -0.864702 0.594592 -0.332826
v -0.875860 0.567940 0.085024
v -0.536828 0.522981 0.122494
v -0.537302 0.569364 -0.368076
v -0.864702 0.594592 -0.332826
v -0.537302 0.569364 -0.368076
v -0.834926 1.324044 -0.549495
v -0.797135 1.309981 -0.389893
v -0.537363 1.316514 -0.431342
v -0.797135 1.309981 -0.389893
v -0.537363 1.316514 -0.431342
v -0.537508 1.328099 -0.582032
v -0.672326 1.241304 1.060644
v -0.735315 1.770571 -0.509315
v -0.961550 1.222647 -0.600859
v -0.684823 1.770440 -0.509364
v -0.682281 1.744281 0.405207
v -0.936448 1.156570 0.828565
v -0.732773 1.744412 0.405256
v -0.684823 1.770440 -0.509364
v -0.682281 1.744281 0.405207
v -0.732773 1.744412 0.405256
v -0.735315 1.770571 -0.509315
v -0.834926 1.324044 -0.549495
v -0.935642 1.108138 -0.637993
v -0.901840 0.422275 -0.781083
v -0.835548 1.316791 -0.745033
v -0.001553 0.422275 -0.781953
v -0.001518 1.316791 -0.745839
v -0.835548 1.316791 -0.745033
v -0.863266 1.374789 -2.875878
v -0.888182 1.350038 -2.043834
v -0.837904 0.768104 -2.876174
v -0.887270 1.365178 -1.099412
v -0.802353 1.319110 -0.810040
v -0.850318 0.636153 -0.809994
v -0.908174 0.699899 -1.858270
v -0.853797 0.766499 -3.053694
v -0.859510 0.754541 -2.875611
v -0.858089 0.944747 -3.037172
v -0.858089 0.944747 -3.037172
v -0.859510 0.754541 -2.875611
v -0.858313 1.190688 -2.992686
v -0.863266 1.374789 -2.875878
v -0.862527 1.309106 -2.948495
v -0.862599 1.370307 -2.913325
v -0.863266 1.374789 -2.875878
v -0.837904 0.768104 -2.876174
v -0.900105 0.401488 0.107427
v -0.875860 0.567940 0.085024
v -0.864702 0.594592 -0.332826
v -0.797135 1.309981 -0.389893
v -0.834926 1.324044 -0.549495
v -0.864702 0.594592 -0.332826
v -0.866935 0.421831 -0.483469
v -0.866935 0.421831 -0.483469
v -0.866935 0.421831 -0.483469
v -0.900105 0.401488 0.107427
v -0.901840 0.422275 -0.781083
v -0.901840 0.422275 -0.781083
v -0.901840 0.422275 -0.781083
v -0.672326 1.241304 1.060644
v -0.902021 1.219954 0.941326
v -0.221746 1.074627 0.717183
v -0.219244 0.836176 0.690546
v -0.911559 0.836176 0.691215
v -0.942716 0.581832 1.311725
v -0.982424 0.838828 0.861992
v -0.911559 0.836176 0.691215
v -0.914065 1.073716 0.706955
v -0.944306 0.456916 0.849403
v -0.927559 0.357588 1.151869
v -0.927559 0.357588 1.151869
v -0.983877 0.874465 -0.641670
v -0.935642 1.108138 -0.637993
v -0.961550 1.222647 -0.600859
v -1.038379 1.108138 -0.637893
v -0.935642 1.108138 -0.637993
v -0.982424 0.838828 0.861992
v -0.942621 1.154910 0.661925
v -0.936448 1.156570 0.828565
v -0.936448 1.156570 0.828565
v -0.984111 1.098230 0.834197
v -0.987735 1.156709 0.828615
v -0.936448 1.156570 0.828565
v -1.028136 1.098229 0.834240
v -0.982424 0.838828 0.861992
v -0.936448 1.156570 0.828565
v -0.911559 0.836176 0.691215
v -0.947243 1.165589 0.301637
v -0.944061 1.162900 0.376977
v -0.942716 0.581832 1.311725
v -1.045494 0.457047 0.849502
v -0.982424 0.838828 0.861992
v -0.944306 0.456916 0.849403
v -0.945670 0.504746 -0.561623
v -0.983877 0.874465 -0.641670
v -1.055066 0.504876 -0.561517
v -0.945670 0.504746 -0.561623
v -0.935642 1.108138 -0.637993
v -0.946970 1.196395 -0.500755
v -0.978191 0.650632 0.855712
v -0.945670 0.504746 -0.561623
v -0.964211 0.700034 -0.601646
v -1.092945 0.700294 -0.601522
v -0.983877 0.874465 -0.641670
v -0.964211 0.700034 -0.601646
v -0.944306 0.456916 0.849403
v -0.982424 0.838828 0.861992
v -0.984111 1.098230 0.834197
v -0.983877 0.874465 -0.641670
v -0.914065 1.073716 0.706955
v -0.936448 1.156570 0.828565
v -1.028136 1.098229 0.834240
v -0.936448 1.156570 0.828565
v -0.987735 1.156709 0.828615
v -0.987735 1.156709 0.828615
v -0.982424 0.838828 0.861992
v -1.028136 1.098229 0.834240
v -1.087577 0.838953 0.862093
v -0.983877 0.874465 -0.641670
v -0.935642 1.108138 -0.637993
v -1.038379 1.108138 -0.637893
v -0.935642 1.108138 -0.637993
v -0.983877 0.874465 -0.641670
v -1.038379 1.108138 -0.637893
v -0.944306 0.456916 0.849403
v -0.945670 0.504746 -0.561623
v -1.045494 0.457047 0.849502
v -1.082988 0.650892 0.855814
v -0.944306 0.456916 0.849403
v -0.978191 0.650632 0.855712
v -1.045494 0.457047 0.849502
v -0.945670 0.504746 -0.561623
v -0.944306 0.456916 0.849403
v -1.045494 0.457047 0.849502
v -1.092945 0.700294 -0.601522
v -1.055066 0.504876 -0.561517
v -0.964211 0.700034 -0.601646
v -0.945670 0.504746 -0.561623
v -1.055066 0.504876 -0.561517
v -1.055066 0.504876 -0.561517
v -1.087577 0.838953 0.862093
v -1.082988 0.650892 0.855814
v -0.978191 0.650632 0.855712
v -0.982424 0.838828 0.861992
v -1.082988 0.650892 0.855814
v -1.087577 0.838953 0.862093
v -1.087577 0.838953 0.862093
v -1.092945 0.700294 -0.601522
v -1.097663 0.874581 -0.641558
v -1.097663 0.874581 -0.641558
v -1.097663 0.874581 -0.641558
v -1.097663 0.874581 -0.641558
v 1.163849 0.925958 -1.989496
v 1.174180 1.145639 -1.834529
v 1.181643 1.081198 -1.803227
v 1.159225 1.120520 -1.305066
v 1.167652 1.069632 -1.337698
v 1.181643 1.081198 -1.803227
v 1.174180 1.145639 -1.834529
v 1.154022 0.947566 -2.050784
v 1.141139 0.869077 -1.195252
v 1.130428 0.894125 -1.127574
v 1.087934 0.523743 -1.111574
v 1.141139 0.869077 -1.195252
v 1.121354 0.935099 1.489542
v 1.127760 0.844773 1.997147
v 1.126687 0.854612 1.512993
v 1.126687 0.854612 1.512993
v 1.113818 0.690068 1.285217
v 1.121354 0.935099 1.489542
v 1.078021 0.444534 1.255468
v 1.113818 0.690068 1.285217
v 1.119607 0.671464 1.352571
v 1.118414 0.929970 2.045420
v 1.113946 0.644732 -2.118074
v 1.111265 0.653014 2.176322
v 1.096873 0.680453 2.262847
v 1.067451 0.449495 2.295047
v 1.111265 0.653014 2.176322
v 1.096873 0.680453 2.262847
v -1.116095 0.929970 2.047580
v -1.108691 0.653014 2.178468
v -1.094129 0.680453 2.264964
v -1.064645 0.449495 2.297107
v -1.094129 0.680453 2.264964
v -1.108691 0.653014 2.178468
v -1.125533 0.844773 1.999325
v -1.118603 0.671464 1.354734
v -1.125379 0.854612 1.515169
v -1.112941 0.690068 1.287369
v -1.169313 0.925958 -1.987241
v -1.159603 0.947566 -2.048548
v -1.119655 0.644732 -2.115915
v -1.120091 0.935099 1.491708
v -1.112941 0.690068 1.287369
v -1.077200 0.444534 1.257551
v -1.118603 0.671464 1.354734
v -1.120091 0.935099 1.491708
v -1.125379 0.854612 1.515169
v -1.163363 1.120520 -1.302821
v -1.145059 0.869077 -1.193043
v -1.134215 0.894125 -1.125386
v -1.145059 0.869077 -1.193043
v -1.091688 0.523743 -1.109468
v -1.134215 0.894125 -1.125386
v -1.171856 1.069632 -1.335437
v -1.169313 0.925958 -1.987241
v -1.179349 1.145639 -1.832254
v -1.159603 0.947566 -2.048548
v -1.186752 1.081198 -1.800938
v -1.186752 1.081198 -1.800938
v 1.175871 1.211202 0.686149
v 1.219554 1.131940 0.619364
v 1.244204 1.208003 0.609500
v 1.213844 1.289840 0.593357
v 1.219554 1.283363 0.619364
v 1.240301 1.208957 0.582770
v 1.160045 1.100666 0.643554
v 1.213844 1.289840 0.593357
v 1.160045 1.314321 0.643554
v 1.219554 1.283363 0.619364
v 1.213844 1.127320 0.593357
v 1.149974 1.094236 0.618918
v 0.983527 1.132370 0.806387
v 1.007801 1.060219 0.806363
v 1.175871 1.211202 0.686149
v 1.100537 1.134000 0.670160
v 1.149974 1.322589 0.618918
v 1.100537 1.285423 0.670160
v 1.075889 1.210732 0.681181
v 1.086103 1.288636 0.644998
v 1.086103 1.126116 0.644998
v 1.059649 1.208471 0.656825
v 0.950679 1.112121 0.735571
v 0.983527 1.132370 0.806387
v 1.007801 1.060219 0.806363
v 0.974953 1.042435 0.735547
v -0.975125 1.042435 0.737432
v -1.176138 1.211202 0.688422
v -0.950851 1.112121 0.737408
v -1.007836 1.060219 0.808311
v -0.983562 1.132370 0.808288
v -1.086450 1.288636 0.647097
v -1.076166 1.210732 0.683260
v -1.059972 1.208471 0.658874
v -1.086450 1.126116 0.647097
v -1.100836 1.134000 0.672287
v -1.100836 1.285423 0.672287
v -1.176138 1.211202 0.688422
v -1.150371 1.094236 0.621141
v -1.150371 1.322589 0.621141
v -1.160394 1.100666 0.645797
v -1.160394 1.314321 0.645797
v -1.214291 1.289840 0.595704
v -1.219950 1.131940 0.621721
v -1.219950 1.283363 0.621721
v -1.007836 1.060219 0.808311
v -0.983562 1.132370 0.808288
v -1.214291 1.127320 0.595704
v -1.244619 1.208003 0.611905
v -1.219950 1.283363 0.621721
v -1.214291 1.289840 0.595704
v -1.240768 1.208957 0.585167
v 1.092875 0.029518 -1.470404
v 1.092737 0.427177 -1.613157
v 1.092996 0.102649 -1.344869
v 1.093086 0.214692 -1.251694
v 0.755463 0.102649 -1.344544
v 0.755341 0.029518 -1.470078
v 0.755553 0.214692 -1.251368
v 1.093134 0.352132 -1.202117
v 0.755601 0.352132 -1.201790
v 1.093134 0.498393 -1.202117
v 0.755601 0.498393 -1.201790
v 1.093086 0.635834 -1.251694
v 0.755553 0.635834 -1.251368
v 1.092996 0.747877 -1.344869
v 0.755463 0.747877 -1.344544
v 1.092875 0.821007 -1.470404
v 0.755204 0.004121 -1.612831
v 1.092737 0.004121 -1.613157
v 1.092599 0.029518 -1.755911
v 1.092737 0.427177 -1.613157
v 1.092737 0.004121 -1.613157
v 0.755204 0.004121 -1.612831
v 0.755066 0.029518 -1.755584
v 1.092478 0.102649 -1.881445
v 0.754945 0.102649 -1.881118
v 0.755341 0.821007 -1.470078
v 1.092737 0.846405 -1.613157
v 1.092737 0.846405 -1.613157
v 1.092599 0.821007 -1.755911
v 1.092478 0.747877 -1.881445
v 0.755065 0.821007 -1.755584
v 0.755203 0.846405 -1.612831
v 0.755203 0.846405 -1.612831
v 1.092386 0.214692 -1.974621
v 0.754854 0.214692 -1.974294
v 1.092338 0.498393 -2.024197
v 1.092340 0.352132 -2.024197
v 0.754806 0.352132 -2.023873
v 0.754806 0.498393 -2.023873
v 1.092386 0.635834 -1.974621
v 0.754945 0.747877 -1.881118
v 0.754854 0.635834 -1.974294
v 1.059400 0.039749 1.900830
v 1.059277 0.394537 1.773467
v 1.059508 0.104995 2.012832
v 1.059588 0.204959 2.095962
v 0.795441 0.104995 2.013086
v 0.795332 0.039749 1.901086
v 0.795521 0.204959 2.096217
v 1.059631 0.327582 2.140194
v 0.795564 0.327582 2.140450
v 1.059631 0.458076 2.140194
v 0.795564 0.458076 2.140450
v 1.059588 0.580699 2.095962
v 0.795521 0.580699 2.096217
v 1.059508 0.680663 2.012832
v 0.795441 0.680663 2.013086
v 1.059400 0.745909 1.900830
v 0.795210 0.017089 1.773722
v 1.059277 0.017089 1.773467
v 1.059154 0.039749 1.646103
v 1.059277 0.394537 1.773467
v 1.059277 0.017089 1.773467
v 0.795210 0.017089 1.773722
v 0.795087 0.039749 1.646358
v 1.059045 0.104995 1.534102
v 0.794978 0.104995 1.534357
v 0.795332 0.745909 1.901086
v 1.059277 0.768569 1.773467
v 1.059277 0.768569 1.773467
v 1.059154 0.745909 1.646103
v 1.059045 0.680663 1.534102
v 0.795086 0.745909 1.646359
v 0.795209 0.768569 1.773722
v 0.795209 0.768569 1.773722
v 1.058964 0.204959 1.450971
v 0.794897 0.204959 1.451226
v 1.058921 0.458076 1.406739
v 1.058922 0.327583 1.406739
v 0.794854 0.327583 1.406994
v 0.794854 0.458076 1.406994
v 1.058964 0.580699 1.450971
v 0.794978 0.680663 1.534357
v 0.794897 0.580699 1.451226
v 0.795209 0.768569 1.773722
v 0.795087 0.039749 1.646358
v 0.795210 0.017089 1.773722
v 0.795332 0.039749 1.901086
v 0.795209 0.768569 1.773722
v 0.795210 0.017089 1.773722
v 0.794978 0.104995 1.534357
v 0.794897 0.204959 1.451226
v 0.795521 0.204959 2.096217
v 0.795441 0.104995 2.013086
v 0.795564 0.327582 2.140450
v 0.795564 0.458076 2.140450
v 0.795521 0.580699 2.096217
v 0.795441 0.680663 2.013086
v 0.795332 0.745909 1.901086
v 0.794897 0.580699 1.451226
v 0.794978 0.680663 1.534357
v 0.794854 0.327583 1.406994
v 0.794854 0.458076 1.406994
v 0.795086 0.745909 1.646359
v 0.755553 0.214692 -1.251368
v 0.755203 0.846405 -1.612831
v 0.755463 0.102649 -1.344544
v 0.755601 0.352132 -1.201790
v 0.755601 0.498393 -1.201790
v 0.755553 0.635834 -1.251368
v 0.755463 0.747877 -1.344544
v 0.755341 0.821007 -1.470078
v 0.755203 0.846405 -1.612831
v 0.755066 0.029518 -1.755584
v 0.755204 0.004121 -1.612831
v 0.755341 0.029518 -1.470078
v 0.755204 0.004121 -1.612831
v 0.754945 0.102649 -1.881118
v 0.754854 0.214692 -1.974294
v 0.754854 0.635834 -1.974294
v 0.754945 0.747877 -1.881118
v 0.754806 0.352132 -2.023873
v 0.754806 0.498393 -2.023873
v 0.755065 0.821007 -1.755584
v 0.152600 1.547877 0.691158
v 0.145888 1.476371 0.701982
v 0.152600 1.469353 0.691158
v 0.145888 1.540859 0.701982
v 0.152600 1.469353 0.691158
v 0.110813 1.465616 0.708919
v 0.121063 1.456256 0.682601
v 0.110813 1.551614 0.708919
v 0.152600 1.547877 0.691158
v 0.121063 1.560974 0.682601
v -0.111009 1.560974 0.619638
v 0.110813 1.551614 0.708919
v 0.145888 1.476371 0.701982
v -0.115467 1.465616 0.647527
v 0.121063 1.456256 0.682601
v 0.110813 1.465616 0.708919
v 0.145888 1.476371 0.701982
v 0.110813 1.465616 0.708919
v 0.110813 1.551614 0.708919
v -0.115467 1.551614 0.647527
v 0.110813 1.465616 0.708919
v 0.145888 1.540859 0.701982
v -0.016555 1.616503 0.739796
v 0.003575 1.496034 0.675796
v 0.013433 1.616503 0.739767
v 0.013433 1.616503 0.739767
v 0.003566 1.500239 0.666288
v 0.013413 1.637962 0.718622
v -0.016575 1.637962 0.718651
v 0.013433 1.616503 0.739767
v 0.013413 1.637962 0.718622
v 0.003575 1.496034 0.675796
v -0.006830 1.500239 0.666298
v 0.013413 1.637962 0.718622
v 0.003566 1.500239 0.666288
v -0.006821 1.496034 0.675806
v -0.016555 1.616503 0.739796
v -0.006830 1.500239 0.666298
v -0.006821 1.496034 0.675806
v -0.016555 1.616503 0.739796
v -0.016575 1.637962 0.718651
v -0.016575 1.637962 0.718651
v -0.115467 1.465616 0.647527
v -0.142546 1.469353 0.611081
v -0.111009 1.456256 0.619638
v -0.111009 1.456256 0.619638
v -0.115467 1.551614 0.647527
v -0.142546 1.547877 0.611081
v -0.115467 1.551614 0.647527
v -0.142225 1.476371 0.623815
v -0.115467 1.465616 0.647527
v -0.142225 1.476371 0.623815
v -0.142225 1.540859 0.623815
v -0.115467 1.465616 0.647527
v -0.142225 1.540859 0.623815
v -0.142546 1.547877 0.611081
v -0.142225 1.476371 0.623815
v -0.142546 1.469353 0.611081
v -0.760175 0.102649 -1.879655
v -0.759914 0.846405 -1.611367
v -0.760052 0.029518 -1.754121
v -0.759517 0.352132 -1.200326
v -0.759565 0.214692 -1.249904
v -0.759517 0.498393 -1.200326
v -0.759565 0.635834 -1.249904
v -0.759656 0.747877 -1.343079
v -0.759776 0.821007 -1.468615
v -0.759914 0.846405 -1.611367
v -0.759777 0.029518 -1.468614
v -0.759915 0.004121 -1.611367
v -0.759915 0.004121 -1.611367
v -0.759656 0.102649 -1.343079
v -0.760265 0.214692 -1.972830
v -0.760312 0.352132 -2.022409
v -0.760312 0.498393 -2.022409
v -0.760265 0.635834 -1.972830
v -0.760175 0.747877 -1.879655
v -0.760052 0.821007 -1.754121
v -0.793607 0.104995 1.535893
v -0.793374 0.768569 1.775257
v -0.793498 0.039749 1.647893
v -0.793020 0.327583 2.141985
v -0.793063 0.204959 2.097752
v -0.793020 0.458076 2.141985
v -0.793063 0.580699 2.097752
v -0.793144 0.680663 2.014621
v -0.793251 0.745909 1.902619
v -0.793374 0.768569 1.775257
v -0.793252 0.039749 1.902620
v -0.793375 0.017089 1.775257
v -0.793375 0.017089 1.775257
v -0.793144 0.104995 2.014621
v -0.793687 0.204959 1.452762
v -0.793730 0.327582 1.408529
v -0.793730 0.458076 1.408529
v -0.793687 0.580699 1.452762
v -0.793607 0.680663 1.535893
v -0.793498 0.745909 1.647893
v -1.057211 0.104995 2.014877
v -0.793063 0.204959 2.097752
v -1.057130 0.204959 2.098008
v -0.793020 0.327583 2.141985
v -1.057088 0.327583 2.142240
v -1.057442 0.394537 1.775512
v -0.793020 0.458076 2.141985
v -1.057087 0.458076 2.142240
v -0.793063 0.580699 2.097752
v -1.057130 0.580699 2.098008
v -0.793144 0.680663 2.014621
v -1.057211 0.680663 2.014877
v -1.057565 0.039749 1.648149
v -0.793375 0.017089 1.775257
v -1.057442 0.017089 1.775512
v -0.793375 0.017089 1.775257
v -0.793252 0.039749 1.902620
v -1.057442 0.017089 1.775512
v -1.057319 0.039749 1.902875
v -1.057674 0.104995 1.536147
v -0.793498 0.039749 1.647893
v -1.057442 0.394537 1.775512
v -0.793144 0.104995 2.014621
v -0.793607 0.104995 1.535893
v -1.057754 0.204959 1.453017
v -0.793687 0.204959 1.452762
v -1.057797 0.327582 1.408785
v -0.793730 0.327582 1.408529
v -1.057797 0.458076 1.408785
v -0.793730 0.458076 1.408529
v -1.057754 0.580699 1.453017
v -0.793687 0.580699 1.452762
v -1.057674 0.680663 1.536147
v -0.793607 0.680663 1.535893
v -1.057565 0.745909 1.648149
v -0.793251 0.745909 1.902619
v -1.057319 0.745909 1.902875
v -1.057442 0.768569 1.775512
v -0.793498 0.745909 1.647893
v -0.793374 0.768569 1.775257
v -1.057442 0.768569 1.775512
v -0.793374 0.768569 1.775257
v -1.097189 0.102649 -1.342753
v -0.759565 0.214692 -1.249904
v -1.097097 0.214692 -1.249577
v -0.759517 0.352132 -1.200326
v -1.097051 0.352132 -1.200000
v -1.097448 0.427177 -1.611041
v -0.759517 0.498393 -1.200326
v -1.097049 0.498393 -1.200000
v -0.759565 0.635834 -1.249904
v -1.097097 0.635834 -1.249577
v -0.759656 0.747877 -1.343079
v -1.097189 0.747877 -1.342753
v -1.097586 0.029518 -1.753795
v -0.759915 0.004121 -1.611367
v -1.097448 0.004121 -1.611041
v -0.759915 0.004121 -1.611367
v -0.759777 0.029518 -1.468614
v -1.097448 0.004121 -1.611041
v -1.097310 0.029518 -1.468288
v -1.097707 0.102649 -1.879330
v -0.760052 0.029518 -1.754121
v -1.097448 0.427177 -1.611041
v -0.759656 0.102649 -1.343079
v -0.760175 0.102649 -1.879655
v -1.097797 0.214692 -1.972505
v -0.760265 0.214692 -1.972830
v -1.097845 0.352132 -2.022082
v -0.760312 0.352132 -2.022409
v -1.097845 0.498393 -2.022082
v -0.760312 0.498393 -2.022409
v -1.097797 0.635834 -1.972505
v -0.760265 0.635834 -1.972830
v -1.097707 0.747877 -1.879330
v -0.760175 0.747877 -1.879655
v -1.097586 0.821007 -1.753795
v -0.759776 0.821007 -1.468615
v -1.097310 0.821007 -1.468288
v -1.097448 0.846405 -1.611041
v -0.760052 0.821007 -1.754121
v -0.759914 0.846405 -1.611367
v -1.097448 0.846405 -1.611041
v -0.759914 0.846405 -1.611367
v 0.752267 1.715955 -0.438433
v 0.737107 1.692832 0.377000
v 0.968945 1.196395 -0.502607
v 0.967110 1.154910 0.660080
v 0.525127 1.735824 0.596460
v 0.902243 1.219954 0.939583
v 0.691156 1.723167 0.485392
v 0.000309 1.259419 1.149387
v 0.672774 1.241304 1.059344
v -0.000144 1.735971 0.676936
v -0.525569 1.735824 0.597475
v -0.902021 1.219954 0.941326
v -0.672326 1.241304 1.060644
v -0.691812 1.723167 0.486729
v -0.754708 1.715955 -0.436977
v -0.971510 1.196395 -0.500731
v -0.737972 1.692832 0.378425
v -0.967428 1.154910 0.661949
vt 0.489904 0.963352
vt 0.490040 0.963352
vt 0.489864 0.963267
vt 0.490074 0.963263
vt 0.489843 0.963094
vt 0.490097 0.963054
vt 0.116279 0.878188
vt 0.118598 0.848390
vt 0.111157 0.848390
vt 0.122295 0.775126
vt 0.123622 0.878188
vt 0.500000 0.878188
vt 0.135444 0.748958
vt 0.027687 0.836581
vt 0.019306 0.919670
vt 0.018472 0.836581
vt 0.048548 0.750231
vt 0.057187 0.750231
vt 0.028399 0.883876
vt 0.032645 0.975857
vt 0.087154 0.883876
vt 0.130891 0.848390
vt 0.135753 0.878188
vt 0.042910 0.836581
vt 0.071459 0.750231
vt 0.040656 0.975857
vt 0.043422 0.883876
vt 0.079485 0.975857
vt 0.129523 0.775126
vt 0.142420 0.748958
vt 0.141464 0.775126
vt 0.540660 0.957100
vt 0.540685 0.957294
vt 0.500000 0.775126
vt 0.500000 0.848390
vt 0.500000 0.748958
vt 0.153945 0.748958
vt 0.079845 0.975857
vt 0.053673 0.967473
vt 0.928541 0.750231
vt 0.001017 0.417970
vt 0.001178 0.146116
vt 0.051833 0.146116
vt 0.109616 0.146116
vt 0.052199 0.417970
vt 0.541557 0.957252
vt 0.541362 0.958008
vt 0.541660 0.957229
vt 0.490612 0.963952
vt 0.490771 0.963610
vt 0.490735 0.963572
vt 0.541521 0.957664
vt 0.541381 0.958100
vt 0.023681 0.707558
vt 0.541336 0.957252
vt 0.541339 0.958008
vt 0.541361 0.957252
vt 0.063744 0.552636
vt 0.020940 0.433905
vt 0.054201 0.433905
vt 0.104038 0.552636
vt 0.540841 0.958008
vt 0.540755 0.957256
vt 0.490197 0.963701
vt 0.490350 0.963952
vt 0.490304 0.963600
vt 0.035550 0.552636
vt 0.071176 0.612925
vt 0.540791 0.958100
vt 0.134407 0.700574
vt 0.133407 0.701574
vt 0.133407 0.700574
vt 0.134407 0.701574
vt 0.538147 0.947611
vt 0.538258 0.947295
vt 0.490271 0.963952
vt 0.111035 0.591795
vt 1.000000 0.598486
vt 0.111035 0.598486
vt 1.000000 0.005236
vt 1.000000 0.184247
vt 0.113209 0.005236
vt 1.000000 0.192803
vt 1.000000 0.414652
vt 0.111035 0.192803
vt 0.113209 0.184247
vt 0.111035 0.414652
vt 1.000000 0.533886
vt 0.111035 0.533886
vt 1.000000 0.591795
vt 0.537267 0.947014
vt 0.537310 0.946870
vt 0.537310 0.947315
vt 0.109616 0.417970
vt 0.537279 0.947183
vt 0.104038 0.433905
vt 0.104038 0.612925
vt 0.080206 0.967473
vt 0.135407 0.700574
vt 0.134407 0.699574
vt 0.134407 0.700074
vt 0.135407 0.699574
vt 0.134407 0.702074
vt 0.134407 0.702574
vt 0.538177 0.947621
vt 0.490637 0.963938
vt 0.490293 0.963516
vt 0.490653 0.963974
vt 0.490671 0.963950
vt 0.490843 0.963675
vt 0.869109 0.848390
vt 0.864247 0.878188
vt 0.858536 0.775126
vt 0.876378 0.878188
vt 0.883721 0.878188
vt 0.538231 0.947259
vt 0.919794 0.967473
vt 0.912846 0.883876
vt 0.980694 0.919670
vt 0.951452 0.750231
vt 0.920515 0.975857
vt 0.967355 0.975857
vt 0.920155 0.975857
vt 0.063991 0.552636
vt 0.946327 0.967473
vt 0.959344 0.975857
vt 0.054506 0.433905
vt 0.071378 0.612925
vt 0.035969 0.552636
vt 0.942813 0.750231
vt 0.052199 0.146116
vt 0.001178 0.417970
vt 0.051833 0.417970
vt 0.020940 0.434252
vt 0.846055 0.748958
vt 0.857580 0.748958
vt 0.864557 0.748958
vt 0.001017 0.146116
vt 0.881402 0.848390
vt 0.956578 0.883876
vt 0.957090 0.836581
vt 0.971601 0.883876
vt 0.972313 0.836581
vt 0.877705 0.775126
vt 0.888844 0.848390
vt 0.870477 0.775126
vt 0.981528 0.836581
vt 1.000000 1.000000
vt 0.000000 0.000000
vt 0.000000 1.000000
vt 1.000000 0.000000
vt 1.000000 1.000468
vt 1.000000 0.000468
vt 0.000000 0.000254
vt -3.389713 1.000000
vt -5.166636 1.000000
vt -5.166636 0.000000
vt 2.718331 1.000000
vt 3.525704 0.000000
vt -3.389713 0.000000
vt 0.500000 0.000000
vt 0.500000 1.000000
vt 4.389713 1.000000
vt 4.389713 0.000000
vt 6.166635 0.000000
vt 6.166635 1.000000
vt 0.427473 0.149026
vt 0.427678 0.149130
vt 0.427636 0.149113
vt 0.427446 0.149143
vt 0.427643 0.149043
vt 0.427681 0.148777
vt 0.868099 0.238513
vt 0.994184 0.290736
vt 0.871353 0.384368
vt 0.960559 0.793360
vt 0.287537 0.793360
vt 0.284902 0.873037
vt 0.979340 0.873037
vt 0.518910 0.992537
vt 0.977594 0.957528
vt 0.941778 0.713682
vt 0.913229 0.993369
vt 0.955820 0.204629
vt 0.376379 0.204629
vt 0.465667 0.238513
vt 0.442469 0.384368
vt 0.290171 0.713682
vt 0.501535 0.992537
vt 0.368862 0.992392
vt 0.428315 0.148476
vt 0.427378 0.148808
vt 0.427787 0.149173
vt 0.298914 0.987029
vt 0.962991 0.455400
vt 0.795069 0.199359
vt 0.962990 0.199691
vt 0.998358 0.678946
vt 0.328870 0.678946
vt 0.331834 0.678946
vt 0.334799 0.678946
vt 0.461473 0.680680
vt 0.620473 0.679798
vt 0.620473 0.680680
vt 0.427947 0.149185
vt 0.380043 0.516391
vt 0.962991 0.516391
vt 0.820483 0.495436
vt 1.019299 0.217084
vt 0.847257 0.503354
vt 0.561781 0.503354
vt -0.005553 0.214686
vt 0.994447 0.217084
vt 0.443547 0.461603
vt 0.204014 0.813599
vt 0.092390 0.701975
vt 0.204014 0.701975
vt 0.461473 0.681658
vt 0.289183 0.170718
vt 0.000000 0.170718
vt 0.461473 0.678116
vt 0.620473 0.678116
vt 0.486045 0.676433
vt 0.594448 0.663461
vt 0.486045 0.664276
vt 0.486045 0.690726
vt 0.486045 0.701359
vt 0.486045 0.697780
vt 0.594449 0.701621
vt 0.145957 0.515433
vt 0.002952 1.000000
vt 0.002952 0.528555
vt 0.092390 0.813599
vt 0.461473 0.679798
vt 0.145957 1.000000
vt 0.002952 0.543808
vt 1.006921 0.678946
vt 0.323271 0.678946
vt 0.289183 0.000000
vt 1.001322 0.678946
vt 0.620473 0.681892
vt 0.461473 0.681892
vt 0.995393 0.678946
vt 0.386841 0.503553
vt 0.317746 0.649349
vt 0.555399 0.649349
vt 0.317746 0.537441
vt 0.555399 0.537441
vt 0.317746 0.593395
vt 0.141259 0.761004
vt 0.141262 0.760931
vt 0.317745 0.534182
vt 0.555399 0.534182
vt 0.425837 0.648949
vt 0.307542 0.534182
vt 0.320102 0.648949
vt 0.551266 0.534182
vt 0.474999 0.648949
vt 0.428066 0.149199
vt 0.600632 0.121645
vt 0.167980 0.813599
vt 0.123214 0.701975
vt 0.167980 0.701975
vt 0.145957 0.529119
vt 0.199832 1.000000
vt 0.002952 0.529119
vt 0.149101 1.000000
vt 0.149101 0.529119
vt 0.145957 0.525782
vt 0.199832 0.543808
vt 0.123214 0.813599
vt 0.141675 0.760665
vt 0.307415 0.649349
vt 0.565730 0.535652
vt 0.311414 0.535652
vt 0.561730 0.647561
vt 0.520429 0.003820
vt 0.283306 0.144965
vt 0.289464 0.003820
vt 0.427315 0.148478
vt 0.428117 0.148199
vt 0.427488 0.148362
vt -0.005553 0.495436
vt 0.795069 0.462252
vt 0.427452 0.148777
vt 0.427372 0.148878
vt 0.801221 0.004226
vt 0.997197 0.004226
vt 0.798349 0.156131
vt 0.890651 0.253686
vt 0.371506 0.203416
vt 0.924777 0.221262
vt 0.576631 0.259852
vt 0.576631 0.253686
vt 0.704948 0.278723
vt 0.619721 0.363950
vt 0.619721 0.278723
vt 0.796160 0.371723
vt 0.710933 0.456950
vt 0.710933 0.371723
vt 0.610755 0.279319
vt 0.525528 0.364546
vt 0.525528 0.279319
vt 0.610755 0.456950
vt 0.525528 0.456950
vt 0.610755 0.371723
vt 0.525528 0.371723
vt 0.799140 0.276934
vt 0.713914 0.362161
vt 0.713914 0.276934
vt 0.704948 0.363950
vt 0.820483 0.215885
vt 0.796160 0.456950
vt 0.087346 1.000000
vt 0.087346 0.528555
vt 0.200359 0.528555
vt 0.087346 0.529119
vt 0.199832 0.529119
vt 0.087346 0.543808
vt 0.200359 1.000000
vt 0.610755 0.364546
vt 0.700775 0.371723
vt 0.615548 0.456950
vt 0.615548 0.371723
vt 0.700775 0.456950
vt 0.799140 0.362161
vt 0.371507 0.505261
vt 0.890651 0.454990
vt 0.924777 0.487414
vt 1.000069 0.156131
vt 0.962990 0.260350
vt 0.795069 0.516391
vt 0.795069 0.253497
vt 0.567334 0.198110
vt 0.000000 0.509625
vt 0.000000 0.206655
vt 0.576631 0.448825
vt 0.526588 0.144965
vt 0.145957 0.528555
vt 0.283883 0.529119
vt 0.283883 1.000000
vt 0.283883 0.543808
vt 0.285949 1.000000
vt 0.594525 0.663461
vt 0.594525 0.701621
vt 0.285949 0.528555
vt 1.000000 0.507037
vt 0.820483 0.355061
vt 0.511497 0.119990
vt 0.515011 0.009410
vt 0.797714 0.009410
vt 0.797714 0.119990
vt 0.962991 0.516058
vt 0.750000 0.159155
vt 0.875000 0.159155
vt 1.000000 0.477465
vt 1.000000 0.159155
vt 0.875000 0.477465
vt 0.625000 0.159155
vt 0.000000 0.477465
vt 0.125000 0.159155
vt 0.000000 0.159155
vt 0.750000 0.477465
vt 0.625000 0.477465
vt 0.000000 3.000000
vt 1.000000 3.000000
vt -0.312500 1.375000
vt 0.500000 0.159155
vt 0.125000 0.477465
vt 0.250000 0.159155
vt 0.375000 0.159155
vt 0.250000 0.477465
vt 0.500000 0.477465
vt 0.375000 0.477465
vt -1.000000 0.000000
vt 2.000000 0.000000
vt 0.093069 0.974410
vt 0.184573 0.004434
vt 0.093069 0.025590
vt 0.184573 0.995566
vt 0.210699 0.000000
vt 0.210699 1.000000
vt 0.226518 0.014068
vt 0.831487 0.991533
vt 0.835671 0.050702
vt 0.831487 0.008467
vt 0.066942 0.968792
vt 0.066942 0.031208
vt 0.499587 0.499541
vt 0.499500 0.499771
vt 0.499500 0.499541
vt 0.499759 0.499771
vt 0.499673 0.499541
vt 0.499759 0.499541
vt 0.499673 0.499771
vt 0.649816 0.052536
vt 0.650676 0.500000
vt 0.650676 0.008703
vt 0.499587 0.499771
vt 0.499500 0.500459
vt 0.499759 0.500459
vt 0.226518 0.985931
vt 0.226518 0.057421
vt 0.499673 0.500459
vt 0.049635 0.952368
vt 0.049636 0.047632
vt 0.499587 0.500459
vt 0.549646 0.054250
vt 0.649816 0.500000
vt 0.226518 0.942579
vt 0.293520 0.056467
vt 0.049635 0.909055
vt 0.049636 0.090945
vt 0.549646 0.945750
vt 0.293520 0.943533
vt 0.000000 0.500000
vt 0.022943 0.104856
vt 0.013839 0.109817
vt 0.984971 0.063328
vt 1.000000 0.097688
vt 0.654456 0.168598
vt 0.835671 0.168598
vt 0.829426 0.168598
vt 0.649816 0.168598
vt 0.835671 0.831402
vt 0.649816 0.831402
vt 0.226518 0.189479
vt 0.049635 0.189479
vt 0.049635 0.810521
vt 0.499500 0.500000
vt 0.499759 0.500000
vt 0.499587 0.500000
vt 0.649816 0.947464
vt 0.499673 0.500229
vt 0.499587 0.500229
vt 0.499500 0.500229
vt 0.022943 0.895144
vt 0.499759 0.500229
vt 0.499673 0.500000
vt 0.226518 0.810521
vt 0.654456 0.831402
vt 0.829426 0.831402
vt 1.000000 0.902311
vt 0.013839 0.890183
vt 0.835671 0.949298
vt 0.650676 0.991297
vt 0.921827 0.469285
vt 0.203855 0.590233
vt 0.191787 0.469285
vt 0.909758 0.590233
vt 0.000000 0.699267
vt 0.821130 0.000000
vt 0.182787 0.000000
vt 1.000000 0.722205
vt 0.537858 0.947642
vt 0.537844 0.947609
vt 0.061389 0.531262
vt 0.512036 0.000000
vt 1.000000 0.155155
vt 0.942528 0.548689
vt 0.000000 0.147832
vt 0.489073 0.000000
vt 0.351197 0.030153
vt 0.012816 0.502272
vt 0.648764 0.116977
vt 0.869625 0.250000
vt 0.980891 0.413175
vt 0.980891 0.586824
vt 0.869625 0.750000
vt 0.648764 0.883022
vt 0.351197 0.969846
vt 0.012816 0.000000
vt 0.012816 1.000000
vt 0.143805 0.483211
vt 0.142806 0.482212
vt 0.143805 0.482212
vt 0.142806 0.483211
vt 0.142806 0.484211
vt 0.141806 0.485212
vt 0.141806 0.484211
vt 0.140805 0.483211
vt 0.141806 0.482212
vt 0.141806 0.483211
vt 0.140805 0.482212
vt 0.142806 0.485212
vt 0.077464 0.086952
vt 0.053991 0.112906
vt 0.044268 0.086952
vt 0.053991 0.060998
vt 0.077464 0.123656
vt 0.077464 0.050247
vt 0.100937 0.112906
vt 0.100937 0.060998
vt 0.110660 0.086952
vt 0.029771 0.132956
vt 0.029234 0.003972
vt 0.000000 0.002890
vt 0.001987 0.133287
vt 0.028938 0.155976
vt 0.067580 0.134265
vt 0.188201 0.648242
vt 0.055053 0.876651
vt 0.039355 0.648242
vt 0.142811 0.229202
vt 0.006392 0.190509
vt 0.214511 0.885548
vt 0.222585 0.958064
vt 0.049373 0.880631
vt 0.066874 0.004237
vt 0.050814 0.954768
vt 0.067081 0.157508
vt 0.232631 0.159292
vt 0.235470 0.141922
vt 0.186980 0.246133
vt 0.227711 0.651667
vt 0.251130 0.889157
vt 0.214511 0.882365
vt 0.259109 0.967712
vt 0.500000 0.930912
vt 0.500000 0.288099
vt 0.500000 0.684636
vt 0.231889 0.004487
vt 0.271228 0.143722
vt 0.267832 0.174202
vt 0.251130 0.900784
vt 0.500000 0.995799
vt 0.266937 0.005344
vt 0.500000 0.178626
vt 0.500000 0.154987
vt 0.174243 1.104302
vt 0.166582 1.075940
vt 0.174243 1.071886
vt 0.230313 1.071886
vt 0.166582 1.100248
vt 0.772289 0.651667
vt 0.813020 0.246133
vt 0.500000 0.007872
vt 0.733063 0.005344
vt 0.500000 0.944540
vt 0.748870 0.900784
vt 0.230313 1.104302
vt 0.237974 1.075940
vt 0.237974 1.100248
vt 0.728772 0.143722
vt 0.732168 0.174202
vt 0.764530 0.141922
vt 0.768111 0.004487
vt 0.767369 0.159292
vt 0.740891 0.967712
vt 0.785489 0.885548
vt 0.932420 0.134265
vt 0.933126 0.004237
vt 0.748870 0.889157
vt 0.811800 0.648242
vt 0.777415 0.958064
vt 0.785489 0.882365
vt 0.857189 0.229202
vt 0.932919 0.157508
vt 0.970229 0.132956
vt 0.971062 0.155976
vt 0.950627 0.880631
vt 0.949186 0.954768
vt 0.970766 0.003972
vt 0.944947 0.876651
vt 0.960645 0.648242
vt 0.993609 0.190509
vt 1.000000 0.002890
vt 0.998014 0.133287
vt 0.899063 0.060998
vt 0.922536 0.086952
vt 0.889340 0.086952
vt 0.922536 0.050247
vt 0.899063 0.112906
vt 0.946009 0.060998
vt 0.922536 0.123656
vt 0.955732 0.086952
vt 0.946009 0.112906
vt 0.649500 0.974274
vt 0.064906 0.004251
vt 0.968897 0.000000
vt 0.691604 0.984113
vt 0.883208 0.953200
vt 0.500000 0.036043
vt 0.775195 0.016451
vt -0.275453 0.896730
vt -0.579529 0.764409
vt -0.898675 0.767893
vt -0.900000 0.908557
vt -0.898675 0.908557
vt -0.900000 0.691531
vt -0.900000 0.756446
vt -0.900000 0.832501
vt -0.072744 0.749412
vt -0.505553 0.696989
vt -0.070368 0.862827
vt -0.900000 0.602967
vt -0.047191 0.642323
vt -0.479127 0.535234
vt 1.014022 0.391462
vt 1.014022 0.304382
vt 1.014022 0.187003
vt 1.014022 0.287751
vt 1.014022 0.409084
vt 1.014021 0.349863
vt 1.014022 0.196147
vt -0.900000 0.482899
vt -0.900000 0.563831
vt 1.014022 0.073573
vt 1.014022 0.180662
vt 0.990702 0.287751
vt 0.081886 0.180662
vt 0.056334 0.287751
vt 1.014021 0.197587
vt 1.014022 0.094540
vt 0.991520 0.180662
vt 0.107439 0.073573
vt -0.021639 0.535234
vt -0.476447 0.460255
vt 0.985281 0.409083
vt -0.898675 0.954621
vt -0.344227 0.968747
vt 0.990686 0.073573
vt 1.014022 0.068637
vt 1.014022 0.021602
vt 1.014022 0.440960
vt 1.014022 0.418139
vt 1.014022 0.394913
vt 0.058709 0.401166
vt 0.082389 0.461063
vt 0.146280 0.449336
vt 0.706414 0.448218
vt 1.014021 0.376360
vt 1.014022 0.431645
vt -0.021637 0.460255
vt 1.014022 0.468139
vt 0.886922 0.448024
vt 0.682774 0.448218
vt 1.014022 -0.001406
vt -0.900000 0.945422
vt -0.898675 0.967149
vt -0.364425 0.988876
vt 1.014022 0.027504
vt -0.046687 0.922724
vt 0.993986 0.073573
vt 0.107439 -0.001406
vt 1.014022 0.403788
vt 0.993986 -0.001406
vt -0.900000 0.501457
vt -0.270856 0.993883
vt -0.900000 0.941604
vt 1.014022 0.081589
vt 1.014021 0.378148
vt 1.014022 0.024553
vn -0.000300 0.944400 -0.328800
vn 0.000300 0.948100 0.318100
vn -0.000300 0.944400 -0.328700
vn -0.000700 0.665500 -0.746400
vn 0.000600 0.793400 0.608700
vn 0.000900 0.472000 0.881600
vn -0.000800 0.545400 -0.838200
vn -0.000900 0.415900 -0.909400
vn 0.000900 0.355600 0.934600
vn 0.000900 0.235400 0.971900
vn 0.782900 0.605500 0.143000
vn 0.943400 -0.039400 0.329300
vn 0.989600 -0.003400 0.143700
vn 0.903800 -0.406400 0.134500
vn 0.544000 0.776500 0.318000
vn 0.000000 0.999500 0.031600
vn 0.031800 0.159900 -0.986600
vn 0.024900 0.160400 -0.986700
vn -0.028400 0.170000 -0.985000
vn -0.108200 0.092100 -0.989900
vn -0.001000 0.057400 -0.998300
vn 0.898500 -0.255900 -0.356700
vn 0.981600 0.164700 -0.097000
vn 0.941600 -0.308500 -0.134800
vn 0.246300 -0.963100 -0.108900
vn 0.653400 -0.709000 -0.265200
vn 0.872900 0.345700 -0.344400
vn 0.709100 0.704100 -0.036900
vn 0.001000 -0.000000 1.000000
vn 0.506300 0.094000 0.857200
vn 0.181000 0.851000 0.493000
vn 0.340900 0.014200 -0.940000
vn 0.272900 -0.844100 -0.461500
vn 0.348100 0.909400 -0.227400
vn 0.421200 0.542200 -0.727100
vn 0.000100 0.997800 0.066400
vn 0.825600 -0.475400 0.304000
vn 0.600700 -0.766000 0.228900
vn 0.472000 -0.601000 0.645000
vn 0.100700 0.285800 -0.953000
vn 0.066700 0.246100 -0.966900
vn -0.000900 0.308300 -0.951300
vn -0.010300 -0.501800 0.864900
vn -0.010700 0.327000 0.945000
vn -0.001000 -0.077100 -0.997000
vn -0.000000 -0.999500 -0.031600
vn 0.002800 0.998700 -0.051600
vn -0.004900 0.892800 0.450300
vn 0.018700 0.663900 -0.747600
vn 0.172000 0.742400 -0.647500
vn -0.000100 -0.997200 -0.074600
vn 0.462300 -0.885000 0.055300
vn 0.773800 0.131800 -0.619600
vn 0.819800 0.098000 -0.564200
vn 0.563100 0.155400 -0.811600
vn -0.000900 0.162500 -0.986700
vn 0.258900 0.176000 -0.949700
vn 0.920900 0.389500 -0.016900
vn 0.924700 0.380500 -0.009600
vn 0.921900 0.386800 -0.020700
vn 0.713500 0.656800 0.244000
vn 0.761500 0.575300 0.298600
vn 0.820700 0.522900 0.230200
vn 0.823300 0.567300 -0.017500
vn 0.000000 0.999600 0.028000
vn -0.001000 0.008400 -1.000000
vn 0.916200 0.400600 0.013500
vn 0.000000 0.999300 0.038400
vn 0.225900 -0.888100 0.400300
vn 0.381200 0.461500 -0.801100
vn 0.709900 0.361400 -0.604500
vn 0.247600 0.367000 -0.896600
vn -0.000900 0.395000 -0.918700
vn 0.918700 0.394100 -0.028400
vn 0.907500 0.410200 -0.090800
vn 0.918700 0.394000 -0.028400
vn 0.858400 0.505100 -0.089300
vn 0.802900 0.596000 0.014600
vn 0.924700 0.380600 0.005200
vn -0.667000 0.211500 0.714400
vn 0.707000 0.433200 -0.559000
vn 0.371500 0.532800 -0.760400
vn -0.846700 -0.523500 0.095100
vn -0.851400 -0.509200 0.125600
vn -0.877900 -0.397200 0.267400
vn 0.001000 -0.003100 1.000000
vn -0.899900 -0.429500 -0.075300
vn -0.915800 -0.395600 -0.069800
vn -0.915800 -0.398400 -0.051100
vn -0.000900 -0.466000 -0.884800
vn -0.896500 -0.436700 -0.074400
vn -0.913900 -0.405000 -0.028100
vn 0.467400 -0.421200 -0.777200
vn 0.666800 -0.444500 -0.598200
vn 0.654500 -0.450600 -0.607100
vn -0.907800 -0.417500 -0.040700
vn -0.913900 -0.405700 -0.016700
vn 0.100600 0.214000 -0.971600
vn -0.862500 -0.389300 0.323300
vn -0.000400 0.901300 -0.433100
vn 0.000300 0.938600 0.345100
vn -0.000400 0.901300 -0.433200
vn -0.000800 0.624700 -0.780800
vn 0.000700 0.723700 0.690100
vn 0.000900 0.441200 0.897400
vn 0.042200 0.994400 -0.096500
vn -0.107900 0.895900 -0.431000
vn -0.811900 0.171100 0.558200
vn -0.936100 -0.065800 0.345600
vn 0.701600 0.705000 -0.103700
vn 0.691900 0.668200 -0.273600
vn 0.709800 0.650300 -0.270600
vn -0.943900 -0.057800 -0.325100
vn -0.960400 0.080000 -0.267000
vn 0.000900 0.913700 -0.406300
vn -0.000700 0.992900 -0.118900
vn -0.000700 0.992900 -0.118800
vn 0.004000 0.092400 -0.995700
vn 0.004400 0.097100 -0.995300
vn 0.004400 0.097200 -0.995300
vn 0.004900 0.178000 -0.984000
vn 0.004800 0.236100 -0.971700
vn 0.004900 0.101800 -0.994800
vn 0.004600 0.292100 -0.956400
vn 0.004300 0.399100 -0.916900
vn 0.004000 0.448800 -0.893600
vn 0.002500 0.731800 -0.681500
vn -0.989200 0.034400 -0.142600
vn -0.990300 0.047700 -0.130800
vn -0.999800 -0.009500 0.017500
vn -0.999900 -0.006900 0.015100
vn -0.999900 -0.005000 0.012700
vn -0.000900 -0.277500 -0.960700
vn 0.345900 -0.396100 -0.850600
vn -0.987800 0.021100 -0.154400
vn -0.999900 -0.002700 0.010200
vn -1.000000 -0.001100 0.007700
vn -0.000900 0.341600 -0.939900
vn -0.000800 0.498100 -0.867100
vn 0.686600 0.715000 -0.131800
vn 0.456200 0.730900 -0.507600
vn -0.906100 -0.194300 -0.375800
vn 0.013200 0.909700 -0.415200
vn -0.974800 0.221200 0.029400
vn -0.976000 0.217300 0.011600
vn -0.976300 0.214700 0.026100
vn -0.975500 0.219700 0.007200
vn -0.974300 0.225400 -0.000600
vn -0.973500 0.228100 0.016100
vn 0.000000 0.999400 0.035700
vn -0.885500 -0.440300 0.148700
vn -0.928500 -0.352200 0.117900
vn -0.875000 -0.413200 0.252100
vn -0.953300 -0.244700 -0.177100
vn 0.001000 -0.122200 0.992500
vn 0.937700 0.347400 0.009100
vn 0.933500 0.358500 0.010200
vn 0.933500 0.358600 0.010200
vn 0.929900 0.367600 0.012500
vn 0.926600 0.375900 -0.005900
vn 0.925900 0.376300 0.034100
vn 0.674400 0.726300 0.133000
vn -0.002600 0.999600 0.028600
vn 0.929100 0.369700 0.011400
vn 0.660300 0.661800 0.354800
vn -0.000800 0.583800 0.811900
vn -0.000700 0.583800 0.811900
vn -0.000000 -0.999600 -0.028100
vn -0.850200 -0.523700 -0.054500
vn -0.998400 -0.009700 0.055000
vn -0.999800 -0.013000 -0.018000
vn -0.999700 -0.014200 0.020400
vn -0.999900 -0.013500 0.007600
vn -0.998200 -0.014100 0.058700
vn -0.856400 -0.510800 -0.075300
vn -0.999800 -0.012200 -0.018200
vn -0.999000 0.042100 -0.016800
vn -0.993400 -0.012100 -0.114400
vn 0.419600 0.753100 0.506700
vn 0.441000 0.736700 0.512600
vn 0.393800 -0.296600 0.870000
vn 0.509400 -0.317300 0.799900
vn 0.505300 -0.329600 0.797600
vn -0.592900 0.388100 0.705600
vn -0.998300 0.053300 -0.022900
vn -0.632800 -0.764500 -0.122800
vn -0.999800 0.015700 -0.013800
vn -0.001300 0.165000 -0.986300
vn -0.907100 -0.387900 0.163300
vn -0.752400 -0.646000 0.129000
vn -0.662000 -0.748200 0.044900
vn -0.633800 -0.773300 -0.017900
vn -0.919300 -0.393600 0.007300
vn -0.069500 0.737300 -0.672000
vn -0.069500 0.737200 -0.672000
vn -0.068600 0.746000 -0.662500
vn 0.932300 -0.008900 0.361600
vn 0.987200 0.054200 0.149700
vn 0.634600 0.760700 -0.136400
vn -0.207800 -0.881600 -0.423900
vn -0.320000 -0.879100 -0.353200
vn -0.318900 -0.876600 -0.360400
vn -0.242400 0.668300 -0.703300
vn 0.829000 -0.071500 0.554700
vn 0.397900 0.768900 0.500400
vn -0.679000 -0.734100 -0.012000
vn 0.273600 -0.232600 0.933300
vn 0.000900 -0.191400 0.981500
vn -0.204200 -0.875700 -0.437500
vn -0.315200 -0.875800 -0.365400
vn -0.196400 -0.882700 -0.426900
vn -0.000500 -0.855400 -0.517900
vn -0.000500 -0.861500 -0.507800
vn 0.113800 0.777900 0.618000
vn 0.113800 0.777800 0.618100
vn 0.110800 0.764700 0.634800
vn -0.000600 0.779900 -0.625900
vn 0.203300 -0.875700 -0.437900
vn 0.000600 0.796000 0.605200
vn -0.112600 0.777900 0.618300
vn -0.112600 0.777800 0.618300
vn 0.001000 -0.141400 0.989900
vn -0.271800 -0.232600 0.933800
vn -0.000500 -0.870700 -0.491800
vn 0.207000 -0.881500 -0.424300
vn 0.068200 0.737300 -0.672100
vn 0.069100 0.728500 -0.681600
vn 0.068200 0.737300 -0.672200
vn -0.070400 0.728500 -0.681400
vn 0.017000 0.989200 -0.145500
vn -0.000100 0.989400 -0.145500
vn -0.017300 0.989200 -0.145500
vn -0.000200 0.989400 -0.145500
vn -0.515100 0.093600 0.852000
vn -0.188200 0.850100 0.491800
vn -0.008600 -0.704400 0.709700
vn -0.478100 -0.599700 0.641700
vn -0.539800 0.777000 0.323800
vn -0.777600 0.608100 0.159700
vn -0.109600 0.764700 0.635000
vn 0.318200 -0.876600 -0.361000
vn 0.195500 -0.882700 -0.427300
vn 0.314500 -0.875900 -0.366000
vn -0.392100 -0.296600 0.870800
vn -0.507800 -0.317400 0.800900
vn 0.752600 -0.645900 0.127600
vn 0.885700 -0.440300 0.147000
vn 0.662100 -0.748200 0.043600
vn 0.632600 -0.764500 -0.124000
vn 0.633700 -0.773300 -0.019100
vn 0.678900 -0.734100 -0.013300
vn -0.418600 0.753100 0.507500
vn -0.396900 0.768900 0.501200
vn -0.802800 0.596000 0.016200
vn -0.674200 0.726300 0.134300
vn -0.634900 0.760700 -0.135200
vn -0.710300 0.650300 -0.269300
vn -0.931600 -0.008900 0.363400
vn -0.827900 -0.071500 0.556300
vn 0.907400 -0.387900 0.161500
vn 0.875500 -0.413200 0.250400
vn 0.107100 0.895900 -0.431200
vn 0.107100 0.895900 -0.431100
vn 0.241100 0.668300 -0.703800
vn 0.319300 -0.879100 -0.353800
vn -0.457100 0.731000 -0.506600
vn -0.987000 0.054200 0.151600
vn -0.042400 0.994400 -0.096400
vn 0.067300 0.746000 -0.662600
vn 0.913800 -0.405700 -0.018400
vn 0.913800 -0.405700 -0.018500
vn 0.919300 -0.393600 0.005500
vn 0.864600 -0.499400 -0.055500
vn 0.851700 -0.509200 0.123900
vn 0.856300 -0.510800 -0.077000
vn 0.896400 -0.436700 -0.076100
vn 0.895000 -0.438300 -0.083000
vn 0.846900 -0.523500 0.093400
vn 0.878400 -0.397200 0.265800
vn 0.999800 0.015700 -0.015700
vn 0.998300 0.053300 -0.024800
vn 0.813000 0.171100 0.556600
vn 0.594300 0.388100 0.704400
vn -0.503700 -0.329600 0.798500
vn -0.440000 0.736700 0.513500
vn 0.993100 -0.012100 -0.116400
vn 0.999700 -0.013100 -0.020000
vn 0.999900 -0.013500 0.005600
vn 0.999700 -0.012200 -0.019800
vn 0.998900 0.042200 -0.018700
vn 0.915600 -0.395700 -0.071500
vn 0.000900 -0.003100 1.000000
vn 0.999700 -0.014200 0.018400
vn 0.998300 -0.014100 0.056800
vn 0.998500 -0.009700 0.053100
vn 0.917600 -0.394000 -0.052800
vn -0.000900 0.008400 -1.000000
vn 0.002600 0.999600 0.028600
vn 0.002400 0.583800 0.811900
vn 0.002300 0.583800 0.811900
vn -0.659700 0.661800 0.356100
vn -0.713000 0.656900 0.245300
vn -0.760900 0.575300 0.300000
vn -0.924800 0.380500 -0.007800
vn -0.922000 0.386800 -0.018900
vn -0.926600 0.375900 -0.004200
vn -0.933400 0.358500 0.012000
vn -0.933400 0.358600 0.012000
vn -0.929100 0.369700 0.013200
vn -0.858600 0.505100 -0.087600
vn -0.918700 0.394100 -0.026700
vn -0.925800 0.376300 0.035900
vn -0.916100 0.400600 0.015200
vn -0.916100 0.400600 0.015300
vn -0.929900 0.367600 0.014300
vn -0.937700 0.347400 0.010900
vn 0.000900 -0.122200 0.992500
vn 0.952900 -0.244700 -0.179000
vn 0.928700 -0.352200 0.116100
vn 0.985000 0.167200 0.042500
vn 0.986000 0.164300 0.027000
vn 0.980400 0.173900 0.093100
vn -0.015100 0.719700 -0.694100
vn 0.000000 0.997800 0.065800
vn 0.983600 0.180100 0.005100
vn 0.981700 0.190000 0.011800
vn -0.000000 0.997700 0.067200
vn -0.385500 0.462200 -0.798600
vn -0.011900 0.499400 -0.866300
vn -0.006200 0.394100 -0.919000
vn 0.998800 -0.031500 0.038600
vn 0.999800 -0.009700 0.019000
vn 0.999700 -0.019000 0.013100
vn 0.988600 0.031300 -0.147300
vn 0.989500 0.041400 -0.138300
vn -0.173300 0.742400 -0.647200
vn -0.348600 0.909400 -0.226700
vn -0.014000 0.909700 -0.415100
vn 0.974800 0.221200 0.027500
vn -0.002900 0.998700 -0.051600
vn 0.905400 -0.194300 -0.377600
vn 0.943300 -0.057800 -0.326900
vn -0.692400 0.668200 -0.272200
vn -0.686800 0.715000 -0.130400
vn -0.701800 0.705000 -0.102300
vn -0.058900 -0.990100 -0.127100
vn -0.468900 -0.421200 -0.776300
vn -0.347600 -0.396100 -0.849900
vn -0.655700 -0.450600 -0.605800
vn 0.987500 0.021100 -0.156300
vn 0.999700 -0.023600 0.010100
vn 0.999300 0.006100 -0.037900
vn -0.249000 0.365700 -0.896800
vn -0.000900 0.337800 -0.941200
vn 0.959800 0.080000 -0.268900
vn 0.936700 -0.065800 0.343900
vn 0.000300 0.938600 0.345000
vn 0.863100 -0.389300 0.321600
vn -0.068600 0.246100 -0.966800
vn -0.102400 0.214000 -0.971500
vn -0.102500 0.285800 -0.952800
vn 0.907700 -0.417500 -0.042400
vn -0.667900 -0.444500 -0.596900
vn 0.913800 -0.405000 -0.029800
vn -0.000800 -0.466000 -0.884800
vn -0.378500 0.532700 -0.757000
vn -0.707100 0.436100 -0.556600
vn -0.270300 -0.732100 -0.625300
vn -0.515400 -0.845600 -0.139200
vn -0.653900 -0.709000 -0.263900
vn 0.668400 0.211500 0.713100
vn -0.000500 0.165000 -0.986300
vn -0.924700 0.380600 0.007000
vn -0.907700 0.410200 -0.089000
vn -0.772700 0.130500 -0.621200
vn -0.772700 0.130600 -0.621200
vn -0.718900 0.165400 -0.675100
vn -0.001000 0.162500 -0.986700
vn -0.707500 0.365000 -0.605100
vn -0.231100 -0.888100 0.397400
vn -0.596200 -0.766400 0.238900
vn -0.459200 -0.885500 0.070500
vn -0.823400 0.567300 -0.015900
vn -0.820300 0.522900 0.231800
vn -0.920900 0.389500 -0.015100
vn -0.821100 0.094800 -0.562900
vn -0.938800 -0.039700 0.342100
vn -0.422600 0.542200 -0.726300
vn -0.457000 0.051500 -0.888000
vn -0.873500 0.345700 -0.342700
vn -0.899200 -0.255900 -0.354900
vn 0.073000 0.109800 -0.991300
vn -0.016200 0.163300 -0.986400
vn -0.023100 0.161200 -0.986700
vn -0.898200 -0.410900 0.156100
vn -0.819700 -0.478400 0.315100
vn -0.709200 0.704100 -0.035500
vn -0.981700 0.164700 -0.095100
vn -0.941900 -0.308400 -0.133000
vn 0.051700 0.174000 -0.983400
vn -0.987100 -0.005800 0.160300
vn 0.987900 0.004500 -0.154800
vn 0.989200 0.050600 -0.137700
vn 0.989600 0.048900 -0.135300
vn 0.991100 0.074200 0.110500
vn 0.988600 0.083600 0.124900
vn 0.990000 0.136900 0.033700
vn 0.990700 0.131400 0.034200
vn 0.986200 -0.017800 -0.164400
vn 0.982400 0.010700 0.186300
vn 0.983100 -0.053100 0.175200
vn 0.975800 -0.103600 0.192800
vn 0.996300 0.085700 0.002700
vn 0.996600 0.069100 0.044900
vn 0.997800 0.065900 -0.000900
vn 0.996000 0.035200 -0.081700
vn 0.995500 0.041000 -0.085800
vn 0.984300 -0.128900 -0.120200
vn 0.993800 -0.049900 -0.099200
vn 0.993500 0.062300 0.095400
vn 0.978300 -0.087700 -0.187800
vn 0.989400 0.040400 0.139500
vn 0.976300 -0.097400 0.193300
vn 0.987700 0.045400 0.149900
vn -0.993300 0.062300 0.097300
vn -0.989100 0.040400 0.141500
vn -0.987400 0.045400 0.151800
vn -0.975900 -0.097400 0.195200
vn -0.996500 0.069100 0.046900
vn -0.996700 0.029400 -0.075700
vn -0.996200 0.035200 -0.079800
vn -0.978600 -0.087700 -0.185900
vn -0.996300 0.085700 0.004600
vn -0.984600 -0.128900 -0.118400
vn -0.995600 0.040900 -0.083900
vn -0.997800 0.065900 0.001000
vn -0.988900 0.054600 0.138300
vn -0.982100 0.010700 0.188200
vn -0.987300 -0.002400 0.159100
vn -0.975400 -0.103600 0.194700
vn -0.990400 0.099200 0.096700
vn -0.989400 0.050600 -0.135800
vn -0.994300 0.093800 -0.050300
vn -0.989000 0.052300 -0.138200
vn -0.990800 0.130800 0.035000
vn -0.989900 0.048900 -0.133400
vn -0.320500 0.003300 -0.947200
vn -0.457600 0.011400 -0.889100
vn -0.460600 0.005700 -0.887600
vn 1.000000 -0.000000 -0.001000
vn -0.321900 0.000000 -0.946800
vn -0.001000 0.001300 -1.000000
vn -0.001000 0.002000 -1.000000
vn 0.318600 0.003400 -0.947900
vn 0.320100 0.000000 -0.947400
vn 0.458900 0.005700 -0.888500
vn -1.000000 -0.000000 0.001000
vn 0.455800 0.011400 -0.890000
vn -0.001000 0.015900 -0.999900
vn 0.001000 -0.015900 0.999900
vn -0.009200 0.214000 0.976800
vn -0.014100 0.215100 0.976500
vn 0.000700 0.223900 0.974600
vn -0.000600 -0.223900 -0.974600
vn -0.000700 -0.223900 -0.974600
vn -0.000600 -0.223800 -0.974600
vn -0.000600 -0.200900 -0.979600
vn -0.000600 -0.200800 -0.979600
vn -0.000500 -0.200800 -0.979600
vn -0.000900 -0.106600 -0.994300
vn -0.000900 -0.106500 -0.994300
vn -0.000800 -0.106600 -0.994300
vn 0.001000 -0.033300 0.999400
vn 0.001000 -0.032400 0.999500
vn -0.000700 -0.200900 -0.979600
vn -0.001200 0.999400 0.033900
vn -0.001300 0.999400 0.033900
vn -0.014100 0.209000 0.977800
vn 0.001200 -0.999400 -0.033900
vn 0.001300 -0.999400 -0.033900
vn -0.001300 0.033100 -0.999500
vn -0.001800 0.032900 -0.999500
vn -0.001600 0.032800 -0.999500
vn 0.004200 0.106000 0.994400
vn 0.000800 0.106600 0.994300
vn 0.004100 0.106000 0.994400
vn -0.000900 -0.095100 -0.995500
vn -0.000800 -0.095100 -0.995500
vn -0.001000 -0.095100 -0.995500
vn 0.000800 -0.583800 -0.811900
vn 0.000700 -0.583800 -0.811900
vn 0.000700 0.094900 0.995500
vn 0.845800 0.189300 -0.498800
vn 0.755600 0.590500 -0.283400
vn 0.826600 0.279500 -0.488500
vn 0.786800 -0.289700 -0.545000
vn -0.001000 0.033300 -0.999400
vn -0.976400 0.215700 -0.003900
vn -0.995300 0.093300 -0.026700
vn -0.994500 0.100300 -0.028600
vn -0.997000 0.077300 0.010200
vn -0.995200 0.097300 0.011300
vn -0.997200 -0.074400 -0.012100
vn -0.997600 -0.068400 0.009500
vn -0.995300 -0.096900 -0.003700
vn -0.999000 -0.041900 0.016800
vn -0.000500 -0.223800 -0.974600
vn -0.990800 0.134700 0.010800
vn 0.001300 -0.165000 0.986300
vn -0.100500 -0.214000 0.971600
vn -0.992800 0.119800 0.006900
vn -0.001000 0.032900 -0.999500
vn -0.987600 0.157000 -0.001200
vn 0.000700 0.211700 0.977300
vn -0.930500 0.127200 0.343500
vn -0.953200 0.290700 0.083000
vn -0.858800 -0.001500 0.512400
vn -0.985000 0.172100 0.006800
vn -0.986900 -0.159400 -0.026500
vn -0.990200 -0.138600 -0.020000
vn -0.001000 -0.925500 -0.378700
vn -0.000400 -0.925800 -0.378100
vn 0.026100 0.996500 0.078900
vn 0.027100 0.996200 0.082500
vn 0.007400 0.105400 0.994400
vn -0.000700 -0.095100 -0.995500
vn -0.018400 0.929300 -0.368900
vn -0.000900 0.871700 -0.490000
vn -0.988600 -0.146700 -0.033200
vn 0.000900 -0.308300 0.951300
vn -0.201100 -0.260200 0.944400
vn -0.000800 0.580400 -0.814300
vn 0.000100 0.998000 0.063800
vn 0.000100 0.998200 0.060700
vn 0.000100 0.997800 0.066900
vn -0.999400 0.002000 0.033400
vn -0.998600 0.018500 0.049300
vn -1.000000 -0.004200 0.006700
vn -0.035500 0.969900 -0.241000
vn 0.001000 -0.040300 0.999200
vn 0.000000 0.999400 0.034400
vn -0.000700 0.999400 0.033300
vn -0.000300 0.999500 0.033000
vn -0.001000 0.999400 0.033500
vn -0.706500 -0.110700 0.699000
vn 0.095000 0.164500 0.981800
vn 0.103900 0.147300 0.983600
vn -0.993200 -0.023000 -0.114000
vn -0.007900 0.171300 -0.985200
vn -0.014900 0.158400 -0.987300
vn -0.005100 0.000400 1.000000
vn -0.004900 -0.000100 1.000000
vn -0.005000 -0.000000 1.000000
vn 1.000000 0.000700 -0.002300
vn 1.000000 0.001500 -0.000500
vn 1.000000 0.001200 -0.007500
vn 1.000000 0.001200 -0.001700
vn 0.999900 0.001000 -0.014300
vn 1.000000 0.001800 0.001000
vn 0.999500 0.000000 -0.030200
vn 0.075600 -0.071400 -0.994600
vn 0.100800 -0.070700 -0.992400
vn 0.096000 -0.069200 -0.993000
vn 0.991700 0.072600 0.106300
vn 0.999100 0.033700 -0.025800
vn 0.994200 0.100900 -0.037600
vn 0.996600 0.059900 -0.055800
vn -0.998400 0.048100 0.028600
vn -0.153800 0.063900 0.986000
vn -0.072300 0.077700 0.994300
vn -0.132500 0.073900 0.988400
vn 0.965400 0.110100 0.236300
vn 0.989700 0.141800 -0.019300
vn -0.000900 0.184200 -0.982900
vn 0.773300 -0.403200 -0.489300
vn 0.541300 -0.749400 -0.381400
vn -0.000400 -0.931000 -0.364900
vn -0.001000 0.000000 -1.000000
vn -0.985000 -0.019000 -0.171600
vn -0.955000 -0.067100 -0.288900
vn -0.802600 -0.083300 0.590700
vn 0.110600 -0.466800 0.877400
vn 0.692200 -0.641600 0.330400
vn 0.685600 -0.066500 -0.724900
vn 0.685700 -0.066500 -0.724900
vn 0.685200 -0.066200 -0.725300
vn 0.803600 -0.280300 0.525000
vn 0.803600 -0.280400 0.525000
vn 0.794000 -0.282600 0.538300
vn 0.804000 0.274100 -0.527600
vn 0.808300 0.273100 -0.521600
vn 0.813000 -0.278000 0.511600
vn 0.684900 0.054800 0.726600
vn 0.686800 0.055900 0.724700
vn -0.896000 -0.209100 0.391800
vn -0.813000 -0.273500 0.514100
vn -0.608600 -0.372900 0.700500
vn -0.541000 -0.575600 0.613100
vn -0.518900 -0.560700 0.645200
vn -0.000200 0.983000 -0.183700
vn 0.799700 0.275100 -0.533600
vn 0.164000 0.498800 -0.851100
vn 0.740100 0.577300 -0.344900
vn 0.740100 0.577300 -0.344800
vn -0.510400 0.123200 -0.851100
vn -0.467300 0.136700 -0.873400
vn 0.002600 -0.999600 -0.028600
vn -0.382200 -0.043800 0.923000
vn -0.218600 -0.259400 0.940700
vn -0.610800 -0.370900 0.699500
vn -0.000900 -0.362400 -0.932000
vn -0.001000 -0.206600 -0.978400
vn -0.001000 -0.045400 -0.999000
vn -0.000800 0.485700 -0.874100
vn -0.479000 0.641000 -0.599800
vn -0.658700 0.583600 -0.474900
vn -0.658700 0.583600 -0.474800
vn -0.584200 0.375800 -0.719400
vn -0.442800 0.229600 -0.866700
vn -0.698100 -0.032500 -0.715300
vn -0.476800 0.572700 -0.666900
vn -0.745500 0.581600 -0.325500
vn -0.000500 0.872200 -0.489200
vn -0.552100 0.109400 -0.826600
vn 0.285300 -0.837800 0.465500
vn 0.394600 -0.901800 0.175900
vn 0.390200 -0.323000 -0.862200
vn 0.693000 -0.641800 0.328400
vn 0.683000 0.053700 0.728500
vn 0.740000 0.577300 -0.345100
vn 0.396200 0.268800 0.877900
vn 0.396300 0.268900 0.877900
vn 0.396300 0.268900 0.877800
vn -0.003700 0.900500 -0.434900
vn -0.000200 0.957600 -0.288200
vn -0.013100 0.956800 -0.290300
vn 0.842300 0.535300 0.062600
vn 0.002300 0.971300 0.237900
vn 0.984500 0.149800 -0.090900
vn -0.258200 -0.213700 0.942200
vn 0.285400 -0.837800 0.465500
vn -0.038800 -0.455900 0.889200
vn 0.686100 -0.066800 -0.724500
vn -0.562300 -0.589500 0.579900
vn -0.126600 -0.584100 0.801700
vn -0.343500 -0.805800 0.482500
vn 0.456900 0.867300 -0.197600
vn 0.457000 0.867300 -0.197500
vn 0.456900 0.867300 -0.197500
vn -0.804700 0.496400 -0.325600
vn -0.302400 -0.076300 -0.950100
vn 0.588600 -0.713900 -0.379300
vn 0.588000 -0.714500 -0.379100
vn -0.386900 -0.833900 -0.393600
vn 0.003100 0.966000 0.258700
vn 0.000500 -0.829600 0.558300
vn 0.000100 -0.992600 0.121600
vn 0.000100 -0.992600 0.121700
vn -0.126500 -0.584100 0.801700
vn 0.457000 0.867300 -0.197200
vn 0.000900 0.349400 0.937000
vn 0.001000 0.155800 0.987800
vn -0.464000 0.038700 0.885000
vn -0.307000 0.917800 -0.251700
vn -0.303500 0.852700 -0.425200
vn -0.343500 -0.805700 0.482500
vn 0.000800 -0.619300 0.785100
vn 0.000400 -0.895400 0.445200
vn -0.000100 0.990400 -0.138500
vn -0.300000 0.951400 -0.069600
vn -0.001000 -0.136500 -0.990600
vn 0.086100 0.181700 0.979600
vn 0.030800 0.157800 0.987000
vn 0.024900 0.182300 0.982900
vn 0.051700 -0.072400 -0.996000
vn 0.065700 0.994900 0.076000
vn 0.065500 0.995000 0.075800
vn 0.082400 0.992200 0.093700
vn -0.123800 0.990100 0.066700
vn -0.105100 0.991200 0.080300
vn -0.086300 0.991800 0.093900
vn -0.063900 0.084200 0.994400
vn -0.011800 0.081200 0.996600
vn 0.012900 0.996500 0.082200
vn 0.013000 0.996500 0.082200
vn 0.011400 0.997000 0.076600
vn -0.007700 0.078200 0.996900
vn 0.010800 0.995900 0.090200
vn 0.008100 0.996500 0.083500
vn 0.014500 0.996000 0.087700
vn 0.005400 0.997000 0.076600
vn -0.503700 -0.719300 -0.478500
vn 0.861200 -0.421300 -0.284400
vn 0.857300 -0.428100 -0.286000
vn 0.004300 0.835200 0.549900
vn 0.004200 0.837900 0.545900
vn -1.000000 -0.003800 -0.005100
vn -0.841300 0.530100 0.105600
vn -0.000400 0.923500 -0.383600
vn 0.300600 -0.076200 -0.950700
vn 0.300600 -0.076300 -0.950700
vn -0.774100 -0.563800 -0.288000
vn 0.299400 0.085200 0.950300
vn 0.092500 -0.330700 0.939200
vn -0.000900 -0.414400 -0.910100
vn 0.344400 -0.805800 0.481800
vn 0.344400 -0.805700 0.481800
vn -0.457400 0.867300 -0.196300
vn -0.394300 -0.901800 0.176700
vn -0.394500 0.268800 0.878700
vn -0.394500 0.268700 0.878700
vn -0.988500 0.146100 -0.040000
vn 0.302700 0.852700 -0.425800
vn 0.508700 0.123200 -0.852100
vn 0.550500 0.109400 -0.827600
vn 0.505200 -0.144200 0.850900
vn -0.386200 -0.626000 0.677500
vn -0.391900 -0.323000 -0.861400
vn -0.098100 -0.360400 0.927600
vn 0.542200 -0.575600 0.612100
vn 0.563400 -0.589500 0.578900
vn -0.740800 0.577300 -0.343400
vn -0.691500 -0.641600 0.331800
vn -0.692400 -0.641800 0.329700
vn -0.681400 0.053500 0.729900
vn -0.683400 0.054700 0.728000
vn 0.555600 0.621100 -0.552700
vn 0.517300 0.631700 -0.577300
vn 0.896700 -0.209100 0.390100
vn 0.814000 -0.273500 0.512500
vn 0.696700 -0.032500 -0.716600
vn 0.441100 0.229600 -0.867600
vn 0.582800 0.375800 -0.720500
vn 0.475500 0.572700 -0.667800
vn 0.744900 0.581600 -0.326900
vn 0.609900 -0.372900 0.699300
vn -0.447600 -0.420000 0.789500
vn 0.486600 -0.177700 0.855400
vn -0.805100 0.274100 -0.526100
vn -0.800800 0.275100 -0.532000
vn 0.477900 0.641000 -0.600700
vn -0.687500 -0.066800 -0.723100
vn -0.687300 -0.066700 -0.723300
vn -0.687100 -0.066500 -0.723500
vn 0.465700 0.136700 -0.874300
vn 0.520100 -0.560700 0.644300
vn -0.447500 -0.419900 0.789500
vn -0.802600 -0.280300 0.526500
vn -0.792900 -0.282600 0.539800
vn -0.690700 -0.641400 0.333900
vn -0.686600 -0.066200 -0.724000
vn -0.685400 0.055800 0.726000
vn -0.812000 -0.278000 0.513200
vn -0.809300 0.273100 -0.520100
vn -0.830100 0.098600 -0.548800
vn -0.769900 0.134400 -0.623900
vn 0.025200 0.996800 0.075200
vn 0.004000 0.922300 -0.386500
vn -0.000600 0.820000 -0.572300
vn -0.949000 0.275000 -0.154000
vn -0.001000 0.111000 -0.993800
vn -0.881700 0.061700 -0.467800
vn 0.965300 -0.224500 -0.133600
vn 0.999200 0.036700 -0.013400
vn 0.920600 -0.337400 -0.196600
vn 0.643100 -0.686900 -0.338500
vn 0.000000 0.999500 0.032800
vn 0.000400 0.900400 0.435000
vn -0.001700 -0.925300 -0.379300
vn 0.999800 -0.012800 -0.015100
vn -0.001000 0.124400 -0.992200
vn 0.674400 0.737200 -0.040400
vn 0.884700 0.466100 -0.011200
vn 0.831900 0.555000 -0.000400
vn 0.927900 0.372100 -0.021800
vn 0.011100 0.996100 -0.087100
vn -0.009300 -0.783200 -0.621700
vn -0.018000 -0.774000 -0.633000
vn 0.299300 0.643300 0.704700
vn -0.296100 -0.639500 0.709500
vn 0.296100 0.639400 -0.709500
vn 0.296100 0.639500 -0.709500
vn 0.907100 -0.421000 -0.000900
vn -0.299300 -0.643300 -0.704700
vn 0.895100 0.204200 0.396400
vn 0.901000 0.188900 0.390500
vn 0.432200 -0.313000 -0.845700
vn -0.026600 0.941900 -0.334900
vn -0.015500 0.952200 -0.305000
vn -0.026500 0.942000 -0.334500
vn -0.053600 -0.072400 -0.995900
vn -0.026000 -0.072000 -0.997100
vn -0.026800 -0.072500 -0.997000
vn 0.024500 -0.072300 -0.997100
vn -0.064700 0.995000 0.076000
vn -0.064700 0.995000 0.076100
vn -0.081600 0.995000 0.058000
vn 0.036700 0.133200 0.990400
vn -0.028900 0.157800 0.987000
vn -0.034800 0.133200 0.990500
vn 0.048700 0.997100 0.058000
vn 0.009600 0.078200 0.996900
vn 0.074300 0.077700 0.994200
vn 0.013800 0.081300 0.996600
vn -0.014300 0.996000 0.087800
vn -0.012800 0.996500 0.082200
vn 0.024100 -0.072000 -0.997100
vn -0.907100 0.421000 0.000900
vn 0.037500 -0.930800 0.363700
vn 0.888700 0.219800 0.402300
vn -0.422100 0.326100 0.845900
vn -0.421900 0.326200 0.845900
vn -0.411900 0.338900 0.845900
vn -0.037500 0.930800 -0.363700
vn -0.909900 -0.360800 -0.204800
vn -0.961100 -0.239100 -0.137900
vn -0.600500 -0.719200 -0.349600
vn -0.901000 -0.188900 -0.390500
vn -0.432200 0.313000 0.845700
vn 0.022300 0.995600 -0.090900
vn -0.000600 -0.792200 -0.610300
vn -0.888100 0.459600 -0.010200
vn -0.831900 0.555000 0.001200
vn -0.999300 0.036700 -0.011500
vn -0.999800 -0.012800 -0.013200
vn -0.000400 -0.925300 -0.379300
vn 0.000500 0.999500 0.033100
vn 0.000400 0.999500 0.033000
vn -0.933300 0.358400 -0.021500
vn 0.007400 0.820100 -0.572100
vn 0.005800 0.823500 -0.567300
vn 0.012100 0.881400 -0.472100
vn -0.023000 0.182300 0.983000
vn -0.084200 0.181700 0.979700
vn -0.093100 0.164500 0.982000
vn -0.077500 -0.071400 -0.994400
vn -0.047700 0.994400 0.094100
vn 0.105300 0.991200 0.080100
vn 0.123900 0.990100 0.066500
vn 0.065700 0.084200 0.994300
vn 0.134400 0.073900 0.988200
vn 0.086500 0.991800 0.093700
vn -0.007900 0.996500 0.083500
vn -0.010600 0.995900 0.090300
vn 0.155700 0.063900 0.985700
vn -0.011300 0.997000 0.076700
vn -0.005200 0.997000 0.076700
vn 0.012700 0.956400 -0.291800
vn 0.000500 -0.165000 0.986300
vn 0.102400 -0.214000 0.971500
vn 0.102400 -0.214000 0.971400
vn -0.002300 -0.583800 -0.811900
vn -0.002400 -0.583800 -0.811900
vn -0.002600 -0.999600 -0.028600
vn -0.102700 -0.070800 -0.992200
vn 0.707900 -0.110700 0.697600
vn 0.931200 0.127100 0.341700
vn 0.803700 -0.083300 0.589200
vn 0.998600 0.041700 0.031100
vn 0.999500 -0.000100 0.033000
vn 0.998700 0.015300 0.049600
vn 0.993000 -0.023000 -0.115900
vn 0.954400 -0.067100 -0.290800
vn 0.984600 -0.019000 -0.173500
vn 1.000000 -0.004200 0.004800
vn -0.999200 -0.021000 -0.033500
vn -1.000000 0.000600 -0.008100
vn -0.999800 -0.005800 -0.019700
vn -0.999400 -0.006400 -0.033900
vn -0.999600 -0.009000 -0.026800
vn -1.000000 -0.005400 -0.005600
vn -0.999800 -0.006100 -0.017100
vn -0.994200 0.101000 -0.035700
vn -0.989700 0.141800 -0.017400
vn -0.994300 0.100900 -0.035700
vn -0.965000 0.110100 0.238200
vn -0.991500 0.072600 0.108200
vn -0.996800 0.059900 -0.053900
vn -0.999100 0.033700 -0.023800
vn -0.097900 -0.069200 -0.992800
vn -0.102000 0.147300 0.983800
vn 0.001000 0.999400 0.033500
vn 0.036400 0.969200 -0.243600
vn 0.018400 0.928800 -0.370100
vn 0.006900 0.088600 -0.996000
vn -0.726200 -0.622600 -0.291700
vn -0.866500 -0.351800 -0.354100
vn -0.885000 -0.226800 -0.406700
vn 0.014700 0.066300 -0.997700
vn 0.976400 0.215700 -0.005700
vn 0.987600 0.157000 -0.003100
vn 0.859700 -0.001500 0.510700
vn 0.203000 -0.260200 0.944000
vn 0.997100 -0.074400 -0.014000
vn 0.990100 -0.138600 -0.021900
vn 0.988600 -0.146700 -0.035200
vn 0.002100 0.850000 -0.526800
vn -0.001000 -0.099100 -0.995100
vn -0.001100 -0.095100 -0.995500
vn -0.001200 -0.095100 -0.995500
vn -0.002200 0.106000 0.994400
vn -0.005500 0.105400 0.994400
vn 0.995300 -0.096900 -0.005600
vn 0.986800 -0.159300 -0.028400
vn 0.995200 0.093500 -0.028700
vn -0.000300 0.032800 -0.999500
vn -0.000400 0.032900 -0.999500
vn -0.000900 0.032900 -0.999500
vn 0.953400 0.290700 0.081200
vn 0.011000 0.214000 0.976800
vn 0.016000 0.209000 0.977800
vn 0.001200 0.211700 0.977300
vn 0.999000 -0.041900 0.014900
vn 0.992800 0.119800 0.004900
vn 0.995200 0.097300 0.009400
vn 0.990800 0.134700 0.008900
vn 0.997000 0.077300 0.008300
vn -0.001300 -0.223800 -0.974600
vn -0.001300 -0.223900 -0.974600
vn -0.001400 -0.223800 -0.974600
vn 0.985100 0.172100 0.004900
vn 0.994500 0.100300 -0.030500
vn -0.865700 0.173500 -0.469500
vn 0.997600 -0.068400 0.007600
vn -0.815900 0.283800 -0.503800
vn -0.699200 0.524300 -0.485900
vn 0.001200 0.094900 0.995500
vn -0.001100 -0.106600 -0.994300
vn -0.001000 -0.102500 -0.994700
vn 0.001100 0.106600 0.994300
vn 0.001300 0.999400 0.033900
vn 0.001200 0.999400 0.033900
vn -0.000200 0.033000 -0.999500
vn 0.000900 -0.032400 0.999500
vn -0.001200 -0.999400 -0.033900
vn -0.001300 -0.999400 -0.033900
vn 0.016000 0.215100 0.976500
vn -0.001300 -0.200800 -0.979600
vn -0.001200 -0.200900 -0.979600
vn -0.000900 0.033300 -0.999400
vn 0.000900 -0.033300 0.999400
vn -0.001200 -0.223900 -0.974600
vn 0.001200 0.223900 0.974600
vn 0.389500 0.007600 0.921000
vn 0.788500 -0.567200 0.237900
vn 0.975200 0.074800 0.208400
vn 0.938000 0.323200 -0.125400
vn 0.920300 0.263100 0.289500
vn 0.982700 -0.112400 -0.147500
vn 0.253800 -0.744000 0.618100
vn 0.488300 0.866900 0.100500
vn 0.333400 0.786500 0.520000
vn 0.550300 0.686900 0.474700
vn 0.760500 -0.647200 -0.052000
vn 0.100200 -0.965600 0.240100
vn 0.475400 0.159700 0.865200
vn 0.811400 0.371100 -0.451600
vn -0.281600 -0.602900 0.746500
vn -0.040100 0.955900 0.291000
vn -0.290100 0.625600 0.724200
vn -0.623100 0.005000 0.782100
vn -0.689300 0.554600 0.466200
vn -0.644000 -0.542500 0.539400
vn -0.832200 0.005700 0.554400
vn 0.811400 0.371000 -0.451700
vn -0.407900 0.572300 -0.711400
vn -0.414200 0.907700 -0.067400
vn 0.626200 -0.773700 -0.096200
vn 0.306600 -0.584900 -0.750900
vn -0.308100 -0.584900 -0.750300
vn -0.812300 0.371000 -0.450100
vn 0.406600 0.572300 -0.712100
vn -0.626400 -0.773700 -0.095000
vn 0.414000 0.907700 -0.068200
vn 0.690200 0.554600 0.464900
vn 0.624600 0.005000 0.780900
vn 0.833300 0.005700 0.552800
vn 0.645000 -0.542500 0.538200
vn 0.283000 -0.602900 0.745900
vn 0.291500 0.625600 0.723700
vn -0.387700 0.007600 0.921700
vn -0.099800 -0.965600 0.240300
vn 0.040700 0.955900 0.290900
vn -0.252600 -0.744000 0.618600
vn -0.332400 0.786500 0.520600
vn -0.488100 0.866900 0.101500
vn -0.728000 -0.605700 0.321300
vn -0.549400 0.686900 0.475700
vn -0.473700 0.159700 0.866100
vn -0.812300 0.371100 -0.450100
vn -0.835700 -0.542400 -0.085500
vn -0.989100 0.001200 0.147400
vn -0.919700 0.263100 0.291300
vn -0.938200 0.323200 -0.123600
vn -0.989800 0.000500 -0.142500
vn -0.000300 -0.961100 -0.276400
vn 0.000200 -0.966000 0.258600
vn -0.000500 -0.847400 -0.530900
vn 0.000500 -0.842100 0.539300
vn 0.000800 -0.576800 0.816900
vn 0.000800 -0.487400 0.873200
vn 0.000900 -0.267200 0.963600
vn 0.001000 -0.154700 0.988000
vn -0.000800 -0.626500 -0.779400
vn -0.000800 -0.566500 -0.824000
vn -0.000800 0.500000 -0.866000
vn 0.000000 1.000000 0.000000
vn 0.000800 -0.500000 0.866000
vn 0.000500 -0.866000 0.500000
vn -0.000500 -0.866000 -0.500000
vn -0.001000 -0.034300 -0.999400
vn 0.001000 -0.133600 0.991000
vn -0.000900 -0.346500 -0.938100
vn -0.000900 -0.173200 -0.984900
vn -0.000000 -0.999400 -0.034400
vn -0.000000 -0.999500 -0.030700
vn -0.000000 -0.999400 -0.033900
vn -0.000600 -0.997800 0.067000
vn 0.058600 -0.990100 -0.127200
vn 0.019500 -0.992500 -0.120400
vn 0.029300 -0.992100 -0.122100
vn 0.999800 -0.009200 0.014900
vn 0.999800 -0.009800 0.015000
vn 0.999800 -0.010000 0.015000
vn -0.000100 -0.994200 -0.107800
vn 0.999900 -0.008500 0.014800
vn 0.999100 -0.000000 -0.042400
vn 0.000000 -1.000000 0.008300
vn 0.222200 0.866400 -0.447200
vn 0.393800 -0.461000 0.795300
vn 0.000800 -0.556900 0.830600
vn 0.525800 -0.850600 -0.000600
vn -0.000900 0.279200 -0.960200
vn -0.525800 -0.850600 0.000400
vn -0.381300 0.520900 -0.763700
vn 0.006300 -0.999500 0.029800
vn 0.000000 -0.998800 0.048400
vn -0.003100 -0.999200 0.039100
vn -0.006200 -0.999500 0.029800
vn -0.392200 -0.461000 0.796000
vn 0.000000 -1.000000 0.000000
vn -0.999200 0.000000 -0.040500
vn -0.999800 -0.009100 0.016800
vn -0.999800 -0.009500 0.016900
vn -0.999800 -0.008500 0.016700
vn -0.999800 -0.010000 0.016900
vn -0.000100 -0.993100 -0.116900
vn 0.000700 -0.997800 0.067000
vn -0.000500 0.837200 -0.547000
vn -0.000200 -0.986000 -0.166900
vn 0.000000 0.999300 0.038300
vn -0.000100 0.995600 -0.093200
vn 0.000100 -0.994600 0.103500
vn -0.000000 -0.999600 -0.028700
vn 0.000600 -0.757700 0.652600
vn 0.000100 -0.990600 0.137000
vn -0.000100 0.988000 -0.154700
vn 0.560200 -0.793300 0.238500
vn 0.560400 -0.662900 0.496600
vn 0.560500 -0.453000 0.693300
vn 0.000600 -0.724100 0.689700
vn 0.000400 -0.916800 0.399400
vn 0.000900 -0.445300 0.895400
vn 0.560600 -0.190000 0.806000
vn 0.001000 -0.114600 0.993400
vn 0.560600 0.095000 0.822600
vn 0.000900 0.229200 0.973400
vn 0.560600 0.369000 0.741400
vn 0.000800 0.546700 0.837300
vn 0.560500 0.599900 0.570900
vn 0.000600 0.800000 0.600000
vn 0.560300 0.759500 0.330400
vn 0.000200 -0.984500 0.175200
vn 0.707200 -0.696200 0.123200
vn 0.559700 -0.759500 -0.331500
vn 0.447100 -0.880600 -0.157100
vn -0.000200 -0.984500 -0.175200
vn -0.000300 -0.957500 -0.288500
vn 0.559400 -0.599900 -0.572000
vn -0.000600 -0.800000 -0.600000
vn 0.000300 0.957500 0.288500
vn 0.447400 0.880600 0.156200
vn 0.707000 0.696200 -0.124500
vn 0.559700 0.793300 -0.239600
vn 0.559400 0.662800 -0.497700
vn -0.000400 0.916800 -0.399400
vn -0.000200 0.984500 -0.175200
vn 0.000200 0.984500 0.175200
vn 0.559100 -0.369000 -0.742400
vn -0.000800 -0.546700 -0.837300
vn 0.559000 0.190000 -0.807100
vn 0.559000 -0.095000 -0.823700
vn -0.000900 -0.229200 -0.973400
vn -0.001000 0.114600 -0.993400
vn 0.559200 0.453000 -0.694300
vn -0.000600 0.724100 -0.689700
vn -0.000900 0.445300 -0.895400
vn 0.560400 -0.662800 0.496600
vn 0.560600 -0.453000 0.693300
vn 0.560600 -0.189900 0.806000
vn 0.001000 0.229300 0.973400
vn 0.560600 0.369000 0.741300
vn 0.447000 -0.880600 -0.157100
vn -0.000500 -0.800000 -0.600000
vn 0.447300 0.880600 0.156200
vn 0.559800 0.793300 -0.239600
vn 0.559200 -0.369000 -0.742400
vn 0.559100 0.190000 -0.807100
vn -0.000900 -0.229300 -0.973400
vn -0.000700 0.724100 -0.689700
vn -0.000800 0.445300 -0.895400
vn 0.849900 0.000000 0.527000
vn 0.445300 -0.000000 0.895400
vn 0.298900 -0.788700 0.537200
vn 0.252700 -0.876300 0.410100
vn 0.298900 0.788700 0.537200
vn 0.086400 0.927600 0.363500
vn -0.199900 0.938100 0.282900
vn -0.082800 0.948700 0.305200
vn 0.086300 0.927600 0.363500
vn 0.337300 -0.680600 0.650400
vn -0.082800 -0.948700 0.305200
vn 0.194000 0.000000 0.981000
vn -0.034800 0.000000 0.999400
vn -0.475100 -0.000000 0.880000
vn -0.261800 0.000000 0.965100
vn 0.337300 0.680600 0.650400
vn 0.000900 -0.469000 0.883200
vn 0.997400 -0.058400 -0.041500
vn 0.997300 -0.051200 -0.052900
vn 0.000700 0.701900 0.712300
vn 0.997400 -0.065700 -0.030000
vn -0.000900 0.355300 -0.934800
vn -0.997400 -0.065700 -0.028100
vn -0.997500 -0.058400 -0.039500
vn -0.997400 -0.051200 -0.051000
vn -0.529400 -0.788700 0.312500
vn -0.425300 -0.876300 0.226100
vn -0.529400 0.788700 0.312500
vn -0.199800 0.938100 0.282900
vn -0.475000 0.000000 0.880000
vn -0.663200 0.000000 0.748400
vn -0.619800 -0.680600 0.390700
vn -0.619800 0.680600 0.390700
vn -0.906700 -0.000000 0.421800
vn -0.999700 0.000000 0.025200
vn -0.559400 -0.599900 0.572000
vn 0.000800 -0.546700 0.837300
vn -0.559200 -0.369000 0.742400
vn 0.001000 -0.229300 0.973400
vn -0.559000 -0.095000 0.823700
vn 0.001000 0.114600 0.993400
vn -0.559100 0.190000 0.807100
vn 0.000800 0.445300 0.895400
vn -0.559200 0.453000 0.694300
vn 0.000700 0.724100 0.689700
vn -0.559500 0.662800 0.497700
vn -0.560200 -0.793300 -0.238500
vn -0.707200 -0.696200 -0.123200
vn 0.000300 -0.957500 0.288500
vn -0.447000 -0.880600 0.157100
vn -0.559700 -0.759500 0.331500
vn -0.560400 -0.662800 -0.496600
vn -0.000400 -0.916800 -0.399400
vn 0.000600 -0.800000 0.600000
vn -0.000600 -0.724100 -0.689700
vn -0.560600 -0.452900 -0.693300
vn -0.000900 -0.445300 -0.895400
vn -0.560600 -0.189900 -0.806000
vn -0.001000 -0.114600 -0.993400
vn -0.560600 0.095000 -0.822600
vn -0.000900 0.229300 -0.973400
vn -0.560600 0.369000 -0.741300
vn -0.000800 0.546700 -0.837300
vn -0.560500 0.599900 -0.570900
vn -0.000600 0.800000 -0.600000
vn -0.560300 0.759500 -0.330400
vn 0.000400 0.916800 0.399400
vn -0.559800 0.793300 0.239600
vn -0.447300 0.880600 -0.156200
vn -0.000300 0.957500 -0.288500
vn -0.707000 0.696200 0.124500
vn -0.559100 -0.369000 0.742400
vn 0.000900 -0.229200 0.973400
vn -0.559000 0.190000 0.807100
vn 0.000900 0.445300 0.895400
vn -0.559200 0.453000 0.694400
vn -0.559400 0.662900 0.497700
vn -0.447100 -0.880600 0.157100
vn -0.000700 -0.724100 -0.689700
vn -0.560500 -0.453000 -0.693300
vn -0.560600 -0.190000 -0.806000
vn -0.001000 0.229200 -0.973400
vn -0.560600 0.369000 -0.741400
vn -0.000500 0.800000 -0.600000
vn -0.559700 0.793300 0.239600
vn -0.447400 0.880600 -0.156200
vn -0.377300 0.000000 -0.926100
vn -0.371500 -0.000000 -0.928400
vn -0.374800 0.000000 -0.927100
vn -0.382600 -0.004200 -0.923900
vn -0.382600 0.004200 -0.923900
vn -0.387000 -0.000100 -0.922100
vn 0.358900 0.038300 0.932600
vn 0.346000 -0.057100 0.936500
vn 0.561400 -0.044900 0.826400
vn 0.570600 0.075600 0.817700
vn 0.249700 0.280800 0.926700
vn 0.069900 0.138400 0.987900
vn -0.006500 0.993000 0.118100
vn -0.018700 0.994300 0.104700
vn 0.079100 0.991000 0.108300
vn 0.109600 0.987100 0.116900
vn 0.200300 0.975800 0.087800
vn -0.062600 0.865400 0.497100
vn -0.013800 0.768200 0.640000
vn -0.013800 0.768200 0.640100
vn 0.095400 -0.062900 0.993500
vn 0.035400 0.646200 0.762400
vn 0.039700 0.410400 0.911000
vn 0.037400 0.471300 0.881200
vn 0.041600 0.269200 0.962200
vn 0.106500 0.986700 0.122600
vn 0.181900 0.974700 0.129800
vn 0.271000 0.953000 0.135300
vn 0.314800 0.938000 0.145000
vn 0.459200 0.874400 0.156500
vn 0.411800 0.899100 0.148700
vn -0.055500 0.991400 0.118400
vn 0.397500 0.790500 0.465900
vn 0.580200 0.642100 0.501100
vn 0.529400 0.707400 0.468300
vn 0.000100 0.991100 0.133100
vn 0.000100 0.993700 0.111700
vn 0.000100 0.992800 0.119700
vn 0.218000 -0.058700 0.974200
vn 0.453500 0.171000 0.874700
vn 0.314000 0.120000 0.941800
vn 0.545300 0.341300 0.765600
vn 0.387700 0.271200 0.881000
vn 0.253400 0.839100 0.481400
vn 0.000500 0.865500 0.500900
vn 0.273700 -0.067200 0.959500
vn 0.000900 0.333800 0.942600
vn 0.001000 0.088200 0.996100
vn 0.261900 0.000000 -0.965100
vn -0.181600 0.974700 0.130200
vn -0.106300 0.986700 0.122800
vn 0.001000 -0.095600 0.995400
vn -0.271800 -0.067200 0.960000
vn 0.000500 0.821800 0.569700
vn -0.252500 0.839100 0.481900
vn -0.312100 0.120000 0.942400
vn -0.385900 0.271200 0.881800
vn -0.451800 0.171000 0.875600
vn -0.216100 -0.058700 0.974600
vn -0.543800 0.341300 0.766700
vn -0.396600 0.790500 0.466600
vn -0.528500 0.707400 0.469300
vn -0.068000 0.138400 0.988000
vn -0.039800 0.269200 0.962300
vn -0.093500 -0.062900 0.993600
vn -0.314500 0.938000 0.145600
vn -0.411500 0.899100 0.149500
vn -0.579200 0.642100 0.502200
vn -0.458900 0.874400 0.157400
vn -0.270700 0.953000 0.135800
vn -0.037900 0.410400 0.911100
vn -0.357100 0.038300 0.933300
vn -0.035700 0.471300 0.881200
vn -0.247900 0.280800 0.927200
vn 0.015100 0.768200 0.640000
vn -0.033900 0.646200 0.762500
vn -0.344200 -0.057100 0.937200
vn 0.055700 0.991400 0.118300
vn 0.006700 0.993000 0.118100
vn 0.018900 0.994300 0.104600
vn 0.063600 0.865400 0.496900
vn -0.078900 0.991000 0.108400
vn -0.109400 0.987100 0.117100
vn -0.200100 0.975800 0.088200
vn -0.559800 -0.044900 0.827400
vn -0.569100 0.075500 0.818800
vn 0.380500 0.003900 -0.924800
vn 0.375500 0.000000 -0.926800
vn 0.385200 -0.000100 -0.922800
vn 0.373000 0.000000 -0.927800
vn 0.380600 -0.004100 -0.924700
vn 0.369700 -0.000000 -0.929100
vn 0.369800 0.000000 -0.929100
vn 0.923800 0.381800 0.028000
vn 0.920100 0.391000 0.021900
vn 0.916300 0.400100 0.015700
vn 0.263800 0.705100 0.658200
vn 0.409800 0.693600 0.592400
vn 0.434600 0.697000 0.570300
vn 0.000700 0.702500 0.711700
vn 0.251700 0.700400 0.667900
vn 0.000700 0.704000 0.710200
vn -0.262500 0.705100 0.658700
vn -0.408700 0.693600 0.593200
vn -0.250400 0.700400 0.668400
vn -0.433500 0.697000 0.571100
vn -0.923800 0.381800 0.029800
vn -0.920100 0.391000 0.023600
vn -0.916300 0.400100 0.017500
vn 0.756900 0.647700 0.087100
vn 0.896500 0.424600 0.126200
vn 0.876700 0.478800 -0.046300
vn 0.766600 0.641500 -0.027800
vn 0.675500 0.736900 0.025200
vn 0.987000 -0.099400 -0.126600
vn 0.938400 -0.103900 -0.329600
vn 0.980700 0.154700 -0.119900
vn 0.992600 0.053200 0.109500
vn 0.996100 -0.064600 0.059400
vn 0.876900 0.452600 0.162100
vn 0.922600 -0.288500 -0.256100
vn 0.993400 -0.100400 0.055200
vn 0.953300 -0.298900 0.042700
vn 0.843700 0.534000 0.055100
vn 0.918000 0.382800 0.103900
vn 0.947300 0.318800 -0.032200
vn 0.997000 -0.047900 -0.061100
vn 0.995100 0.069700 -0.070300
vn 0.898200 0.439000 -0.023200
vn 0.922700 0.301400 0.240300
vn 0.984400 -0.013900 0.175600
vn 0.867700 -0.468600 -0.165800
vn 0.931800 -0.322400 -0.166800
vn 0.948700 -0.306800 -0.076500
vn 0.990800 -0.115600 -0.070500
vn 0.998300 0.058500 0.006100
vn 0.996800 -0.080400 0.002200
vn 0.988700 0.149500 0.006900
vn 0.975100 -0.102300 0.196600
vn 0.933000 -0.314800 0.174600
vn 0.990800 -0.135400 0.000200
vn 0.981700 -0.190200 -0.001600
vn 0.887800 -0.458200 0.041900
vn 0.811700 -0.583100 0.032600
vn 0.931800 0.362800 0.008300
vn 0.493600 0.869500 0.017100
vn 0.724000 0.689100 0.031200
vn 0.981800 -0.189900 -0.001700
vn 0.887900 -0.452400 -0.083300
vn 0.814800 -0.554400 0.169600
vn 0.702400 -0.699100 0.134000
vn 0.765700 0.642900 0.017500
vn 0.608800 0.790700 0.064100
vn 0.588100 0.749300 0.304400
vn 0.873100 0.487600 0.002900
vn 0.825300 0.563800 -0.032500
vn 0.843200 0.537500 -0.008500
vn 0.836200 0.548300 0.012500
vn 0.576300 -0.218900 0.787400
vn 0.531000 -0.231800 0.815000
vn 0.324700 0.632400 0.703300
vn 0.303400 0.948400 0.092000
vn 0.572000 -0.073100 -0.817000
vn 0.811500 -0.583500 0.032700
vn 0.510200 0.858300 0.054800
vn 0.776100 0.630400 0.015000
vn 0.863900 0.503300 0.016300
vn 0.816300 -0.572000 -0.080600
vn 0.386200 0.922400 -0.005500
vn 0.174200 0.984600 0.016800
vn 0.455600 0.890200 0.006000
vn 0.606900 -0.779500 0.154900
vn 0.497800 -0.590300 0.635400
vn 0.820500 0.557400 0.127300
vn 0.811800 -0.583700 -0.015800
vn 0.816700 -0.576800 -0.016600
vn 0.156100 0.822000 0.547700
vn 0.821600 -0.569900 -0.017300
vn 0.819100 -0.568200 -0.078800
vn 0.297000 0.020900 -0.954700
vn -0.001000 -0.002900 -1.000000
vn 0.902000 -0.406400 -0.145800
vn 0.812200 0.580200 0.060000
vn 0.230600 0.969900 -0.078000
vn 0.427100 -0.853800 0.297700
vn 0.230000 -0.897700 0.375800
vn 0.554400 -0.811200 0.186100
vn 0.015100 -0.908400 0.417800
vn 0.025100 -0.899800 0.435600
vn 0.229900 -0.897700 0.375800
vn 0.125700 -0.134200 0.982900
vn 0.034600 -0.138000 0.989800
vn 0.034500 -0.137900 0.989800
vn 0.041000 -0.146800 0.988300
vn 0.040400 0.645800 0.762400
vn -0.000100 0.997500 -0.070400
vn -0.001000 -0.073100 -0.997300
vn -0.001000 0.134500 -0.990900
vn -0.000100 0.992900 -0.118800
vn 0.028100 -0.129100 0.991200
vn 0.402000 -0.096100 0.910600
vn 0.174000 -0.224600 0.958800
vn 0.174000 -0.224500 0.958800
vn 0.190300 -0.188700 0.963400
vn 0.157500 -0.260100 0.952700
vn -0.172200 -0.224600 0.959100
vn -0.155600 -0.260100 0.953000
vn 0.000400 -0.911300 0.411700
vn 0.052000 -0.928100 0.368600
vn -0.051300 -0.928100 0.368700
vn -0.032200 -0.588200 0.808100
vn -0.229200 -0.897700 0.376300
vn -0.188500 -0.188700 0.963800
vn -0.400200 -0.096100 0.911400
vn -0.026200 -0.129100 0.991300
vn -0.032600 -0.138000 0.989900
vn -0.032300 -0.588200 0.808100
vn -0.014300 -0.908400 0.417800
vn -0.251600 0.964900 -0.075400
vn -0.032200 0.997200 -0.068100
vn -0.029800 0.992400 -0.119300
vn -0.001000 -0.073000 -0.997300
vn -0.298800 0.020900 -0.954100
vn -0.155000 0.822000 0.548100
vn -0.323300 0.632400 0.703900
vn -0.038900 0.645800 0.762500
vn -0.496700 0.867700 0.018000
vn -0.454100 0.890900 0.007200
vn -0.183100 0.982900 0.017600
vn -0.397500 0.917600 -0.003600
vn -0.756300 0.648300 0.088300
vn -0.820200 0.557400 0.128800
vn -0.812100 0.580200 0.061600
vn -0.608700 0.790700 0.065200
vn -0.303200 0.948400 0.092600
vn -0.510100 0.858300 0.055800
vn -0.185600 -0.580500 0.792800
vn -0.656700 -0.692900 0.297700
vn -0.123800 -0.134200 0.983200
vn -0.574800 -0.218800 0.788500
vn -0.574800 -0.218900 0.788500
vn -0.618500 -0.205200 0.758500
vn -0.554000 -0.811200 0.187100
vn -0.763200 0.645600 -0.024900
vn -0.676200 0.736200 0.026700
vn -0.726200 0.686700 0.032800
vn -0.831300 -0.534600 -0.152300
vn -0.921300 -0.355400 -0.157700
vn -0.865000 -0.474400 -0.163500
vn -0.573600 -0.073100 -0.815900
vn -0.816700 -0.576800 -0.015000
vn -0.821600 -0.569900 -0.015800
vn -0.587500 0.749300 0.305600
vn -0.876500 0.452600 0.163800
vn -0.702100 -0.699100 0.135300
vn -0.606600 -0.779500 0.156100
vn -0.702100 -0.699100 0.135400
vn -0.825500 -0.124500 0.550500
vn -0.888100 -0.452400 -0.081600
vn -0.819200 -0.568200 -0.077300
vn -0.816500 -0.572000 -0.079100
vn -0.896600 0.442600 0.014000
vn -0.744900 0.666800 0.024600
vn -0.806900 0.590400 0.017200
vn -0.843200 0.537500 -0.006800
vn -0.875800 0.482700 0.001100
vn -0.776100 0.630400 0.016500
vn -0.765700 0.642900 0.018900
vn -0.898200 0.439000 -0.021500
vn -0.843600 0.534000 0.056800
vn -0.811400 -0.583500 0.034300
vn -0.887800 -0.458200 0.043600
vn -0.811700 -0.583100 0.034200
vn -0.939000 -0.104700 -0.327700
vn -0.934200 -0.224200 -0.277500
vn -0.987200 -0.099400 -0.124700
vn -0.922300 0.301400 0.242100
vn -0.947300 0.318800 -0.030400
vn -0.825400 0.563800 -0.030900
vn -0.988700 0.149500 0.008900
vn -0.896300 0.424600 0.127900
vn -0.811800 -0.583700 -0.014300
vn -0.993300 -0.100400 0.057200
vn -0.953300 -0.298900 0.044600
vn -0.967200 -0.155100 0.201100
vn -0.786400 -0.607400 0.112400
vn -0.948800 -0.306800 -0.074700
vn -0.981800 -0.189900 0.000200
vn -0.990800 -0.135300 0.002200
vn -0.990900 -0.115600 -0.068600
vn -0.874800 0.482400 -0.043800
vn -0.997100 -0.047900 -0.059300
vn -0.995200 0.069700 -0.068400
vn -0.998300 0.058500 0.008000
vn -0.996800 -0.080400 0.004100
vn -0.979100 -0.100300 0.177100
vn -0.825400 -0.124600 0.550600
vn -0.983700 0.029400 0.177200
vn -0.992300 0.053200 0.111500
vn -0.917800 0.382800 0.105700
vn -0.996000 -0.064600 0.061300
vn -0.980700 0.156800 -0.116900
usemtl _bbman_vBackNorm_m
s 1
f 172/1/1 173/2/2 174/1/3
f 175/3/4 172/1/1 174/1/3
f 176/2/5 177/4/6 173/2/2
f 172/1/1 176/2/5 173/2/2
f 178/3/7 172/1/1 175/3/4
f 179/5/8 178/3/7 175/3/4
f 180/4/9 181/6/10 177/4/6
f 176/2/5 180/4/9 177/4/6
f 182/5/8 178/3/7 179/5/8
f 183/7/11 184/8/12 185/9/13
f 184/8/12 186/10/14 185/9/13
f 180/4/9 187/6/10 181/6/10
f 188/11/15 184/8/12 183/7/11
f 189/12/16 188/11/15 183/7/11
f 190/9/17 191/10/18 192/7/19
f 193/13/20 194/12/21 192/7/19
f 195/14/22 196/15/23 197/16/24
f 198/17/25 199/18/26 197/16/24
f 200/19/27 201/20/28 196/15/23
f 202/17/29 203/16/29 204/15/29
f 205/20/29 206/21/29 204/15/29
f 188/11/15 207/22/30 184/8/12
f 208/23/31 207/22/30 188/11/15
f 189/12/16 208/23/31 188/11/15
f 200/19/27 196/15/23 195/14/22
f 209/24/32 200/19/27 195/14/22
f 197/16/24 199/18/26 195/14/22
f 199/18/26 210/25/33 195/14/22
f 211/26/34 201/20/28 200/19/27
f 212/27/35 211/26/34 200/19/27
f 211/26/34 213/28/36 201/20/28
f 186/10/14 184/8/12 214/29/37
f 215/30/38 186/10/14 214/29/37
f 216/31/39 215/30/38 214/29/37
f 184/8/12 216/31/39 214/29/37
f 217/32/40 218/33/41 219/32/42
f 220/34/43 216/31/39 207/22/30
f 208/23/31 221/35/44 207/22/30
f 192/7/19 191/10/18 193/13/20
f 222/36/45 194/12/21 193/13/20
f 223/37/46 224/36/46 225/13/46
f 226/38/47 213/28/36 211/26/34
f 227/12/48 221/35/44 208/23/31
f 189/12/16 227/12/48 208/23/31
f 228/21/49 212/27/35 209/24/32
f 195/14/22 210/25/33 209/24/32
f 229/39/50 211/26/34 212/27/35
f 200/19/27 209/24/32 212/27/35
f 228/21/49 229/39/50 212/27/35
f 230/40/51 210/25/33 198/17/25
f 231/13/52 186/10/14 215/30/38
f 184/8/12 207/22/30 216/31/39
f 232/41/53 233/42/54 234/43/55
f 235/44/56 236/45/57 234/43/55
f 237/46/58 238/47/59 239/48/60
f 240/49/61 241/50/62 242/51/63
f 243/52/64 244/48/64 245/53/64
f 246/54/65 247/54/65 248/54/65
f 249/55/66 250/56/66 251/55/66
f 252/55/67 253/47/67 254/57/67
f 255/54/68 256/54/68 257/54/68
f 231/13/52 215/30/38 258/37/69
f 215/30/38 216/31/39 258/37/69
f 259/36/46 224/36/46 223/37/46
f 232/41/53 234/43/55 236/45/57
f 260/58/70 261/59/71 262/60/72
f 263/61/73 260/58/70 262/60/72
f 264/62/74 265/63/75 266/33/76
f 267/64/77 268/65/78 269/66/79
f 270/54/80 271/54/80 272/54/80
f 199/18/26 198/17/25 210/25/33
f 273/67/81 261/59/71 260/58/70
f 274/68/82 273/67/81 260/58/70
f 255/54/68 257/54/68 275/54/68
f 275/54/68 257/54/68 276/54/68
f 277/62/83 278/69/84 279/63/85
f 248/54/65 247/54/65 280/54/65
f 281/57/86 282/47/86 283/57/86
f 284/47/87 285/55/88 286/57/89
f 248/54/65 280/54/65 287/54/65
f 288/47/90 289/46/90 290/46/90
f 291/48/91 284/47/87 292/46/92
f 293/54/93 294/54/94 295/54/95
f 296/54/96 297/54/97 298/54/97
f 299/69/98 218/33/41 217/32/40
f 279/63/85 278/69/84 300/32/99
f 301/70/100 302/71/101 303/72/102
f 304/72/103 301/70/100 303/72/102
f 305/73/104 306/71/105 302/71/101
f 307/50/106 308/50/107 309/50/107
f 310/74/108 311/75/108 312/75/109
f 313/64/110 314/64/111 267/64/77
f 314/64/111 315/76/112 267/64/77
f 316/64/113 317/64/113 318/64/114
f 319/77/115 320/78/116 321/79/117
f 322/80/118 323/81/119 324/82/120
f 325/83/121 326/84/122 327/85/121
f 324/82/120 323/81/119 328/86/123
f 327/85/121 326/84/122 329/87/124
f 326/84/122 330/88/125 329/87/124
f 329/87/124 330/88/125 331/89/126
f 330/88/125 332/90/127 331/89/126
f 331/89/126 332/90/127 319/77/115
f 332/90/127 320/78/116 319/77/115
f 333/91/128 334/92/128 335/93/129
f 336/93/130 337/93/131 338/93/132
f 339/54/133 293/54/93 340/54/134
f 293/54/93 295/54/95 340/54/134
f 334/92/128 333/91/128 341/92/135
f 342/94/56 236/45/57 235/44/56
f 338/93/132 343/95/136 344/91/137
f 263/61/73 262/60/72 345/96/138
f 338/93/132 337/93/131 343/95/136
f 346/97/139 260/58/70 263/61/73
f 274/68/82 260/58/70 346/97/139
f 313/64/110 347/64/140 314/64/111
f 348/76/141 315/76/112 314/64/111
f 316/64/113 349/76/142 317/64/113
f 211/26/34 350/98/143 226/38/47
f 211/26/34 229/39/50 350/98/143
f 202/17/29 204/15/29 206/21/29
f 205/20/29 351/28/29 206/21/29
f 352/28/144 353/38/145 354/21/146
f 354/21/146 353/38/145 355/21/147
f 353/38/145 356/98/148 355/21/147
f 350/98/143 229/39/50 228/21/49
f 355/21/147 356/98/148 357/21/149
f 358/64/150 359/64/150 360/64/150
f 361/76/151 362/64/152 363/64/153
f 364/64/150 359/64/150 358/64/150
f 361/76/151 365/76/154 362/64/152
f 366/63/155 367/63/155 368/62/155
f 369/62/156 370/69/157 371/56/158
f 249/55/66 372/56/66 250/56/66
f 373/56/159 374/53/160 238/47/59
f 252/55/67 375/56/67 253/47/67
f 264/62/74 266/33/76 376/69/161
f 267/64/77 315/76/112 268/65/78
f 377/49/162 240/49/61 268/65/78
f 378/69/163 379/53/163 380/69/163
f 371/56/158 370/69/157 381/53/164
f 239/48/60 238/47/59 374/53/160
f 382/49/165 241/50/62 240/49/61
f 377/49/162 382/49/165 240/49/61
f 383/48/166 384/48/166 385/53/167
f 366/63/155 368/62/155 386/62/155
f 387/62/168 388/56/168 389/62/168
f 389/62/168 388/56/168 390/56/168
f 278/69/84 277/62/83 391/56/169
f 285/55/88 284/47/87 391/56/169
f 392/3/170 393/5/170 394/1/170
f 395/99/171 396/70/172 397/100/173
f 396/70/172 398/101/174 397/100/173
f 305/73/104 302/71/101 301/70/100
f 304/72/103 399/101/103 301/70/100
f 283/57/86 282/47/86 400/47/86
f 288/47/90 290/46/90 401/47/90
f 402/53/175 391/56/169 284/47/87
f 395/99/171 397/100/173 403/102/176
f 404/1/177 405/5/177 406/2/177
f 407/103/105 306/71/105 305/73/104
f 408/104/178 409/103/178 410/73/178
f 411/69/179 412/53/179 413/53/180
f 414/105/181 415/74/182 416/74/183
f 417/74/184 311/75/108 310/74/108
f 418/2/185 419/5/185 420/4/185
f 421/49/186 422/49/186 423/106/186
f 424/4/187 425/5/187 426/6/187
f 427/69/188 218/33/41 299/69/98
f 428/53/163 379/53/163 378/69/163
f 361/76/151 429/107/189 430/65/190
f 383/48/166 385/53/167 431/53/167
f 432/76/191 430/65/190 433/49/192
f 284/47/87 291/48/91 402/53/175
f 278/69/84 391/56/169 402/53/175
f 298/54/97 297/54/97 434/54/193
f 435/50/194 436/50/195 437/50/196
f 438/54/197 439/54/197 440/54/198
f 441/76/199 315/76/112 348/76/141
f 442/49/200 443/49/201 444/49/202
f 309/50/107 308/50/107 445/50/203
f 363/64/153 429/107/189 361/76/151
f 446/54/204 439/54/197 438/54/197
f 377/49/162 268/65/78 441/76/199
f 268/65/78 315/76/112 441/76/199
f 447/69/205 412/53/179 411/69/179
f 432/76/191 433/49/192 448/49/206
f 422/49/186 421/49/186 449/49/186
f 361/76/151 430/65/190 432/76/191
f 450/105/207 415/74/182 414/105/181
f 451/105/208 450/105/207 414/105/181
f 452/108/209 453/106/210 454/109/211
f 455/108/212 452/108/209 454/109/211
f 444/49/202 453/106/210 452/108/209
f 442/49/200 444/49/202 452/108/209
f 456/108/213 442/49/200 452/108/209
f 457/69/214 458/53/215 459/69/216
f 460/54/217 461/54/217 462/54/217
f 364/64/150 463/64/150 359/64/150
f 456/108/213 452/108/209 455/108/212
f 464/108/218 456/108/213 455/108/212
f 458/53/215 457/69/214 465/53/219
f 466/53/220 467/69/221 465/53/219
f 468/105/222 450/105/207 451/105/208
f 469/105/223 468/105/222 451/105/208
f 470/108/224 442/49/200 456/108/213
f 471/49/225 470/108/224 456/108/213
f 472/50/226 473/110/227 474/50/228
f 475/110/229 436/50/195 435/50/194
f 476/54/230 477/54/230 478/54/231
f 479/54/232 480/54/232 478/54/233
f 220/34/43 207/22/30 221/35/44
f 481/111/234 220/34/43 221/35/44
f 227/12/48 482/112/235 221/35/44
f 483/36/236 216/31/39 220/34/43
f 484/113/237 483/36/236 220/34/43
f 481/111/234 484/113/237 220/34/43
f 189/12/16 482/112/235 227/12/48
f 258/37/69 216/31/39 483/36/236
f 485/114/238 482/112/235 189/12/16
f 486/115/239 485/114/238 189/12/16
f 487/54/217 461/54/217 460/54/217
f 467/69/221 466/53/220 488/69/240
f 471/49/225 456/108/213 464/108/218
f 489/49/241 471/49/225 464/108/218
f 464/108/218 455/108/212 490/109/242
f 491/106/243 464/108/218 490/109/242
f 469/105/223 451/105/208 492/105/244
f 493/74/245 469/105/223 492/105/244
f 494/65/246 495/76/247 496/76/248
f 497/49/249 498/49/249 499/49/249
f 500/49/250 496/76/248 501/49/251
f 502/53/252 503/53/253 504/69/252
f 505/65/254 506/49/255 507/76/256
f 508/76/257 505/65/254 507/76/256
f 509/54/258 510/54/259 511/54/258
f 512/107/260 513/64/261 495/76/247
f 514/50/262 515/50/263 516/50/264
f 517/49/265 471/49/225 489/49/241
f 508/76/257 507/76/256 518/76/266
f 509/54/258 511/54/258 519/54/267
f 520/50/268 515/50/263 514/50/262
f 472/50/226 474/50/228 521/50/269
f 522/74/270 523/116/271 524/74/272
f 525/56/273 526/69/274 527/53/275
f 528/48/276 529/47/277 527/53/275
f 494/65/246 496/76/248 500/49/250
f 530/62/278 531/63/279 526/69/274
f 512/107/260 495/76/247 494/65/246
f 532/5/280 533/4/280 534/6/280
f 498/49/249 497/49/249 535/106/249
f 489/49/241 464/108/218 491/106/243
f 536/5/281 537/2/281 538/4/281
f 539/75/282 540/74/283 541/74/282
f 493/74/245 492/105/244 542/74/284
f 502/53/252 504/69/252 543/69/285
f 544/103/286 545/104/286 546/73/286
f 547/102/287 548/70/288 549/99/289
f 550/5/290 551/1/290 552/2/290
f 553/1/3 554/2/2 555/2/5
f 556/5/8 557/5/8 558/3/7
f 525/56/273 527/53/275 529/47/277
f 559/57/291 525/56/273 529/47/277
f 560/47/292 561/57/292 562/47/292
f 563/101/103 564/72/103 565/70/102
f 548/70/288 547/102/287 566/100/293
f 567/101/294 548/70/288 566/100/293
f 568/5/295 569/3/295 570/1/295
f 558/3/7 571/3/4 553/1/3
f 530/62/278 526/69/274 525/56/273
f 559/57/291 572/55/296 525/56/273
f 573/56/168 574/62/168 575/56/168
f 576/55/297 577/56/66 578/56/66
f 579/53/298 580/69/298 581/53/298
f 582/48/299 583/53/300 584/53/300
f 585/49/301 506/49/255 586/49/302
f 587/50/303 585/49/301 586/49/302
f 588/47/304 589/48/305 590/53/306
f 591/69/307 592/56/308 593/53/309
f 581/53/298 580/69/298 594/69/298
f 586/49/302 506/49/255 505/65/254
f 508/76/257 595/64/310 505/65/254
f 596/33/311 597/62/311 598/69/312
f 599/57/292 561/57/292 560/47/292
f 600/55/313 601/57/313 602/47/314
f 590/53/306 603/56/315 588/47/304
f 604/62/168 574/62/168 573/56/168
f 576/55/297 605/55/297 577/56/66
f 600/55/313 602/47/314 606/56/314
f 591/69/307 607/62/316 592/56/308
f 608/63/155 609/62/317 610/62/317
f 611/76/318 495/76/247 612/64/319
f 612/64/319 495/76/247 513/64/261
f 613/117/320 614/118/321 615/118/322
f 228/21/49 209/24/32 616/118/323
f 617/21/36 228/21/49 616/118/323
f 618/119/29 619/120/29 620/118/29
f 621/121/29 622/122/29 620/118/29
f 623/21/36 617/21/36 624/118/324
f 625/123/325 626/118/326 614/118/321
f 624/118/324 617/21/36 627/118/327
f 617/21/36 616/118/323 627/118/327
f 628/124/328 629/97/329 630/61/330
f 631/93/331 632/93/332 633/93/333
f 634/92/334 635/91/334 636/93/335
f 625/123/325 614/118/321 613/117/320
f 637/125/336 638/126/337 639/117/338
f 640/121/339 626/118/326 625/123/325
f 639/117/338 638/126/337 641/123/340
f 642/76/341 643/64/342 644/64/342
f 508/76/257 518/76/266 645/64/343
f 646/64/344 647/64/345 645/64/343
f 648/54/346 649/54/346 650/54/346
f 651/54/347 652/54/133 653/54/348
f 654/54/349 651/54/347 653/54/348
f 635/91/334 634/92/334 655/92/350
f 656/95/351 633/93/333 657/91/352
f 631/93/331 633/93/333 656/95/351
f 658/127/353 630/61/330 659/96/354
f 644/64/342 643/64/342 660/64/355
f 661/103/105 662/73/104 663/71/105
f 508/76/257 645/64/343 595/64/310
f 645/64/343 647/64/345 595/64/310
f 539/75/282 541/74/282 664/75/356
f 663/71/105 662/73/104 665/71/357
f 662/73/104 565/70/102 665/71/357
f 665/71/357 565/70/102 666/72/100
f 565/70/102 564/72/103 666/72/100
f 526/69/274 531/63/279 667/32/358
f 668/33/359 669/69/360 670/32/361
f 522/74/270 671/75/362 523/116/271
f 672/54/363 651/54/347 654/54/349
f 529/47/277 528/48/276 673/46/364
f 674/47/365 675/47/365 676/46/90
f 677/54/65 678/54/65 679/54/65
f 680/128/366 629/97/329 628/124/328
f 681/129/367 680/128/366 628/124/328
f 209/24/32 210/25/33 682/40/368
f 683/120/369 684/130/370 682/40/368
f 685/54/371 686/54/371 687/54/371
f 688/69/372 669/69/360 668/33/359
f 505/65/254 595/64/310 689/66/373
f 690/63/374 597/62/311 596/33/311
f 691/54/68 692/54/68 693/54/68
f 694/131/375 695/132/376 696/133/377
f 697/94/378 698/44/378 699/133/378
f 628/124/328 630/61/330 658/127/353
f 700/134/379 628/124/328 658/127/353
f 701/36/46 702/36/46 703/135/46
f 483/36/236 484/113/237 704/135/380
f 705/136/381 706/137/382 704/135/380
f 608/63/155 610/62/317 707/63/155
f 693/54/68 692/54/68 708/54/68
f 678/54/65 677/54/65 709/54/65
f 693/54/68 708/54/68 710/54/68
f 678/54/65 709/54/65 711/54/65
f 674/47/365 676/46/90 712/46/90
f 713/48/383 714/52/383 715/53/383
f 582/48/299 584/53/300 716/48/299
f 587/50/303 586/49/302 717/51/384
f 588/47/304 718/46/385 589/48/305
f 719/138/386 695/132/376 694/131/375
f 699/133/378 698/44/378 720/131/378
f 639/117/338 616/118/323 637/125/336
f 481/111/234 721/139/387 484/113/237
f 704/135/380 484/113/237 705/136/381
f 230/40/51 198/17/25 722/120/51
f 637/125/336 616/118/323 723/140/388
f 724/141/389 725/142/390 723/140/388
f 616/118/323 209/24/32 724/141/389
f 723/140/388 616/118/323 724/141/389
f 209/24/32 682/40/368 724/141/389
f 682/40/368 726/143/391 724/141/389
f 485/114/238 481/111/234 482/112/235
f 727/121/36 641/123/340 638/126/337
f 637/125/336 723/140/388 638/126/337
f 701/36/46 703/135/46 728/137/46
f 194/12/21 222/36/45 729/137/392
f 730/144/393 731/145/394 729/137/392
f 705/136/381 732/144/395 706/137/382
f 221/35/44 482/112/235 481/111/234
f 668/33/359 670/32/361 733/32/42
f 705/136/381 484/113/237 734/146/396
f 732/144/395 705/136/381 734/146/396
f 484/113/237 721/139/387 734/146/396
f 681/129/367 628/124/328 700/134/379
f 727/121/36 638/126/337 735/122/397
f 638/126/337 725/142/390 735/122/397
f 638/126/337 723/140/388 725/142/390
f 682/40/368 684/130/370 726/143/391
f 725/142/390 724/141/389 726/143/391
f 736/119/398 725/142/390 726/143/391
f 684/130/370 737/147/399 726/143/391
f 734/146/396 721/139/387 732/144/395
f 481/111/234 485/114/238 721/139/387
f 485/114/238 486/115/239 721/139/387
f 738/147/29 619/120/29 618/119/29
f 620/118/29 622/122/29 618/119/29
f 735/122/397 725/142/390 736/119/398
f 684/130/370 683/120/369 737/147/399
f 736/119/398 726/143/391 737/147/399
f 194/12/21 729/137/392 739/115/400
f 729/137/392 731/145/394 739/115/400
f 740/6/10 741/4/9 742/6/10
f 732/144/395 721/139/387 743/145/401
f 721/139/387 486/115/239 743/145/401
f 742/6/10 741/4/9 744/4/6
f 741/4/9 555/2/5 744/4/6
f 558/3/7 557/5/8 571/3/4
f 744/4/6 555/2/5 554/2/2
f 553/1/3 745/1/3 554/2/2
f 553/1/3 571/3/4 745/1/3
usemtl _bbman_vTrimB_m
f 1781/148/402 1782/149/403 1783/150/404
f 1784/151/405 1785/148/406 1786/150/407
f 1784/151/405 1786/150/407 1787/149/408
f 1782/149/403 1781/148/402 1788/151/409
f 1785/148/406 1784/151/405 1789/150/410
f 1789/150/410 1784/151/405 1790/149/411
f 1791/151/412 1792/148/412 1790/149/411
f 1793/150/413 1794/151/414 1795/149/415
f 1796/151/416 1797/150/416 1798/148/417
f 1799/151/418 1800/148/418 1801/149/419
f 1794/151/414 1793/150/413 1802/148/420
f 1788/151/409 1781/148/402 1803/149/421
f 1796/151/416 1801/149/419 1797/150/416
f 1794/151/414 1802/148/420 1804/149/422
f 1805/152/423 1806/149/423 1807/153/423
f 1804/149/422 1802/148/420 1808/150/424
f 1809/148/425 1810/149/426 1811/150/427
f 1812/154/428 1813/148/428 1814/149/428
f 1809/148/425 1815/151/429 1810/149/426
f 1816/149/430 1817/151/431 1818/150/431
f 1819/151/432 1820/148/432 1821/149/432
f 1822/150/433 1815/151/429 1809/148/425
f 1823/150/434 1824/151/434 1825/149/434
f 1818/150/431 1817/151/431 1826/148/435
f 1815/151/429 1822/150/433 1827/149/436
f 1828/148/437 1829/149/438 1830/150/439
f 1831/150/440 1832/148/440 1833/149/440
f 1828/148/437 1834/151/441 1829/149/438
f 1835/151/442 1836/150/443 1837/148/444
f 1836/150/443 1834/151/441 1828/148/437
f 1834/151/441 1836/150/443 1838/149/445
f 1836/150/443 1835/151/442 1839/149/446
usemtl _bbman_vTrimC_m
f 154/155/447 155/156/448 156/157/449
f 157/157/450 158/158/450 159/159/450
f 160/156/450 158/158/450 157/157/450
f 154/155/447 156/157/449 161/160/451
f 162/161/452 154/155/447 161/160/451
f 163/162/453 154/155/447 162/161/452
f 164/163/454 163/162/453 162/161/452
f 164/163/454 162/161/452 165/164/455
f 166/165/456 164/163/454 165/164/455
f 167/158/457 168/157/457 169/159/457
f 167/158/457 170/156/457 168/157/457
f 171/166/458 164/163/454 166/165/456
usemtl _bbman_vInt_m
f 1064/167/459 1065/168/459 1066/169/459
f 1067/167/460 1068/168/460 1069/168/460
f 1070/167/461 1071/168/462 1072/167/463
f 1073/167/464 1074/168/465 1075/169/466
f 1076/169/467 1077/167/468 1078/168/469
f 1079/167/470 1080/168/471 1081/167/472
f 1082/167/473 1083/168/473 1084/169/473
f 1085/167/474 1086/168/474 1087/169/474
f 1088/167/475 1077/167/468 1076/169/467
f 1089/167/476 1090/168/477 1091/167/476
f 1071/168/462 1070/167/461 1092/168/478
f 1093/167/479 1094/168/479 1095/169/480
f 1096/169/481 1097/168/482 1098/167/483
f 1099/167/460 1068/168/460 1067/167/460
f 1100/167/484 1101/168/485 1102/169/486
f 1103/167/487 1104/168/488 1105/167/489
f 1106/167/490 1107/168/491 1108/167/490
f 1109/167/492 1110/168/492 1111/169/492
f 1112/170/493 1113/169/494 1114/171/495
f 1112/170/493 1114/171/495 1115/172/496
f 1116/168/471 1080/168/471 1079/167/470
f 1117/167/473 1083/168/473 1082/167/473
f 1118/168/497 1097/168/482 1096/169/481
f 1119/173/498 1120/174/499 1121/175/500
f 1122/176/501 1123/177/502 1124/178/503
f 1125/167/459 1065/168/459 1064/167/459
f 1122/176/501 1124/178/503 1126/179/504
f 1124/178/503 1127/180/505 1126/179/504
f 1127/180/505 1128/181/506 1126/179/504
f 1129/167/474 1086/168/474 1085/167/474
f 1073/167/464 1075/169/466 1130/167/507
f 1131/182/508 1123/177/502 1122/176/501
f 1132/168/509 1133/168/510 1134/167/510
f 1135/183/511 1128/181/506 1127/180/505
f 1093/167/479 1095/169/480 1136/167/480
f 1096/169/481 1098/167/483 1137/167/512
f 1138/184/513 1120/174/499 1119/173/498
f 1139/168/477 1090/168/477 1089/167/476
f 1092/168/478 1070/167/461 1140/169/514
f 1141/185/515 1119/173/498 1142/186/516
f 1143/187/517 1141/185/515 1142/186/516
f 1144/188/518 1123/177/502 1131/182/508
f 1127/180/505 1124/178/503 1145/189/519
f 1124/178/503 1146/190/520 1145/189/519
f 1147/191/521 1148/192/521 1149/191/522
f 1150/168/523 1151/167/523 1152/167/524
f 1100/167/484 1102/169/486 1153/167/525
f 1154/168/491 1107/168/491 1106/167/490
f 1104/168/488 1103/167/487 1155/168/526
f 1156/168/527 1157/193/527 1158/169/528
f 1146/190/520 1124/178/503 1159/194/529
f 1160/167/530 1161/168/530 1162/167/530
f 1134/167/510 1133/168/510 1163/167/531
f 1164/195/532 1165/196/532 1166/197/532
f 1119/173/498 1141/185/515 1138/184/513
f 1167/198/533 1168/199/534 1169/200/533
f 1170/201/535 1167/198/533 1169/200/533
f 1171/202/536 1172/203/537 1173/204/538
f 1156/168/527 1174/205/539 1157/193/527
f 1175/206/540 1176/207/540 1177/207/540
f 1178/208/541 1179/209/541 1180/210/541
f 1181/211/542 1182/212/543 1183/213/544
f 1143/187/517 1184/214/545 1141/185/515
f 1185/215/546 1186/216/546 1187/217/547
f 1173/204/538 1188/218/548 1171/202/536
f 1189/149/549 1190/219/549 1191/220/550
f 1192/221/551 1193/222/552 1194/222/553
f 1195/223/554 1196/224/554 1197/225/554
f 1198/226/555 1199/224/556 1200/223/557
f 1201/227/558 1199/224/556 1202/228/559
f 1199/224/556 1198/226/555 1202/228/559
f 1203/229/560 1199/224/556 1201/227/558
f 1204/230/561 1205/231/562 1206/232/563
f 1207/217/564 1208/233/564 1209/216/565
f 1210/215/566 1211/216/566 1212/217/567
f 1172/203/537 1171/202/536 1213/234/568
f 1214/231/569 1215/235/570 1216/236/571
f 1207/217/564 1217/215/572 1208/233/564
f 1218/233/573 1211/216/566 1210/215/566
f 1219/237/36 1220/201/36 1221/238/36
f 1222/239/574 1190/219/549 1189/149/549
f 1112/170/493 1115/172/496 1223/192/575
f 1115/172/496 1224/191/576 1223/192/575
f 1225/167/577 1226/168/577 1227/167/577
f 1167/198/533 1228/240/534 1168/199/534
f 1229/241/578 1230/242/578 1231/241/578
f 1188/218/548 1173/204/538 1232/241/579
f 1233/242/580 1188/218/548 1232/241/579
f 1234/243/535 1167/198/533 1170/201/535
f 1235/206/540 1176/207/540 1175/206/540
f 1141/185/515 1184/214/545 1236/244/581
f 1229/241/578 1237/242/578 1230/242/578
f 1238/245/582 1239/246/583 1240/247/583
f 1241/246/584 1242/247/585 1243/245/586
f 1244/247/587 1245/246/588 1246/248/589
f 1247/246/590 1248/247/590 1249/245/591
f 1250/245/592 1245/246/588 1244/247/587
f 1251/247/593 1252/246/593 1253/248/594
f 1254/249/595 1255/248/596 1256/245/597
f 1257/247/598 1258/248/599 1259/246/598
f 1260/250/600 1261/251/600 1262/250/600
f 1248/247/590 1247/246/590 1263/248/601
f 1264/247/602 1265/246/603 1266/248/604
f 1267/246/605 1264/247/602 1268/248/606
f 1269/168/607 1270/168/607 1271/167/607
f 1272/247/608 1273/248/609 1238/245/582
f 1256/245/597 1255/248/596 1274/246/610
f 1275/250/611 1276/251/612 1277/251/611
f 1278/251/613 1279/250/614 1276/251/612
f 1280/252/615 1281/253/616 1282/245/617
f 1283/254/618 1284/255/619 1285/256/620
f 1276/251/612 1279/250/614 1286/250/614
f 1287/257/621 1284/255/619 1283/254/618
f 1288/258/622 1287/257/621 1283/254/618
f 1286/250/614 1279/250/614 1289/250/623
f 1290/247/457 1255/248/596 1254/249/595
f 1291/245/624 1264/247/602 1267/246/605
f 1292/245/625 1293/248/626 1294/247/626
f 1295/246/627 1296/247/627 1297/245/627
f 1240/247/583 1239/246/583 1298/248/628
f 1299/245/629 1252/246/593 1251/247/593
f 1265/246/603 1264/247/602 1300/245/630
f 1301/247/631 1302/246/632 1303/248/633
f 1269/168/607 1271/167/607 1304/167/607
f 1305/168/634 1306/259/635 1307/205/636
f 1308/260/637 1309/260/638 1310/260/639
f 1311/247/640 1312/246/640 1292/245/641
f 1238/245/582 1273/248/609 1313/246/642
f 1242/247/585 1241/246/584 1314/248/643
f 1257/247/598 1259/246/598 1315/245/644
f 1316/245/645 1317/248/646 1318/246/646
f 1319/247/647 1320/246/648 1321/248/649
f 1282/245/617 1281/253/616 1322/246/650
f 1323/245/651 1324/248/651 1325/246/651
f 1326/260/652 1310/260/639 1327/260/653
f 1328/260/654 1326/260/652 1327/260/653
f 1329/260/655 1309/260/638 1308/260/637
f 1330/260/578 1331/260/578 1332/260/578
f 1333/245/656 1334/248/657 1335/247/658
f 1292/245/625 1336/246/626 1293/248/626
f 1316/245/659 1302/246/632 1301/247/631
f 1320/246/648 1319/247/647 1337/245/660
f 1338/247/661 1339/246/661 1340/248/661
f 1341/247/662 1342/246/662 1333/245/656
f 1311/247/640 1343/248/663 1312/246/640
f 1296/247/627 1295/246/627 1344/248/627
f 1345/246/664 1346/247/664 1347/248/665
f 1348/247/666 1317/248/646 1316/245/645
f 1349/245/667 1350/248/668 1351/246/668
f 1324/248/651 1323/245/651 1352/247/651
f 1353/247/669 1354/246/669 1355/248/669
f 1308/260/637 1310/260/639 1326/260/652
f 1356/260/578 1331/260/578 1330/260/578
f 1357/245/670 1346/247/664 1345/246/664
f 1358/245/671 1359/248/671 1360/246/671
f 1185/215/546 1361/233/672 1186/216/546
f 1362/261/673 1363/262/673 1364/263/674
f 1365/235/675 1205/231/562 1204/230/561
f 1366/264/676 1367/265/677 1368/235/678
f 1369/231/679 1370/266/680 1371/267/680
f 1371/267/680 1370/266/680 1372/268/681
f 1216/236/571 1215/235/570 1373/269/682
f 1215/235/570 1374/270/683 1373/269/682
f 1375/262/684 1376/261/685 1377/271/686
f 1378/265/687 1374/270/683 1215/235/570
f 1379/233/688 1380/216/689 1381/215/689
f 1382/263/690 1376/261/685 1375/262/684
f 1381/215/689 1380/216/689 1383/217/691
f 1384/272/692 1385/251/693 1386/272/694
f 1385/251/693 1387/272/695 1386/272/694
f 1385/251/693 1388/250/696 1387/272/695
f 1388/250/696 1389/251/697 1387/272/695
f 1390/260/698 1309/260/638 1329/260/655
f 1391/260/578 1392/260/578 1393/260/578
f 1389/251/697 1385/251/693 1384/272/692
f 1387/272/695 1389/251/697 1384/272/692
f 1394/245/699 1395/247/699 1396/246/699
f 1397/245/700 1398/247/700 1399/246/701
f 1326/260/652 1328/260/654 1400/260/702
f 1401/247/703 1402/248/703 1403/245/704
f 1341/247/662 1404/248/662 1342/246/662
f 1405/247/705 1406/245/705 1407/248/705
f 1396/246/699 1395/247/699 1408/248/699
f 1409/247/668 1350/248/668 1349/245/667
f 1410/247/706 1411/248/707 1412/246/707
f 1359/248/671 1358/245/671 1413/247/671
f 1414/247/708 1415/245/708 1416/248/708
f 1399/246/701 1398/247/700 1417/248/701
f 1403/245/704 1418/246/709 1419/247/709
f 1333/245/656 1420/246/657 1334/248/657
f 1407/248/705 1406/245/705 1421/246/705
f 1349/245/667 1339/246/661 1338/247/661
f 1354/246/669 1353/247/669 1422/245/669
f 1423/245/710 1424/246/711 1425/248/710
f 1416/248/708 1415/245/708 1426/246/708
f 1427/260/712 1400/260/702 1328/260/654
f 1400/260/702 1427/260/712 1390/260/698
f 1309/260/638 1390/260/698 1427/260/712
f 1428/245/713 1429/247/713 1430/246/713
f 1431/245/714 1432/248/714 1433/246/715
f 1434/247/716 1435/246/716 1436/245/717
f 1403/245/704 1402/248/703 1437/246/703
f 1438/247/718 1439/245/718 1440/248/718
f 1430/246/713 1429/247/713 1441/248/713
f 1410/247/706 1412/246/707 1442/245/706
f 1443/245/719 1444/248/720 1445/246/721
f 1446/247/722 1447/245/722 1448/248/722
f 1436/245/717 1449/248/723 1450/247/724
f 1419/247/709 1418/246/709 1451/248/709
f 1440/248/718 1439/245/718 1452/246/718
f 1423/245/710 1425/248/710 1453/247/710
f 1443/245/719 1454/246/725 1455/248/726
f 1448/248/722 1447/245/722 1456/246/722
f 1457/245/727 1458/252/728 1459/246/728
f 1460/247/450 1461/248/729 1462/249/730
f 1276/251/612 1275/250/611 1463/250/611
f 1464/256/731 1465/255/732 1466/254/733
f 1466/254/733 1467/257/734 1468/258/735
f 1289/250/623 1279/250/614 1469/250/623
f 1462/249/730 1470/246/736 1471/245/737
f 1434/247/716 1472/248/738 1435/246/716
f 1473/273/739 1474/274/739 1475/275/740
f 1459/246/728 1458/252/728 1476/253/741
f 1477/247/742 1478/245/743 1479/248/744
f 1432/248/714 1431/245/714 1480/247/745
f 1466/254/733 1465/255/732 1467/257/734
f 1262/250/600 1261/251/600 1481/251/600
f 1482/247/746 1444/248/720 1443/245/719
f 1462/249/730 1461/248/729 1470/246/736
f 1471/245/747 1483/248/748 1484/247/749
f 1436/245/717 1485/246/750 1449/248/723
f 1479/248/744 1478/245/743 1486/246/751
f 1443/245/719 1455/248/726 1487/247/752
f 1471/245/747 1488/246/753 1483/248/748
f 1474/274/739 1473/273/739 1489/276/754
f 1490/168/755 1491/167/755 1492/168/756
f 1150/168/523 1493/168/757 1151/167/523
f 1494/168/758 1306/259/635 1305/168/634
f 1495/167/759 1305/168/634 1496/167/759
f 1497/167/760 1498/168/760 1499/167/760
f 1500/277/761 1501/278/761 1502/279/761
f 1491/167/755 1490/168/755 1503/167/762
f 1504/280/763 1505/191/764 1506/281/765
f 1507/282/766 1504/280/763 1506/281/765
f 1182/212/543 1181/211/542 1508/283/767
f 1165/196/532 1164/195/532 1509/284/532
f 1510/167/768 1511/168/768 1512/167/768
f 1513/285/769 1148/192/521 1147/191/521
f 1505/191/764 1504/280/763 1514/286/770
f 1515/168/768 1511/168/768 1510/167/768
f 1516/287/771 1517/288/771 1518/289/771
f 1519/290/772 1520/291/773 1521/292/774
f 1522/293/775 1520/291/773 1519/290/772
f 1523/290/776 1524/294/776 1519/290/772
f 1525/282/777 1526/280/777 1527/282/778
f 1528/295/779 1529/296/779 1530/297/779
f 1531/298/780 1532/299/780 1533/300/780
f 1534/301/781 1535/302/781 1536/303/782
f 1537/304/783 1538/305/783 1539/306/783
f 1539/306/783 1538/305/783 1540/307/783
f 1541/308/784 1542/309/784 1543/310/784
f 1544/311/779 1529/296/779 1528/295/779
f 1545/305/785 1546/306/785 1547/304/786
f 1548/311/787 1549/296/787 1550/297/787
f 1551/312/541 1179/209/541 1178/208/541
f 1552/313/788 1553/299/789 1554/300/790
f 1555/235/791 1556/314/792 1557/315/793
f 1365/235/675 1204/230/561 1558/316/794
f 1559/317/795 1560/235/796 1561/314/797
f 1363/262/673 1362/261/673 1562/271/798
f 1563/271/799 1564/263/799 1565/261/800
f 1367/265/677 1366/264/676 1566/318/801
f 1567/314/802 1568/235/803 1569/319/804
f 1570/262/805 1571/263/806 1572/271/806
f 1365/235/675 1558/316/794 1573/320/807
f 1574/313/780 1532/299/780 1531/298/780
f 1575/321/781 1535/302/781 1534/301/781
f 1576/322/808 1577/323/808 1578/324/808
f 1579/325/808 1577/323/808 1576/322/808
f 1580/326/784 1542/309/784 1541/308/784
f 1581/301/809 1582/302/809 1583/303/809
f 1546/306/785 1545/305/785 1584/307/810
f 1585/308/811 1586/309/812 1587/310/813
f 1548/311/787 1550/297/787 1588/295/787
f 1552/313/788 1554/300/790 1589/298/814
f 1590/281/815 1591/280/816 1592/282/817
f 1593/321/809 1582/302/809 1581/301/809
f 1594/325/818 1595/323/818 1596/324/818
f 1586/309/812 1585/308/811 1597/326/819
f 1594/325/818 1596/324/818 1598/322/818
f 1599/294/820 1524/294/776 1523/290/776
f 1526/280/777 1525/282/777 1600/280/821
f 1601/327/822 1602/328/822 1603/329/823
f 1518/289/771 1517/288/771 1604/330/771
f 1591/280/816 1605/191/824 1606/286/825
f 1607/191/826 1608/285/826 1609/191/826
f 1610/331/532 1611/332/532 1612/333/532
f 1613/334/827 1614/335/828 1615/336/767
f 1605/191/824 1591/280/816 1590/281/815
f 1616/337/829 1602/328/822 1601/327/822
f 1501/278/761 1500/277/761 1617/338/761
f 1618/167/830 1619/167/831 1620/168/832
f 1305/168/634 1495/167/759 1494/168/758
f 1564/263/799 1563/271/799 1621/262/833
f 1622/215/834 1623/233/835 1624/217/835
f 1555/235/791 1557/315/793 1625/339/836
f 1559/317/795 1626/264/837 1560/235/796
f 1627/340/838 1628/341/839 1629/267/838
f 1569/319/804 1568/235/803 1630/269/840
f 1568/235/803 1631/342/841 1630/269/840
f 1627/340/838 1629/267/838 1632/268/842
f 1633/217/843 1634/215/844 1635/233/843
f 1636/341/845 1631/342/841 1568/235/803
f 1572/271/806 1571/263/806 1637/261/846
f 1633/217/843 1635/233/843 1638/216/847
f 1306/259/635 1494/168/758 1639/205/848
f 1640/168/849 1641/168/850 1642/167/851
f 1643/168/852 1644/168/853 1645/167/852
f 1646/168/854 1647/168/854 1648/167/854
f 1646/168/854 1648/167/854 1649/167/854
f 1555/235/791 1625/339/836 1650/343/855
f 1651/214/856 1652/185/857 1653/244/858
f 1654/207/540 1655/206/540 1656/206/540
f 1657/234/859 1658/202/860 1659/203/861
f 1660/218/862 1661/242/863 1662/241/864
f 1663/204/865 1660/218/862 1662/241/864
f 1664/225/866 1665/344/866 1666/223/866
f 1667/223/867 1668/344/868 1669/226/869
f 1192/221/551 1670/221/551 1193/222/552
f 1669/226/869 1668/344/868 1671/228/870
f 1671/228/870 1668/344/868 1672/227/871
f 1672/227/871 1668/344/868 1673/345/872
f 1674/243/36 1220/201/36 1219/237/36
f 1675/217/873 1676/215/874 1677/233/875
f 1678/233/876 1679/216/877 1680/215/877
f 1675/217/873 1677/233/875 1681/216/878
f 1680/215/877 1679/216/877 1682/217/879
f 1650/343/855 1625/339/836 1683/346/880
f 1624/217/835 1623/233/835 1684/216/881
f 1614/335/828 1613/334/827 1685/347/882
f 1654/207/540 1656/206/540 1686/207/540
f 1551/312/541 1178/208/541 1687/348/541
f 1688/205/883 1620/168/832 1689/193/884
f 1659/203/861 1658/202/860 1663/204/865
f 1658/202/860 1660/218/862 1663/204/865
f 1690/349/885 1691/350/761 1692/351/885
f 1693/191/886 1694/172/887 1695/285/888
f 1690/349/885 1692/351/885 1696/352/889
f 1652/185/857 1697/173/890 1698/184/891
f 1611/332/532 1610/331/532 1699/353/532
f 1700/187/892 1652/185/857 1651/214/856
f 1642/167/851 1641/168/850 1701/167/893
f 1702/167/530 1703/168/530 1704/167/530
f 1705/178/894 1706/190/895 1707/194/896
f 1689/193/884 1620/168/832 1708/169/897
f 1620/168/832 1619/167/831 1708/169/897
f 1709/168/898 1710/167/899 1711/168/900
f 1712/169/901 1713/167/901 1714/167/902
f 1715/285/826 1608/285/826 1607/191/826
f 1705/178/894 1716/180/903 1717/189/904
f 1706/190/895 1705/178/894 1717/189/904
f 1718/174/905 1698/184/891 1697/173/890
f 1719/167/906 1720/168/907 1721/168/908
f 1697/173/890 1652/185/857 1722/186/909
f 1652/185/857 1700/187/892 1722/186/909
f 1723/168/910 1724/169/911 1725/168/912
f 1726/181/913 1727/183/914 1716/180/903
f 1728/177/915 1729/182/916 1730/176/917
f 1731/169/918 1732/167/919 1733/167/920
f 1734/188/921 1729/182/916 1728/177/915
f 1728/177/915 1730/176/917 1705/178/894
f 1718/174/905 1697/173/890 1735/175/922
f 1736/171/923 1695/285/888 1694/172/887
f 1726/181/913 1716/180/903 1737/179/924
f 1705/178/894 1730/176/917 1737/179/924
f 1716/180/903 1705/178/894 1737/179/924
f 1738/167/925 1695/285/888 1736/171/923
f 1739/169/926 1738/167/925 1736/171/923
f 1740/168/927 1741/167/927 1742/169/927
f 1645/167/852 1644/168/853 1743/167/853
f 1709/168/898 1744/168/928 1745/167/929
f 1710/167/899 1709/168/898 1745/167/929
f 1746/168/930 1713/167/901 1712/169/901
f 1747/168/460 1748/168/460 1749/167/460
f 1750/167/459 1751/167/459 1752/168/459
f 1753/168/931 1754/168/932 1755/167/931
f 1756/167/933 1720/168/907 1719/167/906
f 1757/167/934 1758/167/934 1759/168/934
f 1760/167/935 1761/167/936 1762/169/936
f 1723/168/910 1763/167/937 1724/169/911
f 1755/167/931 1754/168/932 1764/167/932
f 1765/167/938 1766/167/939 1767/169/939
f 1760/167/935 1762/169/936 1768/168/935
f 1769/169/940 1720/168/907 1756/167/933
f 1759/168/934 1758/167/934 1770/169/934
f 1771/167/941 1772/167/941 1773/168/941
f 1773/168/941 1772/167/941 1774/169/941
f 1745/167/929 1744/168/928 1775/167/928
f 1765/167/938 1767/169/939 1776/168/938
f 1777/168/942 1732/167/919 1731/169/918
f 1763/167/937 1723/168/910 1778/167/943
f 1747/168/460 1749/167/460 1779/167/460
f 1752/168/459 1751/167/459 1780/169/459
usemtl _bbman_vTrim_m
f 1840/161/944 1841/354/945 1842/355/946
f 1843/356/947 1844/357/948 1842/355/946
f 1843/356/947 1842/355/946 1845/358/949
f 1845/358/949 1842/355/946 1841/354/945
f 1840/161/944 1846/359/950 1841/354/945
f 1847/360/951 1848/361/952 1849/362/953
f 1840/161/944 1842/355/946 1844/357/948
f 1845/358/949 1841/354/945 1850/363/954
f 1841/354/945 1851/364/955 1850/363/954
f 1852/365/956 1853/366/956 1854/367/957
f 1851/364/955 1841/354/945 1846/359/950
f 1840/161/944 1855/368/958 1846/359/950
f 1840/161/944 1849/362/953 1848/361/952
f 1856/369/959 1857/370/960 1848/361/952
f 1848/361/952 1847/360/951 1856/369/959
f 1851/364/955 1846/359/950 1855/368/958
f 1840/161/944 1858/371/961 1855/368/958
f 1840/161/944 1848/361/952 1857/370/960
f 1859/372/962 1858/371/961 1857/370/960
f 1851/364/955 1855/368/958 1860/373/963
f 1857/370/960 1856/369/959 1859/372/962
f 1860/373/963 1855/368/958 1858/371/961
f 1840/161/944 1857/370/960 1858/371/961
f 1858/371/961 1859/372/962 1861/374/964
f 1860/373/963 1858/371/961 1861/374/964
f 1854/367/965 1862/149/966 1863/375/967
f 1854/367/965 1864/376/968 1865/151/969
f 1854/367/965 1865/151/969 1862/149/966
f 1866/151/970 1867/367/971 1868/149/972
f 1869/376/973 1867/367/971 1866/151/970
f 1868/149/972 1867/367/971 1870/375/974
f 1871/372/975 1872/371/976 1873/374/977
f 1872/371/976 1874/373/978 1873/374/977
f 1875/368/979 1874/373/978 1872/371/976
f 1876/370/980 1877/161/981 1872/371/976
f 1875/368/979 1878/364/982 1874/373/978
f 1879/369/983 1876/370/980 1871/372/975
f 1880/359/984 1878/364/982 1875/368/979
f 1872/371/976 1877/161/981 1875/368/979
f 1872/371/976 1871/372/975 1876/370/980
f 1881/361/985 1877/161/981 1876/370/980
f 1882/360/986 1881/361/985 1879/369/983
f 1883/354/987 1878/364/982 1880/359/984
f 1875/368/979 1877/161/981 1880/359/984
f 1876/370/980 1879/369/983 1881/361/985
f 1884/362/988 1877/161/981 1881/361/985
f 1885/366/989 1886/365/989 1867/367/990
f 1878/364/982 1883/354/987 1887/363/991
f 1880/359/984 1877/161/981 1883/354/987
f 1888/355/992 1887/363/991 1883/354/987
f 1881/361/985 1882/360/986 1884/362/988
f 1888/355/992 1877/161/981 1889/357/993
f 1888/355/992 1890/356/994 1891/358/995
f 1887/363/991 1888/355/992 1891/358/995
f 1883/354/987 1877/161/981 1888/355/992
f 1889/357/993 1890/356/994 1888/355/992
usemtl _BottomA_m_005
f 1/377/996 2/378/997 3/379/998
f 4/380/999 5/381/1000 2/378/997
f 6/382/1001 7/383/1002 5/381/1000
f 8/384/1003 9/385/1003 10/386/1003
f 11/387/1004 3/379/998 12/388/1005
f 13/389/1006 14/390/1007 15/391/1007
f 16/392/1008 17/393/1009 18/394/1008
f 19/395/1010 13/389/1006 17/393/1009
f 16/392/1008 19/395/1010 17/393/1009
f 20/396/1011 21/397/1011 22/398/1011
f 23/399/1006 14/390/1007 13/389/1006
f 19/395/1010 23/399/1006 13/389/1006
f 24/389/1006 25/400/1007 26/391/1007
f 27/401/1008 28/393/1009 29/394/1008
f 30/402/1012 31/403/29 7/383/1002
f 32/404/1010 24/389/1006 28/393/1009
f 27/401/1008 32/404/1010 28/393/1009
f 33/405/1013 12/388/1005 34/406/1014
f 32/404/1010 35/407/1006 24/389/1006
f 35/407/1006 25/400/1007 24/389/1006
f 36/408/1015 37/409/1015 38/396/1015
f 39/409/1011 21/397/1011 20/396/1011
f 40/410/1016 41/411/1016 42/403/1016
f 43/412/578 34/406/1014 44/413/578
f 45/414/1015 37/409/1015 36/408/1015
f 46/411/1017 47/414/1017 48/408/1017
f 49/415/1017 47/414/1017 46/411/1017
f 50/416/1018 51/417/1018 52/418/1018
f 53/419/1019 54/385/1020 55/420/1021
f 56/421/1022 57/422/1023 58/423/1024
f 59/424/1025 60/425/1025 61/422/1025
f 57/422/1023 56/421/1022 62/424/1026
f 63/426/1025 60/425/1025 59/424/1025
f 64/427/1027 65/428/1027 66/428/1027
f 67/429/1028 68/427/1028 69/428/1028
f 64/427/1027 66/428/1027 70/427/1027
f 71/399/1029 72/430/1007 73/390/1007
f 74/392/1030 75/431/1031 76/395/1032
f 76/395/1032 77/432/1033 71/399/1029
f 45/414/1015 78/433/1015 37/409/1015
f 72/430/1007 71/399/1029 77/432/1033
f 79/434/1034 80/435/1035 77/432/1033
f 80/435/1035 81/436/1007 77/432/1033
f 82/437/1036 83/412/1036 84/416/1036
f 85/412/1037 86/413/1038 87/416/1038
f 86/413/1038 88/417/1039 87/416/1038
f 77/432/1033 81/436/1007 72/430/1007
f 89/438/1040 79/434/1034 75/431/1031
f 77/432/1033 76/395/1032 90/439/1041
f 79/434/1034 77/432/1033 90/439/1041
f 76/395/1032 75/431/1031 90/439/1041
f 75/431/1031 79/434/1034 90/439/1041
f 91/434/1010 92/407/1006 93/435/1006
f 94/438/1008 95/404/1009 91/434/1010
f 93/435/1006 92/407/1006 96/436/1007
f 97/401/1008 95/404/1009 94/438/1008
f 98/429/1042 99/440/1042 100/440/1042
f 101/440/1028 68/427/1028 67/429/1028
f 102/429/1042 99/440/1042 98/429/1042
f 103/441/1043 104/425/1044 105/426/1045
f 103/441/1043 106/442/1046 104/425/1044
f 55/420/1021 54/385/1020 107/443/1047
f 108/437/1048 109/416/1048 110/444/1048
f 111/415/1016 41/411/1016 40/410/1016
f 112/397/1011 113/409/1011 114/433/1011
f 107/443/1047 54/385/1020 115/445/1047
f 9/385/1003 8/384/1003 116/445/1003
f 34/406/1014 43/412/578 33/405/1013
f 117/410/29 31/403/29 30/402/1012
f 112/397/1011 114/433/1011 118/446/1011
f 92/407/1006 91/434/1010 95/404/1009
f 96/436/1007 92/407/1006 119/400/1007
f 12/388/1005 33/405/1013 11/387/1004
f 30/402/1012 7/383/1002 6/382/1001
f 6/382/1001 5/381/1000 4/380/999
f 4/380/999 2/378/997 1/377/996
f 3/379/998 11/387/1004 1/377/996
usemtl _bbman_vRoof_m
f 120/447/1049 121/448/1049 122/449/1049
f 123/54/1050 124/54/1050 125/54/1050
f 126/151/1051 127/150/1051 128/149/1051
f 120/447/1049 129/450/1049 121/448/1049
f 130/451/1052 131/452/1052 132/151/1052
f 133/453/1053 134/454/1053 135/149/1053
f 136/148/1054 137/150/1054 138/151/1054
f 139/455/1055 140/456/1055 141/455/1055
f 130/451/1052 142/457/1052 131/452/1052
f 143/458/1056 144/459/1056 145/149/1056
f 146/460/1053 134/454/1053 133/453/1053
f 147/151/1057 148/461/1057 149/462/1057
f 138/151/1054 137/150/1054 150/149/1054
f 151/148/1051 127/150/1051 126/151/1051
f 140/456/1055 139/455/1055 152/456/1055
f 124/54/1050 123/54/1050 153/54/1050
usemtl _bbman_vWheel_m
f 1892/463/1058 1893/464/450 1894/465/1059
f 1895/466/1060 1896/465/1061 1894/465/1059
f 1896/465/1061 1897/463/1062 1894/465/1059
f 1894/465/1059 1893/464/450 1895/466/1060
f 1898/466/1063 1896/465/1061 1895/466/1060
f 1899/467/1064 1898/466/1063 1895/466/1060
f 1895/466/1060 1893/464/450 1899/467/1064
f 1900/467/1065 1898/466/1063 1899/467/1064
f 1901/468/1066 1900/467/1065 1899/467/1064
f 1899/467/1064 1893/464/450 1901/468/1066
f 1902/468/1067 1900/467/1065 1901/468/1066
f 1903/469/1068 1902/468/1067 1901/468/1066
f 1901/468/1066 1893/464/450 1903/469/1068
f 1904/469/1069 1902/468/1067 1903/469/1068
f 1905/470/1070 1904/469/1069 1903/469/1068
f 1903/469/1068 1893/464/450 1905/470/1070
f 1906/470/1071 1904/469/1069 1905/470/1070
f 1907/471/1072 1906/470/1071 1905/470/1070
f 1892/463/1058 1908/472/1073 1909/472/1074
f 1910/463/1075 1911/464/450 1912/472/1076
f 1913/472/1077 1914/463/1078 1912/472/1076
f 1915/465/1079 1911/464/450 1910/463/1075
f 1912/472/1076 1914/463/1078 1910/463/1075
f 1914/463/1078 1916/465/1080 1910/463/1075
f 1909/472/1074 1893/464/450 1892/463/1058
f 1897/463/1062 1908/472/1073 1892/463/1058
f 1894/465/1059 1897/463/1062 1892/463/1058
f 1905/470/1070 1893/464/450 1907/471/1072
f 1917/471/1081 1906/470/1071 1907/471/1072
f 1918/473/1082 1917/471/1081 1907/471/1072
f 1919/473/1083 1911/464/450 1920/471/1084
f 1921/470/1085 1922/471/1086 1920/471/1084
f 1922/471/1086 1923/473/1087 1920/471/1084
f 1907/471/1072 1893/464/450 1918/473/1082
f 1924/473/1088 1917/471/1081 1918/473/1082
f 1920/471/1084 1923/473/1087 1919/473/1083
f 1925/466/1089 1911/464/450 1915/465/1079
f 1910/463/1075 1916/465/1080 1915/465/1079
f 1916/465/1080 1926/466/1090 1915/465/1079
f 1927/468/1091 1911/464/450 1928/467/1092
f 1925/466/1089 1929/467/1093 1928/467/1092
f 1929/467/1093 1930/468/1094 1928/467/1092
f 1920/471/1084 1911/464/450 1921/470/1085
f 1931/469/1095 1932/470/1096 1921/470/1085
f 1932/470/1096 1922/471/1086 1921/470/1085
f 1928/467/1092 1911/464/450 1925/466/1089
f 1915/465/1079 1926/466/1090 1925/466/1089
f 1926/466/1090 1929/467/1093 1925/466/1089
f 1931/469/1095 1911/464/450 1927/468/1091
f 1928/467/1092 1930/468/1094 1927/468/1091
f 1930/468/1094 1933/469/1097 1927/468/1091
f 1921/470/1085 1911/464/450 1931/469/1095
f 1933/469/1097 1932/470/1096 1931/469/1095
f 1927/468/1091 1933/469/1097 1931/469/1095
f 1934/463/1058 1935/464/450 1936/465/1098
f 1937/466/1099 1938/465/1061 1936/465/1098
f 1938/465/1061 1939/463/1062 1936/465/1098
f 1936/465/1098 1935/464/450 1937/466/1099
f 1940/466/1063 1938/465/1061 1937/466/1099
f 1941/467/1100 1940/466/1063 1937/466/1099
f 1937/466/1099 1935/464/450 1941/467/1100
f 1942/467/1065 1940/466/1063 1941/467/1100
f 1943/468/1066 1942/467/1065 1941/467/1100
f 1941/467/1100 1935/464/450 1943/468/1066
f 1944/468/1101 1942/467/1065 1943/468/1066
f 1945/469/1102 1944/468/1101 1943/468/1066
f 1943/468/1066 1935/464/450 1945/469/1102
f 1946/469/1069 1944/468/1101 1945/469/1102
f 1947/470/1070 1946/469/1069 1945/469/1102
f 1945/469/1102 1935/464/450 1947/470/1070
f 1948/470/1071 1946/469/1069 1947/470/1070
f 1949/471/1072 1948/470/1071 1947/470/1070
f 1934/463/1058 1950/472/1073 1951/472/1074
f 1952/463/1075 1953/464/450 1954/472/1103
f 1955/472/1077 1956/463/1078 1954/472/1103
f 1957/465/1079 1953/464/450 1952/463/1075
f 1954/472/1103 1956/463/1078 1952/463/1075
f 1956/463/1078 1958/465/1104 1952/463/1075
f 1951/472/1074 1935/464/450 1934/463/1058
f 1939/463/1062 1950/472/1073 1934/463/1058
f 1936/465/1098 1939/463/1062 1934/463/1058
f 1947/470/1070 1935/464/450 1949/471/1072
f 1959/471/1081 1948/470/1071 1949/471/1072
f 1960/473/1105 1959/471/1081 1949/471/1072
f 1961/473/1083 1953/464/450 1962/471/1106
f 1963/470/1085 1964/471/1086 1962/471/1106
f 1964/471/1086 1965/473/1087 1962/471/1106
f 1949/471/1072 1935/464/450 1960/473/1105
f 1966/473/1088 1959/471/1081 1960/473/1105
f 1962/471/1106 1965/473/1087 1961/473/1083
f 1967/466/1107 1953/464/450 1957/465/1079
f 1952/463/1075 1958/465/1104 1957/465/1079
f 1958/465/1104 1968/466/1090 1957/465/1079
f 1969/468/1108 1953/464/450 1970/467/1092
f 1967/466/1107 1971/467/1109 1970/467/1092
f 1971/467/1109 1972/468/1094 1970/467/1092
f 1962/471/1106 1953/464/450 1963/470/1085
f 1973/469/1095 1974/470/1110 1963/470/1085
f 1974/470/1110 1964/471/1086 1963/470/1085
f 1970/467/1092 1953/464/450 1967/466/1107
f 1957/465/1079 1968/466/1090 1967/466/1107
f 1968/466/1090 1971/467/1109 1967/466/1107
f 1973/469/1095 1953/464/450 1969/468/1108
f 1970/467/1092 1972/468/1094 1969/468/1108
f 1972/468/1094 1975/469/1111 1969/468/1108
f 1963/470/1085 1953/464/450 1973/469/1095
f 1975/469/1111 1974/470/1110 1973/469/1095
f 1969/468/1108 1975/469/1111 1973/469/1095
f 1976/473/457 1977/463/457 1978/472/457
f 1979/463/457 1980/473/457 1981/472/457
f 1976/473/457 1982/465/457 1977/463/457
f 1976/473/457 1983/466/457 1982/465/457
f 1984/466/457 1980/473/457 1985/465/457
f 1986/467/457 1980/473/457 1984/466/457
f 1987/468/457 1980/473/457 1986/467/457
f 1988/469/457 1980/473/457 1987/468/457
f 1989/470/457 1980/473/457 1988/469/457
f 1990/471/457 1980/473/457 1989/470/457
f 1991/469/457 1983/466/457 1992/470/457
f 1985/465/457 1980/473/457 1979/463/457
f 1993/467/457 1983/466/457 1994/468/457
f 1994/468/457 1983/466/457 1991/469/457
f 1992/470/457 1983/466/457 1995/471/457
f 1995/471/457 1983/466/457 1976/473/457
f 1996/466/457 1997/473/457 1998/465/457
f 1999/467/457 1997/473/457 1996/466/457
f 2000/468/457 1997/473/457 1999/467/457
f 2001/469/457 1997/473/457 2000/468/457
f 2002/470/457 1997/473/457 2001/469/457
f 2003/471/457 1997/473/457 2002/470/457
f 2004/473/457 2005/463/457 2006/472/457
f 2007/463/457 1997/473/457 2008/472/457
f 2004/473/457 2009/465/457 2005/463/457
f 2004/473/457 2010/466/457 2009/465/457
f 2011/469/457 2010/466/457 2012/470/457
f 1998/465/457 1997/473/457 2007/463/457
f 2013/467/457 2010/466/457 2014/468/457
f 2014/468/457 2010/466/457 2011/469/457
f 2012/470/457 2010/466/457 2015/471/457
f 2015/471/457 2010/466/457 2004/473/457
f 2016/474/1112 2017/475/1112 2018/476/1112
f 2016/474/1112 2019/477/1113 2017/475/1112
f 2020/474/1114 2021/475/1114 2022/476/1115
f 2023/476/1116 2024/477/1116 2025/475/1117
f 2026/476/1118 2027/477/1119 2025/475/1120
f 2020/474/1114 2028/477/1121 2021/475/1114
f 2029/476/1122 2030/477/1122 2031/475/1122
f 2032/474/1123 2019/477/1113 2033/476/1123
f 2033/476/1123 2019/477/1113 2034/475/1124
f 2035/476/1125 2036/477/1126 2034/475/1124
f 2037/474/1127 2024/477/1116 2023/476/1116
f 2038/478/1128 2039/479/1128 2040/480/1128
f 2041/481/1129 2042/482/1129 2043/483/1130
f 2044/477/1131 2045/480/1131 2046/483/1131
f 2042/482/1129 2041/481/1129 2047/484/1132
f 2048/475/1133 2049/483/1133 2050/482/1133
f 2051/476/1134 2052/474/1135 2053/475/1135
f 2054/485/1128 2039/479/1128 2038/478/1128
f 2055/478/1131 2045/480/1131 2044/477/1131
f 2049/483/1133 2048/475/1133 2056/477/1133
f 2053/475/1135 2052/474/1135 2057/477/1136
f 2058/476/1137 2059/477/1137 2060/475/1138
f 2030/477/1122 2029/476/1122 2061/474/1122
f 2062/474/1119 2027/477/1119 2026/476/1118
f 2063/474/1139 2064/475/1139 2026/476/1140
f 2035/476/1141 2065/477/1142 2066/475/1142
f 2067/474/1143 2059/477/1137 2058/476/1137
f 2063/474/1139 2068/477/1144 2064/475/1139
f 2069/474/1126 2036/477/1126 2035/476/1125
f 2070/474/1145 2065/477/1142 2035/476/1141
f 2070/474/1145 2071/477/1146 2072/476/1146
f 2072/476/1146 2071/477/1146 2073/475/1146
f 2074/465/450 2075/473/450 2076/463/450
f 2077/467/450 2078/466/450 2079/468/450
f 2079/468/450 2078/466/450 2080/469/450
f 2081/470/450 2078/466/450 2082/471/450
f 2082/471/450 2078/466/450 2083/473/450
f 2083/473/450 2084/463/450 2085/472/450
f 2076/463/450 2075/473/450 2086/472/450
f 2083/473/450 2087/465/450 2084/463/450
f 2083/473/450 2078/466/450 2087/465/450
f 2080/469/450 2078/466/450 2081/470/450
f 2088/466/450 2075/473/450 2074/465/450
f 2089/467/450 2075/473/450 2088/466/450
f 2090/468/450 2075/473/450 2089/467/450
f 2091/469/450 2075/473/450 2090/468/450
f 2092/470/450 2075/473/450 2091/469/450
f 2093/471/450 2075/473/450 2092/470/450
f 2094/465/450 2095/473/450 2096/463/450
f 2097/467/450 2098/466/450 2099/468/450
f 2099/468/450 2098/466/450 2100/469/450
f 2101/470/450 2098/466/450 2102/471/450
f 2102/471/450 2098/466/450 2103/473/450
f 2103/473/450 2104/463/450 2105/472/450
f 2096/463/450 2095/473/450 2106/472/450
f 2103/473/450 2107/465/450 2104/463/450
f 2103/473/450 2098/466/450 2107/465/450
f 2100/469/450 2098/466/450 2101/470/450
f 2108/466/450 2095/473/450 2094/465/450
f 2109/467/450 2095/473/450 2108/466/450
f 2110/468/450 2095/473/450 2109/467/450
f 2111/469/450 2095/473/450 2110/468/450
f 2112/470/450 2095/473/450 2111/469/450
f 2113/471/450 2095/473/450 2112/470/450
f 2114/465/1147 2115/466/1148 2116/466/1149
f 2115/466/1148 2117/467/1150 2116/466/1149
f 2118/467/1151 2119/464/457 2116/466/1149
f 2118/467/1151 2120/468/1152 2121/468/1153
f 2120/468/1152 2122/469/1154 2121/468/1153
f 2123/469/1155 2119/464/457 2121/468/1153
f 2121/468/1153 2122/469/1154 2123/469/1155
f 2122/469/1154 2124/470/1156 2123/469/1155
f 2125/470/1157 2119/464/457 2123/469/1155
f 2126/463/1158 2127/472/1077 2128/472/1159
f 2129/472/1073 2130/463/1160 2131/472/1161
f 2132/463/1162 2119/464/457 2131/472/1161
f 2133/465/1163 2134/463/1164 2126/463/1158
f 2134/463/1164 2127/472/1077 2126/463/1158
f 2128/472/1159 2135/464/457 2126/463/1158
f 2131/472/1161 2130/463/1160 2132/463/1162
f 2130/463/1160 2136/465/1165 2132/463/1162
f 2114/465/1147 2119/464/457 2132/463/1162
f 2137/465/1166 2134/463/1164 2133/465/1163
f 2138/466/1167 2137/465/1166 2133/465/1163
f 2126/463/1158 2135/464/457 2133/465/1163
f 2136/465/1165 2115/466/1148 2114/465/1147
f 2132/463/1162 2136/465/1165 2114/465/1147
f 2116/466/1149 2119/464/457 2114/465/1147
f 2139/466/1168 2137/465/1166 2138/466/1167
f 2140/467/1169 2139/466/1168 2138/466/1167
f 2133/465/1163 2135/464/457 2138/466/1167
f 2141/467/1170 2139/466/1168 2140/467/1169
f 2142/468/1171 2141/467/1170 2140/467/1169
f 2138/466/1167 2135/464/457 2140/467/1169
f 2116/466/1149 2117/467/1150 2118/467/1151
f 2117/467/1150 2120/468/1152 2118/467/1151
f 2121/468/1153 2119/464/457 2118/467/1151
f 2143/468/1172 2141/467/1170 2142/468/1171
f 2144/469/1173 2143/468/1172 2142/468/1171
f 2140/467/1169 2135/464/457 2142/468/1171
f 2145/469/1174 2143/468/1172 2144/469/1173
f 2146/470/1175 2145/469/1174 2144/469/1173
f 2142/468/1171 2135/464/457 2144/469/1173
f 2147/470/1176 2145/469/1174 2146/470/1175
f 2148/471/1177 2147/470/1176 2146/470/1175
f 2144/469/1173 2135/464/457 2146/470/1175
f 2124/470/1156 2149/471/1178 2125/470/1157
f 2123/469/1155 2124/470/1156 2125/470/1157
f 2150/471/1179 2119/464/457 2125/470/1157
f 2151/473/1180 2152/471/1181 2148/471/1177
f 2152/471/1181 2147/470/1176 2148/471/1177
f 2146/470/1175 2135/464/457 2148/471/1177
f 2125/470/1157 2149/471/1178 2150/471/1179
f 2149/471/1178 2153/473/1088 2150/471/1179
f 2154/473/1182 2119/464/457 2150/471/1179
f 2155/473/1087 2152/471/1181 2151/473/1180
f 2148/471/1177 2135/464/457 2151/473/1180
f 2150/471/1179 2153/473/1088 2154/473/1182
f 2156/465/1147 2157/466/1148 2158/466/1183
f 2157/466/1148 2159/467/1184 2158/466/1183
f 2160/467/1151 2161/464/457 2158/466/1183
f 2160/467/1151 2162/468/1152 2163/468/1185
f 2162/468/1152 2164/469/1186 2163/468/1185
f 2165/469/1187 2161/464/457 2163/468/1185
f 2163/468/1185 2164/469/1186 2165/469/1187
f 2164/469/1186 2166/470/1156 2165/469/1187
f 2167/470/1188 2161/464/457 2165/469/1187
f 2168/463/1158 2169/472/1077 2170/472/1159
f 2171/472/1073 2172/463/1160 2173/472/1189
f 2174/463/1162 2161/464/457 2173/472/1189
f 2175/465/1163 2176/463/1164 2168/463/1158
f 2176/463/1164 2169/472/1077 2168/463/1158
f 2170/472/1159 2177/464/457 2168/463/1158
f 2173/472/1189 2172/463/1160 2174/463/1162
f 2172/463/1160 2178/465/1165 2174/463/1162
f 2156/465/1147 2161/464/457 2174/463/1162
f 2179/465/1190 2176/463/1164 2175/465/1163
f 2180/466/1191 2179/465/1190 2175/465/1163
f 2168/463/1158 2177/464/457 2175/465/1163
f 2178/465/1165 2157/466/1148 2156/465/1147
f 2174/463/1162 2178/465/1165 2156/465/1147
f 2158/466/1183 2161/464/457 2156/465/1147
f 2181/466/1168 2179/465/1190 2180/466/1191
f 2182/467/1192 2181/466/1168 2180/466/1191
f 2175/465/1163 2177/464/457 2180/466/1191
f 2183/467/1170 2181/466/1168 2182/467/1192
f 2184/468/1171 2183/467/1170 2182/467/1192
f 2180/466/1191 2177/464/457 2182/467/1192
f 2158/466/1183 2159/467/1184 2160/467/1151
f 2159/467/1184 2162/468/1152 2160/467/1151
f 2163/468/1185 2161/464/457 2160/467/1151
f 2185/468/1193 2183/467/1170 2184/468/1171
f 2186/469/1194 2185/468/1193 2184/468/1171
f 2182/467/1192 2177/464/457 2184/468/1171
f 2187/469/1174 2185/468/1193 2186/469/1194
f 2188/470/1175 2187/469/1174 2186/469/1194
f 2184/468/1171 2177/464/457 2186/469/1194
f 2189/470/1195 2187/469/1174 2188/470/1175
f 2190/471/1177 2189/470/1195 2188/470/1175
f 2186/469/1194 2177/464/457 2188/470/1175
f 2166/470/1156 2191/471/1178 2167/470/1188
f 2165/469/1187 2166/470/1156 2167/470/1188
f 2192/471/1196 2161/464/457 2167/470/1188
f 2193/473/1197 2194/471/1181 2190/471/1177
f 2194/471/1181 2189/470/1195 2190/471/1177
f 2188/470/1175 2177/464/457 2190/471/1177
f 2167/470/1188 2191/471/1178 2192/471/1196
f 2191/471/1178 2195/473/1088 2192/471/1196
f 2196/473/1182 2161/464/457 2192/471/1196
f 2197/473/1087 2194/471/1181 2193/473/1197
f 2190/471/1177 2177/464/457 2193/473/1197
f 2192/471/1196 2195/473/1088 2196/473/1182
usemtl _bbman_vHoodNorm_m
f 958/486/1198 959/487/1199 960/488/1199
f 958/486/1198 960/488/1199 961/489/1199
f 958/486/1198 962/490/1200 959/487/1199
f 958/486/1198 961/489/1199 963/491/1200
f 958/486/1198 964/492/1201 962/490/1200
f 958/486/1198 963/491/1200 965/493/1202
f 958/486/1198 966/494/1203 964/492/1201
f 958/486/1198 965/493/1202 966/494/1203
f 967/495/1204 968/496/1205 969/497/1206
f 967/495/1204 969/497/1206 970/498/1207
f 971/499/1208 967/495/1204 970/498/1207
f 972/500/1209 967/495/1204 971/499/1208
f 973/501/1210 974/502/1211 975/503/1212
f 976/504/1213 973/501/1210 975/503/1212
f 976/504/1213 975/503/1212 977/505/1214
f 978/506/1215 979/507/1216 980/508/1217
f 968/496/1205 967/495/1204 981/509/1218
f 980/508/1217 979/507/1216 982/510/1219
f 972/500/1209 971/499/1208 983/511/1220
f 984/512/1221 985/513/1222 983/511/1220
f 981/509/1218 967/495/1204 972/500/1209
f 983/511/1220 985/513/1222 972/500/1209
f 986/514/1223 987/515/1224 988/504/1225
f 989/516/1226 990/517/1227 991/501/1228
f 988/504/1225 987/515/1224 991/501/1228
f 992/517/1229 974/502/1211 973/501/1210
f 993/518/1230 994/507/1231 995/506/1232
f 989/516/1226 991/501/1228 987/515/1224
f 996/519/1233 989/516/1226 987/515/1224
f 997/520/1234 998/521/1235 987/515/1224
f 981/509/1218 972/500/1209 999/522/1236
f 1000/513/1237 1001/523/1238 999/522/1236
f 1002/512/1239 1003/524/1240 1000/513/1237
f 999/522/1236 972/500/1209 985/513/1222
f 993/518/1230 995/506/1232 1004/525/1241
f 1005/526/1242 993/518/1230 1004/525/1241
f 999/522/1236 1001/523/1238 1006/527/1243
f 1007/528/1244 1001/523/1238 1003/524/1240
f 1008/529/1245 1006/527/1243 1001/523/1238
f 1000/513/1237 1003/524/1240 1001/523/1238
f 1009/530/1246 1010/531/1246 1011/532/1246
f 1012/533/1246 1009/530/1246 1011/532/1246
f 1013/534/1246 1010/531/1246 1009/530/1246
f 987/515/1224 986/514/1223 997/520/1234
f 1014/535/1247 998/521/1235 997/520/1234
f 1015/536/1248 1014/535/1247 997/520/1234
f 1006/527/1243 1008/529/1245 1016/537/1249
f 1008/529/1245 1017/538/1250 1016/537/1249
f 1008/529/1245 1001/523/1238 1007/528/1244
f 1005/526/1242 1004/525/1241 1018/539/1251
f 1019/540/1252 1005/526/1242 1018/539/1251
f 996/519/1233 987/515/1224 998/521/1235
f 1014/535/1247 996/519/1233 998/521/1235
f 1020/541/1246 1009/530/1246 1012/533/1246
f 1021/542/1246 1022/543/1246 1012/533/1246
f 1012/533/1246 1022/543/1246 1020/541/1246
f 1017/538/1250 1008/529/1245 1023/544/1253
f 1008/529/1245 1007/528/1244 1023/544/1253
f 1024/545/1254 1025/546/1255 1023/544/1253
f 1025/546/1255 1026/547/1256 1023/544/1253
f 1023/544/1253 1007/528/1244 1024/545/1254
f 1027/548/1257 1025/546/1255 1024/545/1254
f 1023/544/1253 1026/547/1256 1017/538/1250
f 1028/549/1258 1005/526/1242 1019/540/1252
f 1029/550/1259 1028/549/1258 1019/540/1252
f 1030/551/1260 1026/547/1256 1031/546/1261
f 1030/551/1260 1032/552/1262 1026/547/1256
f 1033/553/1263 996/519/1233 1014/535/1247
f 1034/554/1264 1033/553/1263 1014/535/1247
f 1035/555/1265 1028/549/1258 1029/550/1259
f 1036/556/1266 1033/553/1263 1034/554/1264
f 1014/535/1247 1037/557/1267 1034/554/1264
f 1014/535/1247 1015/536/1248 1037/557/1267
f 1031/546/1261 1038/558/1268 1030/551/1260
f 1039/559/1269 1032/552/1262 1030/551/1260
f 1031/546/1261 1040/548/1270 1038/558/1268
f 1041/560/1271 1030/551/1260 1038/558/1268
f 1042/555/1272 1043/561/1272 1044/562/1273
f 1039/559/1269 1045/563/1274 1032/552/1262
f 1046/556/1275 1047/554/1276 1048/564/1277
f 1042/555/1272 1049/550/1278 1043/561/1272
f 1050/565/1279 1051/557/1280 1052/566/1281
f 1048/564/1277 1047/554/1276 1050/565/1279
f 1047/554/1276 1051/557/1280 1050/565/1279
f 1039/559/1269 1030/551/1260 1041/560/1271
f 1053/567/1282 1039/559/1269 1054/568/1283
f 1039/559/1269 1041/560/1271 1054/568/1283
f 1045/563/1274 1039/559/1269 1053/567/1282
f 1055/569/1284 1056/570/1285 1057/571/1286
f 1058/572/1287 1056/570/1285 1055/569/1284
f 1057/571/1286 1056/570/1285 1059/573/1288
f 1060/574/1289 1056/570/1285 1058/572/1287
f 1059/573/1288 1056/570/1285 1061/575/1287
f 1062/576/1290 1056/570/1285 1060/574/1289
f 1061/575/1287 1056/570/1285 1063/577/1289
f 1063/577/1289 1056/570/1285 1062/576/1290
usemtl _Windsheild_m_002
f 2198/150/1291 2199/578/1292 2200/579/1292
f 2200/579/1292 2199/578/1292 2201/580/1293
f 2202/581/1294 2203/151/1295 2204/582/1296
f 2202/581/1294 2205/583/1297 2206/584/1298
f 2206/584/1298 2203/151/1295 2202/581/1294
f 2205/583/1297 2202/581/1294 2207/162/1299
f 2208/581/1300 2205/583/1297 2207/162/1299
f 2209/151/1301 2210/584/1302 2208/581/1300
f 2205/583/1297 2208/581/1300 2210/584/1302
f 2209/151/1301 2208/581/1300 2211/582/1303
f 2212/150/1304 2213/579/1305 2214/578/1305
f 2214/578/1305 2213/579/1305 2215/580/1306
usemtl _bbman_vDoorDNorm_m
f 746/585/1307 747/586/1308 748/587/1309
f 749/588/1310 750/589/1311 748/587/1309
f 751/590/1312 752/591/1313 748/587/1309
f 752/591/1313 753/592/1314 748/587/1309
f 753/592/1314 749/588/1310 748/587/1309
f 754/593/1315 755/594/1316 747/586/1308
f 746/585/1307 756/595/1317 747/586/1308
f 757/596/1318 752/591/1313 751/590/1312
f 754/593/1315 758/597/1319 755/594/1316
f 758/597/1319 759/598/1320 755/594/1316
f 760/599/1321 761/600/1322 762/600/1323
f 763/601/1324 764/602/1325 762/600/1323
f 764/602/1325 765/603/1326 762/600/1323
f 766/604/1327 767/605/1328 761/600/1322
f 760/599/1321 766/604/1327 761/600/1322
f 768/606/1329 757/596/1318 769/607/1330
f 770/608/1331 771/609/1332 763/601/1324
f 772/610/1333 773/611/1334 774/612/1335
f 747/586/1308 756/595/1317 754/593/1315
f 775/613/1336 776/614/1337 767/605/1328
f 766/604/1327 775/613/1336 767/605/1328
f 777/615/1338 778/616/1339 773/611/1334
f 779/617/1340 780/618/1341 759/598/1320
f 777/615/1338 773/611/1334 772/610/1333
f 774/612/1335 781/619/1342 772/610/1333
f 763/601/1324 771/609/1332 764/602/1325
f 746/585/1307 748/587/1309 750/589/1311
f 782/620/1343 783/621/1344 750/589/1311
f 784/622/1345 778/616/1339 777/615/1338
f 785/608/1346 771/609/1332 770/608/1331
f 786/623/1347 787/624/1348 776/614/1337
f 765/603/1326 788/625/1349 760/599/1321
f 789/626/1350 790/627/1351 760/599/1321
f 759/598/1320 758/597/1319 779/617/1340
f 781/619/1342 774/612/1335 791/628/1352
f 792/629/1353 793/630/1354 791/628/1352
f 750/589/1311 783/621/1344 746/585/1307
f 791/628/1352 794/631/1355 781/619/1342
f 760/599/1321 762/600/1323 765/603/1326
f 786/623/1347 776/614/1337 775/613/1336
f 795/613/1356 796/614/1356 797/605/1357
f 760/599/1321 790/627/1351 766/604/1327
f 790/627/1351 798/632/1358 766/604/1327
f 760/599/1321 788/625/1349 789/626/1350
f 799/633/1359 790/627/1351 789/626/1350
f 751/590/1312 769/607/1330 757/596/1318
f 800/596/1360 752/591/1313 757/596/1318
f 779/617/1340 801/634/1361 780/618/1341
f 802/635/1362 789/626/1350 788/625/1349
f 803/619/1363 804/631/1363 805/636/1363
f 794/631/1355 791/628/1352 806/637/1364
f 791/628/1352 793/630/1354 806/637/1364
f 785/608/1346 770/608/1331 807/638/1365
f 750/589/1311 808/639/1366 782/620/1343
f 809/640/1367 810/641/1368 782/620/1343
f 808/639/1366 809/640/1367 782/620/1343
f 811/642/1369 787/624/1348 786/623/1347
f 795/613/1356 812/623/1370 796/614/1356
f 756/595/1317 746/585/1307 813/643/1371
f 814/616/1372 815/644/1373 816/645/1373
f 790/627/1351 817/646/1374 798/632/1358
f 816/645/1373 815/644/1373 818/647/1375
f 785/608/1346 807/638/1365 819/638/1376
f 820/591/1377 752/591/1313 800/596/1360
f 821/596/1378 820/591/1377 800/596/1360
f 757/596/1318 768/606/1329 822/648/1379
f 823/649/1380 746/585/1307 783/621/1344
f 782/620/1343 810/641/1368 783/621/1344
f 808/639/1366 749/588/1310 824/650/1381
f 817/646/1374 790/627/1351 799/633/1359
f 750/589/1311 749/588/1310 808/639/1366
f 825/642/1382 826/614/1383 827/624/1384
f 828/624/1385 829/642/1386 826/614/1387
f 826/614/1383 825/642/1382 812/623/1370
f 830/605/1388 831/613/1388 832/651/1388
f 833/605/1389 834/623/1390 835/614/1391
f 799/633/1359 789/626/1350 802/635/1362
f 813/643/1371 746/585/1307 823/649/1380
f 798/632/1358 817/646/1374 836/652/1392
f 808/639/1366 824/650/1381 837/639/1393
f 809/640/1367 808/639/1366 837/639/1393
f 838/648/133 839/596/1394 840/648/133
f 840/648/133 839/596/1394 821/596/1378
f 820/591/1377 821/596/1378 841/591/1395
f 837/639/1393 824/650/1381 842/650/1396
f 833/605/1389 843/613/1397 834/623/1390
f 844/651/1398 845/605/1398 846/613/1398
f 847/613/1399 848/614/1400 849/605/1401
f 848/614/1400 847/613/1399 850/623/1402
f 851/605/1403 852/623/1403 853/614/1404
f 826/614/1387 829/642/1386 854/623/1405
f 855/614/1406 856/653/1406 854/623/1405
f 857/614/1407 858/653/1407 854/623/1405
f 859/614/1408 860/642/1409 854/623/1405
f 852/623/1403 851/605/1403 861/613/1410
f 862/613/1411 863/651/1411 864/605/1411
f 865/605/1412 866/613/1413 859/614/1414
f 867/624/1415 860/642/1409 859/614/1408
f 868/650/1416 869/639/1417 870/650/1418
f 839/596/1419 871/591/1420 872/591/1395
f 873/646/1421 874/632/1422 875/652/1423
f 876/620/1424 877/641/1425 878/640/1426
f 869/639/1417 879/639/1427 878/640/1426
f 880/585/1428 881/643/1429 882/649/1430
f 883/626/1431 884/633/1432 885/635/1433
f 859/614/1414 866/613/1413 886/623/1434
f 887/614/1435 860/642/1409 886/623/1434
f 888/605/1436 889/613/1436 890/651/1436
f 891/605/1437 892/623/1438 893/614/1439
f 860/642/1409 887/614/1435 894/624/1440
f 895/588/1441 896/589/1442 879/639/1427
f 879/639/1427 869/639/1417 868/650/1416
f 895/588/1441 879/639/1427 868/650/1416
f 880/585/1428 882/649/1430 897/621/1443
f 877/641/1425 876/620/1424 897/621/1443
f 898/606/1444 899/607/1445 900/648/1446
f 871/591/1420 839/596/1419 901/596/1447
f 902/644/1448 903/645/1448 904/647/1449
f 873/646/1421 905/627/1450 874/632/1422
f 880/585/1428 906/595/1451 881/643/1429
f 873/646/1421 884/633/1432 905/627/1450
f 907/624/1452 908/642/1453 909/623/1454
f 891/605/1437 910/613/1455 892/623/1438
f 878/640/1426 879/639/1427 876/620/1424
f 896/589/1442 897/621/1443 876/620/1424
f 879/639/1427 896/589/1442 876/620/1424
f 911/608/1456 912/638/1457 913/638/1458
f 914/619/1459 915/631/1460 916/637/1461
f 917/630/1462 918/628/1463 916/637/1461
f 919/631/1464 920/619/1464 921/636/1464
f 883/626/1431 885/635/1433 922/625/1465
f 923/603/1466 924/599/1467 922/625/1465
f 925/634/1468 926/617/1469 927/618/1470
f 928/591/1471 901/596/1447 929/596/1472
f 900/648/1446 899/607/1445 929/596/1472
f 899/607/1445 930/590/1473 929/596/1472
f 905/627/1450 884/633/1432 883/626/1431
f 922/625/1465 924/599/1467 883/626/1431
f 874/632/1422 905/627/1450 931/604/1474
f 905/627/1450 924/599/1467 931/604/1474
f 932/600/1475 924/599/1467 923/603/1466
f 897/621/1443 896/589/1442 880/585/1428
f 917/630/1462 933/629/1476 918/628/1463
f 914/619/1459 916/637/1461 918/628/1463
f 934/612/1477 914/619/1459 918/628/1463
f 880/585/1428 935/586/1478 906/595/1451
f 871/591/1420 901/596/1447 928/591/1471
f 929/596/1472 930/590/1473 928/591/1471
f 936/616/1479 903/645/1448 902/644/1448
f 937/597/1480 938/598/1481 926/617/1469
f 905/627/1450 883/626/1431 924/599/1467
f 887/614/1435 939/605/1482 940/623/1482
f 907/624/1452 909/623/1454 941/614/1483
f 911/608/1456 913/638/1458 942/608/1484
f 943/616/1485 944/622/1485 945/615/1486
f 911/608/1456 942/608/1484 946/609/1487
f 947/587/1488 880/585/1428 896/589/1442
f 895/588/1441 947/587/1488 896/589/1442
f 946/609/1487 948/601/1489 949/602/1490
f 914/619/1459 934/612/1477 950/610/1491
f 927/618/1470 926/617/1469 938/598/1481
f 943/616/1485 945/615/1486 951/611/1492
f 945/615/1486 950/610/1491 951/611/1492
f 940/623/1482 939/605/1482 952/613/1493
f 910/613/1494 931/604/1474 953/605/1495
f 906/595/1451 935/586/1478 954/593/1496
f 951/611/1492 950/610/1491 934/612/1477
f 946/609/1487 942/608/1484 948/601/1489
f 953/605/1495 931/604/1474 955/600/1497
f 931/604/1474 924/599/1467 955/600/1497
f 955/600/1497 924/599/1467 932/600/1475
f 923/603/1466 949/602/1490 932/600/1475
f 949/602/1490 948/601/1489 932/600/1475
f 938/598/1481 937/597/1480 956/594/1498
f 937/597/1480 954/593/1496 956/594/1498
f 956/594/1498 954/593/1496 935/586/1478
f 935/586/1478 880/585/1428 947/587/1488
f 895/588/1441 957/592/1499 947/587/1488
f 957/592/1499 928/591/1471 947/587/1488
f 928/591/1471 930/590/1473 947/587/1488
