<?xml version="1.0" encoding="utf-8"?>
<COLLADA xmlns="http://www.collada.org/2005/11/COLLADASchema" version="1.4.1" xmlns:xsi="http://www.w3.org/2001/XMLSchema-instance">
  <asset>
    <contributor>
      <author>Blender User</author>
      <authoring_tool>Blender 3.5.0 commit date:2023-03-29, commit time:02:56, hash:1be25cfff18b</authoring_tool>
    </contributor>
    <created>2023-04-25T15:27:35</created>
    <modified>2023-04-25T15:27:35</modified>
    <unit name="meter" meter="1"/>
    <up_axis>Z_UP</up_axis>
  </asset>
  <library_effects>
    <effect id="mat_engine-effect">
      <profile_COMMON>
        <newparam sid="body_wr_png-surface">
          <surface type="2D">
            <init_from>body_wr_png</init_from>
          </surface>
        </newparam>
        <newparam sid="body_wr_png-sampler">
          <sampler2D>
            <source>body_wr_png-surface</source>
          </sampler2D>
        </newparam>
        <technique sid="common">
          <lambert>
            <emission>
              <color sid="emission">0 0 0 1</color>
            </emission>
            <diffuse>
              <texture texture="body_wr_png-sampler" texcoord="polygon4_UVs0"/>
            </diffuse>
            <index_of_refraction>
              <float sid="ior">1.45</float>
            </index_of_refraction>
          </lambert>
        </technique>
      </profile_COMMON>
    </effect>
    <effect id="mat_screen-effect">
      <profile_COMMON>
        <newparam sid="metal_4_png-surface">
          <surface type="2D">
            <init_from>metal_4_png</init_from>
          </surface>
        </newparam>
        <newparam sid="metal_4_png-sampler">
          <sampler2D>
            <source>metal_4_png-surface</source>
          </sampler2D>
        </newparam>
        <technique sid="common">
          <lambert>
            <emission>
              <color sid="emission">0 0 0 1</color>
            </emission>
            <diffuse>
              <texture texture="metal_4_png-sampler" texcoord="UVMap"/>
            </diffuse>
            <index_of_refraction>
              <float sid="ior">1.45</float>
            </index_of_refraction>
          </lambert>
        </technique>
      </profile_COMMON>
    </effect>
    <effect id="mat_body-effect">
      <profile_COMMON>
        <newparam sid="body_wr_png-surface">
          <surface type="2D">
            <init_from>body_wr_png</init_from>
          </surface>
        </newparam>
        <newparam sid="body_wr_png-sampler">
          <sampler2D>
            <source>body_wr_png-surface</source>
          </sampler2D>
        </newparam>
        <technique sid="common">
          <lambert>
            <emission>
              <color sid="emission">0 0 0 1</color>
            </emission>
            <diffuse>
              <texture texture="body_wr_png-sampler" texcoord="polygon2_UVs0"/>
            </diffuse>
            <index_of_refraction>
              <float sid="ior">1.45</float>
            </index_of_refraction>
          </lambert>
        </technique>
      </profile_COMMON>
    </effect>
    <effect id="mat_tire-effect">
      <profile_COMMON>
        <newparam sid="tire_png-surface">
          <surface type="2D">
            <init_from>tire_png</init_from>
          </surface>
        </newparam>
        <newparam sid="tire_png-sampler">
          <sampler2D>
            <source>tire_png-surface</source>
          </sampler2D>
        </newparam>
        <technique sid="common">
          <lambert>
            <emission>
              <color sid="emission">0 0 0 1</color>
            </emission>
            <diffuse>
              <texture texture="tire_png-sampler" texcoord="polygon1_UVs0"/>
            </diffuse>
            <index_of_refraction>
              <float sid="ior">1.45</float>
            </index_of_refraction>
          </lambert>
        </technique>
      </profile_COMMON>
    </effect>
    <effect id="mat_tire_rim-effect">
      <profile_COMMON>
        <newparam sid="tire_png-surface">
          <surface type="2D">
            <init_from>tire_png</init_from>
          </surface>
        </newparam>
        <newparam sid="tire_png-sampler">
          <sampler2D>
            <source>tire_png-surface</source>
          </sampler2D>
        </newparam>
        <technique sid="common">
          <lambert>
            <emission>
              <color sid="emission">0 0 0 1</color>
            </emission>
            <diffuse>
              <texture texture="tire_png-sampler" texcoord="polygon0_UVs0"/>
            </diffuse>
            <index_of_refraction>
              <float sid="ior">1.45</float>
            </index_of_refraction>
          </lambert>
        </technique>
      </profile_COMMON>
    </effect>
  </library_effects>
  <library_images>
    <image id="body_wr_png" name="body_wr_png">
      <init_from>body_wr.png</init_from>
    </image>
    <image id="metal_4_png" name="metal_4_png">
      <init_from>metal_4.png</init_from>
    </image>
    <image id="tire_png" name="tire_png">
      <init_from>tire.png</init_from>
    </image>
  </library_images>
  <library_materials>
    <material id="mat_engine-material" name="mat_engine">
      <instance_effect url="#mat_engine-effect"/>
    </material>
    <material id="mat_screen-material" name="mat_screen">
      <instance_effect url="#mat_screen-effect"/>
    </material>
    <material id="mat_body-material" name="mat_body">
      <instance_effect url="#mat_body-effect"/>
    </material>
    <material id="mat_tire-material" name="mat_tire">
      <instance_effect url="#mat_tire-effect"/>
    </material>
    <material id="mat_tire_rim-material" name="mat_tire_rim">
      <instance_effect url="#mat_tire_rim-effect"/>
    </material>
  </library_materials>
  <library_geometries>
    <geometry id="polygon4-mesh" name="polygon4">
      <mesh>
        <source id="polygon4-mesh-positions">
          <float_array id="polygon4-mesh-positions-array" count="810">-68.04795 55.20981 158.9496 -62.41417 53.93503 172.2563 -60.68174 45.38874 158.9716 -56.87876 50.30809 172.2563 -0.09551 44.8323 158.9716 56.68774 50.30809 172.2563 60.49072 45.38875 158.9716 62.22314 53.93503 172.2563 67.85693 55.20982 158.9496 64.38071 64.71651 172.2563 67.07298 71.61086 158.7904 63.50277 71.36384 172.2563 59.41741 76.50395 172.2563 47.70967 68.52034 117.2507 34.91147 86.93062 117.2507 50.45286 79.42484 117.2507 47.16346 90.02228 117.2507 51.59087 79.42486 90.41991 47.73247 90.02229 90.41991 34.91148 86.93058 90.41991 40.80321 96.53435 90.41991 34.32138 97.33015 90.41991 34.32138 97.33015 117.2507 22.78416 92.98898 90.41991 22.78416 92.98898 117.2507 -47.90068 68.52034 117.2507 -50.64388 79.42484 117.2507 -35.10248 86.93062 117.2507 -47.35447 90.02228 117.2507 -40.99421 96.53433 117.2507 -47.92348 90.02229 90.41991 -40.99422 96.53435 90.41991 -35.10249 86.93058 90.41991 -34.51239 97.33015 90.41991 58.82543 74.7448 162.9008 62.44787 63.70948 162.9008 60.20394 52.16819 162.9008 -27.14004 112.8033 115.4913 -29.85414 114.0281 130.1763 26.94903 112.8033 115.4913 29.66313 114.0281 130.1763 30.48391 124.3191 114.3435 33.55275 126.2614 128.7563 26.94903 136.8774 112.9552 29.66313 139.12 126.9521 -46.40049 86.64088 -161.5254 -51.18938 91.98189 -161.3565 -49.86797 88.62761 -170.1424 -65.14365 91.97514 -160.6194 -65.87377 88.69566 -170.1424 -70.11742 86.98689 -160.3175 -69.73337 68.06886 -161.0922 27.56649 83.58626 117.2507 40.8032 96.53433 117.2507 69.92641 86.98689 -160.3175 65.68275 88.69566 -170.1424 69.54237 68.06886 -161.0922 65.93085 70.41722 -170.307 46.08656 67.93195 -161.707 50.11665 70.41722 -170.307 49.67696 88.62761 -170.1424 57.57555 32.95781 151.9099 -57.76657 32.95781 151.9099 -0.09550499 26.21938 35.87877 -64.45468 44.36797 151.7382 9.33387 28.92019 53.12051 -0.09551 43.81154 151.7382 64.26366 44.36799 151.7382 -60.39496 52.16819 162.9008 -62.63889 63.70947 162.9008 -64.57172 64.71651 172.2563 -59.01644 74.74479 162.9008 -63.69379 71.36384 172.2563 -59.60842 76.50395 172.2563 -28.49208 82.40096 153.9105 -28.49208 79.35043 163.9942 -28.49208 82.37197 163.4085 -31.9453 79.35043 163.9942 -31.9453 82.37197 163.4085 -31.9453 82.40096 153.9105 65.73061 17.66623 30.84616 93.22395 28.23132 20.22556 63.3175 18.78231 44.28575 102.5686 27.95559 34.32154 66.9118 7.542019 43.28514 102.1382 13.87821 34.2439 -60.33257 29.73257 144.9629 -0.09551 27.36715 144.9629 60.14155 29.73257 144.9629 66.83939 42.76276 144.2468 -93.00132 25.16092 -22.42908 -93.00132 11.07675 -22.42908 -72.6014 16.83969 -6.775581 -75.16772 4.994408 -6.951859 -41.61448 14.64979 1.577109 -39.34443 15.15309 10.93996 -93.41493 28.23132 20.22556 -92.98454 14.15395 20.14789 -65.9216 17.66623 30.84615 -68.96626 7.542019 30.57686 -38.14889 15.06911 27.7458 -34.0154 16.19295 37.664 46.20947 86.64087 -161.5254 50.73288 91.982 -161.3693 64.95264 91.97513 -160.6194 92.79353 14.15395 20.14789 68.77527 7.542019 30.57686 93.90761 26.15372 -0.41608 67.98864 17.36299 15.06044 93.90759 12.06955 -0.416071 71.8218 5.818291 14.60052 102.7486 12.06955 13.68845 69.41541 5.598888 27.14493 -94.0986 26.15372 -0.41608 -94.0986 12.06955 -0.416076 -68.17963 17.36299 15.06044 -72.0128 5.818291 14.60052 -37.7984 15.85994 14.80495 -37.38266 15.85994 24.69363 92.81033 25.16092 -22.42908 72.41039 16.83969 -6.775581 92.81033 11.07675 -22.42908 74.97671 4.994408 -6.951849 102.1468 11.07675 -7.552893 71.87621 4.606087 9.62879 59.36125 79.91502 158.8298 52.41988 78.47561 172.2563 48.69342 81.45238 158.8686 -0.013686 81.45238 158.8686 -67.264 71.61086 158.7904 28.49208 79.35043 163.9942 28.49208 82.40096 153.9105 28.49208 82.37197 163.4085 31.9453 82.37197 163.4085 31.9453 79.35043 163.9942 31.9453 82.40096 153.9105 -66.12186 70.41724 -170.307 -46.27757 67.93195 -161.707 -50.30766 70.41724 -170.307 -26.22706 66.33974 -151.8759 -25.07429 62.11193 -158.8378 27.56795 66.34713 -151.8649 26.45598 62.11931 -158.9213 49.50215 67.14545 -148.8893 44.8963 56.14513 -152.6773 -0.013686 74.6813 162.9008 -0.01368498 52.16819 162.9008 -27.14004 136.8774 112.9552 -29.85414 139.12 126.9521 -33.74376 126.2614 128.7563 -52.61089 78.47561 172.2563 37.95787 15.06911 27.7458 33.8244 16.19295 37.664 -0.09550398 132.5546 90.89615 -19.46721 129.6721 86.95034 19.2762 129.6721 86.95034 37.19164 15.85994 24.69363 66.08615 16.78261 26.96901 102.7914 26.15372 14.13854 -1.905811 70.91945 170.4464 1.759884 70.91943 170.4464 -1.905811 62.72217 166.6096 1.759884 62.72216 166.6096 1.759884 55.2672 170.6929 21.80819 120.7346 86.99332 19.2762 111.0706 90.24697 -34.51239 97.33015 117.2507 -22.97517 92.98898 117.2507 -27.7575 83.58626 117.2507 39.1534 15.15309 10.93996 68.77714 14.64576 9.450081 102.1468 25.16092 -7.552893 37.60738 15.85994 14.80495 -47.90068 68.52034 90.41991 -51.78188 79.42486 90.41991 -49.69316 67.14545 -148.8893 -45.08732 56.14513 -152.6773 -25.30041 56.67149 -152.8685 41.42347 14.64979 1.577109 -0.09550297 120.9517 83.32745 -7.149066 102.14 134.8025 7.704936 102.1768 134.8025 -0.01193898 91.12181 134.8025 12.54947 90.99125 134.8025 0.002648949 76.08665 134.8025 1.759884 78.17506 169.7715 -1.905811 78.17506 169.7715 1.759884 50.48456 170.0099 -1.905811 50.48455 170.0099 -1.905811 55.26721 170.6929 -22.97517 92.98898 90.41991 -35.43043 77.55695 121.7364 -35.43043 77.55695 85.85519 -25.55964 102.8987 121.7364 -25.55964 102.8987 85.85519 -11.83747 97.40162 85.85519 -21.86062 71.75518 85.85519 -11.83747 97.40162 121.7364 -21.86062 71.75519 121.7364 62.10697 44.58817 145.557 56.3523 31.01106 146.2995 -62.29799 44.58817 145.557 -56.54332 31.01106 146.2995 -67.03042 42.76274 144.2468 -30.67491 124.3191 114.3435 -21.9992 120.7346 86.99332 -19.46721 111.0706 90.24697 35.23942 77.55695 121.7364 25.36863 102.8987 121.7364 35.23942 77.55695 85.85519 25.36863 102.8987 85.85519 11.64647 97.40162 85.85519 21.66961 71.75518 85.85519 11.64647 97.40162 121.7364 21.66961 71.75519 121.7364 14.16166 91.13773 133.1336 14.16166 91.13773 124.543 27.76923 43.81927 133.1336 27.76923 43.81927 124.543 9.34115 101.8171 133.1336 9.34115 101.8171 124.543 -0.01229298 104.8848 133.1336 -0.01473999 104.8848 124.543 -8.931204 101.8171 133.1336 -8.931204 101.8171 124.543 -13.8481 91.05759 133.1336 -13.8481 91.05759 124.543 -36.52557 42.41428 133.1336 -36.52557 42.41428 124.543 -11.41901 83.74157 91.70772 -11.41901 118.2378 91.70772 -11.41901 83.74157 111.9591 -11.41901 118.2378 111.9591 11.228 83.74157 111.9591 11.228 118.2378 111.9591 11.228 83.74157 91.70772 11.228 118.2378 91.70772 7.704936 102.1768 110.9353 -7.149066 102.14 110.9353 -27.75751 83.58621 90.41991 -0.08091497 76.08665 110.9353 12.54947 91.28501 110.9353 -12.73146 91.25725 110.9353 -12.73147 90.9635 134.8025 -13.92163 75.30595 84.60541 -13.92163 102.6977 84.60542 -13.92163 75.30595 122.927 -13.92163 102.6977 122.9271 13.73062 75.30595 122.927 13.73062 102.6977 122.9271 13.73062 75.30595 84.60541 13.73062 102.6977 84.60542 27.56651 83.58621 90.41991 -68.96814 14.64576 9.450072 -102.3378 25.16092 -7.552902 -66.27717 16.78261 26.969 -102.9824 26.15372 14.13854 -63.5085 18.78231 44.28574 -102.7596 27.95559 34.32154 -69.60642 5.598888 27.14493 -67.10284 7.542019 43.28513 -59.39485 79.90517 158.8253 -48.88444 81.45238 158.8686 -102.3378 11.07675 -7.552902 -72.06723 4.606087 9.62878 -102.9396 12.06955 13.68844 25.40899 56.67149 -152.8685 0.001649975 56.67149 -152.8685 -102.3292 13.87821 34.24389 47.70967 68.52034 90.41991</float_array>
          <technique_common>
            <accessor source="#polygon4-mesh-positions-array" count="270" stride="3">
              <param name="X" type="float"/>
              <param name="Y" type="float"/>
              <param name="Z" type="float"/>
            </accessor>
          </technique_common>
        </source>
        <source id="polygon4-mesh-normals">
          <float_array id="polygon4-mesh-normals-array" count="873">-0.4520795 -0.8109796 0.3713977 -0.761821 -0.530713 0.3714466 -0.9360811 -0.1721913 0.3067611 -0.25769 -0.8797549 0.3995336 -7.09508e-7 -0.9329392 0.3600338 0.25769 -0.8797551 0.3995333 0.4520798 -0.8109795 0.3713976 0.7618204 -0.5307144 0.371446 0.9360812 -0.172191 0.3067607 0.9586238 -0.002431333 0.2846656 0.9040951 0.3353734 0.2648339 0.8922184 0.3803137 0.2435322 0.6060811 0.7661269 0.2138115 0.418564 0.1411727 0.897148 3.65065e-7 0 1 0 0 1 0.5847883 0.3670082 0.7234139 0.4287525 0.1445778 -0.8917783 0.5961858 0.3741486 -0.7103347 2.44221e-7 0 -1 0.2988994 0.6207972 -0.7247551 -0.08263677 0.6917713 -0.7173728 -0.08258074 0.6917415 0.717408 -0.1574831 0.4185501 -0.8944355 -0.1574558 0.4185806 0.8944261 -2.53213e-7 0 1 -0.4185637 0.1411728 0.8971481 1.28454e-6 0 1 -0.5847438 0.3669942 0.723457 -0.2977403 0.6183738 0.7272995 -0.5961857 0.3741488 -0.7103346 -0.2988997 0.6207973 -0.7247549 -2.44221e-7 0 -1 0.082641 0.6917707 -0.7173729 -0.6659855 -0.6753046 0.3169025 -0.8743274 -0.3823439 0.2989395 -0.5446966 -0.8172808 0.188037 -0.9573468 -0.07891345 0.2779564 -0.9799578 0.02643024 0.1974443 -0.8920295 0.4378036 0.1123014 -0.5977185 0.7911561 0.1296333 -0.2876723 0.9542461 0.08160436 0.2876709 0.9542465 0.08160448 0.582826 -0.8114442 -0.04327088 -0.5681111 -0.8185538 -0.0849685 -0.5828241 -0.8114456 -0.0432682 0.7352234 -0.6632862 -0.1396356 0.9795706 -0.03303217 -0.1983694 0.9642851 -0.04119908 -0.2616428 0.5888227 0.7713537 -0.2414569 0.5990497 0.741625 -0.3018805 0.544502 0.5480356 -0.6349604 0.3987651 0.8779999 -0.2647691 0.8882263 0.354632 -0.2920452 -0.3824505 0.8795471 -0.2830698 -0.5444362 0.548094 -0.6349664 -0.8762119 0.3742869 -0.3035822 -0.6284896 -0.6463345 -0.4327269 0.2977479 0.6183699 0.7272997 0.6284878 -0.646331 -0.4327346 0.5444756 0.5480372 -0.6349816 0.8762112 0.3742874 -0.3035835 0.4411163 -0.4494218 -0.7768117 -0.6123181 -0.6528913 -0.4458694 -0.428037 -0.4521295 -0.7825365 -0.5579189 0.532517 -0.6365157 1.51917e-5 0.6973375 0.716743 0.4932742 0.8475087 0.1959844 -0.4932747 0.8475082 0.1959846 0.7233631 -0.5019181 0.4741562 -0.7233606 -0.5019134 0.4741649 -1.09466e-5 -0.9886752 0.1500715 0.7233453 -0.5019057 0.4741965 -0.7233464 -0.5018989 0.4742022 0.9799578 0.02643007 0.1974444 0.8920296 0.4378032 0.1123018 0.5977173 0.7911571 0.1296325 0.9573469 -0.07891446 0.2779559 0.6659785 -0.6753112 0.3169031 0.8743273 -0.3823441 0.2989397 0.5446883 -0.8172554 0.188171 0.583499 0.5516287 0.5960158 0.7070966 -0.03845459 0.7060707 0.707086 0.7069403 0.01627516 -0.707099 -0.03845751 0.7060681 -0.5834987 0.5516319 0.596013 -0.707114 0.7069123 0.01627606 -0.2078201 0.6486341 0.732178 -0.05578213 0.7746812 -0.6298868 -0.2827132 0.3947802 -0.8741979 0.6322903 0.6650942 0.3973146 0.00177592 -0.7510145 0.6602835 0.765735 -0.6074785 0.2112342 6.35069e-6 -0.8660874 0.4998926 -0.4521521 -0.7351604 0.5050721 -0.4521682 -0.7351537 0.5050673 0.4521523 -0.7351601 0.5050724 0.4521684 -0.7351538 0.5050671 0.7953007 -0.3861768 0.4672946 0.5407752 0.3727476 -0.75407 -0.2518571 -0.5814497 -0.7736177 0.1577058 0.8435723 -0.513337 0.3285328 -0.6950553 -0.6395033 0.3632584 -0.6491847 -0.6682833 0.1854153 -0.6868081 0.7027915 0.2827132 0.3947794 -0.8741983 -0.3330676 -0.5223968 -0.7849636 0.05578303 0.7746812 -0.6298868 0.1130895 -0.6873529 -0.7174656 0.100993 -0.6669857 -0.7381941 0.291096 -0.7295972 0.6188305 -0.4100856 0.870304 -0.2727651 -0.8921395 0.3406836 -0.2966849 0.3824499 0.8795238 -0.2831435 0.3330693 -0.5223931 -0.7849652 -0.1131023 -0.6873519 -0.7174645 0.2850846 -0.5611426 -0.7770751 -0.3750055 0.4135686 -0.8296577 -0.0882917 0.8252457 -0.5578298 -0.2152627 -0.6912457 -0.6898126 0.8111451 -0.5465884 0.2080497 0.06477665 -0.7194409 0.6915264 0.3750051 0.4135686 -0.8296579 -0.2850888 -0.5611391 -0.7770761 0.08831971 0.8252305 -0.5578478 0.2152868 -0.691245 -0.6898058 0.2005896 -0.6448925 -0.7374805 0.2628086 -0.6866607 0.6778118 0.2518507 -0.5814545 -0.7736163 -0.5407752 0.372747 -0.7540702 -0.1577223 0.8435631 -0.5133469 -0.3285511 -0.6950582 -0.6394907 0.8465876 -0.5055137 0.1665699 0.1655834 -0.7082144 0.6863051 0.426419 0.8822174 0.1996479 0.1356649 0.9678909 0.2116179 0.05841249 0.9828141 0.175113 2.21124e-6 0.9851286 0.1718188 -0.9586238 -0.002430856 0.2846658 -0.9032696 0.338257 0.2639816 -0.8922183 0.3803143 0.2435317 -0.6036741 0.7690523 0.2100865 -0.583493 0.5516321 0.5960185 -0.707086 0.7069403 0.01627498 -0.7070966 -0.03845453 0.7060706 0.5834904 0.5516366 0.5960167 0.707099 -0.03845751 0.7060681 0.7071159 0.7069122 0.01619553 -0.4410846 -0.44938 -0.776854 0.6123178 -0.6528912 -0.4458701 0.4280368 -0.4521287 -0.7825371 0.02025341 0.8554389 -0.5175077 -0.1040519 0.1224349 -0.9870071 -0.01817196 0.854049 -0.5198752 0.1213736 0.1147468 -0.9859522 0.2332412 0.5607351 -0.7944652 0.2112488 -0.3396503 -0.9165214 1.73617e-7 0 1 4.7045e-5 0.9808028 0.195002 -0.5888388 0.7713843 -0.2413192 -0.5990403 0.7416251 -0.3018989 -0.9638031 -0.04674929 -0.2624847 0.1347792 -0.9482425 0.2875254 -1.36204e-6 -0.9277207 0.3732751 -0.1347603 -0.9482418 0.2875362 -0.1009931 -0.666986 -0.7381939 -0.2910959 -0.7295972 0.6188306 9.53674e-7 0.932492 -0.3611908 -0.395456 0.8606635 -0.3207382 0.3954559 0.8606637 -0.3207381 -0.2841556 0.6134055 -0.736878 0.2841554 0.6134023 -0.7368808 -0.08257704 0.6917709 0.71738 -0.2628084 -0.6866608 0.6778117 0.6538931 0.6684411 0.3544156 3.006e-6 0.031659 0.9994987 -3.52367e-6 -0.4239206 0.9056994 -7.05473e-6 -0.4239207 0.9056994 5.79647e-6 0.03166091 0.9994987 -1.15281e-6 0.4803903 0.8770548 0.9523527 -0.04075992 -0.3022633 0.8028025 -0.06848812 -0.5922986 0.3263099 -0.7377583 -0.5909608 0.09241485 0.6843844 0.723241 0.157489 0.418568 0.8944261 -1.43517e-6 0 1 -0.02245819 0.693074 0.7205166 -0.1854158 -0.686808 0.7027914 0.6854773 0.6550272 0.3178998 -0.2005895 -0.6448925 -0.7374805 -0.4287523 0.144578 -0.8917784 0 0 -1 -0.1984868 0.5691715 -0.7979015 -0.1812947 -0.3225076 -0.9290431 0.006020188 -0.7403128 -0.6722356 -0.3632584 -0.6491846 -0.6682835 -4.92641e-7 -0.09249496 -0.9957132 7.85388e-7 0 1 4.03969e-7 0 1 -3.77491e-7 0.09261709 0.9957018 0 0.09261727 0.9957018 -1.73175e-6 -0.1413732 0.9899564 6.89289e-6 -0.1413732 0.9899564 0.1574706 0.4186164 -0.8944067 -0.3243487 0.7478829 0.579197 -0.6588833 0.25664 -0.707113 -0.6588738 0.2566521 0.7071175 -0.3243454 0.7478743 -0.5792099 8.29121e-7 0 -1 0.2629314 0.6563523 -0.7071554 0.2629295 0.656343 0.7071648 9.01623e-7 0 1 0 0.05460548 0.9985081 0 0.05460542 0.9985081 -0.7952997 -0.3861784 0.4672951 -0.7953049 -0.3861619 0.4673 -0.9523527 -0.04075992 -0.3022633 -0.7460356 -5.01126e-4 -0.6659059 -0.3290908 -0.7353544 -0.5924131 -0.5682228 -0.8148959 -0.1143135 0.568226 -0.8148934 -0.1143146 0.6588779 0.2566539 -0.707113 0.3243486 0.747883 0.579197 0.6588792 0.2566382 0.7071175 0.3243454 0.7478743 -0.5792099 -8.29121e-7 0 -1 -0.2629334 0.6563514 -0.7071555 -0.2629281 0.6563434 0.7071649 -1.20216e-6 0 1 0.9904567 0.1378245 -6.78108e-6 0.9533509 0.3018645 2.21388e-5 0.9533536 0.3018559 0 0.9904568 0.1378245 6.74908e-6 0.6486461 0.7610903 0 0.6486333 0.7611012 7.54808e-7 3.7188e-5 1 0 2.14106e-5 1 -2.08322e-5 -0.6346181 0.7728261 2.29938e-5 -0.6345841 0.7728539 0 -0.9053805 0.4246011 0 -0.9053808 0.4246007 0 -0.9339672 0.3573589 3.39563e-6 -0.9339672 0.357359 -3.37961e-6 -0.7071068 0 0.7071068 -0.7071068 0 -0.7071068 -0.7071068 0 -0.7071068 -0.7071068 0 0.7071068 0.7071068 0 -0.7071068 0.7071068 0 0.7071068 0.7071068 0 0.7071068 0.7071068 0 -0.7071068 -0.5246965 0.851288 0.001626551 0.5458701 0.8378686 0.001441061 0.5457829 0.8379253 0.001504659 -0.5247781 0.8512374 0.001684427 0.9898878 -0.1418501 -8.54801e-4 8.73934e-4 -0.9999807 -0.006152749 8.81726e-4 -0.9999809 -0.006126761 0.9898868 -0.1418569 -8.58932e-4 -0.9933214 -0.1153783 -7.44708e-4 -0.9933183 -0.115405 -7.35741e-4 -0.7071075 -2.20775e-6 0.7071061 -0.5773503 0.5773503 -0.5773501 -0.7071067 2.18313e-7 -0.707107 -0.5773501 0.5773495 0.5773513 0.7071067 1.93038e-7 -0.7071069 0.5773501 0.5773495 0.5773512 0.7071075 -2.17634e-6 0.7071062 0.5773503 0.5773503 -0.5773502 -2.92832e-7 0 1 0.02245807 0.6930738 0.7205168 -0.6854774 0.6550272 0.3178997 0.09240317 0.6844039 0.7232241 -0.6538932 0.6684409 0.3544157 0.2078227 0.6486336 0.7321777 -0.6322938 0.6650856 0.3973234 -0.06477659 -0.7194409 0.6915265 0.00176984 -0.7510315 0.6602641 -0.4244318 0.8835759 0.1978669 -0.1367844 0.9680691 0.2100771 -0.05963248 0.982738 0.1751284 -0.9795748 -0.03300344 -0.1983537 -0.8465881 -0.5055128 0.1665693 -0.1655838 -0.7082143 0.6863051 -0.8111417 -0.5465913 0.2080559 -0.007367372 -0.7415261 -0.6708837 -0.007345438 -0.7415673 -0.6708384 -0.7657381 -0.6074764 0.2112293 0 0 1 -2.59898e-6 0.4803902 0.8770549 0.7952958 -0.3861706 0.4673082</float_array>
          <technique_common>
            <accessor source="#polygon4-mesh-normals-array" count="291" stride="3">
              <param name="X" type="float"/>
              <param name="Y" type="float"/>
              <param name="Z" type="float"/>
            </accessor>
          </technique_common>
        </source>
        <source id="polygon4-mesh-map-0">
          <float_array id="polygon4-mesh-map-0-array" count="2028">0.5796509 -0.04840087 0.5971069 0.05017089 0.5977173 -0.0482788 0.5790405 0.05010986 0.5971069 0.05017089 0.5796509 -0.04840087 0.5796509 -0.04840087 0.5790405 0.05010986 0.5796509 -0.04840087 0.5790405 0.05010986 0.5790405 0.05010986 0.5796509 -0.04840087 0.5796509 -0.04840087 0.5790405 0.05010986 0.5796509 -0.04840087 0.5971069 0.05017089 0.5790405 0.05010986 0.5796509 -0.04840087 0.5977173 -0.0482788 0.5971069 0.05017089 0.5796509 -0.04840087 0.6061401 0.05023193 0.5971069 0.05017089 0.5977173 -0.0482788 0.6049805 -0.0482788 0.6061401 0.05023193 0.5977173 -0.0482788 0.6151733 0.05029296 0.6061401 0.05023193 0.6049805 -0.0482788 0.616272 0.05029296 0.6151733 0.05029296 0.6049805 -0.0482788 0.4536133 -0.02178955 0.4385986 0.02539062 0.4384155 0.01782226 0.4536133 -0.0102539 0.4385986 0.02539062 0.4536133 -0.02178955 0.552063 -0.02178955 0.4536133 -0.0102539 0.4536133 -0.02178955 0.552002 -0.0102539 0.4536133 -0.0102539 0.552063 -0.02178955 0.5658569 0.02301025 0.552002 -0.0102539 0.552063 -0.02178955 0.552002 0.01605224 0.552002 -0.0102539 0.5658569 0.02301025 0.5509033 0.05621337 0.552002 0.01605224 0.5658569 0.02301025 0.4525146 0.05621337 0.552002 0.01605224 0.5509033 0.05621337 0.552002 0.09881591 0.4525146 0.05621337 0.5509033 0.05621337 0.4536133 0.09881591 0.4525146 0.05621337 0.552002 0.09881591 0.4385986 0.02539062 0.4536133 -0.02178955 0.4384155 0.01782226 0.4536133 -0.0102539 0.4536133 -0.02178955 0.4385986 0.02539062 0.4536133 0.01605224 0.4536133 -0.0102539 0.4385986 0.02539062 0.552002 -0.0102539 0.4536133 -0.0102539 0.4536133 0.01605224 0.552002 0.01605224 0.552002 -0.0102539 0.4536133 0.01605224 0.5658569 0.02301025 0.552002 -0.0102539 0.552002 0.01605224 0.5509033 0.05621337 0.5658569 0.02301025 0.552002 0.01605224 0.6137085 0.01745605 0.6151733 0.05029296 0.616272 0.05029296 0.6061401 0.05023193 0.6151733 0.05029296 0.6137085 0.01745605 0.6013794 0.01739501 0.6061401 0.05023193 0.6137085 0.01745605 0.5971069 0.05017089 0.6061401 0.05023193 0.6013794 0.01739501 0.5890503 0.01733398 0.5971069 0.05017089 0.6013794 0.01739501 0.5790405 0.05010986 0.5971069 0.05017089 0.5890503 0.01733398 0.5790405 0.05010986 0.5790405 0.05010986 0.5890503 0.01733398 3.427124 0.05444335 3.349548 -0.05200195 3.349548 0.05444335 3.427124 -0.05200195 3.349548 -0.05200195 3.427124 0.05444335 3.388245 0.05444335 3.427124 -0.05200195 3.427124 0.05444335 3.388245 -0.05200195 3.427124 -0.05200195 3.388245 0.05444335 3.349548 0.05444335 3.388245 -0.05200195 3.388245 0.05444335 3.349548 -0.05200195 3.388245 -0.05200195 3.349548 0.05444335 0.5446777 0.01416015 0.555481 0.01727294 0.555481 0.01983642 0.555542 0.005981445 0.555481 0.01727294 0.5446777 0.01416015 0.5447388 0.004333496 0.555542 0.005981445 0.5446777 0.01416015 0.555542 0.001342773 0.555542 0.005981445 0.5447388 0.004333496 0.5559082 -1.2207e-4 0.555542 0.001342773 0.5447388 0.004333496 0.4385986 0.02539062 0.4536133 0.09881591 0.4400024 0.09307861 0.4525146 0.05621337 0.4536133 0.09881591 0.4385986 0.02539062 0.4536133 0.01605224 0.4525146 0.05621337 0.4385986 0.02539062 0.552002 0.01605224 0.4525146 0.05621337 0.4536133 0.01605224 0.552002 -0.0102539 0.552002 0.01605224 0.4536133 0.01605224 0.5559082 -1.2207e-4 0.5447388 0.004333496 0.555542 0.001342773 0.5446777 0.003967285 0.5447388 0.004333496 0.5559082 -1.2207e-4 0.5559082 0.01922607 0.5446777 0.003967285 0.5559082 -1.2207e-4 0.5446167 0.01361083 0.5446777 0.003967285 0.5559082 0.01922607 0.5446777 0.01416015 0.5446167 0.01361083 0.5559082 0.01922607 0.6104126 6.10352e-4 0.5723877 0.02191162 0.5723877 0.02191162 0.6503296 0.02142333 0.5723877 0.02191162 0.6104126 6.10352e-4 0.616394 0.003723144 0.6503296 0.02142333 0.6104126 6.10352e-4 0.6503296 0.02142333 0.6503296 0.02142333 0.616394 0.003723144 0.6503296 0.02142333 0.6503296 0.02142333 0.616394 0.003723144 0.6013794 0.01739501 0.5971069 0.05017089 0.5890503 0.01733398 0.6061401 0.05023193 0.5971069 0.05017089 0.6013794 0.01739501 0.6137085 0.01745605 0.6061401 0.05023193 0.6013794 0.01739501 0.6151733 0.05029296 0.6061401 0.05023193 0.6137085 0.01745605 0.616272 0.05029296 0.6151733 0.05029296 0.6137085 0.01745605 0.9534912 -0.06762695 0.9534912 -0.0571289 0.9534912 -0.05737304 0.956543 -0.0571289 0.9534912 -0.0571289 0.9534912 -0.06762695 0.956543 -0.06762695 0.956543 -0.0571289 0.9534912 -0.06762695 0.956543 -0.05737304 0.956543 -0.0571289 0.956543 -0.06762695 0.9534912 -0.05737304 0.956543 -0.05737304 0.956543 -0.06762695 0.6315918 0.01019287 0.5785522 0.001953125 0.5785522 0.01013183 0.6317139 0.0022583 0.5785522 0.001953125 0.6315918 0.01019287 0.6474609 0.009643554 0.6317139 0.0022583 0.6315918 0.01019287 0.6474609 0.001159667 0.6317139 0.0022583 0.6474609 0.009643554 0.5786133 -0.05017089 0.5723877 0.02191162 0.5786133 -0.05017089 0.5723877 0.02191162 0.5723877 0.02191162 0.5786133 -0.05017089 0.5786133 -0.05017089 0.5723877 0.02191162 0.5786133 -0.05017089 0.6503296 -0.05017089 0.5723877 0.02191162 0.5786133 -0.05017089 0.6474609 0.009643554 0.6317139 0.0022583 0.6474609 0.001159667 0.6315918 0.01019287 0.6317139 0.0022583 0.6474609 0.009643554 0.6096802 0.0413208 0.6315918 0.01019287 0.6474609 0.009643554 0.6096802 0.0413208 0.6315918 0.01019287 0.6096802 0.0413208 0.6474609 0.009643554 0.6317139 0.0022583 0.6474609 0.001159667 0.6315918 0.01019287 0.6317139 0.0022583 0.6474609 0.009643554 0.6096802 0.0413208 0.6315918 0.01019287 0.6474609 0.009643554 0.6096802 0.0413208 0.6315918 0.01019287 0.6096802 0.0413208 0.555481 0.01745605 0.5446777 0.01416015 0.555481 0.01983642 0.5447388 0.004333496 0.5446777 0.01416015 0.555481 0.01745605 0.555542 0.005981445 0.5447388 0.004333496 0.555481 0.01745605 0.555542 0.001342773 0.5447388 0.004333496 0.555542 0.005981445 0.6317139 0.0022583 0.6474609 0.009643554 0.6474609 0.001159667 0.6315918 0.01019287 0.6474609 0.009643554 0.6317139 0.0022583 0.5785522 0.001953125 0.6315918 0.01019287 0.6317139 0.0022583 0.5785522 0.01013183 0.6315918 0.01019287 0.5785522 0.001953125 0.6317139 0.0022583 0.6474609 0.009643554 0.6474609 0.001159667 0.6315918 0.01019287 0.6474609 0.009643554 0.6317139 0.0022583 0.5785522 0.001953125 0.6315918 0.01019287 0.6317139 0.0022583 0.5785522 0.01013183 0.6315918 0.01019287 0.5785522 0.001953125 0.6474609 0.009643554 0.6317139 0.0022583 0.6474609 0.001159667 0.6315918 0.01019287 0.6317139 0.0022583 0.6474609 0.009643554 0.6096802 0.0413208 0.6315918 0.01019287 0.6474609 0.009643554 0.6096802 0.0413208 0.6315918 0.01019287 0.6096802 0.0413208 0.6317139 0.0022583 0.6474609 0.009643554 0.6474609 0.001159667 0.6315918 0.01019287 0.6474609 0.009643554 0.6317139 0.0022583 0.5785522 0.001953125 0.6315918 0.01019287 0.6317139 0.0022583 0.5785522 0.01013183 0.6315918 0.01019287 0.5785522 0.001953125 0.6126709 -0.04821777 0.616272 0.05029296 0.6049805 -0.0482788 0.6173706 0.05029296 0.616272 0.05029296 0.6126709 -0.04821777 0.6203003 -0.04815673 0.6173706 0.05029296 0.6126709 -0.04821777 0.6203003 -0.04815673 0.6173706 0.05029296 0.6203003 -0.04815673 0.6061401 0.05023193 0.5977173 -0.0482788 0.5971069 0.05017089 0.6049805 -0.0482788 0.5977173 -0.0482788 0.6061401 0.05023193 0.6151733 0.05029296 0.6049805 -0.0482788 0.6061401 0.05023193 0.616272 0.05029296 0.6049805 -0.0482788 0.6151733 0.05029296 0.9534912 -0.06762695 0.9534912 -0.05737304 0.9534912 -0.0571289 0.956543 -0.06762695 0.9534912 -0.05737304 0.9534912 -0.06762695 0.956543 -0.0571289 0.956543 -0.06762695 0.9534912 -0.06762695 0.956543 -0.05737304 0.956543 -0.06762695 0.956543 -0.0571289 0.5446777 0.003967285 0.5559082 -1.2207e-4 0.5447388 0.004333496 0.5559082 0.01922607 0.5559082 -1.2207e-4 0.5446777 0.003967285 0.5446167 0.01361083 0.5559082 0.01922607 0.5446777 0.003967285 0.5446777 0.01416015 0.5559082 0.01922607 0.5446167 0.01361083 1.472168 0.01654052 1.452454 -0.01434326 1.472168 -0.0145874 1.452454 0.01660156 1.452454 -0.01434326 1.472168 0.01654052 1.452454 0.02648925 1.452454 0.01660156 1.472168 0.01654052 1.472168 0.02648925 1.452454 0.01660156 1.452454 0.02648925 0.2885742 -0.1135254 0.2415771 0.1186523 0.2885132 0.1179199 0.1949463 -0.112854 0.2415771 0.1186523 0.2885742 -0.1135254 0.1946411 0.1193848 0.1949463 -0.112854 0.2885742 -0.1135254 0.5890503 0.01733398 0.5890503 0.01733398 0.5890503 0.01733398 0.5790405 0.05010986 0.5890503 0.01733398 0.5890503 0.01733398 0.5971069 0.05017089 0.5790405 0.05010986 0.5890503 0.01733398 3.349548 0.05444335 3.427124 -0.05200195 3.427124 0.05444335 3.349548 -0.05200195 3.427124 -0.05200195 3.349548 0.05444335 3.388245 -0.05200195 3.349548 -0.05200195 3.349548 0.05444335 0.6137085 0.01745605 0.6173706 0.05029296 0.6136475 0.01745605 0.6173706 0.05029296 0.6173706 0.05029296 0.6137085 0.01745605 0.616272 0.05029296 0.6173706 0.05029296 0.6137085 0.01745605 0.6315918 0.01019287 0.6096802 0.0413208 0.6474609 0.009643554 0.6096802 0.0413208 0.6096802 0.0413208 0.6315918 0.01019287 0.5785522 0.01013183 0.6096802 0.0413208 0.6315918 0.01019287 3.38916 0.01336669 3.349548 -0.01428222 3.427124 -0.01428222 3.349548 0.01666259 3.349548 -0.01428222 3.38916 0.01336669 3.427124 0.01666259 3.349548 0.01666259 3.38916 0.01336669 0.6474609 0.009643554 0.6315918 0.01019287 0.6096802 0.0413208 0.6317139 0.0022583 0.6315918 0.01019287 0.6474609 0.009643554 0.6474609 0.001159667 0.6317139 0.0022583 0.6474609 0.009643554 0.6038818 0.04638671 0.5952148 -0.04724121 0.5952148 0.04638671 0.6038818 -0.04724121 0.5952148 -0.04724121 0.6038818 0.04638671 0.632019 -0.04724121 0.6038818 -0.04724121 0.6038818 0.04638671 3.388489 -0.02069091 3.349731 0.04785156 3.349731 -0.02069091 3.388489 0.04785156 3.349731 0.04785156 3.388489 -0.02069091 3.427002 0.04785156 3.388489 0.04785156 3.388489 -0.02069091 0.4385986 0.02539062 0.4525146 0.05621337 0.4536133 0.01605224 0.4536133 0.09881591 0.4525146 0.05621337 0.4385986 0.02539062 0.4400024 0.09307861 0.4536133 0.09881591 0.4385986 0.02539062 0.6474609 0.009643554 0.6315918 0.01019287 0.6096802 0.0413208 0.6317139 0.0022583 0.6315918 0.01019287 0.6474609 0.009643554 0.6474609 0.001159667 0.6317139 0.0022583 0.6474609 0.009643554 0.6315918 0.01019287 0.6096802 0.0413208 0.6474609 0.009643554 0.6096802 0.0413208 0.6096802 0.0413208 0.6315918 0.01019287 0.5785522 0.01013183 0.6096802 0.0413208 0.6315918 0.01019287 0.552063 -0.02178955 0.5658569 0.02301025 0.5670776 0.01428222 0.552002 -0.0102539 0.5658569 0.02301025 0.552063 -0.02178955 0.4536133 -0.0102539 0.552002 -0.0102539 0.552063 -0.02178955 1.452454 -0.01434326 1.452454 -0.02496337 1.472168 -0.0145874 1.472168 -0.02526855 1.452454 -0.02496337 1.452454 -0.01434326 1.472168 -0.0145874 1.472168 -0.02526855 1.452454 -0.01434326 0.6315918 0.01019287 0.6096802 0.0413208 0.6474609 0.009643554 0.6096802 0.0413208 0.6096802 0.0413208 0.6315918 0.01019287 0.5785522 0.01013183 0.6096802 0.0413208 0.6315918 0.01019287 3.388916 0.002441406 3.423096 0.001525878 3.419189 -0.03948974 3.427124 0.01666259 3.423096 0.001525878 3.388916 0.002441406 3.349548 0.01666259 3.427124 0.01666259 3.388916 0.002441406 0.8100586 0.1325073 0.8565674 0.2766724 0.7687378 0.2761841 0.888855 0.1322632 0.8565674 0.2766724 0.8100586 0.1325073 0.8101807 -0.06921386 0.888855 0.1322632 0.8100586 0.1325073 0.552002 0.01605224 0.4525146 0.05621337 0.5509033 0.05621337 0.4536133 0.01605224 0.4525146 0.05621337 0.552002 0.01605224 0.5895996 -0.04724121 0.5952148 0.04638671 0.5952148 -0.04724121 0.5895996 0.04638671 0.5952148 0.04638671 0.5895996 -0.04724121 0.632019 -0.04724121 0.6364746 0.04632568 0.6364746 -0.04724121 0.632019 0.04632568 0.6364746 0.04632568 0.632019 -0.04724121 0.552002 0.09881591 0.4525146 0.05621337 0.4536133 0.09881591 0.5509033 0.05621337 0.4525146 0.05621337 0.552002 0.09881591 1.116516 0.07446289 0.9332886 -0.07232666 0.9334717 0.07458496 1.116333 -0.07250976 0.9332886 -0.07232666 1.116516 0.07446289 0.6433105 -0.0458374 0.5791016 0.05163574 0.5791016 -0.0458374 0.6433105 0.05163574 0.5791016 0.05163574 0.6433105 -0.0458374 0.652771 -0.05194091 0.5715942 0.05242919 0.5715332 -0.05175781 0.652832 0.05224609 0.5715942 0.05242919 0.652771 -0.05194091 0.5791016 -0.0458374 0.6433105 0.05163574 0.6433105 -0.0458374 0.5791016 0.05163574 0.6433105 0.05163574 0.5791016 -0.0458374 0.2070923 -0.06451416 0.2572632 -0.06542968 0.2070923 -0.06451416 0.2572632 -0.06542968 0.2572632 -0.06542968 0.2070923 -0.06451416 0.6503296 -0.05017089 0.5723877 0.02191162 0.6503296 0.02142333 0.5786133 -0.05017089 0.5723877 0.02191162 0.6503296 -0.05017089 3.349731 0.04785156 3.388489 -0.02069091 3.349731 -0.02069091 3.388489 0.04785156 3.388489 -0.02069091 3.349731 0.04785156 3.427002 0.04785156 3.388489 -0.02069091 3.388489 0.04785156 3.427002 -0.02069091 3.388489 -0.02069091 3.427002 0.04785156 3.427124 0.03686523 3.349792 -0.03985595 3.349609 0.03686523 3.426819 -0.03985595 3.349792 -0.03985595 3.427124 0.03686523 0.9751587 0.2449341 1.02594 0.097229 1.025452 0.2449341 0.975647 0.097229 1.02594 0.097229 0.9751587 0.2449341 0.6503296 0.02142333 0.6104126 6.10352e-4 0.5723877 0.02191162 0.616394 0.003723144 0.6104126 6.10352e-4 0.6503296 0.02142333 0.9755859 0.097229 1.025513 0.2449341 0.9760132 0.2449341 1.025024 0.097229 1.025513 0.2449341 0.9755859 0.097229 0.9575806 0.6694946 1.041138 0.4926147 0.9575806 0.4926147 1.041138 0.6694946 1.041138 0.4926147 0.9575806 0.6694946 0.9332886 -0.07232666 1.116516 0.07446289 0.9334717 0.07458496 1.116333 -0.07250976 1.116516 0.07446289 0.9332886 -0.07232666 0.5791016 0.05163574 0.6433105 -0.0458374 0.5791016 -0.0458374 0.6433105 0.05163574 0.6433105 -0.0458374 0.5791016 0.05163574 0.5715942 0.05242919 0.652771 -0.05194091 0.5715332 -0.05175781 0.652832 0.05224609 0.652771 -0.05194091 0.5715942 0.05242919 0.6433105 0.05163574 0.5791016 -0.0458374 0.6433105 -0.0458374 0.5791016 0.05163574 0.5791016 -0.0458374 0.6433105 0.05163574 0.279541 0.06317138 0.2776489 0.05535888 0.2776489 0.06317138 0.279541 0.05535888 0.2776489 0.05535888 0.279541 0.06317138 0.1945801 0.06317138 0.2854004 0.05535888 0.2853394 0.06317138 0.1945801 0.05535888 0.2854004 0.05535888 0.1945801 0.06317138 0.194519 0.06317138 0.2648926 0.05535888 0.2648926 0.06317138 0.194519 0.05535888 0.2648926 0.05535888 0.194519 0.06317138 0.2648926 0.06317138 0.1945801 0.05535888 0.1945801 0.06317138 0.2648315 0.05535888 0.1945801 0.05535888 0.2648926 0.06317138 0.2853394 0.06317138 0.1949463 0.05535888 0.1950684 0.06317138 0.2854004 0.05535888 0.1949463 0.05535888 0.2853394 0.06317138 0.277771 0.06317138 0.279541 0.05535888 0.279541 0.06317138 0.277771 0.05535888 0.279541 0.05535888 0.277771 0.06317138 0.5686646 -0.0670166 0.4545288 -0.03497314 0.5686646 -0.03515625 0.4544678 -0.06652832 0.4545288 -0.03497314 0.5686646 -0.0670166 0.5686646 -0.03515625 0.4544678 -0.06652832 0.5686646 -0.0670166 0.4545288 -0.03497314 0.4544678 -0.06652832 0.5686646 -0.03515625 0.4545288 -0.03527832 0.5686035 -0.06628417 0.4544678 -0.06628417 0.5687866 -0.03527832 0.5686035 -0.06628417 0.4545288 -0.03527832 0.5687866 -0.03527832 0.4544678 -0.06628417 0.5686035 -0.06628417 0.4545288 -0.03527832 0.4544678 -0.06628417 0.5687866 -0.03527832 0.9979248 0.05377197 0.9351807 0.03778076 0.9351807 0.05377197 0.9979858 0.03778076 0.9351807 0.03778076 0.9979248 0.05377197 0.5658569 0.02301025 0.552002 0.09881591 0.5653076 0.08978271 0.5509033 0.05621337 0.552002 0.09881591 0.5658569 0.02301025 0.6315918 0.01019287 0.5785522 0.001953125 0.5785522 0.01013183 0.6317139 0.0022583 0.5785522 0.001953125 0.6315918 0.01019287 0.9575806 0.6694946 1.041138 0.4926147 0.9575806 0.4926147 1.041138 0.6694946 1.041138 0.4926147 0.9575806 0.6694946 0.9979248 0.05377197 0.9351807 0.03778076 0.9351807 0.05377197 0.9979858 0.03778076 0.9351807 0.03778076 0.9979248 0.05377197 0.9979248 0.05377197 0.9351807 0.03778076 0.9351807 0.05377197 0.9979858 0.03778076 0.9351807 0.03778076 0.9979248 0.05377197 0.9979248 0.05377197 0.9351807 0.03778076 0.9351807 0.05377197 0.9979858 0.03778076 0.9351807 0.03778076 0.9979248 0.05377197 0.9979248 0.05377197 0.9351807 0.03778076 0.9351807 0.05377197 0.9979858 0.03778076 0.9351807 0.03778076 0.9979248 0.05377197 0.5717163 -0.04852294 0.6521606 0.04925537 0.6521606 -0.04852294 0.5717163 0.04925537 0.6521606 0.04925537 0.5717163 -0.04852294 0.6521606 -0.04852294 0.5717163 0.04925537 0.5717163 -0.04852294 0.6521606 0.04925537 0.5717163 0.04925537 0.6521606 -0.04852294 1.110901 -0.08776855 0.9797363 0.0894165 1.110657 0.09039306 0.9799194 -0.08874511 0.9797363 0.0894165 1.110901 -0.08776855 0.5769653 -0.04907226 0.6507568 0.04895019 0.5769043 0.04882812 0.6508179 -0.04895019 0.6507568 0.04895019 0.5769653 -0.04907226 0.6523438 -0.04821777 0.5715942 0.04974365 0.5717773 -0.04772949 0.6522217 0.04925537 0.5715942 0.04974365 0.6523438 -0.04821777 0.552002 0.09881591 0.5658569 0.02301025 0.5653076 0.08978271 0.5509033 0.05621337 0.5658569 0.02301025 0.552002 0.09881591 0.2415771 0.1186523 0.2885742 -0.1135254 0.2885132 0.1179199 0.1946411 0.1193848 0.2885742 -0.1135254 0.2415771 0.1186523 0.6315918 0.01019287 0.5785522 0.001953125 0.5785522 0.01013183 0.6317139 0.0022583 0.5785522 0.001953125 0.6315918 0.01019287 0.5785522 0.001953125 0.6315918 0.01019287 0.5785522 0.01013183 0.6317139 0.0022583 0.6315918 0.01019287 0.5785522 0.001953125 0.6137085 0.01745605 0.6173706 0.05029296 0.616272 0.05029296 0.6136475 0.01745605 0.6173706 0.05029296 0.6137085 0.01745605 0.5785522 0.001953125 0.6315918 0.01019287 0.5785522 0.01013183 0.6317139 0.0022583 0.6315918 0.01019287 0.5785522 0.001953125 0.5785522 0.001953125 0.6315918 0.01019287 0.5785522 0.01013183 0.6317139 0.0022583 0.6315918 0.01019287 0.5785522 0.001953125 0.6315918 0.01019287 0.6474609 0.009643554 0.6096802 0.0413208 0.6317139 0.0022583 0.6474609 0.009643554 0.6315918 0.01019287 0.6315918 0.01019287 0.6474609 0.009643554 0.6096802 0.0413208 0.6317139 0.0022583 0.6474609 0.009643554 0.6315918 0.01019287 0.4536133 -0.0102539 0.4536133 0.01605224 0.4385986 0.02539062 0.552002 -0.0102539 0.4536133 0.01605224 0.4536133 -0.0102539 0.9575806 0.6694946 1.041138 0.4926147 0.9575806 0.4926147 1.041138 0.6694946 1.041138 0.4926147 0.9575806 0.6694946 0.616272 0.05029296 0.6118164 -0.04821777 0.6049805 -0.0482788 0.6173706 0.05029296 0.6118164 -0.04821777 0.616272 0.05029296 0.6173706 0.05029296 0.6203003 -0.04815673 0.6118164 -0.04821777 0.6173706 0.05029296 0.6203003 -0.04815673 0.6173706 0.05029296 3.388245 0.05444335 3.388245 -0.05200195 3.349548 0.05444335 3.427124 0.05444335 3.388245 -0.05200195 3.388245 0.05444335 1.041138 0.4926147 0.9575806 0.6694946 0.9575806 0.4926147 1.041138 0.6694946 0.9575806 0.6694946 1.041138 0.4926147 0.5785522 0.01013183 0.6315918 0.01019287 0.6096802 0.0413208 0.5785522 0.001953125 0.6315918 0.01019287 0.5785522 0.01013183 0.6474609 0.009643554 0.6317139 0.0022583 0.6474609 0.001159667 0.6315918 0.01019287 0.6317139 0.0022583 0.6474609 0.009643554 1.041138 0.4926147 0.9575806 0.6694946 0.9575806 0.4926147 1.041138 0.6694946 0.9575806 0.6694946 1.041138 0.4926147 0.5785522 0.01013183 0.6315918 0.01019287 0.6096802 0.0413208 0.5785522 0.001953125 0.6315918 0.01019287 0.5785522 0.01013183 1.472168 0.01654052 1.452454 0.01660156 1.472168 0.02648925 1.472168 0.001586914 1.452454 0.01660156 1.472168 0.01654052 1.472168 -0.0145874 1.452454 0.01660156 1.472168 0.001586914 1.452454 -0.01434326 1.452454 0.01660156 1.472168 -0.0145874 1.041138 0.4926147 0.9575806 0.6694946 0.9575806 0.4926147 1.041138 0.6694946 0.9575806 0.6694946 1.041138 0.4926147 3.358643 -0.03948974 3.388916 0.002441406 3.419189 -0.03948974 3.354675 0.001525878 3.388916 0.002441406 3.358643 -0.03948974 0.5785522 0.01013183 0.6315918 0.01019287 0.6096802 0.0413208 0.5785522 0.001953125 0.6315918 0.01019287 0.5785522 0.01013183 0.8100586 0.1325073 0.7362671 0.1318359 0.8101807 -0.06921386 0.7687378 0.2761841 0.7362671 0.1318359 0.8100586 0.1325073 0.5658569 0.02301025 0.552063 -0.02178955 0.5670776 0.01428222 0.6096802 0.0413208 0.6474609 0.009643554 0.6315918 0.01019287 0.6096802 0.0413208 0.6315918 0.01019287 0.6474609 0.009643554 3.427124 0.05444335 3.427124 -0.05200195 3.388245 -0.05200195 0.6317139 0.0022583 0.6315918 0.01019287 0.5785522 0.001953125 0.6317139 0.0022583 0.6315918 0.01019287 0.5785522 0.001953125 0.6474609 0.001159667 0.6474609 0.009643554 0.6317139 0.0022583 0.552063 -0.02178955 0.4536133 -0.02178955 0.4536133 -0.0102539 0.6317139 0.0022583 0.6315918 0.01019287 0.5785522 0.001953125 0.6474609 0.001159667 0.6474609 0.009643554 0.6317139 0.0022583 0.6038818 0.04638671 0.632019 0.04632568 0.632019 -0.04724121 3.388489 -0.02069091 3.427002 -0.02069091 3.427002 0.04785156 0.5559082 0.01922607 0.555481 0.01983642 0.5446777 0.01416015 0.6503296 -0.05017089 0.6503296 0.02142333 0.5723877 0.02191162 0.1949463 -0.112854 0.1946411 0.1193848 0.2415771 0.1186523 3.38916 0.01336669 3.427124 -0.01428222 3.427124 0.01666259 0.6203003 -0.04815673 0.6203003 -0.04815673 0.6173706 0.05029296 0.9534912 -0.06762695 0.9534912 -0.05737304 0.956543 -0.06762695 0.956543 -0.06762695 0.956543 -0.05737304 0.9534912 -0.05737304 0.9534912 -0.0571289 0.956543 -0.0571289 0.9534912 -0.06762695 0.5446777 0.01416015 0.555481 0.01983642 0.5559082 0.01922607 3.354675 0.001525878 3.349548 0.01666259 3.388916 0.002441406</float_array>
          <technique_common>
            <accessor source="#polygon4-mesh-map-0-array" count="1014" stride="2">
              <param name="S" type="float"/>
              <param name="T" type="float"/>
            </accessor>
          </technique_common>
        </source>
        <source id="polygon4-mesh-colors-polygon4_Colors0" name="polygon4_Colors0">
          <float_array id="polygon4-mesh-colors-polygon4_Colors0-array" count="4056">0.372549 0.372549 0.372549 1 0.7568628 0.7568628 0.7568628 1 0.4627451 0.4627451 0.4627451 1 1 1 1 1 0.7568628 0.7568628 0.7568628 1 0.372549 0.372549 0.372549 1 0.3647059 0.3647059 0.3647059 1 1 1 1 1 0.372549 0.372549 0.372549 1 1 1 1 1 1 1 1 1 0.3647059 0.3647059 0.3647059 1 0.3607843 0.3607843 0.3607843 1 1 1 1 1 0.3647059 0.3647059 0.3647059 1 0.7372549 0.7372549 0.7372549 1 1 1 1 1 0.3607843 0.3607843 0.3607843 1 0.4627451 0.4627451 0.4627451 1 0.7372549 0.7372549 0.7372549 1 0.3607843 0.3607843 0.3607843 1 0.8980392 0.8980392 0.8980392 1 0.7372549 0.7372549 0.7372549 1 0.4627451 0.4627451 0.4627451 1 0.7568628 0.7568628 0.7568628 1 0.8980392 0.8980392 0.8980392 1 0.4627451 0.4627451 0.4627451 1 1 1 1 1 0.8980392 0.8980392 0.8980392 1 0.7568628 0.7568628 0.7568628 1 1 1 1 1 1 1 1 1 0.7568628 0.7568628 0.7568628 1 0 0 0 1 0.3921568 0.3921568 0.3921568 1 0 0 0 1 0.2 0.2 0.2 1 0.3921568 0.3921568 0.3921568 1 0 0 0 1 0 0 0 1 0.2 0.2 0.2 1 0 0 0 1 0.2 0.2 0.2 1 0.2 0.2 0.2 1 0 0 0 1 0.2666667 0.2666667 0.2666667 1 0.2 0.2 0.2 1 0 0 0 1 0.6980392 0.6980392 0.6980392 1 0.2 0.2 0.2 1 0.2666667 0.2666667 0.2666667 1 0.6980392 0.6980392 0.6980392 1 0.6980392 0.6980392 0.6980392 1 0.2666667 0.2666667 0.2666667 1 0.6980392 0.6980392 0.6980392 1 0.6980392 0.6980392 0.6980392 1 0.6980392 0.6980392 0.6980392 1 0 0 0 1 0.6980392 0.6980392 0.6980392 1 0.6980392 0.6980392 0.6980392 1 0 0 0 1 0.6980392 0.6980392 0.6980392 1 0 0 0 1 0.3921568 0.3921568 0.3921568 1 0 0 0 1 0 0 0 1 0.2 0.2 0.2 1 0 0 0 1 0.3921568 0.3921568 0.3921568 1 0.8 0.8 0.8 1 0.2 0.2 0.2 1 0.3921568 0.3921568 0.3921568 1 0.2 0.2 0.2 1 0.2 0.2 0.2 1 0.8 0.8 0.8 1 0.6980392 0.6980392 0.6980392 1 0.2 0.2 0.2 1 0.8 0.8 0.8 1 0.2666667 0.2666667 0.2666667 1 0.2 0.2 0.2 1 0.6980392 0.6980392 0.6980392 1 0.4980392 0.4980392 0.4980392 1 0.2666667 0.2666667 0.2666667 1 0.6980392 0.6980392 0.6980392 1 0.1019608 0.1019608 0.1019608 1 0.4078431 0.4078431 0.4078431 1 0.4156863 0.4156863 0.4156863 1 0.4 0.4 0.4 1 0.4078431 0.4078431 0.4078431 1 0.1019608 0.1019608 0.1019608 1 0.4 0.4 0.4 1 0.4 0.4 0.4 1 0.1019608 0.1019608 0.1019608 1 0.2705882 0.2705882 0.2705882 1 0.4 0.4 0.4 1 0.4 0.4 0.4 1 0.3019608 0.3019608 0.3019608 1 0.2705882 0.2705882 0.2705882 1 0.4 0.4 0.4 1 0.8941177 0.8941177 0.8941177 1 0.2705882 0.2705882 0.2705882 1 0.3019608 0.3019608 0.3019608 1 0.6 0.6 0.6 1 0.8941177 0.8941177 0.8941177 1 0.3019608 0.3019608 0.3019608 1 0.427451 0.427451 0.427451 1 0.4745098 0.4745098 0.4745098 1 0.4235294 0.4235294 0.4235294 1 0.4784314 0.4784314 0.4784314 1 0.4745098 0.4745098 0.4745098 1 0.427451 0.427451 0.427451 1 0.7294118 0.7294118 0.7294118 1 0.4784314 0.4784314 0.4784314 1 0.427451 0.427451 0.427451 1 0.7803922 0.7803922 0.7803922 1 0.4784314 0.4784314 0.4784314 1 0.7294118 0.7294118 0.7294118 1 0.8745098 0.8745098 0.8745098 1 0.7803922 0.7803922 0.7803922 1 0.7294118 0.7294118 0.7294118 1 0.8941177 0.8941177 0.8941177 1 0.7803922 0.7803922 0.7803922 1 0.8745098 0.8745098 0.8745098 1 0.9019608 0.9019608 0.9019608 1 0.9215686 0.9215686 0.9215686 1 0.9254902 0.9254902 0.9254902 1 0.9058824 0.9058824 0.9058824 1 0.9215686 0.9215686 0.9215686 1 0.9019608 0.9019608 0.9019608 1 0.9019608 0.9019608 0.9019608 1 0.9058824 0.9058824 0.9058824 1 0.9019608 0.9019608 0.9019608 1 0.9019608 0.9019608 0.9019608 1 0.9058824 0.9058824 0.9058824 1 0.9019608 0.9019608 0.9019608 1 0.3019608 0.3019608 0.3019608 1 0.9019608 0.9019608 0.9019608 1 0.9019608 0.9019608 0.9019608 1 0.3921568 0.3921568 0.3921568 1 0 0 0 1 0 0 0 1 0.6980392 0.6980392 0.6980392 1 0 0 0 1 0.3921568 0.3921568 0.3921568 1 0.8 0.8 0.8 1 0.6980392 0.6980392 0.6980392 1 0.3921568 0.3921568 0.3921568 1 0.6980392 0.6980392 0.6980392 1 0.6980392 0.6980392 0.6980392 1 0.8 0.8 0.8 1 0.2 0.2 0.2 1 0.6980392 0.6980392 0.6980392 1 0.8 0.8 0.8 1 0.3019608 0.3019608 0.3019608 1 0.9019608 0.9019608 0.9019608 1 0.9019608 0.9019608 0.9019608 1 0.4 0.4 0.4 1 0.9019608 0.9019608 0.9019608 1 0.3019608 0.3019608 0.3019608 1 0.3019608 0.3019608 0.3019608 1 0.4 0.4 0.4 1 0.3019608 0.3019608 0.3019608 1 0.4 0.4 0.4 1 0.4 0.4 0.4 1 0.3019608 0.3019608 0.3019608 1 0.9019608 0.9019608 0.9019608 1 0.4 0.4 0.4 1 0.3019608 0.3019608 0.3019608 1 0.1019608 0.1019608 0.1019608 1 0.3647059 0.3647059 0.3647059 1 0.3647059 0.3647059 0.3647059 1 0.5764706 0.5764706 0.5764706 1 0.3647059 0.3647059 0.3647059 1 0.1019608 0.1019608 0.1019608 1 0.172549 0.172549 0.172549 1 0.5764706 0.5764706 0.5764706 1 0.1019608 0.1019608 0.1019608 1 0.5843138 0.5843138 0.5843138 1 0.5764706 0.5764706 0.5764706 1 0.172549 0.172549 0.172549 1 0.5921569 0.5921569 0.5921569 1 0.5843138 0.5843138 0.5843138 1 0.172549 0.172549 0.172549 1 0.4 0.4 0.4 1 0.2745098 0.2745098 0.2745098 1 0.3019608 0.3019608 0.3019608 1 0.4 0.4 0.4 1 0.2745098 0.2745098 0.2745098 1 0.4 0.4 0.4 1 0.1019608 0.1019608 0.1019608 1 0.4 0.4 0.4 1 0.4 0.4 0.4 1 0.3921568 0.3921568 0.3921568 1 0.4 0.4 0.4 1 0.1019608 0.1019608 0.1019608 1 0.4156863 0.4156863 0.4156863 1 0.3921568 0.3921568 0.3921568 1 0.1019608 0.1019608 0.1019608 1 1 1 1 1 0.8 0.8 0.8 1 0.8980392 0.8980392 0.8980392 1 0.8 0.8 0.8 1 0.8 0.8 0.8 1 1 1 1 1 1 1 1 1 0.8 0.8 0.8 1 1 1 1 1 0.8980392 0.8980392 0.8980392 1 0.8 0.8 0.8 1 1 1 1 1 0.8980392 0.8980392 0.8980392 1 0.8980392 0.8980392 0.8980392 1 1 1 1 1 0 0 0 1 0.8 0.8 0.8 1 0 0 0 1 0.8 0.8 0.8 1 0.8 0.8 0.8 1 0 0 0 1 0.2941176 0.2941176 0.2941176 1 0.8 0.8 0.8 1 0 0 0 1 0.427451 0.427451 0.427451 1 0.8 0.8 0.8 1 0.2941176 0.2941176 0.2941176 1 0.6980392 0.6980392 0.6980392 1 1 1 1 1 0.6980392 0.6980392 0.6980392 1 1 1 1 1 1 1 1 1 0.6980392 0.6980392 0.6980392 1 0.6980392 0.6980392 0.6980392 1 1 1 1 1 0.6980392 0.6980392 0.6980392 1 0.7686275 0.7686275 0.7686275 1 1 1 1 1 0.6980392 0.6980392 0.6980392 1 0.3019608 0.3019608 0.3019608 1 0.3019608 0.3019608 0.3019608 1 0.7019608 0.7019608 0.7019608 1 0.5019608 0.5019608 0.5019608 1 0.3019608 0.3019608 0.3019608 1 0.3019608 0.3019608 0.3019608 1 0 0 0 1 0.5019608 0.5019608 0.5019608 1 0.3019608 0.3019608 0.3019608 1 0.1019608 0.1019608 0.1019608 1 0.5019608 0.5019608 0.5019608 1 0 0 0 1 0 0 0 1 0.04313725 0.04313725 0.04313725 1 0.8 0.8 0.8 1 0.5450981 0.5450981 0.5450981 1 0.04313725 0.04313725 0.04313725 1 0 0 0 1 0 0 0 1 0.5450981 0.5450981 0.5450981 1 0 0 0 1 0 0 0 1 0.5450981 0.5450981 0.5450981 1 0 0 0 1 0.9137255 0.9137255 0.9137255 1 0.9019608 0.9019608 0.9019608 1 0.9137255 0.9137255 0.9137255 1 0.9019608 0.9019608 0.9019608 1 0.9019608 0.9019608 0.9019608 1 0.9137255 0.9137255 0.9137255 1 0.9019608 0.9019608 0.9019608 1 0.9019608 0.9019608 0.9019608 1 0.9137255 0.9137255 0.9137255 1 0.9019608 0.9019608 0.9019608 1 0.9019608 0.9019608 0.9019608 1 0.9019608 0.9019608 0.9019608 1 0.02352941 0.02352941 0.02352941 1 0 0 0 1 0.8 0.8 0.8 1 0.4862745 0.4862745 0.4862745 1 0 0 0 1 0.02352941 0.02352941 0.02352941 1 0.427451 0.427451 0.427451 1 0.4862745 0.4862745 0.4862745 1 0.02352941 0.02352941 0.02352941 1 0.2941176 0.2941176 0.2941176 1 0.4862745 0.4862745 0.4862745 1 0.427451 0.427451 0.427451 1 0.3686274 0.3686274 0.3686274 1 0.2980392 0.2980392 0.2980392 1 0.8 0.8 0.8 1 0.6392157 0.6392157 0.6392157 1 0.2980392 0.2980392 0.2980392 1 0.3686274 0.3686274 0.3686274 1 0.4431372 0.4431372 0.4431372 1 0.6392157 0.6392157 0.6392157 1 0.3686274 0.3686274 0.3686274 1 0.5058824 0.5058824 0.5058824 1 0.6392157 0.6392157 0.6392157 1 0.4431372 0.4431372 0.4431372 1 0 0 0 1 0.07843136 0.07843136 0.07843136 1 0.8 0.8 0.8 1 0.5607843 0.5607843 0.5607843 1 0.07843136 0.07843136 0.07843136 1 0 0 0 1 0 0 0 1 0.5607843 0.5607843 0.5607843 1 0 0 0 1 0 0 0 1 0.5607843 0.5607843 0.5607843 1 0 0 0 1 0.2666667 0.2666667 0.2666667 1 0.3019608 0.3019608 0.3019608 1 0.8 0.8 0.8 1 0.5019608 0.5019608 0.5019608 1 0.3019608 0.3019608 0.3019608 1 0.2666667 0.2666667 0.2666667 1 0.3607843 0.3607843 0.3607843 1 0.5019608 0.5019608 0.5019608 1 0.2666667 0.2666667 0.2666667 1 0.509804 0.509804 0.509804 1 0.5019608 0.5019608 0.5019608 1 0.3607843 0.3607843 0.3607843 1 0.7607843 0.7607843 0.7607843 1 1 1 1 1 0.7568628 0.7568628 0.7568628 1 1 1 1 1 1 1 1 1 0.7607843 0.7607843 0.7607843 1 0.7019608 0.7019608 0.7019608 1 1 1 1 1 0.7607843 0.7607843 0.7607843 1 0.7058824 0.7058824 0.7058824 1 1 1 1 1 0.7019608 0.7019608 0.7019608 1 0.8980392 0.8980392 0.8980392 1 0.4627451 0.4627451 0.4627451 1 0.7568628 0.7568628 0.7568628 1 0.7568628 0.7568628 0.7568628 1 0.4627451 0.4627451 0.4627451 1 0.8980392 0.8980392 0.8980392 1 1 1 1 1 0.7568628 0.7568628 0.7568628 1 0.8980392 0.8980392 0.8980392 1 1 1 1 1 0.7568628 0.7568628 0.7568628 1 1 1 1 1 1 1 1 1 0.8980392 0.8980392 0.8980392 1 0.8 0.8 0.8 1 1 1 1 1 0.8980392 0.8980392 0.8980392 1 1 1 1 1 0.8 0.8 0.8 1 1 1 1 1 1 1 1 1 0.8980392 0.8980392 0.8980392 1 1 1 1 1 0.8 0.8 0.8 1 0.4 0.4 0.4 1 0.3019608 0.3019608 0.3019608 1 0.9019608 0.9019608 0.9019608 1 0.3019608 0.3019608 0.3019608 1 0.3019608 0.3019608 0.3019608 1 0.4 0.4 0.4 1 0.4 0.4 0.4 1 0.3019608 0.3019608 0.3019608 1 0.4 0.4 0.4 1 0.9019608 0.9019608 0.9019608 1 0.3019608 0.3019608 0.3019608 1 0.4 0.4 0.4 1 0.6627451 0.6627451 0.6627451 1 0.8 0.8 0.8 1 0.6784314 0.6784314 0.6784314 1 0.8 0.8 0.8 1 0.8 0.8 0.8 1 0.6627451 0.6627451 0.6627451 1 0.1019608 0.1019608 0.1019608 1 0.8 0.8 0.8 1 0.6627451 0.6627451 0.6627451 1 0.4 0.4 0.4 1 0.8 0.8 0.8 1 0.1019608 0.1019608 0.1019608 1 0.6980392 0.6980392 0.6980392 1 0.4980392 0.4980392 0.4980392 1 0.3019608 0.3019608 0.3019608 1 1 1 1 1 0.4980392 0.4980392 0.4980392 1 0.6980392 0.6980392 0.6980392 1 0.4980392 0.4980392 0.4980392 1 1 1 1 1 0.6980392 0.6980392 0.6980392 1 0.3019608 0.3019608 0.3019608 1 0.3019608 0.3019608 0.3019608 1 0.8 0.8 0.8 1 0.6 0.6 0.6 1 0.3019608 0.3019608 0.3019608 1 0.3019608 0.3019608 0.3019608 1 0.2745098 0.2745098 0.2745098 1 0.6 0.6 0.6 1 0.3019608 0.3019608 0.3019608 1 0.8784314 0.8784314 0.8784314 1 0.8941177 0.8941177 0.8941177 1 0.8745098 0.8745098 0.8745098 1 0.8980392 0.8980392 0.8980392 1 0.8941177 0.8941177 0.8941177 1 0.8784314 0.8784314 0.8784314 1 0.7647059 0.7647059 0.7647059 1 0.8980392 0.8980392 0.8980392 1 0.8784314 0.8784314 0.8784314 1 0.1019608 0.1019608 0.1019608 1 0.6784314 0.6784314 0.6784314 1 0.2 0.2 0.2 1 0.7098039 0.7098039 0.7098039 1 0.6784314 0.6784314 0.6784314 1 0.1019608 0.1019608 0.1019608 1 0.4156863 0.4156863 0.4156863 1 0.7098039 0.7098039 0.7098039 1 0.1019608 0.1019608 0.1019608 1 0.4862745 0.4862745 0.4862745 1 0 0 0 1 0 0 0 1 0 0 0 1 0 0 0 1 0.4862745 0.4862745 0.4862745 1 0.2941176 0.2941176 0.2941176 1 0 0 0 1 0.4862745 0.4862745 0.4862745 1 1 1 1 1 0.8784314 0.8784314 0.8784314 1 0.8745098 0.8745098 0.8745098 1 0.827451 0.827451 0.827451 1 0.8784314 0.8784314 0.8784314 1 1 1 1 1 0.8156863 0.8156863 0.8156863 1 0.827451 0.827451 0.827451 1 1 1 1 1 0.5058824 0.5058824 0.5058824 1 0 0 0 1 0 0 0 1 0.8 0.8 0.8 1 0 0 0 1 0.5058824 0.5058824 0.5058824 1 0.4431372 0.4431372 0.4431372 1 0.8 0.8 0.8 1 0.5058824 0.5058824 0.5058824 1 0.3019608 0.3019608 0.3019608 1 0.3019608 0.3019608 0.3019608 1 0.3019608 0.3019608 0.3019608 1 0.3019608 0.3019608 0.3019608 1 0.3019608 0.3019608 0.3019608 1 0.3019608 0.3019608 0.3019608 1 0.7215687 0.7215687 0.7215687 1 0.3019608 0.3019608 0.3019608 1 0.3019608 0.3019608 0.3019608 1 0.7294118 0.7294118 0.7294118 1 0.8156863 0.8156863 0.8156863 1 0.8745098 0.8745098 0.8745098 1 0.5764706 0.5764706 0.5764706 1 0.8156863 0.8156863 0.8156863 1 0.7294118 0.7294118 0.7294118 1 0.2784314 0.2784314 0.2784314 1 0.5764706 0.5764706 0.5764706 1 0.7294118 0.7294118 0.7294118 1 0.3921568 0.3921568 0.3921568 1 0.6980392 0.6980392 0.6980392 1 0.6 0.6 0.6 1 0 0 0 1 0.6980392 0.6980392 0.6980392 1 0.3921568 0.3921568 0.3921568 1 0 0 0 1 0 0 0 1 0.3921568 0.3921568 0.3921568 1 0.509804 0.509804 0.509804 1 0 0 0 1 0 0 0 1 0.8 0.8 0.8 1 0 0 0 1 0.509804 0.509804 0.509804 1 0.3607843 0.3607843 0.3607843 1 0.8 0.8 0.8 1 0.509804 0.509804 0.509804 1 0.6392157 0.6392157 0.6392157 1 0 0 0 1 0.2980392 0.2980392 0.2980392 1 0 0 0 1 0 0 0 1 0.6392157 0.6392157 0.6392157 1 0.5058824 0.5058824 0.5058824 1 0 0 0 1 0.6392157 0.6392157 0.6392157 1 0 0 0 1 0.2666667 0.2666667 0.2666667 1 0 0 0 1 0.2 0.2 0.2 1 0.2666667 0.2666667 0.2666667 1 0 0 0 1 0.2 0.2 0.2 1 0.2 0.2 0.2 1 0 0 0 1 0.8 0.8 0.8 1 0.1019608 0.1019608 0.1019608 1 0.6784314 0.6784314 0.6784314 1 0.4 0.4 0.4 1 0.1019608 0.1019608 0.1019608 1 0.8 0.8 0.8 1 0.4549019 0.4549019 0.4549019 1 0.4 0.4 0.4 1 0.8 0.8 0.8 1 0.5019608 0.5019608 0.5019608 1 0 0 0 1 0.3019608 0.3019608 0.3019608 1 0 0 0 1 0 0 0 1 0.5019608 0.5019608 0.5019608 1 0.509804 0.509804 0.509804 1 0 0 0 1 0.5019608 0.5019608 0.5019608 1 0.5921569 0.5921569 0.5921569 1 0.4784314 0.4784314 0.4784314 1 0.2784314 0.2784314 0.2784314 1 0.7137255 0.7137255 0.7137255 1 0.4784314 0.4784314 0.4784314 1 0.5921569 0.5921569 0.5921569 1 0.7294118 0.7294118 0.7294118 1 0.7137255 0.7137255 0.7137255 1 0.5921569 0.5921569 0.5921569 1 0.8980392 0.8980392 0.8980392 1 0.8980392 0.8980392 0.8980392 1 0.8980392 0.8980392 0.8980392 1 0.8980392 0.8980392 0.8980392 1 0.8980392 0.8980392 0.8980392 1 0.8980392 0.8980392 0.8980392 1 0.4 0.4 0.4 1 0.8980392 0.8980392 0.8980392 1 0.8980392 0.8980392 0.8980392 1 0.6980392 0.6980392 0.6980392 1 0.4980392 0.4980392 0.4980392 1 0.4980392 0.4980392 0.4980392 1 0.8 0.8 0.8 1 0.4980392 0.4980392 0.4980392 1 0.6980392 0.6980392 0.6980392 1 0 0 0 1 0.3019608 0.3019608 0.3019608 1 0.3019608 0.3019608 0.3019608 1 0 0 0 1 0.3019608 0.3019608 0.3019608 1 0 0 0 1 0.7215687 0.7215687 0.7215687 1 0.7137255 0.7137255 0.7137255 1 0.7137255 0.7137255 0.7137255 1 0.7058824 0.7058824 0.7058824 1 0.7137255 0.7137255 0.7137255 1 0.7215687 0.7215687 0.7215687 1 0 0 0 1 0.6980392 0.6980392 0.6980392 1 0 0 0 1 0.6980392 0.6980392 0.6980392 1 0.6980392 0.6980392 0.6980392 1 0 0 0 1 0.7019608 0.7019608 0.7019608 1 0.3019608 0.3019608 0.3019608 1 0 0 0 1 0.7019608 0.7019608 0.7019608 1 0.3019608 0.3019608 0.3019608 1 0.7019608 0.7019608 0.7019608 1 0 0 0 1 0.2 0.2 0.2 1 0.2 0.2 0.2 1 0 0 0 1 0.2 0.2 0.2 1 0 0 0 1 0 0 0 1 0.7019608 0.7019608 0.7019608 1 0.2 0.2 0.2 1 0.7019608 0.7019608 0.7019608 1 0.7019608 0.7019608 0.7019608 1 0 0 0 1 0.2 0.2 0.2 1 0 0 0 1 0 0 0 1 0.2 0.2 0.2 1 0 0 0 1 0.2 0.2 0.2 1 0.7019608 0.7019608 0.7019608 1 0.7019608 0.7019608 0.7019608 1 0.7019608 0.7019608 0.7019608 1 0.7019608 0.7019608 0.7019608 1 0.7019608 0.7019608 0.7019608 1 0.7019608 0.7019608 0.7019608 1 0.7607843 0.7607843 0.7607843 1 1 1 1 1 0.5647059 0.5647059 0.5647059 1 0.6980392 0.6980392 0.6980392 1 1 1 1 1 0.7607843 0.7607843 0.7607843 1 0.827451 0.827451 0.827451 1 0.7176471 0.7176471 0.7176471 1 0.8784314 0.8784314 0.8784314 1 0.5764706 0.5764706 0.5764706 1 0.7176471 0.7176471 0.7176471 1 0.827451 0.827451 0.827451 1 0.2823529 0.2823529 0.2823529 1 0.7176471 0.7176471 0.7176471 1 0.5764706 0.5764706 0.5764706 1 0.4235294 0.4235294 0.4235294 1 0.7176471 0.7176471 0.7176471 1 0.2823529 0.2823529 0.2823529 1 0.4235294 0.4235294 0.4235294 1 0.2784314 0.2784314 0.2784314 1 0.427451 0.427451 0.427451 1 0.2823529 0.2823529 0.2823529 1 0.2784314 0.2784314 0.2784314 1 0.4235294 0.4235294 0.4235294 1 0.9019608 0.9019608 0.9019608 1 0.4 0.4 0.4 1 0.9019608 0.9019608 0.9019608 1 0.4 0.4 0.4 1 0.4 0.4 0.4 1 0.9019608 0.9019608 0.9019608 1 0.5921569 0.5921569 0.5921569 1 0.1019608 0.1019608 0.1019608 1 0.1019608 0.1019608 0.1019608 1 0.172549 0.172549 0.172549 1 0.1019608 0.1019608 0.1019608 1 0.5921569 0.5921569 0.5921569 1 0.4 0.4 0.4 1 0.6980392 0.6980392 0.6980392 1 0.9019608 0.9019608 0.9019608 1 0.4 0.4 0.4 1 0.6980392 0.6980392 0.6980392 1 0.4 0.4 0.4 1 0.8 0.8 0.8 1 0.3607843 0.3607843 0.3607843 1 0.2666667 0.2666667 0.2666667 1 0.8 0.8 0.8 1 0.3607843 0.3607843 0.3607843 1 0.8 0.8 0.8 1 0 0 0 1 0.7019608 0.7019608 0.7019608 1 0 0 0 1 0.7019608 0.7019608 0.7019608 1 0.7019608 0.7019608 0.7019608 1 0 0 0 1 0.2 0.2 0.2 1 0 0 0 1 0.2 0.2 0.2 1 0 0 0 1 0 0 0 1 0.2 0.2 0.2 1 0.7019608 0.7019608 0.7019608 1 0 0 0 1 0.2 0.2 0.2 1 0.7019608 0.7019608 0.7019608 1 0 0 0 1 0.7019608 0.7019608 0.7019608 1 0 0 0 1 0.2 0.2 0.2 1 0 0 0 1 0.2 0.2 0.2 1 0.2 0.2 0.2 1 0 0 0 1 0 0 0 1 0 0 0 1 0 0 0 1 0 0 0 1 0 0 0 1 0 0 0 1 0 0 0 1 0.8 0.8 0.8 1 0.8 0.8 0.8 1 0 0 0 1 0.8 0.8 0.8 1 0 0 0 1 0.8 0.8 0.8 1 0.8 0.8 0.8 1 0.8 0.8 0.8 1 0.8 0.8 0.8 1 0.8 0.8 0.8 1 0.8 0.8 0.8 1 0.8 0.8 0.8 1 0.8 0.8 0.8 1 0.8 0.8 0.8 1 0.8 0.8 0.8 1 0.8 0.8 0.8 1 0.8 0.8 0.8 1 0.8 0.8 0.8 1 0 0 0 1 0 0 0 1 0.8 0.8 0.8 1 0 0 0 1 0.8 0.8 0.8 1 0 0 0 1 0 0 0 1 0 0 0 1 0 0 0 1 0 0 0 1 0 0 0 1 0 0 0 1 0.6 0.6 0.6 1 0 0 0 1 0.6 0.6 0.6 1 0.6 0.6 0.6 1 0 0 0 1 0 0 0 1 0.6 0.6 0.6 1 0 0 0 1 0.6 0.6 0.6 1 0.6 0.6 0.6 1 0 0 0 1 0.6 0.6 0.6 1 0 0 0 1 0.6 0.6 0.6 1 0 0 0 1 0 0 0 1 0.6 0.6 0.6 1 0 0 0 1 0.6 0.6 0.6 1 0 0 0 1 0.6 0.6 0.6 1 0.6 0.6 0.6 1 0 0 0 1 0 0 0 1 0.8980392 0.8980392 0.8980392 1 0 0 0 1 0.8980392 0.8980392 0.8980392 1 0.8980392 0.8980392 0.8980392 1 0 0 0 1 0.2666667 0.2666667 0.2666667 1 0 0 0 1 0 0 0 1 0.6980392 0.6980392 0.6980392 1 0 0 0 1 0.2666667 0.2666667 0.2666667 1 0 0 0 1 0.8 0.8 0.8 1 0.3019608 0.3019608 0.3019608 1 0.8 0.8 0.8 1 0.8 0.8 0.8 1 0 0 0 1 0.8 0.8 0.8 1 0.4431372 0.4431372 0.4431372 1 0.07058823 0.07058823 0.07058823 1 0.8 0.8 0.8 1 0.4431372 0.4431372 0.4431372 1 0.8 0.8 0.8 1 0 0 0 1 0.4 0.4 0.4 1 0 0 0 1 0.7686275 0.7686275 0.7686275 1 0.4 0.4 0.4 1 0 0 0 1 0 0 0 1 0.7921569 0.7921569 0.7921569 1 0 0 0 1 0.4 0.4 0.4 1 0.7921569 0.7921569 0.7921569 1 0 0 0 1 0 0 0 1 0.8980392 0.8980392 0.8980392 1 0 0 0 1 0.7921569 0.7921569 0.7921569 1 0.8980392 0.8980392 0.8980392 1 0 0 0 1 0 0 0 1 0.7686275 0.7686275 0.7686275 1 0 0 0 1 0.8980392 0.8980392 0.8980392 1 0.7686275 0.7686275 0.7686275 1 0 0 0 1 0 0 0 1 0.5019608 0.5019608 0.5019608 1 0 0 0 1 0.5019608 0.5019608 0.5019608 1 0.5019608 0.5019608 0.5019608 1 0 0 0 1 0 0 0 1 0.5019608 0.5019608 0.5019608 1 0 0 0 1 0.5019608 0.5019608 0.5019608 1 0.5019608 0.5019608 0.5019608 1 0 0 0 1 0.2 0.2 0.2 1 0.1019608 0.1019608 0.1019608 1 0.2 0.2 0.2 1 0.1019608 0.1019608 0.1019608 1 0.1019608 0.1019608 0.1019608 1 0.2 0.2 0.2 1 0.5019608 0.5019608 0.5019608 1 0.5019608 0.5019608 0.5019608 1 0.5019608 0.5019608 0.5019608 1 0.5019608 0.5019608 0.5019608 1 0.5019608 0.5019608 0.5019608 1 0.5019608 0.5019608 0.5019608 1 0 0 0 1 0.5019608 0.5019608 0.5019608 1 0 0 0 1 0.5019608 0.5019608 0.5019608 1 0.5019608 0.5019608 0.5019608 1 0 0 0 1 0 0 0 1 0.2666667 0.2666667 0.2666667 1 0 0 0 1 0.6980392 0.6980392 0.6980392 1 0.2666667 0.2666667 0.2666667 1 0 0 0 1 0.4 0.4 0.4 1 0.6980392 0.6980392 0.6980392 1 0.3019608 0.3019608 0.3019608 1 0.4980392 0.4980392 0.4980392 1 0.6980392 0.6980392 0.6980392 1 0.4 0.4 0.4 1 0 0 0 1 0.8 0.8 0.8 1 0.2980392 0.2980392 0.2980392 1 0.8 0.8 0.8 1 0.8 0.8 0.8 1 0 0 0 1 0.7019608 0.7019608 0.7019608 1 0.2 0.2 0.2 1 0.3019608 0.3019608 0.3019608 1 0.7019608 0.7019608 0.7019608 1 0.2 0.2 0.2 1 0.7019608 0.7019608 0.7019608 1 0.1019608 0.1019608 0.1019608 1 0.6784314 0.6784314 0.6784314 1 0.4156863 0.4156863 0.4156863 1 0.2 0.2 0.2 1 0.6784314 0.6784314 0.6784314 1 0.1019608 0.1019608 0.1019608 1 0.8 0.8 0.8 1 0 0 0 1 0 0 0 1 0.8 0.8 0.8 1 0 0 0 1 0.8 0.8 0.8 1 0.8 0.8 0.8 1 0 0 0 1 0 0 0 1 0.8 0.8 0.8 1 0 0 0 1 0.8 0.8 0.8 1 0 0 0 1 0.4666666 0.4666666 0.4666666 1 0 0 0 1 0.8 0.8 0.8 1 0.4666666 0.4666666 0.4666666 1 0 0 0 1 0 0 0 1 0.2784314 0.2784314 0.2784314 1 0 0 0 1 0.8 0.8 0.8 1 0.2784314 0.2784314 0.2784314 1 0 0 0 1 0.2 0.2 0.2 1 0.8 0.8 0.8 1 0.3921568 0.3921568 0.3921568 1 0.2 0.2 0.2 1 0.8 0.8 0.8 1 0.2 0.2 0.2 1 0.8 0.8 0.8 1 0.427451 0.427451 0.427451 1 0.02352941 0.02352941 0.02352941 1 0.8 0.8 0.8 1 0.427451 0.427451 0.427451 1 0.8 0.8 0.8 1 1 1 1 1 0.7568628 0.7568628 0.7568628 1 0.7568628 0.7568628 0.7568628 1 1 1 1 1 0.7568628 0.7568628 0.7568628 1 1 1 1 1 1 1 1 1 0.7098039 0.7098039 0.7098039 1 0.7568628 0.7568628 0.7568628 1 1 1 1 1 0.7098039 0.7098039 0.7098039 1 1 1 1 1 0.7176471 0.7176471 0.7176471 1 0.7647059 0.7647059 0.7647059 1 0.8784314 0.8784314 0.8784314 1 0.4235294 0.4235294 0.4235294 1 0.7647059 0.7647059 0.7647059 1 0.7176471 0.7176471 0.7176471 1 0.3019608 0.3019608 0.3019608 1 0.7019608 0.7019608 0.7019608 1 0.3019608 0.3019608 0.3019608 1 0.7019608 0.7019608 0.7019608 1 0.7019608 0.7019608 0.7019608 1 0.3019608 0.3019608 0.3019608 1 0.4 0.4 0.4 1 0.5019608 0.5019608 0.5019608 1 0.1019608 0.1019608 0.1019608 1 0.3019608 0.3019608 0.3019608 1 0.5019608 0.5019608 0.5019608 1 0.4 0.4 0.4 1 0.4 0.4 0.4 1 0.7019608 0.7019608 0.7019608 1 0.3019608 0.3019608 0.3019608 1 0.2 0.2 0.2 1 0.7019608 0.7019608 0.7019608 1 0.4 0.4 0.4 1 0.4745098 0.4745098 0.4745098 1 0.8 0.8 0.8 1 0.07843136 0.07843136 0.07843136 1 0.8 0.8 0.8 1 0.8 0.8 0.8 1 0.4745098 0.4745098 0.4745098 1 0.4666666 0.4666666 0.4666666 1 0.5607843 0.5607843 0.5607843 1 0 0 0 1 0.4745098 0.4745098 0.4745098 1 0.5607843 0.5607843 0.5607843 1 0.4666666 0.4666666 0.4666666 1 0.4705882 0.4705882 0.4705882 1 0.8 0.8 0.8 1 0.4 0.4 0.4 1 0.4627451 0.4627451 0.4627451 1 0.8 0.8 0.8 1 0.4705882 0.4705882 0.4705882 1 0.4549019 0.4549019 0.4549019 1 0.8 0.8 0.8 1 0.4627451 0.4627451 0.4627451 1 0.8 0.8 0.8 1 0.8 0.8 0.8 1 0.4549019 0.4549019 0.4549019 1 0.4509804 0.4509804 0.4509804 1 0.8 0.8 0.8 1 0.04313725 0.04313725 0.04313725 1 0.8 0.8 0.8 1 0.8 0.8 0.8 1 0.4509804 0.4509804 0.4509804 1 0.2823529 0.2823529 0.2823529 1 0.5921569 0.5921569 0.5921569 1 0.2784314 0.2784314 0.2784314 1 0.4784314 0.4784314 0.4784314 1 0.5921569 0.5921569 0.5921569 1 0.2823529 0.2823529 0.2823529 1 0.2784314 0.2784314 0.2784314 1 0.5450981 0.5450981 0.5450981 1 0 0 0 1 0.4509804 0.4509804 0.4509804 1 0.5450981 0.5450981 0.5450981 1 0.2784314 0.2784314 0.2784314 1 0.8980392 0.8980392 0.8980392 1 0.8980392 0.8980392 0.8980392 1 0.4 0.4 0.4 1 0.8980392 0.8980392 0.8980392 1 0.8980392 0.8980392 0.8980392 1 0.8980392 0.8980392 0.8980392 1 0.2666667 0.2666667 0.2666667 1 0 0 0 1 0 0 0 1 0 0 0 1 0.2941176 0.2941176 0.2941176 1 0 0 0 1 0.1019608 0.1019608 0.1019608 1 0.3019608 0.3019608 0.3019608 1 0.4 0.4 0.4 1 0.4235294 0.4235294 0.4235294 1 0.4745098 0.4745098 0.4745098 1 0.7647059 0.7647059 0.7647059 1 0.3019608 0.3019608 0.3019608 1 0.5019608 0.5019608 0.5019608 1 0.3019608 0.3019608 0.3019608 1 0.07843136 0.07843136 0.07843136 1 0.5607843 0.5607843 0.5607843 1 0.4745098 0.4745098 0.4745098 1 0.4745098 0.4745098 0.4745098 1 0.4666666 0.4666666 0.4666666 1 0.8 0.8 0.8 1 0 0 0 1 0 0 0 1 0.2 0.2 0.2 1 0.04313725 0.04313725 0.04313725 1 0.5450981 0.5450981 0.5450981 1 0.4509804 0.4509804 0.4509804 1 0.4509804 0.4509804 0.4509804 1 0.2784314 0.2784314 0.2784314 1 0.8 0.8 0.8 1 0.3019608 0.3019608 0.3019608 1 0.7058824 0.7058824 0.7058824 1 0.7215687 0.7215687 0.7215687 1 0.7294118 0.7294118 0.7294118 1 0.427451 0.427451 0.427451 1 0.2784314 0.2784314 0.2784314 1 0.3019608 0.3019608 0.3019608 1 1 1 1 1 0.9019608 0.9019608 0.9019608 1 0.7686275 0.7686275 0.7686275 1 0.5647059 0.5647059 0.5647059 1 1 1 1 1 1 1 1 1 0.5254902 0.5254902 0.5254902 1 0.4980392 0.4980392 0.4980392 1 1 1 1 1 0.8745098 0.8745098 0.8745098 1 0.8156863 0.8156863 0.8156863 1 0.7058824 0.7058824 0.7058824 1 0.7098039 0.7098039 0.7098039 1 1 1 1 1 1 1 1 1 0.8980392 0.8980392 0.8980392 1 1 1 1 1 1 1 1 1 0.8980392 0.8980392 0.8980392 1 0.8980392 0.8980392 0.8980392 1 0.8 0.8 0.8 1 0.8 0.8 0.8 1 1 1 1 1 0.9019608 0.9019608 0.9019608 1 0.9254902 0.9254902 0.9254902 1 0.3019608 0.3019608 0.3019608 1 0.4784314 0.4784314 0.4784314 1 0.7294118 0.7294118 0.7294118 1 0.5921569 0.5921569 0.5921569 1</float_array>
          <technique_common>
            <accessor source="#polygon4-mesh-colors-polygon4_Colors0-array" count="1014" stride="4">
              <param name="R" type="float"/>
              <param name="G" type="float"/>
              <param name="B" type="float"/>
              <param name="A" type="float"/>
            </accessor>
          </technique_common>
        </source>
        <vertices id="polygon4-mesh-vertices">
          <input semantic="POSITION" source="#polygon4-mesh-positions"/>
        </vertices>
        <triangles material="mat_engine-material" count="338">
          <input semantic="VERTEX" source="#polygon4-mesh-vertices" offset="0"/>
          <input semantic="NORMAL" source="#polygon4-mesh-normals" offset="1"/>
          <input semantic="TEXCOORD" source="#polygon4-mesh-map-0" offset="2" set="0"/>
          <input semantic="COLOR" source="#polygon4-mesh-colors-polygon4_Colors0" offset="3" set="0"/>
          <p>2 0 0 0 1 1 1 1 0 2 2 2 3 3 3 3 1 1 4 4 2 0 5 5 4 4 6 6 3 3 7 7 2 0 8 8 5 5 9 9 3 3 10 10 4 4 11 11 6 6 12 12 5 5 13 13 4 4 14 14 7 7 15 15 5 5 16 16 6 6 17 17 8 8 18 18 7 7 19 19 6 6 20 20 9 9 21 21 7 7 22 22 8 8 23 23 10 10 24 24 9 9 25 25 8 8 26 26 11 11 27 27 9 9 28 28 10 10 29 29 12 12 30 30 11 11 31 31 10 10 32 32 15 13 33 33 14 14 34 34 13 15 35 35 16 16 36 36 14 14 37 37 15 13 38 38 17 17 39 39 16 16 40 40 15 13 41 41 18 18 42 42 16 16 43 43 17 17 44 44 19 19 45 45 18 18 46 46 17 17 47 47 20 20 48 48 18 18 49 49 19 19 50 50 21 21 51 51 20 20 52 52 19 19 53 53 22 22 54 54 20 20 55 55 21 21 56 56 23 23 57 57 22 22 58 58 21 21 59 59 24 24 60 60 22 22 61 61 23 23 62 62 27 25 63 63 26 26 64 64 25 27 65 65 28 28 66 66 26 26 67 67 27 25 68 68 29 29 69 69 28 28 70 70 27 25 71 71 30 30 72 72 28 28 73 73 29 29 74 74 31 31 75 75 30 30 76 76 29 29 77 77 32 32 78 78 30 30 79 79 31 31 80 80 33 33 81 81 32 32 82 82 31 31 83 83 34 34 84 84 11 35 85 85 12 36 86 86 9 37 87 87 11 35 88 88 34 34 89 89 35 38 90 90 9 37 91 91 34 34 92 92 7 39 93 93 9 37 94 94 35 38 95 95 36 40 96 96 7 39 97 97 35 38 98 98 5 41 99 99 7 39 100 100 36 40 101 101 3 42 102 102 5 41 103 103 36 40 104 104 39 43 105 105 38 44 106 106 37 45 107 107 40 46 108 108 38 44 109 109 39 43 110 110 41 47 111 111 40 46 112 112 39 43 113 113 42 48 114 114 40 46 115 115 41 47 116 116 43 49 117 117 42 48 118 118 41 47 119 119 44 50 120 120 42 48 121 121 43 49 122 122 47 51 123 123 46 52 124 124 45 53 125 125 48 54 126 126 46 52 127 127 47 51 128 128 49 55 129 129 48 54 130 130 47 51 131 131 50 56 132 132 48 54 133 133 49 55 134 134 51 57 135 135 50 56 136 136 49 55 137 137 14 14 138 138 24 24 139 139 52 15 140 140 22 22 141 141 24 24 142 142 14 14 143 143 53 58 144 144 22 22 145 145 14 14 146 146 20 20 147 147 22 22 148 148 53 58 149 149 18 18 150 150 20 20 151 151 53 58 152 152 56 59 153 153 55 60 154 154 54 61 155 155 57 62 156 156 55 60 157 157 56 59 158 158 58 63 159 159 57 62 160 160 56 59 161 161 59 64 162 162 57 62 163 163 58 63 164 164 60 65 165 165 59 64 166 166 58 63 167 167 63 66 168 168 62 67 169 169 61 68 170 170 64 69 171 171 62 67 172 172 63 66 173 173 65 70 174 174 64 69 175 175 63 66 176 176 66 71 177 177 64 72 178 178 65 70 179 179 67 73 180 180 66 71 181 181 65 70 182 182 69 74 183 183 1 75 184 184 68 76 185 185 70 77 186 186 1 75 187 187 69 74 188 188 71 78 189 189 70 77 190 190 69 74 191 191 72 79 192 192 70 77 193 193 71 78 194 194 73 80 195 195 72 79 196 196 71 78 197 197 76 81 198 198 75 82 199 199 74 83 200 200 77 84 201 201 75 82 202 202 76 81 203 203 78 85 204 204 77 84 205 205 76 81 206 206 79 86 207 207 77 84 208 208 78 85 209 209 74 83 210 210 79 86 211 211 78 85 212 212 82 87 213 213 81 88 214 214 80 89 215 215 83 90 216 216 81 88 217 217 82 87 218 218 84 91 219 219 83 90 220 220 82 87 221 221 85 92 222 222 83 90 223 223 84 91 224 224 87 93 225 225 62 94 226 226 86 95 227 227 61 96 228 228 62 94 229 229 87 93 230 230 88 97 231 231 61 96 232 232 87 93 233 233 89 98 234 234 61 96 235 235 88 97 236 236 92 99 237 237 91 100 238 238 90 101 239 239 93 102 240 240 91 100 241 241 92 99 242 242 94 103 243 243 93 102 244 244 92 99 245 245 95 104 246 246 93 102 247 247 94 103 248 248 98 105 249 249 97 106 250 250 96 107 251 251 99 108 252 252 97 106 253 253 98 105 254 254 100 109 255 255 99 108 256 256 98 105 257 257 101 110 258 258 99 108 259 259 100 109 260 260 103 111 261 261 60 65 262 262 102 112 263 263 55 60 264 264 60 65 265 265 103 111 266 266 104 113 267 267 55 60 268 268 103 111 269 269 54 61 270 270 55 60 271 271 104 113 272 272 105 114 273 273 80 89 274 274 81 88 275 275 106 115 276 276 80 89 277 277 105 114 278 278 85 92 279 279 106 115 280 280 105 114 281 281 84 91 282 282 106 115 283 283 85 92 284 284 109 116 285 285 108 117 286 286 107 118 287 287 110 119 288 288 108 117 289 289 109 116 290 290 111 120 291 291 110 119 292 292 109 116 293 293 112 121 294 294 110 119 295 295 111 120 296 296 115 122 297 297 114 123 298 298 113 124 299 299 116 125 300 300 114 123 301 301 115 122 302 302 117 126 303 303 116 125 304 304 115 122 305 305 118 127 306 306 116 125 307 307 117 126 308 308 121 128 309 309 120 129 310 310 119 130 311 311 122 131 312 312 120 129 313 313 121 128 314 314 123 132 315 315 122 131 316 316 121 128 317 317 124 133 318 318 122 131 319 319 123 132 320 320 125 134 321 321 12 12 322 322 10 10 323 323 126 135 324 324 12 12 325 325 125 134 326 326 127 136 327 327 126 135 328 328 125 134 329 329 128 137 330 330 126 135 331 331 127 136 332 332 70 138 333 333 0 2 334 334 1 1 335 335 129 139 336 336 0 2 337 337 70 138 338 338 72 140 339 339 129 139 340 340 70 138 341 341 73 141 342 342 129 139 343 343 72 140 344 344 132 142 345 345 131 143 346 346 130 144 347 347 133 145 348 348 131 143 349 349 132 142 350 350 134 146 351 351 133 145 352 352 132 142 353 353 135 147 354 354 133 145 355 355 134 146 356 356 136 148 357 357 51 57 358 358 49 55 359 359 137 149 360 360 51 57 361 361 136 148 362 362 138 150 363 363 137 149 364 364 136 148 365 365 47 51 366 366 137 149 367 367 138 150 368 368 141 151 369 369 140 152 370 370 139 153 371 371 142 154 372 372 140 152 373 373 141 151 374 374 143 155 375 375 142 154 376 376 141 151 377 377 144 156 378 378 142 154 379 379 143 155 380 380 145 15 381 381 35 15 382 382 34 15 383 383 146 157 384 384 35 157 385 385 145 157 386 386 68 15 387 387 146 15 388 388 145 15 389 389 68 76 390 390 36 40 391 391 146 158 392 392 3 42 393 393 36 40 394 394 68 76 395 395 1 75 396 396 3 42 397 397 68 76 398 398 147 159 399 399 44 50 400 400 43 49 401 401 148 160 402 402 44 50 403 403 147 159 404 404 149 161 405 405 148 160 406 406 147 159 407 407 34 34 408 408 150 162 409 409 145 163 410 410 126 164 411 411 150 162 412 412 34 34 413 413 12 36 414 414 126 164 415 415 34 34 416 416 106 115 417 417 151 165 418 418 80 89 419 419 152 166 420 420 151 165 421 421 106 115 422 422 84 91 423 423 152 166 424 424 106 115 425 425 153 167 426 426 147 168 427 427 43 169 428 428 154 170 429 429 147 168 430 430 153 167 431 431 155 171 432 432 154 170 433 433 153 167 434 434 112 121 435 435 157 172 436 436 156 173 437 437 158 174 438 438 157 172 439 439 112 121 440 440 111 120 441 441 158 174 442 442 112 121 443 443 161 175 444 444 160 176 445 445 159 177 446 446 162 178 447 447 160 176 448 448 161 175 449 449 163 179 450 450 162 178 451 451 161 175 452 452 41 180 453 453 155 171 454 454 43 169 455 455 164 181 456 456 155 171 457 457 41 180 458 458 165 182 459 459 164 181 460 460 41 180 461 461 27 25 462 462 166 183 463 463 29 29 464 464 167 184 465 465 166 183 466 466 27 25 467 467 168 185 468 468 167 184 469 469 27 25 470 470 124 133 471 471 170 186 472 472 169 187 473 473 171 188 474 474 170 186 475 475 124 133 476 476 123 132 477 477 171 188 478 478 124 133 479 479 110 119 480 480 172 189 481 481 108 117 482 482 156 173 483 483 172 189 484 484 110 119 485 485 112 121 486 486 156 173 487 487 110 119 488 488 174 190 489 489 32 32 490 490 173 191 491 491 30 30 492 492 32 32 493 493 174 190 494 494 28 28 495 495 30 30 496 496 174 190 497 497 140 152 498 498 175 192 499 499 139 153 500 500 176 193 501 501 175 192 502 502 140 152 503 503 177 194 504 504 176 193 505 505 140 152 506 506 122 131 507 507 178 195 508 508 120 129 509 509 169 187 510 510 178 195 511 511 122 131 512 512 124 133 513 513 169 187 514 514 122 131 515 515 179 196 516 516 164 181 517 517 165 182 518 518 155 171 519 519 164 181 520 520 179 196 521 521 154 170 522 522 155 171 523 523 179 196 524 524 182 197 525 525 181 197 526 526 180 197 527 527 183 15 528 528 181 15 529 529 182 15 530 530 184 198 531 531 183 198 532 532 182 198 533 533 31 31 534 534 166 183 535 535 33 33 536 536 29 29 537 537 166 183 538 538 31 31 539 539 185 199 540 540 159 199 541 541 160 199 542 542 186 200 543 543 159 200 544 544 185 200 545 545 163 201 546 546 188 201 547 547 187 201 548 548 189 202 549 549 188 202 550 550 163 202 551 551 190 203 552 552 166 183 553 553 167 184 554 554 33 33 555 555 166 183 556 556 190 203 557 557 193 204 558 558 192 205 559 559 191 206 560 560 194 207 561 561 192 205 562 562 193 204 563 563 196 208 564 564 194 207 565 565 195 209 566 566 192 205 567 567 194 207 568 568 196 208 569 569 195 209 570 570 193 204 571 571 197 210 572 572 194 207 573 573 193 204 574 574 195 209 575 575 197 210 576 576 191 206 577 577 198 211 578 578 193 204 579 579 191 206 580 580 197 210 581 581 201 212 582 582 200 212 583 583 199 212 584 584 202 213 585 585 200 213 586 586 201 213 587 587 203 214 588 588 62 94 589 589 64 215 590 590 86 95 591 591 62 94 592 592 203 214 593 593 154 170 594 594 204 216 595 595 147 168 596 596 205 217 597 597 204 216 598 598 154 170 599 599 206 218 600 600 204 216 601 601 205 217 602 602 37 219 603 603 204 216 604 604 206 218 605 605 37 219 606 606 165 182 607 607 39 220 608 608 206 218 609 609 165 182 610 610 37 219 611 611 47 51 612 612 136 148 613 613 49 55 614 614 138 150 615 615 136 148 616 616 47 51 617 617 67 73 618 618 63 66 619 619 61 68 620 620 65 70 621 621 63 66 622 622 67 73 623 623 57 62 624 624 60 65 625 625 55 60 626 626 59 64 627 627 60 65 628 628 57 62 629 629 119 130 630 630 123 132 631 631 121 128 632 632 171 188 633 633 123 132 634 634 119 130 635 635 209 221 636 636 208 222 637 637 207 223 638 638 210 224 639 639 208 222 640 640 209 221 641 641 210 224 642 642 212 225 643 643 211 226 644 644 209 221 645 645 212 225 646 646 210 224 647 647 208 222 648 648 211 226 649 649 213 227 650 650 210 224 651 651 211 226 652 652 208 222 653 653 207 223 654 654 213 227 655 655 214 228 656 656 208 222 657 657 213 227 658 658 207 223 659 659 217 229 660 660 216 230 661 661 215 231 662 662 218 232 663 663 216 230 664 664 217 229 665 665 215 231 666 666 220 233 667 667 219 234 668 668 216 230 669 669 220 233 670 670 215 231 671 671 219 234 672 672 222 235 673 673 221 236 674 674 220 233 675 675 222 235 676 676 219 234 677 677 221 236 678 678 224 237 679 679 223 238 680 680 222 235 681 681 224 237 682 682 221 236 683 683 223 238 684 684 226 239 685 685 225 240 686 686 224 237 687 687 226 239 688 688 223 238 689 689 225 240 690 690 228 241 691 691 227 242 692 692 226 239 693 693 228 241 694 694 225 240 695 695 231 243 696 696 230 244 697 697 229 245 698 698 232 246 699 699 230 244 700 700 231 243 701 701 235 247 702 702 234 248 703 703 233 249 704 704 236 250 705 705 234 248 706 706 235 247 707 707 236 250 708 708 229 245 709 709 230 244 710 710 235 247 711 711 229 245 712 712 236 250 713 713 233 249 714 714 232 246 715 715 231 243 716 716 234 248 717 717 232 246 718 718 233 249 719 719 238 251 720 720 181 252 721 721 237 253 722 722 180 254 723 723 181 252 724 724 238 251 725 725 32 32 726 726 190 203 727 727 239 191 728 728 33 33 729 729 190 203 730 730 32 32 731 731 170 186 732 732 119 130 733 733 120 129 734 734 171 188 735 735 119 130 736 736 170 186 737 737 107 118 738 738 111 120 739 739 109 116 740 740 158 174 741 741 111 120 742 742 107 118 743 743 241 255 744 744 184 256 745 745 240 257 746 746 183 258 747 747 184 256 748 748 241 255 749 749 240 257 750 750 243 259 751 751 242 260 752 752 184 256 753 753 243 259 754 754 240 257 755 755 242 260 756 756 180 254 757 757 238 251 758 758 243 259 759 759 180 254 760 760 242 260 761 761 237 253 762 762 183 258 763 763 241 255 764 764 181 252 765 765 183 258 766 766 237 253 767 767 246 261 768 768 245 262 769 769 244 263 770 770 247 264 771 771 245 262 772 772 246 261 773 773 250 265 774 774 249 266 775 775 248 267 776 776 251 268 777 777 249 266 778 778 250 265 779 779 251 268 780 780 244 263 781 781 245 262 782 782 250 265 783 783 244 263 784 784 251 268 785 785 249 266 786 786 245 262 787 787 247 264 788 788 251 268 789 789 245 262 790 790 249 266 791 791 248 267 792 792 247 264 793 793 246 261 794 794 249 266 795 795 247 264 796 796 248 267 797 797 23 23 798 798 19 19 799 799 252 191 800 800 21 21 801 801 19 19 802 802 23 23 803 803 69 269 804 804 145 269 805 805 71 269 806 806 68 15 807 807 145 15 808 808 69 15 809 809 157 172 810 810 107 118 811 811 108 117 812 812 158 174 813 813 107 118 814 814 157 172 815 815 90 101 816 816 253 270 817 817 92 99 818 818 254 271 819 819 253 270 820 820 90 101 821 821 71 78 822 822 150 162 823 823 73 80 824 824 145 163 825 825 150 162 826 826 71 78 827 827 113 124 828 828 255 272 829 829 115 122 830 830 256 273 831 831 255 272 832 832 113 124 833 833 96 107 834 834 257 274 835 835 98 105 836 836 258 275 837 837 257 274 838 838 96 107 839 839 255 272 840 840 259 276 841 841 118 127 842 842 256 273 843 843 259 276 844 844 255 272 845 845 257 274 846 846 260 277 847 847 101 110 848 848 258 275 849 849 260 277 850 850 257 274 851 851 16 16 852 852 53 58 853 853 14 14 854 854 18 18 855 855 53 58 856 856 16 16 857 857 81 88 858 858 85 92 859 859 105 114 860 860 83 90 861 861 85 92 862 862 81 88 863 863 73 141 864 864 261 278 865 865 129 139 866 866 150 279 867 867 261 278 868 868 73 141 869 869 150 279 870 870 262 280 871 871 261 278 872 872 126 135 873 873 262 280 874 874 150 279 875 875 204 281 876 876 149 161 877 877 147 159 878 878 37 45 879 879 149 161 880 880 204 281 881 881 263 282 882 882 90 101 883 883 91 100 884 884 254 271 885 885 90 101 886 886 263 282 887 887 264 283 888 888 93 102 889 889 95 104 890 890 263 282 891 891 93 102 892 892 264 283 893 893 264 283 894 894 254 271 895 895 263 282 896 896 253 270 897 897 254 271 898 898 264 283 899 899 265 284 900 900 113 124 901 901 114 123 902 902 256 273 903 903 113 124 904 904 265 284 905 905 259 276 906 906 116 125 907 907 118 127 908 908 265 284 909 909 116 125 910 910 259 276 911 911 266 285 912 912 142 154 913 913 144 156 914 914 267 286 915 915 142 154 916 916 266 285 917 917 177 194 918 918 142 154 919 919 267 286 920 920 140 152 921 921 142 154 922 922 177 194 923 923 268 287 924 924 96 107 925 925 97 106 926 926 258 275 927 927 96 107 928 928 268 287 929 929 206 218 930 930 179 196 931 931 165 182 932 932 205 217 933 933 179 196 934 934 206 218 935 935 260 277 936 936 99 108 937 937 101 110 938 938 268 287 939 939 99 108 940 940 260 277 941 941 182 15 942 942 243 15 943 943 184 15 944 944 180 288 945 945 243 288 946 946 182 288 947 947 19 19 948 948 17 17 949 949 269 191 950 950 152 166 951 951 84 91 952 952 82 87 953 953 95 104 954 954 253 270 955 955 264 283 956 956 37 45 957 957 38 44 958 958 149 161 959 959 91 100 960 960 93 102 961 961 263 282 962 962 114 123 963 963 116 125 964 964 265 284 965 965 265 284 966 966 259 276 967 967 256 273 968 968 174 190 969 969 26 26 970 970 28 28 971 971 97 106 972 972 99 108 973 973 268 287 974 974 268 287 975 975 260 277 976 976 258 275 977 977 161 175 978 978 189 289 979 979 163 179 980 980 41 180 981 981 39 220 982 982 165 182 983 983 58 63 984 984 102 112 985 985 60 65 986 986 89 98 987 987 67 290 988 988 61 96 989 989 146 15 990 990 36 15 991 991 35 15 992 992 153 167 993 993 43 169 994 994 155 171 995 995 128 137 996 996 262 280 997 997 126 135 998 998 76 81 999 999 74 83 1000 1000 78 85 1001 1001 133 145 1002 1002 135 147 1003 1003 131 143 1004 1004 130 144 1005 1005 134 146 1006 1006 132 142 1007 1007 47 51 1008 1008 45 53 1009 1009 137 149 1010 1010 205 217 1011 1011 154 170 1012 1012 179 196 1013 1013</p>
        </triangles>
      </mesh>
    </geometry>
    <geometry id="polygon3-mesh" name="polygon3">
      <mesh>
        <source id="polygon3-mesh-positions">
          <float_array id="polygon3-mesh-positions-array" count="18">63.98851 93.37 64.31116 -0.09550297 93.92349 72.78879 58.81047 107.49 60.94053 0.007705986 107.3705 67.43597 -63.99599 93.37665 64.30779 -59.86837 107.481 60.94613</float_array>
          <technique_common>
            <accessor source="#polygon3-mesh-positions-array" count="6" stride="3">
              <param name="X" type="float"/>
              <param name="Y" type="float"/>
              <param name="Z" type="float"/>
            </accessor>
          </technique_common>
        </source>
        <source id="polygon3-mesh-normals">
          <float_array id="polygon3-mesh-normals-array" count="18">0.1160845 0.3177709 0.9410347 7.31645e-4 0.3193928 0.9476222 0.1160926 0.3177469 0.9410417 7.34433e-4 0.3194046 0.9476182 -0.1146841 0.316839 0.9415204 -0.1146821 0.3168513 0.9415165</float_array>
          <technique_common>
            <accessor source="#polygon3-mesh-normals-array" count="6" stride="3">
              <param name="X" type="float"/>
              <param name="Y" type="float"/>
              <param name="Z" type="float"/>
            </accessor>
          </technique_common>
        </source>
        <source id="polygon3-mesh-map-0">
          <float_array id="polygon3-mesh-map-0-array" count="24">0.0658375 0.04175353 2.56616e-5 0.500705 0.009867727 2.56616e-5 0.05611723 0.4998992 2.56616e-5 0.500705 0.0658375 0.04175353 2.56616e-5 0.500705 0.0658375 0.9663173 0.009887874 0.9999744 0.05611723 0.4998992 0.0658375 0.9663173 2.56616e-5 0.500705</float_array>
          <technique_common>
            <accessor source="#polygon3-mesh-map-0-array" count="12" stride="2">
              <param name="S" type="float"/>
              <param name="T" type="float"/>
            </accessor>
          </technique_common>
        </source>
        <source id="polygon3-mesh-colors-polygon3_Colors0" name="polygon3_Colors0">
          <float_array id="polygon3-mesh-colors-polygon3_Colors0-array" count="48">1 1 1 1 1 1 1 1 1 1 1 1 1 1 1 1 1 1 1 1 1 1 1 1 1 1 1 1 1 1 1 1 1 1 1 1 1 1 1 1 1 1 1 1 1 1 1 1</float_array>
          <technique_common>
            <accessor source="#polygon3-mesh-colors-polygon3_Colors0-array" count="12" stride="4">
              <param name="R" type="float"/>
              <param name="G" type="float"/>
              <param name="B" type="float"/>
              <param name="A" type="float"/>
            </accessor>
          </technique_common>
        </source>
        <vertices id="polygon3-mesh-vertices">
          <input semantic="POSITION" source="#polygon3-mesh-positions"/>
        </vertices>
        <triangles material="mat_screen-material" count="4">
          <input semantic="VERTEX" source="#polygon3-mesh-vertices" offset="0"/>
          <input semantic="NORMAL" source="#polygon3-mesh-normals" offset="1"/>
          <input semantic="TEXCOORD" source="#polygon3-mesh-map-0" offset="2" set="0"/>
          <input semantic="COLOR" source="#polygon3-mesh-colors-polygon3_Colors0" offset="3" set="0"/>
          <p>2 0 0 0 1 1 1 1 0 2 2 2 3 3 3 3 1 1 4 4 2 0 5 5 1 1 6 6 5 4 7 7 4 5 8 8 3 3 9 9 5 4 10 10 1 1 11 11</p>
        </triangles>
      </mesh>
    </geometry>
    <geometry id="polygon2-mesh" name="polygon2">
      <mesh>
        <source id="polygon2-mesh-positions">
          <float_array id="polygon2-mesh-positions-array" count="1158">70.18409 101.8575 -91.44314 68.88345 104.4491 -121.807 81.33773 100.3834 -117.7567 80.02191 97.0031 -139.0087 91.5042 89.30984 -116.3782 79.74042 91.16434 -150.2449 95.09848 79.36093 -114.7997 85.95795 76.11786 -143.3154 91.7729 68.61951 -125.4933 84.23538 63.33664 -142.3959 85.5867 59.42873 -123.1461 -57.87361 96.49071 -97.19436 -48.35544 102.8799 -100.8033 -32.83784 103.237 -73.17686 -28.84697 109.7865 -104.3121 -13.90129 111.8879 -84.51303 -0.00396198 112.9394 -106.5295 13.97146 111.8894 -84.51273 29.1808 109.7933 -104.3107 34.03492 103.2427 -73.17624 50.38652 102.8799 -100.4021 59.90469 96.49071 -97.19436 -66.09958 100.0431 -152.0876 -69.07446 104.4491 -121.807 -80.21293 97.00311 -139.0087 -81.52873 100.3834 -117.7567 -91.69521 89.30984 -116.3782 -82.9608 93.10092 -84.92069 -91.78208 79.74358 -83.01514 -79.60355 77.04501 -62.43283 -88.63028 68.42876 -69.96089 -85.77864 53.86436 -62.58235 -86.50818 54.25109 -70.07458 25.38175 96.30757 -151.8183 27.18243 102.6148 -130.4399 0.03425794 96.30757 -151.8183 0.04144799 102.6148 -130.4399 -25.27318 96.30757 -151.8183 -27.07385 102.6148 -130.4399 -50.07636 101.6735 -129.3748 -43.74038 103.2819 -117.7426 -56.42696 102.2135 -97.79752 -29.05901 101.7123 -108.6052 -65.77234 94.03774 66.5528 -55.11702 85.09906 134.3407 -72.69163 88.67855 55.51491 -75.10538 80.94151 109.8261 -82.17813 74.55619 92.20462 -74.12403 74.39827 135.8957 -82.39992 58.35938 103.3593 -75.44064 52.88503 137.5375 -79.76212 51.60211 111.743 87.34124 51.1642 63.07599 65.37762 50.46751 67.28574 85.75027 59.47198 75.72167 61.86434 58.25735 89.18895 84.28223 61.9147 89.42389 60.81319 46.95905 110.4625 82.20892 58.35938 103.3593 79.57112 51.6021 111.743 82.76979 93.10092 -84.92069 91.59108 79.74358 -83.01514 90.54432 68.45315 -97.30489 90.62511 66.60389 -112.7689 -21.35985 83.63478 45.78248 -9.506032 98.13874 50.0864 -21.35985 85.41656 39.77792 -9.506027 99.92054 44.08184 -26.55549 85.68279 43.12357 -11.8183 103.7148 48.47437 9.50603 98.13876 50.08638 9.50603 99.92054 44.08183 11.8183 103.7148 48.47437 21.35986 83.63478 45.78247 21.35985 85.41656 39.77792 26.55549 85.68282 43.12357 17.12928 65.5486 40.41559 17.12927 68.70741 34.41101 21.29585 63.19729 36.4512 65.58133 94.03807 66.5528 72.50061 88.67855 55.51491 54.92599 85.09904 134.3407 74.91437 80.9415 109.8261 73.93301 74.39825 135.8957 81.98714 74.55619 92.20462 0 57.49949 38.02709 -17.12927 65.5486 40.41559 0 59.28128 32.02253 -17.12927 68.70741 34.41103 -10e-7 53.1903 33.48173 -21.29585 63.19729 36.45119 44.80136 84.94318 -149.5294 25.5563 85.65965 -153.9673 0.01147198 85.65965 -153.9673 -25.44771 85.65965 -153.9673 -44.99239 84.94318 -149.5294 -25.30041 56.67149 -152.8685 0.001649975 56.67149 -152.8685 25.40899 56.67149 -152.8685 44.8963 56.14513 -152.6773 -89.2258 64.82298 -83.21452 -90.73532 68.45315 -97.30489 -95.28949 79.36094 -114.7997 -79.93142 91.16434 -150.2449 64.03575 110.5965 -92.99767 71.35449 89.98185 -62.13627 65.99689 90.26337 -62.26906 74.23053 90.13618 1.12363 67.32801 90.22828 0.835407 64.92429 90.47649 62.31246 48.69342 81.45238 158.8686 59.36125 79.91502 158.8298 67.07298 71.61086 158.7904 75.24963 52.88503 137.5375 67.85693 55.20982 158.9496 69.96993 47.71973 -129.9153 63.93951 51.42393 -149.216 42.38517 39.36436 -139.649 -90.81611 66.6039 -112.7689 -91.96391 68.61951 -125.4933 -86.14896 76.11786 -143.3154 -84.42638 63.33663 -142.3959 -69.73337 68.06886 -161.0922 61.70475 31.01497 50.14298 -0.09550499 92.07126 72.29601 -61.89577 31.01497 50.14298 -65.1153 90.48455 62.33169 -67.51903 90.22828 0.835406 46.08656 67.93195 -161.707 46.20947 86.64087 -161.5254 47.71704 100.1012 -151.9314 50.73288 91.982 -161.3693 64.95264 91.97513 -160.6194 -4.583085 83.26613 40.617 -3.159896 85.02504 43.50892 -16.65383 90.84502 44.80083 -6.006279 80.21445 42.08143 -18.70279 88.72975 44.17315 0.01659095 75.49232 38.31019 -2.821597 74.18689 40.50259 -1.665256 57.78517 34.49971 2.85478 74.18687 40.50258 1.665262 57.78517 34.4997 45.69249 95.69691 -145.5635 49.88535 101.6735 -129.3748 43.54937 103.2819 -117.7426 29.16759 101.7123 -108.6052 -65.56863 50.46751 67.28574 -85.94127 59.47197 75.72167 -62.05535 58.25735 89.18893 -84.47323 61.9147 89.42389 -61.00421 46.95905 110.4625 -60.68174 45.38874 158.9716 -64.45468 44.36797 151.7382 -68.04795 55.20981 158.9496 -67.03042 42.76274 144.2468 -72.66947 38.77489 117.9307 72.47845 38.7749 117.9307 66.83939 42.76276 144.2468 64.26366 44.36799 151.7382 60.49072 45.38875 158.9716 62.65999 90.10156 -82.27495 73.33617 65.98218 -35.72411 41.85879 78.97892 -31.65037 63.25201 48.19493 10.2161 39.95127 48.19493 10.21611 81.89075 76.82054 -25.90882 79.41254 77.04501 -62.43283 88.2714 52.68354 -25.97849 85.58765 53.86437 -62.58236 -69.5536 53.56226 -72.54806 -69.60152 66.81437 -97.38837 5.935277 80.39052 42.13367 3.297251 84.84898 43.45667 56.23595 102.2135 -97.79752 29.05266 105.9203 -108.4117 40.50818 101.2344 -114.3852 0.006394982 107.5257 -110.7054 2.13e-4 101.8581 -116.6761 -41.06794 101.234 -114.3861 -85.77769 59.42873 -123.1461 -70.16095 47.71973 -129.9153 -64.13052 51.42393 -149.216 -46.27757 67.93195 -161.707 -45.08732 56.14513 -152.6773 -42.57618 39.36436 -139.649 89.0348 64.82298 -83.21452 88.43927 68.42876 -69.96089 -59.38437 120.8277 -131.5773 -64.22677 110.5965 -92.99768 -70.37511 101.8575 -91.44315 -71.5455 89.98185 -62.13628 -0.09551 44.8323 158.9716 -0.09551 43.81154 151.7382 -29.56955 103.2137 -109.3284 -29.95575 111.9698 -105.6823 2.32e-4 114.9564 -108.0531 -30.17892 105.1495 -99.52994 -1.3e-5 105.6528 -100.9122 63.6252 67.56151 48.41619 65.36456 89.68126 61.53005 0.01229494 66.90784 54.05037 0.01229399 91.61492 63.56392 -61.59412 67.56151 48.41619 -64.00426 89.69028 61.49796 -90.43891 51.81386 0.979517 -83.90614 76.65529 0.97952 -88.24315 51.15505 56.32296 -83.75537 76.76225 55.80844 67.82297 61.37397 -116.9041 69.41051 66.81437 -97.38837 90.24792 51.81387 0.979517 83.71515 76.6553 0.979519 83.63957 76.70891 28.4622 -32.73948 31.50401 10.46355 -39.92444 48.19493 10.21611 -32.41184 35.66351 -49.31353 -41.09391 78.97892 -31.65037 -71.30508 65.98219 -35.7241 32.49252 31.50401 10.46355 32.95133 35.66351 -49.31353 0 99.46401 -67.81002 4.616263 83.26613 40.61699 16.55312 91.06355 44.86564 18.83209 88.51122 44.10826 69.54237 68.06886 -161.0922 69.92641 86.98689 -160.3175 65.90856 100.0431 -152.0875 30.51275 105.1563 -99.5285 30.16371 111.497 -105.6062 29.94054 103.2504 -109.3431 88.05215 51.15505 56.32296 83.56437 76.76226 55.80843 -51.20165 79.59074 164.7424 -37.11464 67.04566 164.7363 -64.01957 66.96698 164.7363 -41.04486 53.24002 164.7423 -59.87666 53.19139 164.7423 57.63419 95.16409 70.90812 52.14412 93.01483 80.73463 49.42292 85.02395 135.1766 -68.28973 21.16135 58.6551 -84.09763 33.74412 57.2038 -87.53224 51.1642 63.07598 56.39099 122.7587 -155.433 59.19335 120.8277 -131.5773 51.01078 114.6514 -152.1955 -70.11742 86.98689 -160.3175 -65.14365 91.97514 -160.6194 -45.52403 19.50247 119.1562 -0.09550797 19.50247 119.1562 -43.92984 14.6796 59.46502 43.73882 14.6796 59.46502 43.36109 13.08625 -64.7193 -83.40572 33.85737 -63.3395 -85.04366 33.69661 0.979515 -43.55211 13.08625 -64.7193 -66.1879 90.26337 -62.26906 -0.09550398 92.35056 76.20212 -28.96035 93.76057 74.8456 -0.09550595 96.97649 74.03787 -57.8252 95.1706 70.90812 -60.24509 96.43968 68.56141 -0.01194 85.02395 135.1766 -49.61393 85.02395 135.1766 -46.11074 62.24579 131.8392 45.91972 62.24578 131.8392 48.66362 63.41538 80.79062 -48.85463 63.41539 80.79062 14.72917 99.97054 -142.0986 15.94139 101.5931 -136.2243 0.01618599 103.1969 -130.401 14.72916 103.2157 -130.35 11.27701 103.4244 -125.4465 6.110497 103.5992 -122.001 0.01618295 103.6586 -120.6799 -6.078131 103.5992 -122.001 -11.24464 103.4244 -125.4465 -14.69679 103.2157 -130.35 -15.90902 101.5931 -136.2243 -14.69679 99.97054 -142.0987 -11.24463 98.59498 -147.0787 -6.078121 97.67586 -150.4062 0.01619398 97.39173 -151.4395 6.110507 97.67586 -150.4062 11.27702 98.59498 -147.0787 -0.02018797 89.02901 -153.1731 3.916945 92.57449 -152.4808 0.005413949 93.72672 -155.4752 -0.02018898 96.37167 -151.5912 -3.830384 92.64268 -152.4458 68.83666 89.58012 -62.26907 61.15628 91.52544 -62.13865 69.06187 89.02669 64.82589 62.37228 90.43513 63.37841 68.09872 21.16135 58.6551 83.90662 33.74412 57.2038 69.36016 13.68687 0.986814 84.85265 33.69661 0.979516 83.21472 33.85737 -63.3395 -69.55118 13.68687 0.986815 -68.08287 17.93819 -64.89516 0.01659095 74.70487 40.30766 -3.08202 83.91287 43.25166 -0.055736 65.22543 62.1063 3.115204 83.91287 43.25166 -59.39485 79.90517 158.8253 -67.264 71.61086 158.7904 -56.582 122.7587 -155.433 -62.0722 114.6824 -152.209 -51.2018 114.6514 -152.1955 -47.90805 100.1012 -151.9314 28.76934 93.75732 74.8456 60.05407 96.43942 68.56142 -56.17123 95.15662 -93.50143 -58.11696 63.82938 -63.08698 -61.6544 91.52754 -62.13326 -57.43819 63.20794 63.24323 -61.45674 90.43514 63.37841 0.006130993 101.7123 -108.6052 -46.40049 86.64088 -161.5254 -51.18938 91.98189 -161.3565 -52.33513 93.01246 80.73463 -74.42154 90.13618 1.123629 58.49857 108.8474 60.59798 67.89185 17.93819 -64.89516 69.36259 53.56226 -72.54807 86.31718 54.25109 -70.07458 89.05022 51.45451 31.16685 61.92716 26.70728 119.553 45.33302 19.50247 119.1562 60.14155 29.73257 144.9629 -0.09551 27.36715 144.9629 -29.18589 91.63232 82.71954 -0.09550499 90.25221 84.70443 28.99487 91.63352 82.71954 -60.33257 29.73257 144.9629 -0.013686 81.45238 158.8686 -48.88444 81.45238 158.8686 -9.859288 125.486 121.307 9.649237 125.486 121.307 -9.982302 114.2293 122.5637 9.607635 114.2293 122.5637 -9.757437 136.5585 119.7511 9.65606 136.5585 119.7511 -30.23826 125.486 121.307 -27.23438 114.2293 122.5637 -27.23438 136.5585 119.7511 2.4e-5 105.0109 -111.455 0.04434895 91.27763 77.11762 -60.62891 90.10156 -82.27495 58.87564 95.11888 -93.46955 59.68128 63.82816 -63.08755 59.48571 63.20792 63.24323 -69.09726 89.58012 -62.26907 -68.44789 89.02669 64.82589 61.88118 114.6824 -152.209 50.40868 28.16676 -53.01697 -50.59969 28.16676 -53.01697 51.01063 79.59074 164.7424 63.82855 66.96698 164.7363 36.92362 67.04567 164.7363 40.85384 53.24002 164.7423 -28.86649 105.9225 -108.4067 27.04337 136.5585 119.7511 30.04725 125.486 121.307 27.04337 114.2293 122.5637 -62.11818 26.70728 119.553 -45.88351 95.69693 -145.5635 -68.01398 61.37397 -116.9041 -1.905811 50.48455 170.0099 0.02098697 60.50278 126.2314 -1.905811 55.26721 170.6929 -1.905811 62.72217 166.6096 -61.22093 48.19493 10.21611 -1.905811 78.17506 169.7715 -1.905811 70.91945 170.4464 1.759884 78.17506 169.7715 1.759884 70.91943 170.4464 1.759884 62.72216 166.6096 1.759884 55.2672 170.6929 1.759884 50.48456 170.0099 -59.53182 108.8113 60.61066 62.6947 87.62457 75.85219 -60.9451 87.65833 75.91725 59.68564 53.19139 164.7423</float_array>
          <technique_common>
            <accessor source="#polygon2-mesh-positions-array" count="386" stride="3">
              <param name="X" type="float"/>
              <param name="Y" type="float"/>
              <param name="Z" type="float"/>
            </accessor>
          </technique_common>
        </source>
        <source id="polygon2-mesh-normals">
          <float_array id="polygon2-mesh-normals-array" count="1800">0.5406695 0.8412029 0.007368981 0.3351452 0.9378668 -0.08990901 0.4087569 0.8928142 0.1892107 0.5868304 0.7732537 -0.2402266 0.8538663 0.5171569 -0.0588321 0.7824138 0.353446 -0.5127422 0.9952436 -4.89745e-4 -0.09741681 0.8809609 -0.01300418 -0.4730105 0.9263421 -0.3352176 -0.1718127 0.8607398 -0.305437 -0.407229 0.8145833 -0.572337 -0.09425747 -0.2183195 0.8671784 0.4475917 -0.384322 0.9003297 0.2042133 -0.4709819 0.8448963 0.2536264 -0.2437697 0.9653979 0.09264642 -0.09232634 0.9532187 0.2878367 -3.68717e-4 0.9999991 0.001319468 0.09169375 0.9531806 0.2881649 0.2429121 0.965542 0.09339374 0.2168003 0.867873 0.4469835 0.3875061 0.8982907 0.2071543 0.476849 0.8401315 0.2584457 -0.5868317 0.7732529 -0.2402266 -0.3351454 0.9378668 -0.08990848 -0.4099212 0.7436584 -0.5281447 -0.5406689 0.8412032 0.007369577 -0.8538663 0.517157 -0.0588302 -0.6756281 0.6766948 0.2925934 -0.9529881 0.1927954 0.2337602 -0.8392916 0.4163816 0.3495943 -0.9521234 0.02019393 0.3050464 -0.9635171 0.1069346 0.2453566 -0.985178 -0.1481365 0.08648759 0 0.6754153 -0.7374376 -0.004521489 0.9927425 -0.120175 0.1427108 0.6756644 -0.7232644 -0.004506945 0.9927414 -0.1201842 -0.128471 0.6770386 -0.7246475 -0.004520952 0.992739 -0.1202035 -0.09827119 0.9732279 -0.207775 -0.02576279 0.999567 -0.0142191 -0.0554279 0.9982972 0.01818257 0.04074674 0.99748 0.0580824 -0.518371 0.8550414 -0.01399445 -0.3006449 0.9402042 0.1600906 -0.2172732 0.9685706 0.1210924 -0.6235427 0.7676503 0.1480125 -0.9092639 0.3976542 0.1229244 -0.8384454 0.4950097 0.2279796 -0.9812955 0.04618239 0.1868855 -0.9678651 0.009514272 0.2512905 -0.971032 -0.1669174 0.1709838 0.181707 -0.9095672 0.3737246 0.2296118 -0.6249942 0.746097 0.167609 -0.6118064 0.7730461 0.197203 -0.9798225 0.03254312 0.2528756 -0.9555841 -0.1513704 0.2736811 -0.7351153 -0.6202453 0.3361802 -0.8642065 -0.3743396 0.2130649 -0.6629378 -0.7177165 0.675628 0.6766948 0.2925935 0.9529881 0.192796 0.2337592 0.9677959 -0.2412628 0.07185798 0.9131848 -0.4069925 0.02123475 0.4296387 0.1646058 -0.8878713 0.1918224 -0.6352517 0.748104 0.4240831 -0.3451133 0.8372876 0.1918218 -0.1243978 -0.9735141 -0.9758527 0.20821 0.06603068 -0.4394171 0.8611633 0.2555592 -0.1918243 -0.6352631 0.7480938 -0.1918195 -0.124383 -0.9735164 0.439416 0.8611637 0.2555595 -0.4240963 -0.3451007 0.8372861 -0.4296212 0.164604 -0.8878802 0.9758469 0.2082369 0.06603246 -0.3377386 -0.01452374 0.941128 -0.3693814 0.532774 -0.7613863 0.7939211 -0.5822222 -0.1752327 0.3387554 0.9258809 0.1673004 0.5510222 0.8344417 -0.009045064 0.2497833 0.9673396 0.04315477 0.6235424 0.7676506 0.1480126 0.8393676 0.4936698 0.2274917 0.9092636 0.3976547 0.1229246 0.9812955 0.04618197 0.186886 0.9799581 0.1592798 0.119633 2.60845e-5 0.7086447 -0.7055655 0.3377265 -0.01450926 0.9411324 5.44265e-6 0.110952 0.9938259 0.3693814 0.5327735 -0.7613869 5.40796e-6 -0.9547774 -0.2973217 -0.7939278 -0.582214 -0.1752305 0.09203124 0.09876579 -0.9908459 0.2240452 0.1813098 -0.9575649 0 0.08054333 -0.9967512 -0.08246111 0.09886842 -0.9916781 -0.2017178 0.1832406 -0.9621502 -0.05640673 -0.001413047 -0.998407 0 -0.03787791 -0.9992824 0.06311404 -0.001406192 -0.9980054 0.1258346 0.0350334 -0.9914325 -0.9680796 -0.2423119 0.06408399 -0.983577 -0.1623673 0.0788241 -0.9952434 -4.88263e-4 -0.09741842 -0.7824134 0.3534369 -0.5127491 -0.2733107 0.8936905 0.3558351 0.03174453 0.9576328 0.2862372 -0.5912982 0.6862113 0.4236515 0.08344894 0.9964898 0.006654679 0.08344662 0.9964901 0.006650626 -0.1100436 0.9461317 -0.3045085 0.4264038 0.8822225 0.1996577 0.0584104 0.9828126 0.1751217 0.9040945 0.3353788 0.2648287 0.9678649 0.00951457 0.2512907 0.9360859 -0.1721986 0.3067423 0.5275871 -0.8054844 -0.269901 0.5920627 -0.7145499 -0.3726664 0.6411668 -0.7420415 -0.1956515 0.2643952 -0.7228376 -0.6384363 0.06146007 -0.7466014 -0.6624267 -0.312703 -0.5605974 -0.7667773 -0.004624247 -0.6096878 -0.7926282 -0.9131842 -0.4069938 0.02123486 -0.9263416 -0.3352183 -0.1718143 -0.8809617 -0.01300364 -0.4730092 -0.8607397 -0.3054376 -0.4072285 -0.7385056 -0.047172 -0.6725953 -0.6336001 0.534065 -0.559755 -0.7382922 0.1734041 -0.6518095 -0.9862452 0.1628983 0.02801305 -5.99909e-5 0.2532848 -0.9673918 0.6334941 0.5341838 -0.5597615 0.738211 0.1736791 -0.6518284 0.9862452 0.1628983 0.02801036 -0.9874734 0.08679085 -0.1317712 -0.6697121 -0.4003989 -0.625433 -0.9204902 0.2501854 -0.3001752 -0.8497231 0.4443143 -0.2838234 -0.3013312 0.6636971 -0.6846209 0.3170858 0.6808524 -0.6602247 0.1499601 0.8274981 -0.5410721 0.1857783 0.7779461 0.6002386 -0.14351 0.3700962 -0.9178419 -0.489894 -0.617641 0.6152427 -0.4532555 -0.1831424 -0.8723636 -0.6519247 0.08371317 -0.7536488 -0.8962473 -0.3485195 0.2743626 -1.15146e-6 0.1449699 -0.9894361 0.8953312 -0.3471777 0.2790156 0.6517058 0.08251547 -0.7539701 0.2475627 0.6693232 -0.7005136 0.1047347 0.9725048 -0.2080026 0.01752042 0.9998305 -0.005675852 -0.04636877 0.9971435 0.05962294 -0.1972035 -0.9798223 0.03254371 -0.181707 -0.9095672 0.3737244 -0.2296117 -0.6249942 0.746097 -0.2528758 -0.955584 -0.1513705 -0.2736812 -0.7351153 -0.6202452 -0.3361806 -0.8642064 -0.3743392 -0.2130651 -0.6629384 -0.7177159 -0.7511544 -0.5370529 0.3838508 -0.520035 -0.7798899 0.3483326 -0.4161438 -0.864551 0.2817378 -0.8022488 -0.5014461 0.3239578 -0.5200077 -0.7799136 0.34832 -0.7511579 -0.5370456 0.383854 -0.8486717 -0.4641857 0.2535511 -0.8399068 -0.503537 0.2025023 -0.8948378 -0.4125733 0.1704365 0.8486708 -0.4641867 0.2535518 0.8398978 -0.5035313 0.2025535 0.8948372 -0.4125745 0.1704372 0.8022485 -0.5014466 0.3239579 0.7511566 -0.5370505 0.38385 0.5199984 -0.7799203 0.3483191 0.4161416 -0.8645539 0.2817319 0.4866268 0.8244463 0.2889338 0.4258992 0.8221625 0.3777022 -0.3486522 0.7914666 0.5020183 0.2014162 0.8354394 0.5113439 -0.7856897 0.5521317 0.2790022 0.8963013 0.4400153 -0.05505192 0.7539731 0.6320058 0.1791464 0.8111802 0.5846714 -0.01208591 0.8419136 0.4122232 0.3482148 0.9647754 0.2553811 -0.06315845 0.9634851 0.1072417 0.2453481 -0.1488679 -0.8844735 -0.4422048 -0.2210116 -0.5840287 -0.7810662 -0.1405632 -0.5812278 -0.8015088 -0.1485677 -0.9851929 -0.08557343 -0.07735145 -0.9950623 -0.06219244 -0.1170441 -0.9444794 0.3070171 0.4856458 -0.6235888 0.6126053 -0.1918402 0.7702046 0.6082618 0.131762 0.8514102 -0.5076804 0.1696757 0.8978737 -0.4062426 0.2478472 0.9245032 -0.2895957 0.001037478 0.7997463 -0.6003373 0.001538395 0.7252684 -0.6884645 -0.1205627 0.8638024 -0.4891935 -0.5920627 -0.71455 -0.3726664 -0.5275874 -0.8054842 -0.2699012 -0.6411675 -0.7420411 -0.195651 -0.2643972 -0.7228358 -0.6384376 -0.2987737 -0.6188938 -0.7264329 0.669713 -0.4003989 -0.6254321 0.312377 -0.5606772 -0.7668518 -0.061585 -0.7465819 -0.662437 -0.004647433 -0.6096969 -0.7926211 -0.0046404 -0.6096966 -0.7926214 0.983588 -0.162281 0.07886344 0.9521214 0.02018547 0.3050532 -0.8567064 0.5146133 -0.03503471 -0.8938605 0.4472067 -0.03193157 -0.9339329 0.3535673 -0.05253076 -0.8207302 0.5650116 0.0846396 -0.8034211 0.5849705 0.1110138 -0.7825113 0.5873118 0.2067392 1.84958e-6 -0.9898691 0.141983 -9.51924e-6 -0.9898827 0.1418883 -0.2405341 0.9626305 -0.1244421 -0.2366377 0.3496127 -0.9065174 0.4703652 0.876977 0.09832626 0.004773676 0.9402995 0.3403149 0.001335859 0.6272693 0.7788013 6.19056e-5 0.6088678 0.7932717 -2.98396e-6 0.4365887 -0.8996612 -0.04986101 0.4360159 -0.8985567 -0.04987442 0.4360486 -0.8985401 7.46781e-6 0.4365697 -0.8996704 0.04985976 0.4360343 -0.8985478 0.04986482 0.4360272 -0.898551 -0.971818 0.2348232 -0.02068388 -0.9066075 0.4216364 -0.01690274 -0.9885624 0.1398208 0.05652064 -0.9205127 0.3881215 0.04492413 0.117044 -0.9444794 0.3070172 0.1359849 -0.9073545 0.3977637 0.09575301 -0.8398925 0.5342396 0.1485676 -0.9851929 -0.08557319 0.07739299 -0.9950591 -0.06219202 0.1488679 -0.8844735 -0.4422048 0.9695609 0.2440096 -0.02027672 0.9087203 0.4167611 -0.02319329 0.8799015 0.4748197 0.017883 0.6467918 0.5296829 0.5487226 0.7774074 0.5568247 0.2925477 0.5491133 0.8335253 0.06091225 0.3332349 0.7932257 0.5096545 -0.4345585 0.8199423 0.3726308 -0.5497432 0.8339269 0.04846245 -0.6580941 0.5277128 0.5370581 6.42557e-5 0.5912812 0.8064656 -0.1766705 0.8364738 -0.5187475 0.146205 0.3672599 -0.9185555 0.4563276 -0.2262341 -0.8605715 0.6117494 0.395337 -0.6851798 0.738505 -0.04711699 -0.6725999 0.4099734 0.7436428 -0.5281261 0.004271566 0.6395697 0.7687213 0.2534826 0.9597875 -0.1206421 -0.6282798 0.7775982 -0.02460956 0.2528711 0.3704454 -0.8937709 0.9895626 0.132688 0.05621248 0.9892917 0.1287284 0.06878262 0.9940266 0.03114426 0.1046015 0.9171425 0.3964756 0.04070627 0 4.25893e-4 1 0 4.25894e-4 1 0 4.25893e-4 1 -7.65754e-7 4.34728e-4 1 -1.88075e-6 4.34976e-4 1 0.1176189 0.9633779 0.240975 0.1484462 0.9455258 0.2897323 0.02180755 0.9888737 0.1471509 -0.2349852 -0.2975373 0.9253396 -0.281659 -0.2469083 0.9272025 -0.1676092 -0.6118062 0.7730463 -0.8988069 0.4162764 0.1373326 -0.8379723 0.5131332 0.1857331 -0.7979732 0.5859274 0.1411665 -0.8988109 0.4162581 0.137362 -0.6117494 0.3953351 -0.6851809 -0.3170061 0.6807838 -0.6603337 -0.06286448 -0.9962499 0.05945074 4.46011e-6 -0.9837031 0.1798005 -0.1340967 -0.970547 0.2001415 0.06286394 -0.9962495 0.05945616 0.04656964 -0.994437 -0.09447956 -0.9025892 -0.4304168 -0.008606672 -0.9869272 -0.160008 0.01929557 -0.9025864 -0.430423 -0.008604824 -0.9733871 -0.2288021 -0.01293444 -0.9680853 -0.2422916 0.06407636 -0.04656922 -0.9944375 -0.09447473 0.8114637 0.5049959 0.2941188 0.5912927 0.6862211 0.4236432 0.2733017 0.8936934 0.3558349 0.8379721 0.5131336 0.1857331 0.5912881 0.6862236 0.4236456 0.8114553 0.5050115 0.2941151 0.8988139 0.4162673 0.1373137 -3.81842e-7 0.9998939 -0.01457446 -0.04107904 0.6185184 0.7846958 6.07818e-5 0.5912687 0.8064747 -0.06207787 0.5903265 0.8047739 0.01750665 0.9998306 -0.005689024 -0.6804137 0.1920773 -0.7072083 0.6766929 0.2004973 -0.7084403 -6.95182e-6 0.1449327 -0.9894415 0.6766926 0.2004984 -0.7084402 -0.6804044 0.1920847 -0.7072151 -0.7169273 0.04419398 0.6957457 -0.7169314 0.04418092 0.6957426 0.720098 0.05383187 0.6917811 -2.16998e-6 0.9766514 -0.2148302 -3.13763e-6 0.9766514 -0.2148302 4.67524e-7 0.9766515 -0.2148302 2.37022e-6 0.9766463 -0.2148537 3.42354e-6 0.9766463 -0.2148537 2.14658e-6 0.9766463 -0.2148537 -2.86102e-6 0.9766491 -0.214841 -1.25738e-5 0.976649 -0.2148413 1.05873e-5 0.9766491 -0.2148411 -4.92483e-6 0.9766438 -0.2148655 -3.09944e-6 0.9766435 -0.2148661 -1.05165e-5 0.9766437 -0.2148658 -3.46825e-6 0.9766471 -0.21485 -7.77841e-6 0.9766471 -0.21485 -1.63433e-5 0.976647 -0.2148503 7.92742e-6 0.9766476 -0.2148482 5.40224e-4 0.9766471 -0.2148491 -1.25244e-5 0.9766476 -0.2148482 5.05522e-6 0.9766424 -0.2148714 1.05575e-5 0.9766424 -0.2148713 3.1814e-6 0.9766424 -0.2148713 1.26287e-5 0.9766497 -0.2148379 2.87592e-6 0.9766497 -0.2148379 -1.057e-5 0.9766498 -0.2148377 -3.30433e-6 0.9766458 -0.2148562 -2.23448e-6 0.9766457 -0.2148562 -2.02656e-6 0.9766457 -0.2148562 8.90344e-7 0.9766522 -0.2148267 0 0.9766522 -0.2148267 1.97999e-6 0.9766522 -0.2148268 4.56348e-7 0.9766477 -0.2148474 3.27639e-6 0.9766477 -0.2148474 -2.47918e-6 0.9766477 -0.2148474 4.39584e-7 0.9766482 -0.2148445 -2.60398e-6 0.9766483 -0.2148445 -2.00234e-7 0.9766483 -0.2148445 3.56686e-6 0.9766451 -0.214859 -8.39122e-7 0.9766452 -0.214859 -1.64751e-6 0.9766452 -0.214859 1.38488e-6 0.9766453 -0.2148579 1.57619e-4 0.9766454 -0.2148578 -3.8594e-6 0.9766454 -0.2148579 2.5481e-6 0.9766479 -0.2148461 -4.57279e-7 0.9766479 -0.2148461 1.32248e-7 0.9766479 -0.2148461 -0.03718847 0.2338088 -0.9715712 0.6130295 0.1838561 -0.7683695 -0.03150731 -0.4402408 -0.8973268 -0.02452886 0.826524 -0.562367 -0.659337 0.1769632 -0.7307248 0.2361613 0.9633273 0.1273908 0.2361552 0.9633315 0.1273708 0.2418252 0.938139 0.2478219 0.2268432 0.9739182 0.005066931 0.2268605 0.9739142 0.005065739 0.5142279 -0.8574569 0.01836746 0.8982954 -0.4354604 0.05864948 0.4517276 -0.8834424 0.1243856 0.9232363 -0.3840913 -0.01043337 0.9310683 -0.3643186 -0.01959449 -0.5142278 -0.8574569 0.01837211 -0.4516641 -0.8834759 0.1243788 -0.4799563 -0.8747195 -0.06714016 -1.13845e-5 0.306348 0.9519196 -0.7566391 0.5833483 -0.2953003 8.3968e-5 -0.2105848 -0.9775757 0.7570688 0.5832277 -0.2944356 -0.4244247 0.8835762 0.1978805 -0.9032673 0.3382602 0.2639855 -0.003055214 -0.1953938 -0.9807202 -0.003051936 -0.1953884 -0.9807212 9.79503e-5 -0.3708024 -0.9287118 0.005628943 -0.01312571 -0.9998981 0.005847096 -0.01335436 -0.9998938 0.04120135 0.6181755 0.7849597 -0.02576136 0.999567 -0.01422029 0.06217068 0.5899302 0.8050572 0.9831201 0.1350717 0.123412 0.9875864 0.1278648 0.09123462 0.798448 0.3588922 0.4834018 0.9906587 0.136343 -0.002504646 0.9906591 0.1363394 -0.002505183 0 0.9991469 0.04129815 -0.9799584 0.1592789 0.1196328 -0.9892917 0.1287283 0.06878262 -0.8145835 -0.5723368 -0.09425705 0.9167624 0.2547059 -0.3076876 0.8469792 0.447076 -0.2876622 0.9874734 0.08679157 -0.1317709 0.2866845 0.6648556 -0.6897674 -0.911467 0.411356 -0.003774642 -0.8356818 0.5465602 -0.0539276 -0.1045639 0.8661156 0.4887844 -0.2685134 0.7140687 0.6465342 -0.03174388 0.9576328 0.2862374 -0.08373242 0.9964665 0.00658977 0.02242124 -0.08518517 -0.9961128 0.02241021 -0.08513987 -0.996117 -0.8710728 -0.3379425 -0.3564086 0.8874124 0.2759335 -0.3692696 0.05261617 0.9984144 0.0200054 0.05262815 0.9984138 0.02000707 -0.9433395 0.322867 -0.07659941 0.8567062 0.5146135 -0.03503501 0.8938605 0.4472069 -0.03193169 0.82073 0.565012 0.08463907 0.9339329 0.3535678 -0.05253076 0.2209984 -0.58406 -0.7810466 0.2329257 -0.2725114 -0.9335327 0.3139873 -0.2117838 -0.9255052 0.1405631 -0.5812277 -0.8015089 0.4782519 0.4926475 0.7270306 0.4782533 0.4926555 0.7270244 0.481517 0.515345 0.7089153 0.4745599 0.4695413 0.7445294 0.9851868 -0.1481334 0.08639198 0.9659245 -0.2571962 0.02898311 0.9712587 -0.2277855 0.06906741 0.9770417 -0.2042799 -0.06049102 0.9929825 -0.118044 0.007167041 0.9710316 -0.1669197 0.1709843 0.2349852 -0.2975376 0.9253396 0.2816591 -0.2469081 0.9272027 0.5515205 -0.7981473 0.2424583 0.1341169 -0.9705459 0.2001336 0.5885835 -0.7968769 0.1362229 7.81077e-6 -0.9455572 0.3254562 -0.5912929 0.6862197 0.4236451 -0.8114587 0.5049985 0.2941281 -0.2733147 0.8936862 0.355843 0.02923476 0.9705637 0.2390639 6.12705e-5 0.970869 0.2396112 0.02923601 0.9705606 0.2390761 -0.0371223 0.9803676 0.1936529 -0.02923381 0.9706837 0.238576 -0.02923005 0.9706879 0.2385598 0.9581679 -0.2853327 -0.02235227 -0.551527 -0.7981564 0.2424134 0.07719951 0.9892711 0.124029 -1.10592e-6 0.9851276 0.1718245 0 0.9888274 0.1490657 -0.0596354 0.9827438 0.1750953 0 0.11095 0.993826 0 0.1250641 0.9921487 0 0.1250641 0.9921488 0 0.1109499 0.993826 0 0.139153 0.9902709 0 0.1391529 0.9902709 0 0.1109499 0.993826 0 0.1250467 0.9921509 0 0.1391531 0.990271 0.001824438 0.3575596 -0.9338886 -3.4715e-7 0.9997379 0.02289295 -3.60234e-6 0.9997376 0.02291125 -0.03031057 0.9992429 0.02438962 0.0308519 0.9992023 0.02536177 0.4704315 0.876942 0.09832072 0.5515118 -0.7981588 0.2424404 0.5885627 -0.7968893 0.1362411 -0.4848737 0.8251676 0.2898206 -0.4820326 0.8341015 0.2681777 -0.9970388 0.06476914 0.04145693 -0.9968843 -0.0688346 0.03851616 -0.8950021 0.1551515 0.4182096 -0.9968603 0.07904952 0.004578828 -0.2395035 0.9626101 0.1265703 -0.2394822 0.9626145 0.126577 -0.2496344 0.9370492 0.2441756 -0.2258093 0.9741458 0.007082402 0.2408481 -0.4441466 -0.8629751 0.2967911 -0.3774241 -0.8771923 0.2987607 -0.6189096 -0.7264248 0.9114648 0.4113595 -0.003926157 0.8356814 0.5465607 -0.05392706 0.8034211 0.5849705 0.111014 0.7825098 0.5873137 0.2067389 0.8066156 0.5897596 0.03943318 -0.8066229 0.5897496 0.03943401 -0.1126137 0.03508019 -0.9930195 -0.003051698 -0.1953935 -0.9807203 -0.003053307 -0.1953669 -0.9807255 -9.79503e-5 -0.3708024 -0.9287118 -0.005626618 -0.01312947 -0.999898 -0.08372032 0.9964676 0.006593465 -0.8058207 0.5920276 -0.01250869 -0.7095205 0.6566192 0.2557968 0 4.25894e-4 1 0 4.25895e-4 1 0 4.25894e-4 1 1.88612e-6 4.34728e-4 1 -0.9689732 0.2463084 0.02057641 -0.1541807 0.9132116 -0.377191 -0.218448 0.9411752 -0.2578175 1.19509e-7 0.9997377 0.02290552 1.23388e-7 0.9997377 0.02290546 -0.09184825 0.562805 -0.8214709 -3.39374e-6 0.5648724 -0.8251783 0.09185063 0.5620992 -0.8219538 0.9768667 0.2127277 0.02187269 0 0.1391531 0.9902709 0 0.1250469 0.9921509 0 0.1109499 0.993826 -0.2408488 -0.4441465 -0.862975 -0.2967915 -0.3774238 -0.8771922 0.7201006 0.05383008 0.6917786 0.9433398 0.3228662 -0.07659953 2.66125e-6 -0.07505822 0.9971792 3.70434e-6 -0.07507061 0.9971782 -6.94441e-6 -0.07507145 0.9971782 -0.2329257 -0.2725111 -0.9335327 -0.3139871 -0.2117836 -0.9255052 -0.1359851 -0.9073544 0.397764 -0.09575277 -0.8398921 0.5342403 0.8988068 0.4162765 0.1373327 -0.4087567 0.8928144 0.1892102 -0.9989735 -0.001147449 -0.04528391 -0.9989736 -0.001147687 -0.04528337 -0.9989736 -0.001147627 -0.04528355 -0.9989733 -0.001151859 -0.04528754 -0.9989734 -0.001151859 -0.04528641 -0.9989734 -0.001151859 -0.04528731 -0.2086895 0.8331021 0.5122399 -0.9989733 -0.00115025 -0.0452882 -0.9990118 0.009017586 -0.04352277 -0.9989747 -0.001194119 -0.04525572 -0.9989732 -0.00113815 -0.04529088 -0.9940266 0.03113782 0.1046022 -0.8714098 -0.4860221 0.06654077 0.9991618 0.005784153 -0.04052501 0.9991618 0.005784094 -0.04052531 0.9991618 0.005784213 -0.04052478 0.9991614 0.005810856 -0.04053193 0.9991614 0.005811393 -0.04052972 0.9991615 0.005811214 -0.04053056 0.9990648 -0.009184002 -0.04225468 0.9991615 0.005814075 -0.04052835 0.9991615 0.0058133 -0.04052907 0.999162 0.005797207 -0.04051917 -0.5886237 -0.7968482 0.1362176 -0.9360764 -0.1722002 0.3067707 -0.2232742 0.6746442 -0.7035651 -0.04949438 -0.07841753 -0.9956912 -0.04952925 -0.07846987 -0.9956854 0.8694081 -0.3016269 -0.3913449 -0.906057 0.2435458 -0.3460435 -0.4766736 0.4822853 0.7349717 -0.4766741 0.4822849 0.7349714 -0.4785006 0.4940878 0.7258887 -0.4747369 0.4703556 0.7439022 -0.4766758 0.4823055 0.7349569 -0.4766759 0.4823055 0.7349569 0.9688555 -0.2255083 0.1022991 0.1824856 -0.6630808 0.7259634 -0.7232884 0.1216143 -0.6797529 0.06135612 0.9863079 0.1530762 0.06135612 0.9863079 0.1530762 0.06135612 0.9863078 0.1530762 -0.06078034 0.9865211 0.1519277 -0.06078028 0.9865211 0.1519277 -0.06078028 0.9865211 0.1519277 0.2987746 -0.6189045 -0.7264235 0.9689731 0.2463086 0.02057653 1.88075e-6 4.34976e-4 1 -0.7385005 -0.04716485 -0.6726014 -0.9886025 -0.1206607 0.09003454 0.1103578 0.9459949 -0.3048196 2.41078e-6 -0.9748018 -0.2230725 -0.9688554 -0.2255082 0.1023003 -0.1824859 -0.6630803 0.7259638 0.7229372 0.1204723 -0.6803295 0.7979731 0.5859274 0.141167 -0.4516599 -0.8834745 0.1244029 0.9886026 -0.1206609 0.09003394 0.4799786 -0.8747081 -0.06713092 0.4799798 -0.8747055 -0.06715548 -0.9968625 0.0790205 0.004573345 -0.2258565 0.9741349 0.007079184 -0.005846858 -0.01335406 -0.9998938 -4.56348e-7 0.9766482 -0.2148453 5.06639e-7 0.9766481 -0.2148452 -4.25242e-6 0.9766482 -0.2148453</float_array>
          <technique_common>
            <accessor source="#polygon2-mesh-normals-array" count="600" stride="3">
              <param name="X" type="float"/>
              <param name="Y" type="float"/>
              <param name="Z" type="float"/>
            </accessor>
          </technique_common>
        </source>
        <source id="polygon2-mesh-map-0">
          <float_array id="polygon2-mesh-map-0-array" count="3564">0.8728027 0.9776611 0.8632813 0.9934082 0.9400635 1.026001 0.824585 0.9584961 0.8632813 0.9934082 0.8728027 0.9776611 0.8647461 0.8608398 0.824585 0.9584961 0.8728027 0.9776611 0.807373 0.8994141 0.824585 0.9584961 0.8647461 0.8608398 0.8702393 0.7906494 0.807373 0.8994141 0.8647461 0.8608398 0.8187256 0.7956543 0.807373 0.8994141 0.8702393 0.7906494 0.8533936 0.7342529 0.8187256 0.7956543 0.8702393 0.7906494 0.8299561 0.7687988 0.8187256 0.7956543 0.8533936 0.7342529 0.8364258 0.7574463 0.8299561 0.7687988 0.8533936 0.7342529 -0.09936523 -0.1583251 -0.1947021 -0.2156982 -0.1970215 -0.2388916 -0.1821289 -0.1448975 -0.1947021 -0.2156982 -0.09936523 -0.1583251 -0.1188965 -0.06018066 -0.1821289 -0.1448975 -0.09936523 -0.1583251 -0.182373 -0.002807617 -0.1821289 -0.1448975 -0.1188965 -0.06018066 -0.1188965 0.05554199 -0.182373 -0.002807617 -0.1188965 -0.06018066 -0.1821289 0.137207 -0.182373 -0.002807617 -0.1188965 0.05554199 -0.09936523 0.1564941 -0.1821289 0.137207 -0.1188965 0.05554199 -0.1931152 0.2088623 -0.1821289 0.137207 -0.09936523 0.1564941 -0.1954346 0.2338867 -0.1931152 0.2088623 -0.09936523 0.1564941 0.824585 0.9584961 0.8632813 0.9934082 0.8310547 0.9703369 0.8728027 0.9776611 0.8632813 0.9934082 0.824585 0.9584961 0.8647461 0.8608398 0.8728027 0.9776611 0.824585 0.9584961 0.9467773 0.8961182 0.8728027 0.9776611 0.8647461 0.8608398 0.9447021 0.7877197 0.9467773 0.8961182 0.8647461 0.8608398 0.9991455 0.800415 0.9467773 0.8961182 0.9447021 0.7877197 0.9858398 0.7330322 0.9991455 0.800415 0.9447021 0.7877197 0.987915 0.7583008 0.9991455 0.800415 0.9858398 0.7330322 0.9769287 0.7359619 0.987915 0.7583008 0.9858398 0.7330322 0.2493896 0.3172607 0.3543701 0.5172119 0.3474121 0.3172607 0.2495117 0.5172119 0.3543701 0.5172119 0.2493896 0.3172607 0.3474121 0.3172607 0.2495117 0.5172119 0.2493896 0.3172607 0.3543701 0.5172119 0.2495117 0.5172119 0.3474121 0.3172607 0.4215088 0.5356445 0.3543701 0.5172119 0.3474121 0.3172607 0.3928223 0.6265869 0.3543701 0.5172119 0.4215088 0.5356445 0.4224854 0.6463623 0.3928223 0.6265869 0.4215088 0.5356445 0.361084 0.694458 0.3928223 0.6265869 0.4224854 0.6463623 1.572266 0.4605713 1.337769 0.4862061 1.551758 0.479248 1.412598 0.3891602 1.337769 0.4862061 1.572266 0.4605713 1.470337 0.3460693 1.412598 0.3891602 1.572266 0.4605713 1.31958 0.31604 1.412598 0.3891602 1.470337 0.3460693 1.450806 0.2259521 1.31958 0.31604 1.470337 0.3460693 1.314819 0.1834717 1.31958 0.31604 1.450806 0.2259521 1.428345 0.1782227 1.314819 0.1834717 1.450806 0.2259521 1.052368 0.2797852 1.04541 0.2459717 1.043823 0.2792969 1.055298 0.248291 1.04541 0.2459717 1.052368 0.2797852 1.036499 0.2802734 1.055298 0.248291 1.052368 0.2797852 1.044678 0.2475586 1.055298 0.248291 1.036499 0.2802734 1.039307 0.2807617 1.044678 0.2475586 1.036499 0.2802734 1.045044 0.2821045 1.044678 0.2475586 1.039307 0.2807617 0.9467773 0.8961182 0.8728027 0.9776611 0.9400635 1.026001 0.8647461 0.8608398 0.8728027 0.9776611 0.9467773 0.8961182 0.9447021 0.7877197 0.8647461 0.8608398 0.9467773 0.8961182 0.8702393 0.7906494 0.8647461 0.8608398 0.9447021 0.7877197 0.9172363 0.7485352 0.8702393 0.7906494 0.9447021 0.7877197 0.8648682 0.7337646 0.8702393 0.7906494 0.9172363 0.7485352 0.9348145 -0.6717529 0.9077148 -0.5203857 0.9077148 -0.6680908 0.9348145 -0.5239258 0.9077148 -0.5203857 0.9348145 -0.6717529 0.8917236 -0.6680908 0.9348145 -0.5239258 0.9348145 -0.6717529 0.8917236 -0.5203857 0.9348145 -0.5239258 0.8917236 -0.6680908 0.8834229 -0.6680908 0.8917236 -0.5203857 0.8917236 -0.6680908 0.8834229 -0.5203857 0.8917236 -0.5203857 0.8834229 -0.6680908 0.9348145 -0.6717529 0.9077148 -0.5203857 0.9077148 -0.6680908 0.9348145 -0.5239258 0.9077148 -0.5203857 0.9348145 -0.6717529 0.8917236 -0.6680908 0.9348145 -0.5239258 0.9348145 -0.6717529 0.8917236 -0.5203857 0.9348145 -0.5239258 0.8917236 -0.6680908 0.8834229 -0.6680908 0.8917236 -0.5203857 0.8917236 -0.6680908 0.8834229 -0.5203857 0.8917236 -0.5203857 0.8834229 -0.6680908 0.9348145 -0.6717529 0.9077148 -0.5203857 0.9077148 -0.6680908 0.9348145 -0.5239258 0.9077148 -0.5203857 0.9348145 -0.6717529 0.8917236 -0.6680908 0.9348145 -0.5239258 0.9348145 -0.6717529 0.8917236 -0.5203857 0.9348145 -0.5239258 0.8917236 -0.6680908 0.8834229 -0.6680908 0.8917236 -0.5203857 0.8917236 -0.6680908 0.8834229 -0.5203857 0.8917236 -0.5203857 0.8834229 -0.6680908 0.9348145 -0.6717529 0.9077148 -0.5203857 0.9077148 -0.6680908 0.9348145 -0.5239258 0.9077148 -0.5203857 0.9348145 -0.6717529 0.8917236 -0.6680908 0.9348145 -0.5239258 0.9348145 -0.6717529 0.8917236 -0.5203857 0.9348145 -0.5239258 0.8917236 -0.6680908 0.8834229 -0.6680908 0.8917236 -0.5203857 0.8917236 -0.6680908 0.8834229 -0.5203857 0.8917236 -0.5203857 0.8834229 -0.6680908 1.337769 0.4862061 1.572266 0.4605713 1.551758 0.479248 1.412598 0.3891602 1.572266 0.4605713 1.337769 0.4862061 1.31958 0.31604 1.412598 0.3891602 1.337769 0.4862061 1.470337 0.3460693 1.412598 0.3891602 1.31958 0.31604 1.450806 0.2259521 1.470337 0.3460693 1.31958 0.31604 1.486328 0.260498 1.470337 0.3460693 1.450806 0.2259521 0.9348145 -0.6717529 0.9077148 -0.5203857 0.9077148 -0.6680908 0.9348145 -0.5239258 0.9077148 -0.5203857 0.9348145 -0.6717529 0.8917236 -0.6680908 0.9348145 -0.5239258 0.9348145 -0.6717529 0.8917236 -0.5203857 0.9348145 -0.5239258 0.8917236 -0.6680908 0.8834229 -0.6680908 0.8917236 -0.5203857 0.8917236 -0.6680908 0.8834229 -0.5203857 0.8917236 -0.5203857 0.8834229 -0.6680908 0.9348145 -0.6717529 0.9077148 -0.5203857 0.9077148 -0.6680908 0.9348145 -0.5239258 0.9077148 -0.5203857 0.9348145 -0.6717529 0.8917236 -0.6680908 0.9348145 -0.5239258 0.9348145 -0.6717529 0.8917236 -0.5203857 0.9348145 -0.5239258 0.8917236 -0.6680908 0.8834229 -0.6680908 0.8917236 -0.5203857 0.8917236 -0.6680908 0.8834229 -0.5203857 0.8917236 -0.5203857 0.8834229 -0.6680908 0.3514404 0.177124 0.3474121 0.3172607 0.4278564 0.1794434 0.2493896 0.3172607 0.3474121 0.3172607 0.3514404 0.177124 0.2521973 0.177124 0.2493896 0.3172607 0.3514404 0.177124 0.3474121 0.3172607 0.2493896 0.3172607 0.2521973 0.177124 0.3514404 0.177124 0.3474121 0.3172607 0.2521973 0.177124 0.4278564 0.1794434 0.3474121 0.3172607 0.3514404 0.177124 1.007446 -0.4864502 0.835083 -0.2731934 0.835083 -0.4864502 1.007446 -0.2731934 0.835083 -0.2731934 1.007446 -0.4864502 1.165894 -0.4864502 1.007446 -0.2731934 1.007446 -0.4864502 1.165894 -0.2731934 1.007446 -0.2731934 1.165894 -0.4864502 1.23584 -0.4864502 1.165894 -0.2731934 1.165894 -0.4864502 1.236328 -0.2518311 1.165894 -0.2731934 1.23584 -0.4864502 0.9348145 -0.6717529 0.9077148 -0.5203857 0.9077148 -0.6680908 0.9348145 -0.5239258 0.9077148 -0.5203857 0.9348145 -0.6717529 0.8917236 -0.6680908 0.9348145 -0.5239258 0.9348145 -0.6717529 0.8917236 -0.5203857 0.9348145 -0.5239258 0.8917236 -0.6680908 0.8834229 -0.6680908 0.8917236 -0.5203857 0.8917236 -0.6680908 0.8834229 -0.5203857 0.8917236 -0.5203857 0.8834229 -0.6680908 0.9447021 0.7877197 0.9172363 0.7485352 0.9519043 0.7049561 0.8702393 0.7906494 0.9172363 0.7485352 0.9447021 0.7877197 0.8647461 0.8608398 0.8702393 0.7906494 0.9447021 0.7877197 0.807373 0.8994141 0.8702393 0.7906494 0.8647461 0.8608398 0.824585 0.9584961 0.807373 0.8994141 0.8647461 0.8608398 0.4376221 0.9951172 0.4378662 1.005981 0.4367676 0.9974365 0.6208496 1.022583 0.4378662 1.005981 0.4376221 0.9951172 0.6208496 0.9724121 0.6208496 1.022583 0.4376221 0.9951172 0.8052979 1.022339 0.6208496 1.022583 0.6208496 0.9724121 0.8225098 0.972168 0.8052979 1.022339 0.6208496 0.9724121 1.268066 0.3792725 1.337769 0.4862061 1.268188 0.4671631 1.31958 0.31604 1.337769 0.4862061 1.268066 0.3792725 1.267944 0.2904053 1.31958 0.31604 1.268066 0.3792725 1.314819 0.1834717 1.31958 0.31604 1.267944 0.2904053 1.265991 0.1878662 1.314819 0.1834717 1.267944 0.2904053 0.4783936 0.5703125 0.496582 0.6727295 0.4783936 0.6602783 0.4901123 0.5771484 0.496582 0.6727295 0.4783936 0.5703125 0.5240479 0.5352783 0.4901123 0.5771484 0.4783936 0.5703125 0.5515137 0.6051025 0.4901123 0.5771484 0.5240479 0.5352783 0.5576172 0.6075439 0.5515137 0.6051025 0.5240479 0.5352783 0.8702393 0.7906494 0.8648682 0.7337646 0.9172363 0.7485352 0.8533936 0.7342529 0.8648682 0.7337646 0.8702393 0.7906494 0.8187256 0.7956543 0.8533936 0.7342529 0.8702393 0.7906494 0.8299561 0.7687988 0.8533936 0.7342529 0.8187256 0.7956543 0.817749 0.7855225 0.8299561 0.7687988 0.8187256 0.7956543 1.009277 0.5708008 1.009399 0.572876 1.009033 0.5780029 0.989624 0.5722656 1.009399 0.572876 1.009277 0.5708008 1.009277 0.5708008 0.989624 0.5722656 1.009277 0.5708008 1.009399 0.572876 0.989624 0.5722656 1.009277 0.5708008 1.009033 0.5780029 1.009399 0.572876 1.009277 0.5708008 0.4971924 0.8470459 0.5113525 0.8099365 0.4978027 0.7963867 0.5111084 0.8503418 0.5113525 0.8099365 0.4971924 0.8470459 0.4970703 0.8604736 0.5111084 0.8503418 0.4971924 0.8470459 0.5108643 0.8503418 0.5111084 0.8503418 0.4970703 0.8604736 0.5100098 0.8503418 0.5108643 0.8503418 0.4970703 0.8604736 -0.1323242 0.1662598 -0.1303711 -0.1572266 -0.1010742 -0.154541 -0.08361816 -0.1574707 -0.1303711 -0.1572266 -0.1323242 0.1662598 -0.08557128 0.1660156 -0.08361816 -0.1574707 -0.1323242 0.1662598 -0.1010742 -0.154541 -0.08361816 -0.1574707 -0.08557128 0.1660156 -0.1323242 0.1662598 -0.1010742 -0.154541 -0.08557128 0.1660156 -0.1323242 0.1662598 -0.1303711 -0.1572266 -0.1010742 -0.154541 -0.08361816 -0.1574707 -0.1303711 -0.1572266 -0.1323242 0.1662598 -0.08557128 0.1660156 -0.08361816 -0.1574707 -0.1323242 0.1662598 -0.1010742 -0.154541 -0.08361816 -0.1574707 -0.08557128 0.1660156 -0.1323242 0.1662598 -0.1010742 -0.154541 -0.08557128 0.1660156 0.3474121 0.3172607 0.4243164 0.3189697 0.4278564 0.1794434 0.4215088 0.5356445 0.4243164 0.3189697 0.3474121 0.3172607 0.3543701 0.5172119 0.4215088 0.5356445 0.3474121 0.3172607 0.3928223 0.6265869 0.4215088 0.5356445 0.3543701 0.5172119 0.361084 0.694458 0.3928223 0.6265869 0.3543701 0.5172119 1.055298 0.248291 1.052368 0.2797852 1.04541 0.2459717 1.036499 0.2802734 1.052368 0.2797852 1.055298 0.248291 1.044678 0.2475586 1.036499 0.2802734 1.055298 0.248291 1.039307 0.2807617 1.036499 0.2802734 1.044678 0.2475586 1.045044 0.2821045 1.039307 0.2807617 1.044678 0.2475586 1.265991 0.1878662 1.284302 0.1043701 1.271118 0.1064453 1.302246 0.1104736 1.284302 0.1043701 1.265991 0.1878662 1.314819 0.1834717 1.302246 0.1104736 1.265991 0.1878662 1.429565 0.09460449 1.302246 0.1104736 1.314819 0.1834717 1.428345 0.1782227 1.429565 0.09460449 1.314819 0.1834717 1.314819 0.1834717 1.429565 0.09460449 1.428345 0.1782227 1.302246 0.1104736 1.429565 0.09460449 1.314819 0.1834717 1.265991 0.1878662 1.302246 0.1104736 1.314819 0.1834717 1.284302 0.1043701 1.302246 0.1104736 1.265991 0.1878662 1.271118 0.1064453 1.284302 0.1043701 1.265991 0.1878662 -0.09936523 0.1564941 -0.1625977 0.2487792 -0.1954346 0.2338867 -0.1101074 0.2818604 -0.1625977 0.2487792 -0.09936523 0.1564941 -0.05102539 0.182373 -0.1101074 0.2818604 -0.09936523 0.1564941 -0.01892089 0.2589111 -0.1101074 0.2818604 -0.05102539 0.182373 -0.01892089 0.1524658 -0.01892089 0.2589111 -0.05102539 0.182373 1.453369 0.8659668 1.56311 0.9781494 1.365601 0.9786377 1.56311 0.8668213 1.56311 0.9781494 1.453369 0.8659668 1.453369 0.6774902 1.56311 0.8668213 1.453369 0.8659668 1.56311 0.6782227 1.56311 0.8668213 1.453369 0.6774902 1.041382 0.2823486 1.048584 0.2445068 1.051147 0.2839355 1.050903 0.2445068 1.048584 0.2445068 1.041382 0.2823486 1.051636 0.2823486 1.050903 0.2445068 1.041382 0.2823486 1.039429 0.2830811 1.050903 0.2445068 1.051636 0.2823486 0.2119141 0.1883545 0.2055664 0.220459 0.2055664 0.1958008 0.2119141 0.2272949 0.2055664 0.220459 0.2119141 0.1883545 0.2188721 0.1961669 0.2119141 0.2272949 0.2119141 0.1883545 0.21875 0.2181396 0.2119141 0.2272949 0.2188721 0.1961669 1.262207 0.2984619 1.195068 0.3306885 1.238037 0.3305664 0.9995117 0.3363037 1.195068 0.3306885 1.262207 0.2984619 0.9985352 0.3018799 0.9995117 0.3363037 1.262207 0.2984619 0.7409668 0.2999268 0.9995117 0.3363037 0.9985352 0.3018799 0.496582 0.6727295 0.4783936 0.5703125 0.4783936 0.6602783 0.4901123 0.5771484 0.4783936 0.5703125 0.496582 0.6727295 0.5140381 0.6992188 0.4901123 0.5771484 0.496582 0.6727295 0.5152588 0.6984863 0.4901123 0.5771484 0.5140381 0.6992188 0.5515137 0.6051025 0.4901123 0.5771484 0.5152588 0.6984863 0.5240479 0.5352783 0.4901123 0.5771484 0.5515137 0.6051025 0.5576172 0.6075439 0.5240479 0.5352783 0.5515137 0.6051025 0.5576172 0.6075439 0.5240479 0.5352783 0.5576172 0.6075439 0.9447021 0.7877197 0.9519043 0.7049561 0.9172363 0.7485352 0.9858398 0.7330322 0.9519043 0.7049561 0.9447021 0.7877197 0.9991455 0.800415 0.9858398 0.7330322 0.9447021 0.7877197 0.987915 0.7583008 0.9858398 0.7330322 0.9991455 0.800415 0.4731445 0.8137207 0.4555664 0.7663574 0.4819336 0.8482666 0.4555664 0.8026123 0.4555664 0.7663574 0.4731445 0.8137207 0.4665527 0.8276367 0.4555664 0.8026123 0.4731445 0.8137207 0.4555664 0.8582764 0.4555664 0.8026123 0.4665527 0.8276367 2.246826 -0.4261475 2.249146 -0.6872559 2.246826 -0.677124 2.249146 -0.4261475 2.249146 -0.6872559 2.246826 -0.4261475 2.246826 -0.6768799 2.249146 -0.4261475 2.246826 -0.4261475 2.249146 -0.6870117 2.249146 -0.4261475 2.246826 -0.6768799 0.1945801 0.5175781 0.241333 0.5161133 0.2011719 0.4959717 0.1921387 0.6280518 0.241333 0.5161133 0.1945801 0.5175781 0.2364502 0.5167236 0.1921387 0.6280518 0.1945801 0.5175781 0.2364502 0.6269531 0.1921387 0.6280518 0.2364502 0.5167236 -0.001464843 1.003296 0.1838379 0.2219238 0.001220703 0.2314453 0.1855469 1.005249 0.1838379 0.2219238 -0.001464843 1.003296 0.001220703 0.2314453 0.1855469 1.005249 -0.001464843 1.003296 0.1838379 0.2219238 0.1855469 1.005249 0.001220703 0.2314453 1.36731 0.677002 1.56311 0.8668213 1.56311 0.6782227 1.36731 0.8653564 1.56311 0.8668213 1.36731 0.677002 1.195801 0.6781006 1.36731 0.8653564 1.36731 0.677002 1.195801 0.8641357 1.36731 0.8653564 1.195801 0.6781006 1.039429 0.2830811 1.033691 0.2445068 1.030518 0.2827148 1.050903 0.2445068 1.033691 0.2445068 1.039429 0.2830811 1.051636 0.2823486 1.050903 0.2445068 1.039429 0.2830811 1.041382 0.2823486 1.050903 0.2445068 1.051636 0.2823486 0.7199707 0.8626709 0.6334229 0.6806641 0.7248535 0.6806641 0.6334229 0.8626709 0.6334229 0.6806641 0.7199707 0.8626709 0.6329346 0.9790039 0.6334229 0.8626709 0.7199707 0.8626709 0.5484619 0.8626709 0.6334229 0.8626709 0.6329346 0.9790039 -0.05065917 -0.1254883 -0.01892089 -0.157959 -0.01892089 -0.1259766 -0.05102539 -0.1827393 -0.01892089 -0.157959 -0.05065917 -0.1254883 -0.09936523 -0.1583251 -0.05102539 -0.1827393 -0.05065917 -0.1254883 -0.1131592 -0.27771 -0.05102539 -0.1827393 -0.09936523 -0.1583251 -0.01892089 0.1204833 -0.05065917 -0.1254883 -0.01892089 -0.1259766 -0.05065917 0.1251221 -0.05065917 -0.1254883 -0.01892089 0.1204833 -0.01892089 0.1524658 -0.05065917 0.1251221 -0.01892089 0.1204833 -0.05102539 0.182373 -0.05065917 0.1251221 -0.01892089 0.1524658 -0.09936523 0.1564941 -0.05065917 0.1251221 -0.05102539 0.182373 -0.09362792 -0.002441406 -0.05065917 0.1251221 -0.09936523 0.1564941 -0.1188965 0.05554199 -0.09362792 -0.002441406 -0.09936523 0.1564941 -0.1188965 -0.06018066 -0.09362792 -0.002441406 -0.1188965 0.05554199 -0.08557128 0.1660156 -0.1010742 -0.154541 -0.08361816 -0.1574707 -0.1323242 0.1662598 -0.1010742 -0.154541 -0.08557128 0.1660156 -0.08361816 -0.1574707 -0.1323242 0.1662598 -0.08557128 0.1660156 -0.1303711 -0.1572266 -0.1323242 0.1662598 -0.08361816 -0.1574707 0.5096436 0.8503418 0.4980469 0.848999 0.5106201 0.8101807 0.4973145 0.8603516 0.4980469 0.848999 0.5096436 0.8503418 0.5100098 0.8503418 0.4973145 0.8603516 0.5096436 0.8503418 0.4970703 0.8604736 0.4973145 0.8603516 0.5100098 0.8503418 0.2364502 0.7460938 0.1921387 0.6280518 0.2364502 0.6269531 0.1960449 0.7469482 0.1921387 0.6280518 0.2364502 0.7460938 0.2023926 0.7775879 0.1960449 0.7469482 0.2364502 0.7460938 0.241333 0.7453613 0.1960449 0.7469482 0.2023926 0.7775879 1.195801 0.6781006 1.147827 0.730835 1.180054 0.6766357 1.195801 0.8641357 1.147827 0.730835 1.195801 0.6781006 1.2771 0.8647461 1.195801 0.8641357 1.195801 0.6781006 0.1783447 0.204834 0.229248 0.2597656 0.229248 0.1533203 0.2103271 0.2738037 0.229248 0.2597656 0.1783447 0.204834 0.1784667 0.2385254 0.2103271 0.2738037 0.1783447 0.204834 0.6916504 0.1054688 0.6907959 -0.09655761 0.6434326 0.001708984 0.7537842 -0.07336425 0.6907959 -0.09655761 0.6916504 0.1054688 0.7539063 0.07507324 0.7537842 -0.07336425 0.6916504 0.1054688 1.212891 1.092407 1.259766 1.119873 1.250366 1.144287 1.250366 1.06897 1.259766 1.119873 1.212891 1.092407 1.212891 1.06897 1.250366 1.06897 1.212891 1.092407 1.04541 0.2459717 0.9902344 0.2799072 0.9915771 0.2730713 1.043823 0.2792969 0.9902344 0.2799072 1.04541 0.2459717 1.052368 0.2797852 1.043823 0.2792969 1.04541 0.2459717 0.4692383 0.7711182 0.4555664 0.7663574 0.4555664 0.7467041 0.4699707 0.8546143 0.4555664 0.7663574 0.4692383 0.7711182 0.4818115 0.8481445 0.4699707 0.8546143 0.4692383 0.7711182 0.4973145 0.8603516 0.4980469 0.848999 0.4849854 0.8621826 0.5096436 0.8503418 0.4980469 0.848999 0.4973145 0.8603516 0.5100098 0.8503418 0.5096436 0.8503418 0.4973145 0.8603516 -0.3099365 1.217896 -0.2515869 0.9996338 -0.2515869 1.217896 -0.3099365 0.7813721 -0.2515869 0.9996338 -0.3099365 1.217896 -0.369751 0.7813721 -0.3099365 0.7813721 -0.3099365 1.217896 1.36731 0.5040283 1.56311 0.6782227 1.56311 0.505127 1.36731 0.677002 1.56311 0.6782227 1.36731 0.5040283 1.195801 0.6781006 1.36731 0.677002 1.36731 0.5040283 -0.369751 0.7813721 -0.4294434 1.217896 -0.4294434 0.7813721 -0.369751 1.217896 -0.4294434 1.217896 -0.369751 0.7813721 -0.3099365 1.217896 -0.369751 1.217896 -0.369751 0.7813721 0.4664307 0.8548584 0.4555664 0.8026123 0.4555664 0.8575439 0.4555664 0.7663574 0.4555664 0.8026123 0.4664307 0.8548584 0.4699707 0.8546143 0.4555664 0.7663574 0.4664307 0.8548584 0.480835 0.8146973 0.4981689 0.8243408 0.480835 0.8146973 0.5153809 0.8341064 0.4981689 0.8243408 0.480835 0.8146973 0.5153809 0.8341064 0.5153809 0.8341064 0.480835 0.8146973 0.5301514 0.8642578 0.5301514 0.8642578 0.5301514 0.8642578 0.5300293 0.8658447 0.5301514 0.8642578 0.5301514 0.8642578 0.5300293 0.8658447 0.5300293 0.8658447 0.5301514 0.8642578 0.5325928 0.8845215 0.5300293 0.8658447 0.5301514 0.8642578 0.5316162 0.8812256 0.5300293 0.8658447 0.5325928 0.8845215 0.5316162 0.8812256 0.5316162 0.8812256 0.5325928 0.8845215 0.6343994 0.8380127 0.5494385 0.7519531 0.5559082 0.6727295 0.5559082 0.8387451 0.5494385 0.7519531 0.6343994 0.8380127 0.5743408 0.8939209 0.5559082 0.8387451 0.6343994 0.8380127 0.6343994 0.8380127 0.6019287 0.9379883 0.5743408 0.8939209 0.6343994 0.9516602 0.6019287 0.9379883 0.6343994 0.8380127 0.6668701 0.9379883 0.6343994 0.9516602 0.6343994 0.8380127 0.6343994 0.8380127 0.694458 0.8939209 0.6668701 0.9379883 0.7128906 0.8387451 0.694458 0.8939209 0.6343994 0.8380127 0.7192383 0.7519531 0.7128906 0.8387451 0.6343994 0.8380127 0.6343994 0.8380127 0.7128906 0.6727295 0.7192383 0.7519531 0.694458 0.6054688 0.7128906 0.6727295 0.6343994 0.8380127 0.6668701 0.5606689 0.694458 0.6054688 0.6343994 0.8380127 0.6343994 0.8380127 0.6343994 0.5467529 0.6668701 0.5606689 0.6019287 0.5606689 0.6343994 0.5467529 0.6343994 0.8380127 0.5743408 0.6054688 0.6019287 0.5606689 0.6343994 0.8380127 0.4770508 0.1453857 0.5029297 0.1452637 0.4803467 0.1052246 0.4770508 0.1948242 0.5029297 0.1452637 0.4770508 0.1453857 0.4570313 0.1455078 0.4770508 0.1948242 0.4770508 0.1453857 0.1882324 0.9697266 0.2097167 0.9698486 0.2059326 1.052734 0.2097167 0.2454833 0.2097167 0.9698486 0.1882324 0.9697266 0.1882324 0.2454833 0.2097167 0.2454833 0.1882324 0.9697266 1.270874 -0.5272217 1.241211 -0.4989014 1.241211 -0.5272217 1.270874 -0.5004883 1.241211 -0.4989014 1.270874 -0.5272217 1.30481 -0.4974365 1.270874 -0.5004883 1.270874 -0.5272217 0.399292 1.016479 0.3596191 1.125366 0.3991699 1.125366 0.3596191 0.8806152 0.3596191 1.125366 0.399292 1.016479 0.399292 0.8806152 0.3596191 0.8806152 0.399292 1.016479 -0.09362792 -0.002441406 -0.05065917 -0.1254883 -0.05065917 0.1251221 -0.09936523 -0.1583251 -0.05065917 -0.1254883 -0.09362792 -0.002441406 -0.1188965 -0.06018066 -0.09936523 -0.1583251 -0.09362792 -0.002441406 0.9467773 0.8961182 0.9991455 0.800415 0.9447021 0.7877197 0.9940186 0.9749756 0.9991455 0.800415 0.9467773 0.8961182 0.9400635 1.026001 0.9940186 0.9749756 0.9467773 0.8961182 0.03942871 0.2739258 0.1494141 0.2770996 0.1474609 0.276123 0.1494141 0.2752686 0.1494141 0.2770996 0.03942871 0.2739258 0.1474609 0.276123 0.1494141 0.2752686 0.03942871 0.2739258 1.470337 0.3460693 1.572266 0.4605713 1.412598 0.3891602 1.565186 0.3869629 1.572266 0.4605713 1.470337 0.3460693 1.505981 0.2683105 1.565186 0.3869629 1.470337 0.3460693 1.31958 0.31604 1.337769 0.4862061 1.412598 0.3891602 1.268066 0.3691406 1.337769 0.4862061 1.31958 0.31604 1.267944 0.2904053 1.268066 0.3691406 1.31958 0.31604 0.9470215 0.2208251 0.9051514 0.2209473 0.9246826 0.2634277 0.8845215 0.09594726 0.9051514 0.2209473 0.9470215 0.2208251 0.9689942 0.09655761 0.8845215 0.09594726 0.9470215 0.2208251 0.4981689 0.8243408 0.480835 0.8146973 0.480835 0.8146973 0.5153809 0.8341064 0.480835 0.8146973 0.4981689 0.8243408 0.5153809 0.8341064 0.5153809 0.8341064 0.4981689 0.8243408 0.2424316 0.9697266 0.1862792 0.9697266 0.1865234 1.060059 0.1860352 0.2454833 0.1862792 0.9697266 0.2424316 0.9697266 0.2424316 0.2454833 0.1860352 0.2454833 0.2424316 0.9697266 0.2495117 0.5172119 0.361084 0.694458 0.3543701 0.5172119 0.2484131 0.694458 0.361084 0.694458 0.2495117 0.5172119 0.3543701 0.5172119 0.2484131 0.694458 0.2495117 0.5172119 1.470337 0.3460693 1.486328 0.260498 1.450806 0.2259521 1.505981 0.2683105 1.486328 0.260498 1.470337 0.3460693 0.8187256 0.7956543 0.807373 0.8994141 0.817749 0.7855225 0.8702393 0.7906494 0.807373 0.8994141 0.8187256 0.7956543 0.8533936 0.7342529 0.8364258 0.7574463 0.8648682 0.7337646 0.8299561 0.7687988 0.8364258 0.7574463 0.8533936 0.7342529 0.5111084 0.8503418 0.4970703 0.8604736 0.4971924 0.8470459 0.5108643 0.8503418 0.4970703 0.8604736 0.5111084 0.8503418 0.4691162 0.7711182 0.4555664 0.7663574 0.4555664 0.7467041 0.4819336 0.8482666 0.4555664 0.7663574 0.4691162 0.7711182 1.259766 1.119873 1.212891 1.092407 1.250366 1.144287 1.250366 1.06897 1.212891 1.092407 1.259766 1.119873 0.4378662 1.005981 0.4376221 0.9951172 0.4367676 0.9974365 0.6208496 1.022583 0.4376221 0.9951172 0.4378662 1.005981 1.576294 0.4863281 1.577637 0.4730225 1.547241 0.484375 1.551758 0.479248 1.577637 0.4730225 1.576294 0.4863281 0.4224854 0.6463623 0.3928223 0.6265869 0.361084 0.694458 0.4215088 0.5356445 0.3928223 0.6265869 0.4224854 0.6463623 0.4733887 0.8532715 0.4818115 0.8481445 0.4742432 0.8543701 0.4699707 0.8546143 0.4818115 0.8481445 0.4733887 0.8532715 0.4731445 0.8137207 0.4555664 0.7663574 0.4555664 0.8026123 0.4819336 0.8482666 0.4555664 0.7663574 0.4731445 0.8137207 0.9544678 0.2443848 1.016113 0.2803955 1.006348 0.2730713 0.9504395 0.2822266 1.016113 0.2803955 0.9544678 0.2443848 0.5240479 0.5352783 0.5576172 0.6075439 0.5576172 0.6075439 0.5240479 0.5352783 0.5576172 0.6075439 0.5240479 0.5352783 1.547241 0.484375 1.551758 0.479248 1.576294 0.4863281 1.537964 0.4760742 1.551758 0.479248 1.547241 0.484375 0.9769287 0.7359619 0.9858398 0.7330322 0.987915 0.7583008 0.9519043 0.7049561 0.9858398 0.7330322 0.9769287 0.7359619 1.195801 0.5037842 1.273926 0.6776123 1.195801 0.6781006 1.36731 0.5040283 1.273926 0.6776123 1.195801 0.5037842 1.56311 0.505127 1.453369 0.6774902 1.36731 0.5040283 1.56311 0.6782227 1.453369 0.6774902 1.56311 0.505127 0.817749 0.7855225 0.8187256 0.7956543 0.8299561 0.7687988 0.807373 0.8994141 0.8187256 0.7956543 0.817749 0.7855225 0.8648682 0.7337646 0.8533936 0.7342529 0.8702393 0.7906494 0.8364258 0.7574463 0.8533936 0.7342529 0.8648682 0.7337646 1.195801 0.9790039 1.2771 0.8647461 1.365601 0.9786377 1.195801 0.8641357 1.2771 0.8647461 1.195801 0.9790039 1.450806 0.2259521 1.314819 0.1834717 1.428345 0.1782227 1.31958 0.31604 1.314819 0.1834717 1.450806 0.2259521 0.9902344 0.2799072 1.04541 0.2459717 0.9915771 0.2730713 1.043823 0.2792969 1.04541 0.2459717 0.9902344 0.2799072 0.3596191 1.125366 0.399292 1.016479 0.3991699 1.125366 0.3596191 0.8806152 0.399292 1.016479 0.3596191 1.125366 2.246826 -0.678833 2.254517 -0.6138916 2.254272 -0.6784668 2.246826 -0.4261475 2.254517 -0.6138916 2.246826 -0.678833 0.4555664 0.8026123 0.4664307 0.8548584 0.4555664 0.8575439 0.4555664 0.7663574 0.4664307 0.8548584 0.4555664 0.8026123 0.3457031 0.6231689 0.2540283 0.6207275 0.3457031 0.6207275 0.253418 0.623291 0.2540283 0.6207275 0.3457031 0.6231689 1.592407 0.4741211 1.533081 0.4713135 1.535156 0.4743652 1.605835 0.4718018 1.533081 0.4713135 1.592407 0.4741211 0.6334229 0.5042725 0.6334229 0.6806641 0.5395508 0.6806641 0.7248535 0.6806641 0.6334229 0.6806641 0.6334229 0.5042725 2.246826 -0.4261475 2.254517 -0.4261475 2.254517 -0.6138916 2.246826 -0.6785889 2.254517 -0.4261475 2.246826 -0.4261475 -0.4281006 0.6512451 -0.2497559 0.7692871 -0.2493896 0.6512451 -0.4282227 0.7692871 -0.2497559 0.7692871 -0.4281006 0.6512451 0.2958984 -0.1695557 0.4306641 -0.001342773 0.2956543 -0.001342773 0.4306641 -0.1695557 0.4306641 -0.001342773 0.2958984 -0.1695557 0.2956543 0.003173828 0.4310303 0.1696777 0.2973633 0.1696777 0.4306641 0.003173828 0.4310303 0.1696777 0.2956543 0.003173828 0.3125 -0.1693115 0.4295654 -0.001098632 0.293335 -0.001098632 0.4291992 -0.1693115 0.4295654 -0.001098632 0.3125 -0.1693115 0.293335 0.003417968 0.4291992 0.1699219 0.3128662 0.1699219 0.4295654 0.003417968 0.4291992 0.1699219 0.293335 0.003417968 0.1921387 0.6280518 0.241333 0.6270752 0.241333 0.5161133 0.1960449 0.7469482 0.241333 0.6270752 0.1921387 0.6280518 0.230957 0.5875244 0.1887207 0.5855713 0.1887207 0.3430176 0.1887207 0.7027588 0.1887207 0.5855713 0.230957 0.5875244 0.2364502 0.5167236 0.2011719 0.4959717 0.2163086 0.4884033 0.1945801 0.5175781 0.2011719 0.4959717 0.2364502 0.5167236 0.8441162 0.5002441 0.8414307 0.5944824 0.8417969 0.510376 0.8428955 0.5944824 0.8414307 0.5944824 0.8441162 0.5002441 0.1784667 0.1732178 0.229248 0.1533203 0.2109375 0.138916 0.1783447 0.204834 0.229248 0.1533203 0.1784667 0.1732178 0.2429199 0.1740723 0.229248 0.2597656 0.2429199 0.239502 0.229248 0.1533203 0.229248 0.2597656 0.2429199 0.1740723 -0.1612549 -0.2520752 -0.09936523 -0.1583251 -0.1970215 -0.2388916 -0.1131592 -0.27771 -0.09936523 -0.1583251 -0.1612549 -0.2520752 0.1862792 0.9697266 0.2424316 0.9697266 0.1865234 1.060059 0.1860352 0.2454833 0.2424316 0.9697266 0.1862792 0.9697266 0.2097167 0.9698486 0.1882324 0.9697266 0.2059326 1.052734 0.2097167 0.2454833 0.1882324 0.9697266 0.2097167 0.9698486 1.010986 0.2802734 0.9643555 0.25354 0.956665 0.2802734 1.010986 0.2723389 0.9643555 0.25354 1.010986 0.2802734 1.041382 0.2823486 1.048584 0.2445068 1.050903 0.2445068 1.051147 0.2839355 1.048584 0.2445068 1.041382 0.2823486 0.5152588 0.6984863 0.4901123 0.5771484 0.5515137 0.6051025 0.5140381 0.6992188 0.4901123 0.5771484 0.5152588 0.6984863 0.4555664 0.7663574 0.4691162 0.7711182 0.4555664 0.7467041 0.4819336 0.8482666 0.4691162 0.7711182 0.4555664 0.7663574 0.4555664 0.8026123 0.4665527 0.8276367 0.4731445 0.8137207 0.4555664 0.8582764 0.4665527 0.8276367 0.4555664 0.8026123 1.004272 0.576416 1.009277 0.5708008 1.004272 0.576416 1.009277 0.5708008 1.009277 0.5708008 1.004272 0.576416 0.5100098 0.8503418 0.4970703 0.8604736 0.5108643 0.8503418 0.4973145 0.8603516 0.4970703 0.8604736 0.5100098 0.8503418 0.7674561 -0.4864502 0.835083 -0.2731934 0.7667236 -0.2518311 0.835083 -0.4864502 0.835083 -0.2731934 0.7674561 -0.4864502 0.9051514 0.2209473 0.9470215 0.2208251 0.9246826 0.2634277 0.8845215 0.09594726 0.9470215 0.2208251 0.9051514 0.2209473 0.6208496 1.022583 0.6208496 0.9724121 0.4376221 0.9951172 0.8052979 1.022339 0.6208496 0.9724121 0.6208496 1.022583 1.56311 0.8668213 1.365601 0.9786377 1.56311 0.9781494 1.36731 0.8653564 1.365601 0.9786377 1.56311 0.8668213 0.6907959 -0.09655761 0.6916504 0.1054688 0.6434326 0.001708984 0.7537842 -0.07336425 0.6916504 0.1054688 0.6907959 -0.09655761 1.004272 0.576416 1.009033 0.5780029 1.008667 0.5831299 1.009277 0.5708008 1.009033 0.5780029 1.004272 0.576416 0.7409668 0.2999268 0.8199463 0.3320313 0.9995117 0.3363037 0.7635498 0.3317871 0.8199463 0.3320313 0.7409668 0.2999268 1.592407 0.4741211 1.533081 0.4713135 1.605835 0.4718018 1.535156 0.4743652 1.533081 0.4713135 1.592407 0.4741211 0.5316162 0.8812256 0.5300293 0.8658447 0.5316162 0.8812256 0.5300293 0.8658447 0.5300293 0.8658447 0.5316162 0.8812256 0.5043945 0.8341064 0.480835 0.8146973 0.5153809 0.8341064 0.4816895 0.8363037 0.480835 0.8146973 0.5043945 0.8341064 0.480835 0.8146973 0.5043945 0.8341064 0.5153809 0.8341064 0.4816895 0.8363037 0.5043945 0.8341064 0.480835 0.8146973 1.195801 0.8641357 1.365601 0.9786377 1.36731 0.8653564 1.195801 0.9790039 1.365601 0.9786377 1.195801 0.8641357 -0.2495117 0.6512451 -0.4282227 0.7692871 -0.4281006 0.6512451 -0.2497559 0.7692871 -0.4282227 0.7692871 -0.2495117 0.6512451 0.5113525 0.8099365 0.4971924 0.8470459 0.4978027 0.7963867 0.5111084 0.8503418 0.4971924 0.8470459 0.5113525 0.8099365 0.6334229 0.8626709 0.5395508 0.6806641 0.6334229 0.6806641 0.5484619 0.8626709 0.5395508 0.6806641 0.6334229 0.8626709 0.3457031 0.6231689 0.2540283 0.6207275 0.253418 0.623291 0.3457031 0.6207275 0.2540283 0.6207275 0.3457031 0.6231689 0.2973633 0.003417968 0.4155273 0.1699219 0.2977295 0.1699219 0.4361572 0.003417968 0.4155273 0.1699219 0.2973633 0.003417968 0.2973633 -0.1693115 0.4361572 -0.001098632 0.2973633 -0.001098632 0.4155273 -0.1693115 0.4361572 -0.001098632 0.2973633 -0.1693115 1.010986 0.2802734 0.9643555 0.25354 1.010986 0.2723389 0.956665 0.2802734 0.9643555 0.25354 1.010986 0.2802734 0.5300293 0.8658447 0.5325928 0.8845215 0.5301514 0.8642578 0.5316162 0.8812256 0.5325928 0.8845215 0.5300293 0.8658447 0.4818115 0.8481445 0.4733887 0.8532715 0.4742432 0.8543701 0.4699707 0.8546143 0.4733887 0.8532715 0.4818115 0.8481445 0.5272217 0.8845215 0.5316162 0.8812256 0.5325928 0.8845215 0.5219727 0.8845215 0.5316162 0.8812256 0.5272217 0.8845215 0.5272217 0.8845215 0.5316162 0.8812256 0.5219727 0.8845215 0.5325928 0.8845215 0.5316162 0.8812256 0.5272217 0.8845215 0.9544678 0.2443848 1.016113 0.2803955 0.9504395 0.2822266 1.006348 0.2730713 1.016113 0.2803955 0.9544678 0.2443848 1.039429 0.2830811 1.033691 0.2445068 1.050903 0.2445068 1.030518 0.2827148 1.033691 0.2445068 1.039429 0.2830811 0.4692383 0.7711182 0.4699707 0.8546143 0.4818115 0.8481445 0.4555664 0.7663574 0.4699707 0.8546143 0.4692383 0.7711182 0.9858398 0.7330322 0.9519043 0.7049561 0.9769287 0.7359619 0.9447021 0.7877197 0.9519043 0.7049561 0.9858398 0.7330322 0.8728027 0.9776611 0.9400635 1.026001 0.8632813 0.9934082 0.9467773 0.8961182 0.9400635 1.026001 0.8728027 0.9776611 0.9940186 0.9749756 0.9467773 0.8961182 0.9991455 0.800415 0.9400635 1.026001 0.9467773 0.8961182 0.9940186 0.9749756 0.6320801 0.04638671 0.6125488 -4.88281e-4 0.6364746 0.04638671 0.6038818 0.04638671 0.6125488 -4.88281e-4 0.6320801 0.04638671 -0.01892089 -0.2553711 -0.05102539 -0.1827393 -0.1131592 -0.27771 -0.01892089 -0.157959 -0.05102539 -0.1827393 -0.01892089 -0.2553711 0.6125488 -4.88281e-4 0.5952148 0.04638671 0.5895996 0.04638671 0.6038818 0.04638671 0.5952148 0.04638671 0.6125488 -4.88281e-4 1.147827 0.730835 1.195801 0.6781006 1.180054 0.6766357 1.195801 0.8641357 1.195801 0.6781006 1.147827 0.730835 1.270874 -0.5004883 1.270874 -0.5272217 1.241211 -0.4989014 1.30481 -0.4974365 1.270874 -0.5272217 1.270874 -0.5004883 0.5952148 -0.04724121 0.6125488 -4.88281e-4 0.5895996 -0.04724121 0.6038818 -0.04724121 0.6125488 -4.88281e-4 0.5952148 -0.04724121 0.6320801 -0.04724121 0.6125488 -4.88281e-4 0.6038818 -0.04724121 0.6364746 -0.04724121 0.6125488 -4.88281e-4 0.6320801 -0.04724121 0.8441162 0.5002441 0.8414307 0.5944824 0.8428955 0.5944824 0.8417969 0.510376 0.8414307 0.5944824 0.8441162 0.5002441 1.314819 0.1834717 1.267944 0.2904053 1.31958 0.31604 1.265991 0.1878662 1.267944 0.2904053 1.314819 0.1834717 2.254517 -0.6141357 2.246826 -0.6785889 2.254272 -0.6782227 2.254517 -0.4261475 2.246826 -0.6785889 2.254517 -0.6141357 0.4243164 0.3189697 0.3474121 0.3172607 0.4278564 0.1794434 0.4215088 0.5356445 0.3474121 0.3172607 0.4243164 0.3189697 1.577637 0.4730225 1.576294 0.4863281 1.547241 0.484375 1.551758 0.479248 1.576294 0.4863281 1.577637 0.4730225 1.565186 0.3869629 1.470337 0.3460693 1.572266 0.4605713 1.505981 0.2683105 1.470337 0.3460693 1.565186 0.3869629 0.361084 0.694458 0.3543701 0.5172119 0.3928223 0.6265869 0.2484131 0.694458 0.3543701 0.5172119 0.361084 0.694458 1.551758 0.479248 1.547241 0.484375 1.576294 0.4863281 1.537964 0.4760742 1.547241 0.484375 1.551758 0.479248 0.4827881 -0.5324707 0.4884033 -0.6575928 0.4665527 -0.6577148 1.040527 0.244751 1.00708 0.2830811 1.043701 0.2843018 1.577637 0.4730225 1.537964 0.4760742 1.547241 0.484375 0.1887207 0.7027588 0.230957 0.5875244 0.230957 0.7060547 0.230957 0.5875244 0.1887207 0.3430176 0.230957 0.3460693 0.1882324 0.9697266 0.1875 1.057739 0.2059326 1.052734 0.1875 1.057739 0.1882324 0.9697266 0.2059326 1.052734 0.4901123 0.5771484 0.5140381 0.6992188 0.496582 0.6727295 -0.3151855 0.769165 -0.3094482 0.6793213 -0.3199463 0.6512451 1.004272 0.576416 1.008667 0.5831299 1.009033 0.5780029 0.7539063 0.07507324 0.6916504 0.1054688 0.7537842 -0.07336425 1.009277 0.5708008 1.004272 0.576416 1.009033 0.5780029 0.5096436 0.8503418 0.5106201 0.8101807 0.4980469 0.848999 0.4984131 -0.5332031 0.4963379 -0.6588135 0.5029297 -0.6608887 0.8377686 0.9863281 0.8391113 1.030151 0.8192139 1.028198 1.270874 -0.5272217 1.30481 -0.4974365 1.30481 -0.5272217 0.6125488 -4.88281e-4 0.6364746 -0.04724121 0.6364746 0.04638671 -0.2515869 0.7813721 -0.2515869 0.9996338 -0.3099365 0.7813721 1.268066 0.3691406 1.268188 0.4671631 1.337769 0.4862061 0.4827881 -0.5324707 0.4665527 -0.6577148 0.4884033 -0.6575928 1.040527 0.244751 1.043701 0.2843018 1.00708 0.2830811 1.577637 0.4730225 1.547241 0.484375 1.537964 0.4760742 0.4692383 0.7711182 0.4555664 0.7467041 0.4555664 0.7663574 0.4783936 0.5703125 0.4901123 0.5771484 0.5240479 0.5352783 -0.3151855 0.769165 -0.3199463 0.6512451 -0.3094482 0.6793213 1.241211 -0.5272217 1.241211 -0.4989014 1.270874 -0.5272217 0.8632813 0.9934082 0.824585 0.9584961 0.8310547 0.9703369 0.4984131 -0.5332031 0.5029297 -0.6608887 0.4963379 -0.6588135 0.4849854 0.8621826 0.4980469 0.848999 0.4973145 0.8603516 0.8377686 0.9863281 0.8192139 1.028198 0.8391113 1.030151 1.270874 -0.5272217 1.30481 -0.5272217 1.30481 -0.4974365 0.3596191 0.8806152 0.399292 0.8806152 0.399292 1.016479 1.273926 0.6776123 1.2771 0.8647461 1.195801 0.6781006 0.2169189 0.7692871 0.2023926 0.7775879 0.2364502 0.7460938 0.241333 0.7453613 0.241333 0.6270752 0.1960449 0.7469482 0.2424316 0.2454833 0.2424316 0.9697266 0.1860352 0.2454833 0.2097167 0.2454833 0.1882324 0.2454833 0.1882324 0.9697266 1.486328 0.260498 1.505981 0.2683105 1.470337 0.3460693 0.4699707 0.8546143 0.4664307 0.8548584 0.4555664 0.7663574 1.250366 1.06897 1.212891 1.06897 1.212891 1.092407 0.8845215 0.09594726 0.9689942 0.09655761 0.9470215 0.2208251 0.8225098 0.972168 0.6208496 0.9724121 0.8052979 1.022339 1.195801 0.5037842 1.195801 0.6781006 1.36731 0.5040283 0.5559082 0.6727295 0.5743408 0.6054688 0.6343994 0.8380127 0.4770508 0.1453857 0.4803467 0.1052246 0.4570313 0.1455078 -0.1323242 0.1662598 -0.1303711 -0.1572266 -0.1010742 -0.154541</float_array>
          <technique_common>
            <accessor source="#polygon2-mesh-map-0-array" count="1782" stride="2">
              <param name="S" type="float"/>
              <param name="T" type="float"/>
            </accessor>
          </technique_common>
        </source>
        <source id="polygon2-mesh-colors-polygon2_Colors0" name="polygon2_Colors0">
          <float_array id="polygon2-mesh-colors-polygon2_Colors0-array" count="7128">1 1 1 1 0.6705883 0.6705883 0.6705883 1 0.7921569 0.7921569 0.7921569 1 0.854902 0.854902 0.854902 1 0.6705883 0.6705883 0.6705883 1 1 1 1 1 1 1 1 1 0.854902 0.854902 0.854902 1 1 1 1 1 0.7450981 0.7450981 0.7450981 1 0.854902 0.854902 0.854902 1 1 1 1 1 0.9686275 0.9686275 0.9686275 1 0.7450981 0.7450981 0.7450981 1 1 1 1 1 0.7686275 0.7686275 0.7686275 1 0.7450981 0.7450981 0.7450981 1 0.9686275 0.9686275 0.9686275 1 0.8039216 0.8039216 0.8039216 1 0.7686275 0.7686275 0.7686275 1 0.9686275 0.9686275 0.9686275 1 0.6509804 0.6509804 0.6509804 1 0.7686275 0.7686275 0.7686275 1 0.8039216 0.8039216 0.8039216 1 0.8352941 0.8352941 0.8352941 1 0.6509804 0.6509804 0.6509804 1 0.8039216 0.8039216 0.8039216 1 1 1 1 1 0.1019608 0.1019608 0.1019608 1 0 0 0 1 0.4 0.4 0.4 1 0.1019608 0.1019608 0.1019608 1 1 1 1 1 1 1 1 1 0.4 0.4 0.4 1 1 1 1 1 0.4 0.4 0.4 1 0.4 0.4 0.4 1 1 1 1 1 1 1 1 1 0.4 0.4 0.4 1 1 1 1 1 0.4 0.4 0.4 1 0.4 0.4 0.4 1 1 1 1 1 1 1 1 1 0.4 0.4 0.4 1 1 1 1 1 0.1019608 0.1019608 0.1019608 1 0.4 0.4 0.4 1 1 1 1 1 0 0 0 1 0.1019608 0.1019608 0.1019608 1 1 1 1 1 0.854902 0.854902 0.854902 1 0.6901961 0.6901961 0.6901961 1 0.5960785 0.5960785 0.5960785 1 1 1 1 1 0.6901961 0.6901961 0.6901961 1 0.854902 0.854902 0.854902 1 1 1 1 1 1 1 1 1 0.854902 0.854902 0.854902 1 1 1 1 1 1 1 1 1 1 1 1 1 0.9764706 0.9764706 0.9764706 1 1 1 1 1 1 1 1 1 0.9803922 0.9803922 0.9803922 1 1 1 1 1 0.9764706 0.9764706 0.9764706 1 0.9529412 0.9529412 0.9529412 1 0.9803922 0.9803922 0.9803922 1 0.9764706 0.9764706 0.9764706 1 0.7058824 0.7058824 0.7058824 1 0.9803922 0.9803922 0.9803922 1 0.9529412 0.9529412 0.9529412 1 0.7490196 0.7490196 0.7490196 1 0.7058824 0.7058824 0.7058824 1 0.9529412 0.9529412 0.9529412 1 1 1 1 1 0.8980392 0.8980392 0.8980392 1 1 1 1 1 0.9058824 0.9058824 0.9058824 1 0.8980392 0.8980392 0.8980392 1 1 1 1 1 1 1 1 1 0.9058824 0.9058824 0.9058824 1 1 1 1 1 0.9137255 0.9137255 0.9137255 1 0.9058824 0.9058824 0.9058824 1 1 1 1 1 0.4039216 0.4039216 0.4039216 1 0.9137255 0.9137255 0.9137255 1 1 1 1 1 0.654902 0.654902 0.654902 1 0.9137255 0.9137255 0.9137255 1 0.4039216 0.4039216 0.4039216 1 0.2 0.2 0.2 1 0.654902 0.654902 0.654902 1 0.4039216 0.4039216 0.4039216 1 0.7019608 0.7019608 0.7019608 1 0.654902 0.654902 0.654902 1 0.2 0.2 0.2 1 1 1 1 1 1 1 1 1 0.9882353 0.9882353 0.9882353 1 1 1 1 1 1 1 1 1 1 1 1 1 1 1 1 1 1 1 1 1 1 1 1 1 1 1 1 1 1 1 1 1 1 1 1 1 1 1 1 1 1 1 1 1 1 1 1 1 0.7843137 0.7843137 0.7843137 1 1 1 1 1 1 1 1 1 0.7215687 0.7215687 0.7215687 1 0.7843137 0.7843137 0.7843137 1 1 1 1 1 0.6509804 0.6509804 0.6509804 1 0.145098 0.145098 0.145098 1 0.5490196 0.5490196 0.5490196 1 0.1019608 0.1019608 0.1019608 1 0.145098 0.145098 0.145098 1 0.6509804 0.6509804 0.6509804 1 0.6509804 0.6509804 0.6509804 1 0.1019608 0.1019608 0.1019608 1 0.6509804 0.6509804 0.6509804 1 0.1019608 0.1019608 0.1019608 1 0.1019608 0.1019608 0.1019608 1 0.6509804 0.6509804 0.6509804 1 0.6509804 0.6509804 0.6509804 1 0.1019608 0.1019608 0.1019608 1 0.6509804 0.6509804 0.6509804 1 0.4509804 0.4509804 0.4509804 1 0.1019608 0.1019608 0.1019608 1 0.6509804 0.6509804 0.6509804 1 1 1 1 1 1 1 1 1 0.8 0.8 0.8 1 1 1 1 1 1 1 1 1 1 1 1 1 0.9921569 0.9921569 0.9921569 1 1 1 1 1 1 1 1 1 0.9686275 0.9686275 0.9686275 1 1 1 1 1 0.9921569 0.9921569 0.9921569 1 0.8784314 0.8784314 0.8784314 1 0.9686275 0.9686275 0.9686275 1 0.9921569 0.9921569 0.9921569 1 0.8509804 0.8509804 0.8509804 1 0.9686275 0.9686275 0.9686275 1 0.8784314 0.8784314 0.8784314 1 0.6980392 0.6980392 0.6980392 1 0.2156863 0.2156863 0.2156863 1 0.2196078 0.2196078 0.2196078 1 0.6980392 0.6980392 0.6980392 1 0.2156863 0.2156863 0.2156863 1 0.6980392 0.6980392 0.6980392 1 0.8 0.8 0.8 1 0.6980392 0.6980392 0.6980392 1 0.6980392 0.6980392 0.6980392 1 0.8 0.8 0.8 1 0.6980392 0.6980392 0.6980392 1 0.8 0.8 0.8 1 0.2196078 0.2196078 0.2196078 1 0.8 0.8 0.8 1 0.8 0.8 0.8 1 0.2156863 0.2156863 0.2156863 1 0.8 0.8 0.8 1 0.2196078 0.2196078 0.2196078 1 0.6980392 0.6980392 0.6980392 1 0.2039216 0.2039216 0.2039216 1 0.2156863 0.2156863 0.2156863 1 0.6980392 0.6980392 0.6980392 1 0.2039216 0.2039216 0.2039216 1 0.6980392 0.6980392 0.6980392 1 0.8 0.8 0.8 1 0.6980392 0.6980392 0.6980392 1 0.6980392 0.6980392 0.6980392 1 0.8 0.8 0.8 1 0.6980392 0.6980392 0.6980392 1 0.8 0.8 0.8 1 0.2156863 0.2156863 0.2156863 1 0.8 0.8 0.8 1 0.8 0.8 0.8 1 0.2039216 0.2039216 0.2039216 1 0.8 0.8 0.8 1 0.2156863 0.2156863 0.2156863 1 0.6980392 0.6980392 0.6980392 1 0.2156863 0.2156863 0.2156863 1 0.2039216 0.2039216 0.2039216 1 0.6980392 0.6980392 0.6980392 1 0.2156863 0.2156863 0.2156863 1 0.6980392 0.6980392 0.6980392 1 0.8 0.8 0.8 1 0.6980392 0.6980392 0.6980392 1 0.6980392 0.6980392 0.6980392 1 0.8 0.8 0.8 1 0.6980392 0.6980392 0.6980392 1 0.8 0.8 0.8 1 0.2039216 0.2039216 0.2039216 1 0.8 0.8 0.8 1 0.8 0.8 0.8 1 0.2156863 0.2156863 0.2156863 1 0.8 0.8 0.8 1 0.2039216 0.2039216 0.2039216 1 0.6980392 0.6980392 0.6980392 1 0.2313725 0.2313725 0.2313725 1 0.2156863 0.2156863 0.2156863 1 0.6980392 0.6980392 0.6980392 1 0.2313725 0.2313725 0.2313725 1 0.6980392 0.6980392 0.6980392 1 0.8 0.8 0.8 1 0.6980392 0.6980392 0.6980392 1 0.6980392 0.6980392 0.6980392 1 0.8 0.8 0.8 1 0.6980392 0.6980392 0.6980392 1 0.8 0.8 0.8 1 0.2156863 0.2156863 0.2156863 1 0.8 0.8 0.8 1 0.8 0.8 0.8 1 0.2313725 0.2313725 0.2313725 1 0.8 0.8 0.8 1 0.2156863 0.2156863 0.2156863 1 1 1 1 1 1 1 1 1 0.9882353 0.9882353 0.9882353 1 1 1 1 1 1 1 1 1 1 1 1 1 1 1 1 1 1 1 1 1 1 1 1 1 1 1 1 1 1 1 1 1 1 1 1 1 1 1 1 1 1 1 1 1 1 1 1 1 1 1 1 1 1 1 1 1 1 1 1 1 0.6980392 0.6980392 0.6980392 1 0.227451 0.227451 0.227451 1 0.2313725 0.2313725 0.2313725 1 0.6980392 0.6980392 0.6980392 1 0.227451 0.227451 0.227451 1 0.6980392 0.6980392 0.6980392 1 0.8 0.8 0.8 1 0.6980392 0.6980392 0.6980392 1 0.6980392 0.6980392 0.6980392 1 0.8 0.8 0.8 1 0.6980392 0.6980392 0.6980392 1 0.8 0.8 0.8 1 0.2313725 0.2313725 0.2313725 1 0.8 0.8 0.8 1 0.8 0.8 0.8 1 0.227451 0.227451 0.227451 1 0.8 0.8 0.8 1 0.2313725 0.2313725 0.2313725 1 0.6980392 0.6980392 0.6980392 1 0.2313725 0.2313725 0.2313725 1 0.2313725 0.2313725 0.2313725 1 0.6980392 0.6980392 0.6980392 1 0.2313725 0.2313725 0.2313725 1 0.6980392 0.6980392 0.6980392 1 0.8 0.8 0.8 1 0.6980392 0.6980392 0.6980392 1 0.6980392 0.6980392 0.6980392 1 0.8 0.8 0.8 1 0.6980392 0.6980392 0.6980392 1 0.8 0.8 0.8 1 0.2313725 0.2313725 0.2313725 1 0.8 0.8 0.8 1 0.8 0.8 0.8 1 0.2313725 0.2313725 0.2313725 1 0.8 0.8 0.8 1 0.2313725 0.2313725 0.2313725 1 1 1 1 1 1 1 1 1 0.5686275 0.5686275 0.5686275 1 1 1 1 1 1 1 1 1 1 1 1 1 1 1 1 1 1 1 1 1 1 1 1 1 1 1 1 1 1 1 1 1 1 1 1 1 1 1 1 1 1 1 1 1 1 1 1 1 0.5647059 0.5647059 0.5647059 1 1 1 1 1 1 1 1 1 1 1 1 1 0.4 0.4 0.4 1 1 1 1 1 0.4 0.4 0.4 1 0.4 0.4 0.4 1 1 1 1 1 1 1 1 1 0.4 0.4 0.4 1 1 1 1 1 0.4 0.4 0.4 1 0.4 0.4 0.4 1 1 1 1 1 0.5686275 0.5686275 0.5686275 1 0.4 0.4 0.4 1 1 1 1 1 0.1019608 0.1019608 0.1019608 1 0.4 0.4 0.4 1 0.5686275 0.5686275 0.5686275 1 0.6980392 0.6980392 0.6980392 1 0.2196078 0.2196078 0.2196078 1 0.227451 0.227451 0.227451 1 0.6980392 0.6980392 0.6980392 1 0.2196078 0.2196078 0.2196078 1 0.6980392 0.6980392 0.6980392 1 0.8 0.8 0.8 1 0.6980392 0.6980392 0.6980392 1 0.6980392 0.6980392 0.6980392 1 0.8 0.8 0.8 1 0.6980392 0.6980392 0.6980392 1 0.8 0.8 0.8 1 0.227451 0.227451 0.227451 1 0.8 0.8 0.8 1 0.8 0.8 0.8 1 0.2196078 0.2196078 0.2196078 1 0.8 0.8 0.8 1 0.227451 0.227451 0.227451 1 0.9764706 0.9764706 0.9764706 1 0.8666667 0.8666667 0.8666667 1 0.8431373 0.8431373 0.8431373 1 0.9843137 0.9843137 0.9843137 1 0.8666667 0.8666667 0.8666667 1 0.9764706 0.9764706 0.9764706 1 1 1 1 1 0.9843137 0.9843137 0.9843137 1 0.9764706 0.9764706 0.9764706 1 0.7411765 0.7411765 0.7411765 1 0.9843137 0.9843137 0.9843137 1 1 1 1 1 0.854902 0.854902 0.854902 1 0.7411765 0.7411765 0.7411765 1 1 1 1 1 0.7607843 0.7607843 0.7607843 1 0.9921569 0.9921569 0.9921569 1 1 1 1 1 0.9607843 0.9607843 0.9607843 1 0.9921569 0.9921569 0.9921569 1 0.7607843 0.7607843 0.7607843 1 1 1 1 1 0.9607843 0.9607843 0.9607843 1 0.7607843 0.7607843 0.7607843 1 1 1 1 1 0.9607843 0.9607843 0.9607843 1 1 1 1 1 0.7058824 0.7058824 0.7058824 1 1 1 1 1 1 1 1 1 1 1 1 1 1 1 1 1 1 1 1 1 1 1 1 1 1 1 1 1 1 1 1 1 1 1 1 1 1 1 1 1 1 1 1 1 0.7843137 0.7843137 0.7843137 1 1 1 1 1 1 1 1 1 0.7607843 0.7607843 0.7607843 1 0.7843137 0.7843137 0.7843137 1 1 1 1 1 0.6 0.6 0.6 1 0.4 0.4 0.4 1 0.4 0.4 0.4 1 0.6 0.6 0.6 1 0.4 0.4 0.4 1 0.6 0.6 0.6 1 0.4980392 0.4980392 0.4980392 1 0.6 0.6 0.6 1 0.6 0.6 0.6 1 0.5019608 0.5019608 0.5019608 1 0.6 0.6 0.6 1 0.4980392 0.4980392 0.4980392 1 0.6 0.6 0.6 1 0.5019608 0.5019608 0.5019608 1 0.4980392 0.4980392 0.4980392 1 0.9843137 0.9843137 0.9843137 1 0.8352941 0.8352941 0.8352941 1 0.8666667 0.8666667 0.8666667 1 0.7882353 0.7882353 0.7882353 1 0.8352941 0.8352941 0.8352941 1 0.9843137 0.9843137 0.9843137 1 0.7686275 0.7686275 0.7686275 1 0.7882353 0.7882353 0.7882353 1 0.9843137 0.9843137 0.9843137 1 0.654902 0.654902 0.654902 1 0.7882353 0.7882353 0.7882353 1 0.7686275 0.7686275 0.7686275 1 0.6 0.6 0.6 1 0.654902 0.654902 0.654902 1 0.7686275 0.7686275 0.7686275 1 0.0980392 0.0980392 0.0980392 1 0.3647059 0.3647059 0.3647059 1 0.6470589 0.6470589 0.6470589 1 0.8352941 0.8352941 0.8352941 1 0.3647059 0.3647059 0.3647059 1 0.0980392 0.0980392 0.0980392 1 0.0980392 0.0980392 0.0980392 1 0.8352941 0.8352941 0.8352941 1 0.0980392 0.0980392 0.0980392 1 0.3490196 0.3490196 0.3490196 1 0.8352941 0.8352941 0.8352941 1 0.0980392 0.0980392 0.0980392 1 0.6627451 0.6627451 0.6627451 1 0.3490196 0.3490196 0.3490196 1 0.0980392 0.0980392 0.0980392 1 0.5686275 0.5686275 0.5686275 1 0.4 0.4 0.4 1 0.4 0.4 0.4 1 0.6117647 0.6117647 0.6117647 1 0.4 0.4 0.4 1 0.5686275 0.5686275 0.5686275 1 0.4862745 0.4862745 0.4862745 1 0.6117647 0.6117647 0.6117647 1 0.5686275 0.5686275 0.5686275 1 0.6117647 0.6117647 0.6117647 1 0.6117647 0.6117647 0.6117647 1 0.4862745 0.4862745 0.4862745 1 0.6039216 0.6039216 0.6039216 1 0.6117647 0.6117647 0.6117647 1 0.4862745 0.4862745 0.4862745 1 0.2 0.2 0.2 1 0.1019608 0.1019608 0.1019608 1 1 1 1 1 0.1019608 0.1019608 0.1019608 1 0.1019608 0.1019608 0.1019608 1 0.2 0.2 0.2 1 0.1019608 0.1019608 0.1019608 1 0.1019608 0.1019608 0.1019608 1 0.2 0.2 0.2 1 1 1 1 1 0.1019608 0.1019608 0.1019608 1 0.1019608 0.1019608 0.1019608 1 0.2 0.2 0.2 1 1 1 1 1 0.1019608 0.1019608 0.1019608 1 0.1019608 0.1019608 0.1019608 1 0.1019608 0.1019608 0.1019608 1 1 1 1 1 0.1019608 0.1019608 0.1019608 1 0.1019608 0.1019608 0.1019608 1 0.1019608 0.1019608 0.1019608 1 0.1019608 0.1019608 0.1019608 1 0.1019608 0.1019608 0.1019608 1 0.1019608 0.1019608 0.1019608 1 1 1 1 1 0.1019608 0.1019608 0.1019608 1 0.1019608 0.1019608 0.1019608 1 0.1019608 0.1019608 0.1019608 1 1 1 1 1 0.1019608 0.1019608 0.1019608 1 1 1 1 1 0.5921569 0.5921569 0.5921569 1 0.5686275 0.5686275 0.5686275 1 0.4235294 0.4235294 0.4235294 1 0.5921569 0.5921569 0.5921569 1 1 1 1 1 0.8980392 0.8980392 0.8980392 1 0.4235294 0.4235294 0.4235294 1 1 1 1 1 0.654902 0.654902 0.654902 1 0.4235294 0.4235294 0.4235294 1 0.8980392 0.8980392 0.8980392 1 0.7019608 0.7019608 0.7019608 1 0.654902 0.654902 0.654902 1 0.8980392 0.8980392 0.8980392 1 0.1019608 0.1019608 0.1019608 1 0.5607843 0.5607843 0.5607843 1 0.4313725 0.4313725 0.4313725 1 0.5137255 0.5137255 0.5137255 1 0.5607843 0.5607843 0.5607843 1 0.1019608 0.1019608 0.1019608 1 0.1019608 0.1019608 0.1019608 1 0.5137255 0.5137255 0.5137255 1 0.1019608 0.1019608 0.1019608 1 0.6235294 0.6235294 0.6235294 1 0.5137255 0.5137255 0.5137255 1 0.1019608 0.1019608 0.1019608 1 0.4313725 0.4313725 0.4313725 1 0.6235294 0.6235294 0.6235294 1 0.1019608 0.1019608 0.1019608 1 0.6 0.6 0.6 1 0.5647059 0.5647059 0.5647059 1 0.6 0.6 0.6 1 0.5607843 0.5607843 0.5607843 1 0.5647059 0.5647059 0.5647059 1 0.6 0.6 0.6 1 0.6 0.6 0.6 1 0.5607843 0.5607843 0.5607843 1 0.6 0.6 0.6 1 0.5019608 0.5019608 0.5019608 1 0.5607843 0.5607843 0.5607843 1 0.6 0.6 0.6 1 0.5019608 0.5019608 0.5019608 1 0.5019608 0.5019608 0.5019608 1 0.6 0.6 0.6 1 0.6 0.6 0.6 1 0.5019608 0.5019608 0.5019608 1 0.5019608 0.5019608 0.5019608 1 0.5686275 0.5686275 0.5686275 1 0.5019608 0.5019608 0.5019608 1 0.6 0.6 0.6 1 0.6 0.6 0.6 1 0.5686275 0.5686275 0.5686275 1 0.6 0.6 0.6 1 0.5647059 0.5647059 0.5647059 1 0.5686275 0.5686275 0.5686275 1 0.6 0.6 0.6 1 0.6 0.6 0.6 1 0.5647059 0.5647059 0.5647059 1 0.6 0.6 0.6 1 1 1 1 1 0.2 0.2 0.2 1 0 0 0 1 0.2 0.2 0.2 1 0.2 0.2 0.2 1 1 1 1 1 0.8980392 0.8980392 0.8980392 1 0.2 0.2 0.2 1 1 1 1 1 0 0 0 1 0.2 0.2 0.2 1 0.8980392 0.8980392 0.8980392 1 0 0 0 1 0 0 0 1 0.8980392 0.8980392 0.8980392 1 0.9843137 0.9843137 0.9843137 1 0.9921569 0.9921569 0.9921569 1 0.9607843 0.9607843 0.9607843 1 0.9686275 0.9686275 0.9686275 1 0.9921569 0.9921569 0.9921569 1 0.9843137 0.9843137 0.9843137 1 0.7882353 0.7882353 0.7882353 1 0.9686275 0.9686275 0.9686275 1 0.9843137 0.9843137 0.9843137 1 0.7098039 0.7098039 0.7098039 1 0.9686275 0.9686275 0.9686275 1 0.7882353 0.7882353 0.7882353 1 0.4313725 0.4313725 0.4313725 1 0.1019608 0.1019608 0.1019608 1 0.3137255 0.3137255 0.3137255 1 0.1294118 0.1294118 0.1294118 1 0.1019608 0.1019608 0.1019608 1 0.4313725 0.4313725 0.4313725 1 0.5647059 0.5647059 0.5647059 1 0.1294118 0.1294118 0.1294118 1 0.4313725 0.4313725 0.4313725 1 0.5333334 0.5333334 0.5333334 1 0.1294118 0.1294118 0.1294118 1 0.5647059 0.5647059 0.5647059 1 0.1019608 0.1019608 0.1019608 1 0.1019608 0.1019608 0.1019608 1 0.1019608 0.1019608 0.1019608 1 0.1019608 0.1019608 0.1019608 1 0.1019608 0.1019608 0.1019608 1 0.1019608 0.1019608 0.1019608 1 0.1019608 0.1019608 0.1019608 1 0.1019608 0.1019608 0.1019608 1 0.1019608 0.1019608 0.1019608 1 0.1019608 0.1019608 0.1019608 1 0.1019608 0.1019608 0.1019608 1 0.1019608 0.1019608 0.1019608 1 0.4 0.4 0.4 1 1 1 1 1 0.2 0.2 0.2 1 1 1 1 1 1 1 1 1 0.4 0.4 0.4 1 0.4 0.4 0.4 1 1 1 1 1 0.4 0.4 0.4 1 0.4 0.4 0.4 1 1 1 1 1 0.4 0.4 0.4 1 0.4 0.4 0.4 1 0.6039216 0.6039216 0.6039216 1 0.4 0.4 0.4 1 0.6 0.6 0.6 1 0.6039216 0.6039216 0.6039216 1 0.4 0.4 0.4 1 0.3019608 0.3019608 0.3019608 1 0.6 0.6 0.6 1 0.4 0.4 0.4 1 0.4 0.4 0.4 1 0.6 0.6 0.6 1 0.3019608 0.3019608 0.3019608 1 0.5019608 0.5019608 0.5019608 1 0.6 0.6 0.6 1 0.4 0.4 0.4 1 0.5137255 0.5137255 0.5137255 1 0.6 0.6 0.6 1 0.5019608 0.5019608 0.5019608 1 0.6 0.6 0.6 1 0.5137255 0.5137255 0.5137255 1 0.5019608 0.5019608 0.5019608 1 0.6 0.6 0.6 1 0.5137255 0.5137255 0.5137255 1 0.6 0.6 0.6 1 0.9921569 0.9921569 0.9921569 1 0.8627451 0.8627451 0.8627451 1 0.8784314 0.8784314 0.8784314 1 0.9372549 0.9372549 0.9372549 1 0.8627451 0.8627451 0.8627451 1 0.9921569 0.9921569 0.9921569 1 0.9686275 0.9686275 0.9686275 1 0.9372549 0.9372549 0.9372549 1 0.9921569 0.9921569 0.9921569 1 0.7098039 0.7098039 0.7098039 1 0.9372549 0.9372549 0.9372549 1 0.9686275 0.9686275 0.9686275 1 0.4901961 0.4901961 0.4901961 1 1 1 1 1 0.5058824 0.5058824 0.5058824 1 1 1 1 1 1 1 1 1 0.4901961 0.4901961 0.4901961 1 0.4941176 0.4941176 0.4941176 1 1 1 1 1 0.4901961 0.4901961 0.4901961 1 0.9803922 0.9803922 0.9803922 1 1 1 1 1 0.4941176 0.4941176 0.4941176 1 0.6509804 0.6509804 0.6509804 1 0.5568628 0.5568628 0.5568628 1 0.6509804 0.6509804 0.6509804 1 0.5490196 0.5490196 0.5490196 1 0.5568628 0.5568628 0.5568628 1 0.6509804 0.6509804 0.6509804 1 0.6509804 0.6509804 0.6509804 1 0.5490196 0.5490196 0.5490196 1 0.6509804 0.6509804 0.6509804 1 0.5372549 0.5372549 0.5372549 1 0.5490196 0.5490196 0.5490196 1 0.6509804 0.6509804 0.6509804 1 1 1 1 1 0 0 0 1 0.2941176 0.2941176 0.2941176 1 1 1 1 1 0 0 0 1 1 1 1 1 0.2 0.2 0.2 1 1 1 1 1 1 1 1 1 0.2 0.2 0.2 1 1 1 1 1 0.2 0.2 0.2 1 0.6 0.6 0.6 1 1 1 1 1 0.6 0.6 0.6 1 1 1 1 1 1 1 1 1 0.6 0.6 0.6 1 0.6 0.6 0.6 1 1 1 1 1 0.6 0.6 0.6 1 1 1 1 1 1 1 1 1 0.6 0.6 0.6 1 0.8235294 0.8235294 0.8235294 1 0.9803922 0.9803922 0.9803922 1 0.7058824 0.7058824 0.7058824 1 1 1 1 1 0.9803922 0.9803922 0.9803922 1 0.8235294 0.8235294 0.8235294 1 0.854902 0.854902 0.854902 1 1 1 1 1 0.8235294 0.8235294 0.8235294 1 1 1 1 1 1 1 1 1 0.854902 0.854902 0.854902 1 0.5529412 0.5529412 0.5529412 1 0.1568627 0.1568627 0.1568627 1 0.5333334 0.5333334 0.5333334 1 0.1607843 0.1607843 0.1607843 1 0.1568627 0.1568627 0.1568627 1 0.5529412 0.5529412 0.5529412 1 0.5764706 0.5764706 0.5764706 1 0.1607843 0.1607843 0.1607843 1 0.5529412 0.5529412 0.5529412 1 0.4666666 0.4666666 0.4666666 1 0.1607843 0.1607843 0.1607843 1 0.5764706 0.5764706 0.5764706 1 0.9843137 0.9843137 0.9843137 1 0.8509804 0.8509804 0.8509804 1 0.7882353 0.7882353 0.7882353 1 1 1 1 1 0.8509804 0.8509804 0.8509804 1 0.9843137 0.9843137 0.9843137 1 0.9607843 0.9607843 0.9607843 1 1 1 1 1 0.9843137 0.9843137 0.9843137 1 1 1 1 1 1 1 1 1 0.9607843 0.9607843 0.9607843 1 0.6 0.6 0.6 1 0 0 0 1 0 0 0 1 0.8980392 0.8980392 0.8980392 1 0 0 0 1 0.6 0.6 0.6 1 1 1 1 1 0.8980392 0.8980392 0.8980392 1 0.6 0.6 0.6 1 0.2 0.2 0.2 1 0.8980392 0.8980392 0.8980392 1 1 1 1 1 0 0 0 1 0.6 0.6 0.6 1 0 0 0 1 0.6 0.6 0.6 1 0.6 0.6 0.6 1 0 0 0 1 0 0 0 1 0.6 0.6 0.6 1 0 0 0 1 0.8980392 0.8980392 0.8980392 1 0.6 0.6 0.6 1 0 0 0 1 1 1 1 1 0.6 0.6 0.6 1 0.8980392 0.8980392 0.8980392 1 0.854902 0.854902 0.854902 1 0.6 0.6 0.6 1 1 1 1 1 1 1 1 1 0.854902 0.854902 0.854902 1 1 1 1 1 1 1 1 1 0.854902 0.854902 0.854902 1 1 1 1 1 0.1019608 0.1019608 0.1019608 1 1 1 1 1 0.1019608 0.1019608 0.1019608 1 0.1019608 0.1019608 0.1019608 1 1 1 1 1 0.1019608 0.1019608 0.1019608 1 0.1019608 0.1019608 0.1019608 1 0.1019608 0.1019608 0.1019608 1 0.1019608 0.1019608 0.1019608 1 0.1019608 0.1019608 0.1019608 1 0.1019608 0.1019608 0.1019608 1 0.1019608 0.1019608 0.1019608 1 0.6 0.6 0.6 1 0.7450981 0.7450981 0.7450981 1 0.6 0.6 0.6 1 0.5843138 0.5843138 0.5843138 1 0.7450981 0.7450981 0.7450981 1 0.6 0.6 0.6 1 0.6039216 0.6039216 0.6039216 1 0.5843138 0.5843138 0.5843138 1 0.6 0.6 0.6 1 0.4862745 0.4862745 0.4862745 1 0.5843138 0.5843138 0.5843138 1 0.6039216 0.6039216 0.6039216 1 0.2 0.2 0.2 1 1 1 1 1 0.2 0.2 0.2 1 1 1 1 1 1 1 1 1 0.2 0.2 0.2 1 0.2705882 0.2705882 0.2705882 1 1 1 1 1 0.2 0.2 0.2 1 0 0 0 1 1 1 1 1 0.2705882 0.2705882 0.2705882 1 0.8627451 0.8627451 0.8627451 1 1 1 1 1 0.8980392 0.8980392 0.8980392 1 1 1 1 1 1 1 1 1 0.8627451 0.8627451 0.8627451 1 1 1 1 1 1 1 1 1 0.8627451 0.8627451 0.8627451 1 1 1 1 1 1 1 1 1 1 1 1 1 0.1019608 0.1019608 0.1019608 1 1 1 1 1 1 1 1 1 0.1019608 0.1019608 0.1019608 1 0.1019608 0.1019608 0.1019608 1 1 1 1 1 0.9019608 0.9019608 0.9019608 1 1 1 1 1 0.9019608 0.9019608 0.9019608 1 1 1 1 1 1 1 1 1 0.9019608 0.9019608 0.9019608 1 0.9450981 0.9450981 0.9450981 1 1 1 1 1 0.9019608 0.9019608 0.9019608 1 0.7882353 0.7882353 0.7882353 1 0.9882353 0.9882353 0.9882353 1 0.8705883 0.8705883 0.8705883 1 1 1 1 1 0.9882353 0.9882353 0.9882353 1 0.7882353 0.7882353 0.7882353 1 0.9607843 0.9607843 0.9607843 1 1 1 1 1 0.7882353 0.7882353 0.7882353 1 0.1294118 0.1294118 0.1294118 1 0.4745098 0.4745098 0.4745098 1 0.5529412 0.5529412 0.5529412 1 0.5960785 0.5960785 0.5960785 1 0.4745098 0.4745098 0.4745098 1 0.1294118 0.1294118 0.1294118 1 0.5607843 0.5607843 0.5607843 1 0.5960785 0.5960785 0.5960785 1 0.1294118 0.1294118 0.1294118 1 0.8980392 0.8980392 0.8980392 1 1 1 1 1 1 1 1 1 0.2 0.2 0.2 1 1 1 1 1 0.8980392 0.8980392 0.8980392 1 0.2862745 0.2862745 0.2862745 1 0.2 0.2 0.2 1 0.8980392 0.8980392 0.8980392 1 0.5960785 0.5960785 0.5960785 1 0.7411765 0.7411765 0.7411765 1 0.854902 0.854902 0.854902 1 0.6 0.6 0.6 1 0.7411765 0.7411765 0.7411765 1 0.5960785 0.5960785 0.5960785 1 0.6078432 0.6078432 0.6078432 1 0.6 0.6 0.6 1 0.5960785 0.5960785 0.5960785 1 0.4392157 0.4392157 0.4392157 1 0.5019608 0.5019608 0.5019608 1 0.5019608 0.5019608 0.5019608 1 0.4588235 0.4588235 0.4588235 1 0.5019608 0.5019608 0.5019608 1 0.4392157 0.4392157 0.4392157 1 0.509804 0.509804 0.509804 1 0.4588235 0.4588235 0.4588235 1 0.4392157 0.4392157 0.4392157 1 0.7372549 0.7372549 0.7372549 1 0.4 0.4 0.4 1 0.6745098 0.6745098 0.6745098 1 0.4 0.4 0.4 1 0.4 0.4 0.4 1 0.7372549 0.7372549 0.7372549 1 0.4 0.4 0.4 1 0.4 0.4 0.4 1 0.7372549 0.7372549 0.7372549 1 0.509804 0.509804 0.509804 1 0.5137255 0.5137255 0.5137255 1 0.4980392 0.4980392 0.4980392 1 0.4941176 0.4941176 0.4941176 1 0.5137255 0.5137255 0.5137255 1 0.509804 0.509804 0.509804 1 0.4392157 0.4392157 0.4392157 1 0.4941176 0.4941176 0.4941176 1 0.509804 0.509804 0.509804 1 0.2 0.2 0.2 1 1 1 1 1 0.5411765 0.5411765 0.5411765 1 1 1 1 1 1 1 1 1 0.2 0.2 0.2 1 0.2 0.2 0.2 1 1 1 1 1 0.2 0.2 0.2 1 0.4431372 0.4431372 0.4431372 1 0.5333334 0.5333334 0.5333334 1 0.3882353 0.3882353 0.3882353 1 0.6784314 0.6784314 0.6784314 1 0.5333334 0.5333334 0.5333334 1 0.4431372 0.4431372 0.4431372 1 0.772549 0.772549 0.772549 1 0.6784314 0.6784314 0.6784314 1 0.4431372 0.4431372 0.4431372 1 0.372549 0.372549 0.372549 1 0.3960784 0.3960784 0.3960784 1 0.3843137 0.3843137 0.3843137 1 0.1607843 0.1607843 0.1607843 1 0.3960784 0.3960784 0.3960784 1 0.372549 0.372549 0.372549 1 0.1372549 0.1372549 0.1372549 1 0.1607843 0.1607843 0.1607843 1 0.372549 0.372549 0.372549 1 0.3803921 0.3803921 0.3803921 1 0.1372549 0.1372549 0.1372549 1 0.372549 0.372549 0.372549 1 0.1019608 0.1019608 0.1019608 1 0.1372549 0.1372549 0.1372549 1 0.3803921 0.3803921 0.3803921 1 0.1019608 0.1019608 0.1019608 1 0.1019608 0.1019608 0.1019608 1 0.3803921 0.3803921 0.3803921 1 1 1 1 1 0.8980392 0.8980392 0.8980392 1 0.8980392 0.8980392 0.8980392 1 0.8980392 0.8980392 0.8980392 1 0.8980392 0.8980392 0.8980392 1 1 1 1 1 0.8980392 0.8980392 0.8980392 1 0.8980392 0.8980392 0.8980392 1 1 1 1 1 1 1 1 1 0.8980392 0.8980392 0.8980392 1 0.8980392 0.8980392 0.8980392 1 0.8980392 0.8980392 0.8980392 1 0.8980392 0.8980392 0.8980392 1 1 1 1 1 0.8980392 0.8980392 0.8980392 1 0.8980392 0.8980392 0.8980392 1 1 1 1 1 1 1 1 1 0.8980392 0.8980392 0.8980392 1 0.8980392 0.8980392 0.8980392 1 0.8980392 0.8980392 0.8980392 1 0.8980392 0.8980392 0.8980392 1 1 1 1 1 0.8980392 0.8980392 0.8980392 1 0.8980392 0.8980392 0.8980392 1 1 1 1 1 1 1 1 1 0.8980392 0.8980392 0.8980392 1 0.8980392 0.8980392 0.8980392 1 0.8980392 0.8980392 0.8980392 1 0.8980392 0.8980392 0.8980392 1 1 1 1 1 0.8980392 0.8980392 0.8980392 1 0.8980392 0.8980392 0.8980392 1 1 1 1 1 1 1 1 1 0.8980392 0.8980392 0.8980392 1 0.8980392 0.8980392 0.8980392 1 0.8980392 0.8980392 0.8980392 1 0.8980392 0.8980392 0.8980392 1 1 1 1 1 0.8980392 0.8980392 0.8980392 1 0.8980392 0.8980392 0.8980392 1 1 1 1 1 1 1 1 1 0.9647059 0.9647059 0.9647059 1 0.972549 0.972549 0.972549 1 1 1 1 1 0.9647059 0.9647059 0.9647059 1 1 1 1 1 0.7019608 0.7019608 0.7019608 1 1 1 1 1 1 1 1 1 0.8 0.8 0.8 1 0 0 0 1 0.2705882 0.2705882 0.2705882 1 0.2980392 0.2980392 0.2980392 1 0 0 0 1 0.8 0.8 0.8 1 0.8 0.8 0.8 1 0.2980392 0.2980392 0.2980392 1 0.8 0.8 0.8 1 0.4 0.4 0.4 1 0.682353 0.682353 0.682353 1 0.5490196 0.5490196 0.5490196 1 0.7215687 0.7215687 0.7215687 1 0.682353 0.682353 0.682353 1 0.4 0.4 0.4 1 0.6980392 0.6980392 0.6980392 1 0.7215687 0.7215687 0.7215687 1 0.4 0.4 0.4 1 0.4 0.4 0.4 1 0.4392157 0.4392157 0.4392157 1 0.5529412 0.5529412 0.5529412 1 0.4941176 0.4941176 0.4941176 1 0.4392157 0.4392157 0.4392157 1 0.4 0.4 0.4 1 0.5529412 0.5529412 0.5529412 1 0.4941176 0.4941176 0.4941176 1 0.4 0.4 0.4 1 0.854902 0.854902 0.854902 1 0.6 0.6 0.6 1 0.6 0.6 0.6 1 1 1 1 1 0.6 0.6 0.6 1 0.854902 0.854902 0.854902 1 1 1 1 1 1 1 1 1 0.854902 0.854902 0.854902 1 1 1 1 1 0.9686275 0.9686275 0.9686275 1 0.9921569 0.9921569 0.9921569 1 0.9921569 0.9921569 0.9921569 1 0.9686275 0.9686275 0.9686275 1 1 1 1 1 0.7921569 0.7921569 0.7921569 1 0.9921569 0.9921569 0.9921569 1 1 1 1 1 0.2 0.2 0.2 1 0.2156863 0.2156863 0.2156863 1 0.2156863 0.2156863 0.2156863 1 0.2313725 0.2313725 0.2313725 1 0.2156863 0.2156863 0.2156863 1 0.2 0.2 0.2 1 0.2156863 0.2156863 0.2156863 1 0.2313725 0.2313725 0.2313725 1 0.2 0.2 0.2 1 1 1 1 1 1 1 1 1 1 1 1 1 1 1 1 1 1 1 1 1 1 1 1 1 1 1 1 1 1 1 1 1 1 1 1 1 1 1 1 1 1 1 1 1 1 1 1 1 1 1 1 1 1 1 1 1 1 1 1 1 1 1 1 1 1 1 1 1 1 1 1 1 1 1 1 1 1 1 1 1 0.6980392 0.6980392 0.6980392 1 0.4862745 0.4862745 0.4862745 1 1 1 1 1 1 1 1 1 0.4823529 0.4823529 0.4823529 1 0.4862745 0.4862745 0.4862745 1 1 1 1 1 0.5333334 0.5333334 0.5333334 1 0.4431372 0.4431372 0.4431372 1 0.4 0.4 0.4 1 0.7333334 0.7333334 0.7333334 1 0.4431372 0.4431372 0.4431372 1 0.5333334 0.5333334 0.5333334 1 0.6705883 0.6705883 0.6705883 1 0.7333334 0.7333334 0.7333334 1 0.5333334 0.5333334 0.5333334 1 0.8 0.8 0.8 1 0.2 0.2 0.2 1 0 0 0 1 0 0 0 1 0.2 0.2 0.2 1 0.8 0.8 0.8 1 0.8 0.8 0.8 1 0 0 0 1 0.8 0.8 0.8 1 0.9058824 0.9058824 0.9058824 1 0.7019608 0.7019608 0.7019608 1 0.8980392 0.8980392 0.8980392 1 0.7019608 0.7019608 0.7019608 1 0.7019608 0.7019608 0.7019608 1 0.9058824 0.9058824 0.9058824 1 0.9137255 0.9137255 0.9137255 1 0.7019608 0.7019608 0.7019608 1 0.9058824 0.9058824 0.9058824 1 1 1 1 1 1 1 1 1 1 1 1 1 0.9843137 0.9843137 0.9843137 1 1 1 1 1 1 1 1 1 0.7686275 0.7686275 0.7686275 1 0.7411765 0.7411765 0.7411765 1 0.6 0.6 0.6 1 0.9843137 0.9843137 0.9843137 1 0.7411765 0.7411765 0.7411765 1 0.7686275 0.7686275 0.7686275 1 0.7882353 0.7882353 0.7882353 1 0.827451 0.827451 0.827451 1 0.8352941 0.8352941 0.8352941 1 0.654902 0.654902 0.654902 1 0.827451 0.827451 0.827451 1 0.7882353 0.7882353 0.7882353 1 0.627451 0.627451 0.627451 1 0.4823529 0.4823529 0.4823529 1 0.5607843 0.5607843 0.5607843 1 0.6235294 0.6235294 0.6235294 1 0.4823529 0.4823529 0.4823529 1 0.627451 0.627451 0.627451 1 1 1 1 1 1 1 1 1 1 1 1 1 0.5058824 0.5058824 0.5058824 1 1 1 1 1 1 1 1 1 0.9882353 0.9882353 0.9882353 1 0.8078432 0.8078432 0.8078432 1 0.8784314 0.8784314 0.8784314 1 1 1 1 1 0.8078432 0.8078432 0.8078432 1 0.9882353 0.9882353 0.9882353 1 0.9803922 0.9803922 0.9803922 1 0.7411765 0.7411765 0.7411765 1 1 1 1 1 0.9647059 0.9647059 0.9647059 1 0.7411765 0.7411765 0.7411765 1 0.9803922 0.9803922 0.9803922 1 1 1 1 1 0.3647059 0.3647059 0.3647059 1 0.1686275 0.1686275 0.1686275 1 0.9882353 0.9882353 0.9882353 1 0.3647059 0.3647059 0.3647059 1 1 1 1 1 0.2 0.2 0.2 1 0.654902 0.654902 0.654902 1 0.6980392 0.6980392 0.6980392 1 0.4235294 0.4235294 0.4235294 1 0.654902 0.654902 0.654902 1 0.2 0.2 0.2 1 0.6784314 0.6784314 0.6784314 1 0.4862745 0.4862745 0.4862745 1 0.5686275 0.5686275 0.5686275 1 0.6235294 0.6235294 0.6235294 1 0.4862745 0.4862745 0.4862745 1 0.6784314 0.6784314 0.6784314 1 0.4705882 0.4705882 0.4705882 1 1 1 1 1 1 1 1 1 0.4901961 0.4901961 0.4901961 1 1 1 1 1 0.4705882 0.4705882 0.4705882 1 0.1019608 0.1019608 0.1019608 1 0.5960785 0.5960785 0.5960785 1 0.5607843 0.5607843 0.5607843 1 0.3137255 0.3137255 0.3137255 1 0.5960785 0.5960785 0.5960785 1 0.1019608 0.1019608 0.1019608 1 0.4980392 0.4980392 0.4980392 1 0.6 0.6 0.6 1 0.6 0.6 0.6 1 0.5137255 0.5137255 0.5137255 1 0.6 0.6 0.6 1 0.4980392 0.4980392 0.4980392 1 0.7333334 0.7333334 0.7333334 1 0.9882353 0.9882353 0.9882353 1 1 1 1 1 0.6666667 0.6666667 0.6666667 1 0.9882353 0.9882353 0.9882353 1 0.7333334 0.7333334 0.7333334 1 0.7372549 0.7372549 0.7372549 1 0.9372549 0.9372549 0.9372549 1 0.7098039 0.7098039 0.7098039 1 0.8627451 0.8627451 0.8627451 1 0.9372549 0.9372549 0.9372549 1 0.7372549 0.7372549 0.7372549 1 0.682353 0.682353 0.682353 1 0.4 0.4 0.4 1 0.4 0.4 0.4 1 0.7215687 0.7215687 0.7215687 1 0.4 0.4 0.4 1 0.682353 0.682353 0.682353 1 0.6980392 0.6980392 0.6980392 1 0.4 0.4 0.4 1 0.7215687 0.7215687 0.7215687 1 0.4 0.4 0.4 1 0.4 0.4 0.4 1 0.6980392 0.6980392 0.6980392 1 0.6 0.6 0.6 1 0.7686275 0.7686275 0.7686275 1 0.6509804 0.6509804 0.6509804 1 0.7450981 0.7450981 0.7450981 1 0.7686275 0.7686275 0.7686275 1 0.6 0.6 0.6 1 0.8509804 0.8509804 0.8509804 1 0.8039216 0.8039216 0.8039216 1 0.9686275 0.9686275 0.9686275 1 0.8352941 0.8352941 0.8352941 1 0.8039216 0.8039216 0.8039216 1 0.8509804 0.8509804 0.8509804 1 1 1 1 1 1 1 1 1 0.9607843 0.9607843 0.9607843 1 1 1 1 1 1 1 1 1 1 1 1 1 1 1 1 1 0.7843137 0.7843137 0.7843137 1 0.8 0.8 0.8 1 1 1 1 1 0.7843137 0.7843137 0.7843137 1 1 1 1 1 0.3333333 0.3333333 0.3333333 1 0.145098 0.145098 0.145098 1 0.5490196 0.5490196 0.5490196 1 0.5490196 0.5490196 0.5490196 1 0.145098 0.145098 0.145098 1 0.3333333 0.3333333 0.3333333 1 0.4588235 0.4588235 0.4588235 1 0.4 0.4 0.4 1 0.5490196 0.5490196 0.5490196 1 0.509804 0.509804 0.509804 1 0.4 0.4 0.4 1 0.4588235 0.4588235 0.4588235 1 0.6117647 0.6117647 0.6117647 1 0.5019608 0.5019608 0.5019608 1 0.4588235 0.4588235 0.4588235 1 0.6117647 0.6117647 0.6117647 1 0.5019608 0.5019608 0.5019608 1 0.6117647 0.6117647 0.6117647 1 1 1 1 1 0.2 0.2 0.2 1 0.5607843 0.5607843 0.5607843 1 1 1 1 1 0.2 0.2 0.2 1 1 1 1 1 0.6039216 0.6039216 0.6039216 1 0.5882353 0.5882353 0.5882353 1 0.7333334 0.7333334 0.7333334 1 0.4 0.4 0.4 1 0.5882353 0.5882353 0.5882353 1 0.6039216 0.6039216 0.6039216 1 0.7882353 0.7882353 0.7882353 1 0.7372549 0.7372549 0.7372549 1 0.5921569 0.5921569 0.5921569 1 0.8862745 0.8862745 0.8862745 1 0.7372549 0.7372549 0.7372549 1 0.7882353 0.7882353 0.7882353 1 0.7215687 0.7215687 0.7215687 1 0.4 0.4 0.4 1 0.4 0.4 0.4 1 0.4 0.4 0.4 1 0.4 0.4 0.4 1 0.7215687 0.7215687 0.7215687 1 0.6117647 0.6117647 0.6117647 1 0.5019608 0.5019608 0.5019608 1 0.5019608 0.5019608 0.5019608 1 0.6117647 0.6117647 0.6117647 1 0.5019608 0.5019608 0.5019608 1 0.6117647 0.6117647 0.6117647 1 0.9647059 0.9647059 0.9647059 1 1 1 1 1 0.9607843 0.9607843 0.9607843 1 1 1 1 1 1 1 1 1 0.9647059 0.9647059 0.9647059 1 0.7019608 0.7019608 0.7019608 1 0.9333333 0.9333333 0.9333333 1 0.9372549 0.9372549 0.9372549 1 0.7019608 0.7019608 0.7019608 1 0.9333333 0.9333333 0.9333333 1 0.7019608 0.7019608 0.7019608 1 0.9372549 0.9372549 0.9372549 1 0.3019608 0.3019608 0.3019608 1 0.3019608 0.3019608 0.3019608 1 0.9333333 0.9333333 0.9333333 1 0.3019608 0.3019608 0.3019608 1 0.9372549 0.9372549 0.9372549 1 0.7019608 0.7019608 0.7019608 1 0.9372549 0.9372549 0.9372549 1 0.9450981 0.9450981 0.9450981 1 0.7019608 0.7019608 0.7019608 1 0.9372549 0.9372549 0.9372549 1 0.7019608 0.7019608 0.7019608 1 0.9450981 0.9450981 0.9450981 1 0.3019608 0.3019608 0.3019608 1 0.3019608 0.3019608 0.3019608 1 0.9372549 0.9372549 0.9372549 1 0.3019608 0.3019608 0.3019608 1 0.9450981 0.9450981 0.9450981 1 1 1 1 1 0.2980392 0.2980392 0.2980392 1 0 0 0 1 1 1 1 1 0.2980392 0.2980392 0.2980392 1 1 1 1 1 0 0 0 1 1 1 1 1 0.4980392 0.4980392 0.4980392 1 0.2 0.2 0.2 1 1 1 1 1 0 0 0 1 0.2 0.2 0.2 1 1 1 1 1 0.2 0.2 0.2 1 1 1 1 1 1 1 1 1 0.2 0.2 0.2 1 0.5019608 0.5019608 0.5019608 1 0.6117647 0.6117647 0.6117647 1 0.4588235 0.4588235 0.4588235 1 0.6 0.6 0.6 1 0.6117647 0.6117647 0.6117647 1 0.5019608 0.5019608 0.5019608 1 0.1019608 0.1019608 0.1019608 1 1 1 1 1 0.1019608 0.1019608 0.1019608 1 1 1 1 1 1 1 1 1 0.1019608 0.1019608 0.1019608 1 0.1019608 0.1019608 0.1019608 1 1 1 1 1 0.1019608 0.1019608 0.1019608 1 1 1 1 1 1 1 1 1 0.1019608 0.1019608 0.1019608 1 0.2 0.2 0.2 1 1 1 1 1 0 0 0 1 0.2 0.2 0.2 1 1 1 1 1 0.2 0.2 0.2 1 0.2 0.2 0.2 1 0.8 0.8 0.8 1 0.2 0.2 0.2 1 0 0 0 1 0.8 0.8 0.8 1 0.2 0.2 0.2 1 0 0 0 1 0.8 0.8 0.8 1 0.2627451 0.2627451 0.2627451 1 0.2980392 0.2980392 0.2980392 1 0.8 0.8 0.8 1 0 0 0 1 0.5019608 0.5019608 0.5019608 1 0.1019608 0.1019608 0.1019608 1 0.4509804 0.4509804 0.4509804 1 0.4588235 0.4588235 0.4588235 1 0.1019608 0.1019608 0.1019608 1 0.5019608 0.5019608 0.5019608 1 0.4666666 0.4666666 0.4666666 1 0.1019608 0.1019608 0.1019608 1 0.1607843 0.1607843 0.1607843 1 0.3137255 0.3137255 0.3137255 1 0.1019608 0.1019608 0.1019608 1 0.4666666 0.4666666 0.4666666 1 0.4 0.4 0.4 1 0.6 0.6 0.6 1 0.5019608 0.5019608 0.5019608 1 0.3019608 0.3019608 0.3019608 1 0.6 0.6 0.6 1 0.4 0.4 0.4 1 1 1 1 1 1 1 1 1 1 1 1 1 0.4901961 0.4901961 0.4901961 1 1 1 1 1 1 1 1 1 1 1 1 1 0.4941176 0.4941176 0.4941176 1 0.4980392 0.4980392 0.4980392 1 0.9921569 0.9921569 0.9921569 1 0.4941176 0.4941176 0.4941176 1 1 1 1 1 0.5490196 0.5490196 0.5490196 1 0.0980392 0.0980392 0.0980392 1 0.5490196 0.5490196 0.5490196 1 0.0980392 0.0980392 0.0980392 1 0.0980392 0.0980392 0.0980392 1 0.5490196 0.5490196 0.5490196 1 0.6078432 0.6078432 0.6078432 1 0.4823529 0.4823529 0.4823529 1 0.6235294 0.6235294 0.6235294 1 0.5960785 0.5960785 0.5960785 1 0.4823529 0.4823529 0.4823529 1 0.6078432 0.6078432 0.6078432 1 0.5647059 0.5647059 0.5647059 1 0.4 0.4 0.4 1 0.1019608 0.1019608 0.1019608 1 1 1 1 1 0.4 0.4 0.4 1 0.5647059 0.5647059 0.5647059 1 1 1 1 1 1 1 1 1 0.6980392 0.6980392 0.6980392 1 0.4784314 0.4784314 0.4784314 1 1 1 1 1 1 1 1 1 0.9647059 0.9647059 0.9647059 1 1 1 1 1 0.7411765 0.7411765 0.7411765 1 1 1 1 1 1 1 1 1 0.9647059 0.9647059 0.9647059 1 0.9803922 0.9803922 0.9803922 1 0.9647059 0.9647059 0.9647059 1 0.9803922 0.9803922 0.9803922 1 1 1 1 1 0.9647059 0.9647059 0.9647059 1 0.9803922 0.9803922 0.9803922 1 1 1 1 1 0.9019608 0.9019608 0.9019608 1 0.9019608 0.9019608 0.9019608 1 1 1 1 1 0.9019608 0.9019608 0.9019608 1 1 1 1 1 0.5058824 0.5058824 0.5058824 1 0.6470589 0.6470589 0.6470589 1 0.5607843 0.5607843 0.5607843 1 0.0980392 0.0980392 0.0980392 1 0.6470589 0.6470589 0.6470589 1 0.5058824 0.5058824 0.5058824 1 0.4 0.4 0.4 1 1 1 1 1 1 1 1 1 0.2 0.2 0.2 1 1 1 1 1 0.4 0.4 0.4 1 0.8078432 0.8078432 0.8078432 1 0.7333334 0.7333334 0.7333334 1 0.8784314 0.8784314 0.8784314 1 0.6039216 0.6039216 0.6039216 1 0.7333334 0.7333334 0.7333334 1 0.8078432 0.8078432 0.8078432 1 0.1019608 0.1019608 0.1019608 1 0.1607843 0.1607843 0.1607843 1 0.1019608 0.1019608 0.1019608 1 0.1607843 0.1607843 0.1607843 1 0.1607843 0.1607843 0.1607843 1 0.1019608 0.1019608 0.1019608 1 0 0 0 1 0.7450981 0.7450981 0.7450981 1 1 1 1 1 0.3372549 0.3372549 0.3372549 1 0.7450981 0.7450981 0.7450981 1 0 0 0 1 0.7450981 0.7450981 0.7450981 1 0 0 0 1 1 1 1 1 0.3372549 0.3372549 0.3372549 1 0 0 0 1 0.7450981 0.7450981 0.7450981 1 1 1 1 1 0.9647059 0.9647059 0.9647059 1 1 1 1 1 1 1 1 1 0.9647059 0.9647059 0.9647059 1 1 1 1 1 0.9607843 0.9607843 0.9607843 1 1 1 1 1 0.9607843 0.9607843 0.9607843 1 1 1 1 1 1 1 1 1 0.9607843 0.9607843 0.9607843 1 0.4 0.4 0.4 1 0.5607843 0.5607843 0.5607843 1 0.4 0.4 0.4 1 0.627451 0.627451 0.627451 1 0.5607843 0.5607843 0.5607843 1 0.4 0.4 0.4 1 1 1 1 1 0.854902 0.854902 0.854902 1 0.8509804 0.8509804 0.8509804 1 1 1 1 1 0.854902 0.854902 0.854902 1 1 1 1 1 0.5921569 0.5921569 0.5921569 1 0.5882353 0.5882353 0.5882353 1 0.4 0.4 0.4 1 0.7372549 0.7372549 0.7372549 1 0.5882353 0.5882353 0.5882353 1 0.5921569 0.5921569 0.5921569 1 0.9333333 0.9333333 0.9333333 1 0.3019608 0.3019608 0.3019608 1 0.3019608 0.3019608 0.3019608 1 0.9294118 0.9294118 0.9294118 1 0.3019608 0.3019608 0.3019608 1 0.9333333 0.9333333 0.9333333 1 0.7019608 0.7019608 0.7019608 1 0.9294118 0.9294118 0.9294118 1 0.9333333 0.9333333 0.9333333 1 0.7019608 0.7019608 0.7019608 1 0.9294118 0.9294118 0.9294118 1 0.7019608 0.7019608 0.7019608 1 0.5019608 0.5019608 0.5019608 1 0.1019608 0.1019608 0.1019608 1 0.4666666 0.4666666 0.4666666 1 0.4313725 0.4313725 0.4313725 1 0.1019608 0.1019608 0.1019608 1 0.5019608 0.5019608 0.5019608 1 0.1607843 0.1607843 0.1607843 1 0.372549 0.372549 0.372549 1 0.3960784 0.3960784 0.3960784 1 0.1019608 0.1019608 0.1019608 1 0.372549 0.372549 0.372549 1 0.1607843 0.1607843 0.1607843 1 0.4823529 0.4823529 0.4823529 1 0.7019608 0.7019608 0.7019608 1 0.5607843 0.5607843 0.5607843 1 0.6039216 0.6039216 0.6039216 1 0.7019608 0.7019608 0.7019608 1 0.4823529 0.4823529 0.4823529 1 0.3921568 0.3921568 0.3921568 1 0.1019608 0.1019608 0.1019608 1 0.3803921 0.3803921 0.3803921 1 0.4 0.4 0.4 1 0.1019608 0.1019608 0.1019608 1 0.3921568 0.3921568 0.3921568 1 0.3882353 0.3882353 0.3882353 1 0.1019608 0.1019608 0.1019608 1 0.4 0.4 0.4 1 0.372549 0.372549 0.372549 1 0.1019608 0.1019608 0.1019608 1 0.3882353 0.3882353 0.3882353 1 0.1019608 0.1019608 0.1019608 1 0.5725491 0.5725491 0.5725491 1 0.3137255 0.3137255 0.3137255 1 0.5529412 0.5529412 0.5529412 1 0.5725491 0.5725491 0.5725491 1 0.1019608 0.1019608 0.1019608 1 0.5333334 0.5333334 0.5333334 1 0.1568627 0.1568627 0.1568627 1 0.1294118 0.1294118 0.1294118 1 0.5294118 0.5294118 0.5294118 1 0.1568627 0.1568627 0.1568627 1 0.5333334 0.5333334 0.5333334 1 0.882353 0.882353 0.882353 1 0.2 0.2 0.2 1 0.2823529 0.2823529 0.2823529 1 1 1 1 1 0.2 0.2 0.2 1 0.882353 0.882353 0.882353 1 0.9529412 0.9529412 0.9529412 1 0.8431373 0.8431373 0.8431373 1 0.7490196 0.7490196 0.7490196 1 0.9764706 0.9764706 0.9764706 1 0.8431373 0.8431373 0.8431373 1 0.9529412 0.9529412 0.9529412 1 1 1 1 1 0.7921569 0.7921569 0.7921569 1 0.6901961 0.6901961 0.6901961 1 1 1 1 1 0.7921569 0.7921569 0.7921569 1 1 1 1 1 0.9803922 0.9803922 0.9803922 1 1 1 1 1 0.9803922 0.9803922 0.9803922 1 0.7921569 0.7921569 0.7921569 1 1 1 1 1 0.9803922 0.9803922 0.9803922 1 0.4 0.4 0.4 1 0 0 0 1 0.4666666 0.4666666 0.4666666 1 0.3019608 0.3019608 0.3019608 1 0 0 0 1 0.4 0.4 0.4 1 0 0 0 1 0.8980392 0.8980392 0.8980392 1 0.2 0.2 0.2 1 0 0 0 1 0.8980392 0.8980392 0.8980392 1 0 0 0 1 0 0 0 1 0.3019608 0.3019608 0.3019608 1 0 0 0 1 0.3019608 0.3019608 0.3019608 1 0.3019608 0.3019608 0.3019608 1 0 0 0 1 0.9843137 0.9843137 0.9843137 1 0.854902 0.854902 0.854902 1 0.8705883 0.8705883 0.8705883 1 1 1 1 1 0.854902 0.854902 0.854902 1 0.9843137 0.9843137 0.9843137 1 0.7372549 0.7372549 0.7372549 1 0.4 0.4 0.4 1 0.6745098 0.6745098 0.6745098 1 0.6745098 0.6745098 0.6745098 1 0.4 0.4 0.4 1 0.7372549 0.7372549 0.7372549 1 0.3019608 0.3019608 0.3019608 1 0 0 0 1 0 0 0 1 0.3019608 0.3019608 0.3019608 1 0 0 0 1 0.3019608 0.3019608 0.3019608 1 0.3843137 0.3843137 0.3843137 1 0 0 0 1 0.3019608 0.3019608 0.3019608 1 0.4980392 0.4980392 0.4980392 1 0 0 0 1 0.3843137 0.3843137 0.3843137 1 0.5019608 0.5019608 0.5019608 1 0.6117647 0.6117647 0.6117647 1 0.6 0.6 0.6 1 0.4666666 0.4666666 0.4666666 1 0.6117647 0.6117647 0.6117647 1 0.5019608 0.5019608 0.5019608 1 0.7843137 0.7843137 0.7843137 1 1 1 1 1 1 1 1 1 0.7647059 0.7647059 0.7647059 1 1 1 1 1 0.7843137 0.7843137 0.7843137 1 0.5019608 0.5019608 0.5019608 1 0.6117647 0.6117647 0.6117647 1 0.4666666 0.4666666 0.4666666 1 0.5019608 0.5019608 0.5019608 1 0.6117647 0.6117647 0.6117647 1 0.5019608 0.5019608 0.5019608 1 0.5843138 0.5843138 0.5843138 1 1 1 1 1 0.5647059 0.5647059 0.5647059 1 0.4039216 0.4039216 0.4039216 1 1 1 1 1 0.5843138 0.5843138 0.5843138 1 0.3490196 0.3490196 0.3490196 1 1 1 1 1 0.1607843 0.1607843 0.1607843 1 0.9882353 0.9882353 0.9882353 1 1 1 1 1 0.3490196 0.3490196 0.3490196 1 1 1 1 1 1 1 1 1 1 1 1 1 0.9843137 0.9843137 0.9843137 1 1 1 1 1 1 1 1 1 0.7019608 0.7019608 0.7019608 1 0.9137255 0.9137255 0.9137255 1 0.654902 0.654902 0.654902 1 0.7019608 0.7019608 0.7019608 1 0.9137255 0.9137255 0.9137255 1 0.7019608 0.7019608 0.7019608 1 0.9882353 0.9882353 0.9882353 1 0.772549 0.772549 0.772549 1 1 1 1 1 0.6745098 0.6745098 0.6745098 1 0.772549 0.772549 0.772549 1 0.9882353 0.9882353 0.9882353 1 0.682353 0.682353 0.682353 1 0.4 0.4 0.4 1 0.4 0.4 0.4 1 0.1568627 0.1568627 0.1568627 1 0.6 0.6 0.6 1 0.5333334 0.5333334 0.5333334 1 0.3647059 0.3647059 0.3647059 1 0.1019608 0.1019608 0.1019608 1 0.1686275 0.1686275 0.1686275 1 0.2 0.2 0.2 1 0 0 0 1 0 0 0 1 0 0 0 1 0.4980392 0.4980392 0.4980392 1 0 0 0 1 0.8 0.8 0.8 1 0.2 0.2 0.2 1 0.2627451 0.2627451 0.2627451 1 0.2 0.2 0.2 1 0.8 0.8 0.8 1 0.2705882 0.2705882 0.2705882 1 0.6 0.6 0.6 1 0.3019608 0.3019608 0.3019608 1 0.4 0.4 0.4 1 1 1 1 1 1 1 1 1 0.9607843 0.9607843 0.9607843 1 0.5490196 0.5490196 0.5490196 1 0.5411765 0.5411765 0.5411765 1 0.6627451 0.6627451 0.6627451 1 1 1 1 1 0.9019608 0.9019608 0.9019608 1 1 1 1 1 0.0980392 0.0980392 0.0980392 1 0.5607843 0.5607843 0.5607843 1 0.6627451 0.6627451 0.6627451 1 0.6 0.6 0.6 1 0.6 0.6 0.6 1 0.7411765 0.7411765 0.7411765 1 0.6745098 0.6745098 0.6745098 1 0.4 0.4 0.4 1 0.4 0.4 0.4 1 0.7098039 0.7098039 0.7098039 1 1 1 1 1 0.9882353 0.9882353 0.9882353 1 0.4 0.4 0.4 1 0.6745098 0.6745098 0.6745098 1 0.5529412 0.5529412 0.5529412 1 0 0 0 1 0.2156863 0.2156863 0.2156863 1 0.2156863 0.2156863 0.2156863 1 0.5019608 0.5019608 0.5019608 1 0.5019608 0.5019608 0.5019608 1 0.4588235 0.4588235 0.4588235 1 1 1 1 1 1 1 1 1 1 1 1 1 0.6745098 0.6745098 0.6745098 1 0.4 0.4 0.4 1 0.4 0.4 0.4 1 0.1568627 0.1568627 0.1568627 1 0.5294118 0.5294118 0.5294118 1 0.6039216 0.6039216 0.6039216 1 0.3490196 0.3490196 0.3490196 1 0.1607843 0.1607843 0.1607843 1 0.1019608 0.1019608 0.1019608 1 0.8980392 0.8980392 0.8980392 1 1 1 1 1 1 1 1 1 0.6039216 0.6039216 0.6039216 1 0.6 0.6 0.6 1 0.5137255 0.5137255 0.5137255 1 1 1 1 1 0.9647059 0.9647059 0.9647059 1 1 1 1 1 0.5529412 0.5529412 0.5529412 1 0.6745098 0.6745098 0.6745098 1 0.5019608 0.5019608 0.5019608 1 0.6705883 0.6705883 0.6705883 1 0.854902 0.854902 0.854902 1 0.5843138 0.5843138 0.5843138 1 0.6980392 0.6980392 0.6980392 1 0.4 0.4 0.4 1 0.4 0.4 0.4 1 0.854902 0.854902 0.854902 1 0.7450981 0.7450981 0.7450981 1 0.5843138 0.5843138 0.5843138 1 0.7058824 0.7058824 0.7058824 1 0.9882353 0.9882353 0.9882353 1 1 1 1 1 0.4 0.4 0.4 1 0.5607843 0.5607843 0.5607843 1 0.6980392 0.6980392 0.6980392 1 0.509804 0.509804 0.509804 1 0.5607843 0.5607843 0.5607843 1 0.4 0.4 0.4 1 0.854902 0.854902 0.854902 1 1 1 1 1 0.8627451 0.8627451 0.8627451 1 0.2 0.2 0.2 1 0.2705882 0.2705882 0.2705882 1 0.2 0.2 0.2 1 0 0 0 1 0.2980392 0.2980392 0.2980392 1 1 1 1 1 0.8 0.8 0.8 1 0.8 0.8 0.8 1 0 0 0 1 0.2980392 0.2980392 0.2980392 1 0.8 0.8 0.8 1 0.8 0.8 0.8 1 1 1 1 1 1 1 1 1 1 1 1 1 0.2 0.2 0.2 1 0.2 0.2 0.2 1 1 1 1 1 1 1 1 1 0.9647059 0.9647059 0.9647059 1 0.8078432 0.8078432 0.8078432 1 0.4784314 0.4784314 0.4784314 1 0.4352941 0.4352941 0.4352941 1 1 1 1 1 0.7098039 0.7098039 0.7098039 1 1 1 1 1 1 1 1 1 0.6745098 0.6745098 0.6745098 1 0.4 0.4 0.4 1 0.7372549 0.7372549 0.7372549 1 0.8980392 0.8980392 0.8980392 1 0.8980392 0.8980392 0.8980392 1 1 1 1 1 1 1 1 1 0.972549 0.972549 0.972549 1 0.7019608 0.7019608 0.7019608 1 0.1019608 0.1019608 0.1019608 1 0.1019608 0.1019608 0.1019608 1 1 1 1 1</float_array>
          <technique_common>
            <accessor source="#polygon2-mesh-colors-polygon2_Colors0-array" count="1782" stride="4">
              <param name="R" type="float"/>
              <param name="G" type="float"/>
              <param name="B" type="float"/>
              <param name="A" type="float"/>
            </accessor>
          </technique_common>
        </source>
        <vertices id="polygon2-mesh-vertices">
          <input semantic="POSITION" source="#polygon2-mesh-positions"/>
        </vertices>
        <triangles material="mat_body-material" count="594">
          <input semantic="VERTEX" source="#polygon2-mesh-vertices" offset="0"/>
          <input semantic="NORMAL" source="#polygon2-mesh-normals" offset="1"/>
          <input semantic="TEXCOORD" source="#polygon2-mesh-map-0" offset="2" set="0"/>
          <input semantic="COLOR" source="#polygon2-mesh-colors-polygon2_Colors0" offset="3" set="0"/>
          <p>2 0 0 0 1 1 1 1 0 2 2 2 3 3 3 3 1 1 4 4 2 0 5 5 4 4 6 6 3 3 7 7 2 0 8 8 5 5 9 9 3 3 10 10 4 4 11 11 6 6 12 12 5 5 13 13 4 4 14 14 7 7 15 15 5 5 16 16 6 6 17 17 8 8 18 18 7 7 19 19 6 6 20 20 9 9 21 21 7 7 22 22 8 8 23 23 10 10 24 24 9 9 25 25 8 8 26 26 13 11 27 27 12 12 28 28 11 13 29 29 14 14 30 30 12 12 31 31 13 11 32 32 15 15 33 33 14 14 34 34 13 11 35 35 16 16 36 36 14 14 37 37 15 15 38 38 17 17 39 39 16 16 40 40 15 15 41 41 18 18 42 42 16 16 43 43 17 17 44 44 19 19 45 45 18 18 46 46 17 17 47 47 20 20 48 48 18 18 49 49 19 19 50 50 21 21 51 51 20 20 52 52 19 19 53 53 24 22 54 54 23 23 55 55 22 24 56 56 25 25 57 57 23 23 58 58 24 22 59 59 26 26 60 60 25 25 61 61 24 22 62 62 27 27 63 63 25 25 64 64 26 26 65 65 28 28 66 66 27 27 67 67 26 26 68 68 29 29 69 69 27 27 70 70 28 28 71 71 30 30 72 72 29 29 73 73 28 28 74 74 31 31 75 75 29 29 76 76 30 30 77 77 32 32 78 78 31 31 79 79 30 30 80 80 35 33 81 81 34 34 82 82 33 35 83 83 36 36 84 84 34 34 85 85 35 33 86 86 37 37 87 87 36 36 88 88 35 33 89 89 38 38 90 90 36 36 91 91 37 37 92 92 39 39 93 93 38 38 94 94 37 37 95 95 40 40 96 96 38 38 97 97 39 39 98 98 41 41 99 99 40 40 100 100 39 39 101 101 42 42 102 102 40 40 103 103 41 41 104 104 45 43 105 105 44 44 106 106 43 45 107 107 46 46 108 108 44 44 109 109 45 43 110 110 47 47 111 111 46 46 112 112 45 43 113 113 48 48 114 114 46 46 115 115 47 47 116 116 49 49 117 117 48 48 118 118 47 47 119 119 50 50 120 120 48 48 121 121 49 49 122 122 51 51 123 123 50 50 124 124 49 49 125 125 54 52 126 126 53 53 127 127 52 54 128 128 55 55 129 129 53 53 130 130 54 52 131 131 56 56 132 132 55 55 133 133 54 52 134 134 57 57 135 135 55 55 136 136 56 56 137 137 58 58 138 138 57 57 139 139 56 56 140 140 59 59 141 141 57 57 142 142 58 58 143 143 60 60 144 144 2 0 145 145 0 2 146 146 4 4 147 147 2 0 148 148 60 60 149 149 61 61 150 150 4 4 151 151 60 60 152 152 6 6 153 153 4 4 154 154 61 61 155 155 62 62 156 156 6 6 157 157 61 61 158 158 63 63 159 159 6 6 160 160 62 62 161 161 66 64 162 162 65 65 163 163 64 66 164 164 67 67 165 165 65 65 166 166 66 64 167 167 68 68 168 168 67 67 169 169 66 64 170 170 69 69 171 171 67 67 172 172 68 68 173 173 64 66 174 174 69 69 175 175 68 68 176 176 65 65 177 177 69 69 178 178 64 66 179 179 67 67 180 180 70 70 181 181 65 65 182 182 71 71 183 183 70 70 184 184 67 67 185 185 69 69 186 186 71 71 187 187 67 67 188 188 72 72 189 189 71 71 190 190 69 69 191 191 65 65 192 192 72 72 193 193 69 69 194 194 70 70 195 195 72 72 196 196 65 65 197 197 71 71 198 198 73 73 199 199 70 70 200 200 74 74 201 201 73 73 202 202 71 71 203 203 72 72 204 204 74 74 205 205 71 71 206 206 75 75 207 207 74 74 208 208 72 72 209 209 70 70 210 210 75 75 211 211 72 72 212 212 73 73 213 213 75 75 214 214 70 70 215 215 74 74 216 216 76 76 217 217 73 73 218 218 77 77 219 219 76 76 220 220 74 74 221 221 75 75 222 222 77 77 223 223 74 74 224 224 78 78 225 225 77 77 226 226 75 75 227 227 73 73 228 228 78 78 229 229 75 75 230 230 76 76 231 231 78 78 232 232 73 73 233 233 81 79 234 234 80 80 235 235 79 81 236 236 82 82 237 237 80 80 238 238 81 79 239 239 83 83 240 240 82 82 241 241 81 79 242 242 84 84 243 243 82 82 244 244 83 83 245 245 58 85 246 246 84 84 247 247 83 83 248 248 56 86 249 249 84 84 250 250 58 85 251 251 87 87 252 252 86 88 253 253 85 89 254 254 88 90 255 255 86 88 256 256 87 87 257 257 89 91 258 258 88 90 259 259 87 87 260 260 90 92 261 261 88 90 262 262 89 91 263 263 85 89 264 264 90 92 265 265 89 91 266 266 86 88 267 267 90 92 268 268 85 89 269 269 77 77 270 270 85 89 271 271 76 76 272 272 87 87 273 273 85 89 274 274 77 77 275 275 78 78 276 276 87 87 277 277 77 77 278 278 89 91 279 279 87 87 280 280 78 78 281 281 76 76 282 282 89 91 283 283 78 78 284 284 85 89 285 285 89 91 286 286 76 76 287 287 92 93 288 288 33 35 289 289 91 94 290 290 35 33 291 291 33 35 292 292 92 93 293 293 93 95 294 294 35 33 295 295 92 93 296 296 37 37 297 297 35 33 298 298 93 95 299 299 94 96 300 300 37 37 301 301 93 95 302 302 95 97 303 303 37 37 304 304 94 96 305 305 93 95 306 306 96 98 307 307 94 96 308 308 97 99 309 309 96 98 310 310 93 95 311 311 92 93 312 312 97 99 313 313 93 95 314 314 98 100 315 315 97 99 316 316 92 93 317 317 91 94 318 318 98 100 319 319 92 93 320 320 99 101 321 321 98 100 322 322 91 94 323 323 88 90 324 324 64 66 325 325 86 88 326 326 66 64 327 327 64 66 328 328 88 90 329 329 90 92 330 330 66 64 331 331 88 90 332 332 68 68 333 333 66 64 334 334 90 92 335 335 86 88 336 336 68 68 337 337 90 92 338 338 64 66 339 339 68 68 340 340 86 88 341 341 28 28 342 342 101 102 343 343 100 103 344 344 102 104 345 345 101 102 346 346 28 28 347 347 26 26 348 348 102 104 349 349 28 28 350 350 103 105 351 351 102 104 352 352 26 26 353 353 24 22 354 354 103 105 355 355 26 26 356 356 106 106 357 357 105 107 358 358 104 108 359 359 107 109 360 360 105 107 361 361 106 106 362 362 108 110 363 363 107 109 364 364 106 106 365 365 80 80 366 366 107 109 367 367 108 110 368 368 109 111 369 369 80 80 370 370 108 110 371 371 111 112 372 372 81 79 373 373 110 113 374 374 83 83 375 375 81 79 376 376 111 112 377 377 112 114 378 378 83 83 379 379 111 112 380 380 113 115 381 381 83 83 382 382 112 114 383 383 114 116 384 384 113 115 385 385 112 114 386 386 115 117 387 387 9 118 388 388 10 119 389 389 116 120 390 390 9 118 391 391 115 117 392 392 117 121 393 393 116 120 394 394 115 117 395 395 99 122 396 396 116 120 397 397 117 121 398 398 98 123 399 399 99 122 400 400 117 121 401 401 102 104 402 402 118 124 403 403 101 102 404 404 119 125 405 405 118 124 406 406 102 104 407 407 120 126 408 408 119 125 409 409 102 104 410 410 121 127 411 411 119 125 412 412 120 126 413 413 122 128 414 414 121 127 415 415 120 126 416 416 123 129 417 417 109 130 418 418 108 131 419 419 124 132 420 420 109 130 421 421 123 129 422 422 125 133 423 423 124 132 424 424 123 129 425 425 126 134 426 426 124 132 427 427 125 133 428 428 127 135 429 429 126 134 430 430 125 133 431 431 91 136 432 432 128 137 433 433 99 122 434 434 129 138 435 435 128 137 436 436 91 136 437 437 130 139 438 438 129 138 439 439 91 136 440 440 131 140 441 441 129 138 442 442 130 139 443 443 132 141 444 444 131 140 445 445 130 139 446 446 135 142 447 447 134 143 448 448 133 144 449 449 136 145 450 450 134 143 451 451 135 142 452 452 137 146 453 453 136 145 454 454 135 142 455 455 133 144 456 456 136 145 457 457 137 146 458 458 135 142 459 459 133 144 460 460 137 146 461 461 140 147 462 462 139 148 463 463 138 149 464 464 141 150 465 465 139 148 466 466 140 147 467 467 142 151 468 468 141 150 469 469 140 147 470 470 138 149 471 471 141 150 472 472 142 151 473 473 140 147 474 474 138 149 475 475 142 151 476 476 33 35 477 477 143 152 478 478 91 94 479 479 144 153 480 480 143 152 481 481 33 35 482 482 34 34 483 483 144 153 484 484 33 35 485 485 145 154 486 486 144 153 487 487 34 34 488 488 146 155 489 489 145 154 490 490 34 34 491 491 149 156 492 492 148 157 493 493 147 158 494 494 150 159 495 495 148 157 496 496 149 156 497 497 151 160 498 498 150 159 499 499 149 156 500 500 49 161 501 501 150 159 502 502 151 160 503 503 51 162 504 504 49 161 505 505 151 160 506 506 154 163 507 507 153 164 508 508 152 165 509 509 155 166 510 510 153 167 511 511 154 168 512 512 50 169 513 513 155 166 514 514 154 168 515 515 156 170 516 516 155 166 517 517 50 169 518 518 51 171 519 519 156 170 520 520 50 169 521 521 113 172 522 522 157 173 523 523 59 174 524 524 158 175 525 525 157 173 526 526 113 172 527 527 114 176 528 528 158 175 529 529 113 172 530 530 159 177 531 531 158 175 532 532 114 176 533 533 160 178 534 534 159 177 535 535 114 176 536 536 19 19 537 537 161 179 538 538 21 21 539 539 162 180 540 540 161 179 541 541 19 19 542 542 163 181 543 543 162 180 544 544 19 19 545 545 164 182 546 546 162 180 547 547 163 181 548 548 165 183 549 549 164 182 550 550 163 181 551 551 166 184 552 552 105 185 553 553 107 186 554 554 167 187 555 555 105 185 556 556 166 184 557 557 168 188 558 558 167 187 559 559 166 184 560 560 169 189 561 561 167 187 562 562 168 188 563 563 100 190 564 564 170 191 565 565 32 192 566 566 171 193 567 567 170 191 568 568 100 190 569 569 101 194 570 570 171 193 571 571 100 190 572 572 118 195 573 573 171 193 574 574 101 194 575 575 172 196 576 576 139 148 577 577 141 150 578 578 136 145 579 579 139 148 580 580 172 196 581 581 173 197 582 582 136 145 583 583 172 196 584 584 134 143 585 585 136 145 586 586 173 197 587 587 176 198 588 588 175 199 589 589 174 200 590 590 177 201 591 591 175 199 592 592 176 198 593 593 178 202 594 594 177 201 595 595 176 198 596 596 179 203 597 597 177 201 598 598 178 202 599 599 121 204 600 600 181 205 601 601 180 206 602 602 182 207 603 603 181 205 604 604 121 204 605 605 122 208 606 606 182 207 607 607 121 204 608 608 183 209 609 609 182 207 610 610 122 208 611 611 184 210 612 612 182 207 613 613 183 209 614 614 185 211 615 615 182 207 616 616 184 210 617 617 96 212 618 618 185 211 619 619 184 210 620 620 97 213 621 621 185 211 622 622 96 212 623 623 61 61 624 624 186 214 625 625 62 62 626 626 187 215 627 627 186 214 628 628 61 61 629 629 167 187 630 630 187 215 631 631 61 61 632 632 169 189 633 633 187 215 634 634 167 187 635 635 23 216 636 636 188 217 637 637 22 218 638 638 189 219 639 639 188 217 640 640 23 216 641 641 190 220 642 642 189 219 643 643 23 216 644 644 191 221 645 645 189 219 646 646 190 220 647 647 192 222 648 648 159 177 649 649 160 178 650 650 193 223 651 651 159 177 652 652 192 222 653 653 152 165 654 654 193 223 655 655 192 222 656 656 153 164 657 657 193 223 658 658 152 165 659 659 195 224 660 660 194 225 661 661 41 226 662 662 196 227 663 663 194 225 664 664 195 224 665 665 197 228 666 666 196 227 667 667 195 224 668 668 198 229 669 669 196 227 670 670 197 228 671 671 201 230 672 672 200 231 673 673 199 232 674 674 202 233 675 675 200 231 676 676 201 230 677 677 203 234 678 678 202 233 679 679 201 230 680 680 204 235 681 681 202 233 682 682 203 234 683 683 205 236 684 684 29 29 685 685 31 31 686 686 206 237 687 687 29 29 688 688 205 236 689 689 207 238 690 690 206 237 691 691 205 236 692 692 208 239 693 693 206 237 694 694 207 238 695 695 63 240 696 696 209 241 697 697 10 242 698 698 210 243 699 699 209 241 700 700 63 240 701 701 62 244 702 702 210 243 703 703 63 240 704 704 186 245 705 705 210 243 706 706 62 244 707 707 166 184 708 708 211 246 709 709 168 188 710 710 212 247 711 711 211 246 712 712 166 184 713 713 107 186 714 714 212 247 715 715 166 184 716 716 213 248 717 717 212 247 718 718 107 186 719 719 216 249 720 720 215 250 721 721 214 251 722 722 217 252 723 723 215 250 724 724 216 249 725 725 13 11 726 726 217 252 727 727 216 249 728 728 218 253 729 729 217 252 730 730 13 11 731 731 219 254 732 732 216 249 733 733 214 251 734 734 220 255 735 735 216 249 736 736 219 254 737 737 165 183 738 738 220 255 739 739 219 254 740 740 163 181 741 741 220 255 742 742 165 183 743 743 19 19 744 744 220 255 745 745 163 181 746 746 221 256 747 747 220 255 748 748 19 19 749 749 17 17 750 750 221 256 751 751 19 19 752 752 15 15 753 753 221 256 754 754 17 17 755 755 223 257 756 756 222 258 757 757 173 197 758 758 224 259 759 759 222 258 760 760 223 257 761 761 173 197 762 762 224 259 763 763 223 257 764 764 172 196 765 765 224 259 766 766 173 197 767 767 226 260 768 768 5 5 769 769 225 261 770 770 227 262 771 771 5 5 772 772 226 260 773 773 132 141 774 774 227 262 775 775 226 260 776 776 130 139 777 777 227 262 778 778 132 141 779 779 228 263 780 780 196 227 781 781 198 229 782 782 229 264 783 783 196 227 784 784 228 263 785 785 174 265 786 786 229 264 787 787 228 263 788 788 230 266 789 789 229 264 790 790 174 265 791 791 231 267 792 792 54 268 793 793 52 269 794 794 232 270 795 795 54 268 796 796 231 267 797 797 213 248 798 798 232 270 799 799 231 267 800 800 138 149 801 801 133 144 802 802 222 258 803 803 136 145 804 804 133 144 805 805 138 149 806 806 139 148 807 807 136 145 808 808 138 149 809 809 235 271 810 810 234 272 811 811 233 273 812 812 236 274 813 813 234 274 814 814 235 274 815 815 237 275 816 816 236 275 817 817 235 275 818 818 239 276 819 819 79 81 820 820 238 277 821 821 81 79 822 822 79 81 823 823 239 276 824 824 240 278 825 825 81 79 826 826 239 276 827 827 147 158 828 828 242 279 829 829 241 280 830 830 243 281 831 831 242 279 832 832 147 158 833 833 148 157 834 834 243 281 835 835 147 158 836 836 246 282 837 837 245 283 838 838 244 284 839 839 144 285 840 840 245 283 841 841 246 282 842 842 130 139 843 843 144 285 844 844 246 282 845 845 22 24 846 846 103 105 847 847 24 22 848 848 247 286 849 849 103 105 850 850 22 24 851 851 248 287 852 852 247 286 853 853 22 24 854 854 251 288 855 855 250 289 856 856 249 290 857 857 252 291 858 858 250 289 859 859 251 288 860 860 253 292 861 861 252 291 862 862 251 288 863 863 255 293 864 864 31 294 865 865 254 295 866 866 205 296 867 867 31 294 868 868 255 293 869 869 207 297 870 870 205 296 871 871 255 293 872 872 253 292 873 873 185 211 874 874 117 121 875 875 256 298 876 876 185 211 877 877 253 292 878 878 251 288 879 879 256 298 880 880 253 292 881 881 41 299 882 882 189 300 883 883 257 301 884 884 188 302 885 885 189 303 886 886 41 304 887 887 39 305 888 888 188 302 889 889 41 304 890 890 260 306 891 891 259 307 892 892 258 308 893 893 261 309 894 894 259 307 895 895 260 306 896 896 262 310 897 897 261 309 898 898 260 306 899 899 240 311 900 900 264 312 901 901 263 313 902 902 265 314 903 903 264 312 904 904 240 311 905 905 266 315 906 906 265 314 907 907 240 311 908 908 239 316 909 909 266 315 910 910 240 311 911 911 267 317 912 912 266 315 913 913 239 316 914 914 268 318 915 915 267 317 916 916 239 316 917 917 271 319 918 918 270 320 919 919 269 321 920 920 272 322 921 921 270 323 922 922 271 324 923 923 273 325 924 924 272 326 925 925 271 327 926 926 271 328 927 927 274 329 928 928 273 330 929 929 275 331 930 930 274 332 931 931 271 333 932 932 276 334 933 933 275 335 934 934 271 336 935 935 271 337 936 936 277 338 937 937 276 339 938 938 278 340 939 939 277 341 940 940 271 342 941 941 279 343 942 942 278 344 943 943 271 345 944 944 271 346 945 945 280 347 946 946 279 348 947 947 281 349 948 948 280 350 949 949 271 351 950 950 282 352 951 951 281 353 952 952 271 354 953 953 271 355 954 954 283 356 955 955 282 357 956 956 284 358 957 957 283 359 958 958 271 360 959 959 285 361 960 960 284 362 961 961 271 363 962 962 288 364 963 963 287 365 964 964 286 366 965 965 289 367 966 966 287 365 967 967 288 364 968 968 290 368 969 969 289 367 970 970 288 364 971 971 292 369 972 972 291 370 973 973 174 371 974 974 293 372 975 975 291 370 976 976 292 369 977 977 294 373 978 978 293 372 979 979 292 369 980 980 297 374 981 981 296 375 982 982 295 376 983 983 298 377 984 984 296 375 985 985 297 374 986 986 299 378 987 987 298 377 988 988 297 374 989 989 300 379 990 990 251 288 991 991 241 380 992 992 256 298 993 993 251 288 994 994 300 379 995 995 301 381 996 996 256 298 997 997 300 379 998 998 221 256 999 999 216 249 1000 1000 220 255 1001 1001 13 11 1002 1002 216 249 1003 1003 221 256 1004 1004 15 15 1005 1005 13 11 1006 1006 221 256 1007 1007 60 60 1008 1008 167 187 1009 1009 61 61 1010 1010 105 185 1011 1011 167 187 1012 1012 60 60 1013 1013 0 2 1014 1014 105 185 1015 1015 60 60 1016 1016 304 382 1017 1017 303 383 1018 1018 302 384 1019 1019 305 385 1020 1020 303 383 1021 1021 304 382 1022 1022 302 384 1023 1023 305 385 1024 1024 304 382 1025 1025 84 84 1026 1026 80 80 1027 1027 82 82 1028 1028 232 270 1029 1029 80 80 1030 1030 84 84 1031 1031 54 268 1032 1032 232 270 1033 1033 84 84 1034 1034 48 48 1035 1035 44 44 1036 1036 46 46 1037 1037 306 386 1038 1038 44 44 1039 1039 48 48 1040 1040 307 387 1041 1041 306 386 1042 1042 48 48 1043 1043 310 388 1044 1044 309 389 1045 1045 308 390 1046 1046 22 391 1047 1047 309 389 1048 1048 310 388 1049 1049 311 392 1050 1050 22 391 1051 1051 310 388 1052 1052 312 393 1053 1053 260 306 1054 1054 258 308 1055 1055 313 394 1056 1056 260 306 1057 1057 312 393 1058 1058 238 395 1059 1059 313 394 1060 1060 312 393 1061 1061 316 396 1062 1062 315 397 1063 1063 314 398 1064 1064 317 399 1065 1065 315 397 1066 1066 316 396 1067 1067 318 400 1068 1068 317 399 1069 1069 316 396 1070 1070 36 36 1071 1071 146 155 1072 1072 34 34 1073 1073 319 401 1074 1074 146 155 1075 1075 36 36 1076 1076 38 38 1077 1077 319 401 1078 1078 36 36 1079 1079 47 47 1080 1080 150 402 1081 1081 49 49 1082 1082 148 403 1083 1083 150 402 1084 1084 47 47 1085 1085 120 126 1086 1086 103 105 1087 1087 122 128 1088 1088 102 104 1089 1089 103 105 1090 1090 120 126 1091 1091 119 125 1092 1092 180 404 1093 1093 118 124 1094 1094 121 127 1095 1095 180 404 1096 1096 119 125 1097 1097 320 405 1098 1098 311 406 1099 1099 95 407 1100 1100 321 408 1101 1101 311 406 1102 1102 320 405 1103 1103 309 409 1104 1104 188 217 1105 1105 308 410 1106 1106 22 218 1107 1107 188 217 1108 1108 309 409 1109 1109 43 45 1110 1110 322 411 1111 1111 261 412 1112 1112 44 44 1113 1113 322 411 1114 1114 43 45 1115 1115 191 413 1116 1116 257 301 1117 1117 189 300 1118 1118 323 414 1119 1119 257 301 1120 1120 191 413 1121 1121 324 415 1122 1122 109 416 1123 1123 313 417 1124 1124 79 418 1125 1125 109 416 1126 1126 324 415 1127 1127 174 419 1128 1128 145 154 1129 1129 146 155 1130 1130 144 153 1131 1131 145 154 1132 1132 174 420 1133 1133 143 421 1134 1134 130 139 1135 1135 91 136 1136 1136 144 285 1137 1137 130 139 1138 1138 143 421 1139 1139 1 422 1140 1140 245 423 1141 1141 104 424 1142 1142 227 425 1143 1143 245 423 1144 1144 1 422 1145 1145 326 426 1146 1146 299 427 1147 1147 325 428 1148 1148 327 429 1149 1149 299 427 1150 1150 326 426 1151 1151 117 121 1152 1152 97 213 1153 1153 98 123 1154 1154 185 211 1155 1155 97 213 1156 1156 117 121 1157 1157 313 430 1158 1158 79 431 1159 1159 324 432 1160 1160 238 433 1161 1161 79 431 1162 1162 313 430 1163 1163 327 434 1164 1164 187 215 1165 1165 169 189 1166 1166 186 214 1167 1167 187 215 1168 1168 327 434 1169 1169 296 375 1170 1170 328 435 1171 1171 231 436 1172 1172 298 377 1173 1173 328 435 1174 1174 296 375 1175 1175 299 378 1176 1176 168 437 1177 1177 298 377 1178 1178 169 438 1179 1179 168 437 1180 1180 299 378 1181 1181 225 261 1182 1182 7 7 1183 1183 9 9 1184 1184 5 5 1185 1185 7 7 1186 1186 225 261 1187 1187 63 63 1188 1188 8 8 1189 1189 6 6 1190 1190 10 10 1191 1191 8 8 1192 1192 63 63 1193 1193 80 80 1194 1194 213 248 1195 1195 107 186 1196 1196 232 270 1197 1197 213 248 1198 1198 80 80 1199 1199 58 85 1200 1200 113 115 1201 1201 59 439 1202 1202 83 83 1203 1203 113 115 1204 1204 58 85 1205 1205 296 440 1206 1206 53 53 1207 1207 295 441 1208 1208 52 54 1209 1209 53 53 1210 1210 296 440 1211 1211 252 291 1212 1212 297 374 1213 1213 295 376 1214 1214 253 292 1215 1215 297 374 1216 1216 252 291 1217 1217 331 442 1218 1218 330 443 1219 1219 329 444 1220 1220 332 445 1221 1221 330 443 1222 1222 331 442 1223 1223 104 446 1224 1224 174 447 1225 1225 106 448 1226 1226 245 283 1227 1227 174 447 1228 1228 104 446 1229 1229 333 449 1230 1230 258 450 1231 1231 259 451 1232 1232 334 452 1233 1233 258 450 1234 1234 333 449 1235 1235 239 276 1236 1236 312 453 1237 1237 335 454 1238 1238 238 277 1239 1239 312 453 1240 1240 239 276 1241 1241 298 377 1242 1242 211 455 1243 1243 328 435 1244 1244 168 437 1245 1245 211 455 1246 1246 298 377 1247 1247 332 445 1248 1248 250 289 1249 1249 330 443 1250 1250 336 456 1251 1251 250 289 1252 1252 332 445 1253 1253 264 457 1254 1254 337 458 1255 1255 263 459 1256 1256 338 460 1257 1257 337 458 1258 1258 264 457 1259 1259 341 461 1260 1260 340 462 1261 1261 339 463 1262 1262 342 464 1263 1263 340 462 1264 1264 341 461 1265 1265 339 463 1266 1266 344 465 1267 1267 343 466 1268 1268 340 462 1269 1269 344 465 1270 1270 339 463 1271 1271 346 467 1272 1272 339 463 1273 1273 345 468 1274 1274 341 461 1275 1275 339 463 1276 1276 346 467 1277 1277 345 468 1278 1278 343 466 1279 1279 347 469 1280 1280 339 463 1281 1281 343 466 1282 1282 345 468 1283 1283 196 227 1284 1284 348 470 1285 1285 194 225 1286 1286 229 264 1287 1287 348 470 1288 1288 196 227 1289 1289 349 471 1290 1290 202 472 1291 1291 204 473 1292 1292 200 474 1293 1293 202 472 1294 1294 349 471 1295 1295 197 228 1296 1296 41 475 1297 1297 314 398 1298 1298 195 224 1299 1299 41 475 1300 1300 197 228 1301 1301 157 173 1302 1302 331 476 1303 1303 329 477 1304 1304 158 175 1305 1305 331 476 1306 1306 157 173 1307 1307 141 150 1308 1308 222 258 1309 1309 172 196 1310 1310 138 149 1311 1311 222 258 1312 1312 141 150 1313 1313 173 197 1314 1314 133 144 1315 1315 134 143 1316 1316 222 258 1317 1317 133 144 1318 1318 173 197 1319 1319 350 478 1320 1320 13 11 1321 1321 11 479 1322 1322 218 253 1323 1323 13 11 1324 1324 350 478 1325 1325 352 480 1326 1326 292 481 1327 1327 351 482 1328 1328 353 483 1329 1329 292 481 1330 1330 352 480 1331 1331 354 484 1332 1332 316 485 1333 1333 41 486 1334 1334 355 487 1335 1335 316 485 1336 1336 354 484 1337 1337 157 488 1338 1338 57 57 1339 1339 59 59 1340 1340 329 489 1341 1341 57 57 1342 1342 157 488 1343 1343 186 245 1344 1344 326 426 1345 1345 210 243 1346 1346 327 429 1347 1347 326 426 1348 1348 186 245 1349 1349 128 137 1350 1350 116 120 1351 1351 99 122 1352 1352 225 490 1353 1353 116 120 1354 1354 128 137 1355 1355 245 423 1356 1356 356 491 1357 1357 244 492 1358 1358 227 425 1359 1359 356 491 1360 1360 245 423 1361 1361 104 424 1362 1362 0 493 1363 1363 1 422 1364 1364 105 494 1365 1365 0 493 1366 1366 104 424 1367 1367 358 495 1368 1368 123 129 1369 1369 357 496 1370 1370 125 133 1371 1371 123 129 1372 1372 358 495 1373 1373 248 287 1374 1374 311 406 1375 1375 321 408 1376 1376 22 24 1377 1377 311 406 1378 1378 248 287 1379 1379 95 97 1380 1380 96 98 1381 1381 184 497 1382 1382 94 96 1383 1383 96 98 1384 1384 95 97 1385 1385 356 498 1386 1386 246 499 1387 1387 244 500 1388 1388 227 501 1389 1389 246 499 1390 1390 356 498 1391 1391 323 414 1392 1392 127 502 1393 1393 257 301 1394 1394 45 43 1395 1395 127 502 1396 1396 323 414 1397 1397 29 29 1398 1398 323 503 1399 1399 191 504 1400 1400 206 237 1401 1401 323 503 1402 1402 29 29 1403 1403 361 505 1404 1404 360 506 1405 1405 359 507 1406 1406 362 508 1407 1407 360 508 1408 1408 361 508 1409 1409 357 496 1410 1410 108 131 1411 1411 106 509 1412 1412 123 129 1413 1413 108 131 1414 1414 357 496 1415 1415 179 203 1416 1416 363 510 1417 1417 177 201 1418 1418 41 511 1419 1419 363 510 1420 1420 179 203 1421 1421 322 411 1422 1422 259 451 1423 1423 261 412 1424 1424 333 449 1425 1425 259 451 1426 1426 322 411 1427 1427 268 512 1428 1428 266 512 1429 1429 267 512 1430 1430 265 513 1431 1431 266 513 1432 1432 268 513 1433 1433 109 514 1434 1434 260 306 1435 1435 313 394 1436 1436 124 515 1437 1437 260 306 1438 1438 109 514 1439 1439 260 306 1440 1440 126 516 1441 1441 262 310 1442 1442 124 515 1443 1443 126 516 1444 1444 260 306 1445 1445 208 239 1446 1446 323 503 1447 1447 206 237 1448 1448 45 43 1449 1449 323 503 1450 1450 208 239 1451 1451 263 459 1452 1452 110 113 1453 1453 240 278 1454 1454 337 458 1455 1455 110 113 1456 1456 263 459 1457 1457 183 209 1458 1458 95 407 1459 1459 184 210 1460 1460 320 405 1461 1461 95 407 1462 1462 183 209 1463 1463 212 247 1464 1464 328 517 1465 1465 211 246 1466 1466 213 248 1467 1467 328 517 1468 1468 212 247 1469 1469 335 454 1470 1470 258 450 1471 1471 334 452 1472 1472 312 453 1473 1473 258 450 1474 1474 335 454 1475 1475 340 462 1476 1476 364 518 1477 1477 344 465 1478 1478 365 519 1479 1479 364 518 1480 1480 340 462 1481 1481 342 464 1482 1482 365 519 1483 1483 340 462 1484 1484 366 520 1485 1485 365 519 1486 1486 342 464 1487 1487 156 521 1488 1488 151 160 1489 1489 367 522 1490 1490 51 162 1491 1491 151 160 1492 1492 156 521 1493 1493 265 314 1494 1494 322 523 1495 1495 264 312 1496 1496 268 318 1497 1497 322 523 1498 1498 265 314 1499 1499 311 406 1500 1500 368 524 1501 1501 95 407 1502 1502 39 305 1503 1503 368 524 1504 1504 311 406 1505 1505 335 525 1506 1506 268 318 1507 1507 239 316 1508 1508 334 526 1509 1509 268 318 1510 1510 335 525 1511 1511 333 527 1512 1512 268 318 1513 1513 334 526 1514 1514 322 523 1515 1515 268 318 1516 1516 333 527 1517 1517 170 191 1518 1518 254 528 1519 1519 32 192 1520 1520 301 529 1521 1521 254 528 1522 1522 170 191 1523 1523 118 195 1524 1524 369 530 1525 1525 171 193 1526 1526 180 531 1527 1527 369 530 1528 1528 118 195 1529 1529 310 532 1530 1530 39 305 1531 1531 311 406 1532 1532 188 302 1533 1533 39 305 1534 1534 310 532 1535 1535 30 30 1536 1536 100 103 1537 1537 32 32 1538 1538 28 28 1539 1539 100 103 1540 1540 30 30 1541 1541 25 25 1542 1542 190 533 1543 1543 23 23 1544 1544 27 27 1545 1545 190 533 1546 1546 25 25 1547 1547 191 504 1548 1548 27 27 1549 1549 29 29 1550 1550 190 533 1551 1551 27 27 1552 1552 191 504 1553 1553 372 534 1554 1554 371 535 1555 1555 370 536 1556 1556 373 537 1557 1557 371 538 1558 1558 372 539 1559 1559 374 540 1560 1560 217 252 1561 1561 218 253 1562 1562 215 250 1563 1563 217 252 1564 1564 374 540 1565 1565 371 541 1566 1566 376 542 1567 1567 375 543 1568 1568 373 544 1569 1569 376 542 1570 1570 371 541 1571 1571 148 403 1572 1572 207 238 1573 1573 243 545 1574 1574 208 239 1575 1575 207 238 1576 1576 148 403 1577 1577 255 293 1578 1578 300 379 1579 1579 242 546 1580 1580 254 295 1581 1581 300 379 1582 1582 255 293 1583 1583 378 547 1584 1584 371 548 1585 1585 377 549 1586 1586 379 550 1587 1587 371 551 1588 1588 378 552 1589 1589 380 553 1590 1590 371 554 1591 1591 379 555 1592 1592 381 556 1593 1593 371 554 1594 1594 380 553 1595 1595 156 170 1596 1596 336 456 1597 1597 155 166 1598 1598 367 557 1599 1599 336 456 1600 1600 156 170 1601 1601 50 50 1602 1602 307 387 1603 1603 48 48 1604 1604 154 558 1605 1605 307 387 1606 1606 50 50 1607 1607 249 290 1608 1608 336 456 1609 1609 367 557 1610 1610 250 289 1611 1611 336 456 1612 1612 249 290 1613 1613 368 559 1614 1614 37 37 1615 1615 95 97 1616 1616 39 39 1617 1617 37 37 1618 1618 368 559 1619 1619 126 560 1620 1620 382 561 1621 1621 262 562 1622 1622 43 563 1623 1623 382 561 1624 1624 126 560 1625 1625 208 239 1626 1626 47 47 1627 1627 45 43 1628 1628 148 403 1629 1629 47 47 1630 1630 208 239 1631 1631 42 42 1632 1632 38 38 1633 1633 40 40 1634 1634 319 401 1635 1635 38 38 1636 1636 42 42 1637 1637 43 564 1638 1638 262 565 1639 1639 382 566 1640 1640 261 567 1641 1641 262 568 1642 1642 43 569 1643 1643 296 375 1644 1644 231 436 1645 1645 52 570 1646 1646 209 571 1647 1647 115 571 1648 1648 10 571 1649 1649 109 572 1650 1650 238 572 1651 1651 313 572 1652 1652 200 573 1653 1653 349 574 1654 1654 383 575 1655 1655 349 576 1656 1656 204 577 1657 1657 384 578 1658 1658 316 396 1659 1659 314 398 1660 1660 41 475 1661 1661 351 482 1662 1662 292 481 1663 1663 174 265 1664 1664 116 120 1665 1665 225 579 1666 1666 9 118 1667 1667 110 113 1668 1668 81 79 1669 1669 240 278 1670 1670 358 495 1671 1671 257 580 1672 1672 127 135 1673 1673 385 581 1674 1674 360 581 1675 1675 362 581 1676 1676 125 133 1677 1677 358 495 1678 1678 127 135 1679 1679 247 286 1680 1680 122 582 1681 1681 103 105 1682 1682 254 295 1683 1683 31 294 1684 1684 32 583 1685 1685 126 584 1686 1686 45 43 1687 1687 43 45 1688 1688 300 379 1689 1689 254 295 1690 1690 301 381 1691 1691 371 585 1692 1692 381 585 1693 1693 370 585 1694 1694 330 443 1695 1695 250 289 1696 1696 252 291 1697 1697 306 386 1698 1698 338 460 1699 1699 44 44 1700 1700 242 546 1701 1701 243 586 1702 1702 207 297 1703 1703 369 587 1704 1704 180 587 1705 1705 181 587 1706 1706 126 588 1707 1707 262 588 1708 1708 261 588 1709 1709 310 532 1710 1710 308 589 1711 1711 188 302 1712 1712 181 205 1713 1713 182 207 1714 1714 185 211 1715 1715 338 460 1716 1716 264 457 1717 1717 44 44 1718 1718 241 590 1719 1719 242 546 1720 1720 300 379 1721 1721 1 1 1722 1722 3 3 1723 1723 227 262 1724 1724 299 378 1725 1725 327 591 1726 1726 169 438 1727 1727 3 3 1728 1728 5 5 1729 1729 227 262 1730 1730 109 111 1731 1731 79 81 1732 1732 80 80 1733 1733 297 374 1734 1734 325 592 1735 1735 299 378 1736 1736 253 292 1737 1737 325 593 1738 1738 297 374 1739 1739 328 517 1740 1740 213 248 1741 1741 231 267 1742 1742 351 482 1743 1743 174 265 1744 1744 228 263 1745 1745 230 266 1746 1746 348 470 1747 1747 229 264 1748 1748 294 594 1749 1749 292 481 1750 1750 353 483 1751 1751 355 487 1752 1752 318 595 1753 1753 316 485 1754 1754 56 86 1755 1755 54 268 1756 1756 84 84 1757 1757 144 285 1758 1758 174 447 1759 1759 245 283 1760 1760 44 44 1761 1761 264 457 1762 1762 322 411 1763 1763 227 501 1764 1764 130 596 1765 1765 246 499 1766 1766 126 584 1767 1767 127 502 1768 1768 45 43 1769 1769 242 546 1770 1770 207 297 1771 1771 255 293 1772 1772 269 597 1773 1773 285 598 1774 1774 271 599 1775 1775 288 364 1776 1776 286 366 1777 1777 290 368 1778 1778 224 259 1779 1779 172 196 1780 1780 222 258 1781 1781</p>
        </triangles>
      </mesh>
    </geometry>
    <geometry id="polygon1-mesh" name="polygon1">
      <mesh>
        <source id="polygon1-mesh-positions">
          <float_array id="polygon1-mesh-positions-array" count="480">-80.99219 65.78906 -100.2031 -43.75 65.78906 -100.2031 -80.99219 61.35938 -83.65625 -43.75 61.35938 -83.65625 -80.99219 49.24219 -71.54688 -43.75 49.24219 -71.54688 -80.99219 32.70313 -67.10938 -43.75 32.70313 -67.10938 -80.99219 16.15625 -71.54688 -43.75 16.15625 -71.54688 -80.99219 4.046875 -83.65625 -43.75 4.046875 -83.65625 -80.99219 -0.390625 -100.2031 -43.75 -0.390625 -100.2031 -80.99219 4.046875 -116.7422 -43.75 4.046875 -116.7422 -80.99219 16.15625 -128.8594 -43.75 16.15625 -128.8594 -80.99219 32.70313 -133.2891 -43.75 32.70313 -133.2891 -80.99219 49.24219 -128.8594 -43.75 49.24219 -128.8594 -80.99219 61.35938 -116.7422 -43.75 61.35938 -116.7422 -78.84375 58.79688 87.10156 -45.64844 58.79688 87.10156 -78.84375 54.84375 101.8516 -45.64844 54.84375 101.8516 -78.84375 44.04688 112.6406 -45.64844 44.04688 112.6406 -78.84375 29.29688 116.5938 -45.64844 29.29688 116.5938 -78.84375 14.55469 112.6406 -45.64844 14.55469 112.6406 -78.84375 3.757813 101.8516 -45.64844 3.757813 101.8516 -78.84375 -0.1953125 87.10156 -45.64844 -0.1953125 87.10156 -78.84375 3.757813 72.35156 -45.64844 3.757813 72.35156 -78.84375 14.55469 61.55469 -45.64844 14.55469 61.55469 -78.84375 29.29688 57.60156 -45.64844 29.29688 57.60156 -78.84375 44.04688 61.55469 -45.64844 44.04688 61.55469 -78.84375 54.84375 72.35156 -45.64844 54.84375 72.35156 45.64844 58.79688 87.10156 45.64844 54.84375 101.8516 45.64844 54.84375 72.35156 45.64844 44.04688 112.6406 45.64844 44.04688 61.55469 45.64844 29.29688 116.5938 45.64844 29.29688 57.60156 45.64844 14.55469 61.55469 43.75 65.78906 -100.2031 43.75 61.35938 -83.65625 43.75 61.35938 -116.7422 43.75 49.24219 -71.54688 43.75 49.24219 -128.8594 43.75 32.70313 -67.10938 43.75 32.70313 -133.2891 43.75 16.15625 -128.8594 82.67969 21.67969 68.32813 78.84375 14.55469 61.55469 82.67969 14.98438 72.78906 78.84375 3.757813 72.35156 82.67969 10.53125 79.48438 78.84375 -0.1953125 87.10156 82.67969 8.65625 87.10156 85.29688 41.24219 -79.14063 80.99219 49.24219 -71.54688 85.29688 48.75781 -84.14063 80.99219 61.35938 -83.65625 85.29688 53.75781 -91.65625 80.99219 65.78906 -100.2031 85.29688 55.85938 -100.2031 85.29688 24.15625 -121.2578 80.99219 16.15625 -128.8594 85.29688 16.64063 -116.2578 80.99219 4.046875 -116.7422 85.29688 11.64063 -108.7422 80.99219 -0.390625 -100.2031 85.29688 9.539063 -100.2031 -82.67969 21.67969 105.8672 -82.67969 14.98438 101.4141 -82.67969 10.53125 94.71875 -82.67969 8.65625 87.10156 -82.67969 36.91406 68.32813 -82.67969 43.61719 72.78906 -82.67969 48.07031 79.48438 -82.67969 49.94531 87.10156 -85.29688 24.15625 -79.14063 -85.29688 16.64063 -84.14063 -85.29688 11.64063 -91.65625 -85.29688 9.539063 -100.2031 -85.29688 41.24219 -121.2578 -85.29688 48.75781 -116.2578 -85.29688 53.75781 -108.7422 -85.29688 55.85938 -100.2031 82.67969 36.91406 105.8672 78.84375 44.04688 112.6406 82.67969 43.61719 101.4141 78.84375 54.84375 101.8516 82.67969 48.07031 94.71875 78.84375 58.79688 87.10156 82.67969 49.94531 87.10156 43.75 -0.390625 -100.2031 43.75 4.046875 -116.7422 43.75 4.046875 -83.65625 43.75 16.15625 -71.54688 45.64844 -0.1953125 87.10156 45.64844 3.757813 72.35156 45.64844 3.757813 101.8516 45.64844 14.55469 112.6406 -85.29688 32.70313 -123.7109 -85.29688 24.15625 -121.2578 85.29688 24.15625 -79.14063 80.99219 16.15625 -71.54688 85.29688 32.70313 -76.6875 80.99219 32.70313 -67.10938 -82.67969 29.29688 66.14063 -82.67969 21.67969 68.32813 82.67969 21.67969 105.8672 82.67969 14.98438 101.4141 78.84375 14.55469 112.6406 78.84375 3.757813 101.8516 82.67969 29.29688 108.0547 78.84375 29.29688 116.5938 78.84375 44.04688 61.55469 78.84375 29.29688 57.60156 82.67969 36.91406 68.32813 82.67969 29.29688 66.14063 85.29688 16.64063 -84.14063 80.99219 4.046875 -83.65625 -82.67969 36.91406 105.8672 -82.67969 43.61719 101.4141 -82.67969 29.29688 108.0547 -82.67969 14.98438 72.78906 -85.29688 41.24219 -79.14063 -85.29688 48.75781 -84.14063 -85.29688 32.70313 -76.6875 -85.29688 16.64063 -116.2578 -85.29688 11.64063 -108.7422 -85.29688 53.75781 -91.65625 -82.67969 10.53125 79.48438 -82.67969 48.07031 94.71875 82.67969 43.61719 72.78906 78.84375 54.84375 72.35156 85.29688 41.24219 -121.2578 85.29688 48.75781 -116.2578 80.99219 49.24219 -128.8594 80.99219 61.35938 -116.7422 85.29688 53.75781 -108.7422 82.67969 10.53125 94.71875 80.99219 32.70313 -133.2891 82.67969 48.07031 79.48438 85.29688 11.64063 -91.65625 85.29688 32.70313 -123.7109</float_array>
          <technique_common>
            <accessor source="#polygon1-mesh-positions-array" count="160" stride="3">
              <param name="X" type="float"/>
              <param name="Y" type="float"/>
              <param name="Z" type="float"/>
            </accessor>
          </technique_common>
        </source>
        <source id="polygon1-mesh-normals">
          <float_array id="polygon1-mesh-normals-array" count="480">-0.6621363 0.6461843 0.3795017 0.459739 0.8880541 -5.1708e-5 -0.554858 0.8319452 -2.61841e-6 0.7192612 0.6016736 0.3473503 -0.720344 0.333763 0.6080353 0.7192384 0.347357 0.601697 -0.5510516 -4.73112e-7 0.8344713 0.7192217 -7.4124e-6 0.6947807 -0.7203609 -0.3337163 0.6080408 0.7192488 -0.3473581 0.601684 -0.6621069 -0.6462068 0.3795145 0.7192464 -0.6016867 0.3473584 -0.5548804 -0.8319302 3.61167e-6 0.4597353 -0.8880561 5.19305e-6 -0.6621287 -0.6461757 -0.3795295 0.7192289 -0.601709 -0.3473559 -0.6615228 -0.3801701 -0.6464197 0.7192527 -0.3473461 -0.6016863 -0.7151651 -9.68576e-7 -0.6989556 0.7192348 -5.24614e-6 -0.6947672 -0.6615446 0.380173 -0.6463955 0.7192384 0.3473652 -0.6016922 -0.6621212 0.6461799 -0.3795354 0.7192631 0.6016718 -0.3473497 -0.6621258 0.6461789 0.3795292 0.4597362 0.8880556 -6.5413e-7 -0.5548743 0.8319342 9.08505e-7 0.7192384 0.6016935 0.3473631 -0.7203587 0.3337298 0.608036 0.7192654 0.3473488 0.6016695 -0.5510298 -2.62074e-6 0.8344856 0.7192451 8.86619e-7 0.6947564 -0.7203465 -0.3337497 0.6080395 0.7192329 -0.3473624 0.6017006 -0.6621308 -0.6461739 0.3795289 0.7192481 -0.6016916 0.3473463 -0.5548741 -0.8319345 0 0.4597364 -0.8880555 -1.93864e-5 -0.6621015 -0.6462057 -0.3795257 0.7192667 -0.6016668 -0.3473507 -0.6615245 -0.3801805 -0.6464117 0.7192666 -0.3473392 -0.6016736 -0.7151399 -2.39983e-5 -0.6989814 0.7192332 -6.13369e-6 -0.6947687 -0.6615334 0.3801866 -0.646399 0.7192517 0.3473581 -0.6016805 -0.6621065 0.6462005 -0.3795259 0.7192333 0.6017019 -0.3473592 -0.7192333 0.6017022 -0.3473585 -0.7192384 0.6016935 0.3473631 -0.4597362 0.8880555 1.83508e-5 -0.7192654 0.3473488 0.6016695 -0.7192517 0.3473441 -0.6016886 -0.7192451 8.76375e-7 0.6947564 -0.7151454 -5.49594e-5 -0.6989758 -0.7192666 -0.347338 -0.6016743 -0.7192631 0.6016729 -0.3473476 -0.7192612 0.6016736 0.3473503 -0.459739 0.8880541 0 -0.7192385 0.347357 0.601697 -0.7192385 0.3473557 -0.6016977 -0.7192217 -7.40681e-6 0.6947807 -0.7151472 4.8957e-5 -0.698974 -0.7192527 -0.3473491 -0.6016845 0.9486501 -0.2237398 -0.2236151 0.6615243 -0.3801845 -0.6464096 0.945483 -0.1223194 -0.3018278 0.6621018 -0.6462088 -0.3795201 0.9534379 -0.2762387 -0.1210308 0.5548741 -0.8319344 -1.25309e-6 0.9514837 -0.3076993 1.22391e-4 0.9484334 0.2240731 0.2241997 0.7203433 0.333751 0.6080427 0.9531936 0.1256123 0.2750337 0.6621358 0.6461749 0.3795186 0.9536077 0.2757049 0.1209095 0.554858 0.8319452 -2.63797e-6 0.9521014 0.3057828 6.15027e-5 0.9486374 -0.2237631 -0.2236455 0.6615228 -0.3801689 -0.6464204 0.9454809 -0.1223233 -0.3018329 0.6621286 -0.6461753 -0.3795303 0.9534294 -0.276266 -0.121035 0.5548804 -0.8319302 4.05125e-6 0.9514896 -0.3076812 1.22493e-4 -0.9480078 -0.2250328 0.2250369 -0.9528992 -0.1260344 0.2758598 -0.9529488 -0.2775993 0.1217672 -0.9514837 -0.3076993 1.22394e-4 -0.9489635 0.2230104 -0.2230129 -0.9456561 0.1220694 -0.3013863 -0.9539607 0.2746971 -0.1204181 -0.9520959 0.3057998 6.03888e-5 -0.9480064 -0.2250354 0.2250398 -0.9528966 -0.126034 0.2758687 -0.952953 -0.2775856 0.1217656 -0.9514896 -0.3076812 1.22486e-4 -0.9489524 0.2230376 -0.2230329 -0.945657 0.1220657 -0.3013849 -0.9539569 0.2747091 -0.1204212 -0.9521014 0.3057828 6.15232e-5 0.9484332 0.2240769 0.2241967 0.720358 0.3337166 0.6080441 0.9531895 0.1256193 0.2750449 0.6621264 0.64619 0.3795092 0.9536135 0.2756851 0.1209092 0.5548743 0.8319343 8.98726e-7 0.9520959 0.3057998 6.04e-5 -0.7192463 -0.6016864 0.3473591 -0.7192289 -0.601709 -0.3473559 -0.4597353 -0.888056 5.27501e-6 -0.7192488 -0.3473542 0.6016862 -0.7192481 -0.6016901 0.3473491 -0.7192667 -0.6016668 -0.3473507 -0.4597364 -0.8880555 -1.93194e-5 -0.7192328 -0.3473629 0.6017002 -0.9514011 -6.16014e-5 -0.3079547 -0.9454808 -0.1223233 -0.3018329 0.9403045 -6.36447e-5 0.3403344 0.7203612 -0.333721 0.608038 0.9528966 -0.126034 0.2758687 0.5510515 1.90688e-6 0.8344712 -0.9513909 -5.67902e-5 -0.3079863 -0.945483 -0.1223192 -0.3018279 0.7203465 -0.3337498 0.6080395 0.9480078 -0.2250325 0.2250369 0.9528991 -0.1260342 0.2758603 0.662131 -0.6461783 0.3795211 0.940307 -6.02976e-5 0.3403276 0.5510298 -5.74821e-5 0.8344856 0.9456561 0.1220691 -0.3013863 0.7192252 1.39289e-5 -0.694777 0.6615342 0.3801648 -0.6464111 0.9513908 -5.68107e-5 -0.3079863 0.9480064 -0.2250355 0.2250399 0.6621063 -0.6461947 0.3795363 -0.9484332 0.2240768 0.2241968 -0.9531896 0.1256189 0.2750446 -0.9403071 -6.00032e-5 0.3403273 -0.94865 -0.2237395 -0.2236151 -0.9484333 0.2240732 0.2241997 -0.9531937 0.1256123 0.2750337 -0.9403045 -6.36745e-5 0.3403343 -0.9486374 -0.223763 -0.2236455 -0.9534294 -0.276266 -0.121035 -0.9536077 0.2757052 0.1209096 -0.9534379 -0.2762387 -0.1210307 -0.9536135 0.2756853 0.1209093 0.9489635 0.2230102 -0.2230129 0.6621068 0.6462049 -0.379518 0.6615448 0.3801704 -0.6463969 0.9489524 0.2230374 -0.2230329 0.945657 0.1220656 -0.3013849 0.6621221 0.6461959 -0.3795067 0.9539569 0.2747091 -0.1204212 0.9529488 -0.2775992 0.1217672 0.7192501 -8.49198e-5 -0.6947513 0.9539607 0.2746971 -0.1204181 0.952953 -0.2775856 0.1217656 0.9514011 -6.15846e-5 -0.3079547</float_array>
          <technique_common>
            <accessor source="#polygon1-mesh-normals-array" count="160" stride="3">
              <param name="X" type="float"/>
              <param name="Y" type="float"/>
              <param name="Z" type="float"/>
            </accessor>
          </technique_common>
        </source>
        <source id="polygon1-mesh-map-0">
          <float_array id="polygon1-mesh-map-0-array" count="1488">5.037842 -0.5507813 5.574707 -0.9716797 5.574707 -0.5507813 5.037842 -0.9716797 5.574707 -0.9716797 5.037842 -0.5507813 4.500488 -0.5507813 5.037842 -0.9716797 5.037842 -0.5507813 4.500488 -0.9716797 5.037842 -0.9716797 4.500488 -0.5507813 3.962402 -0.5507813 4.500488 -0.9716797 4.500488 -0.5507813 3.962402 -0.9716797 4.500488 -0.9716797 3.962402 -0.5507813 3.423828 -0.5507813 3.962402 -0.9716797 3.962402 -0.5507813 3.423828 -0.9716797 3.962402 -0.9716797 3.423828 -0.5507813 2.884277 -0.5507813 3.423828 -0.9716797 3.423828 -0.5507813 2.884277 -0.9716797 3.423828 -0.9716797 2.884277 -0.5507813 2.34375 -0.5507813 2.884277 -0.9716797 2.884277 -0.5507813 2.34375 -0.9716797 2.884277 -0.9716797 2.34375 -0.5507813 1.801514 -0.5507813 2.34375 -0.9716797 2.34375 -0.5507813 1.801514 -0.9716797 2.34375 -0.9716797 1.801514 -0.5507813 1.257324 -0.5507813 1.801514 -0.9716797 1.801514 -0.5507813 1.257324 -0.9716797 1.801514 -0.9716797 1.257324 -0.5507813 0.7104492 -0.5507813 1.257324 -0.9716797 1.257324 -0.5507813 0.7104492 -0.9716797 1.257324 -0.9716797 0.7104492 -0.5507813 0.1638184 -0.5507813 0.7104492 -0.9716797 0.7104492 -0.5507813 0.1638184 -0.9716797 0.7104492 -0.9716797 0.1638184 -0.5507813 -0.3825684 -0.5507813 0.1638184 -0.9716797 0.1638184 -0.5507813 -0.3825684 -0.9716797 0.1638184 -0.9716797 -0.3825684 -0.5507813 -0.9291992 -0.5507813 -0.3825684 -0.9716797 -0.3825684 -0.5507813 -0.9289551 -0.9716797 -0.3825684 -0.9716797 -0.9291992 -0.5507813 -0.3808594 -0.5507813 -0.9265137 -0.9716797 -0.9265137 -0.5507813 -0.3811035 -0.9716797 -0.9265137 -0.9716797 -0.3808594 -0.5507813 0.1540527 -0.5507813 -0.3811035 -0.9716797 -0.3808594 -0.5507813 0.1540527 -0.9716797 -0.3811035 -0.9716797 0.1540527 -0.5507813 0.6899414 -0.5507813 0.1540527 -0.9716797 0.1540527 -0.5507813 0.6899414 -0.9716797 0.1540527 -0.9716797 0.6899414 -0.5507813 1.226318 -0.5507813 0.6899414 -0.9716797 0.6899414 -0.5507813 1.226318 -0.9716797 0.6899414 -0.9716797 1.226318 -0.5507813 1.763428 -0.5507813 1.226318 -0.9716797 1.226318 -0.5507813 1.763428 -0.9716797 1.226318 -0.9716797 1.763428 -0.5507813 2.302002 -0.5507813 1.763428 -0.9716797 1.763428 -0.5507813 2.302002 -0.9716797 1.763428 -0.9716797 2.302002 -0.5507813 2.841797 -0.5507813 2.302002 -0.9716797 2.302002 -0.5507813 2.841797 -0.9716797 2.302002 -0.9716797 2.841797 -0.5507813 3.383789 -0.5507813 2.841797 -0.9716797 2.841797 -0.5507813 3.383789 -0.9716797 2.841797 -0.9716797 3.383789 -0.5507813 3.928223 -0.5507813 3.383789 -0.9716797 3.383789 -0.5507813 3.928223 -0.9716797 3.383789 -0.9716797 3.928223 -0.5507813 4.472656 -0.5507813 3.928223 -0.9716797 3.928223 -0.5507813 4.472656 -0.9716797 3.928223 -0.9716797 4.472656 -0.5507813 5.016846 -0.5507813 4.472656 -0.9716797 4.472656 -0.5507813 5.016846 -0.9716797 4.472656 -0.9716797 5.016846 -0.5507813 5.561035 -0.5507813 5.016846 -0.9716797 5.016846 -0.5507813 5.561035 -0.9716797 5.016846 -0.9716797 5.561035 -0.5507813 1.724121 0.9614259 1.24292 0.9614259 1.483398 0.9926759 1.06665 0.8762207 1.24292 0.9614259 1.724121 0.9614259 1.900391 0.8762207 1.06665 0.8762207 1.724121 0.9614259 1.002197 0.7600098 1.06665 0.8762207 1.900391 0.8762207 1.964844 0.7600098 1.002197 0.7600098 1.900391 0.8762207 1.900391 0.6435547 1.002197 0.7600098 1.964844 0.7600098 1.723877 0.9606934 1.243164 0.9606934 1.483398 0.9919434 1.067139 0.8759766 1.243164 0.9606934 1.723877 0.9606934 1.899902 0.8759766 1.067139 0.8759766 1.723877 0.9606934 1.002686 0.7600098 1.067139 0.8759766 1.899902 0.8759766 1.964355 0.7600098 1.002686 0.7600098 1.899902 0.8759766 1.899902 0.644043 1.002686 0.7600098 1.964355 0.7600098 0.166748 0.4772949 0.01660156 0.5507813 0.0078125 0.4777832 0.2910156 0.5500488 0.01660156 0.5507813 0.166748 0.4772949 0.3557129 0.4768066 0.2910156 0.5500488 0.166748 0.4772949 0.5524902 0.5390625 0.2910156 0.5500488 0.3557129 0.4768066 0.5175781 0.4726563 0.5524902 0.5390625 0.3557129 0.4768066 0.166748 0.4772949 0.01660156 0.5507813 0.0078125 0.4777832 0.2910156 0.5500488 0.01660156 0.5507813 0.166748 0.4772949 0.3557129 0.4768066 0.2910156 0.5500488 0.166748 0.4772949 0.5524902 0.5390625 0.2910156 0.5500488 0.3557129 0.4768066 0.5175781 0.4726563 0.5524902 0.5390625 0.3557129 0.4768066 0.166748 0.4772949 0.01660156 0.5507813 0.0078125 0.4777832 0.2910156 0.5500488 0.01660156 0.5507813 0.166748 0.4772949 0.3557129 0.4768066 0.2910156 0.5500488 0.166748 0.4772949 0.5524902 0.5390625 0.2910156 0.5500488 0.3557129 0.4768066 0.5175781 0.4726563 0.5524902 0.5390625 0.3557129 0.4768066 -0.8679199 0.4790039 -0.9836426 0.5534668 -0.9897461 0.480957 -0.7148438 0.5571289 -0.9836426 0.5534668 -0.8679199 0.4790039 -0.6755371 0.4794922 -0.7148438 0.5571289 -0.8679199 0.4790039 -0.40625 0.5373535 -0.7148438 0.5571289 -0.6755371 0.4794922 -0.5026855 0.4785156 -0.40625 0.5373535 -0.6755371 0.4794922 -0.8679199 0.4790039 -0.9836426 0.5534668 -0.9897461 0.480957 -0.7148438 0.5571289 -0.9836426 0.5534668 -0.8679199 0.4790039 -0.6755371 0.4794922 -0.7148438 0.5571289 -0.8679199 0.4790039 -0.40625 0.5373535 -0.7148438 0.5571289 -0.6755371 0.4794922 -0.5026855 0.4785156 -0.40625 0.5373535 -0.6755371 0.4794922 -1.102051 0.4790039 -1.001221 0.5534668 -0.9960938 0.480957 -1.235352 0.5571289 -1.001221 0.5534668 -1.102051 0.4790039 -1.269531 0.4794922 -1.235352 0.5571289 -1.102051 0.4790039 -1.503906 0.5373535 -1.235352 0.5571289 -1.269531 0.4794922 -1.419922 0.4785156 -1.503906 0.5373535 -1.269531 0.4794922 -1.102051 0.4790039 -1.001221 0.5534668 -0.9960938 0.480957 -1.235352 0.5571289 -1.001221 0.5534668 -1.102051 0.4790039 -1.269531 0.4794922 -1.235352 0.5571289 -1.102051 0.4790039 -1.503906 0.5373535 -1.235352 0.5571289 -1.269531 0.4794922 -1.419922 0.4785156 -1.503906 0.5373535 -1.269531 0.4794922 0.166748 0.4772949 0.01660156 0.5507813 0.0078125 0.4777832 0.2910156 0.5500488 0.01660156 0.5507813 0.166748 0.4772949 0.3557129 0.4768066 0.2910156 0.5500488 0.166748 0.4772949 0.5524902 0.5390625 0.2910156 0.5500488 0.3557129 0.4768066 0.5175781 0.4726563 0.5524902 0.5390625 0.3557129 0.4768066 1.243164 0.559082 1.723877 0.559082 1.483398 0.5280762 1.899902 0.644043 1.723877 0.559082 1.243164 0.559082 1.067139 0.644043 1.899902 0.644043 1.243164 0.559082 1.002686 0.7600098 1.899902 0.644043 1.067139 0.644043 1.24292 0.5583496 1.724121 0.5583496 1.483398 0.5273438 1.900391 0.6435547 1.724121 0.5583496 1.24292 0.5583496 1.06665 0.6435547 1.900391 0.6435547 1.24292 0.5583496 1.002197 0.7600098 1.900391 0.6435547 1.06665 0.6435547 1.899902 0.644043 1.067139 0.644043 1.243164 0.559082 1.002686 0.7600098 1.067139 0.644043 1.899902 0.644043 1.964355 0.7600098 1.002686 0.7600098 1.899902 0.644043 1.899902 0.8759766 1.002686 0.7600098 1.964355 0.7600098 1.002197 0.7600098 1.964844 0.7600098 1.900391 0.8762207 1.900391 0.6435547 1.964844 0.7600098 1.002197 0.7600098 1.06665 0.6435547 1.900391 0.6435547 1.002197 0.7600098 1.24292 0.5583496 1.900391 0.6435547 1.06665 0.6435547 -0.004638671 0.7636719 -0.1965332 0.8349609 -0.0715332 0.885498 -0.159668 0.7670898 -0.1965332 0.8349609 -0.004638671 0.7636719 -0.1906738 0.6945801 -0.159668 0.7670898 -0.004638671 0.7636719 -0.8596191 0.7746582 -0.9350586 0.6416016 -0.8271484 0.7011719 -1.001953 0.7636719 -0.9350586 0.6416016 -0.8596191 0.7746582 -0.9350586 0.885498 -1.001953 0.7636719 -0.8596191 0.7746582 -0.004638671 0.7636719 -0.1965332 0.8349609 -0.0715332 0.885498 -0.159668 0.7670898 -0.1965332 0.8349609 -0.004638671 0.7636719 -0.1906738 0.6945801 -0.159668 0.7670898 -0.004638671 0.7636719 -1.001221 0.5534668 -1.102051 0.4790039 -0.9960938 0.480957 -1.235352 0.5571289 -1.102051 0.4790039 -1.001221 0.5534668 -0.9350586 0.885498 -0.8596191 0.7746582 -0.8125 0.8425293 -1.001953 0.7636719 -0.8596191 0.7746582 -0.9350586 0.885498 -0.9350586 0.6416016 -0.8596191 0.7746582 -1.001953 0.7636719 -0.8271484 0.7011719 -0.8596191 0.7746582 -0.9350586 0.6416016 -0.1965332 0.8349609 -0.004638671 0.7636719 -0.0715332 0.885498 -0.159668 0.7670898 -0.004638671 0.7636719 -0.1965332 0.8349609 -0.1906738 0.6945801 -0.004638671 0.7636719 -0.159668 0.7670898 -0.0715332 0.6416016 -0.004638671 0.7636719 -0.1906738 0.6945801 -1.001221 0.5534668 -1.102051 0.4790039 -0.9960938 0.480957 -1.235352 0.5571289 -1.102051 0.4790039 -1.001221 0.5534668 1.724121 0.5583496 1.24292 0.5583496 1.483398 0.5273438 1.900391 0.6435547 1.24292 0.5583496 1.724121 0.5583496 -9.76562e-4 0.5617676 -0.1010742 0.4736328 0.007568359 0.4797363 -0.2314453 0.5588379 -0.1010742 0.4736328 -9.76562e-4 0.5617676 1.723877 0.559082 1.243164 0.559082 1.483398 0.5280762 1.899902 0.644043 1.243164 0.559082 1.723877 0.559082 -0.9350586 0.6416016 -0.8596191 0.7746582 -0.8271484 0.7011719 -1.001953 0.7636719 -0.8596191 0.7746582 -0.9350586 0.6416016 -9.76562e-4 0.5617676 -0.1010742 0.4736328 0.007568359 0.4797363 -0.2314453 0.5588379 -0.1010742 0.4736328 -9.76562e-4 0.5617676 0.01660156 0.5507813 0.166748 0.4772949 0.0078125 0.4777832 0.2910156 0.5500488 0.166748 0.4772949 0.01660156 0.5507813 -0.9350586 0.6416016 -0.8596191 0.7746582 -0.8271484 0.7011719 -1.001953 0.7636719 -0.8596191 0.7746582 -0.9350586 0.6416016 0.01660156 0.5507813 0.166748 0.4772949 0.0078125 0.4777832 0.2910156 0.5500488 0.166748 0.4772949 0.01660156 0.5507813 0.2910156 0.5500488 0.3557129 0.4768066 0.166748 0.4772949 0.5524902 0.5390625 0.3557129 0.4768066 0.2910156 0.5500488 -0.9350586 0.885498 -0.8596191 0.7746582 -1.001953 0.7636719 -0.8125 0.8425293 -0.8596191 0.7746582 -0.9350586 0.885498 0.2910156 0.5500488 0.3557129 0.4768066 0.166748 0.4772949 0.5524902 0.5390625 0.3557129 0.4768066 0.2910156 0.5500488 -0.2314453 0.5588379 -0.277832 0.4731445 -0.1010742 0.4736328 -0.4702148 0.5412598 -0.277832 0.4731445 -0.2314453 0.5588379 -0.9350586 0.885498 -0.8596191 0.7746582 -1.001953 0.7636719 -0.8125 0.8425293 -0.8596191 0.7746582 -0.9350586 0.885498 -0.2314453 0.5588379 -0.277832 0.4731445 -0.1010742 0.4736328 -0.4702148 0.5412598 -0.277832 0.4731445 -0.2314453 0.5588379 -1.001221 0.5534668 -1.102051 0.4790039 -0.9960938 0.480957 -1.235352 0.5571289 -1.102051 0.4790039 -1.001221 0.5534668 1.24292 0.9614259 1.724121 0.9614259 1.483398 0.9926759 1.06665 0.8762207 1.724121 0.9614259 1.24292 0.9614259 1.243164 0.9606934 1.723877 0.9606934 1.483398 0.9919434 1.067139 0.8759766 1.723877 0.9606934 1.243164 0.9606934 -1.001221 0.5534668 -1.102051 0.4790039 -0.9960938 0.480957 -1.235352 0.5571289 -1.102051 0.4790039 -1.001221 0.5534668 -1.235352 0.5571289 -1.269531 0.4794922 -1.102051 0.4790039 -1.503906 0.5373535 -1.269531 0.4794922 -1.235352 0.5571289 -1.235352 0.5571289 -1.269531 0.4794922 -1.102051 0.4790039 -1.503906 0.5373535 -1.269531 0.4794922 -1.235352 0.5571289 5.574707 -0.9716797 5.037842 -0.5507813 5.574707 -0.5507813 5.037842 -0.9716797 5.037842 -0.5507813 5.574707 -0.9716797 5.037842 -0.9716797 4.500488 -0.5507813 5.037842 -0.5507813 4.500488 -0.9716797 4.500488 -0.5507813 5.037842 -0.9716797 4.500488 -0.9716797 3.962402 -0.5507813 4.500488 -0.5507813 3.962402 -0.9716797 3.962402 -0.5507813 4.500488 -0.9716797 3.962402 -0.9716797 3.423828 -0.5507813 3.962402 -0.5507813 3.423828 -0.9716797 3.423828 -0.5507813 3.962402 -0.9716797 3.423828 -0.9716797 2.884277 -0.5507813 3.423828 -0.5507813 2.884277 -0.9716797 2.884277 -0.5507813 3.423828 -0.9716797 2.884277 -0.9716797 2.34375 -0.5507813 2.884277 -0.5507813 2.34375 -0.9716797 2.34375 -0.5507813 2.884277 -0.9716797 2.34375 -0.9716797 1.801514 -0.5507813 2.34375 -0.5507813 1.801514 -0.9716797 1.801514 -0.5507813 2.34375 -0.9716797 -0.9291992 -0.5507813 -0.3825684 -0.9716797 -0.9289551 -0.9716797 -0.3825684 -0.5507813 -0.3825684 -0.9716797 -0.9291992 -0.5507813 -0.3825684 -0.5507813 0.1638184 -0.9716797 -0.3825684 -0.9716797 0.1638184 -0.5507813 0.1638184 -0.9716797 -0.3825684 -0.5507813 0.1638184 -0.5507813 0.7104492 -0.9716797 0.1638184 -0.9716797 0.7104492 -0.5507813 0.7104492 -0.9716797 0.1638184 -0.5507813 0.7104492 -0.5507813 1.257324 -0.9716797 0.7104492 -0.9716797 1.257324 -0.5507813 1.257324 -0.9716797 0.7104492 -0.5507813 1.257324 -0.5507813 1.801514 -0.9716797 1.257324 -0.9716797 1.801514 -0.5507813 1.801514 -0.9716797 1.257324 -0.5507813 -1.235352 0.5571289 -1.269531 0.4794922 -1.102051 0.4790039 -1.503906 0.5373535 -1.269531 0.4794922 -1.235352 0.5571289 1.899902 0.8759766 1.067139 0.8759766 1.002686 0.7600098 1.723877 0.9606934 1.067139 0.8759766 1.899902 0.8759766 -1.235352 0.5571289 -1.269531 0.4794922 -1.102051 0.4790039 -1.503906 0.5373535 -1.269531 0.4794922 -1.235352 0.5571289 1.06665 0.8762207 1.900391 0.8762207 1.724121 0.9614259 1.002197 0.7600098 1.900391 0.8762207 1.06665 0.8762207 -0.1965332 0.8349609 -0.004638671 0.7636719 -0.0715332 0.885498 -0.159668 0.7670898 -0.004638671 0.7636719 -0.1965332 0.8349609 -0.9265137 -0.9716797 -0.3808594 -0.5507813 -0.9265137 -0.5507813 -0.3811035 -0.9716797 -0.3808594 -0.5507813 -0.9265137 -0.9716797 -0.3811035 -0.9716797 0.1540527 -0.5507813 -0.3808594 -0.5507813 0.1540527 -0.9716797 0.1540527 -0.5507813 -0.3811035 -0.9716797 0.1540527 -0.9716797 0.6899414 -0.5507813 0.1540527 -0.5507813 0.6899414 -0.9716797 0.6899414 -0.5507813 0.1540527 -0.9716797 0.6899414 -0.9716797 1.226318 -0.5507813 0.6899414 -0.5507813 1.226318 -0.9716797 1.226318 -0.5507813 0.6899414 -0.9716797 1.226318 -0.9716797 1.763428 -0.5507813 1.226318 -0.5507813 1.763428 -0.9716797 1.763428 -0.5507813 1.226318 -0.9716797 1.763428 -0.9716797 2.302002 -0.5507813 1.763428 -0.5507813 2.302002 -0.9716797 2.302002 -0.5507813 1.763428 -0.9716797 2.302002 -0.9716797 2.841797 -0.5507813 2.302002 -0.5507813 2.841797 -0.9716797 2.841797 -0.5507813 2.302002 -0.9716797 5.561035 -0.5507813 5.016846 -0.9716797 5.561035 -0.9716797 5.016846 -0.5507813 5.016846 -0.9716797 5.561035 -0.5507813 5.016846 -0.5507813 4.472656 -0.9716797 5.016846 -0.9716797 4.472656 -0.5507813 4.472656 -0.9716797 5.016846 -0.5507813 4.472656 -0.5507813 3.928223 -0.9716797 4.472656 -0.9716797 3.928223 -0.5507813 3.928223 -0.9716797 4.472656 -0.5507813 3.928223 -0.5507813 3.383789 -0.9716797 3.928223 -0.9716797 3.383789 -0.5507813 3.383789 -0.9716797 3.928223 -0.5507813 3.383789 -0.5507813 2.841797 -0.9716797 3.383789 -0.9716797 2.841797 -0.5507813 2.841797 -0.9716797 3.383789 -0.5507813 -0.1906738 0.6945801 -0.004638671 0.7636719 -0.159668 0.7670898 -0.0715332 0.6416016 -0.004638671 0.7636719 -0.1906738 0.6945801 -0.9350586 0.885498 -0.8596191 0.7746582 -0.8125 0.8425293 -0.004638671 0.7636719 -0.0715332 0.6416016 -0.1906738 0.6945801 -0.004638671 0.7636719 -0.0715332 0.6416016 -0.1906738 0.6945801 -1.419922 0.4785156 -1.269531 0.4794922 -1.503906 0.5373535 -1.419922 0.4785156 -1.269531 0.4794922 -1.503906 0.5373535 0.5175781 0.4726563 0.3557129 0.4768066 0.5524902 0.5390625 0.5175781 0.4726563 0.3557129 0.4768066 0.5524902 0.5390625 -1.419922 0.4785156 -1.269531 0.4794922 -1.503906 0.5373535 -1.419922 0.4785156 -1.269531 0.4794922 -1.503906 0.5373535 -0.4506836 0.4770508 -0.277832 0.4731445 -0.4702148 0.5412598 -0.4506836 0.4770508 -0.277832 0.4731445 -0.4702148 0.5412598</float_array>
          <technique_common>
            <accessor source="#polygon1-mesh-map-0-array" count="744" stride="2">
              <param name="S" type="float"/>
              <param name="T" type="float"/>
            </accessor>
          </technique_common>
        </source>
        <source id="polygon1-mesh-colors-polygon1_Colors0" name="polygon1_Colors0">
          <float_array id="polygon1-mesh-colors-polygon1_Colors0-array" count="2976">0.6980392 0.6980392 0.6980392 1 0.6980392 0.6980392 0.6980392 1 0.6980392 0.6980392 0.6980392 1 0.6980392 0.6980392 0.6980392 1 0.6980392 0.6980392 0.6980392 1 0.6980392 0.6980392 0.6980392 1 0.6980392 0.6980392 0.6980392 1 0.6980392 0.6980392 0.6980392 1 0.6980392 0.6980392 0.6980392 1 0.6980392 0.6980392 0.6980392 1 0.6980392 0.6980392 0.6980392 1 0.6980392 0.6980392 0.6980392 1 0.6980392 0.6980392 0.6980392 1 0.6980392 0.6980392 0.6980392 1 0.6980392 0.6980392 0.6980392 1 0.6980392 0.6980392 0.6980392 1 0.6980392 0.6980392 0.6980392 1 0.6980392 0.6980392 0.6980392 1 0.6980392 0.6980392 0.6980392 1 0.6980392 0.6980392 0.6980392 1 0.6980392 0.6980392 0.6980392 1 0.6980392 0.6980392 0.6980392 1 0.6980392 0.6980392 0.6980392 1 0.6980392 0.6980392 0.6980392 1 0.6980392 0.6980392 0.6980392 1 0.6980392 0.6980392 0.6980392 1 0.6980392 0.6980392 0.6980392 1 0.6980392 0.6980392 0.6980392 1 0.6980392 0.6980392 0.6980392 1 0.6980392 0.6980392 0.6980392 1 0.6980392 0.6980392 0.6980392 1 0.6980392 0.6980392 0.6980392 1 0.6980392 0.6980392 0.6980392 1 0.6980392 0.6980392 0.6980392 1 0.6980392 0.6980392 0.6980392 1 0.6980392 0.6980392 0.6980392 1 0.6980392 0.6980392 0.6980392 1 0.6980392 0.6980392 0.6980392 1 0.6980392 0.6980392 0.6980392 1 0.6980392 0.6980392 0.6980392 1 0.6980392 0.6980392 0.6980392 1 0.6980392 0.6980392 0.6980392 1 0.6980392 0.6980392 0.6980392 1 0.6980392 0.6980392 0.6980392 1 0.6980392 0.6980392 0.6980392 1 0.6980392 0.6980392 0.6980392 1 0.6980392 0.6980392 0.6980392 1 0.6980392 0.6980392 0.6980392 1 0.6980392 0.6980392 0.6980392 1 0.6980392 0.6980392 0.6980392 1 0.6980392 0.6980392 0.6980392 1 0.6980392 0.6980392 0.6980392 1 0.6980392 0.6980392 0.6980392 1 0.6980392 0.6980392 0.6980392 1 0.6980392 0.6980392 0.6980392 1 0.6980392 0.6980392 0.6980392 1 0.6980392 0.6980392 0.6980392 1 0.6980392 0.6980392 0.6980392 1 0.6980392 0.6980392 0.6980392 1 0.6980392 0.6980392 0.6980392 1 0.6980392 0.6980392 0.6980392 1 0.6980392 0.6980392 0.6980392 1 0.6980392 0.6980392 0.6980392 1 0.6980392 0.6980392 0.6980392 1 0.6980392 0.6980392 0.6980392 1 0.6980392 0.6980392 0.6980392 1 0.6980392 0.6980392 0.6980392 1 0.6980392 0.6980392 0.6980392 1 0.6980392 0.6980392 0.6980392 1 0.6980392 0.6980392 0.6980392 1 0.6980392 0.6980392 0.6980392 1 0.6980392 0.6980392 0.6980392 1 0.6980392 0.6980392 0.6980392 1 0.6980392 0.6980392 0.6980392 1 0.6980392 0.6980392 0.6980392 1 0.6980392 0.6980392 0.6980392 1 0.6980392 0.6980392 0.6980392 1 0.6980392 0.6980392 0.6980392 1 0.6980392 0.6980392 0.6980392 1 0.6980392 0.6980392 0.6980392 1 0.6980392 0.6980392 0.6980392 1 0.6980392 0.6980392 0.6980392 1 0.6980392 0.6980392 0.6980392 1 0.6980392 0.6980392 0.6980392 1 0.6980392 0.6980392 0.6980392 1 0.6980392 0.6980392 0.6980392 1 0.6980392 0.6980392 0.6980392 1 0.6980392 0.6980392 0.6980392 1 0.6980392 0.6980392 0.6980392 1 0.6980392 0.6980392 0.6980392 1 0.6980392 0.6980392 0.6980392 1 0.6980392 0.6980392 0.6980392 1 0.6980392 0.6980392 0.6980392 1 0.6980392 0.6980392 0.6980392 1 0.6980392 0.6980392 0.6980392 1 0.6980392 0.6980392 0.6980392 1 0.6980392 0.6980392 0.6980392 1 0.6980392 0.6980392 0.6980392 1 0.6980392 0.6980392 0.6980392 1 0.6980392 0.6980392 0.6980392 1 0.6980392 0.6980392 0.6980392 1 0.6980392 0.6980392 0.6980392 1 0.6980392 0.6980392 0.6980392 1 0.6980392 0.6980392 0.6980392 1 0.6980392 0.6980392 0.6980392 1 0.6980392 0.6980392 0.6980392 1 0.6980392 0.6980392 0.6980392 1 0.6980392 0.6980392 0.6980392 1 0.6980392 0.6980392 0.6980392 1 0.6980392 0.6980392 0.6980392 1 0.6980392 0.6980392 0.6980392 1 0.6980392 0.6980392 0.6980392 1 0.6980392 0.6980392 0.6980392 1 0.6980392 0.6980392 0.6980392 1 0.6980392 0.6980392 0.6980392 1 0.6980392 0.6980392 0.6980392 1 0.6980392 0.6980392 0.6980392 1 0.6980392 0.6980392 0.6980392 1 0.6980392 0.6980392 0.6980392 1 0.6980392 0.6980392 0.6980392 1 0.6980392 0.6980392 0.6980392 1 0.6980392 0.6980392 0.6980392 1 0.6980392 0.6980392 0.6980392 1 0.6980392 0.6980392 0.6980392 1 0.6980392 0.6980392 0.6980392 1 0.6980392 0.6980392 0.6980392 1 0.6980392 0.6980392 0.6980392 1 0.6980392 0.6980392 0.6980392 1 0.6980392 0.6980392 0.6980392 1 0.6980392 0.6980392 0.6980392 1 0.6980392 0.6980392 0.6980392 1 0.6980392 0.6980392 0.6980392 1 0.6980392 0.6980392 0.6980392 1 0.6980392 0.6980392 0.6980392 1 0.6980392 0.6980392 0.6980392 1 0.6980392 0.6980392 0.6980392 1 0.6980392 0.6980392 0.6980392 1 0.6980392 0.6980392 0.6980392 1 0.6980392 0.6980392 0.6980392 1 0.6980392 0.6980392 0.6980392 1 0.6980392 0.6980392 0.6980392 1 0.6980392 0.6980392 0.6980392 1 0.6980392 0.6980392 0.6980392 1 0.6980392 0.6980392 0.6980392 1 0.4 0.4 0.4 1 0.4 0.4 0.4 1 0.4 0.4 0.4 1 0.4 0.4 0.4 1 0.4 0.4 0.4 1 0.4 0.4 0.4 1 0.4 0.4 0.4 1 0.4 0.4 0.4 1 0.4 0.4 0.4 1 0.4 0.4 0.4 1 0.4 0.4 0.4 1 0.4 0.4 0.4 1 0.4 0.4 0.4 1 0.4 0.4 0.4 1 0.4 0.4 0.4 1 0.4 0.4 0.4 1 0.4 0.4 0.4 1 0.4 0.4 0.4 1 0.4 0.4 0.4 1 0.4 0.4 0.4 1 0.4 0.4 0.4 1 0.4 0.4 0.4 1 0.4 0.4 0.4 1 0.4 0.4 0.4 1 0.4 0.4 0.4 1 0.4 0.4 0.4 1 0.4 0.4 0.4 1 0.4 0.4 0.4 1 0.4 0.4 0.4 1 0.4 0.4 0.4 1 0.4 0.4 0.4 1 0.4 0.4 0.4 1 0.4 0.4 0.4 1 0.4 0.4 0.4 1 0.4 0.4 0.4 1 0.4 0.4 0.4 1 0.6980392 0.6980392 0.6980392 1 0.6980392 0.6980392 0.6980392 1 0.6980392 0.6980392 0.6980392 1 0.6980392 0.6980392 0.6980392 1 0.6980392 0.6980392 0.6980392 1 0.6980392 0.6980392 0.6980392 1 0.6980392 0.6980392 0.6980392 1 0.6980392 0.6980392 0.6980392 1 0.6980392 0.6980392 0.6980392 1 0.6980392 0.6980392 0.6980392 1 0.6980392 0.6980392 0.6980392 1 0.6980392 0.6980392 0.6980392 1 0.6980392 0.6980392 0.6980392 1 0.6980392 0.6980392 0.6980392 1 0.6980392 0.6980392 0.6980392 1 0.6980392 0.6980392 0.6980392 1 0.6980392 0.6980392 0.6980392 1 0.6980392 0.6980392 0.6980392 1 0.6980392 0.6980392 0.6980392 1 0.6980392 0.6980392 0.6980392 1 0.6980392 0.6980392 0.6980392 1 0.6980392 0.6980392 0.6980392 1 0.6980392 0.6980392 0.6980392 1 0.6980392 0.6980392 0.6980392 1 0.6980392 0.6980392 0.6980392 1 0.6980392 0.6980392 0.6980392 1 0.6980392 0.6980392 0.6980392 1 0.6980392 0.6980392 0.6980392 1 0.6980392 0.6980392 0.6980392 1 0.6980392 0.6980392 0.6980392 1 0.6980392 0.6980392 0.6980392 1 0.6980392 0.6980392 0.6980392 1 0.6980392 0.6980392 0.6980392 1 0.6980392 0.6980392 0.6980392 1 0.6980392 0.6980392 0.6980392 1 0.6980392 0.6980392 0.6980392 1 0.6980392 0.6980392 0.6980392 1 0.6980392 0.6980392 0.6980392 1 0.6980392 0.6980392 0.6980392 1 0.6980392 0.6980392 0.6980392 1 0.6980392 0.6980392 0.6980392 1 0.6980392 0.6980392 0.6980392 1 0.6980392 0.6980392 0.6980392 1 0.6980392 0.6980392 0.6980392 1 0.6980392 0.6980392 0.6980392 1 0.6980392 0.6980392 0.6980392 1 0.6980392 0.6980392 0.6980392 1 0.6980392 0.6980392 0.6980392 1 0.6980392 0.6980392 0.6980392 1 0.6980392 0.6980392 0.6980392 1 0.6980392 0.6980392 0.6980392 1 0.6980392 0.6980392 0.6980392 1 0.6980392 0.6980392 0.6980392 1 0.6980392 0.6980392 0.6980392 1 0.6980392 0.6980392 0.6980392 1 0.6980392 0.6980392 0.6980392 1 0.6980392 0.6980392 0.6980392 1 0.6980392 0.6980392 0.6980392 1 0.6980392 0.6980392 0.6980392 1 0.6980392 0.6980392 0.6980392 1 0.6980392 0.6980392 0.6980392 1 0.6980392 0.6980392 0.6980392 1 0.6980392 0.6980392 0.6980392 1 0.6980392 0.6980392 0.6980392 1 0.6980392 0.6980392 0.6980392 1 0.6980392 0.6980392 0.6980392 1 0.6980392 0.6980392 0.6980392 1 0.6980392 0.6980392 0.6980392 1 0.6980392 0.6980392 0.6980392 1 0.6980392 0.6980392 0.6980392 1 0.6980392 0.6980392 0.6980392 1 0.6980392 0.6980392 0.6980392 1 0.6980392 0.6980392 0.6980392 1 0.6980392 0.6980392 0.6980392 1 0.6980392 0.6980392 0.6980392 1 0.6980392 0.6980392 0.6980392 1 0.6980392 0.6980392 0.6980392 1 0.6980392 0.6980392 0.6980392 1 0.6980392 0.6980392 0.6980392 1 0.6980392 0.6980392 0.6980392 1 0.6980392 0.6980392 0.6980392 1 0.6980392 0.6980392 0.6980392 1 0.6980392 0.6980392 0.6980392 1 0.6980392 0.6980392 0.6980392 1 0.6980392 0.6980392 0.6980392 1 0.6980392 0.6980392 0.6980392 1 0.6980392 0.6980392 0.6980392 1 0.6980392 0.6980392 0.6980392 1 0.6980392 0.6980392 0.6980392 1 0.6980392 0.6980392 0.6980392 1 0.6980392 0.6980392 0.6980392 1 0.6980392 0.6980392 0.6980392 1 0.6980392 0.6980392 0.6980392 1 0.6980392 0.6980392 0.6980392 1 0.6980392 0.6980392 0.6980392 1 0.6980392 0.6980392 0.6980392 1 0.6980392 0.6980392 0.6980392 1 0.6980392 0.6980392 0.6980392 1 0.6980392 0.6980392 0.6980392 1 0.6980392 0.6980392 0.6980392 1 0.6980392 0.6980392 0.6980392 1 0.6980392 0.6980392 0.6980392 1 0.6980392 0.6980392 0.6980392 1 0.6980392 0.6980392 0.6980392 1 0.6980392 0.6980392 0.6980392 1 0.6980392 0.6980392 0.6980392 1 0.6980392 0.6980392 0.6980392 1 0.6980392 0.6980392 0.6980392 1 0.6980392 0.6980392 0.6980392 1 0.6980392 0.6980392 0.6980392 1 0.6980392 0.6980392 0.6980392 1 0.6980392 0.6980392 0.6980392 1 0.6980392 0.6980392 0.6980392 1 0.6980392 0.6980392 0.6980392 1 0.6980392 0.6980392 0.6980392 1 0.6980392 0.6980392 0.6980392 1 0.6980392 0.6980392 0.6980392 1 0.6980392 0.6980392 0.6980392 1 0.6980392 0.6980392 0.6980392 1 0.6980392 0.6980392 0.6980392 1 0.4 0.4 0.4 1 0.4 0.4 0.4 1 0.4 0.4 0.4 1 0.4 0.4 0.4 1 0.4 0.4 0.4 1 0.4 0.4 0.4 1 0.4 0.4 0.4 1 0.4 0.4 0.4 1 0.4 0.4 0.4 1 0.4 0.4 0.4 1 0.4 0.4 0.4 1 0.4 0.4 0.4 1 0.4 0.4 0.4 1 0.4 0.4 0.4 1 0.4 0.4 0.4 1 0.4 0.4 0.4 1 0.4 0.4 0.4 1 0.4 0.4 0.4 1 0.4 0.4 0.4 1 0.4 0.4 0.4 1 0.4 0.4 0.4 1 0.4 0.4 0.4 1 0.4 0.4 0.4 1 0.4 0.4 0.4 1 0.4 0.4 0.4 1 0.4 0.4 0.4 1 0.4 0.4 0.4 1 0.4 0.4 0.4 1 0.4 0.4 0.4 1 0.4 0.4 0.4 1 0.4 0.4 0.4 1 0.4 0.4 0.4 1 0.4 0.4 0.4 1 0.4 0.4 0.4 1 0.4 0.4 0.4 1 0.4 0.4 0.4 1 0.4 0.4 0.4 1 0.4 0.4 0.4 1 0.4 0.4 0.4 1 0.4 0.4 0.4 1 0.4 0.4 0.4 1 0.4 0.4 0.4 1 0.4 0.4 0.4 1 0.4 0.4 0.4 1 0.4 0.4 0.4 1 0.4 0.4 0.4 1 0.4 0.4 0.4 1 0.4 0.4 0.4 1 0.6980392 0.6980392 0.6980392 1 0.6980392 0.6980392 0.6980392 1 0.6980392 0.6980392 0.6980392 1 0.6980392 0.6980392 0.6980392 1 0.6980392 0.6980392 0.6980392 1 0.6980392 0.6980392 0.6980392 1 0.6980392 0.6980392 0.6980392 1 0.6980392 0.6980392 0.6980392 1 0.6980392 0.6980392 0.6980392 1 0.6980392 0.6980392 0.6980392 1 0.6980392 0.6980392 0.6980392 1 0.6980392 0.6980392 0.6980392 1 0.6980392 0.6980392 0.6980392 1 0.6980392 0.6980392 0.6980392 1 0.6980392 0.6980392 0.6980392 1 0.6980392 0.6980392 0.6980392 1 0.6980392 0.6980392 0.6980392 1 0.6980392 0.6980392 0.6980392 1 0.6980392 0.6980392 0.6980392 1 0.6980392 0.6980392 0.6980392 1 0.6980392 0.6980392 0.6980392 1 0.6980392 0.6980392 0.6980392 1 0.6980392 0.6980392 0.6980392 1 0.6980392 0.6980392 0.6980392 1 0.6980392 0.6980392 0.6980392 1 0.6980392 0.6980392 0.6980392 1 0.6980392 0.6980392 0.6980392 1 0.6980392 0.6980392 0.6980392 1 0.6980392 0.6980392 0.6980392 1 0.6980392 0.6980392 0.6980392 1 0.6980392 0.6980392 0.6980392 1 0.6980392 0.6980392 0.6980392 1 0.6980392 0.6980392 0.6980392 1 0.6980392 0.6980392 0.6980392 1 0.6980392 0.6980392 0.6980392 1 0.6980392 0.6980392 0.6980392 1 0.6980392 0.6980392 0.6980392 1 0.6980392 0.6980392 0.6980392 1 0.6980392 0.6980392 0.6980392 1 0.6980392 0.6980392 0.6980392 1 0.6980392 0.6980392 0.6980392 1 0.6980392 0.6980392 0.6980392 1 0.6980392 0.6980392 0.6980392 1 0.6980392 0.6980392 0.6980392 1 0.6980392 0.6980392 0.6980392 1 0.6980392 0.6980392 0.6980392 1 0.6980392 0.6980392 0.6980392 1 0.6980392 0.6980392 0.6980392 1 0.6980392 0.6980392 0.6980392 1 0.6980392 0.6980392 0.6980392 1 0.6980392 0.6980392 0.6980392 1 0.6980392 0.6980392 0.6980392 1 0.6980392 0.6980392 0.6980392 1 0.6980392 0.6980392 0.6980392 1 0.6980392 0.6980392 0.6980392 1 0.6980392 0.6980392 0.6980392 1 0.6980392 0.6980392 0.6980392 1 0.6980392 0.6980392 0.6980392 1 0.6980392 0.6980392 0.6980392 1 0.6980392 0.6980392 0.6980392 1 0.6980392 0.6980392 0.6980392 1 0.6980392 0.6980392 0.6980392 1 0.6980392 0.6980392 0.6980392 1 0.4 0.4 0.4 1 0.4 0.4 0.4 1 0.4 0.4 0.4 1 0.4 0.4 0.4 1 0.4 0.4 0.4 1 0.4 0.4 0.4 1 0.6980392 0.6980392 0.6980392 1 0.6980392 0.6980392 0.6980392 1 0.6980392 0.6980392 0.6980392 1 0.6980392 0.6980392 0.6980392 1 0.6980392 0.6980392 0.6980392 1 0.6980392 0.6980392 0.6980392 1 0.4 0.4 0.4 1 0.4 0.4 0.4 1 0.4 0.4 0.4 1 0.4 0.4 0.4 1 0.4 0.4 0.4 1 0.4 0.4 0.4 1 0.6980392 0.6980392 0.6980392 1 0.6980392 0.6980392 0.6980392 1 0.6980392 0.6980392 0.6980392 1 0.6980392 0.6980392 0.6980392 1 0.6980392 0.6980392 0.6980392 1 0.6980392 0.6980392 0.6980392 1 0.6980392 0.6980392 0.6980392 1 0.6980392 0.6980392 0.6980392 1 0.6980392 0.6980392 0.6980392 1 0.6980392 0.6980392 0.6980392 1 0.6980392 0.6980392 0.6980392 1 0.6980392 0.6980392 0.6980392 1 0.6980392 0.6980392 0.6980392 1 0.6980392 0.6980392 0.6980392 1 0.6980392 0.6980392 0.6980392 1 0.6980392 0.6980392 0.6980392 1 0.6980392 0.6980392 0.6980392 1 0.6980392 0.6980392 0.6980392 1 0.6980392 0.6980392 0.6980392 1 0.6980392 0.6980392 0.6980392 1 0.6980392 0.6980392 0.6980392 1 0.6980392 0.6980392 0.6980392 1 0.6980392 0.6980392 0.6980392 1 0.6980392 0.6980392 0.6980392 1 0.6980392 0.6980392 0.6980392 1 0.6980392 0.6980392 0.6980392 1 0.6980392 0.6980392 0.6980392 1 0.6980392 0.6980392 0.6980392 1 0.6980392 0.6980392 0.6980392 1 0.6980392 0.6980392 0.6980392 1 0.6980392 0.6980392 0.6980392 1 0.6980392 0.6980392 0.6980392 1 0.6980392 0.6980392 0.6980392 1 0.6980392 0.6980392 0.6980392 1 0.6980392 0.6980392 0.6980392 1 0.6980392 0.6980392 0.6980392 1 0.6980392 0.6980392 0.6980392 1 0.6980392 0.6980392 0.6980392 1 0.6980392 0.6980392 0.6980392 1 0.6980392 0.6980392 0.6980392 1 0.6980392 0.6980392 0.6980392 1 0.6980392 0.6980392 0.6980392 1 0.6980392 0.6980392 0.6980392 1 0.6980392 0.6980392 0.6980392 1 0.6980392 0.6980392 0.6980392 1 0.6980392 0.6980392 0.6980392 1 0.6980392 0.6980392 0.6980392 1 0.6980392 0.6980392 0.6980392 1 0.6980392 0.6980392 0.6980392 1 0.6980392 0.6980392 0.6980392 1 0.6980392 0.6980392 0.6980392 1 0.6980392 0.6980392 0.6980392 1 0.6980392 0.6980392 0.6980392 1 0.6980392 0.6980392 0.6980392 1 0.6980392 0.6980392 0.6980392 1 0.6980392 0.6980392 0.6980392 1 0.6980392 0.6980392 0.6980392 1 0.6980392 0.6980392 0.6980392 1 0.6980392 0.6980392 0.6980392 1 0.6980392 0.6980392 0.6980392 1 0.6980392 0.6980392 0.6980392 1 0.6980392 0.6980392 0.6980392 1 0.6980392 0.6980392 0.6980392 1 0.6980392 0.6980392 0.6980392 1 0.6980392 0.6980392 0.6980392 1 0.6980392 0.6980392 0.6980392 1 0.6980392 0.6980392 0.6980392 1 0.6980392 0.6980392 0.6980392 1 0.6980392 0.6980392 0.6980392 1 0.6980392 0.6980392 0.6980392 1 0.6980392 0.6980392 0.6980392 1 0.6980392 0.6980392 0.6980392 1 0.4 0.4 0.4 1 0.4 0.4 0.4 1 0.4 0.4 0.4 1 0.4 0.4 0.4 1 0.4 0.4 0.4 1 0.4 0.4 0.4 1 0.4 0.4 0.4 1 0.4 0.4 0.4 1 0.4 0.4 0.4 1 0.4 0.4 0.4 1 0.4 0.4 0.4 1 0.4 0.4 0.4 1 0.6980392 0.6980392 0.6980392 1 0.6980392 0.6980392 0.6980392 1 0.6980392 0.6980392 0.6980392 1 0.6980392 0.6980392 0.6980392 1 0.6980392 0.6980392 0.6980392 1 0.6980392 0.6980392 0.6980392 1 0.6980392 0.6980392 0.6980392 1 0.6980392 0.6980392 0.6980392 1 0.6980392 0.6980392 0.6980392 1 0.6980392 0.6980392 0.6980392 1 0.6980392 0.6980392 0.6980392 1 0.6980392 0.6980392 0.6980392 1 0.6980392 0.6980392 0.6980392 1 0.6980392 0.6980392 0.6980392 1 0.6980392 0.6980392 0.6980392 1 0.6980392 0.6980392 0.6980392 1 0.6980392 0.6980392 0.6980392 1 0.6980392 0.6980392 0.6980392 1 0.6980392 0.6980392 0.6980392 1 0.6980392 0.6980392 0.6980392 1 0.6980392 0.6980392 0.6980392 1 0.6980392 0.6980392 0.6980392 1 0.6980392 0.6980392 0.6980392 1 0.6980392 0.6980392 0.6980392 1 0.6980392 0.6980392 0.6980392 1 0.6980392 0.6980392 0.6980392 1 0.6980392 0.6980392 0.6980392 1 0.6980392 0.6980392 0.6980392 1 0.6980392 0.6980392 0.6980392 1 0.6980392 0.6980392 0.6980392 1 0.6980392 0.6980392 0.6980392 1 0.6980392 0.6980392 0.6980392 1 0.6980392 0.6980392 0.6980392 1 0.6980392 0.6980392 0.6980392 1 0.6980392 0.6980392 0.6980392 1 0.6980392 0.6980392 0.6980392 1 0.6980392 0.6980392 0.6980392 1 0.6980392 0.6980392 0.6980392 1 0.6980392 0.6980392 0.6980392 1 0.6980392 0.6980392 0.6980392 1 0.6980392 0.6980392 0.6980392 1 0.6980392 0.6980392 0.6980392 1 0.6980392 0.6980392 0.6980392 1 0.6980392 0.6980392 0.6980392 1 0.6980392 0.6980392 0.6980392 1 0.6980392 0.6980392 0.6980392 1 0.6980392 0.6980392 0.6980392 1 0.6980392 0.6980392 0.6980392 1 0.6980392 0.6980392 0.6980392 1 0.6980392 0.6980392 0.6980392 1 0.6980392 0.6980392 0.6980392 1 0.6980392 0.6980392 0.6980392 1 0.6980392 0.6980392 0.6980392 1 0.6980392 0.6980392 0.6980392 1 0.6980392 0.6980392 0.6980392 1 0.6980392 0.6980392 0.6980392 1 0.6980392 0.6980392 0.6980392 1 0.6980392 0.6980392 0.6980392 1 0.6980392 0.6980392 0.6980392 1 0.6980392 0.6980392 0.6980392 1 0.6980392 0.6980392 0.6980392 1 0.6980392 0.6980392 0.6980392 1 0.6980392 0.6980392 0.6980392 1 0.6980392 0.6980392 0.6980392 1 0.6980392 0.6980392 0.6980392 1 0.6980392 0.6980392 0.6980392 1 0.6980392 0.6980392 0.6980392 1 0.6980392 0.6980392 0.6980392 1 0.6980392 0.6980392 0.6980392 1 0.6980392 0.6980392 0.6980392 1 0.6980392 0.6980392 0.6980392 1 0.6980392 0.6980392 0.6980392 1 0.6980392 0.6980392 0.6980392 1 0.6980392 0.6980392 0.6980392 1 0.6980392 0.6980392 0.6980392 1 0.6980392 0.6980392 0.6980392 1 0.6980392 0.6980392 0.6980392 1 0.6980392 0.6980392 0.6980392 1 0.6980392 0.6980392 0.6980392 1 0.6980392 0.6980392 0.6980392 1 0.6980392 0.6980392 0.6980392 1 0.6980392 0.6980392 0.6980392 1 0.6980392 0.6980392 0.6980392 1 0.6980392 0.6980392 0.6980392 1 0.6980392 0.6980392 0.6980392 1 0.6980392 0.6980392 0.6980392 1 0.6980392 0.6980392 0.6980392 1 0.6980392 0.6980392 0.6980392 1 0.6980392 0.6980392 0.6980392 1 0.6980392 0.6980392 0.6980392 1 0.6980392 0.6980392 0.6980392 1 0.6980392 0.6980392 0.6980392 1 0.6980392 0.6980392 0.6980392 1 0.6980392 0.6980392 0.6980392 1 0.6980392 0.6980392 0.6980392 1 0.6980392 0.6980392 0.6980392 1 0.4 0.4 0.4 1 0.4 0.4 0.4 1 0.4 0.4 0.4 1 0.4 0.4 0.4 1 0.4 0.4 0.4 1 0.4 0.4 0.4 1 0.6980392 0.6980392 0.6980392 1 0.6980392 0.6980392 0.6980392 1 0.6980392 0.6980392 0.6980392 1 0.6980392 0.6980392 0.6980392 1 0.6980392 0.6980392 0.6980392 1 0.6980392 0.6980392 0.6980392 1 0.4 0.4 0.4 1 0.4 0.4 0.4 1 0.4 0.4 0.4 1 0.4 0.4 0.4 1 0.4 0.4 0.4 1 0.4 0.4 0.4 1 0.6980392 0.6980392 0.6980392 1 0.6980392 0.6980392 0.6980392 1 0.6980392 0.6980392 0.6980392 1 0.6980392 0.6980392 0.6980392 1 0.6980392 0.6980392 0.6980392 1 0.6980392 0.6980392 0.6980392 1 0.6980392 0.6980392 0.6980392 1 0.6980392 0.6980392 0.6980392 1 0.6980392 0.6980392 0.6980392 1 0.6980392 0.6980392 0.6980392 1 0.6980392 0.6980392 0.6980392 1 0.6980392 0.6980392 0.6980392 1 0.6980392 0.6980392 0.6980392 1 0.6980392 0.6980392 0.6980392 1 0.6980392 0.6980392 0.6980392 1 0.6980392 0.6980392 0.6980392 1 0.6980392 0.6980392 0.6980392 1 0.6980392 0.6980392 0.6980392 1 0.6980392 0.6980392 0.6980392 1 0.6980392 0.6980392 0.6980392 1 0.6980392 0.6980392 0.6980392 1 0.6980392 0.6980392 0.6980392 1 0.6980392 0.6980392 0.6980392 1 0.6980392 0.6980392 0.6980392 1 0.6980392 0.6980392 0.6980392 1 0.6980392 0.6980392 0.6980392 1 0.6980392 0.6980392 0.6980392 1 0.6980392 0.6980392 0.6980392 1 0.6980392 0.6980392 0.6980392 1 0.6980392 0.6980392 0.6980392 1 0.6980392 0.6980392 0.6980392 1 0.6980392 0.6980392 0.6980392 1 0.6980392 0.6980392 0.6980392 1 0.6980392 0.6980392 0.6980392 1 0.6980392 0.6980392 0.6980392 1 0.6980392 0.6980392 0.6980392 1 0.6980392 0.6980392 0.6980392 1 0.6980392 0.6980392 0.6980392 1 0.6980392 0.6980392 0.6980392 1 0.6980392 0.6980392 0.6980392 1 0.6980392 0.6980392 0.6980392 1 0.6980392 0.6980392 0.6980392 1 0.6980392 0.6980392 0.6980392 1 0.6980392 0.6980392 0.6980392 1 0.6980392 0.6980392 0.6980392 1 0.6980392 0.6980392 0.6980392 1 0.6980392 0.6980392 0.6980392 1 0.6980392 0.6980392 0.6980392 1 0.6980392 0.6980392 0.6980392 1 0.6980392 0.6980392 0.6980392 1 0.6980392 0.6980392 0.6980392 1 0.6980392 0.6980392 0.6980392 1 0.6980392 0.6980392 0.6980392 1 0.6980392 0.6980392 0.6980392 1 0.6980392 0.6980392 0.6980392 1 0.6980392 0.6980392 0.6980392 1 0.6980392 0.6980392 0.6980392 1 0.6980392 0.6980392 0.6980392 1 0.6980392 0.6980392 0.6980392 1 0.6980392 0.6980392 0.6980392 1 0.6980392 0.6980392 0.6980392 1 0.6980392 0.6980392 0.6980392 1 0.6980392 0.6980392 0.6980392 1 0.6980392 0.6980392 0.6980392 1 0.6980392 0.6980392 0.6980392 1 0.6980392 0.6980392 0.6980392 1 0.6980392 0.6980392 0.6980392 1 0.6980392 0.6980392 0.6980392 1 0.6980392 0.6980392 0.6980392 1 0.6980392 0.6980392 0.6980392 1 0.6980392 0.6980392 0.6980392 1 0.6980392 0.6980392 0.6980392 1 0.6980392 0.6980392 0.6980392 1 0.6980392 0.6980392 0.6980392 1 0.6980392 0.6980392 0.6980392 1 0.6980392 0.6980392 0.6980392 1 0.6980392 0.6980392 0.6980392 1 0.6980392 0.6980392 0.6980392 1 0.6980392 0.6980392 0.6980392 1 0.6980392 0.6980392 0.6980392 1 0.6980392 0.6980392 0.6980392 1 0.6980392 0.6980392 0.6980392 1 0.6980392 0.6980392 0.6980392 1 0.6980392 0.6980392 0.6980392 1 0.6980392 0.6980392 0.6980392 1 0.6980392 0.6980392 0.6980392 1 0.6980392 0.6980392 0.6980392 1 0.6980392 0.6980392 0.6980392 1 0.6980392 0.6980392 0.6980392 1 0.6980392 0.6980392 0.6980392 1 0.6980392 0.6980392 0.6980392 1 0.6980392 0.6980392 0.6980392 1 0.6980392 0.6980392 0.6980392 1 0.6980392 0.6980392 0.6980392 1 0.6980392 0.6980392 0.6980392 1 0.6980392 0.6980392 0.6980392 1 0.6980392 0.6980392 0.6980392 1 0.6980392 0.6980392 0.6980392 1 0.6980392 0.6980392 0.6980392 1 0.6980392 0.6980392 0.6980392 1 0.6980392 0.6980392 0.6980392 1 0.6980392 0.6980392 0.6980392 1 0.6980392 0.6980392 0.6980392 1 0.6980392 0.6980392 0.6980392 1 0.6980392 0.6980392 0.6980392 1 0.6980392 0.6980392 0.6980392 1 0.6980392 0.6980392 0.6980392 1 0.6980392 0.6980392 0.6980392 1 0.6980392 0.6980392 0.6980392 1 0.6980392 0.6980392 0.6980392 1 0.6980392 0.6980392 0.6980392 1 0.6980392 0.6980392 0.6980392 1 0.6980392 0.6980392 0.6980392 1 0.6980392 0.6980392 0.6980392 1 0.6980392 0.6980392 0.6980392 1 0.6980392 0.6980392 0.6980392 1 0.6980392 0.6980392 0.6980392 1</float_array>
          <technique_common>
            <accessor source="#polygon1-mesh-colors-polygon1_Colors0-array" count="744" stride="4">
              <param name="R" type="float"/>
              <param name="G" type="float"/>
              <param name="B" type="float"/>
              <param name="A" type="float"/>
            </accessor>
          </technique_common>
        </source>
        <vertices id="polygon1-mesh-vertices">
          <input semantic="POSITION" source="#polygon1-mesh-positions"/>
        </vertices>
        <triangles material="mat_tire-material" count="248">
          <input semantic="VERTEX" source="#polygon1-mesh-vertices" offset="0"/>
          <input semantic="NORMAL" source="#polygon1-mesh-normals" offset="1"/>
          <input semantic="TEXCOORD" source="#polygon1-mesh-map-0" offset="2" set="0"/>
          <input semantic="COLOR" source="#polygon1-mesh-colors-polygon1_Colors0" offset="3" set="0"/>
          <p>2 0 0 0 1 1 1 1 0 2 2 2 3 3 3 3 1 1 4 4 2 0 5 5 4 4 6 6 3 3 7 7 2 0 8 8 5 5 9 9 3 3 10 10 4 4 11 11 6 6 12 12 5 5 13 13 4 4 14 14 7 7 15 15 5 5 16 16 6 6 17 17 8 8 18 18 7 7 19 19 6 6 20 20 9 9 21 21 7 7 22 22 8 8 23 23 10 10 24 24 9 9 25 25 8 8 26 26 11 11 27 27 9 9 28 28 10 10 29 29 12 12 30 30 11 11 31 31 10 10 32 32 13 13 33 33 11 11 34 34 12 12 35 35 14 14 36 36 13 13 37 37 12 12 38 38 15 15 39 39 13 13 40 40 14 14 41 41 16 16 42 42 15 15 43 43 14 14 44 44 17 17 45 45 15 15 46 46 16 16 47 47 18 18 48 48 17 17 49 49 16 16 50 50 19 19 51 51 17 17 52 52 18 18 53 53 20 20 54 54 19 19 55 55 18 18 56 56 21 21 57 57 19 19 58 58 20 20 59 59 22 22 60 60 21 21 61 61 20 20 62 62 23 23 63 63 21 21 64 64 22 22 65 65 0 2 66 66 23 23 67 67 22 22 68 68 1 1 69 69 23 23 70 70 0 2 71 71 26 24 72 72 25 25 73 73 24 26 74 74 27 27 75 75 25 25 76 76 26 24 77 77 28 28 78 78 27 27 79 79 26 24 80 80 29 29 81 81 27 27 82 82 28 28 83 83 30 30 84 84 29 29 85 85 28 28 86 86 31 31 87 87 29 29 88 88 30 30 89 89 32 32 90 90 31 31 91 91 30 30 92 92 33 33 93 93 31 31 94 94 32 32 95 95 34 34 96 96 33 33 97 97 32 32 98 98 35 35 99 99 33 33 100 100 34 34 101 101 36 36 102 102 35 35 103 103 34 34 104 104 37 37 105 105 35 35 106 106 36 36 107 107 38 38 108 108 37 37 109 109 36 36 110 110 39 39 111 111 37 37 112 112 38 38 113 113 40 40 114 114 39 39 115 115 38 38 116 116 41 41 117 117 39 39 118 118 40 40 119 119 42 42 120 120 41 41 121 121 40 40 122 122 43 43 123 123 41 41 124 124 42 42 125 125 44 44 126 126 43 43 127 127 42 42 128 128 45 45 129 129 43 43 130 130 44 44 131 131 46 46 132 132 45 45 133 133 44 44 134 134 47 47 135 135 45 45 136 136 46 46 137 137 24 26 138 138 47 47 139 139 46 46 140 140 25 25 141 141 47 47 142 142 24 26 143 143 50 48 144 144 49 49 145 145 48 50 146 146 51 51 147 147 49 49 148 148 50 48 149 149 52 52 150 150 51 51 151 151 50 48 152 152 53 53 153 153 51 51 154 154 52 52 155 155 54 54 156 156 53 53 157 157 52 52 158 158 55 55 159 159 53 53 160 160 54 54 161 161 58 56 162 162 57 57 163 163 56 58 164 164 59 59 165 165 57 57 166 166 58 56 167 167 60 60 168 168 59 59 169 169 58 56 170 170 61 61 171 171 59 59 172 172 60 60 173 173 62 62 174 174 61 61 175 175 60 60 176 176 63 63 177 177 61 61 178 178 62 62 179 179 66 64 180 180 65 65 181 181 64 66 182 182 67 67 183 183 65 65 184 184 66 64 185 185 68 68 186 186 67 67 187 187 66 64 188 188 69 69 189 189 67 67 190 190 68 68 191 191 70 70 192 192 69 69 193 193 68 68 194 194 73 71 195 195 72 72 196 196 71 73 197 197 74 74 198 198 72 72 199 199 73 71 200 200 75 75 201 201 74 74 202 202 73 71 203 203 76 76 204 204 74 74 205 205 75 75 206 206 77 77 207 207 76 76 208 208 75 75 209 209 80 78 210 210 79 79 211 211 78 80 212 212 81 81 213 213 79 79 214 214 80 78 215 215 82 82 216 216 81 81 217 217 80 78 218 218 83 83 219 219 81 81 220 220 82 82 221 221 84 84 222 222 83 83 223 223 82 82 224 224 86 85 225 225 32 32 226 226 85 86 227 227 34 34 228 228 32 32 229 229 86 85 230 230 87 87 231 231 34 34 232 232 86 85 233 233 36 36 234 234 34 34 235 235 87 87 236 236 88 88 237 237 36 36 238 238 87 87 239 239 90 89 240 240 44 44 241 241 89 90 242 242 46 46 243 243 44 44 244 244 90 89 245 245 91 91 246 246 46 46 247 247 90 89 248 248 24 26 249 249 46 46 250 250 91 91 251 251 92 92 252 252 24 26 253 253 91 91 254 254 94 93 255 255 8 8 256 256 93 94 257 257 10 10 258 258 8 8 259 259 94 93 260 260 95 95 261 261 10 10 262 262 94 93 263 263 12 12 264 264 10 10 265 265 95 95 266 266 96 96 267 267 12 12 268 268 95 95 269 269 98 97 270 270 20 20 271 271 97 98 272 272 22 22 273 273 20 20 274 274 98 97 275 275 99 99 276 276 22 22 277 277 98 97 278 278 0 2 279 279 22 22 280 280 99 99 281 281 100 100 282 282 0 2 283 283 99 99 284 284 103 101 285 285 102 102 286 286 101 103 287 287 104 104 288 288 102 102 289 289 103 101 290 290 105 105 291 291 104 104 292 292 103 101 293 293 106 106 294 294 104 104 295 295 105 105 296 296 107 107 297 297 106 106 298 298 105 105 299 299 110 108 300 300 109 109 301 301 108 110 302 302 63 63 303 303 109 109 304 304 110 108 305 305 111 111 306 306 63 63 307 307 110 108 308 308 61 61 309 309 63 63 310 310 111 111 311 311 114 112 312 312 113 113 313 313 112 114 314 314 55 55 315 315 113 113 316 316 114 112 317 317 115 115 318 318 55 55 319 319 114 112 320 320 53 53 321 321 55 55 322 322 115 115 323 323 17 17 324 324 9 9 325 325 11 11 326 326 7 7 327 327 9 9 328 328 17 17 329 329 19 19 330 330 7 7 331 331 17 17 332 332 21 21 333 333 7 7 334 334 19 19 335 335 31 31 336 336 43 43 337 337 45 45 338 338 41 41 339 339 43 43 340 340 31 31 341 341 33 33 342 342 41 41 343 343 31 31 344 344 35 35 345 345 41 41 346 346 33 33 347 347 18 18 348 348 97 98 349 349 20 20 350 350 116 116 351 351 97 98 352 352 18 18 353 353 117 117 354 354 116 116 355 355 18 18 356 356 120 118 357 357 119 119 358 358 118 120 359 359 121 121 360 360 119 119 361 361 120 118 362 362 72 72 363 363 121 121 364 364 120 118 365 365 42 42 366 366 89 90 367 367 44 44 368 368 122 122 369 369 89 90 370 370 42 42 371 371 123 123 372 372 122 122 373 373 42 42 374 374 126 124 375 375 125 125 376 376 124 126 377 377 127 127 378 378 125 125 379 379 126 124 380 380 102 102 381 381 128 128 382 382 101 103 383 383 129 129 384 384 128 128 385 385 102 102 386 386 126 124 387 387 128 128 388 388 129 129 389 389 124 126 390 390 128 128 391 391 126 124 392 392 132 130 393 393 131 131 394 394 130 132 395 395 133 133 396 396 131 131 397 397 132 130 398 398 64 66 399 399 131 131 400 400 133 133 401 401 65 65 402 402 131 131 403 403 64 66 404 404 119 119 405 405 134 134 406 406 118 120 407 407 135 135 408 408 134 134 409 409 119 119 410 410 39 39 411 411 35 35 412 412 37 37 413 413 41 41 414 414 35 35 415 415 39 39 416 416 28 28 417 417 137 136 418 418 136 137 419 419 26 24 420 420 137 136 421 421 28 28 422 422 15 15 423 423 11 11 424 424 13 13 425 425 17 17 426 426 11 11 427 427 15 15 428 428 32 32 429 429 138 138 430 430 85 86 431 431 30 30 432 432 138 138 433 433 32 32 434 434 40 40 435 435 139 139 436 436 123 123 437 437 38 38 438 438 139 139 439 439 40 40 440 440 4 4 441 441 141 140 442 442 140 141 443 443 2 0 444 444 141 140 445 445 4 4 446 446 8 8 447 447 142 142 448 448 93 94 449 449 6 6 450 450 142 142 451 451 8 8 452 452 16 16 453 453 143 143 454 454 117 117 455 455 14 14 456 456 143 143 457 457 16 16 458 458 14 14 459 459 144 144 460 460 143 143 461 461 12 12 462 462 144 144 463 463 14 14 464 464 4 4 465 465 142 142 466 466 6 6 467 467 140 141 468 468 142 142 469 469 4 4 470 470 2 0 471 471 145 145 472 472 141 140 473 473 0 2 474 474 145 145 475 475 2 0 476 476 38 38 477 477 146 146 478 478 139 139 479 479 36 36 480 480 146 146 481 481 38 38 482 482 28 28 483 483 138 138 484 484 30 30 485 485 136 137 486 486 138 138 487 487 28 28 488 488 26 24 489 489 147 147 490 490 137 136 491 491 24 26 492 492 147 147 493 493 26 24 494 494 130 132 495 495 148 148 496 496 132 130 497 497 149 149 498 498 148 148 499 499 130 132 500 500 27 27 501 501 47 47 502 502 25 25 503 503 29 29 504 504 47 47 505 505 27 27 506 506 3 3 507 507 23 23 508 508 1 1 509 509 5 5 510 510 23 23 511 511 3 3 512 512 152 150 513 513 151 151 514 514 150 152 515 515 153 153 516 516 151 151 517 517 152 150 518 518 153 153 519 519 154 154 520 520 151 151 521 521 76 76 522 522 154 154 523 523 153 153 524 524 127 127 525 525 155 155 526 526 125 125 527 527 69 69 528 528 155 155 529 529 127 127 530 530 56 58 531 531 74 74 532 532 76 76 533 533 57 57 534 534 74 74 535 535 56 58 536 536 57 57 537 537 72 72 538 538 74 74 539 539 59 59 540 540 72 72 541 541 57 57 542 542 59 59 543 543 121 121 544 544 72 72 545 545 61 61 546 546 121 121 547 547 59 59 548 548 61 61 549 549 119 119 550 550 121 121 551 551 111 111 552 552 119 119 553 553 61 61 554 554 111 111 555 555 135 135 556 556 119 119 557 557 110 108 558 558 135 135 559 559 111 111 560 560 110 108 561 561 83 83 562 562 135 135 563 563 108 110 564 564 83 83 565 565 110 108 566 566 108 110 567 567 81 81 568 568 83 83 569 569 109 109 570 570 81 81 571 571 108 110 572 572 76 76 573 573 58 56 574 574 56 58 575 575 153 153 576 576 58 56 577 577 76 76 578 578 153 153 579 579 60 60 580 580 58 56 581 581 152 150 582 582 60 60 583 583 153 153 584 584 152 150 585 585 62 62 586 586 60 60 587 587 156 156 588 588 62 62 589 589 152 150 590 590 156 156 591 591 63 63 592 592 62 62 593 593 79 79 594 594 63 63 595 595 156 156 596 596 79 79 597 597 109 109 598 598 63 63 599 599 81 81 600 600 109 109 601 601 79 79 602 602 149 149 603 603 157 157 604 604 148 148 605 605 106 106 606 606 157 157 607 607 149 149 608 608 21 21 609 609 5 5 610 610 7 7 611 611 23 23 612 612 5 5 613 613 21 21 614 614 135 135 615 615 158 158 616 616 134 134 617 617 83 83 618 618 158 158 619 619 135 135 620 620 29 29 621 621 45 45 622 622 47 47 623 623 31 31 624 624 45 45 625 625 29 29 626 626 150 152 627 627 156 156 628 628 152 150 629 629 159 159 630 630 156 156 631 631 150 152 632 632 48 50 633 633 104 104 634 634 106 106 635 635 49 49 636 636 104 104 637 637 48 50 638 638 49 49 639 639 102 102 640 640 104 104 641 641 51 51 642 642 102 102 643 643 49 49 644 644 51 51 645 645 129 129 646 646 102 102 647 647 53 53 648 648 129 129 649 649 51 51 650 650 53 53 651 651 126 124 652 652 129 129 653 653 115 115 654 654 126 124 655 655 53 53 656 656 115 115 657 657 127 127 658 658 126 124 659 659 114 112 660 660 127 127 661 661 115 115 662 662 114 112 663 663 69 69 664 664 127 127 665 665 112 114 666 666 69 69 667 667 114 112 668 668 112 114 669 669 67 67 670 670 69 69 671 671 113 113 672 672 67 67 673 673 112 114 674 674 106 106 675 675 50 48 676 676 48 50 677 677 149 149 678 678 50 48 679 679 106 106 680 680 149 149 681 681 52 52 682 682 50 48 683 683 130 132 684 684 52 52 685 685 149 149 686 686 130 132 687 687 54 54 688 688 52 52 689 689 131 131 690 690 54 54 691 691 130 132 692 692 131 131 693 693 55 55 694 694 54 54 695 695 65 65 696 696 55 55 697 697 131 131 698 698 65 65 699 699 113 113 700 700 55 55 701 701 67 67 702 702 113 113 703 703 65 65 704 704 78 80 705 705 156 156 706 706 159 159 707 707 79 79 708 708 156 156 709 709 78 80 710 710 72 72 711 711 120 118 712 712 71 73 713 713 18 18 714 714 16 16 715 715 117 117 716 716 42 42 717 717 40 40 718 718 123 123 719 719 84 84 720 720 158 158 721 721 83 83 722 722 77 77 723 723 154 154 724 724 76 76 725 725 100 100 726 726 145 145 727 727 0 2 728 728 96 96 729 729 144 144 730 730 12 12 731 731 107 107 732 732 157 157 733 733 106 106 734 734 70 70 735 735 155 155 736 736 69 69 737 737 92 92 738 738 147 147 739 739 24 26 740 740 88 88 741 741 146 146 742 742 36 36 743 743</p>
        </triangles>
      </mesh>
    </geometry>
    <geometry id="polygon0-mesh" name="polygon0">
      <mesh>
        <source id="polygon0-mesh-positions">
          <float_array id="polygon0-mesh-positions-array" count="504">-85.29624 32.69995 -123.7102 -85.88164 25.14604 -118.7243 -85.29624 24.1542 -121.2577 -85.81192 18.29478 -114.5445 -85.29623 16.6422 -116.2578 -85.8427 13.94953 -107.7633 -85.29624 11.64233 -108.7458 -85.7551 11.66477 -100.163 -85.29624 9.540101 -100.2 -85.76839 13.62917 -92.43376 -85.29624 11.64233 -91.65427 -85.76839 18.15133 -85.63949 -85.29624 16.6422 -84.14229 -85.82019 25.03727 -81.33889 -85.29624 24.15421 -79.14242 -85.8718 32.6784 -79.39297 -85.29624 32.69997 -76.68987 -85.91736 40.15063 -81.75457 -85.29624 41.24575 -79.14242 -85.84209 46.96046 -85.87991 -85.29624 48.75775 -84.14229 -85.83734 51.42799 -92.55344 -85.29624 53.75763 -91.65427 -85.90221 52.99696 -100.163 -85.29624 55.85984 -100.2001 -85.90081 51.15866 -107.6624 -85.29624 53.75763 -108.7458 -85.80714 47.07332 -114.5602 -85.29623 48.75774 -116.2578 -85.92099 40.14446 -118.556 -85.29624 41.24574 -121.2577 -85.9758 32.68196 -120.4365 -82.6786 29.29996 66.14374 -83.20039 22.56665 70.58806 -82.6786 21.68255 68.32989 -83.13827 16.45966 74.31374 -82.6786 14.9866 72.7866 -83.1657 12.58644 80.35834 -82.6786 10.52988 79.48256 -83.08762 10.54988 87.13298 -82.6786 8.656022 87.09998 -83.09947 12.30089 94.02258 -82.6786 10.52988 94.71738 -83.09947 16.33179 100.0788 -82.6786 14.9866 101.4133 -83.14564 22.46969 103.9122 -82.6786 21.68256 105.87 -83.19164 29.28074 105.6467 -82.6786 29.29998 108.0562 -83.23225 35.94125 103.5417 -82.6786 36.9174 105.87 -83.16516 42.0113 99.86444 -82.6786 43.61335 101.4133 -83.16093 45.99352 93.9159 -82.6786 48.07009 94.71738 -83.21875 47.39205 87.13295 -82.6786 49.94392 87.09995 -83.2175 45.75344 80.44827 -82.6786 48.07008 79.48256 -83.13401 42.1119 74.29984 -82.6786 43.61334 72.7866 -83.23547 35.93575 70.73808 -82.6786 36.91739 68.32989 -83.28434 29.28392 69.06187 82.6786 14.9866 72.7866 83.13827 16.45966 74.31374 82.6786 21.68255 68.32989 83.20039 22.56665 70.58806 82.6786 29.29996 66.14374 83.28434 29.28392 69.06187 82.6786 36.91739 68.32989 83.23547 35.93575 70.73808 82.6786 43.61334 72.7866 83.13401 42.1119 74.29984 82.6786 48.07008 79.48256 83.2175 45.75344 80.44827 82.6786 49.94392 87.09995 83.21875 47.39205 87.13295 82.6786 48.07009 94.71738 83.16093 45.99352 93.9159 82.6786 43.61335 101.4133 83.16516 42.0113 99.86444 82.6786 36.9174 105.87 83.23225 35.94125 103.5417 82.6786 29.29998 108.0562 83.19164 29.28074 105.6467 82.6786 21.68256 105.87 83.14564 22.46969 103.9122 82.6786 14.9866 101.4133 83.09947 16.33178 100.0788 82.6786 10.52988 94.71738 83.09947 12.30089 94.02258 82.6786 8.656022 87.09998 83.08762 10.54988 87.13298 82.6786 10.52988 79.48256 83.1657 12.58644 80.35834 85.29624 24.1542 -121.2576 85.88164 25.14604 -118.7243 85.29624 32.69996 -123.7102 85.9758 32.68197 -120.4365 85.29624 41.24574 -121.2576 85.92098 40.14446 -118.556 85.29623 48.75775 -116.2578 85.80713 47.07332 -114.5602 85.29624 53.75763 -108.7458 85.90081 51.15867 -107.6624 85.29624 55.85984 -100.2001 85.90221 52.99696 -100.163 85.29624 53.75763 -91.65429 85.83733 51.42799 -92.55344 85.29624 48.75774 -84.1423 85.84209 46.96046 -85.87993 85.29624 41.24575 -79.14243 85.91736 40.15063 -81.75458 85.29624 32.69997 -76.68987 85.8718 32.6784 -79.39297 85.29624 24.15421 -79.14243 85.82019 25.03727 -81.33889 85.29624 16.6422 -84.1423 85.76839 18.15133 -85.6395 85.29624 11.64233 -91.65429 85.76839 13.62917 -92.43375 85.29624 9.540101 -100.2 85.7551 11.66477 -100.163 85.29624 11.64233 -108.7458 85.8427 13.94953 -107.7633 85.29623 16.6422 -116.2578 85.81191 18.29479 -114.5446 50.02708 32.90232 -100.2 -78.94627 12.78496 -100.0801 -78.94627 19.57083 -113.1613 -87.39207 32.65206 -100.0801 -78.94627 32.65206 -119.9472 -78.94627 45.7333 -113.1613 -76.3474 29.25727 104.9157 -76.3474 17.59709 98.86703 -82.79034 29.25727 87.20686 -76.3474 11.54839 87.20688 -76.3474 17.59709 75.54671 -76.3474 29.25727 69.498 -76.3474 40.91745 75.54671 -76.3474 46.96616 87.20686 51.24082 29.48034 87.09999 76.3474 17.59708 98.86703 76.3474 29.25727 104.9157 82.79034 29.25727 87.20686 76.3474 40.91745 98.86703 76.3474 46.96616 87.20686 -50.02708 32.90232 -100.2 -51.24082 29.48034 87.09999 78.94626 19.57083 -86.99889 78.94626 32.65206 -80.21306 87.39207 32.65206 -100.0801 78.94626 45.7333 -86.99889 78.94626 52.51918 -100.0801 -78.94627 45.7333 -86.99889 -78.94627 32.65206 -80.21304 -78.94627 19.57083 -86.99889 78.94626 12.78496 -100.0801 78.94626 19.57083 -113.1613 78.94627 32.65206 -119.9472 78.94626 45.7333 -113.1613 -76.3474 40.91745 98.86703 -78.94627 52.51917 -100.0801 76.3474 17.59709 75.54671 76.3474 29.25727 69.498 76.3474 40.91745 75.54671 76.3474 11.54839 87.20688</float_array>
          <technique_common>
            <accessor source="#polygon0-mesh-positions-array" count="168" stride="3">
              <param name="X" type="float"/>
              <param name="Y" type="float"/>
              <param name="Z" type="float"/>
            </accessor>
          </technique_common>
        </source>
        <source id="polygon0-mesh-normals">
          <float_array id="polygon0-mesh-normals-array" count="696">-0.9454852 -0.1223131 -0.3018234 -0.9775354 -0.08894753 -0.1910837 -0.9513943 -6.7031e-5 -0.3079757 -0.9773204 -0.1499639 -0.1495184 -0.9486422 -0.2237575 -0.2236307 -0.9770308 -0.194989 -0.08596616 -0.9534302 -0.2762593 -0.1210439 -0.9774758 -0.2110474 9.19219e-5 -0.9514881 -0.3076856 1.25686e-4 -0.9763445 -0.1977666 0.08740752 -0.9529454 -0.2776063 0.121778 -0.9762359 -0.1531589 0.1533159 -0.9480025 -0.2250437 0.2250483 -0.9762953 -0.0913946 0.1962004 -0.9528864 -0.1260483 0.2758978 -0.9780636 -9.14502e-5 0.2083069 -0.9397392 5.12972e-6 0.3418923 -0.9767424 0.09022945 0.1945072 -0.9531942 0.1256114 0.2750321 -0.9769793 0.1506315 0.1510686 -0.9484435 0.2240552 0.2241748 -0.977248 0.1940787 0.08555591 -0.9536038 0.2757145 0.1209192 -0.9783291 0.2070562 -2.4948e-5 -0.9520929 0.305809 6.0834e-5 -0.9777081 0.192198 -0.08453845 -0.9539597 0.274702 -0.1204146 -0.9778195 0.1481044 -0.1481018 -0.9489536 0.2230293 -0.2230361 -0.9777976 0.08817851 -0.1900961 -0.9456595 0.1220595 -0.3013794 -0.979132 9.7517e-5 -0.2032254 -0.945487 -0.122309 -0.3018193 -0.9775369 -0.08894181 -0.191079 -0.9513953 -5.49797e-5 -0.3079727 -0.9773205 -0.1499618 -0.1495197 -0.9486416 -0.2237582 -0.2236324 -0.9770305 -0.1949916 -0.08596384 -0.9534289 -0.2762643 -0.1210439 -0.9774754 -0.2110494 9.21493e-5 -0.9514879 -0.3076865 1.25097e-4 -0.9763445 -0.197786 0.08736306 -0.9529445 -0.2776089 0.1217792 -0.9762356 -0.1531579 0.1533194 -0.9479997 -0.2250496 0.225054 -0.976294 -0.09139567 0.1962063 -0.9528996 -0.1260309 0.2758598 -0.978063 -1.91497e-4 0.2083095 -0.9397394 4.24683e-6 0.3418917 -0.9767409 0.09014379 0.1945542 -0.9531924 0.1256141 0.275037 -0.9769793 0.1506291 0.1510712 -0.9484432 0.2240535 0.2241771 -0.9772523 0.1939826 0.08572471 -0.953617 0.2756764 0.1209011 -0.9783283 0.20706 -2.62652e-5 -0.9520926 0.3058099 6.12941e-5 -0.9777087 0.192195 -0.08453941 -0.9539613 0.2746966 -0.120415 -0.9778497 0.1480286 -0.1479784 -0.9489541 0.223029 -0.2230343 -0.9777986 0.08817756 -0.1900913 -0.9456611 0.1220581 -0.3013751 -0.9791327 9.70545e-5 -0.203222 0.945487 -0.1223099 -0.3018192 0.9773392 -0.1496671 -0.1496933 0.9486417 -0.2237581 -0.2236323 0.9775369 -0.08894234 -0.1910788 0.9513953 -5.51939e-5 -0.3079726 0.9791328 9.70617e-5 -0.2032218 0.9456612 0.1220579 -0.3013749 0.9777987 0.08817732 -0.1900911 0.9489543 0.223028 -0.2230342 0.9779194 0.1478548 -0.1476914 0.9539611 0.2746972 -0.1204149 0.9777085 0.1921957 -0.08453935 0.9521067 0.3057662 6.11041e-5 0.9783277 0.2070626 -2.62355e-5 0.9536178 0.2756738 0.1209011 0.9772524 0.1939814 0.08572578 0.9484431 0.2240547 0.2241771 0.9769792 0.1506301 0.1510704 0.9531925 0.1256139 0.2750367 0.9767444 0.09035736 0.1944375 0.9397395 3.17767e-6 0.3418916 0.9780629 -1.92863e-4 0.2083095 0.9528993 -0.1260316 0.2758603 0.9762938 -0.09139645 0.1962069 0.9479991 -0.2250512 0.2250549 0.9762275 -0.1530836 0.1534455 0.9529448 -0.277608 0.121779 0.9763444 -0.1977667 0.08740788 0.951488 -0.307686 1.25099e-4 0.9774755 -0.2110491 9.21288e-5 0.9534293 -0.2762627 -0.121044 0.9770197 -0.1951123 -0.08581233 0.9513939 -6.65449e-5 -0.3079769 0.9775341 -0.08895128 -0.1910886 0.9454832 -0.1223168 -0.3018283 0.9791319 9.78277e-5 -0.2032259 0.9456593 0.1220597 -0.3013802 0.9777975 0.08817827 -0.190097 0.9489542 0.2230282 -0.223035 0.9778497 0.1480287 -0.1479783 0.9539597 0.2747019 -0.1204154 0.977708 0.1921982 -0.08453953 0.9520928 0.3058093 6.10501e-5 0.9783291 0.2070561 -2.45355e-5 0.9536042 0.2757138 0.120918 0.9772503 0.1940299 0.08564084 0.9484446 0.2240511 0.224174 0.9769802 0.1507309 0.150964 0.9531942 0.1256126 0.2750317 0.9767425 0.09023088 0.1945064 0.9397392 4.90993e-6 0.3418924 0.9780636 -9.18966e-5 0.2083069 0.9528861 -0.1260485 0.2758985 0.9763086 -0.09106516 0.1962877 0.9480025 -0.2250436 0.2250481 0.9762411 -0.1532101 0.1532325 0.9529451 -0.2776072 0.1217781 0.9763444 -0.197767 0.08740746 0.9514872 -0.3076886 1.25762e-4 0.977475 -0.2110515 9.19143e-5 0.9534304 -0.2762587 -0.1210439 0.9770253 -0.19505 -0.08589041 0.9486421 -0.2237574 -0.2236312 0.9773203 -0.1499636 -0.1495199 0.9998417 -0.01550799 0.008732795 0.4885903 -0.8723212 0.0183137 0.4884001 -0.8055758 -0.3354299 0.4817557 -0.8124108 0.3284819 0.4911632 -0.6117492 0.6200981 -1 0 0 -0.9096822 -0.2936652 -0.2936649 -0.920293 -0.3912301 -2.01268e-7 -0.9202928 0 -0.3912303 -0.9096822 0.2936653 -0.2936652 -1 0 0 -0.931428 -0.257334 0.2573349 -0.9397361 0 0.3419008 -0.9397365 -0.3418996 0 -0.9314277 -0.2573351 -0.2573349 -0.9397363 -1.41464e-7 -0.3419002 -0.9314278 0.2573348 -0.2573349 -0.9397366 0.3418993 -2.6272e-7 0.9998419 -0.0154969 0.008722484 0.4885925 -0.8723236 0.0181393 0.4884001 -0.8055755 -0.3354302 0.4817664 -0.8125402 0.3281457 0.4911616 -0.6117507 0.6200979 1 0 -1.29124e-7 0.9397361 0 0.3419008 0.931428 -0.2573341 0.2573347 0.931428 0.2573338 0.257335 0.9397366 0.3418993 -2.6272e-7 -0.9998419 -0.01549619 0.008721828 -0.4884014 -0.8055583 -0.3354697 -0.4885913 -0.8723224 0.01822626 -0.4887582 -0.6011272 -0.6322669 -0.4829146 -0.3607054 -0.7979255 -0.5017146 -0.02820801 -0.8645733 -0.4958004 0.3383113 -0.7998296 -0.501593 0.6014183 -0.6218526 -0.5023817 0.7898983 -0.3516724 -0.510848 0.8594084 0.02124768 -0.4945082 0.7888903 0.3648476 -0.4965198 0.6059494 0.6215251 -0.4886301 0.3234004 0.8103412 -0.4904682 -0.01176738 0.8713797 -0.4817371 -0.3243653 0.814074 -0.4911629 -0.6117495 0.620098 -0.4817558 -0.8124106 0.3284822 -0.9998419 -0.01549601 0.008722782 -0.4884001 -0.8055756 -0.3354302 -0.4885925 -0.8723236 0.0181393 -0.4887569 -0.6011294 -0.632266 -0.4829145 -0.360706 -0.7979253 -0.5017152 -0.02816337 -0.8645743 -0.4958005 0.3383091 -0.7998306 -0.5015904 0.6015149 -0.6217612 -0.5023817 0.7898986 -0.3516716 -0.5108482 0.8594106 0.02116036 -0.4945072 0.7888724 0.3648878 -0.4965198 0.6059491 0.6215255 -0.488622 0.3230646 0.81048 -0.4904681 -0.01172387 0.8713803 -0.4817371 -0.3243668 0.8140735 -0.4911322 -0.6121004 0.6197761 -0.4817661 -0.8125404 0.3281457 1 -2.16337e-7 2.48066e-7 0.9202923 0 0.3912316 0.9096823 -0.2936644 0.2936655 0.9096823 0.2936644 0.2936657 0.9202932 0.3912296 0 -0.9202927 1.40887e-7 0.3912308 -0.9096824 0.2936643 0.2936651 -0.9096825 -0.2936642 0.2936651 0.4887577 -0.601127 -0.6322675 0.4829146 -0.3607063 -0.7979252 0.5017146 -0.02820801 -0.8645732 0.4958 0.3383533 -0.7998121 0.5015904 0.6015143 -0.6217617 0.5023816 0.7898982 -0.3516727 0.5108481 0.8594074 0.02129089 0.4945093 0.78891 0.3648036 0.9202929 -0.3912302 -2.61648e-7 0.909682 -0.2936658 -0.2936651 0.9202929 0 -0.3912303 0.9096822 0.2936652 -0.2936649 -0.931428 0.2573341 0.257335 -0.920293 0.3912301 -1.94559e-7 0.4887569 -0.6011294 -0.632266 0.4829146 -0.3607059 -0.7979253 0.5017146 -0.02820628 -0.8645732 0.4958005 0.3383088 -0.7998306 0.5015904 0.6015151 -0.621761 0.5023816 0.7898988 -0.3516713 0.5108482 0.8594106 0.02116036 0.4945072 0.7888724 0.3648878 0.4965198 0.6059492 0.6215254 0.488622 0.3230646 0.81048 0.4904681 -0.01176756 0.8713797 0.4817363 -0.3244091 0.8140571 0.9397363 0 -0.3419002 0.9314277 -0.257335 -0.2573349 0.9314278 0.2573348 -0.2573349 0.9397365 -0.3418997 -1.27992e-7 0.4904681 -0.0117231 0.8713803 0.4886301 0.323396 0.810343 0.4817364 -0.3244076 0.8140577 0.4965198 0.605948 0.6215265</float_array>
          <technique_common>
            <accessor source="#polygon0-mesh-normals-array" count="232" stride="3">
              <param name="X" type="float"/>
              <param name="Y" type="float"/>
              <param name="Z" type="float"/>
            </accessor>
          </technique_common>
        </source>
        <source id="polygon0-mesh-map-0">
          <float_array id="polygon0-mesh-map-0-array" count="1344">-0.1907958 0.6945801 -0.2242432 0.7058105 -0.15979 0.7672119 -0.298584 0.65271 -0.2242432 0.7058105 -0.1907958 0.6945801 -0.2810059 0.6347656 -0.298584 0.65271 -0.1907958 0.6945801 -0.4031982 0.621582 -0.298584 0.65271 -0.2810059 0.6347656 -0.3863525 0.6002197 -0.4031982 0.621582 -0.2810059 0.6347656 -0.5087891 0.6126709 -0.4031982 0.621582 -0.3863525 0.6002197 -0.5095215 0.5859375 -0.5087891 0.6126709 -0.3863525 0.6002197 -0.6259766 0.6256104 -0.5087891 0.6126709 -0.5095215 0.5859375 -0.644165 0.6048584 -0.6259766 0.6256104 -0.5095215 0.5859375 -0.723999 0.6610107 -0.6259766 0.6256104 -0.644165 0.6048584 -0.7568359 0.6489258 -0.723999 0.6610107 -0.644165 0.6048584 -0.7819824 0.7105713 -0.723999 0.6610107 -0.7568359 0.6489258 -0.8271484 0.7011719 -0.7819824 0.7105713 -0.7568359 0.6489258 -0.8062744 0.7739258 -0.7819824 0.7105713 -0.8271484 0.7011719 -0.8594971 0.7747803 -0.8062744 0.7739258 -0.8271484 0.7011719 -0.7635498 0.8308105 -0.8062744 0.7739258 -0.8594971 0.7747803 -0.8126221 0.8425293 -0.7635498 0.8308105 -0.8594971 0.7747803 -0.7049561 0.8731689 -0.7635498 0.8308105 -0.8126221 0.8425293 -0.7388916 0.890625 -0.7049561 0.8731689 -0.8126221 0.8425293 -0.614502 0.9000244 -0.7049561 0.8731689 -0.7388916 0.890625 -0.6330566 0.921875 -0.614502 0.9000244 -0.7388916 0.890625 -0.5074463 0.9089355 -0.614502 0.9000244 -0.6330566 0.921875 -0.5081787 0.9334717 -0.5074463 0.9089355 -0.6330566 0.921875 -0.4041748 0.8997803 -0.5074463 0.9089355 -0.5081787 0.9334717 -0.3861084 0.923584 -0.4041748 0.8997803 -0.5081787 0.9334717 -0.3132324 0.8708496 -0.4041748 0.8997803 -0.3861084 0.923584 -0.2830811 0.887085 -0.3132324 0.8708496 -0.3861084 0.923584 -0.2453613 0.8244629 -0.3132324 0.8708496 -0.2830811 0.887085 -0.1964111 0.835083 -0.2453613 0.8244629 -0.2830811 0.887085 -0.2050781 0.7674561 -0.2453613 0.8244629 -0.1964111 0.835083 -0.15979 0.7672119 -0.2050781 0.7674561 -0.1964111 0.835083 -0.2242432 0.7058105 -0.2050781 0.7674561 -0.15979 0.7672119 -0.1907958 0.6945801 -0.2242432 0.7058105 -0.15979 0.7672119 -0.298584 0.65271 -0.2242432 0.7058105 -0.1907958 0.6945801 -0.2810059 0.6347656 -0.298584 0.65271 -0.1907958 0.6945801 -0.4031982 0.621582 -0.298584 0.65271 -0.2810059 0.6347656 -0.3863525 0.6002197 -0.4031982 0.621582 -0.2810059 0.6347656 -0.5087891 0.6126709 -0.4031982 0.621582 -0.3863525 0.6002197 -0.5095215 0.5859375 -0.5087891 0.6126709 -0.3863525 0.6002197 -0.6259766 0.6256104 -0.5087891 0.6126709 -0.5095215 0.5859375 -0.644165 0.6048584 -0.6259766 0.6256104 -0.5095215 0.5859375 -0.723999 0.6610107 -0.6259766 0.6256104 -0.644165 0.6048584 -0.7568359 0.6489258 -0.723999 0.6610107 -0.644165 0.6048584 -0.7819824 0.7105713 -0.723999 0.6610107 -0.7568359 0.6489258 -0.8271484 0.7011719 -0.7819824 0.7105713 -0.7568359 0.6489258 -0.8048096 0.7739258 -0.7819824 0.7105713 -0.8271484 0.7011719 -0.8594971 0.7747803 -0.8048096 0.7739258 -0.8271484 0.7011719 -0.7635498 0.8308105 -0.8048096 0.7739258 -0.8594971 0.7747803 -0.8126221 0.8425293 -0.7635498 0.8308105 -0.8594971 0.7747803 -0.7049561 0.8731689 -0.7635498 0.8308105 -0.8126221 0.8425293 -0.7388916 0.890625 -0.7049561 0.8731689 -0.8126221 0.8425293 -0.614502 0.9000244 -0.7049561 0.8731689 -0.7388916 0.890625 -0.6330566 0.921875 -0.614502 0.9000244 -0.7388916 0.890625 -0.5074463 0.9089355 -0.614502 0.9000244 -0.6330566 0.921875 -0.5081787 0.9334717 -0.5074463 0.9089355 -0.6330566 0.921875 -0.4041748 0.8997803 -0.5074463 0.9089355 -0.5081787 0.9334717 -0.3861084 0.923584 -0.4041748 0.8997803 -0.5081787 0.9334717 -0.3132324 0.8708496 -0.4041748 0.8997803 -0.3861084 0.923584 -0.2830811 0.887085 -0.3132324 0.8708496 -0.3861084 0.923584 -0.2453613 0.8244629 -0.3132324 0.8708496 -0.2830811 0.887085 -0.1964111 0.835083 -0.2453613 0.8244629 -0.2830811 0.887085 -0.2111816 0.7674561 -0.2453613 0.8244629 -0.1964111 0.835083 -0.15979 0.7672119 -0.2111816 0.7674561 -0.1964111 0.835083 -0.2242432 0.7058105 -0.2111816 0.7674561 -0.15979 0.7672119 -0.1907958 0.6945801 -0.298584 0.65271 -0.2810059 0.6347656 -0.2242432 0.7058105 -0.298584 0.65271 -0.1907958 0.6945801 -0.15979 0.7672119 -0.2242432 0.7058105 -0.1907958 0.6945801 -0.2111816 0.7674561 -0.2242432 0.7058105 -0.15979 0.7672119 -0.1964111 0.835083 -0.2111816 0.7674561 -0.15979 0.7672119 -0.2453613 0.8244629 -0.2111816 0.7674561 -0.1964111 0.835083 -0.2830811 0.887085 -0.2453613 0.8244629 -0.1964111 0.835083 -0.3132324 0.8708496 -0.2453613 0.8244629 -0.2830811 0.887085 -0.3861084 0.923584 -0.3132324 0.8708496 -0.2830811 0.887085 -0.4041748 0.8997803 -0.3132324 0.8708496 -0.3861084 0.923584 -0.5081787 0.9334717 -0.4041748 0.8997803 -0.3861084 0.923584 -0.5074463 0.9089355 -0.4041748 0.8997803 -0.5081787 0.9334717 -0.6330566 0.921875 -0.5074463 0.9089355 -0.5081787 0.9334717 -0.614502 0.9000244 -0.5074463 0.9089355 -0.6330566 0.921875 -0.7388916 0.890625 -0.614502 0.9000244 -0.6330566 0.921875 -0.7049561 0.8731689 -0.614502 0.9000244 -0.7388916 0.890625 -0.8126221 0.8425293 -0.7049561 0.8731689 -0.7388916 0.890625 -0.7635498 0.8308105 -0.7049561 0.8731689 -0.8126221 0.8425293 -0.8594971 0.7747803 -0.7635498 0.8308105 -0.8126221 0.8425293 -0.8048096 0.7739258 -0.7635498 0.8308105 -0.8594971 0.7747803 -0.8271484 0.7011719 -0.8048096 0.7739258 -0.8594971 0.7747803 -0.7819824 0.7105713 -0.8048096 0.7739258 -0.8271484 0.7011719 -0.7568359 0.6489258 -0.7819824 0.7105713 -0.8271484 0.7011719 -0.723999 0.6610107 -0.7819824 0.7105713 -0.7568359 0.6489258 -0.644165 0.6048584 -0.723999 0.6610107 -0.7568359 0.6489258 -0.6259766 0.6256104 -0.723999 0.6610107 -0.644165 0.6048584 -0.5095215 0.5859375 -0.6259766 0.6256104 -0.644165 0.6048584 -0.5087891 0.6126709 -0.6259766 0.6256104 -0.5095215 0.5859375 -0.3863525 0.6002197 -0.5087891 0.6126709 -0.5095215 0.5859375 -0.4031982 0.621582 -0.5087891 0.6126709 -0.3863525 0.6002197 -0.2810059 0.6347656 -0.4031982 0.621582 -0.3863525 0.6002197 -0.298584 0.65271 -0.4031982 0.621582 -0.2810059 0.6347656 -0.15979 0.7672119 -0.2242432 0.7058105 -0.1907958 0.6945801 -0.2050781 0.7674561 -0.2242432 0.7058105 -0.15979 0.7672119 -0.1964111 0.835083 -0.2050781 0.7674561 -0.15979 0.7672119 -0.2453613 0.8244629 -0.2050781 0.7674561 -0.1964111 0.835083 -0.2830811 0.887085 -0.2453613 0.8244629 -0.1964111 0.835083 -0.3132324 0.8708496 -0.2453613 0.8244629 -0.2830811 0.887085 -0.3861084 0.923584 -0.3132324 0.8708496 -0.2830811 0.887085 -0.4041748 0.8997803 -0.3132324 0.8708496 -0.3861084 0.923584 -0.5081787 0.9334717 -0.4041748 0.8997803 -0.3861084 0.923584 -0.5074463 0.9089355 -0.4041748 0.8997803 -0.5081787 0.9334717 -0.6330566 0.921875 -0.5074463 0.9089355 -0.5081787 0.9334717 -0.614502 0.9000244 -0.5074463 0.9089355 -0.6330566 0.921875 -0.7388916 0.890625 -0.614502 0.9000244 -0.6330566 0.921875 -0.7049561 0.8731689 -0.614502 0.9000244 -0.7388916 0.890625 -0.8126221 0.8425293 -0.7049561 0.8731689 -0.7388916 0.890625 -0.7635498 0.8308105 -0.7049561 0.8731689 -0.8126221 0.8425293 -0.8594971 0.7747803 -0.7635498 0.8308105 -0.8126221 0.8425293 -0.8062744 0.7739258 -0.7635498 0.8308105 -0.8594971 0.7747803 -0.8271484 0.7011719 -0.8062744 0.7739258 -0.8594971 0.7747803 -0.7819824 0.7105713 -0.8062744 0.7739258 -0.8271484 0.7011719 -0.7568359 0.6489258 -0.7819824 0.7105713 -0.8271484 0.7011719 -0.723999 0.6610107 -0.7819824 0.7105713 -0.7568359 0.6489258 -0.644165 0.6048584 -0.723999 0.6610107 -0.7568359 0.6489258 -0.6259766 0.6256104 -0.723999 0.6610107 -0.644165 0.6048584 -0.5095215 0.5859375 -0.6259766 0.6256104 -0.644165 0.6048584 -0.5087891 0.6126709 -0.6259766 0.6256104 -0.5095215 0.5859375 -0.3863525 0.6002197 -0.5087891 0.6126709 -0.5095215 0.5859375 -0.4031982 0.621582 -0.5087891 0.6126709 -0.3863525 0.6002197 -0.2810059 0.6347656 -0.4031982 0.621582 -0.3863525 0.6002197 -0.298584 0.65271 -0.4031982 0.621582 -0.2810059 0.6347656 -0.1907958 0.6945801 -0.298584 0.65271 -0.2810059 0.6347656 -0.2242432 0.7058105 -0.298584 0.65271 -0.1907958 0.6945801 -0.503418 0.7686768 -0.5074463 0.9089355 -0.614502 0.9000244 -0.4041748 0.8997803 -0.5074463 0.9089355 -0.503418 0.7686768 -0.3132324 0.8708496 -0.4041748 0.8997803 -0.503418 0.7686768 -1.50769 0.7619629 -1.738892 0.6601563 -1.827271 0.7563477 -1.508789 0.5977783 -1.738892 0.6601563 -1.50769 0.7619629 -1.276855 0.6608887 -1.508789 0.5977783 -1.50769 0.7619629 -1.508057 0.762207 -1.734009 0.8833008 -1.508179 0.9368896 -1.855835 0.7561035 -1.734009 0.8833008 -1.508057 0.762207 -1.759521 0.6512451 -1.855835 0.7561035 -1.508057 0.762207 -1.508057 0.762207 -1.509277 0.583374 -1.759521 0.6512451 -1.256714 0.6522217 -1.509277 0.583374 -1.508057 0.762207 -1.153076 0.7662354 -1.256714 0.6522217 -1.508057 0.762207 -0.503418 0.7686768 -0.5074463 0.9089355 -0.614502 0.9000244 -0.4041748 0.8997803 -0.5074463 0.9089355 -0.503418 0.7686768 -0.3132324 0.8708496 -0.4041748 0.8997803 -0.503418 0.7686768 -1.508057 0.762207 -1.508179 0.9368896 -1.734009 0.8833008 -1.280029 0.8833008 -1.508179 0.9368896 -1.508057 0.762207 -1.153076 0.7662354 -1.280029 0.8833008 -1.508057 0.762207 -0.503418 0.7686768 -0.614502 0.9000244 -0.5074463 0.9089355 -0.7049561 0.8731689 -0.614502 0.9000244 -0.503418 0.7686768 -0.7635498 0.8308105 -0.7049561 0.8731689 -0.503418 0.7686768 -0.503418 0.7686768 -0.8062744 0.7739258 -0.7635498 0.8308105 -0.7819824 0.7105713 -0.8062744 0.7739258 -0.503418 0.7686768 -0.723999 0.6610107 -0.7819824 0.7105713 -0.503418 0.7686768 -0.503418 0.7686768 -0.6259766 0.6256104 -0.723999 0.6610107 -0.5087891 0.6126709 -0.6259766 0.6256104 -0.503418 0.7686768 -0.4031982 0.621582 -0.5087891 0.6126709 -0.503418 0.7686768 -0.503418 0.7686768 -0.298584 0.65271 -0.4031982 0.621582 -0.2242432 0.7058105 -0.298584 0.65271 -0.503418 0.7686768 -0.2050781 0.7674561 -0.2242432 0.7058105 -0.503418 0.7686768 -0.503418 0.7686768 -0.2453613 0.8244629 -0.2050781 0.7674561 -0.3132324 0.8708496 -0.2453613 0.8244629 -0.503418 0.7686768 -0.4041748 0.8997803 -0.3132324 0.8708496 -0.503418 0.7686768 -0.503418 0.7686768 -0.614502 0.9000244 -0.5074463 0.9089355 -0.7049561 0.8731689 -0.614502 0.9000244 -0.503418 0.7686768 -0.7635498 0.8308105 -0.7049561 0.8731689 -0.503418 0.7686768 -0.503418 0.7686768 -0.8048096 0.7739258 -0.7635498 0.8308105 -0.7819824 0.7105713 -0.8048096 0.7739258 -0.503418 0.7686768 -0.723999 0.6610107 -0.7819824 0.7105713 -0.503418 0.7686768 -0.503418 0.7686768 -0.6259766 0.6256104 -0.723999 0.6610107 -0.5087891 0.6126709 -0.6259766 0.6256104 -0.503418 0.7686768 -0.4031982 0.621582 -0.5087891 0.6126709 -0.503418 0.7686768 -0.503418 0.7686768 -0.298584 0.65271 -0.4031982 0.621582 -0.2242432 0.7058105 -0.298584 0.65271 -0.503418 0.7686768 -0.2111816 0.7674561 -0.2242432 0.7058105 -0.503418 0.7686768 -0.503418 0.7686768 -0.2453613 0.8244629 -0.2111816 0.7674561 -0.3132324 0.8708496 -0.2453613 0.8244629 -0.503418 0.7686768 -0.4041748 0.8997803 -0.3132324 0.8708496 -0.503418 0.7686768 -1.50769 0.7619629 -1.507935 0.9226074 -1.715332 0.873291 -1.29834 0.873291 -1.507935 0.9226074 -1.50769 0.7619629 -1.181641 0.7657471 -1.29834 0.873291 -1.50769 0.7619629 -1.50769 0.7619629 -1.507935 0.9226074 -1.29834 0.873291 -1.715332 0.873291 -1.507935 0.9226074 -1.50769 0.7619629 -1.827271 0.7563477 -1.715332 0.873291 -1.50769 0.7619629 -0.7049561 0.8731689 -0.503418 0.7686768 -0.614502 0.9000244 -0.7635498 0.8308105 -0.503418 0.7686768 -0.7049561 0.8731689 -0.8062744 0.7739258 -0.503418 0.7686768 -0.7635498 0.8308105 -0.7819824 0.7105713 -0.503418 0.7686768 -0.8062744 0.7739258 -0.723999 0.6610107 -0.503418 0.7686768 -0.7819824 0.7105713 -0.6259766 0.6256104 -0.503418 0.7686768 -0.723999 0.6610107 -0.5087891 0.6126709 -0.503418 0.7686768 -0.6259766 0.6256104 -0.4031982 0.621582 -0.503418 0.7686768 -0.5087891 0.6126709 -1.827271 0.7563477 -1.50769 0.7619629 -1.715332 0.873291 -1.738892 0.6601563 -1.50769 0.7619629 -1.827271 0.7563477 -1.508789 0.5977783 -1.50769 0.7619629 -1.738892 0.6601563 -1.276855 0.6608887 -1.50769 0.7619629 -1.508789 0.5977783 -1.508057 0.762207 -1.280029 0.8833008 -1.153076 0.7662354 -1.508179 0.9368896 -1.280029 0.8833008 -1.508057 0.762207 -1.181641 0.7657471 -1.50769 0.7619629 -1.29834 0.873291 -1.276855 0.6608887 -1.50769 0.7619629 -1.181641 0.7657471 -0.7049561 0.8731689 -0.503418 0.7686768 -0.614502 0.9000244 -0.7635498 0.8308105 -0.503418 0.7686768 -0.7049561 0.8731689 -0.8048096 0.7739258 -0.503418 0.7686768 -0.7635498 0.8308105 -0.7819824 0.7105713 -0.503418 0.7686768 -0.8048096 0.7739258 -0.723999 0.6610107 -0.503418 0.7686768 -0.7819824 0.7105713 -0.6259766 0.6256104 -0.503418 0.7686768 -0.723999 0.6610107 -0.5087891 0.6126709 -0.503418 0.7686768 -0.6259766 0.6256104 -0.4031982 0.621582 -0.503418 0.7686768 -0.5087891 0.6126709 -0.298584 0.65271 -0.503418 0.7686768 -0.4031982 0.621582 -0.2242432 0.7058105 -0.503418 0.7686768 -0.298584 0.65271 -0.2111816 0.7674561 -0.503418 0.7686768 -0.2242432 0.7058105 -0.2453613 0.8244629 -0.503418 0.7686768 -0.2111816 0.7674561 -1.509277 0.583374 -1.508057 0.762207 -1.759521 0.6512451 -1.256714 0.6522217 -1.508057 0.762207 -1.509277 0.583374 -1.855835 0.7561035 -1.508057 0.762207 -1.734009 0.8833008 -1.759521 0.6512451 -1.508057 0.762207 -1.855835 0.7561035 -0.2050781 0.7674561 -0.503418 0.7686768 -0.2242432 0.7058105 -0.2453613 0.8244629 -0.503418 0.7686768 -0.2050781 0.7674561 -0.298584 0.65271 -0.503418 0.7686768 -0.4031982 0.621582 -0.2242432 0.7058105 -0.503418 0.7686768 -0.298584 0.65271 -0.2453613 0.8244629 -0.3132324 0.8708496 -0.503418 0.7686768 -1.256714 0.6522217 -1.153076 0.7662354 -1.508057 0.762207 -0.4041748 0.8997803 -0.503418 0.7686768 -0.5074463 0.9089355 -0.4041748 0.8997803 -0.503418 0.7686768 -0.5074463 0.9089355 -1.276855 0.6608887 -1.181641 0.7657471 -1.50769 0.7619629 -0.2453613 0.8244629 -0.3132324 0.8708496 -0.503418 0.7686768</float_array>
          <technique_common>
            <accessor source="#polygon0-mesh-map-0-array" count="672" stride="2">
              <param name="S" type="float"/>
              <param name="T" type="float"/>
            </accessor>
          </technique_common>
        </source>
        <source id="polygon0-mesh-colors-polygon0_Colors0" name="polygon0_Colors0">
          <float_array id="polygon0-mesh-colors-polygon0_Colors0-array" count="2688">0.6980392 0.6980392 0.6980392 1 0.6980392 0.6980392 0.6980392 1 0.6980392 0.6980392 0.6980392 1 0.6980392 0.6980392 0.6980392 1 0.6980392 0.6980392 0.6980392 1 0.6980392 0.6980392 0.6980392 1 0.6980392 0.6980392 0.6980392 1 0.6980392 0.6980392 0.6980392 1 0.6980392 0.6980392 0.6980392 1 0.6980392 0.6980392 0.6980392 1 0.6980392 0.6980392 0.6980392 1 0.6980392 0.6980392 0.6980392 1 0.6980392 0.6980392 0.6980392 1 0.6980392 0.6980392 0.6980392 1 0.6980392 0.6980392 0.6980392 1 0.6980392 0.6980392 0.6980392 1 0.6980392 0.6980392 0.6980392 1 0.6980392 0.6980392 0.6980392 1 0.6980392 0.6980392 0.6980392 1 0.6980392 0.6980392 0.6980392 1 0.6980392 0.6980392 0.6980392 1 0.6980392 0.6980392 0.6980392 1 0.6980392 0.6980392 0.6980392 1 0.6980392 0.6980392 0.6980392 1 0.6980392 0.6980392 0.6980392 1 0.6980392 0.6980392 0.6980392 1 0.6980392 0.6980392 0.6980392 1 0.6980392 0.6980392 0.6980392 1 0.6980392 0.6980392 0.6980392 1 0.6980392 0.6980392 0.6980392 1 0.6980392 0.6980392 0.6980392 1 0.6980392 0.6980392 0.6980392 1 0.6980392 0.6980392 0.6980392 1 0.6980392 0.6980392 0.6980392 1 0.6980392 0.6980392 0.6980392 1 0.6980392 0.6980392 0.6980392 1 0.6980392 0.6980392 0.6980392 1 0.6980392 0.6980392 0.6980392 1 0.6980392 0.6980392 0.6980392 1 0.6980392 0.6980392 0.6980392 1 0.6980392 0.6980392 0.6980392 1 0.6980392 0.6980392 0.6980392 1 0.6980392 0.6980392 0.6980392 1 0.6980392 0.6980392 0.6980392 1 0.6980392 0.6980392 0.6980392 1 0.6980392 0.6980392 0.6980392 1 0.6980392 0.6980392 0.6980392 1 0.6980392 0.6980392 0.6980392 1 0.6980392 0.6980392 0.6980392 1 0.6980392 0.6980392 0.6980392 1 0.6980392 0.6980392 0.6980392 1 0.6980392 0.6980392 0.6980392 1 0.6980392 0.6980392 0.6980392 1 0.6980392 0.6980392 0.6980392 1 0.6980392 0.6980392 0.6980392 1 0.6980392 0.6980392 0.6980392 1 0.6980392 0.6980392 0.6980392 1 0.6980392 0.6980392 0.6980392 1 0.6980392 0.6980392 0.6980392 1 0.6980392 0.6980392 0.6980392 1 0.6980392 0.6980392 0.6980392 1 0.6980392 0.6980392 0.6980392 1 0.6980392 0.6980392 0.6980392 1 0.6980392 0.6980392 0.6980392 1 0.6980392 0.6980392 0.6980392 1 0.6980392 0.6980392 0.6980392 1 0.6980392 0.6980392 0.6980392 1 0.6980392 0.6980392 0.6980392 1 0.6980392 0.6980392 0.6980392 1 0.6980392 0.6980392 0.6980392 1 0.6980392 0.6980392 0.6980392 1 0.6980392 0.6980392 0.6980392 1 0.6980392 0.6980392 0.6980392 1 0.6980392 0.6980392 0.6980392 1 0.6980392 0.6980392 0.6980392 1 0.6980392 0.6980392 0.6980392 1 0.6980392 0.6980392 0.6980392 1 0.6980392 0.6980392 0.6980392 1 0.6980392 0.6980392 0.6980392 1 0.6980392 0.6980392 0.6980392 1 0.6980392 0.6980392 0.6980392 1 0.6980392 0.6980392 0.6980392 1 0.6980392 0.6980392 0.6980392 1 0.6980392 0.6980392 0.6980392 1 0.6980392 0.6980392 0.6980392 1 0.6980392 0.6980392 0.6980392 1 0.6980392 0.6980392 0.6980392 1 0.6980392 0.6980392 0.6980392 1 0.6980392 0.6980392 0.6980392 1 0.6980392 0.6980392 0.6980392 1 0.6980392 0.6980392 0.6980392 1 0.6980392 0.6980392 0.6980392 1 0.6980392 0.6980392 0.6980392 1 0.6980392 0.6980392 0.6980392 1 0.6980392 0.6980392 0.6980392 1 0.6980392 0.6980392 0.6980392 1 0.6980392 0.6980392 0.6980392 1 0.6980392 0.6980392 0.6980392 1 0.6980392 0.6980392 0.6980392 1 0.6980392 0.6980392 0.6980392 1 0.6980392 0.6980392 0.6980392 1 0.6980392 0.6980392 0.6980392 1 0.6980392 0.6980392 0.6980392 1 0.6980392 0.6980392 0.6980392 1 0.6980392 0.6980392 0.6980392 1 0.6980392 0.6980392 0.6980392 1 0.6980392 0.6980392 0.6980392 1 0.6980392 0.6980392 0.6980392 1 0.6980392 0.6980392 0.6980392 1 0.6980392 0.6980392 0.6980392 1 0.6980392 0.6980392 0.6980392 1 0.6980392 0.6980392 0.6980392 1 0.6980392 0.6980392 0.6980392 1 0.6980392 0.6980392 0.6980392 1 0.6980392 0.6980392 0.6980392 1 0.6980392 0.6980392 0.6980392 1 0.6980392 0.6980392 0.6980392 1 0.6980392 0.6980392 0.6980392 1 0.6980392 0.6980392 0.6980392 1 0.6980392 0.6980392 0.6980392 1 0.6980392 0.6980392 0.6980392 1 0.6980392 0.6980392 0.6980392 1 0.6980392 0.6980392 0.6980392 1 0.6980392 0.6980392 0.6980392 1 0.6980392 0.6980392 0.6980392 1 0.6980392 0.6980392 0.6980392 1 0.6980392 0.6980392 0.6980392 1 0.6980392 0.6980392 0.6980392 1 0.6980392 0.6980392 0.6980392 1 0.6980392 0.6980392 0.6980392 1 0.6980392 0.6980392 0.6980392 1 0.6980392 0.6980392 0.6980392 1 0.6980392 0.6980392 0.6980392 1 0.6980392 0.6980392 0.6980392 1 0.6980392 0.6980392 0.6980392 1 0.6980392 0.6980392 0.6980392 1 0.6980392 0.6980392 0.6980392 1 0.6980392 0.6980392 0.6980392 1 0.6980392 0.6980392 0.6980392 1 0.6980392 0.6980392 0.6980392 1 0.6980392 0.6980392 0.6980392 1 0.6980392 0.6980392 0.6980392 1 0.6980392 0.6980392 0.6980392 1 0.6980392 0.6980392 0.6980392 1 0.6980392 0.6980392 0.6980392 1 0.6980392 0.6980392 0.6980392 1 0.6980392 0.6980392 0.6980392 1 0.6980392 0.6980392 0.6980392 1 0.6980392 0.6980392 0.6980392 1 0.6980392 0.6980392 0.6980392 1 0.6980392 0.6980392 0.6980392 1 0.6980392 0.6980392 0.6980392 1 0.6980392 0.6980392 0.6980392 1 0.6980392 0.6980392 0.6980392 1 0.6980392 0.6980392 0.6980392 1 0.6980392 0.6980392 0.6980392 1 0.6980392 0.6980392 0.6980392 1 0.6980392 0.6980392 0.6980392 1 0.6980392 0.6980392 0.6980392 1 0.6980392 0.6980392 0.6980392 1 0.6980392 0.6980392 0.6980392 1 0.6980392 0.6980392 0.6980392 1 0.6980392 0.6980392 0.6980392 1 0.6980392 0.6980392 0.6980392 1 0.6980392 0.6980392 0.6980392 1 0.6980392 0.6980392 0.6980392 1 0.6980392 0.6980392 0.6980392 1 0.6980392 0.6980392 0.6980392 1 0.6980392 0.6980392 0.6980392 1 0.6980392 0.6980392 0.6980392 1 0.6980392 0.6980392 0.6980392 1 0.6980392 0.6980392 0.6980392 1 0.6980392 0.6980392 0.6980392 1 0.6980392 0.6980392 0.6980392 1 0.6980392 0.6980392 0.6980392 1 0.6980392 0.6980392 0.6980392 1 0.6980392 0.6980392 0.6980392 1 0.6980392 0.6980392 0.6980392 1 0.6980392 0.6980392 0.6980392 1 0.6980392 0.6980392 0.6980392 1 0.6980392 0.6980392 0.6980392 1 0.6980392 0.6980392 0.6980392 1 0.6980392 0.6980392 0.6980392 1 0.6980392 0.6980392 0.6980392 1 0.6980392 0.6980392 0.6980392 1 0.6980392 0.6980392 0.6980392 1 0.6980392 0.6980392 0.6980392 1 0.6980392 0.6980392 0.6980392 1 0.6980392 0.6980392 0.6980392 1 0.6980392 0.6980392 0.6980392 1 0.6980392 0.6980392 0.6980392 1 0.6980392 0.6980392 0.6980392 1 0.6980392 0.6980392 0.6980392 1 0.6980392 0.6980392 0.6980392 1 0.6980392 0.6980392 0.6980392 1 0.6980392 0.6980392 0.6980392 1 0.6980392 0.6980392 0.6980392 1 0.6980392 0.6980392 0.6980392 1 0.6980392 0.6980392 0.6980392 1 0.6980392 0.6980392 0.6980392 1 0.6980392 0.6980392 0.6980392 1 0.6980392 0.6980392 0.6980392 1 0.6980392 0.6980392 0.6980392 1 0.6980392 0.6980392 0.6980392 1 0.6980392 0.6980392 0.6980392 1 0.6980392 0.6980392 0.6980392 1 0.6980392 0.6980392 0.6980392 1 0.6980392 0.6980392 0.6980392 1 0.6980392 0.6980392 0.6980392 1 0.6980392 0.6980392 0.6980392 1 0.6980392 0.6980392 0.6980392 1 0.6980392 0.6980392 0.6980392 1 0.6980392 0.6980392 0.6980392 1 0.6980392 0.6980392 0.6980392 1 0.6980392 0.6980392 0.6980392 1 0.6980392 0.6980392 0.6980392 1 0.6980392 0.6980392 0.6980392 1 0.6980392 0.6980392 0.6980392 1 0.6980392 0.6980392 0.6980392 1 0.6980392 0.6980392 0.6980392 1 0.6980392 0.6980392 0.6980392 1 0.6980392 0.6980392 0.6980392 1 0.6980392 0.6980392 0.6980392 1 0.6980392 0.6980392 0.6980392 1 0.6980392 0.6980392 0.6980392 1 0.6980392 0.6980392 0.6980392 1 0.6980392 0.6980392 0.6980392 1 0.6980392 0.6980392 0.6980392 1 0.6980392 0.6980392 0.6980392 1 0.6980392 0.6980392 0.6980392 1 0.6980392 0.6980392 0.6980392 1 0.6980392 0.6980392 0.6980392 1 0.6980392 0.6980392 0.6980392 1 0.6980392 0.6980392 0.6980392 1 0.6980392 0.6980392 0.6980392 1 0.6980392 0.6980392 0.6980392 1 0.6980392 0.6980392 0.6980392 1 0.6980392 0.6980392 0.6980392 1 0.6980392 0.6980392 0.6980392 1 0.6980392 0.6980392 0.6980392 1 0.6980392 0.6980392 0.6980392 1 0.6980392 0.6980392 0.6980392 1 0.6980392 0.6980392 0.6980392 1 0.6980392 0.6980392 0.6980392 1 0.6980392 0.6980392 0.6980392 1 0.6980392 0.6980392 0.6980392 1 0.6980392 0.6980392 0.6980392 1 0.6980392 0.6980392 0.6980392 1 0.6980392 0.6980392 0.6980392 1 0.6980392 0.6980392 0.6980392 1 0.6980392 0.6980392 0.6980392 1 0.6980392 0.6980392 0.6980392 1 0.6980392 0.6980392 0.6980392 1 0.6980392 0.6980392 0.6980392 1 0.6980392 0.6980392 0.6980392 1 0.6980392 0.6980392 0.6980392 1 0.6980392 0.6980392 0.6980392 1 0.6980392 0.6980392 0.6980392 1 0.6980392 0.6980392 0.6980392 1 0.6980392 0.6980392 0.6980392 1 0.6980392 0.6980392 0.6980392 1 0.6980392 0.6980392 0.6980392 1 0.6980392 0.6980392 0.6980392 1 0.6980392 0.6980392 0.6980392 1 0.6980392 0.6980392 0.6980392 1 0.6980392 0.6980392 0.6980392 1 0.6980392 0.6980392 0.6980392 1 0.6980392 0.6980392 0.6980392 1 0.6980392 0.6980392 0.6980392 1 0.6980392 0.6980392 0.6980392 1 0.6980392 0.6980392 0.6980392 1 0.6980392 0.6980392 0.6980392 1 0.6980392 0.6980392 0.6980392 1 0.6980392 0.6980392 0.6980392 1 0.6980392 0.6980392 0.6980392 1 0.6980392 0.6980392 0.6980392 1 0.6980392 0.6980392 0.6980392 1 0.6980392 0.6980392 0.6980392 1 0.6980392 0.6980392 0.6980392 1 0.6980392 0.6980392 0.6980392 1 0.6980392 0.6980392 0.6980392 1 0.6980392 0.6980392 0.6980392 1 0.6980392 0.6980392 0.6980392 1 0.6980392 0.6980392 0.6980392 1 0.6980392 0.6980392 0.6980392 1 0.6980392 0.6980392 0.6980392 1 0.6980392 0.6980392 0.6980392 1 0.6980392 0.6980392 0.6980392 1 0.6980392 0.6980392 0.6980392 1 0.6980392 0.6980392 0.6980392 1 0.6980392 0.6980392 0.6980392 1 0.6980392 0.6980392 0.6980392 1 0.6980392 0.6980392 0.6980392 1 0.6980392 0.6980392 0.6980392 1 0.6980392 0.6980392 0.6980392 1 0.6980392 0.6980392 0.6980392 1 0.6980392 0.6980392 0.6980392 1 0.6980392 0.6980392 0.6980392 1 0.6980392 0.6980392 0.6980392 1 0.6980392 0.6980392 0.6980392 1 0.6980392 0.6980392 0.6980392 1 0.6980392 0.6980392 0.6980392 1 0.6980392 0.6980392 0.6980392 1 0.6980392 0.6980392 0.6980392 1 0.6980392 0.6980392 0.6980392 1 0.6980392 0.6980392 0.6980392 1 0.6980392 0.6980392 0.6980392 1 0.6980392 0.6980392 0.6980392 1 0.6980392 0.6980392 0.6980392 1 0.6980392 0.6980392 0.6980392 1 0.6980392 0.6980392 0.6980392 1 0.6980392 0.6980392 0.6980392 1 0.6980392 0.6980392 0.6980392 1 0.6980392 0.6980392 0.6980392 1 0.6980392 0.6980392 0.6980392 1 0.6980392 0.6980392 0.6980392 1 0.6980392 0.6980392 0.6980392 1 0.6980392 0.6980392 0.6980392 1 0.6980392 0.6980392 0.6980392 1 0.6980392 0.6980392 0.6980392 1 0.6980392 0.6980392 0.6980392 1 0.6980392 0.6980392 0.6980392 1 0.6980392 0.6980392 0.6980392 1 0.6980392 0.6980392 0.6980392 1 0.6980392 0.6980392 0.6980392 1 0.6980392 0.6980392 0.6980392 1 0.6980392 0.6980392 0.6980392 1 0.6980392 0.6980392 0.6980392 1 0.6980392 0.6980392 0.6980392 1 0.6980392 0.6980392 0.6980392 1 0.6980392 0.6980392 0.6980392 1 0.6980392 0.6980392 0.6980392 1 0.6980392 0.6980392 0.6980392 1 0.6980392 0.6980392 0.6980392 1 0.6980392 0.6980392 0.6980392 1 0.6980392 0.6980392 0.6980392 1 0.6980392 0.6980392 0.6980392 1 0.6980392 0.6980392 0.6980392 1 0.6980392 0.6980392 0.6980392 1 0.6980392 0.6980392 0.6980392 1 0.6980392 0.6980392 0.6980392 1 0.6980392 0.6980392 0.6980392 1 0.6980392 0.6980392 0.6980392 1 0.6980392 0.6980392 0.6980392 1 0.6980392 0.6980392 0.6980392 1 0.6980392 0.6980392 0.6980392 1 0.6980392 0.6980392 0.6980392 1 0.6980392 0.6980392 0.6980392 1 0.6980392 0.6980392 0.6980392 1 0.6980392 0.6980392 0.6980392 1 0.6980392 0.6980392 0.6980392 1 0.6980392 0.6980392 0.6980392 1 0.6980392 0.6980392 0.6980392 1 0.6980392 0.6980392 0.6980392 1 0.6980392 0.6980392 0.6980392 1 0.6980392 0.6980392 0.6980392 1 0.6980392 0.6980392 0.6980392 1 0.6980392 0.6980392 0.6980392 1 0.6980392 0.6980392 0.6980392 1 0.6980392 0.6980392 0.6980392 1 0.6980392 0.6980392 0.6980392 1 0.6980392 0.6980392 0.6980392 1 0.6980392 0.6980392 0.6980392 1 0.6980392 0.6980392 0.6980392 1 0.6980392 0.6980392 0.6980392 1 0.6980392 0.6980392 0.6980392 1 0.6980392 0.6980392 0.6980392 1 0.6980392 0.6980392 0.6980392 1 0.6980392 0.6980392 0.6980392 1 0.6980392 0.6980392 0.6980392 1 0.6980392 0.6980392 0.6980392 1 0.6980392 0.6980392 0.6980392 1 0.6980392 0.6980392 0.6980392 1 0.6980392 0.6980392 0.6980392 1 0.6980392 0.6980392 0.6980392 1 0.6980392 0.6980392 0.6980392 1 0.6980392 0.6980392 0.6980392 1 0.6980392 0.6980392 0.6980392 1 0.6980392 0.6980392 0.6980392 1 0.6980392 0.6980392 0.6980392 1 0.6980392 0.6980392 0.6980392 1 0.6980392 0.6980392 0.6980392 1 0.6980392 0.6980392 0.6980392 1 0.6980392 0.6980392 0.6980392 1 1 1 1 1 0.6980392 0.6980392 0.6980392 1 0.6980392 0.6980392 0.6980392 1 0.6980392 0.6980392 0.6980392 1 0.6980392 0.6980392 0.6980392 1 1 1 1 1 0.6980392 0.6980392 0.6980392 1 0.6980392 0.6980392 0.6980392 1 1 1 1 1 0.9843137 0.9843137 0.9843137 1 0.6980392 0.6980392 0.6980392 1 0.6980392 0.6980392 0.6980392 1 0.6980392 0.6980392 0.6980392 1 0.6980392 0.6980392 0.6980392 1 0.9843137 0.9843137 0.9843137 1 0.6980392 0.6980392 0.6980392 1 0.6980392 0.6980392 0.6980392 1 0.9843137 0.9843137 0.9843137 1 0.9843137 0.9843137 0.9843137 1 0.6980392 0.6980392 0.6980392 1 0.6980392 0.6980392 0.6980392 1 0.6980392 0.6980392 0.6980392 1 0.6980392 0.6980392 0.6980392 1 0.9843137 0.9843137 0.9843137 1 0.6980392 0.6980392 0.6980392 1 0.6980392 0.6980392 0.6980392 1 0.9843137 0.9843137 0.9843137 1 0.9843137 0.9843137 0.9843137 1 0.6980392 0.6980392 0.6980392 1 0.6980392 0.6980392 0.6980392 1 0.6980392 0.6980392 0.6980392 1 0.6980392 0.6980392 0.6980392 1 0.9843137 0.9843137 0.9843137 1 0.6980392 0.6980392 0.6980392 1 0.6980392 0.6980392 0.6980392 1 0.9843137 0.9843137 0.9843137 1 1 1 1 1 0.6980392 0.6980392 0.6980392 1 0.6980392 0.6980392 0.6980392 1 0.6980392 0.6980392 0.6980392 1 0.6980392 0.6980392 0.6980392 1 1 1 1 1 0.6980392 0.6980392 0.6980392 1 0.6980392 0.6980392 0.6980392 1 1 1 1 1 0.9843137 0.9843137 0.9843137 1 0.6980392 0.6980392 0.6980392 1 0.6980392 0.6980392 0.6980392 1 0.6980392 0.6980392 0.6980392 1 0.6980392 0.6980392 0.6980392 1 0.9843137 0.9843137 0.9843137 1 0.6980392 0.6980392 0.6980392 1 0.6980392 0.6980392 0.6980392 1 0.9843137 0.9843137 0.9843137 1 1 1 1 1 0.6980392 0.6980392 0.6980392 1 0.6980392 0.6980392 0.6980392 1 0.6980392 0.6980392 0.6980392 1 0.6980392 0.6980392 0.6980392 1 1 1 1 1 0.6980392 0.6980392 0.6980392 1 0.6980392 0.6980392 0.6980392 1 1 1 1 1 1 1 1 1 0.6980392 0.6980392 0.6980392 1 0.6980392 0.6980392 0.6980392 1 0.6980392 0.6980392 0.6980392 1 0.6980392 0.6980392 0.6980392 1 1 1 1 1 0.6980392 0.6980392 0.6980392 1 0.6980392 0.6980392 0.6980392 1 1 1 1 1 1 1 1 1 0.6980392 0.6980392 0.6980392 1 0.6980392 0.6980392 0.6980392 1 0.6980392 0.6980392 0.6980392 1 0.6980392 0.6980392 0.6980392 1 1 1 1 1 0.6980392 0.6980392 0.6980392 1 0.6980392 0.6980392 0.6980392 1 1 1 1 1 1 1 1 1 0.6980392 0.6980392 0.6980392 1 0.6980392 0.6980392 0.6980392 1 0.6980392 0.6980392 0.6980392 1 0.6980392 0.6980392 0.6980392 1 1 1 1 1 0.6980392 0.6980392 0.6980392 1 0.6980392 0.6980392 0.6980392 1 1 1 1 1 1 1 1 1 0.6980392 0.6980392 0.6980392 1 0.6980392 0.6980392 0.6980392 1 0.6980392 0.6980392 0.6980392 1 0.6980392 0.6980392 0.6980392 1 1 1 1 1 0.6980392 0.6980392 0.6980392 1 0.6980392 0.6980392 0.6980392 1 1 1 1 1 1 1 1 1 0.6980392 0.6980392 0.6980392 1 0.6980392 0.6980392 0.6980392 1 0.6980392 0.6980392 0.6980392 1 0.6980392 0.6980392 0.6980392 1 1 1 1 1 0.6980392 0.6980392 0.6980392 1 0.6980392 0.6980392 0.6980392 1 1 1 1 1 1 1 1 1 0.6980392 0.6980392 0.6980392 1 0.6980392 0.6980392 0.6980392 1 0.6980392 0.6980392 0.6980392 1 0.6980392 0.6980392 0.6980392 1 1 1 1 1 0.6980392 0.6980392 0.6980392 1 0.6980392 0.6980392 0.6980392 1 1 1 1 1 1 1 1 1 0.6980392 0.6980392 0.6980392 1 0.6980392 0.6980392 0.6980392 1 0.6980392 0.6980392 0.6980392 1 0.6980392 0.6980392 0.6980392 1 1 1 1 1 0.6980392 0.6980392 0.6980392 1 0.6980392 0.6980392 0.6980392 1 1 1 1 1 1 1 1 1 0.6980392 0.6980392 0.6980392 1 0.6980392 0.6980392 0.6980392 1 0.6980392 0.6980392 0.6980392 1 0.6980392 0.6980392 0.6980392 1 1 1 1 1 0.6980392 0.6980392 0.6980392 1 0.6980392 0.6980392 0.6980392 1 1 1 1 1 1 1 1 1 0.6980392 0.6980392 0.6980392 1 0.6980392 0.6980392 0.6980392 1 0.6980392 0.6980392 0.6980392 1 0.6980392 0.6980392 0.6980392 1 1 1 1 1 0.6980392 0.6980392 0.6980392 1 0.6980392 0.6980392 0.6980392 1 1 1 1 1 0.9843137 0.9843137 0.9843137 1 0.6980392 0.6980392 0.6980392 1 0.6980392 0.6980392 0.6980392 1 0.6980392 0.6980392 0.6980392 1 0.6980392 0.6980392 0.6980392 1 0.9843137 0.9843137 0.9843137 1 0.6980392 0.6980392 0.6980392 1 0.6980392 0.6980392 0.6980392 1 0.9843137 0.9843137 0.9843137 1 0.9843137 0.9843137 0.9843137 1 0.6980392 0.6980392 0.6980392 1 0.6980392 0.6980392 0.6980392 1 0.6980392 0.6980392 0.6980392 1 0.6980392 0.6980392 0.6980392 1 0.9843137 0.9843137 0.9843137 1 0.6980392 0.6980392 0.6980392 1 0.6980392 0.6980392 0.6980392 1 0.9843137 0.9843137 0.9843137 1 0.6980392 0.6980392 0.6980392 1 1 1 1 1 0.6980392 0.6980392 0.6980392 1 0.6980392 0.6980392 0.6980392 1 1 1 1 1 0.6980392 0.6980392 0.6980392 1 0.6980392 0.6980392 0.6980392 1 1 1 1 1 0.6980392 0.6980392 0.6980392 1 0.6980392 0.6980392 0.6980392 1 1 1 1 1 0.6980392 0.6980392 0.6980392 1 0.6980392 0.6980392 0.6980392 1 1 1 1 1 0.6980392 0.6980392 0.6980392 1 0.6980392 0.6980392 0.6980392 1 1 1 1 1 0.6980392 0.6980392 0.6980392 1 0.6980392 0.6980392 0.6980392 1 1 1 1 1 0.6980392 0.6980392 0.6980392 1 0.6980392 0.6980392 0.6980392 1 1 1 1 1 0.6980392 0.6980392 0.6980392 1 0.6980392 0.6980392 0.6980392 1 0.9843137 0.9843137 0.9843137 1 0.6980392 0.6980392 0.6980392 1 0.6980392 0.6980392 0.6980392 1 0.9843137 0.9843137 0.9843137 1 0.6980392 0.6980392 0.6980392 1 0.6980392 0.6980392 0.6980392 1 0.9843137 0.9843137 0.9843137 1 0.6980392 0.6980392 0.6980392 1 0.6980392 0.6980392 0.6980392 1 0.9843137 0.9843137 0.9843137 1 0.6980392 0.6980392 0.6980392 1 0.9843137 0.9843137 0.9843137 1 0.6980392 0.6980392 0.6980392 1 0.6980392 0.6980392 0.6980392 1 0.6980392 0.6980392 0.6980392 1 0.6980392 0.6980392 0.6980392 1 0.9843137 0.9843137 0.9843137 1 0.6980392 0.6980392 0.6980392 1 0.9843137 0.9843137 0.9843137 1 0.6980392 0.6980392 0.6980392 1 0.6980392 0.6980392 0.6980392 1 0.9843137 0.9843137 0.9843137 1 0.6980392 0.6980392 0.6980392 1 0.6980392 0.6980392 0.6980392 1 1 1 1 1 0.6980392 0.6980392 0.6980392 1 0.6980392 0.6980392 0.6980392 1 1 1 1 1 0.6980392 0.6980392 0.6980392 1 0.6980392 0.6980392 0.6980392 1 1 1 1 1 0.6980392 0.6980392 0.6980392 1 0.6980392 0.6980392 0.6980392 1 1 1 1 1 0.6980392 0.6980392 0.6980392 1 0.6980392 0.6980392 0.6980392 1 1 1 1 1 0.6980392 0.6980392 0.6980392 1 0.6980392 0.6980392 0.6980392 1 1 1 1 1 0.6980392 0.6980392 0.6980392 1 0.6980392 0.6980392 0.6980392 1 1 1 1 1 0.6980392 0.6980392 0.6980392 1 0.6980392 0.6980392 0.6980392 1 1 1 1 1 0.6980392 0.6980392 0.6980392 1 0.6980392 0.6980392 0.6980392 1 1 1 1 1 0.6980392 0.6980392 0.6980392 1 0.6980392 0.6980392 0.6980392 1 1 1 1 1 0.6980392 0.6980392 0.6980392 1 0.6980392 0.6980392 0.6980392 1 1 1 1 1 0.6980392 0.6980392 0.6980392 1 0.6980392 0.6980392 0.6980392 1 1 1 1 1 0.6980392 0.6980392 0.6980392 1 0.6980392 0.6980392 0.6980392 1 0.9843137 0.9843137 0.9843137 1 0.6980392 0.6980392 0.6980392 1 0.6980392 0.6980392 0.6980392 1 0.9843137 0.9843137 0.9843137 1 0.6980392 0.6980392 0.6980392 1 0.6980392 0.6980392 0.6980392 1 0.9843137 0.9843137 0.9843137 1 0.6980392 0.6980392 0.6980392 1 0.6980392 0.6980392 0.6980392 1 0.9843137 0.9843137 0.9843137 1 0.6980392 0.6980392 0.6980392 1 0.6980392 0.6980392 0.6980392 1 1 1 1 1 0.6980392 0.6980392 0.6980392 1 0.6980392 0.6980392 0.6980392 1 1 1 1 1 0.6980392 0.6980392 0.6980392 1 0.6980392 0.6980392 0.6980392 1 1 1 1 1 0.6980392 0.6980392 0.6980392 1 0.6980392 0.6980392 0.6980392 1 1 1 1 1 0.6980392 0.6980392 0.6980392 1 0.6980392 0.6980392 0.6980392 1 0.6980392 0.6980392 0.6980392 1 1 1 1 1 0.6980392 0.6980392 0.6980392 1 0.6980392 0.6980392 0.6980392 1 0.9843137 0.9843137 0.9843137 1 0.6980392 0.6980392 0.6980392 1 1 1 1 1 0.6980392 0.6980392 0.6980392 1 0.6980392 0.6980392 0.6980392 1 1 1 1 1 0.6980392 0.6980392 0.6980392 1 0.6980392 0.6980392 0.6980392 1 0.6980392 0.6980392 0.6980392 1 0.9843137 0.9843137 0.9843137 1 0.6980392 0.6980392 0.6980392 1 0.6980392 0.6980392 0.6980392 1 1 1 1 1</float_array>
          <technique_common>
            <accessor source="#polygon0-mesh-colors-polygon0_Colors0-array" count="672" stride="4">
              <param name="R" type="float"/>
              <param name="G" type="float"/>
              <param name="B" type="float"/>
              <param name="A" type="float"/>
            </accessor>
          </technique_common>
        </source>
        <vertices id="polygon0-mesh-vertices">
          <input semantic="POSITION" source="#polygon0-mesh-positions"/>
        </vertices>
        <triangles material="mat_tire_rim-material" count="224">
          <input semantic="VERTEX" source="#polygon0-mesh-vertices" offset="0"/>
          <input semantic="NORMAL" source="#polygon0-mesh-normals" offset="1"/>
          <input semantic="TEXCOORD" source="#polygon0-mesh-map-0" offset="2" set="0"/>
          <input semantic="COLOR" source="#polygon0-mesh-colors-polygon0_Colors0" offset="3" set="0"/>
          <p>2 0 0 0 1 1 1 1 0 2 2 2 3 3 3 3 1 1 4 4 2 0 5 5 4 4 6 6 3 3 7 7 2 0 8 8 5 5 9 9 3 3 10 10 4 4 11 11 6 6 12 12 5 5 13 13 4 4 14 14 7 7 15 15 5 5 16 16 6 6 17 17 8 8 18 18 7 7 19 19 6 6 20 20 9 9 21 21 7 7 22 22 8 8 23 23 10 10 24 24 9 9 25 25 8 8 26 26 11 11 27 27 9 9 28 28 10 10 29 29 12 12 30 30 11 11 31 31 10 10 32 32 13 13 33 33 11 11 34 34 12 12 35 35 14 14 36 36 13 13 37 37 12 12 38 38 15 15 39 39 13 13 40 40 14 14 41 41 16 16 42 42 15 15 43 43 14 14 44 44 17 17 45 45 15 15 46 46 16 16 47 47 18 18 48 48 17 17 49 49 16 16 50 50 19 19 51 51 17 17 52 52 18 18 53 53 20 20 54 54 19 19 55 55 18 18 56 56 21 21 57 57 19 19 58 58 20 20 59 59 22 22 60 60 21 21 61 61 20 20 62 62 23 23 63 63 21 21 64 64 22 22 65 65 24 24 66 66 23 23 67 67 22 22 68 68 25 25 69 69 23 23 70 70 24 24 71 71 26 26 72 72 25 25 73 73 24 24 74 74 27 27 75 75 25 25 76 76 26 26 77 77 28 28 78 78 27 27 79 79 26 26 80 80 29 29 81 81 27 27 82 82 28 28 83 83 30 30 84 84 29 29 85 85 28 28 86 86 31 31 87 87 29 29 88 88 30 30 89 89 0 2 90 90 31 31 91 91 30 30 92 92 1 1 93 93 31 31 94 94 0 2 95 95 34 32 96 96 33 33 97 97 32 34 98 98 35 35 99 99 33 33 100 100 34 32 101 101 36 36 102 102 35 35 103 103 34 32 104 104 37 37 105 105 35 35 106 106 36 36 107 107 38 38 108 108 37 37 109 109 36 36 110 110 39 39 111 111 37 37 112 112 38 38 113 113 40 40 114 114 39 39 115 115 38 38 116 116 41 41 117 117 39 39 118 118 40 40 119 119 42 42 120 120 41 41 121 121 40 40 122 122 43 43 123 123 41 41 124 124 42 42 125 125 44 44 126 126 43 43 127 127 42 42 128 128 45 45 129 129 43 43 130 130 44 44 131 131 46 46 132 132 45 45 133 133 44 44 134 134 47 47 135 135 45 45 136 136 46 46 137 137 48 48 138 138 47 47 139 139 46 46 140 140 49 49 141 141 47 47 142 142 48 48 143 143 50 50 144 144 49 49 145 145 48 48 146 146 51 51 147 147 49 49 148 148 50 50 149 149 52 52 150 150 51 51 151 151 50 50 152 152 53 53 153 153 51 51 154 154 52 52 155 155 54 54 156 156 53 53 157 157 52 52 158 158 55 55 159 159 53 53 160 160 54 54 161 161 56 56 162 162 55 55 163 163 54 54 164 164 57 57 165 165 55 55 166 166 56 56 167 167 58 58 168 168 57 57 169 169 56 56 170 170 59 59 171 171 57 57 172 172 58 58 173 173 60 60 174 174 59 59 175 175 58 58 176 176 61 61 177 177 59 59 178 178 60 60 179 179 62 62 180 180 61 61 181 181 60 60 182 182 63 63 183 183 61 61 184 184 62 62 185 185 32 34 186 186 63 63 187 187 62 62 188 188 33 33 189 189 63 63 190 190 32 34 191 191 66 64 192 192 65 65 193 193 64 66 194 194 67 67 195 195 65 65 196 196 66 64 197 197 68 68 198 198 67 67 199 199 66 64 200 200 69 69 201 201 67 67 202 202 68 68 203 203 70 70 204 204 69 69 205 205 68 68 206 206 71 71 207 207 69 69 208 208 70 70 209 209 72 72 210 210 71 71 211 211 70 70 212 212 73 73 213 213 71 71 214 214 72 72 215 215 74 74 216 216 73 73 217 217 72 72 218 218 75 75 219 219 73 73 220 220 74 74 221 221 76 76 222 222 75 75 223 223 74 74 224 224 77 77 225 225 75 75 226 226 76 76 227 227 78 78 228 228 77 77 229 229 76 76 230 230 79 79 231 231 77 77 232 232 78 78 233 233 80 80 234 234 79 79 235 235 78 78 236 236 81 81 237 237 79 79 238 238 80 80 239 239 82 82 240 240 81 81 241 241 80 80 242 242 83 83 243 243 81 81 244 244 82 82 245 245 84 84 246 246 83 83 247 247 82 82 248 248 85 85 249 249 83 83 250 250 84 84 251 251 86 86 252 252 85 85 253 253 84 84 254 254 87 87 255 255 85 85 256 256 86 86 257 257 88 88 258 258 87 87 259 259 86 86 260 260 89 89 261 261 87 87 262 262 88 88 263 263 90 90 264 264 89 89 265 265 88 88 266 266 91 91 267 267 89 89 268 268 90 90 269 269 92 92 270 270 91 91 271 271 90 90 272 272 93 93 273 273 91 91 274 274 92 92 275 275 94 94 276 276 93 93 277 277 92 92 278 278 95 95 279 279 93 93 280 280 94 94 281 281 64 66 282 282 95 95 283 283 94 94 284 284 65 65 285 285 95 95 286 286 64 66 287 287 98 96 288 288 97 97 289 289 96 98 290 290 99 99 291 291 97 97 292 292 98 96 293 293 100 100 294 294 99 99 295 295 98 96 296 296 101 101 297 297 99 99 298 298 100 100 299 299 102 102 300 300 101 101 301 301 100 100 302 302 103 103 303 303 101 101 304 304 102 102 305 305 104 104 306 306 103 103 307 307 102 102 308 308 105 105 309 309 103 103 310 310 104 104 311 311 106 106 312 312 105 105 313 313 104 104 314 314 107 107 315 315 105 105 316 316 106 106 317 317 108 108 318 318 107 107 319 319 106 106 320 320 109 109 321 321 107 107 322 322 108 108 323 323 110 110 324 324 109 109 325 325 108 108 326 326 111 111 327 327 109 109 328 328 110 110 329 329 112 112 330 330 111 111 331 331 110 110 332 332 113 113 333 333 111 111 334 334 112 112 335 335 114 114 336 336 113 113 337 337 112 112 338 338 115 115 339 339 113 113 340 340 114 114 341 341 116 116 342 342 115 115 343 343 114 114 344 344 117 117 345 345 115 115 346 346 116 116 347 347 118 118 348 348 117 117 349 349 116 116 350 350 119 119 351 351 117 117 352 352 118 118 353 353 120 120 354 354 119 119 355 355 118 118 356 356 121 121 357 357 119 119 358 358 120 120 359 359 122 122 360 360 121 121 361 361 120 120 362 362 123 123 363 363 121 121 364 364 122 122 365 365 124 124 366 366 123 123 367 367 122 122 368 368 125 125 369 369 123 123 370 370 124 124 371 371 126 126 372 372 125 125 373 373 124 124 374 374 127 127 375 375 125 125 376 376 126 126 377 377 96 98 378 378 127 127 379 379 126 126 380 380 97 97 381 381 127 127 382 382 96 98 383 383 128 128 384 384 107 129 385 385 109 130 386 386 105 131 387 387 107 129 388 388 128 128 389 389 103 132 390 390 105 131 391 391 128 128 392 392 131 133 393 393 130 134 394 394 129 135 395 395 132 136 396 396 130 134 397 397 131 133 398 398 133 137 399 399 132 136 400 400 131 133 401 401 136 138 402 402 135 139 403 403 134 140 404 404 137 141 405 405 135 139 406 406 136 138 407 407 138 142 408 408 137 141 409 409 136 138 410 410 136 138 411 411 139 143 412 412 138 142 413 413 140 144 414 414 139 143 415 415 136 138 416 416 141 145 417 417 140 144 418 418 136 138 419 419 142 146 420 420 77 147 421 421 79 148 422 422 75 149 423 423 77 147 424 424 142 146 425 425 73 150 426 426 75 149 427 427 142 146 428 428 145 151 429 429 144 152 430 430 143 153 431 431 146 154 432 432 144 152 433 433 145 151 434 434 147 155 435 435 146 154 436 436 145 151 437 437 148 156 438 438 21 157 439 439 23 158 440 440 19 159 441 441 21 157 442 442 148 156 443 443 17 160 444 444 19 159 445 445 148 156 446 446 148 156 447 447 15 161 448 448 17 160 449 449 13 162 450 450 15 161 451 451 148 156 452 452 11 163 453 453 13 162 454 454 148 156 455 455 148 156 456 456 9 164 457 457 11 163 458 458 7 165 459 459 9 164 460 460 148 156 461 461 5 166 462 462 7 165 463 463 148 156 464 464 148 156 465 465 3 167 466 466 5 166 467 467 1 168 468 468 3 167 469 469 148 156 470 470 31 169 471 471 1 168 472 472 148 156 473 473 148 156 474 474 29 170 475 475 31 169 476 476 27 171 477 477 29 170 478 478 148 156 479 479 25 172 480 480 27 171 481 481 148 156 482 482 149 173 483 483 53 174 484 484 55 175 485 485 51 176 486 486 53 174 487 487 149 173 488 488 49 177 489 489 51 176 490 490 149 173 491 491 149 173 492 492 47 178 493 493 49 177 494 494 45 179 495 495 47 178 496 496 149 173 497 497 43 180 498 498 45 179 499 499 149 173 500 500 149 173 501 501 41 181 502 502 43 180 503 503 39 182 504 504 41 181 505 505 149 173 506 506 37 183 507 507 39 182 508 508 149 173 509 509 149 173 510 510 35 184 511 511 37 183 512 512 33 185 513 513 35 184 514 514 149 173 515 515 63 186 516 516 33 185 517 517 149 173 518 518 149 173 519 519 61 187 520 520 63 186 521 521 59 188 522 522 61 187 523 523 149 173 524 524 57 189 525 525 59 188 526 526 149 173 527 527 152 190 528 528 151 191 529 529 150 192 530 530 153 193 531 531 151 191 532 532 152 190 533 533 154 194 534 534 153 193 535 535 152 190 536 536 131 133 537 537 156 195 538 538 155 196 539 539 157 197 540 540 156 195 541 541 131 133 542 542 129 135 543 543 157 197 544 544 131 133 545 545 111 198 546 546 128 128 547 547 109 130 548 548 113 199 549 549 128 128 550 550 111 198 551 551 115 200 552 552 128 128 553 553 113 199 554 554 117 201 555 555 128 128 556 556 115 200 557 557 119 202 558 558 128 128 559 559 117 201 560 560 121 203 561 561 128 128 562 562 119 202 563 563 123 204 564 564 128 128 565 565 121 203 566 566 125 205 567 567 128 128 568 568 123 204 569 569 158 206 570 570 152 190 571 571 150 192 572 572 159 207 573 573 152 190 574 574 158 206 575 575 160 208 576 576 152 190 577 577 159 207 578 578 161 209 579 579 152 190 580 580 160 208 581 581 136 138 582 582 162 210 583 583 141 145 584 584 134 140 585 585 162 210 586 586 136 138 587 587 163 211 588 588 131 133 589 589 155 196 590 590 133 137 591 591 131 133 592 592 163 211 593 593 81 212 594 594 142 146 595 595 79 148 596 596 83 213 597 597 142 146 598 598 81 212 599 599 85 214 600 600 142 146 601 601 83 213 602 602 87 215 603 603 142 146 604 604 85 214 605 605 89 216 606 606 142 146 607 607 87 215 608 608 91 217 609 609 142 146 610 610 89 216 611 611 93 218 612 612 142 146 613 613 91 217 614 614 95 219 615 615 142 146 616 616 93 218 617 617 65 220 618 618 142 146 619 619 95 219 620 620 67 221 621 621 142 146 622 622 65 220 623 623 69 222 624 624 142 146 625 625 67 221 626 626 71 223 627 627 142 146 628 628 69 222 629 629 165 224 630 630 145 151 631 631 164 225 632 632 166 226 633 633 145 151 634 634 165 224 635 635 167 227 636 636 145 151 637 637 143 153 638 638 164 225 639 639 145 151 640 640 167 227 641 641 99 228 642 642 128 128 643 643 97 229 644 644 101 230 645 645 128 128 646 646 99 228 647 647 127 231 648 648 128 128 649 649 125 205 650 650 97 229 651 651 128 128 652 652 127 231 653 653 101 230 654 654 103 132 655 655 128 128 656 656 166 226 657 657 147 155 658 658 145 151 659 659 25 172 660 660 148 156 661 661 23 158 662 662 57 189 663 663 149 173 664 664 55 175 665 665 161 209 666 666 154 194 667 667 152 190 668 668 71 223 669 669 73 150 670 670 142 146 671 671</p>
        </triangles>
      </mesh>
    </geometry>
  </library_geometries>
  <library_controllers>
    <controller id="Armature_polygon4-skin" name="Armature">
      <skin source="#polygon4-mesh">
        <bind_shape_matrix>1 0 0 0 0 1 0 0 0 0 1 0 0 0 0 1</bind_shape_matrix>
        <source id="Armature_polygon4-skin-joints">
          <Name_array id="Armature_polygon4-skin-joints-array" count="1">lb_kart_all</Name_array>
          <technique_common>
            <accessor source="#Armature_polygon4-skin-joints-array" count="1" stride="1">
              <param name="JOINT" type="name"/>
            </accessor>
          </technique_common>
        </source>
        <source id="Armature_polygon4-skin-bind_poses">
          <float_array id="Armature_polygon4-skin-bind_poses-array" count="16">100 0 0 0 0 7.54979e-6 100 -60 0 -100 7.54979e-6 0 0 0 0 1</float_array>
          <technique_common>
            <accessor source="#Armature_polygon4-skin-bind_poses-array" count="1" stride="16">
              <param name="TRANSFORM" type="float4x4"/>
            </accessor>
          </technique_common>
        </source>
        <source id="Armature_polygon4-skin-weights">
          <float_array id="Armature_polygon4-skin-weights-array" count="270">1 1 1 1 1 1 1 1 1 1 1 1 1 1 1 1 1 1 1 1 1 1 1 1 1 1 1 1 1 1 1 1 1 1 1 1 1 1 1 1 1 1 1 1 1 1 1 1 1 1 1 1 1 1 1 1 1 1 1 1 1 1 1 1 1 1 1 1 1 1 1 1 1 1 1 1 1 1 1 1 1 1 1 1 1 1 1 1 1 1 1 1 1 1 1 1 1 1 1 1 1 1 1 1 1 1 1 1 1 1 1 1 1 1 1 1 1 1 1 1 1 1 1 1 1 1 1 1 1 1 1 1 1 1 1 1 1 1 1 1 1 1 1 1 1 1 1 1 1 1 1 1 1 1 1 1 1 1 1 1 1 1 1 1 1 1 1 1 1 1 1 1 1 1 1 1 1 1 1 1 1 1 1 1 1 1 1 1 1 1 1 1 1 1 1 1 1 1 1 1 1 1 1 1 1 1 1 1 1 1 1 1 1 1 1 1 1 1 1 1 1 1 1 1 1 1 1 1 1 1 1 1 1 1 1 1 1 1 1 1 1 1 1 1 1 1 1 1 1 1 1 1 1 1 1 1 1 1 1 1 1 1 1 1 1 1 1 1 1 1</float_array>
          <technique_common>
            <accessor source="#Armature_polygon4-skin-weights-array" count="270" stride="1">
              <param name="WEIGHT" type="float"/>
            </accessor>
          </technique_common>
        </source>
        <joints>
          <input semantic="JOINT" source="#Armature_polygon4-skin-joints"/>
          <input semantic="INV_BIND_MATRIX" source="#Armature_polygon4-skin-bind_poses"/>
        </joints>
        <vertex_weights count="270">
          <input semantic="JOINT" source="#Armature_polygon4-skin-joints" offset="0"/>
          <input semantic="WEIGHT" source="#Armature_polygon4-skin-weights" offset="1"/>
          <vcount>1 1 1 1 1 1 1 1 1 1 1 1 1 1 1 1 1 1 1 1 1 1 1 1 1 1 1 1 1 1 1 1 1 1 1 1 1 1 1 1 1 1 1 1 1 1 1 1 1 1 1 1 1 1 1 1 1 1 1 1 1 1 1 1 1 1 1 1 1 1 1 1 1 1 1 1 1 1 1 1 1 1 1 1 1 1 1 1 1 1 1 1 1 1 1 1 1 1 1 1 1 1 1 1 1 1 1 1 1 1 1 1 1 1 1 1 1 1 1 1 1 1 1 1 1 1 1 1 1 1 1 1 1 1 1 1 1 1 1 1 1 1 1 1 1 1 1 1 1 1 1 1 1 1 1 1 1 1 1 1 1 1 1 1 1 1 1 1 1 1 1 1 1 1 1 1 1 1 1 1 1 1 1 1 1 1 1 1 1 1 1 1 1 1 1 1 1 1 1 1 1 1 1 1 1 1 1 1 1 1 1 1 1 1 1 1 1 1 1 1 1 1 1 1 1 1 1 1 1 1 1 1 1 1 1 1 1 1 1 1 1 1 1 1 1 1 1 1 1 1 1 1 1 1 1 1 1 1 1 1 1 1 1 1 1 1 1 1 1 1 </vcount>
          <v>0 0 0 1 0 2 0 3 0 4 0 5 0 6 0 7 0 8 0 9 0 10 0 11 0 12 0 13 0 14 0 15 0 16 0 17 0 18 0 19 0 20 0 21 0 22 0 23 0 24 0 25 0 26 0 27 0 28 0 29 0 30 0 31 0 32 0 33 0 34 0 35 0 36 0 37 0 38 0 39 0 40 0 41 0 42 0 43 0 44 0 45 0 46 0 47 0 48 0 49 0 50 0 51 0 52 0 53 0 54 0 55 0 56 0 57 0 58 0 59 0 60 0 61 0 62 0 63 0 64 0 65 0 66 0 67 0 68 0 69 0 70 0 71 0 72 0 73 0 74 0 75 0 76 0 77 0 78 0 79 0 80 0 81 0 82 0 83 0 84 0 85 0 86 0 87 0 88 0 89 0 90 0 91 0 92 0 93 0 94 0 95 0 96 0 97 0 98 0 99 0 100 0 101 0 102 0 103 0 104 0 105 0 106 0 107 0 108 0 109 0 110 0 111 0 112 0 113 0 114 0 115 0 116 0 117 0 118 0 119 0 120 0 121 0 122 0 123 0 124 0 125 0 126 0 127 0 128 0 129 0 130 0 131 0 132 0 133 0 134 0 135 0 136 0 137 0 138 0 139 0 140 0 141 0 142 0 143 0 144 0 145 0 146 0 147 0 148 0 149 0 150 0 151 0 152 0 153 0 154 0 155 0 156 0 157 0 158 0 159 0 160 0 161 0 162 0 163 0 164 0 165 0 166 0 167 0 168 0 169 0 170 0 171 0 172 0 173 0 174 0 175 0 176 0 177 0 178 0 179 0 180 0 181 0 182 0 183 0 184 0 185 0 186 0 187 0 188 0 189 0 190 0 191 0 192 0 193 0 194 0 195 0 196 0 197 0 198 0 199 0 200 0 201 0 202 0 203 0 204 0 205 0 206 0 207 0 208 0 209 0 210 0 211 0 212 0 213 0 214 0 215 0 216 0 217 0 218 0 219 0 220 0 221 0 222 0 223 0 224 0 225 0 226 0 227 0 228 0 229 0 230 0 231 0 232 0 233 0 234 0 235 0 236 0 237 0 238 0 239 0 240 0 241 0 242 0 243 0 244 0 245 0 246 0 247 0 248 0 249 0 250 0 251 0 252 0 253 0 254 0 255 0 256 0 257 0 258 0 259 0 260 0 261 0 262 0 263 0 264 0 265 0 266 0 267 0 268 0 269</v>
        </vertex_weights>
      </skin>
    </controller>
    <controller id="Armature_polygon3-skin" name="Armature">
      <skin source="#polygon3-mesh">
        <bind_shape_matrix>1 0 0 0 0 1 0 0 0 0 1 0 0 0 0 1</bind_shape_matrix>
        <source id="Armature_polygon3-skin-joints">
          <Name_array id="Armature_polygon3-skin-joints-array" count="1">lb_kart_all</Name_array>
          <technique_common>
            <accessor source="#Armature_polygon3-skin-joints-array" count="1" stride="1">
              <param name="JOINT" type="name"/>
            </accessor>
          </technique_common>
        </source>
        <source id="Armature_polygon3-skin-bind_poses">
          <float_array id="Armature_polygon3-skin-bind_poses-array" count="16">100 0 0 0 0 7.54979e-6 100 -60 0 -100 7.54979e-6 0 0 0 0 1</float_array>
          <technique_common>
            <accessor source="#Armature_polygon3-skin-bind_poses-array" count="1" stride="16">
              <param name="TRANSFORM" type="float4x4"/>
            </accessor>
          </technique_common>
        </source>
        <source id="Armature_polygon3-skin-weights">
          <float_array id="Armature_polygon3-skin-weights-array" count="6">1 1 1 1 1 1</float_array>
          <technique_common>
            <accessor source="#Armature_polygon3-skin-weights-array" count="6" stride="1">
              <param name="WEIGHT" type="float"/>
            </accessor>
          </technique_common>
        </source>
        <joints>
          <input semantic="JOINT" source="#Armature_polygon3-skin-joints"/>
          <input semantic="INV_BIND_MATRIX" source="#Armature_polygon3-skin-bind_poses"/>
        </joints>
        <vertex_weights count="6">
          <input semantic="JOINT" source="#Armature_polygon3-skin-joints" offset="0"/>
          <input semantic="WEIGHT" source="#Armature_polygon3-skin-weights" offset="1"/>
          <vcount>1 1 1 1 1 1 </vcount>
          <v>0 0 0 1 0 2 0 3 0 4 0 5</v>
        </vertex_weights>
      </skin>
    </controller>
    <controller id="Armature_polygon2-skin" name="Armature">
      <skin source="#polygon2-mesh">
        <bind_shape_matrix>1 0 0 0 0 1 0 0 0 0 1 0 0 0 0 1</bind_shape_matrix>
        <source id="Armature_polygon2-skin-joints">
          <Name_array id="Armature_polygon2-skin-joints-array" count="1">lb_kart_all</Name_array>
          <technique_common>
            <accessor source="#Armature_polygon2-skin-joints-array" count="1" stride="1">
              <param name="JOINT" type="name"/>
            </accessor>
          </technique_common>
        </source>
        <source id="Armature_polygon2-skin-bind_poses">
          <float_array id="Armature_polygon2-skin-bind_poses-array" count="16">100 0 0 0 0 7.54979e-6 100 -60 0 -100 7.54979e-6 0 0 0 0 1</float_array>
          <technique_common>
            <accessor source="#Armature_polygon2-skin-bind_poses-array" count="1" stride="16">
              <param name="TRANSFORM" type="float4x4"/>
            </accessor>
          </technique_common>
        </source>
        <source id="Armature_polygon2-skin-weights">
          <float_array id="Armature_polygon2-skin-weights-array" count="386">1 1 1 1 1 1 1 1 1 1 1 1 1 1 1 1 1 1 1 1 1 1 1 1 1 1 1 1 1 1 1 1 1 1 1 1 1 1 1 1 1 1 1 1 1 1 1 1 1 1 1 1 1 1 1 1 1 1 1 1 1 1 1 1 1 1 1 1 1 1 1 1 1 1 1 1 1 1 1 1 1 1 1 1 1 1 1 1 1 1 1 1 1 1 1 1 1 1 1 1 1 1 1 1 1 1 1 1 1 1 1 1 1 1 1 1 1 1 1 1 1 1 1 1 1 1 1 1 1 1 1 1 1 1 1 1 1 1 1 1 1 1 1 1 1 1 1 1 1 1 1 1 1 1 1 1 1 1 1 1 1 1 1 1 1 1 1 1 1 1 1 1 1 1 1 1 1 1 1 1 1 1 1 1 1 1 1 1 1 1 1 1 1 1 1 1 1 1 1 1 1 1 1 1 1 1 1 1 1 1 1 1 1 1 1 1 1 1 1 1 1 1 1 1 1 1 1 1 1 1 1 1 1 1 1 1 1 1 1 1 1 1 1 1 1 1 1 1 1 1 1 1 1 1 1 1 1 1 1 1 1 1 1 1 1 1 1 1 1 1 1 1 1 1 1 1 1 1 1 1 1 1 1 1 1 1 1 1 1 1 1 1 1 1 1 1 1 1 1 1 1 1 1 1 1 1 1 1 1 1 1 1 1 1 1 1 1 1 1 1 1 1 1 1 1 1 1 1 1 1 1 1 1 1 1 1 1 1 1 1 1 1 1 1 1 1 1 1 1 1 1 1 1 1 1 1 1 1 1 1 1 1 1 1 1 1 1 1 1 1 1 1 1 1 1 1 1 1 1 1 1 1 1 1 1 1</float_array>
          <technique_common>
            <accessor source="#Armature_polygon2-skin-weights-array" count="386" stride="1">
              <param name="WEIGHT" type="float"/>
            </accessor>
          </technique_common>
        </source>
        <joints>
          <input semantic="JOINT" source="#Armature_polygon2-skin-joints"/>
          <input semantic="INV_BIND_MATRIX" source="#Armature_polygon2-skin-bind_poses"/>
        </joints>
        <vertex_weights count="386">
          <input semantic="JOINT" source="#Armature_polygon2-skin-joints" offset="0"/>
          <input semantic="WEIGHT" source="#Armature_polygon2-skin-weights" offset="1"/>
          <vcount>1 1 1 1 1 1 1 1 1 1 1 1 1 1 1 1 1 1 1 1 1 1 1 1 1 1 1 1 1 1 1 1 1 1 1 1 1 1 1 1 1 1 1 1 1 1 1 1 1 1 1 1 1 1 1 1 1 1 1 1 1 1 1 1 1 1 1 1 1 1 1 1 1 1 1 1 1 1 1 1 1 1 1 1 1 1 1 1 1 1 1 1 1 1 1 1 1 1 1 1 1 1 1 1 1 1 1 1 1 1 1 1 1 1 1 1 1 1 1 1 1 1 1 1 1 1 1 1 1 1 1 1 1 1 1 1 1 1 1 1 1 1 1 1 1 1 1 1 1 1 1 1 1 1 1 1 1 1 1 1 1 1 1 1 1 1 1 1 1 1 1 1 1 1 1 1 1 1 1 1 1 1 1 1 1 1 1 1 1 1 1 1 1 1 1 1 1 1 1 1 1 1 1 1 1 1 1 1 1 1 1 1 1 1 1 1 1 1 1 1 1 1 1 1 1 1 1 1 1 1 1 1 1 1 1 1 1 1 1 1 1 1 1 1 1 1 1 1 1 1 1 1 1 1 1 1 1 1 1 1 1 1 1 1 1 1 1 1 1 1 1 1 1 1 1 1 1 1 1 1 1 1 1 1 1 1 1 1 1 1 1 1 1 1 1 1 1 1 1 1 1 1 1 1 1 1 1 1 1 1 1 1 1 1 1 1 1 1 1 1 1 1 1 1 1 1 1 1 1 1 1 1 1 1 1 1 1 1 1 1 1 1 1 1 1 1 1 1 1 1 1 1 1 1 1 1 1 1 1 1 1 1 1 1 1 1 1 1 1 1 1 1 1 1 1 1 1 1 1 1 1 1 1 1 1 1 </vcount>
          <v>0 0 0 1 0 2 0 3 0 4 0 5 0 6 0 7 0 8 0 9 0 10 0 11 0 12 0 13 0 14 0 15 0 16 0 17 0 18 0 19 0 20 0 21 0 22 0 23 0 24 0 25 0 26 0 27 0 28 0 29 0 30 0 31 0 32 0 33 0 34 0 35 0 36 0 37 0 38 0 39 0 40 0 41 0 42 0 43 0 44 0 45 0 46 0 47 0 48 0 49 0 50 0 51 0 52 0 53 0 54 0 55 0 56 0 57 0 58 0 59 0 60 0 61 0 62 0 63 0 64 0 65 0 66 0 67 0 68 0 69 0 70 0 71 0 72 0 73 0 74 0 75 0 76 0 77 0 78 0 79 0 80 0 81 0 82 0 83 0 84 0 85 0 86 0 87 0 88 0 89 0 90 0 91 0 92 0 93 0 94 0 95 0 96 0 97 0 98 0 99 0 100 0 101 0 102 0 103 0 104 0 105 0 106 0 107 0 108 0 109 0 110 0 111 0 112 0 113 0 114 0 115 0 116 0 117 0 118 0 119 0 120 0 121 0 122 0 123 0 124 0 125 0 126 0 127 0 128 0 129 0 130 0 131 0 132 0 133 0 134 0 135 0 136 0 137 0 138 0 139 0 140 0 141 0 142 0 143 0 144 0 145 0 146 0 147 0 148 0 149 0 150 0 151 0 152 0 153 0 154 0 155 0 156 0 157 0 158 0 159 0 160 0 161 0 162 0 163 0 164 0 165 0 166 0 167 0 168 0 169 0 170 0 171 0 172 0 173 0 174 0 175 0 176 0 177 0 178 0 179 0 180 0 181 0 182 0 183 0 184 0 185 0 186 0 187 0 188 0 189 0 190 0 191 0 192 0 193 0 194 0 195 0 196 0 197 0 198 0 199 0 200 0 201 0 202 0 203 0 204 0 205 0 206 0 207 0 208 0 209 0 210 0 211 0 212 0 213 0 214 0 215 0 216 0 217 0 218 0 219 0 220 0 221 0 222 0 223 0 224 0 225 0 226 0 227 0 228 0 229 0 230 0 231 0 232 0 233 0 234 0 235 0 236 0 237 0 238 0 239 0 240 0 241 0 242 0 243 0 244 0 245 0 246 0 247 0 248 0 249 0 250 0 251 0 252 0 253 0 254 0 255 0 256 0 257 0 258 0 259 0 260 0 261 0 262 0 263 0 264 0 265 0 266 0 267 0 268 0 269 0 270 0 271 0 272 0 273 0 274 0 275 0 276 0 277 0 278 0 279 0 280 0 281 0 282 0 283 0 284 0 285 0 286 0 287 0 288 0 289 0 290 0 291 0 292 0 293 0 294 0 295 0 296 0 297 0 298 0 299 0 300 0 301 0 302 0 303 0 304 0 305 0 306 0 307 0 308 0 309 0 310 0 311 0 312 0 313 0 314 0 315 0 316 0 317 0 318 0 319 0 320 0 321 0 322 0 323 0 324 0 325 0 326 0 327 0 328 0 329 0 330 0 331 0 332 0 333 0 334 0 335 0 336 0 337 0 338 0 339 0 340 0 341 0 342 0 343 0 344 0 345 0 346 0 347 0 348 0 349 0 350 0 351 0 352 0 353 0 354 0 355 0 356 0 357 0 358 0 359 0 360 0 361 0 362 0 363 0 364 0 365 0 366 0 367 0 368 0 369 0 370 0 371 0 372 0 373 0 374 0 375 0 376 0 377 0 378 0 379 0 380 0 381 0 382 0 383 0 384 0 385</v>
        </vertex_weights>
      </skin>
    </controller>
    <controller id="Armature_polygon1-skin" name="Armature">
      <skin source="#polygon1-mesh">
        <bind_shape_matrix>1 0 0 0 0 1 0 0 0 0 1 0 0 0 0 1</bind_shape_matrix>
        <source id="Armature_polygon1-skin-joints">
          <Name_array id="Armature_polygon1-skin-joints-array" count="1">lb_kart_all</Name_array>
          <technique_common>
            <accessor source="#Armature_polygon1-skin-joints-array" count="1" stride="1">
              <param name="JOINT" type="name"/>
            </accessor>
          </technique_common>
        </source>
        <source id="Armature_polygon1-skin-bind_poses">
          <float_array id="Armature_polygon1-skin-bind_poses-array" count="16">100 0 0 0 0 7.54979e-6 100 -60 0 -100 7.54979e-6 0 0 0 0 1</float_array>
          <technique_common>
            <accessor source="#Armature_polygon1-skin-bind_poses-array" count="1" stride="16">
              <param name="TRANSFORM" type="float4x4"/>
            </accessor>
          </technique_common>
        </source>
        <source id="Armature_polygon1-skin-weights">
          <float_array id="Armature_polygon1-skin-weights-array" count="160">1 1 1 1 1 1 1 1 1 1 1 1 1 1 1 1 1 1 1 1 1 1 1 1 1 1 1 1 1 1 1 1 1 1 1 1 1 1 1 1 1 1 1 1 1 1 1 1 1 1 1 1 1 1 1 1 1 1 1 1 1 1 1 1 1 1 1 1 1 1 1 1 1 1 1 1 1 1 1 1 1 1 1 1 1 1 1 1 1 1 1 1 1 1 1 1 1 1 1 1 1 1 1 1 1 1 1 1 1 1 1 1 1 1 1 1 1 1 1 1 1 1 1 1 1 1 1 1 1 1 1 1 1 1 1 1 1 1 1 1 1 1 1 1 1 1 1 1 1 1 1 1 1 1 1 1 1 1 1 1</float_array>
          <technique_common>
            <accessor source="#Armature_polygon1-skin-weights-array" count="160" stride="1">
              <param name="WEIGHT" type="float"/>
            </accessor>
          </technique_common>
        </source>
        <joints>
          <input semantic="JOINT" source="#Armature_polygon1-skin-joints"/>
          <input semantic="INV_BIND_MATRIX" source="#Armature_polygon1-skin-bind_poses"/>
        </joints>
        <vertex_weights count="160">
          <input semantic="JOINT" source="#Armature_polygon1-skin-joints" offset="0"/>
          <input semantic="WEIGHT" source="#Armature_polygon1-skin-weights" offset="1"/>
          <vcount>1 1 1 1 1 1 1 1 1 1 1 1 1 1 1 1 1 1 1 1 1 1 1 1 1 1 1 1 1 1 1 1 1 1 1 1 1 1 1 1 1 1 1 1 1 1 1 1 1 1 1 1 1 1 1 1 1 1 1 1 1 1 1 1 1 1 1 1 1 1 1 1 1 1 1 1 1 1 1 1 1 1 1 1 1 1 1 1 1 1 1 1 1 1 1 1 1 1 1 1 1 1 1 1 1 1 1 1 1 1 1 1 1 1 1 1 1 1 1 1 1 1 1 1 1 1 1 1 1 1 1 1 1 1 1 1 1 1 1 1 1 1 1 1 1 1 1 1 1 1 1 1 1 1 1 1 1 1 1 1 </vcount>
          <v>0 0 0 1 0 2 0 3 0 4 0 5 0 6 0 7 0 8 0 9 0 10 0 11 0 12 0 13 0 14 0 15 0 16 0 17 0 18 0 19 0 20 0 21 0 22 0 23 0 24 0 25 0 26 0 27 0 28 0 29 0 30 0 31 0 32 0 33 0 34 0 35 0 36 0 37 0 38 0 39 0 40 0 41 0 42 0 43 0 44 0 45 0 46 0 47 0 48 0 49 0 50 0 51 0 52 0 53 0 54 0 55 0 56 0 57 0 58 0 59 0 60 0 61 0 62 0 63 0 64 0 65 0 66 0 67 0 68 0 69 0 70 0 71 0 72 0 73 0 74 0 75 0 76 0 77 0 78 0 79 0 80 0 81 0 82 0 83 0 84 0 85 0 86 0 87 0 88 0 89 0 90 0 91 0 92 0 93 0 94 0 95 0 96 0 97 0 98 0 99 0 100 0 101 0 102 0 103 0 104 0 105 0 106 0 107 0 108 0 109 0 110 0 111 0 112 0 113 0 114 0 115 0 116 0 117 0 118 0 119 0 120 0 121 0 122 0 123 0 124 0 125 0 126 0 127 0 128 0 129 0 130 0 131 0 132 0 133 0 134 0 135 0 136 0 137 0 138 0 139 0 140 0 141 0 142 0 143 0 144 0 145 0 146 0 147 0 148 0 149 0 150 0 151 0 152 0 153 0 154 0 155 0 156 0 157 0 158 0 159</v>
        </vertex_weights>
      </skin>
    </controller>
    <controller id="Armature_polygon0-skin" name="Armature">
      <skin source="#polygon0-mesh">
        <bind_shape_matrix>1 0 0 0 0 1 0 0 0 0 1 0 0 0 0 1</bind_shape_matrix>
        <source id="Armature_polygon0-skin-joints">
          <Name_array id="Armature_polygon0-skin-joints-array" count="1">lb_kart_all</Name_array>
          <technique_common>
            <accessor source="#Armature_polygon0-skin-joints-array" count="1" stride="1">
              <param name="JOINT" type="name"/>
            </accessor>
          </technique_common>
        </source>
        <source id="Armature_polygon0-skin-bind_poses">
          <float_array id="Armature_polygon0-skin-bind_poses-array" count="16">100 0 0 0 0 7.54979e-6 100 -60 0 -100 7.54979e-6 0 0 0 0 1</float_array>
          <technique_common>
            <accessor source="#Armature_polygon0-skin-bind_poses-array" count="1" stride="16">
              <param name="TRANSFORM" type="float4x4"/>
            </accessor>
          </technique_common>
        </source>
        <source id="Armature_polygon0-skin-weights">
          <float_array id="Armature_polygon0-skin-weights-array" count="168">1 1 1 1 1 1 1 1 1 1 1 1 1 1 1 1 1 1 1 1 1 1 1 1 1 1 1 1 1 1 1 1 1 1 1 1 1 1 1 1 1 1 1 1 1 1 1 1 1 1 1 1 1 1 1 1 1 1 1 1 1 1 1 1 1 1 1 1 1 1 1 1 1 1 1 1 1 1 1 1 1 1 1 1 1 1 1 1 1 1 1 1 1 1 1 1 1 1 1 1 1 1 1 1 1 1 1 1 1 1 1 1 1 1 1 1 1 1 1 1 1 1 1 1 1 1 1 1 1 1 1 1 1 1 1 1 1 1 1 1 1 1 1 1 1 1 1 1 1 1 1 1 1 1 1 1 1 1 1 1 1 1 1 1 1 1 1 1</float_array>
          <technique_common>
            <accessor source="#Armature_polygon0-skin-weights-array" count="168" stride="1">
              <param name="WEIGHT" type="float"/>
            </accessor>
          </technique_common>
        </source>
        <joints>
          <input semantic="JOINT" source="#Armature_polygon0-skin-joints"/>
          <input semantic="INV_BIND_MATRIX" source="#Armature_polygon0-skin-bind_poses"/>
        </joints>
        <vertex_weights count="168">
          <input semantic="JOINT" source="#Armature_polygon0-skin-joints" offset="0"/>
          <input semantic="WEIGHT" source="#Armature_polygon0-skin-weights" offset="1"/>
          <vcount>1 1 1 1 1 1 1 1 1 1 1 1 1 1 1 1 1 1 1 1 1 1 1 1 1 1 1 1 1 1 1 1 1 1 1 1 1 1 1 1 1 1 1 1 1 1 1 1 1 1 1 1 1 1 1 1 1 1 1 1 1 1 1 1 1 1 1 1 1 1 1 1 1 1 1 1 1 1 1 1 1 1 1 1 1 1 1 1 1 1 1 1 1 1 1 1 1 1 1 1 1 1 1 1 1 1 1 1 1 1 1 1 1 1 1 1 1 1 1 1 1 1 1 1 1 1 1 1 1 1 1 1 1 1 1 1 1 1 1 1 1 1 1 1 1 1 1 1 1 1 1 1 1 1 1 1 1 1 1 1 1 1 1 1 1 1 1 1 </vcount>
          <v>0 0 0 1 0 2 0 3 0 4 0 5 0 6 0 7 0 8 0 9 0 10 0 11 0 12 0 13 0 14 0 15 0 16 0 17 0 18 0 19 0 20 0 21 0 22 0 23 0 24 0 25 0 26 0 27 0 28 0 29 0 30 0 31 0 32 0 33 0 34 0 35 0 36 0 37 0 38 0 39 0 40 0 41 0 42 0 43 0 44 0 45 0 46 0 47 0 48 0 49 0 50 0 51 0 52 0 53 0 54 0 55 0 56 0 57 0 58 0 59 0 60 0 61 0 62 0 63 0 64 0 65 0 66 0 67 0 68 0 69 0 70 0 71 0 72 0 73 0 74 0 75 0 76 0 77 0 78 0 79 0 80 0 81 0 82 0 83 0 84 0 85 0 86 0 87 0 88 0 89 0 90 0 91 0 92 0 93 0 94 0 95 0 96 0 97 0 98 0 99 0 100 0 101 0 102 0 103 0 104 0 105 0 106 0 107 0 108 0 109 0 110 0 111 0 112 0 113 0 114 0 115 0 116 0 117 0 118 0 119 0 120 0 121 0 122 0 123 0 124 0 125 0 126 0 127 0 128 0 129 0 130 0 131 0 132 0 133 0 134 0 135 0 136 0 137 0 138 0 139 0 140 0 141 0 142 0 143 0 144 0 145 0 146 0 147 0 148 0 149 0 150 0 151 0 152 0 153 0 154 0 155 0 156 0 157 0 158 0 159 0 160 0 161 0 162 0 163 0 164 0 165 0 166 0 167</v>
        </vertex_weights>
      </skin>
    </controller>
  </library_controllers>
  <library_visual_scenes>
    <visual_scene id="Scene" name="Scene">
      <node id="Armature" name="Armature" type="NODE">
        <matrix sid="transform">0.01 0 0 0 0 7.54979e-10 -0.01 0 0 0.01 7.54979e-10 0 0 0 0 1</matrix>
        <node id="Armature_lb_kart_all" name="lb_kart_all" sid="lb_kart_all" type="JOINT">
          <matrix sid="transform">1 0 0 0 0 1 0 60 0 0 1 0 0 0 0 1</matrix>
          <extra>
            <technique profile="blender">
              <layer sid="layer" type="string">0</layer>
              <tip_x sid="tip_x" type="float">0</tip_x>
              <tip_y sid="tip_y" type="float">1</tip_y>
              <tip_z sid="tip_z" type="float">0</tip_z>
            </technique>
          </extra>
        </node>
        <node id="polygon0" name="polygon0" type="NODE">
          <matrix sid="transform">1 0 0 0 0 1 0 0 0 0 1 0 0 0 0 1</matrix>
          <instance_controller url="#Armature_polygon0-skin">
            <skeleton>#Armature_lb_kart_all</skeleton>
            <bind_material>
              <technique_common>
                <instance_material symbol="mat_tire_rim-material" target="#mat_tire_rim-material">
                  <bind_vertex_input semantic="polygon0_UVs0" input_semantic="TEXCOORD" input_set="0"/>
                </instance_material>
              </technique_common>
            </bind_material>
          </instance_controller>
        </node>
        <node id="polygon1" name="polygon1" type="NODE">
          <matrix sid="transform">1 0 0 0 0 1 0 0 0 0 1 0 0 0 0 1</matrix>
          <instance_controller url="#Armature_polygon1-skin">
            <skeleton>#Armature_lb_kart_all</skeleton>
            <bind_material>
              <technique_common>
                <instance_material symbol="mat_tire-material" target="#mat_tire-material">
                  <bind_vertex_input semantic="polygon1_UVs0" input_semantic="TEXCOORD" input_set="0"/>
                </instance_material>
              </technique_common>
            </bind_material>
          </instance_controller>
        </node>
        <node id="polygon2" name="polygon2" type="NODE">
          <matrix sid="transform">1 0 0 0 0 1 0 0 0 0 1 0 0 0 0 1</matrix>
          <instance_controller url="#Armature_polygon2-skin">
            <skeleton>#Armature_lb_kart_all</skeleton>
            <bind_material>
              <technique_common>
                <instance_material symbol="mat_body-material" target="#mat_body-material">
                  <bind_vertex_input semantic="polygon2_UVs0" input_semantic="TEXCOORD" input_set="0"/>
                </instance_material>
              </technique_common>
            </bind_material>
          </instance_controller>
        </node>
        <node id="polygon3" name="polygon3" type="NODE">
          <matrix sid="transform">1 0 0 0 0 1 0 0 0 0 1 0 0 0 0 1</matrix>
          <instance_controller url="#Armature_polygon3-skin">
            <skeleton>#Armature_lb_kart_all</skeleton>
            <bind_material>
              <technique_common>
                <instance_material symbol="mat_screen-material" target="#mat_screen-material">
                  <bind_vertex_input semantic="UVMap" input_semantic="TEXCOORD" input_set="0"/>
                </instance_material>
              </technique_common>
            </bind_material>
          </instance_controller>
        </node>
        <node id="polygon4" name="polygon4" type="NODE">
          <matrix sid="transform">1 0 0 0 0 1 0 0 0 0 1 0 0 0 0 1</matrix>
          <instance_controller url="#Armature_polygon4-skin">
            <skeleton>#Armature_lb_kart_all</skeleton>
            <bind_material>
              <technique_common>
                <instance_material symbol="mat_engine-material" target="#mat_engine-material">
                  <bind_vertex_input semantic="polygon4_UVs0" input_semantic="TEXCOORD" input_set="0"/>
                </instance_material>
              </technique_common>
            </bind_material>
          </instance_controller>
        </node>
      </node>
    </visual_scene>
  </library_visual_scenes>
  <scene>
    <instance_visual_scene url="#Scene"/>
  </scene>
</COLLADA>