# Blender v2.79 (sub 0) OBJ File: ''
# www.blender.org
mtllib homer.mtl
o Mesh_0_0_Mesh.023
v 0.053500 0.754200 0.053600
v 0.048400 0.753400 0.056600
v 0.049700 0.754400 0.057500
v 0.064500 0.817400 0.025200
v 0.066000 0.798400 0.029100
v 0.063200 0.797100 0.017900
v 0.066000 0.819100 0.037300
v 0.062800 0.775900 0.003600
v 0.067600 0.796500 0.008400
v 0.067700 0.815400 0.016800
v 0.064900 0.805100 0.015400
v 0.066000 0.799900 0.007100
v 0.070600 0.805300 -0.005600
v 0.067700 0.798700 -0.006500
v 0.060000 0.782900 -0.016900
v 0.054900 0.760700 -0.020600
v 0.045400 0.768300 -0.038900
v 0.068800 0.834300 0.020600
v 0.070200 0.834900 0.012700
v 0.072200 0.817600 -0.012800
v 0.051900 0.821200 -0.045400
v 0.073000 0.826800 -0.013300
v 0.050100 0.805900 -0.042500
v 0.048200 0.790100 -0.040400
v 0.021100 0.773600 -0.055600
v 0.023600 0.797900 -0.055900
v 0.000000 0.798500 -0.060200
v 0.022000 0.814400 -0.060100
v 0.000000 0.815100 -0.064100
v 0.000000 0.774600 -0.060100
v -0.021100 0.773700 -0.055700
v 0.041000 0.741800 -0.041600
v 0.019000 0.746100 -0.061400
v 0.000000 0.747900 -0.063500
v -0.020200 0.746100 -0.060100
v -0.045500 0.768300 -0.039000
v -0.048200 0.790100 -0.040500
v -0.060100 0.782800 -0.016900
v 0.041800 0.710200 -0.052300
v 0.051400 0.736500 -0.025900
v 0.057100 0.754500 -0.002600
v 0.053400 0.709200 -0.031800
v 0.052500 0.729300 -0.007800
v 0.054300 0.696600 0.005200
v 0.056300 0.740500 0.024900
v 0.059600 0.749100 0.024400
v 0.051700 0.721400 0.008400
v 0.039500 0.711700 0.024300
v 0.043300 0.680600 0.024100
v 0.028600 0.707200 0.031400
v 0.031200 0.667300 0.032600
v 0.014200 0.703000 0.040500
v 0.017700 0.656700 0.037700
v 0.029200 0.719500 0.040100
v 0.015200 0.715600 0.045400
v 0.040100 0.724200 0.034000
v 0.048900 0.730500 0.028300
v -0.039700 0.711800 0.024200
v -0.040100 0.724200 0.034000
v -0.048900 0.730400 0.028200
v -0.029200 0.719800 0.040000
v -0.028900 0.707200 0.031600
v -0.015100 0.715700 0.045400
v -0.014400 0.702900 0.040600
v 0.000000 0.700700 0.050400
v 0.000000 0.713000 0.054400
v 0.000000 0.643700 0.043700
v -0.017700 0.656700 0.037700
v -0.031200 0.667300 0.032500
v -0.043300 0.680600 0.024000
v -0.054300 0.696600 0.005100
v -0.051700 0.721400 0.008400
v -0.056200 0.740500 0.025000
v -0.057100 0.754500 -0.002500
v -0.059700 0.749000 0.024600
v -0.063900 0.758000 0.025600
v -0.052500 0.729300 -0.007800
v -0.053400 0.709200 -0.031900
v -0.051400 0.736600 -0.025900
v -0.041800 0.710000 -0.052200
v 0.019100 0.706700 -0.070900
v 0.000000 0.702200 -0.078400
v -0.019200 0.706200 -0.070500
v -0.041000 0.741800 -0.041700
v -0.055000 0.760700 -0.020600
v -0.062800 0.775900 0.003700
v -0.067600 0.798600 -0.006600
v -0.067500 0.796100 0.007300
v -0.066000 0.797100 0.018000
v -0.050000 0.805900 -0.042400
v -0.070600 0.805300 -0.005900
v -0.065900 0.799900 0.006900
v -0.065000 0.805100 0.015400
v -0.067700 0.815400 0.016600
v -0.068800 0.798400 0.029100
v -0.064600 0.817400 0.025000
v -0.066200 0.818900 0.037500
v -0.069200 0.838900 0.032600
v -0.066800 0.769600 0.028500
v -0.068500 0.781000 0.032800
v -0.065700 0.796200 0.043000
v -0.067000 0.821300 0.047600
v -0.069900 0.840700 0.043000
v -0.062400 0.804200 0.051800
v -0.068000 0.853300 0.048800
v -0.065500 0.844800 0.052200
v -0.051100 0.843900 0.038500
v -0.065100 0.843100 0.049800
v -0.062500 0.835800 0.055200
v -0.063000 0.832200 0.054500
v -0.059100 0.823800 0.065600
v -0.055200 0.815600 0.067900
v -0.038400 0.823100 0.086100
v -0.060600 0.829400 0.063100
v -0.041600 0.829900 0.078800
v -0.062100 0.838800 0.056000
v -0.060800 0.835100 0.060500
v -0.029400 0.843600 0.041100
v -0.025500 0.832000 0.082800
v -0.012800 0.841300 0.087000
v -0.006700 0.864800 0.083900
v -0.007800 0.850300 0.091200
v -0.040800 0.859000 0.027200
v -0.059700 0.860900 0.037400
v -0.022200 0.862400 0.039800
v -0.001300 0.864900 0.085800
v -0.007400 0.874600 0.082700
v -0.032000 0.879400 0.039100
v -0.053400 0.880000 0.037900
v -0.068900 0.861800 0.048300
v -0.004000 0.876900 0.084300
v -0.012100 0.884400 0.083200
v -0.006600 0.888300 0.085300
v -0.001600 0.878000 0.084400
v 0.000000 0.865000 0.085500
v 0.000000 0.852700 0.092700
v 0.001400 0.864900 0.085700
v 0.007900 0.850300 0.091200
v 0.004000 0.876900 0.084300
v 0.001600 0.878000 0.084400
v 0.000000 0.878400 0.084800
v -0.003200 0.890600 0.085700
v -0.016800 0.896400 0.088000
v -0.026500 0.899200 0.088100
v -0.025400 0.904500 0.087800
v -0.046900 0.900500 0.080700
v -0.011200 0.901500 0.088000
v 0.000000 0.891300 0.086400
v 0.003200 0.890600 0.085700
v 0.006600 0.888300 0.085300
v -0.044900 0.902900 0.080200
v -0.056800 0.898900 0.071500
v 0.016800 0.896400 0.088000
v 0.012100 0.884400 0.083200
v 0.004900 0.901400 0.086300
v 0.000000 0.901400 0.085700
v 0.011200 0.901500 0.088000
v 0.025400 0.904500 0.087900
v 0.007400 0.874600 0.082800
v 0.032000 0.879400 0.039200
v 0.027500 0.895200 0.085200
v 0.026500 0.899200 0.088200
v 0.046900 0.900500 0.080800
v 0.049000 0.902900 0.080300
v 0.058300 0.898700 0.071800
v 0.061300 0.901700 0.070500
v 0.051200 0.905200 0.079800
v 0.071300 0.897600 0.061100
v 0.054000 0.910500 0.060300
v 0.044400 0.911600 0.067800
v 0.035200 0.910800 0.074400
v 0.025400 0.910500 0.078800
v 0.013000 0.909700 0.079700
v 0.063700 0.906100 0.052700
v 0.026700 0.916800 0.076000
v 0.019000 0.913500 0.079500
v 0.035200 0.918700 0.070400
v 0.052700 0.918000 0.057000
v 0.066200 0.909900 0.040800
v 0.071300 0.897900 0.044400
v 0.052200 0.932500 0.052800
v 0.065900 0.926000 0.036600
v 0.065900 0.942300 0.032800
v 0.052100 0.928200 0.054300
v 0.065400 0.921200 0.038300
v 0.035100 0.928100 0.067200
v 0.034700 0.933100 0.065900
v 0.052600 0.948500 0.046900
v 0.025300 0.925100 0.073000
v 0.024500 0.931000 0.071300
v 0.034200 0.952300 0.058500
v 0.051400 0.964500 0.040900
v 0.066200 0.953800 0.027800
v 0.013100 0.919000 0.077600
v 0.010700 0.926400 0.075400
v 0.023800 0.952900 0.063300
v 0.032600 0.972100 0.048300
v 0.053000 0.967600 0.036500
v 0.000000 0.953400 0.066200
v 0.000000 0.925000 0.076500
v -0.010700 0.926400 0.075400
v -0.023800 0.952900 0.063200
v -0.024500 0.931000 0.071300
v 0.000000 0.976600 0.053700
v 0.021500 0.974800 0.051800
v 0.032800 0.978100 0.042100
v 0.054400 0.980800 0.019800
v 0.068200 0.969200 0.011400
v -0.021500 0.974800 0.051800
v -0.021200 0.981800 0.044900
v -0.032600 0.972100 0.048300
v -0.034200 0.952300 0.058500
v -0.032900 0.978100 0.042000
v -0.032600 0.990200 0.022900
v -0.054400 0.980800 0.019700
v -0.053000 0.967600 0.036400
v -0.068300 0.969200 0.011300
v -0.052600 0.948500 0.046800
v -0.051400 0.964500 0.040800
v -0.066200 0.953800 0.027700
v -0.073900 0.946000 0.012100
v -0.065800 0.942300 0.032700
v -0.052200 0.932500 0.052700
v -0.034700 0.933100 0.065900
v -0.067100 0.972100 -0.003000
v -0.075900 0.943400 0.001200
v -0.074200 0.935100 0.014100
v -0.066500 0.925900 0.036500
v -0.052100 0.928200 0.054200
v -0.035200 0.928100 0.067100
v -0.074700 0.911400 0.015600
v -0.076300 0.931600 0.002900
v -0.066400 0.921200 0.038200
v -0.052700 0.918000 0.056900
v -0.035200 0.918700 0.070300
v -0.025300 0.925100 0.073000
v -0.026700 0.916800 0.076000
v -0.013100 0.919000 0.077500
v 0.000000 0.908700 0.080200
v -0.004900 0.901400 0.086200
v -0.013000 0.909700 0.079700
v -0.019000 0.913500 0.079500
v -0.025400 0.910500 0.078700
v -0.042900 0.905200 0.079700
v -0.057600 0.901700 0.070400
v -0.072300 0.897600 0.061000
v -0.044400 0.911600 0.067800
v -0.035200 0.910900 0.074300
v -0.073700 0.892200 0.052700
v -0.071300 0.897900 0.044200
v -0.075900 0.889800 0.035900
v -0.063700 0.906100 0.052500
v -0.054100 0.910500 0.060200
v -0.066300 0.909900 0.040700
v -0.073200 0.898900 0.026000
v -0.074300 0.905500 0.018500
v -0.075700 0.906700 0.005700
v -0.070400 0.883900 -0.027700
v -0.074400 0.925600 -0.025500
v -0.065300 0.923400 -0.048900
v -0.072900 0.897700 -0.019400
v -0.075400 0.893400 0.008500
v -0.074900 0.890200 0.022800
v -0.072700 0.876500 -0.014600
v -0.075300 0.875200 0.007400
v -0.075700 0.875700 0.021500
v -0.075400 0.875900 0.033100
v -0.072800 0.885100 0.047100
v -0.069100 0.882600 0.051100
v -0.073000 0.858700 0.030200
v -0.070200 0.850900 0.040800
v -0.070500 0.861100 0.040600
v -0.072700 0.873100 0.042600
v -0.070900 0.872900 0.045800
v -0.068700 0.872100 0.050300
v -0.070400 0.861900 0.044800
v -0.069100 0.851900 0.045200
v -0.067300 0.882400 0.055800
v -0.065300 0.888400 0.060400
v -0.061200 0.892700 0.067700
v -0.064900 0.895100 0.064200
v -0.054000 0.895700 0.074000
v -0.046800 0.898800 0.080500
v -0.027500 0.895200 0.085200
v -0.046700 0.897000 0.080300
v -0.069400 0.890600 0.056800
v 0.070200 0.850900 0.040800
v 0.069900 0.840700 0.043200
v 0.069300 0.838900 0.032900
v 0.069200 0.852000 0.045200
v 0.072600 0.857800 0.022200
v 0.073000 0.858700 0.030500
v 0.070500 0.861100 0.040300
v 0.070600 0.862000 0.044700
v 0.075400 0.875900 0.033300
v 0.073900 0.873100 0.042500
v 0.076000 0.875700 0.021800
v 0.072400 0.857300 0.009500
v 0.072400 0.856200 -0.008800
v 0.068500 0.833100 -0.000200
v 0.076500 0.875300 0.007800
v 0.073100 0.876500 -0.014200
v 0.077200 0.893400 0.008800
v 0.075300 0.890200 0.023000
v 0.067900 0.856600 -0.031600
v 0.075000 0.885100 0.047300
v 0.071500 0.873100 0.045800
v 0.076000 0.889800 0.036100
v 0.073400 0.898900 0.026200
v 0.074600 0.905500 0.018700
v 0.076900 0.906700 0.005900
v 0.074300 0.892200 0.052900
v 0.069900 0.882600 0.051200
v 0.068700 0.872100 0.050300
v 0.069800 0.890400 0.056700
v 0.067300 0.882400 0.055900
v 0.065200 0.895000 0.064300
v 0.065300 0.888400 0.060500
v 0.053400 0.880000 0.038100
v 0.068900 0.861800 0.048100
v 0.068000 0.853300 0.048800
v 0.046800 0.898800 0.080600
v 0.054000 0.895700 0.074100
v 0.061200 0.892700 0.067800
v 0.046700 0.897000 0.080400
v 0.040900 0.859000 0.027400
v 0.022300 0.862400 0.039900
v 0.006700 0.864800 0.083800
v 0.029500 0.843600 0.041200
v 0.051100 0.843900 0.038600
v 0.059700 0.860900 0.037600
v 0.060800 0.835200 0.060600
v 0.062100 0.838800 0.056200
v 0.065500 0.844800 0.052400
v 0.060600 0.829400 0.063300
v 0.062500 0.835800 0.055500
v 0.065100 0.843100 0.049900
v 0.063000 0.832200 0.054700
v 0.059100 0.823700 0.065900
v 0.041600 0.829400 0.079100
v 0.038400 0.822900 0.086200
v 0.023500 0.825700 0.095400
v 0.055200 0.815700 0.068000
v 0.062300 0.804100 0.051900
v 0.067000 0.821400 0.047800
v 0.065700 0.796100 0.043000
v 0.068500 0.780800 0.032800
v 0.066800 0.769600 0.028400
v 0.063900 0.758000 0.025500
v -0.027600 0.779800 0.117600
v -0.027200 0.769900 0.122500
v 0.000000 0.776500 0.126900
v -0.042800 0.779900 0.103200
v -0.067300 0.785000 0.045900
v -0.062800 0.790700 0.052100
v -0.065700 0.796200 0.043000
v -0.061700 0.774600 0.057900
v -0.055900 0.794800 0.073400
v -0.056000 0.782900 0.077800
v -0.042000 0.789000 0.101000
v -0.026000 0.789900 0.114400
v 0.000000 0.789400 0.124600
v -0.024900 0.802200 0.108600
v 0.000000 0.801200 0.121200
v -0.040700 0.801000 0.096200
v -0.055900 0.800300 0.070900
v -0.062400 0.804200 0.051800
v -0.040000 0.812400 0.093300
v -0.024500 0.815200 0.102800
v 0.000000 0.814700 0.116000
v -0.023400 0.824900 0.094600
v -0.012000 0.824200 0.102300
v -0.038400 0.823100 0.086100
v -0.055200 0.815600 0.067900
v 0.055200 0.815700 0.068000
v 0.055900 0.801100 0.070900
v 0.062300 0.804100 0.051900
v 0.039500 0.811900 0.093500
v 0.040700 0.801100 0.096200
v 0.025200 0.802300 0.108600
v 0.025200 0.815300 0.102800
v 0.000000 0.818000 0.111100
v 0.012100 0.824600 0.103000
v 0.023500 0.825700 0.095400
v 0.038400 0.822900 0.086200
v 0.062800 0.790800 0.052100
v 0.067300 0.784800 0.045900
v 0.055900 0.795500 0.073500
v 0.042000 0.789100 0.101000
v 0.026000 0.789900 0.114300
v 0.056000 0.782900 0.077800
v 0.042800 0.780000 0.103200
v 0.056200 0.776300 0.079900
v 0.027600 0.779800 0.117500
v 0.027200 0.769900 0.122400
v 0.045400 0.774000 0.105600
v 0.056500 0.769900 0.081700
v 0.061700 0.774600 0.057900
v 0.060900 0.767300 0.058800
v 0.065300 0.770600 0.049300
v 0.064200 0.766900 0.050800
v 0.047500 0.769800 0.105400
v 0.056800 0.765700 0.081300
v 0.061000 0.762200 0.059000
v 0.062600 0.760800 0.054100
v 0.063900 0.763000 0.042600
v 0.064900 0.766500 0.045700
v 0.063100 0.758800 0.051200
v 0.068800 0.765200 0.034800
v 0.069000 0.773200 0.038400
v 0.061900 0.758200 0.041800
v 0.063600 0.756800 0.048300
v 0.066800 0.758000 0.033500
v 0.064500 0.758000 0.028500
v 0.066800 0.769600 0.028400
v 0.068500 0.780800 0.032800
v 0.065700 0.796100 0.043000
v 0.057000 0.754600 0.055300
v 0.057200 0.754600 0.052400
v 0.054400 0.754500 0.053600
v 0.055000 0.754500 0.049800
v 0.062500 0.755000 0.047800
v 0.055100 0.755500 0.059200
v 0.051400 0.755800 0.082900
v 0.050900 0.754900 0.059600
v 0.054200 0.754600 0.054500
v 0.022800 0.758900 0.120900
v 0.046300 0.762800 0.101500
v 0.026100 0.765500 0.122600
v 0.038300 0.754200 0.100700
v 0.046000 0.754900 0.070800
v 0.035900 0.760000 0.080300
v 0.016900 0.757400 0.095700
v 0.020400 0.754600 0.117800
v 0.000000 0.757200 0.100300
v 0.000000 0.771000 0.131200
v -0.026100 0.765500 0.122700
v 0.000000 0.766600 0.131300
v -0.022800 0.758900 0.121000
v -0.046300 0.762800 0.101600
v -0.038300 0.754200 0.100100
v -0.051400 0.755800 0.082800
v -0.020400 0.754600 0.118000
v 0.000000 0.758300 0.126800
v 0.000000 0.755100 0.122700
v -0.016900 0.757400 0.095800
v -0.035900 0.760000 0.080300
v -0.046000 0.754900 0.070700
v -0.050900 0.755000 0.059600
v -0.055100 0.755600 0.059100
v -0.054100 0.754900 0.054800
v -0.056900 0.755300 0.055600
v -0.054600 0.754900 0.053500
v -0.057100 0.755100 0.052700
v -0.055000 0.754500 0.049800
v -0.063100 0.759000 0.051300
v -0.063600 0.756900 0.048300
v -0.062500 0.755000 0.047800
v -0.061900 0.758200 0.041900
v -0.062600 0.760900 0.054100
v -0.061000 0.762200 0.059000
v -0.056800 0.765700 0.081200
v -0.047500 0.769800 0.105400
v -0.056200 0.776300 0.079800
v -0.060900 0.767300 0.058900
v -0.056500 0.769800 0.081500
v -0.045400 0.774000 0.105600
v -0.065300 0.770600 0.049300
v -0.064200 0.767000 0.051800
v -0.064900 0.766700 0.045700
v -0.064000 0.763000 0.042600
v -0.068800 0.765300 0.034900
v -0.069000 0.773000 0.038400
v -0.066900 0.758200 0.033300
v -0.064500 0.758000 0.028500
v -0.066800 0.769600 0.028500
v -0.068500 0.781000 0.032800
v -0.080900 0.825400 -0.007200
v -0.074300 0.825600 0.005700
v -0.083500 0.827900 -0.008400
v -0.083900 0.822100 -0.012100
v -0.080400 0.816400 -0.010500
v -0.084500 0.821900 -0.018200
v -0.083300 0.829000 -0.014900
v -0.077900 0.817500 -0.019200
v -0.074600 0.829000 -0.012300
v -0.080600 0.833300 -0.006000
v -0.072000 0.817500 -0.012800
v -0.072500 0.804300 -0.008000
v -0.072900 0.826800 -0.013100
v -0.074600 0.834300 0.001800
v -0.077900 0.832800 -0.000800
v -0.075300 0.831300 0.004200
v -0.070100 0.834900 0.012300
v -0.075600 0.800800 -0.006600
v -0.072500 0.799400 -0.000800
v -0.071200 0.799200 0.004400
v -0.070200 0.801100 0.009700
v -0.070200 0.804400 0.010500
v -0.073100 0.803300 0.003100
v -0.076000 0.804100 -0.004300
v -0.078700 0.803600 -0.011800
v -0.074100 0.806200 -0.003100
v -0.080200 0.810100 -0.010200
v -0.082200 0.809900 -0.016900
v -0.085200 0.816700 -0.019000
v -0.083800 0.816600 -0.013100
v -0.067300 0.806800 0.008500
v -0.068300 0.809000 0.013700
v -0.071800 0.809900 0.010600
v -0.070700 0.809300 0.004600
v -0.078600 0.816100 -0.006600
v -0.079800 0.823800 -0.007500
v -0.068200 0.821600 0.012200
v -0.067400 0.815000 0.013100
v -0.072500 0.818900 0.009500
v -0.071300 0.814300 0.002400
v -0.072400 0.815300 -0.000200
v -0.072800 0.821400 0.002100
v -0.073400 0.823600 0.000700
v -0.072900 0.821600 0.008300
v -0.074000 0.822200 0.000100
v -0.071900 0.823900 0.005300
v 0.085200 0.816700 -0.018600
v 0.072400 0.803600 -0.008000
v 0.079700 0.817500 -0.018800
v 0.074700 0.829000 -0.011800
v 0.072500 0.799400 -0.000700
v 0.071300 0.799200 0.004600
v 0.076100 0.804100 -0.004000
v 0.073100 0.803300 0.003300
v 0.084600 0.822000 -0.017800
v 0.080500 0.816500 -0.010200
v 0.079900 0.823800 -0.007100
v 0.078700 0.816100 -0.006300
v 0.081000 0.825500 -0.006700
v 0.084000 0.822100 -0.011700
v 0.083600 0.827900 -0.007900
v 0.083400 0.829000 -0.014500
v 0.080700 0.833300 -0.005500
v 0.078000 0.832900 -0.000400
v 0.075400 0.831400 0.004600
v 0.074400 0.825600 0.006100
v 0.072000 0.824000 0.005700
v 0.073600 0.823700 0.001100
v 0.073000 0.821700 0.008700
v 0.072600 0.819000 0.009800
v 0.067400 0.814900 0.013300
v 0.068400 0.808900 0.013900
v 0.072900 0.821500 0.002500
v 0.071800 0.809800 0.010800
v 0.070300 0.804400 0.010700
v 0.071400 0.814400 0.002700
v 0.074100 0.822200 0.000500
v 0.074100 0.806200 -0.002800
v 0.067400 0.806800 0.008700
v 0.070800 0.809300 0.004900
v 0.072400 0.815300 0.000000
v 0.083800 0.816600 -0.012700
v 0.082300 0.809900 -0.016600
v 0.078700 0.803700 -0.011600
v 0.080200 0.810200 -0.009900
v -0.063900 0.758000 0.025600
v -0.064500 0.758000 0.028500
v -0.066800 0.769600 0.028500
v -0.059700 0.749000 0.024600
v -0.024300 0.768000 0.053500
v -0.033200 0.759200 0.079800
v -0.044500 0.755000 0.068300
v -0.016700 0.761000 0.090400
v -0.045400 0.762200 0.053500
v -0.052200 0.754700 0.053600
v -0.052200 0.755300 0.052800
v -0.049700 0.755900 0.058700
v -0.050900 0.755000 0.059600
v -0.046000 0.754900 0.070700
v -0.035900 0.760000 0.080300
v -0.016900 0.757400 0.095800
v 0.000000 0.756700 0.095100
v 0.000000 0.757200 0.100300
v 0.016900 0.757400 0.095700
v 0.035900 0.760000 0.080300
v 0.044500 0.755000 0.068500
v 0.046000 0.754900 0.070800
v 0.033200 0.759200 0.079800
v 0.016700 0.760900 0.090300
v 0.023300 0.767400 0.052800
v 0.000000 0.772100 0.048400
v 0.023500 0.753500 0.048300
v 0.000000 0.754200 0.045100
v -0.023500 0.753500 0.048600
v 0.000000 0.730400 0.051400
v 0.023600 0.734500 0.049200
v 0.044400 0.754600 0.052000
v 0.048400 0.746800 0.052100
v 0.050800 0.756200 0.053100
v -0.023600 0.734400 0.049100
v -0.044400 0.754700 0.052300
v -0.048300 0.746700 0.052000
v -0.042300 0.755300 0.060100
v -0.031900 0.753900 0.071900
v -0.015400 0.752900 0.086100
v 0.000000 0.754000 0.094400
v -0.033300 0.754600 0.077800
v -0.044700 0.755600 0.063200
v -0.049600 0.754700 0.057500
v -0.048300 0.753500 0.056500
v -0.052000 0.754800 0.053300
v -0.052400 0.755500 0.052800
v -0.053400 0.754500 0.053900
v -0.054600 0.754900 0.053500
v -0.054100 0.754900 0.054800
v 0.063200 0.751600 0.032900
v 0.059600 0.749100 0.024400
v 0.056300 0.740500 0.024900
v 0.057900 0.743100 0.033100
v 0.048900 0.730500 0.028300
v 0.029200 0.719500 0.040100
v 0.031600 0.725000 0.046700
v 0.015200 0.715600 0.045400
v 0.040100 0.724200 0.034000
v 0.042200 0.730300 0.040400
v 0.052500 0.736800 0.035800
v 0.057000 0.749500 0.043500
v 0.059800 0.753700 0.041600
v 0.035500 0.730700 0.057100
v 0.018500 0.719500 0.055500
v 0.020100 0.725400 0.064000
v 0.057700 0.751700 0.050000
v 0.052800 0.742500 0.047600
v 0.043800 0.736200 0.051300
v 0.034600 0.740200 0.065500
v 0.019300 0.739000 0.072900
v 0.033100 0.745800 0.071300
v 0.017300 0.743100 0.084900
v 0.000000 0.742700 0.089600
v 0.000000 0.753000 0.097000
v 0.000000 0.738200 0.080600
v 0.000100 0.723400 0.073200
v 0.000100 0.715900 0.063300
v 0.000000 0.713000 0.054400
v -0.020000 0.725400 0.064300
v -0.034600 0.740100 0.065500
v -0.035500 0.730600 0.057100
v -0.019300 0.738900 0.072900
v -0.017300 0.743100 0.085100
v -0.053000 0.746600 0.053400
v -0.046300 0.749000 0.059900
v -0.053000 0.750600 0.056000
v -0.044600 0.743600 0.056600
v -0.035200 0.745900 0.071300
v -0.052600 0.742500 0.047600
v -0.057700 0.751700 0.050000
v -0.053100 0.752500 0.052200
v -0.056900 0.749500 0.043500
v -0.052500 0.736800 0.035800
v -0.042200 0.730300 0.040400
v -0.043700 0.736100 0.051200
v -0.059800 0.753800 0.041700
v -0.057900 0.743000 0.033100
v -0.063300 0.751500 0.032900
v -0.053400 0.754500 0.053900
v -0.056200 0.740500 0.025000
v -0.059700 0.749000 0.024600
v -0.048900 0.730400 0.028200
v -0.018400 0.719300 0.055500
v -0.031600 0.724900 0.046700
v -0.029200 0.719800 0.040000
v -0.040100 0.724200 0.034000
v -0.015100 0.715700 0.045400
v -0.068800 0.834200 0.020300
v -0.072300 0.857200 0.009100
v -0.072200 0.856200 -0.009200
v -0.072600 0.857700 0.021900
v -0.067600 0.856500 -0.032100
v -0.051800 0.821200 -0.045400
v -0.051500 0.857300 -0.053500
v -0.066100 0.884000 -0.038900
v -0.023700 0.797900 -0.056000
v -0.021900 0.814400 -0.060300
v -0.023000 0.858500 -0.074800
v -0.049900 0.885000 -0.061200
v -0.048700 0.924200 -0.071600
v -0.024800 0.886300 -0.081000
v 0.000100 0.857900 -0.078800
v 0.066300 0.884000 -0.038500
v 0.070600 0.883900 -0.027300
v 0.051800 0.857400 -0.053100
v 0.050100 0.885000 -0.060800
v 0.023300 0.858500 -0.074600
v 0.025000 0.886300 -0.080800
v 0.000000 0.887200 -0.087000
v -0.025900 0.927800 -0.088700
v 0.065400 0.923400 -0.048500
v 0.074000 0.925600 -0.025200
v 0.075000 0.897700 -0.019000
v 0.073600 0.936800 -0.027400
v 0.067200 0.972100 -0.002900
v 0.075900 0.943400 0.001400
v 0.076400 0.931600 0.003100
v 0.073900 0.946000 0.012200
v 0.074400 0.935100 0.014300
v 0.075100 0.911300 0.015900
v 0.053500 0.754200 0.053600
v 0.053200 0.752500 0.052200
v 0.049900 0.750400 0.056200
v 0.049700 0.754400 0.057500
v 0.044800 0.755300 0.063200
v 0.043500 0.748800 0.060100
v 0.033300 0.754600 0.077900
v 0.015900 0.754400 0.091700
v 0.053100 0.746700 0.053400
v 0.044700 0.743700 0.056700
v 0.068300 0.821700 0.012500
v 0.070200 0.801000 0.009900
v 0.032500 0.990200 0.022900
v 0.052400 0.986100 -0.002300
v 0.031500 0.995800 -0.001900
v 0.020900 0.999000 -0.001700
v 0.047900 0.981700 -0.034600
v 0.027000 0.991900 -0.034400
v 0.016900 0.994700 -0.034300
v 0.000000 1.001100 -0.001500
v 0.000000 0.996400 -0.034300
v 0.064100 0.964000 -0.033400
v -0.016900 0.994700 -0.034400
v 0.000000 0.985200 -0.059500
v 0.012300 0.983600 -0.059500
v 0.021900 0.980900 -0.059400
v 0.044400 0.967400 -0.058200
v 0.060200 0.948100 -0.053800
v -0.027000 0.991900 -0.034400
v -0.012300 0.983600 -0.059500
v -0.021900 0.980900 -0.059500
v 0.000000 0.972100 -0.076100
v 0.019000 0.966800 -0.075700
v 0.040200 0.951200 -0.074200
v 0.028000 0.952500 -0.081700
v -0.028000 0.952500 -0.081800
v -0.019000 0.966800 -0.075800
v -0.016000 0.956600 -0.083600
v -0.040200 0.951200 -0.074400
v -0.044400 0.967400 -0.058400
v 0.000000 0.961300 -0.084600
v 0.016000 0.956600 -0.083500
v 0.026500 0.941000 -0.086500
v 0.047500 0.937600 -0.072800
v 0.000000 0.948800 -0.091300
v 0.064700 0.936300 -0.050200
v 0.048700 0.924200 -0.071300
v 0.025900 0.927800 -0.088500
v 0.000000 0.931000 -0.094500
v -0.026500 0.941000 -0.086600
v -0.047500 0.937600 -0.073000
v -0.060100 0.948100 -0.054000
v -0.063700 0.964000 -0.033600
v -0.047900 0.981700 -0.034800
v -0.064700 0.936300 -0.050500
v -0.074100 0.936800 -0.027600
v -0.052500 0.986100 -0.002400
v -0.031500 0.995800 -0.002000
v 0.021200 0.981800 0.044900
v 0.000000 0.984300 0.046300
v -0.021200 0.993200 0.024700
v -0.021000 0.999000 -0.001800
v 0.000000 0.996000 0.026000
v 0.021200 0.993200 0.024800
v 0.014000 0.820900 0.108700
v 0.012100 0.824600 0.103000
v 0.016500 0.832700 0.100300
v 0.016000 0.834800 0.089000
v 0.013700 0.838800 0.097700
v 0.025600 0.831800 0.082900
v 0.012800 0.841300 0.087200
v 0.008500 0.847200 0.100600
v 0.000100 0.849100 0.099600
v 0.031900 0.754000 0.071900
v 0.033300 0.754600 0.077900
v 0.044800 0.755300 0.063200
v 0.015400 0.752900 0.086000
v 0.015900 0.754400 0.091700
v 0.042300 0.755200 0.060200
v 0.000000 0.753000 0.097000
v -0.015900 0.754400 0.091800
v 0.052400 0.755300 0.052500
v 0.054400 0.754500 0.053600
v 0.052300 0.755700 0.053300
v 0.054200 0.754600 0.054500
v 0.049800 0.755800 0.058800
v 0.050900 0.754900 0.059600
v 0.045400 0.762100 0.052900
v 0.052300 0.755200 0.052500
v 0.018200 0.831200 0.115600
v 0.013600 0.830700 0.124900
v 0.012200 0.825300 0.125100
v 0.011800 0.836100 0.125100
v 0.016200 0.838600 0.113800
v 0.007100 0.843500 0.123400
v 0.005200 0.839300 0.129100
v 0.006200 0.832200 0.131400
v 0.010400 0.845600 0.112100
v 0.000200 0.845300 0.122300
v 0.000200 0.846100 0.112000
v 0.000200 0.840100 0.129800
v 0.000200 0.832000 0.131600
v 0.006600 0.830200 0.130100
v 0.006400 0.827700 0.130500
v -0.004700 0.839400 0.129100
v -0.005700 0.832300 0.131400
v -0.011300 0.836200 0.125200
v -0.006600 0.843600 0.124100
v -0.015800 0.838700 0.113900
v -0.010000 0.845600 0.112100
v -0.011800 0.825300 0.125200
v -0.006100 0.830200 0.130200
v -0.013200 0.830700 0.124900
v -0.005900 0.827700 0.130600
v -0.003300 0.822800 0.129900
v -0.017900 0.831300 0.115700
v -0.016200 0.824500 0.117600
v -0.006900 0.820300 0.125600
v -0.016300 0.832700 0.100400
v -0.013500 0.838900 0.098100
v -0.008200 0.847200 0.100600
v 0.000200 0.821800 0.130000
v 0.000000 0.818600 0.125800
v 0.007300 0.820300 0.125500
v -0.009900 0.818900 0.119000
v -0.013700 0.821100 0.107400
v 0.000000 0.816200 0.119400
v 0.016500 0.824500 0.117500
v 0.010200 0.818900 0.118900
v 0.000000 0.818000 0.111100
v -0.010400 0.819500 0.109300
v -0.012000 0.824200 0.102300
v 0.003700 0.822800 0.129900
v 0.060000 0.754000 0.051600
v 0.057000 0.750700 0.051600
v 0.057200 0.750200 0.049700
v 0.059400 0.754200 0.053600
v 0.061900 0.758900 0.055200
v 0.061400 0.758900 0.057600
v 0.062200 0.762300 0.059000
v 0.061300 0.761400 0.059800
v -0.077100 0.818500 0.000400
v -0.078100 0.819800 -0.001200
v -0.078000 0.816400 -0.001100
v -0.076600 0.821500 0.001500
v -0.075800 0.820100 0.002800
v -0.075400 0.823900 0.003500
v -0.074700 0.820000 0.004900
v -0.074100 0.822100 0.006000
v -0.073700 0.818400 0.006800
v -0.073100 0.818900 0.007800
v -0.077900 0.824200 -0.000900
v -0.078200 0.821700 -0.001400
v -0.080200 0.822600 -0.005100
v -0.079800 0.819900 -0.004400
v -0.080800 0.820600 -0.006300
v -0.080700 0.819900 -0.006000
v 0.010700 0.819500 0.109300
v -0.074000 0.809200 0.006300
v -0.073100 0.807000 0.007800
v -0.072800 0.809000 0.008400
v -0.075800 0.806200 0.002900
v -0.075600 0.808500 0.003300
v -0.077900 0.807900 -0.000900
v -0.077100 0.809700 0.000500
v -0.079200 0.811700 -0.003200
v -0.078200 0.812900 -0.001400
v -0.079200 0.816200 -0.003300
v -0.015900 0.834800 0.089000
v -0.023400 0.824900 0.094600
v 0.064500 0.758000 0.028500
v 0.063900 0.758000 0.025500
v 0.066800 0.769600 0.028400
v 0.059600 0.749100 0.024400
v -0.057000 0.750700 0.051600
v -0.060000 0.754000 0.051600
v -0.057200 0.750200 0.049700
v -0.059400 0.754200 0.053600
v -0.061900 0.758900 0.055200
v -0.061400 0.758900 0.057600
v -0.062200 0.762300 0.059000
v -0.061300 0.761400 0.059800
v -0.057800 0.750900 0.048700
v -0.060600 0.754200 0.049900
v -0.062700 0.758800 0.053300
v -0.062700 0.762000 0.057000
v 0.057800 0.750900 0.048700
v 0.060600 0.754200 0.049900
v 0.062700 0.758800 0.053300
v 0.062700 0.762000 0.057000
v -0.049600 0.754700 0.057500
v -0.044700 0.755600 0.063200
v -0.033300 0.754600 0.077800
v -0.015900 0.754400 0.091800
v 0.080800 0.820600 -0.006300
v 0.079800 0.819900 -0.004400
v 0.080700 0.819900 -0.006000
v 0.080200 0.822600 -0.005100
v 0.078200 0.821700 -0.001400
v 0.077900 0.824200 -0.000900
v 0.076600 0.821500 0.001500
v 0.075400 0.823900 0.003500
v 0.073700 0.818400 0.006800
v 0.074100 0.822100 0.006000
v 0.073100 0.818900 0.007800
v 0.074700 0.820000 0.004900
v 0.075800 0.820100 0.002800
v 0.077100 0.818500 0.000400
v 0.078100 0.819800 -0.001200
v 0.078000 0.816400 -0.001100
v 0.079200 0.816200 -0.003300
v 0.078200 0.812900 -0.001400
v 0.079200 0.811700 -0.003200
v 0.077100 0.809700 0.000500
v 0.077900 0.807900 -0.000900
v 0.075600 0.808500 0.003300
v 0.075800 0.806200 0.002900
v 0.074000 0.809200 0.006300
v 0.073100 0.807000 0.007800
v 0.072800 0.809000 0.008400
v -0.015400 0.001100 0.026400
v -0.135000 0.000700 0.058100
v -0.134300 0.001000 0.031000
v -0.014900 0.001600 0.062100
v 0.100000 0.015900 0.114700
v 0.079700 0.000600 0.129900
v 0.101500 0.000500 0.123500
v 0.068500 0.063900 0.059200
v 0.094500 0.061600 0.055700
v 0.092700 0.072300 0.030900
v 0.071900 0.053500 0.078300
v 0.097600 0.048600 0.075000
v 0.099200 0.035300 0.093400
v 0.116100 0.030100 0.088600
v 0.114400 0.016200 0.103600
v 0.116900 0.000600 0.108500
v 0.125100 0.020000 0.085300
v 0.115500 0.063600 0.023200
v 0.112600 0.077400 0.004500
v 0.114400 0.052000 0.049700
v 0.114400 0.039600 0.070700
v 0.115500 0.127000 -0.019800
v 0.108100 0.127000 -0.048800
v 0.057000 0.127000 -0.046900
v 0.127700 0.067700 -0.009400
v 0.134100 0.034600 0.010000
v 0.134300 0.028900 0.037600
v 0.130500 0.023100 0.064400
v 0.130400 0.001000 0.078900
v 0.135000 0.000700 0.058100
v 0.135600 0.001000 0.031000
v 0.128500 0.013400 -0.015600
v 0.129700 0.034500 -0.013100
v 0.117200 0.067900 -0.051500
v 0.095400 0.127000 -0.063600
v 0.063800 0.069300 -0.076000
v 0.064200 0.127000 -0.071800
v 0.100700 0.069500 -0.068200
v 0.119000 0.034000 -0.056300
v 0.115400 -0.000900 -0.053700
v 0.125900 0.000400 -0.016100
v 0.101400 0.033500 -0.073500
v 0.064500 0.033000 -0.080900
v 0.100600 0.000400 -0.072600
v 0.066000 0.000400 -0.081100
v 0.039900 0.000400 -0.072100
v 0.012300 0.033000 -0.054500
v 0.033300 0.032600 -0.070600
v 0.015200 0.000400 -0.052300
v 0.012500 0.013400 -0.007100
v 0.014100 0.000400 -0.007500
v 0.020100 0.062500 0.026000
v 0.025000 0.055000 0.050700
v 0.042100 0.070700 0.032600
v 0.012800 0.026900 0.036300
v 0.011400 0.044200 0.014300
v 0.011200 0.033600 -0.006900
v 0.011600 0.068700 -0.049600
v 0.032500 0.069000 -0.066200
v 0.038500 0.127000 -0.062400
v 0.015500 0.001100 0.026400
v 0.014900 0.001600 0.062100
v 0.013700 0.022700 0.063700
v 0.018200 0.001400 0.088300
v 0.017400 0.020300 0.082000
v 0.027400 0.044700 0.074000
v 0.045400 0.061100 0.057900
v 0.033400 0.000800 0.109800
v 0.030300 0.016700 0.099800
v 0.055800 0.000600 0.122100
v 0.028300 0.031300 0.085500
v 0.047800 0.049700 0.077100
v 0.063100 0.074400 0.033300
v 0.052100 0.015600 0.110900
v 0.049300 0.039300 0.089100
v 0.076800 0.018200 0.118300
v 0.074600 0.040000 0.096000
v 0.011600 0.127000 -0.044900
v 0.013700 0.127000 -0.008900
v 0.061800 0.127000 -0.014300
v 0.011300 0.063800 -0.003200
v 0.018800 0.075900 0.006800
v 0.041700 0.080900 0.014000
v 0.060800 0.083400 0.017100
v 0.038300 0.127200 0.005500
v 0.058400 0.127500 0.009900
v 0.083100 0.127400 0.007000
v 0.102700 0.127000 -0.002700
v 0.091600 0.081200 0.012400
v -0.058300 0.127500 0.010000
v -0.060800 0.083400 0.017100
v -0.038200 0.127200 0.005600
v -0.041700 0.080900 0.014000
v -0.018800 0.075900 0.006800
v -0.042100 0.070700 0.032600
v -0.063100 0.074400 0.033300
v -0.045400 0.061100 0.057900
v -0.068500 0.063900 0.059200
v -0.047800 0.049700 0.077100
v -0.071900 0.053500 0.078300
v -0.074600 0.040000 0.096000
v -0.097600 0.048600 0.075000
v -0.020100 0.062500 0.026000
v -0.025000 0.055000 0.050700
v -0.027400 0.044700 0.074000
v -0.092700 0.072300 0.030900
v -0.094500 0.061600 0.055700
v -0.114400 0.039600 0.070700
v -0.116100 0.030100 0.088600
v -0.114400 0.052000 0.049700
v -0.115500 0.063600 0.023200
v -0.130500 0.023100 0.064400
v -0.125100 0.020000 0.085300
v -0.114500 0.016200 0.103600
v -0.099200 0.035300 0.093400
v -0.100000 0.015900 0.114700
v -0.101500 0.000500 0.123500
v -0.118100 0.000600 0.108500
v -0.130400 0.001000 0.078900
v -0.135000 0.000700 0.058100
v -0.079700 0.000600 0.129900
v -0.076800 0.018200 0.118300
v -0.049300 0.039300 0.089100
v -0.028300 0.031300 0.085500
v -0.017400 0.020300 0.082000
v -0.013700 0.022700 0.063700
v -0.052000 0.015600 0.110900
v -0.030300 0.016700 0.099800
v -0.012800 0.026900 0.036300
v -0.014900 0.001600 0.062100
v -0.015400 0.001100 0.026400
v -0.018200 0.001400 0.088300
v -0.033400 0.000800 0.109800
v -0.055800 0.000600 0.122100
v -0.057000 0.127000 -0.046800
v -0.064100 0.127000 -0.071700
v -0.095400 0.127000 -0.063500
v -0.038500 0.127000 -0.062300
v -0.011600 0.127000 -0.044800
v -0.011600 0.068700 -0.049600
v -0.011300 0.063800 -0.003200
v -0.011200 0.033600 -0.006900
v -0.011400 0.044200 0.014300
v -0.012500 0.013400 -0.007100
v -0.012300 0.033000 -0.054500
v -0.032500 0.069000 -0.066200
v -0.063800 0.069300 -0.076000
v -0.033300 0.032600 -0.070600
v -0.118900 0.034000 -0.056300
v -0.100500 0.000400 -0.072600
v -0.115300 -0.000900 -0.053700
v -0.101300 0.033500 -0.073500
v -0.100700 0.069500 -0.068200
v -0.064500 0.033000 -0.080900
v -0.066000 0.000400 -0.081100
v -0.039800 0.000400 -0.072100
v -0.015200 0.000400 -0.052300
v -0.014100 0.000400 -0.007500
v -0.128500 0.013400 -0.015600
v -0.125900 0.000400 -0.016100
v -0.130800 0.034500 -0.013100
v -0.117200 0.067900 -0.051500
v -0.134300 0.028900 0.037600
v -0.134300 0.001000 0.031000
v -0.133000 0.034600 0.010000
v -0.127700 0.067700 -0.009400
v -0.108100 0.127000 -0.048700
v -0.083100 0.127400 0.007000
v -0.091500 0.081200 0.012400
v -0.112600 0.077400 0.004500
v -0.013700 0.127000 -0.008800
v -0.061800 0.127000 -0.014300
v -0.115500 0.127000 -0.019700
v -0.102700 0.127000 -0.002700
v -0.033400 0.000800 0.109800
v -0.130400 0.001000 0.078900
v -0.018200 0.001400 0.088300
v -0.055800 0.000600 0.122100
v -0.118100 0.000600 0.108500
v -0.101500 0.000500 0.123500
v -0.079700 0.000600 0.129900
v 0.130400 0.001000 0.078900
v 0.033400 0.000800 0.109800
v 0.018200 0.001400 0.088300
v 0.055800 0.000600 0.122100
v 0.116900 0.000600 0.108500
v 0.101500 0.000500 0.123500
v 0.079700 0.000600 0.129900
v 0.015200 0.000400 -0.052300
v 0.062500 -0.000200 -0.053000
v 0.014100 0.000400 -0.007500
v 0.039900 0.000400 -0.072100
v 0.066000 0.000400 -0.081100
v 0.100600 0.000400 -0.072600
v 0.115400 -0.000900 -0.053700
v 0.125900 0.000400 -0.016100
v -0.115300 -0.000900 -0.053700
v -0.014100 0.000400 -0.007500
v -0.125900 0.000400 -0.016100
v -0.062400 -0.000200 -0.053000
v -0.015200 0.000400 -0.052300
v -0.039800 0.000400 -0.072100
v -0.066000 0.000400 -0.081100
v -0.100500 0.000400 -0.072600
v -0.014900 0.001600 0.062100
v -0.130400 0.001000 0.078900
v -0.135000 0.000700 0.058100
v -0.018200 0.001400 0.088300
v -0.128500 0.013400 -0.015600
v -0.015400 0.001100 0.026400
v -0.134300 0.001000 0.031000
v -0.012500 0.013400 -0.007100
v -0.125900 0.000400 -0.016100
v -0.012500 0.013400 -0.007100
v -0.128500 0.013400 -0.015600
v -0.014100 0.000400 -0.007500
v 0.012500 0.013400 -0.007100
v 0.125900 0.000400 -0.016100
v 0.128500 0.013400 -0.015600
v 0.014100 0.000400 -0.007500
v 0.015500 0.001100 0.026400
v 0.128500 0.013400 -0.015600
v 0.135600 0.001000 0.031000
v 0.012500 0.013400 -0.007100
v 0.130400 0.001000 0.078900
v 0.014900 0.001600 0.062100
v 0.135000 0.000700 0.058100
v 0.018200 0.001400 0.088300
v 0.015500 0.001100 0.026400
v 0.135000 0.000700 0.058100
v 0.014900 0.001600 0.062100
v 0.135600 0.001000 0.031000
v -0.003600 0.301900 -0.054500
v -0.004200 0.302000 -0.051400
v -0.008600 0.308300 -0.077900
v -0.002700 0.298400 -0.009800
v -0.002700 0.300200 0.032800
v -0.003800 0.300700 0.029900
v -0.008600 0.306100 0.060700
v -0.003600 0.298100 -0.009800
v -0.004600 0.298600 0.028200
v -0.008600 0.300500 0.051600
v -0.032600 0.306000 0.066400
v -0.022300 0.311400 0.069900
v -0.059900 0.320800 0.078100
v -0.060000 0.311500 0.073900
v -0.115200 0.328400 0.050000
v -0.098600 0.314300 0.065100
v -0.115300 0.317200 0.049100
v -0.098500 0.297800 0.062700
v -0.060100 0.296400 0.071200
v -0.032400 0.292400 0.063600
v -0.009300 0.288300 0.048900
v -0.005200 0.286800 0.024000
v -0.003900 0.284900 -0.009700
v -0.004500 0.272800 0.016800
v -0.004000 0.271800 -0.009600
v -0.009200 0.274100 0.048700
v -0.032300 0.276700 0.063900
v -0.060100 0.279400 0.072000
v -0.098500 0.280400 0.063400
v -0.136300 0.280900 0.005900
v -0.115800 0.281300 0.048600
v -0.115500 0.299200 0.048000
v -0.115800 0.253100 0.047800
v -0.098400 0.252500 0.062600
v -0.060200 0.252000 0.071100
v -0.032100 0.250400 0.063000
v -0.009100 0.248900 0.047900
v -0.136000 0.252800 0.004200
v -0.098300 0.217600 0.062000
v -0.060200 0.217400 0.070500
v -0.031900 0.216800 0.062400
v -0.009000 0.216100 0.047200
v -0.004300 0.248100 0.000400
v -0.004100 0.215500 -0.012500
v -0.008800 0.201000 0.045800
v -0.031500 0.201000 0.061300
v -0.008800 0.183100 0.045800
v -0.031500 0.183100 0.061000
v -0.008800 0.150400 0.045900
v -0.004100 0.200900 -0.015500
v -0.004100 0.183000 -0.015400
v -0.004100 0.150400 -0.015500
v -0.008800 0.115100 0.045900
v -0.004100 0.115100 -0.015500
v -0.008800 0.150400 -0.068700
v -0.008800 0.115100 -0.068700
v -0.008800 0.183000 -0.068700
v -0.031500 0.150400 -0.082100
v -0.031500 0.115100 -0.082100
v -0.031500 0.183000 -0.082100
v -0.008800 0.200900 -0.068700
v -0.009000 0.215600 -0.067200
v -0.004000 0.247700 -0.024100
v -0.031900 0.216100 -0.080600
v -0.009100 0.248000 -0.066600
v -0.003800 0.272000 -0.037000
v -0.009200 0.272300 -0.065700
v -0.004600 0.285400 -0.044100
v -0.009200 0.285800 -0.066100
v -0.032300 0.274500 -0.079100
v -0.032400 0.288900 -0.079700
v -0.004700 0.297900 -0.047300
v -0.008600 0.299200 -0.069600
v -0.032500 0.303400 -0.082800
v -0.060100 0.292100 -0.085400
v -0.060000 0.307700 -0.087400
v -0.060100 0.276600 -0.084800
v -0.098000 0.278000 -0.078700
v -0.098200 0.294200 -0.079300
v -0.024000 0.310900 -0.080800
v -0.059900 0.317800 -0.093200
v -0.098400 0.310500 -0.081700
v -0.115300 0.323400 -0.074900
v -0.115200 0.313200 -0.068800
v -0.133300 0.327700 -0.053300
v -0.131900 0.316000 -0.051900
v -0.136000 0.316300 0.005900
v -0.136200 0.298600 0.005900
v -0.137200 0.331200 0.005900
v -0.131900 0.280700 -0.050200
v -0.131900 0.298300 -0.050300
v -0.131700 0.252800 -0.051600
v -0.135800 0.217700 0.002900
v -0.131500 0.217600 -0.052700
v -0.134500 0.200900 0.000900
v -0.130400 0.200900 -0.052700
v -0.134500 0.183000 0.000000
v -0.130400 0.183000 -0.053200
v -0.134500 0.150400 0.000000
v -0.130400 0.150400 -0.053600
v -0.115400 0.183000 -0.068700
v -0.115400 0.200900 -0.068700
v -0.115400 0.217300 -0.067300
v -0.115300 0.252000 -0.066600
v -0.115100 0.279400 -0.065800
v -0.115100 0.296300 -0.066200
v -0.098000 0.251200 -0.079500
v -0.098000 0.216900 -0.080200
v -0.060200 0.216600 -0.085900
v -0.098100 0.183000 -0.081600
v -0.060200 0.250400 -0.085400
v -0.032000 0.249200 -0.080000
v -0.098100 0.150400 -0.081600
v -0.115400 0.150400 -0.068700
v -0.060300 0.183000 -0.086900
v -0.060300 0.150400 -0.086900
v -0.115400 0.115100 -0.068700
v -0.130400 0.115100 -0.054000
v -0.098100 0.115100 -0.081600
v -0.060300 0.115100 -0.086900
v -0.134500 0.115100 0.000000
v -0.115400 0.150400 0.045900
v -0.031500 0.150400 0.061000
v -0.031500 0.115100 0.061100
v -0.060300 0.150400 0.069100
v -0.060300 0.115100 0.069100
v -0.098100 0.115100 0.060700
v -0.098100 0.150400 0.060700
v -0.115400 0.115100 0.045900
v -0.098100 0.183100 0.060600
v -0.060300 0.183100 0.069100
v -0.060300 0.201000 0.069700
v -0.098100 0.201000 0.060900
v -0.115800 0.217800 0.047200
v -0.115400 0.201000 0.045800
v -0.115400 0.183100 0.045800
v 0.007300 0.882400 0.067700
v 0.015700 0.888900 0.075300
v 0.012600 0.889700 0.066400
v 0.003100 0.864700 0.068800
v 0.003000 0.873500 0.059200
v 0.002000 0.864700 0.059400
v 0.004100 0.873800 0.068500
v 0.010600 0.881800 0.076600
v 0.020200 0.886600 0.083200
v 0.026200 0.891500 0.081700
v 0.030800 0.886800 0.088300
v 0.036600 0.889500 0.086800
v 0.038200 0.886400 0.089500
v 0.007500 0.873500 0.077300
v 0.015700 0.880100 0.084300
v 0.025900 0.882700 0.089500
v 0.003400 0.856000 0.059100
v 0.004500 0.855600 0.068500
v 0.006600 0.864700 0.077600
v 0.012900 0.872700 0.085000
v 0.022200 0.877500 0.090500
v 0.028900 0.880500 0.091800
v 0.006800 0.847900 0.058200
v 0.004500 0.856900 0.049900
v 0.008100 0.847300 0.067600
v 0.007900 0.856000 0.077300
v 0.012100 0.864800 0.085300
v 0.019900 0.871400 0.091000
v 0.023600 0.870700 0.093100
v 0.011300 0.847900 0.076400
v 0.013700 0.840100 0.066200
v 0.016700 0.841000 0.075100
v 0.013200 0.857000 0.084900
v 0.019200 0.865000 0.091200
v 0.023200 0.865000 0.093400
v 0.028300 0.869700 0.094800
v 0.020100 0.858500 0.090900
v 0.016300 0.849700 0.084200
v 0.021200 0.843500 0.083000
v 0.023700 0.835800 0.073400
v 0.027400 0.838800 0.081500
v 0.031700 0.832600 0.071400
v 0.034600 0.835900 0.079600
v 0.040200 0.831600 0.069300
v 0.026700 0.847500 0.089300
v 0.022800 0.852600 0.090300
v 0.029600 0.849800 0.091700
v 0.031800 0.843700 0.088100
v 0.037700 0.841300 0.086600
v 0.042300 0.835100 0.077800
v 0.043900 0.840600 0.085100
v 0.049900 0.836300 0.075800
v 0.050200 0.841600 0.083500
v 0.056900 0.839500 0.074100
v 0.039100 0.844400 0.089300
v 0.034100 0.846600 0.090700
v 0.033100 0.852900 0.093700
v 0.026300 0.854300 0.092600
v 0.023900 0.859400 0.093100
v 0.028500 0.860600 0.094800
v 0.030500 0.856600 0.094400
v 0.028000 0.865100 0.095000
v 0.033400 0.862000 0.095600
v 0.033500 0.865300 0.095800
v 0.033300 0.868500 0.095700
v 0.041600 0.866600 0.095500
v 0.041600 0.865400 0.095500
v 0.041700 0.864300 0.095400
v 0.035200 0.859200 0.095400
v 0.036800 0.856400 0.094800
v 0.025800 0.875900 0.092700
v 0.030100 0.873800 0.094500
v 0.034900 0.871400 0.095400
v 0.042100 0.867500 0.095400
v 0.042700 0.868500 0.095200
v 0.036400 0.874300 0.094900
v 0.039200 0.875900 0.094400
v 0.032500 0.877600 0.093800
v 0.036100 0.880300 0.093000
v 0.033300 0.883900 0.090900
v 0.040000 0.882300 0.091900
v 0.041800 0.877700 0.093500
v 0.044400 0.882800 0.090900
v 0.043600 0.887100 0.088300
v 0.048800 0.882500 0.089700
v 0.049100 0.886600 0.086800
v 0.054200 0.884400 0.085700
v 0.055000 0.887400 0.082300
v 0.058600 0.881200 0.084400
v 0.052800 0.880700 0.088800
v 0.056500 0.878100 0.087800
v 0.062000 0.876700 0.083700
v 0.064000 0.878500 0.080100
v 0.053800 0.874700 0.090600
v 0.059100 0.874500 0.087200
v 0.055400 0.871900 0.090300
v 0.057100 0.869100 0.089800
v 0.049700 0.866800 0.093400
v 0.049200 0.867700 0.093600
v 0.048600 0.868700 0.093700
v 0.051000 0.876200 0.091400
v 0.048200 0.877900 0.092000
v 0.057100 0.865800 0.089900
v 0.049800 0.865600 0.093500
v 0.049800 0.864500 0.093400
v 0.045600 0.869700 0.094500
v 0.045000 0.877700 0.092900
v 0.044500 0.869700 0.094700
v 0.046700 0.869700 0.094200
v 0.047600 0.869200 0.094000
v 0.043600 0.869100 0.095000
v 0.131900 0.298400 -0.050400
v 0.131900 0.316000 -0.052000
v 0.136200 0.298600 0.005700
v 0.131900 0.280700 -0.050300
v 0.136300 0.280900 0.005700
v 0.115100 0.296300 -0.066300
v 0.115200 0.313300 -0.068900
v 0.136000 0.316300 0.005800
v 0.133300 0.327700 -0.053300
v 0.115300 0.323500 -0.074900
v 0.098400 0.310500 -0.081800
v 0.098200 0.294200 -0.079400
v 0.115100 0.279400 -0.065900
v 0.131700 0.254000 -0.051700
v 0.136100 0.254100 0.004200
v 0.115800 0.254400 0.047700
v 0.115300 0.253200 -0.066700
v 0.098000 0.278000 -0.078800
v 0.098000 0.252300 -0.079600
v 0.060200 0.216600 -0.085900
v 0.098100 0.183200 -0.081600
v 0.060300 0.183200 -0.087000
v 0.098000 0.216900 -0.080200
v 0.115400 0.217200 -0.067300
v 0.131500 0.217600 -0.052700
v 0.135800 0.217700 0.002900
v 0.115800 0.217800 0.047200
v 0.134500 0.200900 0.000900
v 0.115400 0.182900 0.045700
v 0.134500 0.183000 -0.000100
v 0.115400 0.200900 0.045800
v 0.098100 0.182900 0.060600
v 0.098100 0.200900 0.060900
v 0.098300 0.217600 0.062000
v 0.115400 0.150400 -0.068900
v 0.098100 0.150400 -0.081700
v 0.115400 0.183100 -0.068800
v 0.130400 0.150400 -0.053700
v 0.130400 0.183100 -0.053300
v 0.134500 0.150400 -0.000100
v 0.115400 0.150400 0.045700
v 0.098100 0.150400 0.060500
v 0.098100 0.115100 0.060600
v 0.060300 0.150400 0.069000
v 0.115400 0.115100 0.045900
v 0.134500 0.115100 -0.000100
v 0.130400 0.115100 -0.054100
v 0.115400 0.115100 -0.068800
v 0.098100 0.115100 -0.081700
v 0.060300 0.115100 -0.087000
v 0.008800 0.183100 -0.068800
v 0.004100 0.150400 -0.015600
v 0.004100 0.183000 -0.015500
v 0.008800 0.150400 -0.068900
v 0.008800 0.115100 -0.068800
v 0.031500 0.115100 -0.082200
v 0.031500 0.150400 -0.082200
v 0.060300 0.150400 -0.087100
v 0.009000 0.215600 -0.067200
v 0.004100 0.200900 -0.015500
v 0.004100 0.215500 -0.012500
v 0.008800 0.200900 -0.068700
v 0.031500 0.183200 -0.082100
v 0.031900 0.216100 -0.080600
v 0.004000 0.271800 -0.009700
v 0.004500 0.272800 0.016600
v 0.003900 0.284900 -0.009800
v 0.004300 0.249300 0.000800
v 0.004000 0.248900 -0.024500
v 0.009100 0.249000 -0.066600
v 0.032000 0.250300 -0.080000
v 0.060200 0.251500 -0.085400
v 0.032300 0.274500 -0.079200
v 0.060100 0.276600 -0.084900
v 0.009200 0.272300 -0.065800
v 0.003800 0.272000 -0.037100
v 0.004600 0.285400 -0.044200
v 0.004700 0.298000 -0.047400
v 0.032400 0.289000 -0.079800
v 0.060100 0.292200 -0.085500
v 0.009200 0.285800 -0.066200
v 0.008600 0.299200 -0.069700
v 0.032500 0.303500 -0.082900
v 0.060000 0.307800 -0.087500
v 0.059900 0.317900 -0.093300
v 0.119000 0.334400 -0.088400
v 0.142800 0.341100 0.010400
v 0.126100 0.356000 0.078700
v 0.118600 0.339300 0.064200
v 0.153200 0.357100 0.015700
v 0.140700 0.338500 -0.049900
v 0.150300 0.357100 -0.052600
v 0.125500 0.353500 -0.099600
v 0.058500 0.327200 -0.101300
v 0.161200 0.377900 0.023700
v 0.133300 0.380600 0.091600
v 0.159200 0.377900 -0.053500
v 0.129000 0.377900 -0.105900
v 0.065300 0.348500 -0.126300
v 0.017000 0.326500 -0.109600
v 0.012500 0.312700 -0.092400
v 0.000000 0.326300 -0.109900
v 0.005000 0.312800 -0.092200
v 0.015200 0.345300 -0.136000
v 0.071700 0.377900 -0.140600
v 0.124900 0.400400 -0.111700
v 0.162400 0.399800 -0.052900
v 0.164100 0.399000 0.027900
v 0.000000 0.377900 -0.155700
v 0.000000 0.312900 -0.091800
v -0.069800 0.400700 -0.146200
v -0.071700 0.377900 -0.140600
v 0.000000 0.400800 -0.160600
v 0.069800 0.400700 -0.146200
v 0.164400 0.404800 -0.053200
v 0.124700 0.404800 -0.113500
v 0.070000 0.404800 -0.146500
v 0.000000 0.404800 -0.162200
v -0.070000 0.404800 -0.146500
v -0.124700 0.404800 -0.113500
v -0.124900 0.400400 -0.111700
v -0.164400 0.404800 -0.053200
v -0.162400 0.399800 -0.052900
v -0.164100 0.399000 0.027900
v -0.166100 0.404800 0.029700
v -0.133600 0.398400 0.096600
v -0.134600 0.404800 0.099300
v -0.133300 0.380600 0.091600
v -0.129000 0.377900 -0.105900
v -0.159200 0.377900 -0.053500
v -0.161200 0.377900 0.023700
v -0.153200 0.357100 0.015700
v -0.126100 0.356000 0.078700
v -0.142800 0.341100 0.010400
v -0.150300 0.357100 -0.052600
v -0.079100 0.404800 0.136200
v -0.077800 0.398000 0.134000
v -0.023000 0.403000 0.154700
v -0.077400 0.377500 0.131500
v -0.071500 0.352800 0.118900
v -0.118600 0.339300 0.064200
v -0.021100 0.397800 0.152700
v 0.000000 0.402800 0.157800
v -0.008900 0.317500 0.093300
v -0.004400 0.317500 0.093600
v -0.064200 0.332700 0.099000
v 0.000000 0.397800 0.155600
v -0.017000 0.373600 0.147100
v -0.013800 0.347000 0.131200
v -0.012600 0.329600 0.111600
v -0.006300 0.329600 0.111800
v 0.000000 0.346700 0.131800
v 0.000000 0.329500 0.112100
v 0.006300 0.329600 0.111800
v 0.004400 0.317500 0.093600
v 0.008900 0.317500 0.093300
v 0.008600 0.306000 0.060600
v 0.000000 0.317500 0.093700
v 0.002700 0.300200 0.032700
v 0.003800 0.300700 0.029800
v 0.008600 0.300400 0.051500
v 0.004600 0.298500 0.028000
v 0.009300 0.288300 0.048700
v 0.005200 0.286800 0.023900
v 0.003600 0.298100 -0.009900
v 0.002700 0.298400 -0.009900
v 0.000000 0.299500 -0.010900
v 0.000000 0.301100 0.031900
v 0.004200 0.302000 -0.051400
v -0.005000 0.312800 -0.092200
v -0.012500 0.312600 -0.092400
v 0.000000 0.302800 -0.055700
v 0.003600 0.301900 -0.054500
v 0.008600 0.308400 -0.078000
v 0.024000 0.311000 -0.080900
v 0.000000 0.344800 -0.135400
v -0.015200 0.345300 -0.136000
v -0.017100 0.326500 -0.109600
v -0.058500 0.327100 -0.101300
v -0.065300 0.348500 -0.126300
v -0.125500 0.353500 -0.099600
v -0.118900 0.334400 -0.088400
v -0.140700 0.338500 -0.049900
v 0.115300 0.317100 0.049000
v 0.098600 0.314200 0.065000
v 0.098500 0.297800 0.062600
v 0.115500 0.299200 0.047900
v 0.115800 0.281300 0.048500
v 0.098500 0.280400 0.063300
v 0.060100 0.296400 0.071100
v 0.060000 0.311400 0.073800
v 0.115200 0.328300 0.049900
v 0.137200 0.331200 0.005800
v 0.032400 0.292300 0.063500
v 0.032600 0.305900 0.066300
v 0.060100 0.279400 0.071800
v 0.098400 0.253900 0.062600
v 0.060200 0.253400 0.071100
v 0.032300 0.276700 0.063700
v 0.009200 0.274000 0.048600
v 0.032100 0.251800 0.063000
v 0.009100 0.250200 0.047800
v 0.022300 0.311400 0.069800
v 0.059900 0.320700 0.078100
v 0.064200 0.332600 0.099000
v 0.071500 0.352700 0.118900
v 0.077400 0.377500 0.131500
v 0.017000 0.373600 0.147100
v 0.013800 0.347000 0.131200
v 0.000000 0.373600 0.149400
v 0.012600 0.329600 0.111600
v 0.021100 0.397800 0.152700
v 0.077800 0.398000 0.134000
v 0.133600 0.398400 0.096600
v 0.166100 0.404800 0.029700
v 0.134600 0.404800 0.099300
v 0.079100 0.404800 0.136200
v 0.023000 0.403000 0.154700
v 0.031500 0.115100 0.061000
v 0.031500 0.150400 0.060900
v 0.008800 0.115100 0.045900
v 0.060300 0.182900 0.069000
v 0.060300 0.115100 0.069000
v 0.031900 0.216800 0.062400
v 0.060300 0.200900 0.069700
v 0.060200 0.217400 0.070500
v 0.031500 0.200900 0.061300
v 0.031500 0.182900 0.060900
v 0.008800 0.150400 0.045700
v 0.004100 0.115100 -0.015500
v 0.008800 0.182900 0.045700
v 0.008800 0.200900 0.045800
v 0.009000 0.216100 0.047200
v 0.064600 0.853600 0.079900
v 0.059300 0.850500 0.084300
v 0.060900 0.848300 0.080800
v 0.066900 0.859600 0.079300
v 0.070300 0.858300 0.070700
v 0.071100 0.866200 0.070600
v 0.067500 0.850900 0.071500
v 0.062900 0.844500 0.072600
v 0.055900 0.844300 0.082100
v 0.055000 0.847100 0.085500
v 0.057000 0.853500 0.087700
v 0.053500 0.850800 0.088700
v 0.050000 0.844700 0.086600
v 0.049500 0.848800 0.089600
v 0.044600 0.844000 0.088100
v 0.063300 0.842100 0.063500
v 0.068400 0.849200 0.062300
v 0.071400 0.857500 0.061500
v 0.072400 0.866300 0.061300
v 0.071000 0.875000 0.061600
v 0.069900 0.875400 0.052200
v 0.071300 0.866300 0.051900
v 0.070300 0.857200 0.052100
v 0.067100 0.848600 0.052900
v 0.061800 0.841300 0.054200
v 0.056600 0.836500 0.065200
v 0.054900 0.835500 0.056000
v 0.044200 0.832900 0.049000
v 0.038000 0.830400 0.060200
v 0.035700 0.831600 0.051100
v 0.046800 0.831800 0.058000
v 0.052100 0.836500 0.047000
v 0.058800 0.842100 0.045400
v 0.048700 0.833000 0.067100
v 0.029200 0.831400 0.062400
v 0.020900 0.834700 0.064400
v 0.012200 0.841000 0.056900
v 0.012400 0.843500 0.047900
v 0.007600 0.849700 0.049000
v 0.019200 0.835700 0.055200
v 0.027200 0.832500 0.053200
v 0.017700 0.852600 0.032900
v 0.010400 0.852500 0.040600
v 0.015000 0.856300 0.033500
v 0.014300 0.847400 0.039700
v 0.018700 0.838800 0.046300
v 0.025900 0.835900 0.044600
v 0.019400 0.843600 0.038400
v 0.025300 0.841200 0.037000
v 0.033500 0.835100 0.042600
v 0.041200 0.836300 0.040800
v 0.037800 0.841500 0.033900
v 0.031600 0.840600 0.035400
v 0.048200 0.839500 0.039000
v 0.054200 0.844500 0.037500
v 0.063800 0.849200 0.044100
v 0.066900 0.857500 0.043300
v 0.048600 0.848200 0.031200
v 0.043600 0.844200 0.032400
v 0.058800 0.850900 0.036300
v 0.061600 0.858300 0.035700
v 0.067900 0.866300 0.043100
v 0.066500 0.875000 0.043400
v 0.066300 0.883700 0.053100
v 0.062400 0.866200 0.035400
v 0.061200 0.874000 0.035700
v 0.054600 0.859600 0.029700
v 0.052200 0.853500 0.030200
v 0.042100 0.853200 0.026800
v 0.038600 0.850400 0.027700
v 0.034500 0.848400 0.028700
v 0.046400 0.861300 0.025800
v 0.055200 0.866000 0.029500
v 0.046800 0.865900 0.025600
v 0.054300 0.872500 0.029700
v 0.046200 0.870500 0.025800
v 0.037600 0.868100 0.024200
v 0.044300 0.874600 0.026200
v 0.036400 0.870300 0.024400
v 0.051700 0.878400 0.030300
v 0.058100 0.881300 0.036500
v 0.063100 0.883100 0.044200
v 0.053300 0.887500 0.037700
v 0.057700 0.890000 0.045600
v 0.047800 0.883500 0.031400
v 0.041600 0.878300 0.027000
v 0.035100 0.872300 0.024800
v 0.032300 0.869500 0.024600
v 0.033100 0.873600 0.025200
v 0.030900 0.869900 0.024900
v 0.037900 0.881000 0.027800
v 0.042600 0.887300 0.032600
v 0.047000 0.892200 0.039200
v 0.050700 0.895200 0.047300
v 0.053600 0.896300 0.056200
v 0.033700 0.882700 0.028900
v 0.036800 0.889700 0.034100
v 0.030900 0.874700 0.025800
v 0.029800 0.870800 0.025200
v 0.028400 0.865500 0.024900
v 0.032700 0.868100 0.024400
v 0.028400 0.870500 0.025500
v 0.028600 0.874700 0.026400
v 0.029200 0.883100 0.029900
v 0.030500 0.890400 0.035600
v 0.032200 0.895900 0.042900
v 0.039800 0.895100 0.041000
v 0.034200 0.899400 0.051400
v 0.024500 0.894700 0.044800
v 0.024200 0.889400 0.037200
v 0.024800 0.882500 0.031100
v 0.026200 0.874500 0.027000
v 0.027100 0.870800 0.025900
v 0.026000 0.869800 0.026100
v 0.023700 0.865300 0.026700
v 0.023400 0.863900 0.026800
v 0.023400 0.866800 0.026800
v 0.020900 0.869900 0.028300
v 0.019800 0.867700 0.028600
v 0.014600 0.874000 0.033600
v 0.024300 0.867900 0.026500
v 0.024700 0.869300 0.026500
v 0.024100 0.873400 0.027500
v 0.020700 0.880600 0.032100
v 0.017200 0.877700 0.033000
v 0.009800 0.877400 0.040700
v 0.013500 0.882700 0.039900
v 0.022100 0.872000 0.028000
v 0.017500 0.891500 0.046500
v 0.011500 0.886500 0.048100
v 0.017800 0.894500 0.055500
v 0.018500 0.886700 0.038600
v 0.025700 0.898000 0.053500
v 0.019500 0.895500 0.064700
v 0.027600 0.899200 0.062700
v 0.030200 0.898100 0.071700
v 0.042800 0.890400 0.085300
v 0.033300 0.894700 0.079900
v 0.040900 0.895900 0.078100
v 0.038700 0.899400 0.069600
v 0.036400 0.900600 0.060500
v 0.042700 0.898400 0.049300
v 0.045300 0.899600 0.058300
v 0.047200 0.898500 0.067400
v 0.048600 0.895100 0.076100
v 0.049100 0.889800 0.083700
v 0.055800 0.892200 0.074400
v 0.055300 0.895300 0.065500
v 0.060100 0.883600 0.081000
v 0.062000 0.887500 0.072800
v 0.066800 0.881300 0.071600
v 0.062200 0.890000 0.063700
v 0.067600 0.883100 0.062400
v 0.060700 0.890900 0.054500
v 0.069900 0.874100 0.070800
v 0.066600 0.872500 0.079400
v 0.064300 0.871600 0.083000
v 0.061000 0.870400 0.086700
v 0.061600 0.865900 0.086700
v 0.057200 0.862500 0.089700
v 0.065000 0.866000 0.083000
v 0.067500 0.866100 0.079200
v 0.054200 0.856800 0.090500
v 0.059500 0.857200 0.087200
v 0.055700 0.859700 0.090300
v 0.061200 0.861400 0.086700
v 0.064600 0.860400 0.083000
v 0.048700 0.853400 0.091900
v 0.045200 0.848300 0.090700
v 0.051400 0.855100 0.091300
v 0.048700 0.862600 0.093700
v 0.049300 0.863500 0.093600
v 0.047800 0.862000 0.094000
v 0.046900 0.861400 0.094200
v 0.045600 0.853400 0.092800
v 0.042300 0.853200 0.093400
v 0.044700 0.861300 0.094700
v 0.039600 0.854900 0.094300
v 0.043700 0.861900 0.095000
v 0.042800 0.862400 0.095200
v 0.045800 0.861300 0.094500
v 0.042200 0.863400 0.095300
v 0.036700 0.850400 0.092800
v 0.040800 0.848600 0.091800
v 0.045800 0.867500 0.095000
v 0.045200 0.867600 0.095100
v 0.045900 0.865500 0.095200
v 0.044100 0.866500 0.095400
v 0.043800 0.866000 0.095400
v 0.044300 0.867000 0.095300
v 0.044800 0.867200 0.095200
v 0.044400 0.864000 0.095300
v 0.044200 0.864500 0.095400
v 0.043800 0.864900 0.095400
v 0.043900 0.865500 0.095400
v 0.047500 0.864600 0.094500
v 0.047800 0.865000 0.094400
v 0.047800 0.866100 0.094400
v 0.047400 0.866600 0.094600
v 0.047700 0.865600 0.094500
v 0.047300 0.864100 0.094600
v 0.046800 0.863900 0.094700
v 0.047200 0.867100 0.094600
v 0.046400 0.863500 0.094800
v 0.045900 0.863600 0.094900
v 0.045300 0.863500 0.095100
v 0.044900 0.863800 0.095200
v 0.046300 0.867600 0.094800
v 0.046700 0.867300 0.094700
v 0.033400 0.857500 0.025200
v 0.030100 0.860200 0.025100
v 0.031100 0.861200 0.024800
v 0.028700 0.860400 0.025400
v 0.032400 0.861700 0.024500
v 0.035400 0.858900 0.024700
v 0.036700 0.861000 0.024400
v 0.044700 0.857000 0.026100
v 0.037700 0.863200 0.024200
v 0.033800 0.864200 0.024200
v 0.037800 0.865700 0.024100
v 0.032800 0.863000 0.024400
v 0.033400 0.865600 0.024200
v 0.033700 0.867000 0.024200
v 0.031400 0.856400 0.025700
v 0.029000 0.856200 0.026300
v 0.027300 0.860100 0.025800
v 0.026200 0.861000 0.026000
v 0.030000 0.847800 0.029800
v 0.026600 0.856300 0.026900
v 0.024400 0.857300 0.027400
v 0.024900 0.861500 0.026400
v 0.024400 0.862800 0.026500
v 0.022400 0.858600 0.028000
v 0.021400 0.850000 0.031900
v 0.025600 0.848200 0.031000
v 0.021100 0.860700 0.028200
v 0.020000 0.862800 0.028600
v 0.013100 0.860500 0.034000
v 0.007800 0.858500 0.041300
v 0.019800 0.865200 0.028600
v 0.012500 0.865100 0.034100
v 0.006900 0.864900 0.041500
v 0.003300 0.864800 0.050100
v 0.012900 0.869700 0.034100
v 0.007500 0.871400 0.041400
v 0.004100 0.872700 0.049900
v 0.011200 0.888900 0.057200
v 0.006100 0.881800 0.058400
v 0.006900 0.880100 0.049200
v 0.022400 0.894500 0.073700
v 0.131900 0.069000 -0.055600
v 0.060300 0.112900 -0.015500
v 0.116700 0.069000 -0.071500
v 0.136300 0.069000 -0.000100
v 0.116700 0.069000 0.046800
v 0.099500 0.069000 0.062300
v 0.060900 0.069000 0.071500
v 0.031200 0.069000 0.062600
v 0.010000 0.069000 0.046800
v 0.004000 0.069000 -0.015500
v 0.010000 0.069000 -0.071500
v 0.031200 0.069000 -0.085700
v 0.060900 0.069000 -0.090900
v 0.099500 0.069000 -0.085200
v 0.079100 0.404800 0.136200
v 0.124700 0.404800 -0.113500
v 0.070000 0.404800 -0.146500
v 0.164400 0.404800 -0.053200
v 0.134600 0.404800 0.099300
v 0.166100 0.404800 0.029700
v -0.134600 0.404800 0.099300
v -0.164400 0.404800 -0.053200
v -0.166100 0.404800 0.029700
v -0.079100 0.404800 0.136200
v -0.124700 0.404800 -0.113500
v -0.070000 0.404800 -0.146500
v -0.023000 0.403000 0.154700
v 0.000000 0.404800 -0.162200
v 0.000000 0.402800 0.157800
v 0.023000 0.403000 0.154700
v 0.060000 0.115400 0.069900
v 0.031200 0.069000 0.062600
v 0.060900 0.069000 0.071500
v 0.030100 0.115400 0.061400
v 0.010000 0.069000 0.046800
v 0.008300 0.115400 0.045800
v 0.004000 0.069000 -0.015500
v 0.003500 0.115300 -0.015500
v 0.008300 0.115300 -0.070300
v 0.010000 0.069000 -0.071500
v 0.030100 0.115300 -0.084200
v 0.031200 0.069000 -0.085700
v 0.060000 0.115300 -0.089300
v 0.060900 0.069000 -0.090900
v 0.098600 0.115300 -0.083700
v 0.099500 0.069000 -0.085200
v 0.116700 0.069000 -0.071500
v 0.116200 0.115300 -0.070300
v 0.131900 0.069000 -0.055600
v 0.131700 0.115300 -0.055300
v 0.136300 0.069000 -0.000100
v 0.135700 0.115300 -0.000100
v 0.116200 0.115400 0.045800
v 0.116700 0.069000 0.046800
v 0.098600 0.115400 0.061000
v 0.099500 0.069000 0.062300
v -0.060300 0.112900 -0.015500
v -0.010000 0.069000 -0.071400
v -0.004000 0.069000 -0.015500
v -0.031200 0.069000 -0.085700
v -0.060900 0.069000 -0.090900
v -0.099500 0.069000 -0.085100
v -0.116700 0.069000 -0.071400
v -0.131900 0.069000 -0.055500
v -0.136300 0.069000 0.000000
v -0.116700 0.069000 0.046900
v -0.099500 0.069000 0.062300
v -0.060900 0.069000 0.071500
v -0.031200 0.069000 0.062700
v -0.010000 0.069000 0.046900
v 0.098100 0.115100 -0.081700
v 0.116200 0.115300 -0.070300
v 0.098600 0.115300 -0.083700
v 0.115400 0.115100 -0.068800
v 0.131700 0.115300 -0.055300
v 0.130400 0.115100 -0.054100
v 0.135700 0.115300 -0.000100
v 0.134500 0.115100 -0.000100
v 0.116200 0.115400 0.045800
v 0.115400 0.115100 0.045900
v 0.098600 0.115400 0.061000
v 0.098100 0.115100 0.060600
v 0.060000 0.115400 0.069900
v 0.060300 0.115100 0.069000
v 0.031500 0.115100 0.061000
v 0.030100 0.115400 0.061400
v 0.008800 0.115100 0.045900
v 0.008300 0.115400 0.045800
v 0.004100 0.115100 -0.015500
v 0.003500 0.115300 -0.015500
v 0.008800 0.115100 -0.068800
v 0.008300 0.115300 -0.070300
v 0.031500 0.115100 -0.082200
v 0.030100 0.115300 -0.084200
v 0.060000 0.115300 -0.089300
v 0.060300 0.115100 -0.087000
v 0.130400 0.200900 -0.052700
v 0.115400 0.200900 -0.068700
v -0.030100 0.115300 0.061500
v -0.008800 0.115100 0.045900
v -0.031500 0.115100 0.061100
v -0.008300 0.115300 0.045900
v -0.004100 0.115100 -0.015500
v -0.003500 0.115300 -0.015400
v -0.008800 0.115100 -0.068700
v -0.008300 0.115300 -0.070200
v -0.031500 0.115100 -0.082100
v -0.030100 0.115300 -0.084200
v -0.060000 0.115300 -0.089200
v -0.060300 0.115100 -0.086900
v -0.098600 0.115300 -0.083600
v -0.098100 0.115100 -0.081600
v -0.116200 0.115300 -0.070200
v -0.115400 0.115100 -0.068700
v -0.131700 0.115300 -0.055200
v -0.130400 0.115100 -0.054000
v -0.135700 0.115300 -0.000100
v -0.134500 0.115100 0.000000
v -0.116200 0.115300 0.045900
v -0.115400 0.115100 0.045900
v -0.098600 0.115300 0.061100
v -0.098100 0.115100 0.060700
v -0.060000 0.115300 0.070000
v -0.060300 0.115100 0.069100
v -0.030100 0.115300 -0.084200
v -0.010000 0.069000 -0.071400
v -0.031200 0.069000 -0.085700
v -0.008300 0.115300 -0.070200
v -0.004000 0.069000 -0.015500
v -0.003500 0.115300 -0.015400
v -0.008300 0.115300 0.045900
v -0.010000 0.069000 0.046900
v -0.030100 0.115300 0.061500
v -0.031200 0.069000 0.062700
v -0.060000 0.115300 0.070000
v -0.060900 0.069000 0.071500
v -0.098600 0.115300 0.061100
v -0.099500 0.069000 0.062300
v -0.116700 0.069000 0.046900
v -0.116200 0.115300 0.045900
v -0.135700 0.115300 -0.000100
v -0.136300 0.069000 0.000000
v -0.131700 0.115300 -0.055200
v -0.131900 0.069000 -0.055500
v -0.116200 0.115300 -0.070200
v -0.116700 0.069000 -0.071400
v -0.098600 0.115300 -0.083600
v -0.099500 0.069000 -0.085100
v -0.060900 0.069000 -0.090900
v -0.060000 0.115300 -0.089200
v 0.062500 0.855200 0.083600
v -0.029900 0.744900 0.068800
v -0.016500 0.744100 0.074600
v -0.030600 0.753400 0.070300
v -0.027800 0.755500 0.072500
v -0.028600 0.754200 0.066600
v -0.016300 0.752600 0.076400
v -0.014200 0.744100 0.075300
v -0.014300 0.752600 0.077300
v -0.013900 0.753500 0.073900
v -0.020100 0.755300 0.076000
v -0.017700 0.756100 0.073200
v -0.026800 0.756400 0.068900
v -0.014600 0.745100 0.071900
v -0.028000 0.745500 0.065700
v 0.020100 0.755300 0.076000
v 0.027800 0.755500 0.072500
v 0.017700 0.756100 0.073200
v 0.014300 0.753500 0.073900
v 0.016700 0.752600 0.076400
v 0.029600 0.753400 0.070300
v 0.028600 0.754200 0.066600
v 0.026800 0.756400 0.068900
v 0.014600 0.745100 0.071900
v 0.028000 0.745500 0.065700
v 0.001100 0.743700 0.077300
v -0.001000 0.752300 0.079300
v -0.001200 0.743800 0.077300
v 0.001200 0.752300 0.079300
v 0.014200 0.744000 0.075200
v 0.014400 0.752600 0.077000
v 0.003600 0.754500 0.079900
v 0.012000 0.754900 0.078500
v 0.012100 0.755800 0.074900
v 0.016500 0.744100 0.074600
v 0.029800 0.744900 0.068800
v 0.000100 0.753000 0.076300
v 0.002100 0.755300 0.076500
v 0.000000 0.744400 0.074300
v 0.031400 0.753600 0.069300
v 0.031200 0.745000 0.067600
v -0.044300 0.867000 0.095300
v -0.043600 0.869100 0.095000
v -0.044800 0.867200 0.095200
v -0.042700 0.868500 0.095200
v -0.042200 0.867600 0.095400
v -0.045900 0.865500 0.095200
v -0.044200 0.866500 0.095400
v -0.045300 0.867600 0.095100
v -0.044600 0.869700 0.094700
v -0.045700 0.869700 0.094500
v -0.045800 0.867500 0.095000
v -0.046300 0.867600 0.094800
v -0.046800 0.867200 0.094700
v -0.043800 0.866000 0.095400
v -0.047700 0.869100 0.094000
v -0.046700 0.869700 0.094200
v -0.042200 0.863400 0.095300
v -0.044200 0.864500 0.095400
v -0.044300 0.864000 0.095300
v -0.043800 0.864900 0.095400
v -0.043900 0.865500 0.095400
v -0.041600 0.865500 0.095500
v -0.041600 0.866600 0.095400
v -0.041600 0.864300 0.095400
v -0.047300 0.867000 0.094600
v -0.047500 0.866500 0.094500
v -0.048600 0.868600 0.093700
v -0.049200 0.867600 0.093600
v -0.047800 0.866100 0.094400
v -0.047700 0.865500 0.094500
v -0.047800 0.865000 0.094400
v -0.049800 0.865500 0.093500
v -0.049700 0.866600 0.093400
v -0.047500 0.864500 0.094500
v -0.046400 0.863400 0.094800
v -0.045800 0.863500 0.094900
v -0.046800 0.861300 0.094200
v -0.047800 0.861900 0.094000
v -0.045700 0.861300 0.094500
v -0.045300 0.863400 0.095100
v -0.044900 0.863800 0.095200
v -0.043700 0.861800 0.095000
v -0.042700 0.862400 0.095200
v -0.044600 0.861300 0.094700
v -0.049700 0.864400 0.093400
v -0.049200 0.863400 0.093600
v -0.047300 0.864000 0.094600
v -0.046800 0.863800 0.094700
v -0.048700 0.862500 0.093700
v -0.027100 0.870800 0.025900
v -0.028400 0.865500 0.024900
v -0.028500 0.870500 0.025400
v -0.026100 0.869800 0.026100
v -0.032800 0.868000 0.024400
v -0.032300 0.869400 0.024600
v -0.036500 0.870200 0.024400
v -0.035200 0.872200 0.024800
v -0.033700 0.867000 0.024200
v -0.033400 0.865500 0.024200
v -0.028700 0.874800 0.026300
v -0.029900 0.870800 0.025200
v -0.031000 0.869900 0.024800
v -0.033200 0.873600 0.025200
v -0.038100 0.880900 0.027800
v -0.041800 0.878200 0.026900
v -0.044400 0.874400 0.026200
v -0.031100 0.874700 0.025800
v -0.043000 0.887100 0.032500
v -0.048000 0.883300 0.031300
v -0.051900 0.878100 0.030300
v -0.046300 0.870200 0.025800
v -0.037600 0.868000 0.024200
v -0.046800 0.865600 0.025600
v -0.037800 0.865600 0.024100
v -0.037700 0.863100 0.024200
v -0.033700 0.864100 0.024200
v -0.032800 0.863000 0.024400
v -0.036600 0.860900 0.024400
v -0.032400 0.861600 0.024600
v -0.031000 0.861200 0.024800
v -0.030000 0.860200 0.025100
v -0.033300 0.857500 0.025200
v -0.031200 0.856400 0.025800
v -0.038300 0.850300 0.027700
v -0.034200 0.848400 0.028800
v -0.044600 0.856800 0.026200
v -0.035300 0.858900 0.024700
v -0.041900 0.853000 0.026900
v -0.043300 0.844000 0.032400
v -0.048300 0.848000 0.031200
v -0.052000 0.853200 0.030200
v -0.046400 0.861000 0.025800
v -0.055200 0.865700 0.029500
v -0.054400 0.872100 0.029700
v -0.054500 0.859200 0.029700
v -0.061300 0.873600 0.035700
v -0.062400 0.865700 0.035400
v -0.058300 0.880900 0.036400
v -0.053600 0.887200 0.037600
v -0.047400 0.892000 0.039100
v -0.040300 0.895000 0.041000
v -0.037100 0.889600 0.034000
v -0.066800 0.857000 0.043300
v -0.058500 0.850500 0.036400
v -0.063600 0.848800 0.044100
v -0.061500 0.857800 0.035700
v -0.067900 0.865700 0.043100
v -0.066700 0.874500 0.043400
v -0.063300 0.882700 0.044200
v -0.058100 0.889600 0.045500
v -0.066600 0.883300 0.053000
v -0.070000 0.874800 0.052200
v -0.061100 0.890500 0.054400
v -0.051200 0.895000 0.047200
v -0.045800 0.899500 0.058200
v -0.043200 0.898300 0.049200
v -0.054000 0.896000 0.056200
v -0.062600 0.889600 0.063700
v -0.067900 0.882700 0.062400
v -0.071200 0.874500 0.061500
v -0.070100 0.873600 0.070800
v -0.072400 0.865700 0.061300
v -0.055700 0.895000 0.065400
v -0.056200 0.892000 0.074300
v -0.049000 0.895000 0.076000
v -0.062300 0.887200 0.072700
v -0.067000 0.880900 0.071600
v -0.066700 0.872100 0.079300
v -0.071100 0.865700 0.070600
v -0.067500 0.865700 0.079200
v -0.066800 0.859200 0.079300
v -0.061100 0.861100 0.086700
v -0.064500 0.860000 0.083000
v -0.062300 0.854900 0.083700
v -0.065000 0.865700 0.083000
v -0.064400 0.871300 0.083000
v -0.064200 0.878100 0.080000
v -0.060400 0.883300 0.080900
v -0.049400 0.886500 0.086700
v -0.049000 0.882400 0.089700
v -0.044000 0.887000 0.088200
v -0.054400 0.884200 0.085600
v -0.055300 0.887100 0.082200
v -0.058900 0.880900 0.084400
v -0.062200 0.876400 0.083700
v -0.061100 0.870100 0.086700
v -0.056600 0.877900 0.087800
v -0.059200 0.874200 0.087200
v -0.057100 0.868900 0.089800
v -0.061600 0.865600 0.086700
v -0.057100 0.865600 0.089900
v -0.057200 0.862300 0.089700
v -0.055600 0.859500 0.090300
v -0.059400 0.857000 0.087200
v -0.054000 0.856600 0.090500
v -0.051300 0.855000 0.091400
v -0.045400 0.853300 0.092800
v -0.048500 0.853300 0.091900
v -0.053300 0.850600 0.088700
v -0.056800 0.853200 0.087800
v -0.044900 0.848200 0.090800
v -0.042100 0.853200 0.093500
v -0.039500 0.854900 0.094300
v -0.049700 0.844600 0.086600
v -0.049300 0.848700 0.089600
v -0.054700 0.846900 0.085500
v -0.044300 0.844000 0.088100
v -0.040500 0.848600 0.091800
v -0.036500 0.850500 0.092900
v -0.036600 0.856500 0.094800
v -0.035100 0.859300 0.095400
v -0.030300 0.856700 0.094400
v -0.033400 0.862100 0.095600
v -0.032900 0.853100 0.093700
v -0.033800 0.846800 0.090700
v -0.038800 0.844500 0.089300
v -0.043600 0.840600 0.085200
v -0.028400 0.860900 0.094800
v -0.023800 0.859700 0.093100
v -0.023200 0.865300 0.093400
v -0.026100 0.854600 0.092600
v -0.029300 0.850000 0.091700
v -0.031500 0.843900 0.088200
v -0.037300 0.841400 0.086600
v -0.023200 0.836000 0.073500
v -0.034100 0.836000 0.079700
v -0.031200 0.832700 0.071500
v -0.027000 0.839000 0.081500
v -0.026400 0.847700 0.089400
v -0.022600 0.852900 0.090400
v -0.020000 0.858900 0.090900
v -0.019200 0.865300 0.091200
v -0.023700 0.871000 0.093100
v -0.020800 0.843800 0.083000
v -0.016100 0.850100 0.084200
v -0.011100 0.848300 0.076500
v -0.016400 0.841300 0.075100
v -0.013100 0.857400 0.084900
v -0.012000 0.865300 0.085200
v -0.019900 0.871800 0.091000
v -0.022400 0.877800 0.090400
v -0.015900 0.880500 0.084300
v -0.006500 0.865300 0.077600
v -0.013000 0.873200 0.085000
v -0.007700 0.856500 0.077300
v -0.007800 0.847700 0.067600
v -0.013300 0.840500 0.066300
v -0.020400 0.835000 0.064500
v -0.016000 0.889300 0.075200
v -0.013000 0.890100 0.066400
v -0.020000 0.895800 0.064600
v -0.007600 0.882800 0.067700
v -0.010800 0.882200 0.076500
v -0.007600 0.874000 0.077300
v -0.003100 0.865200 0.068800
v -0.004400 0.856200 0.068500
v -0.004300 0.874300 0.068500
v -0.006600 0.848300 0.058300
v -0.011900 0.841400 0.057000
v -0.003200 0.856500 0.059100
v -0.002000 0.865300 0.059400
v -0.003100 0.874000 0.059200
v -0.006300 0.882200 0.058300
v -0.003300 0.865300 0.050100
v -0.004400 0.857400 0.049900
v -0.007400 0.850100 0.049100
v -0.012100 0.843800 0.047900
v -0.018700 0.836000 0.055300
v -0.018300 0.839000 0.046400
v -0.026700 0.832700 0.053300
v -0.025400 0.836000 0.044600
v -0.010200 0.852900 0.040600
v -0.007700 0.858900 0.041300
v -0.006900 0.865300 0.041500
v -0.017500 0.852800 0.032900
v -0.014100 0.847700 0.039700
v -0.019100 0.843900 0.038400
v -0.014900 0.856600 0.033500
v -0.013000 0.860800 0.034100
v -0.012500 0.865400 0.034100
v -0.019900 0.863000 0.028600
v -0.019800 0.865400 0.028600
v -0.025300 0.848300 0.031000
v -0.025000 0.841400 0.037000
v -0.031200 0.840600 0.035400
v -0.021200 0.850100 0.032000
v -0.022300 0.858800 0.028000
v -0.021000 0.860800 0.028200
v -0.023400 0.864000 0.026800
v -0.023700 0.865500 0.026700
v -0.013000 0.870000 0.034100
v -0.007600 0.871800 0.041300
v -0.019900 0.867900 0.028600
v -0.023400 0.866900 0.026800
v -0.024300 0.863000 0.026500
v -0.004300 0.873200 0.049900
v -0.010000 0.877800 0.040700
v -0.007200 0.880500 0.049100
v -0.014700 0.874200 0.033600
v -0.020900 0.870100 0.028300
v -0.024300 0.868000 0.026500
v -0.024700 0.869400 0.026500
v -0.013800 0.883000 0.039800
v -0.017400 0.878000 0.033000
v -0.018800 0.887000 0.038500
v -0.022200 0.872100 0.028000
v -0.021000 0.880700 0.032000
v -0.025100 0.882600 0.031100
v -0.024600 0.889500 0.037100
v -0.030900 0.890400 0.035500
v -0.029500 0.883200 0.029900
v -0.034000 0.882700 0.028800
v -0.024200 0.873500 0.027500
v -0.026300 0.874600 0.027000
v -0.029800 0.847800 0.029800
v -0.028800 0.856200 0.026300
v -0.028600 0.860500 0.025400
v -0.027200 0.860200 0.025800
v -0.026100 0.861100 0.026000
v -0.024300 0.857400 0.027400
v -0.024800 0.861600 0.026400
v -0.026500 0.856300 0.026900
v -0.037500 0.841500 0.033900
v -0.040700 0.836200 0.040800
v -0.047800 0.839300 0.039000
v -0.033100 0.835100 0.042700
v -0.035200 0.831600 0.051200
v -0.043700 0.832800 0.049100
v -0.051600 0.836200 0.047100
v -0.058400 0.841700 0.045400
v -0.053900 0.844100 0.037600
v -0.003600 0.754500 0.079900
v -0.002100 0.755300 0.076500
v -0.012000 0.754900 0.078500
v -0.012100 0.755800 0.074900
v -0.036200 0.753200 0.031600
v -0.040500 0.756600 0.034900
v -0.036500 0.756900 0.032400
v -0.040100 0.752600 0.034000
v -0.041500 0.749600 0.044500
v -0.042100 0.755300 0.045200
v -0.040500 0.758800 0.036600
v -0.042000 0.758100 0.043800
v -0.037000 0.759100 0.034400
v -0.038500 0.758200 0.043000
v -0.038200 0.755800 0.044500
v -0.038300 0.750200 0.044200
v 0.041500 0.749600 0.044500
v 0.042100 0.755200 0.046200
v 0.041400 0.749400 0.045400
v 0.042100 0.755300 0.045200
v 0.038200 0.755800 0.044500
v -0.062900 0.841700 0.063600
v -0.061500 0.840900 0.054300
v -0.054500 0.835200 0.056000
v -0.066800 0.848200 0.053000
v -0.068100 0.848700 0.062300
v -0.071300 0.857000 0.061500
v -0.070200 0.856700 0.052100
v -0.071300 0.865800 0.051900
v -0.046300 0.831700 0.058100
v -0.037500 0.830400 0.060300
v -0.028600 0.831500 0.062500
v -0.041800 0.835100 0.077900
v -0.039700 0.831600 0.069400
v -0.049800 0.841500 0.083500
v -0.049400 0.836100 0.075900
v -0.048200 0.832800 0.067200
v -0.056100 0.836200 0.065300
v -0.056500 0.839200 0.074200
v -0.062600 0.844100 0.072600
v -0.060600 0.848000 0.080900
v -0.067300 0.850500 0.071500
v -0.055600 0.844000 0.082200
v -0.070200 0.857800 0.070800
v -0.064400 0.853200 0.080000
v -0.059100 0.850300 0.084300
v -0.030700 0.898200 0.071600
v -0.028200 0.899300 0.062600
v -0.037000 0.900600 0.060400
v -0.022800 0.894800 0.073600
v -0.020500 0.886900 0.083100
v -0.026100 0.883000 0.089400
v -0.026600 0.891700 0.081600
v -0.033700 0.894800 0.079800
v -0.039200 0.899400 0.069500
v -0.047800 0.898300 0.067300
v -0.041400 0.895900 0.078000
v -0.036900 0.889500 0.086700
v -0.031200 0.887000 0.088200
v -0.029100 0.880700 0.091800
v -0.032700 0.877700 0.093700
v -0.025900 0.876100 0.092700
v -0.033500 0.884100 0.090800
v -0.038500 0.886400 0.089400
v -0.043200 0.890400 0.085200
v -0.049500 0.889600 0.083600
v -0.040300 0.882300 0.091900
v -0.036300 0.880400 0.092900
v -0.035000 0.871500 0.095400
v -0.036500 0.874400 0.094900
v -0.039300 0.876000 0.094300
v -0.042000 0.877700 0.093500
v -0.044700 0.882800 0.090900
v -0.045200 0.877700 0.092900
v -0.048400 0.877800 0.091900
v -0.053100 0.880500 0.088800
v -0.051100 0.876100 0.091400
v -0.055500 0.871700 0.090300
v -0.053900 0.874500 0.090600
v -0.030200 0.874000 0.094400
v -0.033300 0.868700 0.095700
v -0.033500 0.865400 0.095800
v -0.028000 0.865400 0.095000
v -0.028400 0.869900 0.094800
v 0.040000 0.746900 0.057300
v 0.040500 0.754200 0.059600
v 0.039400 0.746700 0.058200
v 0.041100 0.754200 0.058400
v 0.036200 0.754900 0.056300
v 0.042000 0.758100 0.043800
v 0.038500 0.758200 0.043000
v 0.036200 0.753200 0.031600
v 0.038300 0.750200 0.044200
v 0.036500 0.756900 0.032400
v 0.037000 0.759100 0.034400
v 0.040500 0.758800 0.036600
v 0.040500 0.756600 0.034900
v 0.040100 0.752600 0.034000
v -0.011500 0.889300 0.057100
v -0.018300 0.894800 0.055400
v -0.026200 0.898200 0.053400
v -0.034700 0.899400 0.051300
v -0.032600 0.895900 0.042800
v -0.025000 0.894900 0.044800
v -0.017900 0.891800 0.046500
v -0.011800 0.886900 0.048000
v 0.041900 0.757200 0.049300
v 0.038300 0.757700 0.046800
v 0.035900 0.747700 0.055900
v 0.037100 0.757300 0.054800
v 0.041300 0.756800 0.056200
v 0.030800 0.756600 0.065700
v 0.036000 0.757000 0.058800
v 0.039300 0.756300 0.062500
v 0.034500 0.756000 0.067900
v -0.035900 0.747700 0.055900
v -0.036200 0.754900 0.056300
v -0.030800 0.756600 0.065700
v -0.036000 0.757000 0.058800
v -0.039300 0.756300 0.062500
v -0.034500 0.756000 0.067900
v -0.040500 0.754200 0.059600
v -0.031100 0.753600 0.069300
v -0.031200 0.745000 0.067600
v -0.039400 0.746700 0.058200
v -0.042100 0.755200 0.046200
v -0.041400 0.749400 0.045400
v -0.040000 0.746900 0.057300
v -0.041100 0.754200 0.058400
v -0.041900 0.757200 0.049300
v -0.041300 0.756800 0.056200
v -0.038300 0.757700 0.046800
v -0.037100 0.757300 0.054800
v -0.015900 0.665900 0.032200
v -0.000200 0.647000 0.046800
v 0.000000 0.647900 0.043700
v 0.034100 0.756200 0.062200
v 0.037200 0.757200 0.058800
v 0.040000 0.757000 0.061700
v 0.037000 0.759800 0.058500
v 0.033300 0.758700 0.063000
v 0.037000 0.765600 0.059700
v 0.029500 0.757700 0.067500
v 0.028900 0.764400 0.068900
v 0.040400 0.759900 0.060800
v 0.031000 0.756500 0.065600
v 0.037100 0.756100 0.064800
v 0.034300 0.755900 0.067800
v 0.033100 0.757800 0.070500
v 0.036700 0.758800 0.065700
v 0.032000 0.764800 0.071100
v 0.039800 0.766000 0.061500
v 0.032200 0.757500 0.071500
v 0.028000 0.756900 0.074300
v 0.028100 0.754200 0.073600
v 0.031100 0.764700 0.071900
v 0.025300 0.754600 0.071200
v 0.025300 0.757000 0.070900
v 0.028000 0.755000 0.069200
v 0.029900 0.754700 0.072400
v 0.023300 0.764100 0.077900
v 0.023800 0.756300 0.077100
v 0.025400 0.754300 0.075500
v 0.022700 0.754300 0.073300
v 0.021100 0.756300 0.074300
v 0.020700 0.764100 0.075700
v 0.022500 0.756100 0.078000
v 0.017500 0.756000 0.080200
v 0.017600 0.753100 0.080100
v 0.022000 0.763900 0.078900
v 0.012100 0.763600 0.082900
v 0.012500 0.755800 0.082400
v 0.010800 0.755700 0.083000
v 0.010300 0.763500 0.083500
v 0.019800 0.753600 0.075000
v 0.016300 0.753200 0.076700
v 0.020500 0.753500 0.078800
v 0.005700 0.752700 0.084500
v 0.005800 0.755500 0.084100
v 0.000800 0.763200 0.085600
v 0.000800 0.755300 0.085300
v 0.002600 0.753100 0.085200
v 0.005200 0.752800 0.080900
v 0.001500 0.753800 0.081800
v 0.005300 0.755500 0.081000
v 0.000000 0.755500 0.082200
v 0.000000 0.763000 0.082600
v 0.010700 0.763400 0.080000
v 0.010700 0.755600 0.079700
v 0.008800 0.753200 0.080100
v 0.008800 0.753100 0.083800
v 0.014700 0.753300 0.081300
v 0.012900 0.753400 0.078300
v 0.015900 0.756000 0.077000
v -0.033700 0.756100 0.062600
v -0.031000 0.756500 0.065600
v -0.037100 0.756100 0.064800
v -0.033300 0.758700 0.063000
v -0.029500 0.757700 0.067500
v -0.036700 0.758800 0.065700
v -0.032000 0.764800 0.071100
v -0.039800 0.766000 0.061500
v -0.033100 0.757800 0.070500
v -0.034300 0.755900 0.067800
v -0.037000 0.765600 0.059700
v -0.028900 0.764400 0.068900
v -0.037000 0.759800 0.058500
v -0.037200 0.757200 0.058800
v -0.040000 0.757000 0.061700
v -0.040400 0.759900 0.060800
v -0.039300 0.759500 0.048700
v -0.038500 0.758300 0.052600
v -0.042200 0.758100 0.054400
v -0.039000 0.762100 0.047300
v -0.043100 0.766600 0.050000
v -0.042300 0.760900 0.054800
v -0.040200 0.766100 0.060600
v -0.043300 0.761700 0.049800
v -0.043100 0.759200 0.050900
v -0.038100 0.760900 0.052900
v -0.038800 0.766500 0.047400
v -0.037600 0.757800 0.056500
v -0.041200 0.757800 0.057900
v -0.040800 0.760000 0.059900
v -0.005300 0.755500 0.081000
v -0.001500 0.753800 0.081800
v -0.005200 0.752800 0.080900
v -0.010700 0.763400 0.080000
v -0.010700 0.755600 0.079700
v -0.008800 0.753200 0.080100
v -0.119700 0.556300 -0.044800
v -0.086900 0.556300 -0.090700
v -0.138800 0.520400 -0.047600
v -0.118700 0.556800 0.016600
v -0.094700 0.585200 -0.040400
v -0.066300 0.585200 -0.076900
v -0.053200 0.556400 -0.115900
v -0.043900 0.585200 -0.104300
v 0.000000 0.556500 -0.124500
v 0.000000 0.585200 -0.109400
v 0.043900 0.585200 -0.104300
v 0.000000 0.619000 -0.104200
v -0.089000 0.615000 -0.040000
v -0.093500 0.585200 0.013100
v -0.031000 0.693700 -0.077500
v -0.040300 0.652700 -0.091500
v -0.059400 0.652200 -0.068300
v 0.000000 0.694200 -0.080000
v 0.000000 0.653200 -0.095400
v 0.040300 0.654400 -0.091500
v 0.043800 0.619000 -0.099800
v 0.066300 0.585200 -0.076900
v 0.053200 0.556400 -0.115900
v 0.031000 0.693700 -0.077500
v 0.051300 0.690900 -0.060300
v 0.059400 0.652200 -0.068300
v 0.065200 0.619000 -0.070900
v 0.089000 0.615000 -0.040000
v 0.086000 0.640800 -0.039700
v 0.069400 0.686600 -0.032900
v 0.084500 0.640800 0.011900
v 0.068500 0.679200 0.007300
v 0.069100 0.640800 0.037800
v 0.051400 0.676100 0.030100
v 0.075700 0.615000 0.042800
v 0.087200 0.615000 0.014500
v 0.094700 0.585200 -0.040400
v 0.093500 0.585200 0.013100
v 0.078500 0.585200 0.046000
v 0.051200 0.585200 0.068700
v 0.049800 0.615000 0.066000
v 0.047100 0.640800 0.058700
v 0.022800 0.615000 0.072500
v 0.023800 0.585200 0.075800
v 0.031900 0.559500 0.105600
v 0.068000 0.559100 0.091800
v 0.101800 0.557300 0.061100
v 0.118800 0.556800 0.016600
v 0.139900 0.521700 0.021200
v 0.138800 0.520400 -0.047600
v 0.101900 0.520000 -0.103800
v 0.111700 0.490500 -0.111800
v 0.061000 0.521100 -0.131000
v 0.066200 0.492800 -0.140800
v 0.086900 0.556300 -0.090700
v 0.119700 0.556300 -0.044800
v -0.066200 0.492800 -0.140800
v -0.071000 0.461800 -0.148900
v -0.121100 0.460600 -0.115300
v 0.000000 0.462400 -0.162800
v 0.000000 0.494000 -0.153500
v 0.000000 0.521500 -0.142100
v -0.111700 0.490500 -0.111800
v -0.161000 0.462000 -0.051600
v -0.061000 0.521100 -0.131000
v -0.101900 0.520000 -0.103800
v -0.152600 0.488300 -0.050700
v -0.154300 0.489000 0.025300
v -0.101800 0.557300 0.061100
v -0.068000 0.559100 0.091800
v -0.078200 0.585200 0.046000
v -0.081000 0.527300 0.110700
v -0.120500 0.524800 0.074400
v -0.089800 0.492700 0.126900
v -0.133100 0.491700 0.086900
v -0.139900 0.521700 0.021200
v -0.038100 0.528700 0.129200
v -0.162600 0.462300 0.027200
v -0.139100 0.465000 0.093100
v -0.095500 0.465300 0.134100
v -0.040700 0.494000 0.148600
v 0.000000 0.528900 0.134900
v -0.031900 0.559500 0.105600
v -0.100200 0.431500 0.137300
v -0.043300 0.464700 0.158800
v -0.138800 0.431400 0.098300
v -0.169400 0.431600 0.029200
v -0.167700 0.431400 -0.053600
v -0.126700 0.431500 -0.117200
v -0.071300 0.401800 -0.149600
v -0.073400 0.431600 -0.152300
v -0.127300 0.401800 -0.116200
v -0.168100 0.401800 -0.053700
v -0.169300 0.401800 0.030500
v -0.137000 0.397900 0.100000
v -0.097400 0.395400 0.135400
v 0.127300 0.401800 -0.116200
v 0.126700 0.431500 -0.117200
v 0.168100 0.401800 -0.053700
v 0.071300 0.401800 -0.149600
v 0.073400 0.431600 -0.152300
v 0.000000 0.431600 -0.167600
v 0.000000 0.401800 -0.165900
v 0.071000 0.461800 -0.148900
v 0.152600 0.488300 -0.050700
v 0.121100 0.460600 -0.115300
v 0.161000 0.462000 -0.051600
v 0.154300 0.489000 0.025300
v 0.120500 0.524800 0.074400
v 0.081000 0.527300 0.110700
v 0.133100 0.491700 0.086900
v 0.089800 0.492700 0.126900
v 0.139100 0.465000 0.093100
v 0.038100 0.528700 0.129200
v 0.040700 0.494000 0.148600
v 0.000000 0.494100 0.154000
v 0.000000 0.464600 0.164800
v 0.043300 0.464700 0.158800
v 0.095500 0.465300 0.134100
v 0.162600 0.462300 0.027200
v 0.169400 0.431600 0.029200
v 0.167700 0.431400 -0.053600
v 0.138800 0.431400 0.098300
v 0.100200 0.431500 0.137300
v 0.043800 0.431200 0.164300
v 0.000000 0.431200 0.170000
v -0.043800 0.431200 0.164300
v -0.040000 0.394200 0.161100
v 0.000000 0.394200 0.165300
v 0.040000 0.394200 0.161100
v 0.097400 0.395400 0.135400
v 0.137000 0.397900 0.100000
v 0.169300 0.401800 0.030500
v 0.038800 0.766500 0.047400
v 0.041200 0.757800 0.057900
v 0.042200 0.758100 0.054400
v 0.040800 0.760000 0.059900
v 0.038500 0.758300 0.052600
v 0.037600 0.757800 0.056500
v 0.038100 0.760900 0.052900
v 0.039000 0.762100 0.047300
v 0.039300 0.759500 0.048700
v 0.043100 0.759200 0.050900
v 0.043300 0.761700 0.049800
v 0.042300 0.760900 0.054800
v 0.043100 0.766600 0.050000
v 0.040200 0.766100 0.060600
v 0.044100 0.760300 0.043400
v 0.044800 0.763600 0.037900
v 0.044200 0.762700 0.043200
v 0.041000 0.761700 0.037000
v 0.040500 0.760400 0.041600
v 0.044700 0.761400 0.039000
v 0.040600 0.763800 0.035700
v 0.040500 0.767000 0.035900
v 0.044700 0.767000 0.038200
v 0.043300 0.766700 0.049100
v 0.043500 0.761900 0.048500
v 0.043400 0.759800 0.047800
v 0.040000 0.759900 0.046200
v 0.039800 0.763000 0.041500
v -0.002600 0.753100 0.085200
v -0.005700 0.752700 0.084500
v -0.000800 0.755300 0.085300
v -0.000800 0.763200 0.085600
v -0.008800 0.753100 0.083800
v -0.010400 0.755600 0.083300
v -0.005600 0.755500 0.084300
v -0.010400 0.763400 0.083600
v -0.012500 0.755800 0.082400
v -0.012100 0.763600 0.082900
v -0.022500 0.756100 0.078000
v -0.023800 0.756300 0.077100
v -0.021100 0.756300 0.074300
v -0.023300 0.764100 0.077900
v -0.022000 0.763900 0.078900
v -0.022700 0.754900 0.073300
v -0.025300 0.757000 0.070900
v -0.025300 0.754600 0.071200
v -0.027700 0.754200 0.073900
v -0.028000 0.755000 0.069200
v -0.020700 0.764100 0.075700
v -0.025400 0.754300 0.075500
v -0.029900 0.754700 0.072400
v -0.032200 0.757500 0.071500
v -0.028000 0.756900 0.074300
v -0.031100 0.764700 0.071900
v -0.075700 0.615000 0.042800
v -0.069100 0.640800 0.037800
v -0.084500 0.640800 0.011900
v -0.049800 0.615000 0.066000
v -0.051200 0.585200 0.068700
v -0.023800 0.585200 0.075800
v -0.022800 0.615000 0.072500
v -0.047100 0.640800 0.058700
v -0.051400 0.676100 0.030100
v -0.068500 0.679200 0.007300
v -0.069400 0.686600 -0.032900
v -0.036300 0.671400 0.039800
v 0.000000 0.559600 0.109700
v 0.000000 0.585200 0.077500
v 0.000000 0.615000 0.073300
v -0.021900 0.640800 0.066100
v 0.021900 0.640800 0.066100
v 0.000000 0.640800 0.066500
v -0.021700 0.652200 0.059500
v -0.026400 0.686500 0.058300
v -0.000200 0.646300 0.051700
v 0.021700 0.652200 0.059500
v 0.036300 0.673800 0.039800
v 0.026400 0.686500 0.058300
v 0.036300 0.673800 0.039800
v 0.050900 0.694400 0.029400
v 0.051400 0.676100 0.030100
v 0.061500 0.704000 0.012700
v 0.068500 0.679200 0.007300
v -0.015900 0.756000 0.077000
v -0.016300 0.753200 0.076700
v -0.019800 0.754300 0.075000
v -0.017600 0.753100 0.080100
v -0.020500 0.753500 0.078800
v -0.017500 0.756000 0.080200
v -0.012900 0.753400 0.078300
v -0.014700 0.753300 0.081300
v 0.032900 0.708300 -0.074400
v 0.050800 0.683500 -0.064600
v 0.050400 0.705000 -0.065300
v 0.032800 0.686800 -0.079300
v 0.000000 0.709300 -0.079000
v 0.000000 0.688200 -0.083800
v -0.032800 0.687000 -0.079300
v -0.074100 0.677800 -0.034100
v -0.050400 0.705000 -0.065300
v -0.071400 0.700100 -0.033900
v -0.050800 0.683500 -0.064600
v -0.032900 0.708300 -0.074400
v 0.000000 0.717500 -0.078000
v 0.033300 0.716800 -0.073800
v 0.049300 0.714400 -0.060800
v -0.049700 0.686200 0.045600
v -0.051300 0.690600 0.032500
v -0.040500 0.688500 0.049700
v -0.063100 0.690000 0.031100
v -0.068000 0.700700 0.013400
v -0.071100 0.694200 0.010200
v -0.066900 0.708700 -0.030800
v -0.049300 0.714400 -0.060800
v -0.033300 0.716800 -0.073800
v -0.031100 0.677900 0.055800
v -0.026400 0.686500 0.058300
v -0.046400 0.652800 0.057900
v -0.054800 0.657100 0.043100
v -0.064500 0.667200 0.027700
v -0.074400 0.670500 0.007400
v 0.053100 0.700500 0.004400
v 0.061200 0.718200 -0.029500
v 0.051400 0.706600 -0.031300
v 0.058800 0.710400 0.012700
v 0.048600 0.700900 0.029400
v 0.039500 0.685000 0.023200
v 0.025700 0.675200 0.028500
v 0.026400 0.689300 0.058300
v 0.015900 0.665900 0.032300
v -0.000200 0.647000 0.046800
v -0.040900 0.709200 -0.049700
v -0.031000 0.725700 -0.066500
v -0.046000 0.722700 -0.053700
v -0.018100 0.705700 -0.063600
v 0.000000 0.726200 -0.069300
v 0.000000 0.700900 -0.071100
v 0.018100 0.705700 -0.063600
v 0.031000 0.725700 -0.066500
v 0.040900 0.709200 -0.049700
v 0.046000 0.722700 -0.053700
v -0.015900 0.665900 0.032200
v -0.026400 0.689300 0.058300
v -0.025700 0.675200 0.028500
v -0.048600 0.700900 0.029400
v -0.039500 0.687700 0.023200
v -0.053100 0.700500 0.004400
v -0.058800 0.710400 0.012700
v -0.061200 0.718200 -0.029500
v -0.051400 0.706600 -0.031300
v -0.044100 0.760300 0.043400
v -0.040500 0.760400 0.041600
v -0.043400 0.759800 0.047800
v -0.040600 0.763800 0.035700
v -0.039800 0.763000 0.041500
v -0.040500 0.767000 0.035900
v -0.040000 0.759900 0.046200
v -0.043500 0.761900 0.048500
v -0.044200 0.762700 0.043200
v -0.044800 0.763600 0.037900
v -0.044700 0.761400 0.039000
v -0.043300 0.766700 0.049100
v -0.044700 0.767000 0.038200
v -0.041000 0.761700 0.037000
v 0.000000 0.461700 0.005100
v 0.071300 0.401800 -0.149600
v 0.127300 0.401800 -0.116200
v 0.000000 0.401800 -0.165900
v -0.071300 0.401800 -0.149600
v -0.127300 0.401800 -0.116200
v -0.168100 0.401800 -0.053700
v -0.169300 0.401800 0.030500
v -0.137000 0.397900 0.100000
v -0.097400 0.395400 0.135400
v -0.040000 0.394200 0.161100
v 0.000000 0.394200 0.165300
v 0.040000 0.394200 0.161100
v 0.097400 0.395400 0.135400
v 0.137000 0.397900 0.100000
v 0.169300 0.401800 0.030500
v 0.168100 0.401800 -0.053700
v 0.069400 0.686600 -0.032900
v 0.064000 0.711700 -0.029500
v 0.066900 0.708700 -0.030800
v 0.061500 0.704000 0.012700
v 0.068000 0.700700 0.013400
v 0.064000 0.711700 -0.029500
v 0.046400 0.652800 0.057900
v 0.054300 0.656800 0.045800
v 0.045900 0.652300 0.060700
v 0.054800 0.657100 0.043100
v 0.026400 0.686500 0.058300
v 0.032000 0.678400 0.057200
v 0.026400 0.689300 0.058300
v 0.031100 0.677900 0.055800
v -0.043800 0.619000 -0.099800
v -0.065200 0.619000 -0.070900
v -0.087200 0.615000 0.014500
v -0.086000 0.640800 -0.039700
v -0.051300 0.690900 -0.060300
v -0.050900 0.694400 0.029400
v -0.040500 0.688500 0.049700
v -0.026400 0.686500 0.058300
v -0.051300 0.690600 0.032500
v -0.061500 0.704000 0.012700
v -0.068000 0.700700 0.013400
v -0.066900 0.708700 -0.030800
v -0.064000 0.711700 -0.029500
v -0.046000 0.716600 -0.053700
v -0.049300 0.714400 -0.060800
v -0.031000 0.719800 -0.070600
v -0.033300 0.716800 -0.073800
v 0.000000 0.717500 -0.078000
v 0.000000 0.720400 -0.073400
v 0.031000 0.719800 -0.070600
v 0.033300 0.716800 -0.073800
v 0.049300 0.714400 -0.060800
v 0.046000 0.716600 -0.053700
v 0.000000 0.720400 -0.073400
v -0.031000 0.693700 -0.077500
v -0.031000 0.719800 -0.070600
v 0.000000 0.694200 -0.080000
v 0.031000 0.693700 -0.077500
v 0.031000 0.719800 -0.070600
v 0.046000 0.716600 -0.053700
v 0.051300 0.690900 -0.060300
v -0.050900 0.694400 0.029400
v -0.036300 0.671400 0.039800
v -0.051400 0.676100 0.030100
v -0.061500 0.704000 0.012700
v -0.068500 0.679200 0.007300
v -0.064000 0.711700 -0.029500
v -0.069400 0.686600 -0.032900
v -0.051300 0.690900 -0.060300
v -0.046000 0.716600 -0.053700
v 0.040500 0.688500 0.049700
v 0.050900 0.694400 0.029400
v 0.026400 0.686500 0.058300
v 0.051300 0.690600 0.032500
v -0.000200 0.646300 0.051700
v 0.015900 0.665900 0.032300
v 0.071400 0.700100 -0.033900
v 0.066900 0.708700 -0.030800
v 0.071100 0.694200 0.010200
v 0.068000 0.700700 0.013400
v 0.063100 0.690000 0.031100
v 0.051300 0.690600 0.032500
v 0.049700 0.686200 0.045600
v 0.040500 0.688500 0.049700
v 0.031100 0.677900 0.055800
v 0.026400 0.686500 0.058300
v 0.046400 0.652800 0.057900
v 0.054800 0.657100 0.043100
v 0.064500 0.667200 0.027700
v 0.074400 0.670500 0.007400
v 0.074100 0.677800 -0.034100
v -0.061200 0.718200 -0.029500
v -0.068800 0.706600 0.014400
v -0.058800 0.710400 0.012700
v -0.066700 0.714900 -0.031300
v -0.046000 0.722700 -0.053700
v -0.052800 0.720800 -0.062200
v -0.034400 0.724100 -0.074100
v -0.031000 0.725700 -0.066500
v 0.000000 0.724800 -0.078200
v 0.000000 0.726200 -0.069300
v 0.031000 0.725700 -0.066500
v 0.034400 0.724100 -0.074100
v 0.046000 0.722700 -0.053700
v 0.032900 0.708800 -0.077700
v 0.000000 0.709700 -0.081300
v -0.032900 0.708800 -0.077700
v -0.051600 0.705200 -0.065300
v -0.071700 0.700300 -0.033900
v -0.071000 0.694800 0.012000
v -0.050700 0.686700 0.047000
v -0.054300 0.656800 0.045800
v -0.045900 0.652300 0.060700
v -0.065200 0.690700 0.033200
v -0.067000 0.667000 0.028000
v -0.077000 0.670300 0.007700
v -0.076700 0.677500 -0.034000
v -0.053700 0.684200 -0.067500
v -0.032000 0.678400 0.057200
v -0.055500 0.700300 0.035800
v -0.041800 0.695000 0.051800
v -0.026400 0.689300 0.058300
v -0.048600 0.700900 0.029400
v 0.055500 0.700300 0.035800
v 0.048600 0.700900 0.029400
v 0.041800 0.695000 0.051800
v 0.058800 0.710400 0.012700
v 0.068800 0.706600 0.014400
v 0.061200 0.718200 -0.029500
v 0.066700 0.714900 -0.031300
v 0.052800 0.720800 -0.062200
v 0.051600 0.705200 -0.065300
v 0.071700 0.700300 -0.033900
v 0.071000 0.694800 0.012000
v 0.065200 0.690700 0.033200
v 0.050700 0.686700 0.047000
v 0.077000 0.670300 0.007700
v 0.067000 0.667000 0.028000
v 0.054300 0.656800 0.045800
v 0.045900 0.652300 0.060700
v 0.032000 0.678400 0.057200
v 0.026400 0.689300 0.058300
v -0.032700 0.687900 -0.083200
v 0.000000 0.689100 -0.086200
v 0.032700 0.687900 -0.083200
v 0.053700 0.684200 -0.067500
v 0.076700 0.677500 -0.034000
v 0.067000 0.667000 0.028000
v 0.064500 0.667200 0.027700
v 0.074400 0.670500 0.007400
v 0.077000 0.670300 0.007700
v 0.076700 0.677500 -0.034000
v 0.074100 0.677800 -0.034100
v 0.053700 0.684200 -0.067500
v 0.050800 0.683500 -0.064600
v 0.032800 0.686800 -0.079300
v 0.032700 0.687900 -0.083200
v -0.054300 0.656800 0.045800
v -0.046400 0.652800 0.057900
v -0.045900 0.652300 0.060700
v -0.054800 0.657100 0.043100
v -0.032000 0.678400 0.057200
v -0.031100 0.677900 0.055800
v -0.026400 0.686500 0.058300
v -0.026400 0.689300 0.058300
v -0.032700 0.687900 -0.083200
v 0.000000 0.688200 -0.083800
v -0.032800 0.687000 -0.079300
v 0.000000 0.689100 -0.086200
v -0.053700 0.684200 -0.067500
v -0.050800 0.683500 -0.064600
v -0.074100 0.677800 -0.034100
v -0.076700 0.677500 -0.034000
v -0.074400 0.670500 0.007400
v -0.077000 0.670300 0.007700
v -0.067000 0.667000 0.028000
v -0.064500 0.667200 0.027700
v -0.406900 0.586200 -0.037100
v -0.415000 0.593500 -0.031400
v -0.405700 0.596900 -0.033700
v -0.415800 0.596900 -0.021300
v -0.406400 0.599900 -0.020700
v -0.425100 0.594200 -0.021700
v -0.424400 0.591100 -0.030500
v -0.430900 0.589800 -0.030400
v -0.422600 0.581800 -0.033800
v -0.429000 0.580400 -0.033600
v -0.421000 0.571900 -0.030500
v -0.427700 0.570500 -0.030400
v -0.420600 0.568100 -0.021600
v -0.415400 0.593500 -0.012300
v -0.408600 0.596000 -0.010700
v -0.407400 0.586500 -0.007100
v -0.433800 0.565700 -0.021600
v -0.434100 0.569300 -0.013100
v -0.442300 0.565300 -0.021600
v -0.427300 0.566700 -0.021600
v -0.434100 0.569400 -0.030100
v -0.435300 0.579100 -0.033200
v -0.437000 0.588500 -0.030100
v -0.431600 0.592800 -0.021700
v -0.437800 0.591400 -0.021700
v -0.411800 0.573900 -0.011800
v -0.421200 0.571800 -0.012700
v -0.410900 0.570000 -0.021600
v -0.422600 0.581700 -0.009500
v -0.413600 0.584400 -0.008300
v -0.424500 0.591100 -0.012700
v -0.430900 0.589800 -0.012900
v -0.437000 0.588500 -0.013200
v -0.445600 0.589200 -0.021700
v -0.445300 0.586500 -0.029500
v -0.429100 0.580300 -0.009700
v -0.427800 0.570300 -0.012800
v -0.435400 0.579000 -0.010000
v -0.445300 0.586400 -0.013800
v -0.450500 0.583000 -0.015900
v -0.443400 0.577400 -0.011100
v -0.451500 0.576000 -0.014200
v -0.442900 0.568300 -0.013700
v -0.448800 0.569700 -0.015800
v -0.453700 0.575600 -0.021600
v -0.450500 0.583000 -0.027400
v -0.452800 0.584500 -0.021600
v -0.451500 0.576100 -0.029000
v -0.443400 0.577600 -0.032200
v -0.448800 0.569700 -0.027400
v -0.442800 0.568500 -0.029500
v -0.450800 0.567500 -0.021600
v -0.425200 0.591200 -0.062100
v -0.425100 0.587000 -0.070100
v -0.431300 0.585500 -0.070300
v -0.418900 0.592700 -0.061000
v -0.414200 0.593900 -0.059900
v -0.417800 0.590900 -0.051500
v -0.413100 0.591800 -0.050100
v -0.423600 0.589300 -0.052700
v -0.431300 0.589600 -0.062800
v -0.438600 0.583200 -0.069900
v -0.429900 0.576600 -0.071700
v -0.436900 0.575100 -0.071300
v -0.444100 0.574000 -0.068800
v -0.443000 0.580200 -0.068200
v -0.437800 0.586900 -0.063200
v -0.429500 0.587800 -0.053800
v -0.421300 0.580800 -0.047700
v -0.441700 0.568800 -0.068200
v -0.435900 0.567400 -0.068800
v -0.445200 0.574300 -0.062300
v -0.444600 0.582100 -0.063400
v -0.436300 0.585200 -0.055000
v -0.427200 0.579200 -0.048900
v -0.434200 0.577300 -0.050900
v -0.427000 0.565700 -0.059000
v -0.428000 0.568200 -0.067900
v -0.434400 0.565300 -0.060600
v -0.442600 0.567300 -0.062600
v -0.440000 0.569700 -0.057000
v -0.441800 0.575300 -0.054900
v -0.441400 0.581500 -0.057300
v -0.420400 0.571000 -0.049600
v -0.420500 0.566600 -0.057500
v -0.414100 0.567800 -0.056000
v -0.426500 0.569900 -0.051200
v -0.434000 0.568700 -0.053400
v -0.414400 0.572400 -0.048300
v -0.409200 0.568800 -0.054900
v -0.409600 0.571000 -0.064900
v -0.414700 0.570100 -0.065600
v -0.421400 0.569000 -0.066900
v -0.415600 0.582200 -0.046300
v -0.409900 0.573600 -0.047400
v -0.411000 0.583700 -0.045400
v -0.407700 0.584900 -0.044200
v -0.404500 0.574800 -0.045400
v -0.402100 0.569800 -0.053300
v -0.401000 0.572400 -0.063600
v -0.410700 0.580100 -0.069800
v -0.402600 0.582600 -0.068800
v -0.418500 0.588200 -0.069200
v -0.416700 0.578900 -0.070400
v -0.423300 0.577700 -0.071200
v -0.413500 0.589100 -0.068700
v -0.405700 0.591500 -0.067800
v -0.408000 0.593400 -0.047900
v -0.406300 0.596200 -0.056900
v -0.417500 0.590300 0.007200
v -0.425000 0.591200 0.018000
v -0.418100 0.592700 0.016900
v -0.423800 0.589000 0.008500
v -0.431500 0.589800 0.018800
v -0.411700 0.591900 0.005400
v -0.410700 0.594800 0.016300
v -0.410000 0.583400 0.001000
v -0.416100 0.581600 0.002500
v -0.421700 0.580100 0.003900
v -0.429700 0.587700 0.009600
v -0.439200 0.587500 0.019000
v -0.410400 0.573300 0.003700
v -0.414500 0.571500 0.004800
v -0.397900 0.573800 0.000200
v -0.406200 0.586300 -0.001400
v -0.405800 0.568300 0.012400
v -0.414000 0.567000 0.013400
v -0.421100 0.570100 0.006500
v -0.427800 0.578700 0.005200
v -0.437800 0.585400 0.010900
v -0.396000 0.569100 0.010400
v -0.393000 0.568800 0.023000
v -0.405400 0.570800 0.021600
v -0.398500 0.581800 0.027800
v -0.445900 0.582500 0.018600
v -0.442700 0.581600 0.012300
v -0.446700 0.573800 0.017900
v -0.435500 0.576900 0.006900
v -0.427200 0.569000 0.007900
v -0.421000 0.565500 0.014800
v -0.413800 0.569400 0.022400
v -0.436200 0.564000 0.017300
v -0.435700 0.567800 0.009900
v -0.444300 0.565900 0.018600
v -0.441600 0.568800 0.012700
v -0.443300 0.575000 0.010100
v -0.423100 0.577300 0.027400
v -0.421700 0.568000 0.023900
v -0.415100 0.578800 0.026200
v -0.428700 0.567000 0.025100
v -0.427700 0.564500 0.016200
v -0.437700 0.565900 0.025700
v -0.443400 0.567400 0.024600
v -0.445900 0.573300 0.025100
v -0.438800 0.574500 0.028800
v -0.430200 0.576000 0.028600
v -0.417200 0.588600 0.025100
v -0.424900 0.587300 0.026100
v -0.431600 0.585800 0.027200
v -0.440200 0.583600 0.026900
v -0.444700 0.580300 0.024100
v -0.409200 0.590100 0.024800
v -0.406800 0.580200 0.026000
v -0.399500 0.592700 0.026800
v -0.403100 0.598000 0.015600
v -0.403500 0.596600 0.001900
v -0.332300 0.571700 -0.004300
v -0.332300 0.572200 0.001200
v -0.345200 0.569100 0.005700
v -0.290800 0.574200 -0.017700
v -0.290900 0.578800 0.002100
v -0.332700 0.583300 0.017400
v -0.343600 0.578800 0.021100
v -0.355200 0.572700 0.031900
v -0.257700 0.582700 -0.038800
v -0.258500 0.592600 -0.053500
v -0.242600 0.584000 -0.039300
v -0.291400 0.589000 -0.051800
v -0.291000 0.578700 -0.037600
v -0.332300 0.572200 -0.037600
v -0.332200 0.570600 -0.018200
v -0.347300 0.570100 -0.011300
v -0.357800 0.565500 0.012700
v -0.365000 0.566700 -0.003400
v -0.348700 0.572700 -0.047300
v -0.348700 0.579800 -0.055000
v -0.348000 0.571700 -0.036100
v -0.348300 0.568700 -0.022400
v -0.365400 0.568600 -0.021800
v -0.392800 0.570900 -0.019700
v -0.388000 0.567800 -0.003300
v -0.398900 0.576200 -0.008700
v -0.371100 0.563000 0.024600
v -0.377900 0.563300 0.010000
v -0.387300 0.567100 0.010100
v -0.383100 0.564000 0.020700
v -0.394200 0.578100 0.032600
v -0.385700 0.566500 0.027600
v -0.376100 0.564000 0.034400
v -0.367100 0.569700 0.043100
v -0.353800 0.586700 0.037200
v -0.342600 0.593100 0.026500
v -0.345000 0.607000 0.021900
v -0.333400 0.598300 0.022700
v -0.334000 0.613300 0.017400
v -0.359300 0.601200 0.033400
v -0.372300 0.592000 0.047400
v -0.366000 0.582100 0.048200
v -0.383200 0.594500 0.042200
v -0.334400 0.624300 0.004100
v -0.292500 0.632600 0.002000
v -0.348500 0.617000 0.007800
v -0.350900 0.620700 -0.009400
v -0.364300 0.612300 0.012200
v -0.379400 0.601900 0.029600
v -0.392700 0.595800 0.027700
v -0.393600 0.589900 0.035200
v -0.369900 0.615400 -0.038800
v -0.352300 0.621900 -0.022600
v -0.352000 0.619600 -0.037100
v -0.369700 0.617100 -0.022600
v -0.368000 0.616000 -0.005600
v -0.382100 0.607600 0.014400
v -0.395200 0.601900 0.015300
v -0.387400 0.608800 -0.004000
v -0.397200 0.601500 -0.005400
v -0.397700 0.603100 -0.012600
v -0.403900 0.597400 -0.009900
v -0.389500 0.609400 -0.022800
v -0.389500 0.607800 -0.039400
v -0.388700 0.605000 -0.052900
v -0.369400 0.610600 -0.051900
v -0.398500 0.599800 -0.047100
v -0.399900 0.599000 -0.056200
v -0.398600 0.601200 -0.040500
v -0.398700 0.602800 -0.031200
v -0.399000 0.604100 -0.021700
v -0.397400 0.601100 0.000900
v -0.402400 0.596500 -0.004800
v -0.403700 0.588200 -0.004400
v -0.405000 0.575300 -0.010800
v -0.402100 0.571300 -0.021700
v 0.084300 0.871700 0.000600
v 0.083600 0.873200 -0.001500
v 0.084600 0.872400 0.000300
v 0.083500 0.872100 -0.002000
v 0.084400 0.870900 0.000000
v 0.081600 0.871100 0.002500
v 0.080800 0.871600 0.002000
v 0.081700 0.870000 0.002000
v 0.081800 0.868800 0.001600
v 0.084400 0.869900 -0.000100
v 0.083500 0.871000 -0.002300
v 0.081000 0.872700 -0.002200
v 0.080900 0.871300 -0.002700
v 0.083500 0.835800 -0.008600
v 0.081500 0.828800 -0.009700
v 0.084000 0.832400 -0.007900
v 0.081600 0.830600 -0.006500
v 0.083900 0.830800 -0.009700
v 0.083500 0.833000 -0.009600
v 0.082900 0.834300 -0.009700
v 0.084200 0.834500 -0.006600
v 0.081800 0.833000 -0.005100
v 0.080900 0.830700 -0.012600
v 0.078900 0.830500 -0.009100
v 0.078700 0.832300 -0.007600
v 0.078900 0.834300 -0.006800
v 0.079100 0.870000 -0.000200
v 0.079200 0.871400 0.000200
v 0.079700 0.873000 0.000600
v 0.080600 0.836100 -0.009000
v 0.080200 0.834400 -0.009700
v 0.079800 0.833400 -0.009300
v 0.078500 0.831900 -0.010500
v 0.080600 0.833600 -0.008300
v 0.078400 0.832600 -0.010700
v 0.080900 0.831500 -0.013100
v 0.078300 0.833200 -0.011100
v 0.080900 0.862200 -0.029900
v 0.079200 0.860000 -0.031500
v 0.080300 0.835200 -0.009100
v 0.080400 0.834500 -0.008800
v 0.083000 0.833500 -0.009100
v 0.083600 0.832200 -0.011400
v 0.083600 0.833200 -0.011800
v 0.082800 0.835200 -0.010100
v 0.083200 0.862400 -0.030900
v 0.083900 0.861000 -0.033000
v 0.083400 0.833900 -0.012300
v 0.080700 0.832200 -0.013600
v 0.081600 0.859000 -0.033900
v 0.081300 0.861900 -0.035800
v 0.083600 0.864000 -0.034700
v 0.082700 0.865500 -0.033000
v 0.080400 0.865100 -0.031900
v 0.079300 0.866400 -0.033700
v 0.079100 0.863800 -0.033000
v 0.080700 0.867000 -0.035500
v 0.082000 0.865500 -0.036800
v 0.082000 0.862900 -0.036200
v 0.078800 0.862700 -0.033600
v 0.081800 0.862200 -0.035300
v 0.080200 0.864000 -0.037800
v 0.079800 0.862100 -0.038300
v 0.077400 0.863000 -0.037900
v 0.078200 0.865200 -0.036800
v 0.076300 0.862600 -0.035700
v 0.071600 0.828800 -0.040200
v 0.078200 0.860900 -0.033600
v 0.073500 0.826700 -0.038400
v 0.070700 0.826600 -0.040600
v 0.072800 0.824400 -0.038700
v 0.077500 0.864800 -0.034400
v 0.075000 0.823500 -0.041400
v 0.070800 0.822700 -0.039700
v 0.072000 0.822100 -0.042000
v 0.076100 0.826000 -0.040700
v 0.081000 0.860600 -0.035700
v 0.079700 0.862900 -0.032800
v 0.069300 0.823600 -0.043400
v 0.072000 0.825500 -0.044200
v 0.071400 0.827200 -0.045100
v 0.072900 0.824300 -0.043500
v 0.072400 0.826100 -0.043200
v 0.073900 0.825700 -0.043800
v 0.075200 0.827900 -0.043300
v 0.072900 0.829000 -0.042800
v 0.071700 0.826900 -0.043000
v 0.071000 0.825600 -0.039800
v 0.073100 0.826400 -0.042200
v 0.071900 0.826200 -0.040000
v 0.072200 0.828500 -0.042700
v 0.070600 0.828700 -0.040600
v 0.062500 0.852600 -0.062600
v 0.069000 0.824400 -0.040400
v 0.068200 0.826000 -0.044400
v 0.067700 0.827000 -0.041100
v 0.058500 0.851000 -0.060800
v 0.057400 0.853600 -0.062400
v 0.061000 0.852800 -0.060500
v 0.059900 0.855800 -0.062700
v 0.061300 0.855800 -0.064600
v 0.057400 0.857300 -0.064200
v 0.057400 0.854800 -0.062300
v 0.058400 0.852300 -0.065400
v 0.059300 0.849600 -0.064000
v 0.061900 0.851200 -0.064500
v 0.061100 0.854200 -0.066300
v 0.058800 0.853000 -0.065900
v 0.059100 0.855500 -0.067000
v 0.057700 0.854100 -0.067400
v 0.055600 0.855200 -0.066600
v 0.054800 0.853700 -0.066800
v 0.058300 0.857400 -0.065800
v 0.055000 0.855300 -0.064200
v 0.057000 0.852800 -0.067700
v 0.059400 0.853100 -0.064500
v 0.041600 0.823400 -0.066500
v 0.054300 0.853400 -0.064300
v 0.042700 0.823700 -0.069000
v 0.044800 0.822500 -0.069700
v 0.058800 0.851400 -0.065400
v 0.057200 0.854100 -0.062300
v 0.056700 0.851800 -0.062800
v 0.045900 0.820500 -0.067300
v 0.043600 0.820400 -0.070100
v 0.041300 0.821500 -0.069300
v 0.042300 0.820800 -0.069700
v 0.042900 0.821100 -0.068600
v 0.041900 0.820100 -0.070900
v 0.041200 0.820700 -0.071300
v 0.042800 0.818900 -0.070300
v 0.044600 0.818200 -0.067700
v 0.043400 0.821200 -0.064800
v 0.041900 0.816900 -0.068000
v 0.040500 0.821200 -0.066900
v 0.042400 0.819100 -0.065200
v 0.040800 0.817400 -0.066300
v 0.039100 0.818200 -0.070100
v 0.040900 0.820100 -0.066300
v 0.038900 0.818900 -0.066800
v 0.041700 0.820800 -0.066400
v 0.041200 0.822000 -0.066700
v 0.038500 0.820000 -0.066900
v 0.038600 0.819100 -0.070300
v 0.022000 0.848000 -0.082400
v 0.020800 0.851000 -0.084000
v 0.021000 0.849500 -0.086900
v 0.024600 0.849900 -0.082400
v 0.040800 0.823000 -0.067000
v 0.042100 0.822800 -0.069500
v 0.042500 0.822000 -0.069400
v 0.037900 0.821400 -0.067200
v 0.025800 0.849600 -0.084900
v 0.024700 0.847800 -0.086800
v 0.022200 0.846500 -0.085500
v 0.023700 0.850600 -0.088500
v 0.024500 0.852500 -0.087100
v 0.023200 0.852900 -0.084600
v 0.020900 0.854300 -0.086000
v 0.018500 0.852900 -0.085500
v 0.018900 0.852700 -0.088200
v 0.018500 0.852000 -0.088300
v 0.021600 0.854200 -0.088300
v 0.022400 0.852300 -0.089000
v 0.022000 0.850000 -0.087500
v 0.020900 0.852200 -0.084000
v 0.020900 0.850000 -0.089100
v 0.022700 0.849900 -0.086300
v 0.021000 0.850900 -0.089100
v 0.018100 0.852000 -0.085400
v 0.020300 0.850000 -0.084000
v 0.022000 0.848800 -0.086400
v 0.021100 0.848000 -0.086000
v 0.018900 0.849100 -0.084100
v 0.020500 0.849000 -0.088800
v 0.018900 0.850500 -0.089400
v 0.017500 0.851200 -0.088200
v 0.002200 0.820400 -0.084400
v 0.003700 0.819000 -0.084000
v 0.004100 0.817900 -0.081300
v 0.002500 0.817000 -0.084000
v 0.001200 0.818500 -0.084400
v 0.002900 0.815800 -0.081400
v 0.001400 0.817100 -0.079300
v 0.002200 0.819100 -0.079300
v 0.017000 0.850900 -0.085700
v 0.000000 0.818000 -0.080100
v 0.000000 0.815600 -0.079800
v 0.000000 0.820000 -0.080700
v 0.000500 0.821100 -0.080700
v 0.000900 0.821300 -0.083300
v 0.000000 0.819300 -0.083000
v 0.000000 0.817300 -0.084300
v 0.000000 0.815400 -0.084300
v 0.000000 0.814300 -0.082000
v 0.037700 0.820200 -0.070200
v 0.040500 0.821200 -0.071600
v 0.080700 0.872900 0.002300
v 0.084200 0.870500 0.005300
v 0.083800 0.874000 0.002400
v 0.080500 0.841400 0.027900
v 0.084000 0.842200 0.027900
v 0.081000 0.869600 0.005300
v 0.081000 0.870800 0.001000
v 0.080700 0.839500 0.028900
v 0.083900 0.840100 0.028800
v 0.080300 0.839700 0.025300
v 0.081100 0.867600 0.002500
v 0.084200 0.871300 -0.000400
v 0.085500 0.869500 0.003300
v 0.085300 0.841000 0.025700
v 0.084900 0.839400 0.026700
v 0.080400 0.838100 0.025800
v 0.083800 0.839500 0.023800
v 0.084300 0.868000 0.001600
v 0.083500 0.838300 0.024900
v 0.085300 0.872800 0.001400
v 0.084500 0.874500 0.000000
v 0.081200 0.874100 -0.001600
v 0.082600 0.875400 0.000100
v 0.080700 0.874500 0.001700
v 0.031700 0.984700 -0.047100
v 0.030700 0.984100 -0.049300
v 0.030300 0.987900 -0.050500
v 0.028900 0.987700 -0.050100
v 0.029500 0.983900 -0.048500
v 0.028100 0.991400 -0.051700
v 0.029400 0.991700 -0.052100
v 0.026800 0.994700 -0.053400
v 0.027800 0.995300 -0.053700
v 0.025200 0.997700 -0.054800
v 0.026100 0.998700 -0.055100
v 0.023600 1.000500 -0.056100
v 0.024300 1.001700 -0.056400
v 0.021200 1.003200 -0.057200
v 0.011600 1.008000 -0.059100
v 0.011700 1.007800 -0.057500
v 0.005700 1.009400 -0.057900
v 0.017000 1.005800 -0.058300
v 0.017000 1.005600 -0.056700
v 0.021100 1.003100 -0.055600
v 0.023400 1.000500 -0.054500
v 0.025000 0.997700 -0.053200
v 0.023900 1.001600 -0.053100
v 0.025500 0.998800 -0.051800
v 0.021400 1.004300 -0.054200
v 0.017300 1.006800 -0.055200
v 0.012000 1.009000 -0.056000
v 0.006000 1.010600 -0.056400
v 0.017800 1.008400 -0.054900
v 0.022100 1.005800 -0.053800
v 0.024700 1.003000 -0.052700
v 0.026400 1.000000 -0.051400
v 0.027100 0.996000 -0.050300
v 0.028300 0.996700 -0.050000
v 0.028400 0.992500 -0.048700
v 0.029800 0.993000 -0.048400
v 0.017700 1.008200 -0.056900
v 0.022100 1.005500 -0.055800
v 0.024800 1.002700 -0.054700
v 0.026600 0.999700 -0.053400
v 0.028400 0.996200 -0.051900
v 0.030000 0.992500 -0.050400
v 0.021700 1.004500 -0.057500
v 0.017400 1.007100 -0.058700
v 0.011900 1.009300 -0.059500
v 0.012200 1.010500 -0.057800
v 0.005700 1.010900 -0.059800
v 0.006000 1.012100 -0.058100
v 0.005600 1.009500 -0.059500
v -0.000700 1.010200 -0.059600
v -0.000700 1.011500 -0.059900
v -0.007100 1.009500 -0.059500
v -0.018500 1.005800 -0.058400
v -0.018000 1.005600 -0.056900
v -0.022100 1.003000 -0.055800
v -0.013100 1.008000 -0.059200
v -0.012700 1.007800 -0.057600
v -0.006700 1.009300 -0.057900
v -0.000500 1.010000 -0.057900
v -0.000200 1.011200 -0.056500
v -0.006500 1.010600 -0.056400
v -0.012500 1.009000 -0.056100
v -0.017800 1.006800 -0.055300
v -0.022000 1.004200 -0.054300
v -0.024400 1.001500 -0.053200
v -0.024500 1.000400 -0.054800
v -0.025900 0.998800 -0.052000
v -0.026000 0.997600 -0.053500
v -0.025000 1.003000 -0.052700
v -0.022500 1.005700 -0.053900
v -0.018200 1.008400 -0.055000
v -0.012800 1.010600 -0.055800
v -0.025800 1.002800 -0.054600
v -0.023100 1.005600 -0.055800
v -0.018800 1.008200 -0.056900
v -0.013200 1.010500 -0.057700
v -0.006600 1.012200 -0.056100
v -0.007000 1.012100 -0.058100
v -0.000200 1.012900 -0.056200
v -0.000500 1.012700 -0.058200
v -0.007300 1.010900 -0.059900
v -0.013500 1.009300 -0.059500
v -0.019000 1.007100 -0.058700
v -0.023400 1.004500 -0.057600
v -0.022700 1.003200 -0.057400
v -0.025200 1.000600 -0.056300
v -0.026000 1.001700 -0.056400
v -0.027800 0.998700 -0.055200
v -0.030100 0.993000 -0.048500
v -0.031000 0.992500 -0.050300
v -0.032000 0.988700 -0.048700
v -0.029500 0.996300 -0.051900
v -0.029600 0.995400 -0.053800
v -0.026800 0.997700 -0.055000
v -0.030700 0.987700 -0.050400
v -0.029700 0.991300 -0.052000
v -0.028800 0.991600 -0.050500
v -0.032100 0.987900 -0.050700
v -0.031100 0.991700 -0.052200
v -0.028400 0.994700 -0.053600
v -0.027500 0.994800 -0.052100
v -0.027600 0.999700 -0.053300
v -0.026700 1.000000 -0.051400
v -0.027500 0.995900 -0.050500
v -0.029700 0.988000 -0.049000
v -0.029800 0.988700 -0.047400
v -0.028900 0.992400 -0.049000
v -0.028500 0.996700 -0.050000
v -0.031000 0.989200 -0.046900
v -0.031400 0.985500 -0.045500
v -0.030400 0.984700 -0.045900
v -0.030400 0.984000 -0.047400
v -0.031400 0.983800 -0.048800
v -0.032200 0.983900 -0.049100
v -0.032700 0.984700 -0.047100
v 0.006800 1.025300 -0.015900
v 0.013900 1.023700 -0.013600
v 0.013700 1.023300 -0.015600
v -0.000700 1.023200 -0.017300
v 0.006300 1.022400 -0.017300
v -0.000500 1.023000 -0.015700
v 0.006400 1.023900 -0.017600
v -0.000700 1.024700 -0.017700
v 0.013400 1.022000 -0.017300
v 0.019900 1.020600 -0.014800
v 0.020000 1.021000 -0.012800
v 0.013500 1.021800 -0.013800
v 0.013100 1.020500 -0.016900
v 0.006500 1.022200 -0.015600
v 0.013200 1.020400 -0.015200
v 0.019200 1.017900 -0.016200
v 0.019600 1.019300 -0.016500
v 0.024900 1.017400 -0.013800
v 0.024900 1.017800 -0.011800
v 0.019500 1.019200 -0.013100
v 0.024500 1.016100 -0.015500
v 0.019200 1.017700 -0.014500
v 0.024000 1.014800 -0.015200
v 0.027500 1.012800 -0.014400
v 0.028000 1.014100 -0.012700
v 0.030100 1.010400 -0.011500
v 0.027900 1.014400 -0.010700
v 0.024200 1.016100 -0.012100
v 0.023900 1.014700 -0.013500
v 0.026800 1.011600 -0.014100
v 0.029600 1.009300 -0.013200
v 0.032300 1.006300 -0.010200
v 0.027000 1.012800 -0.011100
v 0.026600 1.011500 -0.012500
v 0.028700 1.008200 -0.013000
v 0.031700 1.005300 -0.011900
v 0.030600 1.004600 -0.011700
v 0.028400 1.008200 -0.011300
v 0.028900 1.009500 -0.009900
v 0.029900 1.010900 -0.009500
v 0.032000 1.006900 -0.008200
v 0.032100 1.000600 -0.010100
v 0.033400 1.001000 -0.010500
v 0.030200 1.004800 -0.010000
v 0.030800 1.006000 -0.008500
v 0.032500 1.001900 -0.007100
v 0.031600 1.001000 -0.008500
v 0.033900 1.002500 -0.006800
v 0.034900 0.998000 -0.005300
v 0.033400 0.997500 -0.005600
v 0.032600 0.996800 -0.007000
v 0.033000 0.996300 -0.008600
v 0.034400 0.996500 -0.009000
v 0.034100 1.001900 -0.008700
v 0.035200 0.997300 -0.007200
v 0.035900 0.992700 -0.005700
v 0.035400 0.993800 -0.003400
v 0.034100 0.992900 -0.004200
v 0.033200 0.992100 -0.005600
v 0.033700 0.991800 -0.007100
v 0.035200 0.991700 -0.007800
v -0.000900 0.821300 -0.083300
v -0.002200 0.820400 -0.084400
v -0.000500 0.821100 -0.080700
v -0.002200 0.819100 -0.079300
v -0.017000 0.850900 -0.085700
v -0.017500 0.851200 -0.088200
v -0.018900 0.850500 -0.089400
v -0.003700 0.819000 -0.084000
v -0.020500 0.849000 -0.088800
v -0.020900 0.850000 -0.089100
v -0.018500 0.852000 -0.088300
v -0.018900 0.852700 -0.088200
v -0.018500 0.852900 -0.085500
v -0.018100 0.852000 -0.085400
v -0.018900 0.849100 -0.084100
v -0.004100 0.817900 -0.081300
v -0.001400 0.817100 -0.079300
v -0.020300 0.850000 -0.084000
v -0.021100 0.848000 -0.086000
v -0.022000 0.848800 -0.086400
v -0.002900 0.815800 -0.081400
v -0.002500 0.817000 -0.084000
v -0.001200 0.818500 -0.084400
v 0.006200 1.012200 -0.056100
v 0.012400 1.010700 -0.055700
v -0.022700 0.849900 -0.086300
v -0.022000 0.850000 -0.087500
v -0.021000 0.850900 -0.089100
v -0.020900 0.852200 -0.084000
v -0.020800 0.851000 -0.084000
v -0.022400 0.852300 -0.089000
v -0.023700 0.850600 -0.088500
v -0.021000 0.849500 -0.086900
v -0.022000 0.848000 -0.082400
v -0.024600 0.849900 -0.082400
v -0.040800 0.823000 -0.067000
v -0.037900 0.821400 -0.067200
v -0.041200 0.822000 -0.066700
v -0.022200 0.846500 -0.085500
v -0.024700 0.847800 -0.086800
v -0.024500 0.852500 -0.087100
v -0.021600 0.854200 -0.088300
v -0.020900 0.854300 -0.086000
v -0.037700 0.820200 -0.070200
v -0.040500 0.821200 -0.071600
v -0.038500 0.820000 -0.066900
v -0.038600 0.819100 -0.070300
v -0.041200 0.820700 -0.071300
v -0.042100 0.822800 -0.069500
v -0.025800 0.849600 -0.084900
v -0.023200 0.852900 -0.084600
v -0.042500 0.822000 -0.069400
v -0.042900 0.821100 -0.068600
v -0.041900 0.820100 -0.070900
v -0.042300 0.820800 -0.069700
v -0.042800 0.818900 -0.070300
v -0.043600 0.820400 -0.070100
v -0.044600 0.818200 -0.067700
v -0.045900 0.820500 -0.067300
v -0.041700 0.820800 -0.066400
v -0.038900 0.818900 -0.066800
v -0.039100 0.818200 -0.070100
v -0.058800 0.851400 -0.065400
v -0.056700 0.851800 -0.062800
v -0.057200 0.854100 -0.062300
v -0.044800 0.822500 -0.069700
v -0.041300 0.821500 -0.069300
v -0.040900 0.820100 -0.066300
v -0.040800 0.817400 -0.066300
v -0.041900 0.816900 -0.068000
v -0.042400 0.819100 -0.065200
v -0.040500 0.821200 -0.066900
v -0.042700 0.823700 -0.069000
v -0.057000 0.852800 -0.067700
v -0.054800 0.853700 -0.066800
v -0.041600 0.823400 -0.066500
v -0.043400 0.821200 -0.064800
v -0.054300 0.853400 -0.064300
v -0.055000 0.855300 -0.064200
v -0.057400 0.854800 -0.062300
v -0.057400 0.857300 -0.064200
v -0.059900 0.855800 -0.062700
v -0.061300 0.855800 -0.064600
v -0.061000 0.852800 -0.060500
v -0.061100 0.854200 -0.066300
v -0.062500 0.852600 -0.062600
v -0.058300 0.857400 -0.065800
v -0.055600 0.855200 -0.066600
v -0.057700 0.854100 -0.067400
v -0.059400 0.853100 -0.064500
v -0.058800 0.853000 -0.065900
v -0.059100 0.855500 -0.067000
v -0.058400 0.852300 -0.065400
v -0.061900 0.851200 -0.064500
v -0.072200 0.828500 -0.042700
v -0.059300 0.849600 -0.064000
v -0.071400 0.827200 -0.045100
v -0.073100 0.826400 -0.042200
v -0.072000 0.825500 -0.044200
v -0.072400 0.826100 -0.043200
v -0.072900 0.824300 -0.043500
v -0.073900 0.825700 -0.043800
v -0.075000 0.823500 -0.041400
v -0.075200 0.827900 -0.043300
v -0.076100 0.826000 -0.040700
v -0.081000 0.860600 -0.035700
v -0.072800 0.824400 -0.038700
v -0.070800 0.822700 -0.039700
v -0.071000 0.825600 -0.039800
v -0.072000 0.822100 -0.042000
v -0.069300 0.823600 -0.043400
v -0.068200 0.826000 -0.044400
v -0.058500 0.851000 -0.060800
v -0.057400 0.853600 -0.062400
v -0.067700 0.827000 -0.041100
v -0.069000 0.824400 -0.040400
v -0.071900 0.826200 -0.040000
v -0.070600 0.828700 -0.040600
v -0.071700 0.826900 -0.043000
v -0.072900 0.829000 -0.042800
v -0.080200 0.864000 -0.037800
v -0.082000 0.862900 -0.036200
v -0.082000 0.865500 -0.036800
v -0.081800 0.862200 -0.035300
v -0.079800 0.862100 -0.038300
v -0.077400 0.863000 -0.037900
v -0.071600 0.828800 -0.040200
v -0.070700 0.826600 -0.040600
v -0.073500 0.826700 -0.038400
v -0.078200 0.860900 -0.033600
v -0.076300 0.862600 -0.035700
v -0.078200 0.865200 -0.036800
v -0.080700 0.867000 -0.035500
v -0.082700 0.865500 -0.033000
v -0.077500 0.864800 -0.034400
v -0.079700 0.862900 -0.032800
v -0.079100 0.863800 -0.033000
v -0.079300 0.866400 -0.033700
v -0.080400 0.865100 -0.031900
v -0.078800 0.862700 -0.033600
v -0.080900 0.862200 -0.029900
v -0.079200 0.860000 -0.031500
v -0.081300 0.861900 -0.035800
v -0.081600 0.859000 -0.033900
v -0.078300 0.833200 -0.011100
v -0.080300 0.835200 -0.009100
v -0.080700 0.832200 -0.013600
v -0.083400 0.833900 -0.012300
v -0.083900 0.861000 -0.033000
v -0.083600 0.864000 -0.034700
v -0.083200 0.862400 -0.030900
v -0.082800 0.835200 -0.010100
v -0.082900 0.834300 -0.009700
v -0.083600 0.833200 -0.011800
v -0.080900 0.831500 -0.013100
v -0.080400 0.834500 -0.008800
v -0.083000 0.833500 -0.009100
v -0.083600 0.832200 -0.011400
v -0.078400 0.832600 -0.010700
v -0.080600 0.833600 -0.008300
v -0.083500 0.833000 -0.009600
v -0.083900 0.830800 -0.009700
v -0.080900 0.830700 -0.012600
v -0.081500 0.828800 -0.009700
v -0.078500 0.831900 -0.010500
v -0.079800 0.833400 -0.009300
v -0.080200 0.834400 -0.009700
v -0.078900 0.830500 -0.009100
v -0.078700 0.832300 -0.007600
v -0.078900 0.834300 -0.006800
v -0.080600 0.836100 -0.009000
v -0.079100 0.870000 -0.000200
v -0.081600 0.830600 -0.006500
v -0.081800 0.833000 -0.005100
v -0.081800 0.868800 0.001600
v -0.081700 0.870000 0.002000
v -0.079200 0.871400 0.000200
v -0.081600 0.871100 0.002500
v -0.084200 0.834500 -0.006600
v -0.084000 0.832400 -0.007900
v -0.083500 0.835800 -0.008600
v -0.080900 0.871300 -0.002700
v -0.083500 0.871000 -0.002300
v -0.084400 0.869900 -0.000100
v -0.081000 0.872700 -0.002200
v -0.083500 0.872100 -0.002000
v -0.084400 0.870900 0.000000
v -0.083600 0.873200 -0.001500
v -0.084500 0.874500 0.000000
v -0.081200 0.874100 -0.001600
v -0.084600 0.872400 0.000300
v -0.084300 0.871700 0.000600
v -0.080800 0.871600 0.002000
v -0.081000 0.870800 0.001000
v -0.080700 0.872900 0.002300
v -0.081000 0.869600 0.005300
v -0.084200 0.870500 0.005300
v -0.080500 0.841400 0.027900
v -0.084000 0.842200 0.027900
v -0.083800 0.874000 0.002400
v -0.079700 0.873000 0.000600
v -0.080700 0.874500 0.001700
v -0.082600 0.875400 0.000100
v -0.085300 0.872800 0.001400
v -0.085500 0.869500 0.003300
v -0.084200 0.871300 -0.000400
v -0.084300 0.868000 0.001600
v -0.081100 0.867600 0.002500
v -0.085300 0.841000 0.025700
v -0.083800 0.839500 0.023800
v -0.080300 0.839700 0.025300
v -0.080400 0.838100 0.025800
v -0.080700 0.839500 0.028900
v -0.083900 0.840100 0.028800
v -0.084900 0.839400 0.026700
v -0.083500 0.838300 0.024900
v -0.029400 1.009500 -0.010000
v -0.029400 1.008100 -0.011600
v -0.027600 1.011400 -0.012700
v -0.032200 1.004600 -0.011800
v -0.030200 1.008200 -0.013100
v -0.031200 1.004700 -0.010200
v -0.031300 1.006000 -0.008600
v -0.028400 1.011600 -0.014200
v -0.031200 1.009300 -0.013300
v -0.029200 1.012900 -0.014400
v -0.033300 1.005300 -0.012000
v -0.035100 1.001000 -0.010500
v -0.033700 1.000600 -0.010300
v -0.032700 1.001000 -0.008800
v -0.032900 1.001900 -0.007200
v -0.032400 1.006900 -0.008200
v -0.034200 1.002500 -0.006800
v -0.035200 0.998000 -0.005300
v -0.033900 0.997500 -0.005800
v -0.033600 0.996700 -0.007300
v -0.034600 0.996300 -0.008800
v -0.036200 0.996500 -0.009100
v -0.034500 0.992900 -0.004400
v -0.034400 0.992000 -0.005900
v -0.035900 0.993800 -0.003500
v -0.037000 0.992800 -0.005700
v -0.036200 0.997400 -0.007200
v -0.035100 1.001900 -0.008600
v -0.033300 1.006400 -0.010100
v -0.036700 0.991800 -0.007700
v -0.035300 0.991700 -0.007300
v -0.031100 1.010500 -0.011400
v -0.030200 1.010800 -0.009500
v -0.028300 1.014400 -0.010700
v -0.027500 1.012800 -0.011200
v -0.024800 1.016000 -0.012200
v -0.024900 1.014600 -0.013700
v -0.020200 1.017700 -0.014600
v -0.020700 1.017900 -0.016300
v -0.014600 1.020500 -0.017000
v -0.015000 1.022000 -0.017300
v -0.021200 1.019300 -0.016600
v -0.014700 1.023300 -0.015600
v -0.025500 1.014800 -0.015300
v -0.007400 1.025600 -0.013900
v -0.014300 1.023600 -0.013600
v -0.007300 1.023700 -0.014100
v -0.021000 1.020700 -0.014800
v -0.026100 1.016200 -0.015500
v -0.007500 1.022200 -0.015600
v -0.014200 1.020300 -0.015300
v -0.007800 1.022400 -0.017300
v -0.014100 1.021800 -0.013800
v -0.020400 1.020900 -0.012800
v -0.025900 1.017500 -0.013700
v -0.020100 1.019100 -0.013100
v -0.025300 1.017700 -0.011800
v -0.029000 1.014100 -0.012600
v 0.006800 1.023800 -0.014100
v 0.007000 1.025600 -0.013900
v -0.000500 1.026000 -0.016000
v -0.008000 1.023900 -0.017600
v -0.007800 1.025300 -0.015900
v -0.000200 1.026400 -0.014000
v -0.000200 1.024500 -0.014200
v 0.443400 0.577600 -0.032200
v 0.442800 0.568500 -0.029500
v 0.435300 0.579100 -0.033200
v 0.448800 0.569700 -0.027400
v 0.451500 0.576100 -0.029000
v 0.453700 0.575600 -0.021600
v 0.450500 0.583000 -0.027400
v 0.427700 0.570500 -0.030400
v 0.429000 0.580400 -0.033600
v 0.434100 0.569400 -0.030100
v 0.442300 0.565300 -0.021600
v 0.450800 0.567500 -0.021600
v 0.448800 0.569700 -0.015800
v 0.451500 0.576000 -0.014200
v 0.443400 0.577400 -0.011100
v 0.433800 0.565700 -0.021600
v 0.411400 0.573900 -0.031600
v 0.420600 0.568100 -0.021600
v 0.410900 0.570000 -0.021600
v 0.421000 0.571800 -0.030500
v 0.427300 0.566700 -0.021600
v 0.434100 0.569300 -0.013100
v 0.442900 0.568300 -0.013700
v 0.435400 0.579000 -0.010000
v 0.427800 0.570300 -0.012800
v 0.421200 0.571800 -0.012700
v 0.429100 0.580300 -0.009700
v 0.422600 0.581700 -0.009500
v 0.445300 0.586400 -0.013800
v 0.437000 0.588500 -0.013200
v 0.430900 0.589800 -0.012900
v 0.424500 0.591100 -0.012700
v 0.431600 0.592800 -0.021700
v 0.425100 0.594200 -0.021700
v 0.415000 0.593500 -0.031400
v 0.424400 0.591100 -0.030500
v 0.415800 0.596900 -0.021300
v 0.415400 0.593500 -0.012300
v 0.413600 0.584400 -0.008300
v 0.411800 0.573900 -0.011800
v 0.406900 0.586200 -0.037100
v 0.413100 0.584400 -0.034600
v 0.405700 0.596900 -0.033700
v 0.406400 0.599900 -0.020700
v 0.408600 0.596000 -0.010700
v 0.407400 0.586500 -0.007100
v 0.405000 0.575300 -0.010800
v 0.402100 0.571400 -0.021700
v 0.401500 0.574100 -0.034000
v 0.422600 0.581800 -0.033800
v 0.445300 0.586500 -0.029500
v 0.437000 0.588500 -0.030100
v 0.430900 0.589800 -0.030400
v 0.450500 0.583000 -0.015900
v 0.445600 0.589200 -0.021700
v 0.437800 0.591400 -0.021700
v 0.452800 0.584500 -0.021600
v 0.434200 0.577300 -0.050900
v 0.441400 0.581500 -0.057300
v 0.436300 0.585200 -0.055000
v 0.441800 0.575300 -0.054900
v 0.444600 0.582100 -0.063400
v 0.437800 0.586900 -0.063200
v 0.445200 0.574300 -0.062300
v 0.440000 0.569700 -0.057000
v 0.434000 0.568700 -0.053400
v 0.426500 0.569900 -0.051200
v 0.434400 0.565300 -0.060600
v 0.427000 0.565700 -0.059000
v 0.443000 0.580200 -0.068200
v 0.444100 0.574000 -0.068800
v 0.438600 0.583200 -0.069900
v 0.436900 0.575100 -0.071300
v 0.441700 0.568800 -0.068200
v 0.431300 0.585500 -0.070300
v 0.431300 0.589600 -0.062800
v 0.429500 0.587800 -0.053800
v 0.427200 0.579200 -0.048900
v 0.420400 0.571000 -0.049600
v 0.420500 0.566600 -0.057500
v 0.421300 0.580800 -0.047700
v 0.423600 0.589300 -0.052700
v 0.425200 0.591200 -0.062100
v 0.425100 0.587000 -0.070100
v 0.429900 0.576600 -0.071700
v 0.414100 0.567800 -0.056000
v 0.414400 0.572300 -0.048300
v 0.415600 0.582200 -0.046300
v 0.417800 0.590900 -0.051500
v 0.414700 0.570100 -0.065600
v 0.421400 0.569000 -0.066900
v 0.409600 0.571000 -0.064900
v 0.409200 0.568700 -0.054900
v 0.409900 0.573600 -0.047400
v 0.411000 0.583700 -0.045400
v 0.413100 0.591800 -0.050100
v 0.406300 0.596200 -0.056900
v 0.414200 0.593900 -0.059900
v 0.405700 0.591500 -0.067800
v 0.408000 0.593400 -0.047900
v 0.407700 0.584900 -0.044200
v 0.404500 0.574700 -0.045400
v 0.402100 0.569800 -0.053300
v 0.401000 0.572300 -0.063600
v 0.413500 0.589100 -0.068700
v 0.402600 0.582600 -0.068800
v 0.416700 0.578900 -0.070400
v 0.418500 0.588200 -0.069200
v 0.423300 0.577700 -0.071200
v 0.410700 0.580100 -0.069800
v 0.428000 0.568200 -0.067900
v 0.435900 0.567400 -0.068800
v 0.418900 0.592700 -0.061000
v 0.292400 0.623100 -0.051900
v 0.259500 0.628000 -0.053600
v 0.259400 0.641200 -0.038900
v 0.292000 0.605800 -0.056900
v 0.333600 0.603700 -0.055900
v 0.259200 0.610200 -0.058300
v 0.292600 0.632500 -0.037600
v 0.258900 0.646100 -0.018500
v 0.334100 0.617600 -0.049800
v 0.350700 0.603100 -0.058400
v 0.352200 0.615100 -0.050500
v 0.368100 0.600200 -0.060500
v 0.334400 0.624300 -0.037600
v 0.292600 0.637100 -0.017700
v 0.258100 0.641400 0.001800
v 0.352000 0.619600 -0.037100
v 0.369400 0.610600 -0.051900
v 0.334600 0.627600 -0.018200
v 0.292500 0.632600 0.002000
v 0.257300 0.628300 0.016600
v 0.243800 0.631900 0.017200
v 0.243300 0.613600 0.022700
v 0.230300 0.635500 0.017800
v 0.386900 0.596800 -0.064000
v 0.388700 0.605000 -0.052900
v 0.399700 0.592900 -0.067000
v 0.369900 0.615400 -0.038800
v 0.352300 0.621900 -0.022600
v 0.350900 0.620700 -0.009400
v 0.334400 0.624300 0.004100
v 0.348500 0.617000 0.007900
v 0.345000 0.607200 0.022000
v 0.369700 0.617100 -0.022600
v 0.368000 0.616000 -0.005600
v 0.364300 0.612300 0.012300
v 0.359300 0.601500 0.034000
v 0.383200 0.594800 0.043600
v 0.372300 0.592500 0.048800
v 0.379400 0.602100 0.030500
v 0.382100 0.607600 0.014500
v 0.387400 0.608800 -0.003900
v 0.389500 0.609400 -0.022800
v 0.389500 0.607800 -0.039400
v 0.403100 0.598000 0.015600
v 0.395200 0.601900 0.015400
v 0.392700 0.595800 0.027900
v 0.397400 0.601100 0.000900
v 0.393600 0.590000 0.036300
v 0.403500 0.596600 0.001900
v 0.371100 0.563200 0.025000
v 0.376100 0.564300 0.036100
v 0.367100 0.570700 0.044600
v 0.383100 0.564200 0.020900
v 0.385700 0.566600 0.028700
v 0.393000 0.570400 0.023200
v 0.394200 0.578300 0.033700
v 0.398500 0.581900 0.028000
v 0.399500 0.592800 0.027000
v 0.396000 0.569300 0.010400
v 0.387300 0.567300 0.010100
v 0.388000 0.569700 -0.003300
v 0.377900 0.563500 0.010200
v 0.365000 0.566700 -0.003400
v 0.397900 0.573900 0.000200
v 0.365400 0.568800 -0.021800
v 0.389500 0.574100 -0.062500
v 0.365700 0.571900 -0.050400
v 0.365800 0.576200 -0.057900
v 0.391800 0.570100 -0.050900
v 0.365400 0.570000 -0.038000
v 0.391100 0.572100 -0.034800
v 0.392800 0.570800 -0.019700
v 0.398900 0.576300 -0.008700
v 0.403700 0.588200 -0.004400
v 0.397700 0.603100 -0.012600
v 0.399000 0.604100 -0.021700
v 0.403900 0.597400 -0.009900
v 0.397200 0.601500 -0.005400
v 0.402400 0.596500 -0.004800
v 0.406200 0.586400 -0.001400
v 0.398700 0.602800 -0.031200
v 0.398600 0.601200 -0.040500
v 0.403300 0.595700 -0.040300
v 0.404500 0.596100 -0.046200
v 0.404000 0.587900 -0.039800
v 0.399900 0.576200 -0.043000
v 0.386800 0.584000 -0.065300
v 0.348200 0.588000 -0.058000
v 0.366500 0.586900 -0.060800
v 0.348000 0.571700 -0.036100
v 0.348700 0.572600 -0.047400
v 0.348700 0.579800 -0.055000
v 0.332800 0.585500 -0.052200
v 0.332300 0.572200 -0.037600
v 0.291400 0.589000 -0.051800
v 0.347300 0.570200 -0.011300
v 0.348300 0.568700 -0.022400
v 0.332200 0.570600 -0.018200
v 0.290800 0.574200 -0.017700
v 0.291000 0.578700 -0.037600
v 0.256900 0.577900 -0.018300
v 0.257700 0.582700 -0.038800
v 0.242400 0.579000 -0.018500
v 0.258500 0.592600 -0.053500
v 0.242600 0.584000 -0.039300
v 0.227800 0.585300 -0.039500
v 0.243000 0.595400 -0.054300
v 0.228000 0.598100 -0.054700
v 0.198300 0.587900 -0.039300
v 0.243500 0.613600 -0.059100
v 0.244000 0.631900 -0.054200
v 0.244400 0.645400 -0.039200
v 0.244500 0.650400 -0.018500
v 0.228500 0.616900 -0.059600
v 0.229100 0.635700 -0.054600
v 0.229700 0.649600 -0.039300
v 0.230200 0.654700 -0.018300
v 0.230400 0.649500 0.002600
v 0.244400 0.645400 0.002100
v 0.200800 0.656900 0.003700
v 0.200800 0.662300 -0.017800
v 0.200500 0.656900 -0.039300
v 0.200000 0.642300 -0.055000
v 0.199400 0.622400 -0.060700
v 0.198800 0.602500 -0.055000
v 0.143200 0.677800 -0.017900
v 0.142700 0.671700 0.005300
v 0.143300 0.671600 -0.041100
v 0.142800 0.654700 -0.058100
v 0.141900 0.631800 -0.064300
v 0.140900 0.608900 -0.058000
v 0.140100 0.592100 -0.040900
v 0.139500 0.586100 -0.017600
v 0.229900 0.616700 0.023300
v 0.200000 0.622300 0.025100
v 0.199300 0.602500 0.019400
v 0.140000 0.609100 0.022500
v 0.139500 0.592300 0.005500
v 0.198700 0.587900 0.003700
v 0.198300 0.582500 -0.017800
v 0.140800 0.632100 0.028700
v 0.200500 0.642200 0.019400
v 0.141800 0.655000 0.022400
v 0.416100 0.581600 0.002500
v 0.410400 0.573400 0.003700
v 0.410000 0.583400 0.001000
v 0.414500 0.571500 0.004800
v 0.421700 0.580100 0.003900
v 0.421100 0.570100 0.006500
v 0.427800 0.578700 0.005200
v 0.427200 0.569000 0.007900
v 0.435500 0.576900 0.006900
v 0.435700 0.567800 0.009900
v 0.441600 0.568800 0.012700
v 0.443300 0.575000 0.010100
v 0.414000 0.567000 0.013400
v 0.421000 0.565500 0.014800
v 0.427700 0.564500 0.016200
v 0.436200 0.564000 0.017300
v 0.444300 0.565900 0.018600
v 0.446700 0.573800 0.017900
v 0.443400 0.567400 0.024600
v 0.421700 0.568000 0.023900
v 0.413800 0.569400 0.022400
v 0.405400 0.570800 0.021600
v 0.405800 0.568500 0.012400
v 0.415100 0.578800 0.026200
v 0.406800 0.580300 0.026100
v 0.409200 0.590100 0.024900
v 0.437700 0.565900 0.025700
v 0.428700 0.567000 0.025100
v 0.423100 0.577300 0.027400
v 0.417200 0.588600 0.025100
v 0.410700 0.594800 0.016300
v 0.411700 0.591900 0.005400
v 0.417500 0.590300 0.007200
v 0.418100 0.592700 0.016900
v 0.424900 0.587300 0.026100
v 0.430200 0.576000 0.028600
v 0.438800 0.574500 0.028800
v 0.423800 0.589000 0.008500
v 0.425000 0.591200 0.018000
v 0.431500 0.589800 0.018800
v 0.431600 0.585800 0.027200
v 0.440200 0.583600 0.026900
v 0.445900 0.573300 0.025100
v 0.444700 0.580300 0.024100
v 0.439200 0.587500 0.019000
v 0.445900 0.582500 0.018600
v 0.437800 0.585400 0.010900
v 0.429700 0.587700 0.009600
v 0.442700 0.581600 0.012300
v 0.402900 0.569900 0.063100
v 0.401300 0.571800 0.055800
v 0.402600 0.576000 0.064400
v 0.400100 0.569900 0.070600
v 0.401100 0.577400 0.070900
v 0.402200 0.579500 0.060000
v 0.398600 0.574200 0.049500
v 0.397100 0.576800 0.074500
v 0.395800 0.570900 0.075800
v 0.399000 0.582800 0.067300
v 0.399300 0.583300 0.054100
v 0.395500 0.577100 0.043000
v 0.391500 0.566900 0.044000
v 0.393700 0.577600 0.037900
v 0.389100 0.567500 0.038600
v 0.381000 0.564700 0.044200
v 0.385400 0.564200 0.050500
v 0.374600 0.570100 0.052300
v 0.395300 0.565800 0.050900
v 0.399000 0.564100 0.057500
v 0.400400 0.564900 0.062700
v 0.380600 0.569000 0.058200
v 0.374400 0.580200 0.056900
v 0.390200 0.563100 0.057500
v 0.394400 0.562100 0.063600
v 0.398200 0.563400 0.068600
v 0.380600 0.579000 0.062500
v 0.379600 0.589600 0.056500
v 0.386100 0.567000 0.065000
v 0.391100 0.565200 0.070700
v 0.394700 0.565700 0.072500
v 0.395900 0.586500 0.062200
v 0.394600 0.580600 0.073600
v 0.391000 0.573200 0.073800
v 0.386300 0.575900 0.069100
v 0.385500 0.587600 0.062300
v 0.387900 0.592100 0.050600
v 0.392000 0.590200 0.056000
v 0.394200 0.587900 0.042800
v 0.396300 0.586400 0.048000
v 0.390400 0.584200 0.068500
v 0.366000 0.582600 0.049600
v 0.342600 0.593300 0.026800
v 0.353800 0.587200 0.037900
v 0.343600 0.579000 0.021500
v 0.355200 0.573000 0.032900
v 0.345800 0.568800 0.005800
v 0.357800 0.565700 0.013600
v 0.332300 0.571700 -0.004300
v 0.332300 0.572200 0.001200
v 0.332700 0.583300 0.017400
v 0.333400 0.598300 0.022700
v 0.334000 0.613300 0.017400
v 0.290900 0.578800 0.002100
v 0.291200 0.588200 0.016400
v 0.291700 0.604300 0.021400
v 0.256500 0.582900 0.002100
v 0.242600 0.584000 0.002200
v 0.256400 0.593000 0.016800
v 0.227900 0.580100 -0.018400
v 0.228500 0.585200 0.002500
v 0.242800 0.595400 0.017300
v 0.256700 0.610600 0.022000
v 0.292200 0.620500 0.016300
v 0.229300 0.597900 0.017800
v 0.166300 0.661500 0.018100
v 0.164200 0.672600 0.013400
v 0.162300 0.665800 0.024300
v 0.153900 0.674800 0.013900
v 0.164800 0.677300 -0.001300
v 0.151200 0.668700 0.024500
v 0.160100 0.657600 0.030700
v 0.165200 0.653400 0.023600
v 0.155600 0.646300 0.006300
v 0.157200 0.652200 0.004200
v 0.166600 0.667200 0.008700
v 0.147500 0.660700 0.031300
v 0.133800 0.663200 0.030600
v 0.164000 0.643000 0.028400
v 0.156700 0.640300 0.011300
v 0.140200 0.635600 -0.018600
v 0.156200 0.655100 -0.002500
v 0.167600 0.671900 -0.003600
v 0.167200 0.673000 -0.018500
v 0.158700 0.660100 -0.008600
v 0.156700 0.658900 -0.018500
v 0.166300 0.661300 -0.055000
v 0.157000 0.652100 -0.041300
v 0.155500 0.646200 -0.043400
v 0.166700 0.667100 -0.045700
v 0.164500 0.672400 -0.050400
v 0.167600 0.671900 -0.033300
v 0.165000 0.677300 -0.035500
v 0.158700 0.660100 -0.028400
v 0.156200 0.655000 -0.034600
v 0.150600 0.609100 -0.037700
v 0.151100 0.600900 -0.030600
v 0.154500 0.584900 -0.036800
v 0.149100 0.602600 -0.018300
v 0.152800 0.613400 -0.044400
v 0.155900 0.592800 -0.051100
v 0.157900 0.601700 -0.059900
v 0.154700 0.626300 -0.048400
v 0.154400 0.633100 -0.046900
v 0.152700 0.621100 -0.045100
v 0.159400 0.612000 -0.063600
v 0.148800 0.599800 -0.066700
v 0.147400 0.588900 -0.057300
v 0.161200 0.621600 -0.066600
v 0.152200 0.622600 -0.073800
v 0.150500 0.611400 -0.071000
v 0.133600 0.602200 -0.067900
v 0.134800 0.614600 -0.071900
v 0.136900 0.626300 -0.074600
v 0.140100 0.637900 -0.075300
v 0.154800 0.634000 -0.074400
v 0.162400 0.631800 -0.066600
v 0.144300 0.649600 -0.073300
v 0.126300 0.640600 -0.075000
v 0.157700 0.645400 -0.072500
v 0.164300 0.642800 -0.065400
v 0.156700 0.640100 -0.048400
v 0.154700 0.674600 -0.051100
v 0.138900 0.670800 -0.061300
v 0.141400 0.676600 -0.051000
v 0.152200 0.668400 -0.061800
v 0.135100 0.662900 -0.068300
v 0.148600 0.660400 -0.068700
v 0.160600 0.657300 -0.067800
v 0.165100 0.653200 -0.060600
v 0.162700 0.665600 -0.061300
v 0.165200 0.679200 -0.018400
v 0.155500 0.679200 -0.036000
v 0.142500 0.681000 -0.036200
v 0.127000 0.677800 -0.050200
v 0.124700 0.672200 -0.060200
v 0.128300 0.682200 -0.035700
v 0.155500 0.681100 -0.018500
v 0.142600 0.683000 -0.018700
v 0.128500 0.684100 -0.018900
v 0.115300 0.682100 -0.035000
v 0.113900 0.677800 -0.048600
v 0.111900 0.672600 -0.058100
v 0.115500 0.684000 -0.019100
v 0.097100 0.664700 -0.061400
v 0.106200 0.655600 -0.068800
v 0.095300 0.655600 -0.065500
v 0.109000 0.665400 -0.064500
v 0.099400 0.671200 -0.055400
v 0.101300 0.676000 -0.046500
v 0.102700 0.680100 -0.033900
v 0.102800 0.682000 -0.019300
v 0.089400 0.673600 -0.044000
v 0.090700 0.677400 -0.032400
v 0.079000 0.673600 -0.031100
v 0.090400 0.678800 -0.019500
v 0.090200 0.677400 -0.006600
v 0.102100 0.680200 -0.004800
v 0.114800 0.682200 -0.003200
v 0.100200 0.676100 0.007700
v 0.112800 0.678000 0.010200
v 0.088400 0.673800 0.004800
v 0.078500 0.673700 -0.008200
v 0.078700 0.674800 -0.019700
v 0.070000 0.669400 -0.029800
v 0.069200 0.666600 -0.038200
v 0.062600 0.664100 -0.027600
v 0.069600 0.670300 -0.019800
v 0.069600 0.669500 -0.009700
v 0.058100 0.656100 -0.028500
v 0.062000 0.661700 -0.034200
v 0.061800 0.659200 -0.040100
v 0.058700 0.658700 -0.025300
v 0.062400 0.664600 -0.019800
v 0.062300 0.664200 -0.012000
v 0.068400 0.666800 -0.001400
v 0.077500 0.670600 0.001700
v 0.067400 0.663400 0.004900
v 0.076000 0.666500 0.008800
v 0.061400 0.661800 -0.005500
v 0.058500 0.658800 -0.014400
v 0.058300 0.658000 -0.019900
v 0.055700 0.648600 -0.019900
v 0.057700 0.656200 -0.011300
v 0.060900 0.659400 0.000300
v 0.058100 0.654900 -0.033200
v 0.057900 0.652800 -0.034100
v 0.058600 0.651100 -0.036200
v 0.058900 0.649300 -0.036000
v 0.059300 0.647100 -0.036800
v 0.059000 0.644800 -0.035200
v 0.063000 0.649500 -0.047900
v 0.062500 0.653100 -0.046900
v 0.061700 0.656100 -0.044000
v 0.068500 0.663200 -0.044600
v 0.067900 0.658900 -0.049600
v 0.068400 0.654600 -0.053100
v 0.068300 0.649100 -0.054500
v 0.087900 0.669100 -0.052000
v 0.078300 0.670500 -0.041100
v 0.077200 0.666300 -0.048300
v 0.076000 0.661100 -0.053300
v 0.075500 0.655100 -0.056900
v 0.086200 0.663200 -0.057500
v 0.085500 0.655600 -0.061500
v 0.074700 0.648200 -0.058400
v 0.083400 0.646800 -0.063100
v 0.092800 0.645200 -0.067400
v 0.090100 0.635300 -0.066900
v 0.081800 0.638300 -0.062800
v 0.074100 0.640800 -0.058200
v 0.068500 0.642900 -0.054500
v 0.063300 0.645400 -0.048000
v 0.063000 0.641200 -0.046200
v 0.080100 0.629400 -0.060600
v 0.073300 0.633500 -0.056200
v 0.067800 0.637300 -0.052400
v 0.067400 0.631200 -0.049100
v 0.073000 0.626100 -0.053300
v 0.079700 0.620500 -0.057600
v 0.087000 0.615900 -0.061200
v 0.087800 0.625600 -0.064600
v 0.062800 0.636400 -0.043600
v 0.059300 0.641600 -0.034800
v 0.062300 0.632400 -0.038100
v 0.067100 0.625700 -0.043200
v 0.072600 0.619800 -0.046900
v 0.079200 0.613600 -0.050500
v 0.086600 0.607800 -0.053500
v 0.058700 0.639400 -0.030700
v 0.086200 0.602000 -0.038300
v 0.095600 0.602500 -0.055900
v 0.095200 0.595900 -0.039400
v 0.079000 0.608200 -0.036800
v 0.072300 0.615000 -0.034800
v 0.078300 0.606300 -0.019400
v 0.085600 0.599800 -0.019300
v 0.078100 0.620900 0.018500
v 0.085400 0.616200 0.022400
v 0.078400 0.629800 0.021400
v 0.085200 0.608000 0.014800
v 0.077900 0.613900 0.011500
v 0.078200 0.608300 -0.002000
v 0.085400 0.602100 -0.000200
v 0.094500 0.593500 -0.019100
v 0.094300 0.602500 0.017600
v 0.094400 0.595900 0.001200
v 0.071700 0.613300 -0.019500
v 0.066800 0.621400 -0.032700
v 0.071700 0.615200 -0.004300
v 0.071500 0.620100 0.007700
v 0.071600 0.626400 0.014000
v 0.071800 0.633800 0.016900
v 0.065900 0.620300 -0.019600
v 0.066200 0.621500 -0.006600
v 0.066100 0.626000 0.003800
v 0.066100 0.631500 0.009600
v 0.066400 0.637600 0.012900
v 0.067100 0.643200 0.015000
v 0.062100 0.645700 0.008400
v 0.061800 0.641500 0.006600
v 0.061800 0.636700 0.004000
v 0.058600 0.641800 -0.004700
v 0.061500 0.632600 -0.001300
v 0.058300 0.639500 -0.008900
v 0.061300 0.629100 -0.009300
v 0.058400 0.636100 -0.012300
v 0.058300 0.644900 -0.004400
v 0.058500 0.647300 -0.002800
v 0.057900 0.651300 -0.003500
v 0.058200 0.649400 -0.003600
v 0.057300 0.652900 -0.005700
v 0.057500 0.655100 -0.006600
v 0.060600 0.656300 0.004200
v 0.061300 0.653300 0.007200
v 0.061800 0.649800 0.008200
v 0.066800 0.649400 0.014900
v 0.067000 0.654900 0.013400
v 0.066600 0.659200 0.010000
v 0.074600 0.661300 0.013800
v 0.072500 0.641100 0.018800
v 0.073000 0.648500 0.019000
v 0.073900 0.655400 0.017400
v 0.084600 0.663500 0.018300
v 0.086600 0.669300 0.012800
v 0.080000 0.638700 0.023600
v 0.081600 0.647200 0.023800
v 0.083800 0.655900 0.022300
v 0.093400 0.656000 0.026600
v 0.095500 0.665000 0.022400
v 0.104400 0.656000 0.030200
v 0.104800 0.597900 0.019700
v 0.094800 0.611700 0.025800
v 0.086000 0.626000 0.025600
v 0.088300 0.635800 0.027900
v 0.090900 0.645600 0.028400
v 0.101000 0.644400 0.032300
v 0.108500 0.631600 0.034600
v 0.112000 0.643000 0.035200
v 0.097800 0.633600 0.031800
v 0.095300 0.622900 0.029300
v 0.121200 0.629300 0.036400
v 0.133500 0.614900 0.034500
v 0.135500 0.626700 0.037200
v 0.118900 0.617700 0.033800
v 0.106000 0.620300 0.032000
v 0.105200 0.608300 0.028300
v 0.147700 0.600300 0.030000
v 0.132300 0.602600 0.030600
v 0.131800 0.591400 0.021500
v 0.149500 0.611700 0.034000
v 0.151200 0.622900 0.036700
v 0.138700 0.638200 0.037900
v 0.124700 0.641000 0.037100
v 0.158800 0.612300 0.026800
v 0.157300 0.602100 0.023400
v 0.146700 0.589400 0.020800
v 0.152400 0.613800 0.007600
v 0.152400 0.621200 0.008100
v 0.153800 0.634300 0.037300
v 0.160600 0.621800 0.029700
v 0.154400 0.626400 0.011400
v 0.150400 0.609400 0.001200
v 0.155400 0.593300 0.014900
v 0.154300 0.585200 0.000500
v 0.151100 0.601000 -0.005800
v 0.153300 0.582900 -0.018200
v 0.145700 0.581300 -0.040300
v 0.132800 0.591200 -0.058700
v 0.119500 0.605000 -0.067700
v 0.118800 0.594200 -0.058700
v 0.105600 0.590900 -0.040400
v 0.118200 0.586900 -0.040900
v 0.106100 0.598000 -0.057700
v 0.106700 0.608200 -0.066400
v 0.120400 0.617300 -0.071600
v 0.122800 0.628900 -0.074300
v 0.107700 0.619900 -0.070200
v 0.110300 0.631200 -0.072800
v 0.113700 0.642500 -0.073400
v 0.130800 0.652500 -0.072900
v 0.121400 0.664500 -0.066900
v 0.117700 0.654300 -0.071400
v 0.102800 0.644000 -0.070900
v 0.099700 0.633100 -0.070300
v 0.097100 0.622500 -0.067800
v 0.096400 0.611500 -0.064300
v 0.105100 0.588100 -0.018900
v 0.104900 0.590800 0.002500
v 0.117600 0.586900 0.003300
v 0.117800 0.584100 -0.018700
v 0.131400 0.583900 0.003800
v 0.131600 0.580900 -0.018500
v 0.132000 0.583700 -0.040900
v 0.145200 0.578200 -0.018300
v 0.145400 0.581600 0.003700
v 0.156900 0.645800 0.035400
v 0.143000 0.650000 0.035900
v 0.161900 0.632000 0.029700
v 0.154200 0.633200 0.009900
v 0.107400 0.665700 0.026000
v 0.116100 0.654700 0.033200
v 0.119900 0.664900 0.028800
v 0.129300 0.652900 0.035100
v 0.117600 0.594200 0.021000
v 0.118000 0.605200 0.029900
v 0.155100 0.679300 -0.001100
v 0.142000 0.681100 -0.001200
v 0.127800 0.682300 -0.002100
v 0.137700 0.671100 0.023700
v 0.123400 0.672500 0.022100
v 0.140500 0.676800 0.013500
v 0.126000 0.678000 0.012200
v 0.098000 0.671400 0.016500
v 0.110600 0.672900 0.019700
v -0.058300 0.658100 -0.019800
v -0.058500 0.658800 -0.014400
v -0.055700 0.648600 -0.019900
v -0.059200 0.641600 -0.034900
v -0.058900 0.644800 -0.035200
v -0.058000 0.656200 -0.028500
v -0.058000 0.655000 -0.033200
v -0.058700 0.658700 -0.025300
v -0.062400 0.664700 -0.019800
v -0.062200 0.664200 -0.012000
v -0.061400 0.661800 -0.005500
v -0.068300 0.666800 -0.001400
v -0.060800 0.659400 0.000300
v -0.067400 0.663500 0.004900
v -0.069500 0.669600 -0.009700
v -0.077400 0.670700 0.001700
v -0.075900 0.666600 0.008800
v -0.068400 0.663400 -0.044500
v -0.067800 0.659100 -0.049600
v -0.077100 0.666500 -0.048200
v -0.061700 0.659300 -0.040100
v -0.069100 0.666800 -0.038100
v -0.062000 0.661800 -0.034200
v -0.062500 0.664200 -0.027600
v -0.069500 0.670400 -0.019700
v -0.069900 0.669600 -0.029800
v -0.078700 0.675000 -0.019600
v -0.078500 0.673900 -0.008100
v -0.090400 0.679000 -0.019500
v -0.078900 0.673800 -0.031100
v -0.090700 0.677500 -0.032400
v -0.089400 0.673800 -0.043900
v -0.078300 0.670700 -0.041100
v -0.087800 0.669200 -0.052000
v -0.102800 0.682100 -0.019300
v -0.102700 0.680300 -0.033800
v -0.101300 0.676100 -0.046500
v -0.099400 0.671300 -0.055300
v -0.086100 0.663300 -0.057500
v -0.075900 0.661200 -0.053300
v -0.097100 0.664800 -0.061300
v -0.115300 0.682100 -0.035000
v -0.115500 0.684100 -0.019100
v -0.113900 0.677900 -0.048600
v -0.111900 0.672700 -0.058100
v -0.109000 0.665500 -0.064500
v -0.106200 0.655700 -0.068800
v -0.095200 0.655700 -0.065500
v -0.124700 0.672200 -0.060200
v -0.121400 0.664600 -0.066900
v -0.117700 0.654300 -0.071400
v -0.135100 0.662900 -0.068300
v -0.130800 0.652500 -0.072900
v -0.113700 0.642600 -0.073400
v -0.102800 0.644000 -0.070900
v -0.092700 0.645300 -0.067400
v -0.085400 0.655700 -0.061500
v -0.083300 0.646900 -0.063100
v -0.144300 0.649600 -0.073300
v -0.148600 0.660400 -0.068600
v -0.140100 0.637900 -0.075300
v -0.126300 0.640600 -0.075000
v -0.136900 0.626300 -0.074900
v -0.122800 0.628900 -0.074500
v -0.110300 0.631200 -0.072800
v -0.099700 0.633200 -0.070400
v -0.090100 0.635400 -0.066900
v -0.081800 0.638300 -0.062800
v -0.107700 0.620000 -0.071300
v -0.120400 0.617300 -0.072800
v -0.134800 0.614600 -0.072900
v -0.152200 0.622600 -0.074000
v -0.150500 0.611400 -0.071600
v -0.161200 0.621600 -0.066700
v -0.159400 0.612000 -0.063800
v -0.154700 0.626300 -0.048500
v -0.148800 0.599800 -0.067600
v -0.157900 0.601700 -0.060300
v -0.152800 0.613400 -0.044600
v -0.152700 0.621100 -0.045200
v -0.140200 0.635700 -0.018600
v -0.150600 0.609300 -0.038000
v -0.155900 0.593100 -0.051600
v -0.147400 0.589100 -0.058400
v -0.154500 0.585900 -0.037200
v -0.145600 0.581900 -0.041200
v -0.153300 0.584300 -0.018200
v -0.146700 0.589500 0.022000
v -0.145300 0.582200 0.004600
v -0.131800 0.591500 0.023500
v -0.154200 0.586200 0.000900
v -0.149100 0.603600 -0.018300
v -0.151100 0.601700 -0.030900
v -0.151100 0.601800 -0.005500
v -0.150400 0.609600 0.001500
v -0.152400 0.613800 0.007900
v -0.157300 0.602100 0.023900
v -0.147800 0.600300 0.031000
v -0.155400 0.593600 0.015400
v -0.158800 0.612300 0.027100
v -0.149500 0.611700 0.034600
v -0.160600 0.621800 0.029800
v -0.151200 0.622900 0.036900
v -0.124700 0.640900 0.037100
v -0.121200 0.629300 0.036600
v -0.112000 0.642900 0.035200
v -0.138700 0.638200 0.037900
v -0.135500 0.626600 0.037500
v -0.133500 0.614900 0.035500
v -0.132300 0.602500 0.032300
v -0.153800 0.634300 0.037300
v -0.143000 0.649900 0.035900
v -0.129300 0.652800 0.035100
v -0.156700 0.640300 0.011300
v -0.165200 0.653400 0.023600
v -0.155600 0.646300 0.006300
v -0.164000 0.643000 0.028400
v -0.160100 0.657500 0.030700
v -0.156900 0.645800 0.035400
v -0.147500 0.660700 0.031300
v -0.133800 0.663200 0.030600
v -0.119900 0.664900 0.028900
v -0.116100 0.654600 0.033300
v -0.154200 0.633200 0.009900
v -0.161900 0.632000 0.029700
v -0.154400 0.626400 0.011500
v -0.152400 0.621200 0.008300
v -0.060500 0.656300 0.004200
v -0.066500 0.659200 0.010000
v -0.057500 0.655000 -0.006500
v -0.057200 0.652900 -0.005600
v -0.057700 0.656200 -0.011200
v -0.074500 0.661400 0.013900
v -0.066900 0.654900 0.013500
v -0.061200 0.653300 0.007200
v -0.057800 0.651300 -0.003500
v -0.058100 0.649400 -0.003600
v -0.066700 0.649400 0.014900
v -0.061700 0.649700 0.008200
v -0.066900 0.643200 0.015000
v -0.058500 0.647300 -0.002800
v -0.062000 0.645700 0.008400
v -0.066300 0.637500 0.012900
v -0.061700 0.641400 0.006500
v -0.066000 0.631400 0.009600
v -0.061700 0.636600 0.004000
v -0.066000 0.625900 0.003800
v -0.061400 0.632500 -0.001400
v -0.058500 0.641700 -0.004700
v -0.058300 0.644900 -0.004400
v -0.058200 0.639500 -0.008900
v -0.058400 0.636100 -0.012300
v -0.057800 0.637100 -0.019800
v -0.061200 0.629100 -0.009300
v -0.060800 0.628500 -0.019700
v -0.058700 0.636100 -0.027300
v -0.058700 0.639400 -0.030700
v -0.062200 0.632400 -0.038100
v -0.061600 0.629000 -0.030100
v -0.065800 0.620200 -0.019700
v -0.066100 0.621400 -0.006600
v -0.059200 0.647200 -0.036800
v -0.062800 0.641300 -0.046200
v -0.062700 0.636500 -0.043600
v -0.067000 0.625700 -0.043300
v -0.066700 0.621300 -0.032800
v -0.071600 0.613200 -0.019600
v -0.067300 0.631200 -0.049100
v -0.072500 0.619700 -0.047200
v -0.072200 0.614900 -0.035000
v -0.078200 0.606100 -0.019500
v -0.071600 0.615000 -0.004200
v -0.078200 0.608100 -0.001700
v -0.077800 0.613700 0.011900
v -0.072900 0.626100 -0.053400
v -0.067600 0.637300 -0.052400
v -0.079100 0.613500 -0.051100
v -0.078900 0.608000 -0.037300
v -0.085600 0.599600 -0.019300
v -0.085400 0.601900 0.000200
v -0.068400 0.643000 -0.054500
v -0.073200 0.633500 -0.056200
v -0.074000 0.640900 -0.058200
v -0.063200 0.645600 -0.048000
v -0.080000 0.629400 -0.060600
v -0.079600 0.620500 -0.058000
v -0.074600 0.648300 -0.058400
v -0.068200 0.649200 -0.054500
v -0.062900 0.649600 -0.047900
v -0.058800 0.649400 -0.036000
v -0.075400 0.655200 -0.056800
v -0.068300 0.654700 -0.053100
v -0.062300 0.653200 -0.046900
v -0.058500 0.651200 -0.036200
v -0.061600 0.656300 -0.044000
v -0.057800 0.652900 -0.034000
v -0.138900 0.670800 -0.061300
v -0.152200 0.668500 -0.061700
v -0.127000 0.677800 -0.050100
v -0.128300 0.682200 -0.035700
v -0.141400 0.676600 -0.051000
v -0.154700 0.674600 -0.051100
v -0.164500 0.672400 -0.050400
v -0.162700 0.665700 -0.061300
v -0.166300 0.661300 -0.055000
v -0.165100 0.653200 -0.060600
v -0.155500 0.646200 -0.043400
v -0.142500 0.681000 -0.036200
v -0.156700 0.658900 -0.018500
v -0.158700 0.660100 -0.028400
v -0.167200 0.673000 -0.018500
v -0.167600 0.671900 -0.033300
v -0.165000 0.677300 -0.035400
v -0.155500 0.679200 -0.036000
v -0.142600 0.683000 -0.018600
v -0.165200 0.679200 -0.018400
v -0.155500 0.681100 -0.018500
v -0.142000 0.681100 -0.001100
v -0.127800 0.682300 -0.002100
v -0.126000 0.678000 0.012200
v -0.140500 0.676800 0.013500
v -0.137700 0.671000 0.023700
v -0.153900 0.674800 0.014000
v -0.123400 0.672500 0.022200
v -0.155100 0.679300 -0.001000
v -0.164800 0.677300 -0.001300
v -0.167600 0.671900 -0.003600
v -0.158700 0.660100 -0.008600
v -0.151200 0.668700 0.024500
v -0.164200 0.672600 0.013500
v -0.166600 0.667200 0.008700
v -0.156200 0.655100 -0.002500
v -0.162300 0.665800 0.024300
v -0.166300 0.661400 0.018100
v -0.157200 0.652200 0.004200
v -0.156700 0.640100 -0.048400
v -0.154400 0.633100 -0.046900
v -0.162400 0.631800 -0.066600
v -0.154800 0.634000 -0.074400
v -0.157600 0.645500 -0.072500
v -0.164300 0.642800 -0.065400
v -0.160600 0.657300 -0.067800
v -0.132800 0.591200 -0.060600
v -0.131900 0.583900 -0.042200
v -0.118800 0.594200 -0.061300
v -0.118200 0.586900 -0.042600
v -0.145200 0.579100 -0.018300
v -0.106100 0.598000 -0.060100
v -0.105600 0.590900 -0.042000
v -0.106700 0.608200 -0.068500
v -0.119500 0.605000 -0.069900
v -0.133600 0.602200 -0.069500
v -0.096300 0.611500 -0.065700
v -0.087800 0.625600 -0.064900
v -0.087000 0.615900 -0.062000
v -0.097000 0.622500 -0.068500
v -0.086500 0.607700 -0.054500
v -0.086100 0.601800 -0.039000
v -0.094800 0.611600 0.027100
v -0.085400 0.616100 0.023100
v -0.086000 0.625900 0.025900
v -0.094300 0.602400 0.019000
v -0.085200 0.607900 0.015600
v -0.094400 0.595800 0.002200
v -0.094500 0.593400 -0.019100
v -0.104900 0.590700 0.004000
v -0.104800 0.597800 0.022000
v -0.105100 0.588100 -0.018900
v -0.095200 0.595800 -0.040600
v -0.095600 0.602400 -0.057600
v -0.117800 0.584100 -0.018700
v -0.131500 0.581100 -0.018500
v -0.131400 0.584000 0.005100
v -0.117500 0.586900 0.005100
v -0.117600 0.594200 0.023700
v -0.105100 0.608200 0.030200
v -0.118000 0.605200 0.032200
v -0.106000 0.620200 0.033000
v -0.118900 0.617600 0.035000
v -0.108500 0.631600 0.034600
v -0.101000 0.644300 0.032300
v -0.097800 0.633500 0.031700
v -0.095300 0.622800 0.029900
v -0.104400 0.655900 0.030300
v -0.093400 0.655900 0.026600
v -0.090900 0.645500 0.028400
v -0.088200 0.635700 0.027900
v -0.107400 0.665700 0.026000
v -0.095500 0.665000 0.022500
v -0.083700 0.655900 0.022300
v -0.084600 0.663500 0.018300
v -0.098000 0.671500 0.016500
v -0.110600 0.672900 0.019700
v -0.128500 0.684100 -0.018900
v -0.114800 0.682200 -0.003200
v -0.112800 0.678100 0.010300
v -0.100200 0.676200 0.007800
v -0.088400 0.673900 0.004800
v -0.086500 0.669400 0.012800
v -0.102100 0.680300 -0.004700
v -0.090200 0.677600 -0.006500
v -0.072400 0.641100 0.018800
v -0.072900 0.648500 0.019000
v -0.073800 0.655400 0.017400
v -0.071400 0.619900 0.007900
v -0.071500 0.626300 0.014100
v -0.078000 0.620700 0.018800
v -0.071700 0.633700 0.016900
v -0.078300 0.629700 0.021400
v -0.080000 0.638600 0.023600
v -0.081500 0.647100 0.023800
v -0.200500 0.656900 -0.039300
v -0.229700 0.649600 -0.039300
v -0.230200 0.654700 -0.018300
v -0.200000 0.642300 -0.055000
v -0.229100 0.635700 -0.054600
v -0.199400 0.622400 -0.060700
v -0.200800 0.662300 -0.017700
v -0.200800 0.656900 0.003700
v -0.143300 0.671600 -0.041100
v -0.142800 0.654800 -0.058100
v -0.141900 0.631800 -0.064300
v -0.140900 0.608900 -0.058000
v -0.198800 0.602500 -0.055000
v -0.140100 0.592200 -0.041000
v -0.141800 0.655000 0.022400
v -0.200500 0.642200 0.019400
v -0.140800 0.632000 0.028700
v -0.142700 0.671700 0.005300
v -0.143200 0.677800 -0.017800
v -0.198300 0.587900 -0.039400
v -0.139500 0.586100 -0.017700
v -0.198300 0.582500 -0.017800
v -0.198700 0.587800 0.003600
v -0.139500 0.592300 0.005500
v -0.199300 0.602400 0.019400
v -0.140000 0.609100 0.022500
v -0.200000 0.622300 0.025100
v -0.228500 0.585200 0.002500
v -0.229300 0.597900 0.017800
v -0.229900 0.616700 0.023300
v -0.230300 0.635500 0.017800
v -0.230400 0.649500 0.002600
v -0.244400 0.645400 0.002100
v -0.244500 0.650400 -0.018500
v -0.244400 0.645400 -0.039200
v -0.258900 0.646100 -0.018500
v -0.258100 0.641400 0.001800
v -0.292600 0.637100 -0.017700
v -0.334600 0.627600 -0.018200
v -0.334400 0.624300 -0.037600
v -0.292600 0.632500 -0.037600
v -0.259400 0.641200 -0.038900
v -0.259500 0.628000 -0.053600
v -0.244000 0.631900 -0.054200
v -0.292400 0.623100 -0.051900
v -0.334100 0.617600 -0.049800
v -0.352200 0.615100 -0.050500
v -0.243500 0.613600 -0.059100
v -0.228500 0.616900 -0.059600
v -0.228000 0.598100 -0.054700
v -0.259200 0.610200 -0.058300
v -0.292000 0.605800 -0.056900
v -0.333600 0.603700 -0.055900
v -0.350700 0.603100 -0.058400
v -0.243000 0.595400 -0.054300
v -0.227800 0.585300 -0.039500
v -0.332800 0.585500 -0.052200
v -0.227900 0.580100 -0.018400
v -0.242800 0.595400 0.017300
v -0.242600 0.584000 0.002200
v -0.242400 0.579000 -0.018500
v -0.256900 0.577900 -0.018300
v -0.291200 0.588200 0.016400
v -0.256500 0.582900 0.002100
v -0.256400 0.593000 0.016800
v -0.291700 0.604300 0.021400
v -0.256700 0.610600 0.022000
v -0.243300 0.613600 0.022700
v -0.257300 0.628300 0.016600
v -0.243800 0.631900 0.017200
v -0.292200 0.620500 0.016300
v -0.166700 0.667100 -0.045700
v -0.157000 0.652100 -0.041300
v -0.156200 0.655000 -0.034600
v -0.379600 0.589100 0.054800
v -0.387900 0.591700 0.048800
v -0.385500 0.587000 0.060200
v -0.394200 0.587700 0.041000
v -0.392000 0.589800 0.053800
v -0.390400 0.583600 0.066200
v -0.389100 0.567300 0.036500
v -0.393700 0.577400 0.036000
v -0.396300 0.586100 0.045800
v -0.395900 0.586100 0.059800
v -0.394600 0.579900 0.071000
v -0.399000 0.582200 0.064700
v -0.397100 0.576100 0.071700
v -0.395500 0.576900 0.040600
v -0.399300 0.582900 0.051500
v -0.401100 0.576900 0.068100
v -0.402200 0.579100 0.057200
v -0.398600 0.573900 0.046800
v -0.391500 0.566700 0.041500
v -0.385400 0.563800 0.048100
v -0.381000 0.564300 0.042100
v -0.401300 0.571400 0.052900
v -0.399000 0.563800 0.054500
v -0.395300 0.565500 0.048100
v -0.394400 0.561600 0.060700
v -0.390200 0.562700 0.054800
v -0.391100 0.564600 0.067900
v -0.386100 0.566400 0.062400
v -0.380600 0.568400 0.056000
v -0.374600 0.569600 0.050300
v -0.374400 0.579600 0.055100
v -0.380600 0.578400 0.060400
v -0.386300 0.575300 0.066700
v -0.391000 0.572500 0.071200
v -0.394700 0.565100 0.069600
v -0.402600 0.575600 0.061500
v -0.400100 0.569300 0.067600
v -0.395800 0.570200 0.073000
v -0.398200 0.562900 0.065600
v -0.400400 0.564500 0.059600
v -0.402900 0.569500 0.060100
v -0.401500 0.574200 -0.034000
v -0.391100 0.572000 -0.034800
v -0.391800 0.571200 -0.050900
v -0.365400 0.570100 -0.038000
v -0.365700 0.571800 -0.050400
v -0.389500 0.574100 -0.062500
v -0.365800 0.576300 -0.057900
v -0.386800 0.584100 -0.065300
v -0.366500 0.586900 -0.060800
v -0.386900 0.596800 -0.064000
v -0.368100 0.600200 -0.060500
v -0.348200 0.588000 -0.058000
v -0.399700 0.592900 -0.067000
v -0.404500 0.596100 -0.046200
v -0.404000 0.588000 -0.039800
v -0.403300 0.595700 -0.040300
v -0.399900 0.576200 -0.043000
v 0.398500 0.599800 -0.047100
v 0.399900 0.599000 -0.056200
v -0.411400 0.573900 -0.031600
v -0.413100 0.584400 -0.034600
v 0.058800 0.636000 -0.027200
v 0.061700 0.629000 -0.030100
v 0.060900 0.628500 -0.019700
v 0.057900 0.637100 -0.019800
v 0.442600 0.567300 -0.062600
v 0.030700 0.985600 -0.045200
v 0.030700 0.989200 -0.046800
v 0.029200 0.988700 -0.047200
v 0.031000 0.988600 -0.048800
v 0.028500 0.988100 -0.048600
v 0.027700 0.991700 -0.050200
v 0.026500 0.994900 -0.051800
v 0.029200 0.984100 -0.047000
v 0.029700 0.984800 -0.045600
v -0.037200 0.828600 0.060000
v -0.037200 0.828600 0.060000
v -0.037200 0.828600 0.060000
v -0.037200 0.828600 0.060000
v -0.037200 0.828600 0.060000
v -0.037200 0.828600 0.060000
v -0.037200 0.828600 0.060000
v -0.037200 0.828600 0.060000
v -0.037200 0.828600 0.060000
v -0.037200 0.828600 0.060000
v -0.037200 0.828600 0.060000
v -0.037200 0.828600 0.060000
v -0.037300 0.828600 0.060100
v -0.037200 0.828600 0.060100
v -0.037200 0.828600 0.060000
v -0.037200 0.828600 0.060000
v -0.037200 0.828600 0.060000
v -0.037200 0.828600 0.060000
v -0.037200 0.828600 0.060000
v -0.037200 0.828600 0.060100
v -0.037300 0.828600 0.060100
v -0.037300 0.828600 0.060100
v -0.037200 0.828600 0.060100
v -0.037200 0.828600 0.060100
v -0.037200 0.828600 0.060100
v -0.037200 0.828600 0.060100
v -0.037200 0.828600 0.060100
v -0.037200 0.828600 0.060100
v -0.037200 0.828600 0.060100
v -0.037200 0.828600 0.060100
v -0.037200 0.828600 0.060100
v -0.037200 0.828600 0.060100
v -0.037200 0.828600 0.060100
v -0.037200 0.828600 0.060100
v -0.037200 0.828600 0.060100
v -0.037200 0.828600 0.060100
v -0.037200 0.828600 0.060100
v -0.037200 0.828600 0.060100
v -0.037200 0.828600 0.060100
v -0.037200 0.828600 0.060100
v -0.037200 0.828600 0.060100
v -0.037200 0.828600 0.060100
v -0.037200 0.828600 0.060100
v -0.037200 0.828600 0.060100
v -0.037200 0.828600 0.060100
v -0.037200 0.828600 0.060100
v -0.037200 0.828600 0.060100
v -0.037200 0.828600 0.060100
v -0.037200 0.828600 0.060100
v -0.037200 0.828600 0.060100
v -0.037200 0.828600 0.060100
v -0.037200 0.828600 0.060100
v -0.037200 0.828600 0.060000
v -0.037200 0.828600 0.060000
v -0.037200 0.828600 0.060100
v -0.037200 0.828600 0.060100
v -0.037200 0.828600 0.060000
v -0.037200 0.828600 0.060000
v -0.037200 0.828600 0.060100
v -0.037200 0.828600 0.060100
v -0.037200 0.828600 0.060100
v -0.037200 0.828600 0.060100
v -0.037200 0.828600 0.060100
v -0.037200 0.828600 0.060100
v -0.037200 0.828600 0.060100
v -0.037200 0.828600 0.060100
v -0.037200 0.828600 0.060100
v -0.037200 0.828600 0.060100
v -0.037200 0.828600 0.060100
v -0.037200 0.828600 0.060100
v -0.037200 0.828600 0.060000
v -0.037200 0.828600 0.060000
v -0.037200 0.828600 0.060000
v -0.037200 0.828600 0.060100
v -0.037200 0.828600 0.060100
v -0.037200 0.828600 0.060100
v -0.037200 0.828600 0.060100
v -0.037200 0.828600 0.060100
v -0.037200 0.828600 0.060000
v -0.037200 0.828600 0.060000
v -0.037200 0.828600 0.060000
v -0.037200 0.828600 0.060000
v -0.037200 0.828600 0.060000
v -0.037200 0.828600 0.060000
v -0.037200 0.828600 0.060000
v -0.037200 0.828600 0.060000
v -0.037200 0.828600 0.060000
v -0.037200 0.828600 0.060000
v -0.037200 0.828600 0.060000
v -0.037200 0.828600 0.060000
v -0.037200 0.828600 0.060000
v -0.037200 0.828600 0.060000
v -0.037200 0.828600 0.060000
v -0.037200 0.828600 0.060000
v -0.037200 0.828600 0.060000
v -0.037200 0.828600 0.060100
v -0.037200 0.828600 0.060100
v -0.037200 0.828600 0.060100
v -0.037200 0.828600 0.060100
v -0.037200 0.828600 0.060100
v -0.037200 0.828600 0.060100
v -0.037200 0.828600 0.060100
v -0.037200 0.828600 0.060100
v -0.037200 0.828600 0.060100
v -0.037200 0.828600 0.060000
v -0.037200 0.828600 0.060100
v -0.037200 0.828600 0.060100
v -0.037200 0.828600 0.060100
v -0.037200 0.828600 0.060100
v -0.037200 0.828600 0.060100
v -0.037200 0.828600 0.060100
v -0.037200 0.828600 0.060100
v -0.037200 0.828600 0.060100
v -0.037200 0.828600 0.060100
v -0.037200 0.828600 0.060100
v -0.037200 0.828600 0.060100
v -0.037200 0.828600 0.060100
v -0.037200 0.828600 0.060100
v -0.037200 0.828600 0.060100
v -0.037200 0.828600 0.060100
v -0.037200 0.828600 0.060100
v -0.037200 0.902400 0.060100
v -0.037200 0.902400 0.060100
v -0.037200 0.902400 0.060100
v -0.037200 0.902400 0.060100
v -0.037200 0.902400 0.060100
v -0.037200 0.902400 0.060100
v -0.037200 0.902400 0.060100
v -0.037200 0.902400 0.060100
v -0.037200 0.902400 0.060100
v -0.037200 0.902400 0.060100
v -0.037200 0.902400 0.060100
v -0.037200 0.902400 0.060100
v -0.037200 0.902400 0.060100
v -0.037200 0.902400 0.060100
v -0.037200 0.902400 0.060100
v -0.037200 0.902400 0.060100
v -0.037200 0.902400 0.060100
v -0.037200 0.902400 0.060100
v -0.037200 0.902400 0.060100
v -0.037200 0.902400 0.060100
v -0.037200 0.902400 0.060100
v -0.037200 0.902400 0.060100
v -0.037200 0.902400 0.060100
v -0.037200 0.902400 0.060100
v -0.037200 0.902400 0.060100
v -0.037200 0.902400 0.060100
v -0.037200 0.902400 0.060100
v -0.037200 0.902400 0.060100
v -0.037200 0.902400 0.060100
v -0.037200 0.902400 0.060100
v -0.037200 0.902400 0.060100
v -0.037200 0.902400 0.060100
v -0.037200 0.902400 0.060100
v -0.037200 0.902400 0.060100
v -0.037200 0.902400 0.060100
v -0.037200 0.902400 0.060100
v -0.037200 0.902400 0.060100
v -0.037200 0.902400 0.060100
v -0.037200 0.902400 0.060100
v -0.037200 0.902400 0.060100
v -0.037200 0.902400 0.060100
v -0.037200 0.902400 0.060100
v -0.037200 0.902400 0.060100
v -0.037200 0.902400 0.060100
v -0.037200 0.902400 0.060100
v -0.037200 0.902400 0.060100
v -0.037200 0.902400 0.060100
v -0.037200 0.902400 0.060100
v -0.037200 0.902400 0.060100
v -0.037200 0.902400 0.060100
v -0.037200 0.902400 0.060100
v -0.037200 0.902400 0.060100
v -0.037200 0.902400 0.060100
v -0.037200 0.902400 0.060100
v -0.037200 0.902400 0.060100
v -0.037200 0.902400 0.060100
v -0.037200 0.902400 0.060100
v -0.037200 0.902400 0.060100
v -0.037200 0.902400 0.060100
v -0.037200 0.902400 0.060100
v -0.037200 0.902400 0.060100
v -0.037200 0.902400 0.060100
v -0.037200 0.902400 0.060100
v -0.037200 0.902400 0.060100
v -0.037200 0.902400 0.060100
v -0.037200 0.902400 0.060100
v -0.037200 0.902400 0.060100
v -0.037200 0.902400 0.060100
v -0.037200 0.902400 0.060100
v -0.037200 0.902400 0.060100
v -0.037200 0.902400 0.060000
v -0.037200 0.902400 0.060100
v -0.037200 0.902400 0.060100
v -0.037200 0.902400 0.060100
v -0.037200 0.902400 0.060100
v -0.037200 0.902400 0.060000
v -0.037200 0.902400 0.060000
v -0.037200 0.902400 0.060000
v -0.037200 0.902400 0.060100
v -0.037200 0.902400 0.060100
v -0.037200 0.902400 0.060100
v -0.037200 0.902400 0.060100
v -0.037200 0.902400 0.060100
v -0.037200 0.902400 0.060100
v -0.037200 0.902400 0.060100
v -0.037200 0.902400 0.060100
v -0.037200 0.902400 0.060100
v -0.037200 0.902400 0.060100
v -0.037200 0.902400 0.060100
v -0.037200 0.902400 0.060100
v -0.037200 0.902400 0.060100
v -0.037200 0.902400 0.060100
v -0.037200 0.902400 0.060100
v -0.037200 0.902400 0.060100
v -0.037200 0.902400 0.060100
v -0.037200 0.902400 0.060100
v -0.037200 0.902400 0.060100
v -0.037200 0.902400 0.060100
v -0.037200 0.902400 0.060100
v -0.037200 0.902400 0.060100
v -0.037200 0.902400 0.060100
v -0.037200 0.902400 0.060100
v -0.037200 0.902400 0.060100
v -0.037200 0.902400 0.060100
v -0.037200 0.902400 0.060100
v -0.037200 0.902400 0.060100
v -0.037200 0.902400 0.060100
v -0.037200 0.902400 0.060100
v -0.037200 0.902400 0.060100
v -0.037200 0.902400 0.060100
v -0.037200 0.902400 0.060100
v -0.037200 0.902400 0.060100
v -0.037200 0.902400 0.060100
v -0.037200 0.902400 0.060100
v -0.037200 0.902400 0.060100
v -0.037200 0.902400 0.060100
v -0.037200 0.902400 0.060100
v -0.037200 0.902400 0.060100
v -0.037200 0.902400 0.060100
v -0.037200 0.902400 0.060100
v -0.037200 0.902400 0.060000
v -0.037200 0.902400 0.060100
v -0.037200 0.902400 0.060000
v -0.037200 0.902400 0.060000
v -0.037200 0.902400 0.060000
v -0.037300 0.902400 0.060000
v -0.037300 0.902400 0.060000
v -0.037300 0.902400 0.060100
v -0.037300 0.902400 0.060100
v -0.037300 0.902400 0.060100
v -0.037200 0.902400 0.060100
v -0.037200 0.902400 0.060100
v -0.037200 0.902400 0.060100
v -0.037200 0.902400 0.060100
v -0.037200 0.902400 0.060100
v -0.037200 0.902400 0.060100
v -0.037200 0.902400 0.060100
v -0.037200 0.902400 0.060100
v -0.037200 0.902400 0.060100
v -0.037200 0.902400 0.060100
v -0.037200 0.902400 0.060100
v -0.037200 0.902400 0.060100
v -0.037200 0.902400 0.060100
v -0.037200 0.902400 0.060100
v -0.037200 0.902400 0.060000
v -0.037200 0.902400 0.060100
v -0.037200 0.902400 0.060100
v -0.037200 0.902400 0.060100
v -0.037200 0.902400 0.060100
v -0.037200 0.902400 0.060100
v -0.037200 0.902400 0.060100
v -0.037200 0.902400 0.060100
v -0.037200 0.902400 0.060100
v -0.037200 0.902400 0.060100
v -0.037200 0.902400 0.060100
v -0.037200 0.902400 0.060100
v -0.037200 0.902400 0.060100
v -0.037200 0.902400 0.060100
v -0.037200 0.902400 0.060100
v -0.037200 0.902400 0.060100
v -0.037200 0.902400 0.060100
v -0.037200 0.902400 0.060100
v -0.037200 0.902400 0.060100
v -0.037200 0.902400 0.060000
v -0.037200 0.902400 0.060000
v -0.037200 0.902400 0.060000
v -0.037200 0.902400 0.060100
v -0.037200 0.902400 0.060100
v -0.037200 0.902400 0.060100
v -0.037200 0.902400 0.060000
v -0.037200 0.902400 0.060000
v -0.037200 0.902400 0.060000
v -0.037200 0.902400 0.060000
v -0.037200 0.902400 0.060000
v -0.037200 0.902400 0.060100
v -0.037200 0.902400 0.060100
v -0.037200 0.902400 0.060100
v -0.037200 0.902400 0.060100
v -0.037200 0.902400 0.060100
v -0.037200 0.902400 0.060000
v -0.037200 0.902400 0.060000
v 0.037100 0.828600 0.060100
v 0.037100 0.828600 0.060100
v 0.037100 0.828600 0.060100
v 0.037100 0.828600 0.060100
v 0.037100 0.828600 0.060100
v 0.037100 0.828600 0.060100
v 0.037100 0.828600 0.060000
v 0.037100 0.828600 0.060000
v 0.037100 0.828600 0.060000
v 0.037100 0.828600 0.060000
v 0.037100 0.828600 0.060000
v 0.037100 0.828600 0.060000
v 0.037100 0.828600 0.060100
v 0.037100 0.828600 0.060100
v 0.037100 0.828600 0.060100
v 0.037100 0.828600 0.060100
v 0.037100 0.828600 0.060100
v 0.037100 0.828600 0.060000
v 0.037100 0.828600 0.060000
v 0.037200 0.828600 0.060100
v 0.037100 0.828600 0.060200
v 0.037200 0.828600 0.060200
v 0.037200 0.828600 0.060200
v 0.037200 0.828600 0.060100
v 0.037300 0.828600 0.060100
v 0.037200 0.828600 0.060100
v 0.037300 0.828600 0.060100
v 0.037200 0.828600 0.060200
v 0.037200 0.828600 0.060200
v 0.037100 0.828600 0.060200
v 0.037200 0.828600 0.060200
v 0.037200 0.828600 0.060100
v 0.037200 0.828600 0.060200
v 0.037100 0.828600 0.060200
v 0.037100 0.828600 0.060100
v 0.037300 0.828600 0.060000
v 0.037300 0.828600 0.060000
v 0.037300 0.828600 0.060000
v 0.037300 0.828600 0.060000
v 0.037300 0.828600 0.060100
v 0.037300 0.828600 0.060100
v 0.037300 0.828600 0.060100
v 0.037300 0.828600 0.060100
v 0.037300 0.828600 0.060100
v 0.037200 0.828600 0.060000
v 0.037200 0.828600 0.060000
v 0.037300 0.828600 0.060000
v 0.037300 0.828600 0.060000
v 0.037300 0.828600 0.060100
v 0.037300 0.828600 0.060100
v 0.037200 0.828600 0.060000
v 0.037200 0.828600 0.060000
v 0.037100 0.828600 0.060000
v 0.037100 0.828600 0.060000
v 0.037200 0.828600 0.060000
v 0.037200 0.828600 0.060000
v 0.037100 0.828600 0.060000
v 0.037100 0.828600 0.060000
v 0.037200 0.828600 0.060000
v 0.037200 0.828600 0.060000
v 0.037200 0.828600 0.060000
v 0.037100 0.828600 0.060100
v 0.037100 0.828600 0.060100
v 0.037100 0.828600 0.060100
v 0.037100 0.828600 0.060100
v 0.037100 0.828600 0.060100
v 0.037100 0.828600 0.060100
v 0.037100 0.828600 0.060100
v 0.037100 0.828600 0.060000
v 0.037100 0.828600 0.060000
v 0.037100 0.828600 0.060000
v 0.037100 0.828600 0.060000
v 0.037100 0.828600 0.060000
v 0.037100 0.828600 0.060100
v 0.037100 0.828600 0.060100
v 0.037100 0.828600 0.060100
v 0.037100 0.828600 0.060100
v 0.037100 0.828600 0.060000
v 0.037100 0.828600 0.060000
v 0.037100 0.828600 0.060000
v 0.037200 0.828600 0.060000
v 0.037200 0.828600 0.060000
v 0.037200 0.828600 0.060000
v 0.037200 0.828600 0.060000
v 0.037200 0.828600 0.060000
v 0.037200 0.828600 0.060000
v 0.037200 0.828600 0.060000
v 0.037200 0.828600 0.060000
v 0.037200 0.828600 0.060000
v 0.037100 0.828600 0.060000
v 0.037100 0.828600 0.060000
v 0.037200 0.828600 0.060000
v 0.037200 0.828600 0.060000
v 0.037200 0.828600 0.060000
v 0.037200 0.828600 0.060000
v 0.037300 0.828600 0.060000
v 0.037300 0.828600 0.060000
v 0.037300 0.828600 0.060100
v 0.037300 0.828600 0.060100
v 0.037300 0.828600 0.060100
v 0.037300 0.828600 0.060100
v 0.037200 0.828600 0.060100
v 0.037200 0.828600 0.060100
v 0.037200 0.828600 0.060100
v 0.037300 0.828600 0.060000
v 0.037300 0.828600 0.060000
v 0.037300 0.828600 0.060100
v 0.037300 0.828600 0.060100
v 0.037300 0.828600 0.060100
v 0.037200 0.828600 0.060100
v 0.037200 0.828600 0.060100
v 0.037200 0.828600 0.060100
v 0.037200 0.828600 0.060100
v 0.037200 0.828600 0.060100
v 0.037200 0.828600 0.060100
v 0.037200 0.828600 0.060100
v 0.037100 0.828600 0.060100
v 0.037200 0.828600 0.060100
v 0.037200 0.828600 0.060200
v 0.037200 0.828600 0.060200
v 0.037100 0.828600 0.060200
v 0.037200 0.902400 0.060100
v 0.037200 0.902400 0.060100
v 0.037200 0.902400 0.060100
v 0.037200 0.902400 0.060100
v 0.037200 0.902400 0.060100
v 0.037200 0.902400 0.060100
v 0.037200 0.902400 0.060100
v 0.037200 0.902400 0.060100
v 0.037200 0.902400 0.060100
v 0.037200 0.902400 0.060100
v 0.037200 0.902400 0.060100
v 0.037200 0.902400 0.060100
v 0.037200 0.902400 0.060100
v 0.037200 0.902400 0.060100
v 0.037200 0.902400 0.060100
v 0.037200 0.902400 0.060100
v 0.037200 0.902400 0.060100
v 0.037200 0.902400 0.060100
v 0.037200 0.902400 0.060100
v 0.037200 0.902400 0.060100
v 0.037200 0.902400 0.060100
v 0.037200 0.902400 0.060100
v 0.037200 0.902400 0.060100
v 0.037200 0.902400 0.060100
v 0.037200 0.902400 0.060100
v 0.037200 0.902400 0.060100
v 0.037200 0.902400 0.060100
v 0.037200 0.902400 0.060100
v 0.037200 0.902400 0.060100
v 0.037200 0.902400 0.060100
v 0.037200 0.902400 0.060100
v 0.037200 0.902400 0.060100
v 0.037200 0.902400 0.060100
v 0.037200 0.902400 0.060100
v 0.037200 0.902400 0.060100
v 0.037200 0.902400 0.060100
v 0.037200 0.902400 0.060100
v 0.037200 0.902400 0.060100
v 0.037200 0.902400 0.060100
v 0.037200 0.902400 0.060100
v 0.037200 0.902400 0.060100
v 0.037200 0.902400 0.060100
v 0.037200 0.902400 0.060100
v 0.037200 0.902400 0.060100
v 0.037200 0.902400 0.060100
v 0.037200 0.902400 0.060100
v 0.037200 0.902400 0.060100
v 0.037200 0.902400 0.060100
v 0.037200 0.902400 0.060100
v 0.037200 0.902400 0.060100
v 0.037200 0.902400 0.060100
v 0.037200 0.902400 0.060100
v 0.037200 0.902400 0.060100
v 0.037200 0.902400 0.060100
v 0.037200 0.902400 0.060100
v 0.037200 0.902400 0.060100
v 0.037200 0.902400 0.060100
v 0.037200 0.902400 0.060100
v 0.037200 0.902400 0.060100
v 0.037200 0.902400 0.060100
v 0.037200 0.902400 0.060100
v 0.037200 0.902400 0.060100
v 0.037200 0.902400 0.060100
v 0.037200 0.902400 0.060100
v 0.037200 0.902400 0.060100
v 0.037200 0.902400 0.060100
v 0.037200 0.902400 0.060100
v 0.037200 0.902400 0.060100
v 0.037200 0.902400 0.060100
v 0.037200 0.902400 0.060100
v 0.037200 0.902400 0.060100
v 0.037200 0.902400 0.060100
v 0.037200 0.902400 0.060100
v 0.037200 0.902400 0.060100
v 0.037200 0.902400 0.060100
v 0.037200 0.902400 0.060000
v 0.037200 0.902400 0.060100
v 0.037200 0.902400 0.060100
v 0.037200 0.902400 0.060100
v 0.037200 0.902400 0.060100
v 0.037200 0.902400 0.060100
v 0.037200 0.902400 0.060100
v 0.037200 0.902400 0.060100
v 0.037200 0.902400 0.060100
v 0.037200 0.902400 0.060100
v 0.037200 0.902400 0.060100
v 0.037200 0.902400 0.060100
v 0.037200 0.902400 0.060100
v 0.037200 0.902400 0.060100
v 0.037200 0.902400 0.060100
v 0.037200 0.902400 0.060100
v 0.037200 0.902400 0.060100
v 0.037200 0.902400 0.060100
v 0.037200 0.902400 0.060100
v 0.037200 0.902400 0.060100
v 0.037200 0.902400 0.060100
v 0.037200 0.902400 0.060100
v 0.037200 0.902400 0.060100
v 0.037200 0.902400 0.060100
v 0.037200 0.902400 0.060100
v 0.037200 0.902400 0.060100
v 0.037200 0.902400 0.060100
v 0.037200 0.902400 0.060100
v 0.037200 0.902400 0.060100
v 0.037200 0.902400 0.060100
v 0.037200 0.902400 0.060100
v 0.037200 0.902400 0.060100
v 0.037200 0.902400 0.060100
v 0.037200 0.902400 0.060100
v 0.037200 0.902400 0.060100
v 0.037200 0.902400 0.060100
v 0.037200 0.902400 0.060100
v 0.037200 0.902400 0.060100
v 0.037200 0.902400 0.060100
v 0.037200 0.902400 0.060100
v 0.037200 0.902400 0.060100
v 0.037200 0.902400 0.060100
v 0.037200 0.902400 0.060100
v 0.037200 0.902400 0.060100
v 0.037200 0.902400 0.060100
v 0.037200 0.902400 0.060000
v 0.037200 0.902400 0.060100
v 0.037200 0.902400 0.060000
v 0.037200 0.902400 0.060000
v 0.037100 0.902400 0.060000
v 0.037100 0.902400 0.060100
v 0.037100 0.902400 0.060100
v 0.037100 0.902400 0.060100
v 0.037100 0.902400 0.060100
v 0.037200 0.902400 0.060100
v 0.037200 0.902400 0.060100
v 0.037200 0.902400 0.060100
v 0.037200 0.902400 0.060100
v 0.037200 0.902400 0.060100
v 0.037200 0.902400 0.060100
v 0.037200 0.902400 0.060100
v 0.037200 0.902400 0.060100
v 0.037200 0.902400 0.060100
v 0.037200 0.902400 0.060100
v 0.037200 0.902400 0.060100
v 0.037200 0.902400 0.060100
v 0.037200 0.902400 0.060100
v 0.037200 0.902400 0.060100
v 0.037200 0.902400 0.060100
v 0.037200 0.902400 0.060000
v 0.037200 0.902400 0.060100
v 0.037200 0.902400 0.060100
v 0.037200 0.902400 0.060100
v 0.037200 0.902400 0.060100
v 0.037200 0.902400 0.060100
v 0.037200 0.902400 0.060100
v 0.037200 0.902400 0.060100
v 0.037200 0.902400 0.060100
v 0.037200 0.902400 0.060100
v 0.037200 0.902400 0.060100
v 0.037200 0.902400 0.060100
v 0.037200 0.902400 0.060100
v 0.037200 0.902400 0.060100
v 0.037200 0.902400 0.060100
v 0.037200 0.902400 0.060100
v 0.037200 0.902400 0.060100
v 0.037200 0.902400 0.060100
v 0.037200 0.902400 0.060100
v 0.037200 0.902400 0.060100
v 0.037200 0.902400 0.060000
v 0.037200 0.902400 0.060000
v 0.037200 0.902400 0.060100
v 0.037200 0.902400 0.060100
v 0.037200 0.902400 0.060100
v 0.037200 0.902400 0.060100
v 0.037200 0.902400 0.060100
v 0.037200 0.902400 0.060000
v 0.037200 0.902400 0.060000
v 0.037200 0.902400 0.060000
v 0.037200 0.902400 0.060100
v 0.037200 0.902400 0.060000
v 0.037200 0.902400 0.060100
v 0.037200 0.902400 0.060100
v 0.037200 0.902400 0.060100
v 0.037200 0.902400 0.060000
v 0.037200 0.902400 0.060000
v 0.017500 0.744300 0.053300
v 0.017000 0.739700 0.047900
v 0.020700 0.744200 0.047800
v 0.014400 0.740800 0.052600
v -0.014400 0.740800 0.052600
v -0.017000 0.739700 0.047900
v 0.019200 0.738900 0.040000
v -0.019200 0.738900 0.040000
v -0.019500 0.738800 0.036300
v 0.019500 0.738800 0.036300
v 0.023900 0.744300 0.034800
v 0.023600 0.744400 0.040100
v 0.012400 0.754200 0.040100
v 0.012500 0.754100 0.036000
v 0.000000 0.752500 0.040100
v 0.020900 0.750700 0.039900
v 0.021200 0.750600 0.035300
v -0.023900 0.744300 0.034800
v -0.023600 0.744400 0.040100
v -0.020700 0.744200 0.047800
v 0.018200 0.749400 0.048000
v 0.010900 0.752200 0.048200
v 0.000000 0.752200 0.036000
v -0.012500 0.754100 0.036000
v -0.012400 0.754200 0.040100
v -0.010900 0.752200 0.048200
v 0.008600 0.749700 0.054700
v 0.015300 0.748400 0.054300
v -0.008600 0.749700 0.054700
v 0.005100 0.746200 0.059900
v -0.018200 0.749400 0.048000
v -0.020900 0.750700 0.039900
v -0.021200 0.750600 0.035300
v -0.015300 0.748400 0.054300
v -0.005100 0.746200 0.059900
v 0.006900 0.744200 0.060700
v -0.006900 0.744200 0.060700
v -0.006300 0.741500 0.058800
v -0.017500 0.744300 0.053300
v 0.006300 0.741500 0.058800
vt 0.054600 0.476500
vt 0.054600 0.476500
vt 0.054600 0.476500
vt 0.304600 0.304600
vt 0.304600 0.304600
vt 0.304600 0.304600
vt 0.304600 0.304600
vt 0.304600 0.304600
vt 0.304600 0.304600
vt 0.304600 0.304600
vt 0.304600 0.304600
vt 0.304600 0.304600
vt 0.304600 0.304600
vt 0.304600 0.304600
vt 0.304600 0.304600
vt 0.304600 0.304600
vt 0.304600 0.304600
vt 0.304600 0.304600
vt 0.304600 0.304600
vt 0.304600 0.304600
vt 0.304600 0.304600
vt 0.304600 0.304600
vt 0.304600 0.304600
vt 0.304600 0.304600
vt 0.304600 0.304600
vt 0.304600 0.304600
vt 0.304600 0.304600
vt 0.304600 0.304600
vt 0.304600 0.304600
vt 0.304600 0.304600
vt 0.304600 0.304600
vt 0.304600 0.304600
vt 0.304600 0.304600
vt 0.304600 0.304600
vt 0.304600 0.304600
vt 0.304600 0.304600
vt 0.304600 0.304600
vt 0.304600 0.304600
vt 0.304600 0.304600
vt 0.304600 0.304600
vt 0.304600 0.304600
vt 0.304600 0.304600
vt 0.304600 0.304600
vt 0.304600 0.304600
vt 0.304600 0.304600
vt 0.304600 0.304600
vt 0.304600 0.304600
vt 0.304600 0.304600
vt 0.304600 0.304600
vt 0.304600 0.304600
vt 0.304600 0.304600
vt 0.304600 0.304600
vt 0.304600 0.304600
vt 0.304600 0.304600
vt 0.304600 0.304600
vt 0.304600 0.304600
vt 0.304600 0.304600
vt 0.304600 0.304600
vt 0.304600 0.304600
vt 0.304600 0.304600
vt 0.304600 0.304600
vt 0.304600 0.304600
vt 0.304600 0.304600
vt 0.304600 0.304600
vt 0.304600 0.304600
vt 0.304600 0.304600
vt 0.304600 0.304600
vt 0.304600 0.304600
vt 0.304600 0.304600
vt 0.304600 0.304600
vt 0.304600 0.304600
vt 0.304600 0.304600
vt 0.304600 0.304600
vt 0.304600 0.304600
vt 0.304600 0.304600
vt 0.304600 0.304600
vt 0.304600 0.304600
vt 0.304600 0.304600
vt 0.304600 0.304600
vt 0.304600 0.304600
vt 0.304600 0.304600
vt 0.304600 0.304600
vt 0.304600 0.304600
vt 0.304600 0.304600
vt 0.304600 0.304600
vt 0.304600 0.304600
vt 0.304600 0.304600
vt 0.304600 0.304600
vt 0.304600 0.304600
vt 0.304600 0.304600
vt 0.304600 0.304600
vt 0.304600 0.304600
vt 0.304600 0.304600
vt 0.304600 0.304600
vt 0.304600 0.304600
vt 0.304600 0.304600
vt 0.304600 0.304600
vt 0.304600 0.304600
vt 0.304600 0.304600
vt 0.304600 0.304600
vt 0.304600 0.304600
vt 0.304600 0.304600
vt 0.304600 0.304600
vt 0.304600 0.304600
vt 0.304600 0.304600
vt 0.304600 0.304600
vt 0.304600 0.304600
vt 0.304600 0.304600
vt 0.304600 0.304600
vt 0.304600 0.304600
vt 0.304600 0.304600
vt 0.304600 0.304600
vt 0.304600 0.304600
vt 0.304600 0.304600
vt 0.304600 0.304600
vt 0.304600 0.304600
vt 0.304600 0.304600
vt 0.304600 0.304600
vt 0.304600 0.304600
vt 0.304600 0.304600
vt 0.304600 0.304600
vt 0.304600 0.304600
vt 0.304600 0.304600
vt 0.304600 0.304600
vt 0.304600 0.304600
vt 0.304600 0.304600
vt 0.304600 0.304600
vt 0.304600 0.304600
vt 0.304600 0.304600
vt 0.304600 0.304600
vt 0.304600 0.304600
vt 0.304600 0.304600
vt 0.304600 0.304600
vt 0.304600 0.304600
vt 0.304600 0.304600
vt 0.304600 0.304600
vt 0.304600 0.304600
vt 0.304600 0.304600
vt 0.304600 0.304600
vt 0.304600 0.304600
vt 0.304600 0.304600
vt 0.304600 0.304600
vt 0.304600 0.304600
vt 0.304600 0.304600
vt 0.304600 0.304600
vt 0.304600 0.304600
vt 0.304600 0.304600
vt 0.304600 0.304600
vt 0.304600 0.304600
vt 0.304600 0.304600
vt 0.304600 0.304600
vt 0.304600 0.304600
vt 0.304600 0.304600
vt 0.304600 0.304600
vt 0.304600 0.304600
vt 0.304600 0.304600
vt 0.304600 0.304600
vt 0.304600 0.304600
vt 0.304600 0.304600
vt 0.304600 0.304600
vt 0.304600 0.304600
vt 0.304600 0.304600
vt 0.304600 0.304600
vt 0.304600 0.304600
vt 0.304600 0.304600
vt 0.304600 0.304600
vt 0.304600 0.304600
vt 0.304600 0.304600
vt 0.304600 0.304600
vt 0.304600 0.304600
vt 0.304600 0.304600
vt 0.304600 0.304600
vt 0.304600 0.304600
vt 0.304600 0.304600
vt 0.304600 0.304600
vt 0.304600 0.304600
vt 0.304600 0.304600
vt 0.304600 0.304600
vt 0.304600 0.304600
vt 0.304600 0.304600
vt 0.304600 0.304600
vt 0.304600 0.304600
vt 0.304600 0.304600
vt 0.304600 0.304600
vt 0.304600 0.304600
vt 0.304600 0.304600
vt 0.304600 0.304600
vt 0.304600 0.304600
vt 0.304600 0.304600
vt 0.304600 0.304600
vt 0.304600 0.304600
vt 0.304600 0.304600
vt 0.304600 0.304600
vt 0.304600 0.304600
vt 0.304600 0.304600
vt 0.304600 0.304600
vt 0.304600 0.304600
vt 0.304600 0.304600
vt 0.304600 0.304600
vt 0.304600 0.304600
vt 0.304600 0.304600
vt 0.304600 0.304600
vt 0.304600 0.304600
vt 0.304600 0.304600
vt 0.304600 0.304600
vt 0.304600 0.304600
vt 0.304600 0.304600
vt 0.304600 0.304600
vt 0.304600 0.304600
vt 0.304600 0.304600
vt 0.304600 0.304600
vt 0.304600 0.304600
vt 0.304600 0.304600
vt 0.304600 0.304600
vt 0.304600 0.304600
vt 0.304600 0.304600
vt 0.304600 0.304600
vt 0.304600 0.304600
vt 0.304600 0.304600
vt 0.304600 0.304600
vt 0.304600 0.304600
vt 0.304600 0.304600
vt 0.304600 0.304600
vt 0.304600 0.304600
vt 0.304600 0.304600
vt 0.304600 0.304600
vt 0.304600 0.304600
vt 0.304600 0.304600
vt 0.304600 0.304600
vt 0.304600 0.304600
vt 0.304600 0.304600
vt 0.304600 0.304600
vt 0.304600 0.304600
vt 0.304600 0.304600
vt 0.304600 0.304600
vt 0.304600 0.304600
vt 0.304600 0.304600
vt 0.304600 0.304600
vt 0.304600 0.304600
vt 0.304600 0.304600
vt 0.304600 0.304600
vt 0.304600 0.304600
vt 0.304600 0.304600
vt 0.304600 0.304600
vt 0.304600 0.304600
vt 0.304600 0.304600
vt 0.304600 0.304600
vt 0.304600 0.304600
vt 0.304600 0.304600
vt 0.304600 0.304600
vt 0.304600 0.304600
vt 0.304600 0.304600
vt 0.304600 0.304600
vt 0.304600 0.304600
vt 0.304600 0.304600
vt 0.304600 0.304600
vt 0.304600 0.304600
vt 0.304600 0.304600
vt 0.304600 0.304600
vt 0.304600 0.304600
vt 0.304600 0.304600
vt 0.304600 0.304600
vt 0.304600 0.304600
vt 0.304600 0.304600
vt 0.304600 0.304600
vt 0.304600 0.304600
vt 0.304600 0.304600
vt 0.304600 0.304600
vt 0.304600 0.304600
vt 0.304600 0.304600
vt 0.304600 0.304600
vt 0.304600 0.304600
vt 0.304600 0.304600
vt 0.304600 0.304600
vt 0.304600 0.304600
vt 0.304600 0.304600
vt 0.304600 0.304600
vt 0.304600 0.304600
vt 0.304600 0.304600
vt 0.304600 0.304600
vt 0.304600 0.304600
vt 0.304600 0.304600
vt 0.304600 0.304600
vt 0.304600 0.304600
vt 0.304600 0.304600
vt 0.304600 0.304600
vt 0.304600 0.304600
vt 0.304600 0.304600
vt 0.304600 0.304600
vt 0.304600 0.304600
vt 0.304600 0.304600
vt 0.304600 0.304600
vt 0.304600 0.304600
vt 0.304600 0.304600
vt 0.304600 0.304600
vt 0.304600 0.304600
vt 0.304600 0.304600
vt 0.304600 0.304600
vt 0.304600 0.304600
vt 0.304600 0.304600
vt 0.304600 0.304600
vt 0.304600 0.304600
vt 0.304600 0.304600
vt 0.304600 0.304600
vt 0.304600 0.304600
vt 0.304600 0.304600
vt 0.304600 0.304600
vt 0.304600 0.304600
vt 0.304600 0.304600
vt 0.304600 0.304600
vt 0.304600 0.304600
vt 0.304600 0.304600
vt 0.304600 0.304600
vt 0.304600 0.304600
vt 0.304600 0.304600
vt 0.304600 0.304600
vt 0.304600 0.304600
vt 0.304600 0.304600
vt 0.304600 0.304600
vt 0.304600 0.304600
vt 0.304600 0.304600
vt 0.304600 0.304600
vt 0.304600 0.304600
vt 0.304600 0.304600
vt 0.304600 0.304600
vt 0.304600 0.304600
vt 0.304600 0.304600
vt 0.304600 0.304600
vt 0.304600 0.304600
vt 0.304600 0.304600
vt 0.304600 0.304600
vt 0.304600 0.304600
vt 0.304600 0.304600
vt 0.304600 0.304600
vt 0.304600 0.304600
vt 0.304600 0.304600
vt 0.304600 0.304600
vt 0.304600 0.304600
vt 0.304600 0.304600
vt 0.304600 0.304600
vt 0.304600 0.304600
vt 0.304600 0.304600
vt 0.304600 0.304600
vt 0.304600 0.304600
vt 0.304600 0.304600
vt 0.304600 0.304600
vt 0.304600 0.304600
vt 0.304600 0.304600
vt 0.304600 0.304600
vt 0.335900 0.210900
vt 0.335900 0.210900
vt 0.335900 0.210900
vt 0.335900 0.210900
vt 0.335900 0.210900
vt 0.335900 0.210900
vt 0.335900 0.210900
vt 0.335900 0.210900
vt 0.335900 0.210900
vt 0.335900 0.210900
vt 0.335900 0.210900
vt 0.335900 0.210900
vt 0.335900 0.210900
vt 0.335900 0.210900
vt 0.335900 0.210900
vt 0.335900 0.210900
vt 0.335900 0.210900
vt 0.335900 0.210900
vt 0.335900 0.210900
vt 0.335900 0.210900
vt 0.335900 0.210900
vt 0.335900 0.210900
vt 0.335900 0.210900
vt 0.335900 0.210900
vt 0.335900 0.210900
vt 0.335900 0.210900
vt 0.335900 0.210900
vt 0.335900 0.210900
vt 0.335900 0.210900
vt 0.335900 0.210900
vt 0.335900 0.210900
vt 0.335900 0.210900
vt 0.335900 0.210900
vt 0.335900 0.210900
vt 0.335900 0.210900
vt 0.335900 0.210900
vt 0.335900 0.210900
vt 0.335900 0.210900
vt 0.335900 0.210900
vt 0.335900 0.210900
vt 0.335900 0.210900
vt 0.335900 0.210900
vt 0.335900 0.210900
vt 0.335900 0.210900
vt 0.335900 0.210900
vt 0.335900 0.210900
vt 0.335900 0.210900
vt 0.335900 0.210900
vt 0.335900 0.210900
vt 0.335900 0.210900
vt 0.335900 0.210900
vt 0.335900 0.210900
vt 0.335900 0.210900
vt 0.335900 0.210900
vt 0.335900 0.210900
vt 0.335900 0.210900
vt 0.335900 0.210900
vt 0.335900 0.210900
vt 0.335900 0.210900
vt 0.335900 0.210900
vt 0.335900 0.210900
vt 0.335900 0.210900
vt 0.335900 0.210900
vt 0.335900 0.210900
vt 0.335900 0.210900
vt 0.335900 0.210900
vt 0.335900 0.210900
vt 0.335900 0.210900
vt 0.335900 0.210900
vt 0.335900 0.210900
vt 0.335900 0.210900
vt 0.335900 0.210900
vt 0.335900 0.210900
vt 0.335900 0.210900
vt 0.335900 0.210900
vt 0.335900 0.210900
vt 0.335900 0.210900
vt 0.335900 0.210900
vt 0.335900 0.210900
vt 0.335900 0.210900
vt 0.335900 0.210900
vt 0.335900 0.210900
vt 0.335900 0.210900
vt 0.335900 0.210900
vt 0.335900 0.210900
vt 0.335900 0.210900
vt 0.335900 0.210900
vt 0.335900 0.210900
vt 0.335900 0.210900
vt 0.335900 0.210900
vt 0.335900 0.210900
vt 0.335900 0.210900
vt 0.335900 0.210900
vt 0.335900 0.210900
vt 0.335900 0.210900
vt 0.335900 0.210900
vt 0.335900 0.210900
vt 0.335900 0.210900
vt 0.335900 0.210900
vt 0.335900 0.210900
vt 0.335900 0.210900
vt 0.335900 0.210900
vt 0.335900 0.210900
vt 0.335900 0.210900
vt 0.335900 0.210900
vt 0.335900 0.210900
vt 0.335900 0.210900
vt 0.335900 0.210900
vt 0.335900 0.210900
vt 0.335900 0.210900
vt 0.335900 0.210900
vt 0.335900 0.210900
vt 0.335900 0.210900
vt 0.335900 0.210900
vt 0.335900 0.210900
vt 0.335900 0.210900
vt 0.335900 0.210900
vt 0.335900 0.210900
vt 0.335900 0.210900
vt 0.335900 0.210900
vt 0.335900 0.210900
vt 0.335900 0.210900
vt 0.335900 0.210900
vt 0.335900 0.210900
vt 0.335900 0.210900
vt 0.335900 0.210900
vt 0.335900 0.210900
vt 0.335900 0.210900
vt 0.304600 0.289000
vt 0.304600 0.289000
vt 0.304600 0.289000
vt 0.304600 0.289000
vt 0.304600 0.289000
vt 0.304600 0.289000
vt 0.304600 0.289000
vt 0.304600 0.289000
vt 0.304600 0.289000
vt 0.304600 0.289000
vt 0.304600 0.289000
vt 0.304600 0.289000
vt 0.304600 0.289000
vt 0.304600 0.289000
vt 0.304600 0.289000
vt 0.304600 0.289000
vt 0.304600 0.289000
vt 0.304600 0.289000
vt 0.304600 0.289000
vt 0.304600 0.289000
vt 0.304600 0.289000
vt 0.304600 0.289000
vt 0.304600 0.289000
vt 0.304600 0.289000
vt 0.304600 0.289000
vt 0.304600 0.289000
vt 0.304600 0.289000
vt 0.304600 0.289000
vt 0.304600 0.289000
vt 0.304600 0.289000
vt 0.304600 0.289000
vt 0.304600 0.289000
vt 0.304600 0.289000
vt 0.304600 0.289000
vt 0.304600 0.289000
vt 0.304600 0.289000
vt 0.304600 0.289000
vt 0.304600 0.289000
vt 0.304600 0.289000
vt 0.304600 0.289000
vt 0.304600 0.289000
vt 0.304600 0.289000
vt 0.304600 0.289000
vt 0.304600 0.289000
vt 0.304600 0.289000
vt 0.304600 0.289000
vt 0.304600 0.289000
vt 0.304600 0.289000
vt 0.304600 0.289000
vt 0.304600 0.289000
vt 0.289000 0.304600
vt 0.289000 0.304600
vt 0.289000 0.304600
vt 0.289000 0.304600
vt 0.289000 0.304600
vt 0.289000 0.304600
vt 0.289000 0.304600
vt 0.289000 0.304600
vt 0.289000 0.304600
vt 0.289000 0.304600
vt 0.289000 0.304600
vt 0.289000 0.304600
vt 0.289000 0.304600
vt 0.289000 0.304600
vt 0.289000 0.304600
vt 0.289000 0.304600
vt 0.289000 0.304600
vt 0.289000 0.304600
vt 0.289000 0.304600
vt 0.289000 0.304600
vt 0.289000 0.304600
vt 0.289000 0.304600
vt 0.289000 0.304600
vt 0.289000 0.304600
vt 0.289000 0.304600
vt 0.289000 0.304600
vt 0.289000 0.304600
vt 0.289000 0.304600
vt 0.289000 0.304600
vt 0.289000 0.304600
vt 0.289000 0.304600
vt 0.289000 0.304600
vt 0.289000 0.304600
vt 0.289000 0.304600
vt 0.289000 0.304600
vt 0.289000 0.304600
vt 0.289000 0.304600
vt 0.289000 0.304600
vt 0.289000 0.304600
vt 0.289000 0.304600
vt 0.289000 0.304600
vt 0.289000 0.304600
vt 0.289000 0.304600
vt 0.289000 0.304600
vt 0.023400 0.492100
vt 0.023400 0.492100
vt 0.023400 0.492100
vt 0.023400 0.492100
vt 0.023400 0.101500
vt 0.023400 0.101500
vt 0.023400 0.101500
vt 0.023400 0.101500
vt 0.023400 0.101500
vt 0.023400 0.101500
vt 0.023400 0.101500
vt 0.023400 0.101500
vt 0.023400 0.101500
vt 0.023400 0.101500
vt 0.023400 0.101500
vt 0.023400 0.101500
vt 0.023400 0.101500
vt 0.023400 0.101500
vt 0.023400 0.101500
vt 0.023400 0.101500
vt 0.023400 0.101500
vt 0.023400 0.101500
vt 0.023400 0.101500
vt 0.023400 0.101500
vt 0.023400 0.101500
vt 0.023400 0.101500
vt 0.023400 0.101500
vt 0.023400 0.101500
vt 0.023400 0.101500
vt 0.023400 0.101500
vt 0.023400 0.101500
vt 0.023400 0.101500
vt 0.023400 0.101500
vt 0.023400 0.101500
vt 0.023400 0.101500
vt 0.023400 0.101500
vt 0.023400 0.101500
vt 0.023400 0.101500
vt 0.023400 0.101500
vt 0.023400 0.101500
vt 0.023400 0.101500
vt 0.023400 0.101500
vt 0.023400 0.101500
vt 0.023400 0.101500
vt 0.023400 0.101500
vt 0.023400 0.101500
vt 0.023400 0.101500
vt 0.023400 0.101500
vt 0.023400 0.101500
vt 0.023400 0.101500
vt 0.320300 0.195300
vt 0.320300 0.195300
vt 0.320300 0.195300
vt 0.320300 0.195300
vt 0.320300 0.195300
vt 0.320300 0.195300
vt 0.320300 0.195300
vt 0.320300 0.195300
vt 0.320300 0.195300
vt 0.320300 0.195300
vt 0.320300 0.195300
vt 0.320300 0.195300
vt 0.320300 0.195300
vt 0.320300 0.195300
vt 0.320300 0.195300
vt 0.320300 0.195300
vt 0.320300 0.195300
vt 0.320300 0.195300
vt 0.320300 0.195300
vt 0.320300 0.195300
vt 0.320300 0.195300
vt 0.320300 0.195300
vt 0.320300 0.195300
vt 0.320300 0.195300
vt 0.320300 0.195300
vt 0.320300 0.195300
vt 0.320300 0.195300
vt 0.320300 0.195300
vt 0.320300 0.195300
vt 0.320300 0.195300
vt 0.320300 0.195300
vt 0.320300 0.195300
vt 0.320300 0.195300
vt 0.320300 0.195300
vt 0.320300 0.195300
vt 0.320300 0.195300
vt 0.320300 0.195300
vt 0.320300 0.195300
vt 0.320300 0.195300
vt 0.320300 0.195300
vt 0.320300 0.195300
vt 0.320300 0.195300
vt 0.320300 0.195300
vt 0.320300 0.195300
vt 0.320300 0.195300
vt 0.320300 0.195300
vt 0.320300 0.195300
vt 0.320300 0.195300
vt 0.320300 0.195300
vt 0.320300 0.195300
vt 0.320300 0.195300
vt 0.320300 0.195300
vt 0.320300 0.195300
vt 0.320300 0.195300
vt 0.320300 0.195300
vt 0.320300 0.195300
vt 0.320300 0.195300
vt 0.320300 0.195300
vt 0.320300 0.195300
vt 0.320300 0.195300
vt 0.320300 0.195300
vt 0.320300 0.195300
vt 0.320300 0.195300
vt 0.320300 0.195300
vt 0.320300 0.195300
vt 0.320300 0.195300
vt 0.320300 0.195300
vt 0.304600 0.304600
vt 0.304600 0.304600
vt 0.304600 0.304600
vt 0.304600 0.304600
vt 0.304600 0.304600
vt 0.304600 0.304600
vt 0.304600 0.304600
vt 0.304600 0.304600
vt 0.304600 0.304600
vt 0.304600 0.304600
vt 0.304600 0.304600
vt 0.304600 0.304600
vt 0.304600 0.304600
vt 0.304600 0.304600
vt 0.304600 0.304600
vt 0.304600 0.304600
vt 0.304600 0.304600
vt 0.304600 0.304600
vt 0.304600 0.304600
vt 0.304600 0.304600
vt 0.304600 0.304600
vt 0.304600 0.304600
vt 0.304600 0.304600
vt 0.304600 0.304600
vt 0.304600 0.304600
vt 0.304600 0.304600
vt 0.304600 0.304600
vt 0.304600 0.304600
vt 0.304600 0.304600
vt 0.304600 0.304600
vt 0.304600 0.304600
vt 0.304600 0.304600
vt 0.304600 0.304600
vt 0.304600 0.304600
vt 0.304600 0.304600
vt 0.304600 0.304600
vt 0.304600 0.304600
vt 0.320300 0.195300
vt 0.320300 0.195300
vt 0.320300 0.195300
vt 0.320300 0.195300
vt 0.320300 0.195300
vt 0.320300 0.195300
vt 0.320300 0.195300
vt 0.320300 0.195300
vt 0.320300 0.195300
vt 0.320300 0.195300
vt 0.320300 0.195300
vt 0.320300 0.195300
vt 0.320300 0.195300
vt 0.289000 0.304600
vt 0.289000 0.304600
vt 0.289000 0.304600
vt 0.289000 0.304600
vt 0.289000 0.304600
vt 0.304600 0.304600
vt 0.304600 0.304600
vt 0.304600 0.304600
vt 0.304600 0.304600
vt 0.304600 0.304600
vt 0.304600 0.304600
vt 0.304600 0.304600
vt 0.304600 0.304600
vt 0.304600 0.304600
vt 0.304600 0.304600
vt 0.304600 0.304600
vt 0.304600 0.304600
vt 0.304600 0.304600
vt 0.304600 0.304600
vt 0.304600 0.304600
vt 0.304600 0.304600
vt 0.304600 0.304600
vt 0.304600 0.304600
vt 0.304600 0.304600
vt 0.304600 0.304600
vt 0.304600 0.304600
vt 0.304600 0.304600
vt 0.304600 0.304600
vt 0.304600 0.304600
vt 0.304600 0.304600
vt 0.304600 0.304600
vt 0.304600 0.304600
vt 0.304600 0.304600
vt 0.304600 0.304600
vt 0.304600 0.304600
vt 0.304600 0.304600
vt 0.304600 0.304600
vt 0.304600 0.304600
vt 0.304600 0.304600
vt 0.304600 0.304600
vt 0.304600 0.304600
vt 0.304600 0.304600
vt 0.304600 0.304600
vt 0.304600 0.304600
vt 0.304600 0.304600
vt 0.304600 0.304600
vt 0.304600 0.304600
vt 0.304600 0.304600
vt 0.304600 0.304600
vt 0.304600 0.304600
vt 0.304600 0.304600
vt 0.304600 0.304600
vt 0.304600 0.304600
vt 0.304600 0.304600
vt 0.304600 0.304600
vt 0.304600 0.304600
vt 0.304600 0.304600
vt 0.304600 0.304600
vt 0.304600 0.304600
vt 0.304600 0.304600
vt 0.304600 0.304600
vt 0.304600 0.304600
vt 0.304600 0.304600
vt 0.304600 0.304600
vt 0.304600 0.304600
vt 0.304600 0.304600
vt 0.023400 0.101500
vt 0.023400 0.101500
vt 0.023400 0.101500
vt 0.023400 0.101500
vt 0.023400 0.101500
vt 0.023400 0.101500
vt 0.023400 0.101500
vt 0.023400 0.101500
vt 0.023400 0.101500
vt 0.023400 0.101500
vt 0.023400 0.101500
vt 0.023400 0.101500
vt 0.023400 0.101500
vt 0.023400 0.101500
vt 0.023400 0.101500
vt 0.023400 0.101500
vt 0.023400 0.101500
vt 0.023400 0.101500
vt 0.023400 0.101500
vt 0.289000 0.289000
vt 0.289000 0.289000
vt 0.289000 0.289000
vt 0.289000 0.289000
vt 0.289000 0.289000
vt 0.289000 0.289000
vt 0.289000 0.289000
vt 0.289000 0.289000
vt 0.289000 0.289000
vt 0.289000 0.289000
vt 0.289000 0.289000
vt 0.289000 0.289000
vt 0.289000 0.289000
vt 0.289000 0.289000
vt 0.289000 0.289000
vt 0.289000 0.289000
vt 0.289000 0.289000
vt 0.289000 0.289000
vt 0.289000 0.289000
vt 0.289000 0.289000
vt 0.289000 0.289000
vt 0.289000 0.289000
vt 0.289000 0.289000
vt 0.289000 0.289000
vt 0.289000 0.289000
vt 0.289000 0.289000
vt 0.289000 0.289000
vt 0.289000 0.289000
vt 0.289000 0.289000
vt 0.289000 0.289000
vt 0.289000 0.289000
vt 0.289000 0.289000
vt 0.289000 0.289000
vt 0.289000 0.289000
vt 0.289000 0.289000
vt 0.289000 0.289000
vt 0.289000 0.289000
vt 0.289000 0.289000
vt 0.289000 0.289000
vt 0.289000 0.289000
vt 0.289000 0.289000
vt 0.289000 0.289000
vt 0.289000 0.289000
vt 0.289000 0.289000
vt 0.289000 0.289000
vt 0.289000 0.289000
vt 0.289000 0.289000
vt 0.289000 0.289000
vt 0.289000 0.289000
vt 0.054600 0.476500
vt 0.054600 0.476500
vt 0.054600 0.476500
vt 0.054600 0.476500
vt 0.007800 0.117100
vt 0.007800 0.117100
vt 0.007800 0.117100
vt 0.007800 0.117100
vt 0.007800 0.117100
vt 0.007800 0.117100
vt 0.007800 0.117100
vt 0.007800 0.117100
vt 0.054600 0.476500
vt 0.054600 0.476500
vt 0.054600 0.476500
vt 0.054600 0.476500
vt 0.054600 0.476500
vt 0.054600 0.476500
vt 0.054600 0.476500
vt 0.054600 0.476500
vt 0.054600 0.476500
vt 0.054600 0.476500
vt 0.054600 0.476500
vt 0.054600 0.476500
vt 0.054600 0.476500
vt 0.054600 0.476500
vt 0.054600 0.476500
vt 0.054600 0.476500
vt 0.289000 0.289000
vt 0.289000 0.289000
vt 0.054600 0.476500
vt 0.054600 0.476500
vt 0.054600 0.476500
vt 0.054600 0.476500
vt 0.054600 0.476500
vt 0.054600 0.476500
vt 0.054600 0.476500
vt 0.054600 0.476500
vt 0.054600 0.476500
vt 0.054600 0.476500
vt 0.304600 0.304600
vt 0.304600 0.304600
vt 0.304600 0.304600
vt 0.304600 0.304600
vt 0.304600 0.304600
vt 0.304600 0.304600
vt 0.304600 0.304600
vt 0.023400 0.492100
vt 0.023400 0.492100
vt 0.023400 0.492100
vt 0.023400 0.492100
vt 0.007800 0.117100
vt 0.007800 0.117100
vt 0.007800 0.117100
vt 0.007800 0.117100
vt 0.007800 0.117100
vt 0.007800 0.117100
vt 0.007800 0.117100
vt 0.007800 0.117100
vt 0.007800 0.117100
vt 0.007800 0.117100
vt 0.007800 0.117100
vt 0.007800 0.117100
vt 0.007800 0.117100
vt 0.007800 0.117100
vt 0.007800 0.117100
vt 0.007800 0.117100
vt 0.320300 0.195300
vt 0.320300 0.195300
vt 0.320300 0.195300
vt 0.320300 0.195300
vt 0.054600 0.476500
vt 0.054600 0.476500
vt 0.054600 0.476500
vt 0.054600 0.476500
vt 0.054600 0.476500
vt 0.054600 0.476500
vt 0.054600 0.476500
vt 0.054600 0.476500
vt 0.054600 0.476500
vt 0.054600 0.476500
vt 0.054600 0.476500
vt 0.054600 0.476500
vt 0.054600 0.476500
vt 0.054600 0.476500
vt 0.054600 0.476500
vt 0.054600 0.476500
vt 0.054600 0.476500
vt 0.054600 0.476500
vt 0.054600 0.476500
vt 0.054600 0.476500
vt 0.054600 0.476500
vt 0.054600 0.476500
vt 0.054600 0.476500
vt 0.054600 0.476500
vt 0.054600 0.476500
vt 0.054600 0.476500
vt 0.148400 0.492100
vt 0.148400 0.492100
vt 0.148400 0.492100
vt 0.148400 0.492100
vt 0.148400 0.476500
vt 0.148400 0.476500
vt 0.148400 0.476500
vt 0.148400 0.476500
vt 0.148400 0.476500
vt 0.148400 0.476500
vt 0.148400 0.476500
vt 0.148400 0.476500
vt 0.148400 0.476500
vt 0.148400 0.476500
vt 0.148400 0.476500
vt 0.148400 0.476500
vt 0.148400 0.476500
vt 0.148400 0.476500
vt 0.148400 0.476500
vt 0.148400 0.476500
vt 0.148400 0.476500
vt 0.148400 0.476500
vt 0.148400 0.476500
vt 0.148400 0.476500
vt 0.148400 0.476500
vt 0.148400 0.476500
vt 0.148400 0.476500
vt 0.148400 0.476500
vt 0.148400 0.476500
vt 0.148400 0.476500
vt 0.148400 0.476500
vt 0.148400 0.476500
vt 0.148400 0.476500
vt 0.148400 0.476500
vt 0.148400 0.476500
vt 0.148400 0.476500
vt 0.148400 0.476500
vt 0.148400 0.476500
vt 0.148400 0.476500
vt 0.148400 0.476500
vt 0.148400 0.476500
vt 0.148400 0.476500
vt 0.148400 0.476500
vt 0.148400 0.476500
vt 0.148400 0.476500
vt 0.148400 0.476500
vt 0.148400 0.476500
vt 0.148400 0.476500
vt 0.148400 0.476500
vt 0.148400 0.476500
vt 0.148400 0.476500
vt 0.148400 0.476500
vt 0.148400 0.476500
vt 0.148400 0.476500
vt 0.148400 0.476500
vt 0.148400 0.476500
vt 0.148400 0.476500
vt 0.148400 0.476500
vt 0.148400 0.476500
vt 0.148400 0.476500
vt 0.148400 0.476500
vt 0.148400 0.476500
vt 0.148400 0.476500
vt 0.148400 0.476500
vt 0.148400 0.476500
vt 0.148400 0.476500
vt 0.148400 0.476500
vt 0.148400 0.476500
vt 0.148400 0.476500
vt 0.148400 0.476500
vt 0.148400 0.476500
vt 0.148400 0.476500
vt 0.148400 0.476500
vt 0.148400 0.476500
vt 0.148400 0.476500
vt 0.148400 0.476500
vt 0.148400 0.476500
vt 0.148400 0.476500
vt 0.148400 0.476500
vt 0.148400 0.476500
vt 0.148400 0.476500
vt 0.148400 0.476500
vt 0.148400 0.476500
vt 0.148400 0.476500
vt 0.148400 0.476500
vt 0.148400 0.476500
vt 0.148400 0.476500
vt 0.148400 0.476500
vt 0.148400 0.476500
vt 0.132800 0.476500
vt 0.132800 0.476500
vt 0.132800 0.476500
vt 0.132800 0.476500
vt 0.132800 0.476500
vt 0.132800 0.476500
vt 0.132800 0.476500
vt 0.132800 0.476500
vt 0.132800 0.476500
vt 0.132800 0.476500
vt 0.132800 0.476500
vt 0.132800 0.476500
vt 0.132800 0.476500
vt 0.132800 0.476500
vt 0.132800 0.476500
vt 0.132800 0.476500
vt 0.132800 0.476500
vt 0.132800 0.476500
vt 0.132800 0.476500
vt 0.132800 0.476500
vt 0.132800 0.476500
vt 0.132800 0.476500
vt 0.132800 0.476500
vt 0.132800 0.476500
vt 0.132800 0.476500
vt 0.132800 0.476500
vt 0.132800 0.476500
vt 0.132800 0.476500
vt 0.132800 0.476500
vt 0.132800 0.476500
vt 0.132800 0.476500
vt 0.132800 0.476500
vt 0.132800 0.476500
vt 0.132800 0.476500
vt 0.132800 0.476500
vt 0.132800 0.476500
vt 0.132800 0.476500
vt 0.132800 0.476500
vt 0.132800 0.476500
vt 0.132800 0.476500
vt 0.132800 0.476500
vt 0.132800 0.476500
vt 0.132800 0.476500
vt 0.132800 0.476500
vt 0.132800 0.476500
vt 0.132800 0.476500
vt 0.132800 0.476500
vt 0.132800 0.476500
vt 0.132800 0.476500
vt 0.132800 0.476500
vt 0.132800 0.476500
vt 0.132800 0.476500
vt 0.132800 0.476500
vt 0.132800 0.476500
vt 0.132800 0.476500
vt 0.132800 0.476500
vt 0.132800 0.476500
vt 0.132800 0.476500
vt 0.132800 0.476500
vt 0.132800 0.476500
vt 0.132800 0.476500
vt 0.132800 0.476500
vt 0.132800 0.476500
vt 0.132800 0.476500
vt 0.132800 0.476500
vt 0.132800 0.476500
vt 0.132800 0.476500
vt 0.132800 0.476500
vt 0.132800 0.476500
vt 0.132800 0.476500
vt 0.132800 0.476500
vt 0.132800 0.476500
vt 0.132800 0.476500
vt 0.132800 0.476500
vt 0.132800 0.476500
vt 0.132800 0.476500
vt 0.132800 0.476500
vt 0.132800 0.476500
vt 0.132800 0.476500
vt 0.132800 0.476500
vt 0.132800 0.476500
vt 0.132800 0.476500
vt 0.132800 0.476500
vt 0.132800 0.476500
vt 0.132800 0.476500
vt 0.148400 0.492100
vt 0.148400 0.492100
vt 0.148400 0.492100
vt 0.148400 0.492100
vt 0.148400 0.492100
vt 0.148400 0.492100
vt 0.148400 0.492100
vt 0.148400 0.492100
vt 0.148400 0.492100
vt 0.148400 0.492100
vt 0.148400 0.492100
vt 0.148400 0.492100
vt 0.148400 0.492100
vt 0.148400 0.492100
vt 0.148400 0.492100
vt 0.148400 0.492100
vt 0.148400 0.492100
vt 0.148400 0.492100
vt 0.148400 0.492100
vt 0.148400 0.492100
vt 0.148400 0.492100
vt 0.148400 0.492100
vt 0.148400 0.492100
vt 0.148400 0.492100
vt 0.148400 0.492100
vt 0.148400 0.492100
vt 0.148400 0.492100
vt 0.148400 0.492100
vt 0.148400 0.492100
vt 0.148400 0.492100
vt 0.148400 0.492100
vt 0.148400 0.492100
vt 0.148400 0.492100
vt 0.148400 0.492100
vt 0.148400 0.492100
vt 0.148400 0.492100
vt 0.148400 0.492100
vt 0.148400 0.492100
vt 0.148400 0.492100
vt 0.148400 0.492100
vt 0.148400 0.492100
vt 0.148400 0.492100
vt 0.148400 0.492100
vt 0.148400 0.492100
vt 0.148400 0.492100
vt 0.148400 0.492100
vt 0.148400 0.492100
vt 0.148400 0.492100
vt 0.148400 0.492100
vt 0.148400 0.492100
vt 0.148400 0.492100
vt 0.148400 0.492100
vt 0.148400 0.492100
vt 0.148400 0.492100
vt 0.148400 0.492100
vt 0.148400 0.492100
vt 0.148400 0.492100
vt 0.148400 0.492100
vt 0.320300 0.429600
vt 0.320300 0.429600
vt 0.320300 0.429600
vt 0.320300 0.429600
vt 0.320300 0.429600
vt 0.320300 0.429600
vt 0.320300 0.429600
vt 0.320300 0.429600
vt 0.320300 0.429600
vt 0.320300 0.429600
vt 0.320300 0.429600
vt 0.320300 0.429600
vt 0.320300 0.429600
vt 0.320300 0.429600
vt 0.320300 0.429600
vt 0.320300 0.429600
vt 0.320300 0.429600
vt 0.320300 0.429600
vt 0.320300 0.429600
vt 0.320300 0.429600
vt 0.320300 0.429600
vt 0.320300 0.429600
vt 0.320300 0.429600
vt 0.320300 0.429600
vt 0.320300 0.429600
vt 0.320300 0.429600
vt 0.320300 0.429600
vt 0.320300 0.429600
vt 0.320300 0.429600
vt 0.320300 0.429600
vt 0.320300 0.429600
vt 0.320300 0.429600
vt 0.320300 0.429600
vt 0.320300 0.429600
vt 0.320300 0.429600
vt 0.320300 0.429600
vt 0.320300 0.429600
vt 0.320300 0.429600
vt 0.320300 0.429600
vt 0.320300 0.429600
vt 0.320300 0.429600
vt 0.320300 0.429600
vt 0.320300 0.429600
vt 0.320300 0.429600
vt 0.320300 0.429600
vt 0.320300 0.429600
vt 0.320300 0.429600
vt 0.320300 0.429600
vt 0.320300 0.429600
vt 0.320300 0.429600
vt 0.320300 0.429600
vt 0.320300 0.429600
vt 0.320300 0.429600
vt 0.320300 0.429600
vt 0.320300 0.429600
vt 0.320300 0.429600
vt 0.320300 0.429600
vt 0.320300 0.429600
vt 0.320300 0.429600
vt 0.320300 0.429600
vt 0.320300 0.429600
vt 0.320300 0.429600
vt 0.320300 0.429600
vt 0.320300 0.429600
vt 0.320300 0.429600
vt 0.320300 0.429600
vt 0.320300 0.429600
vt 0.320300 0.429600
vt 0.320300 0.429600
vt 0.320300 0.429600
vt 0.320300 0.429600
vt 0.320300 0.429600
vt 0.320300 0.429600
vt 0.320300 0.429600
vt 0.320300 0.429600
vt 0.320300 0.429600
vt 0.320300 0.429600
vt 0.320300 0.429600
vt 0.320300 0.429600
vt 0.320300 0.429600
vt 0.320300 0.429600
vt 0.320300 0.429600
vt 0.320300 0.429600
vt 0.320300 0.429600
vt 0.320300 0.429600
vt 0.320300 0.429600
vt 0.320300 0.429600
vt 0.320300 0.429600
vt 0.320300 0.429600
vt 0.320300 0.429600
vt 0.320300 0.429600
vt 0.320300 0.429600
vt 0.320300 0.429600
vt 0.320300 0.429600
vt 0.320300 0.429600
vt 0.320300 0.429600
vt 0.320300 0.429600
vt 0.320300 0.429600
vt 0.320300 0.429600
vt 0.320300 0.429600
vt 0.320300 0.429600
vt 0.320300 0.429600
vt 0.320300 0.429600
vt 0.320300 0.429600
vt 0.320300 0.429600
vt 0.320300 0.429600
vt 0.320300 0.429600
vt 0.320300 0.429600
vt 0.320300 0.429600
vt 0.320300 0.429600
vt 0.320300 0.429600
vt 0.320300 0.429600
vt 0.320300 0.429600
vt 0.320300 0.429600
vt 0.320300 0.429600
vt 0.320300 0.429600
vt 0.320300 0.429600
vt 0.320300 0.429600
vt 0.320300 0.429600
vt 0.320300 0.429600
vt 0.320300 0.429600
vt 0.320300 0.429600
vt 0.320300 0.429600
vt 0.320300 0.429600
vt 0.320300 0.429600
vt 0.320300 0.429600
vt 0.320300 0.429600
vt 0.320300 0.429600
vt 0.320300 0.429600
vt 0.320300 0.429600
vt 0.320300 0.429600
vt 0.320300 0.429600
vt 0.320300 0.429600
vt 0.320300 0.429600
vt 0.320300 0.429600
vt 0.320300 0.429600
vt 0.398400 0.476500
vt 0.398400 0.476500
vt 0.398400 0.476500
vt 0.398400 0.476500
vt 0.398400 0.476500
vt 0.398400 0.476500
vt 0.398400 0.476500
vt 0.398400 0.476500
vt 0.398400 0.476500
vt 0.398400 0.476500
vt 0.398400 0.476500
vt 0.398400 0.476500
vt 0.398400 0.476500
vt 0.398400 0.476500
vt 0.398400 0.476500
vt 0.398400 0.476500
vt 0.398400 0.476500
vt 0.398400 0.476500
vt 0.398400 0.476500
vt 0.398400 0.476500
vt 0.398400 0.476500
vt 0.398400 0.476500
vt 0.398400 0.476500
vt 0.398400 0.476500
vt 0.398400 0.476500
vt 0.398400 0.476500
vt 0.398400 0.476500
vt 0.398400 0.476500
vt 0.398400 0.476500
vt 0.398400 0.476500
vt 0.398400 0.476500
vt 0.398400 0.476500
vt 0.398400 0.476500
vt 0.398400 0.476500
vt 0.398400 0.476500
vt 0.398400 0.476500
vt 0.398400 0.476500
vt 0.398400 0.476500
vt 0.398400 0.476500
vt 0.398400 0.476500
vt 0.398400 0.476500
vt 0.398400 0.476500
vt 0.398400 0.476500
vt 0.398400 0.476500
vt 0.398400 0.476500
vt 0.398400 0.476500
vt 0.398400 0.476500
vt 0.398400 0.476500
vt 0.398400 0.476500
vt 0.398400 0.476500
vt 0.398400 0.476500
vt 0.398400 0.476500
vt 0.398400 0.476500
vt 0.398400 0.476500
vt 0.398400 0.476500
vt 0.398400 0.476500
vt 0.398400 0.476500
vt 0.398400 0.476500
vt 0.398400 0.476500
vt 0.398400 0.476500
vt 0.398400 0.476500
vt 0.398400 0.476500
vt 0.398400 0.476500
vt 0.398400 0.476500
vt 0.398400 0.476500
vt 0.398400 0.476500
vt 0.398400 0.476500
vt 0.398400 0.476500
vt 0.398400 0.476500
vt 0.398400 0.476500
vt 0.398400 0.476500
vt 0.398400 0.476500
vt 0.398400 0.476500
vt 0.398400 0.476500
vt 0.398400 0.476500
vt 0.398400 0.476500
vt 0.398400 0.476500
vt 0.398400 0.476500
vt 0.398400 0.476500
vt 0.398400 0.476500
vt 0.398400 0.476500
vt 0.398400 0.476500
vt 0.398400 0.476500
vt 0.398400 0.476500
vt 0.398400 0.476500
vt 0.398400 0.476500
vt 0.398400 0.476500
vt 0.398400 0.476500
vt 0.398400 0.476500
vt 0.398400 0.476500
vt 0.398400 0.476500
vt 0.398400 0.476500
vt 0.398400 0.476500
vt 0.398400 0.476500
vt 0.398400 0.476500
vt 0.398400 0.476500
vt 0.398400 0.476500
vt 0.398400 0.476500
vt 0.398400 0.476500
vt 0.398400 0.476500
vt 0.398400 0.476500
vt 0.398400 0.476500
vt 0.398400 0.476500
vt 0.398400 0.476500
vt 0.398400 0.476500
vt 0.398400 0.476500
vt 0.398400 0.476500
vt 0.398400 0.476500
vt 0.398400 0.476500
vt 0.398400 0.476500
vt 0.398400 0.476500
vt 0.335900 0.414000
vt 0.335900 0.414000
vt 0.335900 0.414000
vt 0.335900 0.414000
vt 0.335900 0.414000
vt 0.335900 0.414000
vt 0.335900 0.414000
vt 0.335900 0.414000
vt 0.335900 0.414000
vt 0.335900 0.414000
vt 0.335900 0.414000
vt 0.335900 0.414000
vt 0.335900 0.414000
vt 0.335900 0.414000
vt 0.335900 0.414000
vt 0.335900 0.414000
vt 0.335900 0.414000
vt 0.335900 0.414000
vt 0.335900 0.414000
vt 0.335900 0.414000
vt 0.335900 0.414000
vt 0.335900 0.414000
vt 0.335900 0.414000
vt 0.335900 0.414000
vt 0.335900 0.414000
vt 0.335900 0.414000
vt 0.335900 0.414000
vt 0.335900 0.414000
vt 0.335900 0.414000
vt 0.335900 0.414000
vt 0.335900 0.414000
vt 0.335900 0.414000
vt 0.335900 0.414000
vt 0.335900 0.414000
vt 0.335900 0.414000
vt 0.335900 0.414000
vt 0.335900 0.414000
vt 0.335900 0.414000
vt 0.335900 0.414000
vt 0.335900 0.414000
vt 0.335900 0.414000
vt 0.335900 0.414000
vt 0.335900 0.414000
vt 0.335900 0.414000
vt 0.335900 0.414000
vt 0.335900 0.414000
vt 0.335900 0.414000
vt 0.335900 0.414000
vt 0.335900 0.414000
vt 0.335900 0.414000
vt 0.335900 0.414000
vt 0.335900 0.414000
vt 0.335900 0.414000
vt 0.335900 0.414000
vt 0.335900 0.414000
vt 0.335900 0.414000
vt 0.335900 0.414000
vt 0.335900 0.414000
vt 0.335900 0.414000
vt 0.335900 0.414000
vt 0.335900 0.414000
vt 0.335900 0.414000
vt 0.335900 0.414000
vt 0.335900 0.414000
vt 0.335900 0.414000
vt 0.335900 0.414000
vt 0.335900 0.414000
vt 0.335900 0.414000
vt 0.335900 0.414000
vt 0.335900 0.414000
vt 0.335900 0.414000
vt 0.335900 0.414000
vt 0.335900 0.414000
vt 0.335900 0.414000
vt 0.335900 0.414000
vt 0.335900 0.414000
vt 0.335900 0.414000
vt 0.335900 0.414000
vt 0.335900 0.414000
vt 0.335900 0.414000
vt 0.335900 0.414000
vt 0.335900 0.414000
vt 0.335900 0.414000
vt 0.335900 0.414000
vt 0.335900 0.414000
vt 0.335900 0.414000
vt 0.335900 0.414000
vt 0.335900 0.414000
vt 0.335900 0.414000
vt 0.335900 0.414000
vt 0.335900 0.414000
vt 0.335900 0.414000
vt 0.335900 0.414000
vt 0.335900 0.414000
vt 0.335900 0.414000
vt 0.335900 0.414000
vt 0.335900 0.414000
vt 0.335900 0.414000
vt 0.335900 0.414000
vt 0.335900 0.414000
vt 0.335900 0.414000
vt 0.335900 0.414000
vt 0.335900 0.414000
vt 0.335900 0.414000
vt 0.335900 0.414000
vt 0.335900 0.414000
vt 0.335900 0.414000
vt 0.335900 0.414000
vt 0.335900 0.414000
vt 0.335900 0.414000
vt 0.335900 0.414000
vt 0.335900 0.414000
vt 0.335900 0.414000
vt 0.335900 0.414000
vt 0.335900 0.414000
vt 0.335900 0.414000
vt 0.335900 0.414000
vt 0.335900 0.414000
vt 0.335900 0.414000
vt 0.335900 0.414000
vt 0.335900 0.414000
vt 0.335900 0.414000
vt 0.335900 0.414000
vt 0.335900 0.414000
vt 0.335900 0.414000
vt 0.335900 0.414000
vt 0.335900 0.414000
vt 0.335900 0.414000
vt 0.335900 0.414000
vt 0.335900 0.414000
vt 0.335900 0.414000
vt 0.335900 0.414000
vt 0.335900 0.414000
vt 0.335900 0.414000
vt 0.335900 0.414000
vt 0.335900 0.414000
vt 0.335900 0.414000
vt 0.335900 0.414000
vt 0.335900 0.414000
vt 0.335900 0.414000
vt 0.335900 0.414000
vt 0.335900 0.414000
vt 0.335900 0.414000
vt 0.335900 0.414000
vt 0.335900 0.414000
vt 0.335900 0.414000
vt 0.335900 0.414000
vt 0.335900 0.414000
vt 0.335900 0.414000
vt 0.335900 0.414000
vt 0.335900 0.414000
vt 0.335900 0.414000
vt 0.335900 0.414000
vt 0.335900 0.414000
vt 0.335900 0.414000
vt 0.335900 0.414000
vt 0.335900 0.414000
vt 0.335900 0.414000
vt 0.335900 0.414000
vt 0.335900 0.414000
vt 0.335900 0.414000
vt 0.335900 0.414000
vt 0.335900 0.414000
vt 0.335900 0.414000
vt 0.335900 0.414000
vt 0.335900 0.414000
vt 0.335900 0.414000
vt 0.335900 0.414000
vt 0.335900 0.414000
vt 0.335900 0.414000
vt 0.335900 0.414000
vt 0.335900 0.414000
vt 0.335900 0.414000
vt 0.335900 0.414000
vt 0.335900 0.414000
vt 0.335900 0.414000
vt 0.335900 0.414000
vt 0.335900 0.414000
vt 0.335900 0.414000
vt 0.335900 0.414000
vt 0.335900 0.414000
vt 0.335900 0.414000
vt 0.335900 0.414000
vt 0.335900 0.414000
vt 0.335900 0.414000
vt 0.335900 0.414000
vt 0.335900 0.414000
vt 0.335900 0.414000
vt 0.335900 0.414000
vt 0.335900 0.414000
vt 0.335900 0.414000
vt 0.335900 0.414000
vt 0.335900 0.414000
vt 0.335900 0.414000
vt 0.335900 0.414000
vt 0.335900 0.414000
vt 0.335900 0.414000
vt 0.335900 0.414000
vt 0.335900 0.414000
vt 0.335900 0.414000
vt 0.335900 0.414000
vt 0.335900 0.414000
vt 0.335900 0.414000
vt 0.335900 0.414000
vt 0.335900 0.414000
vt 0.335900 0.414000
vt 0.335900 0.414000
vt 0.335900 0.414000
vt 0.335900 0.414000
vt 0.335900 0.414000
vt 0.335900 0.414000
vt 0.335900 0.414000
vt 0.335900 0.414000
vt 0.335900 0.414000
vt 0.335900 0.414000
vt 0.335900 0.414000
vt 0.335900 0.414000
vt 0.335900 0.414000
vt 0.335900 0.414000
vt 0.335900 0.414000
vt 0.335900 0.414000
vt 0.335900 0.414000
vt 0.335900 0.414000
vt 0.335900 0.414000
vt 0.335900 0.414000
vt 0.335900 0.414000
vt 0.335900 0.414000
vt 0.335900 0.414000
vt 0.335900 0.414000
vt 0.335900 0.414000
vt 0.335900 0.414000
vt 0.335900 0.414000
vt 0.335900 0.414000
vt 0.335900 0.414000
vt 0.335900 0.414000
vt 0.335900 0.414000
vt 0.335900 0.414000
vt 0.335900 0.414000
vt 0.335900 0.414000
vt 0.335900 0.414000
vt 0.335900 0.414000
vt 0.335900 0.414000
vt 0.335900 0.414000
vt 0.335900 0.414000
vt 0.335900 0.414000
vt 0.335900 0.414000
vt 0.398400 0.476500
vt 0.398400 0.476500
vt 0.398400 0.476500
vt 0.398400 0.476500
vt 0.398400 0.476500
vt 0.398400 0.476500
vt 0.398400 0.476500
vt 0.398400 0.476500
vt 0.398400 0.476500
vt 0.398400 0.476500
vt 0.398400 0.476500
vt 0.398400 0.476500
vt 0.398400 0.476500
vt 0.398400 0.476500
vt 0.398400 0.476500
vt 0.398400 0.476500
vt 0.398400 0.476500
vt 0.398400 0.476500
vt 0.398400 0.476500
vt 0.398400 0.476500
vt 0.398400 0.476500
vt 0.398400 0.476500
vt 0.398400 0.476500
vt 0.398400 0.476500
vt 0.398400 0.476500
vt 0.398400 0.476500
vt 0.398400 0.476500
vt 0.398400 0.476500
vt 0.398400 0.476500
vt 0.398400 0.476500
vt 0.398400 0.476500
vt 0.398400 0.476500
vt 0.398400 0.476500
vt 0.398400 0.476500
vt 0.398400 0.476500
vt 0.398400 0.476500
vt 0.398400 0.476500
vt 0.398400 0.476500
vt 0.398400 0.476500
vt 0.398400 0.476500
vt 0.398400 0.476500
vt 0.398400 0.476500
vt 0.398400 0.476500
vt 0.398400 0.476500
vt 0.398400 0.476500
vt 0.398400 0.476500
vt 0.398400 0.476500
vt 0.398400 0.476500
vt 0.398400 0.476500
vt 0.398400 0.476500
vt 0.398400 0.476500
vt 0.398400 0.476500
vt 0.398400 0.476500
vt 0.398400 0.476500
vt 0.398400 0.476500
vt 0.398400 0.476500
vt 0.398400 0.476500
vt 0.398400 0.476500
vt 0.398400 0.476500
vt 0.398400 0.476500
vt 0.398400 0.476500
vt 0.398400 0.476500
vt 0.398400 0.476500
vt 0.398400 0.476500
vt 0.398400 0.476500
vt 0.398400 0.476500
vt 0.398400 0.476500
vt 0.398400 0.476500
vt 0.398400 0.476500
vt 0.398400 0.476500
vt 0.398400 0.476500
vt 0.398400 0.476500
vt 0.398400 0.476500
vt 0.398400 0.476500
vt 0.398400 0.476500
vt 0.398400 0.476500
vt 0.398400 0.476500
vt 0.398400 0.476500
vt 0.398400 0.476500
vt 0.398400 0.476500
vt 0.398400 0.476500
vt 0.398400 0.476500
vt 0.398400 0.476500
vt 0.398400 0.476500
vt 0.398400 0.476500
vt 0.398400 0.476500
vt 0.398400 0.476500
vt 0.398400 0.476500
vt 0.398400 0.476500
vt 0.398400 0.476500
vt 0.398400 0.476500
vt 0.398400 0.476500
vt 0.398400 0.476500
vt 0.398400 0.476500
vt 0.398400 0.476500
vt 0.398400 0.476500
vt 0.398400 0.476500
vt 0.398400 0.476500
vt 0.398400 0.476500
vt 0.398400 0.476500
vt 0.398400 0.476500
vt 0.398400 0.476500
vt 0.398400 0.476500
vt 0.398400 0.476500
vt 0.398400 0.476500
vt 0.398400 0.476500
vt 0.398400 0.476500
vt 0.398400 0.476500
vt 0.398400 0.476500
vt 0.398400 0.476500
vt 0.398400 0.476500
vt 0.398400 0.476500
vt 0.398400 0.476500
vt 0.398400 0.476500
vt 0.398400 0.476500
vt 0.398400 0.476500
vt 0.398400 0.476500
vt 0.398400 0.476500
vt 0.398400 0.476500
vt 0.398400 0.476500
vt 0.398400 0.476500
vt 0.398400 0.476500
vt 0.398400 0.476500
vt 0.398400 0.476500
vt 0.398400 0.476500
vt 0.398400 0.476500
vt 0.398400 0.476500
vt 0.398400 0.476500
vt 0.398400 0.476500
vt 0.398400 0.476500
vt 0.398400 0.476500
vt 0.398400 0.476500
vt 0.398400 0.476500
vt 0.398400 0.476500
vt 0.398400 0.476500
vt 0.398400 0.476500
vt 0.398400 0.476500
vt 0.398400 0.476500
vt 0.398400 0.476500
vt 0.398400 0.476500
vt 0.398400 0.476500
vt 0.398400 0.476500
vt 0.398400 0.476500
vt 0.398400 0.476500
vt 0.398400 0.476500
vt 0.398400 0.476500
vt 0.398400 0.476500
vt 0.398400 0.476500
vt 0.398400 0.476500
vt 0.398400 0.476500
vt 0.398400 0.476500
vt 0.398400 0.476500
vt 0.398400 0.476500
vt 0.398400 0.476500
vt 0.398400 0.476500
vt 0.398400 0.476500
vt 0.398400 0.476500
vt 0.398400 0.476500
vt 0.398400 0.476500
vt 0.398400 0.476500
vt 0.398400 0.476500
vt 0.398400 0.476500
vt 0.398400 0.476500
vt 0.398400 0.476500
vt 0.398400 0.476500
vt 0.398400 0.476500
vt 0.398400 0.476500
vt 0.398400 0.476500
vt 0.398400 0.476500
vt 0.398400 0.476500
vt 0.398400 0.476500
vt 0.398400 0.476500
vt 0.398400 0.476500
vt 0.398400 0.476500
vt 0.398400 0.476500
vt 0.398400 0.476500
vt 0.398400 0.476500
vt 0.398400 0.476500
vt 0.398400 0.476500
vt 0.398400 0.476500
vt 0.398400 0.476500
vt 0.398400 0.476500
vt 0.398400 0.476500
vt 0.398400 0.476500
vt 0.023400 0.101500
vt 0.023400 0.101500
vt 0.023400 0.101500
vt 0.023400 0.101500
vt 0.023400 0.101500
vt 0.023400 0.101500
vt 0.023400 0.101500
vt 0.023400 0.101500
vt 0.023400 0.101500
vt 0.023400 0.101500
vt 0.023400 0.101500
vt 0.023400 0.101500
vt 0.023400 0.101500
vt 0.023400 0.101500
vt 0.023400 0.101500
vt 0.023400 0.101500
vt 0.023400 0.101500
vt 0.023400 0.101500
vt 0.023400 0.101500
vt 0.023400 0.101500
vt 0.023400 0.101500
vt 0.023400 0.101500
vt 0.023400 0.101500
vt 0.023400 0.101500
vt 0.023400 0.101500
vt 0.023400 0.101500
vt 0.023400 0.101500
vt 0.023400 0.101500
vt 0.023400 0.101500
vt 0.023400 0.101500
vt 0.023400 0.101500
vt 0.023400 0.101500
vt 0.023400 0.101500
vt 0.023400 0.101500
vt 0.023400 0.101500
vt 0.023400 0.101500
vt 0.023400 0.101500
vt 0.023400 0.101500
vt 0.023400 0.101500
vt 0.023400 0.101500
vt 0.023400 0.101500
vt 0.023400 0.101500
vt 0.023400 0.101500
vt 0.023400 0.101500
vt 0.023400 0.101500
vt 0.023400 0.101500
vt 0.023400 0.101500
vt 0.023400 0.101500
vt 0.023400 0.101500
vt 0.398400 0.476500
vt 0.398400 0.476500
vt 0.398400 0.476500
vt 0.398400 0.476500
vt 0.398400 0.476500
vt 0.398400 0.476500
vt 0.398400 0.476500
vt 0.398400 0.476500
vt 0.398400 0.476500
vt 0.398400 0.476500
vt 0.398400 0.476500
vt 0.398400 0.476500
vt 0.398400 0.476500
vt 0.398400 0.476500
vt 0.398400 0.476500
vt 0.398400 0.476500
vt 0.398400 0.476500
vt 0.398400 0.476500
vt 0.398400 0.476500
vt 0.398400 0.476500
vt 0.398400 0.476500
vt 0.398400 0.476500
vt 0.398400 0.476500
vt 0.398400 0.476500
vt 0.398400 0.476500
vt 0.398400 0.476500
vt 0.398400 0.476500
vt 0.398400 0.476500
vt 0.398400 0.476500
vt 0.398400 0.476500
vt 0.398400 0.476500
vt 0.398400 0.476500
vt 0.398400 0.476500
vt 0.398400 0.476500
vt 0.398400 0.476500
vt 0.398400 0.476500
vt 0.398400 0.476500
vt 0.398400 0.476500
vt 0.398400 0.476500
vt 0.398400 0.476500
vt 0.398400 0.476500
vt 0.335900 0.414000
vt 0.335900 0.414000
vt 0.335900 0.414000
vt 0.335900 0.414000
vt 0.335900 0.414000
vt 0.335900 0.414000
vt 0.335900 0.414000
vt 0.335900 0.414000
vt 0.335900 0.414000
vt 0.335900 0.414000
vt 0.335900 0.414000
vt 0.335900 0.414000
vt 0.335900 0.414000
vt 0.335900 0.414000
vt 0.335900 0.414000
vt 0.335900 0.414000
vt 0.335900 0.414000
vt 0.335900 0.414000
vt 0.335900 0.414000
vt 0.335900 0.414000
vt 0.335900 0.414000
vt 0.335900 0.414000
vt 0.335900 0.414000
vt 0.335900 0.414000
vt 0.335900 0.414000
vt 0.335900 0.414000
vt 0.335900 0.414000
vt 0.335900 0.414000
vt 0.335900 0.414000
vt 0.335900 0.414000
vt 0.335900 0.429600
vt 0.335900 0.429600
vt 0.335900 0.429600
vt 0.335900 0.429600
vt 0.335900 0.429600
vt 0.335900 0.429600
vt 0.335900 0.429600
vt 0.335900 0.429600
vt 0.335900 0.429600
vt 0.335900 0.429600
vt 0.335900 0.429600
vt 0.335900 0.429600
vt 0.335900 0.429600
vt 0.335900 0.429600
vt 0.335900 0.429600
vt 0.335900 0.429600
vt 0.335900 0.429600
vt 0.335900 0.429600
vt 0.335900 0.429600
vt 0.335900 0.429600
vt 0.335900 0.429600
vt 0.335900 0.429600
vt 0.335900 0.429600
vt 0.335900 0.429600
vt 0.335900 0.429600
vt 0.335900 0.429600
vt 0.320300 0.414000
vt 0.320300 0.414000
vt 0.320300 0.414000
vt 0.320300 0.414000
vt 0.320300 0.414000
vt 0.320300 0.414000
vt 0.320300 0.414000
vt 0.320300 0.414000
vt 0.320300 0.414000
vt 0.320300 0.414000
vt 0.320300 0.414000
vt 0.320300 0.414000
vt 0.320300 0.414000
vt 0.320300 0.414000
vt 0.335900 0.414000
vt 0.335900 0.414000
vt 0.335900 0.414000
vt 0.335900 0.414000
vt 0.335900 0.414000
vt 0.335900 0.414000
vt 0.335900 0.414000
vt 0.335900 0.414000
vt 0.335900 0.414000
vt 0.335900 0.414000
vt 0.335900 0.414000
vt 0.335900 0.414000
vt 0.335900 0.414000
vt 0.335900 0.414000
vt 0.335900 0.414000
vt 0.335900 0.414000
vt 0.335900 0.414000
vt 0.335900 0.414000
vt 0.335900 0.414000
vt 0.335900 0.414000
vt 0.335900 0.414000
vt 0.335900 0.414000
vt 0.335900 0.414000
vt 0.335900 0.414000
vt 0.335900 0.414000
vt 0.335900 0.414000
vt 0.335900 0.414000
vt 0.335900 0.414000
vt 0.289000 0.429600
vt 0.289000 0.429600
vt 0.289000 0.429600
vt 0.289000 0.429600
vt 0.289000 0.429600
vt 0.289000 0.429600
vt 0.289000 0.429600
vt 0.289000 0.429600
vt 0.289000 0.429600
vt 0.289000 0.429600
vt 0.289000 0.429600
vt 0.289000 0.429600
vt 0.289000 0.429600
vt 0.289000 0.429600
vt 0.289000 0.429600
vt 0.289000 0.429600
vt 0.289000 0.429600
vt 0.289000 0.429600
vt 0.289000 0.429600
vt 0.289000 0.429600
vt 0.289000 0.429600
vt 0.289000 0.429600
vt 0.289000 0.429600
vt 0.289000 0.429600
vt 0.289000 0.429600
vt 0.289000 0.429600
vt 0.320300 0.414000
vt 0.320300 0.414000
vt 0.320300 0.414000
vt 0.320300 0.414000
vt 0.320300 0.414000
vt 0.320300 0.414000
vt 0.320300 0.414000
vt 0.320300 0.414000
vt 0.320300 0.414000
vt 0.320300 0.414000
vt 0.320300 0.414000
vt 0.320300 0.414000
vt 0.320300 0.414000
vt 0.320300 0.414000
vt 0.320300 0.414000
vt 0.320300 0.414000
vt 0.320300 0.414000
vt 0.320300 0.414000
vt 0.320300 0.414000
vt 0.320300 0.414000
vt 0.320300 0.414000
vt 0.320300 0.414000
vt 0.320300 0.414000
vt 0.320300 0.414000
vt 0.320300 0.414000
vt 0.320300 0.414000
vt 0.398400 0.476500
vt 0.382800 0.492100
vt 0.382800 0.492100
vt 0.382800 0.492100
vt 0.382800 0.492100
vt 0.382800 0.492100
vt 0.382800 0.492100
vt 0.382800 0.492100
vt 0.382800 0.492100
vt 0.382800 0.492100
vt 0.382800 0.492100
vt 0.382800 0.492100
vt 0.382800 0.492100
vt 0.382800 0.492100
vt 0.382800 0.492100
vt 0.398400 0.492100
vt 0.398400 0.492100
vt 0.398400 0.492100
vt 0.398400 0.492100
vt 0.398400 0.492100
vt 0.398400 0.492100
vt 0.398400 0.492100
vt 0.398400 0.492100
vt 0.398400 0.492100
vt 0.398400 0.492100
vt 0.398400 0.492100
vt 0.398400 0.492100
vt 0.398400 0.492100
vt 0.398400 0.492100
vt 0.398400 0.492100
vt 0.398400 0.492100
vt 0.398400 0.492100
vt 0.398400 0.492100
vt 0.398400 0.492100
vt 0.398400 0.492100
vt 0.398400 0.492100
vt 0.398400 0.492100
vt 0.398400 0.492100
vt 0.398400 0.492100
vt 0.382800 0.476500
vt 0.382800 0.476500
vt 0.382800 0.476500
vt 0.382800 0.476500
vt 0.382800 0.476500
vt 0.023400 0.101500
vt 0.023400 0.101500
vt 0.023400 0.101500
vt 0.023400 0.101500
vt 0.023400 0.101500
vt 0.023400 0.101500
vt 0.023400 0.101500
vt 0.023400 0.101500
vt 0.023400 0.101500
vt 0.023400 0.101500
vt 0.023400 0.101500
vt 0.023400 0.101500
vt 0.023400 0.101500
vt 0.023400 0.101500
vt 0.023400 0.101500
vt 0.023400 0.101500
vt 0.023400 0.101500
vt 0.023400 0.101500
vt 0.023400 0.101500
vt 0.023400 0.101500
vt 0.023400 0.101500
vt 0.023400 0.101500
vt 0.023400 0.101500
vt 0.023400 0.101500
vt 0.023400 0.101500
vt 0.023400 0.101500
vt 0.023400 0.101500
vt 0.023400 0.101500
vt 0.023400 0.101500
vt 0.023400 0.101500
vt 0.023400 0.101500
vt 0.023400 0.101500
vt 0.023400 0.101500
vt 0.023400 0.101500
vt 0.023400 0.101500
vt 0.023400 0.101500
vt 0.023400 0.101500
vt 0.023400 0.101500
vt 0.023400 0.101500
vt 0.023400 0.101500
vt 0.023400 0.101500
vt 0.023400 0.101500
vt 0.023400 0.101500
vt 0.023400 0.101500
vt 0.023400 0.101500
vt 0.023400 0.101500
vt 0.023400 0.101500
vt 0.023400 0.101500
vt 0.023400 0.101500
vt 0.382800 0.476500
vt 0.382800 0.476500
vt 0.382800 0.476500
vt 0.382800 0.476500
vt 0.382800 0.476500
vt 0.382800 0.476500
vt 0.382800 0.476500
vt 0.382800 0.476500
vt 0.382800 0.476500
vt 0.382800 0.476500
vt 0.382800 0.476500
vt 0.382800 0.476500
vt 0.382800 0.476500
vt 0.382800 0.476500
vt 0.382800 0.476500
vt 0.382800 0.476500
vt 0.382800 0.476500
vt 0.382800 0.476500
vt 0.382800 0.476500
vt 0.382800 0.476500
vt 0.382800 0.476500
vt 0.382800 0.476500
vt 0.382800 0.476500
vt 0.382800 0.476500
vt 0.382800 0.476500
vt 0.382800 0.476500
vt 0.382800 0.476500
vt 0.382800 0.476500
vt 0.382800 0.476500
vt 0.382800 0.476500
vt 0.382800 0.476500
vt 0.382800 0.476500
vt 0.382800 0.476500
vt 0.382800 0.476500
vt 0.382800 0.476500
vt 0.382800 0.476500
vt 0.382800 0.476500
vt 0.382800 0.476500
vt 0.382800 0.476500
vt 0.382800 0.476500
vt 0.382800 0.476500
vt 0.382800 0.476500
vt 0.382800 0.476500
vt 0.382800 0.476500
vt 0.382800 0.476500
vt 0.382800 0.476500
vt 0.382800 0.476500
vt 0.382800 0.476500
vt 0.382800 0.476500
vt 0.382800 0.476500
vt 0.382800 0.476500
vt 0.382800 0.476500
vt 0.382800 0.476500
vt 0.382800 0.476500
vt 0.382800 0.476500
vt 0.382800 0.476500
vt 0.382800 0.476500
vt 0.382800 0.476500
vt 0.382800 0.476500
vt 0.382800 0.476500
vt 0.382800 0.476500
vt 0.382800 0.476500
vt 0.382800 0.476500
vt 0.382800 0.476500
vt 0.382800 0.476500
vt 0.382800 0.476500
vt 0.382800 0.476500
vt 0.382800 0.476500
vt 0.382800 0.476500
vt 0.382800 0.476500
vt 0.382800 0.476500
vt 0.382800 0.476500
vt 0.382800 0.476500
vt 0.382800 0.476500
vt 0.382800 0.476500
vt 0.382800 0.476500
vt 0.382800 0.476500
vt 0.382800 0.476500
vt 0.382800 0.476500
vt 0.382800 0.476500
vt 0.382800 0.476500
vt 0.382800 0.476500
vt 0.382800 0.476500
vt 0.382800 0.476500
vt 0.382800 0.476500
vt 0.382800 0.476500
vt 0.382800 0.476500
vt 0.382800 0.476500
vt 0.382800 0.476500
vt 0.382800 0.476500
vt 0.382800 0.476500
vt 0.382800 0.476500
vt 0.382800 0.476500
vt 0.382800 0.476500
vt 0.382800 0.476500
vt 0.382800 0.476500
vt 0.382800 0.476500
vt 0.382800 0.476500
vt 0.382800 0.476500
vt 0.382800 0.476500
vt 0.382800 0.476500
vt 0.382800 0.476500
vt 0.382800 0.476500
vt 0.382800 0.476500
vt 0.382800 0.476500
vt 0.382800 0.476500
vt 0.382800 0.476500
vt 0.382800 0.476500
vt 0.382800 0.476500
vt 0.382800 0.476500
vt 0.382800 0.476500
vt 0.382800 0.476500
vt 0.382800 0.476500
vt 0.382800 0.476500
vt 0.382800 0.476500
vt 0.382800 0.476500
vt 0.382800 0.476500
vt 0.382800 0.476500
vt 0.382800 0.476500
vt 0.382800 0.476500
vt 0.382800 0.476500
vt 0.382800 0.476500
vt 0.382800 0.476500
vt 0.382800 0.476500
vt 0.382800 0.476500
vt 0.382800 0.476500
vt 0.382800 0.476500
vt 0.382800 0.476500
vt 0.382800 0.476500
vt 0.382800 0.476500
vt 0.382800 0.476500
vt 0.382800 0.476500
vt 0.382800 0.476500
vt 0.382800 0.476500
vt 0.382800 0.476500
vt 0.382800 0.476500
vt 0.382800 0.476500
vt 0.382800 0.476500
vt 0.382800 0.476500
vt 0.382800 0.476500
vt 0.382800 0.476500
vt 0.382800 0.476500
vt 0.382800 0.476500
vt 0.382800 0.476500
vt 0.382800 0.476500
vt 0.382800 0.476500
vt 0.382800 0.476500
vt 0.382800 0.476500
vt 0.382800 0.476500
vt 0.382800 0.476500
vt 0.382800 0.476500
vt 0.382800 0.476500
vt 0.382800 0.476500
vt 0.382800 0.476500
vt 0.382800 0.476500
vt 0.382800 0.476500
vt 0.382800 0.476500
vt 0.382800 0.476500
vt 0.382800 0.476500
vt 0.382800 0.476500
vt 0.382800 0.476500
vt 0.382800 0.476500
vt 0.382800 0.476500
vt 0.382800 0.476500
vt 0.382800 0.476500
vt 0.382800 0.476500
vt 0.382800 0.476500
vt 0.382800 0.476500
vt 0.382800 0.476500
vt 0.382800 0.476500
vt 0.382800 0.476500
vt 0.382800 0.476500
vt 0.382800 0.476500
vt 0.382800 0.476500
vt 0.382800 0.476500
vt 0.382800 0.476500
vt 0.382800 0.476500
vt 0.382800 0.476500
vt 0.382800 0.476500
vt 0.382800 0.476500
vt 0.382800 0.476500
vt 0.382800 0.476500
vt 0.382800 0.476500
vt 0.382800 0.476500
vt 0.382800 0.476500
vt 0.382800 0.476500
vt 0.382800 0.476500
vt 0.382800 0.476500
vt 0.382800 0.476500
vt 0.382800 0.476500
vt 0.382800 0.476500
vt 0.382800 0.476500
vt 0.382800 0.476500
vt 0.382800 0.476500
vt 0.382800 0.476500
vt 0.382800 0.476500
vt 0.382800 0.476500
vt 0.382800 0.476500
vt 0.382800 0.476500
vt 0.382800 0.476500
vt 0.382800 0.476500
vt 0.382800 0.476500
vt 0.382800 0.476500
vt 0.382800 0.476500
vt 0.382800 0.476500
vt 0.382800 0.476500
vt 0.382800 0.476500
vt 0.382800 0.476500
vt 0.382800 0.476500
vt 0.382800 0.476500
vt 0.382800 0.476500
vt 0.382800 0.476500
vt 0.382800 0.476500
vt 0.382800 0.476500
vt 0.382800 0.476500
vt 0.382800 0.476500
vt 0.382800 0.476500
vt 0.382800 0.476500
vt 0.382800 0.476500
vt 0.382800 0.476500
vt 0.382800 0.476500
vt 0.382800 0.476500
vt 0.382800 0.476500
vt 0.382800 0.476500
vt 0.382800 0.476500
vt 0.382800 0.476500
vt 0.382800 0.476500
vt 0.382800 0.476500
vt 0.382800 0.476500
vt 0.382800 0.476500
vt 0.382800 0.476500
vt 0.382800 0.476500
vt 0.382800 0.476500
vt 0.382800 0.476500
vt 0.382800 0.476500
vt 0.382800 0.476500
vt 0.382800 0.476500
vt 0.382800 0.476500
vt 0.382800 0.476500
vt 0.382800 0.476500
vt 0.382800 0.476500
vt 0.382800 0.476500
vt 0.382800 0.476500
vt 0.382800 0.476500
vt 0.382800 0.476500
vt 0.382800 0.476500
vt 0.382800 0.476500
vt 0.382800 0.476500
vt 0.382800 0.476500
vt 0.382800 0.476500
vt 0.382800 0.476500
vt 0.382800 0.492100
vt 0.382800 0.492100
vt 0.382800 0.492100
vt 0.382800 0.492100
vt 0.382800 0.492100
vt 0.382800 0.492100
vt 0.382800 0.492100
vt 0.382800 0.492100
vt 0.398400 0.476500
vt 0.398400 0.476500
vt 0.398400 0.476500
vt 0.398400 0.476500
vt 0.398400 0.476500
vt 0.398400 0.476500
vt 0.398400 0.476500
vt 0.398400 0.476500
vt 0.398400 0.476500
vt 0.398400 0.476500
vt 0.398400 0.476500
vt 0.398400 0.476500
vt 0.054600 0.476500
vt 0.054600 0.476500
vt 0.054600 0.476500
vt 0.054600 0.476500
vt 0.054600 0.476500
vt 0.382800 0.476500
vt 0.382800 0.476500
vt 0.382800 0.476500
vt 0.382800 0.476500
vt 0.382800 0.476500
vt 0.382800 0.476500
vt 0.382800 0.476500
vt 0.382800 0.476500
vt 0.382800 0.476500
vt 0.382800 0.476500
vt 0.382800 0.476500
vt 0.382800 0.476500
vt 0.382800 0.476500
vt 0.382800 0.476500
vt 0.382800 0.476500
vt 0.382800 0.476500
vt 0.382800 0.476500
vt 0.382800 0.476500
vt 0.382800 0.476500
vt 0.382800 0.476500
vt 0.382800 0.476500
vt 0.382800 0.476500
vt 0.382800 0.476500
vt 0.382800 0.476500
vt 0.382800 0.476500
vt 0.382800 0.476500
vt 0.382800 0.476500
vt 0.382800 0.476500
vt 0.382800 0.476500
vt 0.382800 0.476500
vt 0.382800 0.476500
vt 0.382800 0.476500
vt 0.382800 0.476500
vt 0.382800 0.476500
vt 0.382800 0.476500
vt 0.382800 0.476500
vt 0.382800 0.476500
vt 0.382800 0.476500
vt 0.382800 0.476500
vt 0.382800 0.476500
vt 0.382800 0.476500
vt 0.382800 0.476500
vt 0.382800 0.476500
vt 0.382800 0.476500
vt 0.382800 0.476500
vt 0.382800 0.476500
vt 0.382800 0.476500
vt 0.382800 0.476500
vt 0.382800 0.476500
vt 0.382800 0.476500
vt 0.382800 0.476500
vt 0.382800 0.476500
vt 0.382800 0.476500
vt 0.382800 0.476500
vt 0.382800 0.476500
vt 0.382800 0.476500
vt 0.382800 0.476500
vt 0.382800 0.476500
vt 0.382800 0.476500
vt 0.382800 0.476500
vt 0.382800 0.476500
vt 0.382800 0.476500
vt 0.382800 0.476500
vt 0.382800 0.476500
vt 0.382800 0.476500
vt 0.382800 0.476500
vt 0.382800 0.476500
vt 0.382800 0.476500
vt 0.382800 0.476500
vt 0.382800 0.476500
vt 0.382800 0.476500
vt 0.382800 0.476500
vt 0.382800 0.476500
vt 0.382800 0.476500
vt 0.382800 0.476500
vt 0.382800 0.476500
vt 0.382800 0.476500
vt 0.382800 0.476500
vt 0.382800 0.476500
vt 0.382800 0.476500
vt 0.382800 0.476500
vt 0.382800 0.476500
vt 0.382800 0.476500
vt 0.398400 0.476500
vt 0.398400 0.476500
vt 0.398400 0.476500
vt 0.398400 0.476500
vt 0.398400 0.476500
vt 0.398400 0.476500
vt 0.398400 0.476500
vt 0.398400 0.476500
vt 0.398400 0.476500
vt 0.398400 0.476500
vt 0.398400 0.476500
vt 0.398400 0.476500
vt 0.382800 0.476500
vt 0.382800 0.476500
vt 0.382800 0.476500
vt 0.382800 0.476500
vt 0.382800 0.476500
vt 0.382800 0.476500
vt 0.382800 0.476500
vt 0.382800 0.476500
vt 0.382800 0.476500
vt 0.382800 0.476500
vt 0.382800 0.476500
vt 0.382800 0.476500
vt 0.382800 0.476500
vt 0.382800 0.476500
vt 0.382800 0.476500
vt 0.382800 0.476500
vt 0.382800 0.476500
vt 0.382800 0.476500
vt 0.382800 0.476500
vt 0.382800 0.476500
vt 0.382800 0.476500
vt 0.382800 0.476500
vt 0.382800 0.992100
vt 0.382800 0.992100
vt 0.382800 0.992100
vt 0.382800 0.992100
vt 0.382800 0.992100
vt 0.382800 0.992100
vt 0.382800 0.992100
vt 0.382800 0.992100
vt 0.382800 0.992100
vt 0.382800 0.992100
vt 0.382800 0.992100
vt 0.382800 0.992100
vt 0.054600 0.476500
vt 0.054600 0.476500
vt 0.054600 0.476500
vt 0.054600 0.476500
vt 0.054600 0.476500
vt 0.382800 0.992100
vt 0.382800 0.992100
vt 0.382800 0.992100
vt 0.382800 0.992100
vt 0.382800 0.992100
vt 0.382800 0.992100
vt 0.382800 0.992100
vt 0.382800 0.992100
vt 0.382800 0.992100
vt 0.382800 0.992100
vt 0.382800 0.492100
vt 0.382800 0.492100
vt 0.382800 0.976500
vt 0.382800 0.976500
vt 0.382800 0.976500
vt 0.382800 0.992100
vt 0.382800 0.992100
vt 0.382800 0.992100
vt 0.382800 0.992100
vt 0.382800 0.992100
vt 0.382800 0.992100
vt 0.382800 0.992100
vt 0.382800 0.992100
vt 0.382800 0.992100
vt 0.382800 0.992100
vt 0.382800 0.992100
vt 0.382800 0.992100
vt 0.382800 0.992100
vt 0.382800 0.992100
vt 0.382800 0.992100
vt 0.382800 0.992100
vt 0.382800 0.992100
vt 0.382800 0.992100
vt 0.382800 0.992100
vt 0.382800 0.992100
vt 0.382800 0.992100
vt 0.382800 0.992100
vt 0.382800 0.992100
vt 0.382800 0.992100
vt 0.382800 0.992100
vt 0.382800 0.992100
vt 0.382800 0.992100
vt 0.382800 0.992100
vt 0.382800 0.992100
vt 0.382800 0.992100
vt 0.398400 0.492100
vt 0.398400 0.492100
vt 0.398400 0.492100
vt 0.398400 0.492100
vt 0.398400 0.492100
vt 0.398400 0.492100
vt 0.398400 0.492100
vt 0.398400 0.492100
vt 0.398400 0.492100
vt 0.398400 0.492100
vt 0.398400 0.492100
vt 0.398400 0.492100
vt 0.398400 0.492100
vt 0.398400 0.492100
vt 0.398400 0.492100
vt 0.398400 0.492100
vt 0.398400 0.492100
vt 0.398400 0.492100
vt 0.398400 0.492100
vt 0.398400 0.492100
vt 0.398400 0.492100
vt 0.398400 0.492100
vt 0.398400 0.492100
vt 0.398400 0.492100
vt 0.398400 0.492100
vt 0.398400 0.492100
vt 0.398400 0.492100
vt 0.398400 0.492100
vt 0.398400 0.492100
vt 0.398400 0.492100
vt 0.382800 0.476500
vt 0.382800 0.476500
vt 0.382800 0.476500
vt 0.382800 0.476500
vt 0.382800 0.476500
vt 0.382800 0.476500
vt 0.382800 0.476500
vt 0.382800 0.476500
vt 0.382800 0.476500
vt 0.382800 0.476500
vt 0.382800 0.476500
vt 0.382800 0.476500
vt 0.382800 0.476500
vt 0.382800 0.476500
vt 0.382800 0.476500
vt 0.382800 0.476500
vt 0.398400 0.476500
vt 0.398400 0.476500
vt 0.398400 0.476500
vt 0.398400 0.476500
vt 0.398400 0.476500
vt 0.398400 0.476500
vt 0.398400 0.476500
vt 0.398400 0.476500
vt 0.398400 0.476500
vt 0.398400 0.476500
vt 0.398400 0.476500
vt 0.398400 0.476500
vt 0.398400 0.476500
vt 0.398400 0.476500
vt 0.398400 0.476500
vt 0.398400 0.476500
vt 0.382800 0.492100
vt 0.382800 0.492100
vt 0.382800 0.492100
vt 0.382800 0.492100
vt 0.382800 0.492100
vt 0.382800 0.492100
vt 0.382800 0.492100
vt 0.382800 0.492100
vt 0.398400 0.476500
vt 0.398400 0.476500
vt 0.398400 0.476500
vt 0.398400 0.476500
vt 0.398400 0.476500
vt 0.398400 0.476500
vt 0.398400 0.476500
vt 0.398400 0.476500
vt 0.398400 0.476500
vt 0.398400 0.476500
vt 0.398400 0.476500
vt 0.398400 0.476500
vt 0.398400 0.476500
vt 0.398400 0.476500
vt 0.398400 0.476500
vt 0.398400 0.476500
vt 0.398400 0.476500
vt 0.398400 0.476500
vt 0.398400 0.476500
vt 0.398400 0.476500
vt 0.398400 0.476500
vt 0.398400 0.476500
vt 0.398400 0.476500
vt 0.398400 0.476500
vt 0.398400 0.476500
vt 0.398400 0.476500
vt 0.398400 0.476500
vt 0.398400 0.476500
vt 0.398400 0.476500
vt 0.398400 0.476500
vt 0.398400 0.476500
vt 0.398400 0.476500
vt 0.398400 0.476500
vt 0.398400 0.476500
vt 0.398400 0.476500
vt 0.398400 0.476500
vt 0.398400 0.476500
vt 0.398400 0.476500
vt 0.398400 0.476500
vt 0.398400 0.476500
vt 0.398400 0.476500
vt 0.398400 0.476500
vt 0.398400 0.476500
vt 0.398400 0.476500
vt 0.398400 0.476500
vt 0.398400 0.476500
vt 0.398400 0.476500
vt 0.398400 0.476500
vt 0.398400 0.476500
vt 0.398400 0.476500
vt 0.398400 0.476500
vt 0.398400 0.476500
vt 0.398400 0.476500
vt 0.398400 0.476500
vt 0.398400 0.476500
vt 0.398400 0.476500
vt 0.398400 0.476500
vt 0.398400 0.476500
vt 0.398400 0.476500
vt 0.398400 0.476500
vt 0.398400 0.476500
vt 0.398400 0.476500
vt 0.398400 0.476500
vt 0.398400 0.476500
vt 0.398400 0.476500
vt 0.398400 0.476500
vt 0.398400 0.476500
vt 0.398400 0.476500
vt 0.398400 0.476500
vt 0.398400 0.476500
vt 0.398400 0.476500
vt 0.398400 0.476500
vt 0.398400 0.476500
vt 0.398400 0.476500
vt 0.398400 0.476500
vt 0.398400 0.476500
vt 0.398400 0.476500
vt 0.398400 0.476500
vt 0.398400 0.476500
vt 0.398400 0.476500
vt 0.398400 0.476500
vt 0.398400 0.476500
vt 0.398400 0.476500
vt 0.398400 0.476500
vt 0.398400 0.476500
vt 0.398400 0.476500
vt 0.398400 0.476500
vt 0.398400 0.476500
vt 0.398400 0.476500
vt 0.398400 0.476500
vt 0.398400 0.476500
vt 0.398400 0.476500
vt 0.398400 0.476500
vt 0.398400 0.476500
vt 0.398400 0.476500
vt 0.398400 0.476500
vt 0.398400 0.476500
vt 0.398400 0.476500
vt 0.398400 0.476500
vt 0.398400 0.476500
vt 0.398400 0.476500
vt 0.398400 0.476500
vt 0.398400 0.476500
vt 0.398400 0.476500
vt 0.398400 0.476500
vt 0.398400 0.476500
vt 0.398400 0.476500
vt 0.398400 0.476500
vt 0.398400 0.476500
vt 0.398400 0.476500
vt 0.398400 0.476500
vt 0.398400 0.476500
vt 0.398400 0.476500
vt 0.398400 0.476500
vt 0.398400 0.476500
vt 0.398400 0.476500
vt 0.398400 0.476500
vt 0.398400 0.476500
vt 0.398400 0.476500
vt 0.398400 0.476500
vt 0.398400 0.476500
vt 0.398400 0.476500
vt 0.398400 0.476500
vt 0.398400 0.476500
vt 0.398400 0.476500
vt 0.398400 0.476500
vt 0.398400 0.476500
vt 0.398400 0.476500
vt 0.398400 0.476500
vt 0.398400 0.476500
vt 0.398400 0.476500
vt 0.398400 0.476500
vt 0.398400 0.476500
vt 0.382800 0.976500
vt 0.382800 0.976500
vt 0.382800 0.976500
vt 0.382800 0.976500
vt 0.382800 0.976500
vt 0.382800 0.976500
vt 0.382800 0.976500
vt 0.382800 0.976500
vt 0.382800 0.976500
vt 0.382800 0.976500
vt 0.382800 0.976500
vt 0.382800 0.976500
vt 0.382800 0.976500
vt 0.382800 0.976500
vt 0.382800 0.976500
vt 0.382800 0.976500
vt 0.382800 0.976500
vt 0.382800 0.976500
vt 0.382800 0.976500
vt 0.382800 0.976500
vt 0.382800 0.976500
vt 0.382800 0.976500
vt 0.382800 0.976500
vt 0.382800 0.976500
vt 0.382800 0.976500
vt 0.382800 0.976500
vt 0.382800 0.976500
vt 0.382800 0.976500
vt 0.382800 0.976500
vt 0.382800 0.976500
vt 0.382800 0.492100
vt 0.382800 0.492100
vt 0.382800 0.492100
vt 0.382800 0.492100
vt 0.382800 0.492100
vt 0.382800 0.492100
vt 0.382800 0.492100
vt 0.382800 0.492100
vt 0.382800 0.492100
vt 0.382800 0.492100
vt 0.382800 0.492100
vt 0.382800 0.492100
vt 0.382800 0.976500
vt 0.382800 0.976500
vt 0.382800 0.976500
vt 0.382800 0.976500
vt 0.398400 0.492100
vt 0.398400 0.492100
vt 0.382800 0.992100
vt 0.382800 0.992100
vt 0.382800 0.476500
vt 0.382800 0.476500
vt 0.382800 0.476500
vt 0.382800 0.476500
vt 0.382800 0.476500
vt 0.382800 0.476500
vt 0.382800 0.476500
vt 0.382800 0.476500
vt 0.382800 0.476500
vt 0.382800 0.476500
vt 0.382800 0.476500
vt 0.382800 0.476500
vt 0.382800 0.476500
vt 0.382800 0.476500
vt 0.382800 0.476500
vt 0.382800 0.476500
vt 0.398400 0.476500
vt 0.398400 0.476500
vt 0.398400 0.476500
vt 0.398400 0.476500
vt 0.398400 0.476500
vt 0.398400 0.476500
vt 0.398400 0.476500
vt 0.398400 0.476500
vt 0.398400 0.476500
vt 0.398400 0.476500
vt 0.398400 0.476500
vt 0.398400 0.476500
vt 0.398400 0.476500
vt 0.398400 0.476500
vt 0.398400 0.476500
vt 0.398400 0.476500
vt 0.398400 0.476500
vt 0.398400 0.476500
vt 0.398400 0.476500
vt 0.398400 0.476500
vt 0.398400 0.476500
vt 0.398400 0.476500
vt 0.398400 0.476500
vt 0.398400 0.476500
vt 0.398400 0.476500
vt 0.398400 0.476500
vt 0.398400 0.476500
vt 0.398400 0.476500
vt 0.398400 0.476500
vt 0.382800 0.976500
vt 0.382800 0.492100
vt 0.382800 0.492100
vt 0.382800 0.492100
vt 0.382800 0.492100
vt 0.382800 0.492100
vt 0.382800 0.492100
vt 0.382800 0.492100
vt 0.382800 0.492100
vt 0.382800 0.492100
vt 0.382800 0.492100
vt 0.382800 0.492100
vt 0.382800 0.492100
vt 0.382800 0.492100
vt 0.382800 0.492100
vt 0.382800 0.492100
vt 0.382800 0.492100
vt 0.382800 0.492100
vt 0.382800 0.492100
vt 0.382800 0.492100
vt 0.382800 0.492100
vt 0.382800 0.492100
vt 0.382800 0.492100
vt 0.382800 0.492100
vt 0.382800 0.492100
vt 0.382800 0.492100
vt 0.382800 0.492100
vt 0.382800 0.492100
vt 0.382800 0.492100
vt 0.382800 0.492100
vt 0.382800 0.492100
vt 0.382800 0.492100
vt 0.382800 0.492100
vt 0.382800 0.492100
vt 0.382800 0.492100
vt 0.382800 0.492100
vt 0.382800 0.492100
vt 0.382800 0.492100
vt 0.382800 0.492100
vt 0.382800 0.492100
vt 0.382800 0.492100
vt 0.382800 0.492100
vt 0.382800 0.492100
vt 0.382800 0.976500
vt 0.382800 0.976500
vt 0.382800 0.976500
vt 0.382800 0.976500
vt 0.382800 0.976500
vt 0.382800 0.976500
vt 0.382800 0.976500
vt 0.382800 0.976500
vt 0.382800 0.976500
vt 0.382800 0.976500
vt 0.382800 0.976500
vt 0.382800 0.976500
vt 0.382800 0.976500
vt 0.382800 0.976500
vt 0.382800 0.976500
vt 0.382800 0.976500
vt 0.382800 0.976500
vt 0.382800 0.976500
vt 0.382800 0.976500
vt 0.382800 0.976500
vt 0.382800 0.976500
vt 0.382800 0.976500
vt 0.382800 0.976500
vt 0.382800 0.976500
vt 0.382800 0.976500
vt 0.382800 0.976500
vt 0.382800 0.976500
vt 0.382800 0.976500
vt 0.382800 0.976500
vt 0.398400 0.476500
vt 0.398400 0.476500
vt 0.398400 0.476500
vt 0.398400 0.476500
vt 0.398400 0.476500
vt 0.398400 0.476500
vt 0.398400 0.476500
vt 0.398400 0.476500
vt 0.398400 0.476500
vt 0.398400 0.476500
vt 0.398400 0.476500
vt 0.398400 0.476500
vt 0.398400 0.476500
vt 0.398400 0.476500
vt 0.398400 0.476500
vt 0.398400 0.476500
vt 0.398400 0.476500
vt 0.398400 0.476500
vt 0.398400 0.476500
vt 0.398400 0.476500
vt 0.398400 0.476500
vt 0.398400 0.476500
vt 0.398400 0.476500
vt 0.398400 0.476500
vt 0.398400 0.476500
vt 0.398400 0.476500
vt 0.398400 0.476500
vt 0.398400 0.476500
vt 0.398400 0.476500
vt 0.398400 0.476500
vt 0.398400 0.476500
vt 0.398400 0.476500
vt 0.398400 0.476500
vt 0.398400 0.476500
vt 0.382800 0.492100
vt 0.382800 0.492100
vt 0.382800 0.492100
vt 0.382800 0.492100
vt 0.382800 0.492100
vt 0.382800 0.492100
vt 0.382800 0.492100
vt 0.382800 0.492100
vt 0.382800 0.492100
vt 0.382800 0.492100
vt 0.382800 0.492100
vt 0.382800 0.492100
vt 0.382800 0.492100
vt 0.382800 0.492100
vt 0.382800 0.492100
vt 0.382800 0.492100
vt 0.398400 0.476500
vt 0.398400 0.476500
vt 0.398400 0.476500
vt 0.398400 0.476500
vt 0.398400 0.476500
vt 0.398400 0.476500
vt 0.398400 0.476500
vt 0.398400 0.476500
vt 0.398400 0.476500
vt 0.398400 0.476500
vt 0.398400 0.476500
vt 0.398400 0.476500
vt 0.398400 0.476500
vt 0.398400 0.476500
vt 0.398400 0.476500
vt 0.398400 0.476500
vt 0.398400 0.476500
vt 0.398400 0.476500
vt 0.398400 0.476500
vt 0.398400 0.476500
vt 0.398400 0.476500
vt 0.398400 0.476500
vt 0.398400 0.476500
vt 0.398400 0.476500
vt 0.398400 0.476500
vt 0.398400 0.476500
vt 0.398400 0.476500
vt 0.398400 0.476500
vt 0.398400 0.476500
vt 0.398400 0.476500
vt 0.398400 0.476500
vt 0.398400 0.476500
vt 0.398400 0.476500
vt 0.398400 0.476500
vt 0.398400 0.476500
vt 0.398400 0.476500
vt 0.398400 0.476500
vt 0.398400 0.476500
vt 0.398400 0.476500
vt 0.398400 0.476500
vt 0.398400 0.476500
vt 0.398400 0.476500
vt 0.398400 0.476500
vt 0.398400 0.476500
vt 0.398400 0.476500
vt 0.398400 0.476500
vt 0.398400 0.476500
vt 0.398400 0.476500
vt 0.398400 0.476500
vt 0.398400 0.476500
vt 0.382800 0.976500
vt 0.382800 0.976500
vt 0.382800 0.976500
vt 0.382800 0.976500
vt 0.382800 0.492100
vt 0.382800 0.492100
vt 0.382800 0.492100
vt 0.382800 0.492100
vt 0.382800 0.492100
vt 0.382800 0.492100
vt 0.382800 0.492100
vt 0.382800 0.492100
vt 0.382800 0.492100
vt 0.382800 0.492100
vt 0.382800 0.492100
vt 0.382800 0.492100
vt 0.382800 0.492100
vt 0.382800 0.492100
vt 0.382800 0.492100
vt 0.382800 0.492100
vt 0.382800 0.492100
vt 0.382800 0.492100
vt 0.382800 0.492100
vt 0.382800 0.492100
vt 0.382800 0.492100
vt 0.382800 0.492100
vt 0.382800 0.492100
vt 0.382800 0.492100
vt 0.382800 0.492100
vt 0.382800 0.492100
vt 0.382800 0.492100
vt 0.382800 0.492100
vt 0.382800 0.492100
vt 0.382800 0.492100
vt 0.382800 0.492100
vt 0.382800 0.492100
vt 0.382800 0.492100
vt 0.382800 0.492100
vt 0.382800 0.492100
vt 0.382800 0.492100
vt 0.382800 0.492100
vt 0.382800 0.492100
vt 0.382800 0.492100
vt 0.382800 0.492100
vt 0.382800 0.492100
vt 0.382800 0.492100
vt 0.382800 0.492100
vt 0.382800 0.492100
vt 0.382800 0.492100
vt 0.382800 0.492100
vt 0.382800 0.492100
vt 0.382800 0.492100
vt 0.382800 0.492100
vt 0.382800 0.492100
vt 0.382800 0.492100
vt 0.382800 0.492100
vt 0.382800 0.492100
vt 0.382800 0.492100
vt 0.382800 0.492100
vt 0.382800 0.492100
vt 0.382800 0.492100
vt 0.382800 0.492100
vt 0.382800 0.492100
vt 0.382800 0.492100
vt 0.382800 0.492100
vt 0.382800 0.492100
vt 0.382800 0.492100
vt 0.382800 0.492100
vt 0.382800 0.492100
vt 0.382800 0.492100
vt 0.382800 0.492100
vt 0.382800 0.492100
vt 0.382800 0.492100
vt 0.382800 0.492100
vt 0.382800 0.492100
vt 0.398400 0.476500
vt 0.398400 0.476500
vt 0.398400 0.476500
vt 0.398400 0.476500
vt 0.398400 0.476500
vt 0.398400 0.476500
vt 0.398400 0.476500
vt 0.398400 0.476500
vt 0.398400 0.476500
vt 0.398400 0.476500
vt 0.398400 0.476500
vt 0.398400 0.476500
vt 0.382800 0.492100
vt 0.382800 0.492100
vt 0.382800 0.492100
vt 0.382800 0.492100
vt 0.382800 0.492100
vt 0.382800 0.492100
vt 0.382800 0.492100
vt 0.382800 0.492100
vt 0.382800 0.476500
vt 0.382800 0.476500
vt 0.382800 0.976500
vt 0.382800 0.976500
vt 0.398400 0.476500
vt 0.382800 0.492100
vt 0.382800 0.492100
vt 0.382800 0.492100
vt 0.382800 0.492100
vt 0.382800 0.492100
vt 0.382800 0.492100
vt 0.398400 0.476500
vt 0.398400 0.476500
vt 0.398400 0.476500
vt 0.398400 0.476500
vt 0.398400 0.476500
vt 0.398400 0.476500
vt 0.398400 0.476500
vt 0.398400 0.476500
vt 0.398400 0.476500
vt 0.398400 0.476500
vt 0.398400 0.476500
vt 0.398400 0.476500
vt 0.476500 0.023400
vt 0.476500 0.023400
vt 0.476500 0.023400
vt 0.476500 0.023400
vt 0.476500 0.023400
vt 0.476500 0.023400
vt 0.476500 0.023400
vt 0.476500 0.023400
vt 0.476500 0.023400
vt 0.476500 0.023400
vt 0.476500 0.023400
vt 0.476500 0.023400
vt 0.476500 0.023400
vt 0.476500 0.023400
vt 0.476500 0.023400
vt 0.476500 0.023400
vt 0.476500 0.023400
vt 0.476500 0.023400
vt 0.476500 0.023400
vt 0.476500 0.023400
vt 0.476500 0.023400
vt 0.476500 0.023400
vt 0.476500 0.023400
vt 0.476500 0.023400
vt 0.476500 0.023400
vt 0.476500 0.023400
vt 0.476500 0.023400
vt 0.476500 0.023400
vt 0.476500 0.023400
vt 0.476500 0.023400
vt 0.476500 0.023400
vt 0.476500 0.023400
vt 0.476500 0.023400
vt 0.476500 0.023400
vt 0.476500 0.023400
vt 0.476500 0.023400
vt 0.476500 0.023400
vt 0.476500 0.023400
vt 0.476500 0.023400
vt 0.476500 0.023400
vt 0.476500 0.023400
vt 0.476500 0.023400
vt 0.476500 0.023400
vt 0.476500 0.023400
vt 0.476500 0.023400
vt 0.476500 0.023400
vt 0.476500 0.023400
vt 0.476500 0.023400
vt 0.476500 0.023400
vt 0.476500 0.023400
vt 0.476500 0.023400
vt 0.476500 0.023400
vt 0.492100 0.523400
vt 0.492100 0.523400
vt 0.492100 0.523400
vt 0.492100 0.523400
vt 0.492100 0.523400
vt 0.492100 0.523400
vt 0.492100 0.523400
vt 0.492100 0.523400
vt 0.492100 0.523400
vt 0.492100 0.523400
vt 0.492100 0.523400
vt 0.492100 0.523400
vt 0.492100 0.523400
vt 0.492100 0.523400
vt 0.492100 0.523400
vt 0.492100 0.523400
vt 0.492100 0.523400
vt 0.492100 0.523400
vt 0.492100 0.523400
vt 0.492100 0.523400
vt 0.492100 0.523400
vt 0.492100 0.523400
vt 0.492100 0.523400
vt 0.492100 0.523400
vt 0.492100 0.523400
vt 0.492100 0.523400
vt 0.492100 0.523400
vt 0.492100 0.523400
vt 0.492100 0.523400
vt 0.492100 0.523400
vt 0.492100 0.523400
vt 0.492100 0.523400
vt 0.492100 0.523400
vt 0.492100 0.523400
vt 0.492100 0.523400
vt 0.492100 0.523400
vt 0.492100 0.523400
vt 0.492100 0.523400
vt 0.492100 0.523400
vt 0.492100 0.523400
vt 0.492100 0.523400
vt 0.492100 0.523400
vt 0.492100 0.523400
vt 0.492100 0.523400
vt 0.492100 0.523400
vt 0.492100 0.523400
vt 0.492100 0.523400
vt 0.492100 0.523400
vt 0.492100 0.523400
vt 0.492100 0.523400
vt 0.492100 0.523400
vt 0.492100 0.523400
vt 0.492100 0.523400
vt 0.492100 0.523400
vt 0.492100 0.523400
vt 0.492100 0.523400
vt 0.492100 0.523400
vt 0.492100 0.023400
vt 0.492100 0.023400
vt 0.492100 0.023400
vt 0.492100 0.023400
vt 0.492100 0.023400
vt 0.492100 0.023400
vt 0.492100 0.023400
vt 0.492100 0.023400
vt 0.492100 0.023400
vt 0.492100 0.023400
vt 0.492100 0.023400
vt 0.492100 0.023400
vt 0.492100 0.023400
vt 0.492100 0.023400
vt 0.492100 0.023400
vt 0.492100 0.023400
vt 0.492100 0.023400
vt 0.492100 0.023400
vt 0.492100 0.023400
vt 0.492100 0.023400
vt 0.492100 0.023400
vt 0.492100 0.023400
vt 0.492100 0.023400
vt 0.492100 0.023400
vt 0.492100 0.023400
vt 0.492100 0.023400
vt 0.492100 0.023400
vt 0.492100 0.023400
vt 0.492100 0.023400
vt 0.492100 0.023400
vt 0.492100 0.023400
vt 0.492100 0.023400
vt 0.492100 0.023400
vt 0.492100 0.023400
vt 0.492100 0.023400
vt 0.492100 0.023400
vt 0.492100 0.023400
vt 0.492100 0.023400
vt 0.492100 0.023400
vt 0.492100 0.023400
vt 0.492100 0.023400
vt 0.492100 0.023400
vt 0.492100 0.023400
vt 0.492100 0.023400
vt 0.492100 0.023400
vt 0.492100 0.023400
vt 0.492100 0.023400
vt 0.492100 0.023400
vt 0.492100 0.023400
vt 0.492100 0.023400
vt 0.492100 0.023400
vt 0.492100 0.023400
vt 0.492100 0.023400
vt 0.492100 0.023400
vt 0.492100 0.023400
vt 0.492100 0.023400
vt 0.492100 0.023400
vt 0.476500 0.007800
vt 0.476500 0.007800
vt 0.476500 0.007800
vt 0.476500 0.007800
vt 0.476500 0.007800
vt 0.476500 0.007800
vt 0.476500 0.007800
vt 0.476500 0.007800
vt 0.476500 0.007800
vt 0.476500 0.007800
vt 0.476500 0.007800
vt 0.476500 0.007800
vt 0.476500 0.007800
vt 0.476500 0.007800
vt 0.476500 0.007800
vt 0.476500 0.007800
vt 0.476500 0.007800
vt 0.476500 0.007800
vt 0.476500 0.007800
vt 0.476500 0.007800
vt 0.476500 0.007800
vt 0.476500 0.007800
vt 0.476500 0.007800
vt 0.476500 0.007800
vt 0.476500 0.007800
vt 0.476500 0.007800
vt 0.476500 0.007800
vt 0.476500 0.007800
vt 0.476500 0.007800
vt 0.476500 0.007800
vt 0.476500 0.007800
vt 0.476500 0.007800
vt 0.476500 0.007800
vt 0.476500 0.007800
vt 0.476500 0.007800
vt 0.476500 0.007800
vt 0.476500 0.007800
vt 0.476500 0.007800
vt 0.476500 0.007800
vt 0.476500 0.007800
vt 0.476500 0.007800
vt 0.476500 0.007800
vt 0.476500 0.007800
vt 0.476500 0.007800
vt 0.476500 0.007800
vt 0.476500 0.007800
vt 0.476500 0.007800
vt 0.476500 0.007800
vt 0.476500 0.007800
vt 0.476500 0.007800
vt 0.476500 0.007800
vt 0.476500 0.007800
vt 0.476500 0.007800
vt 0.476500 0.007800
vt 0.476500 0.007800
vt 0.476500 0.007800
vt 0.476500 0.007800
vt 0.476500 0.007800
vt 0.476500 0.007800
vt 0.476500 0.007800
vt 0.476500 0.007800
vt 0.476500 0.007800
vt 0.476500 0.007800
vt 0.476500 0.007800
vt 0.476500 0.007800
vt 0.476500 0.007800
vt 0.476500 0.007800
vt 0.476500 0.007800
vt 0.476500 0.007800
vt 0.476500 0.007800
vt 0.476500 0.007800
vt 0.476500 0.007800
vt 0.476500 0.007800
vt 0.476500 0.007800
vt 0.476500 0.007800
vt 0.476500 0.007800
vt 0.476500 0.007800
vt 0.476500 0.007800
vt 0.476500 0.007800
vt 0.476500 0.007800
vt 0.476500 0.007800
vt 0.476500 0.007800
vt 0.476500 0.007800
vt 0.476500 0.007800
vt 0.476500 0.007800
vt 0.476500 0.007800
vt 0.476500 0.007800
vt 0.476500 0.007800
vt 0.011100 0.978300
vt 0.011000 0.978300
vt 0.011100 0.978300
vt 0.011000 0.978300
vt 0.011100 0.978300
vt 0.011100 0.978300
vt 0.011100 0.978300
vt 0.011100 0.978300
vt 0.011100 0.978300
vt 0.011100 0.978300
vt 0.011100 0.978300
vt 0.011100 0.978300
vt 0.011100 0.978300
vt 0.011100 0.978300
vt 0.011100 0.978300
vt 0.011100 0.978300
vt 0.011100 0.978300
vt 0.011100 0.978300
vt 0.011100 0.978300
vt 0.011100 0.978300
vt 0.011100 0.978300
vt 0.011100 0.978300
vt 0.011100 0.978300
vt 0.011100 0.978300
vt 0.011100 0.978300
vt 0.011100 0.978300
vt 0.011100 0.978300
vt 0.011100 0.978300
vt 0.011100 0.978300
vt 0.011100 0.978300
vt 0.011100 0.978300
vt 0.011100 0.978300
vt 0.011100 0.978300
vt 0.011100 0.978300
vt 0.011100 0.978300
vt 0.011100 0.978300
vt 0.011100 0.978300
vt 0.011100 0.978300
vt 0.011100 0.978300
vt 0.011100 0.978300
vt 0.011100 0.978300
vt 0.011100 0.978300
vt 0.011100 0.978300
vt 0.011100 0.978300
vt 0.011100 0.978300
vt 0.011100 0.978300
vt 0.011100 0.978300
vt 0.011100 0.978300
vt 0.011100 0.978300
vt 0.011100 0.978300
vt 0.011100 0.978300
vt 0.011100 0.978300
vt 0.011100 0.978300
vt 0.011100 0.978300
vt 0.011100 0.978300
vt 0.011100 0.978300
vt 0.011100 0.978300
vt 0.011100 0.978300
vt 0.011100 0.978300
vt 0.011100 0.978300
vt 0.011100 0.978300
vt 0.011100 0.978300
vt 0.011100 0.978300
vt 0.011100 0.978300
vt 0.011100 0.978300
vt 0.011100 0.978300
vt 0.011100 0.978300
vt 0.011100 0.978300
vt 0.011000 0.978300
vt 0.011000 0.978300
vt 0.011100 0.978300
vt 0.011000 0.978300
vt 0.011100 0.978300
vt 0.011100 0.978300
vt 0.011000 0.978300
vt 0.011100 0.978300
vt 0.011100 0.978300
vt 0.011100 0.978300
vt 0.011100 0.978300
vt 0.011100 0.978300
vt 0.011100 0.978300
vt 0.011000 0.978300
vt 0.011100 0.978300
vt 0.011100 0.978300
vt 0.011100 0.978300
vt 0.011100 0.978300
vt 0.011100 0.978300
vt 0.011100 0.978300
vt 0.011100 0.978300
vt 0.011100 0.978300
vt 0.011100 0.978300
vt 0.011100 0.978300
vt 0.011100 0.978300
vt 0.011100 0.978300
vt 0.011000 0.978300
vt 0.011100 0.978300
vt 0.011100 0.978300
vt 0.011100 0.978300
vt 0.011100 0.978300
vt 0.011100 0.978300
vt 0.011100 0.978300
vt 0.011100 0.978300
vt 0.011100 0.978300
vt 0.011100 0.978300
vt 0.011100 0.978300
vt 0.011100 0.978300
vt 0.011000 0.978300
vt 0.011000 0.978300
vt 0.011100 0.978300
vt 0.011000 0.978300
vt 0.011000 0.978300
vt 0.011100 0.978300
vt 0.011100 0.978300
vt 0.011100 0.978300
vt 0.011100 0.978300
vt 0.011100 0.978300
vt 0.011100 0.978300
vt 0.011100 0.978300
vt 0.011100 0.978300
vt 0.011100 0.978300
vt 0.011100 0.978300
vt 0.011100 0.978300
vt 0.011100 0.978300
vt 0.011000 0.978300
vt 0.011100 0.978300
vt 0.011100 0.978300
vt 0.011100 0.978300
vt 0.011100 0.978300
vt 0.011100 0.978300
vt 0.011100 0.978300
vt 0.011100 0.978300
vt 0.011100 0.978300
vt 0.011100 0.978300
vt 0.011000 0.978300
vt 0.011100 0.978300
vt 0.011100 0.978300
vt 0.011000 0.978300
vt 0.011000 0.978300
vt 0.011100 0.978300
vt 0.011100 0.978300
vt 0.011000 0.978300
vt 0.011100 0.978300
vt 0.011100 0.978300
vt 0.011000 0.978300
vt 0.011100 0.978300
vt 0.011100 0.978300
vt 0.011100 0.978300
vt 0.011100 0.978300
vt 0.011100 0.978300
vt 0.011100 0.978300
vt 0.011100 0.978300
vt 0.011100 0.978300
vt 0.011100 0.978300
vt 0.011100 0.978300
vt 0.011100 0.978300
vt 0.011100 0.978300
vt 0.011100 0.978300
vt 0.011100 0.978300
vt 0.011100 0.978300
vt 0.011100 0.978300
vt 0.011100 0.978300
vt 0.011100 0.978300
vt 0.011100 0.978300
vt 0.011100 0.978300
vt 0.011100 0.978300
vt 0.011100 0.978300
vt 0.011100 0.978300
vt 0.011100 0.978300
vt 0.011100 0.978300
vt 0.011100 0.978300
vt 0.011100 0.978300
vt 0.011100 0.978300
vt 0.011100 0.978300
vt 0.011100 0.978300
vt 0.011000 0.978300
vt 0.011000 0.978300
vt 0.011100 0.978300
vt 0.011100 0.978300
vt 0.011100 0.978300
vt 0.011100 0.978300
vt 0.011100 0.978300
vt 0.011100 0.978300
vt 0.011100 0.978300
vt 0.011100 0.978300
vt 0.011100 0.978300
vt 0.011000 0.978300
vt 0.011000 0.978300
vt 0.011100 0.978300
vt 0.011100 0.978300
vt 0.011000 0.978300
vt 0.011100 0.978300
vt 0.011100 0.978300
vt 0.011100 0.978300
vt 0.011100 0.978300
vt 0.011100 0.978300
vt 0.011100 0.978300
vt 0.011100 0.978300
vt 0.011100 0.978300
vt 0.011100 0.978300
vt 0.011100 0.978300
vt 0.011100 0.978300
vt 0.011100 0.978300
vt 0.011100 0.978300
vt 0.011100 0.978300
vt 0.011100 0.978300
vt 0.011100 0.978300
vt 0.011100 0.978300
vt 0.011100 0.978300
vt 0.011100 0.978300
vt 0.011100 0.978300
vt 0.011100 0.978300
vt 0.011100 0.978300
vt 0.011000 0.978300
vt 0.011000 0.978300
vt 0.011000 0.978300
vt 0.011100 0.978300
vt 0.011100 0.978300
vt 0.011100 0.978300
vt 0.011100 0.978300
vt 0.011000 0.978300
vt 0.011000 0.978300
vt 0.011100 0.978300
vt 0.011100 0.978300
vt 0.011100 0.978300
vt 0.023400 0.101500
vt 0.023400 0.101500
vt 0.023400 0.101500
vt 0.023400 0.101500
vt 0.023400 0.101500
vt 0.023400 0.101500
vt 0.023400 0.101500
vt 0.023400 0.101500
vt 0.023400 0.101500
vt 0.023400 0.101500
vt 0.023400 0.101500
vt 0.023400 0.101500
vt 0.023400 0.101500
vt 0.023400 0.101500
vt 0.023400 0.101500
vt 0.023400 0.101500
vt 0.023400 0.101500
vt 0.023400 0.101500
vt 0.023400 0.101500
vt 0.023400 0.101500
vt 0.023400 0.101500
vt 0.023400 0.101500
vt 0.023400 0.101500
vt 0.023400 0.101500
vt 0.023400 0.101500
vt 0.023400 0.101500
vt 0.023400 0.101500
vt 0.023400 0.101500
vt 0.023400 0.101500
vt 0.023400 0.101500
vt 0.023400 0.101500
vt 0.023400 0.101500
vt 0.023400 0.101500
vt 0.023400 0.101500
vt 0.023400 0.101500
vt 0.023400 0.101500
vt 0.023400 0.101500
vt 0.023400 0.101500
vt 0.023400 0.101500
vt 0.023400 0.101500
vt 0.023400 0.101500
vt 0.023400 0.101500
vt 0.023400 0.101500
vt 0.023400 0.101500
vt 0.023400 0.101500
vt 0.023400 0.101500
vt 0.023400 0.101500
vt 0.023400 0.101500
vt 0.023400 0.101500
vt 0.023400 0.101500
vt 0.023400 0.101500
vt 0.023400 0.101500
vt 0.023400 0.101500
vt 0.023400 0.101500
vt 0.023400 0.101500
vt 0.023400 0.101500
vt 0.023400 0.101500
vt 0.023400 0.101500
vt 0.023400 0.101500
vt 0.023400 0.101500
vt 0.023400 0.101500
vt 0.023400 0.101500
vt 0.023400 0.101500
vt 0.023400 0.101500
vt 0.023400 0.101500
vt 0.023400 0.101500
vt 0.023400 0.101500
vt 0.023400 0.101500
vt 0.023400 0.101500
vt 0.023400 0.101500
vt 0.023400 0.101500
vt 0.023400 0.101500
vt 0.023400 0.101500
vt 0.023400 0.101500
vt 0.023400 0.101500
vt 0.023400 0.101500
vt 0.023400 0.101500
vt 0.023400 0.101500
vt 0.023400 0.101500
vt 0.023400 0.101500
vt 0.023400 0.101500
vt 0.023400 0.101500
vt 0.023400 0.101500
vt 0.023400 0.101500
vt 0.023400 0.101500
vt 0.023400 0.101500
vt 0.023400 0.101500
vt 0.023400 0.101500
vt 0.023400 0.101500
vt 0.023400 0.101500
vt 0.023400 0.101500
vt 0.023400 0.101500
vt 0.023400 0.101500
vt 0.023400 0.101500
vt 0.023400 0.101500
vt 0.023400 0.101500
vt 0.023400 0.101500
vt 0.023400 0.101500
vt 0.023400 0.101500
vt 0.023400 0.101500
vt 0.023400 0.101500
vt 0.023400 0.101500
vt 0.023400 0.101500
vt 0.023400 0.101500
vt 0.023400 0.101500
vt 0.023400 0.101500
vt 0.023400 0.101500
vt 0.023400 0.101500
vt 0.023400 0.101500
vt 0.023400 0.101500
vt 0.023400 0.101500
vt 0.023400 0.101500
vt 0.023400 0.101500
vt 0.023400 0.101500
vt 0.023400 0.101500
vt 0.023400 0.101500
vt 0.023400 0.101500
vt 0.023400 0.101500
vt 0.023400 0.101500
vt 0.023400 0.101500
vt 0.023400 0.101500
vt 0.023400 0.101500
vt 0.023400 0.101500
vt 0.023400 0.101500
vt 0.023400 0.101500
vt 0.023400 0.101500
vt 0.023400 0.101500
vt 0.023400 0.101500
vt 0.023400 0.101500
vt 0.023400 0.101500
vt 0.023400 0.101500
vt 0.023400 0.101500
vt 0.023400 0.101500
vt 0.023400 0.101500
vt 0.023400 0.101500
vt 0.023400 0.101500
vt 0.023400 0.101500
vt 0.023400 0.101500
vt 0.023400 0.101500
vt 0.023400 0.101500
vt 0.023400 0.101500
vt 0.023400 0.101500
vt 0.023400 0.101500
vt 0.023400 0.101500
vt 0.023400 0.101500
vt 0.023400 0.101500
vt 0.023400 0.101500
vt 0.023400 0.101500
vt 0.023400 0.101500
vt 0.023400 0.101500
vt 0.023400 0.101500
vt 0.023400 0.101500
vt 0.023400 0.101500
vt 0.023400 0.101500
vt 0.023400 0.101500
vt 0.023400 0.101500
vt 0.023400 0.101500
vt 0.023400 0.101500
vt 0.023400 0.101500
vt 0.023400 0.101500
vt 0.023400 0.101500
vt 0.023400 0.101500
vt 0.023400 0.101500
vt 0.023400 0.101500
vt 0.023400 0.101500
vt 0.023400 0.101500
vt 0.023400 0.101500
vt 0.023400 0.101500
vt 0.023400 0.101500
vt 0.023400 0.101500
vt 0.023400 0.101500
vt 0.023400 0.101500
vt 0.023400 0.101500
vt 0.023400 0.101500
vt 0.023400 0.101500
vt 0.023400 0.101500
vt 0.011100 0.978300
vt 0.011100 0.978300
vt 0.011100 0.978300
vt 0.011000 0.978300
vt 0.011100 0.978300
vt 0.011100 0.978300
vt 0.011100 0.978300
vt 0.011100 0.978300
vt 0.011100 0.978300
vt 0.011100 0.978300
vt 0.011100 0.978300
vt 0.011100 0.978300
vt 0.011100 0.978300
vt 0.011100 0.978300
vt 0.011000 0.978300
vt 0.011100 0.978300
vt 0.011000 0.978300
vt 0.011000 0.978300
vt 0.011100 0.978300
vt 0.011100 0.978300
vt 0.011100 0.978300
vt 0.011100 0.978300
vt 0.011100 0.978300
vt 0.023400 0.101500
vt 0.023400 0.101500
vt 0.011100 0.978300
vt 0.011100 0.978300
vt 0.011100 0.978300
vt 0.011100 0.978300
vt 0.011100 0.978300
vt 0.011100 0.978300
vt 0.011100 0.978300
vt 0.011100 0.978300
vt 0.011100 0.978300
vt 0.011100 0.978300
vt 0.011100 0.978300
vt 0.011100 0.978300
vt 0.011100 0.978300
vt 0.011100 0.978300
vt 0.011100 0.978300
vt 0.011100 0.978300
vt 0.011100 0.978300
vt 0.011100 0.978300
vt 0.011100 0.978300
vt 0.011100 0.978300
vt 0.011100 0.978300
vt 0.011100 0.978300
vt 0.011100 0.978300
vt 0.011100 0.978300
vt 0.011100 0.978300
vt 0.011100 0.978300
vt 0.011100 0.978300
vt 0.011100 0.978300
vt 0.011100 0.978300
vt 0.011100 0.978300
vt 0.011100 0.978300
vt 0.011100 0.978300
vt 0.011100 0.978300
vt 0.011100 0.978300
vt 0.011100 0.978300
vt 0.011000 0.978300
vt 0.011000 0.978300
vt 0.011100 0.978300
vt 0.011100 0.978300
vt 0.011000 0.978300
vt 0.011100 0.978300
vt 0.011100 0.978300
vt 0.011100 0.978300
vt 0.011100 0.978300
vt 0.011000 0.978300
vt 0.011100 0.978300
vt 0.011000 0.978300
vt 0.011100 0.978300
vt 0.011100 0.978300
vt 0.011100 0.978300
vt 0.011100 0.978300
vt 0.011100 0.978300
vt 0.011000 0.978300
vt 0.011100 0.978300
vt 0.011100 0.978300
vt 0.011100 0.978300
vt 0.011100 0.978300
vt 0.011100 0.978300
vt 0.011100 0.978300
vt 0.011100 0.978300
vt 0.011000 0.978300
vt 0.011100 0.978300
vt 0.011100 0.978300
vt 0.011100 0.978300
vt 0.011000 0.978300
vt 0.011100 0.978300
vt 0.011100 0.978300
vt 0.011000 0.978300
vt 0.011100 0.978300
vt 0.011000 0.978300
vt 0.011100 0.978300
vt 0.011100 0.978300
vt 0.011000 0.978300
vt 0.011100 0.978300
vt 0.011100 0.978300
vt 0.011100 0.978300
vt 0.011100 0.978300
vt 0.011100 0.978300
vt 0.011100 0.978300
vt 0.011100 0.978300
vt 0.011100 0.978300
vt 0.011100 0.978300
vt 0.011000 0.978300
vt 0.011000 0.978300
vt 0.011100 0.978300
vt 0.011100 0.978300
vt 0.011100 0.978300
vt 0.011100 0.978300
vt 0.011100 0.978300
vt 0.011100 0.978300
vt 0.011100 0.978300
vt 0.011000 0.978300
vt 0.011100 0.978300
vt 0.011100 0.978300
vt 0.011100 0.978300
vt 0.011100 0.978300
vt 0.011100 0.978300
vt 0.011100 0.978300
vt 0.011100 0.978300
vt 0.011100 0.978300
vt 0.011100 0.978300
vt 0.011100 0.978300
vt 0.011100 0.978300
vt 0.011100 0.978300
vt 0.011000 0.978300
vt 0.011000 0.978300
vt 0.011100 0.978300
vt 0.011100 0.978300
vt 0.011100 0.978300
vt 0.011100 0.978300
vt 0.011100 0.978300
vt 0.011100 0.978300
vt 0.011100 0.978300
vt 0.011100 0.978300
vt 0.011100 0.978300
vt 0.011100 0.978300
vt 0.011100 0.978300
vt 0.011100 0.978300
vt 0.011100 0.978300
vt 0.011100 0.978300
vt 0.011100 0.978300
vt 0.011100 0.978300
vt 0.011100 0.978300
vt 0.011100 0.978300
vt 0.011100 0.978300
vt 0.011100 0.978300
vt 0.011100 0.978300
vt 0.011100 0.978300
vt 0.011100 0.978300
vt 0.011100 0.978300
vt 0.011100 0.978300
vt 0.011100 0.978300
vt 0.011100 0.978300
vt 0.011100 0.978300
vt 0.011100 0.978300
vt 0.011100 0.978300
vt 0.011100 0.978300
vt 0.011100 0.978300
vt 0.011100 0.978300
vt 0.011100 0.978300
vt 0.011100 0.978300
vt 0.011100 0.978300
vt 0.011100 0.978300
vt 0.011100 0.978300
vt 0.011100 0.978300
vt 0.011100 0.978300
vt 0.011100 0.978300
vt 0.011100 0.978300
vt 0.011100 0.978300
vt 0.011100 0.978300
vt 0.011100 0.978300
vt 0.011100 0.978300
vt 0.011100 0.978300
vt 0.011100 0.978300
vt 0.011100 0.978300
vt 0.011100 0.978300
vt 0.011100 0.978300
vt 0.011100 0.978300
vt 0.011100 0.978300
vt 0.011100 0.978300
vt 0.011100 0.978300
vt 0.011100 0.978300
vt 0.011100 0.978300
vt 0.011000 0.978300
vt 0.011000 0.978300
vt 0.011100 0.978300
vt 0.011100 0.978300
vt 0.011100 0.978300
vt 0.011000 0.978300
vt 0.011100 0.978300
vt 0.011100 0.978300
vt 0.011100 0.978300
vt 0.011100 0.978300
vt 0.011100 0.978300
vt 0.011100 0.978300
vt 0.011100 0.978300
vt 0.011100 0.978300
vt 0.011100 0.978300
vt 0.011100 0.978300
vt 0.011100 0.978300
vt 0.011000 0.978300
vt 0.011000 0.978300
vt 0.011100 0.978300
vt 0.011100 0.978300
vt 0.011100 0.978300
vt 0.011000 0.978300
vt 0.011100 0.978300
vt 0.011100 0.978300
vt 0.011100 0.978300
vt 0.011100 0.978300
vt 0.011100 0.978300
vt 0.011000 0.978300
vt 0.011100 0.978300
vt 0.023400 0.101500
vt 0.023400 0.101500
vt 0.023400 0.101500
vt 0.023400 0.101500
vt 0.023400 0.101500
vt 0.023400 0.101500
vt 0.023400 0.101500
vt 0.023400 0.101500
vt 0.023400 0.101500
vt 0.023400 0.101500
vt 0.023400 0.101500
vt 0.023400 0.101500
vt 0.023400 0.101500
vt 0.023400 0.101500
vt 0.023400 0.101500
vt 0.023400 0.101500
vt 0.023400 0.101500
vt 0.023400 0.101500
vt 0.023400 0.101500
vt 0.023400 0.101500
vt 0.023400 0.101500
vt 0.023400 0.101500
vt 0.023400 0.101500
vt 0.023400 0.101500
vt 0.023400 0.101500
vt 0.023400 0.101500
vt 0.023400 0.101500
vt 0.023400 0.101500
vt 0.023400 0.101500
vt 0.023400 0.101500
vt 0.023400 0.101500
vt 0.023400 0.101500
vt 0.023400 0.101500
vt 0.023400 0.101500
vt 0.023400 0.101500
vt 0.023400 0.101500
vt 0.023400 0.101500
vt 0.023400 0.101500
vt 0.023400 0.101500
vt 0.023400 0.101500
vt 0.023400 0.101500
vt 0.023400 0.101500
vt 0.023400 0.101500
vt 0.023400 0.101500
vt 0.023400 0.101500
vt 0.023400 0.101500
vt 0.023400 0.101500
vt 0.023400 0.101500
vt 0.023400 0.101500
vt 0.023400 0.101500
vt 0.023400 0.101500
vt 0.023400 0.101500
vt 0.023400 0.101500
vt 0.023400 0.101500
vt 0.023400 0.101500
vt 0.023400 0.101500
vt 0.023400 0.101500
vt 0.023400 0.101500
vt 0.023400 0.101500
vt 0.023400 0.101500
vt 0.023400 0.101500
vt 0.023400 0.101500
vt 0.023400 0.101500
vt 0.023400 0.101500
vt 0.023400 0.101500
vt 0.414000 0.023400
vt 0.414000 0.023400
vt 0.414000 0.023400
vt 0.414000 0.023400
vt 0.414000 0.023400
vt 0.414000 0.023400
vt 0.414000 0.023400
vt 0.414000 0.023400
vt 0.414000 0.023400
vt 0.414000 0.023400
vt 0.414000 0.023400
vt 0.414000 0.023400
vt 0.414000 0.023400
vt 0.414000 0.023400
vt 0.414000 0.023400
vt 0.414000 0.023400
vt 0.414000 0.023400
vt 0.414000 0.023400
vt 0.414000 0.023400
vt 0.414000 0.023400
vt 0.414000 0.023400
vt 0.414000 0.023400
vt 0.414000 0.023400
vt 0.414000 0.023400
vt 0.414000 0.023400
vt 0.414000 0.023400
vt 0.414000 0.023400
vt 0.414000 0.023400
vt 0.414000 0.023400
vt 0.414000 0.023400
vt 0.414000 0.023400
vt 0.414000 0.023400
vt 0.414000 0.023400
vt 0.414000 0.023400
vt 0.414000 0.023400
vt 0.414000 0.023400
vt 0.414000 0.023400
vt 0.414000 0.023400
vt 0.414000 0.023400
vt 0.414000 0.023400
vt 0.414000 0.023400
vt 0.414000 0.023400
vt 0.414000 0.023400
vt 0.414000 0.023400
vt 0.414000 0.023400
vt 0.414000 0.023400
vt 0.414000 0.023400
vt 0.414000 0.023400
vt 0.414000 0.023400
vt 0.414000 0.023400
vt 0.414000 0.023400
vt 0.414000 0.023400
vt 0.414000 0.023400
vt 0.414000 0.023400
vt 0.414000 0.023400
vt 0.414000 0.023400
vt 0.414000 0.023400
vt 0.414000 0.523400
vt 0.414000 0.523400
vt 0.414000 0.523400
vt 0.414000 0.523400
vt 0.414000 0.523400
vt 0.414000 0.523400
vt 0.414000 0.523400
vt 0.414000 0.523400
vt 0.414000 0.523400
vt 0.414000 0.523400
vt 0.414000 0.523400
vt 0.414000 0.523400
vt 0.414000 0.523400
vt 0.414000 0.523400
vt 0.414000 0.523400
vt 0.414000 0.523400
vt 0.414000 0.523400
vt 0.414000 0.523400
vt 0.414000 0.523400
vt 0.414000 0.523400
vt 0.414000 0.523400
vt 0.414000 0.523400
vt 0.414000 0.523400
vt 0.414000 0.523400
vt 0.414000 0.523400
vt 0.414000 0.523400
vt 0.414000 0.523400
vt 0.414000 0.523400
vt 0.414000 0.523400
vt 0.414000 0.523400
vt 0.414000 0.523400
vt 0.414000 0.523400
vt 0.414000 0.523400
vt 0.414000 0.523400
vt 0.414000 0.523400
vt 0.414000 0.523400
vt 0.414000 0.523400
vt 0.414000 0.523400
vt 0.414000 0.523400
vt 0.414000 0.523400
vt 0.414000 0.523400
vt 0.414000 0.523400
vt 0.414000 0.523400
vt 0.414000 0.523400
vt 0.414000 0.523400
vt 0.414000 0.523400
vt 0.414000 0.523400
vt 0.414000 0.523400
vt 0.414000 0.523400
vt 0.414000 0.523400
vt 0.414000 0.523400
vt 0.414000 0.523400
vt 0.414000 0.523400
vt 0.414000 0.523400
vt 0.414000 0.523400
vt 0.414000 0.523400
vt 0.429600 0.007800
vt 0.429600 0.007800
vt 0.429600 0.007800
vt 0.429600 0.007800
vt 0.429600 0.007800
vt 0.429600 0.007800
vt 0.429600 0.007800
vt 0.429600 0.007800
vt 0.429600 0.007800
vt 0.429600 0.007800
vt 0.429600 0.007800
vt 0.429600 0.007800
vt 0.429600 0.007800
vt 0.429600 0.007800
vt 0.429600 0.007800
vt 0.429600 0.007800
vt 0.429600 0.007800
vt 0.429600 0.007800
vt 0.429600 0.007800
vt 0.429600 0.007800
vt 0.429600 0.007800
vt 0.429600 0.007800
vt 0.429600 0.007800
vt 0.429600 0.007800
vt 0.429600 0.007800
vt 0.429600 0.007800
vt 0.429600 0.007800
vt 0.429600 0.007800
vt 0.429600 0.007800
vt 0.429600 0.007800
vt 0.429600 0.007800
vt 0.429600 0.007800
vt 0.429600 0.007800
vt 0.429600 0.007800
vt 0.429600 0.007800
vt 0.429600 0.007800
vt 0.429600 0.007800
vt 0.429600 0.007800
vt 0.429600 0.007800
vt 0.429600 0.007800
vt 0.429600 0.007800
vt 0.429600 0.007800
vt 0.429600 0.007800
vt 0.429600 0.007800
vt 0.429600 0.007800
vt 0.429600 0.007800
vt 0.429600 0.007800
vt 0.429600 0.007800
vt 0.429600 0.007800
vt 0.429600 0.007800
vt 0.429600 0.007800
vt 0.429600 0.007800
vt 0.429600 0.007800
vt 0.429600 0.007800
vt 0.429600 0.007800
vt 0.429600 0.007800
vt 0.429600 0.007800
vt 0.429600 0.007800
vt 0.429600 0.007800
vt 0.429600 0.007800
vt 0.429600 0.007800
vt 0.429600 0.007800
vt 0.429600 0.007800
vt 0.429600 0.007800
vt 0.429600 0.007800
vt 0.429600 0.007800
vt 0.429600 0.007800
vt 0.429600 0.007800
vt 0.429600 0.007800
vt 0.429600 0.007800
vt 0.429600 0.007800
vt 0.429600 0.007800
vt 0.429600 0.007800
vt 0.429600 0.007800
vt 0.429600 0.007800
vt 0.429600 0.007800
vt 0.429600 0.007800
vt 0.429600 0.007800
vt 0.429600 0.007800
vt 0.429600 0.007800
vt 0.429600 0.007800
vt 0.429600 0.007800
vt 0.429600 0.007800
vt 0.429600 0.007800
vt 0.429600 0.007800
vt 0.429600 0.007800
vt 0.429600 0.007800
vt 0.429600 0.007800
vt 0.429600 0.007800
vt 0.429600 0.007800
vt 0.429600 0.007800
vt 0.429600 0.007800
vt 0.429600 0.007800
vt 0.429600 0.007800
vt 0.429600 0.007800
vt 0.429600 0.007800
vt 0.429600 0.007800
vt 0.429600 0.007800
vt 0.429600 0.007800
vt 0.429600 0.007800
vt 0.429600 0.007800
vt 0.429600 0.007800
vt 0.429600 0.007800
vt 0.429600 0.007800
vt 0.429600 0.007800
vt 0.429600 0.007800
vt 0.429600 0.007800
vt 0.429600 0.007800
vt 0.429600 0.007800
vt 0.429600 0.007800
vt 0.429600 0.007800
vt 0.429600 0.007800
vt 0.429600 0.007800
vt 0.429600 0.007800
vt 0.429600 0.007800
vt 0.429600 0.007800
vt 0.429600 0.007800
vt 0.429600 0.007800
vt 0.429600 0.007800
vt 0.429600 0.007800
vt 0.429600 0.007800
vt 0.429600 0.007800
vt 0.429600 0.007800
vt 0.429600 0.007800
vt 0.429600 0.007800
vt 0.429600 0.007800
vt 0.429600 0.007800
vt 0.429600 0.007800
vt 0.429600 0.007800
vt 0.429600 0.007800
vt 0.429600 0.007800
vt 0.429600 0.007800
vt 0.429600 0.007800
vt 0.429600 0.007800
vt 0.429600 0.007800
vt 0.429600 0.007800
vt 0.429600 0.007800
vt 0.429600 0.007800
vt 0.429600 0.007800
vt 0.429600 0.007800
vt 0.429600 0.007800
vt 0.429600 0.007800
vt 0.429600 0.007800
vt 0.429600 0.007800
vt 0.429600 0.007800
vt 0.429600 0.007800
vt 0.429600 0.007800
vt 0.429600 0.007800
vt 0.429600 0.007800
vt 0.429600 0.007800
vt 0.429600 0.007800
vt 0.429600 0.007800
vt 0.429600 0.007800
vt 0.429600 0.007800
vt 0.429600 0.007800
vt 0.429600 0.007800
vt 0.429600 0.007800
vt 0.429600 0.007800
vt 0.429600 0.023400
vt 0.429600 0.023400
vt 0.429600 0.023400
vt 0.429600 0.023400
vt 0.429600 0.023400
vt 0.429600 0.023400
vt 0.429600 0.023400
vt 0.429600 0.023400
vt 0.429600 0.023400
vt 0.429600 0.023400
vt 0.429600 0.023400
vt 0.429600 0.023400
vt 0.429600 0.023400
vt 0.429600 0.023400
vt 0.429600 0.023400
vt 0.429600 0.023400
vt 0.429600 0.023400
vt 0.429600 0.023400
vt 0.429600 0.023400
vt 0.429600 0.023400
vt 0.429600 0.023400
vt 0.429600 0.023400
vt 0.429600 0.023400
vt 0.429600 0.023400
vt 0.429600 0.023400
vt 0.429600 0.023400
vt 0.429600 0.023400
vt 0.429600 0.023400
vt 0.429600 0.023400
vt 0.429600 0.023400
vt 0.429600 0.023400
vt 0.429600 0.023400
vt 0.429600 0.023400
vt 0.429600 0.023400
vt 0.429600 0.023400
vt 0.429600 0.023400
vt 0.429600 0.023400
vt 0.429600 0.023400
vt 0.429600 0.023400
vt 0.429600 0.023400
vt 0.429600 0.023400
vt 0.429600 0.023400
vt 0.429600 0.023400
vt 0.429600 0.023400
vt 0.429600 0.023400
vt 0.429600 0.023400
vt 0.429600 0.023400
vt 0.429600 0.023400
vt 0.429600 0.023400
vt 0.429600 0.023400
vt 0.429600 0.023400
vt 0.429600 0.023400
vt 0.429600 0.023400
vt 0.429600 0.023400
vt 0.429600 0.023400
vt 0.429600 0.023400
vt 0.429600 0.023400
vt 0.414000 0.523400
vt 0.414000 0.523400
vt 0.414000 0.523400
vt 0.414000 0.523400
vt 0.414000 0.523400
vt 0.414000 0.523400
vt 0.414000 0.523400
vt 0.414000 0.523400
vt 0.414000 0.523400
vt 0.414000 0.523400
vt 0.414000 0.523400
vt 0.414000 0.523400
vt 0.414000 0.523400
vt 0.414000 0.523400
vt 0.414000 0.523400
vt 0.414000 0.523400
vt 0.414000 0.523400
vt 0.414000 0.523400
vt 0.414000 0.523400
vt 0.414000 0.523400
vt 0.414000 0.523400
vt 0.414000 0.523400
vt 0.414000 0.523400
vt 0.414000 0.523400
vt 0.414000 0.523400
vt 0.414000 0.523400
vt 0.414000 0.523400
vt 0.414000 0.523400
vt 0.414000 0.523400
vt 0.414000 0.523400
vt 0.414000 0.523400
vt 0.414000 0.523400
vt 0.414000 0.523400
vt 0.414000 0.523400
vt 0.414000 0.523400
vt 0.414000 0.523400
vt 0.414000 0.523400
vt 0.414000 0.523400
vt 0.414000 0.523400
vt 0.414000 0.523400
vt 0.414000 0.523400
vt 0.414000 0.523400
vt 0.414000 0.523400
vt 0.414000 0.523400
vt 0.414000 0.523400
vt 0.414000 0.523400
vt 0.414000 0.523400
vt 0.414000 0.523400
vt 0.414000 0.523400
vt 0.429600 0.007800
vt 0.429600 0.007800
vt 0.429600 0.007800
vt 0.429600 0.007800
vt 0.429600 0.007800
vt 0.429600 0.007800
vt 0.429600 0.007800
vt 0.429600 0.007800
vt 0.429600 0.007800
vt 0.429600 0.007800
vt 0.429600 0.007800
vt 0.429600 0.007800
vt 0.429600 0.007800
vt 0.429600 0.007800
vt 0.429600 0.007800
vt 0.429600 0.007800
vt 0.429600 0.007800
vt 0.429600 0.007800
vt 0.429600 0.007800
vt 0.429600 0.007800
vt 0.429600 0.007800
vt 0.429600 0.007800
vt 0.429600 0.007800
vt 0.398400 0.492100
vt 0.398400 0.492100
vt 0.398400 0.492100
vt 0.398400 0.492100
vt 0.398400 0.492100
vt 0.398400 0.492100
vt 0.398400 0.492100
vt 0.398400 0.492100
vt 0.398400 0.492100
vt 0.398400 0.492100
vt 0.398400 0.492100
vt 0.398400 0.492100
vt 0.398400 0.492100
vt 0.398400 0.492100
vt 0.398400 0.492100
vt 0.398400 0.492100
vt 0.398400 0.492100
vt 0.398400 0.492100
vt 0.398400 0.492100
vt 0.398400 0.492100
vt 0.398400 0.492100
vt 0.398400 0.492100
vt 0.398400 0.492100
vt 0.398400 0.492100
vt 0.398400 0.492100
vt 0.398400 0.492100
vt 0.398400 0.492100
vt 0.398400 0.492100
vt 0.398400 0.492100
vt 0.398400 0.492100
vt 0.398400 0.492100
vt 0.398400 0.492100
vt 0.398400 0.492100
vt 0.398400 0.492100
vt 0.398400 0.492100
vt 0.398400 0.492100
vt 0.398400 0.492100
vt 0.398400 0.492100
vt 0.398400 0.492100
vt 0.398400 0.492100
vt 0.398400 0.492100
vt 0.398400 0.492100
vt 0.398400 0.492100
vt 0.398400 0.492100
vt 0.398400 0.492100
vt 0.398400 0.492100
vt 0.398400 0.492100
vt 0.398400 0.492100
vt 0.398400 0.492100
vt 0.398400 0.492100
vt 0.398400 0.492100
vt 0.398400 0.492100
vt 0.398400 0.492100
vt 0.398400 0.492100
vt 0.398400 0.492100
vt 0.398400 0.492100
vt 0.398400 0.492100
vt 0.398400 0.492100
vt 0.398400 0.492100
vt 0.398400 0.492100
vt 0.398400 0.492100
vt 0.398400 0.492100
vt 0.398400 0.492100
vt 0.398400 0.492100
vt 0.398400 0.492100
vt 0.398400 0.492100
vt 0.398400 0.492100
vt 0.398400 0.492100
vt 0.398400 0.492100
vt 0.398400 0.492100
vt 0.398400 0.492100
vt 0.398400 0.492100
vt 0.398400 0.492100
vt 0.398400 0.492100
vt 0.398400 0.492100
vt 0.398400 0.492100
vt 0.398400 0.492100
vt 0.398400 0.492100
vt 0.398400 0.492100
vt 0.398400 0.492100
vt 0.398400 0.492100
vt 0.398400 0.492100
vt 0.398400 0.492100
vt 0.398400 0.492100
vt 0.398400 0.492100
vt 0.398400 0.492100
vt 0.398400 0.492100
vt 0.398400 0.492100
vt 0.398400 0.492100
vt 0.398400 0.492100
vt 0.398400 0.492100
vt 0.398400 0.492100
vt 0.398400 0.492100
vt 0.398400 0.492100
vt 0.398400 0.492100
vt 0.398400 0.492100
vt 0.398400 0.492100
vt 0.398400 0.492100
vt 0.398400 0.492100
vt 0.398400 0.492100
vt 0.398400 0.492100
vt 0.398400 0.492100
vt 0.398400 0.492100
vt 0.398400 0.492100
vt 0.398400 0.492100
vt 0.398400 0.492100
vt 0.398400 0.492100
vt 0.398400 0.492100
vt 0.398400 0.492100
vt 0.398400 0.492100
vt 0.398400 0.492100
vt 0.398400 0.492100
vt 0.398400 0.492100
vt 0.398400 0.492100
vt 0.398400 0.492100
vt 0.398400 0.492100
vt 0.398400 0.492100
vt 0.398400 0.492100
vt 0.398400 0.492100
vt 0.398400 0.492100
vt 0.398400 0.492100
vt 0.398400 0.492100
vt 0.398400 0.492100
vt 0.398400 0.492100
vt 0.398400 0.492100
vt 0.398400 0.492100
vt 0.398400 0.492100
vt 0.398400 0.492100
vt 0.398400 0.492100
vt 0.398400 0.492100
vt 0.398400 0.492100
vt 0.398400 0.492100
vt 0.398400 0.492100
vt 0.398400 0.492100
vt 0.398400 0.492100
vt 0.398400 0.492100
vt 0.398400 0.492100
vt 0.398400 0.492100
vt 0.398400 0.492100
vt 0.398400 0.492100
vt 0.398400 0.492100
vt 0.398400 0.492100
vt 0.398400 0.492100
vt 0.398400 0.492100
vt 0.398400 0.492100
vt 0.398400 0.492100
vt 0.398400 0.492100
vt 0.398400 0.492100
vt 0.398400 0.492100
vt 0.398400 0.492100
vt 0.398400 0.492100
vt 0.398400 0.492100
vt 0.398400 0.492100
vt 0.398400 0.492100
vt 0.398400 0.492100
vt 0.398400 0.492100
vt 0.398400 0.492100
vt 0.398400 0.492100
vt 0.398400 0.492100
vt 0.398400 0.492100
vt 0.398400 0.492100
vt 0.398400 0.492100
vt 0.398400 0.492100
vt 0.398400 0.492100
vt 0.398400 0.492100
vt 0.398400 0.492100
vt 0.398400 0.492100
vt 0.398400 0.492100
vt 0.398400 0.492100
vt 0.398400 0.492100
vt 0.398400 0.492100
vt 0.398400 0.492100
vt 0.398400 0.492100
vt 0.398400 0.492100
vt 0.398400 0.492100
vt 0.398400 0.492100
vt 0.398400 0.492100
vt 0.398400 0.492100
vt 0.398400 0.492100
vt 0.398400 0.492100
vt 0.398400 0.492100
vt 0.398400 0.492100
vt 0.398400 0.492100
vt 0.398400 0.492100
vt 0.398400 0.492100
vt 0.398400 0.492100
vt 0.398400 0.492100
vt 0.398400 0.492100
vt 0.398400 0.492100
vt 0.398400 0.492100
vt 0.398400 0.492100
vt 0.398400 0.492100
vt 0.398400 0.492100
vt 0.398400 0.492100
vt 0.398400 0.492100
vt 0.398400 0.492100
vt 0.398400 0.492100
vt 0.398400 0.492100
vt 0.398400 0.492100
vt 0.398400 0.492100
vt 0.398400 0.492100
vt 0.398400 0.492100
vt 0.398400 0.492100
vt 0.398400 0.492100
vt 0.398400 0.492100
vt 0.398400 0.492100
vt 0.398400 0.492100
vt 0.398400 0.492100
vt 0.398400 0.492100
vt 0.398400 0.492100
vt 0.398400 0.492100
vt 0.398400 0.492100
vt 0.398400 0.492100
vt 0.398400 0.492100
vt 0.398400 0.492100
vt 0.398400 0.492100
vt 0.398400 0.492100
vt 0.398400 0.492100
vt 0.398400 0.492100
vt 0.398400 0.492100
vt 0.398400 0.492100
vt 0.398400 0.492100
vt 0.398400 0.492100
vt 0.398400 0.492100
vt 0.398400 0.492100
vt 0.398400 0.492100
vt 0.398400 0.492100
vt 0.398400 0.492100
vt 0.398400 0.492100
vt 0.398400 0.492100
vt 0.398400 0.492100
vt 0.398400 0.492100
vt 0.398400 0.492100
vt 0.398400 0.492100
vt 0.398400 0.492100
vt 0.398400 0.492100
vt 0.398400 0.492100
vt 0.398400 0.492100
vt 0.398400 0.492100
vt 0.398400 0.492100
vt 0.398400 0.492100
vt 0.398400 0.492100
vt 0.398400 0.492100
vt 0.398400 0.492100
vt 0.398400 0.492100
vt 0.398400 0.492100
vt 0.398400 0.492100
vt 0.398400 0.492100
vt 0.398400 0.492100
vt 0.398400 0.492100
vt 0.398400 0.492100
vt 0.398400 0.492100
vt 0.398400 0.492100
vt 0.398400 0.492100
vt 0.398400 0.492100
vt 0.398400 0.492100
vt 0.398400 0.492100
vt 0.398400 0.492100
vt 0.398400 0.492100
vt 0.398400 0.492100
vt 0.398400 0.492100
vt 0.398400 0.492100
vt 0.398400 0.492100
vt 0.398400 0.492100
vt 0.398400 0.492100
vt 0.398400 0.492100
vt 0.398400 0.492100
vt 0.398400 0.492100
vt 0.398400 0.492100
vt 0.398400 0.492100
vt 0.398400 0.492100
vt 0.398400 0.492100
vt 0.398400 0.492100
vt 0.398400 0.492100
vt 0.398400 0.492100
vt 0.398400 0.492100
vt 0.398400 0.492100
vt 0.398400 0.492100
vt 0.398400 0.492100
vt 0.398400 0.492100
vt 0.398400 0.492100
vt 0.398400 0.492100
vt 0.398400 0.492100
vt 0.398400 0.492100
vt 0.398400 0.492100
vt 0.398400 0.492100
vt 0.398400 0.492100
vt 0.398400 0.492100
vt 0.398400 0.492100
vt 0.398400 0.492100
vt 0.398400 0.492100
vt 0.398400 0.492100
vt 0.398400 0.492100
vt 0.398400 0.492100
vt 0.398400 0.492100
vt 0.398400 0.492100
vt 0.398400 0.492100
vt 0.398400 0.492100
vt 0.398400 0.492100
vt 0.398400 0.492100
vt 0.398400 0.492100
vt 0.398400 0.492100
vt 0.398400 0.492100
vt 0.398400 0.492100
vt 0.398400 0.492100
vt 0.398400 0.492100
vt 0.398400 0.492100
vt 0.398400 0.492100
vt 0.398400 0.492100
vt 0.398400 0.492100
vt 0.398400 0.492100
vt 0.398400 0.492100
vt 0.398400 0.492100
vt 0.398400 0.492100
vt 0.398400 0.492100
vt 0.398400 0.492100
vt 0.398400 0.492100
vt 0.398400 0.492100
vt 0.398400 0.492100
vt 0.398400 0.492100
vt 0.398400 0.492100
vt 0.398400 0.492100
vt 0.398400 0.492100
vt 0.398400 0.492100
vt 0.398400 0.492100
vt 0.398400 0.492100
vt 0.398400 0.492100
vt 0.398400 0.492100
vt 0.398400 0.492100
vt 0.398400 0.492100
vt 0.398400 0.492100
vt 0.398400 0.492100
vt 0.398400 0.492100
vt 0.398400 0.492100
vt 0.398400 0.492100
vt 0.398400 0.492100
vt 0.398400 0.492100
vt 0.398400 0.492100
vt 0.398400 0.492100
vt 0.398400 0.492100
vt 0.398400 0.492100
vt 0.398400 0.492100
vt 0.398400 0.492100
vt 0.398400 0.492100
vt 0.398400 0.492100
vt 0.398400 0.492100
vt 0.398400 0.492100
vt 0.398400 0.492100
vt 0.398400 0.492100
vt 0.398400 0.492100
vt 0.398400 0.492100
vt 0.398400 0.492100
vt 0.398400 0.492100
vt 0.398400 0.492100
vt 0.398400 0.492100
vt 0.398400 0.492100
vt 0.398400 0.492100
vt 0.398400 0.492100
vt 0.398400 0.492100
vt 0.398400 0.492100
vt 0.398400 0.492100
vt 0.398400 0.492100
vt 0.398400 0.492100
vt 0.398400 0.492100
vt 0.398400 0.492100
vt 0.398400 0.492100
vt 0.398400 0.492100
vt 0.398400 0.492100
vt 0.398400 0.492100
vt 0.398400 0.492100
vt 0.398400 0.492100
vt 0.398400 0.492100
vt 0.398400 0.492100
vt 0.398400 0.492100
vt 0.398400 0.492100
vt 0.398400 0.492100
vt 0.398400 0.492100
vt 0.398400 0.492100
vt 0.398400 0.492100
vt 0.398400 0.492100
vt 0.398400 0.492100
vt 0.398400 0.492100
vt 0.398400 0.492100
vt 0.398400 0.492100
vt 0.398400 0.492100
vt 0.398400 0.492100
vt 0.398400 0.492100
vt 0.398400 0.492100
vt 0.398400 0.492100
vt 0.398400 0.492100
vt 0.398400 0.492100
vt 0.398400 0.492100
vt 0.398400 0.492100
vt 0.398400 0.492100
vt 0.398400 0.492100
vt 0.398400 0.492100
vt 0.398400 0.492100
vt 0.398400 0.492100
vt 0.398400 0.492100
vt 0.398400 0.492100
vt 0.398400 0.492100
vt 0.398400 0.492100
vt 0.398400 0.492100
vt 0.398400 0.492100
vt 0.398400 0.492100
vt 0.398400 0.492100
vt 0.398400 0.492100
vt 0.398400 0.492100
vt 0.398400 0.492100
vt 0.398400 0.492100
vt 0.398400 0.492100
vt 0.398400 0.492100
vt 0.398400 0.492100
vt 0.398400 0.492100
vt 0.398400 0.492100
vt 0.398400 0.492100
vt 0.398400 0.492100
vt 0.398400 0.492100
vt 0.398400 0.492100
vt 0.398400 0.492100
vt 0.398400 0.492100
vt 0.398400 0.492100
vt 0.398400 0.492100
vt 0.398400 0.492100
vt 0.398400 0.492100
vt 0.398400 0.492100
vt 0.398400 0.492100
vt 0.398400 0.492100
vt 0.398400 0.492100
vt 0.398400 0.492100
vt 0.398400 0.492100
vt 0.398400 0.492100
vt 0.398400 0.492100
vt 0.398400 0.492100
vt 0.398400 0.492100
vt 0.398400 0.492100
vt 0.398400 0.492100
vt 0.398400 0.492100
vt 0.398400 0.492100
vt 0.398400 0.492100
vt 0.398400 0.492100
vt 0.398400 0.492100
vt 0.398400 0.492100
vt 0.398400 0.492100
vt 0.398400 0.492100
vt 0.398400 0.492100
vt 0.398400 0.492100
vt 0.398400 0.492100
vt 0.398400 0.492100
vt 0.398400 0.492100
vt 0.398400 0.492100
vt 0.398400 0.492100
vt 0.398400 0.492100
vt 0.398400 0.492100
vt 0.398400 0.492100
vt 0.398400 0.492100
vt 0.398400 0.492100
vt 0.398400 0.492100
vt 0.398400 0.492100
vt 0.398400 0.492100
vt 0.398400 0.492100
vt 0.398400 0.492100
vt 0.398400 0.492100
vt 0.398400 0.492100
vt 0.398400 0.492100
vt 0.398400 0.492100
vt 0.398400 0.492100
vt 0.398400 0.492100
vt 0.398400 0.492100
vt 0.398400 0.492100
vt 0.398400 0.492100
vt 0.398400 0.492100
vt 0.398400 0.492100
vt 0.398400 0.492100
vt 0.398400 0.492100
vt 0.398400 0.492100
vt 0.398400 0.492100
vt 0.398400 0.492100
vt 0.398400 0.492100
vt 0.398400 0.492100
vt 0.398400 0.492100
vt 0.398400 0.492100
vt 0.398400 0.492100
vt 0.398400 0.492100
vt 0.398400 0.492100
vt 0.398400 0.492100
vt 0.398400 0.492100
vt 0.398400 0.492100
vt 0.398400 0.492100
vt 0.398400 0.492100
vt 0.398400 0.492100
vt 0.398400 0.492100
vt 0.398400 0.492100
vt 0.398400 0.492100
vt 0.398400 0.492100
vt 0.398400 0.492100
vt 0.398400 0.492100
vt 0.398400 0.492100
vt 0.398400 0.492100
vt 0.398400 0.492100
vt 0.398400 0.492100
vt 0.398400 0.492100
vt 0.398400 0.492100
vt 0.398400 0.492100
vt 0.398400 0.492100
vt 0.398400 0.492100
vt 0.398400 0.492100
vt 0.398400 0.492100
vt 0.398400 0.492100
vt 0.398400 0.492100
vt 0.398400 0.492100
vt 0.398400 0.492100
vt 0.398400 0.492100
vt 0.398400 0.492100
vt 0.398400 0.492100
vt 0.398400 0.492100
vt 0.398400 0.492100
vt 0.398400 0.492100
vt 0.398400 0.492100
vt 0.398400 0.492100
vt 0.398400 0.492100
vt 0.398400 0.492100
vt 0.398400 0.492100
vt 0.398400 0.492100
vt 0.398400 0.492100
vt 0.398400 0.492100
vt 0.398400 0.492100
vt 0.398400 0.492100
vt 0.398400 0.492100
vt 0.398400 0.492100
vt 0.398400 0.492100
vt 0.398400 0.492100
vt 0.398400 0.492100
vt 0.398400 0.492100
vt 0.398400 0.492100
vt 0.398400 0.492100
vt 0.398400 0.492100
vt 0.398400 0.492100
vt 0.398400 0.492100
vt 0.398400 0.492100
vt 0.398400 0.492100
vt 0.398400 0.492100
vt 0.398400 0.492100
vt 0.398400 0.492100
vt 0.398400 0.492100
vt 0.398400 0.492100
vt 0.398400 0.492100
vt 0.398400 0.492100
vt 0.398400 0.492100
vt 0.398400 0.492100
vt 0.398400 0.492100
vt 0.398400 0.492100
vt 0.398400 0.492100
vt 0.398400 0.492100
vt 0.398400 0.492100
vt 0.398400 0.492100
vt 0.398400 0.492100
vt 0.398400 0.492100
vt 0.398400 0.492100
vt 0.398400 0.492100
vt 0.398400 0.492100
vt 0.398400 0.492100
vt 0.398400 0.492100
vt 0.398400 0.492100
vt 0.398400 0.492100
vt 0.398400 0.492100
vt 0.398400 0.492100
vt 0.398400 0.492100
vt 0.398400 0.492100
vt 0.398400 0.492100
vt 0.398400 0.492100
vt 0.398400 0.492100
vt 0.398400 0.492100
vt 0.398400 0.492100
vt 0.398400 0.492100
vt 0.398400 0.492100
vt 0.398400 0.492100
vt 0.398400 0.492100
vt 0.398400 0.492100
vt 0.398400 0.492100
vt 0.398400 0.492100
vt 0.398400 0.492100
vt 0.398400 0.492100
vt 0.398400 0.492100
vt 0.398400 0.492100
vt 0.398400 0.492100
vt 0.398400 0.492100
vt 0.398400 0.492100
vt 0.398400 0.492100
vt 0.398400 0.492100
vt 0.398400 0.492100
vt 0.398400 0.492100
vt 0.398400 0.492100
vt 0.398400 0.492100
vt 0.398400 0.492100
vt 0.398400 0.492100
vt 0.398400 0.492100
vt 0.398400 0.492100
vt 0.398400 0.492100
vt 0.398400 0.492100
vt 0.398400 0.492100
vt 0.398400 0.492100
vt 0.398400 0.492100
vt 0.398400 0.492100
vt 0.398400 0.492100
vt 0.398400 0.492100
vt 0.398400 0.492100
vt 0.398400 0.492100
vt 0.398400 0.492100
vt 0.398400 0.492100
vt 0.398400 0.492100
vt 0.398400 0.492100
vt 0.398400 0.492100
vt 0.398400 0.492100
vt 0.398400 0.492100
vt 0.398400 0.492100
vt 0.398400 0.492100
vt 0.398400 0.492100
vt 0.398400 0.492100
vt 0.398400 0.492100
vt 0.398400 0.492100
vt 0.476500 0.007800
vt 0.476500 0.007800
vt 0.476500 0.007800
vt 0.476500 0.007800
vt 0.476500 0.007800
vt 0.476500 0.007800
vt 0.476500 0.007800
vt 0.476500 0.007800
vt 0.476500 0.007800
vt 0.476500 0.007800
vt 0.476500 0.007800
vt 0.476500 0.007800
vt 0.476500 0.007800
vt 0.476500 0.007800
vt 0.476500 0.007800
vt 0.476500 0.007800
vt 0.476500 0.007800
vt 0.476500 0.007800
vt 0.476500 0.007800
vt 0.476500 0.007800
vt 0.476500 0.007800
vt 0.476500 0.007800
vt 0.476500 0.007800
vt 0.476500 0.007800
vt 0.476500 0.007800
vt 0.476500 0.007800
vt 0.476500 0.007800
vt 0.476500 0.007800
vt 0.476500 0.007800
vt 0.476500 0.007800
vt 0.476500 0.007800
vt 0.476500 0.007800
vt 0.476500 0.007800
vt 0.476500 0.007800
vt 0.476500 0.007800
vt 0.476500 0.007800
vt 0.476500 0.007800
vt 0.476500 0.007800
vt 0.476500 0.007800
vt 0.476500 0.007800
vt 0.476500 0.007800
vt 0.476500 0.007800
vt 0.476500 0.007800
vt 0.476500 0.007800
vt 0.476500 0.007800
vt 0.476500 0.007800
vt 0.476500 0.007800
vt 0.476500 0.007800
vt 0.476500 0.007800
vt 0.476500 0.007800
vt 0.476500 0.007800
vt 0.476500 0.007800
vt 0.476500 0.007800
vt 0.476500 0.007800
vt 0.476500 0.007800
vt 0.476500 0.007800
vt 0.476500 0.007800
vt 0.476500 0.007800
vt 0.476500 0.007800
vt 0.476500 0.007800
vt 0.476500 0.007800
vt 0.476500 0.007800
vt 0.476500 0.007800
vt 0.476500 0.007800
vt 0.476500 0.007800
vt 0.476500 0.007800
vt 0.476500 0.007800
vt 0.476500 0.007800
vt 0.476500 0.007800
vt 0.476500 0.007800
vt 0.476500 0.007800
vt 0.398400 0.492100
vt 0.398400 0.492100
vt 0.398400 0.492100
vt 0.476500 0.523400
vt 0.476500 0.523400
vt 0.476500 0.523400
vt 0.476500 0.523400
vt 0.476500 0.523400
vt 0.476500 0.523400
vt 0.476500 0.523400
vt 0.476500 0.523400
vt 0.476500 0.523400
vt 0.476500 0.523400
vt 0.476500 0.523400
vt 0.476500 0.523400
vt 0.476500 0.523400
vt 0.476500 0.523400
vt 0.476500 0.523400
vt 0.476500 0.523400
vt 0.476500 0.523400
vt 0.476500 0.523400
vt 0.476500 0.523400
vt 0.476500 0.523400
vt 0.476500 0.523400
vt 0.476500 0.523400
vt 0.476500 0.523400
vt 0.476500 0.523400
vt 0.476500 0.523400
vt 0.476500 0.523400
vt 0.476500 0.523400
vt 0.476500 0.523400
vt 0.476500 0.523400
vt 0.476500 0.523400
vt 0.476500 0.523400
vt 0.476500 0.523400
vt 0.476500 0.523400
vt 0.476500 0.523400
vt 0.476500 0.523400
vt 0.476500 0.523400
vt 0.476500 0.523400
vt 0.476500 0.523400
vt 0.476500 0.523400
vt 0.476500 0.523400
vt 0.476500 0.523400
vt 0.476500 0.523400
vt 0.476500 0.523400
vt 0.476500 0.523400
vt 0.476500 0.523400
vt 0.476500 0.523400
vt 0.476500 0.523400
vt 0.476500 0.523400
vt 0.476500 0.523400
vt 0.476500 0.007800
vt 0.476500 0.007800
vt 0.476500 0.007800
vt 0.476500 0.007800
vt 0.476500 0.007800
vt 0.476500 0.007800
vt 0.476500 0.007800
vt 0.476500 0.007800
vt 0.476500 0.007800
vt 0.476500 0.007800
vt 0.476500 0.007800
vt 0.476500 0.007800
vt 0.476500 0.007800
vt 0.476500 0.007800
vt 0.476500 0.007800
vt 0.476500 0.007800
vt 0.476500 0.007800
vt 0.476500 0.007800
vt 0.476500 0.007800
vt 0.476500 0.007800
vt 0.476500 0.007800
vt 0.476500 0.007800
vt 0.476500 0.007800
vt 0.476500 0.007800
vt 0.476500 0.007800
vt 0.476500 0.007800
vt 0.429600 0.007800
vt 0.429600 0.007800
vt 0.429600 0.007800
vt 0.429600 0.007800
vt 0.476500 0.023400
vt 0.476500 0.023400
vt 0.476500 0.023400
vt 0.476500 0.023400
vt 0.476500 0.023400
vt 0.398400 0.492100
vt 0.398400 0.492100
vt 0.398400 0.492100
vt 0.398400 0.492100
vt 0.414000 0.523400
vt 0.011100 0.978300
vt 0.023400 0.101500
vt 0.023400 0.101500
vt 0.023400 0.101500
vt 0.023400 0.101500
vt 0.023400 0.101500
vt 0.023400 0.101500
vt 0.023400 0.101500
vt 0.023400 0.101500
vt 0.023400 0.101500
vt 0.304600 0.304600
vt 0.304600 0.304600
vt 0.304600 0.304600
vt 0.304600 0.304600
vt 0.304600 0.304600
vt 0.304600 0.304600
vt 0.304600 0.304600
vt 0.304600 0.304600
vt 0.304600 0.304600
vt 0.304600 0.304600
vt 0.304600 0.304600
vt 0.304600 0.304600
vt 0.304600 0.304600
vt 0.304600 0.304600
vt 0.304600 0.304600
vt 0.304600 0.304600
vt 0.304600 0.304600
vt 0.304600 0.304600
vt 0.304600 0.304600
vt 0.304600 0.304600
vt 0.304600 0.304600
vt 0.304600 0.304600
vt 0.304600 0.304600
vt 0.304600 0.304600
vt 0.304600 0.304600
vt 0.304600 0.304600
vt 0.304600 0.304600
vt 0.304600 0.304600
vt 0.304600 0.304600
vt 0.304600 0.304600
vt 0.304600 0.304600
vt 0.304600 0.304600
vt 0.304600 0.304600
vt 0.304600 0.304600
vt 0.304600 0.304600
vt 0.304600 0.304600
vt 0.304600 0.304600
vt 0.304600 0.304600
vt 0.304600 0.304600
vt 0.304600 0.304600
vt 0.304600 0.304600
vt 0.304600 0.304600
vt 0.304600 0.304600
vt 0.304600 0.304600
vt 0.304600 0.304600
vt 0.304600 0.304600
vt 0.304600 0.304600
vt 0.304600 0.304600
vt 0.304600 0.304600
vt 0.304600 0.304600
vt 0.304600 0.304600
vt 0.304600 0.304600
vt 0.304600 0.304600
vt 0.304600 0.304600
vt 0.304600 0.304600
vt 0.304600 0.304600
vt 0.304600 0.304600
vt 0.304600 0.304600
vt 0.304600 0.304600
vt 0.304600 0.304600
vt 0.304600 0.304600
vt 0.304600 0.289000
vt 0.304600 0.289000
vt 0.304600 0.289000
vt 0.304600 0.289000
vt 0.304600 0.289000
vt 0.304600 0.289000
vt 0.304600 0.289000
vt 0.304600 0.289000
vt 0.304600 0.289000
vt 0.304600 0.289000
vt 0.304600 0.289000
vt 0.304600 0.289000
vt 0.304600 0.289000
vt 0.304600 0.289000
vt 0.304600 0.289000
vt 0.304600 0.289000
vt 0.304600 0.289000
vt 0.304600 0.289000
vt 0.304600 0.289000
vt 0.304600 0.289000
vt 0.304600 0.289000
vt 0.304600 0.289000
vt 0.304600 0.289000
vt 0.304600 0.289000
vt 0.304600 0.289000
vt 0.304600 0.289000
vt 0.304600 0.289000
vt 0.304600 0.289000
vt 0.304600 0.289000
vt 0.304600 0.289000
vt 0.304600 0.289000
vt 0.304600 0.289000
vt 0.304600 0.289000
vt 0.304600 0.289000
vt 0.304600 0.289000
vt 0.304600 0.289000
vt 0.304600 0.289000
vt 0.304600 0.289000
vt 0.304600 0.289000
vt 0.304600 0.289000
vt 0.304600 0.289000
vt 0.304600 0.289000
vt 0.304600 0.289000
vt 0.304600 0.289000
vt 0.304600 0.289000
vt 0.304600 0.289000
vt 0.304600 0.289000
vt 0.304600 0.289000
vt 0.304600 0.289000
vt 0.304600 0.289000
vt 0.304600 0.289000
vt 0.304600 0.289000
vt 0.304600 0.289000
vt 0.304600 0.289000
vt 0.304600 0.289000
vt 0.304600 0.289000
vt 0.304600 0.289000
vt 0.304600 0.289000
vt 0.304600 0.289000
vt 0.304600 0.289000
vt 0.289000 0.304600
vt 0.289000 0.304600
vt 0.289000 0.304600
vt 0.289000 0.304600
vt 0.289000 0.304600
vt 0.289000 0.304600
vt 0.289000 0.304600
vt 0.289000 0.304600
vt 0.289000 0.304600
vt 0.289000 0.304600
vt 0.289000 0.304600
vt 0.289000 0.304600
vt 0.289000 0.304600
vt 0.289000 0.304600
vt 0.289000 0.304600
vt 0.289000 0.304600
vt 0.289000 0.304600
vt 0.289000 0.304600
vt 0.289000 0.304600
vt 0.289000 0.304600
vt 0.289000 0.304600
vt 0.289000 0.304600
vt 0.289000 0.304600
vt 0.289000 0.304600
vt 0.289000 0.304600
vt 0.289000 0.304600
vt 0.289000 0.304600
vt 0.289000 0.304600
vt 0.289000 0.304600
vt 0.289000 0.304600
vt 0.289000 0.304600
vt 0.289000 0.304600
vt 0.289000 0.304600
vt 0.289000 0.304600
vt 0.289000 0.304600
vt 0.289000 0.304600
vt 0.289000 0.304600
vt 0.289000 0.304600
vt 0.289000 0.304600
vt 0.289000 0.304600
vt 0.289000 0.304600
vt 0.289000 0.304600
vt 0.289000 0.304600
vt 0.289000 0.304600
vt 0.289000 0.304600
vt 0.289000 0.304600
vt 0.289000 0.304600
vt 0.289000 0.304600
vt 0.289000 0.304600
vt 0.289000 0.304600
vt 0.289000 0.304600
vt 0.289000 0.304600
vt 0.289000 0.304600
vt 0.289000 0.304600
vt 0.289000 0.304600
vt 0.289000 0.304600
vt 0.289000 0.304600
vt 0.289000 0.304600
vt 0.289000 0.304600
vt 0.289000 0.304600
vt 0.289000 0.304600
vt 0.289000 0.304600
vt 0.289000 0.304600
vt 0.289000 0.304600
vt 0.289000 0.304600
vt 0.289000 0.304600
vt 0.289000 0.304600
vt 0.289000 0.304600
vt 0.289000 0.304600
vt 0.289000 0.304600
vt 0.289000 0.304600
vt 0.289000 0.304600
vt 0.289000 0.304600
vt 0.289000 0.304600
vt 0.289000 0.304600
vt 0.289000 0.304600
vt 0.289000 0.304600
vt 0.289000 0.304600
vt 0.289000 0.304600
vt 0.289000 0.304600
vt 0.289000 0.304600
vt 0.289000 0.304600
vt 0.289000 0.304600
vt 0.289000 0.304600
vt 0.289000 0.304600
vt 0.289000 0.304600
vt 0.289000 0.304600
vt 0.289000 0.304600
vt 0.289000 0.304600
vt 0.289000 0.304600
vt 0.289000 0.304600
vt 0.289000 0.304600
vt 0.289000 0.304600
vt 0.289000 0.304600
vt 0.289000 0.304600
vt 0.289000 0.304600
vt 0.289000 0.304600
vt 0.289000 0.304600
vt 0.289000 0.304600
vt 0.289000 0.304600
vt 0.289000 0.304600
vt 0.289000 0.304600
vt 0.289000 0.304600
vt 0.289000 0.304600
vt 0.289000 0.304600
vt 0.289000 0.304600
vt 0.289000 0.304600
vt 0.289000 0.304600
vt 0.289000 0.304600
vt 0.289000 0.304600
vt 0.289000 0.304600
vt 0.289000 0.304600
vt 0.289000 0.304600
vt 0.289000 0.304600
vt 0.289000 0.304600
vt 0.289000 0.304600
vt 0.289000 0.304600
vt 0.289000 0.304600
vt 0.289000 0.304600
vt 0.289000 0.304600
vt 0.304600 0.304600
vt 0.304600 0.304600
vt 0.304600 0.304600
vt 0.304600 0.304600
vt 0.304600 0.304600
vt 0.304600 0.304600
vt 0.304600 0.304600
vt 0.304600 0.304600
vt 0.304600 0.304600
vt 0.304600 0.304600
vt 0.304600 0.304600
vt 0.304600 0.304600
vt 0.304600 0.304600
vt 0.304600 0.304600
vt 0.304600 0.304600
vt 0.304600 0.304600
vt 0.304600 0.304600
vt 0.304600 0.304600
vt 0.304600 0.304600
vt 0.304600 0.304600
vt 0.304600 0.304600
vt 0.304600 0.304600
vt 0.304600 0.304600
vt 0.304600 0.304600
vt 0.304600 0.304600
vt 0.304600 0.304600
vt 0.304600 0.304600
vt 0.304600 0.304600
vt 0.304600 0.304600
vt 0.304600 0.304600
vt 0.304600 0.304600
vt 0.304600 0.304600
vt 0.304600 0.304600
vt 0.304600 0.304600
vt 0.304600 0.304600
vt 0.304600 0.304600
vt 0.304600 0.304600
vt 0.304600 0.304600
vt 0.304600 0.304600
vt 0.304600 0.304600
vt 0.304600 0.304600
vt 0.304600 0.304600
vt 0.304600 0.304600
vt 0.304600 0.304600
vt 0.304600 0.304600
vt 0.304600 0.304600
vt 0.304600 0.304600
vt 0.304600 0.304600
vt 0.304600 0.304600
vt 0.304600 0.304600
vt 0.304600 0.304600
vt 0.304600 0.304600
vt 0.304600 0.304600
vt 0.304600 0.304600
vt 0.304600 0.304600
vt 0.304600 0.304600
vt 0.304600 0.304600
vt 0.304600 0.304600
vt 0.304600 0.304600
vt 0.304600 0.304600
vt 0.304600 0.304600
vt 0.304600 0.304600
vt 0.304600 0.304600
vt 0.304600 0.304600
vt 0.304600 0.304600
vt 0.304600 0.304600
vt 0.304600 0.304600
vt 0.304600 0.304600
vt 0.304600 0.304600
vt 0.304600 0.304600
vt 0.304600 0.304600
vt 0.304600 0.304600
vt 0.304600 0.304600
vt 0.304600 0.304600
vt 0.304600 0.304600
vt 0.304600 0.304600
vt 0.304600 0.304600
vt 0.304600 0.304600
vt 0.304600 0.304600
vt 0.304600 0.304600
vt 0.304600 0.304600
vt 0.304600 0.304600
vt 0.304600 0.304600
vt 0.304600 0.304600
vt 0.304600 0.304600
vt 0.304600 0.304600
vt 0.304600 0.304600
vt 0.304600 0.304600
vt 0.304600 0.304600
vt 0.304600 0.304600
vt 0.304600 0.304600
vt 0.304600 0.304600
vt 0.304600 0.304600
vt 0.304600 0.304600
vt 0.304600 0.304600
vt 0.304600 0.304600
vt 0.304600 0.304600
vt 0.304600 0.304600
vt 0.304600 0.304600
vt 0.304600 0.304600
vt 0.304600 0.304600
vt 0.304600 0.304600
vt 0.304600 0.304600
vt 0.304600 0.304600
vt 0.304600 0.304600
vt 0.304600 0.304600
vt 0.304600 0.304600
vt 0.304600 0.304600
vt 0.304600 0.304600
vt 0.304600 0.304600
vt 0.304600 0.304600
vt 0.304600 0.304600
vt 0.304600 0.304600
vt 0.304600 0.304600
vt 0.304600 0.304600
vt 0.304600 0.304600
vt 0.304600 0.304600
vt 0.304600 0.304600
vt 0.304600 0.304600
vt 0.304600 0.304600
vt 0.304600 0.304600
vt 0.304600 0.304600
vt 0.289000 0.804600
vt 0.289000 0.804600
vt 0.289000 0.804600
vt 0.289000 0.804600
vt 0.289000 0.804600
vt 0.289000 0.804600
vt 0.289000 0.804600
vt 0.289000 0.804600
vt 0.289000 0.804600
vt 0.289000 0.804600
vt 0.289000 0.804600
vt 0.289000 0.804600
vt 0.289000 0.804600
vt 0.289000 0.804600
vt 0.289000 0.804600
vt 0.289000 0.804600
vt 0.289000 0.804600
vt 0.289000 0.804600
vt 0.289000 0.804600
vt 0.289000 0.804600
vt 0.289000 0.804600
vt 0.289000 0.804600
vt 0.289000 0.804600
vt 0.289000 0.804600
vt 0.289000 0.804600
vt 0.289000 0.804600
vt 0.289000 0.804600
vt 0.289000 0.804600
vt 0.289000 0.804600
vt 0.289000 0.804600
vt 0.289000 0.804600
vt 0.289000 0.804600
vt 0.289000 0.804600
vt 0.289000 0.804600
vt 0.289000 0.804600
vt 0.289000 0.804600
vt 0.289000 0.804600
vt 0.289000 0.804600
vt 0.289000 0.804600
vt 0.289000 0.804600
vt 0.289000 0.804600
vt 0.289000 0.804600
vt 0.289000 0.804600
vt 0.289000 0.804600
vt 0.289000 0.804600
vt 0.289000 0.804600
vt 0.289000 0.804600
vt 0.289000 0.804600
vt 0.289000 0.804600
vt 0.289000 0.804600
vt 0.289000 0.804600
vt 0.289000 0.804600
vt 0.289000 0.804600
vt 0.289000 0.804600
vt 0.289000 0.804600
vt 0.289000 0.804600
vt 0.289000 0.804600
vt 0.289000 0.804600
vt 0.289000 0.804600
vt 0.289000 0.804600
vt 0.289000 0.289000
vt 0.289000 0.289000
vt 0.289000 0.289000
vt 0.289000 0.289000
vt 0.289000 0.289000
vt 0.289000 0.289000
vt 0.289000 0.289000
vt 0.289000 0.289000
vt 0.289000 0.289000
vt 0.289000 0.289000
vt 0.289000 0.289000
vt 0.289000 0.289000
vt 0.289000 0.289000
vt 0.289000 0.289000
vt 0.289000 0.289000
vt 0.289000 0.289000
vt 0.289000 0.289000
vt 0.289000 0.289000
vt 0.289000 0.289000
vt 0.289000 0.289000
vt 0.289000 0.289000
vt 0.289000 0.289000
vt 0.289000 0.289000
vt 0.289000 0.289000
vt 0.289000 0.289000
vt 0.289000 0.289000
vt 0.289000 0.289000
vt 0.289000 0.289000
vt 0.289000 0.289000
vt 0.289000 0.289000
vt 0.289000 0.289000
vt 0.289000 0.289000
vt 0.289000 0.289000
vt 0.289000 0.289000
vt 0.289000 0.289000
vt 0.289000 0.289000
vt 0.289000 0.289000
vt 0.289000 0.289000
vt 0.289000 0.289000
vt 0.289000 0.289000
vt 0.289000 0.289000
vt 0.289000 0.289000
vt 0.289000 0.289000
vt 0.289000 0.289000
vt 0.289000 0.289000
vt 0.289000 0.289000
vt 0.289000 0.289000
vt 0.289000 0.289000
vt 0.289000 0.289000
vt 0.289000 0.289000
vt 0.289000 0.289000
vt 0.289000 0.289000
vt 0.289000 0.289000
vt 0.289000 0.289000
vt 0.289000 0.289000
vt 0.289000 0.289000
vt 0.289000 0.289000
vt 0.289000 0.289000
vt 0.289000 0.289000
vt 0.289000 0.289000
vt 0.289000 0.289000
vt 0.289000 0.289000
vt 0.289000 0.289000
vt 0.289000 0.289000
vt 0.289000 0.289000
vt 0.289000 0.289000
vt 0.289000 0.289000
vt 0.289000 0.289000
vt 0.289000 0.289000
vt 0.289000 0.289000
vt 0.289000 0.289000
vt 0.289000 0.289000
vt 0.289000 0.289000
vt 0.289000 0.289000
vt 0.289000 0.289000
vt 0.289000 0.289000
vt 0.289000 0.289000
vt 0.289000 0.289000
vt 0.289000 0.289000
vt 0.289000 0.289000
vt 0.289000 0.289000
vt 0.289000 0.289000
vt 0.289000 0.289000
vt 0.289000 0.289000
vt 0.289000 0.289000
vt 0.289000 0.289000
vt 0.289000 0.289000
vt 0.289000 0.289000
vt 0.289000 0.289000
vt 0.289000 0.289000
vt 0.289000 0.289000
vt 0.289000 0.289000
vt 0.289000 0.289000
vt 0.289000 0.289000
vt 0.289000 0.289000
vt 0.289000 0.289000
vt 0.289000 0.289000
vt 0.289000 0.289000
vt 0.289000 0.289000
vt 0.289000 0.289000
vt 0.289000 0.289000
vt 0.289000 0.289000
vt 0.289000 0.289000
vt 0.289000 0.289000
vt 0.289000 0.289000
vt 0.289000 0.289000
vt 0.289000 0.289000
vt 0.289000 0.289000
vt 0.289000 0.289000
vt 0.289000 0.289000
vt 0.289000 0.289000
vt 0.289000 0.289000
vt 0.289000 0.289000
vt 0.289000 0.289000
vt 0.289000 0.289000
vt 0.289000 0.289000
vt 0.289000 0.289000
vt 0.289000 0.289000
vt 0.289000 0.289000
vt 0.289000 0.289000
vt 0.304600 0.304600
vt 0.304600 0.304600
vt 0.304600 0.304600
vt 0.304600 0.304600
vt 0.304600 0.304600
vt 0.304600 0.304600
vt 0.304600 0.304600
vt 0.304600 0.304600
vt 0.304600 0.304600
vt 0.304600 0.304600
vt 0.304600 0.304600
vt 0.304600 0.304600
vt 0.304600 0.304600
vt 0.304600 0.304600
vt 0.304600 0.304600
vt 0.304600 0.304600
vt 0.304600 0.304600
vt 0.304600 0.304600
vt 0.304600 0.304600
vt 0.304600 0.304600
vt 0.304600 0.304600
vt 0.304600 0.304600
vt 0.304600 0.304600
vt 0.304600 0.304600
vt 0.304600 0.304600
vt 0.304600 0.304600
vt 0.304600 0.304600
vt 0.304600 0.304600
vt 0.304600 0.304600
vt 0.304600 0.304600
vt 0.304600 0.304600
vt 0.304600 0.304600
vt 0.304600 0.304600
vt 0.304600 0.304600
vt 0.304600 0.304600
vt 0.304600 0.304600
vt 0.304600 0.304600
vt 0.304600 0.304600
vt 0.304600 0.304600
vt 0.304600 0.304600
vt 0.304600 0.304600
vt 0.304600 0.304600
vt 0.304600 0.304600
vt 0.304600 0.304600
vt 0.304600 0.304600
vt 0.304600 0.304600
vt 0.304600 0.304600
vt 0.304600 0.304600
vt 0.304600 0.304600
vt 0.304600 0.304600
vt 0.304600 0.304600
vt 0.304600 0.304600
vt 0.304600 0.304600
vt 0.304600 0.304600
vt 0.304600 0.304600
vt 0.304600 0.304600
vt 0.304600 0.304600
vt 0.304600 0.304600
vt 0.304600 0.304600
vt 0.304600 0.304600
vt 0.304600 0.304600
vt 0.039000 0.085900
vt 0.039000 0.085900
vt 0.039000 0.085900
vt 0.039000 0.085900
vt 0.039000 0.085900
vt 0.039000 0.085900
vt 0.039000 0.085900
vt 0.039000 0.085900
vt 0.039000 0.085900
vt 0.039000 0.085900
vt 0.039000 0.085900
vt 0.039000 0.085900
vt 0.039000 0.085900
vt 0.039000 0.085900
vt 0.039000 0.085900
vt 0.039000 0.085900
vt 0.039000 0.085900
vt 0.039000 0.085900
vt 0.039000 0.085900
vt 0.039000 0.085900
vt 0.039000 0.085900
vt 0.039000 0.085900
vt 0.039000 0.085900
vt 0.039000 0.085900
vt 0.039000 0.085900
vt 0.039000 0.085900
vt 0.039000 0.085900
vt 0.039000 0.085900
vt 0.039000 0.085900
vt 0.039000 0.085900
vt 0.039000 0.085900
vt 0.039000 0.085900
vt 0.039000 0.085900
vt 0.039000 0.085900
vt 0.039000 0.085900
vt 0.039000 0.085900
vt 0.039000 0.085900
vt 0.039000 0.085900
vt 0.039000 0.085900
vt 0.039000 0.085900
vn 0.0966 0.8986 0.4279
vn -0.3785 0.8297 -0.4103
vn -0.1547 0.9061 -0.3937
vn 0.9920 -0.1082 0.0655
vn 0.9917 0.0614 -0.1130
vn 0.9964 -0.0827 0.0163
vn 0.9936 -0.0997 -0.0527
vn 0.9757 -0.1951 -0.0992
vn 0.9782 -0.0134 0.2071
vn 0.9745 -0.1404 0.1750
vn 0.8076 -0.2686 0.5251
vn -0.0114 -0.9953 0.0966
vn 0.7132 -0.3749 -0.5922
vn 0.9275 -0.2760 -0.2520
vn 0.9022 -0.1760 -0.3938
vn 0.9281 -0.1200 -0.3524
vn 0.7609 -0.1008 -0.6410
vn 0.9875 -0.1315 0.0868
vn 0.9773 0.0740 0.1984
vn -0.1463 -0.2887 -0.9462
vn 0.7111 -0.2175 -0.6687
vn 0.6645 0.1676 -0.7283
vn 0.7228 -0.2005 -0.6613
vn 0.6759 -0.1394 -0.7237
vn 0.4262 0.0078 -0.9046
vn 0.3735 -0.1354 -0.9177
vn 0.0028 -0.1253 -0.9921
vn 0.3047 -0.2555 -0.9175
vn 0.0039 -0.2771 -0.9608
vn 0.0267 0.0872 -0.9958
vn -0.3511 0.0230 -0.9361
vn 0.7603 0.0751 -0.6452
vn 0.4053 0.2053 -0.8908
vn -0.1057 0.2111 -0.9717
vn -0.4936 0.1558 -0.8556
vn -0.7485 -0.0691 -0.6596
vn -0.6772 -0.1334 -0.7236
vn -0.9038 -0.1719 -0.3918
vn 0.7580 0.2021 -0.6202
vn 0.9482 0.0301 -0.3164
vn 0.9613 -0.2303 -0.1514
vn 0.9790 0.1023 -0.1764
vn 0.9984 -0.0495 -0.0280
vn 0.9422 0.0641 0.3289
vn 0.9501 -0.3113 0.0190
vn 0.9077 -0.3872 -0.1615
vn 0.9326 -0.2256 0.2818
vn 0.7294 -0.2681 0.6294
vn 0.6384 0.0733 0.7662
vn 0.5526 -0.2034 0.8083
vn 0.4760 0.0306 0.8789
vn 0.5327 -0.1541 0.8321
vn 0.4475 -0.0476 0.8930
vn 0.5397 -0.5129 0.6676
vn 0.5092 -0.4085 0.7575
vn 0.6357 -0.4920 0.5948
vn 0.7763 -0.4784 0.4104
vn -0.7328 -0.2635 0.6274
vn -0.6295 -0.4942 0.5996
vn -0.7784 -0.4757 0.4096
vn -0.5440 -0.4935 0.6786
vn -0.5572 -0.1915 0.8080
vn -0.5266 -0.3528 0.7734
vn -0.5276 -0.1274 0.8399
vn -0.0851 -0.1792 0.9801
vn 0.2224 -0.3333 0.9162
vn 0.0000 -0.1167 0.9932
vn -0.4468 -0.0503 0.8932
vn -0.4796 0.0228 0.8772
vn -0.6480 0.0677 0.7586
vn -0.9431 0.0622 0.3267
vn -0.9335 -0.2237 0.2801
vn -0.9489 -0.3149 0.0180
vn -0.9607 -0.2327 -0.1510
vn -0.9049 -0.3918 -0.1663
vn -0.9450 -0.2635 -0.1939
vn -0.9984 -0.0489 -0.0272
vn -0.9786 0.1029 -0.1780
vn -0.9482 0.0281 -0.3163
vn -0.7552 0.2005 -0.6241
vn 0.4640 0.2087 -0.8609
vn 0.0459 0.2853 -0.9573
vn -0.3708 0.2468 -0.8953
vn -0.7907 0.0606 -0.6091
vn -0.9290 -0.1231 -0.3491
vn -0.9709 -0.1998 -0.1322
vn -0.9259 -0.2784 -0.2554
vn -0.9958 0.0085 0.0911
vn -0.9802 -0.0710 -0.1848
vn -0.7235 -0.1990 -0.6610
vn -0.7007 -0.4291 -0.5700
vn -0.0490 -0.9972 0.0558
vn -0.8925 -0.2180 0.3949
vn -0.9966 -0.0689 0.0440
vn -0.9981 0.0580 0.0187
vn -0.9954 -0.0166 0.0944
vn -0.9982 -0.0526 -0.0302
vn -0.9869 -0.1613 -0.0016
vn -0.9751 -0.0948 -0.2002
vn -0.9960 -0.0326 -0.0829
vn -0.9773 -0.0265 0.2100
vn -0.9563 -0.0659 0.2849
vn -0.9542 -0.0359 0.2969
vn -0.8684 -0.1691 0.4661
vn -0.7008 -0.0351 0.7125
vn -0.6212 0.1872 0.7610
vn 0.4453 0.5757 0.6858
vn -0.9309 -0.1548 0.3310
vn -0.9180 -0.0175 0.3962
vn -0.9204 0.0027 0.3910
vn -0.8347 -0.0016 0.5508
vn -0.7612 -0.1879 0.6207
vn -0.6306 0.2829 0.7227
vn -0.8801 0.1033 0.4633
vn -0.4422 0.6449 0.6234
vn -0.5197 0.4756 0.7097
vn -0.2923 0.7679 0.5700
vn -0.4791 0.7301 0.4873
vn -0.4486 0.7611 0.4685
vn -0.8337 0.4738 0.2836
vn -0.7722 0.2611 0.5793
vn -0.5384 0.6343 0.5548
vn -0.0599 0.0577 0.9965
vn 0.6308 0.0703 0.7727
vn -0.8166 -0.0216 0.5767
vn -0.1763 0.2929 0.9397
vn -0.6153 -0.1736 0.7690
vn -0.3785 -0.7542 0.5366
vn 0.4482 -0.5463 0.7076
vn 0.2305 -0.0099 0.9730
vn -0.1312 0.0026 0.9914
vn -0.4053 -0.4860 0.7743
vn -0.1078 -0.1972 0.9744
vn -0.1181 -0.0398 0.9922
vn 0.0195 0.2020 0.9792
vn 0.0116 0.6410 0.7675
vn 0.1989 0.2857 0.9375
vn 0.5393 0.6397 0.5477
vn 0.1377 -0.0013 0.9905
vn 0.1181 -0.0398 0.9922
vn 0.0000 -0.0676 0.9977
vn -0.0693 -0.1741 0.9823
vn -0.0328 -0.2486 0.9680
vn -0.2457 -0.2025 0.9479
vn -0.1688 0.4352 0.8844
vn -0.4915 0.2009 0.8474
vn 0.0963 0.3234 0.9414
vn -0.0008 -0.0544 0.9985
vn 0.0693 -0.1741 0.9823
vn 0.1050 -0.1951 0.9751
vn -0.5020 0.4674 0.7277
vn -0.6388 0.0478 0.7679
vn 0.0300 -0.2521 0.9672
vn 0.4068 -0.4837 0.7749
vn -0.1450 0.4532 0.8795
vn -0.0095 0.3502 0.9366
vn -0.0950 0.3199 0.9427
vn 0.1554 0.3621 0.9191
vn 0.6105 -0.1744 0.7726
vn 0.3781 -0.7532 0.5383
vn 0.2813 -0.6077 0.7427
vn 0.2286 -0.2237 0.9475
vn 0.4363 -0.1077 0.8933
vn 0.4698 -0.2240 0.8539
vn 0.5982 -0.2540 0.7601
vn 0.6747 0.3289 0.6608
vn 0.4261 0.5601 0.7104
vn 0.8314 0.2661 0.4879
vn 0.6113 0.6647 0.4295
vn 0.4832 0.6784 0.5535
vn 0.3319 0.6521 0.6816
vn 0.1410 0.5366 0.8320
vn -0.0382 0.4315 0.9013
vn 0.7016 0.6690 0.2454
vn 0.3160 0.3833 0.8679
vn 0.1059 0.2547 0.9612
vn 0.4971 0.3661 0.7866
vn 0.6840 0.3060 0.6622
vn 0.8557 0.3617 0.3700
vn 0.8658 0.4897 0.1032
vn 0.6857 0.2202 0.6937
vn 0.8625 0.1078 0.4944
vn 0.8504 0.1587 0.5017
vn 0.7152 0.2042 0.6684
vn 0.8704 0.1320 0.4744
vn 0.5155 0.2682 0.8139
vn 0.5058 0.2874 0.8134
vn 0.6626 0.2768 0.6959
vn 0.3051 0.3296 0.8935
vn 0.3292 0.3134 0.8907
vn 0.4641 0.3658 0.8067
vn 0.6139 0.4159 0.6710
vn 0.8174 0.2879 0.4991
vn 0.0749 0.3095 0.9479
vn 0.1258 0.3301 0.9355
vn 0.2441 0.4163 0.8758
vn 0.4357 0.5451 0.7163
vn 0.6286 0.5434 0.5564
vn -0.0012 0.3944 0.9189
vn -0.0015 0.2866 0.9580
vn -0.1264 0.3271 0.9365
vn -0.2428 0.4166 0.8761
vn -0.3289 0.3133 0.8909
vn -0.0004 0.5916 0.8062
vn 0.2726 0.6013 0.7511
vn 0.4189 0.6987 0.5800
vn 0.5849 0.7416 0.3285
vn 0.8676 0.4231 0.2613
vn -0.2730 0.6007 0.7514
vn -0.2399 0.7663 0.5960
vn -0.4360 0.5449 0.7162
vn -0.4634 0.3665 0.8068
vn -0.4205 0.6981 0.5795
vn -0.3572 0.8774 0.3202
vn -0.5856 0.7413 0.3279
vn -0.6290 0.5428 0.5565
vn -0.8679 0.4237 0.2591
vn -0.6647 0.2752 0.6946
vn -0.6154 0.4152 0.6700
vn -0.8177 0.2846 0.5004
vn -0.9479 0.1527 0.2795
vn -0.8504 0.1643 0.4998
vn -0.7008 0.2212 0.6782
vn -0.5216 0.2798 0.8060
vn -0.8332 0.5465 -0.0843
vn -0.9901 0.1382 0.0250
vn -0.9612 0.0683 0.2673
vn -0.8666 0.1396 0.4790
vn -0.6859 0.2245 0.6922
vn -0.5063 0.2663 0.8202
vn -0.9735 0.0379 0.2256
vn -0.9993 0.0001 0.0377
vn -0.8754 0.1312 0.4652
vn -0.6794 0.3012 0.6691
vn -0.4993 0.3670 0.7849
vn -0.3067 0.3269 0.8939
vn -0.3176 0.3810 0.8683
vn -0.0734 0.3102 0.9478
vn -0.0030 0.4299 0.9029
vn 0.1421 0.4552 0.8790
vn 0.0385 0.4316 0.9012
vn -0.1074 0.2525 0.9616
vn -0.1580 0.5797 0.7993
vn -0.3509 0.7293 0.5874
vn -0.5604 0.5852 0.5861
vn -0.8203 0.1920 0.5387
vn -0.4910 0.6179 0.6141
vn -0.3819 0.5725 0.7255
vn -0.8960 -0.2246 0.3832
vn -0.8824 0.4617 0.0902
vn -0.9896 0.1242 0.0727
vn -0.6664 0.6882 0.2867
vn -0.6321 0.5976 0.4933
vn -0.8628 0.3405 0.3738
vn -0.9533 0.2666 0.1421
vn -0.9761 0.0690 0.2063
vn -0.9995 -0.0209 0.0258
vn -0.9596 -0.0649 -0.2739
vn -0.9833 -0.0381 -0.1781
vn -0.8949 -0.0601 -0.4422
vn -0.9922 -0.0459 -0.1161
vn -1.0000 0.0005 0.0008
vn -0.9976 0.0653 0.0234
vn -0.9837 -0.0582 -0.1699
vn -0.9973 -0.0536 -0.0495
vn -0.9959 -0.0903 -0.0072
vn -0.9860 -0.0982 0.1349
vn -0.9053 -0.2126 0.3678
vn -0.8498 -0.2492 0.4644
vn -0.9836 -0.1475 0.1036
vn -0.9858 -0.0481 0.1607
vn -0.9756 -0.1261 0.1799
vn -0.9414 -0.1560 0.2991
vn -0.8660 -0.1206 0.4852
vn -0.6022 -0.2188 0.7678
vn -0.9453 -0.1046 0.3090
vn -0.9473 -0.0877 0.3080
vn -0.3951 -0.5026 0.7690
vn -0.3588 -0.5978 0.7169
vn -0.3121 -0.7178 0.6224
vn -0.6627 -0.2993 0.6865
vn -0.5491 -0.3785 0.7452
vn -0.5414 -0.1023 0.8345
vn -0.2721 -0.6862 0.6746
vn -0.3508 -0.5949 0.7232
vn -0.7580 -0.3220 0.5673
vn 0.9865 -0.0440 0.1577
vn 0.9391 -0.0161 0.3431
vn 0.9887 -0.1499 0.0024
vn 0.9493 -0.0881 0.3017
vn 0.9843 -0.1762 -0.0103
vn 0.9824 -0.1481 0.1135
vn 0.9771 -0.1539 0.1469
vn 0.9283 -0.1331 0.3473
vn 0.9899 -0.1140 0.0849
vn 0.9301 -0.2324 0.2845
vn 0.9941 -0.1006 0.0415
vn 0.9823 -0.1872 0.0092
vn 0.9966 -0.0814 -0.0131
vn 0.3585 0.9278 -0.1035
vn 0.9920 -0.1179 -0.0442
vn 0.9825 -0.0730 -0.1713
vn 0.9993 0.0171 0.0322
vn 0.9932 0.0808 0.0840
vn 0.9267 -0.0796 -0.3673
vn 0.9014 -0.2066 0.3805
vn 0.7964 -0.1933 0.5730
vn 0.9832 0.1792 0.0358
vn 0.9484 0.2746 0.1583
vn 0.9621 0.0987 0.2540
vn 0.9998 0.0023 0.0208
vn 0.8932 -0.1339 0.4292
vn 0.7741 -0.2879 0.5638
vn 0.5272 -0.2644 0.8076
vn 0.7197 -0.3472 0.6013
vn 0.3276 -0.5111 0.7946
vn 0.6586 -0.3703 0.6551
vn 0.3346 -0.6148 0.7142
vn -0.4453 -0.5472 0.7087
vn -0.2300 -0.0099 0.9731
vn 0.6851 -0.0212 0.7281
vn 0.4644 -0.2187 0.8582
vn 0.4416 -0.5569 0.7035
vn 0.3643 -0.6685 0.6484
vn 0.3504 -0.6151 0.7063
vn 0.0574 0.0571 0.9967
vn 0.8149 -0.0214 0.5791
vn 0.7737 0.2590 0.5782
vn 0.4793 0.7277 0.4906
vn -0.4442 0.5779 0.6846
vn -0.6248 0.0680 0.7778
vn 0.2858 0.7689 0.5720
vn 0.5091 0.4823 0.7129
vn 0.6165 0.1982 0.7620
vn 0.8777 0.1093 0.4666
vn 0.9169 -0.0143 0.3988
vn 0.9302 -0.1497 0.3352
vn 0.9211 0.0005 0.3892
vn 0.8334 -0.0040 0.5526
vn 0.4503 0.6485 0.6137
vn 0.6450 0.2636 0.7173
vn 0.4115 0.7159 0.5640
vn 0.7549 -0.2044 0.6232
vn 0.8651 -0.1774 0.4692
vn 0.9681 -0.0833 0.2363
vn 0.9937 -0.0062 0.1116
vn 0.9796 0.0767 -0.1855
vn 0.9721 -0.0409 -0.2309
vn 0.9441 -0.2673 -0.1932
vn -0.4474 0.3197 0.8352
vn -0.4888 0.2947 0.8211
vn 0.0016 0.4176 0.9086
vn -0.7277 0.3273 0.6028
vn -0.9387 0.0834 0.3344
vn -0.9265 0.1007 0.3626
vn -0.9679 0.1359 0.2113
vn -0.9416 0.0307 0.3354
vn -0.9100 0.1612 0.3821
vn -0.9128 0.1486 0.3803
vn -0.7448 0.2756 0.6077
vn -0.5027 0.3301 0.7989
vn 0.0016 0.2690 0.9631
vn -0.5281 0.3572 0.7704
vn -0.0017 0.3751 0.9270
vn -0.7562 0.2583 0.6012
vn -0.8991 0.1377 0.4154
vn -0.9418 0.0600 0.3306
vn -0.6994 0.3232 0.6375
vn -0.4278 0.5244 0.7362
vn -0.0059 0.6317 0.7752
vn -0.4306 0.6107 0.6646
vn -0.3737 0.5601 0.7393
vn -0.5735 0.5357 0.6197
vn -0.8545 0.2368 0.4623
vn 0.8520 0.2295 0.4706
vn 0.8973 0.1476 0.4160
vn 0.9285 0.0957 0.3589
vn 0.7057 0.3185 0.6329
vn 0.7535 0.2721 0.5985
vn 0.5351 0.3497 0.7690
vn 0.4431 0.4971 0.7460
vn -0.0041 0.6824 0.7309
vn 0.3719 0.5071 0.7775
vn 0.4642 0.5626 0.6841
vn 0.6078 0.4946 0.6213
vn 0.9148 0.0753 0.3968
vn 0.9389 0.0677 0.3374
vn 0.9095 0.1594 0.3838
vn 0.7447 0.2703 0.6102
vn 0.5019 0.3240 0.8020
vn 0.9129 0.1467 0.3810
vn 0.7263 0.3267 0.6047
vn 0.9139 0.2105 0.3470
vn 0.4473 0.3198 0.8352
vn 0.4694 0.2593 0.8440
vn 0.7638 0.3794 0.5222
vn 0.9514 0.1148 0.2858
vn 0.9478 0.0380 0.3165
vn 0.9566 -0.0231 0.2905
vn 0.9389 -0.1325 0.3176
vn 0.9533 -0.1120 0.2805
vn 0.8133 -0.0419 0.5803
vn 0.9372 -0.1859 0.2952
vn 0.9091 -0.2996 0.2896
vn 0.8676 -0.3471 0.3562
vn 0.9325 -0.3101 0.1850
vn 0.9456 -0.2517 0.2061
vn 0.8337 -0.5245 0.1725
vn 0.9764 -0.2157 -0.0112
vn 0.9867 -0.0454 0.1559
vn 0.8964 -0.4363 0.0777
vn 0.8454 -0.4740 0.2461
vn 0.9193 -0.3889 0.0609
vn 0.8878 -0.2168 -0.4059
vn 0.9274 -0.1019 -0.3599
vn 0.9939 0.0385 -0.1034
vn 0.9837 0.1521 0.0960
vn 0.3353 -0.9143 0.2271
vn 0.3020 -0.9493 -0.0872
vn 0.0912 -0.9950 0.0410
vn 0.5305 -0.6355 0.5611
vn 0.7942 -0.5120 0.3273
vn 0.4609 -0.8519 0.2488
vn 0.6150 -0.7573 0.2199
vn 0.0996 -0.9854 0.1382
vn -0.0219 -0.9968 0.0768
vn 0.4123 -0.5496 0.7266
vn 0.6990 -0.4945 0.5166
vn 0.5085 -0.3032 0.8059
vn 0.1867 -0.9669 0.1738
vn -0.0466 -0.9988 -0.0155
vn -0.3339 -0.9163 -0.2212
vn -0.0758 -0.9835 -0.1644
vn 0.1209 -0.9485 0.2929
vn -0.0004 -0.9942 -0.1077
vn -0.0673 0.2636 0.9623
vn -0.4793 -0.2485 0.8417
vn 0.0482 -0.2526 0.9664
vn -0.4123 -0.5523 0.7246
vn -0.6965 -0.5017 0.5130
vn -0.1815 -0.9692 0.1663
vn -0.5481 -0.8136 0.1938
vn -0.1229 -0.9477 0.2946
vn 0.0018 -0.6499 0.7600
vn 0.0013 -0.9601 0.2795
vn 0.0791 -0.9829 -0.1661
vn 0.3392 -0.9131 -0.2264
vn 0.1193 -0.9919 -0.0437
vn -0.1312 -0.9894 0.0624
vn -0.4529 -0.8649 0.2165
vn -0.1281 -0.9864 0.1032
vn -0.4046 -0.8862 0.2257
vn -0.3437 -0.9107 0.2292
vn -0.3317 -0.9430 0.0259
vn -0.5308 -0.5528 0.6423
vn -0.8199 -0.5296 0.2172
vn -0.8461 -0.4711 0.2494
vn -0.7981 -0.5066 0.3262
vn -0.8972 -0.4353 0.0747
vn -0.8608 -0.3758 0.3432
vn -0.9024 -0.3130 0.2961
vn -0.9379 -0.1831 0.2947
vn -0.8151 -0.0375 0.5781
vn -0.9327 0.1588 0.3238
vn -0.9558 0.0141 0.2938
vn -0.9448 0.1520 0.2904
vn -0.7647 0.3809 0.5198
vn -0.9410 -0.1098 0.3201
vn -0.9521 -0.1010 0.2886
vn -0.9469 -0.2485 0.2041
vn -0.9329 -0.3082 0.1864
vn -0.9783 -0.2066 -0.0143
vn -0.9864 -0.0493 0.1569
vn -0.9253 -0.3767 0.0445
vn -0.8852 -0.1989 -0.4205
vn -0.9281 -0.1014 -0.3582
vn -0.9941 0.0367 -0.1021
vn -0.6073 -0.5812 0.5416
vn -0.7857 -0.4273 0.4473
vn -0.9296 0.0171 0.3682
vn -0.8560 -0.1774 0.4856
vn -0.7111 -0.1651 0.6835
vn -0.9180 0.1880 -0.3492
vn -0.3887 0.6735 -0.6287
vn 0.3575 0.0093 -0.9339
vn 0.3469 0.7206 -0.6004
vn -0.5202 0.8536 0.0268
vn 0.1926 -0.2955 -0.9357
vn 0.6383 -0.4979 -0.5871
vn -0.5844 0.1687 -0.7938
vn -0.6282 0.7557 0.1851
vn -0.7632 0.4348 0.4779
vn -0.8288 0.2485 0.5012
vn -0.9455 0.0695 0.3182
vn -0.3288 -0.9289 -0.1705
vn -0.3528 -0.9351 -0.0342
vn -0.5271 -0.8153 0.2397
vn -0.5955 -0.5850 0.5507
vn -0.9059 0.0602 0.4193
vn -0.9428 -0.0638 0.3272
vn -0.8923 -0.1261 0.4334
vn -0.4472 -0.8007 -0.3987
vn -0.8532 0.1470 0.5005
vn -0.8347 -0.1233 0.5368
vn -0.7611 -0.5622 -0.3235
vn -0.7793 -0.1537 -0.6076
vn -0.8924 -0.1404 0.4289
vn -0.9806 -0.1870 -0.0586
vn -0.7475 -0.0659 0.6610
vn -0.9506 -0.3033 0.0662
vn -0.9094 -0.2164 0.3551
vn -0.8292 -0.0821 0.5529
vn -0.7310 -0.2081 0.6498
vn -0.9232 -0.0820 0.3754
vn -0.8227 0.1258 0.5544
vn -0.9191 -0.0335 0.3927
vn -0.9785 -0.1396 0.1518
vn -0.8409 0.0010 0.5412
vn -0.9596 -0.1456 0.2406
vn -0.9201 -0.1822 0.3468
vn -0.7401 0.3818 0.5536
vn -0.8370 -0.0761 0.5419
vn -0.8534 -0.3559 0.3808
vn 0.2709 -0.0491 -0.9614
vn -0.5914 -0.4413 -0.6750
vn -0.2700 0.0573 -0.9612
vn -0.2188 0.6244 -0.7499
vn 0.1967 -0.9713 -0.1338
vn 0.6141 -0.7460 0.2578
vn 0.9020 -0.1426 0.4074
vn 0.9350 0.0264 0.3537
vn 0.9069 0.1830 -0.3796
vn 0.7080 -0.1779 0.6835
vn 0.7281 -0.2258 0.6472
vn 0.8277 -0.0883 0.5541
vn 0.6000 -0.5906 0.5396
vn 0.8530 -0.1894 0.4863
vn 0.9293 0.0139 0.3690
vn 0.5383 0.6920 -0.4810
vn 0.3787 0.9227 -0.0725
vn 0.5347 0.7352 0.4166
vn 0.7333 0.5232 0.4342
vn 0.7802 -0.4399 0.4448
vn 0.8486 -0.3633 0.3847
vn 0.9165 -0.2026 0.3450
vn 0.7332 0.3759 0.5667
vn 0.9165 -0.0491 0.3970
vn 0.8161 0.1184 0.5657
vn 0.7345 -0.0735 0.6747
vn 0.9570 -0.1736 0.2326
vn 0.9508 -0.3032 0.0639
vn 0.9035 0.0437 0.4263
vn 0.9793 -0.1480 0.1381
vn 0.8397 -0.1044 0.5329
vn 0.8541 0.1416 0.5005
vn 0.9791 -0.1935 -0.0623
vn 0.9118 -0.2211 0.3459
vn 0.8506 -0.0106 0.5257
vn 0.8892 -0.1489 0.4326
vn 0.7281 -0.5974 -0.3361
vn 0.6520 -0.7491 -0.1170
vn 0.8321 -0.1252 0.5403
vn -0.9353 -0.2963 -0.1935
vn -0.9613 -0.1906 -0.1989
vn -0.8981 -0.3985 -0.1858
vn 0.2218 -0.9345 0.2782
vn 0.1559 -0.9864 -0.0521
vn 0.2931 -0.9508 -0.1002
vn 0.1016 -0.9218 -0.3741
vn 0.5848 -0.8010 0.1279
vn 0.1955 -0.9303 -0.3105
vn 0.5908 -0.0028 0.8068
vn 0.5798 -0.7768 -0.2460
vn 0.2465 -0.9649 -0.0901
vn 0.1776 -0.9816 0.0701
vn -0.0358 -0.9604 0.2763
vn 0.0148 -0.9751 -0.2212
vn -0.0057 -0.9721 -0.2343
vn 0.0002 -0.9954 0.0957
vn -0.0125 -0.9765 -0.2153
vn 0.0361 -0.9593 0.2802
vn -0.2884 -0.9533 -0.0895
vn -0.1805 -0.9807 0.0751
vn -0.1431 -0.9890 -0.0373
vn -0.0947 -0.9282 -0.3599
vn -0.2125 -0.9322 0.2929
vn -0.0039 -0.6681 0.7441
vn -0.1265 -0.0756 0.9891
vn 0.0063 0.0385 0.9992
vn 0.1303 -0.0825 0.9880
vn 0.0007 0.6135 0.7897
vn -0.4218 0.9028 0.0842
vn -0.1256 -0.1577 0.9795
vn -0.7849 0.6195 0.0135
vn -0.1566 0.9831 -0.0950
vn 0.4242 0.9014 0.0869
vn 0.1098 -0.0061 0.9939
vn 0.7174 0.6887 -0.1047
vn 0.2456 0.8291 -0.5022
vn 0.3056 0.9269 -0.2180
vn 0.2144 0.9259 -0.3109
vn -0.0006 0.9744 -0.2248
vn 0.1713 0.9765 -0.1312
vn 0.0913 0.9937 -0.0652
vn 0.1836 0.8830 -0.4319
vn 0.3581 0.7914 -0.4954
vn 0.3817 0.7213 0.5780
vn 0.2042 0.7122 0.6716
vn 0.1649 0.9011 0.4010
vn -0.0993 -0.9950 0.0106
vn -0.0745 -0.9961 0.0481
vn 0.8703 -0.4608 0.1737
vn 0.8775 -0.3731 -0.3014
vn 0.8626 -0.4993 -0.0818
vn 0.8133 -0.5515 0.1855
vn 0.7304 -0.6473 0.2179
vn 0.4753 -0.7532 0.4548
vn 0.5193 -0.7841 0.3398
vn 0.4016 -0.8608 0.3126
vn 0.6118 -0.6771 0.4089
vn 0.6201 -0.7128 0.3277
vn 0.7438 -0.6089 0.2757
vn 0.8452 -0.4709 0.2528
vn 0.8346 -0.5378 0.1189
vn 0.5767 -0.6991 0.4227
vn 0.4092 -0.8540 0.3214
vn 0.4198 -0.6508 0.6326
vn 0.7876 -0.2634 0.5571
vn 0.7173 -0.6061 0.3436
vn 0.6613 -0.5817 0.4736
vn 0.5594 -0.5086 0.6545
vn 0.3784 -0.6512 0.6579
vn 0.6103 -0.4995 0.6148
vn 0.3475 -0.7094 0.6131
vn 0.0036 -0.7624 0.6471
vn 0.0034 -0.5345 0.8452
vn 0.0021 -0.8077 0.5896
vn 0.0040 -0.6027 0.7980
vn 0.0047 -0.8760 0.4822
vn 0.0034 -0.9593 0.2822
vn -0.4166 -0.6493 0.6363
vn -0.5181 -0.6147 0.5947
vn -0.5981 -0.6686 0.4420
vn -0.3324 -0.6780 0.6556
vn -0.3367 -0.7141 0.6137
vn -0.6764 -0.5532 0.4863
vn -0.6326 -0.3833 0.6730
vn -0.7759 0.0556 0.6284
vn -0.6105 -0.5538 0.5662
vn -0.6354 -0.4695 0.6131
vn -0.7018 -0.6069 0.3730
vn -0.8086 -0.1531 0.5681
vn -0.8391 -0.0016 0.5440
vn -0.8327 -0.4873 0.2630
vn -0.7411 -0.6078 0.2854
vn -0.6113 -0.7164 0.3364
vn -0.6641 -0.6069 0.4366
vn -0.8294 -0.5460 0.1179
vn -0.8113 -0.5542 0.1862
vn -0.8691 -0.4626 0.1750
vn -0.8336 -0.1768 0.5232
vn -0.8579 -0.5055 -0.0919
vn -0.8752 -0.3703 -0.3115
vn -0.7309 -0.6471 0.2170
vn -0.4052 -0.8577 0.3164
vn -0.5090 -0.8095 0.2927
vn -0.5126 -0.7424 0.4313
vn -0.6169 -0.6608 0.4274
vn -0.3981 -0.8721 0.2845
vn -0.9865 -0.1215 0.1097
vn -0.9868 -0.1617 -0.0099
vn -0.9999 -0.0006 -0.0142
vn -0.9853 -0.1704 -0.0110
vn -0.9267 -0.0812 -0.3670
vn -0.7122 -0.2159 -0.6680
vn -0.7379 -0.1573 -0.6563
vn -0.8497 -0.1002 -0.5176
vn -0.3746 -0.1337 -0.9175
vn -0.3035 -0.2563 -0.9177
vn -0.4409 -0.2372 -0.8657
vn -0.6839 -0.1683 -0.7099
vn -0.7195 -0.0975 -0.6876
vn -0.4080 -0.2107 -0.8883
vn 0.0035 -0.2850 -0.9585
vn 0.8501 -0.0982 -0.5174
vn 0.9435 -0.0713 -0.3236
vn 0.7397 -0.1533 -0.6552
vn 0.6863 -0.1658 -0.7081
vn 0.4448 -0.2356 -0.8641
vn 0.4129 -0.2088 -0.8865
vn 0.0031 -0.2089 -0.9779
vn -0.4079 -0.0505 -0.9116
vn 0.8988 -0.0548 -0.4350
vn 0.9742 -0.0172 -0.2251
vn 0.9776 -0.0711 -0.1979
vn 0.9610 0.1331 -0.2423
vn 0.8346 0.5449 -0.0809
vn 0.9834 0.1810 0.0110
vn 0.9977 0.0398 0.0549
vn 0.9551 0.1469 0.2573
vn 0.9532 0.0749 0.2929
vn 0.9615 0.0443 0.2713
vn 0.7316 -0.5531 0.3986
vn 0.7387 -0.0197 0.6737
vn 0.6956 -0.2264 0.6818
vn 0.7156 -0.1833 0.6740
vn 0.6773 -0.3488 0.6478
vn 0.6334 -0.3562 0.6869
vn 0.6648 -0.4533 0.5938
vn 0.5079 -0.4421 0.7393
vn 0.6283 -0.2761 0.7274
vn 0.6127 -0.4806 0.6273
vn 0.9194 -0.0927 0.3822
vn 0.5833 -0.5931 0.5550
vn 0.3575 0.8774 0.3201
vn 0.5173 0.8557 -0.0109
vn 0.3382 0.9409 -0.0185
vn 0.2018 0.9759 0.0835
vn 0.5715 0.7451 -0.3438
vn 0.3348 0.8924 -0.3026
vn 0.1720 0.9483 -0.2668
vn 0.0003 0.9994 -0.0345
vn 0.0008 0.9610 -0.2767
vn 0.8139 0.4586 -0.3568
vn -0.1725 0.9480 -0.2676
vn 0.0004 0.8742 -0.4856
vn 0.1902 0.8190 -0.5413
vn 0.3513 0.7639 -0.5414
vn 0.5790 0.5779 -0.5752
vn 0.7981 0.3049 -0.5198
vn -0.3339 0.8927 -0.3026
vn -0.1886 0.8194 -0.5413
vn -0.3479 0.7656 -0.5411
vn 0.0012 0.7179 -0.6962
vn 0.3136 0.6206 -0.7187
vn 0.5760 0.3988 -0.7135
vn 0.3942 0.4360 -0.8090
vn -0.3919 0.4360 -0.8101
vn -0.3104 0.6214 -0.7194
vn -0.2448 0.4492 -0.8592
vn -0.5745 0.3990 -0.7147
vn -0.5809 0.5775 -0.5736
vn 0.0023 0.5537 -0.8327
vn 0.2475 0.4492 -0.8585
vn 0.3811 0.2310 -0.8952
vn 0.6787 0.1213 -0.7243
vn 0.0021 0.3407 -0.9402
vn 0.8576 0.0665 -0.5100
vn 0.7206 -0.0973 -0.6865
vn 0.4120 -0.0531 -0.9096
vn 0.0029 0.0504 -0.9987
vn -0.3776 0.2327 -0.8962
vn -0.6772 0.1259 -0.7249
vn -0.7951 0.3113 -0.5205
vn -0.8107 0.4636 -0.3576
vn -0.5744 0.7426 -0.3445
vn -0.8537 0.0685 -0.5162
vn -0.9507 0.1541 -0.2691
vn -0.5189 0.8548 -0.0112
vn -0.3387 0.9407 -0.0197
vn 0.2404 0.7660 0.5962
vn -0.0004 0.8173 0.5762
vn -0.2008 0.9038 0.3780
vn -0.2021 0.9758 0.0833
vn -0.0006 0.9535 0.3014
vn 0.2022 0.9033 0.3784
vn 0.6346 -0.7245 -0.2691
vn 0.6697 -0.6134 -0.4187
vn 0.9715 -0.1485 -0.1849
vn 0.8210 0.4612 0.3364
vn 0.9015 0.4314 -0.0357
vn 0.4501 0.7757 0.4424
vn 0.8361 0.4730 0.2780
vn 0.6757 0.7340 0.0682
vn -0.0010 0.9608 0.2772
vn -0.2857 0.9351 -0.2097
vn -0.1556 0.9801 -0.1233
vn -0.0500 0.9978 -0.0425
vn -0.2139 0.9270 -0.3082
vn -0.0786 0.9960 -0.0430
vn -0.2231 0.8432 -0.4892
vn 0.0011 0.9334 0.3589
vn 0.0797 0.9959 -0.0430
vn 0.2980 0.1927 0.9349
vn -0.6116 -0.5518 0.5669
vn -0.2819 -0.9005 0.3312
vn -0.4672 -0.8712 -0.1510
vn -0.5157 -0.8089 -0.2825
vn -0.3375 -0.9184 -0.2067
vn -0.5083 -0.8107 0.2904
vn 0.3785 -0.6022 -0.7029
vn 0.9705 0.0999 0.2195
vn 0.7540 -0.0496 0.6550
vn 0.7128 -0.2727 0.6462
vn 0.7375 0.3751 0.5617
vn 0.8452 0.5146 0.1442
vn 0.4529 0.7487 0.4841
vn 0.3433 0.4528 0.8228
vn 0.4332 -0.0177 0.9011
vn 0.3518 0.9212 0.1661
vn 0.0162 0.9539 0.2996
vn 0.0000 0.9876 0.1568
vn 0.0141 0.6294 0.7770
vn 0.0025 -0.0301 0.9995
vn 0.4652 -0.1791 0.8669
vn 0.4138 -0.0938 0.9055
vn -0.3348 0.4315 0.8377
vn -0.4284 0.0042 0.9036
vn -0.7333 0.3637 0.5744
vn -0.4418 0.7439 0.5014
vn -0.8426 0.5178 0.1480
vn -0.3461 0.9244 0.1602
vn -0.7089 -0.2672 0.6528
vn -0.4632 -0.1539 0.8728
vn -0.7498 -0.0361 0.6607
vn -0.4030 -0.0957 0.9102
vn -0.2993 -0.4070 0.8630
vn -0.9676 0.1066 0.2289
vn -0.8552 -0.4709 0.2166
vn -0.4366 -0.7188 0.5410
vn -0.9774 -0.1276 -0.1684
vn -0.9004 0.4341 -0.0277
vn -0.6721 0.7364 0.0773
vn -0.0001 -0.6071 0.7946
vn -0.0023 -0.9042 0.4272
vn 0.4371 -0.7250 0.5323
vn -0.3955 -0.9093 0.1293
vn -0.6360 -0.7272 -0.2581
vn -0.0035 -0.9974 0.0720
vn 0.8543 -0.4739 0.2135
vn 0.3869 -0.9128 0.1306
vn -0.0059 -0.9550 -0.2965
vn -0.1761 -0.9343 -0.3098
vn -0.6831 -0.6372 -0.3569
vn 0.3069 -0.4083 0.8597
vn 0.7635 -0.6027 0.2320
vn 0.7140 -0.6491 0.2625
vn 0.7590 -0.6338 0.1491
vn 0.7882 -0.5624 0.2498
vn 0.8466 -0.4534 0.2787
vn 0.8706 -0.4020 0.2837
vn 0.8779 -0.3594 0.3165
vn 0.7972 -0.3806 0.4687
vn -0.8608 -0.0293 0.5082
vn -0.8639 -0.0210 0.5032
vn -0.8693 -0.0040 0.4942
vn -0.8661 -0.0108 0.4998
vn -0.8699 -0.0116 0.4932
vn -0.8737 0.0081 0.4865
vn -0.8843 0.0074 0.4668
vn -0.8764 0.0105 0.4815
vn -0.8721 0.0115 0.4891
vn -0.8610 0.0168 0.5082
vn -0.8742 0.0134 0.4853
vn -0.8782 0.0036 0.4784
vn -0.8820 -0.0031 0.4713
vn -0.8794 0.0221 0.4755
vn -0.8786 0.0370 0.4761
vn -0.8684 0.0853 0.4884
vn 0.1964 -0.9179 -0.3448
vn -0.8749 -0.0166 0.4841
vn -0.8713 -0.0223 0.4902
vn -0.8688 -0.0181 0.4948
vn -0.8774 -0.0129 0.4795
vn -0.8789 0.0018 0.4770
vn -0.8747 0.0042 0.4846
vn -0.8731 0.0038 0.4876
vn -0.8727 0.0013 0.4882
vn -0.8757 0.0038 0.4828
vn -0.8776 0.0027 0.4793
vn -0.8257 0.4397 0.3533
vn -0.4107 0.6832 0.6038
vn 0.9344 -0.3032 -0.1869
vn 0.9622 -0.1924 -0.1925
vn 0.8944 -0.4100 -0.1789
vn -0.7140 -0.6491 0.2625
vn -0.7635 -0.6027 0.2320
vn -0.7590 -0.6338 0.1491
vn -0.7882 -0.5624 0.2498
vn -0.8466 -0.4534 0.2787
vn -0.8706 -0.4020 0.2837
vn -0.8778 -0.3594 0.3166
vn -0.7972 -0.3806 0.4687
vn -0.7578 -0.6428 0.1123
vn -0.7689 -0.6073 0.1999
vn -0.8022 -0.5069 0.3153
vn -0.8532 -0.4085 0.3244
vn 0.7578 -0.6428 0.1123
vn 0.7689 -0.6073 0.1999
vn 0.8022 -0.5069 0.3153
vn 0.8532 -0.4085 0.3244
vn -0.6977 0.3498 0.6252
vn -0.7201 0.0043 0.6939
vn -0.7038 -0.2778 0.6538
vn -0.5039 -0.4077 0.7615
vn 0.8786 0.0370 0.4761
vn 0.8794 0.0221 0.4755
vn 0.8684 0.0853 0.4884
vn 0.8820 -0.0030 0.4713
vn 0.8782 0.0036 0.4783
vn 0.8742 0.0134 0.4853
vn 0.8661 -0.0108 0.4998
vn 0.8737 0.0080 0.4864
vn 0.8721 0.0115 0.4891
vn 0.8764 0.0105 0.4815
vn 0.8610 0.0168 0.5082
vn 0.8844 0.0075 0.4667
vn 0.8699 -0.0116 0.4931
vn 0.8608 -0.0293 0.5081
vn 0.8639 -0.0210 0.5032
vn 0.8693 -0.0040 0.4942
vn 0.8776 0.0028 0.4794
vn 0.8757 0.0037 0.4828
vn 0.8727 0.0013 0.4882
vn 0.8731 0.0038 0.4876
vn 0.8747 0.0042 0.4846
vn 0.8789 0.0018 0.4770
vn 0.8774 -0.0129 0.4795
vn 0.8749 -0.0166 0.4841
vn 0.8713 -0.0223 0.4902
vn 0.8688 -0.0181 0.4948
vn 0.0037 -1.0000 0.0014
vn 0.0004 -0.9999 -0.0111
vn 0.0070 -0.9999 0.0139
vn 0.3389 0.6042 0.7212
vn -0.0341 0.5387 0.8418
vn 0.4911 0.4340 0.7553
vn -0.0096 0.8985 0.4388
vn 0.3374 0.8369 0.4310
vn 0.2717 0.8716 0.4080
vn 0.0825 0.8348 0.5444
vn 0.3743 0.7920 0.4823
vn 0.2660 0.7522 0.6029
vn 0.5527 0.6711 0.4941
vn 0.6474 0.4394 0.6227
vn 0.7992 0.2456 0.5486
vn 0.8360 0.3885 0.3875
vn 0.7076 0.6225 0.3343
vn 0.6034 0.5273 0.5982
vn 0.6374 0.6926 0.3377
vn 0.6331 0.6878 0.3550
vn 0.5478 0.8093 0.2122
vn 0.7022 0.6472 -0.2967
vn -0.0000 1.0000 0.0000
vn 0.9606 0.2700 0.0654
vn 0.9878 0.1552 0.0089
vn 0.9631 0.2526 0.0930
vn 0.8871 0.3810 0.2604
vn 0.9435 0.1408 0.3000
vn 0.9848 0.1084 0.1356
vn 0.9968 0.0592 -0.0539
vn 0.9779 -0.0811 -0.1927
vn 0.9749 0.0380 -0.2194
vn 0.8722 0.1258 -0.4726
vn 0.4262 0.5393 -0.7263
vn -0.0123 0.1085 -0.9940
vn -0.0311 0.7470 -0.6641
vn 0.5260 0.1287 -0.8407
vn 0.8552 0.0046 -0.5183
vn 0.9082 -0.1442 -0.3929
vn 0.9490 -0.1799 -0.2588
vn 0.4145 0.0693 -0.9074
vn -0.0921 0.0475 -0.9946
vn 0.5027 -0.0465 -0.8632
vn -0.0456 0.0040 -0.9990
vn -0.4743 -0.0570 -0.8785
vn -0.8917 -0.0499 -0.4498
vn -0.5000 0.0360 -0.8653
vn -0.9462 -0.1160 -0.3022
vn -0.9963 -0.0856 0.0049
vn -0.9923 -0.1214 -0.0244
vn -0.7511 0.5415 0.3777
vn -0.7032 0.6387 0.3122
vn -0.2954 0.8584 0.4194
vn -0.9913 0.0827 0.1019
vn -0.9882 0.0831 0.1289
vn -0.9996 -0.0277 -0.0002
vn -0.8571 0.0553 -0.5122
vn -0.4365 0.1052 -0.8935
vn -0.3935 0.5119 -0.7636
vn -0.9939 -0.1096 0.0146
vn -0.9963 -0.0743 0.0443
vn -0.9683 0.1903 0.1615
vn -0.9506 0.0401 0.3080
vn -0.8207 0.3086 0.4808
vn -0.5940 0.6362 0.4924
vn -0.2503 0.8659 0.4331
vn -0.6854 0.2746 0.6744
vn -0.5273 0.4638 0.7119
vn -0.3585 0.4838 0.7984
vn -0.4468 0.5918 0.6710
vn -0.2239 0.7663 0.6022
vn -0.0559 0.9047 0.4224
vn -0.3168 0.5689 0.7589
vn -0.2835 0.6702 0.6859
vn -0.0389 0.6566 0.7533
vn -0.0289 0.7545 0.6556
vn -0.6209 0.7601 -0.1917
vn -0.6171 0.5727 0.5397
vn -0.0003 0.9999 -0.0100
vn -0.9798 0.1039 0.1711
vn -0.6704 0.3896 0.6315
vn -0.3595 0.5345 0.7649
vn -0.0345 0.5800 0.8139
vn -0.2393 0.6419 0.7284
vn -0.0355 0.7716 0.6351
vn 0.1898 0.6543 0.7321
vn 0.4141 0.6802 0.6049
vn 0.3147 0.5122 0.7991
vn 0.0345 0.7710 0.6359
vn 0.0339 0.5794 0.8143
vn 0.2608 0.5653 0.7826
vn 0.3194 0.5941 0.7383
vn 0.6391 0.3332 0.6932
vn 0.2954 0.8584 0.4194
vn 0.0559 0.9047 0.4224
vn 0.2503 0.8659 0.4331
vn 0.0096 0.8985 0.4388
vn 0.2239 0.7663 0.6022
vn -0.0560 0.8399 0.5398
vn -0.0141 0.7662 0.6424
vn -0.3479 0.7941 0.4985
vn 0.7511 0.5415 0.3777
vn 0.7032 0.6387 0.3122
vn 0.5940 0.6362 0.4924
vn -0.2716 0.8718 0.4077
vn -0.3374 0.8369 0.4310
vn -0.6331 0.6878 0.3550
vn -0.5522 0.6719 0.4935
vn -0.6374 0.6926 0.3377
vn -0.7135 0.6185 0.3292
vn -0.8871 0.3810 0.2604
vn -0.8341 0.3994 0.3804
vn -0.6340 0.4585 0.6227
vn -0.2744 0.7440 0.6092
vn -0.3378 0.6047 0.7212
vn -0.4761 0.4469 0.7574
vn -0.7896 0.2835 0.5442
vn -0.9462 0.1453 0.2890
vn -0.9881 0.0970 0.1197
vn 0.0339 0.5384 0.8420
vn 0.0385 0.6567 0.7532
vn 0.2833 0.6705 0.6857
vn 0.4470 0.5918 0.6708
vn 0.8207 0.3086 0.4808
vn 0.9683 0.1903 0.1615
vn 0.3172 0.5685 0.7591
vn 0.5280 0.4631 0.7119
vn 0.9912 0.0838 0.1021
vn 0.9963 -0.0734 0.0452
vn 0.9942 -0.1061 0.0153
vn 0.9506 0.0401 0.3080
vn 0.6854 0.2746 0.6744
vn 0.3593 0.4825 0.7988
vn 0.0409 0.5222 -0.8518
vn -0.4609 0.6371 -0.6178
vn 0.4029 0.6109 -0.6815
vn 0.6208 0.7602 -0.1916
vn 0.8906 0.0499 -0.4521
vn 0.9798 0.1037 0.1712
vn 0.9996 -0.0277 -0.0002
vn 0.9882 0.0831 0.1289
vn 0.9964 -0.0849 0.0047
vn 0.8610 -0.0296 -0.5078
vn 0.4710 0.0968 -0.8768
vn 0.0527 0.1127 -0.9922
vn 0.4166 0.0331 -0.9085
vn -0.8512 -0.0029 -0.5249
vn -0.5961 -0.0676 -0.8000
vn -0.9076 -0.1441 -0.3943
vn -0.3853 0.0595 -0.9209
vn -0.4821 0.1200 -0.8679
vn 0.0609 0.0681 -0.9958
vn 0.0525 -0.0123 -0.9985
vn 0.5254 -0.0726 -0.8478
vn 0.9464 -0.1159 -0.3016
vn 0.9923 -0.1214 -0.0244
vn -0.9785 -0.0947 -0.1832
vn -0.9484 -0.1796 -0.2612
vn -0.9808 0.0272 -0.1931
vn -0.8695 0.1312 -0.4762
vn -0.9652 0.2495 0.0786
vn -0.9973 0.0168 -0.0711
vn -0.9875 0.1536 0.0352
vn -0.9587 0.2730 0.0798
vn -0.7019 0.6475 -0.2966
vn -0.1909 0.6537 0.7323
vn -0.3143 0.5123 0.7992
vn -0.6027 0.5275 0.5988
vn 0.6502 0.6483 0.3962
vn 0.0003 1.0000 -0.0099
vn -0.5475 0.8093 0.2129
vn -0.4133 0.6799 0.6057
vn 0.0038 -0.9998 -0.0184
vn 0.0036 -0.9998 -0.0172
vn 0.0056 -0.9997 -0.0240
vn 0.0024 -1.0000 -0.0072
vn 0.0026 -0.9999 -0.0119
vn 0.0022 -1.0000 -0.0007
vn 0.0024 -1.0000 0.0074
vn -0.0036 -0.9998 -0.0171
vn -0.0038 -0.9998 -0.0184
vn -0.0056 -0.9997 -0.0240
vn -0.0024 -1.0000 -0.0072
vn -0.0026 -0.9999 -0.0118
vn -0.0022 -1.0000 -0.0006
vn -0.0024 -1.0000 0.0074
vn -0.0128 -0.9999 -0.0082
vn -0.0092 -0.9998 -0.0197
vn -0.0078 -0.9999 0.0109
vn -0.0103 -0.9998 -0.0192
vn -0.0012 -0.9998 -0.0215
vn -0.0044 -0.9992 -0.0392
vn -0.0082 -0.9999 -0.0083
vn 0.0026 -0.9994 0.0338
vn 0.0082 -0.9999 -0.0083
vn 0.0078 -0.9999 0.0109
vn -0.0026 -0.9994 0.0338
vn 0.0092 -0.9998 -0.0197
vn 0.0128 -0.9999 -0.0082
vn 0.0103 -0.9998 -0.0192
vn 0.0013 -0.9998 -0.0215
vn 0.0044 -0.9992 -0.0392
vn 0.0056 -1.0000 0.0029
vn 0.0071 -0.9999 0.0129
vn 0.0042 -1.0000 -0.0071
vn 0.0080 -0.9537 -0.3008
vn -0.0092 -0.9660 -0.2582
vn 0.0251 -0.9391 -0.3426
vn -0.0748 -0.0371 0.9965
vn -0.0730 -0.0529 0.9959
vn -0.0767 -0.0212 0.9968
vn 0.0748 -0.0371 0.9965
vn 0.0730 -0.0529 0.9959
vn 0.0767 -0.0212 0.9968
vn -0.0080 -0.9536 -0.3009
vn -0.0080 -0.9536 -0.3008
vn 0.0091 -0.9660 -0.2584
vn -0.0251 -0.9392 -0.3426
vn -0.0056 -1.0000 0.0029
vn -0.0071 -0.9999 0.0129
vn -0.0042 -1.0000 -0.0071
vn -0.0037 -1.0000 0.0014
vn -0.0070 -0.9999 0.0139
vn -0.0004 -0.9999 -0.0111
vn -0.0468 -0.9869 -0.1547
vn 0.5424 -0.8235 -0.1660
vn 0.1569 -0.8355 -0.5266
vn 0.2561 -0.9666 -0.0018
vn 0.1000 -0.9859 0.1341
vn 0.4919 -0.8563 0.1575
vn 0.1416 -0.9099 0.3899
vn 0.9066 -0.4218 -0.0124
vn 0.9187 -0.3783 0.1136
vn 0.7421 -0.4075 0.5321
vn 0.2167 -0.4697 0.8558
vn -0.0292 -0.8305 0.5562
vn -0.2065 -0.7326 0.6486
vn -0.1185 -0.1107 0.9868
vn -0.7245 -0.2702 0.6341
vn -0.4842 0.0983 0.8694
vn -0.7836 -0.0490 0.6194
vn -0.4906 -0.0520 0.8698
vn 0.0140 -0.0700 0.9975
vn 0.3913 -0.0832 0.9165
vn 0.8296 -0.0738 0.5535
vn 0.9948 -0.0305 0.0970
vn 1.0000 0.0032 0.0049
vn 0.9969 -0.0113 0.0784
vn 0.9999 -0.0049 0.0132
vn 0.8411 -0.0144 0.5407
vn 0.4162 -0.0094 0.9092
vn 0.0301 0.0033 0.9995
vn -0.4465 0.0071 0.8947
vn -0.9753 -0.0020 0.2209
vn -0.7668 0.0128 0.6418
vn -0.8329 0.0044 0.5534
vn -0.7756 -0.0187 0.6310
vn -0.4014 -0.0240 0.9156
vn 0.0299 -0.0251 0.9992
vn 0.4167 -0.0210 0.9088
vn 0.8509 -0.0204 0.5249
vn -0.9844 -0.0129 0.1757
vn -0.4144 -0.0344 0.9095
vn 0.0802 -0.0297 0.9963
vn 0.4183 -0.0330 0.9077
vn 0.8603 -0.0275 0.5091
vn 0.9977 -0.0185 0.0653
vn 0.9999 -0.0083 0.0126
vn 0.9336 -0.0144 0.3580
vn 0.4432 -0.0340 0.8958
vn 0.8642 -0.0022 0.5031
vn 0.4469 -0.0056 0.8946
vn 0.8100 0.0006 0.5865
vn 0.9994 0.0042 -0.0334
vn 0.9999 -0.0000 0.0108
vn 1.0000 0.0000 0.0059
vn 0.8632 0.0008 0.5049
vn 0.9994 0.0000 -0.0333
vn 0.8458 0.0000 -0.5336
vn 0.7435 0.0000 -0.6687
vn 0.9237 -0.0001 -0.3831
vn 0.3422 0.0000 -0.9396
vn 0.2833 0.0000 -0.9590
vn 0.3949 0.0156 -0.9186
vn 0.7823 0.0365 -0.6219
vn 0.9210 0.0227 -0.3888
vn 0.9977 -0.0216 -0.0636
vn 0.3668 0.0389 -0.9295
vn 0.8302 0.0025 -0.5575
vn 0.9965 -0.0105 -0.0827
vn 0.8151 0.0019 -0.5793
vn 0.9918 -0.0077 -0.1276
vn 0.8092 -0.0812 -0.5819
vn 0.3542 -0.0003 -0.9352
vn 0.3367 -0.1255 -0.9332
vn 0.9891 -0.1008 -0.1077
vn 0.7661 -0.3094 -0.5634
vn 0.2394 -0.2540 -0.9371
vn 0.0055 -0.0966 -0.9953
vn -0.0556 -0.2844 -0.9571
vn 0.0213 -0.0069 -0.9997
vn -0.3916 -0.0055 -0.9201
vn -0.4324 -0.0899 -0.8972
vn 0.0905 -0.6299 -0.7714
vn -0.0888 -0.5104 -0.8553
vn -0.3860 -0.2258 -0.8944
vn -0.5075 -0.4925 -0.7071
vn -0.6771 -0.2162 -0.7034
vn -0.8704 -0.3623 -0.3334
vn -0.9082 -0.0827 -0.4102
vn -0.9725 -0.0444 0.2286
vn -0.9906 0.0052 0.1364
vn -0.9156 -0.3752 0.1448
vn -0.9011 0.0002 -0.4337
vn -0.9334 -0.0152 -0.3585
vn -0.8992 0.0122 -0.4374
vn -0.9846 -0.0460 0.1687
vn -0.8774 -0.0131 -0.4795
vn -0.9860 -0.0457 0.1607
vn -0.9140 -0.0156 -0.4055
vn -0.9874 -0.0021 0.1584
vn -0.9391 0.0066 -0.3437
vn -0.9969 0.0003 0.0792
vn -0.8776 0.0039 -0.4795
vn -0.6806 0.0047 -0.7326
vn -0.6517 0.0199 -0.7582
vn -0.6263 0.0366 -0.7787
vn -0.6365 0.0221 -0.7710
vn -0.6430 0.0022 -0.7659
vn -0.6693 -0.0566 -0.7408
vn -0.3535 0.0214 -0.9352
vn -0.4236 0.0374 -0.9051
vn -0.0048 0.0243 -0.9997
vn -0.4112 0.0157 -0.9114
vn 0.0554 0.0226 -0.9982
vn 0.3514 0.0267 -0.9358
vn -0.3802 0.0000 -0.9249
vn -0.6537 0.0013 -0.7567
vn 0.0378 0.0152 -0.9992
vn 0.0129 0.0000 -0.9999
vn -0.6331 0.0000 -0.7741
vn -0.9080 0.0024 -0.4191
vn -0.3001 0.0000 -0.9539
vn -0.9716 -0.0000 0.2366
vn -0.8283 0.0008 0.5603
vn 0.4177 0.0009 0.9086
vn 0.3691 0.0017 0.9294
vn 0.0270 0.0006 0.9996
vn 0.0261 0.0000 0.9997
vn -0.3711 -0.0000 0.9286
vn -0.4470 0.0010 0.8945
vn -0.7595 -0.0000 0.6504
vn -0.5215 -0.0037 0.8532
vn 0.0271 -0.0122 0.9996
vn 0.0280 -0.0493 0.9984
vn -0.4518 -0.0455 0.8910
vn -0.7983 -0.0398 0.6010
vn -0.8053 -0.0451 0.5912
vn -0.8349 -0.0033 0.5504
vn -0.8455 0.4992 0.1896
vn -0.6198 0.6707 0.4076
vn -0.6777 0.7093 0.1938
vn -0.9744 -0.0032 0.2247
vn -0.9720 0.2336 0.0269
vn -0.9984 -0.0237 -0.0513
vn -0.9301 0.2620 0.2573
vn -0.7650 0.4614 0.4492
vn -0.4994 0.6011 0.6240
vn -0.3254 0.7483 0.5781
vn -0.2211 0.6189 0.7537
vn -0.0676 0.7255 0.6849
vn 0.0125 0.6117 0.7910
vn -0.8517 0.2275 0.4720
vn -0.6303 0.4150 0.6562
vn -0.3876 0.5068 0.7700
vn -0.9607 -0.2768 0.0229
vn -0.9310 -0.2577 0.2585
vn -0.8778 -0.0220 0.4786
vn -0.7098 0.2062 0.6736
vn -0.4673 0.3408 0.8157
vn -0.2604 0.4397 0.8596
vn -0.8646 -0.4955 -0.0833
vn -0.9409 -0.2524 -0.2257
vn -0.8431 -0.5029 0.1905
vn -0.8409 -0.2719 0.4680
vn -0.7318 -0.0203 0.6812
vn -0.5635 0.1595 0.8106
vn -0.4110 0.1532 0.8987
vn -0.7442 -0.5018 0.4408
vn -0.6823 -0.7047 0.1945
vn -0.5858 -0.7028 0.4037
vn -0.6983 -0.2458 0.6723
vn -0.5516 -0.0305 0.8336
vn -0.3759 -0.0102 0.9266
vn -0.2582 0.1201 0.9586
vn -0.5423 -0.2353 0.8065
vn -0.6045 -0.4560 0.6531
vn -0.4659 -0.6328 0.6184
vn -0.3890 -0.8505 0.3540
vn -0.2880 -0.7678 0.5723
vn -0.1627 -0.9409 0.2970
vn -0.0807 -0.8500 0.5205
vn 0.0838 -0.9676 0.2382
vn -0.3394 -0.5602 0.7556
vn -0.4377 -0.3973 0.8066
vn -0.2463 -0.4603 0.8529
vn -0.1674 -0.6532 0.7385
vn 0.0001 -0.7415 0.6710
vn 0.1410 -0.8739 0.4652
vn 0.1955 -0.7333 0.6512
vn 0.3577 -0.8390 0.4101
vn 0.3880 -0.7181 0.5778
vn 0.5629 -0.7419 0.3642
vn 0.0392 -0.6186 0.7848
vn -0.0776 -0.5149 0.8537
vn -0.1147 -0.3520 0.9289
vn -0.2960 -0.3069 0.9045
vn -0.4067 -0.1843 0.8948
vn -0.2443 -0.1408 0.9594
vn -0.1455 -0.2247 0.9635
vn -0.2053 -0.0092 0.9787
vn -0.0751 -0.0889 0.9932
vn -0.0232 -0.0250 0.9994
vn -0.0810 0.0808 0.9934
vn 0.0447 0.0454 0.9980
vn 0.0388 -0.0290 0.9988
vn 0.0382 -0.0762 0.9964
vn 0.0084 -0.1251 0.9921
vn 0.0105 -0.2388 0.9710
vn -0.3056 0.2834 0.9090
vn -0.1563 0.2086 0.9654
vn 0.0101 0.1360 0.9907
vn 0.0589 0.1038 0.9928
vn 0.0897 0.1522 0.9843
vn -0.0016 0.2213 0.9752
vn 0.1092 0.2302 0.9670
vn -0.1394 0.3420 0.9293
vn 0.0018 0.3747 0.9272
vn -0.1045 0.5033 0.8577
vn 0.0787 0.4702 0.8790
vn 0.1444 0.3143 0.9383
vn 0.2035 0.4361 0.8766
vn 0.1831 0.5895 0.7868
vn 0.3240 0.4806 0.8149
vn 0.3306 0.6176 0.7136
vn 0.4716 0.5123 0.7178
vn 0.4926 0.6504 0.5782
vn 0.6120 0.4549 0.6469
vn 0.4223 0.3843 0.8210
vn 0.5448 0.3556 0.7595
vn 0.6807 0.3057 0.6657
vn 0.7642 0.3930 0.5114
vn 0.4492 0.2364 0.8616
vn 0.5825 0.2303 0.7795
vn 0.4559 0.1360 0.8796
vn 0.5288 0.0973 0.8432
vn 0.4345 0.0730 0.8977
vn 0.4280 0.0972 0.8986
vn 0.3782 0.1581 0.9121
vn 0.3593 0.2315 0.9040
vn 0.3042 0.3183 0.8979
vn 0.4868 0.0015 0.8735
vn 0.4346 0.0124 0.9005
vn 0.4377 -0.0544 0.8975
vn 0.2303 0.2246 0.9468
vn 0.2117 0.2648 0.9408
vn 0.1773 0.2165 0.9600
vn 0.2860 0.2041 0.9362
vn 0.3319 0.1899 0.9240
vn 0.1285 0.1856 0.9742
vn 0.9033 -0.0206 -0.4285
vn 0.9082 -0.0814 -0.4106
vn 0.9950 0.0039 0.0996
vn 0.9237 0.0016 -0.3832
vn 0.9629 -0.0010 0.2699
vn 0.6693 -0.0564 -0.7408
vn 0.6773 -0.2132 -0.7041
vn 0.9725 -0.0447 0.2285
vn 0.8703 -0.3622 -0.3336
vn 0.5573 -0.4630 -0.6892
vn 0.3866 -0.2236 -0.8947
vn 0.4324 -0.0898 -0.8972
vn 0.6430 0.0029 -0.7659
vn 0.8989 0.0117 -0.4379
vn 0.9843 -0.0121 0.1760
vn 0.7758 -0.0174 0.6308
vn 0.6365 0.0213 -0.7710
vn 0.3915 -0.0049 -0.9202
vn 0.3528 0.0199 -0.9355
vn 0.0047 0.0245 -0.9997
vn 0.4104 0.0180 -0.9117
vn -0.0381 0.0179 -0.9991
vn 0.4237 0.0363 -0.9051
vn 0.6263 0.0351 -0.7788
vn 0.8774 -0.0138 -0.4796
vn 0.9846 -0.0467 0.1683
vn 0.7980 -0.0392 0.6013
vn 0.9859 -0.0463 0.1607
vn 0.8085 -0.0052 0.5885
vn 0.9874 -0.0025 0.1585
vn 0.8056 -0.0460 0.5907
vn 0.4496 -0.0067 0.8932
vn 0.4514 -0.0462 0.8911
vn 0.4148 -0.0336 0.9093
vn 0.6360 0.0005 -0.7717
vn 0.3003 0.0010 -0.9539
vn 0.6801 0.0075 -0.7331
vn 0.8524 0.0021 -0.5229
vn 0.9391 0.0075 -0.3437
vn 0.9968 0.0002 0.0794
vn 0.8527 0.0015 0.5223
vn 0.5201 0.0006 0.8541
vn 0.3709 0.0017 0.9287
vn 0.0093 0.0004 1.0000
vn 0.7590 0.0030 0.6511
vn 0.9716 0.0007 0.2367
vn 0.9520 0.0032 -0.3061
vn 0.6714 0.0013 -0.7411
vn 0.4564 -0.0008 -0.8898
vn -0.0133 -0.0015 -0.9999
vn -0.9234 0.0016 -0.3840
vn -0.9994 0.0000 -0.0332
vn -0.9998 -0.0001 0.0218
vn -0.7424 0.0005 -0.6700
vn -0.9237 -0.0016 -0.3830
vn -0.3987 -0.0007 -0.9171
vn -0.2839 0.0010 -0.9588
vn -0.0133 0.0001 -0.9999
vn -0.9209 0.0226 -0.3890
vn -0.9994 0.0043 -0.0335
vn -0.9999 -0.0083 0.0125
vn -0.7818 0.0377 -0.6224
vn -0.3944 0.0179 -0.9188
vn -0.3673 0.0392 -0.9293
vn -0.9999 -0.0048 0.0130
vn -0.9969 -0.0115 0.0784
vn -1.0000 0.0032 0.0049
vn -0.9977 -0.0186 0.0656
vn -0.9977 -0.0222 -0.0640
vn -0.8300 0.0013 -0.5578
vn -0.3514 0.0253 -0.9359
vn -0.0563 0.0207 -0.9982
vn -0.3541 -0.0015 -0.9352
vn -0.0217 -0.0076 -0.9997
vn -0.8151 0.0011 -0.5793
vn -0.9965 -0.0110 -0.0827
vn -0.9918 -0.0076 -0.1276
vn -0.9890 -0.1015 -0.1075
vn -0.3365 -0.1254 -0.9333
vn -0.0056 -0.0966 -0.9953
vn -0.8092 -0.0811 -0.5820
vn -0.7660 -0.3086 -0.5639
vn -0.2392 -0.2534 -0.9373
vn 0.0552 -0.2844 -0.9571
vn 0.1039 -0.5545 -0.8257
vn 0.5191 -0.6263 -0.5816
vn 0.7885 -0.5779 0.2106
vn 0.6776 -0.5786 0.4540
vn 0.5255 -0.7218 0.4505
vn 0.8625 -0.4804 0.1590
vn 0.8460 -0.5009 -0.1829
vn 0.8907 -0.4163 -0.1826
vn 0.6416 -0.4842 -0.5949
vn 0.1874 -0.6975 -0.6917
vn 0.9404 -0.3131 0.1326
vn 0.7578 -0.3614 0.5432
vn 0.9329 -0.2032 -0.2974
vn 0.6483 -0.2293 -0.7260
vn 0.2899 -0.6129 -0.7350
vn 0.0949 -0.7930 -0.6018
vn 0.0555 -0.8666 -0.4959
vn 0.0011 -0.8017 -0.5977
vn -0.0616 -0.9180 -0.3917
vn 0.0946 -0.6607 -0.7447
vn 0.3550 -0.3212 -0.8780
vn 0.7162 -0.1775 -0.6749
vn 0.9248 -0.2532 -0.2838
vn 0.9557 -0.2497 0.1556
vn 0.0000 -0.3564 -0.9343
vn 0.0000 -0.8983 -0.4394
vn -0.3634 -0.1800 -0.9141
vn -0.3550 -0.3212 -0.8780
vn 0.0000 -0.2228 -0.9749
vn 0.3634 -0.1800 -0.9141
vn 0.9050 -0.3176 -0.2831
vn 0.6286 -0.1978 -0.7521
vn 0.3131 -0.1813 -0.9323
vn 0.0000 -0.3714 -0.9285
vn -0.3131 -0.1813 -0.9323
vn -0.6286 -0.1978 -0.7521
vn -0.6869 -0.1908 -0.7013
vn -0.9050 -0.3176 -0.2831
vn -0.9219 -0.2006 -0.3315
vn -0.9557 -0.2497 0.1556
vn -0.9026 -0.3488 0.2524
vn -0.7397 -0.2740 0.6146
vn -0.6532 -0.3624 0.6648
vn -0.7577 -0.3617 0.5431
vn -0.7126 -0.2360 -0.6607
vn -0.9474 -0.2379 -0.2143
vn -0.9404 -0.3131 0.1326
vn -0.8625 -0.4804 0.1590
vn -0.6773 -0.5787 0.4542
vn -0.7884 -0.5779 0.2108
vn -0.8905 -0.3882 -0.2374
vn -0.4141 -0.3509 0.8399
vn -0.4210 -0.2988 0.8564
vn -0.2389 -0.3929 0.8880
vn -0.4225 -0.2892 0.8590
vn -0.3843 -0.6010 0.7008
vn -0.5246 -0.7224 0.4505
vn -0.2079 -0.3119 0.9271
vn -0.0000 -0.4009 0.9161
vn -0.1077 -0.8910 0.4411
vn 0.0408 -0.9029 0.4279
vn -0.2668 -0.7953 0.5443
vn -0.0000 -0.3002 0.9539
vn -0.1871 -0.3839 0.9042
vn -0.1260 -0.6587 0.7417
vn -0.1048 -0.7952 0.5972
vn -0.0339 -0.7947 0.6060
vn 0.0000 -0.6903 0.7235
vn 0.0000 -0.8102 0.5861
vn 0.0338 -0.7947 0.6060
vn -0.0431 -0.9026 0.4282
vn 0.1076 -0.8909 0.4413
vn -0.1440 -0.9089 0.3913
vn 0.0013 -0.9309 0.3652
vn -0.1007 -0.9859 0.1337
vn -0.4988 -0.8524 0.1569
vn -0.7435 -0.4067 0.5309
vn -0.9206 -0.3739 0.1129
vn -0.8297 -0.0753 0.5531
vn -0.9948 -0.0305 0.0972
vn -0.9063 -0.4224 -0.0130
vn -0.2571 -0.9664 -0.0023
vn 0.0001 -1.0000 -0.0092
vn 0.0015 -0.9956 0.0934
vn -0.5417 -0.8240 -0.1661
vn 0.0683 -0.9177 -0.3914
vn -0.0523 -0.8670 -0.4955
vn 0.0000 -0.9776 -0.2104
vn 0.0502 -0.9866 -0.1550
vn -0.1510 -0.8355 -0.5284
vn -0.0907 -0.6292 -0.7719
vn -0.0000 -0.6792 -0.7339
vn -0.1005 -0.6789 -0.7273
vn -0.0752 -0.7978 -0.5983
vn -0.1977 -0.7221 -0.6630
vn -0.3196 -0.5678 -0.7586
vn -0.6083 -0.5001 -0.6163
vn -0.5646 -0.6212 -0.5434
vn -0.8456 -0.5013 -0.1832
vn 0.7836 -0.0491 0.6193
vn 0.4842 0.0979 0.8694
vn 0.4907 -0.0525 0.8698
vn 0.8332 0.0039 0.5530
vn 0.7670 0.0125 0.6415
vn 0.4463 0.0066 0.8949
vn -0.0141 -0.0723 0.9973
vn 0.1193 -0.1141 0.9863
vn 0.7248 -0.2711 0.6334
vn 0.9155 -0.3756 0.1444
vn -0.3915 -0.0875 0.9160
vn -0.2169 -0.4695 0.8559
vn -0.0308 0.0026 0.9995
vn 0.4021 -0.0217 0.9154
vn -0.0304 -0.0217 0.9993
vn -0.4157 -0.0074 0.9094
vn -0.8409 -0.0125 0.5410
vn -0.4167 -0.0189 0.9088
vn -0.8513 -0.0202 0.5243
vn 0.0284 -0.8291 0.5584
vn 0.2060 -0.7342 0.6470
vn 0.2663 -0.7954 0.5444
vn 0.3845 -0.6006 0.7010
vn 0.4225 -0.2887 0.8591
vn 0.1870 -0.3837 0.9043
vn 0.1255 -0.6587 0.7418
vn 0.0000 -0.4448 0.8956
vn 0.1042 -0.7952 0.5974
vn 0.2079 -0.3119 0.9271
vn 0.4211 -0.2988 0.8564
vn 0.7397 -0.2740 0.6146
vn 0.9026 -0.3488 0.2524
vn 0.6532 -0.3624 0.6648
vn 0.4141 -0.3509 0.8399
vn 0.2389 -0.3929 0.8880
vn -0.3681 0.0018 0.9298
vn -0.4185 0.0016 0.9082
vn -0.7711 0.0022 0.6367
vn -0.0636 -0.0166 0.9978
vn -0.0261 0.0000 0.9997
vn -0.4187 -0.0321 0.9075
vn -0.0280 -0.0508 0.9983
vn -0.0802 -0.0291 0.9963
vn -0.4233 -0.0419 0.9050
vn -0.4677 -0.0075 0.8839
vn -0.8963 0.0008 0.4434
vn -0.9998 0.0000 0.0217
vn -0.8634 -0.0014 0.5045
vn -0.8970 -0.0161 0.4416
vn -0.8602 -0.0268 0.5093
vn -0.2570 -0.9664 -0.0023
vn 0.7972 -0.3397 0.4991
vn 0.6325 -0.4391 0.6381
vn 0.7015 -0.5105 0.4972
vn 0.8781 -0.1580 0.4517
vn 0.9421 -0.2057 0.2649
vn 0.9645 0.0274 0.2627
vn 0.8629 -0.4156 0.2875
vn 0.7294 -0.6042 0.3208
vn 0.5477 -0.6216 0.5600
vn 0.4922 -0.5043 0.7095
vn 0.5562 -0.3412 0.7578
vn 0.4387 -0.3697 0.8191
vn 0.3610 -0.6092 0.7061
vn 0.3399 -0.4724 0.8132
vn 0.2111 -0.5834 0.7843
vn 0.7395 -0.6691 0.0735
vn 0.8862 -0.4615 0.0402
vn 0.9738 -0.2269 0.0158
vn 0.9996 0.0249 0.0109
vn 0.9611 0.2755 0.0197
vn 0.9431 0.2600 -0.2073
vn 0.9660 0.0028 -0.2586
vn 0.9430 -0.2596 -0.2081
vn 0.8361 -0.4983 -0.2296
vn 0.6887 -0.7101 -0.1466
vn 0.5490 -0.8272 0.1201
vn 0.4862 -0.8631 -0.1366
vn 0.2143 -0.9390 -0.2689
vn -0.0014 -0.9999 -0.0160
vn -0.0490 -0.9559 -0.2897
vn 0.2566 -0.9660 -0.0327
vn 0.4137 -0.8160 -0.4037
vn 0.6376 -0.6746 -0.3720
vn 0.3251 -0.9289 0.1771
vn -0.2473 -0.9645 0.0928
vn -0.4842 -0.8687 0.1045
vn -0.7057 -0.7075 -0.0382
vn -0.7067 -0.6480 -0.2840
vn -0.8338 -0.4420 -0.3307
vn -0.5160 -0.8392 -0.1716
vn -0.2732 -0.9508 -0.1462
vn -0.5724 -0.4002 -0.7157
vn -0.7476 -0.3579 -0.5595
vn -0.6086 -0.2461 -0.7544
vn -0.6632 -0.5451 -0.5128
vn -0.5217 -0.7505 -0.4057
vn -0.3122 -0.8693 -0.3833
vn -0.4934 -0.6081 -0.6219
vn -0.3286 -0.7317 -0.5971
vn -0.1053 -0.8533 -0.5107
vn 0.1348 -0.8581 -0.4955
vn 0.0457 -0.7243 -0.6880
vn -0.1607 -0.6918 -0.7040
vn 0.3033 -0.7299 -0.6126
vn 0.5202 -0.6195 -0.5879
vn 0.7449 -0.4595 -0.4837
vn 0.8713 -0.2329 -0.4320
vn 0.3676 -0.5226 -0.7692
vn 0.1731 -0.5922 -0.7870
vn 0.6012 -0.4105 -0.6856
vn 0.7377 -0.2124 -0.6409
vn 0.8594 0.0225 -0.5107
vn 0.8609 0.2752 -0.4279
vn 0.8348 0.5026 -0.2247
vn 0.7009 0.0173 -0.7131
vn 0.7267 0.2519 -0.6391
vn 0.5476 -0.1763 -0.8179
vn 0.4142 -0.3283 -0.8489
vn 0.1851 -0.3886 -0.9026
vn 0.0312 -0.4109 -0.9112
vn -0.0472 -0.5339 -0.8442
vn 0.3245 -0.1292 -0.9370
vn 0.4941 0.0106 -0.8694
vn 0.2527 0.0056 -0.9675
vn 0.5404 0.2083 -0.8152
vn 0.3147 0.1536 -0.9367
vn 0.0948 0.0936 -0.9911
vn 0.1822 0.2501 -0.9509
vn -0.0035 0.1464 -0.9892
vn 0.3943 0.3625 -0.8444
vn 0.5806 0.4434 -0.6828
vn 0.7254 0.4954 -0.4779
vn 0.4912 0.6470 -0.5832
vn 0.6043 0.7084 -0.3647
vn 0.3414 0.5434 -0.7669
vn 0.1733 0.4024 -0.8989
vn 0.0071 0.2448 -0.9696
vn -0.1250 0.1331 -0.9832
vn -0.1007 0.2314 -0.9676
vn -0.1643 0.1349 -0.9771
vn 0.0182 0.4194 -0.9076
vn 0.1482 0.6044 -0.7828
vn 0.2712 0.7465 -0.6076
vn 0.3747 0.8403 -0.3919
vn 0.4773 0.8671 -0.1425
vn -0.0704 0.5417 -0.8376
vn 0.0140 0.7271 -0.6864
vn -0.1612 0.3287 -0.9306
vn -0.2021 0.1677 -0.9649
vn -0.2438 0.0040 -0.9698
vn -0.1140 0.0947 -0.9890
vn -0.2478 0.1651 -0.9547
vn -0.2470 0.2739 -0.9295
vn -0.2259 0.4751 -0.8505
vn -0.1881 0.6905 -0.6984
vn -0.1455 0.8515 -0.5038
vn 0.0974 0.8695 -0.4843
vn -0.0910 0.9568 -0.2762
vn -0.3498 0.8586 -0.3747
vn -0.3668 0.7180 -0.5915
vn -0.3561 0.5317 -0.7684
vn -0.3167 0.3226 -0.8920
vn -0.2833 0.1735 -0.9432
vn -0.3210 0.1382 -0.9369
vn -0.3982 0.0008 -0.9173
vn -0.4079 -0.0385 -0.9122
vn -0.4071 0.0303 -0.9129
vn -0.4663 0.1312 -0.8748
vn -0.5444 0.0769 -0.8353
vn -0.6183 0.2286 -0.7520
vn -0.3742 0.0838 -0.9236
vn -0.3608 0.1241 -0.9244
vn -0.3661 0.2363 -0.9001
vn -0.4528 0.4105 -0.7915
vn -0.5895 0.3860 -0.7096
vn -0.7613 0.3308 -0.5577
vn -0.6836 0.5206 -0.5115
vn -0.4635 0.2295 -0.8559
vn -0.5578 0.7249 -0.4041
vn -0.7364 0.6176 -0.2760
vn -0.5541 0.8168 -0.1607
vn -0.5238 0.5880 -0.6164
vn -0.3158 0.9389 -0.1371
vn -0.4959 0.8621 0.1040
vn -0.2420 0.9668 0.0822
vn -0.2042 0.9285 0.3100
vn 0.1303 0.7379 0.6622
vn -0.1223 0.8384 0.5312
vn 0.0928 0.8733 0.4783
vn 0.0378 0.9681 0.2478
vn -0.0090 0.9998 -0.0189
vn 0.1755 0.9496 -0.2598
vn 0.2581 0.9652 -0.0427
vn 0.2784 0.9420 0.1874
vn 0.3137 0.8514 0.4204
vn 0.3076 0.7416 0.5962
vn 0.5217 0.7687 0.3701
vn 0.5117 0.8494 0.1294
vn 0.6498 0.5589 0.5152
vn 0.7054 0.6316 0.3218
vn 0.8413 0.4566 0.2893
vn 0.7111 0.6986 0.0791
vn 0.8634 0.5029 0.0414
vn 0.6962 0.7026 -0.1473
vn 0.9312 0.2480 0.2673
vn 0.8576 0.2307 0.4596
vn 0.7770 0.1772 0.6041
vn 0.6714 0.1481 0.7262
vn 0.6407 0.0089 0.7678
vn 0.5335 -0.0728 0.8426
vn 0.7694 0.0193 0.6385
vn 0.8767 0.0348 0.4797
vn 0.4523 -0.2296 0.8618
vn 0.5899 -0.2107 0.7795
vn 0.4597 -0.1207 0.8798
vn 0.6730 -0.1181 0.7302
vn 0.7866 -0.1489 0.5992
vn 0.3177 -0.3127 0.8951
vn 0.2267 -0.4343 0.8718
vn 0.3752 -0.2211 0.9002
vn 0.3891 -0.1543 0.9082
vn 0.4197 -0.0797 0.9041
vn 0.3519 -0.1716 0.9202
vn 0.3019 -0.1980 0.9325
vn 0.2268 -0.2696 0.9359
vn 0.1538 -0.3175 0.9357
vn 0.1756 -0.2113 0.9615
vn 0.1098 -0.2365 0.9654
vn 0.1345 -0.1865 0.9732
vn 0.0838 -0.1362 0.9871
vn 0.2332 -0.2000 0.9516
vn 0.0303 -0.0892 0.9956
vn 0.0157 -0.3793 0.9251
vn 0.1008 -0.4702 0.8768
vn 0.2633 0.1732 0.9491
vn 0.1588 0.1792 0.9709
vn 0.2423 0.0010 0.9702
vn 0.0861 0.0599 0.9945
vn 0.0561 0.0089 0.9984
vn 0.1200 0.1490 0.9815
vn 0.1291 0.1343 0.9825
vn 0.1098 -0.1398 0.9841
vn 0.0694 -0.0646 0.9955
vn 0.0396 -0.0277 0.9988
vn 0.0715 0.0012 0.9974
vn 0.4105 -0.0276 0.9115
vn 0.4079 -0.0705 0.9103
vn 0.4238 0.0587 0.9039
vn 0.3945 0.0650 0.9166
vn 0.3962 0.0092 0.9181
vn 0.3670 -0.1122 0.9234
vn 0.3086 -0.1517 0.9390
vn 0.3334 0.1654 0.9282
vn 0.2739 -0.1614 0.9481
vn 0.2499 -0.1637 0.9543
vn 0.2158 -0.1738 0.9609
vn 0.1416 -0.1373 0.9804
vn 0.3213 0.1767 0.9303
vn 0.3019 0.1642 0.9391
vn -0.0917 -0.2431 -0.9657
vn -0.1869 -0.1717 -0.9673
vn -0.1618 -0.1425 -0.9765
vn -0.2336 -0.1644 -0.9583
vn -0.1098 -0.1169 -0.9871
vn 0.0106 -0.2368 -0.9715
vn 0.0138 -0.1226 -0.9924
vn 0.1988 -0.2210 -0.9548
vn 0.0985 -0.0841 -0.9916
vn -0.0652 -0.0552 -0.9963
vn 0.0437 0.0014 -0.9990
vn -0.0916 -0.0665 -0.9936
vn -0.0807 -0.0028 -0.9967
vn -0.0684 0.0533 -0.9962
vn -0.1333 -0.3262 -0.9358
vn -0.2262 -0.2821 -0.9323
vn -0.2697 -0.1781 -0.9463
vn -0.3150 -0.1379 -0.9390
vn -0.2076 -0.4807 -0.8519
vn -0.2980 -0.3364 -0.8933
vn -0.3667 -0.2428 -0.8981
vn -0.3669 -0.1214 -0.9223
vn -0.3717 -0.0779 -0.9251
vn -0.4590 -0.2471 -0.8534
vn -0.4319 -0.4223 -0.7970
vn -0.3257 -0.5420 -0.7747
vn -0.4630 -0.1388 -0.8754
vn -0.5469 -0.0892 -0.8324
vn -0.7165 -0.1555 -0.6800
vn -0.8598 -0.2093 -0.4658
vn -0.4993 -0.0144 -0.8663
vn -0.6746 -0.0133 -0.7381
vn -0.8446 -0.0147 -0.5352
vn -0.9523 -0.0227 -0.3042
vn -0.7253 0.1303 -0.6760
vn -0.8674 0.1735 -0.4664
vn -0.9514 0.2122 -0.2232
vn -0.7375 0.6747 -0.0309
vn -0.8836 0.4616 -0.0788
vn -0.8510 0.4119 -0.3259
vn -0.4317 0.8242 0.3664
vn -0.4338 -0.8808 0.1898
vn -0.0081 -0.9994 0.0330
vn -0.3264 -0.8751 0.3573
vn -0.4870 -0.8700 -0.0769
vn -0.3879 -0.8813 -0.2699
vn -0.2096 -0.8930 -0.3983
vn 0.0138 -0.8927 -0.4505
vn 0.2115 -0.8836 -0.4179
vn 0.4637 -0.8560 -0.2288
vn 0.6149 -0.7886 0.0037
vn 0.4622 -0.8504 0.2515
vn 0.1861 -0.8659 0.4643
vn 0.0069 -0.8642 0.5032
vn -0.1900 -0.8754 0.4445
vn -0.0079 1.0000 0.0003
vn -0.0110 0.9999 0.0023
vn 0.0079 1.0000 0.0003
vn 0.0110 0.9999 0.0023
vn 0.0136 0.9999 0.0043
vn 0.0000 1.0000 0.0058
vn 0.0000 1.0000 0.0062
vn -0.0136 0.9999 0.0043
vn -0.1153 0.0288 0.9929
vn -0.3915 0.0177 0.9200
vn 0.0582 0.0327 0.9978
vn -0.4912 0.0072 0.8710
vn -0.7858 -0.0114 0.6183
vn -0.9336 -0.0171 0.3580
vn -0.9997 -0.0225 -0.0050
vn -0.9999 -0.0108 -0.0046
vn -0.9251 -0.0155 -0.3795
vn -0.7609 -0.0065 -0.6488
vn -0.4287 0.0149 -0.9033
vn -0.3049 0.0246 -0.9521
vn -0.0664 0.0322 -0.9973
vn 0.0395 0.0346 -0.9986
vn 0.3924 0.0353 -0.9191
vn 0.3980 0.0374 -0.9166
vn 0.6518 0.0303 -0.7577
vn 0.6761 0.0200 -0.7366
vn 0.8512 0.0141 -0.5246
vn 0.9514 0.0089 -0.3077
vn 0.9869 0.0125 0.1608
vn 0.9864 0.0128 0.1637
vn 0.8520 0.0183 0.5233
vn 0.7656 0.0257 0.6427
vn 0.4585 0.0327 0.8881
vn 0.4648 0.0338 0.8848
vn 0.0082 -0.9994 0.0330
vn -0.4629 -0.8501 0.2511
vn -0.6149 -0.7886 0.0032
vn -0.1869 -0.8659 0.4640
vn -0.0063 -0.8642 0.5032
vn 0.1908 -0.8752 0.4446
vn 0.3266 -0.8749 0.3576
vn 0.4339 -0.8807 0.1899
vn 0.4869 -0.8701 -0.0768
vn 0.3871 -0.8815 -0.2703
vn 0.2089 -0.8930 -0.3986
vn -0.0130 -0.8927 -0.4505
vn -0.2106 -0.8838 -0.4178
vn -0.4635 -0.8561 -0.2286
vn -0.0493 0.9946 0.0915
vn -0.0729 0.9934 0.0885
vn -0.0300 0.9955 0.0894
vn -0.0779 0.9931 0.0874
vn -0.1021 0.9930 0.0593
vn -0.1287 0.9911 0.0344
vn -0.1572 0.9874 -0.0164
vn -0.2323 0.9701 -0.0706
vn -0.3026 0.9277 -0.2187
vn -0.3382 0.8911 -0.3027
vn -0.2549 0.8710 -0.4200
vn -0.1576 0.9066 -0.3915
vn -0.0025 0.9280 -0.3727
vn 0.0029 0.9490 -0.3154
vn 0.1086 0.9518 -0.2867
vn 0.2528 0.8654 -0.4326
vn 0.4068 0.8521 -0.3292
vn 0.4672 0.8448 -0.2607
vn 0.3864 0.9222 -0.0128
vn 0.3115 0.9502 0.0093
vn 0.2295 0.9717 0.0554
vn 0.1381 0.9880 0.0692
vn 0.0346 0.9955 0.0883
vn 0.0296 0.9964 0.0790
vn 0.0055 0.9962 0.0873
vn -0.0040 0.9960 0.0897
vn 0.9140 -0.0140 -0.4055
vn 0.6512 0.0215 -0.7586
vn -0.1688 0.9424 -0.2887
vn -0.2737 0.9368 -0.2178
vn -0.0743 0.9777 -0.1964
vn -0.3457 0.9218 -0.1752
vn -0.3349 0.9422 -0.0082
vn -0.3117 0.9501 0.0101
vn -0.2309 0.9714 0.0555
vn -0.1376 0.9881 0.0683
vn -0.0341 0.9956 0.0868
vn -0.0285 0.9967 0.0759
vn -0.0052 0.9963 0.0862
vn 0.0040 0.9960 0.0897
vn 0.0300 0.9955 0.0894
vn 0.0493 0.9946 0.0915
vn 0.0729 0.9934 0.0885
vn 0.0780 0.9931 0.0875
vn 0.1021 0.9930 0.0594
vn 0.1284 0.9911 0.0344
vn 0.1588 0.9872 -0.0164
vn 0.1919 0.9800 -0.0534
vn 0.2159 0.9651 -0.1483
vn 0.2246 0.9535 -0.2010
vn 0.1718 0.9421 -0.2881
vn 0.1111 0.9548 -0.2757
vn 0.0027 0.9656 -0.2599
vn -0.0017 0.9763 -0.2164
vn 0.4298 0.0148 -0.9028
vn 0.7623 -0.0066 -0.6472
vn 0.3049 0.0253 -0.9521
vn 0.9254 -0.0155 -0.3787
vn 0.9997 -0.0225 -0.0051
vn 0.9999 -0.0108 -0.0045
vn 0.9335 -0.0178 0.3580
vn 0.7859 -0.0114 0.6183
vn 0.4911 0.0072 0.8711
vn 0.3906 0.0171 0.9204
vn 0.1142 0.0274 0.9931
vn -0.0592 0.0313 0.9978
vn -0.4579 0.0313 0.8885
vn -0.4634 0.0320 0.8856
vn -0.8114 0.0222 0.5841
vn -0.8080 0.0214 0.5888
vn -0.9706 0.0150 0.2403
vn -0.9967 0.0104 0.0800
vn -0.9514 0.0089 -0.3078
vn -0.8512 0.0135 -0.5246
vn -0.6761 0.0202 -0.7366
vn -0.6518 0.0302 -0.7578
vn -0.3930 0.0358 -0.9188
vn -0.3992 0.0374 -0.9161
vn -0.0403 0.0355 -0.9986
vn 0.0653 0.0337 -0.9973
vn 0.6954 -0.2858 0.6593
vn -0.6861 -0.1647 0.7086
vn -0.3604 -0.1885 0.9135
vn -0.6245 0.2182 0.7499
vn -0.5566 0.6686 0.4932
vn 0.4407 0.7825 -0.4399
vn -0.2821 0.0444 0.9584
vn -0.2815 -0.2127 0.9357
vn -0.3783 0.1434 0.9145
vn 0.1422 0.8149 -0.5620
vn 0.1168 0.6558 0.7458
vn 0.2114 0.9761 0.0496
vn -0.0028 0.8657 -0.5005
vn 0.3475 0.1713 -0.9219
vn 0.6201 0.1229 -0.7749
vn -0.1290 0.6465 0.7520
vn 0.6111 0.6158 0.4973
vn -0.2272 0.9726 0.0489
vn -0.1699 0.8176 -0.5501
vn 0.2456 0.0762 0.9664
vn 0.5593 0.1575 0.8139
vn -0.4326 0.7868 -0.4402
vn -0.0037 0.8566 -0.5160
vn -0.3507 0.1803 -0.9190
vn -0.6201 0.1229 -0.7749
vn 0.0499 -0.2276 0.9725
vn 0.0319 0.0328 0.9990
vn -0.1046 -0.2272 0.9682
vn -0.0396 0.1171 0.9923
vn 0.1959 -0.2118 0.9575
vn 0.3360 0.0312 0.9414
vn -0.2629 0.5759 0.7741
vn 0.5692 0.6419 0.5139
vn 0.1192 0.9184 -0.3772
vn 0.3349 -0.1900 0.9229
vn 0.5187 -0.1518 0.8414
vn -0.0080 0.7846 -0.6199
vn -0.4382 0.8873 -0.1435
vn 0.0006 0.2243 -0.9745
vn 0.5077 0.1858 0.8413
vn 0.7115 -0.1797 0.6793
vn -0.1294 0.1586 0.9788
vn -0.1208 0.1847 0.9753
vn -0.1214 0.1295 0.9841
vn -0.0973 0.1623 0.9819
vn -0.0472 0.0853 0.9952
vn -0.2470 -0.0021 0.9690
vn -0.0958 0.0669 0.9931
vn -0.1636 0.1742 0.9710
vn -0.1680 0.2133 0.9624
vn -0.2451 0.2190 0.9444
vn -0.2817 0.1675 0.9448
vn -0.3146 0.1775 0.9325
vn -0.2870 0.1685 0.9430
vn -0.0413 0.0093 0.9991
vn -0.3349 0.1893 0.9231
vn -0.2939 0.2054 0.9335
vn -0.0306 -0.0907 0.9954
vn -0.0752 -0.0749 0.9944
vn -0.1049 -0.1388 0.9847
vn -0.0388 -0.0266 0.9989
vn -0.0715 0.0012 0.9974
vn -0.0347 0.0028 0.9994
vn -0.0266 0.0480 0.9985
vn -0.0368 -0.0738 0.9966
vn -0.3723 0.1170 0.9207
vn -0.4177 0.0322 0.9080
vn -0.3902 0.1539 0.9078
vn -0.4318 0.0821 0.8982
vn -0.4131 0.0804 0.9071
vn -0.3965 -0.0086 0.9180
vn -0.4137 -0.0826 0.9067
vn -0.4368 -0.0026 0.8996
vn -0.4369 0.0729 0.8966
vn -0.4204 -0.0271 0.9069
vn -0.2582 -0.1684 0.9513
vn -0.2673 -0.1701 0.9485
vn -0.2821 -0.2086 0.9364
vn -0.3437 -0.1755 0.9225
vn -0.2328 -0.2085 0.9499
vn -0.2344 -0.1790 0.9555
vn -0.1235 -0.1224 0.9848
vn -0.1305 -0.1834 0.9743
vn -0.0762 -0.1328 0.9882
vn -0.1847 -0.2188 0.9581
vn -0.4381 -0.0707 0.8961
vn -0.4350 -0.0718 0.8976
vn -0.3740 -0.1076 0.9212
vn -0.3071 -0.1490 0.9399
vn -0.4000 -0.1419 0.9055
vn 0.3116 0.1656 -0.9357
vn 0.2427 0.0034 -0.9701
vn 0.2380 0.1558 -0.9587
vn 0.3173 0.1416 -0.9377
vn 0.1135 0.0984 -0.9887
vn 0.1019 0.1205 -0.9875
vn 0.0027 0.1477 -0.9890
vn -0.0091 0.2406 -0.9706
vn 0.0698 0.0578 -0.9959
vn 0.0808 -0.0006 -0.9967
vn 0.2365 0.2744 -0.9321
vn 0.1888 0.1756 -0.9662
vn 0.1622 0.1377 -0.9771
vn 0.0938 0.2382 -0.9667
vn -0.0213 0.4156 -0.9093
vn -0.1756 0.3939 -0.9022
vn -0.1887 0.2392 -0.9525
vn 0.1406 0.3277 -0.9343
vn -0.1537 0.6241 -0.7660
vn -0.3252 0.5422 -0.7748
vn -0.4144 0.3701 -0.8314
vn -0.3168 0.1480 -0.9369
vn -0.0967 0.0923 -0.9910
vn -0.2527 0.0036 -0.9676
vn -0.0440 0.0016 -0.9990
vn -0.0976 -0.0897 -0.9912
vn 0.0678 -0.0565 -0.9961
vn 0.1119 -0.0999 -0.9887
vn -0.0043 -0.1352 -0.9908
vn 0.1071 -0.1185 -0.9872
vn 0.1332 -0.1231 -0.9834
vn 0.1881 -0.1752 -0.9664
vn 0.0946 -0.2411 -0.9659
vn 0.1319 -0.3340 -0.9333
vn -0.0179 -0.4141 -0.9101
vn 0.0552 -0.5334 -0.8441
vn -0.1935 -0.2338 -0.9528
vn -0.0071 -0.2335 -0.9723
vn -0.1828 -0.3872 -0.9037
vn -0.1884 -0.6029 -0.7752
vn -0.3655 -0.5025 -0.7835
vn -0.4331 -0.3372 -0.8359
vn -0.3194 -0.1408 -0.9371
vn -0.5171 0.0210 -0.8557
vn -0.5254 0.2143 -0.8234
vn -0.5366 -0.1630 -0.8280
vn -0.7009 0.2349 -0.6735
vn -0.7302 0.0124 -0.6831
vn -0.6152 0.4437 -0.6516
vn -0.4782 0.6238 -0.6183
vn -0.2960 0.7628 -0.5749
vn -0.0915 0.8471 -0.5234
vn -0.0010 0.7223 -0.6916
vn -0.8491 -0.2435 -0.4688
vn -0.6227 -0.4306 -0.6534
vn -0.7576 -0.4762 -0.4464
vn -0.7054 -0.2216 -0.6733
vn -0.8806 0.0099 -0.4737
vn -0.8459 0.2590 -0.4663
vn -0.7487 0.4919 -0.4444
vn -0.6006 0.6902 -0.4037
vn -0.8501 0.4893 -0.1950
vn -0.9357 0.2402 -0.2586
vn -0.6905 0.6957 -0.1981
vn -0.4040 0.8429 -0.3554
vn -0.2637 0.9603 -0.0914
vn -0.1728 0.9379 -0.3009
vn -0.5011 0.8590 -0.1046
vn -0.7142 0.6990 0.0362
vn -0.8702 0.4853 0.0852
vn -0.9656 0.2585 -0.0291
vn -0.9438 0.2378 0.2296
vn -0.9987 0.0053 0.0508
vn -0.5288 0.8327 0.1641
vn -0.5339 0.7406 0.4079
vn -0.3241 0.8665 0.3796
vn -0.7190 0.6356 0.2811
vn -0.8384 0.4313 0.3333
vn -0.8716 0.2037 0.4459
vn -0.9520 0.0066 0.3059
vn -0.8692 0.0077 0.4944
vn -0.8752 -0.1903 0.4447
vn -0.6724 -0.1268 0.7292
vn -0.7835 -0.1571 0.6012
vn -0.6907 -0.2914 0.6618
vn -0.7696 0.0051 0.6385
vn -0.7851 0.1680 0.5962
vn -0.7756 0.3646 0.5153
vn -0.6765 0.5439 0.4965
vn -0.3437 0.6166 0.7083
vn -0.3332 0.4827 0.8099
vn -0.1892 0.5955 0.7808
vn -0.4784 0.5160 0.7106
vn -0.5090 0.6279 0.5888
vn -0.6149 0.4544 0.6446
vn -0.6853 0.2974 0.6648
vn -0.6700 0.1377 0.7295
vn -0.5490 0.3489 0.7595
vn -0.5822 0.2243 0.7815
vn -0.5292 0.0901 0.8437
vn -0.6408 -0.0012 0.7677
vn -0.4861 -0.0036 0.8739
vn -0.5321 -0.0806 0.8429
vn -0.4580 -0.1239 0.8803
vn -0.5862 -0.2118 0.7820
vn -0.4543 -0.2273 0.8613
vn -0.3705 -0.2263 0.9009
vn -0.2302 -0.2658 0.9362
vn -0.3085 -0.3188 0.8962
vn -0.4295 -0.3810 0.8188
vn -0.5489 -0.3481 0.7600
vn -0.2226 -0.4404 0.8697
vn -0.1500 -0.3152 0.9371
vn -0.1029 -0.2297 0.9678
vn -0.3493 -0.6109 0.7105
vn -0.3385 -0.4805 0.8091
vn -0.4815 -0.5102 0.7126
vn -0.2003 -0.5888 0.7831
vn -0.0855 -0.4854 0.8701
vn -0.0017 -0.3796 0.9252
vn -0.0050 -0.2346 0.9721
vn -0.0078 -0.1249 0.9921
vn 0.1504 -0.2238 0.9630
vn 0.0764 -0.0866 0.9933
vn 0.1267 -0.3510 0.9277
vn 0.0857 -0.5148 0.8530
vn -0.0300 -0.6145 0.7883
vn -0.1731 -0.7183 0.6738
vn 0.2485 -0.1343 0.9593
vn 0.4077 -0.1745 0.8963
vn 0.3757 -0.0029 0.9267
vn 0.2971 -0.2993 0.9067
vn 0.2410 -0.4486 0.8606
vn 0.1703 -0.6289 0.7586
vn 0.0339 -0.7403 0.6714
vn 0.3891 -0.8327 0.3941
vn 0.1093 -0.8649 0.4900
vn 0.1883 -0.9466 0.2619
vn 0.2796 -0.7417 0.6097
vn 0.3657 -0.5450 0.7544
vn 0.4369 -0.3622 0.8234
vn 0.5651 -0.2056 0.7990
vn 0.5356 -0.0095 0.8444
vn 0.4074 0.1616 0.8988
vn 0.5028 -0.6366 0.5847
vn 0.5896 -0.4289 0.6843
vn 0.7291 -0.4849 0.4830
vn 0.6155 -0.6976 0.3667
vn 0.7272 -0.2387 0.6436
vn 0.7024 -0.0097 0.7117
vn 0.5620 0.1944 0.8040
vn 0.4420 0.3602 0.8215
vn 0.5932 0.4216 0.6858
vn 0.8573 -0.0056 0.5148
vn 0.7329 0.2269 0.6414
vn 0.8641 -0.2611 0.4302
vn 0.8417 -0.4900 0.2269
vn 0.7030 -0.6963 0.1449
vn 0.4926 -0.8589 0.1404
vn 0.6298 0.6848 0.3667
vn 0.6799 0.7189 0.1444
vn 0.4708 0.8720 0.1343
vn 0.8312 0.5087 0.2244
vn 0.7392 0.4712 0.4812
vn 0.8693 0.2488 0.4272
vn 0.9662 0.0138 0.2573
vn 0.9478 -0.2411 0.2085
vn 0.9376 0.2791 0.2075
vn 0.8678 -0.4947 -0.0464
vn 0.7197 -0.6900 -0.0772
vn 0.9655 -0.2598 -0.0193
vn 0.9999 -0.0074 -0.0103
vn 0.9693 0.2454 -0.0161
vn 0.8797 0.4739 -0.0385
vn 0.9647 -0.0109 -0.2630
vn 0.9339 -0.2359 -0.2688
vn 0.8488 -0.4446 -0.2860
vn 0.7127 -0.6242 -0.3201
vn 0.5248 -0.8419 -0.1255
vn 0.5325 -0.7626 -0.3673
vn 0.2945 -0.9378 -0.1838
vn 0.3265 -0.8468 -0.4199
vn 0.7569 -0.3687 -0.5396
vn 0.8508 -0.2135 -0.4801
vn 0.8574 -0.0214 -0.5142
vn 0.5762 -0.3945 -0.7158
vn 0.6492 -0.5446 -0.5311
vn 0.4940 -0.6242 -0.6052
vn 0.6146 -0.2369 -0.7524
vn 0.7198 -0.1469 -0.6785
vn 0.6754 -0.0001 -0.7375
vn 0.5495 -0.0787 -0.8318
vn 0.4995 -0.0006 -0.8663
vn 0.3405 -0.5381 -0.7711
vn 0.3225 -0.7206 -0.6138
vn 0.1489 -0.7090 -0.6893
vn 0.4413 -0.4181 -0.7940
vn 0.4611 -0.2475 -0.8521
vn 0.4641 -0.1357 -0.8753
vn 0.4084 -0.0275 -0.9124
vn 0.3982 -0.0006 -0.9173
vn 0.7212 0.1400 -0.6784
vn 0.8616 0.1637 -0.4805
vn 0.5483 0.0812 -0.8324
vn 0.4097 0.0303 -0.9117
vn 0.3756 -0.0648 -0.9245
vn 0.9384 0.2219 -0.2649
vn 0.7749 0.3372 -0.5346
vn 0.8574 0.4266 -0.2880
vn 0.6174 0.2337 -0.7511
vn 0.4673 0.1343 -0.8738
vn 0.3727 0.0830 -0.9242
vn 0.3509 0.1345 -0.9267
vn 0.6889 0.5021 -0.5229
vn 0.5835 0.3895 -0.7126
vn 0.5286 0.6021 -0.5984
vn 0.4594 0.2405 -0.8551
vn 0.4435 0.4131 -0.7954
vn 0.3454 0.5348 -0.7712
vn 0.3711 0.7061 -0.6031
vn 0.1919 0.7083 -0.6793
vn 0.2236 0.4799 -0.8484
vn 0.0616 0.5372 -0.8412
vn 0.3648 0.2378 -0.9002
vn 0.3260 0.3265 -0.8872
vn 0.2003 -0.4783 -0.8551
vn 0.2198 -0.2788 -0.9349
vn 0.2394 -0.1581 -0.9580
vn 0.2726 -0.1732 -0.9464
vn 0.3142 -0.1361 -0.9396
vn 0.3734 -0.2405 -0.8960
vn 0.3674 -0.1197 -0.9223
vn 0.3093 -0.3316 -0.8913
vn -0.0474 -0.7081 -0.7046
vn -0.1101 -0.8418 -0.5285
vn -0.3134 -0.7532 -0.5783
vn 0.1060 -0.8740 -0.4741
vn 0.0504 -0.9685 -0.2438
vn -0.1874 -0.9341 -0.3040
vn -0.4160 -0.8336 -0.3635
vn -0.6114 -0.6774 -0.4090
vn -0.4910 -0.6108 -0.6212
vn 0.4003 0.6215 0.6734
vn 0.2922 0.9562 -0.0155
vn -0.4643 0.6088 0.6432
vn -0.1796 0.7947 -0.5798
vn 0.5446 0.1767 -0.8199
vn -0.8385 0.1435 -0.5257
vn 0.5267 0.5585 -0.6408
vn -0.8388 0.0383 -0.5431
vn -0.9935 -0.0961 -0.0611
vn -0.9451 0.3072 0.1119
vn -0.7411 0.5271 -0.4158
vn -0.2127 0.8428 0.4944
vn 0.1760 0.9765 -0.1240
vn 0.6917 0.5926 0.4127
vn 0.7760 0.6203 0.1145
vn 0.9977 0.0056 -0.0674
vn 0.9935 -0.0961 -0.0611
vn 0.9744 0.2241 -0.0161
vn 0.9878 -0.1309 0.0846
vn 0.9451 0.3072 0.1120
vn -0.7760 0.6203 0.1145
vn -0.7268 -0.6861 0.0331
vn -0.6709 -0.7161 -0.1925
vn -0.4790 -0.8721 -0.1002
vn -0.8390 -0.5101 -0.1896
vn -0.8775 -0.4733 0.0776
vn -0.9686 -0.2469 -0.0282
vn -0.9262 -0.2786 -0.2541
vn -0.9746 -0.0096 -0.2236
vn -0.2254 -0.9708 -0.0820
vn 0.0051 -0.9998 0.0196
vn 0.2754 -0.9604 0.0429
vn -0.1321 -0.8517 0.5072
vn -0.0760 -0.9570 0.2801
vn -0.3522 -0.7384 0.5751
vn -0.3362 -0.8623 0.3788
vn -0.3002 -0.9438 0.1385
vn -0.5399 -0.8253 0.1651
vn -0.5438 -0.7355 0.4041
vn -0.7261 -0.6280 0.2800
vn -0.6844 -0.5366 0.4937
vn -0.8443 -0.4226 0.3295
vn -0.5167 -0.6219 0.5884
vn -0.9480 -0.2246 0.2254
vn -0.7757 -0.3572 0.5202
vn -0.6242 -0.4465 0.6411
vn 0.1994 0.9437 0.2641
vn 0.2379 0.9707 0.0331
vn -0.0139 0.9998 0.0145
vn 0.3985 0.8250 0.4008
vn 0.5099 0.6270 0.5890
vn 0.3743 0.5382 0.7551
vn 0.2878 0.7362 0.6125
vn 0.1217 0.8602 0.4952
vn -0.0631 0.9566 0.2846
vn -0.2900 0.9463 0.1428
vn -0.1170 0.8515 0.5111
vn 0.0439 0.7395 0.6717
vn 0.1872 0.6276 0.7557
vn 0.2532 0.4454 0.8588
vn 0.1306 0.3431 0.9302
vn 0.2982 0.2889 0.9097
vn 0.0940 0.5073 0.8566
vn -0.0225 0.6181 0.7857
vn -0.1600 0.7223 0.6728
vn -0.3433 0.7391 0.5795
vn -0.0776 0.4763 0.8758
vn 0.0004 0.3735 0.9276
vn -0.0030 0.1275 0.9918
vn -0.0006 0.2332 0.9724
vn -0.1063 0.2331 0.9666
vn -0.1352 0.3087 0.9415
vn -0.2144 0.4383 0.8729
vn -0.2277 0.2623 0.9377
vn -0.3121 0.3131 0.8970
vn -0.4287 0.3820 0.8187
vn -0.3586 0.2284 0.9051
vn -0.4578 0.1305 0.8794
vn -0.4536 0.2303 0.8609
vn 0.1534 0.2204 0.9633
vn 0.0781 0.0867 0.9932
vn 0.0216 -0.0093 0.9997
vn 0.2059 -0.0054 0.9786
vn 0.2525 0.1294 0.9589
vn 0.9423 -0.1804 0.2820
vn 0.8568 0.0144 0.5155
vn 0.7957 -0.2219 0.5636
vn 0.8895 0.2960 0.3480
vn -0.6448 0.7377 -0.2002
vn 0.2127 0.8428 0.4943
vn -0.6917 0.5926 0.4127
vn -0.5446 0.1767 -0.8199
vn -0.9977 0.0056 -0.0674
vn -0.5267 0.5585 -0.6408
vn -0.1760 0.9765 -0.1240
vn 0.7411 0.5271 -0.4158
vn 0.8385 0.1435 -0.5257
vn 0.8388 0.0383 -0.5431
vn 0.7307 0.6789 -0.0720
vn 0.5377 0.8344 -0.1214
vn 0.3070 0.9349 -0.1782
vn 0.0684 0.9684 -0.2397
vn 0.1243 0.8743 -0.4691
vn 0.3432 0.8426 -0.4150
vn 0.5478 0.7533 -0.3639
vn 0.7248 0.6098 -0.3207
vn 0.7499 0.6259 -0.2142
vn -0.0993 0.9757 -0.1954
vn -0.8773 0.0801 -0.4732
vn -0.6883 0.6975 0.1993
vn 0.2054 0.8586 0.4698
vn -0.4091 0.9125 -0.0040
vn 0.0126 0.9301 -0.3672
vn 0.5459 0.8378 -0.0072
vn 0.2406 0.4711 0.8487
vn 0.8773 0.0801 -0.4732
vn 0.6448 0.7377 -0.2002
vn 0.4091 0.9125 -0.0040
vn -0.0127 0.9301 -0.3671
vn -0.5459 0.8378 -0.0072
vn -0.2356 0.4721 0.8495
vn -0.8548 0.0104 0.5189
vn -0.6262 0.1980 0.7541
vn -0.7177 -0.1631 0.6770
vn -0.7957 -0.2219 0.5636
vn -0.9744 0.2241 -0.0161
vn -0.9878 -0.1309 0.0846
vn -0.9423 -0.1804 0.2820
vn -0.8895 0.2960 0.3480
vn -0.7499 0.6259 -0.2142
vn -0.2054 0.8585 0.4698
vn 0.0993 0.9757 -0.1954
vn 0.6883 0.6975 0.1993
vn 0.6397 0.7261 0.2520
vn -0.2425 0.7413 0.6258
vn -0.4526 0.8638 0.2215
vn -0.4632 -0.7130 -0.5263
vn 0.0636 -0.5863 -0.8076
vn 0.6671 -0.6607 -0.3441
vn -0.7822 -0.4458 -0.4354
vn -0.7675 0.0458 -0.6394
vn -0.8477 0.0873 -0.5233
vn -0.4898 -0.5677 -0.6617
vn -0.6674 0.0951 -0.7386
vn 0.9078 -0.2247 0.3542
vn -0.5473 -0.7773 -0.3103
vn 0.5892 -0.6807 0.4353
vn -0.0300 -0.9358 0.3512
vn 0.6254 -0.4847 0.6115
vn 0.7957 -0.0074 0.6057
vn 0.7413 0.0563 0.6688
vn 0.8329 0.0294 0.5526
vn 0.7170 -0.3505 0.6025
vn 0.5719 -0.0774 0.8167
vn 0.4026 -0.7951 0.4535
vn 0.6077 0.0329 0.7935
vn -0.4928 -0.5028 -0.7101
vn -0.6295 0.0026 -0.7770
vn 0.0735 -0.8642 -0.4978
vn 0.6227 -0.7773 -0.0899
vn 0.5894 -0.0366 0.8071
vn 0.4024 -0.4782 0.7806
vn -0.1262 -0.8069 0.5771
vn -0.3735 -0.9211 -0.1103
vn -0.4490 -0.4804 -0.7534
vn -0.5032 0.1101 -0.8571
vn 0.5916 -0.3439 0.7292
vn 0.3978 -0.0429 0.9165
vn 0.2927 -0.7247 0.6238
vn 0.4677 -0.0647 0.8815
vn 0.3582 -0.0458 0.9325
vn 0.2173 -0.3998 0.8905
vn 0.3904 -0.2675 0.8809
vn 0.2508 -0.0460 0.9669
vn 0.2254 -0.8792 -0.4198
vn -0.3958 -0.4075 -0.8230
vn 0.6971 -0.7054 0.1283
vn 0.2097 -0.5271 0.8236
vn 0.2214 0.0254 0.9749
vn 0.1137 -0.0406 0.9927
vn -0.0151 -0.3361 0.9417
vn -0.4536 -0.8397 0.2986
vn -0.2300 -0.6601 -0.7151
vn -0.5064 -0.5351 -0.6762
vn -0.2287 0.0421 -0.9726
vn -0.0000 -0.7046 -0.7096
vn -0.0000 0.0469 -0.9989
vn -0.3353 0.0504 -0.9408
vn -0.2495 -0.5545 -0.7939
vn 0.2702 -0.8914 -0.3640
vn 0.6403 -0.7026 0.3106
vn -0.2628 -0.8044 0.5328
vn -0.3828 -0.9014 -0.2021
vn -0.4503 0.0631 -0.8907
vn 0.5859 -0.5794 -0.5666
vn 0.5508 -0.7799 -0.2973
vn -0.5357 -0.7647 0.3582
vn 0.7686 0.0518 -0.6376
vn 0.4898 -0.5677 -0.6617
vn -0.7957 -0.0074 0.6057
vn -0.7445 0.0497 0.6657
vn -0.8329 0.0295 0.5526
vn -0.6465 -0.3958 0.6522
vn 0.0301 -0.9358 0.3512
vn 0.8477 0.0873 -0.5233
vn 0.6674 0.0951 -0.7386
vn 0.7837 -0.4433 -0.4351
vn -0.0864 -0.7689 -0.6335
vn -0.8042 -0.4647 -0.3706
vn -0.9078 -0.2247 0.3542
vn 0.1056 -0.8372 -0.5366
vn 0.7028 -0.6619 -0.2606
vn -0.7927 -0.6060 0.0669
vn 0.8188 -0.5470 -0.1745
vn -0.9766 0.0423 0.2110
vn -0.9698 0.0096 0.2437
vn -0.9366 0.0591 0.3453
vn -0.9550 -0.2944 -0.0350
vn -0.6320 -0.5572 -0.5387
vn 0.9766 -0.0941 -0.1936
vn 0.9863 -0.0338 -0.1617
vn 0.5477 -0.8252 0.1384
vn -0.1384 -0.9170 0.3741
vn -0.8213 -0.3856 0.4204
vn 0.2277 0.0393 -0.9729
vn 0.5064 -0.5351 -0.6762
vn 0.1434 -0.8653 -0.4803
vn 0.3353 0.0504 -0.9408
vn 0.2343 -0.6395 -0.7322
vn -0.1686 -0.6054 -0.7779
vn -0.7848 0.5668 -0.2508
vn -0.6108 0.5379 -0.5810
vn -0.8381 0.4531 -0.3040
vn -0.7848 0.6065 0.1272
vn -0.8076 0.5263 -0.2660
vn -0.7254 0.3311 -0.6034
vn -0.3727 0.4812 -0.7934
vn -0.3455 0.3040 -0.8878
vn 0.0000 0.4432 -0.8964
vn 0.0000 0.3132 -0.9497
vn 0.3455 0.3039 -0.8878
vn -0.0013 0.1947 -0.9809
vn -0.9196 0.1630 -0.3573
vn -0.9028 0.3952 0.1698
vn -0.5092 0.3467 -0.7877
vn -0.4068 0.3016 -0.8623
vn -0.7411 0.2325 -0.6298
vn -0.0038 0.3489 -0.9371
vn -0.0063 0.3009 -0.9536
vn 0.4073 0.3033 -0.8615
vn 0.5532 0.1733 -0.8148
vn 0.7254 0.3311 -0.6034
vn 0.3727 0.4812 -0.7934
vn 0.5140 0.3541 -0.7813
vn 0.7396 0.3103 -0.5972
vn 0.7442 0.2346 -0.6254
vn 0.7871 0.1685 -0.5934
vn 0.9196 0.1630 -0.3573
vn 0.9290 0.2299 -0.2900
vn 0.9183 0.3767 -0.1221
vn 0.9241 0.2852 0.2543
vn 0.8174 0.4248 0.3890
vn 0.7081 0.3658 0.6040
vn 0.5671 0.4935 0.6594
vn 0.7852 0.1889 0.5897
vn 0.9664 0.1455 0.2119
vn 0.8074 0.5266 -0.2662
vn 0.9029 0.3960 0.1671
vn 0.7258 0.4928 0.4800
vn 0.4341 0.4670 0.7704
vn 0.4607 0.2013 0.8645
vn 0.3941 0.4154 0.8198
vn 0.1612 0.2007 0.9663
vn 0.1417 0.3562 0.9236
vn 0.1509 0.7067 0.6913
vn 0.4012 0.6651 0.6299
vn 0.6640 0.6162 0.4236
vn 0.7853 0.6060 0.1266
vn 0.8704 0.4746 0.1312
vn 0.8381 0.4528 -0.3042
vn 0.6400 0.4370 -0.6320
vn 0.6623 0.3550 -0.6598
vn 0.4085 0.4090 -0.8160
vn 0.3352 0.3192 -0.8864
vn 0.6108 0.5379 -0.5810
vn 0.7846 0.5667 -0.2515
vn -0.3352 0.3192 -0.8864
vn -0.3772 0.1937 -0.9057
vn -0.6641 0.2485 -0.7051
vn -0.0000 0.2393 -0.9709
vn 0.0000 0.3332 -0.9429
vn -0.0000 0.4034 -0.9150
vn -0.6860 0.3445 -0.6409
vn -0.9090 0.2680 -0.3191
vn -0.4085 0.4090 -0.8160
vn -0.6399 0.4370 -0.6320
vn -0.9030 0.3639 -0.2283
vn -0.9217 0.3638 0.1347
vn -0.6633 0.6177 0.4225
vn -0.4014 0.6656 0.6292
vn -0.7263 0.4912 0.4809
vn -0.4977 0.5378 0.6805
vn -0.7361 0.4967 0.4599
vn -0.5055 0.4227 0.7522
vn -0.7863 0.3620 0.5007
vn -0.8701 0.4752 0.1309
vn -0.2697 0.5466 0.7928
vn -0.9547 0.2589 0.1469
vn -0.8396 0.1997 0.5051
vn -0.5662 0.2439 0.7873
vn -0.2584 0.4088 0.8753
vn 0.0000 0.5608 0.8280
vn -0.1509 0.7067 0.6913
vn -0.5707 0.0485 0.8197
vn -0.2770 0.2485 0.9282
vn -0.8204 0.0524 0.5694
vn -0.9790 0.0887 0.1835
vn -0.9492 0.1166 -0.2923
vn -0.6836 0.0840 -0.7250
vn -0.3769 -0.0738 -0.9233
vn -0.3837 0.0117 -0.9234
vn -0.7473 -0.0023 -0.6645
vn -0.9796 0.0079 -0.2008
vn -0.9611 -0.0057 0.2762
vn -0.7743 -0.0409 0.6314
vn -0.5069 -0.0982 0.8564
vn 0.6926 -0.0103 -0.7212
vn 0.7057 0.0752 -0.7045
vn 0.9564 0.0056 -0.2921
vn 0.3769 -0.0738 -0.9233
vn 0.3837 0.0117 -0.9234
vn 0.0000 0.0305 -0.9995
vn 0.0000 -0.0570 -0.9984
vn 0.3772 0.1937 -0.9057
vn 0.8916 0.3575 -0.2779
vn 0.6905 0.2541 -0.6773
vn 0.9237 0.2593 -0.2821
vn 0.9222 0.3518 0.1608
vn 0.7361 0.4967 0.4599
vn 0.4977 0.5378 0.6805
vn 0.7802 0.3834 0.4942
vn 0.5281 0.4070 0.7453
vn 0.8294 0.2338 0.5074
vn 0.2697 0.5466 0.7928
vn 0.2584 0.4088 0.8753
vn -0.0000 0.3889 0.9213
vn 0.0000 0.2215 0.9752
vn 0.2770 0.2485 0.9282
vn 0.5510 0.2327 0.8014
vn 0.9603 0.2543 0.1150
vn 0.9790 0.0887 0.1835
vn 0.9616 0.1399 -0.2360
vn 0.8204 0.0524 0.5694
vn 0.5707 0.0485 0.8197
vn 0.2815 0.0287 0.9591
vn 0.0000 -0.0241 0.9997
vn -0.2816 0.0286 0.9591
vn -0.2155 -0.1159 0.9696
vn 0.0000 -0.1260 0.9920
vn 0.2155 -0.1159 0.9696
vn 0.5069 -0.0982 0.8564
vn 0.7743 -0.0409 0.6314
vn 0.9611 -0.0057 0.2762
vn -0.9863 -0.0338 -0.1617
vn 0.1384 -0.9170 0.3741
vn 0.7927 -0.6060 0.0669
vn 0.8213 -0.3856 0.4204
vn -0.7028 -0.6619 -0.2606
vn -0.5477 -0.8252 0.1384
vn -0.9766 -0.0941 -0.1936
vn -0.8188 -0.5470 -0.1745
vn -0.1056 -0.8372 -0.5366
vn 0.6320 -0.5572 -0.5387
vn 0.9551 -0.2944 -0.0350
vn 0.9698 0.0096 0.2437
vn 0.9766 0.0423 0.2110
vn 0.9366 0.0591 0.3453
vn 0.8042 -0.5941 -0.0164
vn 0.8899 -0.0516 -0.4532
vn 0.9925 0.0028 0.1224
vn -0.1248 -0.8646 -0.4868
vn -0.6458 -0.7359 -0.2033
vn 0.5969 -0.5797 -0.5546
vn -0.4387 -0.3707 -0.8186
vn -0.4513 0.0458 -0.8912
vn 0.9673 0.0566 -0.2473
vn 0.9867 0.0239 0.1605
vn 0.9158 -0.2624 0.3040
vn 0.1201 -0.8703 0.4777
vn -0.5460 -0.8091 0.2174
vn -0.9800 -0.1252 -0.1548
vn 0.4536 -0.8397 0.2986
vn -0.1975 -0.3817 0.9029
vn 0.0228 -0.2895 0.9569
vn -0.1373 -0.0373 0.9898
vn -0.5393 -0.8040 0.2504
vn -0.4239 -0.3157 0.8489
vn -0.2036 0.0083 0.9790
vn -0.2990 -0.0377 0.9535
vn -0.2669 -0.3396 0.9019
vn -0.3880 -0.0464 0.9205
vn -0.5916 -0.3439 0.7292
vn -0.4010 -0.4783 0.7813
vn 0.4008 -0.5469 -0.7350
vn -0.5894 -0.0366 0.8071
vn -0.4677 -0.0647 0.8815
vn 0.5145 -0.7845 -0.3462
vn 0.6296 -0.0254 -0.7765
vn 0.4854 -0.5946 -0.6410
vn -0.3645 -0.8069 0.4649
vn -0.0656 -0.8699 -0.4888
vn 0.5032 0.1101 -0.8571
vn 0.1644 -0.8633 0.4771
vn -0.6147 -0.7842 -0.0840
vn -0.7120 -0.4285 0.5562
vn -0.5717 -0.0751 0.8170
vn -0.6406 0.0384 0.7669
vn -0.7862 0.1863 0.5893
vn -0.7081 0.3658 0.6040
vn -0.9241 0.2852 0.2543
vn -0.4607 0.2013 0.8644
vn -0.4358 0.4662 0.7699
vn -0.1417 0.3561 0.9236
vn -0.1612 0.2007 0.9663
vn -0.3843 0.4243 0.8199
vn -0.5428 0.5057 0.6706
vn -0.8170 0.4259 0.3888
vn -0.9183 0.3767 -0.1221
vn -0.5268 0.3876 0.7565
vn -0.0000 0.7127 0.7015
vn -0.0000 0.5982 0.8013
vn -0.0000 0.1872 0.9823
vn -0.1193 0.3510 0.9287
vn 0.1193 0.3510 0.9287
vn 0.0007 0.6033 0.7975
vn -0.1354 0.4911 0.8605
vn -0.5191 -0.0979 0.8491
vn 0.0031 0.6062 0.7953
vn 0.1357 0.4833 0.8649
vn 0.5509 0.3641 0.7510
vn 0.5242 -0.1111 0.8443
vn 0.6709 -0.1049 0.7340
vn 0.7322 -0.0549 0.6788
vn 0.7315 0.0618 0.6790
vn 0.9265 0.1533 0.3437
vn 0.9178 0.1822 0.3527
vn 0.4503 0.0631 -0.8907
vn 0.3593 -0.4052 -0.8407
vn -0.2040 -0.8449 -0.4946
vn -0.3155 -0.7353 0.5998
vn -0.6508 -0.7580 0.0439
vn -0.3978 -0.0429 0.9165
vn 0.3828 -0.9014 -0.2021
vn 0.2628 -0.8044 0.5328
vn -0.3386 -0.1012 0.9355
vn -0.6442 -0.0483 0.7633
vn -0.6893 -0.1470 0.7095
vn -0.3193 -0.2087 0.9244
vn -0.0002 -0.1887 0.9820
vn -0.0009 -0.2218 0.9751
vn 0.3193 -0.2104 0.9240
vn 0.9149 -0.0771 0.3962
vn 0.6893 -0.1470 0.7095
vn 0.9296 -0.2924 0.2245
vn 0.6446 -0.0488 0.7629
vn 0.3389 -0.1018 0.9353
vn -0.0000 -0.0927 0.9957
vn -0.4205 -0.1751 0.8902
vn -0.7431 -0.4261 0.5160
vn 0.5420 -0.4629 -0.7014
vn 0.1891 -0.8945 -0.4051
vn 0.4919 -0.3866 -0.7801
vn 0.7176 -0.4111 -0.5622
vn 0.7326 -0.5684 -0.3744
vn 0.9474 -0.2230 -0.2294
vn 0.8781 -0.4717 0.0801
vn 0.7431 -0.4261 0.5160
vn 0.4205 -0.1751 0.8902
vn 0.4383 -0.1536 -0.8856
vn 0.5169 -0.0338 -0.8554
vn 0.6384 -0.2097 -0.7406
vn 0.8148 -0.0495 -0.5776
vn 0.8961 -0.0168 -0.4434
vn 0.9799 -0.1113 -0.1654
vn -0.8267 0.5617 -0.0327
vn -0.8003 0.5486 0.2422
vn -0.7513 0.5291 0.3945
vn -0.8434 0.5341 -0.0578
vn -0.7502 0.5931 -0.2923
vn -0.7403 0.5655 -0.3637
vn -0.6863 0.6214 -0.3780
vn -0.7482 0.6147 -0.2497
vn -0.7663 0.5998 -0.2304
vn 0.0053 0.9562 -0.2928
vn 0.6112 0.4356 0.6608
vn 0.3938 0.3647 0.8437
vn 0.6680 0.4552 0.5887
vn 0.3373 0.1986 0.9202
vn -0.0000 0.0684 0.9977
vn 0.0000 -0.0710 0.9975
vn -0.3373 0.1986 0.9202
vn -0.3938 0.3647 0.8437
vn -0.6112 0.4356 0.6608
vn -0.6680 0.4552 0.5887
vn 0.7691 0.5977 -0.2264
vn 0.7501 0.6134 -0.2471
vn 0.0052 0.9562 -0.2928
vn 0.7084 0.6392 -0.2994
vn 0.7496 0.6207 -0.2297
vn 0.7435 0.6247 -0.2386
vn 0.8142 0.5798 -0.0307
vn 0.8434 0.5341 -0.0578
vn 0.8003 0.5486 0.2422
vn 0.7513 0.5291 0.3945
vn -0.8042 -0.5941 -0.0164
vn 0.6458 -0.7359 -0.2033
vn -0.1201 -0.8703 0.4777
vn 0.4387 -0.3707 -0.8186
vn 0.9800 -0.1252 -0.1548
vn 0.4513 0.0458 -0.8912
vn 0.5460 -0.8091 0.2174
vn -0.9158 -0.2624 0.3040
vn -0.9925 0.0028 0.1224
vn -0.8899 -0.0516 -0.4532
vn -0.5969 -0.5797 -0.5546
vn -0.9867 0.0239 0.1605
vn -0.9673 0.0566 -0.2473
vn 0.1248 -0.8646 -0.4868
vn 0.0000 -0.9982 -0.0603
vn -0.1232 -0.9432 0.3084
vn -0.2231 -0.9465 0.2333
vn 0.0000 -0.9438 0.3306
vn 0.1232 -0.9432 0.3084
vn 0.2231 -0.9465 0.2333
vn 0.3054 -0.9477 0.0923
vn 0.3195 -0.9429 -0.0943
vn 0.2602 -0.9323 -0.2512
vn 0.1804 -0.9246 -0.3356
vn 0.0918 -0.9223 -0.3755
vn 0.0000 -0.9215 -0.3883
vn -0.0918 -0.9223 -0.3755
vn -0.1804 -0.9246 -0.3356
vn -0.2601 -0.9323 -0.2513
vn -0.3195 -0.9429 -0.0943
vn -0.3054 -0.9477 0.0923
vn 0.9624 0.2438 -0.1198
vn 0.9076 0.2599 -0.3297
vn 0.5742 0.8184 -0.0199
vn 0.5179 0.7453 0.4198
vn 0.3782 0.8313 0.4072
vn 0.7003 0.7098 -0.0757
vn -0.2899 -0.9539 0.0770
vn 0.4696 -0.8823 -0.0334
vn -0.3454 -0.9112 -0.2244
vn 0.3905 -0.9003 -0.1923
vn -0.5456 0.0092 0.8380
vn -0.6433 -0.4457 0.6226
vn -0.1068 0.0000 0.9943
vn -0.6700 -0.4492 0.5911
vn -0.5528 0.1780 -0.8141
vn -0.7856 0.1705 -0.5948
vn -0.9664 0.1438 0.2131
vn -0.9290 0.2299 -0.2900
vn -0.7396 0.3103 -0.5972
vn -0.4501 0.7245 0.5220
vn -0.4183 0.7921 0.4445
vn -0.0491 0.9521 0.3018
vn -0.5108 0.6069 0.6090
vn -0.5179 0.7453 0.4198
vn -0.3782 0.8313 0.4072
vn -0.5742 0.8184 -0.0199
vn -0.7003 0.7098 -0.0757
vn -0.4688 0.8658 -0.1753
vn -0.4143 0.8855 -0.2103
vn -0.2484 0.8606 -0.4446
vn -0.2821 0.7927 -0.5404
vn 0.0000 0.8068 -0.5909
vn 0.0000 0.8459 -0.5333
vn 0.2484 0.8606 -0.4446
vn 0.2821 0.7927 -0.5404
vn 0.4143 0.8855 -0.2103
vn 0.4688 0.8658 -0.1753
vn 0.0000 0.2498 -0.9683
vn -0.4170 0.2607 -0.8707
vn -0.4548 0.2276 -0.8610
vn 0.0000 0.2443 -0.9697
vn 0.4170 0.2607 -0.8707
vn 0.4548 0.2276 -0.8610
vn 0.7334 0.2619 -0.6273
vn 0.7586 0.2883 -0.5843
vn -0.7298 -0.0448 0.6822
vn -0.6683 -0.0886 0.7386
vn -0.7302 0.0618 0.6805
vn -0.8908 0.1326 0.4345
vn -0.9456 0.1880 0.2656
vn -0.9370 0.2626 -0.2303
vn -0.9434 0.2347 -0.2343
vn -0.7586 0.2883 -0.5843
vn -0.7334 0.2619 -0.6273
vn 0.4183 0.7921 0.4445
vn 0.4501 0.7245 0.5220
vn 0.0491 0.9521 0.3019
vn 0.5108 0.6069 0.6090
vn -0.2426 0.7413 0.6258
vn -0.5211 0.8449 0.1207
vn -0.6867 0.7088 0.1615
vn -0.4526 0.8638 0.2216
vn -0.9296 -0.2924 0.2245
vn -0.8781 -0.4717 0.0801
vn -0.9474 -0.2230 -0.2294
vn -0.7326 -0.5684 -0.3744
vn -0.7176 -0.4111 -0.5622
vn -0.1891 -0.8945 -0.4051
vn -0.5420 -0.4629 -0.7014
vn -0.4919 -0.3866 -0.7801
vn -0.4383 -0.1536 -0.8856
vn -0.5169 -0.0338 -0.8554
vn -0.6384 -0.2097 -0.7406
vn -0.8148 -0.0495 -0.5776
vn -0.8961 -0.0168 -0.4434
vn -0.9799 -0.1113 -0.1654
vn -0.9149 -0.0771 0.3962
vn -0.5210 0.8450 0.1207
vn -0.4525 0.8897 0.0604
vn -0.7000 0.6504 0.2950
vn -0.1135 0.9355 0.3345
vn -0.7619 0.6460 -0.0472
vn -0.3183 0.9462 -0.0589
vn -0.6850 0.5988 -0.4151
vn -0.3646 0.7048 -0.6086
vn -0.1129 0.9832 -0.1434
vn 0.0000 0.7220 -0.6919
vn 0.0000 0.9879 -0.1554
vn 0.1129 0.9832 -0.1434
vn 0.3645 0.7048 -0.6086
vn 0.3183 0.9462 -0.0589
vn 0.3590 0.1967 -0.9124
vn -0.0000 0.2287 -0.9735
vn -0.3590 0.1967 -0.9124
vn -0.7151 0.1304 -0.6868
vn -0.9480 0.2337 -0.2161
vn -0.9679 0.1701 0.1850
vn -0.6213 0.1988 0.7580
vn -0.7963 0.0256 0.6043
vn -0.6400 0.2056 0.7404
vn -0.8176 0.1803 0.5468
vn -0.9016 0.0307 0.4316
vn -0.9636 0.1977 0.1798
vn -0.9166 0.1871 -0.3534
vn -0.6776 0.1615 -0.7175
vn -0.3988 0.1343 0.9071
vn -0.3399 0.7546 0.5613
vn -0.2855 0.6046 0.7436
vn -0.0516 0.6871 0.7247
vn 0.2189 0.9437 0.2482
vn 0.3399 0.7546 0.5613
vn -0.2189 0.9437 0.2482
vn 0.2855 0.6046 0.7436
vn 0.1135 0.9355 0.3345
vn 0.7000 0.6504 0.2950
vn 0.4525 0.8897 0.0604
vn 0.7619 0.6460 -0.0472
vn 0.6850 0.5988 -0.4151
vn 0.7151 0.1304 -0.6868
vn 0.9480 0.2337 -0.2161
vn 0.9679 0.1701 0.1850
vn 0.8176 0.1803 0.5468
vn 0.6213 0.1988 0.7580
vn 0.9636 0.1977 0.1798
vn 0.9016 0.0307 0.4316
vn 0.7963 0.0256 0.6043
vn 0.6400 0.2056 0.7404
vn 0.3988 0.1343 0.9071
vn 0.0516 0.6871 0.7247
vn -0.2822 0.2340 -0.9304
vn 0.0000 0.2314 -0.9729
vn 0.2822 0.2340 -0.9304
vn 0.6776 0.1615 -0.7175
vn 0.9166 0.1871 -0.3534
vn 0.1478 -0.9597 -0.2389
vn -0.0291 -0.9265 -0.3752
vn -0.0682 -0.9816 -0.1785
vn -0.0551 -0.9826 -0.1777
vn -0.0906 -0.9838 -0.1545
vn -0.0619 -0.9840 -0.1671
vn -0.0094 -0.9782 -0.2077
vn 0.0187 -0.9760 -0.2169
vn 0.0125 -0.9663 -0.2571
vn 0.0093 -0.9544 -0.2985
vn -0.4696 -0.8823 -0.0334
vn 0.2900 -0.9539 0.0770
vn 0.3454 -0.9112 -0.2244
vn -0.3905 -0.9003 -0.1923
vn 0.6433 -0.4457 0.6226
vn 0.6700 -0.4492 0.5911
vn 0.5481 0.0074 0.8364
vn 0.1096 0.0000 0.9940
vn 0.0035 -0.9636 -0.2674
vn 0.0002 -0.9539 -0.3001
vn 0.0024 -0.9738 -0.2276
vn 0.0000 -0.9363 -0.3511
vn 0.0203 -0.9802 -0.1971
vn -0.0159 -0.9755 -0.2195
vn 0.0619 -0.9840 -0.1671
vn 0.0906 -0.9838 -0.1545
vn 0.0682 -0.9816 -0.1785
vn 0.0550 -0.9825 -0.1778
vn -0.1478 -0.9597 -0.2389
vn 0.0291 -0.9265 -0.3752
vn -0.4417 -0.0418 -0.8962
vn -0.3377 0.6487 -0.6821
vn -0.6364 0.6388 -0.4323
vn -0.3183 0.9472 -0.0378
vn -0.4427 0.8908 0.1020
vn -0.2470 0.9677 -0.0497
vn -0.1895 0.6053 -0.7731
vn -0.1639 0.6823 -0.7124
vn -0.0605 0.0030 -0.9982
vn -0.0415 -0.0043 -0.9991
vn 0.0814 -0.6003 -0.7956
vn 0.1106 -0.7091 -0.6963
vn 0.1946 -0.9790 -0.0606
vn -0.3078 0.7171 0.6253
vn -0.3544 0.6678 0.6545
vn -0.3469 0.0323 0.9373
vn 0.1092 -0.9899 -0.0904
vn 0.0663 -0.7795 0.6229
vn -0.1155 -0.9933 -0.0077
vn 0.1697 -0.9824 0.0777
vn 0.0490 -0.7358 -0.6754
vn -0.0763 -0.0559 -0.9955
vn -0.2044 0.7200 -0.6632
vn -0.2171 0.9750 0.0486
vn -0.2461 0.9693 -0.0019
vn 0.0585 -0.6810 0.7299
vn 0.1120 -0.6655 0.7379
vn 0.1330 -0.9905 0.0352
vn -0.0719 -0.0089 0.9974
vn -0.1433 0.0028 0.9897
vn -0.2011 0.6850 0.7003
vn -0.1565 0.6092 0.7774
vn -0.2046 0.7216 0.6614
vn -0.4361 0.8999 0.0019
vn -0.3660 0.5332 -0.7627
vn -0.0367 0.0025 0.9993
vn 0.1076 -0.6646 0.7394
vn -0.0775 -0.0510 0.9957
vn -0.3691 0.5312 0.7626
vn -0.7043 0.4151 0.5759
vn -0.3078 -0.0380 0.9507
vn -0.7243 -0.0928 0.6832
vn -0.1639 -0.6036 0.7803
vn -0.5469 -0.5867 0.5972
vn -0.9922 -0.1249 0.0003
vn -0.7102 0.4118 -0.5710
vn -0.8548 0.5189 0.0031
vn -0.7271 -0.0929 -0.6802
vn -0.3052 -0.0418 -0.9514
vn -0.5406 -0.5869 -0.6028
vn -0.1549 -0.6017 -0.7835
vn -0.6747 -0.7381 -0.0000
vn -0.2200 0.9554 -0.1970
vn -0.0485 0.5702 -0.8201
vn -0.1587 0.5628 -0.8112
vn -0.1972 0.9614 -0.1918
vn -0.2348 0.9643 -0.1227
vn -0.3242 0.7443 0.5840
vn -0.3917 0.6720 0.6285
vn -0.3029 0.8260 0.4753
vn -0.3075 0.9449 -0.1120
vn -0.3976 0.5264 -0.7515
vn 0.0430 -0.1120 -0.9928
vn -0.1676 -0.0842 -0.9823
vn -0.6933 -0.0526 -0.7188
vn -0.7761 0.4082 -0.4806
vn -0.4945 0.8657 -0.0776
vn -0.3471 0.7174 0.6041
vn -0.2496 0.1628 0.9546
vn -0.5381 -0.6454 -0.5422
vn -0.0061 -0.7380 -0.6748
vn -0.9832 -0.1300 0.1281
vn -0.8327 0.5473 0.0841
vn -0.5034 0.6022 0.6196
vn -0.2625 0.0848 0.9612
vn -0.4101 -0.0357 0.9113
vn 0.0972 -0.9949 -0.0252
vn 0.1638 -0.6724 -0.7218
vn -0.1168 -0.9877 0.1044
vn -0.6198 -0.7533 0.2201
vn -0.6089 -0.4509 0.6527
vn -0.7180 -0.0830 0.6911
vn -0.7293 0.3336 0.5973
vn -0.0624 -0.5962 0.8004
vn 0.1302 -0.9838 0.1232
vn 0.1572 -0.9766 0.1468
vn -0.0982 -0.6736 0.7325
vn -0.3236 -0.6593 0.6786
vn -0.0401 -0.5794 0.8141
vn 0.1421 -0.9752 0.1696
vn 0.2259 -0.8180 -0.5290
vn 0.2284 -0.7555 -0.6140
vn 0.2120 -0.7431 -0.6347
vn -0.2459 0.1111 0.9629
vn -0.0826 -0.5738 0.8148
vn -0.3006 0.0346 0.9531
vn -0.5238 0.0168 0.8517
vn -0.2155 -0.5093 0.8332
vn 0.0589 -0.9512 0.3028
vn 0.2059 -0.8070 -0.5534
vn 0.1673 -0.2532 -0.9528
vn 0.1638 -0.0674 -0.9842
vn 0.0167 0.4832 -0.8754
vn 0.1454 -0.1460 -0.9785
vn 0.1310 -0.1351 -0.9821
vn -0.0210 0.5047 -0.8631
vn -0.1162 0.7054 -0.6992
vn -0.6411 0.5799 0.5027
vn -0.4075 0.9129 -0.0229
vn -0.3245 0.7276 -0.6043
vn -0.1980 0.9754 0.0967
vn -0.2279 0.9673 0.1114
vn -0.2867 0.7325 -0.6174
vn -0.2483 0.9651 0.0827
vn -0.4977 0.6741 -0.5457
vn -0.3333 0.9160 0.2233
vn -0.3689 0.0371 -0.9287
vn -0.2476 0.0833 -0.9653
vn -0.2383 0.0682 -0.9688
vn -0.2954 0.7146 -0.6341
vn -0.4727 0.8803 0.0395
vn -0.0999 -0.5264 -0.8444
vn -0.0299 -0.6045 -0.7961
vn -0.4684 -0.6888 -0.5534
vn -0.6256 0.0480 -0.7786
vn 0.0383 -0.9749 -0.2193
vn 0.1529 -0.9809 -0.1202
vn -0.0544 -0.6225 -0.7807
vn -0.2226 0.0527 -0.9735
vn -0.4486 0.6054 -0.6574
vn -0.2388 -0.9594 -0.1501
vn -0.3919 -0.8438 0.3665
vn 0.0106 -0.7629 0.6464
vn -0.4976 -0.2068 0.8424
vn -0.8321 0.5412 -0.1214
vn -0.7034 0.3364 -0.6261
vn -0.9827 -0.1056 -0.1519
vn -0.3319 -0.0515 -0.9419
vn -0.0627 -0.6779 -0.7325
vn 0.1504 -0.9816 -0.1175
vn 0.2079 -0.7290 0.6522
vn -0.1145 -0.9849 -0.1303
vn -0.2730 -0.6606 -0.6993
vn -0.6201 -0.7440 -0.2490
vn -0.5763 -0.4551 -0.6788
vn -0.6907 -0.0880 -0.7178
vn 0.1682 -0.0900 0.9816
vn 0.2299 -0.7060 0.6698
vn 0.1130 -0.1113 0.9873
vn 0.1873 -0.6402 0.7450
vn 0.1117 -0.9935 0.0220
vn -0.0272 -0.7484 0.6627
vn -0.5979 -0.6306 0.4948
vn -0.7835 -0.0312 0.6206
vn -0.2037 -0.0866 0.9752
vn 0.1136 -0.0940 0.9891
vn -0.0378 0.5665 0.8232
vn 0.0039 0.5921 0.8058
vn -0.0884 0.5967 0.7976
vn -0.4442 0.5626 0.6973
vn -0.8262 0.4094 0.3870
vn -0.1635 0.3754 0.9123
vn -0.0195 -0.2112 0.9773
vn -0.4618 0.5907 0.6616
vn -0.4392 0.8685 0.2296
vn -0.6985 0.6585 -0.2800
vn 0.1297 -0.9902 0.0524
vn 0.2495 -0.9085 0.3353
vn 0.3590 -0.9164 0.1771
vn 0.1123 -0.9936 0.0141
vn 0.1188 -0.9102 0.3968
vn 0.2989 -0.5892 0.7507
vn 0.5939 -0.5457 0.5912
vn 0.5891 -0.6900 0.4205
vn 0.0753 -0.9102 -0.4072
vn 0.0430 -0.6304 -0.7751
vn 0.0779 -0.9039 -0.4205
vn 0.0516 -0.6042 -0.7952
vn 0.1149 -0.9196 -0.3757
vn 0.1573 -0.9047 -0.3960
vn 0.0873 -0.9960 -0.0162
vn 0.1163 -0.9932 -0.0110
vn 0.2582 -0.9651 0.0445
vn 0.0479 -0.9884 -0.1444
vn 0.1771 -0.8913 -0.4174
vn 0.2792 -0.5198 -0.8074
vn 0.0701 -0.9889 -0.1313
vn 0.0667 -0.9967 -0.0458
vn -0.0019 -0.9967 -0.0808
vn -0.1731 -0.9849 -0.0037
vn -0.3607 -0.9229 -0.1347
vn -0.4821 -0.7837 0.3915
vn 0.1806 -0.9793 0.0917
vn -0.1490 -0.9832 -0.1052
vn -0.3014 -0.9487 -0.0952
vn -0.2874 -0.9573 0.0301
vn -0.9175 -0.3368 0.2115
vn -0.4779 -0.8735 0.0931
vn 0.0587 -0.9832 0.1730
vn 0.5597 -0.6640 0.4959
vn 0.6795 -0.0060 0.7337
vn 0.5148 0.0331 0.8567
vn 0.1684 0.5599 0.8113
vn 0.1760 0.0199 0.9842
vn -0.0768 0.5999 0.7964
vn 0.1827 0.7346 0.6534
vn 0.3461 0.6485 0.6780
vn 0.6515 0.0241 0.7583
vn -0.2313 0.8882 0.3970
vn -0.2574 0.8921 0.3714
vn -0.1819 0.8662 0.4654
vn -0.1787 0.8645 0.4698
vn -0.2840 0.9437 0.1698
vn -0.1713 0.9232 0.3441
vn -0.2390 0.8742 0.4227
vn -0.4286 0.7813 0.4538
vn -0.7813 0.4874 0.3900
vn -0.2838 0.9395 -0.1921
vn -0.2702 0.9622 -0.0355
vn -0.2329 0.9424 -0.2401
vn -0.3077 0.9510 0.0296
vn -0.2700 0.9487 0.1647
vn -0.3176 0.8986 0.3027
vn -0.4355 0.8675 0.2405
vn -0.4742 0.8736 0.1097
vn -0.6336 0.7570 0.1597
vn -0.5451 0.8161 0.1917
vn -0.6234 0.6256 0.4691
vn -0.4483 0.8938 -0.0112
vn -0.4899 0.8584 -0.1522
vn -0.3270 0.8737 -0.3602
vn -0.1573 0.8262 -0.5410
vn -0.5095 0.8565 -0.0830
vn -0.3390 0.8970 -0.2837
vn -0.6355 0.7593 -0.1400
vn -0.5495 0.8235 -0.1413
vn -0.4889 0.8722 0.0149
vn -0.5916 0.8062 -0.0092
vn -0.8336 0.5465 0.0797
vn -0.9957 -0.0413 0.0830
vn -0.0548 -0.6313 0.7736
vn 0.0100 -0.9899 0.1416
vn 0.9257 0.0392 0.3763
vn 0.6928 0.1263 -0.7100
vn 0.7051 0.2479 -0.6644
vn 0.7013 0.2477 -0.6684
vn 0.9126 -0.0904 0.3987
vn -0.2764 -0.2341 0.9321
vn -0.4397 0.7182 0.5393
vn -0.0168 -0.3722 0.9280
vn 0.0041 -0.2119 0.9773
vn 0.9588 -0.0401 0.2811
vn 0.6414 0.1856 -0.7445
vn -0.4083 0.3727 -0.8333
vn -0.4014 0.2422 -0.8833
vn 0.6331 0.2025 -0.7471
vn 0.2188 -0.9680 0.1227
vn 0.9815 -0.1805 0.0633
vn 0.1104 -0.6888 0.7165
vn 0.9030 -0.3782 -0.2040
vn 0.9019 -0.0910 -0.4223
vn 0.8527 0.4796 -0.2069
vn 0.9618 -0.1632 0.2196
vn 0.0389 -0.3160 0.9480
vn -0.0586 -0.7257 -0.6856
vn -0.8701 -0.4854 0.0854
vn -0.9715 -0.1275 0.1998
vn -0.9691 0.0349 0.2442
vn -0.9871 -0.0438 0.1539
vn -0.9856 0.0686 0.1546
vn -0.9394 0.3171 -0.1304
vn -0.4355 0.3304 -0.8373
vn -0.5485 0.1484 -0.8229
vn -0.7375 -0.3021 -0.6041
vn -0.8828 -0.3408 -0.3233
vn -0.1017 -0.3487 0.9317
vn -0.9596 -0.0197 0.2808
vn -0.2161 -0.5178 -0.8278
vn -0.9950 -0.0965 -0.0249
vn -0.4380 0.5138 0.7377
vn -0.9347 -0.2352 -0.2663
vn -0.2971 0.4807 0.8250
vn -0.0470 0.4506 0.8915
vn 0.7411 0.3888 0.5474
vn 0.8814 -0.0531 -0.4694
vn 0.9338 -0.0677 -0.3512
vn 0.7388 0.3534 0.5738
vn 0.7025 0.4497 0.5516
vn 0.9506 -0.1409 -0.2767
vn 0.9453 -0.1330 -0.2980
vn -0.0902 -0.5669 -0.8188
vn 0.1110 -0.5825 -0.8052
vn -0.0096 -0.5205 -0.8538
vn 0.9590 0.0031 -0.2834
vn 0.5872 0.7130 0.3832
vn -0.2976 0.5148 0.8040
vn -0.5238 0.6656 0.5316
vn -0.4065 0.3451 0.8460
vn -0.0519 0.9808 -0.1880
vn 0.6719 0.4005 -0.6230
vn 0.4369 -0.1750 -0.8824
vn -0.9980 0.0572 -0.0263
vn 0.9897 -0.1412 -0.0247
vn 0.2099 0.1745 -0.9620
vn 0.4477 0.0456 -0.8930
vn -0.5571 0.3306 -0.7618
vn -0.5504 0.6705 -0.4974
vn -0.9525 0.2846 0.1083
vn -0.9634 0.2411 0.1176
vn -0.3576 -0.1482 0.9220
vn -0.0297 -0.1033 0.9942
vn -0.8523 0.1982 0.4841
vn 0.0866 -0.1620 0.9830
vn -0.8128 0.3757 0.4452
vn 0.7055 -0.6912 -0.1565
vn -0.2962 -0.6998 0.6501
vn 0.1136 -0.9317 -0.3449
vn 0.8929 -0.3093 0.3273
vn 0.8971 -0.3417 0.2802
vn 0.1446 -0.2380 0.9604
vn -0.3508 -0.7075 -0.6135
vn 0.4402 -0.4143 -0.7966
vn 0.5087 -0.2879 -0.8114
vn 0.3016 -0.3585 -0.8835
vn -0.3035 -0.6154 -0.7275
vn 0.0352 -0.0754 -0.9965
vn 0.6379 -0.0485 -0.7686
vn -0.4150 0.2738 -0.8677
vn -0.7531 -0.0173 -0.6577
vn -0.6144 -0.3835 0.6895
vn 0.8760 -0.4690 0.1128
vn 0.2946 0.3433 0.8918
vn 0.9248 0.3774 0.0482
vn 0.3383 0.5633 0.7538
vn 0.9160 0.3961 0.0642
vn -0.8511 -0.1226 0.5104
vn -0.7523 -0.5492 -0.3639
vn -0.6683 0.0814 0.7394
vn -0.9454 -0.1537 0.2873
vn -0.7217 0.1088 0.6836
vn 0.0843 0.6108 0.7873
vn 0.1824 0.5861 0.7895
vn 0.6946 0.7106 0.1125
vn -0.1071 0.8977 0.4274
vn -0.4187 0.5249 0.7411
vn -0.6282 -0.4127 -0.6595
vn -0.3906 -0.6188 -0.6816
vn 0.6367 -0.2596 -0.7261
vn 0.6147 -0.0281 -0.7883
vn -0.1580 -0.2565 -0.9536
vn 0.2294 0.1667 -0.9590
vn -0.0264 -0.0052 -0.9996
vn -0.4420 0.5466 -0.7112
vn -0.7050 0.3881 -0.5936
vn 0.0344 0.8757 -0.4817
vn -0.7924 0.5575 0.2478
vn 0.3066 0.0404 -0.9510
vn 0.9656 -0.1889 0.1788
vn -0.9039 0.3768 0.2026
vn -0.7750 0.2282 0.5893
vn -0.6091 0.3746 -0.6990
vn 0.3201 -0.0276 -0.9470
vn 0.9294 -0.3685 0.0196
vn 0.0220 -0.1613 0.9867
vn 0.2660 -0.2207 0.9384
vn 0.8992 -0.4341 0.0549
vn 0.3248 -0.0380 -0.9450
vn -0.6021 0.0322 -0.7978
vn -0.2013 -0.4668 -0.8611
vn 0.9708 -0.1809 0.1576
vn 0.3670 -0.2220 -0.9033
vn 0.4732 -0.0477 -0.8797
vn 0.3960 -0.3503 -0.8488
vn 0.6998 -0.7013 0.1355
vn -0.0693 -0.1092 0.9916
vn 0.1361 -0.9707 -0.1980
vn -0.8988 0.2497 0.3602
vn -0.1586 -0.1771 0.9713
vn -0.2610 -0.7082 0.6560
vn -0.3392 -0.7467 -0.5722
vn -0.5552 -0.4517 0.6984
vn -0.7693 -0.1935 0.6089
vn 0.1610 0.1828 0.9699
vn 0.3542 0.4104 0.8403
vn -0.6697 -0.2115 0.7118
vn -0.6677 -0.5327 -0.5200
vn -0.7597 -0.0020 0.6502
vn -0.1886 0.0388 0.9813
vn -0.8110 -0.2051 -0.5479
vn 0.3047 0.6227 0.7207
vn 0.3365 0.5037 0.7957
vn 0.8597 0.4298 -0.2760
vn 0.9164 0.4000 -0.0165
vn -0.6929 -0.1006 0.7140
vn 0.8984 0.4363 -0.0491
vn 0.3960 -0.3047 -0.8662
vn -0.7720 -0.5579 -0.3046
vn 0.1199 -0.2194 -0.9682
vn 0.7874 0.5258 -0.3218
vn 0.4076 0.6436 0.6478
vn -0.0656 0.9627 0.2626
vn -0.7097 0.5652 0.4206
vn -0.4631 0.5078 -0.7264
vn -0.5487 0.6010 -0.5812
vn 0.1201 0.8202 -0.5593
vn 0.2195 0.0575 -0.9739
vn -0.3856 0.0606 -0.9207
vn -0.1909 0.6648 0.7222
vn 0.3864 -0.0733 -0.9194
vn 0.9738 -0.1268 0.1889
vn -0.0062 -0.1503 -0.9886
vn -0.1908 0.6648 0.7222
vn -0.6503 0.5051 0.5674
vn 0.2438 -0.2000 0.9490
vn 0.8049 -0.5800 0.1256
vn 0.7557 -0.6129 0.2306
vn 0.0829 -0.0221 0.9963
vn 0.5031 -0.5043 -0.7019
vn -0.0911 0.0978 -0.9910
vn -0.7030 0.5158 -0.4896
vn -0.3010 0.0684 -0.9512
vn 0.5917 -0.4066 -0.6961
vn 0.7981 -0.3977 0.4527
vn 0.4496 -0.4408 -0.7769
vn -0.1899 0.1307 -0.9731
vn 0.6945 -0.7035 0.1507
vn 0.0845 -0.1406 0.9865
vn -0.0799 0.1203 0.9895
vn -0.7256 0.5131 0.4586
vn -0.0000 0.2082 0.9781
vn 0.0000 -0.5403 0.8415
vn 0.0000 0.3965 0.9180
vn -0.8350 0.4348 0.3372
vn -0.8313 0.3603 -0.4233
vn 0.0000 0.5754 -0.8179
vn -0.0000 0.2619 -0.9651
vn -0.0000 -0.3471 -0.9378
vn -0.0000 -0.9913 -0.1314
vn -0.6974 -0.5830 -0.4168
vn 0.1874 -0.2097 -0.9596
vn -0.3087 0.5694 0.7619
vn 0.2896 0.6094 0.7381
vn 0.2566 0.7696 0.5847
vn -0.6159 0.4331 0.6581
vn 0.4705 0.4453 0.7618
vn -0.9184 0.2461 0.3098
vn -0.6998 0.2388 -0.6732
vn -0.5110 -0.2977 0.8064
vn 0.6604 -0.1114 0.7426
vn -0.9439 -0.1817 -0.2757
vn -0.6057 -0.4394 -0.6634
vn 0.4118 -0.1651 -0.8962
vn 0.9993 0.0363 -0.0002
vn 0.9937 -0.1096 0.0233
vn 0.6412 -0.7418 0.1967
vn -0.3878 -0.8927 -0.2295
vn 0.2584 -0.6061 -0.7522
vn 0.5554 -0.4776 -0.6808
vn 0.3530 -0.8899 -0.2890
vn 0.9300 0.3664 0.0296
vn 0.7034 0.5140 -0.4910
vn -0.1240 0.6362 -0.7615
vn 0.0559 0.9754 0.2134
vn -0.8067 0.4241 0.4115
vn 0.9921 0.0943 -0.0832
vn 0.1039 -0.3325 -0.9373
vn 0.4716 -0.2481 -0.8462
vn -0.7064 -0.3717 -0.6024
vn -0.8554 -0.3134 -0.4124
vn -0.6357 -0.4797 -0.6048
vn 0.5153 -0.2130 -0.8301
vn -0.5662 -0.5605 -0.6044
vn 0.5550 -0.1035 -0.8254
vn -0.5010 -0.5721 -0.6494
vn 0.5810 -0.0376 -0.8130
vn -0.4181 -0.6187 -0.6651
vn 0.5501 0.0460 -0.8338
vn -0.3005 -0.6820 -0.6668
vn -0.1667 -0.7591 -0.6293
vn -0.3319 -0.8989 0.2861
vn -0.1769 -0.9341 0.3101
vn -0.2136 -0.7305 -0.6486
vn -0.4792 -0.8331 0.2761
vn -0.6710 -0.6927 0.2646
vn -0.8327 -0.5037 0.2301
vn -0.8946 -0.3981 0.2031
vn -0.6587 -0.1571 0.7358
vn -0.7171 -0.0672 0.6937
vn -0.5668 -0.3349 0.7527
vn -0.3918 -0.3905 0.8331
vn -0.2433 -0.4061 0.8808
vn -0.1313 -0.4906 0.8614
vn 0.1847 0.6616 0.7267
vn 0.0960 0.5195 0.8491
vn 0.2765 0.6054 0.7463
vn 0.3501 0.5561 0.7538
vn -0.6919 0.0268 0.7215
vn 0.4525 0.5460 0.7051
vn -0.6192 0.1558 0.7696
vn 0.7709 0.4492 0.4515
vn 0.4786 0.8117 -0.3349
vn 0.6570 0.6893 -0.3053
vn 0.8184 0.5145 -0.2559
vn 0.8860 0.4037 -0.2279
vn 0.9153 0.3298 -0.2313
vn 0.9409 0.2405 -0.2382
vn 0.4574 0.1634 -0.8741
vn 0.3271 0.2455 -0.9126
vn 0.2051 0.2959 -0.9329
vn 0.3296 0.8715 -0.3632
vn 0.1039 0.3416 -0.9341
vn 0.1704 0.9222 -0.3471
vn -0.0967 -0.7579 -0.6451
vn 0.0212 -0.7376 -0.6749
vn 0.0247 0.3461 -0.9379
vn 0.1230 -0.7273 -0.6752
vn 0.2148 -0.6552 -0.7242
vn 0.4769 -0.8677 0.1399
vn 0.6561 -0.7522 0.0615
vn 0.1757 -0.6960 -0.6962
vn 0.3276 -0.9236 0.1988
vn 0.1799 -0.9499 0.2554
vn 0.0006 -0.9537 0.3008
vn -0.0070 -0.4995 0.8663
vn 0.1100 -0.4972 0.8606
vn 0.2409 -0.4870 0.8395
vn 0.3878 -0.4686 0.7938
vn 0.5699 -0.3962 0.7199
vn 0.7605 -0.3409 0.5527
vn 0.7933 -0.5987 -0.1107
vn 0.8357 -0.2233 0.5017
vn 0.8367 -0.5237 -0.1601
vn -0.0015 0.3824 0.9240
vn -0.1905 0.5094 0.8391
vn -0.1737 0.5823 0.7942
vn -0.1594 0.6082 0.7776
vn -0.7763 0.6291 0.0404
vn -0.6455 0.7582 -0.0924
vn -0.4704 0.8623 -0.1875
vn -0.3285 0.9135 -0.2400
vn -0.1177 0.6298 0.7678
vn -0.1779 0.9406 -0.2892
vn -0.0343 0.6678 0.7436
vn 0.0058 0.9411 -0.3380
vn -0.0755 0.3528 -0.9326
vn -0.2016 0.3604 -0.9107
vn -0.3252 0.3428 -0.8813
vn -0.4910 0.2988 -0.8183
vn 0.2596 -0.5892 -0.7651
vn 0.1088 -0.4542 -0.8842
vn -0.7550 0.3350 -0.5637
vn -0.6936 0.0924 -0.7144
vn -0.5538 0.4681 0.6887
vn -0.9324 0.3530 0.0776
vn -0.9320 0.2877 0.2205
vn -0.8836 0.4598 0.0885
vn -0.6968 0.0003 -0.7172
vn 0.3402 -0.5325 -0.7750
vn 0.5316 -0.4255 -0.7323
vn 0.4707 -0.4917 -0.7326
vn 0.9380 -0.3365 -0.0830
vn -0.6432 -0.2044 -0.7379
vn -0.7001 -0.0875 -0.7087
vn 0.3877 -0.5346 -0.7509
vn 0.8845 -0.4580 -0.0894
vn -0.8457 0.5246 0.0977
vn 0.0563 0.3850 0.9212
vn 0.8127 -0.1194 0.5703
vn 0.9407 -0.2691 -0.2064
vn 0.8300 0.0561 0.5549
vn 0.7098 0.0658 0.7013
vn -0.2178 0.4841 0.8475
vn -0.0911 0.3813 0.9199
vn -0.2434 0.3782 0.8932
vn 0.9278 -0.0078 0.3731
vn 0.9371 -0.2581 -0.2351
vn 0.6498 -0.3829 -0.6566
vn -0.2469 -0.3743 -0.8938
vn -0.9837 0.1560 0.0895
vn 0.1912 0.8706 -0.4534
vn 0.2586 0.8138 0.5205
vn 0.3391 0.8396 -0.4243
vn 0.0203 -0.7437 -0.6682
vn -0.1105 -0.7389 -0.6647
vn -0.0041 -0.9450 0.3269
vn 0.0627 0.1936 -0.9791
vn 0.0207 0.3234 -0.9460
vn 0.1833 0.2879 -0.9399
vn 0.4576 0.7897 -0.4087
vn 0.2817 0.6565 0.6998
vn -0.2101 -0.3886 0.8971
vn -0.2272 -0.8272 -0.5140
vn -0.1971 -0.8850 0.4217
vn -0.3618 -0.8607 0.3581
vn -0.2105 -0.6449 -0.7347
vn 0.3518 0.3511 -0.8678
vn 0.6357 0.6579 -0.4037
vn 0.3536 0.5726 0.7397
vn -0.3277 -0.3555 0.8753
vn 0.3286 0.0856 -0.9406
vn -0.5153 -0.7920 0.3274
vn -0.3386 -0.6630 -0.6676
vn 0.5487 0.1294 -0.8260
vn 0.8059 0.5317 -0.2604
vn 0.8812 0.4196 -0.2178
vn 0.2170 0.4214 0.8805
vn -0.4701 -0.2862 0.8349
vn -0.7083 -0.6494 0.2766
vn -0.4449 -0.5700 -0.6908
vn 0.5466 0.0268 -0.8370
vn 0.9064 0.3524 -0.2330
vn -0.6768 -0.2366 0.6971
vn -0.8486 -0.5103 0.1398
vn -0.4929 -0.5074 -0.7068
vn 0.5466 -0.0366 -0.8366
vn -0.5523 -0.5020 -0.6656
vn -0.8907 -0.4101 0.1960
vn -0.6695 -0.0959 0.7366
vn 0.1740 0.4131 0.8939
vn 0.4608 0.4835 0.7443
vn -0.6360 -0.4285 -0.6418
vn 0.5024 -0.1508 -0.8514
vn -0.9217 -0.3435 0.1803
vn -0.6472 -0.0209 0.7620
vn -0.5026 0.1289 0.8549
vn -0.9521 -0.1912 0.2385
vn 0.7797 0.4069 0.4759
vn 0.5231 0.3703 0.7676
vn -0.6646 0.1380 0.7343
vn -0.9793 -0.1172 0.1653
vn -0.7096 -0.3337 -0.6206
vn 0.4682 -0.1851 -0.8640
vn 0.9379 0.2291 -0.2606
vn 0.9735 0.1393 -0.1816
vn 0.9841 0.1107 -0.1385
vn 0.0448 0.3567 0.9332
vn -0.7869 0.0727 0.6127
vn -0.9870 -0.0853 0.1365
vn -0.8405 -0.2736 -0.4677
vn 0.1321 -0.2476 -0.9598
vn 0.8313 0.3603 -0.4233
vn 0.3010 0.0685 -0.9512
vn 0.8350 0.4348 0.3372
vn 0.0799 0.1203 0.9895
vn 0.7256 0.5131 0.4586
vn 0.7030 0.5158 -0.4896
vn 0.0911 0.0978 -0.9910
vn -0.5917 -0.4066 -0.6961
vn -0.5031 -0.5043 -0.7019
vn -0.3863 -0.0734 -0.9194
vn 0.5487 0.6010 -0.5812
vn 0.4631 0.5078 -0.7264
vn 0.7097 0.5652 0.4205
vn 0.6503 0.5051 0.5674
vn -0.0829 -0.0221 0.9963
vn -0.7981 -0.3977 0.4527
vn -0.0845 -0.1406 0.9865
vn -0.2438 -0.2000 0.9490
vn -0.7557 -0.6129 0.2306
vn -0.8049 -0.5800 0.1256
vn -0.6946 -0.7035 0.1507
vn -0.4496 -0.4408 -0.7769
vn 0.1899 0.1307 -0.9731
vn 0.0537 0.6711 0.7395
vn 0.1934 0.8256 0.5300
vn -0.9738 -0.1268 0.1889
vn 0.3856 0.0606 -0.9207
vn 0.0062 -0.1503 -0.9886
vn 0.1908 0.6648 0.7222
vn 0.1886 0.0388 0.9813
vn -0.2195 0.0575 -0.9739
vn -0.1199 -0.2194 -0.9682
vn 0.8110 -0.2051 -0.5479
vn 0.7597 -0.0020 0.6502
vn -0.3047 0.6227 0.7207
vn -0.3365 0.5037 0.7957
vn 0.6929 -0.1006 0.7140
vn -0.3542 0.4104 0.8403
vn 0.7720 -0.5579 -0.3046
vn -0.3960 -0.3047 -0.8662
vn -0.7874 0.5258 -0.3218
vn -0.1201 0.8202 -0.5593
vn 0.0656 0.9627 0.2626
vn 0.6974 -0.5829 -0.4168
vn -0.1874 -0.2097 -0.9596
vn 0.6697 -0.2115 0.7118
vn 0.6677 -0.5326 -0.5200
vn -0.4732 -0.0477 -0.8797
vn -0.8597 0.4297 -0.2760
vn -0.8984 0.4363 -0.0491
vn -0.4076 0.6436 0.6478
vn -0.9164 0.4000 -0.0165
vn -0.9708 -0.1809 0.1575
vn -0.3670 -0.2220 -0.9033
vn 0.2014 -0.4668 -0.8611
vn -0.3960 -0.3503 -0.8488
vn -0.3248 -0.0380 -0.9450
vn -0.6998 -0.7013 0.1355
vn -0.8992 -0.4341 0.0549
vn -0.1610 0.1828 0.9699
vn 0.7701 -0.1939 0.6077
vn 0.3392 -0.7467 -0.5722
vn -0.9294 -0.3685 0.0196
vn -0.2660 -0.2207 0.9384
vn -0.0221 -0.1613 0.9867
vn -0.3201 -0.0276 -0.9470
vn 0.6021 0.0322 -0.7978
vn 0.5552 -0.4517 0.6984
vn 0.2610 -0.7082 0.6560
vn -0.1361 -0.9707 -0.1980
vn 0.1586 -0.1771 0.9713
vn 0.8988 0.2497 0.3602
vn 0.6091 0.3746 -0.6990
vn -0.3066 0.0404 -0.9510
vn 0.7050 0.3881 -0.5936
vn 0.9039 0.3768 0.2025
vn 0.0692 -0.1092 0.9916
vn 0.7750 0.2282 0.5893
vn 0.7924 0.5575 0.2478
vn 0.4187 0.5249 0.7411
vn 0.1071 0.8977 0.4274
vn -0.1824 0.5861 0.7895
vn -0.6946 0.7106 0.1125
vn -0.0843 0.6108 0.7873
vn -0.6147 -0.0281 -0.7883
vn -0.9160 0.3961 0.0642
vn -0.0344 0.8757 -0.4817
vn 0.4420 0.5466 -0.7112
vn 0.0265 -0.0052 -0.9996
vn -0.9656 -0.1889 0.1788
vn 0.1580 -0.2565 -0.9536
vn -0.2294 0.1667 -0.9590
vn 0.6282 -0.4127 -0.6595
vn -0.6367 -0.2596 -0.7261
vn -0.9248 0.3774 0.0482
vn 0.3906 -0.6188 -0.6816
vn -0.5088 -0.2879 -0.8114
vn -0.8760 -0.4690 0.1128
vn -0.4402 -0.4143 -0.7966
vn 0.3035 -0.6153 -0.7275
vn -0.3016 -0.3585 -0.8835
vn -0.0352 -0.0754 -0.9965
vn -0.7055 -0.6912 -0.1565
vn -0.6379 -0.0485 -0.7686
vn -0.8929 -0.3093 0.3273
vn -0.8971 -0.3417 0.2802
vn -0.0866 -0.1620 0.9830
vn 0.2962 -0.6998 0.6501
vn 0.6144 -0.3836 0.6895
vn -0.1136 -0.9317 -0.3449
vn 0.3508 -0.7075 -0.6135
vn 0.7523 -0.5492 -0.3639
vn 0.9454 -0.1537 0.2873
vn 0.7217 0.1088 0.6836
vn 0.6683 0.0814 0.7394
vn 0.8512 -0.1226 0.5104
vn -0.2946 0.3433 0.8918
vn -0.3383 0.5633 0.7538
vn 0.7531 -0.0172 -0.6577
vn 0.4150 0.2738 -0.8677
vn -0.2099 0.1745 -0.9620
vn -0.4368 -0.1750 -0.8824
vn -0.6719 0.4005 -0.6230
vn -0.9897 -0.1413 -0.0247
vn -0.4477 0.0456 -0.8930
vn 0.5571 0.3306 -0.7618
vn 0.9633 0.2411 0.1176
vn 0.8523 0.1983 0.4841
vn 0.0297 -0.1033 0.9942
vn 0.3576 -0.1482 0.9220
vn 0.9525 0.2846 0.1083
vn 0.5504 0.6705 -0.4974
vn 0.0518 0.9808 -0.1880
vn -0.5872 0.7130 0.3832
vn 0.8128 0.3757 0.4452
vn -0.1445 -0.2380 0.9605
vn 0.4065 0.3451 0.8460
vn 0.5238 0.6656 0.5316
vn 0.2976 0.5148 0.8040
vn 0.9980 0.0571 -0.0263
vn 0.4380 0.5138 0.7377
vn 0.9347 -0.2353 -0.2663
vn 0.0096 -0.5205 -0.8538
vn -0.1109 -0.5825 -0.8052
vn 0.9950 -0.0965 -0.0249
vn 0.2971 0.4807 0.8250
vn 0.0902 -0.5669 -0.8188
vn -0.9453 -0.1330 -0.2980
vn -0.9506 -0.1409 -0.2767
vn -0.9590 0.0031 -0.2834
vn -0.7025 0.4497 0.5516
vn -0.7388 0.3534 0.5738
vn -0.8527 0.4797 -0.2069
vn -0.9338 -0.0677 -0.3512
vn 0.2161 -0.5178 -0.8278
vn 0.0470 0.4506 0.8915
vn -0.7411 0.3888 0.5474
vn -0.8814 -0.0532 -0.4694
vn 0.9596 -0.0196 0.2808
vn 0.1017 -0.3487 0.9317
vn -0.9019 -0.0910 -0.4223
vn -0.9030 -0.3782 -0.2040
vn 0.0586 -0.7257 -0.6856
vn -0.2188 -0.9680 0.1227
vn 0.8828 -0.3407 -0.3233
vn 0.7374 -0.3021 -0.6041
vn 0.5485 0.1484 -0.8229
vn 0.8701 -0.4854 0.0854
vn 0.9715 -0.1275 0.1998
vn 0.9691 0.0349 0.2442
vn 0.4355 0.3304 -0.8373
vn 0.9871 -0.0438 0.1539
vn -0.1104 -0.6888 0.7165
vn -0.0389 -0.3160 0.9480
vn -0.0041 -0.2119 0.9773
vn 0.0168 -0.3722 0.9280
vn 0.9856 0.0686 0.1546
vn 0.2764 -0.2341 0.9321
vn -0.9618 -0.1633 0.2196
vn -0.9815 -0.1805 0.0633
vn -0.8527 0.4796 -0.2069
vn -0.6331 0.2025 -0.7471
vn 0.4014 0.2422 -0.8833
vn -0.6414 0.1856 -0.7445
vn -0.9588 -0.0401 0.2811
vn 0.4083 0.3727 -0.8333
vn -0.7013 0.2478 -0.6684
vn -0.9126 -0.0904 0.3987
vn -0.6928 0.1263 -0.7100
vn -0.7034 0.5140 -0.4910
vn 0.1240 0.6362 -0.7615
vn -0.7051 0.2479 -0.6644
vn -0.9257 0.0392 0.3763
vn 0.4398 0.7181 0.5394
vn 0.6998 0.2388 -0.6732
vn 0.3087 0.5694 0.7619
vn 0.9184 0.2461 0.3098
vn -0.2896 0.6093 0.7381
vn 0.6159 0.4331 0.6581
vn -0.4705 0.4453 0.7618
vn -0.2566 0.7696 0.5847
vn 0.9394 0.3171 -0.1304
vn 0.8067 0.4241 0.4115
vn -0.0559 0.9754 0.2134
vn -0.9300 0.3664 0.0296
vn -0.9993 0.0364 -0.0002
vn -0.4118 -0.1652 -0.8962
vn -0.5554 -0.4776 -0.6808
vn 0.6057 -0.4394 -0.6634
vn -0.9937 -0.1096 0.0233
vn -0.2584 -0.6061 -0.7522
vn 0.9439 -0.1817 -0.2757
vn 0.3878 -0.8927 -0.2295
vn 0.5110 -0.2977 0.8064
vn -0.6604 -0.1114 0.7426
vn -0.6412 -0.7418 0.1967
vn -0.3530 -0.8899 -0.2890
vn 0.8157 -0.2515 0.5210
vn 0.8493 -0.5096 -0.1376
vn 0.8134 -0.5747 -0.0897
vn 0.4094 -0.4826 -0.7743
vn 0.3725 -0.4723 -0.7988
vn 0.8957 -0.4400 -0.0639
vn 0.7558 -0.1176 0.6441
vn 0.1603 -0.4034 -0.9009
vn -0.7064 0.1688 -0.6874
vn -0.6560 0.2905 -0.6966
vn -0.6479 0.0306 -0.7611
vn -0.6630 -0.0557 -0.7466
vn 0.4813 -0.4242 -0.7671
vn 0.9533 -0.2981 -0.0485
vn 0.6472 0.0496 0.7607
vn -0.3023 0.4426 0.8442
vn -0.5098 0.4247 0.7481
vn -0.4612 0.3774 0.8031
vn 0.8041 0.0579 0.5916
vn 0.9665 -0.2138 -0.1422
vn 0.5437 -0.3514 -0.7621
vn -0.6328 -0.1316 -0.7630
vn 0.9125 -0.0088 0.4091
vn 0.9602 -0.2161 -0.1768
vn 0.0672 0.3528 0.9333
vn -0.9730 0.1988 0.1174
vn -0.9660 0.2399 0.0965
vn -0.9389 0.3313 0.0936
vn -0.9012 0.4320 0.0344
vn -0.2760 -0.2627 -0.9246
vn 0.6762 -0.3198 -0.6637
vn -0.8543 0.5092 0.1046
vn 0.1028 0.2785 0.9549
vn -0.2474 0.4214 0.8725
vn 0.6926 -0.2633 0.6716
vn 0.5233 -0.3716 0.7668
vn 0.6761 -0.7301 0.0992
vn 0.4897 -0.8486 0.2002
vn 0.2470 -0.6386 -0.7288
vn 0.1988 -0.6763 -0.7093
vn -0.1817 0.3410 -0.9223
vn -0.3001 0.3181 -0.8993
vn -0.3397 0.8848 -0.3189
vn 0.2855 -0.5541 -0.7820
vn -0.1459 0.6872 0.7117
vn -0.1958 0.6468 0.7371
vn 0.1026 -0.4321 0.8960
vn -0.4871 0.8378 -0.2466
vn -0.4480 0.2789 -0.8494
vn 0.1912 -0.9342 0.3012
vn 0.3457 -0.9008 0.2627
vn 0.1374 -0.7145 -0.6860
vn 0.2210 -0.4248 0.8779
vn -0.2178 0.5755 0.7883
vn -0.6627 0.7364 -0.1360
vn 0.3537 -0.4232 0.8341
vn -0.2544 0.4917 0.8328
vn -0.8131 0.5810 -0.0361
vn -0.0866 -0.3006 0.9498
vn 0.1229 0.8739 0.4703
vn 0.0029 0.9116 -0.4112
vn -0.0750 0.3436 -0.9361
vn -0.1829 0.9077 -0.3775
vn -0.0339 0.7278 0.6850
vn -0.0090 -0.4233 0.9059
vn 0.3052 -0.0418 -0.9514
vn 0.1549 -0.6017 -0.7835
vn 0.0763 -0.0559 -0.9955
vn 0.5406 -0.5869 -0.6028
vn 0.7271 -0.0928 -0.6802
vn 0.9922 -0.1249 0.0003
vn 0.7102 0.4118 -0.5710
vn -0.1081 -0.7105 -0.6954
vn 0.0424 -0.0038 -0.9991
vn -0.0490 -0.7358 -0.6754
vn 0.1155 -0.9933 -0.0077
vn 0.6742 -0.7386 0.0000
vn 0.5469 -0.5867 0.5972
vn 0.7243 -0.0928 0.6832
vn 0.3078 -0.0380 0.9507
vn -0.1092 -0.9899 -0.0904
vn 0.0435 -0.6345 -0.7717
vn -0.1942 -0.9793 -0.0580
vn -0.1352 -0.9901 0.0381
vn -0.0808 -0.6023 -0.7942
vn -0.1697 -0.9824 0.0777
vn -0.0663 -0.7794 0.6229
vn 0.1639 -0.6036 0.7803
vn 0.0775 -0.0510 0.9957
vn -0.1076 -0.6646 0.7394
vn -0.1120 -0.6655 0.7379
vn 0.0367 0.0025 0.9993
vn 0.0719 -0.0089 0.9974
vn 0.3691 0.5312 0.7626
vn 0.2046 0.7216 0.6614
vn 0.1565 0.6092 0.7774
vn 0.2011 0.6850 0.7003
vn 0.2170 0.9750 0.0485
vn 0.2470 0.9677 -0.0497
vn 0.3377 0.6487 -0.6821
vn 0.1895 0.6053 -0.7731
vn 0.3183 0.9472 -0.0378
vn 0.3078 0.7171 0.6253
vn 0.1433 0.0028 0.9897
vn -0.0607 -0.6817 0.7291
vn 0.4430 -0.0413 -0.8956
vn 0.2170 0.0504 -0.9749
vn 0.6359 0.6389 -0.4330
vn 0.4427 0.8908 0.1020
vn 0.3544 0.6678 0.6545
vn 0.3460 0.0319 0.9377
vn 0.0497 -0.6328 0.7727
vn -0.0129 -0.9897 0.1427
vn 0.3968 -0.8135 -0.4251
vn 0.0602 0.0041 -0.9982
vn 0.3660 0.5332 -0.7627
vn 0.2044 0.7200 -0.6632
vn 0.1639 0.6824 -0.7124
vn 0.7043 0.4151 0.5759
vn 0.4361 0.8999 0.0019
vn 0.2457 0.9693 -0.0019
vn 0.8548 0.5189 0.0031
vn 0.4101 -0.0357 0.9113
vn 0.7297 0.3335 0.5970
vn 0.5034 0.6022 0.6196
vn 0.7180 -0.0830 0.6911
vn 0.8327 0.5473 0.0841
vn 0.4945 0.8657 -0.0776
vn 0.9832 -0.1300 0.1281
vn 0.6089 -0.4509 0.6527
vn 0.3236 -0.6593 0.6786
vn 0.0982 -0.6736 0.7325
vn 0.1168 -0.9877 0.1044
vn -0.0972 -0.9949 -0.0252
vn 0.7761 0.4082 -0.4806
vn 0.6933 -0.0526 -0.7188
vn 0.3976 0.5265 -0.7515
vn 0.1676 -0.0842 -0.9823
vn 0.5381 -0.6454 -0.5422
vn 0.1587 0.5629 -0.8112
vn 0.3075 0.9449 -0.1120
vn 0.3471 0.7174 0.6041
vn 0.2625 0.0848 0.9612
vn 0.0651 -0.5976 0.7992
vn -0.1302 -0.9838 0.1232
vn 0.2501 0.1631 0.9544
vn 0.3029 0.8260 0.4753
vn 0.2200 0.9554 -0.1970
vn 0.0486 0.5702 -0.8201
vn -0.0430 -0.1120 -0.9928
vn -0.1495 -0.9785 0.1421
vn 0.0421 -0.5800 0.8135
vn 0.2452 0.1119 0.9630
vn 0.3242 0.7443 0.5840
vn -0.2284 -0.7555 -0.6140
vn -0.2121 -0.7431 -0.6347
vn -0.2188 -0.8177 -0.5325
vn -0.1411 -0.9753 0.1698
vn 0.0802 -0.5723 0.8161
vn 0.3015 0.0349 0.9528
vn 0.3917 0.6720 0.6285
vn 0.4074 0.9129 -0.0229
vn 0.2348 0.9643 -0.1227
vn 0.1161 0.7054 -0.6992
vn 0.6405 0.5795 0.5039
vn 0.5236 0.0172 0.8518
vn 0.2140 -0.5113 0.8323
vn -0.0294 -0.9519 0.3051
vn -0.1912 -0.8022 -0.5657
vn 0.0210 0.5047 -0.8631
vn -0.1639 -0.0669 -0.9842
vn -0.1454 -0.1460 -0.9785
vn -0.0167 0.4832 -0.8754
vn -0.1310 -0.1351 -0.9821
vn -0.1663 -0.2527 -0.9531
vn -0.1638 -0.6724 -0.7218
vn 0.0061 -0.7380 -0.6748
vn 0.1972 0.9614 -0.1918
vn 0.1297 0.5829 -0.8021
vn 0.1451 0.5162 -0.8441
vn 0.2388 0.8706 -0.4301
vn 0.0319 0.0044 -0.9995
vn -0.0760 0.1218 -0.9896
vn 0.0443 -0.0462 -0.9980
vn 0.2095 0.9030 -0.3751
vn 0.2725 0.9621 0.0047
vn 0.0752 0.6824 -0.7271
vn -0.0856 0.2650 -0.9604
vn 0.1238 0.7759 -0.6185
vn -0.0742 0.3506 -0.9336
vn 0.2001 0.9308 -0.3059
vn 0.2328 0.9725 0.0100
vn 0.2397 0.8587 0.4530
vn 0.2329 0.9424 -0.2401
vn 0.1573 0.8262 -0.5410
vn 0.2603 0.9653 0.0201
vn 0.1819 0.8662 0.4654
vn 0.1531 0.5312 0.8333
vn 0.1876 0.5672 0.8019
vn 0.0602 0.0419 0.9973
vn 0.1629 0.4842 0.8596
vn -0.0539 0.4569 -0.8879
vn 0.3270 0.8737 -0.3602
vn 0.0558 0.6133 -0.7879
vn 0.2838 0.9395 -0.1921
vn 0.2701 0.9622 -0.0355
vn 0.2840 0.9438 0.1692
vn 0.2437 0.8776 0.4127
vn 0.1754 0.8865 0.4282
vn -0.1834 0.5848 0.7902
vn 0.3077 0.9510 0.0295
vn 0.2699 0.9488 0.1641
vn 0.1724 0.9271 0.3327
vn -0.1340 0.7880 0.6009
vn 0.2348 0.8985 0.3709
vn -0.3574 0.6626 0.6582
vn 0.2487 0.8821 0.4001
vn 0.3229 0.8999 0.2932
vn 0.4743 0.8735 0.1095
vn 0.4483 0.8938 -0.0114
vn 0.4899 0.8584 -0.1522
vn 0.4388 0.8701 0.2245
vn 0.4368 0.8672 0.2391
vn 0.4362 0.7899 0.4310
vn 0.5917 0.8061 -0.0093
vn 0.7922 0.4981 0.3526
vn 0.6976 0.6594 -0.2804
vn -0.1865 -0.9774 0.0995
vn -0.0882 -0.9809 0.1732
vn -0.6057 -0.6031 0.5190
vn 0.3130 -0.9492 0.0313
vn 0.5041 -0.8615 0.0612
vn 0.4099 -0.8424 0.3496
vn 0.9264 -0.3364 0.1695
vn 0.5166 -0.2211 0.8272
vn 0.4723 0.6018 0.6440
vn 0.2300 -0.9632 -0.1394
vn 0.2992 -0.9418 -0.1534
vn 0.3046 -0.9406 -0.1500
vn 0.1651 -0.9766 -0.1376
vn -0.0476 -0.9881 -0.1465
vn 0.4354 -0.7056 -0.5591
vn 0.0178 -0.9971 -0.0745
vn -0.1836 -0.6933 -0.6968
vn -0.1024 -0.9528 -0.2860
vn -0.2159 -0.5708 -0.7922
vn 0.0932 -0.9936 -0.0632
vn -0.0268 -0.9975 -0.0660
vn 0.1108 -0.9931 -0.0376
vn 0.1857 -0.9812 0.0532
vn 0.4498 -0.7995 0.3980
vn 0.9957 -0.0422 0.0830
vn 0.5454 0.8160 0.1916
vn 0.4889 0.8722 0.0148
vn 0.6234 0.6256 0.4691
vn 0.6339 0.7568 0.1596
vn 0.8336 0.5465 0.0797
vn 0.6262 0.0490 -0.7781
vn 0.5495 0.8235 -0.1413
vn 0.6355 0.7593 -0.1400
vn 0.9197 0.3827 -0.0873
vn 0.7318 0.6548 0.1891
vn 0.9998 0.0034 0.0218
vn 0.5742 -0.6751 0.4632
vn -0.2146 -0.1073 -0.9708
vn -0.2156 -0.1769 -0.9603
vn -0.1844 -0.1263 -0.9747
vn -0.0682 -0.9894 -0.1282
vn -0.1750 -0.8931 -0.4145
vn -0.2818 -0.5153 -0.8093
vn -0.1835 -0.4247 -0.8865
vn -0.1592 -0.9043 -0.3961
vn -0.0462 -0.5589 -0.8279
vn -0.1096 -0.9939 -0.0120
vn -0.0604 -0.9973 -0.0411
vn -0.0858 -0.9962 -0.0147
vn -0.1123 -0.9936 0.0141
vn -0.1061 -0.9067 -0.4083
vn -0.0996 -0.9950 0.0025
vn -0.0783 -0.9263 -0.3686
vn -0.0777 -0.9970 0.0010
vn -0.0489 -0.6643 -0.7458
vn -0.0782 -0.8867 -0.4558
vn -0.0849 -0.9055 -0.4159
vn -0.0556 -0.5477 -0.8348
vn -0.0637 -0.5245 -0.8490
vn -0.0717 -0.8795 -0.4706
vn 0.0296 -0.0519 -0.9982
vn 0.1495 0.4742 -0.8676
vn 0.2486 0.8548 -0.4555
vn 0.2852 0.9585 0.0021
vn 0.0339 -0.0027 -0.9994
vn 0.1300 0.4630 -0.8768
vn 0.2175 0.8160 -0.5355
vn 0.2636 0.9640 -0.0349
vn 0.2480 0.8517 0.4616
vn 0.2605 0.8514 0.4553
vn 0.2285 0.8517 0.4717
vn 0.2549 0.9670 -0.0007
vn 0.2229 0.8520 -0.4738
vn 0.1440 0.5124 -0.8466
vn 0.0492 -0.0033 -0.9988
vn -0.0352 -0.5143 -0.8569
vn 0.2599 0.9656 0.0012
vn 0.2382 0.8830 0.4044
vn 0.2407 0.8816 -0.4060
vn 0.1718 0.5731 -0.8013
vn 0.0788 0.0899 -0.9928
vn -0.0021 -0.4308 -0.9025
vn -0.0478 -0.8268 -0.5604
vn -0.0633 -0.9980 0.0024
vn 0.0434 -0.0591 0.9973
vn 0.0630 0.0005 0.9980
vn -0.0204 -0.5191 0.8544
vn -0.0025 -0.4289 0.9034
vn -0.0479 -0.8248 0.5634
vn -0.0605 -0.8797 0.4717
vn -0.0756 -0.9971 0.0005
vn 0.0773 0.0931 0.9927
vn 0.1579 0.5108 0.8451
vn 0.1695 0.5753 0.8001
vn 0.2465 0.0830 -0.9656
vn 0.0942 -0.5282 -0.8439
vn 0.3687 0.0364 -0.9289
vn 0.0217 -0.6039 -0.7968
vn 0.2383 0.0682 -0.9688
vn 0.0544 -0.6225 -0.7807
vn 0.2226 0.0526 -0.9735
vn 0.0627 -0.6779 -0.7325
vn 0.3319 -0.0515 -0.9419
vn 0.2730 -0.6606 -0.6993
vn 0.5763 -0.4551 -0.6788
vn 0.6907 -0.0880 -0.7178
vn -0.1602 -0.9793 -0.1238
vn -0.1504 -0.9816 -0.1175
vn -0.1117 -0.9935 0.0220
vn 0.1145 -0.9849 -0.1303
vn 0.6201 -0.7440 -0.2490
vn 0.9827 -0.1056 -0.1519
vn 0.5979 -0.6306 0.4948
vn -0.2300 -0.7060 0.6698
vn -0.2067 -0.7298 0.6517
vn -0.0422 -0.7721 0.6341
vn -0.0695 -0.9759 -0.2068
vn -0.1076 -0.1123 0.9878
vn 0.0276 -0.2142 0.9764
vn 0.1756 0.3741 0.9106
vn 0.0272 -0.7484 0.6627
vn -0.1873 -0.6402 0.7450
vn -0.1682 -0.0900 0.9816
vn 0.0413 0.5666 0.8230
vn 0.3363 0.9157 0.2199
vn 0.4985 0.6743 -0.5448
vn 0.3245 0.7276 -0.6044
vn 0.2279 0.9673 0.1114
vn -0.0039 0.5921 0.8058
vn -0.1136 -0.0940 0.9891
vn 0.2037 -0.0866 0.9752
vn 0.2867 0.7325 -0.6174
vn 0.1980 0.9754 0.0967
vn 0.2483 0.9651 0.0828
vn 0.0884 0.5967 0.7976
vn 0.4442 0.5626 0.6973
vn 0.7835 -0.0312 0.6206
vn 0.8262 0.4094 0.3870
vn 0.4727 0.8803 0.0395
vn 0.8321 0.5412 -0.1214
vn 0.4486 0.6054 -0.6574
vn 0.2954 0.7146 -0.6341
vn 0.7034 0.3364 -0.6261
vn 0.9757 -0.2138 0.0476
vn 0.9448 -0.1623 -0.2847
vn 0.9953 0.0364 0.0901
vn 0.8545 -0.2213 0.4700
vn 0.8689 0.2452 0.4299
vn 0.9570 0.2766 -0.0875
vn 0.8694 -0.1691 -0.4644
vn 0.5511 0.2680 0.7902
vn 0.2144 -0.1956 0.9570
vn 0.6555 0.6699 0.3487
vn 0.8840 0.4288 -0.1862
vn 0.9110 -0.0792 -0.4046
vn 0.6626 -0.6295 -0.4058
vn 0.9565 -0.1878 -0.2233
vn 0.6050 -0.7728 -0.1918
vn -0.0294 -0.9984 0.0475
vn -0.0987 -0.9947 -0.0301
vn -0.5341 -0.7327 0.4218
vn 0.3816 -0.8431 -0.3788
vn 0.6443 -0.7094 -0.2857
vn 0.8651 -0.5014 0.0115
vn -0.6461 -0.6109 0.4575
vn -0.6817 -0.0974 0.7251
vn -0.2947 -0.9550 0.0333
vn -0.0221 -0.9978 0.0622
vn 0.5270 -0.7647 0.3709
vn -0.7127 0.0523 0.6995
vn -0.3768 0.6757 0.6336
vn -0.7353 -0.4811 0.4773
vn -0.4860 -0.7252 0.4878
vn -0.1559 -0.6990 0.6979
vn 0.4757 0.8409 0.2581
vn 0.0153 0.5782 0.8157
vn -0.5942 -0.0609 0.8020
vn -0.7050 0.1167 0.6995
vn -0.3405 0.7170 0.6083
vn 0.2738 0.9370 0.2169
vn 0.3529 0.9128 0.2058
vn 0.8872 0.4592 -0.0457
vn 0.8661 0.4624 -0.1899
vn -0.2698 0.6935 0.6680
vn -0.6585 0.1086 0.7447
vn -0.5333 -0.0372 0.8451
vn -0.6771 0.0519 0.7340
vn -0.6033 -0.5404 0.5865
vn -0.5911 -0.6858 0.4246
vn -0.3566 -0.9185 0.1711
vn -0.2544 -0.9659 0.0487
vn -0.1307 -0.9902 0.0488
vn -0.2528 -0.9075 0.3353
vn -0.3062 -0.5878 0.7488
vn -0.1860 0.0230 0.9823
vn 0.0407 0.5653 0.8238
vn -0.1190 -0.9102 0.3968
vn -0.0847 -0.5999 0.7956
vn -0.0037 0.0100 0.9999
vn -0.0904 -0.9106 0.4032
vn -0.0787 -0.8866 0.4558
vn -0.0642 -0.5813 0.8112
vn -0.0782 -0.9969 0.0002
vn -0.0756 -0.9068 0.4148
vn -0.0587 -0.5606 0.8260
vn 0.0338 0.0040 0.9994
vn 0.0948 0.4980 0.8620
vn -0.0465 -0.5394 0.8408
vn 0.9970 -0.0770 0.0101
vn 0.6485 0.6540 0.3895
vn 0.6667 0.4574 0.5884
vn 0.1594 0.9050 0.3945
vn 0.6971 0.6931 0.1836
vn 0.1499 0.7128 0.6852
vn 0.5266 0.3470 0.7760
vn 0.9959 -0.0581 0.0699
vn 0.8753 -0.2946 -0.3836
vn 0.8550 -0.4100 -0.3174
vn 0.9947 -0.0975 -0.0328
vn 0.1101 0.4610 0.8805
vn 0.0137 0.5480 0.8364
vn 0.9788 -0.1086 0.1734
vn 0.8880 -0.2260 -0.4004
vn 0.9851 -0.1719 0.0023
vn 0.8320 -0.5145 -0.2074
vn 0.9789 -0.2026 -0.0262
vn 0.9924 -0.1228 0.0019
vn 0.8111 -0.5762 -0.1006
vn 0.8091 -0.5876 -0.0000
vn 0.9953 -0.0963 0.0055
vn 0.8520 -0.4162 0.3175
vn 0.8740 -0.2881 0.3913
vn 0.9718 -0.2218 0.0797
vn 0.7167 0.5981 -0.3586
vn 0.9923 -0.1235 0.0052
vn 0.6426 0.7460 -0.1748
vn 0.8111 -0.5758 0.1030
vn 0.8291 -0.5204 0.2043
vn 0.9604 0.1386 0.2418
vn 0.9687 0.2020 0.1440
vn 0.9483 -0.3151 -0.0379
vn 0.9784 0.2067 0.0011
vn 0.9401 0.0430 0.3381
vn 0.9661 -0.2579 -0.0078
vn 0.8884 -0.3609 -0.2836
vn 0.9150 -0.0738 0.3965
vn 0.9018 -0.1420 0.4081
vn 0.9198 -0.0186 0.3920
vn 0.9457 -0.2258 -0.2339
vn 0.3079 -0.5195 -0.7970
vn 0.3766 -0.7675 -0.5187
vn 0.9087 -0.1892 -0.3722
vn 0.2829 -0.2108 -0.9357
vn 0.2652 -0.3233 -0.9084
vn -0.0486 -0.4530 -0.8902
vn -0.0392 -0.2573 -0.9655
vn -0.0182 -0.1225 -0.9923
vn 0.0311 0.0231 -0.9992
vn 0.4001 -0.0201 -0.9162
vn 0.9745 -0.1084 -0.1965
vn 0.0682 0.2450 -0.9671
vn -0.0446 0.0705 -0.9965
vn 0.4626 0.1374 -0.8759
vn 0.9862 -0.0929 -0.1370
vn 0.8876 -0.2036 0.4133
vn 0.1708 0.9022 -0.3961
vn 0.0746 0.7981 -0.5978
vn 0.0938 0.9116 -0.4002
vn 0.1705 0.7097 -0.6836
vn 0.0347 0.5440 -0.8384
vn 0.1336 0.4554 -0.8802
vn 0.5606 0.3415 -0.7544
vn 0.9972 -0.0626 -0.0397
vn 0.6963 0.4379 -0.5686
vn 0.5117 0.8592 0.0024
vn 0.1699 0.9703 -0.1720
vn 0.1049 0.9666 -0.2340
vn 0.0155 0.9248 -0.3802
vn -0.0259 0.7819 -0.6228
vn 0.0386 0.9819 -0.1855
vn 0.1623 0.9865 0.0220
vn 0.1062 0.9942 -0.0166
vn 0.0183 0.9998 -0.0028
vn -0.0823 0.9778 -0.1925
vn -0.1173 0.9184 -0.3778
vn -0.1448 0.7948 -0.5894
vn -0.0818 0.9966 -0.0044
vn -0.2855 0.5541 -0.7819
vn -0.2281 0.3622 -0.9038
vn -0.3175 0.3498 -0.8814
vn -0.1818 0.5753 -0.7975
vn -0.2635 0.7810 -0.5662
vn -0.2215 0.9081 -0.3553
vn -0.2005 0.9549 -0.2192
vn -0.2035 0.9791 -0.0062
vn -0.2981 0.8906 -0.3434
vn -0.2695 0.9433 -0.1937
vn -0.3734 0.9079 -0.1904
vn -0.2968 0.9549 -0.0075
vn -0.2729 0.9453 0.1784
vn -0.2108 0.9552 0.2076
vn -0.0876 0.9790 0.1843
vn -0.2339 0.9103 0.3415
vn -0.1294 0.9207 0.3682
vn -0.3061 0.8938 0.3277
vn -0.3759 0.9107 0.1714
vn -0.4017 0.9157 -0.0130
vn -0.5072 0.8487 -0.1497
vn -0.5303 0.7989 -0.2837
vn -0.6925 0.7101 -0.1274
vn -0.5573 0.8302 -0.0157
vn -0.5108 0.8514 0.1193
vn -0.9162 0.3836 -0.1156
vn -0.7620 0.6107 -0.2155
vn -0.7800 0.5520 -0.2948
vn -0.8954 0.4393 -0.0727
vn -0.7728 0.6344 -0.0191
vn -0.6965 0.7115 0.0928
vn -0.5484 0.8009 0.2406
vn -0.4070 0.8493 0.3362
vn -0.5669 0.7382 0.3656
vn -0.4358 0.7410 0.5109
vn -0.7678 0.6153 0.1783
vn -0.8962 0.4427 0.0300
vn -0.9157 0.4013 -0.0205
vn -0.9997 -0.0078 -0.0222
vn -0.9173 0.3922 0.0685
vn -0.7867 0.5623 0.2548
vn -0.9391 0.2972 -0.1726
vn -0.9646 0.0609 -0.2566
vn -0.9532 -0.1073 -0.2825
vn -0.9557 -0.1333 -0.2625
vn -0.9566 -0.0672 -0.2835
vn -0.9638 -0.0881 -0.2517
vn -0.8849 -0.0493 -0.4632
vn -0.8613 0.1187 -0.4940
vn -0.8347 0.3437 -0.4303
vn -0.5775 0.7148 -0.3944
vn -0.5813 0.5887 -0.5617
vn -0.5863 0.3547 -0.7283
vn -0.6531 0.0758 -0.7534
vn -0.3431 0.7888 -0.5100
vn -0.3902 0.8528 -0.3471
vn -0.4308 0.7431 -0.5121
vn -0.4363 0.5759 -0.6914
vn -0.4306 0.3655 -0.8252
vn -0.3696 0.5836 -0.7230
vn -0.3769 0.3380 -0.8624
vn -0.4829 0.1335 -0.8654
vn -0.4213 0.1537 -0.8938
vn -0.3495 0.1489 -0.9250
vn -0.3933 -0.0345 -0.9188
vn -0.4868 -0.0325 -0.8729
vn -0.5522 -0.0653 -0.8311
vn -0.7002 -0.0941 -0.7077
vn -0.8699 -0.0946 -0.4841
vn -0.9046 -0.1492 -0.3992
vn -0.5591 -0.1805 -0.8092
vn -0.6302 -0.2046 -0.7490
vn -0.7550 -0.2094 -0.6214
vn -0.8055 -0.3317 -0.4911
vn -0.7161 -0.3654 -0.5947
vn -0.6458 -0.3802 -0.6621
vn -0.5296 -0.4133 -0.7408
vn -0.4480 -0.1863 -0.8744
vn -0.8983 -0.2606 -0.3538
vn -0.9574 -0.1493 -0.2471
vn -0.9202 -0.2991 -0.2525
vn -0.8294 -0.4654 -0.3091
vn -0.7568 -0.5369 -0.3729
vn -0.6981 -0.5900 -0.4058
vn -0.6051 -0.6328 -0.4831
vn -0.9628 -0.1821 -0.1999
vn -0.6070 -0.7635 -0.2206
vn -0.4864 -0.7270 -0.4846
vn -0.4935 -0.8448 -0.2068
vn -0.6970 -0.6916 -0.1894
vn -0.7525 -0.6331 -0.1814
vn -0.7031 -0.7111 0.0010
vn -0.6307 -0.7754 -0.0307
vn -0.6659 -0.3743 0.6454
vn -0.5509 -0.4012 0.7318
vn -0.5788 -0.1744 0.7966
vn -0.6346 -0.6381 0.4361
vn -0.7208 -0.5597 0.4089
vn -0.7092 -0.6771 0.1963
vn -0.6148 -0.7690 0.1748
vn -0.5239 -0.8517 0.0068
vn -0.5133 -0.6994 0.4973
vn -0.4986 -0.8339 0.2368
vn -0.7565 -0.6539 -0.0115
vn -0.8024 -0.5752 -0.1591
vn -0.7589 -0.6316 0.1584
vn -0.7711 -0.5340 0.3468
vn -0.7349 -0.3650 0.5716
vn -0.6504 -0.1993 0.7329
vn -0.8259 -0.5637 -0.0153
vn -0.8065 -0.5757 0.1346
vn -0.8381 -0.4663 0.2832
vn -0.8224 -0.3344 0.4602
vn -0.7726 -0.2047 0.6010
vn -0.7198 -0.0876 0.6887
vn -0.8830 -0.0846 0.4616
vn -0.9182 -0.1504 0.3666
vn -0.9093 -0.2649 0.3211
vn -0.9663 -0.1564 0.2045
vn -0.9282 -0.2997 0.2206
vn -0.9707 -0.1792 0.1603
vn -0.8873 -0.4430 0.1281
vn -0.9600 -0.2620 0.0988
vn -0.9736 -0.0886 0.2104
vn -0.9674 -0.0581 0.2467
vn -0.9651 -0.0961 0.2437
vn -0.9682 -0.1087 0.2254
vn -0.9747 0.0558 0.2163
vn -0.9471 0.2927 0.1317
vn -0.8514 0.3422 0.3975
vn -0.8782 0.1239 0.4619
vn -0.9002 -0.0425 0.4335
vn -0.6772 0.0801 0.7314
vn -0.6044 0.3638 0.7088
vn -0.5949 0.5941 0.5414
vn -0.4530 0.5813 0.6759
vn -0.5762 -0.0632 0.8149
vn -0.5059 0.1435 0.8506
vn -0.4532 0.3760 0.8082
vn -0.3897 0.5925 0.7050
vn -0.3563 0.7957 0.4898
vn -0.5057 -0.0273 0.8623
vn -0.4399 0.1623 0.8833
vn -0.4045 0.3383 0.8496
vn -0.3417 0.3568 0.8695
vn -0.3041 0.5648 0.7671
vn -0.2526 0.3703 0.8939
vn -0.3653 -0.7686 0.5251
vn -0.4154 -0.4284 0.8025
vn -0.4733 -0.1773 0.8629
vn -0.4233 -0.0246 0.9056
vn -0.3807 0.1538 0.9118
vn -0.2754 0.1555 0.9487
vn -0.2114 -0.0801 0.9741
vn -0.1658 0.1099 0.9800
vn -0.3230 -0.0489 0.9451
vn -0.3534 -0.1977 0.9143
vn -0.1177 -0.1098 0.9870
vn -0.0639 -0.2492 0.9664
vn -0.0456 -0.1155 0.9923
vn -0.1507 -0.2367 0.9598
vn -0.2427 -0.2085 0.9474
vn -0.2675 -0.4216 0.8664
vn 0.2795 -0.5075 0.8150
vn -0.0724 -0.4411 0.8945
vn -0.1253 -0.7674 0.6288
vn 0.2385 -0.3130 0.9193
vn 0.2582 -0.2046 0.9442
vn 0.0059 0.0300 0.9995
vn -0.0728 0.0768 0.9944
vn 0.9381 -0.2320 0.2573
vn 0.9320 -0.3037 0.1977
vn 0.3611 -0.7629 0.5363
vn 0.9408 0.0215 -0.3383
vn 0.9226 -0.0333 -0.3842
vn 0.3709 -0.0168 0.9285
vn 0.8958 -0.1939 0.3999
vn 0.9192 -0.0835 -0.3848
vn 0.9657 0.1190 -0.2307
vn 0.9336 -0.3354 0.1262
vn 0.9466 -0.3173 0.0570
vn 0.9707 0.1990 -0.1347
vn 0.7680 -0.6404 0.0091
vn 0.1692 -0.9517 -0.2561
vn -0.1271 -0.7934 -0.5953
vn -0.1389 -0.4686 -0.8724
vn -0.2388 -0.7781 -0.5811
vn -0.3673 -0.8853 -0.2852
vn -0.2560 -0.9323 -0.2553
vn -0.3442 -0.7283 -0.5926
vn -0.2474 -0.4318 -0.8674
vn -0.1278 -0.2461 -0.9608
vn -0.0929 -0.1189 -0.9885
vn -0.2197 -0.2168 -0.9512
vn -0.1882 -0.0897 -0.9780
vn -0.1407 0.1016 -0.9848
vn -0.0345 0.3013 -0.9529
vn -0.0708 0.5556 -0.8284
vn -0.1346 0.3261 -0.9357
vn -0.2487 0.1455 -0.9576
vn -0.2925 -0.0605 -0.9543
vn -0.3206 -0.2063 -0.9245
vn -0.3892 -0.4404 -0.8091
vn -0.3667 -0.9301 -0.0229
vn -0.3911 -0.8965 0.2082
vn -0.2708 -0.9309 0.2450
vn -0.2494 -0.9684 -0.0014
vn -0.1935 -0.9508 0.2419
vn -0.2101 -0.9777 0.0018
vn -0.1939 -0.9566 -0.2176
vn 0.0509 -0.9987 0.0051
vn 0.1668 -0.9489 0.2680
vn 0.4319 0.1418 0.8907
vn 0.0433 0.2517 0.9668
vn 0.9672 -0.1169 0.2257
vn 0.9042 -0.1625 -0.3950
vn -0.2100 0.5784 0.7882
vn -0.1625 0.3319 0.9292
vn -0.0934 0.5601 0.8231
vn -0.0597 0.3052 0.9504
vn -0.2299 -0.7777 0.5851
vn -0.1575 -0.4595 0.8741
vn 0.1717 0.9679 0.1837
vn 0.1135 0.9731 0.2006
vn 0.0368 0.9793 0.1992
vn 0.0573 0.8010 0.5959
vn -0.0419 0.7870 0.6156
vn 0.0782 0.9229 0.3771
vn -0.0061 0.9207 0.3902
vn -0.2796 0.7856 0.5519
vn -0.1645 0.7992 0.5782
vn 0.9163 0.4000 -0.0204
vn 0.8980 0.4387 0.0327
vn 0.9998 -0.0070 -0.0208
vn 0.9585 -0.1550 -0.2391
vn 0.9655 -0.0813 -0.2472
vn 0.9135 0.3933 -0.1045
vn 0.9411 0.2922 -0.1704
vn 0.8957 0.4396 -0.0663
vn 0.7773 0.6290 -0.0163
vn 0.7038 0.7039 0.0957
vn 0.7929 0.5896 0.1541
vn 0.5844 0.7737 0.2445
vn 0.7737 0.5802 0.2545
vn 0.5516 0.7384 0.3881
vn 0.5059 0.8510 0.1408
vn 0.4158 0.8510 0.3208
vn 0.4368 0.7405 0.5106
vn 0.5427 0.7309 -0.4138
vn 0.5797 0.5906 -0.5614
vn 0.4229 0.7323 -0.5338
vn 0.7618 0.5789 -0.2908
vn 0.5594 0.7845 -0.2676
vn 0.7862 0.5882 -0.1897
vn 0.7018 0.7015 -0.1244
vn 0.5625 0.8267 -0.0105
vn 0.5108 0.8473 -0.1456
vn 0.4038 0.9148 -0.0100
vn 0.3666 0.9153 0.1668
vn 0.2848 0.9586 0.0073
vn 0.3705 0.9089 -0.1913
vn 0.2660 0.9442 -0.1945
vn 0.2934 0.8918 -0.3444
vn 0.3990 0.8456 -0.3546
vn 0.3392 0.7892 -0.5120
vn 0.1930 0.9810 -0.0211
vn 0.1975 0.9558 -0.2178
vn 0.2217 0.9073 -0.3573
vn 0.2621 0.7803 -0.5678
vn 0.3674 0.5837 -0.7241
vn 0.4330 0.5715 -0.6970
vn 0.2834 0.5580 -0.7800
vn 0.0757 0.9784 -0.1923
vn 0.0779 0.9970 -0.0044
vn 0.1107 0.9196 -0.3770
vn 0.1442 0.7950 -0.5892
vn 0.1842 0.5751 -0.7971
vn 0.2214 0.3413 -0.9135
vn 0.3142 0.3528 -0.8814
vn 0.0209 0.7835 -0.6211
vn 0.0686 0.5559 -0.8284
vn 0.1227 0.3443 -0.9308
vn -0.0378 0.5440 -0.8382
vn 0.0274 0.2815 -0.9592
vn 0.1495 0.1231 -0.9811
vn 0.2550 0.1333 -0.9577
vn 0.3496 0.1493 -0.9249
vn 0.3797 0.3380 -0.8611
vn 0.4227 0.1534 -0.8932
vn -0.0790 0.2595 -0.9625
vn -0.1333 0.4564 -0.8797
vn -0.0307 0.0586 -0.9978
vn 0.0538 0.0628 -0.9966
vn 0.0110 -0.0875 -0.9961
vn 0.0906 -0.0764 -0.9930
vn 0.1841 -0.0446 -0.9819
vn 0.2905 -0.0244 -0.9566
vn 0.3979 -0.0164 -0.9173
vn 0.4870 -0.0277 -0.8730
vn 0.2099 -0.1513 -0.9659
vn 0.1070 -0.1588 -0.9815
vn 0.0121 -0.2057 -0.9785
vn -0.2359 -0.1570 -0.9590
vn -0.3494 -0.3045 -0.8861
vn -0.8736 -0.2000 -0.4436
vn -0.9720 -0.2001 -0.1230
vn -0.9148 -0.0773 0.3965
vn -0.3431 -0.5068 -0.7908
vn -0.9420 -0.2948 -0.1606
vn -0.9373 0.0286 0.3475
vn -0.9198 -0.0214 0.3917
vn -0.9850 -0.1728 0.0024
vn -0.9624 0.1228 0.2425
vn -0.9400 -0.3294 -0.0884
vn -0.4053 -0.7681 -0.4956
vn -0.9512 -0.3075 -0.0266
vn -0.2031 -0.9511 -0.2329
vn -0.7863 -0.6178 0.0102
vn -0.3923 -0.7646 0.5113
vn -0.2029 -0.9482 0.2445
vn 0.0853 -0.7971 0.5978
vn -0.9497 -0.3102 0.0441
vn -0.9776 0.2104 0.0016
vn -0.9688 0.2077 0.1353
vn -0.9713 0.2022 -0.1254
vn -0.9661 0.1375 -0.2183
vn -0.9443 0.0273 -0.3278
vn -0.8883 -0.3545 0.2921
vn -0.3159 -0.4923 0.8111
vn -0.9654 -0.2604 0.0128
vn -0.9676 -0.2063 0.1458
vn -0.3218 -0.2892 0.9016
vn -0.8579 -0.2021 0.4724
vn -0.2121 -0.1504 0.9656
vn 0.0868 0.0902 0.9921
vn 0.1077 -0.0601 0.9924
vn 0.1745 0.1274 0.9764
vn 0.0054 0.0526 0.9986
vn 0.0327 -0.0952 0.9949
vn 0.0368 -0.1943 0.9802
vn 0.0445 -0.4508 0.8915
vn -0.3731 -0.0102 0.9277
vn -0.0533 0.2637 0.9631
vn 0.0520 0.2836 0.9575
vn -0.8879 -0.2260 -0.4006
vn -0.9958 -0.0585 0.0703
vn -0.8748 -0.2954 -0.3839
vn -0.9788 -0.1084 0.1736
vn -0.5269 0.3461 0.7763
vn -0.4318 0.1420 0.8907
vn -0.1109 0.4602 0.8809
vn -0.0161 0.5475 0.8367
vn 0.0937 0.5585 0.8242
vn 0.1500 0.3468 0.9259
vn -0.9037 -0.1649 -0.3951
vn -0.9672 -0.1172 0.2254
vn -0.9184 -0.0895 -0.3855
vn -0.9222 -0.0393 -0.3847
vn 0.8510 0.3495 0.3920
vn 0.5983 0.5958 0.5358
vn 0.9452 0.3020 0.1239
vn 0.9753 0.0688 0.2098
vn 0.9189 0.3887 0.0678
vn 0.4516 0.5800 0.6779
vn 0.6065 0.3598 0.7090
vn 0.8793 0.1188 0.4613
vn 0.9649 -0.1017 0.2420
vn 0.9660 -0.1318 0.2224
vn 0.6766 0.0791 0.7321
vn 0.9011 -0.0478 0.4309
vn 0.7204 -0.0866 0.6881
vn 0.9674 -0.0736 0.2424
vn 0.8872 -0.0882 0.4529
vn 0.7756 -0.2058 0.5967
vn 0.9200 -0.1441 0.3646
vn 0.8252 -0.3293 0.4589
vn 0.9096 -0.2635 0.3213
vn 0.8416 -0.4623 0.2793
vn 0.9289 -0.3016 0.2149
vn 0.9679 -0.1451 0.2053
vn 0.9747 -0.0710 0.2120
vn 0.9711 -0.1853 0.1502
vn 0.9604 -0.2611 0.0968
vn 0.9666 -0.2555 -0.0192
vn 0.8903 -0.4375 0.1261
vn 0.9164 -0.3999 -0.0164
vn 0.9563 -0.2579 -0.1375
vn 0.9639 -0.1811 -0.1951
vn 0.9215 -0.2963 -0.2510
vn 0.8857 -0.4359 -0.1599
vn 0.8280 -0.5604 -0.0156
vn 0.8098 -0.5717 0.1322
vn 0.9575 -0.0622 -0.2817
vn 0.9063 -0.1462 -0.3965
vn 0.8983 -0.2637 -0.3515
vn 0.8330 -0.4588 -0.3091
vn 0.8046 -0.5718 -0.1601
vn 0.7589 -0.6511 -0.0133
vn 0.8089 -0.3303 -0.4863
vn 0.7684 -0.5037 -0.3948
vn 0.7553 -0.6269 -0.1910
vn 0.7099 -0.7042 -0.0118
vn 0.7603 -0.6278 0.1668
vn 0.6972 -0.7012 0.1494
vn 0.7231 -0.5875 0.3633
vn 0.7211 -0.3542 -0.5954
vn 0.7540 -0.2039 -0.6245
vn 0.7124 -0.5852 -0.3874
vn 0.6927 -0.7006 -0.1713
vn 0.6331 -0.7740 -0.0093
vn 0.6254 -0.7591 0.1807
vn 0.6983 -0.0900 -0.7101
vn 0.6279 -0.1945 -0.7536
vn 0.5504 -0.0640 -0.8324
vn 0.8693 -0.0838 -0.4871
vn 0.5626 -0.1598 -0.8112
vn 0.6557 -0.3563 -0.6657
vn 0.4804 0.1364 -0.8664
vn 0.6524 0.0723 -0.7544
vn 0.8849 -0.0567 -0.4624
vn 0.9563 -0.1337 -0.2602
vn 0.4292 0.3662 -0.8257
vn 0.5810 0.3555 -0.7321
vn 0.8623 0.1175 -0.4926
vn 0.9542 -0.1105 -0.2779
vn 0.8340 0.3487 -0.4276
vn 0.9660 0.0627 -0.2507
vn -0.0739 0.7989 -0.5968
vn -0.1684 0.7097 -0.6841
vn -0.0088 0.9193 -0.3936
vn -0.0426 0.9782 -0.2034
vn -0.0880 0.9209 -0.3797
vn -0.1710 0.9026 -0.3952
vn -0.7163 0.5996 -0.3568
vn -0.6957 0.4388 -0.5687
vn -0.9953 -0.0966 0.0063
vn -0.9972 -0.0631 -0.0396
vn -0.8738 -0.2882 0.3916
vn -0.1133 0.9686 -0.2213
vn -0.8085 -0.5885 -0.0000
vn -0.8106 -0.5764 0.1032
vn -0.9924 -0.1227 0.0020
vn -0.9924 -0.1230 0.0053
vn -0.6428 0.7459 -0.1744
vn -0.1705 0.9702 -0.1719
vn -0.1061 0.9942 -0.0164
vn -0.5747 0.8181 -0.0217
vn -0.1693 0.9849 0.0370
vn -0.1043 0.9711 0.2146
vn -0.0327 0.9828 0.1817
vn -0.0078 0.9269 0.3753
vn -0.0803 0.9124 0.4014
vn -0.0580 0.8005 0.5965
vn -0.1579 0.9044 0.3964
vn 0.0378 0.7866 0.6163
vn -0.1679 0.9651 0.2009
vn -0.6402 0.7478 0.1758
vn -0.9789 -0.2026 -0.0262
vn -0.8107 -0.5767 -0.1007
vn -0.1488 0.7119 0.6864
vn -0.6497 0.6521 0.3908
vn -0.9946 -0.0981 -0.0337
vn -0.8317 -0.5149 -0.2077
vn -0.6671 0.4549 0.5900
vn -0.9968 -0.0790 0.0090
vn -0.8545 -0.4101 -0.3189
vn -0.8874 -0.2037 0.4135
vn -0.9014 -0.1444 0.4083
vn -0.9744 -0.1074 -0.1973
vn -0.4025 -0.0128 -0.9153
vn -0.4597 0.1402 -0.8769
vn -0.9858 -0.0932 -0.1394
vn -0.5563 0.3412 -0.7577
vn 0.0747 -0.8016 -0.5931
vn 0.1686 -0.9590 -0.2278
vn 0.1989 -0.7618 -0.6166
vn 0.2686 -0.9328 -0.2401
vn -0.0943 -0.9955 0.0054
vn 0.3558 -0.7522 -0.5546
vn 0.3853 -0.8865 -0.2560
vn 0.2790 -0.4116 -0.8676
vn 0.1238 -0.3634 -0.9234
vn 0.0223 -0.4643 -0.8854
vn 0.4251 -0.4002 -0.8119
vn 0.4652 -0.1492 -0.8726
vn 0.5522 -0.3788 -0.7427
vn 0.3417 -0.1477 -0.9281
vn 0.6135 -0.6439 -0.4571
vn 0.6182 -0.7604 -0.1993
vn 0.4504 -0.3932 0.8015
vn 0.5722 -0.3772 0.7282
vn 0.4878 -0.1461 0.8607
vn 0.5178 -0.6985 0.4939
vn 0.6292 -0.6429 0.4368
vn 0.5175 -0.8318 0.2006
vn 0.5305 -0.8476 -0.0086
vn 0.3801 -0.8984 0.2201
vn 0.3737 -0.7469 0.5500
vn 0.3857 -0.9223 -0.0242
vn 0.5031 -0.8364 -0.2176
vn 0.4945 -0.7047 -0.5088
vn 0.2489 -0.9684 0.0132
vn 0.1793 -0.9838 0.0004
vn 0.1656 -0.9590 0.2300
vn 0.2591 -0.9308 0.2580
vn 0.2079 -0.7572 0.6192
vn 0.3048 -0.4017 0.8636
vn 0.1514 -0.3514 0.9239
vn 0.2417 -0.1455 0.9594
vn 0.1333 -0.1488 0.9798
vn 0.2144 -0.0383 0.9760
vn 0.2883 0.1369 0.9477
vn 0.3210 -0.0174 0.9469
vn 0.3680 -0.1425 0.9189
vn 0.2494 0.3445 0.9051
vn 0.3433 0.3526 0.8705
vn 0.3768 0.1523 0.9137
vn 0.4206 -0.0076 0.9072
vn 0.2091 0.5789 0.7882
vn 0.3061 0.5609 0.7692
vn 0.4013 0.3389 0.8509
vn 0.3865 0.5890 0.7097
vn 0.2781 0.7841 0.5549
vn 0.1655 0.7964 0.5817
vn -0.0209 0.9998 -0.0027
vn 0.0826 0.9795 0.1840
vn 0.1254 0.9207 0.3695
vn 0.2331 0.9087 0.3464
vn 0.3060 0.8924 0.3316
vn 0.3554 0.7939 0.4934
vn 0.2106 0.9591 0.1890
vn 0.2751 0.9412 0.1962
vn 0.5717 -0.0606 0.8182
vn 0.5037 0.1401 0.8524
vn 0.4480 0.3715 0.8132
vn 0.7803 -0.5073 0.3658
vn 0.7399 -0.3557 0.5710
vn 0.6737 -0.3589 0.6460
vn 0.6499 -0.1933 0.7351
vn 0.5825 -0.1571 0.7975
vn 0.5073 -0.0229 0.8615
vn 0.4394 0.1601 0.8839
vn -0.2230 0.8524 -0.4730
vn -0.2175 0.8161 -0.5355
vn -0.2636 0.9640 -0.0346
vn -0.1443 0.5122 -0.8467
vn -0.1300 0.4630 -0.8768
vn -0.0492 -0.0033 -0.9988
vn -0.2548 0.9670 0.0003
vn -0.2286 0.8515 0.4719
vn -0.2408 0.8822 -0.4046
vn -0.1725 0.5735 -0.8008
vn -0.0788 0.0895 -0.9929
vn 0.0021 -0.4308 -0.9025
vn 0.0353 -0.5134 -0.8574
vn 0.0486 -0.8255 -0.5623
vn -0.1695 0.5751 0.8003
vn -0.1578 0.5106 0.8452
vn -0.0771 0.0924 0.9927
vn -0.2372 0.8829 0.4051
vn -0.2598 0.9656 0.0023
vn 0.0716 -0.8788 -0.4717
vn 0.0640 -0.9980 0.0006
vn 0.0750 -0.9972 -0.0002
vn 0.0601 -0.8808 0.4697
vn 0.0488 -0.8255 0.5622
vn 0.0202 -0.5197 0.8541
vn 0.0030 -0.4288 0.9034
vn -0.0633 0.0011 0.9980
vn 0.0756 -0.8930 0.4436
vn 0.0459 -0.5399 0.8405
vn -0.0436 -0.0589 0.9973
vn -0.1629 0.4842 0.8596
vn -0.2480 0.8517 0.4616
vn -0.2606 0.8514 0.4552
vn -0.2852 0.9585 0.0020
vn -0.2487 0.8548 -0.4555
vn -0.2725 0.9621 0.0047
vn -0.2397 0.8587 0.4530
vn -0.2328 0.9725 0.0100
vn -0.2603 0.9653 0.0201
vn -0.2001 0.9308 -0.3059
vn -0.2095 0.9030 -0.3751
vn -0.2388 0.8706 -0.4301
vn -0.1451 0.5162 -0.8441
vn -0.1495 0.4742 -0.8676
vn -0.1297 0.5829 -0.8021
vn -0.0752 0.6824 -0.7271
vn -0.1238 0.7759 -0.6185
vn -0.0296 -0.0519 -0.9982
vn -0.0339 -0.0027 -0.9994
vn 0.0634 -0.5241 -0.8493
vn -0.0443 -0.0462 -0.9980
vn -0.0319 0.0044 -0.9995
vn 0.0761 0.1218 -0.9896
vn 0.0856 0.2650 -0.9604
vn 0.0556 -0.5477 -0.8348
vn 0.0857 -0.8913 -0.4452
vn 0.1835 -0.4247 -0.8865
vn 0.0795 -0.9968 0.0003
vn 0.0587 -0.5606 0.8260
vn 0.0778 -0.9039 0.4206
vn 0.0763 -0.9971 0.0013
vn 0.0996 -0.9950 0.0025
vn 0.0847 -0.5999 0.7956
vn 0.0904 -0.9106 0.4032
vn 0.0642 -0.5813 0.8112
vn 0.0037 0.0100 0.9999
vn -0.0338 0.0040 0.9994
vn -0.0602 0.0419 0.9973
vn -0.1531 0.5312 0.8333
vn -0.1876 0.5672 0.8019
vn -0.0948 0.4980 0.8620
vn -0.9718 -0.2218 0.0797
vn -0.8517 -0.4166 0.3178
vn -0.8287 -0.5209 0.2047
vn 0.3624 0.6615 0.6565
vn -0.2765 0.9308 0.2391
vn 0.3288 0.7048 0.6286
vn -0.8870 0.4603 -0.0377
vn -0.3493 0.9109 0.2195
vn 0.2602 0.6794 0.6861
vn -0.6075 -0.7658 -0.2109
vn -0.9542 -0.1815 -0.2378
vn -0.8605 0.4703 -0.1957
vn -0.4846 0.8311 0.2729
vn -0.0458 0.5567 0.8294
vn -0.6590 0.6597 0.3612
vn -0.5634 0.2519 0.7868
vn -0.9022 -0.0658 -0.4262
vn -0.8824 0.4321 -0.1861
vn -0.8685 0.2399 0.4338
vn -0.9554 0.2822 -0.0868
vn -0.8631 -0.1619 -0.4783
vn -0.6546 -0.6207 -0.4315
vn 0.0900 -0.9950 -0.0444
vn 0.0184 -0.9992 0.0352
vn -0.9432 -0.1594 -0.2914
vn -0.6436 -0.7040 -0.3002
vn -0.3783 -0.8365 -0.3964
vn 0.0114 -0.9988 0.0486
vn 0.2860 -0.9580 0.0213
vn 0.4698 -0.7396 0.4819
vn 0.7221 -0.4977 0.4805
vn 0.6306 -0.6263 0.4584
vn 0.5389 -0.6983 0.4711
vn 0.6578 -0.0658 0.7503
vn 0.6952 0.0376 0.7179
vn 0.6944 0.1030 0.7122
vn 0.5758 -0.0806 0.8136
vn 0.1345 -0.7138 0.6873
vn -0.9954 0.0353 0.0889
vn -0.8584 -0.2280 0.4596
vn -0.2424 -0.2110 0.9470
vn -0.5363 -0.7665 0.3534
vn -0.8644 -0.5028 0.0010
vn -0.9758 -0.2143 0.0429
vn -0.3895 -0.8117 -0.4352
vn -0.1157 -0.9913 -0.0628
vn -0.0760 -0.9954 -0.0591
vn 0.0161 -0.9965 -0.0815
vn 0.0922 -0.9568 -0.2759
vn 0.1769 -0.7102 -0.6814
vn 0.2182 -0.5671 -0.7942
vn 0.2148 -0.1064 -0.9708
vn 0.1841 -0.1270 -0.9747
vn 0.0538 0.4572 -0.8878
vn 0.0742 0.3507 -0.9335
vn 0.2156 -0.1769 -0.9603
vn -0.0558 0.6133 -0.7879
vn -0.7316 0.6552 0.1884
vn -0.9997 0.0045 0.0220
vn -0.9195 0.3832 -0.0873
vn -0.5508 -0.6928 0.4654
vn 0.5095 0.8565 -0.0830
vn 0.3390 0.8970 -0.2838
vn -0.0436 -0.6341 -0.7720
vn -0.2170 0.0504 -0.9749
vn -0.9548 -0.2658 -0.1330
vn -0.8836 -0.4402 -0.1599
vn -0.9146 -0.4039 -0.0178
vn -0.9654 -0.2595 -0.0244
vn 0.6198 -0.7533 0.2201
vn 0.0076 0.3696 0.9292
vn 0.4587 0.4004 0.7933
vn -0.6453 0.2086 0.7349
vn 0.9749 0.1486 -0.1658
vn -0.9792 -0.1113 0.1695
vn -0.9655 -0.2169 0.1439
vn -0.9249 -0.3329 0.1836
vn -0.9863 -0.1338 0.0970
vn -0.8280 0.1034 0.5511
vn 0.0000 0.0000 1.0000
vn 0.0000 0.0000 0.0000
vn 0.0000 -1.0000 0.0000
vn 0.0411 0.9969 0.0663
vn 0.6717 -0.3508 0.6525
vn 0.3768 -0.8705 0.3167
vn 0.9079 -0.0501 0.4163
vn 0.2355 -0.9055 0.3529
vn -0.2343 -0.8964 0.3762
vn -0.3782 -0.8776 0.2946
vn 0.3602 -0.9226 0.1381
vn -0.5035 -0.8481 0.1647
vn -0.3531 -0.8493 -0.3925
vn 0.5118 -0.8181 -0.2623
vn 0.6854 -0.0723 -0.7246
vn 0.9515 -0.2482 0.1817
vn 0.1741 0.9730 0.1514
vn 0.1077 0.9582 -0.2649
vn -0.0000 0.9993 0.0387
vn 0.7264 0.6682 0.1608
vn 0.2809 0.4465 -0.8495
vn -0.6829 0.0170 -0.7303
vn -0.9515 -0.2482 0.1817
vn -0.9079 -0.0501 0.4163
vn 0.5212 0.7739 0.3597
vn 0.1134 0.9547 0.2752
vn -0.0000 0.6586 -0.7525
vn -0.1077 0.9582 -0.2649
vn -0.1741 0.9730 0.1514
vn -0.0942 0.9524 0.2900
vn 0.1215 0.8898 0.4400
vn 0.5346 0.5713 0.6228
vn -0.1215 0.8722 0.4739
vn 0.0994 0.6949 0.7122
vn -0.5212 0.7739 0.3597
vn -0.7264 0.6682 0.1608
vn -0.3461 0.5286 -0.7751
vn -0.5346 0.5713 0.6228
vn -0.0998 0.6023 0.7920
vn 0.2265 -0.0516 0.9726
vn -0.3172 -0.0239 0.9481
vn -0.1744 -0.7870 0.5918
vn -0.6717 -0.3508 0.6525
vn 0.2586 -0.7381 0.6232
usemtl simpsons_palette_skin
s 1
f 1/1/1 2/2/2 3/3/3
f 4/4/4 5/5/5 6/6/6
f 4/4/4 7/7/7 5/5/5
f 6/6/6 8/8/8 9/9/9
f 6/6/6 10/10/10 4/4/4
f 6/6/6 11/11/11 10/10/10
f 9/9/9 11/11/11 6/6/6
f 9/9/9 12/12/12 11/11/11
f 9/9/9 13/13/13 12/12/12
f 9/9/9 14/14/14 13/13/13
f 8/8/8 14/14/14 9/9/9
f 8/8/8 15/15/15 14/14/14
f 16/16/16 15/15/15 8/8/8
f 16/16/16 17/17/17 15/15/15
f 18/18/18 10/10/10 19/19/19
f 20/20/20 21/21/21 22/22/22
f 13/13/13 21/21/21 20/20/20
f 13/13/13 23/23/23 21/21/21
f 14/14/14 23/23/23 13/13/13
f 15/15/15 23/23/23 14/14/14
f 15/15/15 24/24/24 23/23/23
f 17/17/17 24/24/24 15/15/15
f 25/25/25 24/24/24 17/17/17
f 25/25/25 26/26/26 24/24/24
f 27/27/27 26/26/26 25/25/25
f 27/27/27 28/28/28 26/26/26
f 29/29/29 28/28/28 27/27/27
f 23/23/23 28/28/28 21/21/21
f 23/23/23 26/26/26 28/28/28
f 23/23/23 24/24/24 26/26/26
f 30/30/30 27/27/27 25/25/25
f 31/31/31 27/27/27 30/30/30
f 32/32/32 17/17/17 16/16/16
f 32/32/32 25/25/25 17/17/17
f 33/33/33 25/25/25 32/32/32
f 33/33/33 30/30/30 25/25/25
f 34/34/34 30/30/30 33/33/33
f 34/34/34 31/31/31 30/30/30
f 35/35/35 31/31/31 34/34/34
f 36/36/36 31/31/31 35/35/35
f 36/36/36 37/37/37 31/31/31
f 38/38/38 37/37/37 36/36/36
f 32/32/32 39/39/39 33/33/33
f 32/32/32 40/40/40 39/39/39
f 16/16/16 40/40/40 32/32/32
f 16/16/16 41/41/41 40/40/40
f 8/8/8 41/41/41 16/16/16
f 40/40/40 42/42/42 39/39/39
f 40/40/40 43/43/43 42/42/42
f 41/41/41 43/43/43 40/40/40
f 42/42/42 43/43/43 44/44/44
f 45/45/45 41/41/41 46/46/46
f 45/45/45 43/43/43 41/41/41
f 47/47/47 43/43/43 45/45/45
f 47/47/47 44/44/44 43/43/43
f 48/48/48 44/44/44 47/47/47
f 48/48/48 49/49/49 44/44/44
f 50/50/50 49/49/49 48/48/48
f 50/50/50 51/51/51 49/49/49
f 52/52/52 51/51/51 50/50/50
f 52/52/52 53/53/53 51/51/51
f 50/50/50 54/54/54 55/55/55
f 48/48/48 54/54/54 50/50/50
f 48/48/48 56/56/56 54/54/54
f 48/48/48 57/57/57 56/56/56
f 47/47/47 57/57/57 48/48/48
f 47/47/47 45/45/45 57/57/57
f 58/58/58 59/59/59 60/60/60
f 58/58/58 61/61/61 59/59/59
f 62/62/62 61/61/61 58/58/58
f 62/62/62 63/63/63 61/61/61
f 64/64/64 63/63/63 62/62/62
f 65/65/65 63/63/63 64/64/64
f 65/65/65 66/66/66 63/63/63
f 52/52/52 66/66/66 65/65/65
f 52/52/52 55/55/55 66/66/66
f 50/50/50 55/55/55 52/52/52
f 65/65/65 53/53/53 52/52/52
f 65/65/65 67/67/67 53/53/53
f 65/65/65 68/68/68 67/67/67
f 64/64/64 68/68/68 65/65/65
f 64/64/64 69/69/69 68/68/68
f 62/62/62 69/69/69 64/64/64
f 62/62/62 70/70/70 69/69/69
f 58/58/58 70/70/70 62/62/62
f 58/58/58 71/71/71 70/70/70
f 58/58/58 72/72/72 71/71/71
f 60/60/60 72/72/72 58/58/58
f 60/60/60 73/73/73 72/72/72
f 74/74/74 75/75/75 76/76/76
f 74/74/74 73/73/73 75/75/75
f 77/77/77 73/73/73 74/74/74
f 77/77/77 72/72/72 73/73/73
f 77/77/77 71/71/71 72/72/72
f 77/77/77 78/78/78 71/71/71
f 79/79/79 78/78/78 77/77/77
f 79/79/79 80/80/80 78/78/78
f 74/74/74 79/79/79 77/77/77
f 81/81/81 33/33/33 39/39/39
f 82/82/82 33/33/33 81/81/81
f 82/82/82 34/34/34 33/33/33
f 83/83/83 34/34/34 82/82/82
f 83/83/83 35/35/35 34/34/34
f 80/80/80 35/35/35 83/83/83
f 80/80/80 84/84/84 35/35/35
f 79/79/79 84/84/84 80/80/80
f 79/79/79 85/85/85 84/84/84
f 74/74/74 85/85/85 79/79/79
f 84/84/84 36/36/36 35/35/35
f 85/85/85 36/36/36 84/84/84
f 85/85/85 38/38/38 36/36/36
f 86/86/86 38/38/38 85/85/85
f 86/86/86 87/87/87 38/38/38
f 86/86/86 88/88/88 87/87/87
f 89/89/89 88/88/88 86/86/86
f 38/38/38 90/90/90 37/37/37
f 87/87/87 90/90/90 38/38/38
f 87/87/87 91/91/91 90/90/90
f 88/88/88 91/91/91 87/87/87
f 88/88/88 92/92/92 91/91/91
f 88/88/88 93/93/93 92/92/92
f 89/89/89 93/93/93 88/88/88
f 89/89/89 94/94/94 93/93/93
f 95/95/95 94/94/94 89/89/89
f 96/96/96 94/94/94 95/95/95
f 96/96/96 97/97/97 98/98/98
f 96/96/96 95/95/95 97/97/97
f 74/74/74 86/86/86 85/85/85
f 76/76/76 86/86/86 74/74/74
f 99/99/99 86/86/86 76/76/76
f 99/99/99 89/89/89 86/86/86
f 100/100/100 89/89/89 99/99/99
f 100/100/100 95/95/95 89/89/89
f 101/101/101 95/95/95 100/100/100
f 101/101/101 97/97/97 95/95/95
f 102/102/102 97/97/97 101/101/101
f 103/103/103 97/97/97 102/102/102
f 104/104/104 102/102/102 101/101/101
f 105/105/105 106/106/106 107/107/107
f 108/108/108 106/106/106 105/105/105
f 108/108/108 109/109/109 106/106/106
f 103/103/103 109/109/109 108/108/108
f 103/103/103 110/110/110 109/109/109
f 102/102/102 110/110/110 103/103/103
f 102/102/102 111/111/111 110/110/110
f 104/104/104 111/111/111 102/102/102
f 112/112/112 111/111/111 104/104/104
f 113/113/113 111/111/111 112/112/112
f 114/114/114 111/111/111 115/115/115
f 114/114/114 110/110/110 111/111/111
f 114/114/114 109/109/109 110/110/110
f 116/116/116 109/109/109 114/114/114
f 116/116/116 106/106/106 109/109/109
f 116/116/116 107/107/107 106/106/106
f 117/117/117 107/107/107 116/116/116
f 117/117/117 118/118/118 107/107/107
f 115/115/115 118/118/118 117/117/117
f 119/119/119 118/118/118 115/115/115
f 120/120/120 118/118/118 119/119/119
f 120/120/120 121/121/121 118/118/118
f 122/122/122 121/121/121 120/120/120
f 117/117/117 114/114/114 115/115/115
f 116/116/116 114/114/114 117/117/117
f 107/107/107 123/123/123 124/124/124
f 118/118/118 123/123/123 107/107/107
f 118/118/118 125/125/125 123/123/123
f 118/118/118 121/121/121 125/125/125
f 126/126/126 121/121/121 122/122/122
f 127/127/127 121/121/121 126/126/126
f 127/127/127 125/125/125 121/121/121
f 128/128/128 125/125/125 127/127/127
f 128/128/128 123/123/123 125/125/125
f 129/129/129 123/123/123 128/128/128
f 129/129/129 124/124/124 123/123/123
f 130/130/130 124/124/124 129/129/129
f 130/130/130 107/107/107 124/124/124
f 105/105/105 107/107/107 130/130/130
f 127/127/127 126/126/126 131/131/131
f 127/127/127 132/132/132 128/128/128
f 127/127/127 133/133/133 132/132/132
f 131/131/131 133/133/133 127/127/127
f 131/131/131 134/134/134 133/133/133
f 131/131/131 135/135/135 134/134/134
f 126/126/126 135/135/135 131/131/131
f 126/126/126 136/136/136 135/135/135
f 137/137/137 136/136/136 138/138/138
f 137/137/137 135/135/135 136/136/136
f 139/139/139 135/135/135 137/137/137
f 140/140/140 135/135/135 139/139/139
f 141/141/141 135/135/135 140/140/140
f 141/141/141 134/134/134 135/135/135
f 142/142/142 134/134/134 141/141/141
f 142/142/142 133/133/133 134/134/134
f 143/143/143 133/133/133 142/142/142
f 143/143/143 132/132/132 133/133/133
f 144/144/144 145/145/145 146/146/146
f 143/143/143 145/145/145 144/144/144
f 143/143/143 147/147/147 145/145/145
f 142/142/142 147/147/147 143/143/143
f 142/142/142 148/148/148 147/147/147
f 141/141/141 148/148/148 142/142/142
f 141/141/141 149/149/149 148/148/148
f 140/140/140 149/149/149 141/141/141
f 140/140/140 150/150/150 149/149/149
f 139/139/139 150/150/150 140/140/140
f 151/151/151 146/146/146 145/145/145
f 151/151/151 152/152/152 146/146/146
f 153/153/153 150/150/150 154/154/154
f 149/149/149 150/150/150 153/153/153
f 148/148/148 155/155/155 156/156/156
f 148/148/148 157/157/157 155/155/155
f 149/149/149 157/157/157 148/148/148
f 153/153/153 157/157/157 149/149/149
f 153/153/153 158/158/158 157/157/157
f 159/159/159 154/154/154 150/150/150
f 160/160/160 154/154/154 159/159/159
f 161/161/161 154/154/154 160/160/160
f 161/161/161 153/153/153 154/154/154
f 162/162/162 153/153/153 161/161/161
f 162/162/162 158/158/158 153/153/153
f 163/163/163 158/158/158 162/162/162
f 163/163/163 164/164/164 158/158/158
f 165/165/165 164/164/164 163/163/163
f 166/166/166 164/164/164 165/165/165
f 167/167/167 164/164/164 166/166/166
f 167/167/167 158/158/158 164/164/164
f 168/168/168 166/166/166 165/165/165
f 169/169/169 166/166/166 168/168/168
f 170/170/170 166/166/166 169/169/169
f 170/170/170 167/167/167 166/166/166
f 171/171/171 167/167/167 170/170/170
f 171/171/171 158/158/158 167/167/167
f 172/172/172 158/158/158 171/171/171
f 172/172/172 157/157/157 158/158/158
f 173/173/173 157/157/157 172/172/172
f 173/173/173 155/155/155 157/157/157
f 169/169/169 168/168/168 174/174/174
f 172/172/172 175/175/175 176/176/176
f 171/171/171 175/175/175 172/172/172
f 171/171/171 177/177/177 175/175/175
f 170/170/170 177/177/177 171/171/171
f 170/170/170 178/178/178 177/177/177
f 169/169/169 178/178/178 170/170/170
f 169/169/169 179/179/179 178/178/178
f 174/174/174 179/179/179 169/169/169
f 174/174/174 180/180/180 179/179/179
f 168/168/168 180/180/180 174/174/174
f 181/181/181 182/182/182 183/183/183
f 184/184/184 182/182/182 181/181/181
f 184/184/184 185/185/185 182/182/182
f 178/178/178 185/185/185 184/184/184
f 178/178/178 179/179/179 185/185/185
f 178/178/178 186/186/186 177/177/177
f 184/184/184 186/186/186 178/178/178
f 181/181/181 186/186/186 184/184/184
f 181/181/181 187/187/187 186/186/186
f 181/181/181 188/188/188 187/187/187
f 177/177/177 189/189/189 175/175/175
f 186/186/186 189/189/189 177/177/177
f 186/186/186 190/190/190 189/189/189
f 187/187/187 190/190/190 186/186/186
f 187/187/187 191/191/191 190/190/190
f 188/188/188 191/191/191 187/187/187
f 188/188/188 192/192/192 191/191/191
f 188/188/188 193/193/193 192/192/192
f 188/188/188 183/183/183 193/193/193
f 181/181/181 183/183/183 188/188/188
f 175/175/175 194/194/194 176/176/176
f 189/189/189 194/194/194 175/175/175
f 189/189/189 195/195/195 194/194/194
f 190/190/190 195/195/195 189/189/189
f 190/190/190 196/196/196 195/195/195
f 191/191/191 196/196/196 190/190/190
f 191/191/191 197/197/197 196/196/196
f 192/192/192 197/197/197 191/191/191
f 192/192/192 198/198/198 197/197/197
f 193/193/193 198/198/198 192/192/192
f 195/195/195 196/196/196 199/199/199
f 195/195/195 200/200/200 194/194/194
f 199/199/199 200/200/200 195/195/195
f 199/199/199 201/201/201 200/200/200
f 201/201/201 202/202/202 203/203/203
f 199/199/199 202/202/202 201/201/201
f 199/199/199 204/204/204 202/202/202
f 196/196/196 204/204/204 199/199/199
f 196/196/196 205/205/205 204/204/204
f 197/197/197 205/205/205 196/196/196
f 197/197/197 206/206/206 205/205/205
f 198/198/198 206/206/206 197/197/197
f 198/198/198 207/207/207 206/206/206
f 208/208/208 207/207/207 198/198/198
f 209/209/209 204/204/204 210/210/210
f 209/209/209 202/202/202 204/204/204
f 202/202/202 211/211/211 212/212/212
f 209/209/209 211/211/211 202/202/202
f 209/209/209 213/213/213 211/211/211
f 210/210/210 213/213/213 209/209/209
f 214/214/214 213/213/213 210/210/210
f 215/215/215 213/213/213 214/214/214
f 215/215/215 216/216/216 213/213/213
f 217/217/217 216/216/216 215/215/215
f 218/218/218 219/219/219 220/220/220
f 212/212/212 219/219/219 218/218/218
f 211/211/211 219/219/219 212/212/212
f 211/211/211 216/216/216 219/219/219
f 213/213/213 216/216/216 211/211/211
f 216/216/216 220/220/220 219/219/219
f 217/217/217 220/220/220 216/216/216
f 221/221/221 220/220/220 217/217/217
f 222/222/222 220/220/220 221/221/221
f 222/222/222 218/218/218 220/220/220
f 223/223/223 218/218/218 222/222/222
f 224/224/224 218/218/218 223/223/223
f 224/224/224 212/212/212 218/218/218
f 203/203/203 212/212/212 224/224/224
f 202/202/202 212/212/212 203/203/203
f 225/225/225 217/217/217 215/215/215
f 226/226/226 217/217/217 225/225/225
f 226/226/226 221/221/221 217/217/217
f 227/227/227 221/221/221 226/226/226
f 227/227/227 222/222/222 221/221/221
f 228/228/228 222/222/222 227/227/227
f 228/228/228 223/223/223 222/222/222
f 229/229/229 223/223/223 228/228/228
f 229/229/229 224/224/224 223/223/223
f 230/230/230 224/224/224 229/229/229
f 231/231/231 227/227/227 232/232/232
f 231/231/231 228/228/228 227/227/227
f 233/233/233 228/228/228 231/231/231
f 233/233/233 229/229/229 228/228/228
f 234/234/234 229/229/229 233/233/233
f 234/234/234 230/230/230 229/229/229
f 235/235/235 230/230/230 234/234/234
f 235/235/235 236/236/236 230/230/230
f 237/237/237 236/236/236 235/235/235
f 237/237/237 238/238/238 236/236/236
f 230/230/230 203/203/203 224/224/224
f 236/236/236 203/203/203 230/230/230
f 236/236/236 201/201/201 203/203/203
f 238/238/238 201/201/201 236/236/236
f 238/238/238 200/200/200 201/201/201
f 239/239/239 200/200/200 238/238/238
f 239/239/239 194/194/194 200/200/200
f 173/173/173 194/194/194 239/239/239
f 173/173/173 176/176/176 194/194/194
f 172/172/172 176/176/176 173/173/173
f 239/239/239 155/155/155 173/173/173
f 239/239/239 156/156/156 155/155/155
f 240/240/240 156/156/156 239/239/239
f 240/240/240 148/148/148 156/156/156
f 240/240/240 147/147/147 148/148/148
f 240/240/240 241/241/241 147/147/147
f 239/239/239 241/241/241 240/240/240
f 239/239/239 238/238/238 241/241/241
f 242/242/242 238/238/238 237/237/237
f 242/242/242 241/241/241 238/238/238
f 243/243/243 241/241/241 242/242/242
f 243/243/243 147/147/147 241/241/241
f 243/243/243 145/145/145 147/147/147
f 244/244/244 145/145/145 243/243/243
f 244/244/244 151/151/151 145/145/145
f 245/245/245 151/151/151 244/244/244
f 245/245/245 152/152/152 151/151/151
f 246/246/246 152/152/152 245/245/245
f 244/244/244 247/247/247 245/245/245
f 244/244/244 248/248/248 247/247/247
f 243/243/243 248/248/248 244/244/244
f 249/249/249 250/250/250 251/251/251
f 246/246/246 250/250/250 249/249/249
f 246/246/246 252/252/252 250/250/250
f 245/245/245 252/252/252 246/246/246
f 245/245/245 253/253/253 252/252/252
f 247/247/247 253/253/253 245/245/245
f 247/247/247 234/234/234 253/253/253
f 247/247/247 235/235/235 234/234/234
f 248/248/248 235/235/235 247/247/247
f 248/248/248 237/237/237 235/235/235
f 243/243/243 237/237/237 248/248/248
f 243/243/243 242/242/242 237/237/237
f 250/250/250 254/254/254 255/255/255
f 252/252/252 254/254/254 250/250/250
f 253/253/253 254/254/254 252/252/252
f 234/234/234 254/254/254 253/253/253
f 233/233/233 254/254/254 234/234/234
f 233/233/233 256/256/256 254/254/254
f 231/231/231 256/256/256 233/233/233
f 231/231/231 257/257/257 256/256/256
f 232/232/232 257/257/257 231/231/231
f 255/255/255 254/254/254 256/256/256
f 258/258/258 259/259/259 260/260/260
f 261/261/261 259/259/259 258/258/258
f 261/261/261 232/232/232 259/259/259
f 261/261/261 257/257/257 232/232/232
f 262/262/262 257/257/257 261/261/261
f 262/262/262 256/256/256 257/257/257
f 263/263/263 256/256/256 262/262/262
f 263/263/263 255/255/255 256/256/256
f 251/251/251 255/255/255 263/263/263
f 251/251/251 250/250/250 255/255/255
f 264/264/264 261/261/261 258/258/258
f 265/265/265 261/261/261 264/264/264
f 265/265/265 262/262/262 261/261/261
f 265/265/265 263/263/263 262/262/262
f 266/266/266 263/263/263 265/265/265
f 267/267/267 263/263/263 266/266/266
f 267/267/267 251/251/251 263/263/263
f 268/268/268 251/251/251 267/267/267
f 268/268/268 249/249/249 251/251/251
f 269/269/269 249/249/249 268/268/268
f 266/266/266 270/270/270 267/267/267
f 103/103/103 98/98/98 97/97/97
f 271/271/271 98/98/98 103/103/103
f 271/271/271 270/270/270 98/98/98
f 272/272/272 270/270/270 271/271/271
f 272/272/272 267/267/267 270/270/270
f 273/273/273 267/267/267 272/272/272
f 273/273/273 268/268/268 267/267/267
f 274/274/274 268/268/268 273/273/273
f 274/274/274 269/269/269 268/268/268
f 275/275/275 269/269/269 274/274/274
f 276/276/276 275/275/275 274/274/274
f 273/273/273 276/276/276 274/274/274
f 272/272/272 276/276/276 273/273/273
f 272/272/272 277/277/277 276/276/276
f 271/271/271 277/277/277 272/272/272
f 103/103/103 277/277/277 271/271/271
f 108/108/108 277/277/277 103/103/103
f 105/105/105 277/277/277 108/108/108
f 105/105/105 276/276/276 277/277/277
f 130/130/130 276/276/276 105/105/105
f 130/130/130 275/275/275 276/276/276
f 129/129/129 275/275/275 130/130/130
f 275/275/275 278/278/278 269/269/269
f 129/129/129 278/278/278 275/275/275
f 129/129/129 279/279/279 278/278/278
f 280/280/280 279/279/279 129/129/129
f 280/280/280 281/281/281 279/279/279
f 282/282/282 281/281/281 280/280/280
f 282/282/282 152/152/152 281/281/281
f 283/283/283 152/152/152 282/282/282
f 283/283/283 146/146/146 152/152/152
f 144/144/144 146/146/146 283/283/283
f 128/128/128 280/280/280 129/129/129
f 282/282/282 280/280/280 128/128/128
f 284/284/284 132/132/132 143/143/143
f 284/284/284 128/128/128 132/132/132
f 285/285/285 128/128/128 284/284/284
f 285/285/285 282/282/282 128/128/128
f 285/285/285 283/283/283 282/282/282
f 285/285/285 144/144/144 283/283/283
f 284/284/284 144/144/144 285/285/285
f 284/284/284 143/143/143 144/144/144
f 246/246/246 281/281/281 152/152/152
f 249/249/249 281/281/281 246/246/246
f 249/249/249 286/286/286 281/281/281
f 269/269/269 286/286/286 249/249/249
f 278/278/278 286/286/286 269/269/269
f 279/279/279 286/286/286 278/278/278
f 279/279/279 281/281/281 286/286/286
f 287/287/287 288/288/288 289/289/289
f 287/287/287 290/290/290 288/288/288
f 291/291/291 289/289/289 18/18/18
f 292/292/292 289/289/289 291/291/291
f 292/292/292 287/287/287 289/289/289
f 293/293/293 287/287/287 292/292/292
f 293/293/293 290/290/290 287/287/287
f 294/294/294 290/290/290 293/293/293
f 293/293/293 295/295/295 296/296/296
f 292/292/292 295/295/295 293/293/293
f 292/292/292 297/297/297 295/295/295
f 291/291/291 297/297/297 292/292/292
f 291/291/291 298/298/298 297/297/297
f 18/18/18 298/298/298 291/291/291
f 18/18/18 299/299/299 298/298/298
f 19/19/19 299/299/299 18/18/18
f 300/300/300 299/299/299 19/19/19
f 22/22/22 299/299/299 300/300/300
f 301/301/301 299/299/299 302/302/302
f 301/301/301 298/298/298 299/299/299
f 301/301/301 297/297/297 298/298/298
f 303/303/303 297/297/297 301/301/301
f 304/304/304 297/297/297 303/303/303
f 304/304/304 295/295/295 297/297/297
f 299/299/299 305/305/305 302/302/302
f 296/296/296 306/306/306 307/307/307
f 295/295/295 306/306/306 296/296/296
f 295/295/295 308/308/308 306/306/306
f 304/304/304 308/308/308 295/295/295
f 304/304/304 309/309/309 308/308/308
f 304/304/304 310/310/310 309/309/309
f 303/303/303 310/310/310 304/304/304
f 303/303/303 311/311/311 310/310/310
f 303/303/303 302/302/302 311/311/311
f 301/301/301 302/302/302 303/303/303
f 180/180/180 309/309/309 179/179/179
f 180/180/180 308/308/308 309/309/309
f 312/312/312 308/308/308 180/180/180
f 312/312/312 306/306/306 308/308/308
f 313/313/313 306/306/306 312/312/312
f 313/313/313 307/307/307 306/306/306
f 314/314/314 307/307/307 313/313/313
f 294/294/294 307/307/307 314/314/314
f 294/294/294 296/296/296 307/307/307
f 293/293/293 296/296/296 294/294/294
f 315/315/315 313/313/313 312/312/312
f 316/316/316 313/313/313 315/315/315
f 316/316/316 314/314/314 313/313/313
f 168/168/168 312/312/312 180/180/180
f 317/317/317 312/312/312 168/168/168
f 317/317/317 315/315/315 312/312/312
f 318/318/318 315/315/315 317/317/317
f 318/318/318 316/316/316 315/315/315
f 319/319/319 316/316/316 318/318/318
f 319/319/319 314/314/314 316/316/316
f 320/320/320 314/314/314 319/319/319
f 320/320/320 294/294/294 314/314/314
f 321/321/321 294/294/294 320/320/320
f 322/322/322 163/163/163 162/162/162
f 322/322/322 165/165/165 163/163/163
f 323/323/323 165/165/165 322/322/322
f 323/323/323 324/324/324 165/165/165
f 160/160/160 324/324/324 323/323/323
f 319/319/319 324/324/324 160/160/160
f 318/318/318 324/324/324 319/319/319
f 317/317/317 324/324/324 318/318/318
f 317/317/317 165/165/165 324/324/324
f 168/168/168 165/165/165 317/317/317
f 161/161/161 322/322/322 162/162/162
f 325/325/325 322/322/322 161/161/161
f 325/325/325 323/323/323 322/322/322
f 325/325/325 160/160/160 323/323/323
f 161/161/161 160/160/160 325/325/325
f 160/160/160 326/326/326 319/319/319
f 160/160/160 327/327/327 326/326/326
f 159/159/159 327/327/327 160/160/160
f 328/328/328 327/327/327 159/159/159
f 329/329/329 327/327/327 328/328/328
f 329/329/329 326/326/326 327/327/327
f 330/330/330 326/326/326 329/329/329
f 330/330/330 331/331/331 326/326/326
f 332/332/332 330/330/330 329/329/329
f 333/333/333 330/330/330 332/332/332
f 333/333/333 334/334/334 330/330/330
f 335/335/335 333/333/333 332/332/332
f 336/336/336 333/333/333 335/335/335
f 336/336/336 334/334/334 333/333/333
f 337/337/337 334/334/334 336/336/336
f 321/321/321 334/334/334 337/337/337
f 321/321/321 330/330/330 334/334/334
f 320/320/320 330/330/330 321/321/321
f 320/320/320 331/331/331 330/330/330
f 319/319/319 331/331/331 320/320/320
f 319/319/319 326/326/326 331/331/331
f 321/321/321 290/290/290 294/294/294
f 337/337/337 290/290/290 321/321/321
f 337/337/337 288/288/288 290/290/290
f 336/336/336 288/288/288 337/337/337
f 336/336/336 338/338/338 288/288/288
f 335/335/335 338/338/338 336/336/336
f 335/335/335 339/339/339 338/338/338
f 340/340/340 339/339/339 335/335/335
f 340/340/340 341/341/341 339/339/339
f 340/340/340 342/342/342 341/341/341
f 343/343/343 339/339/339 341/341/341
f 344/344/344 339/339/339 343/343/343
f 345/345/345 339/339/339 344/344/344
f 345/345/345 338/338/338 339/339/339
f 345/345/345 288/288/288 338/338/338
f 345/345/345 289/289/289 288/288/288
f 7/7/7 289/289/289 345/345/345
f 7/7/7 18/18/18 289/289/289
f 4/4/4 18/18/18 7/7/7
f 4/4/4 10/10/10 18/18/18
f 346/346/346 345/345/345 344/344/344
f 346/346/346 7/7/7 345/345/345
f 346/346/346 5/5/5 7/7/7
f 347/347/347 5/5/5 346/346/346
f 347/347/347 6/6/6 5/5/5
f 348/348/348 6/6/6 347/347/347
f 348/348/348 8/8/8 6/6/6
f 349/349/349 8/8/8 348/348/348
f 349/349/349 41/41/41 8/8/8
f 46/46/46 41/41/41 349/349/349
f 350/350/350 351/351/351 352/352/352
f 350/350/350 353/353/353 351/351/351
f 354/354/354 355/355/355 356/356/356
f 357/357/357 355/355/355 354/354/354
f 357/357/357 358/358/358 355/355/355
f 359/359/359 358/358/358 357/357/357
f 359/359/359 360/360/360 358/358/358
f 353/353/353 360/360/360 359/359/359
f 353/353/353 361/361/361 360/360/360
f 350/350/350 361/361/361 353/353/353
f 350/350/350 362/362/362 361/361/361
f 352/352/352 362/362/362 350/350/350
f 363/363/363 361/361/361 364/364/364
f 363/363/363 360/360/360 361/361/361
f 365/365/365 360/360/360 363/363/363
f 365/365/365 358/358/358 360/360/360
f 366/366/366 358/358/358 365/365/365
f 366/366/366 355/355/355 358/358/358
f 367/367/367 355/355/355 366/366/366
f 367/367/367 356/356/356 355/355/355
f 365/365/365 368/368/368 366/366/366
f 363/363/363 368/368/368 365/365/365
f 363/363/363 369/369/369 368/368/368
f 364/364/364 369/369/369 363/363/363
f 364/364/364 370/370/370 369/369/369
f 371/371/371 369/369/369 372/372/372
f 373/373/373 369/369/369 371/371/371
f 373/373/373 368/368/368 369/369/369
f 374/374/374 368/368/368 373/373/373
f 374/374/374 366/366/366 368/368/368
f 367/367/367 366/366/366 374/374/374
f 375/375/375 376/376/376 377/377/377
f 378/378/378 376/376/376 375/375/375
f 378/378/378 379/379/379 376/376/376
f 378/378/378 380/380/380 379/379/379
f 381/381/381 380/380/380 378/378/378
f 381/381/381 364/364/364 380/380/380
f 381/381/381 370/370/370 364/364/364
f 382/382/382 370/370/370 381/381/381
f 382/382/382 369/369/369 370/370/370
f 372/372/372 369/369/369 382/382/382
f 381/381/381 383/383/383 382/382/382
f 381/381/381 384/384/384 383/383/383
f 381/381/381 385/385/385 384/384/384
f 378/378/378 385/385/385 381/381/381
f 378/378/378 375/375/375 385/385/385
f 377/377/377 386/386/386 387/387/387
f 376/376/376 386/386/386 377/377/377
f 376/376/376 388/388/388 386/386/386
f 379/379/379 388/388/388 376/376/376
f 379/379/379 389/389/389 388/388/388
f 380/380/380 389/389/389 379/379/379
f 380/380/380 390/390/390 389/389/389
f 364/364/364 390/390/390 380/380/380
f 364/364/364 362/362/362 390/390/390
f 364/364/364 361/361/361 362/362/362
f 388/388/388 389/389/389 391/391/391
f 391/391/391 392/392/392 393/393/393
f 389/389/389 392/392/392 391/391/391
f 390/390/390 392/392/392 389/389/389
f 390/390/390 394/394/394 392/392/392
f 362/362/362 394/394/394 390/390/390
f 352/352/352 394/394/394 362/362/362
f 395/395/395 394/394/394 352/352/352
f 395/395/395 392/392/392 394/394/394
f 396/396/396 392/392/392 395/395/395
f 396/396/396 393/393/393 392/392/392
f 397/397/397 393/393/393 396/396/396
f 397/397/397 398/398/398 393/393/393
f 399/399/399 398/398/398 397/397/397
f 399/399/399 400/400/400 398/398/398
f 401/401/401 400/400/400 399/399/399
f 402/402/402 396/396/396 395/395/395
f 402/402/402 397/397/397 396/396/396
f 403/403/403 397/397/397 402/402/402
f 403/403/403 399/399/399 397/397/397
f 404/404/404 399/399/399 403/403/403
f 404/404/404 401/401/401 399/399/399
f 405/405/405 401/401/401 404/404/404
f 406/406/406 407/407/407 408/408/408
f 409/409/409 407/407/407 406/406/406
f 410/410/410 407/407/407 409/409/409
f 410/410/410 400/400/400 407/407/407
f 387/387/387 400/400/400 410/410/410
f 387/387/387 398/398/398 400/400/400
f 386/386/386 398/398/398 387/387/387
f 388/388/388 398/398/398 386/386/386
f 391/391/391 398/398/398 388/388/388
f 391/391/391 393/393/393 398/398/398
f 411/411/411 406/406/406 412/412/412
f 413/413/413 406/406/406 411/411/411
f 413/413/413 409/409/409 406/406/406
f 414/414/414 409/409/409 413/413/413
f 415/415/415 409/409/409 414/414/414
f 416/416/416 409/409/409 415/415/415
f 416/416/416 410/410/410 409/409/409
f 417/417/417 410/410/410 416/416/416
f 417/417/417 387/387/387 410/410/410
f 377/377/377 387/387/387 417/417/417
f 401/401/401 407/407/407 400/400/400
f 405/405/405 407/407/407 401/401/401
f 405/405/405 408/408/408 407/407/407
f 418/418/418 408/408/408 405/405/405
f 418/418/418 419/419/419 408/408/408
f 420/420/420 419/419/419 418/418/418
f 421/421/421 419/419/419 420/420/420
f 421/421/421 408/408/408 419/419/419
f 412/412/412 408/408/408 421/421/421
f 412/412/412 406/406/406 408/408/408
f 422/422/422 412/412/412 421/421/421
f 411/411/411 412/412/412 422/422/422
f 423/423/423 404/404/404 424/424/424
f 423/423/423 405/405/405 404/404/404
f 423/423/423 418/418/418 405/405/405
f 425/425/425 418/418/418 423/423/423
f 426/426/426 418/418/418 425/425/425
f 426/426/426 420/420/420 418/418/418
f 427/427/427 428/428/428 429/429/429
f 430/430/430 428/428/428 427/427/427
f 430/430/430 424/424/424 428/428/428
f 431/431/431 424/424/424 430/430/430
f 431/431/431 423/423/423 424/424/424
f 425/425/425 423/423/423 431/431/431
f 430/430/430 432/432/432 431/431/431
f 430/430/430 433/433/433 432/432/432
f 430/430/430 434/434/434 433/433/433
f 427/427/427 434/434/434 430/430/430
f 433/433/433 434/434/434 435/435/435
f 436/436/436 351/351/351 437/437/437
f 436/436/436 352/352/352 351/351/351
f 436/436/436 395/395/395 352/352/352
f 438/438/438 395/395/395 436/436/436
f 429/429/429 395/395/395 438/438/438
f 429/429/429 402/402/402 395/395/395
f 428/428/428 402/402/402 429/429/429
f 428/428/428 403/403/403 402/402/402
f 424/424/424 403/403/403 428/428/428
f 424/424/424 404/404/404 403/403/403
f 437/437/437 438/438/438 436/436/436
f 437/437/437 439/439/439 438/438/438
f 440/440/440 439/439/439 437/437/437
f 440/440/440 441/441/441 439/439/439
f 442/442/442 441/441/441 440/440/440
f 443/443/443 439/439/439 441/441/441
f 444/444/444 439/439/439 443/443/443
f 444/444/444 438/438/438 439/439/439
f 444/444/444 443/443/443 445/445/445
f 438/438/438 427/427/427 429/429/429
f 444/444/444 427/427/427 438/438/438
f 444/444/444 434/434/434 427/427/427
f 445/445/445 434/434/434 444/444/444
f 445/445/445 435/435/435 434/434/434
f 443/443/443 435/435/435 445/445/445
f 443/443/443 446/446/446 435/435/435
f 441/441/441 446/446/446 443/443/443
f 441/441/441 447/447/447 446/446/446
f 441/441/441 448/448/448 447/447/447
f 442/442/442 448/448/448 441/441/441
f 442/442/442 449/449/449 448/448/448
f 450/450/450 449/449/449 442/442/442
f 450/450/450 451/451/451 449/449/449
f 452/452/452 451/451/451 450/450/450
f 452/452/452 453/453/453 451/451/451
f 454/454/454 453/453/453 452/452/452
f 454/454/454 455/455/455 453/453/453
f 456/456/456 455/455/455 454/454/454
f 456/456/456 457/457/457 455/455/455
f 458/458/458 457/457/457 459/459/459
f 458/458/458 455/455/455 457/457/457
f 452/452/452 456/456/456 454/454/454
f 452/452/452 460/460/460 456/456/456
f 450/450/450 460/460/460 452/452/452
f 450/450/450 461/461/461 460/460/460
f 442/442/442 461/461/461 450/450/450
f 442/442/442 462/462/462 461/461/461
f 440/440/440 462/462/462 442/442/442
f 440/440/440 463/463/463 462/462/462
f 437/437/437 463/463/463 440/440/440
f 437/437/437 351/351/351 463/463/463
f 464/464/464 465/465/465 466/466/466
f 464/464/464 357/357/357 465/465/465
f 464/464/464 359/359/359 357/357/357
f 464/464/464 353/353/353 359/359/359
f 467/467/467 353/353/353 464/464/464
f 467/467/467 351/351/351 353/353/353
f 467/467/467 463/463/463 351/351/351
f 466/466/466 463/463/463 467/467/467
f 466/466/466 462/462/462 463/463/463
f 465/465/465 462/462/462 466/466/466
f 464/464/464 466/466/466 467/467/467
f 468/468/468 357/357/357 354/354/354
f 468/468/468 465/465/465 357/357/357
f 468/468/468 469/469/469 465/465/465
f 470/470/470 469/469/469 468/468/468
f 465/465/465 461/461/461 462/462/462
f 469/469/469 461/461/461 465/465/465
f 469/469/469 460/460/460 461/461/461
f 470/470/470 460/460/460 469/469/469
f 470/470/470 456/456/456 460/460/460
f 470/470/470 471/471/471 456/456/456
f 470/470/470 472/472/472 471/471/471
f 470/470/470 473/473/473 472/472/472
f 468/468/468 473/473/473 470/470/470
f 468/468/468 354/354/354 473/473/473
f 471/471/471 457/457/457 456/456/456
f 471/471/471 459/459/459 457/457/457
f 471/471/471 474/474/474 459/459/459
f 472/472/472 474/474/474 471/471/471
f 472/472/472 475/475/475 474/474/474
f 472/472/472 476/476/476 475/475/475
f 472/472/472 477/477/477 476/476/476
f 473/473/473 477/477/477 472/472/472
f 473/473/473 356/356/356 477/477/477
f 354/354/354 356/356/356 473/473/473
f 478/478/478 479/479/479 480/480/480
f 478/478/478 481/481/481 482/482/482
f 480/480/480 481/481/481 478/478/478
f 480/480/480 483/483/483 481/481/481
f 484/484/484 483/483/483 480/480/480
f 484/484/484 485/485/485 483/483/483
f 484/484/484 486/486/486 485/485/485
f 484/484/484 487/487/487 486/486/486
f 480/480/480 487/487/487 484/484/484
f 485/485/485 488/488/488 489/489/489
f 485/485/485 490/490/490 488/488/488
f 486/486/486 490/490/490 485/485/485
f 486/486/486 491/491/491 490/490/490
f 487/487/487 491/491/491 486/486/486
f 487/487/487 492/492/492 491/491/491
f 480/480/480 492/492/492 487/487/487
f 480/480/480 493/493/493 492/492/492
f 479/479/479 493/493/493 480/480/480
f 479/479/479 494/494/494 493/493/493
f 491/491/491 493/493/493 494/494/494
f 491/491/491 492/492/492 493/493/493
f 495/495/495 489/489/489 496/496/496
f 91/497/91 489/489/489 488/488/488
f 92/498/92 489/489/489 91/497/91
f 92/498/92 496/496/496 489/489/489
f 497/499/497 496/496/496 92/498/92
f 498/500/498 93/501/93 499/502/499
f 498/500/498 92/498/92 93/501/93
f 498/500/498 497/499/497 92/498/92
f 500/503/500 497/499/497 498/500/498
f 500/503/500 496/496/496 497/499/497
f 501/504/501 496/496/496 500/503/500
f 501/504/501 495/495/495 496/496/496
f 502/505/502 495/495/495 501/504/501
f 502/505/502 489/489/489 495/495/495
f 485/485/485 489/489/489 502/505/502
f 499/502/499 500/503/500 498/500/498
f 503/506/503 500/503/500 499/502/499
f 503/506/503 501/504/501 500/503/500
f 504/507/504 501/504/501 503/506/503
f 504/507/504 502/505/502 501/504/501
f 505/508/505 502/505/502 504/507/504
f 505/508/505 485/485/485 502/505/502
f 506/509/506 485/485/485 505/508/505
f 506/509/506 483/483/483 485/485/485
f 507/510/507 483/483/483 506/509/506
f 507/510/507 505/508/505 504/507/504
f 506/509/506 505/508/505 507/510/507
f 507/510/507 481/481/481 483/483/483
f 507/510/507 482/482/482 481/481/481
f 504/507/504 482/482/482 507/510/507
f 504/507/504 503/506/503 482/482/482
f 503/506/503 499/502/499 508/511/508
f 509/512/509 93/501/93 94/513/94
f 509/512/509 499/502/499 93/501/93
f 510/514/510 499/502/499 509/512/509
f 510/514/510 508/511/508 499/502/499
f 511/515/511 508/511/508 510/514/510
f 511/515/511 503/506/503 508/511/508
f 512/516/512 503/506/503 511/515/511
f 512/516/512 482/482/482 503/506/503
f 513/517/513 482/482/482 512/516/512
f 478/478/478 482/482/482 513/517/513
f 514/518/514 494/494/494 479/479/479
f 514/518/514 94/513/94 494/494/494
f 515/519/515 94/513/94 514/518/514
f 515/519/515 509/512/509 94/513/94
f 516/520/516 509/512/509 515/519/515
f 516/520/516 510/514/510 509/512/509
f 517/521/517 510/514/510 516/520/516
f 517/521/517 511/515/511 510/514/510
f 518/522/518 511/515/511 517/521/517
f 518/522/518 512/516/512 511/515/511
f 519/523/519 517/521/517 516/520/516
f 520/524/520 516/520/516 521/525/521
f 520/524/520 519/523/519 516/520/516
f 522/526/522 519/523/519 520/524/520
f 522/526/522 517/521/517 519/523/519
f 518/522/518 517/521/517 522/526/522
f 523/527/523 520/524/520 521/525/521
f 522/526/522 512/516/512 518/522/518
f 522/526/522 513/517/513 512/516/512
f 520/524/520 513/517/513 522/526/522
f 520/524/520 478/478/478 513/517/513
f 523/527/523 478/478/478 520/524/520
f 523/527/523 479/479/479 478/478/478
f 523/527/523 514/518/514 479/479/479
f 521/525/521 514/518/514 523/527/523
f 521/525/521 515/519/515 514/518/514
f 521/525/521 516/520/516 515/519/515
f 524/528/524 525/529/525 526/530/526
f 526/530/526 527/531/527 524/528/524
f 526/530/526 22/532/22 527/531/527
f 526/530/526 20/533/20 22/532/22
f 525/529/525 20/533/20 526/530/526
f 525/529/525 13/534/13 20/533/20
f 525/529/525 12/535/12 13/534/13
f 528/536/528 12/535/12 525/529/525
f 528/536/528 529/537/529 12/535/12
f 530/538/530 529/537/529 528/536/528
f 530/538/530 531/539/531 529/537/529
f 527/531/527 22/532/22 300/540/300
f 527/531/527 532/541/532 524/528/524
f 533/542/533 534/543/534 535/544/535
f 533/542/533 536/545/536 534/543/534
f 537/546/537 536/545/536 533/542/533
f 537/546/537 538/547/538 536/545/536
f 532/541/532 538/547/538 537/546/537
f 532/541/532 539/548/539 538/547/538
f 527/531/527 539/548/539 532/541/532
f 527/531/527 540/549/540 539/548/539
f 300/540/300 540/549/540 527/531/527
f 300/540/300 541/550/541 540/549/540
f 540/549/540 538/547/538 539/548/539
f 540/549/540 541/550/541 538/547/538
f 542/551/542 541/550/541 300/540/300
f 542/551/542 538/547/538 541/550/541
f 543/552/543 538/547/538 542/551/542
f 543/552/543 536/545/536 538/547/538
f 544/553/544 536/545/536 543/552/543
f 544/553/544 545/554/545 536/545/536
f 546/555/546 545/554/545 544/553/544
f 546/555/546 547/556/547 545/554/545
f 548/557/548 547/556/547 546/555/546
f 548/557/548 549/558/549 547/556/547
f 550/559/550 545/554/545 547/556/547
f 551/560/551 549/558/549 552/561/552
f 551/560/551 547/556/547 549/558/549
f 553/562/553 547/556/547 551/560/551
f 553/562/553 550/559/550 547/556/547
f 554/563/554 550/559/550 553/562/553
f 554/563/554 545/554/545 550/559/550
f 534/543/534 545/554/545 554/563/554
f 534/543/534 536/545/536 545/554/545
f 555/564/555 531/539/531 530/538/530
f 555/564/555 552/561/552 531/539/531
f 556/565/556 552/561/552 555/564/555
f 556/565/556 551/560/551 552/561/552
f 557/566/557 551/560/551 556/565/556
f 557/566/557 553/562/553 551/560/551
f 558/567/558 553/562/553 557/566/557
f 558/567/558 554/563/554 553/562/553
f 535/544/535 554/563/554 558/567/558
f 535/544/535 534/543/534 554/563/554
f 557/566/557 556/565/556 555/564/555
f 559/568/559 532/541/532 537/546/537
f 559/568/559 524/528/524 532/541/532
f 560/569/560 524/528/524 559/568/559
f 560/569/560 525/529/525 524/528/524
f 561/570/561 525/529/525 560/569/560
f 561/570/561 528/536/528 525/529/525
f 561/570/561 530/538/530 528/536/528
f 562/571/562 530/538/530 561/570/561
f 562/571/562 555/564/555 530/538/530
f 533/542/533 555/564/555 562/571/562
f 535/544/535 555/564/555 533/542/533
f 535/544/535 557/566/557 555/564/555
f 558/567/558 557/566/557 535/544/535
f 560/569/560 562/571/562 561/570/561
f 559/568/559 562/571/562 560/569/560
f 559/568/559 533/542/533 562/571/562
f 537/546/537 533/542/533 559/568/559
f 563/572/563 564/573/563 565/574/564
f 563/572/563 566/575/565 564/573/563
f 567/576/566 568/577/567 569/578/568
f 567/576/566 570/579/569 568/577/567
f 571/580/570 572/581/571 573/582/572
f 574/583/573 572/581/571 571/580/570
f 574/583/573 575/584/574 572/581/571
f 569/578/568 575/584/574 574/583/573
f 569/578/568 576/585/575 575/584/574
f 569/578/568 577/586/576 576/585/575
f 568/577/567 577/586/576 569/578/568
f 568/577/567 578/587/577 577/586/576
f 570/579/569 578/587/577 568/577/567
f 570/579/569 579/588/578 578/587/577
f 579/588/578 580/589/579 578/587/577
f 579/588/578 581/590/580 580/589/579
f 582/591/581 583/592/582 584/593/583
f 582/591/581 585/594/584 583/592/582
f 581/590/580 585/594/584 582/591/581
f 581/590/580 586/595/585 585/594/584
f 579/588/578 586/595/585 581/590/580
f 579/588/578 587/596/586 586/595/585
f 588/597/587 587/596/586 579/588/578
f 588/597/587 589/598/588 587/596/586
f 590/599/589 589/598/588 588/597/587
f 587/596/586 585/594/584 586/595/585
f 587/596/586 583/592/582 585/594/584
f 567/576/566 579/588/578 570/579/569
f 567/576/566 588/597/587 579/588/578
f 591/600/590 588/597/587 567/576/566
f 591/600/590 590/599/589 588/597/587
f 592/601/591 590/599/589 591/600/590
f 592/601/591 589/598/588 590/599/589
f 593/602/592 589/598/588 592/601/591
f 593/602/592 594/603/593 589/598/588
f 595/604/594 594/603/593 593/602/592
f 595/604/594 596/605/595 594/603/593
f 597/606/596 592/601/591 591/600/590
f 571/580/570 569/578/568 574/583/573
f 571/580/570 567/576/566 569/578/568
f 598/607/597 567/576/566 571/580/570
f 598/607/597 591/600/590 567/576/566
f 598/607/597 597/606/596 591/600/590
f 599/608/598 597/606/596 598/607/597
f 600/609/599 597/606/596 599/608/598
f 601/610/600 597/606/596 600/609/599
f 602/611/601 597/606/596 601/610/600
f 603/612/602 597/606/596 602/611/601
f 603/612/602 592/601/591 597/606/596
f 593/602/592 592/601/591 603/612/602
f 601/610/600 604/613/603 602/611/601
f 601/610/600 605/614/604 604/613/603
f 600/609/599 605/614/604 601/610/600
f 600/609/599 606/615/605 605/614/604
f 600/609/599 607/616/606 606/615/605
f 599/608/598 607/616/606 600/609/599
f 599/608/598 608/617/607 607/616/606
f 598/607/597 608/617/607 599/608/598
f 598/607/597 573/582/572 608/617/607
f 571/580/570 573/582/572 598/607/597
f 609/618/608 573/582/572 572/581/571
f 609/618/608 608/617/607 573/582/572
f 609/618/608 610/619/609 608/617/607
f 609/618/608 611/620/610 610/619/609
f 572/581/571 611/620/610 609/618/608
f 572/581/571 612/621/611 611/620/610
f 575/584/574 612/621/611 572/581/571
f 411/622/411 613/623/612 413/624/413
f 413/624/413 614/625/613 414/626/414
f 613/623/612 614/625/613 413/624/413
f 613/623/612 615/627/614 614/625/613
f 616/628/615 615/627/614 613/623/612
f 616/628/615 617/629/616 615/627/614
f 618/630/617 619/631/618 620/632/619
f 621/633/620 619/631/618 618/630/617
f 621/633/620 622/634/621 619/631/618
f 617/629/616 622/634/621 621/633/620
f 617/629/616 623/635/622 622/634/621
f 616/628/615 623/635/622 617/629/616
f 616/628/615 624/636/623 623/635/622
f 613/623/612 624/636/623 616/628/615
f 613/623/612 625/637/624 624/636/623
f 411/622/411 625/637/624 613/623/612
f 626/638/625 619/631/618 622/634/621
f 626/638/625 627/639/626 619/631/618
f 628/640/627 627/639/626 626/638/625
f 629/641/628 624/636/623 625/637/624
f 630/642/629 624/636/623 629/641/628
f 630/642/629 623/635/622 624/636/623
f 630/642/629 622/634/621 623/635/622
f 631/643/630 622/634/621 630/642/629
f 631/643/630 626/638/625 622/634/621
f 632/644/631 626/638/625 631/643/630
f 632/644/631 628/640/627 626/638/625
f 632/644/631 633/645/632 628/640/627
f 634/646/633 633/645/632 632/644/631
f 634/646/633 635/647/634 633/645/632
f 636/648/635 635/647/634 637/649/636
f 638/650/637 635/647/634 636/648/635
f 638/650/637 633/645/632 635/647/634
f 639/651/638 633/645/632 638/650/637
f 639/651/638 628/640/627 633/645/632
f 640/652/639 628/640/627 639/651/638
f 640/652/639 627/639/626 628/640/627
f 641/653/640 627/639/626 640/652/639
f 620/632/619 627/639/626 641/653/640
f 620/632/619 619/631/618 627/639/626
f 642/654/641 643/655/642 644/656/643
f 642/654/641 645/657/644 643/655/642
f 639/651/638 645/657/644 642/654/641
f 638/650/637 645/657/644 639/651/638
f 638/650/637 646/658/645 645/657/644
f 636/648/635 646/658/645 638/650/637
f 647/659/646 648/660/647 649/661/648
f 650/662/649 648/660/647 647/659/646
f 650/662/649 651/663/650 648/660/647
f 643/655/642 651/663/650 650/662/649
f 643/655/642 646/658/645 651/663/650
f 645/657/644 646/658/645 643/655/642
f 647/659/646 652/664/651 650/662/649
f 653/665/652 649/661/648 654/666/653
f 653/665/652 647/659/646 649/661/648
f 655/667/654 647/659/646 653/665/652
f 655/667/654 652/664/651 647/659/646
f 656/668/655 652/664/651 655/667/654
f 657/669/656 652/664/651 656/668/655
f 658/670/657 652/664/651 657/669/656
f 658/670/657 650/662/649 652/664/651
f 644/656/643 650/662/649 658/670/657
f 644/656/643 643/655/642 650/662/649
f 658/670/657 657/669/656 644/656/643
f 653/665/652 659/671/658 655/667/654
f 655/667/654 660/672/659 656/668/655
f 655/667/654 661/673/660 660/672/659
f 659/671/658 661/673/660 655/667/654
f 659/671/658 459/674/459 661/673/660
f 659/671/658 458/675/458 459/674/459
f 653/665/652 458/675/458 659/671/658
f 653/665/652 455/676/455 458/675/458
f 654/666/653 455/676/455 653/665/652
f 654/666/653 453/677/453 455/676/455
f 654/666/653 662/678/661 453/677/453
f 663/679/662 661/673/660 664/680/663
f 663/679/662 660/672/659 661/673/660
f 665/681/664 660/672/659 663/679/662
f 474/682/474 661/673/660 459/674/459
f 474/682/474 664/680/663 661/673/660
f 475/683/475 664/680/663 474/682/474
f 642/654/641 640/652/639 639/651/638
f 642/654/641 666/684/665 640/652/639
f 644/656/643 666/684/665 642/654/641
f 644/656/643 667/685/666 666/684/665
f 657/669/656 667/685/666 644/656/643
f 657/669/656 668/686/667 667/685/666
f 657/669/656 669/687/668 668/686/667
f 657/669/656 665/681/664 669/687/668
f 656/668/655 665/681/664 657/669/656
f 656/668/655 660/672/659 665/681/664
f 670/688/669 667/685/666 668/686/667
f 670/688/669 666/684/665 667/685/666
f 641/653/640 666/684/665 670/688/669
f 641/653/640 640/652/639 666/684/665
f 671/689/670 672/690/671 673/691/672
f 671/689/670 674/692/673 672/690/671
f 96/96/96 671/689/670 94/94/94
f 98/98/98 671/689/670 96/96/96
f 98/98/98 674/692/673 671/689/670
f 270/270/270 674/692/673 98/98/98
f 266/266/266 674/692/673 270/270/270
f 266/266/266 672/690/671 674/692/673
f 265/265/265 672/690/671 266/266/266
f 265/265/265 673/691/672 672/690/671
f 264/264/264 673/691/672 265/265/265
f 264/264/264 675/693/674 673/691/672
f 490/694/490 673/691/672 675/693/674
f 491/695/491 673/691/672 490/694/490
f 494/696/494 673/691/672 491/695/491
f 494/696/494 671/689/670 673/691/672
f 94/94/94 671/689/670 494/696/494
f 91/91/91 676/697/675 90/90/90
f 488/698/488 676/697/675 91/91/91
f 490/694/490 676/697/675 488/698/488
f 490/694/490 677/699/676 676/697/675
f 675/693/674 677/699/676 490/694/490
f 675/693/674 678/700/677 677/699/676
f 31/31/31 679/701/678 27/27/27
f 37/37/37 679/701/678 31/31/31
f 90/90/90 679/701/678 37/37/37
f 90/90/90 680/702/679 679/701/678
f 676/697/675 680/702/679 90/90/90
f 676/697/675 681/703/680 680/702/679
f 677/699/676 681/703/680 676/697/675
f 677/699/676 682/704/681 681/703/680
f 678/700/677 682/704/681 677/699/676
f 683/705/682 682/704/681 678/700/677
f 684/706/683 682/704/681 683/705/682
f 684/706/683 681/703/680 682/704/681
f 685/707/684 681/703/680 684/706/683
f 685/707/684 680/702/679 681/703/680
f 305/305/305 686/708/685 687/709/686
f 688/710/687 686/708/685 305/305/305
f 688/710/687 689/711/688 686/708/685
f 690/712/689 689/711/688 688/710/687
f 690/712/689 691/713/690 689/711/688
f 685/707/684 691/713/690 690/712/689
f 685/707/684 692/714/691 691/713/690
f 684/706/683 692/714/691 685/707/684
f 684/706/683 693/715/692 692/714/691
f 683/705/682 693/715/692 684/706/683
f 694/716/693 687/709/686 686/708/685
f 695/717/694 687/709/686 694/716/693
f 695/717/694 696/718/695 687/709/686
f 697/719/696 695/717/694 694/716/693
f 208/208/208 698/720/697 207/207/207
f 699/721/698 698/720/697 208/208/208
f 699/721/698 697/719/696 698/720/697
f 700/722/699 697/719/696 699/721/698
f 700/722/699 695/717/694 697/719/696
f 311/311/311 695/717/694 700/722/699
f 311/311/311 696/718/695 695/717/694
f 302/302/302 696/718/695 311/311/311
f 302/302/302 687/709/686 696/718/695
f 305/305/305 687/709/686 302/302/302
f 701/723/700 699/721/698 208/208/208
f 701/723/700 700/722/699 699/721/698
f 702/724/701 700/722/699 701/723/700
f 703/725/702 700/722/699 702/724/701
f 703/725/702 311/311/311 700/722/699
f 310/310/310 311/311/311 703/725/702
f 193/193/193 208/208/208 198/198/198
f 193/193/193 701/723/700 208/208/208
f 183/183/183 701/723/700 193/193/193
f 183/183/183 702/724/701 701/723/700
f 182/182/182 702/724/701 183/183/183
f 182/182/182 703/725/702 702/724/701
f 185/185/185 703/725/702 182/182/182
f 185/185/185 310/310/310 703/725/702
f 179/179/179 310/310/310 185/185/185
f 179/179/179 309/309/309 310/310/310
f 421/726/421 420/727/420 704/728/703
f 422/729/422 625/637/624 411/622/411
f 422/729/422 629/641/628 625/637/624
f 421/726/421 629/641/628 422/729/422
f 421/726/421 705/730/704 629/641/628
f 704/728/703 705/730/704 421/726/421
f 704/728/703 706/731/705 705/730/704
f 707/732/706 706/731/705 704/728/703
f 708/733/707 706/731/705 707/732/706
f 708/733/707 709/734/708 706/731/705
f 710/735/709 709/734/708 708/733/707
f 710/735/709 634/646/633 709/734/708
f 711/736/710 634/646/633 710/735/709
f 711/736/710 635/647/634 634/646/633
f 637/649/636 635/647/634 711/736/710
f 712/737/711 630/642/629 629/641/628
f 713/738/712 630/642/629 712/737/711
f 713/738/712 631/643/630 630/642/629
f 713/738/712 632/644/631 631/643/630
f 713/738/712 634/646/633 632/644/631
f 713/738/712 709/734/708 634/646/633
f 712/737/711 709/734/708 713/738/712
f 712/737/711 706/731/705 709/734/708
f 712/737/711 705/730/704 706/731/705
f 629/641/628 705/730/704 712/737/711
f 19/739/19 10/740/10 714/741/713
f 548/557/548 714/741/713 10/740/10
f 546/555/546 714/741/713 548/557/548
f 544/553/544 714/741/713 546/555/546
f 543/552/543 714/741/713 544/553/544
f 543/552/543 19/739/19 714/741/713
f 542/551/542 19/739/19 543/552/543
f 542/551/542 300/540/300 19/739/19
f 10/740/10 549/558/549 548/557/548
f 11/742/11 549/558/549 10/740/10
f 11/742/11 552/561/552 549/558/549
f 715/743/714 552/561/552 11/742/11
f 715/743/714 531/539/531 552/561/552
f 715/743/714 529/537/529 531/539/531
f 715/743/714 12/535/12 529/537/529
f 11/742/11 12/535/12 715/743/714
f 207/207/207 716/744/715 206/206/206
f 717/745/716 716/744/715 207/207/207
f 718/746/717 716/744/715 717/745/716
f 718/746/717 719/747/718 716/744/715
f 698/720/697 717/745/716 207/207/207
f 720/748/719 717/745/716 698/720/697
f 721/749/720 717/745/716 720/748/719
f 721/749/720 718/746/717 717/745/716
f 722/750/721 718/746/717 721/749/720
f 722/750/721 719/747/718 718/746/717
f 722/750/721 723/751/722 719/747/718
f 724/752/723 723/751/722 722/750/721
f 725/753/724 698/720/697 697/719/696
f 725/753/724 720/748/719 698/720/697
f 724/752/723 726/754/725 723/751/722
f 724/752/723 727/755/726 726/754/725
f 722/750/721 727/755/726 724/752/723
f 722/750/721 728/756/727 727/755/726
f 721/749/720 728/756/727 722/750/721
f 721/749/720 729/757/728 728/756/727
f 720/748/719 729/757/728 721/749/720
f 720/748/719 730/758/729 729/757/728
f 725/753/724 730/758/729 720/748/719
f 725/753/724 731/759/730 730/758/729
f 732/760/731 733/761/732 734/762/733
f 726/754/725 733/761/732 732/760/731
f 727/755/726 733/761/732 726/754/725
f 727/755/726 735/763/734 733/761/732
f 728/756/727 735/763/734 727/755/726
f 728/756/727 736/764/735 735/763/734
f 729/757/728 736/764/735 728/756/727
f 730/758/729 736/764/735 729/757/728
f 730/758/729 737/765/736 736/764/735
f 731/759/730 737/765/736 730/758/729
f 738/766/737 736/764/735 737/765/736
f 739/767/738 740/768/739 741/769/740
f 742/770/741 740/768/739 739/767/738
f 743/771/742 740/768/739 742/770/741
f 734/762/733 740/768/739 743/771/742
f 733/761/732 740/768/739 734/762/733
f 735/763/734 740/768/739 733/761/732
f 735/763/734 744/772/743 740/768/739
f 736/764/735 744/772/743 735/763/734
f 736/764/735 745/773/744 744/772/743
f 738/766/737 745/773/744 736/764/735
f 738/766/737 746/774/745 745/773/744
f 737/765/736 746/774/745 738/766/737
f 737/765/736 747/775/746 746/774/745
f 744/772/743 741/769/740 740/768/739
f 744/772/743 748/776/747 741/769/740
f 745/773/744 748/776/747 744/772/743
f 745/773/744 746/774/745 748/776/747
f 731/759/730 747/775/746 737/765/736
f 749/777/748 747/775/746 731/759/730
f 750/778/749 747/775/746 749/777/748
f 751/779/750 747/775/746 750/778/749
f 751/779/750 746/774/745 747/775/746
f 752/780/751 746/774/745 751/779/750
f 752/780/751 748/776/747 746/774/745
f 753/781/752 748/776/747 752/780/751
f 753/781/752 741/769/740 748/776/747
f 739/767/738 741/769/740 753/781/752
f 753/781/752 742/770/741 739/767/738
f 697/719/696 731/759/730 725/753/724
f 697/719/696 749/777/748 731/759/730
f 694/716/693 749/777/748 697/719/696
f 694/716/693 750/778/749 749/777/748
f 686/708/685 750/778/749 694/716/693
f 689/711/688 750/778/749 686/708/685
f 691/713/690 750/778/749 689/711/688
f 691/713/690 751/779/750 750/778/749
f 692/714/691 751/779/750 691/713/690
f 692/714/691 752/780/751 751/779/750
f 693/715/692 752/780/751 692/714/691
f 693/715/692 753/781/752 752/780/751
f 754/782/753 753/781/752 693/715/692
f 754/782/753 742/770/741 753/781/752
f 755/783/754 742/770/741 754/782/753
f 755/783/754 743/771/742 742/770/741
f 756/784/755 743/771/742 755/783/754
f 757/785/756 743/771/742 756/784/755
f 757/785/756 734/762/733 743/771/742
f 732/760/731 734/762/733 757/785/756
f 683/705/682 754/782/753 693/715/692
f 758/786/757 754/782/753 683/705/682
f 758/786/757 755/783/754 754/782/753
f 759/787/758 755/783/754 758/786/757
f 759/787/758 756/784/755 755/783/754
f 225/225/225 756/784/755 759/787/758
f 225/225/225 757/785/756 756/784/755
f 760/788/759 757/785/756 225/225/225
f 760/788/759 732/760/731 757/785/756
f 761/789/760 732/760/731 760/788/759
f 225/225/225 759/787/758 226/226/226
f 762/790/761 204/204/204 205/205/205
f 763/791/762 204/204/204 762/790/761
f 763/791/762 210/210/210 204/204/204
f 764/792/763 210/210/210 763/791/762
f 764/792/763 214/214/214 210/210/210
f 765/793/764 214/214/214 764/792/763
f 761/789/760 214/214/214 765/793/764
f 760/788/759 214/214/214 761/789/760
f 760/788/759 215/215/215 214/214/214
f 225/225/225 215/215/215 760/788/759
f 764/792/763 766/794/765 765/793/764
f 763/791/762 766/794/765 764/792/763
f 763/791/762 767/795/766 766/794/765
f 762/790/761 767/795/766 763/791/762
f 761/789/760 726/754/725 732/760/731
f 765/793/764 726/754/725 761/789/760
f 765/793/764 723/751/722 726/754/725
f 766/794/765 723/751/722 765/793/764
f 766/794/765 719/747/718 723/751/722
f 767/795/766 719/747/718 766/794/765
f 767/795/766 716/744/715 719/747/718
f 762/790/761 716/744/715 767/795/766
f 762/790/761 206/206/206 716/744/715
f 762/790/761 205/205/205 206/206/206
f 768/796/767 769/797/768 770/798/769
f 770/798/769 771/799/770 772/800/771
f 769/797/768 771/799/770 770/798/769
f 769/797/768 342/342/342 771/799/770
f 773/801/772 342/342/342 340/340/340
f 773/801/772 771/799/770 342/342/342
f 774/802/773 771/799/770 773/801/772
f 774/802/773 772/800/771 771/799/770
f 774/802/773 775/803/774 772/800/771
f 138/138/138 775/803/774 774/802/773
f 138/138/138 776/804/775 775/803/774
f 136/136/136 776/804/775 138/138/138
f 136/136/136 122/122/122 776/804/775
f 126/126/126 122/122/122 136/136/136
f 139/139/139 159/159/159 150/150/150
f 137/137/137 159/159/159 139/139/139
f 137/137/137 328/328/328 159/159/159
f 138/138/138 328/328/328 137/137/137
f 774/802/773 328/328/328 138/138/138
f 774/802/773 329/329/329 328/328/328
f 773/801/772 329/329/329 774/802/773
f 340/340/340 329/329/329 773/801/772
f 340/340/340 332/332/332 329/329/329
f 335/335/335 332/332/332 340/340/340
f 777/805/776 778/806/777 779/807/778
f 780/808/779 778/806/777 777/805/776
f 780/808/779 781/809/780 778/806/777
f 782/810/781 779/807/778 3/811/3
f 782/810/781 777/805/776 779/807/778
f 593/602/592 777/805/776 782/810/781
f 593/602/592 780/808/779 777/805/776
f 603/612/602 780/808/779 593/602/592
f 603/612/602 781/809/780 780/808/779
f 603/612/602 783/812/782 781/809/780
f 603/612/602 784/813/783 783/812/782
f 602/611/601 784/813/783 603/612/602
f 602/611/601 604/613/603 784/813/783
f 2/814/2 782/810/781 3/811/3
f 595/604/594 782/810/781 2/814/2
f 595/604/594 593/602/592 782/810/781
f 2/814/2 596/605/595 595/604/594
f 1/815/1 596/605/595 2/814/2
f 1/815/1 785/816/784 596/605/595
f 786/817/785 785/816/784 1/815/1
f 786/817/785 787/818/786 785/816/784
f 788/819/787 787/818/786 786/817/785
f 788/819/787 789/820/788 787/818/786
f 790/821/789 789/820/788 788/819/787
f 790/821/789 583/592/582 789/820/788
f 584/593/583 583/592/582 790/821/789
f 594/603/593 587/596/586 589/598/588
f 791/822/790 587/596/586 594/603/593
f 791/822/790 583/592/582 587/596/586
f 791/822/790 789/820/788 583/592/582
f 791/822/790 787/818/786 789/820/788
f 594/603/593 787/818/786 791/822/790
f 594/603/593 792/823/791 787/818/786
f 596/605/595 792/823/791 594/603/593
f 785/816/784 792/823/791 596/605/595
f 785/816/784 787/818/786 792/823/791
f 793/824/792 794/825/793 795/826/794
f 793/824/792 796/827/795 794/825/793
f 797/828/796 796/827/795 793/824/792
f 798/829/797 796/827/795 797/828/796
f 799/830/798 796/827/795 798/829/797
f 799/830/798 800/831/799 796/827/795
f 801/832/800 798/829/797 797/828/796
f 802/833/801 801/832/800 803/834/802
f 802/833/801 798/829/797 801/832/800
f 804/835/803 798/829/797 802/833/801
f 804/835/803 799/830/798 798/829/797
f 805/836/804 799/830/798 804/835/803
f 805/836/804 800/831/799 799/830/798
f 805/836/804 806/837/805 800/831/799
f 807/838/806 806/837/805 805/836/804
f 805/836/804 804/835/803 808/839/807
f 808/839/807 809/840/808 805/836/804
f 808/839/807 810/841/809 809/840/808
f 808/839/807 811/842/810 810/841/809
f 804/835/803 811/842/810 808/839/807
f 804/835/803 802/833/801 811/842/810
f 811/842/810 812/843/811 810/841/809
f 811/842/810 813/844/812 812/843/811
f 802/833/801 813/844/812 811/842/810
f 802/833/801 803/834/802 813/844/812
f 814/845/813 815/846/814 816/847/815
f 814/845/813 817/848/816 815/846/814
f 818/849/817 817/848/816 814/845/813
f 805/836/804 817/848/816 818/849/817
f 805/836/804 815/846/814 817/848/816
f 809/840/808 815/846/814 805/836/804
f 809/840/808 816/847/815 815/846/814
f 810/841/809 816/847/815 809/840/808
f 810/841/809 819/850/818 816/847/815
f 810/841/809 812/843/811 819/850/818
f 819/850/818 814/845/813 816/847/815
f 814/845/813 820/851/819 821/852/820
f 819/850/818 820/851/819 814/845/813
f 819/850/818 822/853/821 820/851/819
f 819/850/818 823/854/822 822/853/821
f 812/843/811 823/854/822 819/850/818
f 812/843/811 824/855/823 823/854/822
f 813/844/812 824/855/823 812/843/811
f 813/844/812 776/856/775 824/855/823
f 803/834/802 776/856/775 813/844/812
f 803/834/802 801/832/800 776/856/775
f 825/857/824 826/858/825 827/859/826
f 821/852/820 826/858/825 825/857/824
f 821/852/820 828/860/827 826/858/825
f 820/851/819 828/860/827 821/852/820
f 820/851/819 829/861/828 828/860/827
f 822/853/821 829/861/828 820/851/819
f 826/858/825 828/860/827 830/862/829
f 831/863/830 768/864/767 770/865/769
f 831/863/830 832/866/831 768/864/767
f 827/859/826 832/866/831 831/863/830
f 826/858/825 832/866/831 827/859/826
f 830/862/829 832/866/831 826/858/825
f 830/862/829 833/867/832 832/866/831
f 828/860/827 833/867/832 830/862/829
f 828/860/827 834/868/833 833/867/832
f 829/861/828 834/868/833 828/860/827
f 829/861/828 835/869/834 834/868/833
f 833/867/832 834/868/833 835/869/834
f 801/832/800 775/870/774 776/856/775
f 797/828/796 775/870/774 801/832/800
f 797/828/796 772/871/771 775/870/774
f 793/824/792 772/871/771 797/828/796
f 793/824/792 770/865/769 772/871/771
f 793/824/792 831/863/830 770/865/769
f 795/826/794 831/863/830 793/824/792
f 795/826/794 827/859/826 831/863/830
f 836/872/835 827/859/826 795/826/794
f 825/857/824 827/859/826 836/872/835
f 800/831/799 794/825/793 796/827/795
f 806/837/805 794/825/793 800/831/799
f 806/837/805 795/826/794 794/825/793
f 807/838/806 795/826/794 806/837/805
f 807/838/806 836/872/835 795/826/794
f 805/836/804 836/872/835 807/838/806
f 805/836/804 825/857/824 836/872/835
f 818/849/817 825/857/824 805/836/804
f 818/849/817 821/852/820 825/857/824
f 814/845/813 821/852/820 818/849/817
f 607/873/606 610/874/609 606/875/605
f 607/873/606 608/876/607 610/874/609
f 837/877/836 838/878/837 839/879/838
f 837/877/836 840/880/839 838/878/837
f 841/881/840 840/880/839 837/877/836
f 841/881/840 842/882/841 840/880/839
f 843/883/842 842/882/841 841/881/840
f 843/883/842 844/884/843 842/882/841
f 845/885/844 846/886/845 847/887/846
f 845/885/844 848/888/847 846/886/845
f 849/889/848 848/888/847 845/885/844
f 849/889/848 850/890/849 848/888/847
f 851/891/850 850/890/849 849/889/848
f 851/891/850 852/892/851 850/890/849
f 853/893/852 852/892/851 851/891/850
f 853/893/852 854/894/853 852/892/851
f 855/895/854 848/888/847 850/890/849
f 855/895/854 856/896/855 848/888/847
f 857/897/856 856/896/855 855/895/854
f 857/897/856 858/898/857 856/896/855
f 859/899/858 858/898/857 857/897/856
f 859/899/858 860/900/859 858/898/857
f 833/867/832 861/901/860 832/866/831
f 769/902/768 861/901/860 833/867/832
f 768/864/767 861/901/860 769/902/768
f 768/864/767 832/866/831 861/901/860
f 862/903/861 863/904/862 864/905/863
f 862/903/861 865/906/864 863/904/862
f 866/907/865 865/906/864 862/903/861
f 866/907/865 867/908/866 865/906/864
f 868/909/867 867/908/866 866/907/865
f 868/909/867 869/910/868 867/908/866
f 870/911/869 869/910/868 868/909/867
f 870/911/869 871/912/870 869/910/868
f 847/887/846 871/912/870 870/911/869
f 847/887/846 846/886/845 871/912/870
f 22/22/22 305/305/305 299/299/299
f 22/22/22 688/710/687 305/305/305
f 21/21/21 688/710/687 22/22/22
f 21/21/21 690/712/689 688/710/687
f 28/28/28 690/712/689 21/21/21
f 28/28/28 685/707/684 690/712/689
f 29/29/29 685/707/684 28/28/28
f 29/29/29 680/702/679 685/707/684
f 27/27/27 680/702/679 29/29/29
f 27/27/27 679/701/678 680/702/679
f 829/913/828 822/914/821 835/915/834
f 835/915/834 872/916/871 873/917/872
f 822/914/821 872/916/871 835/915/834
f 822/914/821 823/918/822 872/916/871
f 113/113/113 115/115/115 111/111/111
f 873/917/872 115/115/115 113/113/113
f 873/917/872 119/119/119 115/115/115
f 872/916/871 119/119/119 873/917/872
f 872/916/871 120/120/120 119/119/119
f 823/918/822 120/120/120 872/916/871
f 824/919/823 120/120/120 823/918/822
f 824/919/823 122/122/122 120/120/120
f 776/804/775 122/122/122 824/919/823
f 874/920/873 875/921/873 876/922/874
f 877/923/875 875/921/873 874/920/873
f 878/924/876 879/925/877 880/926/878
f 881/927/879 879/925/877 878/924/876
f 881/927/879 882/928/880 879/925/877
f 883/929/881 882/928/880 881/927/879
f 883/929/881 884/930/882 882/928/880
f 885/931/883 884/930/882 883/929/881
f 879/925/877 886/932/884 880/926/878
f 879/925/877 887/933/885 886/932/884
f 879/925/877 888/934/886 887/933/885
f 882/928/880 888/934/886 879/925/877
f 882/928/880 889/935/887 888/934/886
f 884/930/882 889/935/887 882/928/880
f 890/936/888 837/877/836 839/879/838
f 891/937/889 837/877/836 890/936/888
f 892/938/890 837/877/836 891/937/889
f 892/938/890 841/881/840 837/877/836
f 893/939/891 841/881/840 892/938/890
f 893/939/891 843/883/842 841/881/840
f 649/661/648 662/678/661 654/666/653
f 649/661/648 894/940/892 662/678/661
f 649/661/648 895/941/893 894/940/892
f 648/660/647 895/941/893 649/661/648
f 648/660/647 896/942/894 895/941/893
f 651/663/650 896/942/894 648/660/647
f 651/663/650 897/943/895 896/942/894
f 646/658/645 897/943/895 651/663/650
f 646/658/645 637/649/636 897/943/895
f 636/648/635 637/649/636 646/658/645
f 898/944/896 899/945/897 900/946/898
f 901/947/899 899/945/897 898/944/896
f 901/947/899 902/948/900 899/945/897
f 903/949/901 902/948/900 901/947/899
f 903/949/901 904/950/902 902/948/900
f 905/951/903 904/950/902 903/949/901
f 906/952/904 907/953/905 908/954/906
f 909/955/907 907/953/905 906/952/904
f 909/955/907 905/951/903 907/953/905
f 910/956/908 905/951/903 909/955/907
f 910/956/908 904/950/902 905/951/903
f 911/957/909 904/950/902 910/956/908
f 911/957/909 912/958/910 904/950/902
f 913/959/911 912/958/910 911/957/909
f 913/959/911 914/960/912 912/958/910
f 915/961/913 914/960/912 913/959/911
f 915/961/913 916/962/914 914/960/912
f 917/963/915 916/962/914 915/961/913
f 917/963/915 918/964/916 916/962/914
f 919/965/917 918/964/916 917/963/915
f 919/965/917 920/966/918 918/964/916
f 921/967/919 920/966/918 919/965/917
f 921/967/919 922/968/920 920/966/918
f 923/969/921 922/968/920 921/967/919
f 258/258/258 675/693/674 264/264/264
f 258/258/258 678/700/677 675/693/674
f 260/260/260 678/700/677 258/258/258
f 260/260/260 683/705/682 678/700/677
f 260/260/260 758/786/757 683/705/682
f 260/260/260 759/787/758 758/786/757
f 259/259/259 759/787/758 260/260/260
f 259/259/259 226/226/226 759/787/758
f 232/232/232 226/226/226 259/259/259
f 232/232/232 227/227/227 226/226/226
f 924/970/922 925/971/922 926/972/923
f 924/970/922 927/973/924 925/971/922
f 928/974/925 929/975/926 930/976/927
f 931/977/928 932/978/929 933/979/930
f 934/980/931 932/978/929 931/977/928
f 934/980/931 935/981/932 932/978/929
f 936/982/933 935/981/932 934/980/931
f 936/982/933 937/983/934 935/981/932
f 928/974/925 937/983/934 936/982/933
f 928/974/925 938/984/935 937/983/934
f 930/976/927 938/984/935 928/974/925
f 939/985/936 938/984/935 930/976/927
f 939/985/936 940/986/937 938/984/935
f 933/979/930 941/987/938 942/988/939
f 933/979/930 943/989/940 941/987/938
f 932/978/929 943/989/940 933/979/930
f 932/978/929 944/990/941 943/989/940
f 935/981/932 944/990/941 932/978/929
f 935/981/932 937/983/934 944/990/941
f 945/991/942 946/992/943 947/993/944
f 945/991/942 948/994/945 946/992/943
f 942/988/939 948/994/945 945/991/942
f 941/987/938 948/994/945 942/988/939
f 941/987/938 949/995/946 948/994/945
f 941/987/938 950/996/947 949/995/946
f 943/989/940 950/996/947 941/987/938
f 943/989/940 951/997/948 950/996/947
f 944/990/941 951/997/948 943/989/940
f 944/990/941 940/986/937 951/997/948
f 937/983/934 940/986/937 944/990/941
f 937/983/934 938/984/935 940/986/937
f 952/998/949 940/986/937 939/985/936
f 952/998/949 951/997/948 940/986/937
f 953/999/950 951/997/948 952/998/949
f 953/999/950 950/996/947 951/997/948
f 954/1000/951 950/996/947 953/999/950
f 955/1001/952 950/996/947 954/1000/951
f 955/1001/952 949/995/946 950/996/947
f 956/1002/953 949/995/946 955/1001/952
f 956/1002/953 948/994/945 949/995/946
f 957/1003/954 948/994/945 956/1002/953
f 958/1004/955 959/1005/956 960/1006/957
f 958/1004/955 961/1007/958 959/1005/956
f 957/1003/954 961/1007/958 958/1004/955
f 957/1003/954 962/1008/959 961/1007/958
f 956/1002/953 962/1008/959 957/1003/954
f 955/1001/952 962/1008/959 956/1002/953
f 955/1001/952 963/1009/960 962/1008/959
f 964/1010/961 963/1009/960 955/1001/952
f 959/1005/956 965/1011/962 966/1012/963
f 961/1007/958 965/1011/962 959/1005/956
f 962/1008/959 965/1011/962 961/1007/958
f 962/1008/959 967/1013/964 965/1011/962
f 963/1009/960 967/1013/964 962/1008/959
f 966/1012/963 968/1014/965 969/1015/966
f 966/1012/963 967/1013/964 968/1014/965
f 965/1011/962 967/1013/964 966/1012/963
f 969/1015/966 970/1016/967 971/1017/968
f 972/1018/969 970/1016/967 969/1015/966
f 972/1018/969 973/1019/970 970/1016/967
f 974/1020/971 973/1019/970 972/1018/969
f 975/1021/972 976/1022/973 977/1023/974
f 975/1021/972 978/1024/975 976/1022/973
f 979/1025/976 978/1024/975 975/1021/972
f 979/1025/976 973/1019/970 978/1024/975
f 980/1026/977 973/1019/970 979/1025/976
f 980/1026/977 970/1016/967 973/1019/970
f 981/1027/978 970/1016/967 980/1026/977
f 981/1027/978 971/1017/968 970/1016/967
f 981/1027/978 982/1028/979 971/1017/968
f 981/1027/978 983/1029/980 982/1028/979
f 984/1030/981 978/1024/975 973/1019/970
f 985/1031/982 978/1024/975 984/1030/981
f 986/1032/983 978/1024/975 985/1031/982
f 986/1032/983 976/1022/973 978/1024/975
f 987/1033/984 986/1032/983 985/1031/982
f 988/1034/985 986/1032/983 987/1033/984
f 989/1035/986 986/1032/983 988/1034/985
f 989/1035/986 976/1022/973 986/1032/983
f 990/1036/987 976/1022/973 989/1035/986
f 991/1037/988 988/1034/985 987/1033/984
f 992/1038/989 991/1037/988 993/1039/990
f 992/1038/989 988/1034/985 991/1037/988
f 994/1040/991 988/1034/985 992/1038/989
f 994/1040/991 989/1035/986 988/1034/985
f 995/1041/992 989/1035/986 994/1040/991
f 995/1041/992 990/1036/987 989/1035/986
f 931/977/928 990/1036/987 995/1041/992
f 996/1042/993 990/1036/987 931/977/928
f 977/1023/974 990/1036/987 996/1042/993
f 977/1023/974 976/1022/973 990/1036/987
f 994/1040/991 997/1043/994 998/1044/995
f 992/1038/989 997/1043/994 994/1040/991
f 993/1039/990 997/1043/994 992/1038/989
f 929/975/926 997/1043/994 993/1039/990
f 929/975/926 999/1045/996 997/1043/994
f 928/974/925 999/1045/996 929/975/926
f 936/982/933 999/1045/996 928/974/925
f 936/982/933 1000/1046/997 999/1045/996
f 934/980/931 1000/1046/997 936/982/933
f 934/980/931 995/1041/992 1000/1046/997
f 931/977/928 995/1041/992 934/980/931
f 998/1044/995 995/1041/992 994/1040/991
f 998/1044/995 1000/1046/997 995/1041/992
f 998/1044/995 999/1045/996 1000/1046/997
f 997/1043/994 999/1045/996 998/1044/995
f 1001/1047/998 1002/1048/999 1003/1049/1000
f 1004/1050/1001 1002/1048/999 1001/1047/998
f 1004/1050/1001 1005/1051/1002 1002/1048/999
f 975/1021/972 1005/1051/1002 1004/1050/1001
f 975/1021/972 1006/1052/1003 1005/1051/1002
f 977/1023/974 1006/1052/1003 975/1021/972
f 977/1023/974 1007/1053/1004 1006/1052/1003
f 996/1042/993 1007/1053/1004 977/1023/974
f 996/1042/993 933/979/930 1007/1053/1004
f 931/977/928 933/979/930 996/1042/993
f 1004/1050/1001 979/1025/976 975/1021/972
f 1004/1050/1001 980/1026/977 979/1025/976
f 1004/1050/1001 981/1027/978 980/1026/977
f 1001/1047/998 981/1027/978 1004/1050/1001
f 1007/1053/1004 1008/1054/1005 1006/1052/1003
f 1009/1055/1006 1008/1054/1005 1007/1053/1004
f 1010/1056/1007 1009/1055/1006 1007/1053/1004
f 1003/1049/1000 1009/1055/1006 1010/1056/1007
f 1003/1049/1000 1008/1054/1005 1009/1055/1006
f 1002/1048/999 1008/1054/1005 1003/1049/1000
f 1002/1048/999 1006/1052/1003 1008/1054/1005
f 1005/1051/1002 1006/1052/1003 1002/1048/999
f 1010/1056/1007 1011/1057/1008 1003/1049/1000
f 1010/1056/1007 1012/1058/1009 1011/1057/1008
f 1001/1047/998 983/1029/980 981/1027/978
f 1001/1047/998 947/993/944 983/1029/980
f 1003/1049/1000 947/993/944 1001/1047/998
f 1003/1049/1000 945/991/942 947/993/944
f 1011/1057/1008 945/991/942 1003/1049/1000
f 1011/1057/1008 942/988/939 945/991/942
f 1012/1058/1009 942/988/939 1011/1057/1008
f 1012/1058/1009 933/979/930 942/988/939
f 1012/1058/1009 1007/1053/1004 933/979/930
f 1010/1056/1007 1007/1053/1004 1012/1058/1009
f 957/1003/954 946/992/943 948/994/945
f 958/1004/955 946/992/943 957/1003/954
f 958/1004/955 947/993/944 946/992/943
f 960/1006/957 947/993/944 958/1004/955
f 960/1006/957 983/1029/980 947/993/944
f 959/1005/956 983/1029/980 960/1006/957
f 959/1005/956 982/1028/979 983/1029/980
f 966/1012/963 982/1028/979 959/1005/956
f 966/1012/963 971/1017/968 982/1028/979
f 969/1015/966 971/1017/968 966/1012/963
f 1013/1059/1010 1014/1060/1011 1015/1061/1012
f 1015/1061/1012 1016/1062/1013 1017/1063/1014
f 1014/1060/1011 1016/1062/1013 1015/1061/1012
f 1014/1060/1011 1018/1064/1015 1016/1062/1013
f 1019/1065/1016 1018/1064/1015 1014/1060/1011
f 1019/1065/1016 1020/1066/1017 1018/1064/1015
f 1021/1067/1018 1020/1066/1017 1019/1065/1016
f 1021/1067/1018 1022/1068/1019 1020/1066/1017
f 1023/1069/1020 1022/1068/1019 1021/1067/1018
f 1023/1069/1020 1024/1070/1021 1022/1068/1019
f 1025/1071/1022 1024/1070/1021 1023/1069/1020
f 1016/1062/1013 1026/1072/1023 1017/1063/1014
f 1018/1064/1015 1026/1072/1023 1016/1062/1013
f 1018/1064/1015 1027/1073/1024 1026/1072/1023
f 1020/1066/1017 1027/1073/1024 1018/1064/1015
f 1020/1066/1017 1028/1074/1025 1027/1073/1024
f 1022/1068/1019 1028/1074/1025 1020/1066/1017
f 1029/1075/1026 1019/1065/1016 1014/1060/1011
f 1029/1075/1026 1021/1067/1018 1019/1065/1016
f 1030/1076/1027 1021/1067/1018 1029/1075/1026
f 1030/1076/1027 1023/1069/1020 1021/1067/1018
f 1030/1076/1027 1025/1071/1022 1023/1069/1020
f 1031/1077/1028 1025/1071/1022 1030/1076/1027
f 1031/1077/1028 1032/1078/1029 1025/1071/1022
f 1030/1076/1027 1033/1079/1030 1031/1077/1028
f 1029/1075/1026 1033/1079/1030 1030/1076/1027
f 1029/1075/1026 1034/1080/1031 1033/1079/1030
f 1035/1081/1032 1031/1077/1028 1033/1079/1030
f 1036/1082/1033 1031/1077/1028 1035/1081/1032
f 1036/1082/1033 1032/1078/1029 1031/1077/1028
f 1037/1083/1034 1032/1078/1029 1036/1082/1033
f 1025/1071/1022 1038/1084/1035 1024/1070/1021
f 1032/1078/1029 1038/1084/1035 1025/1071/1022
f 1032/1078/1029 1039/1085/1036 1038/1084/1035
f 1037/1083/1034 1039/1085/1036 1032/1078/1029
f 1037/1083/1034 1040/1086/1037 1039/1085/1036
f 1037/1083/1034 1041/1087/1038 1040/1086/1037
f 1036/1082/1033 1041/1087/1038 1037/1083/1034
f 1036/1082/1033 1042/1088/1039 1041/1087/1038
f 1035/1081/1032 1042/1088/1039 1036/1082/1033
f 1035/1081/1032 1043/1089/1040 1042/1088/1039
f 1044/1090/1041 1039/1085/1036 1040/1086/1037
f 1045/1091/1042 1039/1085/1036 1044/1090/1041
f 1045/1091/1042 1038/1084/1035 1039/1085/1036
f 1045/1091/1042 1024/1070/1021 1038/1084/1035
f 1046/1092/1043 1024/1070/1021 1045/1091/1042
f 1046/1092/1043 1022/1068/1019 1024/1070/1021
f 1047/1093/1044 1022/1068/1019 1046/1092/1043
f 1047/1093/1044 1028/1074/1025 1022/1068/1019
f 1048/1094/1045 1028/1074/1025 1047/1093/1044
f 1049/1095/1046 1028/1074/1025 1048/1094/1045
f 1049/1095/1046 1027/1073/1024 1028/1074/1025
f 1050/1096/1047 1046/1092/1043 1045/1091/1042
f 1050/1096/1047 1047/1093/1044 1046/1092/1043
f 1051/1097/1048 1047/1093/1044 1050/1096/1047
f 1051/1097/1048 1048/1094/1045 1047/1093/1044
f 1052/1098/1049 1053/1099/1050 1054/1100/1051
f 1049/1095/1046 1053/1099/1050 1052/1098/1049
f 1049/1095/1046 1055/1101/1052 1053/1099/1050
f 1048/1094/1045 1055/1101/1052 1049/1095/1046
f 1048/1094/1045 1056/1102/1053 1055/1101/1052
f 1051/1097/1048 1056/1102/1053 1048/1094/1045
f 1051/1097/1048 1057/1103/1054 1056/1102/1053
f 1050/1096/1047 1057/1103/1054 1051/1097/1048
f 1050/1096/1047 1044/1090/1041 1057/1103/1054
f 1045/1091/1042 1044/1090/1041 1050/1096/1047
f 1058/1104/944 1059/1105/1055 1060/1106/1056
f 1058/1104/944 1061/1107/1057 1059/1105/1055
f 1062/1108/1058 1061/1107/1057 1058/1104/944
f 1062/1108/1058 1063/1109/1059 1061/1107/1057
f 1064/1110/1060 1063/1109/1059 1062/1108/1058
f 1064/1110/1060 1065/1111/1061 1063/1109/1059
f 1066/1112/1062 1065/1111/1061 1064/1110/1060
f 1066/1112/1062 1067/1113/1063 1065/1111/1061
f 1052/1098/1049 1067/1113/1063 1066/1112/1062
f 1052/1098/1049 1054/1100/1051 1067/1113/1063
f 1068/1114/1064 1065/1111/1061 1067/1113/1063
f 1068/1114/1064 1063/1109/1059 1065/1111/1061
f 1069/1115/1065 1063/1109/1059 1068/1114/1064
f 1069/1115/1065 1061/1107/1057 1063/1109/1059
f 1069/1115/1065 1059/1105/1055 1061/1107/1057
f 1070/1116/1066 1059/1105/1055 1069/1115/1065
f 1069/1115/1065 1071/1117/1067 1070/1116/1066
f 1069/1115/1065 1068/1114/1064 1071/1117/1067
f 1072/1118/1068 1073/1119/1069 1074/1120/1070
f 1072/1118/1068 1075/1121/1071 1073/1119/1069
f 1076/1122/1072 1075/1121/1071 1072/1118/1068
f 1070/1116/1066 1075/1121/1071 1076/1122/1072
f 1070/1116/1066 1077/1123/1073 1075/1121/1071
f 1071/1117/1067 1077/1123/1073 1070/1116/1066
f 1071/1117/1067 1078/1124/1074 1077/1123/1073
f 1071/1117/1067 1079/1125/1075 1078/1124/1074
f 1068/1114/1064 1079/1125/1075 1071/1117/1067
f 1068/1114/1064 1080/1126/1076 1079/1125/1075
f 1067/1113/1063 1080/1126/1076 1068/1114/1064
f 1067/1113/1063 1081/1127/1077 1080/1126/1076
f 1078/1124/1074 1075/1121/1071 1077/1123/1073
f 1073/1119/1069 1075/1121/1071 1078/1124/1074
f 1082/1128/1078 1074/1120/1070 1083/1129/1079
f 1082/1128/1078 1072/1118/1068 1074/1120/1070
f 1084/1130/1080 1072/1118/1068 1082/1128/1078
f 1085/1131/1081 1072/1118/1068 1084/1130/1080
f 1085/1131/1081 1076/1122/1072 1072/1118/1068
f 1060/1106/1056 1076/1122/1072 1085/1131/1081
f 1059/1105/1055 1076/1122/1072 1060/1106/1056
f 1059/1105/1055 1070/1116/1066 1076/1122/1072
f 1086/1132/1082 1043/1089/1040 1035/1081/1032
f 1086/1132/1082 1087/1133/1083 1043/1089/1040
f 1086/1132/1082 1082/1128/1078 1087/1133/1083
f 1088/1134/1084 1082/1128/1078 1086/1132/1082
f 1088/1134/1084 1084/1130/1080 1082/1128/1078
f 1089/1135/1085 1084/1130/1080 1088/1134/1084
f 1089/1135/1085 1085/1131/1081 1084/1130/1080
f 1090/1136/1086 1085/1131/1081 1089/1135/1085
f 1090/1136/1086 1060/1106/1056 1085/1131/1081
f 1058/1104/944 1060/1106/1056 1090/1136/1086
f 1091/1137/1087 1014/1060/1011 1013/1059/1010
f 1092/1138/1088 1014/1060/1011 1091/1137/1087
f 1092/1138/1088 1029/1075/1026 1014/1060/1011
f 1093/1139/1089 1029/1075/1026 1092/1138/1088
f 1093/1139/1089 1034/1080/1031 1029/1075/1026
f 1089/1135/1085 1034/1080/1031 1093/1139/1089
f 1088/1134/1084 1034/1080/1031 1089/1135/1085
f 1086/1132/1082 1034/1080/1031 1088/1134/1084
f 1086/1132/1082 1033/1079/1030 1034/1080/1031
f 1035/1081/1032 1033/1079/1030 1086/1132/1082
f 1062/1108/1058 1094/1140/1090 1064/1110/1060
f 1062/1108/1058 1095/1141/1091 1094/1140/1090
f 1058/1104/944 1095/1141/1091 1062/1108/1058
f 1058/1104/944 1096/1142/1092 1095/1141/1091
f 1090/1136/1086 1096/1142/1092 1058/1104/944
f 1089/1135/1085 1096/1142/1092 1090/1136/1086
f 1093/1139/1089 1096/1142/1092 1089/1135/1085
f 1093/1139/1089 1097/1143/1093 1096/1142/1092
f 1092/1138/1088 1097/1143/1093 1093/1139/1089
f 1091/1137/1087 1097/1143/1093 1092/1138/1088
f 1095/1141/1091 1097/1143/1093 1091/1137/1087
f 1095/1141/1091 1096/1142/1092 1097/1143/1093
f 1052/1098/1049 1027/1073/1024 1049/1095/1046
f 1052/1098/1049 1026/1072/1023 1027/1073/1024
f 1066/1112/1062 1026/1072/1023 1052/1098/1049
f 1064/1110/1060 1026/1072/1023 1066/1112/1062
f 1064/1110/1060 1017/1063/1014 1026/1072/1023
f 1094/1140/1090 1017/1063/1014 1064/1110/1060
f 1094/1140/1090 1015/1061/1012 1017/1063/1014
f 1095/1141/1091 1015/1061/1012 1094/1140/1090
f 1095/1141/1091 1013/1059/1010 1015/1061/1012
f 1091/1137/1087 1013/1059/1010 1095/1141/1091
f 1098/1144/1094 1099/1145/1095 1100/1146/1096
f 1101/1147/1097 1099/1145/1095 1098/1144/1094
f 1101/1147/1097 1102/1148/1098 1099/1145/1095
f 1101/1147/1097 1103/1149/1099 1102/1148/1098
f 1104/1150/1100 1103/1149/1099 1101/1147/1097
f 1105/1151/1101 1106/1152/1102 1107/1153/1103
f 1105/1151/1101 1108/1154/1104 1106/1152/1102
f 1109/1155/1105 1108/1154/1104 1105/1151/1101
f 1110/1156/1106 1108/1154/1104 1109/1155/1105
f 1110/1156/1106 1111/1157/1107 1108/1154/1104
f 1112/1158/1108 1113/1159/1109 1114/1160/1110
f 1115/1161/1111 1113/1159/1109 1112/1158/1108
f 1116/1162/1112 1113/1159/1109 1115/1161/1111
f 1117/1163/1113 1113/1159/1109 1116/1162/1112
f 1118/1164/1114 1113/1159/1109 1117/1163/1113
f 1118/1164/1114 1114/1160/1110 1113/1159/1109
f 1119/1165/1115 1114/1160/1110 1118/1164/1114
f 1120/1166/1116 1121/1167/1117 1122/1168/1118
f 1123/1169/1119 1121/1167/1117 1120/1166/1116
f 1123/1169/1119 1124/1170/1120 1121/1167/1117
f 1123/1169/1119 1125/1171/1121 1124/1170/1120
f 1123/1169/1119 1126/1172/1122 1125/1171/1121
f 1123/1169/1119 1127/1173/1123 1126/1172/1122
f 1120/1166/1116 1127/1173/1123 1123/1169/1119
f 1128/1174/1124 1129/1175/1124 1130/1176/1125
f 1131/1177/1126 1129/1175/1124 1128/1174/1124
f 1132/1178/1127 1133/1179/1127 1134/1180/1128
f 1135/1181/1129 1133/1179/1127 1132/1178/1127
f 1136/1182/1130 1137/1183/1130 1138/1184/1131
f 1139/1185/1132 1137/1183/1130 1136/1182/1130
f 1140/1186/1133 1141/1187/1133 1142/1188/1134
f 1143/1189/1135 1141/1187/1133 1140/1186/1133
f 1144/1190/1136 1145/1191/1137 1146/1192/1138
f 1147/1193/1139 1145/1191/1137 1144/1190/1136
f 1148/1194/1140 1149/1195/1140 1150/1196/1141
f 1151/1197/1142 1149/1195/1140 1148/1194/1140
f 1152/1198/1143 1153/1199/1143 1154/1200/1144
f 1155/1201/1145 1153/1199/1143 1152/1198/1143
f 1156/1202/1146 1157/1203/1147 1158/1204/1148
f 1159/1205/1149 1157/1203/1147 1156/1202/1146
f 1160/1206/1150 1161/1207/1151 1159/1205/1149
f 1162/1208/1152 1161/1207/1151 1160/1206/1150
f 1159/1205/1149 1163/1209/1153 1157/1203/1147
f 1159/1205/1149 1164/1210/1154 1163/1209/1153
f 1161/1207/1151 1164/1210/1154 1159/1205/1149
f 1161/1207/1151 1165/1211/1155 1164/1210/1154
f 1162/1208/1152 1165/1211/1155 1161/1207/1151
f 1162/1208/1152 1166/1212/1156 1165/1211/1155
f 1167/1213/1157 1166/1212/1156 1162/1208/1152
f 1168/1214/1158 1166/1212/1156 1167/1213/1157
f 1168/1214/1158 1169/1215/1159 1166/1212/1156
f 1170/1216/1160 1169/1215/1159 1168/1214/1158
f 1170/1216/1160 1171/1217/1161 1169/1215/1159
f 1172/1218/1162 1171/1217/1161 1170/1216/1160
f 1173/1219/1163 1171/1217/1161 1172/1218/1162
f 1173/1219/1163 1169/1215/1159 1171/1217/1161
f 1174/1220/1164 1169/1215/1159 1173/1219/1163
f 1174/1220/1164 1166/1212/1156 1169/1215/1159
f 1175/1221/1165 1166/1212/1156 1174/1220/1164
f 1175/1221/1165 1165/1211/1155 1166/1212/1156
f 1176/1222/1166 1165/1211/1155 1175/1221/1165
f 1176/1222/1166 1164/1210/1154 1165/1211/1155
f 1177/1223/1167 1164/1210/1154 1176/1222/1166
f 1178/1224/1168 1179/1225/1169 1180/1226/1170
f 1177/1223/1167 1179/1225/1169 1178/1224/1168
f 1177/1223/1167 1181/1227/1171 1179/1225/1169
f 1176/1222/1166 1181/1227/1171 1177/1223/1167
f 1176/1222/1166 1182/1228/1172 1181/1227/1171
f 1175/1221/1165 1182/1228/1172 1176/1222/1166
f 1175/1221/1165 1183/1229/1173 1182/1228/1172
f 1174/1220/1164 1183/1229/1173 1175/1221/1165
f 1174/1220/1164 1184/1230/1174 1183/1229/1173
f 1173/1219/1163 1184/1230/1174 1174/1220/1164
f 1185/1231/1175 1186/1232/1176 1187/1233/1177
f 1188/1234/1178 1186/1232/1176 1185/1231/1175
f 1188/1234/1178 1184/1230/1174 1186/1232/1176
f 1189/1235/1179 1184/1230/1174 1188/1234/1178
f 1189/1235/1179 1183/1229/1173 1184/1230/1174
f 1190/1236/1180 1183/1229/1173 1189/1235/1179
f 1190/1236/1180 1182/1228/1172 1183/1229/1173
f 1191/1237/1181 1182/1228/1172 1190/1236/1180
f 1191/1237/1181 1181/1227/1171 1182/1228/1172
f 1192/1238/1182 1181/1227/1171 1191/1237/1181
f 1185/1231/1175 1193/1239/1183 1188/1234/1178
f 1194/1240/1184 1190/1236/1180 1189/1235/1179
f 1195/1241/1185 1190/1236/1180 1194/1240/1184
f 1195/1241/1185 1191/1237/1181 1190/1236/1180
f 1196/1242/1186 1191/1237/1181 1195/1241/1185
f 1196/1242/1186 1192/1238/1182 1191/1237/1181
f 1197/1243/1187 1192/1238/1182 1196/1242/1186
f 1197/1243/1187 1198/1244/1188 1192/1238/1182
f 1192/1238/1182 1179/1225/1169 1181/1227/1171
f 1198/1244/1188 1179/1225/1169 1192/1238/1182
f 1198/1244/1188 1180/1226/1170 1179/1225/1169
f 1198/1244/1188 1199/1245/1189 1180/1226/1170
f 1197/1243/1187 1199/1245/1189 1198/1244/1188
f 1197/1243/1187 1200/1246/1190 1199/1245/1189
f 1201/1247/1191 1200/1246/1190 1197/1243/1187
f 1201/1247/1191 1202/1248/1192 1200/1246/1190
f 1203/1249/1193 1202/1248/1192 1201/1247/1191
f 1203/1249/1193 1204/1250/1194 1202/1248/1192
f 1200/1246/1190 1205/1251/1195 1199/1245/1189
f 1200/1246/1190 1206/1252/1196 1205/1251/1195
f 1202/1248/1192 1206/1252/1196 1200/1246/1190
f 1202/1248/1192 1207/1253/1197 1206/1252/1196
f 1204/1250/1194 1207/1253/1197 1202/1248/1192
f 1208/1254/1198 1207/1253/1197 1204/1250/1194
f 1209/1255/1199 1207/1253/1197 1208/1254/1198
f 1209/1255/1199 1210/1256/1200 1207/1253/1197
f 1211/1257/1201 1210/1256/1200 1209/1255/1199
f 1206/1252/1196 1212/1258/1202 1205/1251/1195
f 1207/1253/1197 1212/1258/1202 1206/1252/1196
f 1207/1253/1197 1210/1256/1200 1212/1258/1202
f 1213/1259/1203 1211/1257/1201 1214/1260/1204
f 1213/1259/1203 1210/1256/1200 1211/1257/1201
f 1215/1261/1205 1210/1256/1200 1213/1259/1203
f 1215/1261/1205 1212/1258/1202 1210/1256/1200
f 1216/1262/1206 1212/1258/1202 1215/1261/1205
f 1216/1262/1206 1205/1251/1195 1212/1258/1202
f 1217/1263/1207 1205/1251/1195 1216/1262/1206
f 1217/1263/1207 1199/1245/1189 1205/1251/1195
f 1218/1264/1208 1199/1245/1189 1217/1263/1207
f 1218/1264/1208 1180/1226/1170 1199/1245/1189
f 1219/1265/1209 1216/1262/1206 1215/1261/1205
f 1219/1265/1209 1217/1263/1207 1216/1262/1206
f 1220/1266/1210 1217/1263/1207 1219/1265/1209
f 1220/1266/1210 1218/1264/1208 1217/1263/1207
f 1220/1266/1210 1221/1267/1211 1218/1264/1208
f 1222/1268/1212 1221/1267/1211 1220/1266/1210
f 1222/1268/1212 1223/1269/1213 1221/1267/1211
f 1222/1268/1212 1224/1270/1214 1223/1269/1213
f 1225/1271/1215 1224/1270/1214 1222/1268/1212
f 1225/1271/1215 1226/1272/1216 1224/1270/1214
f 1221/1267/1211 1180/1226/1170 1218/1264/1208
f 1221/1267/1211 1178/1224/1168 1180/1226/1170
f 1223/1269/1213 1178/1224/1168 1221/1267/1211
f 1223/1269/1213 1227/1273/1217 1178/1224/1168
f 1224/1270/1214 1227/1273/1217 1223/1269/1213
f 1224/1270/1214 1228/1274/1218 1227/1273/1217
f 1226/1272/1216 1228/1274/1218 1224/1270/1214
f 1226/1272/1216 1229/1275/1219 1228/1274/1218
f 1230/1276/1220 1229/1275/1219 1226/1272/1216
f 1230/1276/1220 1231/1277/1221 1229/1275/1219
f 1232/1278/1222 1226/1272/1216 1225/1271/1215
f 1232/1278/1222 1230/1276/1220 1226/1272/1216
f 1233/1279/1223 1230/1276/1220 1232/1278/1222
f 1233/1279/1223 1234/1280/1224 1230/1276/1220
f 1177/1223/1167 1163/1209/1153 1164/1210/1154
f 1178/1224/1168 1163/1209/1153 1177/1223/1167
f 1227/1273/1217 1163/1209/1153 1178/1224/1168
f 1227/1273/1217 1157/1203/1147 1163/1209/1153
f 1228/1274/1218 1157/1203/1147 1227/1273/1217
f 1228/1274/1218 1158/1204/1148 1157/1203/1147
f 1229/1275/1219 1158/1204/1148 1228/1274/1218
f 1229/1275/1219 1235/1281/1225 1158/1204/1148
f 1229/1275/1219 1236/1282/1226 1235/1281/1225
f 1231/1277/1221 1236/1282/1226 1229/1275/1219
f 1237/1283/1227 1236/1282/1226 1231/1277/1221
f 1237/1283/1227 1238/1284/1228 1236/1282/1226
f 1234/1280/1224 1231/1277/1221 1230/1276/1220
f 1234/1280/1224 1237/1283/1227 1231/1277/1221
f 1239/1285/1229 1237/1283/1227 1234/1280/1224
f 1239/1285/1229 1238/1284/1228 1237/1283/1227
f 1239/1285/1229 1240/1286/1230 1238/1284/1228
f 1241/1287/1231 1240/1286/1230 1239/1285/1229
f 1241/1287/1231 1242/1288/1232 1240/1286/1230
f 1243/1289/1233 1242/1288/1232 1241/1287/1231
f 1243/1289/1233 1187/1233/1177 1242/1288/1232
f 1185/1231/1175 1187/1233/1177 1243/1289/1233
f 1173/1219/1163 1186/1232/1176 1184/1230/1174
f 1173/1219/1163 1187/1233/1177 1186/1232/1176
f 1172/1218/1162 1187/1233/1177 1173/1219/1163
f 1172/1218/1162 1242/1288/1232 1187/1233/1177
f 1170/1216/1160 1242/1288/1232 1172/1218/1162
f 1244/1290/1234 1242/1288/1232 1170/1216/1160
f 1244/1290/1234 1240/1286/1230 1242/1288/1232
f 1245/1291/1235 1185/1231/1175 1246/1292/1236
f 1245/1291/1235 1193/1239/1183 1185/1231/1175
f 1247/1293/1237 1193/1239/1183 1245/1291/1235
f 1247/1293/1237 1248/1294/1238 1193/1239/1183
f 1249/1295/1239 1248/1294/1238 1247/1293/1237
f 1249/1295/1239 1250/1296/1240 1248/1294/1238
f 1251/1297/1241 1250/1296/1240 1249/1295/1239
f 1251/1297/1241 1252/1298/1242 1250/1296/1240
f 1253/1299/1243 1252/1298/1242 1251/1297/1241
f 1253/1299/1243 1254/1300/1244 1252/1298/1242
f 1253/1299/1243 1255/1301/1245 1254/1300/1244
f 1253/1299/1243 1256/1302/1246 1255/1301/1245
f 1251/1297/1241 1256/1302/1246 1253/1299/1243
f 1251/1297/1241 1257/1303/1247 1256/1302/1246
f 1249/1295/1239 1257/1303/1247 1251/1297/1241
f 1249/1295/1239 1258/1304/1248 1257/1303/1247
f 1249/1295/1239 1259/1305/1249 1258/1304/1248
f 1247/1293/1237 1259/1305/1249 1249/1295/1239
f 1247/1293/1237 1260/1306/1250 1259/1305/1249
f 1245/1291/1235 1260/1306/1250 1247/1293/1237
f 1245/1291/1235 1261/1307/1251 1260/1306/1250
f 1246/1292/1236 1261/1307/1251 1245/1291/1235
f 1259/1305/1249 1262/1308/1252 1258/1304/1248
f 1259/1305/1249 1233/1279/1223 1262/1308/1252
f 1260/1306/1250 1233/1279/1223 1259/1305/1249
f 1260/1306/1250 1234/1280/1224 1233/1279/1223
f 1261/1307/1251 1234/1280/1224 1260/1306/1250
f 1261/1307/1251 1239/1285/1229 1234/1280/1224
f 1261/1307/1251 1241/1287/1231 1239/1285/1229
f 1246/1292/1236 1241/1287/1231 1261/1307/1251
f 1246/1292/1236 1243/1289/1233 1241/1287/1231
f 1246/1292/1236 1185/1231/1175 1243/1289/1233
f 1263/1309/1253 1264/1310/1254 1265/1311/1255
f 1262/1308/1252 1264/1310/1254 1263/1309/1253
f 1266/1312/1256 1264/1310/1254 1262/1308/1252
f 1266/1312/1256 1267/1313/1257 1264/1310/1254
f 1265/1311/1255 1268/1314/1258 1269/1315/1259
f 1265/1311/1255 1270/1316/1260 1268/1314/1258
f 1264/1310/1254 1270/1316/1260 1265/1311/1255
f 1264/1310/1254 1219/1265/1209 1270/1316/1260
f 1267/1313/1257 1219/1265/1209 1264/1310/1254
f 1267/1313/1257 1220/1266/1210 1219/1265/1209
f 1267/1313/1257 1222/1268/1212 1220/1266/1210
f 1267/1313/1257 1225/1271/1215 1222/1268/1212
f 1266/1312/1256 1225/1271/1215 1267/1313/1257
f 1266/1312/1256 1232/1278/1222 1225/1271/1215
f 1262/1308/1252 1232/1278/1222 1266/1312/1256
f 1262/1308/1252 1233/1279/1223 1232/1278/1222
f 1271/1317/1261 1268/1314/1258 1270/1316/1260
f 1269/1315/1259 1272/1318/1262 1273/1319/1263
f 1268/1314/1258 1272/1318/1262 1269/1315/1259
f 1268/1314/1258 1274/1320/1264 1272/1318/1262
f 1271/1317/1261 1274/1320/1264 1268/1314/1258
f 1271/1317/1261 1275/1321/1261 1274/1320/1264
f 1271/1317/1261 1214/1260/1204 1275/1321/1261
f 1271/1317/1261 1213/1259/1203 1214/1260/1204
f 1270/1316/1260 1213/1259/1203 1271/1317/1261
f 1270/1316/1260 1215/1261/1205 1213/1259/1203
f 1219/1265/1209 1215/1261/1205 1270/1316/1260
f 1254/1300/1244 1276/1322/1265 1277/1323/1266
f 1254/1300/1244 1273/1319/1263 1276/1322/1265
f 1255/1301/1245 1273/1319/1263 1254/1300/1244
f 1255/1301/1245 1269/1315/1259 1273/1319/1263
f 1256/1302/1246 1269/1315/1259 1255/1301/1245
f 1256/1302/1246 1265/1311/1255 1269/1315/1259
f 1257/1303/1247 1265/1311/1255 1256/1302/1246
f 1257/1303/1247 1263/1309/1253 1265/1311/1255
f 1258/1304/1248 1263/1309/1253 1257/1303/1247
f 1258/1304/1248 1262/1308/1252 1263/1309/1253
f 1278/1324/1267 1204/1250/1194 1203/1249/1193
f 1278/1324/1267 1208/1254/1198 1204/1250/1194
f 1278/1324/1267 1279/1325/1268 1208/1254/1198
f 1280/1326/1269 1279/1325/1268 1278/1324/1267
f 1280/1326/1269 1281/1327/1270 1279/1325/1268
f 1280/1326/1269 1282/1328/1271 1281/1327/1270
f 1283/1329/1272 1282/1328/1271 1280/1326/1269
f 1283/1329/1272 1284/1330/1273 1282/1328/1271
f 1277/1323/1266 1284/1330/1273 1283/1329/1272
f 1277/1323/1266 1276/1322/1265 1284/1330/1273
f 1283/1329/1272 1285/1331/1274 1277/1323/1266
f 1283/1329/1272 1286/1332/1275 1285/1331/1274
f 1280/1326/1269 1286/1332/1275 1283/1329/1272
f 1278/1324/1267 1286/1332/1275 1280/1326/1269
f 1203/1249/1193 1286/1332/1275 1278/1324/1267
f 1201/1247/1191 1286/1332/1275 1203/1249/1193
f 1287/1333/1276 1286/1332/1275 1201/1247/1191
f 1288/1334/1277 1286/1332/1275 1287/1333/1276
f 1288/1334/1277 1285/1331/1274 1286/1332/1275
f 1196/1242/1186 1201/1247/1191 1197/1243/1187
f 1196/1242/1186 1287/1333/1276 1201/1247/1191
f 1195/1241/1185 1287/1333/1276 1196/1242/1186
f 1194/1240/1184 1287/1333/1276 1195/1241/1185
f 1194/1240/1184 1288/1334/1277 1287/1333/1276
f 1289/1335/1278 1288/1334/1277 1194/1240/1184
f 1290/1336/1279 1288/1334/1277 1289/1335/1278
f 1290/1336/1279 1285/1331/1274 1288/1334/1277
f 1291/1337/1280 1285/1331/1274 1290/1336/1279
f 1277/1323/1266 1285/1331/1274 1291/1337/1280
f 1277/1323/1266 1252/1298/1242 1254/1300/1244
f 1291/1337/1280 1252/1298/1242 1277/1323/1266
f 1291/1337/1280 1250/1296/1240 1252/1298/1242
f 1290/1336/1279 1250/1296/1240 1291/1337/1280
f 1290/1336/1279 1248/1294/1238 1250/1296/1240
f 1289/1335/1278 1248/1294/1238 1290/1336/1279
f 1289/1335/1278 1193/1239/1183 1248/1294/1238
f 1289/1335/1278 1188/1234/1178 1193/1239/1183
f 1194/1240/1184 1188/1234/1178 1289/1335/1278
f 1194/1240/1184 1189/1235/1179 1188/1234/1178
f 1292/1338/1281 1293/1339/1282 1294/1340/1283
f 1295/1341/1284 1296/1342/1285 1297/1343/1286
f 1298/1344/1287 1296/1342/1285 1295/1341/1284
f 1298/1344/1287 1292/1338/1281 1296/1342/1285
f 1299/1345/1288 1292/1338/1281 1298/1344/1287
f 1299/1345/1288 1293/1339/1282 1292/1338/1281
f 1300/1346/1289 1293/1339/1282 1299/1345/1288
f 1300/1346/1289 1301/1347/1290 1293/1339/1282
f 1302/1348/1291 1301/1347/1290 1300/1346/1289
f 1302/1348/1291 1303/1349/1292 1301/1347/1290
f 1304/1350/1293 1303/1349/1292 1302/1348/1291
f 1305/1351/1294 1298/1344/1287 1295/1341/1284
f 1305/1351/1294 1299/1345/1288 1298/1344/1287
f 1306/1352/1295 1299/1345/1288 1305/1351/1294
f 1306/1352/1295 1300/1346/1289 1299/1345/1288
f 1307/1353/1296 1300/1346/1289 1306/1352/1295
f 1307/1353/1296 1302/1348/1291 1300/1346/1289
f 1308/1354/1297 1295/1341/1284 1297/1343/1286
f 1309/1355/1298 1295/1341/1284 1308/1354/1297
f 1310/1356/1299 1295/1341/1284 1309/1355/1298
f 1310/1356/1299 1305/1351/1294 1295/1341/1284
f 1311/1357/1300 1305/1351/1294 1310/1356/1299
f 1311/1357/1300 1306/1352/1295 1305/1351/1294
f 1312/1358/1301 1306/1352/1295 1311/1357/1300
f 1312/1358/1301 1307/1353/1296 1306/1352/1295
f 1313/1359/1302 1307/1353/1296 1312/1358/1301
f 1313/1359/1302 1302/1348/1291 1307/1353/1296
f 1314/1360/1303 1308/1354/1297 1315/1361/1304
f 1316/1362/1305 1308/1354/1297 1314/1360/1303
f 1316/1362/1305 1309/1355/1298 1308/1354/1297
f 1317/1363/1306 1309/1355/1298 1316/1362/1305
f 1317/1363/1306 1310/1356/1299 1309/1355/1298
f 1318/1364/1307 1310/1356/1299 1317/1363/1306
f 1318/1364/1307 1311/1357/1300 1310/1356/1299
f 1319/1365/1308 1311/1357/1300 1318/1364/1307
f 1319/1365/1308 1312/1358/1301 1311/1357/1300
f 1320/1366/1309 1312/1358/1301 1319/1365/1308
f 1321/1367/1310 1322/1368/1311 1323/1369/1312
f 1321/1367/1310 1316/1362/1305 1322/1368/1311
f 1321/1367/1310 1317/1363/1306 1316/1362/1305
f 1324/1370/1313 1317/1363/1306 1321/1367/1310
f 1324/1370/1313 1318/1364/1307 1317/1363/1306
f 1325/1371/1314 1318/1364/1307 1324/1370/1313
f 1325/1371/1314 1319/1365/1308 1318/1364/1307
f 1325/1371/1314 1320/1366/1309 1319/1365/1308
f 1326/1372/1315 1320/1366/1309 1325/1371/1314
f 1326/1372/1315 1327/1373/1316 1320/1366/1309
f 1324/1370/1313 1328/1374/1317 1325/1371/1314
f 1324/1370/1313 1329/1375/1318 1328/1374/1317
f 1321/1367/1310 1329/1375/1318 1324/1370/1313
f 1323/1369/1312 1329/1375/1318 1321/1367/1310
f 1323/1369/1312 1330/1376/1319 1329/1375/1318
f 1331/1377/1320 1330/1376/1319 1323/1369/1312
f 1331/1377/1320 1332/1378/1321 1330/1376/1319
f 1333/1379/1322 1332/1378/1321 1331/1377/1320
f 1333/1379/1322 1334/1380/1323 1332/1378/1321
f 1335/1381/1324 1334/1380/1323 1333/1379/1322
f 1332/1378/1321 1336/1382/1325 1330/1376/1319
f 1329/1375/1318 1337/1383/1326 1328/1374/1317
f 1330/1376/1319 1337/1383/1326 1329/1375/1318
f 1336/1382/1325 1337/1383/1326 1330/1376/1319
f 1336/1382/1325 1338/1384/1327 1337/1383/1326
f 1336/1382/1325 1339/1385/1328 1338/1384/1327
f 1332/1378/1321 1339/1385/1328 1336/1382/1325
f 1334/1380/1323 1339/1385/1328 1332/1378/1321
f 1334/1380/1323 1340/1386/1329 1339/1385/1328
f 1341/1387/1330 1340/1386/1329 1334/1380/1323
f 1341/1387/1330 1342/1388/1331 1340/1386/1329
f 1343/1389/1332 1342/1388/1331 1341/1387/1330
f 1343/1389/1332 1344/1390/1333 1342/1388/1331
f 1345/1391/1334 1344/1390/1333 1343/1389/1332
f 1346/1392/1335 1340/1386/1329 1342/1388/1331
f 1346/1392/1335 1339/1385/1328 1340/1386/1329
f 1347/1393/1336 1339/1385/1328 1346/1392/1335
f 1347/1393/1336 1338/1384/1327 1339/1385/1328
f 1348/1394/1337 1338/1384/1327 1347/1393/1336
f 1349/1395/1338 1338/1384/1327 1348/1394/1337
f 1349/1395/1338 1337/1383/1326 1338/1384/1327
f 1350/1396/1339 1337/1383/1326 1349/1395/1338
f 1350/1396/1339 1328/1374/1317 1337/1383/1326
f 1325/1371/1314 1328/1374/1317 1350/1396/1339
f 1350/1396/1339 1326/1372/1315 1325/1371/1314
f 1350/1396/1339 1351/1397/1340 1326/1372/1315
f 1349/1395/1338 1351/1397/1340 1350/1396/1339
f 1349/1395/1338 1352/1398/1341 1351/1397/1340
f 1348/1394/1337 1352/1398/1341 1349/1395/1338
f 1351/1397/1340 1353/1399/1342 1326/1372/1315
f 1351/1397/1340 1354/1400/1343 1353/1399/1342
f 1352/1398/1341 1354/1400/1343 1351/1397/1340
f 1353/1399/1342 1354/1400/1343 1355/1401/1344
f 1353/1399/1342 1327/1373/1316 1326/1372/1315
f 1353/1399/1342 1356/1402/1345 1327/1373/1316
f 1355/1401/1344 1356/1402/1345 1353/1399/1342
f 1355/1401/1344 1357/1403/1346 1356/1402/1345
f 1355/1401/1344 1358/1404/1347 1357/1403/1346
f 1355/1401/1344 1359/1405/1348 1358/1404/1347
f 1354/1400/1343 1359/1405/1348 1355/1401/1344
f 1354/1400/1343 1360/1406/1349 1359/1405/1348
f 1352/1398/1341 1360/1406/1349 1354/1400/1343
f 1352/1398/1341 1361/1407/1350 1360/1406/1349
f 1320/1366/1309 1362/1408/1351 1312/1358/1301
f 1327/1373/1316 1362/1408/1351 1320/1366/1309
f 1327/1373/1316 1363/1409/1352 1362/1408/1351
f 1356/1402/1345 1363/1409/1352 1327/1373/1316
f 1356/1402/1345 1364/1410/1353 1363/1409/1352
f 1357/1403/1346 1364/1410/1353 1356/1402/1345
f 1365/1411/1354 1364/1410/1353 1357/1403/1346
f 1366/1412/1355 1364/1410/1353 1365/1411/1354
f 1366/1412/1355 1367/1413/1356 1364/1410/1353
f 1368/1414/1357 1367/1413/1356 1366/1412/1355
f 1364/1410/1353 1367/1413/1356 1363/1409/1352
f 1363/1409/1352 1369/1415/1358 1362/1408/1351
f 1367/1413/1356 1369/1415/1358 1363/1409/1352
f 1367/1413/1356 1370/1416/1359 1369/1415/1358
f 1362/1408/1351 1313/1359/1302 1312/1358/1301
f 1369/1415/1358 1313/1359/1302 1362/1408/1351
f 1369/1415/1358 1371/1417/1360 1313/1359/1302
f 1370/1416/1359 1371/1417/1360 1369/1415/1358
f 1370/1416/1359 1372/1418/1361 1371/1417/1360
f 1368/1414/1357 1370/1416/1359 1367/1413/1356
f 1373/1419/1362 1370/1416/1359 1368/1414/1357
f 1373/1419/1362 1372/1418/1361 1370/1416/1359
f 1374/1420/1363 1372/1418/1361 1373/1419/1362
f 1374/1420/1363 1375/1421/1364 1372/1418/1361
f 1376/1422/1365 1375/1421/1364 1374/1420/1363
f 1376/1422/1365 1377/1423/1366 1375/1421/1364
f 1378/1424/1367 1377/1423/1366 1376/1422/1365
f 1378/1424/1367 1379/1425/1368 1377/1423/1366
f 1380/1426/1369 1379/1425/1368 1378/1424/1367
f 1381/1427/1370 1378/1424/1367 1376/1422/1365
f 1382/1428/1371 1378/1424/1367 1381/1427/1370
f 1382/1428/1371 1380/1426/1369 1378/1424/1367
f 1383/1429/1372 1380/1426/1369 1382/1428/1371
f 1383/1429/1372 1384/1430/1373 1380/1426/1369
f 1385/1431/1374 1382/1428/1371 1381/1427/1370
f 1386/1432/1375 1382/1428/1371 1385/1431/1374
f 1386/1432/1375 1383/1429/1372 1382/1428/1371
f 1386/1432/1375 1385/1431/1374 1387/1433/1376
f 1387/1433/1376 1388/1434/1377 1386/1432/1375
f 1387/1433/1376 1389/1435/1378 1388/1434/1377
f 1387/1433/1376 1390/1436/1379 1389/1435/1378
f 1387/1433/1376 1391/1437/1380 1390/1436/1379
f 1385/1431/1374 1391/1437/1380 1387/1433/1376
f 1385/1431/1374 1392/1438/1381 1391/1437/1380
f 1381/1427/1370 1392/1438/1381 1385/1431/1374
f 1381/1427/1370 1393/1439/1382 1392/1438/1381
f 1376/1422/1365 1393/1439/1382 1381/1427/1370
f 1374/1420/1363 1393/1439/1382 1376/1422/1365
f 1389/1435/1378 1394/1440/1383 1388/1434/1377
f 1395/1441/1384 1394/1440/1383 1389/1435/1378
f 1395/1441/1384 1396/1442/1385 1394/1440/1383
f 1397/1443/1386 1398/1444/1387 1399/1445/1388
f 1400/1446/1389 1398/1444/1387 1397/1443/1386
f 1400/1446/1389 1393/1439/1382 1398/1444/1387
f 1400/1446/1389 1392/1438/1381 1393/1439/1382
f 1401/1447/1390 1392/1438/1381 1400/1446/1389
f 1401/1447/1390 1391/1437/1380 1392/1438/1381
f 1374/1420/1363 1398/1444/1387 1393/1439/1382
f 1373/1419/1362 1398/1444/1387 1374/1420/1363
f 1373/1419/1362 1399/1445/1388 1398/1444/1387
f 1368/1414/1357 1399/1445/1388 1373/1419/1362
f 1368/1414/1357 1402/1448/1391 1399/1445/1388
f 1366/1412/1355 1402/1448/1391 1368/1414/1357
f 1403/1449/1392 1404/1450/1393 1405/1451/1394
f 1406/1452/1395 1405/1451/1394 1407/1453/1396
f 1406/1452/1395 1403/1449/1392 1405/1451/1394
f 1408/1454/1397 1403/1449/1392 1406/1452/1395
f 1408/1454/1397 1404/1450/1393 1403/1449/1392
f 1409/1455/1398 1404/1450/1393 1408/1454/1397
f 1404/1450/1393 1410/1456/1399 1405/1451/1394
f 1404/1450/1393 1411/1457/1400 1410/1456/1399
f 1409/1455/1398 1411/1457/1400 1404/1450/1393
f 1409/1455/1398 1412/1458/1401 1411/1457/1400
f 1409/1455/1398 1413/1459/1402 1412/1458/1401
f 1409/1455/1398 1414/1460/1403 1413/1459/1402
f 1408/1454/1397 1414/1460/1403 1409/1455/1398
f 1408/1454/1397 1415/1461/1404 1414/1460/1403
f 1406/1452/1395 1415/1461/1404 1408/1454/1397
f 1406/1452/1395 1416/1462/1405 1415/1461/1404
f 1406/1452/1395 1417/1463/1406 1416/1462/1405
f 1407/1453/1396 1417/1463/1406 1406/1452/1395
f 1407/1453/1396 1418/1464/1407 1417/1463/1406
f 1419/1465/1408 1415/1461/1404 1416/1462/1405
f 1420/1466/1409 1415/1461/1404 1419/1465/1408
f 1420/1466/1409 1414/1460/1403 1415/1461/1404
f 1420/1466/1409 1419/1465/1408 1421/1467/1410
f 1422/1468/1411 1423/1469/1412 1424/1470/1413
f 1422/1468/1411 1425/1471/1414 1423/1469/1412
f 1421/1467/1410 1425/1471/1414 1422/1468/1411
f 1421/1467/1410 1426/1472/1415 1425/1471/1414
f 1419/1465/1408 1426/1472/1415 1421/1467/1410
f 1419/1465/1408 1427/1473/1416 1426/1472/1415
f 1416/1462/1405 1427/1473/1416 1419/1465/1408
f 1416/1462/1405 1428/1474/1417 1427/1473/1416
f 1417/1463/1406 1428/1474/1417 1416/1462/1405
f 1417/1463/1406 1429/1475/1418 1428/1474/1417
f 1430/1476/1419 1427/1473/1416 1428/1474/1417
f 1430/1476/1419 1431/1477/1420 1432/1478/1421
f 1430/1476/1419 1433/1479/1422 1431/1477/1420
f 1428/1474/1417 1433/1479/1422 1430/1476/1419
f 1428/1474/1417 1429/1475/1418 1433/1479/1422
f 1433/1479/1422 1434/1480/1423 1431/1477/1420
f 1433/1479/1422 1435/1481/1424 1434/1480/1423
f 1429/1475/1418 1435/1481/1424 1433/1479/1422
f 1429/1475/1418 1436/1482/1425 1435/1481/1424
f 1423/1469/1412 1437/1483/1426 1438/1484/1427
f 1439/1485/1428 1437/1483/1426 1423/1469/1412
f 1439/1485/1428 1440/1486/1429 1437/1483/1426
f 1441/1487/1430 1440/1486/1429 1439/1485/1428
f 1441/1487/1430 1442/1488/1431 1440/1486/1429
f 1432/1478/1421 1442/1488/1431 1441/1487/1430
f 1432/1478/1421 1443/1489/1432 1442/1488/1431
f 1431/1477/1420 1443/1489/1432 1432/1478/1421
f 1431/1477/1420 1444/1490/1433 1443/1489/1432
f 1431/1477/1420 1434/1480/1423 1444/1490/1433
f 1445/1491/1434 1444/1490/1433 1446/1492/1435
f 1447/1493/1436 1444/1490/1433 1445/1491/1434
f 1447/1493/1436 1443/1489/1432 1444/1490/1433
f 1448/1494/1437 1443/1489/1432 1447/1493/1436
f 1448/1494/1437 1442/1488/1431 1443/1489/1432
f 1449/1495/1438 1442/1488/1431 1448/1494/1437
f 1449/1495/1438 1440/1486/1429 1442/1488/1431
f 1450/1496/1439 1440/1486/1429 1449/1495/1438
f 1450/1496/1439 1437/1483/1426 1440/1486/1429
f 1451/1497/1440 1437/1483/1426 1450/1496/1439
f 1451/1497/1440 1438/1484/1427 1437/1483/1426
f 1452/1498/1441 1438/1484/1427 1451/1497/1440
f 1453/1499/1442 1454/1500/1443 1455/1501/1444
f 1456/1502/1445 1454/1500/1443 1453/1499/1442
f 1456/1502/1445 1457/1503/1446 1454/1500/1443
f 1456/1502/1445 1458/1504/1447 1457/1503/1446
f 1459/1505/1448 1458/1504/1447 1456/1502/1445
f 1459/1505/1448 1452/1498/1441 1458/1504/1447
f 1460/1506/1449 1452/1498/1441 1459/1505/1448
f 1460/1506/1449 1438/1484/1427 1452/1498/1441
f 1424/1470/1413 1438/1484/1427 1460/1506/1449
f 1424/1470/1413 1423/1469/1412 1438/1484/1427
f 1461/1507/1450 1462/1508/1451 1463/1509/1452
f 1464/1510/1453 1462/1508/1451 1461/1507/1450
f 1464/1510/1453 1453/1499/1442 1462/1508/1451
f 1465/1511/1454 1453/1499/1442 1464/1510/1453
f 1465/1511/1454 1456/1502/1445 1453/1499/1442
f 1465/1511/1454 1459/1505/1448 1456/1502/1445
f 1424/1470/1413 1459/1505/1448 1465/1511/1454
f 1424/1470/1413 1460/1506/1449 1459/1505/1448
f 1466/1512/1455 1464/1510/1453 1461/1507/1450
f 1466/1512/1455 1465/1511/1454 1464/1510/1453
f 1466/1512/1455 1424/1470/1413 1465/1511/1454
f 1422/1468/1411 1424/1470/1413 1466/1512/1455
f 1467/1513/1456 1468/1514/1457 1469/1515/1458
f 1467/1513/1456 1470/1516/1459 1468/1514/1457
f 1467/1513/1456 1463/1509/1452 1470/1516/1459
f 1471/1517/1460 1463/1509/1452 1467/1513/1456
f 1471/1517/1460 1461/1507/1450 1463/1509/1452
f 1472/1518/1461 1461/1507/1450 1471/1517/1460
f 1472/1518/1461 1466/1512/1455 1461/1507/1450
f 1473/1519/1462 1466/1512/1455 1472/1518/1461
f 1473/1519/1462 1422/1468/1411 1466/1512/1455
f 1474/1520/1463 1422/1468/1411 1473/1519/1462
f 1474/1520/1463 1475/1521/1464 1476/1522/1465
f 1473/1519/1462 1475/1521/1464 1474/1520/1463
f 1473/1519/1462 1477/1523/1466 1475/1521/1464
f 1472/1518/1461 1477/1523/1466 1473/1519/1462
f 1472/1518/1461 1478/1524/1467 1477/1523/1466
f 1471/1517/1460 1478/1524/1467 1472/1518/1461
f 1467/1513/1456 1478/1524/1467 1471/1517/1460
f 1469/1515/1458 1478/1524/1467 1467/1513/1456
f 1469/1515/1458 1479/1525/1468 1478/1524/1467
f 1480/1526/1469 1479/1525/1468 1469/1515/1458
f 1476/1522/1465 1481/1527/1470 1482/1528/1471
f 1475/1521/1464 1481/1527/1470 1476/1522/1465
f 1475/1521/1464 1483/1529/1472 1481/1527/1470
f 1477/1523/1466 1483/1529/1472 1475/1521/1464
f 1477/1523/1466 1479/1525/1468 1483/1529/1472
f 1478/1524/1467 1479/1525/1468 1477/1523/1466
f 1480/1526/1469 1483/1529/1472 1479/1525/1468
f 1484/1530/1473 1483/1529/1472 1480/1526/1469
f 1484/1530/1473 1481/1527/1470 1483/1529/1472
f 1485/1531/1474 1481/1527/1470 1484/1530/1473
f 1485/1531/1474 1482/1528/1471 1481/1527/1470
f 1485/1531/1474 1486/1532/1475 1482/1528/1471
f 1487/1533/1476 1486/1532/1475 1485/1531/1474
f 1474/1520/1463 1421/1467/1410 1422/1468/1411
f 1476/1522/1465 1421/1467/1410 1474/1520/1463
f 1476/1522/1465 1420/1466/1409 1421/1467/1410
f 1482/1528/1471 1420/1466/1409 1476/1522/1465
f 1482/1528/1471 1414/1460/1403 1420/1466/1409
f 1486/1532/1475 1414/1460/1403 1482/1528/1471
f 1486/1532/1475 1413/1459/1402 1414/1460/1403
f 1487/1533/1476 1413/1459/1402 1486/1532/1475
f 1487/1533/1476 1412/1458/1401 1413/1459/1402
f 1488/1534/1477 1412/1458/1401 1487/1533/1476
f 1489/1535/1478 1490/1536/1479 1491/1537/1480
f 1489/1535/1478 1492/1538/1481 1490/1536/1479
f 1493/1539/1482 1492/1538/1481 1489/1535/1478
f 1493/1539/1482 1494/1540/1483 1492/1538/1481
f 1493/1539/1482 1495/1541/1484 1494/1540/1483
f 1488/1534/1477 1495/1541/1484 1493/1539/1482
f 1488/1534/1477 1496/1542/1485 1495/1541/1484
f 1488/1534/1477 1487/1533/1476 1496/1542/1485
f 1492/1538/1481 1497/1543/1486 1498/1544/1487
f 1494/1540/1483 1497/1543/1486 1492/1538/1481
f 1494/1540/1483 1499/1545/1488 1497/1543/1486
f 1495/1541/1484 1499/1545/1488 1494/1540/1483
f 1495/1541/1484 1500/1546/1489 1499/1545/1488
f 1495/1541/1484 1501/1547/1490 1500/1546/1489
f 1496/1542/1485 1501/1547/1490 1495/1541/1484
f 1496/1542/1485 1502/1548/1491 1501/1547/1490
f 1496/1542/1485 1503/1549/1492 1502/1548/1491
f 1487/1533/1476 1503/1549/1492 1496/1542/1485
f 1504/1550/1493 1503/1549/1492 1505/1551/1494
f 1504/1550/1493 1502/1548/1491 1503/1549/1492
f 1506/1552/1495 1502/1548/1491 1504/1550/1493
f 1506/1552/1495 1501/1547/1490 1502/1548/1491
f 1507/1553/1496 1501/1547/1490 1506/1552/1495
f 1507/1553/1496 1500/1546/1489 1501/1547/1490
f 1508/1554/1497 1500/1546/1489 1507/1553/1496
f 1508/1554/1497 1499/1545/1488 1500/1546/1489
f 1509/1555/1498 1499/1545/1488 1508/1554/1497
f 1509/1555/1498 1510/1556/1499 1499/1545/1488
f 1507/1553/1496 1506/1552/1495 1511/1557/1500
f 1505/1551/1494 1512/1558/1501 1504/1550/1493
f 1513/1559/1502 1511/1557/1500 1514/1560/1503
f 1515/1561/1504 1511/1557/1500 1513/1559/1502
f 1516/1562/1505 1511/1557/1500 1515/1561/1504
f 1516/1562/1505 1507/1553/1496 1511/1557/1500
f 1508/1554/1497 1507/1553/1496 1516/1562/1505
f 1508/1554/1497 1517/1563/1506 1509/1555/1498
f 1508/1554/1497 1518/1564/1507 1517/1563/1506
f 1516/1562/1505 1518/1564/1507 1508/1554/1497
f 1516/1562/1505 1519/1565/1508 1518/1564/1507
f 1515/1561/1504 1519/1565/1508 1516/1562/1505
f 1515/1561/1504 1520/1566/1509 1519/1565/1508
f 1515/1561/1504 1521/1567/1510 1520/1566/1509
f 1513/1559/1502 1521/1567/1510 1515/1561/1504
f 1513/1559/1502 1522/1568/1511 1521/1567/1510
f 1523/1569/1512 1522/1568/1511 1513/1559/1502
f 1523/1569/1512 1524/1570/1513 1522/1568/1511
f 1525/1571/1514 1524/1570/1513 1523/1569/1512
f 1526/1572/1515 1524/1570/1513 1525/1571/1514
f 1526/1572/1515 1527/1573/1516 1524/1570/1513
f 1528/1574/1517 1527/1573/1516 1526/1572/1515
f 1528/1574/1517 1529/1575/1518 1527/1573/1516
f 1526/1572/1515 1530/1576/1519 1528/1574/1517
f 1514/1560/1503 1523/1569/1512 1513/1559/1502
f 1531/1577/1520 1523/1569/1512 1514/1560/1503
f 1531/1577/1520 1525/1571/1514 1523/1569/1512
f 1532/1578/1521 1525/1571/1514 1531/1577/1520
f 1532/1578/1521 1526/1572/1515 1525/1571/1514
f 1533/1579/1522 1526/1572/1515 1532/1578/1521
f 1533/1579/1522 1530/1576/1519 1526/1572/1515
f 1534/1580/1523 1530/1576/1519 1533/1579/1522
f 1534/1580/1523 1535/1581/1524 1530/1576/1519
f 1534/1580/1523 1536/1582/1525 1535/1581/1524
f 1537/1583/1526 1532/1578/1521 1531/1577/1520
f 1537/1583/1526 1533/1579/1522 1532/1578/1521
f 1534/1580/1523 1533/1579/1522 1537/1583/1526
f 1538/1584/1527 1539/1585/1528 1540/1586/1529
f 1529/1575/1518 1539/1585/1528 1538/1584/1527
f 1528/1574/1517 1539/1585/1528 1529/1575/1518
f 1528/1574/1517 1541/1587/1530 1539/1585/1528
f 1530/1576/1519 1541/1587/1530 1528/1574/1517
f 1530/1576/1519 1542/1588/1531 1541/1587/1530
f 1535/1581/1524 1542/1588/1531 1530/1576/1519
f 1535/1581/1524 1543/1589/1532 1542/1588/1531
f 1536/1582/1525 1543/1589/1532 1535/1581/1524
f 1536/1582/1525 1170/1590/1160 1543/1589/1532
f 1170/1590/1160 1168/1591/1158 1543/1589/1532
f 1544/1592/1533 1539/1585/1528 1541/1587/1530
f 1544/1592/1533 1540/1586/1529 1539/1585/1528
f 1545/1593/1534 1540/1586/1529 1544/1592/1533
f 1546/1594/1535 1162/1595/1152 1547/1596/1536
f 1546/1594/1535 1167/1597/1157 1162/1595/1152
f 1546/1594/1535 1168/1591/1158 1167/1597/1157
f 1548/1598/1537 1168/1591/1158 1546/1594/1535
f 1548/1598/1537 1543/1589/1532 1168/1591/1158
f 1542/1588/1531 1543/1589/1532 1548/1598/1537
f 1544/1592/1533 1549/1599/1538 1545/1593/1534
f 1544/1592/1533 1550/1600/1539 1549/1599/1538
f 1541/1587/1530 1550/1600/1539 1544/1592/1533
f 1542/1588/1531 1550/1600/1539 1541/1587/1530
f 1542/1588/1531 1551/1601/1540 1550/1600/1539
f 1548/1598/1537 1551/1601/1540 1542/1588/1531
f 1548/1598/1537 1552/1602/1541 1551/1601/1540
f 1546/1594/1535 1552/1602/1541 1548/1598/1537
f 1546/1594/1535 1553/1603/1542 1552/1602/1541
f 1547/1596/1536 1553/1603/1542 1546/1594/1535
f 1553/1603/1542 1551/1601/1540 1552/1602/1541
f 1553/1603/1542 1554/1604/1543 1551/1601/1540
f 1555/1605/1544 1554/1604/1543 1553/1603/1542
f 1555/1605/1544 1556/1606/1545 1554/1604/1543
f 1557/1607/1546 1556/1606/1545 1555/1605/1544
f 1557/1607/1546 1558/1608/1547 1556/1606/1545
f 1559/1609/1548 1558/1608/1547 1557/1607/1546
f 1547/1596/1536 1555/1605/1544 1553/1603/1542
f 1560/1610/1549 1555/1605/1544 1547/1596/1536
f 1560/1610/1549 1557/1607/1546 1555/1605/1544
f 1561/1611/1550 1557/1607/1546 1560/1610/1549
f 1561/1611/1550 1559/1609/1548 1557/1607/1546
f 1562/1612/1551 1559/1609/1548 1561/1611/1550
f 1562/1612/1551 1563/1613/1552 1559/1609/1548
f 1564/1614/1553 1563/1613/1552 1562/1612/1551
f 1564/1614/1553 1565/1615/1554 1563/1613/1552
f 1566/1616/1555 1565/1615/1554 1564/1614/1553
f 1564/1614/1553 1567/1617/1556 1566/1616/1555
f 1564/1614/1553 1568/1618/1557 1567/1617/1556
f 1562/1612/1551 1568/1618/1557 1564/1614/1553
f 1561/1611/1550 1568/1618/1557 1562/1612/1551
f 1561/1611/1550 1569/1619/1558 1568/1618/1557
f 1561/1611/1550 1570/1620/1559 1569/1619/1558
f 1560/1610/1549 1570/1620/1559 1561/1611/1550
f 1560/1610/1549 1160/1621/1150 1570/1620/1559
f 1547/1596/1536 1160/1621/1150 1560/1610/1549
f 1547/1596/1536 1162/1595/1152 1160/1621/1150
f 1571/1622/1560 1567/1617/1556 1568/1618/1557
f 1569/1619/1558 1159/1623/1149 1156/1624/1146
f 1569/1619/1558 1160/1621/1150 1159/1623/1149
f 1570/1620/1559 1160/1621/1150 1569/1619/1558
f 1572/1625/1561 1158/1626/1148 1573/1627/1562
f 1572/1625/1561 1156/1624/1146 1158/1626/1148
f 1574/1628/1563 1156/1624/1146 1572/1625/1561
f 1574/1628/1563 1569/1619/1558 1156/1624/1146
f 1575/1629/1564 1569/1619/1558 1574/1628/1563
f 1575/1629/1564 1568/1618/1557 1569/1619/1558
f 1575/1629/1564 1571/1622/1560 1568/1618/1557
f 1575/1629/1564 1576/1630/1565 1571/1622/1560
f 1505/1551/1494 1576/1630/1565 1575/1629/1564
f 1505/1551/1494 1503/1549/1492 1576/1630/1565
f 1577/1631/1566 1576/1630/1565 1503/1549/1492
f 1504/1550/1493 1578/1632/1567 1506/1552/1495
f 1504/1550/1493 1579/1633/1568 1578/1632/1567
f 1580/1634/1569 1579/1633/1568 1504/1550/1493
f 1580/1634/1569 1581/1635/1570 1579/1633/1568
f 1580/1634/1569 1573/1627/1562 1581/1635/1570
f 1504/1550/1493 1573/1627/1562 1580/1634/1569
f 1504/1550/1493 1572/1625/1561 1573/1627/1562
f 1512/1558/1501 1572/1625/1561 1504/1550/1493
f 1512/1558/1501 1574/1628/1563 1572/1625/1561
f 1505/1551/1494 1574/1628/1563 1512/1558/1501
f 1505/1551/1494 1575/1629/1564 1574/1628/1563
f 1581/1635/1570 1582/1636/1571 1579/1633/1568
f 1581/1635/1570 1583/1637/1572 1582/1636/1571
f 1584/1638/1573 1583/1637/1572 1581/1635/1570
f 1584/1638/1573 1585/1639/1574 1583/1637/1572
f 1536/1582/1525 1244/1640/1234 1170/1590/1160
f 1585/1639/1574 1244/1640/1234 1536/1582/1525
f 1585/1639/1574 1240/1641/1230 1244/1640/1234
f 1584/1638/1573 1240/1641/1230 1585/1639/1574
f 1584/1638/1573 1238/1642/1228 1240/1641/1230
f 1581/1635/1570 1238/1642/1228 1584/1638/1573
f 1581/1635/1570 1236/1643/1226 1238/1642/1228
f 1573/1627/1562 1236/1643/1226 1581/1635/1570
f 1573/1627/1562 1235/1644/1225 1236/1643/1226
f 1573/1627/1562 1158/1626/1148 1235/1644/1225
f 1534/1580/1523 1585/1639/1574 1536/1582/1525
f 1537/1583/1526 1585/1639/1574 1534/1580/1523
f 1537/1583/1526 1583/1637/1572 1585/1639/1574
f 1531/1577/1520 1583/1637/1572 1537/1583/1526
f 1531/1577/1520 1582/1636/1571 1583/1637/1572
f 1514/1560/1503 1582/1636/1571 1531/1577/1520
f 1514/1560/1503 1579/1633/1568 1582/1636/1571
f 1511/1557/1500 1579/1633/1568 1514/1560/1503
f 1511/1557/1500 1578/1632/1567 1579/1633/1568
f 1506/1552/1495 1578/1632/1567 1511/1557/1500
f 1586/1645/1575 1587/1646/1576 1588/1647/1577
f 1586/1645/1575 1589/1648/1578 1410/1456/1399
f 1588/1647/1577 1589/1648/1578 1586/1645/1575
f 1588/1647/1577 1590/1649/1579 1589/1648/1578
f 1588/1647/1577 1591/1650/1580 1590/1649/1579
f 1588/1647/1577 1592/1651/1581 1591/1650/1580
f 1588/1647/1577 1593/1652/1582 1592/1651/1581
f 1587/1646/1576 1593/1652/1582 1588/1647/1577
f 1587/1646/1576 1594/1653/1583 1593/1652/1582
f 1586/1645/1575 1594/1653/1583 1587/1646/1576
f 1410/1456/1399 1594/1653/1583 1586/1645/1575
f 1410/1456/1399 1595/1654/1584 1594/1653/1583
f 1411/1457/1400 1595/1654/1584 1410/1456/1399
f 1596/1655/1585 1592/1651/1581 1597/1656/1586
f 1598/1657/1587 1592/1651/1581 1596/1655/1585
f 1598/1657/1587 1591/1650/1580 1592/1651/1581
f 1599/1658/1588 1591/1650/1580 1598/1657/1587
f 1418/1464/1407 1591/1650/1580 1599/1658/1588
f 1418/1464/1407 1590/1649/1579 1591/1650/1580
f 1407/1453/1396 1590/1649/1579 1418/1464/1407
f 1407/1453/1396 1589/1648/1578 1590/1649/1579
f 1405/1451/1394 1589/1648/1578 1407/1453/1396
f 1405/1451/1394 1410/1456/1399 1589/1648/1578
f 1418/1464/1407 1429/1475/1418 1417/1463/1406
f 1418/1464/1407 1436/1482/1425 1429/1475/1418
f 1599/1658/1588 1436/1482/1425 1418/1464/1407
f 1599/1658/1588 1600/1659/1589 1436/1482/1425
f 1598/1657/1587 1600/1659/1589 1599/1658/1588
f 1598/1657/1587 1601/1660/1590 1600/1659/1589
f 1596/1655/1585 1601/1660/1590 1598/1657/1587
f 1596/1655/1585 1565/1615/1554 1601/1660/1590
f 1596/1655/1585 1563/1613/1552 1565/1615/1554
f 1597/1656/1586 1563/1613/1552 1596/1655/1585
f 1565/1615/1554 1602/1661/1591 1601/1660/1590
f 1601/1660/1590 1603/1662/1592 1600/1659/1589
f 1602/1661/1591 1603/1662/1592 1601/1660/1590
f 1602/1661/1591 1604/1663/1593 1603/1662/1592
f 1605/1664/1594 1597/1656/1586 1606/1665/1595
f 1597/1656/1586 1559/1609/1548 1563/1613/1552
f 1605/1664/1594 1559/1609/1548 1597/1656/1586
f 1605/1664/1594 1558/1608/1547 1559/1609/1548
f 1606/1665/1595 1558/1608/1547 1605/1664/1594
f 1606/1665/1595 1607/1666/1596 1558/1608/1547
f 1491/1537/1480 1607/1666/1596 1606/1665/1595
f 1491/1537/1480 1608/1667/1597 1607/1666/1596
f 1490/1536/1479 1608/1667/1597 1491/1537/1480
f 1490/1536/1479 1498/1544/1487 1608/1667/1597
f 1492/1538/1481 1498/1544/1487 1490/1536/1479
f 1608/1667/1597 1609/1668/1598 1610/1669/1599
f 1608/1667/1597 1498/1544/1487 1609/1668/1598
f 1611/1670/1600 1610/1669/1599 1612/1671/1601
f 1611/1670/1600 1608/1667/1597 1610/1669/1599
f 1611/1670/1600 1607/1666/1596 1608/1667/1597
f 1613/1672/1602 1607/1666/1596 1611/1670/1600
f 1613/1672/1602 1558/1608/1547 1607/1666/1596
f 1613/1672/1602 1556/1606/1545 1558/1608/1547
f 1611/1670/1600 1556/1606/1545 1613/1672/1602
f 1611/1670/1600 1554/1604/1543 1556/1606/1545
f 1612/1671/1601 1554/1604/1543 1611/1670/1600
f 1612/1671/1601 1551/1601/1540 1554/1604/1543
f 1612/1671/1601 1550/1600/1539 1551/1601/1540
f 1612/1671/1601 1549/1599/1538 1550/1600/1539
f 1610/1669/1599 1549/1599/1538 1612/1671/1601
f 1610/1669/1599 1614/1673/1603 1549/1599/1538
f 1609/1668/1598 1614/1673/1603 1610/1669/1599
f 1609/1668/1598 1615/1674/1604 1614/1673/1603
f 1609/1668/1598 1616/1675/1605 1615/1674/1604
f 1498/1544/1487 1616/1675/1605 1609/1668/1598
f 1498/1544/1487 1510/1556/1499 1616/1675/1605
f 1497/1543/1486 1510/1556/1499 1498/1544/1487
f 1497/1543/1486 1499/1545/1488 1510/1556/1499
f 1517/1563/1506 1510/1556/1499 1509/1555/1498
f 1617/1676/1606 1510/1556/1499 1517/1563/1506
f 1617/1676/1606 1616/1675/1605 1510/1556/1499
f 1618/1677/1607 1616/1675/1605 1617/1676/1606
f 1618/1677/1607 1615/1674/1604 1616/1675/1605
f 1619/1678/1608 1615/1674/1604 1618/1677/1607
f 1620/1679/1609 1615/1674/1604 1619/1678/1608
f 1620/1679/1609 1614/1673/1603 1615/1674/1604
f 1545/1593/1534 1614/1673/1603 1620/1679/1609
f 1545/1593/1534 1549/1599/1538 1614/1673/1603
f 1621/1680/1610 1622/1681/1611 1623/1682/1612
f 1446/1492/1435 1622/1681/1611 1621/1680/1610
f 1446/1492/1435 1624/1683/1613 1622/1681/1611
f 1625/1684/1614 1446/1492/1435 1621/1680/1610
f 1625/1684/1614 1445/1491/1434 1446/1492/1435
f 1626/1685/1615 1627/1686/1616 1628/1687/1617
f 1629/1688/1618 1627/1686/1616 1626/1685/1615
f 1629/1688/1618 1624/1683/1613 1627/1686/1616
f 1630/1689/1619 1624/1683/1613 1629/1688/1618
f 1630/1689/1619 1622/1681/1611 1624/1683/1613
f 1631/1690/1620 1622/1681/1611 1630/1689/1619
f 1631/1690/1620 1623/1682/1612 1622/1681/1611
f 1632/1691/1621 1623/1682/1612 1631/1690/1620
f 1632/1691/1621 1454/1500/1443 1457/1503/1446
f 1631/1690/1620 1454/1500/1443 1632/1691/1621
f 1631/1690/1620 1455/1501/1444 1454/1500/1443
f 1631/1690/1620 1633/1692/1622 1455/1501/1444
f 1630/1689/1619 1633/1692/1622 1631/1690/1620
f 1630/1689/1619 1634/1693/1623 1633/1692/1622
f 1629/1688/1618 1634/1693/1623 1630/1689/1619
f 1629/1688/1618 1635/1694/1624 1634/1693/1623
f 1626/1685/1615 1635/1694/1624 1629/1688/1618
f 1626/1685/1615 1604/1663/1593 1635/1694/1624
f 1634/1693/1623 1455/1501/1444 1633/1692/1622
f 1566/1616/1555 1602/1661/1591 1565/1615/1554
f 1468/1514/1457 1602/1661/1591 1566/1616/1555
f 1468/1514/1457 1604/1663/1593 1602/1661/1591
f 1470/1516/1459 1604/1663/1593 1468/1514/1457
f 1470/1516/1459 1635/1694/1624 1604/1663/1593
f 1463/1509/1452 1635/1694/1624 1470/1516/1459
f 1463/1509/1452 1634/1693/1623 1635/1694/1624
f 1462/1508/1451 1634/1693/1623 1463/1509/1452
f 1462/1508/1451 1455/1501/1444 1634/1693/1623
f 1453/1499/1442 1455/1501/1444 1462/1508/1451
f 1487/1533/1476 1577/1631/1566 1503/1549/1492
f 1485/1531/1474 1577/1631/1566 1487/1533/1476
f 1485/1531/1474 1576/1630/1565 1577/1631/1566
f 1484/1530/1473 1576/1630/1565 1485/1531/1474
f 1484/1530/1473 1571/1622/1560 1576/1630/1565
f 1480/1526/1469 1571/1622/1560 1484/1530/1473
f 1480/1526/1469 1567/1617/1556 1571/1622/1560
f 1469/1515/1458 1567/1617/1556 1480/1526/1469
f 1469/1515/1458 1566/1616/1555 1567/1617/1556
f 1469/1515/1458 1468/1514/1457 1566/1616/1555
f 1568/1618/1625 1570/1620/1559 1569/1619/1558
f 1561/1611/1550 1570/1620/1559 1568/1618/1625
f 1636/1695/1626 1637/1696/1627 1638/1697/1628
f 1639/1698/1629 1640/1699/1630 1641/1700/1631
f 1636/1695/1626 1640/1699/1630 1639/1698/1629
f 1636/1695/1626 1642/1701/1632 1640/1699/1630
f 1638/1697/1628 1642/1701/1632 1636/1695/1626
f 1638/1697/1628 1643/1702/1633 1642/1701/1632
f 1638/1697/1628 1644/1703/1634 1643/1702/1633
f 1637/1696/1627 1644/1703/1634 1638/1697/1628
f 1637/1696/1627 1645/1704/1635 1644/1703/1634
f 1646/1705/1636 1645/1704/1635 1637/1696/1627
f 1646/1705/1636 1647/1706/1637 1645/1704/1635
f 1645/1704/1635 1648/1707/1638 1644/1703/1634
f 1645/1704/1635 1649/1708/1639 1648/1707/1638
f 1647/1706/1637 1649/1708/1639 1645/1704/1635
f 1649/1708/1639 1650/1709/1640 1648/1707/1638
f 1345/1391/1334 1644/1703/1634 1344/1390/1333
f 1345/1391/1334 1643/1702/1633 1644/1703/1634
f 1651/1710/1641 1643/1702/1633 1345/1391/1334
f 1652/1711/1642 1643/1702/1633 1651/1710/1641
f 1652/1711/1642 1642/1701/1632 1643/1702/1633
f 1653/1712/1643 1642/1701/1632 1652/1711/1642
f 1653/1712/1643 1640/1699/1630 1642/1701/1632
f 1654/1713/1644 1640/1699/1630 1653/1712/1643
f 1654/1713/1644 1641/1700/1631 1640/1699/1630
f 1655/1714/1645 1641/1700/1631 1654/1713/1644
f 1654/1713/1644 1656/1715/1646 1655/1714/1645
f 1654/1713/1644 1657/1716/1647 1656/1715/1646
f 1653/1712/1643 1657/1716/1647 1654/1713/1644
f 1653/1712/1643 1658/1717/1648 1657/1716/1647
f 1652/1711/1642 1658/1717/1648 1653/1712/1643
f 1652/1711/1642 1659/1718/1649 1658/1717/1648
f 1651/1710/1641 1659/1718/1649 1652/1711/1642
f 1651/1710/1641 1660/1719/1650 1659/1718/1649
f 1661/1720/1651 1660/1719/1650 1651/1710/1641
f 1661/1720/1651 1662/1721/1652 1660/1719/1650
f 1663/1722/1653 1664/1723/1654 1665/1724/1655
f 1663/1722/1653 1666/1725/1656 1664/1723/1654
f 1663/1722/1653 1662/1721/1652 1666/1725/1656
f 1667/1726/1657 1662/1721/1652 1663/1722/1653
f 1668/1727/1658 1662/1721/1652 1667/1726/1657
f 1668/1727/1658 1660/1719/1650 1662/1721/1652
f 1659/1718/1649 1660/1719/1650 1668/1727/1658
f 1669/1728/1659 1662/1721/1652 1661/1720/1651
f 1669/1728/1659 1666/1725/1656 1662/1721/1652
f 1335/1381/1324 1666/1725/1656 1669/1728/1659
f 1335/1381/1324 1664/1723/1654 1666/1725/1656
f 1333/1379/1322 1664/1723/1654 1335/1381/1324
f 1333/1379/1322 1670/1729/1660 1664/1723/1654
f 1331/1377/1320 1670/1729/1660 1333/1379/1322
f 1331/1377/1320 1671/1730/1661 1670/1729/1660
f 1323/1369/1312 1671/1730/1661 1331/1377/1320
f 1323/1369/1312 1322/1368/1311 1671/1730/1661
f 1672/1731/1662 1316/1362/1305 1314/1360/1303
f 1672/1731/1662 1322/1368/1311 1316/1362/1305
f 1671/1730/1661 1322/1368/1311 1672/1731/1662
f 1673/1732/1663 1314/1360/1303 1674/1733/1664
f 1673/1732/1663 1672/1731/1662 1314/1360/1303
f 1675/1734/1665 1672/1731/1662 1673/1732/1663
f 1675/1734/1665 1671/1730/1661 1672/1731/1662
f 1676/1735/1666 1671/1730/1661 1675/1734/1665
f 1676/1735/1666 1670/1729/1660 1671/1730/1661
f 1664/1723/1654 1670/1729/1660 1676/1735/1666
f 1677/1736/1667 1678/1737/1668 1679/1738/1669
f 1680/1739/1670 1678/1737/1668 1677/1736/1667
f 1680/1739/1670 1674/1733/1664 1678/1737/1668
f 1680/1739/1670 1673/1732/1663 1674/1733/1664
f 1681/1740/1671 1673/1732/1663 1680/1739/1670
f 1681/1740/1671 1675/1734/1665 1673/1732/1663
f 1682/1741/1672 1675/1734/1665 1681/1740/1671
f 1682/1741/1672 1676/1735/1666 1675/1734/1665
f 1665/1724/1655 1676/1735/1666 1682/1741/1672
f 1665/1724/1655 1664/1723/1654 1676/1735/1666
f 1683/1742/1673 1680/1739/1670 1677/1736/1667
f 1683/1742/1673 1681/1740/1671 1680/1739/1670
f 1684/1743/1674 1681/1740/1671 1683/1742/1673
f 1684/1743/1674 1682/1741/1672 1681/1740/1671
f 1685/1744/1675 1682/1741/1672 1684/1743/1674
f 1685/1744/1675 1665/1724/1655 1682/1741/1672
f 1686/1745/1676 1665/1724/1655 1685/1744/1675
f 1686/1745/1676 1663/1722/1653 1665/1724/1655
f 1667/1726/1657 1663/1722/1653 1686/1745/1676
f 1687/1746/1677 1685/1744/1675 1688/1747/1678
f 1687/1746/1677 1686/1745/1676 1685/1744/1675
f 1689/1748/1679 1686/1745/1676 1687/1746/1677
f 1689/1748/1679 1667/1726/1657 1686/1745/1676
f 1690/1749/1680 1667/1726/1657 1689/1748/1679
f 1690/1749/1680 1668/1727/1658 1667/1726/1657
f 1691/1750/1681 1668/1727/1658 1690/1749/1680
f 1691/1750/1681 1659/1718/1649 1668/1727/1658
f 1692/1751/1682 1659/1718/1649 1691/1750/1681
f 1692/1751/1682 1658/1717/1648 1659/1718/1649
f 1657/1716/1647 1658/1717/1648 1692/1751/1682
f 1693/1752/1683 1689/1748/1679 1694/1753/1684
f 1693/1752/1683 1690/1749/1680 1689/1748/1679
f 1695/1754/1685 1690/1749/1680 1693/1752/1683
f 1695/1754/1685 1691/1750/1681 1690/1749/1680
f 1696/1755/1686 1691/1750/1681 1695/1754/1685
f 1696/1755/1686 1692/1751/1682 1691/1750/1681
f 1697/1756/1687 1692/1751/1682 1696/1755/1686
f 1697/1756/1687 1657/1716/1647 1692/1751/1682
f 1698/1757/1688 1657/1716/1647 1697/1756/1687
f 1698/1757/1688 1656/1715/1646 1657/1716/1647
f 1699/1758/1689 1656/1715/1646 1698/1757/1688
f 1697/1756/1687 1700/1759/1690 1701/1760/1691
f 1696/1755/1686 1700/1759/1690 1697/1756/1687
f 1696/1755/1686 1702/1761/1692 1700/1759/1690
f 1695/1754/1685 1702/1761/1692 1696/1755/1686
f 1695/1754/1685 1703/1762/1693 1702/1761/1692
f 1693/1752/1683 1703/1762/1693 1695/1754/1685
f 1693/1752/1683 1704/1763/1694 1703/1762/1693
f 1694/1753/1684 1704/1763/1694 1693/1752/1683
f 1694/1753/1684 1705/1764/1695 1704/1763/1694
f 1706/1765/1696 1705/1764/1695 1694/1753/1684
f 1703/1762/1693 1707/1766/1697 1702/1761/1692
f 1702/1761/1692 1708/1767/1698 1700/1759/1690
f 1707/1766/1697 1708/1767/1698 1702/1761/1692
f 1707/1766/1697 1709/1768/1699 1708/1767/1698
f 1700/1759/1690 1710/1769/1700 1701/1760/1691
f 1708/1767/1698 1710/1769/1700 1700/1759/1690
f 1708/1767/1698 1711/1770/1701 1710/1769/1700
f 1709/1768/1699 1711/1770/1701 1708/1767/1698
f 1709/1768/1699 1712/1771/1702 1711/1770/1701
f 1713/1772/1703 1712/1771/1702 1714/1773/1704
f 1713/1772/1703 1711/1770/1701 1712/1771/1702
f 1715/1774/1705 1711/1770/1701 1713/1772/1703
f 1715/1774/1705 1710/1769/1700 1711/1770/1701
f 1716/1775/1706 1710/1769/1700 1715/1774/1705
f 1716/1775/1706 1701/1760/1691 1710/1769/1700
f 1717/1776/1707 1701/1760/1691 1716/1775/1706
f 1717/1776/1707 1718/1777/1708 1719/1778/1709
f 1716/1775/1706 1718/1777/1708 1717/1776/1707
f 1716/1775/1706 1720/1779/1710 1718/1777/1708
f 1715/1774/1705 1720/1779/1710 1716/1775/1706
f 1715/1774/1705 1721/1780/1711 1720/1779/1710
f 1713/1772/1703 1721/1780/1711 1715/1774/1705
f 1713/1772/1703 1722/1781/1712 1721/1780/1711
f 1714/1773/1704 1722/1781/1712 1713/1772/1703
f 1714/1773/1704 1723/1782/1713 1722/1781/1712
f 1724/1783/1714 1723/1782/1713 1725/1784/1715
f 1724/1783/1714 1722/1781/1712 1723/1782/1713
f 1726/1785/1716 1722/1781/1712 1724/1783/1714
f 1726/1785/1716 1721/1780/1711 1722/1781/1712
f 1727/1786/1717 1721/1780/1711 1726/1785/1716
f 1727/1786/1717 1720/1779/1710 1721/1780/1711
f 1728/1787/1718 1720/1779/1710 1727/1786/1717
f 1728/1787/1718 1718/1777/1708 1720/1779/1710
f 1729/1788/1719 1718/1777/1708 1728/1787/1718
f 1729/1788/1719 1719/1778/1709 1718/1777/1708
f 1730/1789/1720 1719/1778/1709 1729/1788/1719
f 1727/1786/1717 1731/1790/1721 1732/1791/1722
f 1726/1785/1716 1731/1790/1721 1727/1786/1717
f 1726/1785/1716 1733/1792/1723 1731/1790/1721
f 1724/1783/1714 1733/1792/1723 1726/1785/1716
f 1724/1783/1714 1734/1793/1724 1733/1792/1723
f 1725/1784/1715 1734/1793/1724 1724/1783/1714
f 1725/1784/1715 1735/1794/1725 1734/1793/1724
f 1723/1782/1713 1735/1794/1725 1725/1784/1715
f 1723/1782/1713 1736/1795/1726 1735/1794/1725
f 1714/1773/1704 1736/1795/1726 1723/1782/1713
f 1737/1796/1727 1734/1793/1724 1735/1794/1725
f 1738/1797/1728 1734/1793/1724 1737/1796/1727
f 1738/1797/1728 1733/1792/1723 1734/1793/1724
f 1739/1798/1729 1733/1792/1723 1738/1797/1728
f 1739/1798/1729 1731/1790/1721 1733/1792/1723
f 1740/1799/1730 1731/1790/1721 1739/1798/1729
f 1740/1799/1730 1732/1791/1722 1731/1790/1721
f 1741/1800/1731 1732/1791/1722 1740/1799/1730
f 1741/1800/1731 1742/1801/1732 1732/1791/1722
f 1743/1802/1733 1742/1801/1732 1741/1800/1731
f 1741/1800/1731 1744/1803/1734 1743/1802/1733
f 1741/1800/1731 1745/1804/1735 1744/1803/1734
f 1740/1799/1730 1745/1804/1735 1741/1800/1731
f 1740/1799/1730 1746/1805/1736 1745/1804/1735
f 1739/1798/1729 1746/1805/1736 1740/1799/1730
f 1739/1798/1729 1747/1806/1737 1746/1805/1736
f 1738/1797/1728 1747/1806/1737 1739/1798/1729
f 1738/1797/1728 1748/1807/1738 1747/1806/1737
f 1737/1796/1727 1748/1807/1738 1738/1797/1728
f 1737/1796/1727 1735/1794/1725 1748/1807/1738
f 1749/1808/1739 1748/1807/1738 1735/1794/1725
f 1750/1809/1740 1735/1794/1725 1751/1810/1741
f 1750/1809/1740 1752/1811/1742 1735/1794/1725
f 1753/1812/1743 1754/1813/1744 1755/1814/1745
f 1753/1812/1743 1752/1811/1742 1754/1813/1744
f 1756/1815/1746 1752/1811/1742 1753/1812/1743
f 1756/1815/1746 1735/1794/1725 1752/1811/1742
f 1757/1816/1747 1735/1794/1725 1756/1815/1746
f 1757/1816/1747 1749/1808/1739 1735/1794/1725
f 1758/1817/1748 1749/1808/1739 1757/1816/1747
f 1758/1817/1748 1748/1807/1738 1749/1808/1739
f 1758/1817/1748 1747/1806/1737 1748/1807/1738
f 1759/1818/1749 1747/1806/1737 1758/1817/1748
f 1760/1819/1750 1761/1820/1751 1762/1821/1752
f 1760/1819/1750 1755/1814/1745 1761/1820/1751
f 1763/1822/1753 1755/1814/1745 1760/1819/1750
f 1763/1822/1753 1753/1812/1743 1755/1814/1745
f 1757/1816/1747 1753/1812/1743 1763/1822/1753
f 1757/1816/1747 1756/1815/1746 1753/1812/1743
f 1764/1823/1754 1765/1824/1755 1766/1825/1756
f 1764/1823/1754 1762/1821/1752 1765/1824/1755
f 1767/1826/1757 1762/1821/1752 1764/1823/1754
f 1767/1826/1757 1760/1819/1750 1762/1821/1752
f 1759/1818/1749 1760/1819/1750 1767/1826/1757
f 1759/1818/1749 1763/1822/1753 1760/1819/1750
f 1758/1817/1748 1763/1822/1753 1759/1818/1749
f 1758/1817/1748 1757/1816/1747 1763/1822/1753
f 1759/1818/1749 1746/1805/1736 1747/1806/1737
f 1767/1826/1757 1746/1805/1736 1759/1818/1749
f 1767/1826/1757 1745/1804/1735 1746/1805/1736
f 1764/1823/1754 1745/1804/1735 1767/1826/1757
f 1764/1823/1754 1744/1803/1734 1745/1804/1735
f 1766/1825/1756 1744/1803/1734 1764/1823/1754
f 1766/1825/1756 1768/1827/1758 1744/1803/1734
f 1769/1828/1759 1768/1827/1758 1766/1825/1756
f 1769/1828/1759 1770/1829/1760 1768/1827/1758
f 1769/1828/1759 1771/1830/1761 1770/1829/1760
f 1772/1831/1762 1303/1349/1292 1304/1350/1293
f 1772/1831/1762 1773/1832/1763 1303/1349/1292
f 1774/1833/1764 1773/1832/1763 1772/1831/1762
f 1774/1833/1764 1771/1830/1761 1773/1832/1763
f 1775/1834/1765 1771/1830/1761 1774/1833/1764
f 1775/1834/1765 1770/1829/1760 1771/1830/1761
f 1776/1835/1766 1770/1829/1760 1775/1834/1765
f 1776/1835/1766 1768/1827/1758 1770/1829/1760
f 1743/1802/1733 1768/1827/1758 1776/1835/1766
f 1743/1802/1733 1744/1803/1734 1768/1827/1758
f 1743/1802/1733 1777/1836/1767 1742/1801/1732
f 1776/1835/1766 1777/1836/1767 1743/1802/1733
f 1776/1835/1766 1778/1837/1768 1777/1836/1767
f 1776/1835/1766 1779/1838/1769 1778/1837/1768
f 1775/1834/1765 1779/1838/1769 1776/1835/1766
f 1775/1834/1765 1780/1839/1770 1779/1838/1769
f 1774/1833/1764 1780/1839/1770 1775/1834/1765
f 1774/1833/1764 1781/1840/1771 1780/1839/1770
f 1772/1831/1762 1781/1840/1771 1774/1833/1764
f 1782/1841/1772 1779/1838/1769 1780/1839/1770
f 1783/1842/1773 1779/1838/1769 1782/1841/1772
f 1783/1842/1773 1778/1837/1768 1779/1838/1769
f 1730/1789/1720 1778/1837/1768 1783/1842/1773
f 1730/1789/1720 1777/1836/1767 1778/1837/1768
f 1729/1788/1719 1777/1836/1767 1730/1789/1720
f 1729/1788/1719 1742/1801/1732 1777/1836/1767
f 1728/1787/1718 1742/1801/1732 1729/1788/1719
f 1728/1787/1718 1732/1791/1722 1742/1801/1732
f 1727/1786/1717 1732/1791/1722 1728/1787/1718
f 1782/1841/1772 1784/1843/1774 1785/1844/1775
f 1379/1425/1368 1784/1843/1774 1782/1841/1772
f 1380/1426/1369 1784/1843/1774 1379/1425/1368
f 1384/1430/1373 1784/1843/1774 1380/1426/1369
f 1384/1430/1373 1785/1844/1775 1784/1843/1774
f 1786/1845/1776 1785/1844/1775 1384/1430/1373
f 1786/1845/1776 1787/1846/1777 1785/1844/1775
f 1788/1847/1778 1787/1846/1777 1786/1845/1776
f 1788/1847/1778 1789/1848/1779 1787/1846/1777
f 1788/1847/1778 1699/1758/1689 1789/1848/1779
f 1655/1714/1645 1699/1758/1689 1788/1847/1778
f 1655/1714/1645 1656/1715/1646 1699/1758/1689
f 1655/1714/1645 1790/1849/1780 1641/1700/1631
f 1788/1847/1778 1790/1849/1780 1655/1714/1645
f 1786/1845/1776 1790/1849/1780 1788/1847/1778
f 1786/1845/1776 1791/1850/1781 1790/1849/1780
f 1384/1430/1373 1791/1850/1781 1786/1845/1776
f 1384/1430/1373 1792/1851/1782 1791/1850/1781
f 1383/1429/1372 1792/1851/1782 1384/1430/1373
f 1383/1429/1372 1793/1852/1783 1792/1851/1782
f 1386/1432/1375 1793/1852/1783 1383/1429/1372
f 1386/1432/1375 1388/1434/1377 1793/1852/1783
f 1794/1853/1784 1394/1440/1383 1795/1854/1785
f 1794/1853/1784 1388/1434/1377 1394/1440/1383
f 1794/1853/1784 1793/1852/1783 1388/1434/1377
f 1796/1855/1786 1793/1852/1783 1794/1853/1784
f 1796/1855/1786 1792/1851/1782 1793/1852/1783
f 1797/1856/1787 1792/1851/1782 1796/1855/1786
f 1797/1856/1787 1791/1850/1781 1792/1851/1782
f 1797/1856/1787 1790/1849/1780 1791/1850/1781
f 1797/1856/1787 1641/1700/1631 1790/1849/1780
f 1639/1698/1629 1641/1700/1631 1797/1856/1787
f 1646/1705/1636 1798/1857/1788 1647/1706/1637
f 1799/1858/1789 1798/1857/1788 1646/1705/1636
f 1799/1858/1789 1800/1859/1790 1798/1857/1788
f 1799/1858/1789 1795/1854/1785 1800/1859/1790
f 1801/1860/1791 1795/1854/1785 1799/1858/1789
f 1801/1860/1791 1794/1853/1784 1795/1854/1785
f 1801/1860/1791 1796/1855/1786 1794/1853/1784
f 1802/1861/1792 1796/1855/1786 1801/1860/1791
f 1802/1861/1792 1797/1856/1787 1796/1855/1786
f 1802/1861/1792 1639/1698/1629 1797/1856/1787
f 1649/1708/1639 1803/1862/1793 1804/1863/1794
f 1647/1706/1637 1803/1862/1793 1649/1708/1639
f 1647/1706/1637 1805/1864/1795 1803/1862/1793
f 1798/1857/1788 1805/1864/1795 1647/1706/1637
f 1798/1857/1788 1806/1865/1796 1805/1864/1795
f 1800/1859/1790 1806/1865/1796 1798/1857/1788
f 1800/1859/1790 1807/1866/1797 1806/1865/1796
f 1800/1859/1790 1396/1442/1385 1807/1866/1797
f 1795/1854/1785 1396/1442/1385 1800/1859/1790
f 1795/1854/1785 1394/1440/1383 1396/1442/1385
f 1808/1867/1798 1805/1864/1795 1806/1865/1796
f 1809/1868/1799 1805/1864/1795 1808/1867/1798
f 1809/1868/1799 1803/1862/1793 1805/1864/1795
f 1810/1869/1800 1803/1862/1793 1809/1868/1799
f 1810/1869/1800 1804/1863/1794 1803/1862/1793
f 1810/1869/1800 1811/1870/1801 1804/1863/1794
f 1812/1871/1802 1811/1870/1801 1810/1869/1800
f 1812/1871/1802 1813/1872/1803 1811/1870/1801
f 1814/1873/1804 1813/1872/1803 1812/1871/1802
f 1814/1873/1804 1815/1874/1805 1813/1872/1803
f 1816/1875/1806 1810/1869/1800 1809/1868/1799
f 1812/1871/1802 1810/1869/1800 1816/1875/1806
f 1360/1406/1349 1817/1876/1807 1359/1405/1348
f 1360/1406/1349 1815/1874/1805 1817/1876/1807
f 1361/1407/1350 1815/1874/1805 1360/1406/1349
f 1361/1407/1350 1813/1872/1803 1815/1874/1805
f 1818/1877/1808 1813/1872/1803 1361/1407/1350
f 1818/1877/1808 1811/1870/1801 1813/1872/1803
f 1819/1878/1809 1811/1870/1801 1818/1877/1808
f 1819/1878/1809 1804/1863/1794 1811/1870/1801
f 1650/1709/1640 1804/1863/1794 1819/1878/1809
f 1649/1708/1639 1804/1863/1794 1650/1709/1640
f 1348/1394/1337 1361/1407/1350 1352/1398/1341
f 1348/1394/1337 1818/1877/1808 1361/1407/1350
f 1347/1393/1336 1818/1877/1808 1348/1394/1337
f 1347/1393/1336 1819/1878/1809 1818/1877/1808
f 1346/1392/1335 1819/1878/1809 1347/1393/1336
f 1346/1392/1335 1650/1709/1640 1819/1878/1809
f 1342/1388/1331 1650/1709/1640 1346/1392/1335
f 1342/1388/1331 1648/1707/1638 1650/1709/1640
f 1344/1390/1333 1648/1707/1638 1342/1388/1331
f 1344/1390/1333 1644/1703/1634 1648/1707/1638
f 1820/1879/1810 1821/1880/1811 1822/1881/1812
f 1823/1882/1813 1824/1883/1814 1822/1881/1812
f 1824/1883/1814 1357/1884/1346 1358/1885/1347
f 1824/1883/1814 1365/1886/1354 1357/1884/1346
f 1823/1882/1813 1365/1886/1354 1824/1883/1814
f 1823/1882/1813 1825/1887/1815 1365/1886/1354
f 1822/1881/1812 1825/1887/1815 1823/1882/1813
f 1822/1881/1812 1826/1888/1816 1825/1887/1815
f 1821/1880/1811 1826/1888/1816 1822/1881/1812
f 1821/1880/1811 1402/1889/1391 1826/1888/1816
f 1821/1880/1811 1399/1890/1388 1402/1889/1391
f 1821/1880/1811 1397/1891/1386 1399/1890/1388
f 1825/1887/1815 1366/1892/1355 1365/1886/1354
f 1825/1887/1815 1402/1889/1391 1366/1892/1355
f 1826/1888/1816 1402/1889/1391 1825/1887/1815
f 1827/1893/1817 1815/1894/1805 1814/1895/1804
f 1827/1893/1817 1817/1896/1807 1815/1894/1805
f 1828/1897/1818 1817/1896/1807 1827/1893/1817
f 1828/1897/1818 1829/1898/1819 1817/1896/1807
f 1822/1881/1812 1829/1898/1819 1828/1897/1818
f 1822/1881/1812 1830/1899/1820 1829/1898/1819
f 1824/1883/1814 1830/1899/1820 1822/1881/1812
f 1358/1885/1347 1830/1899/1820 1824/1883/1814
f 1358/1885/1347 1829/1898/1819 1830/1899/1820
f 1359/1900/1348 1829/1898/1819 1358/1885/1347
f 1359/1900/1348 1817/1896/1807 1829/1898/1819
f 1828/1897/1818 1827/1893/1817 1822/1881/1812
f 1831/1901/1821 1832/1902/1822 1822/1881/1812
f 1822/1881/1812 1833/1903/1823 1834/1904/1824
f 1822/1881/1812 1835/1905/1825 1833/1903/1823
f 1832/1902/1822 1835/1905/1825 1822/1881/1812
f 1832/1902/1822 1395/1906/1384 1835/1905/1825
f 1832/1902/1822 1396/1907/1385 1395/1906/1384
f 1832/1902/1822 1807/1908/1797 1396/1907/1385
f 1831/1901/1821 1807/1908/1797 1832/1902/1822
f 1831/1901/1821 1836/1909/1826 1807/1908/1797
f 1822/1881/1812 1836/1909/1826 1831/1901/1821
f 1822/1881/1812 1837/1910/1827 1836/1909/1826
f 1834/1904/1824 1838/1911/1828 1822/1881/1812
f 1833/1903/1823 1389/1912/1378 1390/1913/1379
f 1833/1903/1823 1395/1906/1384 1389/1912/1378
f 1835/1905/1825 1395/1906/1384 1833/1903/1823
f 1836/1909/1826 1806/1914/1796 1807/1908/1797
f 1836/1909/1826 1808/1915/1798 1806/1914/1796
f 1837/1910/1827 1808/1915/1798 1836/1909/1826
f 1839/1916/1829 1837/1910/1827 1822/1881/1812
f 1839/1916/1829 1808/1915/1798 1837/1910/1827
f 1839/1916/1829 1809/1917/1799 1808/1915/1798
f 1839/1916/1829 1816/1918/1806 1809/1917/1799
f 1840/1919/1830 1816/1918/1806 1839/1916/1829
f 1840/1919/1830 1841/1920/1831 1816/1918/1806
f 1822/1881/1812 1841/1920/1831 1840/1919/1830
f 1822/1881/1812 1842/1921/1832 1841/1920/1831
f 1827/1893/1817 1842/1921/1832 1822/1881/1812
f 1827/1893/1817 1814/1895/1804 1842/1921/1832
f 1840/1919/1830 1839/1916/1829 1822/1881/1812
f 1841/1920/1831 1812/1922/1802 1816/1918/1806
f 1841/1920/1831 1814/1895/1804 1812/1922/1802
f 1842/1921/1832 1814/1895/1804 1841/1920/1831
f 1820/1879/1810 1397/1891/1386 1821/1880/1811
f 1820/1879/1810 1843/1923/1833 1397/1891/1386
f 1822/1881/1812 1843/1923/1833 1820/1879/1810
f 1822/1881/1812 1844/1924/1834 1843/1923/1833
f 1838/1911/1828 1844/1924/1834 1822/1881/1812
f 1838/1911/1828 1401/1925/1390 1844/1924/1834
f 1838/1911/1828 1391/1926/1380 1401/1925/1390
f 1838/1911/1828 1390/1913/1379 1391/1926/1380
f 1834/1904/1824 1390/1913/1379 1838/1911/1828
f 1834/1904/1824 1833/1903/1823 1390/1913/1379
f 1843/1923/1833 1400/1927/1389 1397/1891/1386
f 1843/1923/1833 1401/1925/1390 1400/1927/1389
f 1844/1924/1834 1401/1925/1390 1843/1923/1833
f 1845/1928/1835 1846/1929/1836 1847/1930/1837
f 1735/1794/1725 1846/1929/1836 1848/1931/1838
f 1735/1794/1725 1847/1930/1837 1846/1929/1836
f 1849/1932/1839 1847/1930/1837 1735/1794/1725
f 1849/1932/1839 1845/1928/1835 1847/1930/1837
f 1849/1932/1839 1850/1933/1840 1845/1928/1835
f 1851/1934/1841 1850/1933/1840 1849/1932/1839
f 1851/1934/1841 1852/1935/1842 1850/1933/1840
f 1851/1934/1841 1853/1936/1843 1852/1935/1842
f 1854/1937/1844 1853/1936/1843 1851/1934/1841
f 1854/1937/1844 1855/1938/1845 1853/1936/1843
f 1856/1939/1846 1849/1932/1839 1735/1794/1725
f 1856/1939/1846 1851/1934/1841 1849/1932/1839
f 1856/1939/1846 1854/1937/1844 1851/1934/1841
f 1735/1794/1725 1854/1937/1844 1856/1939/1846
f 1735/1794/1725 1857/1940/1847 1854/1937/1844
f 1857/1940/1847 1855/1938/1845 1854/1937/1844
f 1857/1940/1847 1858/1941/1848 1855/1938/1845
f 1735/1794/1725 1858/1941/1848 1857/1940/1847
f 1735/1794/1725 1736/1795/1726 1858/1941/1848
f 1714/1773/1704 1858/1941/1848 1736/1795/1726
f 1712/1771/1702 1858/1941/1848 1714/1773/1704
f 1712/1771/1702 1855/1938/1845 1858/1941/1848
f 1709/1768/1699 1855/1938/1845 1712/1771/1702
f 1709/1768/1699 1853/1936/1843 1855/1938/1845
f 1707/1766/1697 1853/1936/1843 1709/1768/1699
f 1707/1766/1697 1852/1935/1842 1853/1936/1843
f 1703/1762/1693 1852/1935/1842 1707/1766/1697
f 1704/1763/1694 1852/1935/1842 1703/1762/1693
f 1704/1763/1694 1850/1933/1840 1852/1935/1842
f 1705/1764/1695 1850/1933/1840 1704/1763/1694
f 1705/1764/1695 1845/1928/1835 1850/1933/1840
f 1859/1942/1849 1845/1928/1835 1705/1764/1695
f 1859/1942/1849 1846/1929/1836 1845/1928/1835
f 1860/1943/1850 1846/1929/1836 1859/1942/1849
f 1860/1943/1850 1848/1931/1838 1846/1929/1836
f 1861/1944/1851 1848/1931/1838 1860/1943/1850
f 1861/1944/1851 1735/1794/1725 1848/1931/1838
f 1862/1945/1852 1735/1794/1725 1861/1944/1851
f 1706/1765/1696 1859/1942/1849 1705/1764/1695
f 1863/1946/1853 1859/1942/1849 1706/1765/1696
f 1863/1946/1853 1860/1943/1850 1859/1942/1849
f 1864/1947/1854 1860/1943/1850 1863/1946/1853
f 1864/1947/1854 1861/1944/1851 1860/1943/1850
f 1865/1948/1855 1861/1944/1851 1864/1947/1854
f 1865/1948/1855 1862/1945/1852 1861/1944/1851
f 1866/1949/1856 1862/1945/1852 1865/1948/1855
f 1866/1949/1856 1735/1794/1725 1862/1945/1852
f 1867/1950/1857 1735/1794/1725 1866/1949/1856
f 1865/1948/1855 1868/1951/1858 1866/1949/1856
f 1865/1948/1855 1869/1952/1859 1868/1951/1858
f 1864/1947/1854 1869/1952/1859 1865/1948/1855
f 1864/1947/1854 1870/1953/1860 1869/1952/1859
f 1863/1946/1853 1870/1953/1860 1864/1947/1854
f 1863/1946/1853 1688/1747/1678 1870/1953/1860
f 1706/1765/1696 1688/1747/1678 1863/1946/1853
f 1706/1765/1696 1687/1746/1677 1688/1747/1678
f 1694/1753/1684 1687/1746/1677 1706/1765/1696
f 1694/1753/1684 1689/1748/1679 1687/1746/1677
f 1866/1949/1856 1871/1954/1861 1867/1950/1857
f 1868/1951/1858 1871/1954/1861 1866/1949/1856
f 1868/1951/1858 1679/1738/1669 1871/1954/1861
f 1868/1951/1858 1677/1736/1667 1679/1738/1669
f 1869/1952/1859 1677/1736/1667 1868/1951/1858
f 1869/1952/1859 1683/1742/1673 1677/1736/1667
f 1870/1953/1860 1683/1742/1673 1869/1952/1859
f 1870/1953/1860 1684/1743/1674 1683/1742/1673
f 1688/1747/1678 1684/1743/1674 1870/1953/1860
f 1688/1747/1678 1685/1744/1675 1684/1743/1674
f 1867/1950/1857 1751/1810/1741 1735/1794/1725
f 1871/1954/1861 1751/1810/1741 1867/1950/1857
f 1871/1954/1861 1872/1955/1862 1751/1810/1741
f 1679/1738/1669 1872/1955/1862 1871/1954/1861
f 1679/1738/1669 1873/1956/1863 1872/1955/1862
f 1678/1737/1668 1873/1956/1863 1679/1738/1669
f 1678/1737/1668 1874/1957/1864 1873/1956/1863
f 1674/1733/1664 1874/1957/1864 1678/1737/1668
f 1674/1733/1664 1315/1361/1304 1874/1957/1864
f 1314/1360/1303 1315/1361/1304 1674/1733/1664
f 1751/1810/1741 1875/1958/1865 1750/1809/1740
f 1872/1955/1862 1875/1958/1865 1751/1810/1741
f 1872/1955/1862 1876/1959/1866 1875/1958/1865
f 1873/1956/1863 1876/1959/1866 1872/1955/1862
f 1873/1956/1863 1877/1960/1867 1876/1959/1866
f 1874/1957/1864 1877/1960/1867 1873/1956/1863
f 1874/1957/1864 1878/1961/1868 1877/1960/1867
f 1315/1361/1304 1878/1961/1868 1874/1957/1864
f 1315/1361/1304 1297/1343/1286 1878/1961/1868
f 1308/1354/1297 1297/1343/1286 1315/1361/1304
f 1875/1958/1865 1752/1811/1742 1750/1809/1740
f 1875/1958/1865 1754/1813/1744 1752/1811/1742
f 1876/1959/1866 1754/1813/1744 1875/1958/1865
f 1876/1959/1866 1879/1962/1869 1754/1813/1744
f 1877/1960/1867 1879/1962/1869 1876/1959/1866
f 1877/1960/1867 1880/1963/1870 1879/1962/1869
f 1878/1961/1868 1880/1963/1870 1877/1960/1867
f 1878/1961/1868 1881/1964/1871 1880/1963/1870
f 1297/1343/1286 1881/1964/1871 1878/1961/1868
f 1297/1343/1286 1296/1342/1285 1881/1964/1871
f 1882/1965/1872 1292/1338/1281 1294/1340/1283
f 1883/1966/1873 1292/1338/1281 1882/1965/1872
f 1883/1966/1873 1296/1342/1285 1292/1338/1281
f 1883/1966/1873 1881/1964/1871 1296/1342/1285
f 1884/1967/1874 1881/1964/1871 1883/1966/1873
f 1884/1967/1874 1880/1963/1870 1881/1964/1871
f 1761/1820/1751 1880/1963/1870 1884/1967/1874
f 1761/1820/1751 1879/1962/1869 1880/1963/1870
f 1755/1814/1745 1879/1962/1869 1761/1820/1751
f 1755/1814/1745 1754/1813/1744 1879/1962/1869
f 1885/1968/1875 1293/1339/1282 1301/1347/1290
f 1885/1968/1875 1294/1340/1283 1293/1339/1282
f 1769/1828/1759 1294/1340/1283 1885/1968/1875
f 1769/1828/1759 1882/1965/1872 1294/1340/1283
f 1766/1825/1756 1882/1965/1872 1769/1828/1759
f 1765/1824/1755 1882/1965/1872 1766/1825/1756
f 1765/1824/1755 1883/1966/1873 1882/1965/1872
f 1765/1824/1755 1884/1967/1874 1883/1966/1873
f 1762/1821/1752 1884/1967/1874 1765/1824/1755
f 1762/1821/1752 1761/1820/1751 1884/1967/1874
f 1885/1968/1875 1771/1830/1761 1769/1828/1759
f 1885/1968/1875 1773/1832/1763 1771/1830/1761
f 1301/1347/1290 1773/1832/1763 1885/1968/1875
f 1301/1347/1290 1303/1349/1292 1773/1832/1763
f 1886/1969/1876 1887/1970/1877 1888/1971/1878
f 1889/1972/1879 1887/1970/1877 1886/1969/1876
f 1890/1973/1880 1887/1970/1877 1889/1972/1879
f 1891/1974/1881 1887/1970/1877 1890/1973/1880
f 1892/1975/1882 1887/1970/1877 1891/1974/1881
f 1893/1976/1883 1887/1970/1877 1892/1975/1882
f 1894/1977/1884 1887/1970/1877 1893/1976/1883
f 1895/1978/1885 1887/1970/1877 1894/1977/1884
f 1896/1979/1886 1887/1970/1877 1895/1978/1885
f 1897/1980/1887 1887/1970/1877 1896/1979/1886
f 1898/1981/1888 1887/1970/1877 1897/1980/1887
f 1899/1982/1889 1887/1970/1877 1898/1981/1888
f 1899/1982/1889 1888/1971/1878 1887/1970/1877
f 1900/1983/1890 1901/1984/944 1902/1985/1891
f 1900/1983/1890 1903/1986/944 1901/1984/944
f 1904/1987/944 1903/1986/944 1900/1983/1890
f 1904/1987/944 1905/1988/944 1903/1986/944
f 1906/1989/944 1907/1990/944 1908/1991/944
f 1909/1992/1892 1907/1990/944 1906/1989/944
f 1909/1992/1892 1910/1993/944 1907/1990/944
f 1909/1992/1892 1911/1994/1893 1910/1993/944
f 1912/1995/1894 1911/1994/1893 1909/1992/1892
f 1912/1995/1894 1913/1996/1895 1911/1994/1893
f 1914/1997/1896 1913/1996/1895 1912/1995/1894
f 1915/1998/1897 1913/1996/1895 1914/1997/1896
f 1915/1998/1897 1902/1985/1891 1913/1996/1895
f 1900/1983/1890 1902/1985/1891 1915/1998/1897
f 1570/1620/1559 1159/1623/1149 1569/1619/1558
f 1160/1621/1150 1159/1623/1149 1570/1620/1559
f 1916/1999/1898 1917/2000/1899 1918/2001/1900
f 1919/2002/1901 1917/2000/1899 1916/1999/1898
f 1919/2002/1901 1920/2003/1902 1917/2000/1899
f 1921/2004/1903 1920/2003/1902 1919/2002/1901
f 1921/2004/1903 1922/2005/1904 1920/2003/1902
f 1923/2006/1905 1922/2005/1904 1921/2004/1903
f 1924/2007/1906 1922/2005/1904 1923/2006/1905
f 1924/2007/1906 1925/2008/1907 1922/2005/1904
f 1926/2009/1908 1925/2008/1907 1924/2007/1906
f 1926/2009/1908 1927/2010/1909 1925/2008/1907
f 1928/2011/1910 1927/2010/1909 1926/2009/1908
f 1928/2011/1910 1929/2012/1911 1927/2010/1909
f 1930/2013/1912 1929/2012/1911 1928/2011/1910
f 1930/2013/1912 1931/2014/1913 1929/2012/1911
f 1930/2013/1912 1932/2015/1914 1931/2014/1913
f 1933/2016/1915 1932/2015/1914 1930/2013/1912
f 1933/2016/1915 1934/2017/1916 1932/2015/1914
f 1935/2018/1917 1934/2017/1916 1933/2016/1915
f 1935/2018/1917 1936/2019/1918 1934/2017/1916
f 1937/2020/1919 1936/2019/1918 1935/2018/1917
f 1938/2021/1920 1936/2019/1918 1937/2020/1919
f 1938/2021/1920 1939/2022/1921 1936/2019/1918
f 1940/2023/1922 1939/2022/1921 1938/2021/1920
f 1940/2023/1922 1941/2024/1923 1939/2022/1921
f 1940/2023/1922 1918/2001/1900 1941/2024/1923
f 1916/1999/1898 1918/2001/1900 1940/2023/1922
f 1942/2025/1924 1943/2026/1925 1944/2027/1926
f 1942/2025/1924 1945/2028/1927 1943/2026/1925
f 1942/2025/1924 1946/2029/1928 1945/2028/1927
f 1942/2025/1924 1947/2030/1929 1946/2029/1928
f 1942/2025/1924 1948/2031/1930 1947/2030/1929
f 1942/2025/1924 1949/2032/1931 1948/2031/1930
f 1942/2025/1924 1950/2033/1932 1949/2032/1931
f 1942/2025/1924 1951/2034/1933 1950/2033/1932
f 1942/2025/1924 1952/2035/1934 1951/2034/1933
f 1942/2025/1924 1953/2036/1935 1952/2035/1934
f 1942/2025/1924 1954/2037/1936 1953/2036/1935
f 1942/2025/1924 1955/2038/1937 1954/2037/1936
f 1944/2027/1926 1955/2038/1937 1942/2025/1924
f 1956/2039/1938 1957/2040/1939 1958/2041/1940
f 1959/2042/1941 1957/2040/1939 1956/2039/1938
f 1959/2042/1941 1960/2043/1942 1957/2040/1939
f 1961/2044/1943 1960/2043/1942 1959/2042/1941
f 1961/2044/1943 1962/2045/1944 1960/2043/1942
f 1963/2046/1945 1962/2045/1944 1961/2044/1943
f 1963/2046/1945 1964/2047/1946 1962/2045/1944
f 1965/2048/1947 1964/2047/1946 1963/2046/1945
f 1965/2048/1947 1966/2049/1948 1964/2047/1946
f 1967/2050/1949 1966/2049/1948 1965/2048/1947
f 1967/2050/1949 1968/2051/1950 1966/2049/1948
f 1969/2052/1951 1968/2051/1950 1967/2050/1949
f 1970/2053/1952 1968/2051/1950 1969/2052/1951
f 1970/2053/1952 1971/2054/1953 1968/2051/1950
f 1972/2055/1954 1971/2054/1953 1970/2053/1952
f 1972/2055/1954 1973/2056/1955 1971/2054/1953
f 1974/2057/1956 1973/2056/1955 1972/2055/1954
f 1974/2057/1956 1975/2058/1957 1973/2056/1955
f 1976/2059/1958 1975/2058/1957 1974/2057/1956
f 1976/2059/1958 1977/2060/1959 1975/2058/1957
f 1978/2061/1960 1977/2060/1959 1976/2059/1958
f 1978/2061/1960 1979/2062/1961 1977/2060/1959
f 1978/2061/1960 1980/2063/1962 1979/2062/1961
f 1981/2064/1963 1980/2063/1962 1978/2061/1960
f 1981/2064/1963 1958/2041/1940 1980/2063/1962
f 1956/2039/1938 1958/2041/1940 1981/2064/1963
f 1441/1487/1430 1982/2065/1964 1432/1478/1421
f 1439/1485/1428 1982/2065/1964 1441/1487/1430
f 1439/1485/1428 1983/2066/1965 1982/2065/1964
f 1423/1469/1412 1983/2066/1965 1439/1485/1428
f 1425/1471/1414 1983/2066/1965 1423/1469/1412
f 1426/1472/1415 1983/2066/1965 1425/1471/1414
f 1427/1473/1416 1983/2066/1965 1426/1472/1415
f 1427/1473/1416 1982/2065/1964 1983/2066/1965
f 1430/1476/1419 1982/2065/1964 1427/1473/1416
f 1430/1476/1419 1432/1478/1421 1982/2065/1964
f 1335/1381/1324 1341/1387/1330 1334/1380/1323
f 1669/1728/1659 1341/1387/1330 1335/1381/1324
f 1669/1728/1659 1343/1389/1332 1341/1387/1330
f 1661/1720/1651 1343/1389/1332 1669/1728/1659
f 1661/1720/1651 1345/1391/1334 1343/1389/1332
f 1651/1710/1641 1345/1391/1334 1661/1720/1651
f 1984/2067/1966 1985/2068/1967 1986/2069/1968
f 1987/2070/1969 1985/2068/1967 1984/2067/1966
f 1987/2070/1969 1988/2071/1970 1985/2068/1967
f 1989/2072/1971 1988/2071/1970 1987/2070/1969
f 1989/2072/1971 1990/2073/1972 1988/2071/1970
f 1991/2074/1973 1990/2073/1972 1989/2072/1971
f 1991/2074/1973 1992/2075/1974 1990/2073/1972
f 1993/2076/1975 1992/2075/1974 1991/2074/1973
f 1994/2077/1976 1992/2075/1974 1993/2076/1975
f 1994/2077/1976 1995/2078/1977 1992/2075/1974
f 1996/2079/1978 1995/2078/1977 1994/2077/1976
f 1996/2079/1978 1997/2080/1979 1995/2078/1977
f 1998/2081/1980 1997/2080/1979 1996/2079/1978
f 1998/2081/1980 1999/2082/1981 1997/2080/1979
f 2000/2083/1982 1999/2082/1981 1998/2081/1980
f 2000/2083/1982 2001/2084/1983 1999/2082/1981
f 2002/2085/1984 2001/2084/1983 2000/2083/1982
f 2002/2085/1984 2003/2086/1985 2001/2084/1983
f 2004/2087/1986 2003/2086/1985 2002/2085/1984
f 2004/2087/1986 2005/2088/1987 2003/2086/1985
f 2006/2089/1988 2005/2088/1987 2004/2087/1986
f 2006/2089/1988 2007/2090/1989 2005/2088/1987
f 2008/2091/1990 2007/2090/1989 2006/2089/1988
f 2008/2091/1990 2009/2092/1991 2007/2090/1989
f 2008/2091/1990 1986/2069/1968 2009/2092/1991
f 1984/2067/1966 1986/2069/1968 2008/2091/1990
f 2010/2093/1992 2011/2094/1993 2012/2095/1994
f 2013/2096/1995 2011/2094/1993 2010/2093/1992
f 2013/2096/1995 2014/2097/1996 2011/2094/1993
f 2015/2098/1997 2014/2097/1996 2013/2096/1995
f 2016/2099/1998 2014/2097/1996 2015/2098/1997
f 2016/2099/1998 2017/2100/1999 2014/2097/1996
f 2018/2101/2000 2017/2100/1999 2016/2099/1998
f 2018/2101/2000 2019/2102/2001 2017/2100/1999
f 2020/2103/2002 2019/2102/2001 2018/2101/2000
f 2020/2103/2002 2021/2104/2003 2019/2102/2001
f 2022/2105/2004 2021/2104/2003 2020/2103/2002
f 2022/2105/2004 2023/2106/2005 2021/2104/2003
f 2022/2105/2004 2024/2107/2006 2023/2106/2005
f 2025/2108/2007 2024/2107/2006 2022/2105/2004
f 2026/2109/2008 2024/2107/2006 2025/2108/2007
f 2026/2109/2008 2027/2110/2009 2024/2107/2006
f 2028/2111/2010 2027/2110/2009 2026/2109/2008
f 2028/2111/2010 2029/2112/2011 2027/2110/2009
f 2030/2113/2012 2029/2112/2011 2028/2111/2010
f 2030/2113/2012 2031/2114/2013 2029/2112/2011
f 2032/2115/2014 2031/2114/2013 2030/2113/2012
f 2032/2115/2014 2033/2116/2015 2031/2114/2013
f 2032/2115/2014 2034/2117/2016 2033/2116/2015
f 2035/2118/2017 2034/2117/2016 2032/2115/2014
f 2035/2118/2017 2012/2095/1994 2034/2117/2016
f 2010/2093/1992 2012/2095/1994 2035/2118/2017
f 1626/1685/1615 1603/1662/1592 1604/1663/1593
f 1628/1687/1617 1603/1662/1592 1626/1685/1615
f 1628/1687/1617 1600/1659/1589 1603/1662/1592
f 1628/1687/1617 1436/1482/1425 1600/1659/1589
f 1627/1686/1616 1436/1482/1425 1628/1687/1617
f 1627/1686/1616 1435/1481/1424 1436/1482/1425
f 1624/1683/1613 1435/1481/1424 1627/1686/1616
f 1624/1683/1613 1434/1480/1423 1435/1481/1424
f 1446/1492/1435 1434/1480/1423 1624/1683/1613
f 1446/1492/1435 1444/1490/1433 1434/1480/1423
f 1371/1417/1360 1302/1348/1291 1313/1359/1302
f 1371/1417/1360 1304/1350/1293 1302/1348/1291
f 1372/1418/1361 1304/1350/1293 1371/1417/1360
f 1375/1421/1364 1304/1350/1293 1372/1418/1361
f 1375/1421/1364 1772/1831/1762 1304/1350/1293
f 1377/1423/1366 1772/1831/1762 1375/1421/1364
f 1377/1423/1366 1781/1840/1771 1772/1831/1762
f 1379/1425/1368 1781/1840/1771 1377/1423/1366
f 1379/1425/1368 1780/1839/1770 1781/1840/1771
f 1782/1841/1772 1780/1839/1770 1379/1425/1368
f 1785/1844/1775 1783/1842/1773 1782/1841/1772
f 1787/1846/1777 1783/1842/1773 1785/1844/1775
f 1787/1846/1777 1730/1789/1720 1783/1842/1773
f 1789/1848/1779 1730/1789/1720 1787/1846/1777
f 1789/1848/1779 1719/1778/1709 1730/1789/1720
f 1699/1758/1689 1719/1778/1709 1789/1848/1779
f 1699/1758/1689 1717/1776/1707 1719/1778/1709
f 1698/1757/1688 1717/1776/1707 1699/1758/1689
f 1698/1757/1688 1701/1760/1691 1717/1776/1707
f 1697/1756/1687 1701/1760/1691 1698/1757/1688
f 1802/1861/1792 1636/1695/1626 1639/1698/1629
f 2036/2119/2018 1636/1695/1626 1802/1861/1792
f 2036/2119/2018 1637/1696/1627 1636/1695/1626
f 2036/2119/2018 1646/1705/1636 1637/1696/1627
f 2036/2119/2018 1799/1858/1789 1646/1705/1636
f 2036/2119/2018 1801/1860/1791 1799/1858/1789
f 1802/1861/1792 1801/1860/1791 2036/2119/2018
f 1488/1534/1477 1411/1457/1400 1412/1458/1401
f 1493/1539/1482 1411/1457/1400 1488/1534/1477
f 1493/1539/1482 1595/1654/1584 1411/1457/1400
f 1489/1535/1478 1595/1654/1584 1493/1539/1482
f 1489/1535/1478 1594/1653/1583 1595/1654/1584
f 1491/1537/1480 1594/1653/1583 1489/1535/1478
f 1606/1665/1595 1594/1653/1583 1491/1537/1480
f 1606/1665/1595 1593/1652/1582 1594/1653/1583
f 1597/1656/1586 1593/1652/1582 1606/1665/1595
f 1597/1656/1586 1592/1651/1581 1593/1652/1582
f 2037/2120/2019 2038/2121/2020 2039/2122/2021
f 2039/2122/2021 2040/2123/2022 2041/2124/2023
f 2039/2122/2021 2042/2125/2024 2040/2123/2022
f 2038/2121/2020 2042/2125/2024 2039/2122/2021
f 2043/2126/2025 2042/2125/2024 2038/2121/2020
f 2044/2127/2026 2042/2125/2024 2043/2126/2025
f 2045/2128/2027 2042/2125/2024 2044/2127/2026
f 2045/2128/2027 2046/2129/2028 2042/2125/2024
f 2047/2130/2029 2046/2129/2028 2045/2128/2027
f 2047/2130/2029 2040/2123/2022 2046/2129/2028
f 2048/2131/2030 2040/2123/2022 2047/2130/2029
f 2048/2131/2030 2041/2124/2023 2040/2123/2022
f 2042/2125/2024 2046/2129/2028 2040/2123/2022
f 2045/2128/2027 2048/2131/2030 2047/2130/2029
f 2045/2128/2027 2041/2124/2023 2048/2131/2030
f 2049/2132/2031 2041/2124/2023 2045/2128/2027
f 2049/2132/2031 2050/2133/2032 2041/2124/2023
f 2051/2134/2033 2052/2135/2034 2053/2136/2035
f 2054/2137/2036 2051/2134/2033 2053/2136/2035
f 2055/2138/2037 2051/2134/2033 2054/2137/2036
f 2055/2138/2037 2052/2135/2034 2051/2134/2033
f 2056/2139/2038 2052/2135/2034 2055/2138/2037
f 2057/2140/2039 2052/2135/2034 2056/2139/2038
f 2058/2141/2040 2052/2135/2034 2057/2140/2039
f 2058/2141/2040 2053/2136/2035 2052/2135/2034
f 2058/2141/2040 2054/2137/2036 2053/2136/2035
f 2057/2140/2039 2054/2137/2036 2058/2141/2040
f 2057/2140/2039 2059/2142/2041 2054/2137/2036
f 2060/2143/2042 2059/2142/2041 2057/2140/2039
f 2061/2144/2043 2062/2145/2044 2063/2146/2045
f 2061/2144/2043 2064/2147/2046 2062/2145/2044
f 2065/2148/2047 2064/2147/2046 2061/2144/2043
f 2066/2149/2048 2064/2147/2046 2065/2148/2047
f 2066/2149/2048 2067/2150/2049 2064/2147/2046
f 2068/2151/2050 2067/2150/2049 2066/2149/2048
f 2068/2151/2050 2069/2152/2051 2067/2150/2049
f 2068/2151/2050 2054/2137/2036 2069/2152/2051
f 2066/2149/2048 2054/2137/2036 2068/2151/2050
f 2066/2149/2048 2055/2138/2037 2054/2137/2036
f 2070/2153/2052 2055/2138/2037 2066/2149/2048
f 2070/2153/2052 2056/2139/2038 2055/2138/2037
f 2071/2154/2053 2056/2139/2038 2070/2153/2052
f 2070/2153/2052 2066/2149/2048 2065/2148/2047
f 2064/2147/2046 2072/2155/2054 2062/2145/2044
f 2067/2150/2049 2072/2155/2054 2064/2147/2046
f 2067/2150/2049 2073/2156/2055 2072/2155/2054
f 2069/2152/2051 2073/2156/2055 2067/2150/2049
f 2069/2152/2051 2072/2155/2054 2073/2156/2055
f 2054/2137/2036 2072/2155/2054 2069/2152/2051
f 2054/2137/2036 2074/2157/2056 2072/2155/2054
f 2059/2142/2041 2074/2157/2056 2054/2137/2036
f 2075/2158/2057 2071/2159/2053 2076/2160/2058
f 2075/2158/2057 2056/2161/2038 2071/2159/2053
f 2075/2158/2057 2057/2162/2039 2056/2161/2038
f 2077/2163/2059 2078/2164/2060 2079/2165/2061
f 2077/2163/2059 2080/2166/2062 2078/2164/2060
f 2081/2167/2063 2080/2166/2062 2077/2163/2059
f 2077/2163/2059 2082/2168/2064 2083/2169/2065
f 2079/2165/2061 2082/2168/2064 2077/2163/2059
f 2079/2165/2061 2084/2170/2066 2082/2168/2064
f 2078/2164/2060 2084/2170/2066 2079/2165/2061
f 2085/2171/2067 2084/2170/2066 2078/2164/2060
f 2086/2172/2068 2084/2170/2066 2085/2171/2067
f 2086/2172/2068 2087/2173/2069 2084/2170/2066
f 2088/2174/2070 2087/2173/2069 2086/2172/2068
f 2088/2174/2070 2082/2168/2064 2087/2173/2069
f 2089/2175/2071 2082/2168/2064 2088/2174/2070
f 2082/2168/2064 2084/2170/2066 2087/2173/2069
f 2082/2168/2064 2090/2176/2072 2083/2169/2065
f 2088/2174/2070 2091/2177/2073 2089/2175/2071
f 2088/2174/2070 2092/2178/2074 2091/2177/2073
f 2086/2172/2068 2092/2178/2074 2088/2174/2070
f 2093/2179/2075 2094/2180/2076 2095/2181/2077
f 2096/2182/2078 2094/2180/2076 2093/2179/2075
f 2096/2182/2078 2082/2168/2064 2094/2180/2076
f 2097/2183/2079 2082/2168/2064 2096/2182/2078
f 2097/2183/2079 2090/2176/2072 2082/2168/2064
f 2098/2184/2080 2090/2176/2072 2097/2183/2079
f 2099/2185/2081 2090/2176/2072 2098/2184/2080
f 2081/2167/2063 2090/2176/2072 2099/2185/2081
f 2081/2167/2063 2083/2169/2065 2090/2176/2072
f 2077/2163/2059 2083/2169/2065 2081/2167/2063
f 2096/2182/2078 2098/2184/2080 2097/2183/2079
f 2096/2182/2078 2100/2186/2082 2098/2184/2080
f 2093/2179/2075 2100/2186/2082 2096/2182/2078
f 2082/2168/2064 2101/2187/2083 2102/2188/2084
f 2089/2175/2071 2101/2187/2083 2082/2168/2064
f 2091/2177/2073 2101/2187/2083 2089/2175/2071
f 2103/2189/2085 2101/2187/2083 2091/2177/2073
f 2104/2190/2086 2101/2187/2083 2103/2189/2085
f 2104/2190/2086 2102/2188/2084 2101/2187/2083
f 2105/2191/2087 2102/2188/2084 2104/2190/2086
f 2105/2191/2087 2082/2168/2064 2102/2188/2084
f 2106/2192/2088 2082/2168/2064 2105/2191/2087
f 2106/2192/2088 2107/2193/2089 2082/2168/2064
f 2108/2194/2090 2107/2193/2089 2106/2192/2088
f 2105/2191/2087 2108/2194/2090 2106/2192/2088
f 2105/2191/2087 2109/2195/2091 2108/2194/2090
f 2104/2190/2086 2109/2195/2091 2105/2191/2087
f 2082/2168/2064 2107/2193/2089 2110/2196/2092
f 2082/2168/2064 2095/2181/2077 2094/2180/2076
f 2082/2168/2064 2111/2197/2093 2112/2198/2094
f 2113/2199/2095 2111/2197/2093 2114/2200/2096
f 2115/2201/2097 2111/2197/2093 2113/2199/2095
f 2115/2201/2097 2112/2198/2094 2111/2197/2093
f 2116/2202/2098 2112/2198/2094 2115/2201/2097
f 2116/2202/2098 2082/2168/2064 2112/2198/2094
f 2117/2203/2099 2082/2168/2064 2116/2202/2098
f 2117/2203/2099 2095/2181/2077 2082/2168/2064
f 2118/2204/2100 2095/2181/2077 2117/2203/2099
f 2119/2205/2101 2095/2181/2077 2118/2204/2100
f 2093/2179/2075 2095/2181/2077 2119/2205/2101
f 2116/2202/2098 2118/2204/2100 2117/2203/2099
f 2116/2202/2098 2120/2206/2102 2118/2204/2100
f 2116/2202/2098 2115/2201/2097 2120/2206/2102
f 2121/2207/2103 2107/2193/2089 2108/2194/2090
f 2122/2208/2104 2107/2193/2089 2121/2207/2103
f 2122/2208/2104 2110/2196/2092 2107/2193/2089
f 2123/2209/2105 2110/2196/2092 2122/2208/2104
f 2123/2209/2105 2082/2168/2064 2110/2196/2092
f 2124/2210/2106 2082/2168/2064 2123/2209/2105
f 2124/2210/2106 2111/2197/2093 2082/2168/2064
f 2124/2210/2106 2114/2200/2096 2111/2197/2093
f 2123/2209/2105 2114/2200/2096 2124/2210/2106
f 2123/2209/2105 2125/2211/2107 2114/2200/2096
f 2122/2208/2104 2125/2211/2107 2123/2209/2105
f 2126/2212/2108 2127/2213/2109 2128/2214/2110
f 2126/2212/2108 2129/2215/2111 2127/2213/2109
f 2130/2216/2112 2131/2217/2113 2127/2213/2109
f 2131/2217/2113 2132/2218/2114 2133/2219/2115
f 2130/2216/2112 2132/2218/2114 2131/2217/2113
f 2130/2216/2112 2134/2220/2116 2132/2218/2114
f 2127/2213/2109 2134/2220/2116 2130/2216/2112
f 2127/2213/2109 2135/2221/2117 2134/2220/2116
f 2128/2214/2110 2136/2222/2118 2126/2212/2108
f 2128/2214/2110 2137/2223/2119 2136/2222/2118
f 2127/2213/2109 2137/2223/2119 2128/2214/2110
f 2127/2213/2109 2138/2224/2120 2137/2223/2119
f 2131/2217/2113 2138/2224/2120 2127/2213/2109
f 2131/2217/2113 2139/2225/2121 2138/2224/2120
f 2133/2219/2115 2139/2225/2121 2131/2217/2113
f 2133/2219/2115 2140/2226/2122 2139/2225/2121
f 2133/2219/2115 2141/2227/2123 2140/2226/2122
f 2133/2219/2115 2142/2228/2124 2141/2227/2123
f 2139/2225/2121 2137/2223/2119 2138/2224/2120
f 2137/2223/2119 2143/2229/2125 2136/2222/2118
f 2139/2225/2121 2143/2229/2125 2137/2223/2119
f 2139/2225/2121 2140/2226/2122 2143/2229/2125
f 2141/2227/2123 2144/2230/2126 2140/2226/2122
f 2141/2227/2123 2145/2231/2127 2144/2230/2126
f 2141/2227/2123 2146/2232/2128 2145/2231/2127
f 2142/2228/2124 2146/2232/2128 2141/2227/2123
f 2142/2228/2124 2147/2233/2129 2146/2232/2128
f 2148/2234/2130 2147/2233/2129 2142/2228/2124
f 2148/2234/2130 2149/2235/2131 2147/2233/2129
f 2150/2236/2132 2149/2235/2131 2148/2234/2130
f 2150/2236/2132 2151/2237/2133 2149/2235/2131
f 2152/2238/2134 2151/2237/2133 2150/2236/2132
f 2132/2218/2114 2142/2228/2124 2133/2219/2115
f 2132/2218/2114 2148/2234/2130 2142/2228/2124
f 2134/2220/2116 2148/2234/2130 2132/2218/2114
f 2134/2220/2116 2150/2236/2132 2148/2234/2130
f 2135/2221/2117 2150/2236/2132 2134/2220/2116
f 2135/2221/2117 2152/2238/2134 2150/2236/2132
f 2127/2213/2109 2152/2238/2134 2135/2221/2117
f 2127/2213/2109 2153/2239/2135 2152/2238/2134
f 2152/2238/2134 2154/2240/2136 2151/2237/2133
f 2153/2239/2135 2154/2240/2136 2152/2238/2134
f 2153/2239/2135 2155/2241/2137 2154/2240/2136
f 2127/2213/2109 2155/2241/2137 2153/2239/2135
f 2127/2213/2109 2156/2242/2138 2155/2241/2137
f 2157/2243/2139 2156/2242/2138 2127/2213/2109
f 2157/2243/2139 2158/2244/2140 2156/2242/2138
f 2159/2245/2141 2158/2244/2140 2157/2243/2139
f 2159/2245/2141 2160/2246/2142 2158/2244/2140
f 2161/2247/2143 2160/2246/2142 2159/2245/2141
f 2154/2240/2136 2162/2248/2144 2151/2237/2133
f 2154/2240/2136 2163/2249/2145 2162/2248/2144
f 2155/2241/2137 2163/2249/2145 2154/2240/2136
f 2155/2241/2137 2158/2244/2140 2163/2249/2145
f 2156/2242/2138 2158/2244/2140 2155/2241/2137
f 2163/2249/2145 2164/2250/2146 2162/2248/2144
f 2163/2249/2145 2160/2246/2142 2164/2250/2146
f 2158/2244/2140 2160/2246/2142 2163/2249/2145
f 2165/2251/2147 2160/2246/2142 2161/2247/2143
f 2165/2251/2147 2164/2250/2146 2160/2246/2142
f 2166/2252/2148 2164/2250/2146 2165/2251/2147
f 2167/2253/2149 2164/2250/2146 2166/2252/2148
f 2167/2253/2149 2162/2248/2144 2164/2250/2146
f 2168/2254/2150 2162/2248/2144 2167/2253/2149
f 2168/2254/2150 2151/2237/2133 2162/2248/2144
f 2168/2254/2150 2149/2235/2131 2151/2237/2133
f 2169/2255/2151 2149/2235/2131 2168/2254/2150
f 2169/2255/2151 2147/2233/2129 2149/2235/2131
f 2170/2256/2152 2147/2233/2129 2169/2255/2151
f 2170/2256/2152 2146/2232/2128 2147/2233/2129
f 2168/2254/2150 2171/2257/2153 2169/2255/2151
f 2168/2254/2150 2167/2253/2149 2171/2257/2153
f 2172/2258/2154 2169/2255/2151 2173/2259/2155
f 2172/2258/2154 2170/2256/2152 2169/2255/2151
f 2174/2260/2156 2170/2256/2152 2172/2258/2154
f 2174/2260/2156 2146/2232/2128 2170/2256/2152
f 2175/2261/2157 2146/2232/2128 2174/2260/2156
f 2175/2261/2157 2145/2231/2127 2146/2232/2128
f 2176/2262/2158 2145/2231/2127 2175/2261/2157
f 2176/2262/2158 2144/2230/2126 2145/2231/2127
f 2177/2263/2159 2144/2230/2126 2176/2262/2158
f 2177/2263/2159 2178/2264/2160 2144/2230/2126
f 2179/2265/2161 2180/2266/2162 2181/2267/2163
f 2179/2265/2161 2182/2268/2164 2180/2266/2162
f 2183/2269/2165 2182/2268/2164 2179/2265/2161
f 2183/2269/2165 2173/2259/2155 2182/2268/2164
f 2184/2270/2166 2173/2259/2155 2183/2269/2165
f 2184/2270/2166 2172/2258/2154 2173/2259/2155
f 2185/2271/2167 2172/2258/2154 2184/2270/2166
f 2185/2271/2167 2174/2260/2156 2172/2258/2154
f 2186/2272/2168 2174/2260/2156 2185/2271/2167
f 2186/2272/2168 2175/2261/2157 2174/2260/2156
f 2187/2273/2169 2184/2270/2166 2188/2274/2170
f 2187/2273/2169 2185/2271/2167 2184/2270/2166
f 2189/2275/2171 2185/2271/2167 2187/2273/2169
f 2189/2275/2171 2186/2272/2168 2185/2271/2167
f 2190/2276/2172 2191/2277/2173 2192/2278/2174
f 2190/2276/2172 2193/2279/2175 2191/2277/2173
f 2186/2272/2168 2193/2279/2175 2190/2276/2172
f 2189/2275/2171 2193/2279/2175 2186/2272/2168
f 2189/2275/2171 2194/2280/2176 2193/2279/2175
f 2187/2273/2169 2194/2280/2176 2189/2275/2171
f 2187/2273/2169 2195/2281/2177 2194/2280/2176
f 2196/2282/2178 2195/2281/2177 2187/2273/2169
f 2196/2282/2178 2197/2283/2179 2195/2281/2177
f 2198/2284/2180 2197/2283/2179 2196/2282/2178
f 2199/2285/2181 2200/2286/2182 2201/2287/2183
f 2199/2285/2181 2202/2288/2184 2200/2286/2182
f 2194/2280/2176 2202/2288/2184 2199/2285/2181
f 2195/2281/2177 2202/2288/2184 2194/2280/2176
f 2195/2281/2177 2203/2289/2185 2202/2288/2184
f 2197/2283/2179 2203/2289/2185 2195/2281/2177
f 2197/2283/2179 2204/2290/2186 2203/2289/2185
f 2205/2291/2187 2204/2290/2186 2197/2283/2179
f 2205/2291/2187 2206/2292/2188 2204/2290/2186
f 2207/2293/2189 2206/2292/2188 2205/2291/2187
f 2208/2294/2190 2209/2295/2191 2210/2296/2192
f 2211/2297/2193 2209/2295/2191 2208/2294/2190
f 2211/2297/2193 2206/2292/2188 2209/2295/2191
f 2212/2298/2194 2206/2292/2188 2211/2297/2193
f 2212/2298/2194 2204/2290/2186 2206/2292/2188
f 2213/2299/2195 2204/2290/2186 2212/2298/2194
f 2213/2299/2195 2203/2289/2185 2204/2290/2186
f 2214/2300/2196 2203/2289/2185 2213/2299/2195
f 2214/2300/2196 2202/2288/2184 2203/2289/2185
f 2214/2300/2196 2200/2286/2182 2202/2288/2184
f 2215/2301/2197 2216/2302/2198 2217/2303/2199
f 2215/2301/2197 2218/2304/2200 2216/2302/2198
f 2219/2305/2201 2218/2304/2200 2215/2301/2197
f 2219/2305/2201 2220/2306/2202 2218/2304/2200
f 2214/2300/2196 2220/2306/2202 2219/2305/2201
f 2213/2299/2195 2220/2306/2202 2214/2300/2196
f 2213/2299/2195 2221/2307/2203 2220/2306/2202
f 2212/2298/2194 2221/2307/2203 2213/2299/2195
f 2212/2298/2194 2222/2308/2204 2221/2307/2203
f 2211/2297/2193 2222/2308/2204 2212/2298/2194
f 2220/2306/2202 2223/2309/2205 2218/2304/2200
f 2221/2307/2203 2223/2309/2205 2220/2306/2202
f 2221/2307/2203 2224/2310/2206 2223/2309/2205
f 2222/2308/2204 2224/2310/2206 2221/2307/2203
f 2222/2308/2204 2225/2311/2207 2224/2310/2206
f 2226/2312/2208 2225/2311/2207 2222/2308/2204
f 2226/2312/2208 2227/2313/2209 2225/2311/2207
f 2228/2314/2210 2227/2313/2209 2226/2312/2208
f 2228/2314/2210 2121/2315/2103 2227/2313/2209
f 2229/2316/2211 2121/2315/2103 2228/2314/2210
f 2229/2316/2211 2122/2317/2104 2121/2315/2103
f 2125/2318/2107 2122/2317/2104 2229/2316/2211
f 2211/2297/2193 2226/2312/2208 2222/2308/2204
f 2208/2294/2190 2226/2312/2208 2211/2297/2193
f 2208/2294/2190 2228/2314/2210 2226/2312/2208
f 2230/2319/2212 2228/2314/2210 2208/2294/2190
f 2230/2319/2212 2229/2316/2211 2228/2314/2210
f 2231/2320/2213 2229/2316/2211 2230/2319/2212
f 2231/2320/2213 2125/2318/2107 2229/2316/2211
f 2232/2321/2214 2125/2318/2107 2231/2320/2213
f 2232/2321/2214 2114/2322/2096 2125/2318/2107
f 2113/2323/2095 2114/2322/2096 2232/2321/2214
f 2115/2324/2097 2233/2325/2215 2120/2326/2102
f 2113/2323/2095 2233/2325/2215 2115/2324/2097
f 2113/2323/2095 2234/2327/2216 2233/2325/2215
f 2232/2321/2214 2234/2327/2216 2113/2323/2095
f 2232/2321/2214 2235/2328/2217 2234/2327/2216
f 2231/2320/2213 2235/2328/2217 2232/2321/2214
f 2231/2320/2213 2236/2329/2218 2235/2328/2217
f 2230/2319/2212 2236/2329/2218 2231/2320/2213
f 2230/2319/2212 2210/2296/2192 2236/2329/2218
f 2208/2294/2190 2210/2296/2192 2230/2319/2212
f 2237/2330/2219 2233/2325/2215 2234/2327/2216
f 2238/2331/2220 2233/2325/2215 2237/2330/2219
f 2238/2331/2220 2120/2326/2102 2233/2325/2215
f 2239/2332/2221 2120/2326/2102 2238/2331/2220
f 2239/2332/2221 2118/2333/2100 2120/2326/2102
f 2119/2334/2101 2118/2333/2100 2239/2332/2221
f 2240/2335/2222 2241/2336/2223 2242/2337/2224
f 2243/2338/2225 2241/2336/2223 2240/2335/2222
f 2243/2338/2225 2237/2330/2219 2241/2336/2223
f 2244/2339/2226 2237/2330/2219 2243/2338/2225
f 2244/2339/2226 2238/2331/2220 2237/2330/2219
f 2245/2340/2227 2238/2331/2220 2244/2339/2226
f 2245/2340/2227 2239/2332/2221 2238/2331/2220
f 2246/2341/2228 2239/2332/2221 2245/2340/2227
f 2246/2341/2228 2119/2334/2101 2239/2332/2221
f 2247/2342/2229 2119/2334/2101 2246/2341/2228
f 2247/2342/2229 2248/2343/2230 2249/2344/2231
f 2246/2341/2228 2248/2343/2230 2247/2342/2229
f 2246/2341/2228 2250/2345/2232 2248/2343/2230
f 2245/2340/2227 2250/2345/2232 2246/2341/2228
f 2245/2340/2227 2251/2346/2233 2250/2345/2232
f 2244/2339/2226 2251/2346/2233 2245/2340/2227
f 2244/2339/2226 2252/2347/2234 2251/2346/2233
f 2243/2338/2225 2252/2347/2234 2244/2339/2226
f 2243/2338/2225 2253/2348/2235 2252/2347/2234
f 2240/2335/2222 2253/2348/2235 2243/2338/2225
f 2254/2349/2236 2255/2350/2237 2256/2351/2238
f 2254/2349/2236 2257/2352/2239 2255/2350/2237
f 2248/2343/2230 2257/2352/2239 2254/2349/2236
f 2250/2345/2232 2257/2352/2239 2248/2343/2230
f 2250/2345/2232 2258/2353/2240 2257/2352/2239
f 2251/2346/2233 2258/2353/2240 2250/2345/2232
f 2251/2346/2233 2259/2354/2241 2258/2353/2240
f 2252/2347/2234 2259/2354/2241 2251/2346/2233
f 2252/2347/2234 2260/2355/2242 2259/2354/2241
f 2253/2348/2235 2260/2355/2242 2252/2347/2234
f 2261/2356/2243 2262/2357/2244 2263/2358/2245
f 2264/2359/2246 2262/2357/2244 2261/2356/2243
f 2264/2359/2246 2260/2355/2242 2262/2357/2244
f 2264/2359/2246 2259/2354/2241 2260/2355/2242
f 2265/2360/2247 2259/2354/2241 2264/2359/2246
f 2265/2360/2247 2258/2353/2240 2259/2354/2241
f 2266/2361/2248 2258/2353/2240 2265/2360/2247
f 2266/2361/2248 2257/2352/2239 2258/2353/2240
f 2266/2361/2248 2255/2350/2237 2257/2352/2239
f 2267/2362/2249 2255/2350/2237 2266/2361/2248
f 2268/2363/2250 2255/2350/2237 2267/2362/2249
f 2268/2363/2250 2256/2351/2238 2255/2350/2237
f 2269/2364/2251 2256/2351/2238 2268/2363/2250
f 2270/2365/2252 2264/2359/2246 2261/2356/2243
f 2270/2365/2252 2265/2360/2247 2264/2359/2246
f 2271/2366/2253 2265/2360/2247 2270/2365/2252
f 2271/2366/2253 2266/2361/2248 2265/2360/2247
f 2267/2362/2249 2266/2361/2248 2271/2366/2253
f 2272/2367/2254 2270/2365/2252 2273/2368/2255
f 2272/2367/2254 2271/2366/2253 2270/2365/2252
f 2274/2369/2256 2271/2366/2253 2272/2367/2254
f 2274/2369/2256 2267/2362/2249 2271/2366/2253
f 2275/2370/2257 2267/2362/2249 2274/2369/2256
f 2275/2370/2257 2268/2363/2250 2267/2362/2249
f 2276/2371/2258 2268/2363/2250 2275/2370/2257
f 2276/2371/2258 2269/2364/2251 2268/2363/2250
f 2276/2371/2258 2277/2372/2259 2269/2364/2251
f 2278/2373/2260 2277/2372/2259 2276/2371/2258
f 2275/2370/2257 2279/2374/2261 2280/2375/2262
f 2274/2369/2256 2279/2374/2261 2275/2370/2257
f 2274/2369/2256 2281/2376/2263 2279/2374/2261
f 2272/2367/2254 2281/2376/2263 2274/2369/2256
f 2272/2367/2254 2282/2377/2264 2281/2376/2263
f 2273/2368/2255 2282/2377/2264 2272/2367/2254
f 2273/2368/2255 2283/2378/2265 2282/2377/2264
f 2284/2379/2266 2283/2378/2265 2273/2368/2255
f 2285/2380/2267 2286/2381/2268 2287/2382/2269
f 2285/2380/2267 2288/2383/2270 2286/2381/2268
f 2289/2384/2271 2288/2383/2270 2285/2380/2267
f 2289/2384/2271 2290/2385/2272 2288/2383/2270
f 2280/2375/2262 2290/2385/2272 2289/2384/2271
f 2279/2374/2261 2290/2385/2272 2280/2375/2262
f 2279/2374/2261 2291/2386/2273 2290/2385/2272
f 2281/2376/2263 2291/2386/2273 2279/2374/2261
f 2281/2376/2263 2292/2387/2274 2291/2386/2273
f 2282/2377/2264 2292/2387/2274 2281/2376/2263
f 2290/2385/2272 2293/2388/2275 2288/2383/2270
f 2290/2385/2272 2291/2386/2273 2293/2388/2275
f 2294/2389/2276 2283/2378/2265 2295/2390/2277
f 2294/2389/2276 2282/2377/2264 2283/2378/2265
f 2296/2391/2278 2282/2377/2264 2294/2389/2276
f 2296/2391/2278 2292/2387/2274 2282/2377/2264
f 2297/2392/2279 2292/2387/2274 2296/2391/2278
f 2297/2392/2279 2291/2386/2273 2292/2387/2274
f 2298/2393/2280 2291/2386/2273 2297/2392/2279
f 2298/2393/2280 2293/2388/2275 2291/2386/2273
f 2299/2394/2281 2293/2388/2275 2298/2393/2280
f 2299/2394/2281 2288/2383/2270 2293/2388/2275
f 2296/2391/2278 2300/2395/2282 2297/2392/2279
f 2296/2391/2278 2301/2396/2283 2300/2395/2282
f 2294/2389/2276 2301/2396/2283 2296/2391/2278
f 2294/2389/2276 2302/2397/2284 2301/2396/2283
f 2295/2390/2277 2302/2397/2284 2294/2389/2276
f 2295/2390/2277 2303/2398/2285 2302/2397/2284
f 2304/2399/2286 2303/2398/2285 2295/2390/2277
f 2304/2399/2286 2305/2400/2287 2303/2398/2285
f 2306/2401/2288 2305/2400/2287 2304/2399/2286
f 2306/2401/2288 2307/2402/2289 2305/2400/2287
f 2308/2403/2290 2302/2397/2284 2303/2398/2285
f 2309/2404/2291 2302/2397/2284 2308/2403/2290
f 2309/2404/2291 2301/2396/2283 2302/2397/2284
f 2310/2405/2292 2301/2396/2283 2309/2404/2291
f 2310/2405/2292 2300/2395/2282 2301/2396/2283
f 2311/2406/2293 2312/2407/2294 2313/2408/2295
f 2311/2406/2293 2308/2403/2290 2312/2407/2294
f 2314/2409/2296 2308/2403/2290 2311/2406/2293
f 2315/2410/2297 2308/2403/2290 2314/2409/2296
f 2315/2410/2297 2309/2404/2291 2308/2403/2290
f 2315/2410/2297 2310/2405/2292 2309/2404/2291
f 2315/2410/2297 2316/2411/2298 2310/2405/2292
f 2317/2412/2299 2316/2411/2298 2315/2410/2297
f 2317/2412/2299 2318/2413/2300 2316/2411/2298
f 2314/2409/2296 2317/2412/2299 2315/2410/2297
f 2319/2414/2301 2320/2415/2302 2321/2416/2303
f 2319/2414/2301 2313/2408/2295 2320/2415/2302
f 2322/2417/2304 2313/2408/2295 2319/2414/2301
f 2322/2417/2304 2311/2406/2293 2313/2408/2295
f 2323/2418/2305 2311/2406/2293 2322/2417/2304
f 2323/2418/2305 2314/2409/2296 2311/2406/2293
f 2324/2419/2306 2314/2409/2296 2323/2418/2305
f 2324/2419/2306 2317/2412/2299 2314/2409/2296
f 2325/2420/2307 2317/2412/2299 2324/2419/2306
f 2325/2420/2307 2318/2413/2300 2317/2412/2299
f 2326/2421/2308 2318/2413/2300 2325/2420/2307
f 2310/2405/2292 2327/2422/2309 2328/2423/2310
f 2316/2411/2298 2327/2422/2309 2310/2405/2292
f 2316/2411/2298 2329/2424/2311 2327/2422/2309
f 2318/2413/2300 2329/2424/2311 2316/2411/2298
f 2318/2413/2300 2330/2425/2312 2329/2424/2311
f 2326/2421/2308 2330/2425/2312 2318/2413/2300
f 2326/2421/2308 2127/2213/2109 2330/2425/2312
f 2325/2420/2307 2127/2213/2109 2326/2421/2308
f 2325/2420/2307 2331/2426/2313 2127/2213/2109
f 2324/2419/2306 2331/2426/2313 2325/2420/2307
f 2332/2427/2314 2333/2428/2315 2334/2429/2316
f 2328/2423/2310 2333/2428/2315 2332/2427/2314
f 2327/2422/2309 2333/2428/2315 2328/2423/2310
f 2327/2422/2309 2335/2430/2317 2333/2428/2315
f 2329/2424/2311 2335/2430/2317 2327/2422/2309
f 2329/2424/2311 2336/2431/2318 2335/2430/2317
f 2330/2425/2312 2336/2431/2318 2329/2424/2311
f 2330/2425/2312 2337/2432/2319 2336/2431/2318
f 2127/2213/2109 2337/2432/2319 2330/2425/2312
f 2127/2213/2109 2338/2433/2320 2337/2432/2319
f 2339/2434/2321 2340/2435/2322 2341/2436/2323
f 2333/2428/2315 2340/2435/2322 2339/2434/2321
f 2333/2428/2315 2335/2430/2317 2340/2435/2322
f 2338/2433/2320 2336/2431/2318 2337/2432/2319
f 2342/2437/2324 2336/2431/2318 2338/2433/2320
f 2342/2437/2324 2335/2430/2317 2336/2431/2318
f 2342/2437/2324 2340/2435/2322 2335/2430/2317
f 2343/2438/2325 2340/2435/2322 2342/2437/2324
f 2343/2438/2325 2341/2436/2323 2340/2435/2322
f 2344/2439/2326 2341/2436/2323 2343/2438/2325
f 2344/2439/2326 2345/2440/2327 2341/2436/2323
f 2344/2439/2326 2346/2441/2328 2345/2440/2327
f 2347/2442/2329 2346/2441/2328 2344/2439/2326
f 2348/2443/2330 2346/2441/2328 2347/2442/2329
f 2348/2443/2330 2178/2264/2160 2346/2441/2328
f 2144/2230/2126 2178/2264/2160 2348/2443/2330
f 2349/2444/2331 2342/2437/2324 2338/2433/2320
f 2349/2444/2331 2343/2438/2325 2342/2437/2324
f 2350/2445/2332 2343/2438/2325 2349/2444/2331
f 2350/2445/2332 2344/2439/2326 2343/2438/2325
f 2347/2442/2329 2344/2439/2326 2350/2445/2332
f 2129/2215/2111 2338/2433/2320 2127/2213/2109
f 2129/2215/2111 2349/2444/2331 2338/2433/2320
f 2126/2212/2108 2349/2444/2331 2129/2215/2111
f 2126/2212/2108 2350/2445/2332 2349/2444/2331
f 2136/2222/2118 2350/2445/2332 2126/2212/2108
f 2136/2222/2118 2347/2442/2329 2350/2445/2332
f 2143/2229/2125 2347/2442/2329 2136/2222/2118
f 2143/2229/2125 2348/2443/2330 2347/2442/2329
f 2140/2226/2122 2348/2443/2330 2143/2229/2125
f 2140/2226/2122 2144/2230/2126 2348/2443/2330
f 2159/2245/2141 2351/2446/2333 2161/2247/2143
f 2159/2245/2141 2352/2447/2334 2351/2446/2333
f 2157/2243/2139 2352/2447/2334 2159/2245/2141
f 2157/2243/2139 2353/2448/2335 2352/2447/2334
f 2127/2213/2109 2353/2448/2335 2157/2243/2139
f 2127/2213/2109 2354/2449/2336 2353/2448/2335
f 2355/2450/2337 2354/2449/2336 2127/2213/2109
f 2355/2450/2337 2356/2451/2338 2354/2449/2336
f 2355/2450/2337 2357/2452/2339 2356/2451/2338
f 2127/2213/2109 2357/2452/2339 2355/2450/2337
f 2127/2213/2109 2331/2426/2313 2357/2452/2339
f 2352/2447/2334 2358/2453/2340 2351/2446/2333
f 2352/2447/2334 2354/2449/2336 2358/2453/2340
f 2353/2448/2335 2354/2449/2336 2352/2447/2334
f 2358/2453/2340 2354/2449/2336 2356/2451/2338
f 2324/2419/2306 2357/2452/2339 2331/2426/2313
f 2323/2418/2305 2357/2452/2339 2324/2419/2306
f 2323/2418/2305 2356/2451/2338 2357/2452/2339
f 2322/2417/2304 2356/2451/2338 2323/2418/2305
f 2322/2417/2304 2358/2453/2340 2356/2451/2338
f 2319/2414/2301 2358/2453/2340 2322/2417/2304
f 2319/2414/2301 2351/2446/2333 2358/2453/2340
f 2321/2416/2303 2351/2446/2333 2319/2414/2301
f 2321/2416/2303 2161/2247/2143 2351/2446/2333
f 2359/2454/2341 2161/2247/2143 2321/2416/2303
f 2359/2454/2341 2360/2455/2342 2361/2456/2343
f 2321/2416/2303 2360/2455/2342 2359/2454/2341
f 2321/2416/2303 2362/2457/2344 2360/2455/2342
f 2320/2415/2302 2362/2457/2344 2321/2416/2303
f 2320/2415/2302 2307/2402/2289 2362/2457/2344
f 2313/2408/2295 2307/2402/2289 2320/2415/2302
f 2313/2408/2295 2305/2400/2287 2307/2402/2289
f 2312/2407/2294 2305/2400/2287 2313/2408/2295
f 2312/2407/2294 2303/2398/2285 2305/2400/2287
f 2308/2403/2290 2303/2398/2285 2312/2407/2294
f 2363/2458/2345 2307/2402/2289 2306/2401/2288
f 2363/2458/2345 2362/2457/2344 2307/2402/2289
f 2364/2459/2346 2362/2457/2344 2363/2458/2345
f 2364/2459/2346 2360/2455/2342 2362/2457/2344
f 2365/2460/2347 2360/2455/2342 2364/2459/2346
f 2365/2460/2347 2361/2456/2343 2360/2455/2342
f 2366/2461/2348 2361/2456/2343 2365/2460/2347
f 2366/2461/2348 2367/2462/2349 2361/2456/2343
f 2181/2267/2163 2367/2462/2349 2366/2461/2348
f 2181/2267/2163 2180/2266/2162 2367/2462/2349
f 2359/2454/2341 2165/2251/2147 2161/2247/2143
f 2361/2456/2343 2165/2251/2147 2359/2454/2341
f 2367/2462/2349 2165/2251/2147 2361/2456/2343
f 2367/2462/2349 2166/2252/2148 2165/2251/2147
f 2180/2266/2162 2166/2252/2148 2367/2462/2349
f 2180/2266/2162 2167/2253/2149 2166/2252/2148
f 2182/2268/2164 2167/2253/2149 2180/2266/2162
f 2182/2268/2164 2171/2257/2153 2167/2253/2149
f 2173/2259/2155 2171/2257/2153 2182/2268/2164
f 2173/2259/2155 2169/2255/2151 2171/2257/2153
f 2368/2463/2350 2369/2464/2351 2370/2465/2352
f 2368/2463/2350 2072/2466/2054 2369/2464/2351
f 2368/2463/2350 2062/2467/2044 2072/2466/2054
f 2370/2465/2352 2062/2467/2044 2368/2463/2350
f 2063/2468/2045 2044/2127/2026 2043/2126/2025
f 2062/2467/2044 2044/2127/2026 2063/2468/2045
f 2370/2465/2352 2044/2127/2026 2062/2467/2044
f 2370/2465/2352 2045/2128/2027 2044/2127/2026
f 2370/2465/2352 2371/2469/2353 2045/2128/2027
f 2369/2464/2351 2371/2469/2353 2370/2465/2352
f 2072/2466/2054 2371/2469/2353 2369/2464/2351
f 2072/2466/2054 2045/2128/2027 2371/2469/2353
f 2074/2470/2056 2045/2128/2027 2072/2466/2054
f 2074/2470/2056 2049/2132/2031 2045/2128/2027
f 2372/2471/2354 2373/2472/2355 2374/2473/2356
f 2375/2474/2357 2373/2472/2355 2372/2471/2354
f 2376/2475/2358 2373/2472/2355 2375/2474/2357
f 2377/2476/2359 2373/2472/2355 2376/2475/2358
f 2377/2476/2359 2378/2477/2360 2373/2472/2355
f 2379/2478/2361 2378/2477/2360 2377/2476/2359
f 2379/2478/2361 2380/2479/2362 2378/2477/2360
f 2381/2480/2363 2380/2479/2362 2379/2478/2361
f 2381/2480/2363 2374/2473/2356 2380/2479/2362
f 2382/2481/2364 2374/2473/2356 2381/2480/2363
f 2382/2481/2364 2372/2471/2354 2374/2473/2356
f 2383/2482/2365 2372/2471/2354 2382/2481/2364
f 2382/2481/2364 2379/2478/2361 2377/2476/2359
f 2381/2480/2363 2379/2478/2361 2382/2481/2364
f 2378/2477/2360 2374/2473/2356 2373/2472/2355
f 2380/2479/2362 2374/2473/2356 2378/2477/2360
f 2384/2483/2366 2385/2484/2367 2386/2485/2368
f 2387/2486/2369 2385/2484/2367 2384/2483/2366
f 2387/2486/2369 2388/2487/2370 2385/2484/2367
f 2389/2488/2371 2390/2489/2372 2391/2490/2373
f 2389/2488/2371 2392/2491/2374 2390/2489/2372
f 2393/2492/2375 2392/2491/2374 2389/2488/2371
f 2394/2493/2376 2392/2491/2374 2393/2492/2375
f 2394/2493/2376 2395/2494/2377 2392/2491/2374
f 2396/2495/2378 2395/2494/2377 2394/2493/2376
f 2183/2269/2165 2188/2274/2170 2184/2270/2166
f 2183/2269/2165 2396/2495/2378 2188/2274/2170
f 2179/2265/2161 2396/2495/2378 2183/2269/2165
f 2179/2265/2161 2395/2494/2377 2396/2495/2378
f 2181/2267/2163 2395/2494/2377 2179/2265/2161
f 2181/2267/2163 2392/2491/2374 2395/2494/2377
f 2366/2461/2348 2392/2491/2374 2181/2267/2163
f 2366/2461/2348 2390/2489/2372 2392/2491/2374
f 2365/2460/2347 2390/2489/2372 2366/2461/2348
f 2365/2460/2347 2391/2490/2373 2390/2489/2372
f 2364/2459/2346 2391/2490/2373 2365/2460/2347
f 2364/2459/2346 2397/2496/2379 2391/2490/2373
f 2363/2458/2345 2397/2496/2379 2364/2459/2346
f 2363/2458/2345 2398/2497/2380 2397/2496/2379
f 2306/2401/2288 2398/2497/2380 2363/2458/2345
f 2306/2401/2288 2399/2498/2381 2398/2497/2380
f 2304/2399/2286 2399/2498/2381 2306/2401/2288
f 2304/2399/2286 2284/2379/2266 2399/2498/2381
f 2295/2390/2277 2284/2379/2266 2304/2399/2286
f 2295/2390/2277 2283/2378/2265 2284/2379/2266
f 2400/2499/2382 2260/2355/2242 2253/2348/2235
f 2400/2499/2382 2262/2357/2244 2260/2355/2242
f 2401/2500/2383 2262/2357/2244 2400/2499/2382
f 2401/2500/2383 2263/2358/2245 2262/2357/2244
f 2398/2497/2380 2263/2358/2245 2401/2500/2383
f 2399/2498/2381 2263/2358/2245 2398/2497/2380
f 2284/2379/2266 2263/2358/2245 2399/2498/2381
f 2284/2379/2266 2261/2356/2243 2263/2358/2245
f 2273/2368/2255 2261/2356/2243 2284/2379/2266
f 2273/2368/2255 2270/2365/2252 2261/2356/2243
f 2402/2501/2384 2253/2348/2235 2240/2335/2222
f 2402/2501/2384 2400/2499/2382 2253/2348/2235
f 2403/2502/2385 2400/2499/2382 2402/2501/2384
f 2403/2502/2385 2401/2500/2383 2400/2499/2382
f 2404/2503/2386 2401/2500/2383 2403/2502/2385
f 2404/2503/2386 2398/2497/2380 2401/2500/2383
f 2404/2503/2386 2397/2496/2379 2398/2497/2380
f 2404/2503/2386 2391/2490/2373 2397/2496/2379
f 2405/2504/2387 2391/2490/2373 2404/2503/2386
f 2405/2504/2387 2389/2488/2371 2391/2490/2373
f 2403/2502/2385 2405/2504/2387 2404/2503/2386
f 2406/2505/2388 2405/2504/2387 2403/2502/2385
f 2406/2505/2388 2407/2506/2389 2405/2504/2387
f 2408/2507/2390 2407/2506/2389 2406/2505/2388
f 2408/2507/2390 2409/2508/2391 2407/2506/2389
f 2406/2505/2388 2410/2509/2392 2408/2507/2390
f 2406/2505/2388 2402/2501/2384 2410/2509/2392
f 2403/2502/2385 2402/2501/2384 2406/2505/2388
f 2240/2335/2222 2410/2509/2392 2402/2501/2384
f 2198/2284/2180 2205/2291/2187 2197/2283/2179
f 2411/2510/2393 2205/2291/2187 2198/2284/2180
f 2411/2510/2393 2207/2293/2189 2205/2291/2187
f 2409/2508/2391 2207/2293/2189 2411/2510/2393
f 2409/2508/2391 2412/2511/2394 2207/2293/2189
f 2408/2507/2390 2412/2511/2394 2409/2508/2391
f 2408/2507/2390 2413/2512/2395 2412/2511/2394
f 2410/2509/2392 2413/2512/2395 2408/2507/2390
f 2410/2509/2392 2242/2337/2224 2413/2512/2395
f 2240/2335/2222 2242/2337/2224 2410/2509/2392
f 2207/2293/2189 2209/2295/2191 2206/2292/2188
f 2412/2511/2394 2209/2295/2191 2207/2293/2189
f 2412/2511/2394 2210/2296/2192 2209/2295/2191
f 2413/2512/2395 2210/2296/2192 2412/2511/2394
f 2413/2512/2395 2236/2329/2218 2210/2296/2192
f 2242/2337/2224 2236/2329/2218 2413/2512/2395
f 2242/2337/2224 2235/2328/2217 2236/2329/2218
f 2241/2336/2223 2235/2328/2217 2242/2337/2224
f 2241/2336/2223 2234/2327/2216 2235/2328/2217
f 2237/2330/2219 2234/2327/2216 2241/2336/2223
f 2414/2513/2396 2415/2514/2397 2416/2515/2398
f 2414/2513/2396 2287/2382/2269 2415/2514/2397
f 2417/2516/2399 2287/2382/2269 2414/2513/2396
f 2417/2516/2399 2285/2380/2267 2287/2382/2269
f 2418/2517/2400 2285/2380/2267 2417/2516/2399
f 2418/2517/2400 2289/2384/2271 2285/2380/2267
f 2278/2373/2260 2289/2384/2271 2418/2517/2400
f 2278/2373/2260 2280/2375/2262 2289/2384/2271
f 2276/2371/2258 2280/2375/2262 2278/2373/2260
f 2275/2370/2257 2280/2375/2262 2276/2371/2258
f 2278/2373/2260 2419/2518/2401 2277/2372/2259
f 2418/2517/2400 2419/2518/2401 2278/2373/2260
f 2418/2517/2400 2420/2519/2402 2419/2518/2401
f 2417/2516/2399 2420/2519/2402 2418/2517/2400
f 2417/2516/2399 2421/2520/2403 2420/2519/2402
f 2414/2513/2396 2421/2520/2403 2417/2516/2399
f 2414/2513/2396 2422/2521/2404 2421/2520/2403
f 2416/2515/2398 2422/2521/2404 2414/2513/2396
f 2416/2515/2398 2423/2522/2405 2422/2521/2404
f 2191/2277/2173 2423/2522/2405 2416/2515/2398
f 2191/2277/2173 2193/2279/2175 2423/2522/2405
f 2199/2285/2181 2193/2279/2175 2194/2280/2176
f 2199/2285/2181 2423/2522/2405 2193/2279/2175
f 2201/2287/2183 2423/2522/2405 2199/2285/2181
f 2201/2287/2183 2422/2521/2404 2423/2522/2405
f 2424/2523/2406 2422/2521/2404 2201/2287/2183
f 2424/2523/2406 2421/2520/2403 2422/2521/2404
f 2425/2524/2407 2421/2520/2403 2424/2523/2406
f 2425/2524/2407 2420/2519/2402 2421/2520/2403
f 2426/2525/2408 2420/2519/2402 2425/2524/2407
f 2426/2525/2408 2419/2518/2401 2420/2519/2402
f 2427/2526/2409 2428/2527/2410 2429/2528/2411
f 2427/2526/2409 2430/2529/2412 2428/2527/2410
f 2426/2525/2408 2430/2529/2412 2427/2526/2409
f 2426/2525/2408 2431/2530/2413 2430/2529/2412
f 2425/2524/2407 2431/2530/2413 2426/2525/2408
f 2425/2524/2407 2432/2531/2414 2431/2530/2413
f 2424/2523/2406 2432/2531/2414 2425/2524/2407
f 2424/2523/2406 2433/2532/2415 2432/2531/2414
f 2201/2287/2183 2433/2532/2415 2424/2523/2406
f 2201/2287/2183 2200/2286/2182 2433/2532/2415
f 2219/2305/2201 2200/2286/2182 2214/2300/2196
f 2219/2305/2201 2433/2532/2415 2200/2286/2182
f 2215/2301/2197 2433/2532/2415 2219/2305/2201
f 2215/2301/2197 2432/2531/2414 2433/2532/2415
f 2217/2303/2199 2432/2531/2414 2215/2301/2197
f 2217/2303/2199 2431/2530/2413 2432/2531/2414
f 2434/2533/2416 2431/2530/2413 2217/2303/2199
f 2434/2533/2416 2430/2529/2412 2431/2530/2413
f 2435/2534/2417 2430/2529/2412 2434/2533/2416
f 2435/2534/2417 2428/2527/2410 2430/2529/2412
f 2436/2535/2418 2081/2536/2063 2099/2537/2081
f 2436/2535/2418 2080/2538/2062 2081/2536/2063
f 2437/2539/2419 2080/2538/2062 2436/2535/2418
f 2437/2539/2419 2438/2540/2420 2080/2538/2062
f 2435/2534/2417 2438/2540/2420 2437/2539/2419
f 2435/2534/2417 2439/2541/2421 2438/2540/2420
f 2434/2533/2416 2439/2541/2421 2435/2534/2417
f 2434/2533/2416 2440/2542/2422 2439/2541/2421
f 2217/2303/2199 2440/2542/2422 2434/2533/2416
f 2217/2303/2199 2216/2302/2198 2440/2542/2422
f 2438/2540/2420 2078/2543/2060 2080/2538/2062
f 2438/2540/2420 2085/2544/2067 2078/2543/2060
f 2439/2541/2421 2085/2544/2067 2438/2540/2420
f 2439/2541/2421 2441/2545/2423 2085/2544/2067
f 2440/2542/2422 2441/2545/2423 2439/2541/2421
f 2440/2542/2422 2442/2546/2424 2441/2545/2423
f 2216/2302/2198 2442/2546/2424 2440/2542/2422
f 2216/2302/2198 2443/2547/2425 2442/2546/2424
f 2218/2304/2200 2443/2547/2425 2216/2302/2198
f 2218/2304/2200 2223/2309/2205 2443/2547/2425
f 2092/2548/2074 2442/2546/2424 2444/2549/2426
f 2092/2548/2074 2441/2545/2423 2442/2546/2424
f 2086/2550/2068 2441/2545/2423 2092/2548/2074
f 2086/2550/2068 2085/2544/2067 2441/2545/2423
f 2108/2551/2090 2227/2313/2209 2121/2315/2103
f 2109/2552/2091 2227/2313/2209 2108/2551/2090
f 2109/2552/2091 2225/2311/2207 2227/2313/2209
f 2445/2553/2427 2225/2311/2207 2109/2552/2091
f 2445/2553/2427 2224/2310/2206 2225/2311/2207
f 2446/2554/2428 2224/2310/2206 2445/2553/2427
f 2446/2554/2428 2223/2309/2205 2224/2310/2206
f 2446/2554/2428 2443/2547/2425 2223/2309/2205
f 2444/2549/2426 2443/2547/2425 2446/2554/2428
f 2444/2549/2426 2442/2546/2424 2443/2547/2425
f 2104/2555/2086 2445/2553/2427 2109/2552/2091
f 2103/2556/2085 2445/2553/2427 2104/2555/2086
f 2103/2556/2085 2446/2554/2428 2445/2553/2427
f 2103/2556/2085 2444/2549/2426 2446/2554/2428
f 2091/2557/2073 2444/2549/2426 2103/2556/2085
f 2091/2557/2073 2092/2548/2074 2444/2549/2426
f 2437/2539/2419 2428/2527/2410 2435/2534/2417
f 2437/2539/2419 2447/2558/2429 2428/2527/2410
f 2436/2535/2418 2447/2558/2429 2437/2539/2419
f 2436/2535/2418 2448/2559/2430 2447/2558/2429
f 2099/2537/2081 2448/2559/2430 2436/2535/2418
f 2099/2537/2081 2449/2560/2431 2448/2559/2430
f 2098/2561/2080 2449/2560/2431 2099/2537/2081
f 2098/2561/2080 2100/2562/2082 2449/2560/2431
f 2247/2342/2229 2093/2563/2075 2119/2334/2101
f 2247/2342/2229 2100/2562/2082 2093/2563/2075
f 2249/2344/2231 2100/2562/2082 2247/2342/2229
f 2249/2344/2231 2449/2560/2431 2100/2562/2082
f 2450/2564/2432 2449/2560/2431 2249/2344/2231
f 2450/2564/2432 2448/2559/2430 2449/2560/2431
f 2451/2565/2433 2448/2559/2430 2450/2564/2432
f 2451/2565/2433 2447/2558/2429 2448/2559/2430
f 2429/2528/2411 2447/2558/2429 2451/2565/2433
f 2429/2528/2411 2428/2527/2410 2447/2558/2429
f 2427/2526/2409 2419/2518/2401 2426/2525/2408
f 2427/2526/2409 2277/2372/2259 2419/2518/2401
f 2429/2528/2411 2277/2372/2259 2427/2526/2409
f 2429/2528/2411 2269/2364/2251 2277/2372/2259
f 2451/2565/2433 2269/2364/2251 2429/2528/2411
f 2451/2565/2433 2256/2351/2238 2269/2364/2251
f 2450/2564/2432 2256/2351/2238 2451/2565/2433
f 2450/2564/2432 2254/2349/2236 2256/2351/2238
f 2249/2344/2231 2254/2349/2236 2450/2564/2432
f 2249/2344/2231 2248/2343/2230 2254/2349/2236
f 2452/2566/2434 2453/2567/2435 2454/2568/2436
f 2455/2569/2437 2453/2567/2435 2452/2566/2434
f 2455/2569/2437 2456/2570/2438 2453/2567/2435
f 2407/2506/2389 2389/2488/2371 2405/2504/2387
f 2407/2506/2389 2393/2492/2375 2389/2488/2371
f 2409/2508/2391 2393/2492/2375 2407/2506/2389
f 2411/2510/2393 2393/2492/2375 2409/2508/2391
f 2411/2510/2393 2394/2493/2376 2393/2492/2375
f 2198/2284/2180 2394/2493/2376 2411/2510/2393
f 2198/2284/2180 2396/2495/2378 2394/2493/2376
f 2196/2282/2178 2396/2495/2378 2198/2284/2180
f 2196/2282/2178 2188/2274/2170 2396/2495/2378
f 2187/2273/2169 2188/2274/2170 2196/2282/2178
f 2457/2571/2439 2388/2572/2370 2387/2573/2369
f 2458/2574/2440 2388/2572/2370 2457/2571/2439
f 2388/2572/2370 2459/2575/2441 2460/2576/2442
f 2388/2572/2370 2461/2577/2443 2459/2575/2441
f 2458/2574/2440 2461/2577/2443 2388/2572/2370
f 2458/2574/2440 2462/2578/2444 2461/2577/2443
f 2457/2571/2439 2462/2578/2444 2458/2574/2440
f 2457/2571/2439 2463/2579/2445 2462/2578/2444
f 2387/2573/2369 2463/2579/2445 2457/2571/2439
f 2387/2573/2369 2464/2580/2446 2463/2579/2445
f 2384/2581/2366 2464/2580/2446 2387/2573/2369
f 2465/2582/2447 2464/2580/2446 2384/2581/2366
f 2459/2575/2441 2464/2580/2446 2465/2582/2447
f 2461/2577/2443 2464/2580/2446 2459/2575/2441
f 2461/2577/2443 2463/2579/2445 2464/2580/2446
f 2462/2578/2444 2463/2579/2445 2461/2577/2443
f 2466/2583/2448 2288/2383/2270 2299/2394/2281
f 2466/2583/2448 2286/2381/2268 2288/2383/2270
f 2467/2584/2449 2286/2381/2268 2466/2583/2448
f 2467/2584/2449 2287/2382/2269 2286/2381/2268
f 2468/2585/2450 2287/2382/2269 2467/2584/2449
f 2468/2585/2450 2415/2514/2397 2287/2382/2269
f 2469/2586/2451 2415/2514/2397 2468/2585/2450
f 2469/2586/2451 2416/2515/2398 2415/2514/2397
f 2192/2278/2174 2416/2515/2398 2469/2586/2451
f 2192/2278/2174 2191/2277/2173 2416/2515/2398
f 2190/2276/2172 2175/2261/2157 2186/2272/2168
f 2190/2276/2172 2176/2262/2158 2175/2261/2157
f 2192/2278/2174 2176/2262/2158 2190/2276/2172
f 2192/2278/2174 2177/2263/2159 2176/2262/2158
f 2469/2586/2451 2177/2263/2159 2192/2278/2174
f 2469/2586/2451 2470/2587/2452 2177/2263/2159
f 2468/2585/2450 2470/2587/2452 2469/2586/2451
f 2468/2585/2450 2471/2588/2453 2470/2587/2452
f 2467/2584/2449 2471/2588/2453 2468/2585/2450
f 2467/2584/2449 2472/2589/2454 2471/2588/2453
f 2470/2587/2452 2178/2264/2160 2177/2263/2159
f 2470/2587/2452 2346/2441/2328 2178/2264/2160
f 2471/2588/2453 2346/2441/2328 2470/2587/2452
f 2471/2588/2453 2345/2440/2327 2346/2441/2328
f 2472/2589/2454 2345/2440/2327 2471/2588/2453
f 2472/2589/2454 2341/2436/2323 2345/2440/2327
f 2473/2590/2455 2341/2436/2323 2472/2589/2454
f 2473/2590/2455 2339/2434/2321 2341/2436/2323
f 2334/2429/2316 2339/2434/2321 2473/2590/2455
f 2334/2429/2316 2333/2428/2315 2339/2434/2321
f 2466/2583/2448 2472/2589/2454 2467/2584/2449
f 2466/2583/2448 2473/2590/2455 2472/2589/2454
f 2299/2394/2281 2473/2590/2455 2466/2583/2448
f 2299/2394/2281 2334/2429/2316 2473/2590/2455
f 2298/2393/2280 2334/2429/2316 2299/2394/2281
f 2298/2393/2280 2332/2427/2314 2334/2429/2316
f 2297/2392/2279 2332/2427/2314 2298/2393/2280
f 2300/2395/2282 2332/2427/2314 2297/2392/2279
f 2300/2395/2282 2328/2423/2310 2332/2427/2314
f 2310/2405/2292 2328/2423/2310 2300/2395/2282
f 2388/2591/2370 2474/2592/2456 2385/2593/2367
f 2475/2594/2457 2474/2592/2456 2388/2591/2370
f 2456/2570/2438 2460/2595/2442 2476/2596/2458
f 2456/2570/2438 2388/2591/2370 2460/2595/2442
f 2477/2597/2459 2388/2591/2370 2456/2570/2438
f 2477/2597/2459 2475/2594/2457 2388/2591/2370
f 2478/2598/2460 2475/2594/2457 2477/2597/2459
f 2478/2598/2460 2474/2592/2456 2475/2594/2457
f 2455/2569/2437 2474/2592/2456 2478/2598/2460
f 2455/2569/2437 2385/2593/2367 2474/2592/2456
f 2452/2566/2434 2385/2593/2367 2455/2569/2437
f 2452/2566/2434 2386/2599/2368 2385/2593/2367
f 2478/2598/2460 2456/2570/2438 2455/2569/2437
f 2477/2597/2459 2456/2570/2438 2478/2598/2460
f 2057/2162/2039 2476/2596/2458 2060/2600/2042
f 2057/2162/2039 2456/2570/2438 2476/2596/2458
f 2479/2601/2461 2456/2570/2438 2057/2162/2039
f 2479/2601/2461 2480/2602/2462 2456/2570/2438
f 2481/2603/2463 2480/2602/2462 2479/2601/2461
f 2481/2603/2463 2456/2570/2438 2480/2602/2462
f 2481/2603/2463 2453/2567/2435 2456/2570/2438
f 2482/2604/2464 2453/2567/2435 2481/2603/2463
f 2482/2604/2464 2075/2158/2057 2453/2567/2435
f 2482/2604/2464 2057/2162/2039 2075/2158/2057
f 2482/2604/2464 2479/2601/2461 2057/2162/2039
f 2481/2603/2463 2479/2601/2461 2482/2604/2464
f 2076/2160/2058 2453/2567/2435 2075/2158/2057
f 2454/2568/2436 2453/2567/2435 2076/2160/2058
f 2483/2605/2465 2041/2606/2023 2050/2607/2032
f 2484/2608/2466 2041/2606/2023 2483/2605/2465
f 2484/2608/2466 2485/2609/2467 2041/2606/2023
f 2486/2610/2468 2485/2609/2467 2484/2608/2466
f 2487/2611/2469 2485/2609/2467 2486/2610/2468
f 2487/2611/2469 2488/2612/2470 2485/2609/2467
f 2489/2613/2471 2488/2612/2470 2487/2611/2469
f 2489/2613/2471 2490/2614/2472 2488/2612/2470
f 2489/2613/2471 2491/2615/2473 2490/2614/2472
f 2492/2616/2474 2491/2615/2473 2489/2613/2471
f 2487/2611/2469 2484/2608/2466 2489/2613/2471
f 2486/2610/2468 2484/2608/2466 2487/2611/2469
f 2041/2606/2023 2488/2612/2470 2490/2614/2472
f 2485/2609/2467 2488/2612/2470 2041/2606/2023
f 2493/2617/2475 2376/2618/2358 2494/2619/2476
f 2493/2617/2475 2377/2620/2359 2376/2618/2358
f 2382/2621/2364 2377/2620/2359 2493/2617/2475
f 2495/2622/2477 2493/2623/2475 2494/2624/2476
f 2496/2625/2478 2493/2623/2475 2495/2622/2477
f 2496/2625/2478 2497/2626/2479 2493/2623/2475
f 2498/2627/2480 2497/2626/2479 2496/2625/2478
f 2498/2627/2480 2499/2628/2481 2497/2626/2479
f 2500/2629/2482 2499/2628/2481 2498/2627/2480
f 2500/2629/2482 2382/2630/2364 2499/2628/2481
f 2484/2608/2466 2382/2630/2364 2500/2629/2482
f 2484/2608/2466 2383/2631/2365 2382/2630/2364
f 2483/2605/2465 2383/2631/2365 2484/2608/2466
f 2484/2608/2466 2498/2627/2480 2496/2625/2478
f 2500/2629/2482 2498/2627/2480 2484/2608/2466
f 2497/2626/2479 2382/2630/2364 2493/2623/2475
f 2499/2628/2481 2382/2630/2364 2497/2626/2479
f 2489/2613/2471 2495/2622/2477 2492/2616/2474
f 2489/2613/2471 2496/2625/2478 2495/2622/2477
f 2484/2608/2466 2496/2625/2478 2489/2613/2471
f 2037/2120/2019 2490/2632/2472 2491/2633/2473
f 2039/2122/2021 2490/2632/2472 2037/2120/2019
f 2039/2122/2021 2041/2124/2023 2490/2632/2472
f 2501/2634/2483 2502/2635/2484 2503/2636/2485
f 2504/2637/2486 2505/2638/2487 2506/2639/2488
f 2504/2637/2486 2507/2640/2489 2505/2638/2487
f 2508/2641/2490 2507/2640/2489 2504/2637/2486
f 2508/2641/2490 2509/2642/2491 2507/2640/2489
f 2510/2643/2492 2509/2642/2491 2508/2641/2490
f 2510/2643/2492 2511/2644/2493 2509/2642/2491
f 2506/2639/2488 2507/2640/2489 2512/2645/2494
f 2505/2638/2487 2507/2640/2489 2506/2639/2488
f 2508/2641/2490 2513/2646/2495 2510/2643/2492
f 2504/2637/2486 2513/2646/2495 2508/2641/2490
f 2514/2647/2496 2513/2646/2495 2504/2637/2486
f 2514/2647/2496 2515/2648/2497 2513/2646/2495
f 2515/2648/2497 2510/2643/2492 2513/2646/2495
f 2515/2648/2497 2516/2649/2498 2510/2643/2492
f 2514/2647/2496 2516/2649/2498 2515/2648/2497
f 2517/2650/2499 2516/2649/2498 2514/2647/2496
f 2517/2650/2499 2518/2651/2500 2516/2649/2498
f 2517/2650/2499 2519/2652/2501 2518/2651/2500
f 2517/2650/2499 2512/2645/2494 2519/2652/2501
f 2514/2647/2496 2512/2645/2494 2517/2650/2499
f 2514/2647/2496 2506/2639/2488 2512/2645/2494
f 2504/2637/2486 2506/2639/2488 2514/2647/2496
f 2520/2653/2502 2521/2654/2503 2522/2655/2504
f 2520/2653/2502 2523/2656/2505 2521/2654/2503
f 2510/2643/2492 2524/2657/2506 2525/2658/2507
f 2526/2659/2508 2524/2657/2506 2510/2643/2492
f 2526/2659/2508 2522/2655/2504 2524/2657/2506
f 2527/2660/2509 2522/2655/2504 2526/2659/2508
f 2527/2660/2509 2520/2653/2502 2522/2655/2504
f 2527/2660/2509 2510/2643/2492 2520/2653/2502
f 2526/2659/2508 2510/2643/2492 2527/2660/2509
f 2528/2661/2510 2521/2654/2503 2523/2656/2505
f 2529/2662/2511 2521/2654/2503 2528/2661/2510
f 2529/2662/2511 2522/2655/2504 2521/2654/2503
f 2530/2663/2512 2522/2655/2504 2529/2662/2511
f 2531/2664/2513 2522/2655/2504 2530/2663/2512
f 2531/2664/2513 2524/2657/2506 2522/2655/2504
f 2532/2665/2514 2524/2657/2506 2531/2664/2513
f 2532/2665/2514 2525/2658/2507 2524/2657/2506
f 2511/2644/2493 2525/2658/2507 2532/2665/2514
f 2510/2643/2492 2525/2658/2507 2511/2644/2493
f 2511/2644/2493 2532/2665/2514 2533/2666/2515
f 2534/2667/2516 2535/2668/2517 2536/2669/2518
f 2537/2670/2519 2535/2668/2517 2534/2667/2516
f 2537/2670/2519 2538/2671/2520 2535/2668/2517
f 2535/2668/2517 2539/2672/2521 2536/2669/2518
f 2538/2671/2520 2539/2672/2521 2535/2668/2517
f 2538/2671/2520 2540/2673/2522 2539/2672/2521
f 2541/2674/2523 2540/2673/2522 2538/2671/2520
f 2542/2675/2524 2536/2669/2518 2543/2676/2525
f 2544/2677/2526 2536/2669/2518 2542/2675/2524
f 2544/2677/2526 2534/2667/2516 2536/2669/2518
f 2544/2677/2526 2532/2678/2514 2534/2667/2516
f 2542/2675/2524 2532/2678/2514 2544/2677/2526
f 2545/2679/2527 2540/2673/2522 2546/2680/2528
f 2541/2674/2523 2546/2680/2528 2540/2673/2522
f 2547/2681/2529 2546/2680/2528 2541/2674/2523
f 2548/2682/2530 2546/2680/2528 2547/2681/2529
f 2548/2682/2530 2545/2679/2527 2546/2680/2528
f 2549/2683/2531 2545/2679/2527 2548/2682/2530
f 2549/2683/2531 2550/2684/2532 2545/2679/2527
f 2551/2685/2533 2550/2684/2532 2549/2683/2531
f 2551/2685/2533 2552/2686/2534 2550/2684/2532
f 2553/2687/2535 2552/2686/2534 2551/2685/2533
f 2554/2688/2536 2552/2686/2534 2553/2687/2535
f 2549/2683/2531 2553/2687/2535 2551/2685/2533
f 2548/2682/2530 2553/2687/2535 2549/2683/2531
f 2555/2689/2537 2552/2686/2534 2554/2688/2536
f 2556/2690/2538 2552/2686/2534 2555/2689/2537
f 2556/2690/2538 2550/2684/2532 2552/2686/2534
f 2557/2691/2539 2550/2684/2532 2556/2690/2538
f 2557/2691/2539 2545/2679/2527 2550/2684/2532
f 2558/2692/2540 2545/2679/2527 2557/2691/2539
f 2558/2692/2540 2540/2673/2522 2545/2679/2527
f 2556/2690/2538 2540/2673/2522 2558/2692/2540
f 2556/2690/2538 2539/2672/2521 2540/2673/2522
f 2559/2693/2541 2539/2672/2521 2556/2690/2538
f 2556/2690/2538 2558/2692/2540 2557/2691/2539
f 2559/2693/2541 2556/2690/2538 2560/2694/2542
f 2559/2693/2541 2536/2669/2518 2539/2672/2521
f 2560/2694/2542 2536/2669/2518 2559/2693/2541
f 2560/2694/2542 2543/2676/2525 2536/2669/2518
f 2556/2690/2538 2543/2676/2525 2560/2694/2542
f 2556/2690/2538 2561/2695/2543 2543/2676/2525
f 2555/2689/2537 2561/2695/2543 2556/2690/2538
f 2533/2696/2515 2561/2695/2543 2555/2689/2537
f 2532/2678/2514 2561/2695/2543 2533/2696/2515
f 2532/2678/2514 2543/2676/2525 2561/2695/2543
f 2542/2675/2524 2543/2676/2525 2532/2678/2514
f 2562/2697/2544 2563/2698/2545 2564/2699/2546
f 2565/2700/2547 2563/2698/2545 2562/2697/2544
f 2565/2700/2547 2566/2701/2548 2563/2698/2545
f 2567/2702/2549 2568/2703/2550 2569/2704/2551
f 2567/2702/2549 2570/2705/2552 2568/2703/2550
f 2564/2699/2546 2570/2705/2552 2567/2702/2549
f 2564/2699/2546 2571/2706/2553 2570/2705/2552
f 2563/2698/2545 2571/2706/2553 2564/2699/2546
f 2566/2701/2548 2571/2706/2553 2563/2698/2545
f 2566/2701/2548 2570/2705/2552 2571/2706/2553
f 2566/2701/2548 2572/2707/2554 2573/2708/2555
f 2565/2700/2547 2572/2707/2554 2566/2701/2548
f 2565/2700/2547 2574/2709/2556 2572/2707/2554
f 2562/2697/2544 2574/2709/2556 2565/2700/2547
f 2562/2697/2544 2575/2710/2557 2574/2709/2556
f 2564/2699/2546 2575/2710/2557 2562/2697/2544
f 2564/2699/2546 2576/2711/2558 2575/2710/2557
f 2564/2699/2546 2577/2712/2559 2576/2711/2558
f 2567/2702/2549 2577/2712/2559 2564/2699/2546
f 2567/2702/2549 2569/2704/2551 2577/2712/2559
f 2578/2713/2560 2579/2714/2561 2580/2715/2562
f 2578/2713/2560 2581/2716/2563 2579/2714/2561
f 2582/2717/2564 2583/2718/2565 2584/2719/2566
f 2585/2720/2567 2583/2718/2565 2582/2717/2564
f 2585/2720/2567 2580/2715/2562 2583/2718/2565
f 2586/2721/2568 2580/2715/2562 2585/2720/2567
f 2586/2721/2568 2578/2713/2560 2580/2715/2562
f 2586/2721/2568 2581/2716/2563 2578/2713/2560
f 2585/2720/2567 2581/2716/2563 2586/2721/2568
f 2581/2716/2563 2587/2722/2569 2579/2714/2561
f 2588/2723/2570 2587/2722/2569 2581/2716/2563
f 2574/2724/2556 2587/2722/2569 2588/2723/2570
f 2574/2724/2556 2579/2714/2561 2587/2722/2569
f 2589/2725/2571 2579/2714/2561 2574/2724/2556
f 2590/2726/2572 2579/2714/2561 2589/2725/2571
f 2590/2726/2572 2580/2715/2562 2579/2714/2561
f 2591/2727/2573 2580/2715/2562 2590/2726/2572
f 2591/2727/2573 2583/2718/2565 2580/2715/2562
f 2584/2719/2566 2583/2718/2565 2591/2727/2573
f 2590/2726/2572 2574/2724/2556 2591/2727/2573
f 2589/2725/2571 2574/2724/2556 2590/2726/2572
f 2574/2724/2556 2588/2723/2570 2572/2728/2554
f 2592/2729/2574 2593/2730/2575 2594/2731/2576
f 2592/2729/2574 2553/2732/2535 2593/2730/2575
f 2592/2729/2574 2554/2733/2536 2553/2732/2535
f 2592/2729/2574 2595/2734/2577 2554/2733/2536
f 2592/2729/2574 2596/2735/2578 2595/2734/2577
f 2592/2729/2574 2597/2736/2579 2596/2735/2578
f 2594/2731/2576 2597/2736/2579 2592/2729/2574
f 2598/2737/2580 2599/2738/2581 2600/2739/2582
f 2601/2740/2583 2598/2737/2580 2600/2739/2582
f 2602/2741/2584 2598/2737/2580 2601/2740/2583
f 2602/2741/2584 2599/2738/2581 2598/2737/2580
f 2603/2742/2585 2599/2738/2581 2602/2741/2584
f 2603/2742/2585 2604/2743/2586 2599/2738/2581
f 2605/2744/2587 2604/2743/2586 2603/2742/2585
f 2605/2744/2587 2606/2745/2588 2604/2743/2586
f 2607/2746/2589 2606/2745/2588 2605/2744/2587
f 2607/2746/2589 2608/2747/2590 2606/2745/2588
f 2607/2746/2589 2609/2748/2591 2608/2747/2590
f 2602/2741/2584 2610/2749/2592 2603/2742/2585
f 2602/2741/2584 2611/2750/2593 2610/2749/2592
f 2601/2740/2583 2611/2750/2593 2602/2741/2584
f 2612/2751/2594 2613/2752/2595 2614/2753/2596
f 2615/2754/2597 2613/2752/2595 2612/2751/2594
f 2615/2754/2597 2616/2755/2598 2613/2752/2595
f 2617/2756/2599 2616/2755/2598 2615/2754/2597
f 2617/2756/2599 2609/2748/2591 2616/2755/2598
f 2618/2757/2600 2609/2748/2591 2617/2756/2599
f 2618/2757/2600 2608/2747/2590 2609/2748/2591
f 2619/2758/2601 2608/2747/2590 2618/2757/2600
f 2620/2759/2602 2608/2747/2590 2619/2758/2601
f 2620/2759/2602 2606/2745/2588 2608/2747/2590
f 2615/2754/2597 2621/2760/2603 2617/2756/2599
f 2621/2760/2603 2622/2761/2604 2623/2762/2605
f 2623/2762/2605 2617/2756/2599 2621/2760/2603
f 2624/2763/2606 2617/2756/2599 2623/2762/2605
f 2624/2763/2606 2618/2757/2600 2617/2756/2599
f 2624/2763/2606 2619/2758/2601 2618/2757/2600
f 2624/2763/2606 2625/2764/2607 2619/2758/2601
f 2623/2762/2605 2625/2764/2607 2624/2763/2606
f 2623/2762/2605 2626/2765/2608 2625/2764/2607
f 2622/2761/2604 2626/2765/2608 2623/2762/2605
f 2627/2766/2609 2626/2765/2608 2622/2761/2604
f 2627/2766/2609 2628/2767/2610 2626/2765/2608
f 2629/2768/2611 2628/2767/2610 2627/2766/2609
f 2629/2768/2611 2630/2769/2612 2628/2767/2610
f 2631/2770/2613 2630/2769/2612 2629/2768/2611
f 2632/2771/2614 2628/2767/2610 2630/2769/2612
f 2633/2772/2615 2628/2767/2610 2632/2771/2614
f 2633/2772/2615 2626/2765/2608 2628/2767/2610
f 2625/2764/2607 2626/2765/2608 2633/2772/2615
f 2625/2764/2607 2634/2773/2616 2619/2758/2601
f 2625/2764/2607 2635/2774/2617 2634/2773/2616
f 2633/2772/2615 2635/2774/2617 2625/2764/2607
f 2633/2772/2615 2636/2775/2618 2635/2774/2617
f 2632/2771/2614 2636/2775/2618 2633/2772/2615
f 2632/2771/2614 2637/2776/2619 2636/2775/2618
f 2632/2771/2614 2638/2777/2620 2637/2776/2619
f 2630/2769/2612 2638/2777/2620 2632/2771/2614
f 2630/2769/2612 2639/2778/2621 2638/2777/2620
f 2631/2770/2613 2639/2778/2621 2630/2769/2612
f 2640/2779/2622 2638/2777/2620 2639/2778/2621
f 2641/2780/2623 2638/2777/2620 2640/2779/2622
f 2641/2780/2623 2637/2776/2619 2638/2777/2620
f 2642/2781/2624 2637/2776/2619 2641/2780/2623
f 2643/2782/2625 2637/2776/2619 2642/2781/2624
f 2643/2782/2625 2636/2775/2618 2637/2776/2619
f 2644/2783/2626 2636/2775/2618 2643/2782/2625
f 2644/2783/2626 2645/2784/2627 2636/2775/2618
f 2646/2785/2628 2645/2784/2627 2644/2783/2626
f 2646/2785/2628 2647/2786/2629 2645/2784/2627
f 2648/2787/2630 2647/2786/2629 2649/2788/2631
f 2650/2789/2632 2649/2788/2631 2651/2790/2633
f 2650/2789/2632 2648/2787/2630 2649/2788/2631
f 2652/2791/2634 2648/2787/2630 2650/2789/2632
f 2652/2791/2634 2647/2786/2629 2648/2787/2630
f 2653/2792/2635 2647/2786/2629 2652/2791/2634
f 2653/2792/2635 2645/2784/2627 2647/2786/2629
f 2634/2773/2616 2645/2784/2627 2653/2792/2635
f 2635/2774/2617 2645/2784/2627 2634/2773/2616
f 2635/2774/2617 2636/2775/2618 2645/2784/2627
f 2652/2791/2634 2634/2773/2616 2653/2792/2635
f 2654/2793/2636 2655/2794/2637 2656/2795/2638
f 2654/2793/2636 2657/2796/2639 2655/2794/2637
f 2658/2797/2640 2657/2796/2639 2654/2793/2636
f 2658/2797/2640 2651/2790/2633 2657/2796/2639
f 2659/2798/2641 2651/2790/2633 2658/2797/2640
f 2659/2798/2641 2650/2789/2632 2651/2790/2633
f 2620/2759/2602 2650/2789/2632 2659/2798/2641
f 2620/2759/2602 2652/2791/2634 2650/2789/2632
f 2619/2758/2601 2652/2791/2634 2620/2759/2602
f 2619/2758/2601 2634/2773/2616 2652/2791/2634
f 2660/2799/2642 2656/2795/2638 2661/2800/2643
f 2660/2799/2642 2654/2793/2636 2656/2795/2638
f 2662/2801/2644 2654/2793/2636 2660/2799/2642
f 2659/2798/2641 2654/2793/2636 2662/2801/2644
f 2659/2798/2641 2658/2797/2640 2654/2793/2636
f 2663/2802/2645 2662/2801/2644 2660/2799/2642
f 2659/2798/2641 2606/2745/2588 2620/2759/2602
f 2659/2798/2641 2604/2743/2586 2606/2745/2588
f 2662/2801/2644 2604/2743/2586 2659/2798/2641
f 2662/2801/2644 2599/2738/2581 2604/2743/2586
f 2663/2802/2645 2599/2738/2581 2662/2801/2644
f 2663/2802/2645 2600/2739/2582 2599/2738/2581
f 2660/2799/2642 2600/2739/2582 2663/2802/2645
f 2660/2799/2642 2664/2803/2646 2600/2739/2582
f 2661/2800/2643 2664/2803/2646 2660/2799/2642
f 2661/2800/2643 2665/2804/2647 2664/2803/2646
f 2666/2805/2648 2667/2806/2649 2668/2807/2650
f 2666/2805/2648 2669/2808/2651 2667/2806/2649
f 2670/2809/2652 2669/2808/2651 2666/2805/2648
f 2670/2809/2652 2671/2810/2653 2669/2808/2651
f 2670/2809/2652 2672/2811/2654 2671/2810/2653
f 2670/2809/2652 2665/2804/2647 2672/2811/2654
f 2673/2812/2655 2665/2804/2647 2670/2809/2652
f 2673/2812/2655 2664/2803/2646 2665/2804/2647
f 2673/2812/2655 2600/2739/2582 2664/2803/2646
f 2601/2740/2583 2600/2739/2582 2673/2812/2655
f 2674/2813/2656 2669/2808/2651 2671/2810/2653
f 2674/2813/2656 2667/2806/2649 2669/2808/2651
f 2675/2814/2657 2665/2804/2647 2661/2800/2643
f 2675/2814/2657 2672/2811/2654 2665/2804/2647
f 2676/2815/2658 2672/2811/2654 2675/2814/2657
f 2677/2816/2659 2672/2811/2654 2676/2815/2658
f 2677/2816/2659 2671/2810/2653 2672/2811/2654
f 2678/2817/2660 2671/2810/2653 2677/2816/2659
f 2678/2817/2660 2674/2813/2656 2671/2810/2653
f 2679/2818/2661 2674/2813/2656 2678/2817/2660
f 2680/2819/2662 2674/2813/2656 2679/2818/2661
f 2680/2819/2662 2667/2806/2649 2674/2813/2656
f 2677/2816/2659 2681/2820/2663 2682/2821/2664
f 2677/2816/2659 2683/2822/2665 2681/2820/2663
f 2676/2815/2658 2683/2822/2665 2677/2816/2659
f 2676/2815/2658 2684/2823/2666 2683/2822/2665
f 2675/2814/2657 2684/2823/2666 2676/2815/2658
f 2675/2814/2657 2685/2824/2667 2684/2823/2666
f 2661/2800/2643 2685/2824/2667 2675/2814/2657
f 2661/2800/2643 2686/2825/2668 2685/2824/2667
f 2656/2795/2638 2686/2825/2668 2661/2800/2643
f 2656/2795/2638 2655/2794/2637 2686/2825/2668
f 2687/2826/2669 2686/2825/2668 2688/2827/2670
f 2689/2828/2671 2686/2825/2668 2687/2826/2669
f 2689/2828/2671 2685/2824/2667 2686/2825/2668
f 2690/2829/2672 2685/2824/2667 2689/2828/2671
f 2690/2829/2672 2684/2823/2666 2685/2824/2667
f 2691/2830/2673 2684/2823/2666 2690/2829/2672
f 2691/2830/2673 2683/2822/2665 2684/2823/2666
f 2692/2831/2674 2683/2822/2665 2691/2830/2673
f 2692/2831/2674 2681/2820/2663 2683/2822/2665
f 2693/2832/2675 2681/2820/2663 2692/2831/2674
f 2694/2833/2676 2695/2834/2677 2696/2835/2678
f 2697/2836/2679 2695/2834/2677 2694/2833/2676
f 2697/2836/2679 2698/2837/2680 2695/2834/2677
f 2697/2836/2679 2699/2838/2681 2698/2837/2680
f 2700/2839/2682 2699/2838/2681 2697/2836/2679
f 2687/2826/2669 2699/2838/2681 2700/2839/2682
f 2687/2826/2669 2688/2827/2670 2699/2838/2681
f 2699/2838/2681 2701/2840/2683 2698/2837/2680
f 2702/2841/2684 2647/2786/2629 2646/2785/2628
f 2702/2841/2684 2649/2788/2631 2647/2786/2629
f 2703/2842/2685 2649/2788/2631 2702/2841/2684
f 2703/2842/2685 2651/2790/2633 2649/2788/2631
f 2701/2840/2683 2651/2790/2633 2703/2842/2685
f 2701/2840/2683 2657/2796/2639 2651/2790/2633
f 2699/2838/2681 2657/2796/2639 2701/2840/2683
f 2699/2838/2681 2655/2794/2637 2657/2796/2639
f 2688/2827/2670 2655/2794/2637 2699/2838/2681
f 2688/2827/2670 2686/2825/2668 2655/2794/2637
f 2701/2840/2683 2695/2834/2677 2698/2837/2680
f 2703/2842/2685 2695/2834/2677 2701/2840/2683
f 2703/2842/2685 2704/2843/2686 2695/2834/2677
f 2702/2841/2684 2704/2843/2686 2703/2842/2685
f 2702/2841/2684 2705/2844/2687 2704/2843/2686
f 2646/2785/2628 2705/2844/2687 2702/2841/2684
f 2646/2785/2628 2706/2845/2688 2705/2844/2687
f 2644/2783/2626 2706/2845/2688 2646/2785/2628
f 2644/2783/2626 2707/2846/2689 2706/2845/2688
f 2643/2782/2625 2707/2846/2689 2644/2783/2626
f 2705/2844/2687 2706/2845/2688 2708/2847/2690
f 2708/2847/2690 2709/2848/2691 2710/2849/2692
f 2706/2845/2688 2709/2848/2691 2708/2847/2690
f 2707/2846/2689 2709/2848/2691 2706/2845/2688
f 2711/2850/2693 2709/2848/2691 2707/2846/2689
f 2711/2850/2693 2712/2851/2694 2709/2848/2691
f 2679/2818/2661 2712/2851/2694 2711/2850/2693
f 2679/2818/2661 2713/2852/2695 2712/2851/2694
f 2678/2817/2660 2713/2852/2695 2679/2818/2661
f 2678/2817/2660 2682/2821/2664 2713/2852/2695
f 2677/2816/2659 2682/2821/2664 2678/2817/2660
f 2714/2853/2696 2713/2852/2695 2682/2821/2664
f 2715/2854/2697 2713/2852/2695 2714/2853/2696
f 2715/2854/2697 2712/2851/2694 2713/2852/2695
f 2716/2855/2698 2712/2851/2694 2715/2854/2697
f 2716/2855/2698 2709/2848/2691 2712/2851/2694
f 2710/2849/2692 2709/2848/2691 2716/2855/2698
f 2717/2856/2699 2718/2857/2700 2719/2858/2701
f 2710/2849/2692 2718/2857/2700 2717/2856/2699
f 2710/2849/2692 2720/2859/2702 2718/2857/2700
f 2716/2855/2698 2720/2859/2702 2710/2849/2692
f 2716/2855/2698 2721/2860/2703 2720/2859/2702
f 2715/2854/2697 2721/2860/2703 2716/2855/2698
f 2715/2854/2697 2722/2861/2704 2721/2860/2703
f 2714/2853/2696 2722/2861/2704 2715/2854/2697
f 2714/2853/2696 2723/2862/2705 2722/2861/2704
f 2714/2853/2696 2724/2863/2706 2723/2862/2705
f 2682/2821/2664 2724/2863/2706 2714/2853/2696
f 2682/2821/2664 2681/2820/2663 2724/2863/2706
f 2693/2832/2675 2724/2863/2706 2681/2820/2663
f 2725/2864/2707 2724/2863/2706 2693/2832/2675
f 2725/2864/2707 2723/2862/2705 2724/2863/2706
f 2726/2865/2708 2723/2862/2705 2725/2864/2707
f 2727/2866/2709 2723/2862/2705 2726/2865/2708
f 2727/2866/2709 2722/2861/2704 2723/2862/2705
f 2728/2867/2710 2722/2861/2704 2727/2866/2709
f 2728/2867/2710 2721/2860/2703 2722/2861/2704
f 2729/2868/2711 2721/2860/2703 2728/2867/2710
f 2729/2868/2711 2720/2859/2702 2721/2860/2703
f 2730/2869/2712 2720/2859/2702 2729/2868/2711
f 2730/2869/2712 2718/2857/2700 2720/2859/2702
f 2696/2835/2678 2718/2857/2700 2730/2869/2712
f 2696/2835/2678 2719/2858/2701 2718/2857/2700
f 2695/2834/2677 2719/2858/2701 2696/2835/2678
f 2704/2843/2686 2719/2858/2701 2695/2834/2677
f 2704/2843/2686 2717/2856/2699 2719/2858/2701
f 2705/2844/2687 2717/2856/2699 2704/2843/2686
f 2705/2844/2687 2710/2849/2692 2717/2856/2699
f 2708/2847/2690 2710/2849/2692 2705/2844/2687
f 2731/2870/2713 2507/2871/2489 2509/2872/2491
f 2732/2873/2714 2733/2874/2715 2734/2875/2716
f 2732/2873/2714 2735/2876/2717 2733/2874/2715
f 2736/2877/2718 2735/2876/2717 2732/2873/2714
f 2507/2871/2489 2735/2876/2717 2736/2877/2718
f 2507/2871/2489 2737/2878/2719 2735/2876/2717
f 2731/2870/2713 2737/2878/2719 2507/2871/2489
f 2738/2879/2720 2737/2878/2719 2731/2870/2713
f 2738/2879/2720 2735/2876/2717 2737/2878/2719
f 2739/2880/2721 2735/2876/2717 2738/2879/2720
f 2507/2871/2489 2732/2873/2714 2734/2875/2716
f 2736/2877/2718 2732/2873/2714 2507/2871/2489
f 2739/2880/2721 2733/2874/2715 2735/2876/2717
f 2739/2880/2721 2740/2881/2722 2733/2874/2715
f 2738/2879/2720 2740/2881/2722 2739/2880/2721
f 2741/2882/2723 2740/2881/2722 2738/2879/2720
f 2741/2882/2723 2733/2874/2715 2740/2881/2722
f 2741/2882/2723 2742/2883/2724 2733/2874/2715
f 2743/2884/2725 2742/2883/2724 2741/2882/2723
f 2744/2885/2726 2742/2883/2724 2743/2884/2725
f 2734/2875/2716 2742/2883/2724 2744/2885/2726
f 2734/2875/2716 2733/2874/2715 2742/2883/2724
f 2745/2886/2727 2746/2887/2728 2747/2888/2729
f 2748/2889/2730 2745/2886/2727 2749/2890/2731
f 2750/2891/2732 2745/2886/2727 2748/2889/2730
f 2750/2891/2732 2746/2887/2728 2745/2886/2727
f 2751/2892/2733 2746/2887/2728 2750/2891/2732
f 2752/2893/2734 2746/2887/2728 2751/2892/2733
f 2753/2894/2735 2746/2887/2728 2752/2893/2734
f 2753/2894/2735 2747/2888/2729 2746/2887/2728
f 2754/2895/2736 2747/2888/2729 2753/2894/2735
f 2755/2896/2737 2747/2888/2729 2754/2895/2736
f 2755/2896/2737 2745/2886/2727 2747/2888/2729
f 2756/2897/2738 2745/2886/2727 2755/2896/2737
f 2756/2897/2738 2749/2890/2731 2745/2886/2727
f 2750/2891/2732 2748/2889/2730 2751/2892/2733
f 2738/2879/2720 2756/2897/2738 2755/2896/2737
f 2757/2898/2739 2756/2897/2738 2738/2879/2720
f 2757/2898/2739 2749/2890/2731 2756/2897/2738
f 2738/2879/2720 2749/2890/2731 2757/2898/2739
f 2738/2879/2720 2758/2899/2740 2749/2890/2731
f 2731/2870/2713 2758/2899/2740 2738/2879/2720
f 2752/2893/2734 2758/2899/2740 2731/2870/2713
f 2751/2892/2733 2758/2899/2740 2752/2893/2734
f 2751/2892/2733 2749/2890/2731 2758/2899/2740
f 2748/2889/2730 2749/2890/2731 2751/2892/2733
f 2594/2731/2576 2759/2900/2741 2760/2901/2742
f 2593/2730/2575 2759/2900/2741 2594/2731/2576
f 2553/2732/2535 2759/2900/2741 2593/2730/2575
f 2553/2732/2535 2761/2902/2743 2759/2900/2741
f 2548/2903/2530 2761/2902/2743 2553/2732/2535
f 2547/2904/2529 2761/2902/2743 2548/2903/2530
f 2547/2904/2529 2762/2905/2744 2761/2902/2743
f 2763/2906/2745 2597/2736/2579 2594/2731/2576
f 2763/2906/2745 2596/2735/2578 2597/2736/2579
f 2763/2906/2745 2764/2907/2746 2596/2735/2578
f 2760/2901/2742 2764/2907/2746 2763/2906/2745
f 2765/2908/2747 2764/2907/2746 2760/2901/2742
f 2765/2908/2747 2766/2909/2748 2764/2907/2746
f 2765/2908/2747 2762/2905/2744 2766/2909/2748
f 2765/2908/2747 2761/2902/2743 2762/2905/2744
f 2760/2901/2742 2761/2902/2743 2765/2908/2747
f 2760/2901/2742 2759/2900/2741 2761/2902/2743
f 2760/2901/2742 2763/2906/2745 2594/2731/2576
f 2767/2910/2749 2766/2909/2748 2768/2911/2750
f 2767/2910/2749 2764/2907/2746 2766/2909/2748
f 2596/2735/2578 2764/2907/2746 2767/2910/2749
f 2755/2896/2737 2741/2882/2723 2738/2879/2720
f 2755/2896/2737 2743/2884/2725 2741/2882/2723
f 2754/2895/2736 2743/2884/2725 2755/2896/2737
f 2532/2912/2514 2530/2913/2512 2529/2914/2511
f 2531/2915/2513 2530/2913/2512 2532/2912/2514
f 2528/2916/2510 2534/2667/2516 2529/2917/2511
f 2537/2670/2519 2534/2667/2516 2528/2916/2510
f 2734/2918/2716 2512/2645/2494 2507/2640/2489
f 2744/2919/2726 2512/2645/2494 2734/2918/2716
f 2744/2919/2726 2519/2652/2501 2512/2645/2494
f 2769/2920/2751 2770/2921/2752 2771/2922/2753
f 2769/2920/2751 2772/2923/2754 2770/2921/2752
f 2773/2924/2755 2772/2923/2754 2769/2920/2751
f 2516/2649/2498 2520/2653/2502 2510/2643/2492
f 2518/2651/2500 2520/2653/2502 2516/2649/2498
f 2518/2651/2500 2523/2656/2505 2520/2653/2502
f 2774/2925/2756 2775/2926/2757 2771/2922/2753
f 2774/2925/2756 2776/2927/2758 2775/2926/2757
f 2774/2925/2756 2777/2928/2759 2776/2927/2758
f 2566/2701/2548 2776/2927/2758 2778/2929/2760
f 2566/2701/2548 2775/2926/2757 2776/2927/2758
f 2573/2708/2555 2775/2926/2757 2566/2701/2548
f 2573/2708/2555 2771/2922/2753 2775/2926/2757
f 2779/2930/2761 2771/2922/2753 2573/2708/2555
f 2777/2928/2759 2780/2931/2762 2770/2921/2752
f 2774/2925/2756 2780/2931/2762 2777/2928/2759
f 2771/2922/2753 2780/2931/2762 2774/2925/2756
f 2771/2922/2753 2770/2921/2752 2780/2931/2762
f 2777/2928/2759 2778/2929/2760 2776/2927/2758
f 2781/2932/2763 2778/2929/2760 2777/2928/2759
f 2781/2932/2763 2566/2701/2548 2778/2929/2760
f 2781/2932/2763 2782/2933/2764 2566/2701/2548
f 2777/2928/2759 2782/2933/2764 2781/2932/2763
f 2783/2934/2765 2782/2933/2764 2777/2928/2759
f 2783/2934/2765 2784/2935/2766 2782/2933/2764
f 2783/2934/2765 2772/2923/2754 2784/2935/2766
f 2783/2934/2765 2770/2921/2752 2772/2923/2754
f 2777/2928/2759 2770/2921/2752 2783/2934/2765
f 2785/2936/2767 2786/2937/2768 2787/2938/2769
f 2785/2936/2767 2788/2939/2770 2786/2937/2768
f 2789/2940/2771 2788/2939/2770 2785/2936/2767
f 2790/2941/2772 2789/2940/2771 2680/2819/2662
f 2790/2941/2772 2788/2939/2770 2789/2940/2771
f 2791/2942/2773 2788/2939/2770 2790/2941/2772
f 2792/2943/2774 2788/2939/2770 2791/2942/2773
f 2792/2943/2774 2786/2937/2768 2788/2939/2770
f 2793/2944/2775 2786/2937/2768 2792/2943/2774
f 2794/2945/2776 2786/2937/2768 2793/2944/2775
f 2794/2945/2776 2787/2938/2769 2786/2937/2768
f 2795/2946/2777 2787/2938/2769 2794/2945/2776
f 2793/2944/2775 2792/2943/2774 2796/2947/2778
f 2643/2782/2625 2711/2850/2693 2707/2846/2689
f 2642/2781/2624 2711/2850/2693 2643/2782/2625
f 2642/2781/2624 2679/2818/2661 2711/2850/2693
f 2797/2948/2779 2679/2818/2661 2642/2781/2624
f 2797/2948/2779 2680/2819/2662 2679/2818/2661
f 2798/2949/2780 2680/2819/2662 2797/2948/2779
f 2798/2949/2780 2790/2941/2772 2680/2819/2662
f 2799/2950/2781 2790/2941/2772 2798/2949/2780
f 2799/2950/2781 2791/2942/2773 2790/2941/2772
f 2800/2951/2782 2791/2942/2773 2799/2950/2781
f 2642/2781/2624 2798/2949/2780 2797/2948/2779
f 2641/2780/2623 2798/2949/2780 2642/2781/2624
f 2641/2780/2623 2799/2950/2781 2798/2949/2780
f 2640/2779/2622 2799/2950/2781 2641/2780/2623
f 2801/2952/2783 2799/2950/2781 2640/2779/2622
f 2802/2953/2784 2799/2950/2781 2801/2952/2783
f 2802/2953/2784 2800/2951/2782 2799/2950/2781
f 2803/2954/2785 2800/2951/2782 2802/2953/2784
f 2800/2951/2782 2792/2943/2774 2791/2942/2773
f 2803/2954/2785 2792/2943/2774 2800/2951/2782
f 2803/2954/2785 2796/2947/2778 2792/2943/2774
f 2803/2954/2785 2804/2955/2786 2796/2947/2778
f 2803/2954/2785 2805/2956/2787 2804/2955/2786
f 2802/2953/2784 2805/2956/2787 2803/2954/2785
f 2802/2953/2784 2806/2957/2788 2805/2956/2787
f 2801/2952/2783 2806/2957/2788 2802/2953/2784
f 2801/2952/2783 2639/2778/2621 2806/2957/2788
f 2640/2779/2622 2639/2778/2621 2801/2952/2783
f 2807/2958/2789 2639/2778/2621 2631/2770/2613
f 2807/2958/2789 2806/2957/2788 2639/2778/2621
f 2808/2959/2790 2806/2957/2788 2807/2958/2789
f 2808/2959/2790 2805/2956/2787 2806/2957/2788
f 2809/2960/2791 2810/2961/2792 2808/2959/2790
f 2811/2962/2793 2810/2961/2792 2809/2960/2791
f 2811/2962/2793 2812/2963/2794 2810/2961/2792
f 2813/2964/2795 2812/2963/2794 2811/2962/2793
f 2532/2912/2514 2529/2914/2511 2534/2965/2516
f 2814/2966/2796 2596/2735/2578 2815/2967/2797
f 2814/2966/2796 2595/2734/2577 2596/2735/2578
f 2814/2966/2796 2779/2968/2761 2595/2734/2577
f 2814/2966/2796 2771/2969/2753 2779/2968/2761
f 2815/2967/2797 2771/2969/2753 2814/2966/2796
f 2815/2967/2797 2816/2970/2798 2771/2969/2753
f 2817/2971/2799 2816/2970/2798 2815/2967/2797
f 2817/2971/2799 2818/2972/2800 2816/2970/2798
f 2817/2971/2799 2769/2973/2751 2818/2972/2800
f 2819/2974/2801 2769/2973/2751 2817/2971/2799
f 2820/2975/2802 2815/2967/2797 2596/2735/2578
f 2817/2971/2799 2815/2967/2797 2820/2975/2802
f 2819/2974/2801 2773/2976/2755 2769/2973/2751
f 2819/2974/2801 2768/2911/2750 2773/2976/2755
f 2819/2974/2801 2767/2910/2749 2768/2911/2750
f 2817/2971/2799 2767/2910/2749 2819/2974/2801
f 2817/2971/2799 2821/2977/2803 2767/2910/2749
f 2820/2975/2802 2821/2977/2803 2817/2971/2799
f 2596/2735/2578 2821/2977/2803 2820/2975/2802
f 2596/2735/2578 2767/2910/2749 2821/2977/2803
f 2822/2978/2804 2823/2979/2805 2824/2980/2806
f 2822/2978/2804 2825/2981/2807 2823/2979/2805
f 2826/2982/2808 2825/2981/2807 2822/2978/2804
f 2826/2982/2808 2827/2983/2809 2825/2981/2807
f 2828/2984/2810 2827/2983/2809 2826/2982/2808
f 2829/2985/2811 2830/2986/2812 2831/2987/2813
f 2832/2988/2814 2830/2986/2812 2829/2985/2811
f 2832/2988/2814 2833/2989/2815 2830/2986/2812
f 2828/2984/2810 2833/2989/2815 2832/2988/2814
f 2826/2982/2808 2833/2989/2815 2828/2984/2810
f 2826/2982/2808 2834/2990/2816 2833/2989/2815
f 2822/2978/2804 2834/2990/2816 2826/2982/2808
f 2822/2978/2804 2835/2991/2817 2834/2990/2816
f 2824/2980/2806 2835/2991/2817 2822/2978/2804
f 2824/2980/2806 2836/2992/2818 2835/2991/2817
f 2837/2993/2819 2838/2994/2820 2839/2995/2821
f 2840/2996/2822 2838/2994/2820 2837/2993/2819
f 2840/2996/2822 2841/2997/2823 2838/2994/2820
f 2842/2998/2824 2841/2997/2823 2840/2996/2822
f 2842/2998/2824 2843/2999/2825 2841/2997/2823
f 2831/2987/2813 2843/2999/2825 2842/2998/2824
f 2831/2987/2813 2844/3000/2826 2843/2999/2825
f 2830/2986/2812 2844/3000/2826 2831/2987/2813
f 2830/2986/2812 2845/3001/2827 2844/3000/2826
f 2833/2989/2815 2845/3001/2827 2830/2986/2812
f 2833/2989/2815 2834/2990/2816 2845/3001/2827
f 2846/3002/2828 2839/2995/2821 2847/3003/2829
f 2846/3002/2828 2837/2993/2819 2839/2995/2821
f 2848/3004/2830 2837/2993/2819 2846/3002/2828
f 2849/3005/2831 2837/2993/2819 2848/3004/2830
f 2849/3005/2831 2840/2996/2822 2837/2993/2819
f 2850/3006/2832 2840/2996/2822 2849/3005/2831
f 2850/3006/2832 2842/2998/2824 2840/2996/2822
f 2851/3007/2833 2842/2998/2824 2850/3006/2832
f 2851/3007/2833 2831/2987/2813 2842/2998/2824
f 2829/2985/2811 2831/2987/2813 2851/3007/2833
f 2852/3008/2834 2853/3009/2835 2854/3010/2836
f 2852/3008/2834 2855/3011/2837 2853/3009/2835
f 2852/3008/2834 2856/3012/2838 2855/3011/2837
f 2857/3013/2839 2856/3012/2838 2852/3008/2834
f 2858/3014/2840 2856/3012/2838 2857/3013/2839
f 2858/3014/2840 2859/3015/2841 2856/3012/2838
f 2860/3016/2842 2859/3015/2841 2858/3014/2840
f 2860/3016/2842 2861/3017/2843 2859/3015/2841
f 2862/3018/2844 2863/3019/2845 2864/3020/2846
f 2865/3021/2847 2863/3019/2845 2862/3018/2844
f 2865/3021/2847 2866/3022/2848 2863/3019/2845
f 2867/3023/2849 2866/3022/2848 2865/3021/2847
f 2868/3024/2850 2866/3022/2848 2867/3023/2849
f 2868/3024/2850 2869/3025/2851 2866/3022/2848
f 2870/3026/2852 2869/3025/2851 2868/3024/2850
f 2870/3026/2852 2871/3027/2853 2869/3025/2851
f 2854/3010/2836 2871/3027/2853 2870/3026/2852
f 2854/3010/2836 2853/3009/2835 2871/3027/2853
f 2872/3028/2854 2873/3029/2855 2861/3017/2856
f 2874/3030/2857 2873/3029/2855 2872/3028/2854
f 2874/3030/2857 2875/3031/2858 2873/3029/2855
f 2876/3032/2859 2875/3031/2858 2874/3030/2857
f 2877/3033/2860 2875/3031/2858 2876/3032/2859
f 2877/3033/2860 2878/3034/2861 2875/3031/2858
f 2877/3033/2860 2879/3035/2862 2878/3034/2861
f 2880/3036/2863 2879/3035/2862 2877/3033/2860
f 2880/3036/2863 2864/3020/2846 2879/3035/2862
f 2862/3018/2844 2864/3020/2846 2880/3036/2863
f 2574/2724/2556 2576/3037/2558 2577/3038/2559
f 2575/3039/2557 2576/3037/2558 2574/2724/2556
f 2881/3040/2864 2882/3041/2865 2883/3042/2866
f 2884/3043/2867 2885/3044/2868 2882/3041/2865
f 2886/3045/2869 2885/3044/2868 2884/3043/2867
f 2588/2723/2570 2885/3044/2868 2886/3045/2869
f 2581/2716/2563 2885/3044/2868 2588/2723/2570
f 2581/2716/2563 2882/3041/2865 2885/3044/2868
f 2887/3046/2870 2882/3041/2865 2581/2716/2563
f 2887/3046/2870 2883/3042/2866 2882/3041/2865
f 2581/2716/2563 2883/3042/2866 2887/3046/2870
f 2888/3047/2871 2883/3042/2866 2581/2716/2563
f 2888/3047/2871 2881/3040/2864 2883/3042/2866
f 2889/3048/2872 2881/3040/2864 2888/3047/2871
f 2890/3049/2873 2881/3040/2864 2889/3048/2872
f 2891/3050/2874 2881/3040/2864 2890/3049/2873
f 2892/3051/2875 2889/3048/2872 2888/3047/2871
f 2893/3052/2876 2889/3048/2872 2892/3051/2875
f 2893/3052/2876 2890/3049/2873 2889/3048/2872
f 2886/3045/2869 2890/3049/2873 2893/3052/2876
f 2884/3043/2867 2890/3049/2873 2886/3045/2869
f 2884/3043/2867 2891/3050/2874 2890/3049/2873
f 2894/3053/2877 2891/3050/2874 2884/3043/2867
f 2894/3053/2877 2881/3040/2864 2891/3050/2874
f 2894/3053/2877 2882/3041/2865 2881/3040/2864
f 2884/3043/2867 2882/3041/2865 2894/3053/2877
f 2895/3054/2878 2896/3055/2879 2897/3056/2880
f 2895/3054/2878 2898/3057/2881 2896/3055/2879
f 2895/3054/2878 2899/3058/2882 2898/3057/2881
f 2895/3054/2878 2900/3059/2883 2899/3058/2882
f 2895/3054/2878 2901/3060/2884 2900/3059/2883
f 2902/3061/2885 2901/3060/2884 2895/3054/2878
f 2895/3054/2878 2903/3062/2886 2902/3061/2885
f 2895/3054/2878 2904/3063/2887 2903/3062/2886
f 2895/3054/2878 2905/3064/2888 2904/3063/2887
f 2895/3054/2878 2906/3065/2889 2905/3064/2888
f 2895/3054/2878 2907/3066/2890 2906/3065/2889
f 2895/3054/2878 2908/3067/2891 2907/3066/2890
f 2895/3054/2878 2909/3068/2892 2908/3067/2891
f 2895/3054/2878 2910/3069/2893 2909/3068/2892
f 2895/3054/2878 2911/3070/2894 2910/3069/2893
f 2895/3054/2878 2897/3056/2880 2911/3070/2894
f 2812/3071/2794 2912/3072/2895 2913/3073/2896
f 2813/3074/2795 2912/3072/2895 2812/3071/2794
f 2914/3075/2897 2915/3076/2898 2916/3077/2899
f 2917/3078/2900 2915/3076/2898 2914/3075/2897
f 2918/3079/2901 2919/3080/2902 2920/3081/2903
f 2921/3082/2904 2919/3080/2902 2918/3079/2901
f 2922/3083/2905 2923/3084/2906 2924/3085/2907
f 2925/3086/2908 2923/3084/2906 2922/3083/2905
f 2918/3079/2901 2923/3084/2906 2925/3086/2908
f 2918/3079/2901 2920/3081/2903 2923/3084/2906
f 2605/2744/2587 2609/2748/2591 2607/2746/2589
f 2605/2744/2587 2926/3087/2909 2609/2748/2591
f 2603/2742/2585 2926/3087/2909 2605/2744/2587
f 2603/2742/2585 2927/3088/2910 2926/3087/2909
f 2610/2749/2592 2927/3088/2910 2603/2742/2585
f 2614/2753/2596 2927/3088/2910 2610/2749/2592
f 2613/2752/2595 2927/3088/2910 2614/2753/2596
f 2613/2752/2595 2926/3087/2909 2927/3088/2910
f 2613/2752/2595 2609/2748/2591 2926/3087/2909
f 2616/2755/2598 2609/2748/2591 2613/2752/2595
f 2666/2805/2648 2673/2812/2655 2670/2809/2652
f 2666/2805/2648 2601/2740/2583 2673/2812/2655
f 2668/2807/2650 2601/2740/2583 2666/2805/2648
f 2668/2807/2650 2611/2750/2593 2601/2740/2583
f 2928/3089/2911 2611/2750/2593 2668/2807/2650
f 2928/3089/2911 2610/2749/2592 2611/2750/2593
f 2929/3090/2912 2610/2749/2592 2928/3089/2911
f 2929/3090/2912 2614/2753/2596 2610/2749/2592
f 2930/3091/2913 2614/2753/2596 2929/3090/2912
f 2612/2751/2594 2614/2753/2596 2930/3091/2913
f 2789/2940/2771 2667/2806/2649 2680/2819/2662
f 2789/2940/2771 2668/2807/2650 2667/2806/2649
f 2785/2936/2767 2668/2807/2650 2789/2940/2771
f 2785/2936/2767 2928/3089/2911 2668/2807/2650
f 2787/2938/2769 2928/3089/2911 2785/2936/2767
f 2787/2938/2769 2929/3090/2912 2928/3089/2911
f 2795/2946/2777 2929/3090/2912 2787/2938/2769
f 2795/2946/2777 2930/3091/2913 2929/3090/2912
f 2931/3092/2914 2932/3093/2915 2933/3094/2916
f 2931/3092/2914 2934/3095/2917 2932/3093/2915
f 2935/3096/2918 2934/3095/2917 2931/3092/2914
f 2935/3096/2918 2936/3097/2919 2934/3095/2917
f 2935/3096/2918 2937/3098/2920 2936/3097/2919
f 2938/3099/2921 2937/3098/2920 2935/3096/2918
f 2939/3100/2922 2937/3098/2920 2938/3099/2921
f 2939/3100/2922 2940/3101/2923 2937/3098/2920
f 2941/3102/2924 2940/3101/2923 2939/3100/2922
f 2941/3102/2924 2942/3103/2925 2940/3101/2923
f 2941/3102/2924 2943/3104/2926 2942/3103/2925
f 2944/3105/2927 2943/3104/2926 2941/3102/2924
f 2945/3106/2928 2943/3104/2926 2944/3105/2927
f 2945/3106/2928 2946/3107/2929 2943/3104/2926
f 2945/3106/2928 2947/3108/2930 2946/3107/2929
f 2948/3109/2931 2947/3108/2930 2945/3106/2928
f 2948/3109/2931 2914/3110/2897 2947/3108/2930
f 2917/3111/2900 2914/3110/2897 2948/3109/2931
f 2949/3112/2932 2950/3113/2933 2951/3114/2934
f 2949/3112/2932 2952/3115/2935 2950/3113/2933
f 2949/3112/2932 2953/3116/2936 2952/3115/2935
f 2954/3117/2937 2953/3116/2936 2949/3112/2932
f 2955/3118/2938 2953/3116/2936 2954/3117/2937
f 2955/3118/2938 2956/3119/2939 2953/3116/2936
f 2913/3120/2896 2956/3119/2939 2955/3118/2938
f 2913/3120/2896 2912/3121/2895 2956/3119/2939
f 2957/3122/2940 2958/3123/2941 2804/2955/2786
f 2957/3122/2940 2959/3124/2942 2958/3123/2941
f 2960/3125/2943 2959/3124/2942 2957/3122/2940
f 2960/3125/2943 2961/3126/2944 2959/3124/2942
f 2962/3127/2945 2961/3126/2944 2960/3125/2943
f 2962/3127/2945 2963/3128/2946 2961/3126/2944
f 2962/3127/2945 2964/3129/2947 2963/3128/2946
f 2965/3130/2948 2964/3129/2947 2962/3127/2945
f 2965/3130/2948 2950/3113/2933 2964/3129/2947
f 2951/3114/2934 2950/3113/2933 2965/3130/2948
f 2966/3131/2949 2967/3132/2950 2968/3133/2951
f 2969/3134/2952 2967/3132/2950 2966/3131/2949
f 2969/3134/2952 2915/3135/2898 2967/3132/2950
f 2916/3136/2899 2915/3135/2898 2969/3134/2952
f 2502/2635/2953 2922/3137/2905 2924/3138/2907
f 2970/3139/2954 2922/3137/2905 2502/2635/2953
f 2502/2635/2953 2971/3140/2955 2503/2636/2956
f 2972/3141/2957 2836/2992/2818 2824/2980/2806
f 2972/3141/2957 2973/3142/2958 2836/2992/2818
f 2974/3143/2959 2973/3142/2958 2972/3141/2957
f 2974/3143/2959 2975/3144/2960 2973/3142/2958
f 2976/3145/2961 2975/3144/2960 2974/3143/2959
f 2976/3145/2961 2977/3146/2962 2975/3144/2960
f 2978/3147/2963 2977/3146/2962 2976/3145/2961
f 2978/3147/2963 2979/3148/2964 2977/3146/2962
f 2980/3149/2965 2979/3148/2964 2978/3147/2963
f 2980/3149/2965 2981/3150/2966 2979/3148/2964
f 2978/3147/2963 2982/3151/2967 2980/3149/2965
f 2978/3147/2963 2983/3152/2968 2982/3151/2967
f 2976/3145/2961 2983/3152/2968 2978/3147/2963
f 2976/3145/2961 2984/3153/2969 2983/3152/2968
f 2974/3143/2959 2984/3153/2969 2976/3145/2961
f 2974/3143/2959 2985/3154/2970 2984/3153/2969
f 2972/3141/2957 2985/3154/2970 2974/3143/2959
f 2972/3141/2957 2986/3155/2971 2985/3154/2970
f 2824/2980/2806 2986/3155/2971 2972/3141/2957
f 2824/2980/2806 2823/2979/2805 2986/3155/2971
f 2502/2635/2484 2970/3139/2972 2503/2636/2485
f 2987/3156/2973 2988/3157/2974 2989/3158/2975
f 2987/3156/2973 2990/3159/2976 2988/3157/2974
f 2991/3160/2977 2990/3159/2976 2987/3156/2973
f 2991/3160/2977 2992/3161/2978 2990/3159/2976
f 2991/3160/2977 2993/3162/2979 2992/3161/2978
f 2994/3163/2980 2993/3162/2979 2991/3160/2977
f 2994/3163/2980 2995/3164/2981 2993/3162/2979
f 2996/3165/2982 2995/3164/2981 2994/3163/2980
f 2997/3166/2983 2995/3164/2981 2996/3165/2982
f 2997/3166/2983 2998/3167/2984 2995/3164/2981
f 2999/3168/2985 2998/3167/2984 2997/3166/2983
f 3000/3169/2986 2995/3164/2981 2998/3167/2984
f 3001/3170/2987 2995/3164/2981 3000/3169/2986
f 3002/3171/2988 2995/3164/2981 3001/3170/2987
f 3002/3171/2988 2993/3162/2979 2995/3164/2981
f 3003/3172/2989 2993/3162/2979 3002/3171/2988
f 3003/3172/2989 2992/3161/2978 2993/3162/2979
f 3004/3173/2990 2992/3161/2978 3003/3172/2989
f 3004/3173/2990 2990/3159/2976 2992/3161/2978
f 3005/3174/2991 2990/3159/2976 3004/3173/2990
f 3005/3174/2991 2988/3157/2974 2990/3159/2976
f 3006/3175/2992 3007/3176/2993 3008/3177/2994
f 3009/3178/2995 3007/3176/2993 3006/3175/2992
f 3009/3178/2995 3010/3179/2996 3007/3176/2993
f 3005/3174/2991 3010/3179/2996 3009/3178/2995
f 3005/3174/2991 3011/3180/2997 3010/3179/2996
f 3004/3173/2990 3011/3180/2997 3005/3174/2991
f 3004/3173/2990 3012/3181/2998 3011/3180/2997
f 3003/3172/2989 3012/3181/2998 3004/3173/2990
f 3003/3172/2989 3013/3182/2999 3012/3181/2998
f 3002/3171/2988 3013/3182/2999 3003/3172/2989
f 3006/3175/2992 3008/3177/2994 3014/3183/3000
f 3009/3178/2995 2988/3157/2974 3005/3174/2991
f 3009/3178/2995 3015/3184/3001 2988/3157/2974
f 3006/3175/2992 3015/3184/3001 3009/3178/2995
f 3006/3175/2992 3016/3185/3002 3015/3184/3001
f 3014/3183/3000 3016/3185/3002 3006/3175/2992
f 3017/3186/3003 3016/3185/3002 3014/3183/3000
f 3018/3187/3004 3016/3185/3002 3017/3186/3003
f 3018/3187/3004 3015/3184/3001 3016/3185/3002
f 2989/3158/2975 3015/3184/3001 3018/3187/3004
f 2989/3158/2975 2988/3157/2974 3015/3184/3001
f 3019/3188/3005 3020/3189/3006 3021/3190/3007
f 3019/3188/3005 3022/3191/3008 3020/3189/3006
f 3023/3192/3009 3022/3191/3008 3019/3188/3005
f 3023/3192/3009 3024/3193/3010 3022/3191/3008
f 3025/3194/3011 3024/3193/3010 3023/3192/3009
f 3025/3194/3011 2999/3168/2985 3024/3193/3010
f 3026/3195/3012 2999/3168/2985 3025/3194/3011
f 3026/3195/3012 2998/3167/2984 2999/3168/2985
f 3027/3196/3013 2998/3167/2984 3026/3195/3012
f 3000/3169/2986 2998/3167/2984 3027/3196/3013
f 3026/3195/3012 3028/3197/3014 3027/3196/3013
f 3025/3194/3011 3028/3197/3014 3026/3195/3012
f 3025/3194/3011 3029/3198/3015 3028/3197/3014
f 3023/3192/3009 3029/3198/3015 3025/3194/3011
f 3023/3192/3009 3030/3199/3016 3029/3198/3015
f 3019/3188/3005 3030/3199/3016 3023/3192/3009
f 3019/3188/3005 3031/3200/3017 3030/3199/3016
f 3021/3190/3007 3031/3200/3017 3019/3188/3005
f 3029/3198/3015 3032/3201/3018 3028/3197/3014
f 3029/3198/3015 3033/3202/3019 3032/3201/3018
f 3030/3199/3016 3033/3202/3019 3029/3198/3015
f 3030/3199/3016 3034/3203/3020 3033/3202/3019
f 3031/3200/3017 3034/3203/3020 3030/3199/3016
f 3031/3200/3017 3035/3204/3021 3034/3203/3020
f 3031/3200/3017 3036/3205/3022 3035/3204/3021
f 3021/3190/3007 3036/3205/3022 3031/3200/3017
f 3021/3190/3007 3037/3206/3023 3036/3205/3022
f 3021/3190/3007 3020/3189/3006 3037/3206/3023
f 3002/3171/2988 3038/3207/3024 3013/3182/2999
f 3001/3170/2987 3038/3207/3024 3002/3171/2988
f 3001/3170/2987 3039/3208/3025 3038/3207/3024
f 3001/3170/2987 3040/3209/3026 3039/3208/3025
f 3000/3169/2986 3040/3209/3026 3001/3170/2987
f 3000/3169/2986 3041/3210/3027 3040/3209/3026
f 3027/3196/3013 3041/3210/3027 3000/3169/2986
f 3027/3196/3013 3042/3211/3028 3041/3210/3027
f 3028/3197/3014 3042/3211/3028 3027/3196/3013
f 3028/3197/3014 3032/3201/3018 3042/3211/3028
f 2921/3212/2904 3043/3213/3029 2919/3214/2902
f 3044/3215/3030 3043/3213/3029 2921/3212/2904
f 3045/3216/3031 3043/3213/3029 3044/3215/3030
f 3045/3216/3031 3046/3217/3032 3043/3213/3029
f 3045/3216/3031 3047/3218/3033 3046/3217/3032
f 3048/3219/3034 3047/3218/3033 3045/3216/3031
f 3048/3219/3034 3049/3220/3035 3047/3218/3033
f 3050/3221/3036 3049/3220/3035 3048/3219/3034
f 3051/3222/3037 3049/3220/3035 3050/3221/3036
f 3051/3222/3037 3052/3223/3038 3049/3220/3035
f 3053/3224/3039 3054/3225/3040 3055/3226/3041
f 3056/3227/3042 3054/3225/3040 3053/3224/3039
f 2782/2933/2764 2570/2705/2552 2566/2701/2548
f 2784/2935/2766 2570/2705/2552 2782/2933/2764
f 2784/2935/2766 2568/2703/2550 2570/2705/2552
f 3054/3225/3040 3057/3228/3043 3055/3226/3041
f 3058/3229/3044 3057/3228/3043 3054/3225/3040
f 3059/3230/3045 3057/3228/3043 3058/3229/3044
f 3059/3230/3045 3060/3231/3046 3057/3228/3043
f 2771/2922/2753 2818/3232/2800 2769/2920/2751
f 2816/3233/2798 2818/3232/2800 2771/2922/2753
f 3059/3234/3045 2502/2635/2484 3060/3235/3046
f 2970/3139/2954 2502/2635/2484 3059/3234/3045
f 2577/3038/2559 2591/2727/2573 2574/2724/2556
f 2577/3038/2559 2584/2719/2566 2591/2727/2573
f 2569/3236/2551 2584/2719/2566 2577/3038/2559
f 2585/2720/2567 2888/3047/2871 2581/2716/2563
f 2582/2717/2564 2888/3047/2871 2585/2720/2567
f 2582/2717/2564 2892/3051/2875 2888/3047/2871
f 3061/3237/3047 3062/3238/3048 3063/3239/3049
f 3064/3240/3050 3062/3238/3048 3061/3237/3047
f 3052/3241/3038 3062/3238/3048 3064/3240/3050
f 3052/3241/3038 3051/3242/3037 3062/3238/3048
f 3063/3243/3049 3065/3244/3051 3061/3245/3047
f 3066/3246/3052 3065/3244/3051 3063/3243/3049
f 3067/3247/3053 3065/3244/3051 3066/3246/3052
f 3067/3247/3053 3068/3248/3054 3065/3244/3051
f 3069/3249/3055 3068/3248/3054 3067/3247/3053
f 3069/3249/3055 3070/3250/3056 3068/3248/3054
f 3069/3249/3055 3071/3251/3057 3070/3250/3056
f 3072/3252/3058 3071/3251/3057 3069/3249/3055
f 3056/3253/3042 3071/3251/3057 3072/3252/3058
f 3056/3253/3042 3053/3254/3039 3071/3251/3057
f 3073/3255/3059 3074/3256/3060 3075/3257/3061
f 3075/3257/3061 3076/3258/3062 3077/3259/3063
f 3074/3256/3060 3076/3258/3062 3075/3257/3061
f 3074/3256/3060 3078/3260/3064 3076/3258/3062
f 3079/3261/3065 3078/3260/3064 3074/3256/3060
f 3079/3261/3065 3080/3262/3066 3078/3260/3064
f 3081/3263/3067 3080/3262/3066 3079/3261/3065
f 3081/3263/3067 3082/3264/3068 3080/3262/3066
f 3083/3265/3069 3082/3264/3068 3081/3263/3067
f 3083/3265/3069 3084/3266/3070 3082/3264/3068
f 3085/3267/3071 3084/3266/3070 3083/3265/3069
f 3086/3268/3072 3076/3258/3062 3078/3260/3064
f 3086/3268/3072 3077/3259/3063 3076/3258/3062
f 3086/3268/3072 3087/3269/3073 3077/3259/3063
f 3088/3270/3074 3087/3269/3073 3086/3268/3072
f 3089/3271/3075 3090/3272/3076 3091/3273/3077
f 3089/3271/3075 3092/3274/3078 3090/3272/3076
f 3089/3271/3075 3084/3266/3070 3092/3274/3078
f 3093/3275/3079 3084/3266/3070 3089/3271/3075
f 3094/3276/3080 3084/3266/3070 3093/3275/3079
f 3094/3276/3080 3082/3264/3068 3084/3266/3070
f 3095/3277/3081 3082/3264/3068 3094/3276/3080
f 3095/3277/3081 3080/3262/3066 3082/3264/3068
f 3096/3278/3082 3080/3262/3066 3095/3277/3081
f 3096/3278/3082 3078/3260/3064 3080/3262/3066
f 3096/3278/3082 3095/3277/3081 3097/3279/3083
f 3098/3280/3084 3099/3281/3085 3100/3282/3086
f 3098/3280/3084 3101/3283/3087 3099/3281/3085
f 3102/3284/3088 3101/3283/3087 3098/3280/3084
f 3103/3285/3089 3101/3283/3087 3102/3284/3088
f 3103/3285/3089 3104/3286/3090 3101/3283/3087
f 3096/3278/3082 3104/3286/3090 3103/3285/3089
f 3096/3278/3082 3105/3287/3091 3104/3286/3090
f 3097/3279/3083 3105/3287/3091 3096/3278/3082
f 3097/3279/3083 3106/3288/3092 3105/3287/3091
f 3095/3277/3081 3106/3288/3092 3097/3279/3083
f 3095/3277/3081 3107/3289/3093 3106/3288/3092
f 3094/3276/3080 3107/3289/3093 3095/3277/3081
f 3101/3283/3087 3108/3290/3094 3099/3281/3085
f 3104/3286/3090 3108/3290/3094 3101/3283/3087
f 3104/3286/3090 3105/3287/3091 3108/3290/3094
f 3099/3281/3085 3109/3291/3095 3085/3267/3071
f 3108/3290/3094 3109/3291/3095 3099/3281/3085
f 3108/3290/3094 3110/3292/3096 3109/3291/3095
f 3105/3287/3091 3110/3292/3096 3108/3290/3094
f 3105/3287/3091 3111/3293/3097 3110/3292/3096
f 3106/3288/3092 3111/3293/3097 3105/3287/3091
f 3112/3294/3098 3111/3293/3097 3106/3288/3092
f 3112/3294/3098 3113/3295/3099 3111/3293/3097
f 3114/3296/3100 3113/3295/3099 3112/3294/3098
f 3113/3295/3099 3110/3292/3096 3111/3293/3097
f 3085/3267/3071 3092/3274/3078 3084/3266/3070
f 3109/3291/3095 3092/3274/3078 3085/3267/3071
f 3109/3291/3095 3090/3272/3076 3092/3274/3078
f 3110/3292/3096 3090/3272/3076 3109/3291/3095
f 3110/3292/3096 3115/3297/3101 3090/3272/3076
f 3113/3295/3099 3115/3297/3101 3110/3292/3096
f 3113/3295/3099 3116/3298/3102 3115/3297/3101
f 3114/3296/3100 3116/3298/3102 3113/3295/3099
f 3114/3296/3100 3117/3299/3103 3116/3298/3102
f 3112/3294/3098 3117/3299/3103 3114/3296/3100
f 3115/3297/3101 3091/3273/3077 3090/3272/3076
f 3115/3297/3101 3116/3298/3102 3091/3273/3077
f 3118/3300/3104 3117/3299/3103 3119/3301/3105
f 3118/3300/3104 3120/3302/3106 3117/3299/3103
f 3121/3303/3107 3120/3302/3106 3118/3300/3104
f 3121/3303/3107 3122/3304/3108 3120/3302/3106
f 3123/3305/3109 3122/3304/3108 3121/3303/3107
f 3091/3273/3077 3122/3304/3108 3123/3305/3109
f 3091/3273/3077 3124/3306/3110 3122/3304/3108
f 3116/3298/3102 3124/3306/3110 3091/3273/3077
f 3117/3299/3103 3124/3306/3110 3116/3298/3102
f 3117/3299/3103 3122/3304/3108 3124/3306/3110
f 3120/3302/3106 3122/3304/3108 3117/3299/3103
f 3112/3294/3098 3119/3301/3105 3117/3299/3103
f 3106/3288/3092 3119/3301/3105 3112/3294/3098
f 3106/3288/3092 3118/3300/3104 3119/3301/3105
f 3107/3289/3093 3118/3300/3104 3106/3288/3092
f 3107/3289/3093 3121/3303/3107 3118/3300/3104
f 3094/3276/3080 3121/3303/3107 3107/3289/3093
f 3094/3276/3080 3123/3305/3109 3121/3303/3107
f 3093/3275/3079 3123/3305/3109 3094/3276/3080
f 3093/3275/3079 3091/3273/3077 3123/3305/3109
f 3089/3271/3075 3091/3273/3077 3093/3275/3079
f 3125/3307/3111 3126/3308/3112 3127/3309/3113
f 3125/3307/3111 3128/3310/3114 3126/3308/3112
f 3129/3311/3115 3130/3312/3116 3131/3313/3117
f 3128/3310/3114 3130/3312/3116 3129/3311/3115
f 3128/3310/3114 3132/3314/3118 3130/3312/3116
f 3125/3307/3111 3132/3314/3118 3128/3310/3114
f 3125/3307/3111 3133/3315/3119 3132/3314/3118
f 3127/3309/3113 3133/3315/3119 3125/3307/3111
f 3127/3309/3113 3134/3316/3120 3133/3315/3119
f 3135/3317/3121 3127/3309/3113 3126/3308/3112
f 3136/3318/3122 3127/3309/3113 3135/3317/3121
f 3136/3318/3122 3134/3316/3120 3127/3309/3113
f 3137/3319/3123 3134/3316/3120 3136/3318/3122
f 3138/3320/3124 3134/3316/3120 3137/3319/3123
f 3139/3321/3125 3134/3316/3120 3138/3320/3124
f 3139/3321/3125 3133/3315/3119 3134/3316/3120
f 3140/3322/3126 3133/3315/3119 3139/3321/3125
f 3140/3322/3126 3132/3314/3118 3133/3315/3119
f 3141/3323/3127 3132/3314/3118 3140/3322/3126
f 3142/3324/3128 3136/3318/3122 3143/3325/3129
f 3142/3324/3128 3137/3319/3123 3136/3318/3122
f 3144/3326/3130 3137/3319/3123 3142/3324/3128
f 3144/3326/3130 3138/3320/3124 3137/3319/3123
f 3145/3327/3131 3138/3320/3124 3144/3326/3130
f 3145/3327/3131 3139/3321/3125 3138/3320/3124
f 3146/3328/3132 3139/3321/3125 3145/3327/3131
f 3146/3328/3132 3140/3322/3126 3139/3321/3125
f 3147/3329/3133 3140/3322/3126 3146/3328/3132
f 3147/3329/3133 3141/3323/3127 3140/3322/3126
f 3148/3330/3134 3147/3329/3133 3146/3328/3132
f 3149/3331/3135 3143/3325/3129 3150/3332/3136
f 3151/3333/3137 3143/3325/3129 3149/3331/3135
f 3151/3333/3137 3142/3324/3128 3143/3325/3129
f 3152/3334/3138 3142/3324/3128 3151/3333/3137
f 3152/3334/3138 3144/3326/3130 3142/3324/3128
f 3153/3335/3139 3144/3326/3130 3152/3334/3138
f 3153/3335/3139 3154/3336/3140 3144/3326/3130
f 3148/3330/3134 3154/3336/3140 3153/3335/3139
f 3148/3330/3134 3155/3337/3141 3154/3336/3140
f 3146/3328/3132 3155/3337/3141 3148/3330/3134
f 3145/3327/3131 3155/3337/3141 3146/3328/3132
f 3144/3326/3130 3155/3337/3141 3145/3327/3131
f 3144/3326/3130 3154/3336/3140 3155/3337/3141
f 3156/3338/3142 3157/3339/3143 3158/3340/3144
f 3159/3341/3145 3157/3339/3143 3156/3338/3142
f 3159/3341/3145 3149/3331/3135 3157/3339/3143
f 3159/3341/3145 3151/3333/3137 3149/3331/3135
f 3160/3342/3146 3151/3333/3137 3159/3341/3145
f 3160/3342/3146 3152/3334/3138 3151/3333/3137
f 3160/3342/3146 3153/3335/3139 3152/3334/3138
f 3160/3342/3146 3148/3330/3134 3153/3335/3139
f 3159/3341/3145 3148/3330/3134 3160/3342/3146
f 3159/3341/3145 3147/3329/3133 3148/3330/3134
f 3156/3338/3142 3147/3329/3133 3159/3341/3145
f 3156/3338/3142 3141/3323/3127 3147/3329/3133
f 3156/3338/3142 3161/3343/3147 3141/3323/3127
f 3158/3340/3144 3161/3343/3147 3156/3338/3142
f 3158/3340/3144 3162/3344/3148 3161/3343/3147
f 3158/3340/3144 3163/3345/3149 3162/3344/3148
f 3158/3340/3144 3164/3346/3150 3163/3345/3149
f 3157/3339/3143 3164/3346/3150 3158/3340/3144
f 3157/3339/3143 3165/3347/3151 3164/3346/3150
f 3149/3331/3135 3165/3347/3151 3157/3339/3143
f 3149/3331/3135 3150/3332/3136 3165/3347/3151
f 3161/3343/3147 3166/3348/3152 3141/3323/3127
f 3161/3343/3147 3167/3349/3153 3166/3348/3152
f 3162/3344/3148 3167/3349/3153 3161/3343/3147
f 3166/3348/3152 3167/3349/3153 3168/3350/3154
f 3141/3323/3127 3130/3312/3116 3132/3314/3118
f 3166/3348/3152 3130/3312/3116 3141/3323/3127
f 3166/3348/3152 3131/3313/3117 3130/3312/3116
f 3168/3350/3154 3131/3313/3117 3166/3348/3152
f 3168/3350/3154 3169/3351/3155 3131/3313/3117
f 3168/3350/3154 3170/3352/3156 3169/3351/3155
f 3167/3349/3153 3170/3352/3156 3168/3350/3154
f 3167/3349/3153 3171/3353/3157 3170/3352/3156
f 3162/3344/3148 3171/3353/3157 3167/3349/3153
f 3162/3344/3148 3172/3354/3158 3171/3353/3157
f 3172/3354/3158 3173/3355/3159 3174/3356/3160
f 3175/3357/3161 3176/3358/3162 3177/3359/3163
f 3178/3360/3164 3176/3358/3162 3175/3357/3161
f 3178/3360/3164 3173/3355/3159 3176/3358/3162
f 3178/3360/3164 3174/3356/3160 3173/3355/3159
f 3179/3361/3165 3174/3356/3160 3178/3360/3164
f 3163/3345/3149 3172/3354/3158 3162/3344/3148
f 3163/3345/3149 3173/3355/3159 3172/3354/3158
f 3164/3346/3150 3173/3355/3159 3163/3345/3149
f 3164/3346/3150 3176/3358/3162 3173/3355/3159
f 3165/3347/3151 3176/3358/3162 3164/3346/3150
f 3165/3347/3151 3177/3359/3163 3176/3358/3162
f 3150/3332/3136 3177/3359/3163 3165/3347/3151
f 3150/3332/3136 3135/3317/3121 3177/3359/3163
f 3143/3325/3129 3135/3317/3121 3150/3332/3136
f 3143/3325/3129 3136/3318/3122 3135/3317/3121
f 3180/3362/3166 3131/3313/3117 3169/3351/3155
f 3181/3363/3167 3131/3313/3117 3180/3362/3166
f 3181/3363/3167 3129/3311/3115 3131/3313/3117
f 3179/3361/3165 3129/3311/3115 3181/3363/3167
f 3178/3360/3164 3129/3311/3115 3179/3361/3165
f 3178/3360/3164 3128/3310/3114 3129/3311/3115
f 3175/3357/3161 3128/3310/3114 3178/3360/3164
f 3175/3357/3161 3126/3308/3112 3128/3310/3114
f 3177/3359/3163 3126/3308/3112 3175/3357/3161
f 3135/3317/3121 3126/3308/3112 3177/3359/3163
f 3182/3364/3168 3183/3365/3169 3184/3366/3170
f 3185/3367/3171 3183/3365/3169 3182/3364/3168
f 3185/3367/3171 3186/3368/3172 3183/3365/3169
f 3187/3369/3173 3184/3366/3170 3188/3370/3174
f 3187/3369/3173 3182/3364/3168 3184/3366/3170
f 3189/3371/3175 3182/3364/3168 3187/3369/3173
f 3190/3372/3176 3182/3364/3168 3189/3371/3175
f 3190/3372/3176 3185/3367/3171 3182/3364/3168
f 3191/3373/3177 3185/3367/3171 3190/3372/3176
f 3192/3374/3178 3185/3367/3171 3191/3373/3177
f 3192/3374/3178 3186/3368/3172 3185/3367/3171
f 3193/3375/3179 3186/3368/3172 3192/3374/3178
f 3194/3376/3180 3190/3372/3176 3189/3371/3175
f 3195/3377/3181 3190/3372/3176 3194/3376/3180
f 3195/3377/3181 3191/3373/3177 3190/3372/3176
f 3196/3378/3182 3189/3371/3175 3197/3379/3183
f 3196/3378/3182 3194/3376/3180 3189/3371/3175
f 3198/3380/3184 3194/3376/3180 3196/3378/3182
f 3198/3380/3184 3195/3377/3181 3194/3376/3180
f 3199/3381/3185 3195/3377/3181 3198/3380/3184
f 3200/3382/3186 3195/3377/3181 3199/3381/3185
f 3200/3382/3186 3191/3373/3177 3195/3377/3181
f 3201/3383/3187 3191/3373/3177 3200/3382/3186
f 3201/3383/3187 3192/3374/3178 3191/3373/3177
f 3202/3384/3188 3192/3374/3178 3201/3383/3187
f 3203/3385/3189 3198/3380/3184 3196/3378/3182
f 3203/3385/3189 3204/3386/3190 3198/3380/3184
f 3198/3380/3184 3205/3387/3191 3199/3381/3185
f 3204/3386/3190 3205/3387/3191 3198/3380/3184
f 3204/3386/3190 3206/3388/3192 3205/3387/3191
f 3207/3389/3193 3208/3390/3194 3209/3391/3195
f 3202/3384/3188 3208/3390/3194 3207/3389/3193
f 3202/3384/3188 3210/3392/3196 3208/3390/3194
f 3201/3383/3187 3210/3392/3196 3202/3384/3188
f 3201/3383/3187 3211/3393/3197 3210/3392/3196
f 3200/3382/3186 3211/3393/3197 3201/3383/3187
f 3200/3382/3186 3212/3394/3198 3211/3393/3197
f 3199/3381/3185 3212/3394/3198 3200/3382/3186
f 3199/3381/3185 3213/3395/3199 3212/3394/3198
f 3205/3387/3191 3213/3395/3199 3199/3381/3185
f 3214/3396/3200 3215/3397/3201 3211/3393/3197
f 3216/3398/3202 3215/3397/3201 3214/3396/3200
f 3216/3398/3202 3217/3399/3203 3215/3397/3201
f 3209/3391/3195 3217/3399/3203 3216/3398/3202
f 3209/3391/3195 3218/3400/3204 3217/3399/3203
f 3208/3390/3194 3218/3400/3204 3209/3391/3195
f 3210/3392/3196 3218/3400/3204 3208/3390/3194
f 3210/3392/3196 3217/3399/3203 3218/3400/3204
f 3210/3392/3196 3215/3397/3201 3217/3399/3203
f 3211/3393/3197 3215/3397/3201 3210/3392/3196
f 3219/3401/3205 3220/3402/3206 3221/3403/3207
f 3222/3404/3208 3220/3402/3206 3219/3401/3205
f 3222/3404/3208 3223/3405/3209 3220/3402/3206
f 3224/3406/3210 3223/3405/3209 3222/3404/3208
f 3224/3406/3210 3214/3396/3200 3223/3405/3209
f 3225/3407/3211 3214/3396/3200 3224/3406/3210
f 3225/3407/3211 3216/3398/3202 3214/3396/3200
f 3225/3407/3211 3209/3391/3195 3216/3398/3202
f 3225/3407/3211 3226/3408/3212 3209/3391/3195
f 3225/3407/3211 3227/3409/3213 3226/3408/3212
f 3224/3406/3210 3227/3409/3213 3225/3407/3211
f 3224/3406/3210 3228/3410/3214 3227/3409/3213
f 3222/3404/3208 3228/3410/3214 3224/3406/3210
f 3222/3404/3208 3219/3401/3205 3228/3410/3214
f 3229/3411/3215 3219/3401/3205 3221/3403/3207
f 3230/3412/3216 3219/3401/3205 3229/3411/3215
f 3230/3412/3216 3228/3410/3214 3219/3401/3205
f 3231/3413/3217 3228/3410/3214 3230/3412/3216
f 3231/3413/3217 3227/3409/3213 3228/3410/3214
f 3232/3414/3218 3227/3409/3213 3231/3413/3217
f 3232/3414/3218 3226/3408/3212 3227/3409/3213
f 3233/3415/3219 3226/3408/3212 3232/3414/3218
f 3233/3415/3219 3209/3391/3195 3226/3408/3212
f 3207/3389/3193 3209/3391/3195 3233/3415/3219
f 3202/3384/3188 3193/3375/3179 3192/3374/3178
f 3207/3389/3193 3193/3375/3179 3202/3384/3188
f 3233/3415/3219 3193/3375/3179 3207/3389/3193
f 3232/3414/3218 3193/3375/3179 3233/3415/3219
f 3232/3414/3218 3186/3368/3172 3193/3375/3179
f 3231/3413/3217 3186/3368/3172 3232/3414/3218
f 3231/3413/3217 3183/3365/3169 3186/3368/3172
f 3230/3412/3216 3183/3365/3169 3231/3413/3217
f 3230/3412/3216 3184/3366/3170 3183/3365/3169
f 3229/3411/3215 3184/3366/3170 3230/3412/3216
f 3229/3411/3215 3188/3370/3174 3184/3366/3170
f 3229/3411/3215 3234/3416/3220 3188/3370/3174
f 3221/3403/3207 3234/3416/3220 3229/3411/3215
f 3221/3403/3207 3235/3417/3221 3234/3416/3220
f 3221/3403/3207 3213/3395/3199 3235/3417/3221
f 3220/3402/3206 3213/3395/3199 3221/3403/3207
f 3220/3402/3206 3212/3394/3198 3213/3395/3199
f 3223/3405/3209 3212/3394/3198 3220/3402/3206
f 3223/3405/3209 3211/3393/3197 3212/3394/3198
f 3214/3396/3200 3211/3393/3197 3223/3405/3209
f 3205/3387/3191 3235/3417/3221 3213/3395/3199
f 3206/3388/3192 3235/3417/3221 3205/3387/3191
f 3206/3388/3192 3234/3416/3220 3235/3417/3221
f 3236/3418/3222 3234/3416/3220 3206/3388/3192
f 3236/3418/3222 3188/3370/3174 3234/3416/3220
f 3237/3419/3223 3188/3370/3174 3236/3418/3222
f 3238/3420/3224 3188/3370/3174 3237/3419/3223
f 3238/3420/3224 3187/3369/3173 3188/3370/3174
f 3197/3379/3183 3187/3369/3173 3238/3420/3224
f 3197/3379/3183 3189/3371/3175 3187/3369/3173
f 3239/3421/3225 3240/3422/3226 3241/3423/3227
f 3239/3421/3225 3242/3424/3228 3240/3422/3226
f 3243/3425/3229 3240/3422/3226 3242/3424/3228
f 3244/3426/3230 3240/3422/3226 3243/3425/3229
f 3245/3427/3231 3240/3422/3226 3244/3426/3230
f 3245/3427/3231 3241/3423/3227 3240/3422/3226
f 3246/3428/3232 3241/3423/3227 3245/3427/3231
f 3247/3429/3233 3248/3430/3234 3249/3431/3235
f 3247/3429/3233 3250/3432/3236 3248/3430/3234
f 3251/3433/3237 3250/3432/3236 3247/3429/3233
f 3251/3433/3237 3252/3434/3238 3250/3432/3236
f 3242/3424/3228 3252/3434/3238 3251/3433/3237
f 3242/3424/3228 3253/3435/3239 3252/3434/3238
f 3239/3421/3225 3253/3435/3239 3242/3424/3228
f 3239/3421/3225 3254/3436/3240 3253/3435/3239
f 3241/3423/3227 3254/3436/3240 3239/3421/3225
f 3241/3423/3227 3255/3437/3241 3254/3436/3240
f 3254/3436/3240 3255/3437/3241 3256/3438/3242
f 3252/3434/3238 3257/3439/3243 3258/3440/3244
f 3252/3434/3238 3259/3441/3245 3257/3439/3243
f 3253/3435/3239 3259/3441/3245 3252/3434/3238
f 3253/3435/3239 3260/3442/3246 3259/3441/3245
f 3254/3436/3240 3260/3442/3246 3253/3435/3239
f 3254/3436/3240 3261/3443/3247 3260/3442/3246
f 3256/3438/3242 3261/3443/3247 3254/3436/3240
f 3256/3438/3242 3262/3444/3248 3261/3443/3247
f 3263/3445/3249 3262/3444/3248 3256/3438/3242
f 3263/3445/3249 3264/3446/3250 3262/3444/3248
f 3260/3442/3246 3261/3443/3247 3259/3441/3245
f 3263/3445/3249 3203/3447/3189 3196/3448/3182
f 3246/3428/3232 3255/3437/3241 3241/3423/3227
f 3265/3449/3251 3255/3437/3241 3246/3428/3232
f 3265/3449/3251 3256/3438/3242 3255/3437/3241
f 3266/3450/3252 3256/3438/3242 3265/3449/3251
f 3266/3450/3252 3263/3445/3249 3256/3438/3242
f 3267/3451/3253 3263/3445/3249 3266/3450/3252
f 3267/3451/3253 3203/3447/3189 3263/3445/3249
f 3268/3452/3254 3203/3447/3189 3267/3451/3253
f 3268/3452/3254 3204/3453/3190 3203/3447/3189
f 3266/3450/3252 3268/3452/3254 3267/3451/3253
f 3265/3449/3251 3268/3452/3254 3266/3450/3252
f 3204/3453/3190 3269/3454/3255 3206/3455/3192
f 3204/3453/3190 3270/3456/3256 3269/3454/3255
f 3268/3452/3254 3270/3456/3256 3204/3453/3190
f 3268/3452/3254 3271/3457/3257 3270/3456/3256
f 3265/3449/3251 3271/3457/3257 3268/3452/3254
f 3265/3449/3251 3272/3458/3258 3271/3457/3257
f 3246/3428/3232 3272/3458/3258 3265/3449/3251
f 3246/3428/3232 3273/3459/3259 3272/3458/3258
f 3245/3427/3231 3273/3459/3259 3246/3428/3232
f 3245/3427/3231 3274/3460/3260 3273/3459/3259
f 3275/3461/3261 3276/3462/3262 3277/3463/3263
f 3275/3461/3261 3274/3460/3260 3276/3462/3262
f 3278/3464/3264 3274/3460/3260 3275/3461/3261
f 3278/3464/3264 3273/3459/3259 3274/3460/3260
f 3279/3465/3265 3273/3459/3259 3278/3464/3264
f 3280/3466/3266 3273/3459/3259 3279/3465/3265
f 3280/3466/3266 3272/3458/3258 3273/3459/3259
f 3279/3465/3265 3278/3464/3264 3281/3467/3267
f 3282/3468/3268 3277/3463/3263 3283/3469/3269
f 3284/3470/3270 3277/3463/3263 3282/3468/3268
f 3284/3470/3270 3275/3461/3261 3277/3463/3263
f 3284/3470/3270 3278/3464/3264 3275/3461/3261
f 3285/3471/3271 3284/3470/3270 3282/3468/3268
f 3286/3472/3272 3284/3470/3270 3285/3471/3271
f 3286/3472/3272 3278/3464/3264 3284/3470/3270
f 3287/3473/3273 3278/3464/3264 3286/3472/3272
f 3287/3473/3273 3281/3467/3267 3278/3464/3264
f 3288/3474/3274 3281/3467/3267 3287/3473/3273
f 3288/3474/3274 3289/3475/3275 3281/3467/3267
f 3236/3476/3222 3289/3475/3275 3288/3474/3274
f 3206/3455/3192 3289/3475/3275 3236/3476/3222
f 3206/3455/3192 3269/3454/3255 3289/3475/3275
f 3290/3477/3276 3291/3478/3277 3292/3479/3278
f 3293/3480/3279 3291/3478/3277 3290/3477/3276
f 3293/3480/3279 3285/3471/3271 3291/3478/3277
f 3294/3481/3280 3285/3471/3271 3293/3480/3279
f 3294/3481/3280 3286/3472/3272 3285/3471/3271
f 3295/3482/3281 3286/3472/3272 3294/3481/3280
f 3295/3482/3281 3287/3473/3273 3286/3472/3272
f 3295/3482/3281 3288/3474/3274 3287/3473/3273
f 3295/3482/3281 3296/3483/3282 3288/3474/3274
f 3297/3484/3283 3296/3483/3282 3295/3482/3281
f 3297/3484/3283 3294/3481/3280 3293/3480/3279
f 3295/3482/3281 3294/3481/3280 3297/3484/3283
f 3298/3485/3284 3299/3486/3285 3300/3487/3286
f 3297/3484/3283 3299/3486/3285 3298/3485/3284
f 3297/3484/3283 3301/3488/3287 3299/3486/3285
f 3293/3480/3279 3301/3488/3287 3297/3484/3283
f 3290/3477/3276 3301/3488/3287 3293/3480/3279
f 3290/3477/3276 3302/3489/3288 3301/3488/3287
f 3290/3477/3276 3303/3490/3289 3302/3489/3288
f 3304/3491/3290 3303/3490/3289 3290/3477/3276
f 3305/3492/3291 3303/3490/3289 3306/3493/3292
f 3305/3492/3291 3302/3489/3288 3303/3490/3289
f 3307/3494/3293 3302/3489/3288 3305/3492/3291
f 3308/3495/3294 3302/3489/3288 3307/3494/3293
f 3308/3495/3294 3301/3488/3287 3302/3489/3288
f 3309/3496/3295 3301/3488/3287 3308/3495/3294
f 3309/3496/3295 3299/3486/3285 3301/3488/3287
f 3077/3497/3063 3299/3486/3285 3309/3496/3295
f 3077/3497/3063 3300/3487/3286 3299/3486/3285
f 3087/3498/3073 3300/3487/3286 3077/3497/3063
f 3087/3498/3073 3088/3499/3074 3300/3487/3286
f 3308/3495/3294 3077/3497/3063 3309/3496/3295
f 3308/3495/3294 3075/3500/3061 3077/3497/3063
f 3307/3494/3293 3075/3500/3061 3308/3495/3294
f 3297/3484/3283 3310/3501/3296 3296/3483/3282
f 3298/3485/3284 3310/3501/3296 3297/3484/3283
f 3298/3485/3284 3311/3502/3297 3310/3501/3296
f 3300/3487/3286 3311/3502/3297 3298/3485/3284
f 3300/3487/3286 3312/3503/3298 3311/3502/3297
f 3088/3499/3074 3312/3503/3298 3300/3487/3286
f 3088/3499/3074 3264/3446/3250 3312/3503/3298
f 3313/3504/3299 3264/3446/3250 3088/3499/3074
f 3314/3505/3300 3264/3446/3250 3313/3504/3299
f 3314/3505/3300 3262/3444/3248 3264/3446/3250
f 3196/3448/3182 3264/3446/3250 3263/3445/3249
f 3196/3448/3182 3312/3503/3298 3264/3446/3250
f 3197/3506/3183 3312/3503/3298 3196/3448/3182
f 3238/3507/3224 3312/3503/3298 3197/3506/3183
f 3238/3507/3224 3311/3502/3297 3312/3503/3298
f 3238/3507/3224 3310/3501/3296 3311/3502/3297
f 3237/3508/3223 3310/3501/3296 3238/3507/3224
f 3237/3508/3223 3296/3483/3282 3310/3501/3296
f 3237/3508/3223 3288/3474/3274 3296/3483/3282
f 3236/3476/3222 3288/3474/3274 3237/3508/3223
f 3315/3509/3301 3316/3510/3302 3317/3511/3303
f 3315/3509/3301 3318/3512/3304 3316/3510/3302
f 3319/3513/3305 3318/3512/3304 3315/3509/3301
f 3320/3514/3306 3315/3509/3301 3321/3515/3307
f 3322/3516/3308 3315/3509/3301 3320/3514/3306
f 3322/3516/3308 3319/3513/3305 3315/3509/3301
f 3323/3517/3309 3319/3513/3305 3322/3516/3308
f 3324/3518/3310 3319/3513/3305 3323/3517/3309
f 3324/3518/3310 3318/3519/3304 3319/3513/3305
f 3325/3520/3311 3318/3519/3304 3324/3518/3310
f 3325/3520/3311 3326/3521/3312 3318/3519/3304
f 3325/3520/3311 3327/3522/3313 3326/3521/3312
f 3328/3523/3314 3327/3522/3313 3325/3520/3311
f 3329/3524/3315 3330/3525/3316 3331/3526/3317
f 3332/3527/3318 3330/3525/3316 3329/3524/3315
f 3333/3528/3319 3330/3525/3316 3332/3527/3318
f 3334/3529/3320 3330/3525/3316 3333/3528/3319
f 3328/3523/3314 3330/3525/3316 3334/3529/3320
f 3328/3523/3314 3335/3530/3321 3330/3525/3316
f 3325/3520/3311 3335/3530/3321 3328/3523/3314
f 3324/3518/3310 3335/3530/3321 3325/3520/3311
f 3324/3518/3310 3336/3531/3322 3335/3530/3321
f 3323/3517/3309 3336/3531/3322 3324/3518/3310
f 3331/3526/3317 3335/3530/3321 3336/3531/3322
f 3330/3525/3316 3335/3530/3321 3331/3526/3317
f 3329/3524/3315 3337/3532/3323 3332/3527/3318
f 3329/3524/3315 3338/3533/3324 3337/3532/3323
f 3331/3526/3317 3338/3533/3324 3329/3524/3315
f 3331/3526/3317 3339/3534/3325 3338/3533/3324
f 3336/3531/3322 3339/3534/3325 3331/3526/3317
f 3336/3531/3322 3340/3535/3326 3339/3534/3325
f 3323/3517/3309 3340/3535/3326 3336/3531/3322
f 3323/3517/3309 3341/3536/3327 3340/3535/3326
f 3322/3516/3308 3341/3536/3327 3323/3517/3309
f 3322/3516/3308 3342/3537/3328 3341/3536/3327
f 3326/3521/3312 3342/3537/3328 3343/3538/3329
f 3327/3522/3313 3342/3537/3328 3326/3521/3312
f 3327/3522/3313 3341/3536/3327 3342/3537/3328
f 3344/3539/3330 3341/3536/3327 3327/3522/3313
f 3344/3539/3330 3340/3535/3326 3341/3536/3327
f 3345/3540/3331 3340/3535/3326 3344/3539/3330
f 3345/3540/3331 3339/3534/3325 3340/3535/3326
f 3346/3541/3332 3339/3534/3325 3345/3540/3331
f 3346/3541/3332 3338/3533/3324 3339/3534/3325
f 3347/3542/3333 3338/3533/3324 3346/3541/3332
f 3328/3523/3314 3344/3539/3330 3327/3522/3313
f 3334/3529/3320 3344/3539/3330 3328/3523/3314
f 3334/3529/3320 3345/3540/3331 3344/3539/3330
f 3333/3528/3319 3345/3540/3331 3334/3529/3320
f 3333/3528/3319 3346/3541/3332 3345/3540/3331
f 3348/3543/3334 3346/3541/3332 3333/3528/3319
f 3348/3543/3334 3347/3542/3333 3346/3541/3332
f 3349/3544/3335 3347/3542/3333 3348/3543/3334
f 3349/3544/3335 3350/3545/3336 3347/3542/3333
f 3351/3546/3337 3350/3545/3336 3349/3544/3335
f 3351/3546/3337 3352/3547/3338 3353/3548/3339
f 3351/3546/3337 3354/3549/3340 3352/3547/3338
f 3349/3544/3335 3354/3549/3340 3351/3546/3337
f 3349/3544/3335 3355/3550/3341 3354/3549/3340
f 3348/3543/3334 3355/3550/3341 3349/3544/3335
f 3348/3543/3334 3356/3551/3342 3355/3550/3341
f 3333/3528/3319 3356/3551/3342 3348/3543/3334
f 3333/3528/3319 3357/3552/3343 3356/3551/3342
f 3332/3527/3318 3357/3552/3343 3333/3528/3319
f 3332/3527/3318 3337/3532/3323 3357/3552/3343
f 3347/3542/3333 3337/3532/3323 3338/3533/3324
f 3350/3545/3336 3337/3532/3323 3347/3542/3333
f 3350/3545/3336 3357/3552/3343 3337/3532/3323
f 3358/3553/3344 3357/3552/3343 3350/3545/3336
f 3358/3553/3344 3356/3551/3342 3357/3552/3343
f 3334/3529/3320 3356/3551/3342 3358/3553/3344
f 3334/3529/3320 3355/3550/3341 3356/3551/3342
f 3359/3554/3345 3355/3550/3341 3334/3529/3320
f 3359/3554/3345 3354/3549/3340 3355/3550/3341
f 3360/3555/3346 3354/3549/3340 3359/3554/3345
f 3359/3554/3345 3361/3556/3347 3360/3555/3346
f 3359/3554/3345 3362/3557/3348 3361/3556/3347
f 3334/3529/3320 3362/3557/3348 3359/3554/3345
f 3358/3553/3344 3362/3557/3348 3334/3529/3320
f 3358/3553/3344 3363/3558/3349 3362/3557/3348
f 3350/3545/3336 3363/3558/3349 3358/3553/3344
f 3362/3557/3348 3364/3559/3350 3361/3556/3347
f 3363/3558/3349 3364/3559/3350 3362/3557/3348
f 3351/3546/3337 3363/3558/3349 3350/3545/3336
f 3353/3548/3339 3363/3558/3349 3351/3546/3337
f 3353/3548/3339 3364/3559/3350 3363/3558/3349
f 3365/3560/3351 3364/3559/3350 3353/3548/3339
f 3365/3560/3351 3361/3556/3347 3364/3559/3350
f 3366/3561/3352 3361/3556/3347 3365/3560/3351
f 3366/3561/3352 3360/3555/3346 3361/3556/3347
f 3367/3562/3353 3360/3555/3346 3366/3561/3352
f 3368/3563/3354 3369/3564/3355 3370/3565/3356
f 3368/3563/3354 3371/3566/3357 3369/3564/3355
f 3367/3562/3353 3371/3566/3357 3368/3563/3354
f 3367/3562/3353 3372/3567/3358 3371/3566/3357
f 3366/3561/3352 3372/3567/3358 3367/3562/3353
f 3366/3561/3352 3373/3568/3359 3372/3567/3358
f 3365/3560/3351 3373/3568/3359 3366/3561/3352
f 3365/3560/3351 3374/3569/3360 3373/3568/3359
f 3353/3548/3339 3374/3569/3360 3365/3560/3351
f 3353/3548/3339 3352/3547/3338 3374/3569/3360
f 3360/3555/3346 3352/3547/3338 3354/3549/3340
f 3367/3562/3353 3352/3547/3338 3360/3555/3346
f 3368/3563/3354 3352/3547/3338 3367/3562/3353
f 3368/3563/3354 3374/3569/3360 3352/3547/3338
f 3370/3565/3356 3374/3569/3360 3368/3563/3354
f 3370/3565/3356 3373/3568/3359 3374/3569/3360
f 3375/3570/3361 3373/3568/3359 3370/3565/3356
f 3375/3570/3361 3376/3571/3362 3373/3568/3359
f 3377/3572/3363 3376/3571/3362 3375/3570/3361
f 3377/3572/3363 3378/3573/3364 3376/3571/3362
f 3376/3571/3362 3372/3567/3358 3373/3568/3359
f 3376/3571/3362 3371/3566/3357 3372/3567/3358
f 3376/3571/3362 3379/3574/3365 3371/3566/3357
f 3378/3573/3364 3379/3574/3365 3376/3571/3362
f 3378/3573/3364 3380/3575/3366 3379/3574/3365
f 3381/3576/3367 3380/3575/3366 3378/3573/3364
f 3381/3576/3367 3382/3577/3368 3380/3575/3366
f 3381/3576/3367 3383/3578/3369 3382/3577/3368
f 3384/3579/3370 3383/3578/3369 3381/3576/3367
f 3384/3579/3370 3385/3580/3371 3383/3578/3369
f 3371/3566/3357 3386/3581/3372 3369/3564/3355
f 3379/3574/3365 3386/3581/3372 3371/3566/3357
f 3380/3575/3366 3386/3581/3372 3379/3574/3365
f 3382/3577/3368 3386/3581/3372 3380/3575/3366
f 3387/3582/3373 3388/3583/3374 3389/3584/3375
f 3387/3582/3373 3385/3580/3371 3388/3583/3374
f 3390/3585/3376 3385/3580/3371 3387/3582/3373
f 3390/3585/3376 3383/3578/3369 3385/3580/3371
f 3391/3586/3377 3383/3578/3369 3390/3585/3376
f 3391/3586/3377 3382/3577/3368 3383/3578/3369
f 3392/3587/3378 3382/3577/3368 3391/3586/3377
f 3392/3587/3378 3386/3581/3372 3382/3577/3368
f 3370/3565/3356 3386/3581/3372 3392/3587/3378
f 3370/3565/3356 3369/3564/3355 3386/3581/3372
f 3388/3583/3374 3393/3588/3379 3389/3584/3375
f 3394/3589/3380 3393/3588/3379 3395/3590/3381
f 3396/3591/3382 3393/3588/3379 3394/3589/3380
f 3396/3591/3382 3389/3584/3375 3393/3588/3379
f 3387/3582/3373 3389/3584/3375 3396/3591/3382
f 3397/3592/3383 3396/3591/3382 3394/3589/3380
f 3398/3593/3384 3396/3591/3382 3397/3592/3383
f 3398/3593/3384 3387/3582/3373 3396/3591/3382
f 3399/3594/3385 3387/3582/3373 3398/3593/3384
f 3399/3594/3385 3390/3585/3376 3387/3582/3373
f 3399/3594/3385 3391/3586/3377 3390/3585/3376
f 3377/3572/3363 3391/3586/3377 3399/3594/3385
f 3375/3570/3361 3391/3586/3377 3377/3572/3363
f 3375/3570/3361 3392/3587/3378 3391/3586/3377
f 3370/3565/3356 3392/3587/3378 3375/3570/3361
f 3399/3594/3385 3400/3595/3386 3377/3572/3363
f 3398/3593/3384 3400/3595/3386 3399/3594/3385
f 3398/3593/3384 3401/3596/3387 3400/3595/3386
f 3397/3592/3383 3401/3596/3387 3398/3593/3384
f 3397/3592/3383 3402/3597/3388 3401/3596/3387
f 3403/3598/3389 3402/3597/3388 3397/3592/3383
f 3403/3598/3389 3404/3599/3390 3402/3597/3388
f 3405/3600/3391 3404/3599/3390 3403/3598/3389
f 3405/3600/3391 3406/3601/3392 3404/3599/3390
f 3407/3602/3393 3406/3601/3392 3405/3600/3391
f 3400/3595/3386 3378/3573/3364 3377/3572/3363
f 3400/3595/3386 3381/3576/3367 3378/3573/3364
f 3401/3596/3387 3381/3576/3367 3400/3595/3386
f 3401/3596/3387 3384/3579/3370 3381/3576/3367
f 3402/3597/3388 3384/3579/3370 3401/3596/3387
f 3402/3597/3388 3385/3580/3371 3384/3579/3370
f 3402/3597/3388 3388/3583/3374 3385/3580/3371
f 3408/3603/3394 3388/3583/3374 3402/3597/3388
f 3408/3603/3394 3393/3588/3379 3388/3583/3374
f 3409/3604/3395 3393/3588/3379 3408/3603/3394
f 3409/3604/3395 3410/3605/3396 3411/3606/3397
f 3408/3603/3394 3410/3605/3396 3409/3604/3395
f 3408/3603/3394 3404/3599/3390 3410/3605/3396
f 3402/3597/3388 3404/3599/3390 3408/3603/3394
f 3412/3607/3398 3413/3608/3399 3414/3609/3400
f 3411/3606/3397 3413/3608/3399 3412/3607/3398
f 3410/3605/3396 3413/3608/3399 3411/3606/3397
f 3410/3605/3396 3406/3601/3392 3413/3608/3399
f 3404/3599/3390 3406/3601/3392 3410/3605/3396
f 3407/3602/3393 3413/3608/3399 3406/3601/3392
f 3415/3610/3401 3413/3608/3399 3407/3602/3393
f 3415/3610/3401 3414/3609/3400 3413/3608/3399
f 3416/3611/3402 3414/3609/3400 3415/3610/3401
f 3417/3612/3403 3414/3609/3400 3416/3611/3402
f 3417/3612/3403 3412/3607/3398 3414/3609/3400
f 3418/3613/3404 3412/3607/3398 3417/3612/3403
f 3418/3613/3404 3411/3606/3397 3412/3607/3398
f 3419/3614/3405 3411/3606/3397 3418/3613/3404
f 3409/3604/3395 3411/3606/3397 3419/3614/3405
f 3409/3604/3395 3395/3590/3381 3393/3588/3379
f 3419/3614/3405 3395/3590/3381 3409/3604/3395
f 3419/3614/3405 3420/3615/3406 3395/3590/3381
f 3418/3613/3404 3420/3615/3406 3419/3614/3405
f 3418/3613/3404 3421/3616/3407 3420/3615/3406
f 3422/3617/3408 3421/3616/3407 3418/3613/3404
f 3422/3617/3408 3423/3618/3409 3421/3616/3407
f 3424/3619/3410 3423/3618/3409 3422/3617/3408
f 3424/3619/3410 3425/3620/3411 3423/3618/3409
f 3426/3621/3412 3425/3620/3411 3424/3619/3410
f 3427/3622/3413 3425/3620/3411 3428/3623/3414
f 3427/3622/3413 3423/3618/3409 3425/3620/3411
f 3421/3616/3407 3423/3618/3409 3427/3622/3413
f 3424/3619/3410 3429/3624/3415 3426/3621/3412
f 3424/3619/3410 3430/3625/3416 3429/3624/3415
f 3422/3617/3408 3430/3625/3416 3424/3619/3410
f 3422/3617/3408 3417/3612/3403 3430/3625/3416
f 3418/3613/3404 3417/3612/3403 3422/3617/3408
f 3426/3621/3412 3431/3626/3417 3432/3627/3418
f 3426/3621/3412 3433/3628/3419 3431/3626/3417
f 3429/3624/3415 3433/3628/3419 3426/3621/3412
f 3429/3624/3415 3434/3629/3420 3433/3628/3419
f 3429/3624/3415 3435/3630/3421 3434/3629/3420
f 3430/3625/3416 3435/3630/3421 3429/3624/3415
f 3430/3625/3416 3436/3631/3422 3435/3630/3421
f 3417/3612/3403 3436/3631/3422 3430/3625/3416
f 3417/3612/3403 3428/3623/3414 3436/3631/3422
f 3416/3611/3402 3428/3623/3414 3417/3612/3403
f 3426/3621/3412 3428/3623/3414 3425/3620/3411
f 3432/3627/3418 3428/3623/3414 3426/3621/3412
f 3432/3627/3418 3436/3631/3422 3428/3623/3414
f 3437/3632/3423 3436/3631/3422 3432/3627/3418
f 3437/3632/3423 3435/3630/3421 3436/3631/3422
f 3438/3633/3424 3435/3630/3421 3437/3632/3423
f 3438/3633/3424 3434/3629/3420 3435/3630/3421
f 3439/3634/3425 3434/3629/3420 3438/3633/3424
f 3439/3634/3425 3440/3635/3426 3434/3629/3420
f 3441/3636/3427 3440/3635/3426 3439/3634/3425
f 3442/3637/3428 3443/3638/3429 3444/3639/3430
f 3441/3636/3427 3443/3638/3429 3442/3637/3428
f 3441/3636/3427 3445/3640/3431 3443/3638/3429
f 3439/3634/3425 3445/3640/3431 3441/3636/3427
f 3439/3634/3425 3446/3641/3432 3445/3640/3431
f 3438/3633/3424 3446/3641/3432 3439/3634/3425
f 3438/3633/3424 3447/3642/3433 3446/3641/3432
f 3437/3632/3423 3447/3642/3433 3438/3633/3424
f 3432/3627/3418 3447/3642/3433 3437/3632/3423
f 3432/3627/3418 3431/3626/3417 3447/3642/3433
f 3445/3640/3431 3446/3641/3432 3448/3643/3434
f 3440/3635/3426 3433/3628/3419 3434/3629/3420
f 3449/3644/3435 3433/3628/3419 3440/3635/3426
f 3449/3644/3435 3431/3626/3417 3433/3628/3419
f 3449/3644/3435 3447/3642/3433 3431/3626/3417
f 3450/3645/3436 3447/3642/3433 3449/3644/3435
f 3450/3645/3436 3446/3641/3432 3447/3642/3433
f 3451/3646/3437 3446/3641/3432 3450/3645/3436
f 3451/3646/3437 3448/3643/3434 3446/3641/3432
f 3452/3647/3438 3448/3643/3434 3451/3646/3437
f 3452/3647/3438 3445/3640/3431 3448/3643/3434
f 3443/3638/3429 3445/3640/3431 3452/3647/3438
f 3453/3648/3439 3449/3644/3435 3440/3635/3426
f 3453/3648/3439 3450/3645/3436 3449/3644/3435
f 3453/3648/3439 3451/3646/3437 3450/3645/3436
f 3454/3649/3440 3451/3646/3437 3453/3648/3439
f 3454/3649/3440 3452/3647/3438 3451/3646/3437
f 3454/3649/3440 3453/3648/3439 3455/3650/3441
f 3441/3636/3427 3453/3648/3439 3440/3635/3426
f 3442/3637/3428 3453/3648/3439 3441/3636/3427
f 3442/3637/3428 3455/3650/3441 3453/3648/3439
f 3456/3651/3442 3455/3650/3441 3442/3637/3428
f 3457/3652/3443 3455/3650/3441 3456/3651/3442
f 3457/3652/3443 3454/3649/3440 3455/3650/3441
f 3458/3653/3444 3454/3649/3440 3457/3652/3443
f 3458/3653/3444 3452/3647/3438 3454/3649/3440
f 3444/3639/3430 3452/3647/3438 3458/3653/3444
f 3444/3639/3430 3443/3638/3429 3452/3647/3438
f 3459/3654/3445 3460/3655/3446 3461/3656/3447
f 3459/3654/3445 3462/3657/3448 3460/3655/3446
f 3463/3658/3449 3462/3657/3448 3459/3654/3445
f 3463/3658/3449 3464/3659/3450 3462/3657/3448
f 3465/3660/3451 3464/3659/3450 3463/3658/3449
f 3465/3660/3451 3444/3639/3430 3464/3659/3450
f 3465/3660/3451 3442/3637/3428 3444/3639/3430
f 3465/3660/3451 3456/3651/3442 3442/3637/3428
f 3463/3658/3449 3456/3651/3442 3465/3660/3451
f 3463/3658/3449 3466/3661/3452 3456/3651/3442
f 3464/3659/3450 3467/3662/3453 3462/3657/3448
f 3464/3659/3450 3468/3663/3454 3467/3662/3453
f 3459/3654/3445 3466/3661/3452 3463/3658/3449
f 3459/3654/3445 3469/3664/3455 3466/3661/3452
f 3461/3656/3447 3469/3664/3455 3459/3654/3445
f 3461/3656/3447 3468/3663/3454 3469/3664/3455
f 3470/3665/3456 3468/3663/3454 3461/3656/3447
f 3471/3666/3457 3468/3663/3454 3470/3665/3456
f 3471/3666/3457 3467/3662/3453 3468/3663/3454
f 3472/3667/3458 3467/3662/3453 3471/3666/3457
f 3472/3667/3458 3462/3657/3448 3467/3662/3453
f 3472/3667/3458 3460/3655/3446 3462/3657/3448
f 3471/3666/3457 3473/3668/3459 3472/3667/3458
f 3474/3669/3460 3475/3670/3461 3476/3671/3462
f 3473/3668/3459 3475/3670/3461 3474/3669/3460
f 3473/3668/3459 3477/3672/3463 3475/3670/3461
f 3471/3666/3457 3477/3672/3463 3473/3668/3459
f 3471/3666/3457 3478/3673/3464 3477/3672/3463
f 3470/3665/3456 3478/3673/3464 3471/3666/3457
f 3470/3665/3456 3479/3674/3465 3478/3673/3464
f 3461/3656/3447 3479/3674/3465 3470/3665/3456
f 3461/3656/3447 3480/3675/3466 3479/3674/3465
f 3461/3656/3447 3460/3655/3446 3480/3675/3466
f 3475/3670/3461 3481/3676/3467 3476/3671/3462
f 3482/3677/3468 3480/3675/3466 3460/3655/3446
f 3482/3677/3468 3479/3674/3465 3480/3675/3466
f 3483/3678/3469 3479/3674/3465 3482/3677/3468
f 3483/3678/3469 3478/3673/3464 3479/3674/3465
f 3472/3667/3458 3480/3675/3470 3460/3655/3446
f 3473/3668/3459 3480/3675/3470 3472/3667/3458
f 3474/3669/3460 3480/3675/3470 3473/3668/3459
f 3474/3669/3460 3460/3655/3446 3480/3675/3470
f 3484/3679/3471 3460/3655/3446 3474/3669/3460
f 3485/3680/3472 3460/3655/3446 3484/3679/3471
f 3486/3681/3473 3460/3655/3446 3485/3680/3472
f 3486/3681/3473 3482/3677/3468 3460/3655/3446
f 3481/3676/3467 3482/3677/3468 3486/3681/3473
f 3481/3676/3467 3483/3678/3469 3482/3677/3468
f 3475/3670/3461 3483/3678/3469 3481/3676/3467
f 3475/3670/3461 3478/3673/3464 3483/3678/3469
f 3477/3672/3463 3478/3673/3464 3475/3670/3461
f 3487/3682/3474 3485/3683/3472 3488/3684/3475
f 3487/3682/3474 3486/3681/3473 3485/3683/3472
f 3489/3685/3476 3486/3681/3473 3487/3682/3474
f 3489/3685/3476 3481/3676/3467 3486/3681/3473
f 3490/3686/3477 3481/3676/3467 3489/3685/3476
f 3490/3686/3477 3476/3671/3462 3481/3676/3467
f 3490/3686/3477 3491/3687/3478 3476/3671/3462
f 3490/3686/3477 3492/3688/3479 3491/3687/3478
f 3490/3686/3477 3493/3689/3480 3492/3688/3479
f 3489/3685/3476 3493/3689/3480 3490/3686/3477
f 3487/3682/3474 3493/3689/3480 3489/3685/3476
f 3487/3682/3474 3494/3690/3481 3493/3689/3480
f 3488/3684/3475 3494/3690/3481 3487/3682/3474
f 3492/3688/3479 3495/3691/3482 3496/3692/3483
f 3493/3689/3480 3495/3691/3482 3492/3688/3479
f 3493/3689/3480 3497/3693/3484 3495/3691/3482
f 3494/3690/3481 3497/3693/3484 3493/3689/3480
f 3494/3690/3481 3498/3694/3485 3497/3693/3484
f 3494/3690/3481 3499/3695/3486 3498/3694/3485
f 3488/3684/3475 3499/3695/3486 3494/3690/3481
f 3488/3684/3475 3500/3696/3487 3499/3695/3486
f 3488/3684/3475 3484/3679/3471 3500/3696/3487
f 3488/3684/3475 3485/3683/3472 3484/3679/3471
f 3498/3694/3485 3501/3697/3488 3502/3698/3489
f 3498/3694/3485 3503/3699/3490 3501/3697/3488
f 3499/3695/3486 3503/3699/3490 3498/3694/3485
f 3499/3695/3486 3504/3700/3491 3503/3699/3490
f 3500/3696/3487 3504/3700/3491 3499/3695/3486
f 3500/3696/3487 3505/3701/3492 3504/3700/3491
f 3500/3696/3487 3491/3687/3478 3505/3701/3492
f 3484/3679/3471 3491/3687/3478 3500/3696/3487
f 3484/3679/3471 3476/3671/3462 3491/3687/3478
f 3474/3669/3460 3476/3671/3462 3484/3679/3471
f 3506/3702/3493 3504/3700/3491 3505/3701/3492
f 3503/3699/3490 3504/3700/3491 3506/3702/3493
f 3492/3688/3479 3505/3701/3492 3491/3687/3478
f 3492/3688/3479 3506/3702/3493 3505/3701/3492
f 3496/3692/3483 3506/3702/3493 3492/3688/3479
f 3496/3692/3483 3507/3703/3494 3506/3702/3493
f 3496/3692/3483 3508/3704/3495 3507/3703/3494
f 3495/3691/3482 3508/3704/3495 3496/3692/3483
f 3495/3691/3482 3509/3705/3496 3508/3704/3495
f 3497/3693/3484 3509/3705/3496 3495/3691/3482
f 3497/3693/3484 3502/3698/3489 3509/3705/3496
f 3498/3694/3485 3502/3698/3489 3497/3693/3484
f 3469/3664/3455 3510/3706/3497 3466/3661/3452
f 3468/3663/3454 3510/3706/3497 3469/3664/3455
f 3468/3663/3454 3511/3707/3498 3510/3706/3497
f 3464/3659/3450 3511/3707/3498 3468/3663/3454
f 3444/3639/3430 3511/3707/3498 3464/3659/3450
f 3458/3653/3444 3511/3707/3498 3444/3639/3430
f 3458/3653/3444 3510/3706/3497 3511/3707/3498
f 3457/3708/3443 3510/3706/3497 3458/3653/3444
f 3457/3708/3443 3466/3661/3452 3510/3706/3497
f 3456/3651/3442 3466/3661/3452 3457/3708/3443
f 3512/3709/3499 3513/3710/3500 3514/3711/3501
f 3513/3710/3500 3515/3712/3502 3516/3713/3503
f 3513/3710/3500 3517/3714/3504 3515/3712/3502
f 3512/3709/3499 3517/3714/3504 3513/3710/3500
f 3512/3709/3499 3518/3715/3505 3517/3714/3504
f 3321/3515/3307 3518/3715/3505 3512/3709/3499
f 3516/3713/3503 3519/3716/3506 3520/3717/3507
f 3515/3712/3502 3519/3716/3506 3516/3713/3503
f 3515/3712/3502 3521/3718/3508 3519/3716/3506
f 3517/3714/3504 3521/3718/3508 3515/3712/3502
f 3517/3714/3504 3522/3719/3509 3521/3718/3508
f 3518/3715/3505 3522/3719/3509 3517/3714/3504
f 3518/3715/3505 3523/3720/3510 3522/3719/3509
f 3518/3715/3505 3317/3511/3303 3523/3720/3510
f 3321/3515/3307 3317/3511/3303 3518/3715/3505
f 3321/3515/3307 3315/3509/3301 3317/3511/3303
f 3516/3713/3503 3524/3721/3511 3513/3710/3500
f 3516/3713/3503 3525/3722/3512 3524/3721/3511
f 3520/3717/3507 3525/3722/3512 3516/3713/3503
f 3520/3717/3507 3526/3723/3513 3525/3722/3512
f 3519/3716/3506 3526/3723/3513 3520/3717/3507
f 3519/3716/3506 3527/3724/3514 3526/3723/3513
f 3521/3718/3508 3527/3724/3514 3519/3716/3506
f 3521/3718/3508 3528/3725/3515 3527/3724/3514
f 3522/3719/3509 3528/3725/3515 3521/3718/3508
f 3522/3719/3509 3529/3726/3516 3528/3725/3515
f 3530/3727/3517 3527/3724/3514 3528/3725/3515
f 3530/3727/3517 3526/3723/3513 3527/3724/3514
f 3528/3725/3515 3526/3723/3513 3530/3727/3517
f 3528/3725/3515 3525/3722/3512 3526/3723/3513
f 3529/3726/3516 3525/3722/3512 3528/3725/3515
f 3529/3726/3516 3524/3721/3511 3525/3722/3512
f 3523/3720/3510 3529/3726/3516 3522/3719/3509
f 3523/3720/3510 3524/3721/3511 3529/3726/3516
f 3523/3720/3510 3531/3728/3518 3524/3721/3511
f 3317/3511/3303 3531/3728/3518 3523/3720/3510
f 3317/3511/3303 3532/3729/3519 3531/3728/3518
f 3316/3510/3302 3532/3729/3519 3317/3511/3303
f 3316/3510/3302 3533/3730/3520 3532/3729/3519
f 3318/3512/3304 3533/3730/3520 3316/3510/3302
f 3326/3521/3312 3533/3730/3520 3318/3512/3304
f 3326/3521/3312 3343/3538/3329 3533/3730/3520
f 3534/3731/3521 3343/3538/3329 3535/3732/3522
f 3534/3731/3521 3533/3730/3520 3343/3538/3329
f 3534/3731/3521 3532/3729/3519 3533/3730/3520
f 3531/3728/3518 3532/3729/3519 3534/3731/3521
f 3320/3514/3306 3342/3537/3328 3322/3516/3308
f 3320/3514/3306 3343/3538/3329 3342/3537/3328
f 3321/3515/3307 3343/3538/3329 3320/3514/3306
f 3321/3515/3307 3535/3732/3522 3343/3538/3329
f 3512/3709/3499 3535/3732/3522 3321/3515/3307
f 3512/3709/3499 3534/3731/3521 3535/3732/3522
f 3514/3711/3501 3534/3731/3521 3512/3709/3499
f 3514/3711/3501 3531/3728/3518 3534/3731/3521
f 3513/3710/3500 3531/3728/3518 3514/3711/3501
f 3513/3710/3500 3524/3721/3511 3531/3728/3518
f 3536/3733/3523 3537/3734/3524 3538/3735/3525
f 3539/3736/3526 3537/3734/3524 3540/3737/3527
f 3539/3736/3526 3538/3735/3525 3537/3734/3524
f 3541/3738/3528 3538/3735/3525 3539/3736/3526
f 3541/3738/3528 3542/3739/3529 3538/3735/3525
f 3543/3740/3530 3542/3739/3529 3541/3738/3528
f 3543/3740/3530 3544/3741/3531 3542/3739/3529
f 3545/3742/3532 3544/3741/3531 3543/3740/3530
f 3545/3742/3532 3546/3743/3533 3544/3741/3531
f 3547/3744/3534 3546/3743/3533 3545/3742/3532
f 3547/3744/3534 3548/3745/3535 3546/3743/3533
f 3549/3746/3536 3548/3745/3535 3547/3744/3534
f 3550/3747/3537 3551/3748/3538 3552/3749/3539
f 3553/3750/3540 3551/3748/3538 3550/3747/3537
f 3553/3750/3540 3554/3751/3541 3551/3748/3538
f 3549/3746/3536 3554/3751/3541 3553/3750/3540
f 3549/3746/3536 3555/3752/3542 3554/3751/3541
f 3547/3744/3534 3555/3752/3542 3549/3746/3536
f 3547/3744/3534 3556/3753/3543 3555/3752/3542
f 3545/3742/3532 3556/3753/3543 3547/3744/3534
f 3545/3742/3532 3557/3754/3544 3556/3753/3543
f 3543/3740/3530 3557/3754/3544 3545/3742/3532
f 3558/3755/3545 3557/3754/3544 3559/3756/3546
f 3558/3755/3545 3556/3753/3543 3557/3754/3544
f 3560/3757/3547 3556/3753/3543 3558/3755/3545
f 3560/3757/3547 3555/3752/3542 3556/3753/3543
f 3561/3758/3548 3555/3752/3542 3560/3757/3547
f 3561/3758/3548 3554/3751/3541 3555/3752/3542
f 3562/3759/3549 3554/3751/3541 3561/3758/3548
f 3562/3759/3549 3551/3748/3538 3554/3751/3541
f 3563/3760/3550 3551/3748/3538 3562/3759/3549
f 3563/3760/3550 3552/3749/3539 3551/3748/3538
f 3561/3758/3548 3564/3761/3551 3562/3759/3549
f 3561/3758/3548 3565/3762/3552 3564/3761/3551
f 3560/3757/3547 3565/3762/3552 3561/3758/3548
f 3558/3755/3545 3565/3762/3552 3560/3757/3547
f 3558/3755/3545 3566/3763/3553 3565/3762/3552
f 3559/3756/3546 3566/3763/3553 3558/3755/3545
f 3559/3756/3546 3567/3764/3554 3566/3763/3553
f 3568/3765/3555 3567/3764/3554 3559/3756/3546
f 3568/3765/3555 3569/3766/3556 3567/3764/3554
f 3570/3767/3557 3569/3766/3556 3568/3765/3555
f 3570/3767/3557 3571/3768/3558 3569/3766/3556
f 3565/3762/3552 3572/3769/3559 3564/3761/3551
f 3565/3762/3552 3573/3770/3560 3572/3769/3559
f 3566/3763/3553 3573/3770/3560 3565/3762/3552
f 3566/3763/3553 3574/3771/3561 3573/3770/3560
f 3567/3764/3554 3574/3771/3561 3566/3763/3553
f 3567/3764/3554 3575/3772/3562 3574/3771/3561
f 3569/3766/3556 3575/3772/3562 3567/3764/3554
f 3569/3766/3556 3576/3773/3563 3575/3772/3562
f 3571/3768/3558 3576/3773/3563 3569/3766/3556
f 3571/3768/3558 3577/3774/3564 3576/3773/3563
f 3548/3745/3535 3575/3772/3562 3546/3743/3533
f 3548/3745/3535 3574/3771/3561 3575/3772/3562
f 3578/3775/3565 3574/3771/3561 3548/3745/3535
f 3578/3775/3565 3573/3770/3560 3574/3771/3561
f 3579/3776/3566 3573/3770/3560 3578/3775/3565
f 3579/3776/3566 3572/3769/3559 3573/3770/3560
f 3580/3777/3567 3572/3769/3559 3579/3776/3566
f 3580/3777/3567 3581/3778/3568 3572/3769/3559
f 3582/3779/3569 3581/3778/3568 3580/3777/3567
f 3582/3779/3569 3583/3780/3570 3581/3778/3568
f 3549/3746/3536 3578/3775/3565 3548/3745/3535
f 3553/3750/3540 3578/3775/3565 3549/3746/3536
f 3553/3750/3540 3579/3776/3566 3578/3775/3565
f 3550/3747/3537 3579/3776/3566 3553/3750/3540
f 3550/3747/3537 3580/3777/3567 3579/3776/3566
f 3584/3781/3571 3580/3777/3567 3550/3747/3537
f 3584/3781/3571 3582/3779/3569 3580/3777/3567
f 3585/3782/3572 3582/3779/3569 3584/3781/3571
f 3585/3782/3572 3586/3783/3573 3582/3779/3569
f 3587/3784/3574 3586/3783/3573 3585/3782/3572
f 3588/3785/3575 3589/3786/3576 3590/3787/3577
f 3591/3788/3578 3589/3786/3576 3588/3785/3575
f 3591/3788/3578 3592/3789/3579 3589/3786/3576
f 3587/3784/3574 3592/3789/3579 3591/3788/3578
f 3587/3784/3574 3593/3790/3580 3592/3789/3579
f 3585/3782/3572 3593/3790/3580 3587/3784/3574
f 3585/3782/3572 3594/3791/3581 3593/3790/3580
f 3584/3781/3571 3594/3791/3581 3585/3782/3572
f 3584/3781/3571 3552/3749/3539 3594/3791/3581
f 3550/3747/3537 3552/3749/3539 3584/3781/3571
f 3595/3792/3582 3552/3749/3539 3563/3760/3550
f 3595/3792/3582 3594/3791/3581 3552/3749/3539
f 3596/3793/3583 3594/3791/3581 3595/3792/3582
f 3596/3793/3583 3593/3790/3580 3594/3791/3581
f 3597/3794/3584 3593/3790/3580 3596/3793/3583
f 3597/3794/3584 3592/3789/3579 3593/3790/3580
f 3598/3795/3585 3592/3789/3579 3597/3794/3584
f 3598/3795/3585 3589/3786/3576 3592/3789/3579
f 3599/3796/3586 3589/3786/3576 3598/3795/3585
f 3599/3796/3586 3590/3787/3577 3589/3786/3576
f 3600/3797/3587 3590/3787/3577 3599/3796/3586
f 3600/3797/3587 3601/3798/3588 3590/3787/3577
f 3601/3798/3588 3602/3799/3589 3603/3800/3590
f 3600/3797/3587 3602/3799/3589 3601/3798/3588
f 3600/3797/3587 3604/3801/3591 3602/3799/3589
f 3599/3796/3586 3604/3801/3591 3600/3797/3587
f 3599/3796/3586 3605/3802/3592 3604/3801/3591
f 3598/3795/3585 3605/3802/3592 3599/3796/3586
f 3598/3795/3585 3606/3803/3593 3605/3802/3592
f 3597/3794/3584 3606/3803/3593 3598/3795/3585
f 3597/3794/3584 3607/3804/3594 3606/3803/3593
f 3596/3793/3583 3607/3804/3594 3597/3794/3584
f 3605/3802/3592 3608/3805/3595 3604/3801/3591
f 3605/3802/3592 3609/3806/3596 3608/3805/3595
f 3606/3803/3593 3609/3806/3596 3605/3802/3592
f 3606/3803/3593 3610/3807/3597 3609/3806/3596
f 3607/3804/3594 3610/3807/3597 3606/3803/3593
f 3607/3804/3594 3611/3808/3598 3610/3807/3597
f 3612/3809/3599 3611/3808/3598 3607/3804/3594
f 3612/3809/3599 3613/3810/3600 3611/3808/3598
f 3614/3811/3601 3613/3810/3600 3612/3809/3599
f 3614/3811/3601 3615/3812/3602 3613/3810/3600
f 3586/3783/3573 3583/3780/3570 3582/3779/3569
f 3586/3783/3573 3615/3812/3602 3583/3780/3570
f 3616/3813/3603 3615/3812/3602 3586/3783/3573
f 3616/3813/3603 3613/3810/3600 3615/3812/3602
f 3617/3814/3604 3613/3810/3600 3616/3813/3603
f 3617/3814/3604 3611/3808/3598 3613/3810/3600
f 3618/3815/3605 3611/3808/3598 3617/3814/3604
f 3618/3815/3605 3610/3807/3597 3611/3808/3598
f 3619/3816/3606 3610/3807/3597 3618/3815/3605
f 3619/3816/3606 3609/3806/3596 3610/3807/3597
f 3587/3784/3574 3616/3813/3603 3586/3783/3573
f 3591/3788/3578 3616/3813/3603 3587/3784/3574
f 3591/3788/3578 3617/3814/3604 3616/3813/3603
f 3588/3785/3575 3617/3814/3604 3591/3788/3578
f 3588/3785/3575 3618/3815/3605 3617/3814/3604
f 3620/3817/3607 3618/3815/3605 3588/3785/3575
f 3620/3817/3607 3619/3816/3606 3618/3815/3605
f 3621/3818/3608 3619/3816/3606 3620/3817/3607
f 3621/3818/3608 3622/3819/3609 3619/3816/3606
f 3623/3820/3610 3622/3819/3609 3621/3818/3608
f 3624/3821/3611 3625/3822/3612 3626/3823/3613
f 3627/3824/3614 3625/3822/3612 3624/3821/3611
f 3627/3824/3614 3628/3825/3615 3625/3822/3612
f 3623/3820/3610 3628/3825/3615 3627/3824/3614
f 3623/3820/3610 3629/3826/3616 3628/3825/3615
f 3621/3818/3608 3629/3826/3616 3623/3820/3610
f 3621/3818/3608 3601/3798/3588 3629/3826/3616
f 3620/3817/3607 3601/3798/3588 3621/3818/3608
f 3620/3817/3607 3590/3787/3577 3601/3798/3588
f 3588/3785/3575 3590/3787/3577 3620/3817/3607
f 3630/3827/3617 3631/3828/3618 3632/3829/3619
f 3633/3830/3620 3631/3828/3618 3630/3827/3617
f 3633/3830/3620 3634/3831/3621 3631/3828/3618
f 3626/3823/3613 3634/3831/3621 3633/3830/3620
f 3625/3822/3612 3634/3831/3621 3626/3823/3613
f 3628/3825/3615 3634/3831/3621 3625/3822/3612
f 3628/3825/3615 3635/3832/3622 3634/3831/3621
f 3629/3826/3616 3635/3832/3622 3628/3825/3615
f 3629/3826/3616 3603/3800/3590 3635/3832/3622
f 3601/3798/3588 3603/3800/3590 3629/3826/3616
f 3636/3833/3623 3603/3800/3590 3602/3799/3589
f 3636/3833/3623 3635/3832/3622 3603/3800/3590
f 3631/3828/3618 3635/3832/3622 3636/3833/3623
f 3631/3828/3618 3634/3831/3621 3635/3832/3622
f 3622/3819/3609 3609/3806/3596 3619/3816/3606
f 3622/3819/3609 3608/3805/3595 3609/3806/3596
f 3637/3834/3624 3608/3805/3595 3622/3819/3609
f 3637/3834/3624 3604/3801/3591 3608/3805/3595
f 3638/3835/3625 3604/3801/3591 3637/3834/3624
f 3638/3835/3625 3602/3799/3589 3604/3801/3591
f 3639/3836/3626 3602/3799/3589 3638/3835/3625
f 3639/3836/3626 3636/3833/3623 3602/3799/3589
f 3632/3829/3619 3636/3833/3623 3639/3836/3626
f 3632/3829/3619 3631/3828/3618 3636/3833/3623
f 3632/3829/3619 3640/3837/3627 3630/3827/3617
f 3632/3829/3619 3641/3838/3628 3640/3837/3627
f 3632/3829/3619 3642/3839/3629 3641/3838/3628
f 3639/3836/3626 3642/3839/3629 3632/3829/3619
f 3639/3836/3626 3643/3840/3630 3642/3839/3629
f 3638/3835/3625 3643/3840/3630 3639/3836/3626
f 3638/3835/3625 3637/3834/3624 3643/3840/3630
f 3623/3820/3610 3637/3834/3624 3622/3819/3609
f 3627/3824/3614 3637/3834/3624 3623/3820/3610
f 3627/3824/3614 3643/3840/3630 3637/3834/3624
f 3624/3821/3611 3643/3840/3630 3627/3824/3614
f 3624/3821/3611 3642/3839/3629 3643/3840/3630
f 3644/3841/3631 3642/3839/3629 3624/3821/3611
f 3644/3841/3631 3641/3838/3628 3642/3839/3629
f 3645/3842/3632 3641/3838/3628 3644/3841/3631
f 3646/3843/3633 3641/3838/3628 3645/3842/3632
f 3646/3843/3633 3640/3837/3627 3641/3838/3628
f 3647/3844/3634 3640/3837/3627 3646/3843/3633
f 3648/3845/3635 3640/3837/3627 3647/3844/3634
f 3648/3845/3635 3630/3827/3617 3640/3837/3627
f 3649/3846/3636 3630/3827/3617 3648/3845/3635
f 3649/3846/3636 3633/3830/3620 3630/3827/3617
f 3650/3847/3637 3633/3830/3620 3649/3846/3636
f 3650/3847/3637 3626/3823/3613 3633/3830/3620
f 3645/3842/3632 3626/3823/3613 3650/3847/3637
f 3644/3841/3631 3626/3823/3613 3645/3842/3632
f 3624/3821/3611 3626/3823/3613 3644/3841/3631
f 3651/3848/3638 3652/3849/3639 3653/3850/3640
f 3654/3851/3641 3655/3852/3642 3656/3853/3643
f 3654/3851/3641 3657/3854/3644 3655/3852/3642
f 3658/3855/3645 3657/3854/3644 3654/3851/3641
f 3651/3848/3638 3657/3854/3644 3658/3855/3645
f 3651/3848/3638 3659/3856/3646 3657/3854/3644
f 3653/3850/3640 3659/3856/3646 3651/3848/3638
f 3653/3850/3640 3660/3857/3647 3659/3856/3646
f 3652/3849/3639 3660/3857/3647 3653/3850/3640
f 3652/3849/3639 3661/3858/3648 3660/3857/3647
f 3662/3859/3649 3661/3858/3648 3652/3849/3639
f 3655/3852/3642 3663/3860/3650 3664/3861/3651
f 3655/3852/3642 3659/3856/3646 3663/3860/3650
f 3657/3854/3644 3659/3856/3646 3655/3852/3642
f 3664/3861/3651 3665/3862/3652 3662/3859/3649
f 3663/3860/3650 3665/3862/3652 3664/3861/3651
f 3663/3860/3650 3666/3863/3653 3665/3862/3652
f 3659/3856/3646 3666/3863/3653 3663/3860/3650
f 3659/3856/3646 3667/3864/3654 3666/3863/3653
f 3660/3857/3647 3667/3864/3654 3659/3856/3646
f 3660/3857/3647 3668/3865/3655 3667/3864/3654
f 3661/3858/3648 3668/3865/3655 3660/3857/3647
f 3661/3858/3648 3669/3866/3656 3668/3865/3655
f 3670/3867/3657 3669/3866/3656 3661/3858/3648
f 3671/3868/3658 3667/3864/3654 3668/3865/3655
f 3671/3868/3658 3666/3863/3653 3667/3864/3654
f 3662/3859/3649 3670/3867/3657 3661/3858/3648
f 3665/3862/3652 3670/3867/3657 3662/3859/3649
f 3665/3862/3652 3672/3869/3659 3670/3867/3657
f 3666/3863/3653 3672/3869/3659 3665/3862/3652
f 3666/3863/3653 3673/3870/3660 3672/3869/3659
f 3671/3868/3658 3673/3870/3660 3666/3863/3653
f 3671/3868/3658 3674/3871/3661 3673/3870/3660
f 3668/3865/3655 3674/3871/3661 3671/3868/3658
f 3668/3865/3655 3675/3872/3662 3674/3871/3661
f 3669/3866/3656 3675/3872/3662 3668/3865/3655
f 3676/3873/3663 3675/3872/3662 3677/3874/3664
f 3676/3873/3663 3674/3871/3661 3675/3872/3662
f 3670/3867/3657 3678/3875/3665 3669/3866/3656
f 3672/3869/3659 3678/3875/3665 3670/3867/3657
f 3672/3869/3659 3679/3876/3666 3678/3875/3665
f 3673/3870/3660 3679/3876/3666 3672/3869/3659
f 3673/3870/3660 3680/3877/3667 3679/3876/3666
f 3674/3871/3661 3680/3877/3667 3673/3870/3660
f 3674/3871/3661 3681/3878/3668 3680/3877/3667
f 3676/3873/3663 3681/3878/3668 3674/3871/3661
f 3676/3873/3663 3682/3879/3669 3681/3878/3668
f 3669/3866/3656 3677/3874/3664 3675/3872/3662
f 3678/3875/3665 3677/3874/3664 3669/3866/3656
f 3678/3875/3665 3683/3880/3670 3677/3874/3664
f 3679/3876/3666 3683/3880/3670 3678/3875/3665
f 3679/3876/3666 3684/3881/3671 3683/3880/3670
f 3680/3877/3667 3684/3881/3671 3679/3876/3666
f 3680/3877/3667 3685/3882/3672 3684/3881/3671
f 3681/3878/3668 3685/3882/3672 3680/3877/3667
f 3681/3878/3668 3686/3883/3673 3685/3882/3672
f 3682/3879/3669 3686/3883/3673 3681/3878/3668
f 3687/3884/3674 3685/3882/3672 3686/3883/3673
f 3688/3885/3675 3685/3882/3672 3687/3884/3674
f 3688/3885/3675 3684/3881/3671 3685/3882/3672
f 3688/3885/3675 3683/3880/3670 3684/3881/3671
f 3689/3886/3676 3683/3880/3670 3688/3885/3675
f 3689/3886/3676 3677/3874/3664 3683/3880/3670
f 3690/3887/3677 3677/3874/3664 3689/3886/3676
f 3690/3887/3677 3676/3873/3663 3677/3874/3664
f 3691/3888/3678 3676/3873/3663 3690/3887/3677
f 3691/3888/3678 3682/3879/3669 3676/3873/3663
f 3692/3889/3679 3687/3884/3674 3693/3890/3680
f 3694/3891/3681 3687/3884/3674 3692/3889/3679
f 3694/3891/3681 3688/3885/3675 3687/3884/3674
f 3694/3891/3681 3689/3886/3676 3688/3885/3675
f 3695/3892/3682 3689/3886/3676 3694/3891/3681
f 3695/3892/3682 3690/3887/3677 3689/3886/3676
f 3695/3892/3682 3691/3888/3678 3690/3887/3677
f 3695/3892/3682 3696/3893/3683 3691/3888/3678
f 3695/3892/3682 3697/3894/3684 3696/3893/3683
f 3694/3891/3681 3697/3894/3684 3695/3892/3682
f 3694/3891/3681 3692/3889/3679 3697/3894/3684
f 3691/3888/3678 3698/3895/3685 3682/3879/3669
f 3696/3893/3683 3698/3895/3685 3691/3888/3678
f 3696/3893/3683 3699/3896/3686 3698/3895/3685
f 3696/3893/3683 3700/3897/3687 3699/3896/3686
f 3697/3894/3684 3700/3897/3687 3696/3893/3683
f 3697/3894/3684 3701/3898/3688 3700/3897/3687
f 3697/3894/3684 3702/3899/3689 3701/3898/3688
f 3692/3889/3679 3702/3899/3689 3697/3894/3684
f 3692/3889/3679 3703/3900/3690 3702/3899/3689
f 3692/3889/3679 3693/3890/3680 3703/3900/3690
f 3682/3879/3669 3704/3901/3691 3686/3883/3673
f 3698/3895/3685 3704/3901/3691 3682/3879/3669
f 3698/3895/3685 3705/3902/3692 3704/3901/3691
f 3699/3896/3686 3705/3902/3692 3698/3895/3685
f 3699/3896/3686 3706/3903/3693 3705/3902/3692
f 3699/3896/3686 3707/3904/3694 3706/3903/3693
f 3700/3897/3687 3707/3904/3694 3699/3896/3686
f 3700/3897/3687 3708/3905/3695 3707/3904/3694
f 3701/3898/3688 3708/3905/3695 3700/3897/3687
f 3701/3898/3688 3709/3906/3696 3708/3905/3695
f 3701/3898/3688 3710/3907/3697 3709/3906/3696
f 3702/3899/3689 3710/3907/3697 3701/3898/3688
f 3702/3899/3689 3711/3908/3698 3710/3907/3697
f 3703/3900/3690 3711/3908/3698 3702/3899/3689
f 3703/3900/3690 3706/3903/3693 3711/3908/3698
f 3703/3900/3690 3705/3902/3692 3706/3903/3693
f 3693/3890/3680 3705/3902/3692 3703/3900/3690
f 3693/3890/3680 3704/3901/3691 3705/3902/3692
f 3693/3890/3680 3686/3883/3673 3704/3901/3691
f 3687/3884/3674 3686/3883/3673 3693/3890/3680
f 3712/3909/3699 3506/3702/3493 3713/3910/3700
f 3714/3911/3701 3506/3702/3493 3712/3909/3699
f 3714/3911/3701 3503/3699/3490 3506/3702/3493
f 3714/3911/3701 3715/3912/3702 3503/3699/3490
f 3714/3911/3701 3716/3913/3703 3715/3912/3702
f 3712/3909/3699 3716/3913/3703 3714/3911/3701
f 3712/3909/3699 3717/3914/3704 3716/3913/3703
f 3713/3910/3700 3717/3914/3704 3712/3909/3699
f 3713/3910/3700 3718/3915/3705 3717/3914/3704
f 3719/3916/3706 3718/3915/3705 3713/3910/3700
f 3720/3917/3707 3718/3915/3705 3719/3916/3706
f 3721/3918/3708 3718/3915/3705 3720/3917/3707
f 3721/3918/3708 3722/3919/3709 3718/3915/3705
f 3718/3915/3705 3722/3919/3709 3717/3914/3704
f 3723/3920/3710 3722/3919/3709 3721/3918/3708
f 3724/3921/3711 3722/3919/3709 3723/3920/3710
f 3725/3922/3712 3722/3919/3709 3724/3921/3711
f 3725/3922/3712 3717/3914/3704 3722/3919/3709
f 3725/3922/3712 3716/3913/3703 3717/3914/3704
f 3726/3923/3713 3716/3913/3703 3725/3922/3712
f 3726/3923/3713 3715/3912/3702 3716/3913/3703
f 3727/3924/3714 3715/3912/3702 3726/3923/3713
f 3727/3924/3714 3728/3925/3715 3715/3912/3702
f 3726/3923/3713 3725/3922/3712 3729/3926/3716
f 3726/3923/3713 3730/3927/3717 3727/3924/3714
f 3729/3926/3716 3730/3927/3717 3726/3923/3713
f 3729/3926/3716 3731/3928/3718 3730/3927/3717
f 3720/3917/3707 3731/3928/3718 3721/3918/3708
f 3720/3917/3707 3730/3927/3717 3731/3928/3718
f 3719/3916/3706 3730/3927/3717 3720/3917/3707
f 3719/3916/3706 3727/3924/3714 3730/3927/3717
f 3732/3929/3719 3727/3924/3714 3719/3916/3706
f 3732/3929/3719 3728/3925/3715 3727/3924/3714
f 3502/3698/3489 3728/3925/3715 3732/3929/3719
f 3501/3697/3488 3728/3925/3715 3502/3698/3489
f 3503/3699/3490 3728/3925/3715 3501/3697/3488
f 3503/3699/3490 3715/3912/3702 3728/3925/3715
f 3719/3916/3706 3733/3930/3720 3732/3929/3719
f 3713/3910/3700 3733/3930/3720 3719/3916/3706
f 3713/3910/3700 3734/3931/3721 3733/3930/3720
f 3506/3702/3493 3734/3931/3721 3713/3910/3700
f 3507/3703/3494 3734/3931/3721 3506/3702/3493
f 3508/3704/3495 3734/3931/3721 3507/3703/3494
f 3508/3704/3495 3733/3930/3720 3734/3931/3721
f 3509/3705/3496 3733/3930/3720 3508/3704/3495
f 3509/3705/3496 3732/3929/3719 3733/3930/3720
f 3502/3698/3489 3732/3929/3719 3509/3705/3496
f 3735/3932/3722 3615/3812/3602 3614/3811/3601
f 3735/3932/3722 3583/3780/3570 3615/3812/3602
f 3736/3933/3723 3583/3780/3570 3735/3932/3722
f 3736/3933/3723 3581/3778/3568 3583/3780/3570
f 3596/3793/3583 3612/3809/3599 3607/3804/3594
f 3595/3792/3582 3612/3809/3599 3596/3793/3583
f 3595/3792/3582 3614/3811/3601 3612/3809/3599
f 3563/3760/3550 3614/3811/3601 3595/3792/3582
f 3563/3760/3550 3735/3932/3722 3614/3811/3601
f 3562/3759/3549 3735/3932/3722 3563/3760/3550
f 3562/3759/3549 3736/3933/3723 3735/3932/3722
f 3564/3761/3551 3736/3933/3723 3562/3759/3549
f 3564/3761/3551 3581/3778/3568 3736/3933/3723
f 3564/3761/3551 3572/3769/3559 3581/3778/3568
f 3737/3934/3724 3738/3935/3725 3739/3936/3726
f 3737/3934/3724 3740/3937/3727 3738/3935/3725
f 3741/3938/3728 3740/3937/3727 3737/3934/3724
f 3739/3936/3726 3723/3920/3710 3721/3918/3708
f 3739/3936/3726 3742/3939/3729 3723/3920/3710
f 3738/3935/3725 3742/3939/3729 3739/3936/3726
f 3738/3935/3725 3743/3940/3730 3742/3939/3729
f 3738/3935/3725 3744/3941/3731 3743/3940/3730
f 3740/3937/3727 3744/3941/3731 3738/3935/3725
f 3741/3938/3728 3744/3941/3731 3740/3937/3727
f 3741/3938/3728 3745/3942/3732 3744/3941/3731
f 3746/3943/3733 3745/3942/3732 3741/3938/3728
f 3746/3943/3733 3747/3944/3734 3745/3942/3732
f 3748/3945/3735 3747/3944/3734 3749/3946/3736
f 3748/3945/3735 3745/3942/3732 3747/3944/3734
f 3750/3947/3737 3745/3942/3732 3748/3945/3735
f 3750/3947/3737 3744/3941/3731 3745/3942/3732
f 3751/3948/3738 3744/3941/3731 3750/3947/3737
f 3751/3948/3738 3743/3940/3730 3744/3941/3731
f 3752/3949/3739 3743/3940/3730 3751/3948/3738
f 3752/3949/3739 3742/3939/3729 3743/3940/3730
f 3753/3950/3740 3742/3939/3729 3752/3949/3739
f 3753/3950/3740 3723/3920/3710 3742/3939/3729
f 3752/3949/3739 3754/3951/3741 3753/3950/3740
f 3751/3948/3738 3755/3952/3742 3756/3953/3743
f 3750/3947/3737 3755/3952/3742 3751/3948/3738
f 3750/3947/3737 3748/3945/3735 3755/3952/3742
f 3757/3954/3744 3748/3945/3735 3749/3946/3736
f 3757/3954/3744 3755/3952/3742 3748/3945/3735
f 3758/3955/3745 3755/3952/3742 3757/3954/3744
f 3758/3955/3745 3756/3953/3743 3755/3952/3742
f 3759/3956/3746 3756/3953/3743 3758/3955/3745
f 3760/3957/3747 3756/3953/3743 3759/3956/3746
f 3760/3957/3747 3751/3948/3738 3756/3953/3743
f 3761/3958/3748 3751/3948/3738 3760/3957/3747
f 3761/3958/3748 3752/3949/3739 3751/3948/3738
f 3762/3959/3749 3752/3949/3739 3761/3958/3748
f 3762/3959/3749 3754/3951/3741 3752/3949/3739
f 3762/3959/3749 3740/3937/3727 3754/3951/3741
f 3762/3959/3749 3741/3938/3728 3740/3937/3727
f 3762/3959/3749 3746/3943/3733 3741/3938/3728
f 3761/3958/3748 3746/3943/3733 3762/3959/3749
f 3761/3958/3748 3760/3957/3747 3746/3943/3733
f 3760/3957/3747 3747/3944/3734 3746/3943/3733
f 3760/3957/3747 3763/3960/3750 3747/3944/3734
f 3759/3956/3746 3763/3960/3750 3760/3957/3747
f 3759/3956/3746 3764/3961/3751 3763/3960/3750
f 3765/3962/3752 3764/3961/3751 3759/3956/3746
f 3765/3962/3752 3766/3963/3753 3764/3961/3751
f 3767/3964/3754 3766/3963/3753 3765/3962/3752
f 3767/3964/3754 3768/3965/3755 3766/3963/3753
f 3769/3966/3756 3768/3965/3755 3767/3964/3754
f 3769/3966/3756 3770/3967/3757 3768/3965/3755
f 3763/3960/3750 3749/3946/3736 3747/3944/3734
f 3764/3961/3751 3749/3946/3736 3763/3960/3750
f 3771/3968/3758 3749/3946/3736 3764/3961/3751
f 3771/3968/3758 3757/3969/3744 3749/3946/3736
f 3772/3970/3759 3757/3969/3744 3771/3968/3758
f 3772/3970/3759 3758/3955/3745 3757/3969/3744
f 3773/3971/3760 3758/3955/3745 3772/3970/3759
f 3773/3971/3760 3759/3956/3746 3758/3955/3745
f 3773/3971/3760 3765/3962/3752 3759/3956/3746
f 3773/3971/3760 3767/3964/3754 3765/3962/3752
f 3774/3972/3761 3775/3973/3762 3776/3974/3763
f 3774/3972/3761 3770/3967/3757 3775/3973/3762
f 3777/3975/3764 3770/3967/3757 3774/3972/3761
f 3777/3975/3764 3768/3965/3755 3770/3967/3757
f 3778/3976/3765 3768/3965/3755 3777/3975/3764
f 3778/3976/3765 3766/3963/3753 3768/3965/3755
f 3779/3977/3766 3766/3963/3753 3778/3976/3765
f 3779/3977/3766 3764/3961/3751 3766/3963/3753
f 3779/3977/3766 3771/3968/3758 3764/3961/3751
f 3779/3977/3766 3772/3970/3759 3771/3968/3758
f 3780/3978/3767 3772/3970/3759 3779/3977/3766
f 3780/3978/3767 3773/3971/3760 3772/3970/3759
f 3781/3979/3768 3773/3971/3760 3780/3978/3767
f 3781/3979/3768 3767/3964/3754 3773/3971/3760
f 3781/3979/3768 3769/3966/3756 3767/3964/3754
f 3780/3978/3767 3769/3966/3756 3781/3979/3768
f 3780/3978/3767 3782/3980/3769 3769/3966/3756
f 3779/3977/3766 3782/3980/3769 3780/3978/3767
f 3779/3977/3766 3783/3981/3770 3782/3980/3769
f 3778/3976/3765 3783/3981/3770 3779/3977/3766
f 3778/3976/3765 3784/3982/3771 3783/3981/3770
f 3777/3975/3764 3784/3982/3771 3778/3976/3765
f 3777/3975/3764 3785/3983/3772 3784/3982/3771
f 3786/3984/3773 3784/3982/3771 3785/3983/3772
f 3787/3985/3774 3784/3982/3771 3786/3984/3773
f 3787/3985/3774 3783/3981/3770 3784/3982/3771
f 3782/3980/3769 3788/3986/3775 3769/3966/3756
f 3783/3981/3770 3788/3986/3775 3782/3980/3769
f 3787/3985/3774 3788/3986/3775 3783/3981/3770
f 3787/3985/3774 3789/3987/3776 3788/3986/3775
f 3786/3984/3773 3789/3987/3776 3787/3985/3774
f 3786/3984/3773 3790/3988/3777 3789/3987/3776
f 3788/3986/3775 3770/3967/3757 3769/3966/3756
f 3788/3986/3775 3775/3973/3762 3770/3967/3757
f 3789/3987/3776 3775/3973/3762 3788/3986/3775
f 3789/3987/3776 3776/3974/3763 3775/3973/3762
f 3790/3988/3777 3776/3974/3763 3789/3987/3776
f 3790/3988/3777 3791/3989/3778 3776/3974/3763
f 3792/3990/3779 3791/3989/3778 3790/3988/3777
f 3792/3990/3779 3793/3991/3780 3791/3989/3778
f 3794/3992/3781 3793/3991/3780 3792/3990/3779
f 3794/3992/3781 3795/3993/3782 3793/3991/3780
f 3794/3992/3781 3796/3994/3783 3797/3995/3784
f 3794/3992/3781 3798/3996/3785 3796/3994/3783
f 3792/3990/3779 3798/3996/3785 3794/3992/3781
f 3790/3988/3777 3798/3996/3785 3792/3990/3779
f 3790/3988/3777 3799/3997/3786 3798/3996/3785
f 3786/3984/3773 3799/3997/3786 3790/3988/3777
f 3786/3984/3773 3800/3998/3787 3799/3997/3786
f 3785/3983/3772 3800/3998/3787 3786/3984/3773
f 3801/3999/3788 3800/3998/3787 3785/3983/3772
f 3802/4000/3789 3800/3998/3787 3801/3999/3788
f 3802/4000/3789 3803/4001/3790 3800/3998/3787
f 3796/3994/3783 3803/4001/3790 3802/4000/3789
f 3798/3996/3785 3803/4001/3790 3796/3994/3783
f 3799/3997/3786 3803/4001/3790 3798/3996/3785
f 3799/3997/3786 3800/3998/3787 3803/4001/3790
f 3774/3972/3761 3785/3983/3772 3777/3975/3764
f 3774/3972/3761 3801/3999/3788 3785/3983/3772
f 3776/3974/3763 3801/3999/3788 3774/3972/3761
f 3791/3989/3778 3801/3999/3788 3776/3974/3763
f 3791/3989/3778 3802/4000/3789 3801/3999/3788
f 3804/4002/3791 3802/4000/3789 3791/3989/3778
f 3804/4002/3791 3796/3994/3783 3802/4000/3789
f 3805/4003/3792 3796/3994/3783 3804/4002/3791
f 3805/4003/3792 3797/3995/3784 3796/3994/3783
f 3805/4003/3792 3806/4004/3793 3797/3995/3784
f 3807/4005/3794 3805/4003/3792 3804/4002/3791
f 3807/4005/3794 3808/4006/3795 3805/4003/3792
f 3808/4006/3795 3806/4004/3793 3805/4003/3792
f 3808/4006/3795 3809/4007/3796 3806/4004/3793
f 3810/4008/3797 3809/4007/3796 3808/4006/3795
f 3810/4008/3797 3811/4009/3798 3809/4007/3796
f 3812/4010/3799 3811/4009/3798 3810/4008/3797
f 3812/4010/3799 3813/4011/3800 3811/4009/3798
f 3814/4012/3801 3813/4011/3800 3812/4010/3799
f 3814/4012/3801 3815/4013/3802 3813/4011/3800
f 3816/4014/3803 3815/4013/3802 3814/4012/3801
f 3816/4014/3803 3817/4015/3804 3815/4013/3802
f 3818/4016/3805 3819/4017/3806 3820/4018/3807
f 3814/4012/3801 3819/4017/3806 3818/4016/3805
f 3814/4012/3801 3821/4019/3808 3819/4017/3806
f 3812/4010/3799 3821/4019/3808 3814/4012/3801
f 3812/4010/3799 3822/4020/3809 3821/4019/3808
f 3810/4008/3797 3822/4020/3809 3812/4010/3799
f 3808/4006/3795 3822/4020/3809 3810/4008/3797
f 3808/4006/3795 3823/4021/3810 3822/4020/3809
f 3807/4005/3794 3823/4021/3810 3808/4006/3795
f 3807/4005/3794 3824/4022/3811 3823/4021/3810
f 3804/4002/3791 3824/4022/3811 3807/4005/3794
f 3804/4002/3791 3825/4023/3812 3824/4022/3811
f 3791/3989/3778 3825/4023/3812 3804/4002/3791
f 3793/3991/3780 3825/4023/3812 3791/3989/3778
f 3795/3993/3782 3825/4023/3812 3793/3991/3780
f 3795/3993/3782 3824/4022/3811 3825/4023/3812
f 3826/4024/3813 3824/4022/3811 3795/3993/3782
f 3826/4024/3813 3823/4021/3810 3824/4022/3811
f 3827/4025/3814 3823/4021/3810 3826/4024/3813
f 3827/4025/3814 3822/4020/3809 3823/4021/3810
f 3819/4017/3806 3822/4020/3809 3827/4025/3814
f 3819/4017/3806 3821/4019/3808 3822/4020/3809
f 3827/4025/3814 3820/4018/3807 3819/4017/3806
f 3827/4025/3814 3828/4026/3815 3820/4018/3807
f 3826/4024/3813 3828/4026/3815 3827/4025/3814
f 3826/4024/3813 3829/4027/3816 3828/4026/3815
f 3795/3993/3782 3829/4027/3816 3826/4024/3813
f 3797/3995/3784 3795/3993/3782 3794/3992/3781
f 3797/3995/3784 3829/4027/3816 3795/3993/3782
f 3806/4004/3793 3829/4027/3816 3797/3995/3784
f 3806/4004/3793 3828/4026/3815 3829/4027/3816
f 3809/4007/3796 3828/4026/3815 3806/4004/3793
f 3809/4007/3796 3820/4018/3807 3828/4026/3815
f 3811/4009/3798 3820/4018/3807 3809/4007/3796
f 3811/4009/3798 3830/4028/3817 3820/4018/3807
f 3813/4011/3800 3830/4028/3817 3811/4009/3798
f 3813/4011/3800 3831/4029/3818 3830/4028/3817
f 3832/4030/3819 3833/4031/3820 3834/4032/3821
f 3832/4030/3819 3835/4033/3822 3833/4031/3820
f 3832/4030/3819 3836/4034/3823 3835/4033/3822
f 3837/4035/3824 3836/4034/3823 3832/4030/3819
f 3837/4035/3824 3831/4029/3818 3836/4034/3823
f 3838/4036/3825 3831/4029/3818 3837/4035/3824
f 3838/4036/3825 3830/4028/3817 3831/4029/3818
f 3839/4037/3826 3830/4028/3817 3838/4036/3825
f 3839/4037/3826 3820/4018/3807 3830/4028/3817
f 3818/4016/3805 3820/4018/3807 3839/4037/3826
f 3818/4016/3805 3816/4014/3803 3814/4012/3801
f 3818/4016/3805 3840/4038/3827 3816/4014/3803
f 3839/4037/3826 3840/4038/3827 3818/4016/3805
f 3839/4037/3826 3838/4036/3825 3840/4038/3827
f 3840/4038/3827 3817/4015/3804 3816/4014/3803
f 3840/4038/3827 3841/4039/3828 3817/4015/3804
f 3838/4036/3825 3841/4039/3828 3840/4038/3827
f 3838/4036/3825 3842/4040/3829 3841/4039/3828
f 3837/4035/3824 3842/4040/3829 3838/4036/3825
f 3837/4035/3824 3843/4041/3830 3842/4040/3829
f 3832/4030/3819 3843/4041/3830 3837/4035/3824
f 3832/4030/3819 3844/4042/3831 3843/4041/3830
f 3834/4032/3821 3844/4042/3831 3832/4030/3819
f 3834/4032/3821 3845/4043/3832 3844/4042/3831
f 3846/4044/3833 3843/4041/3830 3844/4042/3831
f 3846/4044/3833 3842/4040/3829 3843/4041/3830
f 3846/4044/3833 3841/4039/3828 3842/4040/3829
f 3847/4045/3834 3841/4039/3828 3846/4044/3833
f 3847/4045/3834 3817/4015/3804 3841/4039/3828
f 3815/4013/3802 3831/4029/3818 3813/4011/3800
f 3815/4013/3802 3836/4034/3823 3831/4029/3818
f 3817/4015/3804 3836/4034/3823 3815/4013/3802
f 3817/4015/3804 3835/4033/3822 3836/4034/3823
f 3847/4045/3834 3835/4033/3822 3817/4015/3804
f 3847/4045/3834 3848/4046/3835 3835/4033/3822
f 3846/4044/3833 3848/4046/3835 3847/4045/3834
f 3846/4044/3833 3849/4047/3836 3848/4046/3835
f 3844/4042/3831 3849/4047/3836 3846/4044/3833
f 3844/4042/3831 3850/4048/3837 3849/4047/3836
f 3851/4049/3838 3852/4050/3839 3853/4051/3840
f 3851/4049/3838 3850/4048/3837 3852/4050/3839
f 3848/4046/3835 3850/4048/3837 3851/4049/3838
f 3848/4046/3835 3849/4047/3836 3850/4048/3837
f 3854/4052/3841 3853/4051/3840 3855/4053/3842
f 3854/4052/3841 3851/4049/3838 3853/4051/3840
f 3833/4031/3820 3851/4049/3838 3854/4052/3841
f 3833/4031/3820 3848/4046/3835 3851/4049/3838
f 3835/4033/3822 3848/4046/3835 3833/4031/3820
f 3856/4054/3843 3852/4050/3839 3857/4055/3844
f 3856/4054/3843 3853/4051/3840 3852/4050/3839
f 3858/4056/3845 3853/4051/3840 3856/4054/3843
f 3858/4056/3845 3855/4053/3842 3853/4051/3840
f 3859/4057/3846 3855/4053/3842 3858/4056/3845
f 3860/4058/3847 3855/4053/3842 3859/4057/3846
f 3860/4058/3847 3854/4052/3841 3855/4053/3842
f 3861/4059/3848 3854/4052/3841 3860/4058/3847
f 3861/4059/3848 3833/4031/3820 3854/4052/3841
f 3834/4032/3821 3833/4031/3820 3861/4059/3848
f 3861/4059/3848 3845/4043/3832 3834/4032/3821
f 3861/4059/3848 3862/4060/3849 3845/4043/3832
f 3860/4058/3847 3862/4060/3849 3861/4059/3848
f 3860/4058/3847 3863/4061/3850 3862/4060/3849
f 3859/4057/3846 3863/4061/3850 3860/4058/3847
f 3859/4057/3846 3864/4062/3851 3863/4061/3850
f 3859/4057/3846 3865/4063/3852 3864/4062/3851
f 3858/4056/3845 3865/4063/3852 3859/4057/3846
f 3858/4056/3845 3866/4064/3853 3865/4063/3852
f 3856/4054/3843 3866/4064/3853 3858/4056/3845
f 3845/4043/3832 3850/4048/3837 3844/4042/3831
f 3845/4043/3832 3852/4050/3839 3850/4048/3837
f 3862/4060/3849 3852/4050/3839 3845/4043/3832
f 3862/4060/3849 3857/4055/3844 3852/4050/3839
f 3863/4061/3850 3857/4055/3844 3862/4060/3849
f 3863/4061/3850 3867/4065/3854 3857/4055/3844
f 3864/4062/3851 3867/4065/3854 3863/4061/3850
f 3864/4062/3851 3868/4066/3855 3867/4065/3854
f 3865/4063/3852 3868/4066/3855 3864/4062/3851
f 3865/4063/3852 3869/4067/3856 3868/4066/3855
f 3856/4054/3843 3870/4068/3857 3866/4064/3853
f 3857/4055/3844 3870/4068/3857 3856/4054/3843
f 3867/4065/3854 3870/4068/3857 3857/4055/3844
f 3867/4065/3854 3871/4069/3858 3870/4068/3857
f 3868/4066/3855 3871/4069/3858 3867/4065/3854
f 3868/4066/3855 3872/4070/3859 3871/4069/3858
f 3869/4067/3856 3872/4070/3859 3868/4066/3855
f 3869/4067/3856 3873/4071/3860 3872/4070/3859
f 3874/4072/3861 3873/4071/3860 3869/4067/3856
f 3874/4072/3861 3875/4073/3862 3873/4071/3860
f 3870/4068/3857 3876/4074/3863 3866/4064/3853
f 3871/4069/3858 3876/4074/3863 3870/4068/3857
f 3871/4069/3858 3877/4075/3864 3876/4074/3863
f 3872/4070/3859 3877/4075/3864 3871/4069/3858
f 3872/4070/3859 3878/4076/3865 3877/4075/3864
f 3866/4064/3853 3869/4067/3856 3865/4063/3852
f 3866/4064/3853 3874/4072/3861 3869/4067/3856
f 3876/4074/3863 3874/4072/3861 3866/4064/3853
f 3876/4074/3863 3879/4077/3866 3874/4072/3861
f 3877/4075/3864 3879/4077/3866 3876/4074/3863
f 3877/4075/3864 3880/4078/3867 3879/4077/3866
f 3878/4076/3865 3880/4078/3867 3877/4075/3864
f 3878/4076/3865 3881/4079/3868 3880/4078/3867
f 3882/4080/3869 3881/4079/3868 3878/4076/3865
f 3882/4080/3869 3883/4081/3870 3881/4079/3868
f 3879/4077/3866 3875/4073/3862 3874/4072/3861
f 3879/4077/3866 3884/4082/3871 3875/4073/3862
f 3880/4078/3867 3884/4082/3871 3879/4077/3866
f 3880/4078/3867 3885/4083/3872 3884/4082/3871
f 3881/4079/3868 3885/4083/3872 3880/4078/3867
f 3881/4079/3868 3886/4084/3873 3885/4083/3872
f 3883/4081/3870 3886/4084/3873 3881/4079/3868
f 3883/4081/3870 3887/4085/3874 3886/4084/3873
f 3888/4086/3875 3887/4085/3874 3883/4081/3870
f 3888/4086/3875 3889/4087/3876 3887/4085/3874
f 3890/4088/3877 3884/4082/3871 3885/4083/3872
f 3891/4089/3878 3884/4082/3871 3890/4088/3877
f 3891/4089/3878 3875/4073/3862 3884/4082/3871
f 3891/4089/3878 3873/4071/3860 3875/4073/3862
f 3891/4089/3878 3872/4070/3859 3873/4071/3860
f 3864/4062/3879 3872/4070/3859 3891/4089/3878
f 3864/4062/3879 3878/4076/3865 3872/4070/3859
f 3864/4062/3879 3882/4080/3869 3878/4076/3865
f 3892/4090/3880 3882/4080/3869 3864/4062/3879
f 3892/4090/3880 3893/4091/3881 3882/4080/3869
f 3894/4092/3882 3890/4088/3877 3895/4093/3883
f 3892/4090/3880 3890/4088/3877 3894/4092/3882
f 3892/4090/3880 3891/4089/3878 3890/4088/3877
f 3864/4062/3879 3891/4089/3878 3892/4090/3880
f 3894/4092/3882 3893/4091/3881 3892/4090/3880
f 3894/4092/3882 3896/4094/3884 3893/4091/3881
f 3894/4092/3882 3897/4095/3885 3896/4094/3884
f 3895/4093/3883 3897/4095/3885 3894/4092/3882
f 3895/4093/3883 3898/4096/3886 3897/4095/3885
f 3899/4097/3887 3900/4098/3888 3901/4099/3889
f 3899/4097/3887 3902/4100/3890 3900/4098/3888
f 3899/4097/3887 3903/4101/3891 3902/4100/3890
f 3897/4102/3885 3903/4101/3891 3899/4097/3887
f 3898/4096/3886 3903/4101/3891 3897/4102/3885
f 3898/4096/3886 3887/4085/3874 3903/4101/3891
f 3898/4096/3886 3886/4084/3873 3887/4085/3874
f 3895/4093/3883 3886/4084/3873 3898/4096/3886
f 3895/4093/3883 3885/4083/3872 3886/4084/3873
f 3890/4088/3877 3885/4083/3872 3895/4093/3883
f 3897/4102/3885 3901/4099/3889 3896/4094/3884
f 3899/4097/3887 3901/4099/3889 3897/4102/3885
f 3889/4087/3876 3903/4101/3891 3887/4085/3874
f 3904/4103/3892 3903/4101/3891 3889/4087/3876
f 3904/4103/3892 3902/4100/3890 3903/4101/3891
f 3904/4103/3892 3905/4104/3893 3902/4100/3890
f 3906/4105/3894 3905/4104/3893 3904/4103/3892
f 3906/4105/3894 3907/4106/3895 3905/4104/3893
f 3908/4107/3896 3907/4106/3895 3906/4105/3894
f 3908/4107/3896 3909/4108/3897 3907/4106/3895
f 3910/4109/3898 3909/4108/3897 3908/4107/3896
f 3908/4107/3896 3906/4105/3894 3911/4110/3899
f 3912/4111/3900 3889/4087/3876 3888/4086/3875
f 3912/4111/3900 3904/4103/3892 3889/4087/3876
f 3913/4112/3901 3904/4103/3892 3912/4111/3900
f 3913/4112/3901 3906/4105/3894 3904/4103/3892
f 3914/4113/3902 3906/4105/3894 3913/4112/3901
f 3914/4113/3902 3911/4110/3899 3906/4105/3894
f 3915/4114/3903 3911/4110/3899 3914/4113/3902
f 3915/4114/3903 3908/4107/3896 3911/4110/3899
f 3916/4115/3904 3908/4107/3896 3915/4114/3903
f 3916/4115/3904 3910/4109/3898 3908/4107/3896
f 3912/4111/3900 3914/4113/3902 3913/4112/3901
f 3893/4091/3881 3883/4081/3870 3882/4080/3869
f 3893/4091/3881 3888/4086/3875 3883/4081/3870
f 3896/4094/3884 3888/4086/3875 3893/4091/3881
f 3896/4094/3884 3912/4111/3900 3888/4086/3875
f 3901/4099/3889 3912/4111/3900 3896/4094/3884
f 3901/4099/3889 3914/4113/3902 3912/4111/3900
f 3900/4098/3888 3914/4113/3902 3901/4099/3889
f 3900/4098/3888 3915/4114/3903 3914/4113/3902
f 3902/4100/3890 3915/4114/3903 3900/4098/3888
f 3902/4100/3890 3917/4116/3905 3915/4114/3903
f 3917/4116/3905 3916/4115/3904 3915/4114/3903
f 3917/4116/3905 3918/4117/3906 3916/4115/3904
f 3919/4118/3907 3918/4117/3906 3917/4116/3905
f 3916/4115/3904 3920/4119/3908 3910/4109/3898
f 3918/4117/3906 3920/4119/3908 3916/4115/3904
f 3918/4117/3906 3921/4120/3909 3920/4119/3908
f 3919/4118/3907 3921/4120/3909 3918/4117/3906
f 3922/4121/3910 3921/4120/3909 3919/4118/3907
f 3922/4121/3910 3923/4122/3911 3921/4120/3909
f 3924/4123/3912 3923/4122/3911 3922/4121/3910
f 3905/4104/3893 3917/4116/3905 3902/4100/3890
f 3905/4104/3893 3919/4118/3907 3917/4116/3905
f 3907/4106/3895 3919/4118/3907 3905/4104/3893
f 3907/4106/3895 3922/4121/3910 3919/4118/3907
f 3909/4108/3897 3922/4121/3910 3907/4106/3895
f 3909/4108/3897 3924/4123/3912 3922/4121/3910
f 3910/4109/3898 3924/4123/3912 3909/4108/3897
f 3910/4109/3898 3925/4124/3913 3924/4123/3912
f 3920/4119/3908 3925/4124/3913 3910/4109/3898
f 3920/4119/3908 3926/4125/3914 3925/4124/3913
f 3921/4120/3909 3926/4125/3914 3920/4119/3908
f 3921/4120/3909 3927/4126/3915 3926/4125/3914
f 3923/4122/3911 3927/4126/3915 3921/4120/3909
f 3923/4122/3911 3926/4125/3914 3927/4126/3915
f 3924/4123/3912 3926/4125/3914 3923/4122/3911
f 3924/4123/3912 3925/4124/3913 3926/4125/3914
f 3928/4127/3916 3929/4128/3917 3930/4129/3918
f 3929/4128/3917 3931/4130/3919 3932/4131/3920
f 3929/4128/3917 3933/4132/3921 3931/4130/3919
f 3928/4127/3916 3933/4132/3921 3929/4128/3917
f 3928/4127/3916 3934/4133/3922 3933/4132/3921
f 3935/4134/3923 3936/4135/3924 3937/4136/3925
f 3932/4131/3920 3936/4135/3924 3935/4134/3923
f 3932/4131/3920 3938/4137/3926 3936/4135/3924
f 3931/4130/3919 3938/4137/3926 3932/4131/3920
f 3931/4130/3919 3939/4138/3927 3938/4137/3926
f 3931/4130/3919 3940/4139/3928 3939/4138/3927
f 3933/4132/3921 3940/4139/3928 3931/4130/3919
f 3933/4132/3921 3941/4140/3929 3940/4139/3928
f 3934/4133/3922 3941/4140/3929 3933/4132/3921
f 3934/4133/3922 3942/4141/3930 3941/4140/3929
f 3943/4142/3931 3942/4141/3930 3934/4133/3922
f 3944/4143/3932 3942/4141/3930 3943/4142/3931
f 3945/4144/3933 3942/4141/3930 3944/4143/3932
f 3946/4145/3934 3942/4141/3930 3945/4144/3933
f 3946/4145/3934 3941/4140/3929 3942/4141/3930
f 3947/4146/3935 3941/4140/3929 3946/4145/3934
f 3948/4147/3936 3941/4140/3929 3947/4146/3935
f 3948/4147/3936 3940/4139/3928 3941/4140/3929
f 3949/4148/3937 3940/4139/3928 3948/4147/3936
f 3949/4148/3937 3939/4138/3927 3940/4139/3928
f 3947/4146/3935 3950/4149/3938 3951/4150/3939
f 3946/4145/3934 3950/4149/3938 3947/4146/3935
f 3946/4145/3934 3952/4151/3940 3950/4149/3938
f 3945/4144/3933 3952/4151/3940 3946/4145/3934
f 3945/4144/3933 3953/4152/3941 3952/4151/3940
f 3945/4144/3933 3954/4153/3942 3953/4152/3941
f 3945/4144/3933 3955/4154/3943 3954/4153/3942
f 3944/4143/3932 3955/4154/3943 3945/4144/3933
f 3944/4143/3932 3956/4155/3944 3955/4154/3943
f 3943/4142/3931 3956/4155/3944 3944/4143/3932
f 3938/4137/3926 3955/4154/3943 3956/4155/3944
f 3939/4138/3927 3955/4154/3943 3938/4137/3926
f 3939/4138/3927 3954/4153/3942 3955/4154/3943
f 3949/4148/3937 3954/4153/3942 3939/4138/3927
f 3949/4148/3937 3953/4152/3941 3954/4153/3942
f 3949/4148/3937 3957/4156/3945 3953/4152/3941
f 3948/4147/3936 3957/4156/3945 3949/4148/3937
f 3948/4147/3936 3958/4157/3946 3957/4156/3945
f 3947/4146/3935 3958/4157/3946 3948/4147/3936
f 3947/4146/3935 3951/4150/3939 3958/4157/3946
f 3943/4142/3931 3959/4158/3947 3956/4155/3944
f 3960/4159/3948 3959/4158/3947 3943/4142/3931
f 3960/4159/3948 3961/4160/3949 3959/4158/3947
f 3962/4161/3950 3961/4160/3949 3960/4159/3948
f 3962/4161/3950 3963/4162/3951 3961/4160/3949
f 3964/4163/3952 3963/4162/3951 3962/4161/3950
f 3964/4163/3952 3965/4164/3953 3963/4162/3951
f 3966/4165/3954 3965/4164/3953 3964/4163/3952
f 3966/4165/3954 3967/4166/3955 3965/4164/3953
f 3968/4167/3956 3967/4166/3955 3966/4165/3954
f 3968/4167/3956 3969/4168/3957 3970/4169/3958
f 3966/4165/3954 3969/4168/3957 3968/4167/3956
f 3966/4165/3954 3971/4170/3959 3969/4168/3957
f 3964/4163/3952 3971/4170/3959 3966/4165/3954
f 3964/4163/3952 3930/4129/3918 3971/4170/3959
f 3962/4161/3950 3930/4129/3918 3964/4163/3952
f 3962/4161/3950 3928/4127/3916 3930/4129/3918
f 3960/4159/3948 3928/4127/3916 3962/4161/3950
f 3960/4159/3948 3934/4133/3922 3928/4127/3916
f 3943/4142/3931 3934/4133/3922 3960/4159/3948
f 3972/4171/3960 3973/4172/3961 3974/4173/3962
f 3970/4169/3958 3973/4172/3961 3972/4171/3960
f 3970/4169/3958 3975/4174/3963 3973/4172/3961
f 3969/4168/3957 3975/4174/3963 3970/4169/3958
f 3969/4168/3957 3976/4175/3964 3975/4174/3963
f 3971/4170/3959 3976/4175/3964 3969/4168/3957
f 3971/4170/3959 3935/4134/3923 3976/4175/3964
f 3930/4129/3918 3935/4134/3923 3971/4170/3959
f 3930/4129/3918 3932/4131/3920 3935/4134/3923
f 3929/4128/3917 3932/4131/3920 3930/4129/3918
f 3977/4176/3965 3978/4177/3966 3979/4178/3967
f 3977/4176/3965 3980/4179/3968 3978/4177/3966
f 3974/4173/3962 3980/4179/3968 3977/4176/3965
f 3973/4172/3961 3980/4179/3968 3974/4173/3962
f 3973/4172/3961 3981/4180/3969 3980/4179/3968
f 3975/4174/3963 3981/4180/3969 3973/4172/3961
f 3975/4174/3963 3982/4181/3970 3981/4180/3969
f 3976/4175/3964 3982/4181/3970 3975/4174/3963
f 3976/4175/3964 3937/4136/3925 3982/4181/3970
f 3935/4134/3923 3937/4136/3925 3976/4175/3964
f 3980/4179/3968 3983/4182/3971 3978/4177/3966
f 3981/4180/3969 3983/4182/3971 3980/4179/3968
f 3981/4180/3969 3984/4183/3972 3983/4182/3971
f 3982/4181/3970 3984/4183/3972 3981/4180/3969
f 3982/4181/3970 3985/4184/3973 3984/4183/3972
f 3937/4136/3925 3985/4184/3973 3982/4181/3970
f 3937/4136/3925 3936/4135/3924 3985/4184/3973
f 3978/4177/3966 3965/4164/3953 3967/4166/3955
f 3983/4182/3971 3965/4164/3953 3978/4177/3966
f 3983/4182/3971 3963/4162/3951 3965/4164/3953
f 3984/4183/3972 3963/4162/3951 3983/4182/3971
f 3984/4183/3972 3961/4160/3949 3963/4162/3951
f 3985/4184/3973 3961/4160/3949 3984/4183/3972
f 3985/4184/3973 3959/4158/3947 3961/4160/3949
f 3936/4135/3924 3959/4158/3947 3985/4184/3973
f 3936/4135/3924 3956/4155/3944 3959/4158/3947
f 3938/4137/3926 3956/4155/3944 3936/4135/3924
f 3662/3859/3649 3986/4185/3974 3664/3861/3651
f 3652/3849/3639 3986/4185/3974 3662/3859/3649
f 3652/3849/3639 3987/4186/3975 3986/4185/3974
f 3651/3848/3638 3987/4186/3975 3652/3849/3639
f 3651/3848/3638 3988/4187/3976 3987/4186/3975
f 3658/3855/3645 3988/4187/3976 3651/3848/3638
f 3658/3855/3645 3989/4188/3977 3988/4187/3976
f 3979/4178/3967 3989/4188/3977 3658/3855/3645
f 3979/4178/3967 3967/4166/3955 3989/4188/3977
f 3978/4177/3966 3967/4166/3955 3979/4178/3967
f 3968/4167/3956 3989/4188/3977 3967/4166/3955
f 3990/4189/3978 3989/4188/3977 3968/4167/3956
f 3990/4189/3978 3988/4187/3976 3989/4188/3977
f 3991/4190/3979 3988/4187/3976 3990/4189/3978
f 3991/4190/3979 3987/4186/3975 3988/4187/3976
f 3991/4190/3979 3986/4185/3974 3987/4186/3975
f 3992/4191/3980 3986/4185/3974 3991/4190/3979
f 3992/4191/3980 3664/3861/3651 3986/4185/3974
f 3656/3853/3643 3664/3861/3651 3992/4191/3980
f 3656/3853/3643 3655/3852/3642 3664/3861/3651
f 3654/3851/3641 3979/4178/3967 3658/3855/3645
f 3654/3851/3641 3977/4176/3965 3979/4178/3967
f 3656/3853/3643 3977/4176/3965 3654/3851/3641
f 3656/3853/3643 3974/4173/3962 3977/4176/3965
f 3992/4191/3980 3974/4173/3962 3656/3853/3643
f 3992/4191/3980 3972/4171/3960 3974/4173/3962
f 3991/4190/3979 3972/4171/3960 3992/4191/3980
f 3990/4189/3978 3972/4171/3960 3991/4190/3979
f 3990/4189/3978 3970/4169/3958 3972/4171/3960
f 3968/4167/3956 3970/4169/3958 3990/4189/3978
f 3993/4192/3981 3994/4193/3982 3995/4194/3983
f 3993/4192/3981 3996/4195/3984 3994/4193/3982
f 3997/4196/3985 3996/4195/3984 3993/4192/3981
f 3997/4196/3985 3998/4197/3986 3996/4195/3984
f 3999/4198/3987 3998/4197/3986 3997/4196/3985
f 3995/4194/3983 4000/4199/3988 4001/4200/3989
f 3995/4194/3983 4002/4201/3990 4000/4199/3988
f 3994/4193/3982 4002/4201/3990 3995/4194/3983
f 3994/4193/3982 4003/4202/3991 4002/4201/3990
f 3996/4195/3984 4003/4202/3991 3994/4193/3982
f 3996/4195/3984 4004/4203/3992 4003/4202/3991
f 3998/4197/3986 4004/4203/3992 3996/4195/3984
f 3998/4197/3986 4005/4204/3993 4004/4203/3992
f 4006/4205/3994 4005/4204/3993 3998/4197/3986
f 4006/4205/3994 4007/4206/3995 4005/4204/3993
f 4005/4204/3993 4003/4202/3991 4004/4203/3992
f 4002/4201/3990 4008/4207/3996 4000/4199/3988
f 4003/4202/3991 4008/4207/3996 4002/4201/3990
f 4009/4208/3997 4010/4209/3998 4011/4210/3999
f 4012/4211/4000 4010/4209/3998 4009/4208/3997
f 4000/4199/3988 4010/4209/3998 4012/4211/4000
f 4000/4199/3988 4013/4212/4001 4010/4209/3998
f 4008/4207/3996 4013/4212/4001 4000/4199/3988
f 4008/4207/3996 4014/4213/4002 4013/4212/4001
f 4003/4202/3991 4014/4213/4002 4008/4207/3996
f 4003/4202/3991 4015/4214/4003 4014/4213/4002
f 4005/4204/3993 4015/4214/4003 4003/4202/3991
f 4007/4206/3995 4015/4214/4003 4005/4204/3993
f 4016/4215/4004 4014/4213/4002 4015/4214/4003
f 4017/4216/4005 4014/4213/4002 4016/4215/4004
f 4017/4216/4005 4013/4212/4001 4014/4213/4002
f 4017/4216/4005 4010/4209/3998 4013/4212/4001
f 4017/4216/4005 4018/4217/4006 4010/4209/3998
f 4019/4218/4007 4018/4217/4006 4017/4216/4005
f 4019/4218/4007 4020/4219/4008 4018/4217/4006
f 4017/4216/4005 4016/4215/4004 4019/4218/4007
f 4007/4206/3995 4016/4215/4004 4015/4214/4003
f 4021/4220/4009 4016/4215/4004 4007/4206/3995
f 4022/4221/4010 4016/4215/4004 4021/4220/4009
f 4022/4221/4010 4019/4218/4007 4016/4215/4004
f 4023/4222/4011 4019/4218/4007 4022/4221/4010
f 4023/4222/4011 4020/4219/4008 4019/4218/4007
f 4023/4222/4011 4024/4223/4012 4020/4219/4008
f 4025/4224/4013 4024/4223/4012 4023/4222/4011
f 4025/4224/4013 4026/4225/4014 4024/4223/4012
f 4022/4221/4010 4025/4224/4013 4023/4222/4011
f 4027/4226/4015 4026/4225/4014 4028/4227/4016
f 4029/4228/4017 4026/4225/4014 4027/4226/4015
f 4030/4229/4018 4026/4225/4014 4029/4228/4017
f 4030/4229/4018 4024/4223/4012 4026/4225/4014
f 4031/4230/4019 4024/4223/4012 4030/4229/4018
f 4031/4230/4019 4020/4219/4008 4024/4223/4012
f 4032/4231/4020 4020/4219/4008 4031/4230/4019
f 4032/4231/4020 4018/4217/4006 4020/4219/4008
f 4011/4210/3999 4018/4217/4006 4032/4231/4020
f 4011/4210/3999 4010/4209/3998 4018/4217/4006
f 4033/4232/4021 4027/4226/4015 4034/4233/4022
f 4035/4234/4023 4027/4226/4015 4033/4232/4021
f 4035/4234/4023 4029/4228/4017 4027/4226/4015
f 4036/4235/4024 4029/4228/4017 4035/4234/4023
f 4036/4235/4024 4030/4229/4018 4029/4228/4017
f 4037/4236/4025 4030/4229/4018 4036/4235/4024
f 4038/4237/4026 4030/4229/4018 4037/4236/4025
f 4038/4237/4026 4031/4230/4019 4030/4229/4018
f 4039/4238/4027 4031/4230/4019 4038/4237/4026
f 4039/4238/4027 4032/4231/4020 4031/4230/4019
f 4040/4239/4028 4032/4231/4020 4039/4238/4027
f 4040/4239/4028 4011/4210/3999 4032/4231/4020
f 4041/4240/4029 4011/4210/3999 4040/4239/4028
f 4041/4240/4029 4009/4208/3997 4011/4210/3999
f 4033/4232/4021 4009/4208/3997 4041/4240/4029
f 4034/4233/4022 4009/4208/3997 4033/4232/4021
f 4042/4241/4030 4009/4208/3997 4034/4233/4022
f 4042/4241/4030 4012/4211/4000 4009/4208/3997
f 4001/4200/3989 4012/4211/4000 4042/4241/4030
f 4001/4200/3989 4000/4199/3988 4012/4211/4000
f 3993/4192/3981 3999/4198/3987 3997/4196/3985
f 3993/4192/3981 4043/4242/4031 3999/4198/3987
f 3995/4194/3983 4043/4242/4031 3993/4192/3981
f 3995/4194/3983 4044/4243/4032 4043/4242/4031
f 4001/4200/3989 4044/4243/4032 3995/4194/3983
f 4001/4200/3989 4045/4244/4033 4044/4243/4032
f 4042/4241/4030 4045/4244/4033 4001/4200/3989
f 4042/4241/4030 4028/4227/4016 4045/4244/4033
f 4034/4233/4022 4028/4227/4016 4042/4241/4030
f 4034/4233/4022 4027/4226/4015 4028/4227/4016
f 4046/4245/4034 4007/4206/3995 4006/4205/3994
f 4046/4245/4034 4021/4220/4009 4007/4206/3995
f 4047/4246/4035 4021/4220/4009 4046/4245/4034
f 4047/4246/4035 4022/4221/4010 4021/4220/4009
f 4048/4247/4036 4022/4221/4010 4047/4246/4035
f 4048/4247/4036 4025/4224/4013 4022/4221/4010
f 4044/4243/4032 4025/4224/4013 4048/4247/4036
f 4045/4244/4033 4025/4224/4013 4044/4243/4032
f 4045/4244/4033 4026/4225/4014 4025/4224/4013
f 4028/4227/4016 4026/4225/4014 4045/4244/4033
f 3998/4197/3986 4046/4245/4034 4006/4205/3994
f 3998/4197/3986 4049/4248/4037 4046/4245/4034
f 3999/4198/3987 4049/4248/4037 3998/4197/3986
f 3999/4198/3987 4047/4246/4035 4049/4248/4037
f 4043/4242/4031 4047/4246/4035 3999/4198/3987
f 4044/4243/4032 4047/4246/4035 4043/4242/4031
f 4044/4243/4032 4048/4247/4036 4047/4246/4035
f 4047/4246/4035 4046/4245/4034 4049/4248/4037
f 4050/4249/4038 4051/4250/4039 4052/4251/4040
f 4053/4252/4041 4051/4250/4039 4050/4249/4038
f 4052/4251/4040 4054/4253/4042 4055/4254/4043
f 4051/4250/4039 4054/4253/4042 4052/4251/4040
f 4051/4250/4039 4056/4255/4044 4054/4253/4042
f 4053/4252/4041 4056/4255/4044 4051/4250/4039
f 4053/4252/4041 4057/4256/4045 4056/4255/4044
f 4050/4249/4038 4057/4256/4045 4053/4252/4041
f 4050/4249/4038 4058/4257/4046 4057/4256/4045
f 4059/4258/4047 4058/4257/4046 4050/4249/4038
f 4059/4258/4047 4060/4259/4048 4058/4257/4046
f 4061/4260/4049 4060/4259/4048 4059/4258/4047
f 4062/4261/4050 4063/4262/4051 4064/4263/4052
f 4062/4261/4050 4056/4255/4044 4063/4262/4051
f 4062/4261/4050 4054/4253/4042 4056/4255/4044
f 4062/4261/4050 4055/4254/4043 4054/4253/4042
f 4064/4263/4052 4055/4254/4043 4062/4261/4050
f 4065/4264/4053 4063/4262/4051 4066/4265/4054
f 4065/4264/4053 4064/4263/4052 4063/4262/4051
f 4067/4266/4055 4064/4263/4052 4065/4264/4053
f 4068/4267/4056 4064/4263/4052 4067/4266/4055
f 4068/4267/4056 4055/4254/4043 4064/4263/4052
f 4069/4268/4057 4055/4254/4043 4068/4267/4056
f 4069/4268/4057 4052/4251/4040 4055/4254/4043
f 4070/4269/4058 4052/4251/4040 4069/4268/4057
f 4070/4269/4058 4050/4249/4038 4052/4251/4040
f 4059/4258/4047 4050/4249/4038 4070/4269/4058
f 4059/4258/4047 4071/4270/4059 4072/4271/4060
f 4070/4269/4058 4071/4270/4059 4059/4258/4047
f 4070/4269/4058 4073/4272/4061 4071/4270/4059
f 4069/4268/4057 4073/4272/4061 4070/4269/4058
f 4069/4268/4057 4074/4273/4062 4073/4272/4061
f 4068/4267/4056 4074/4273/4062 4069/4268/4057
f 4068/4267/4056 4075/4274/4063 4074/4273/4062
f 4067/4266/4055 4075/4274/4063 4068/4267/4056
f 4067/4266/4055 4076/4275/4064 4075/4274/4063
f 4067/4266/4055 4077/4276/4065 4076/4275/4064
f 4071/4270/4059 4078/4277/4066 4072/4271/4060
f 4071/4270/4059 4079/4278/4067 4078/4277/4066
f 4073/4272/4061 4079/4278/4067 4071/4270/4059
f 4073/4272/4061 4080/4279/4068 4079/4278/4067
f 4073/4272/4061 4081/4280/4069 4080/4279/4068
f 4074/4273/4062 4081/4280/4069 4073/4272/4061
f 4072/4271/4060 4082/4281/4070 4083/4282/4071
f 4078/4277/4066 4082/4281/4070 4072/4271/4060
f 4078/4277/4066 4084/4283/4072 4082/4281/4070
f 4078/4277/4066 4085/4284/4073 4084/4283/4072
f 4079/4278/4067 4085/4284/4073 4078/4277/4066
f 4079/4278/4067 4086/4285/4074 4085/4284/4073
f 4080/4279/4068 4086/4285/4074 4079/4278/4067
f 4080/4279/4068 4087/4286/4075 4086/4285/4074
f 4080/4279/4068 4088/4287/4076 4087/4286/4075
f 4081/4280/4069 4088/4287/4076 4080/4279/4068
f 4089/4288/4077 4090/4289/4078 4091/4290/4079
f 4089/4288/4077 4088/4287/4076 4090/4289/4078
f 4092/4291/4080 4088/4287/4076 4089/4288/4077
f 4093/4292/4081 4088/4287/4076 4092/4291/4080
f 4093/4292/4081 4087/4286/4075 4088/4287/4076
f 4094/4293/4082 4087/4286/4075 4093/4292/4081
f 4094/4293/4082 4086/4285/4074 4087/4286/4075
f 4095/4294/4083 4086/4285/4074 4094/4293/4082
f 4095/4294/4083 4085/4284/4073 4086/4285/4074
f 4096/4295/4084 4085/4284/4073 4095/4294/4083
f 4097/4296/4085 4098/4297/4086 4091/4290/4079
f 4099/4298/4087 4100/4299/4088 4101/4300/4089
f 4099/4298/4087 4097/4296/4085 4100/4299/4088
f 4102/4301/4090 4097/4296/4085 4099/4298/4087
f 4102/4301/4090 4098/4297/4086 4097/4296/4085
f 4096/4295/4084 4098/4297/4086 4102/4301/4090
f 4096/4295/4084 4084/4283/4072 4085/4284/4073
f 4102/4301/4090 4084/4283/4072 4096/4295/4084
f 4102/4301/4090 4082/4281/4070 4084/4283/4072
f 4099/4298/4087 4082/4281/4070 4102/4301/4090
f 4099/4298/4087 4083/4282/4071 4082/4281/4070
f 4101/4300/4089 4083/4282/4071 4099/4298/4087
f 4103/4302/4091 4083/4282/4071 4101/4300/4089
f 4061/4260/4049 4083/4282/4071 4103/4302/4091
f 4061/4260/4049 4072/4271/4060 4083/4282/4071
f 4059/4258/4047 4072/4271/4060 4061/4260/4049
f 4061/4260/4049 4104/4303/4092 4060/4259/4048
f 4103/4302/4091 4104/4303/4092 4061/4260/4049
f 4103/4302/4091 4077/4276/4065 4104/4303/4092
f 4101/4300/4089 4077/4276/4065 4103/4302/4091
f 4101/4300/4089 4076/4275/4064 4077/4276/4065
f 4100/4299/4088 4076/4275/4064 4101/4300/4089
f 4100/4299/4088 4105/4304/4093 4076/4275/4064
f 4097/4296/4085 4105/4304/4093 4100/4299/4088
f 4097/4296/4085 4090/4289/4078 4105/4304/4093
f 4091/4290/4079 4090/4289/4078 4097/4296/4085
f 4081/4280/4069 4090/4289/4078 4088/4287/4076
f 4081/4280/4069 4105/4304/4093 4090/4289/4078
f 4074/4273/4062 4105/4304/4093 4081/4280/4069
f 4075/4274/4063 4105/4304/4093 4074/4273/4062
f 4075/4274/4063 4076/4275/4064 4105/4304/4093
f 4106/4305/4094 4107/4306/4095 4108/4307/4096
f 4106/4305/4094 4109/4308/4097 4107/4306/4095
f 4110/4309/4098 4109/4308/4097 4106/4305/4094
f 4111/4310/4099 4107/4306/4095 4109/4308/4097
f 4112/4311/4100 4108/4307/4096 4113/4312/4101
f 4112/4311/4100 4106/4305/4094 4108/4307/4096
f 4114/4313/4102 4106/4305/4094 4112/4311/4100
f 4114/4313/4102 4110/4309/4098 4106/4305/4094
f 4115/4314/4103 4110/4309/4098 4114/4313/4102
f 4115/4314/4103 4116/4315/4104 4117/4316/4105
f 4114/4313/4102 4116/4315/4104 4115/4314/4103
f 4114/4313/4102 4118/4317/4106 4116/4315/4104
f 4112/4311/4100 4118/4317/4106 4114/4313/4102
f 4112/4311/4100 4119/4318/4107 4118/4317/4106
f 4113/4312/4101 4119/4318/4107 4112/4311/4100
f 4113/4312/4101 4120/4319/4108 4119/4318/4107
f 4116/4315/4104 4121/4320/4109 4122/4321/4110
f 4118/4317/4106 4121/4320/4109 4116/4315/4104
f 4118/4317/4106 4123/4322/4111 4121/4320/4109
f 4119/4318/4107 4123/4322/4111 4118/4317/4106
f 4119/4318/4107 4124/4323/4112 4123/4322/4111
f 4120/4319/4108 4124/4323/4112 4119/4318/4107
f 4120/4319/4108 4125/4324/4113 4124/4323/4112
f 4126/4325/4114 4125/4324/4113 4120/4319/4108
f 4126/4325/4114 4127/4326/4115 4125/4324/4113
f 4128/4327/4116 4127/4326/4115 4126/4325/4114
f 4129/4328/4117 4130/4329/4118 4131/4330/4119
f 4122/4321/4110 4130/4329/4118 4129/4328/4117
f 4122/4321/4110 4132/4331/4120 4130/4329/4118
f 4121/4320/4109 4132/4331/4120 4122/4321/4110
f 4121/4320/4109 4133/4332/4121 4132/4331/4120
f 4123/4322/4111 4133/4332/4121 4121/4320/4109
f 4123/4322/4111 4134/4333/4122 4133/4332/4121
f 4135/4334/4123 4134/4333/4122 4123/4322/4111
f 4135/4334/4123 4136/4335/4124 4134/4333/4122
f 4137/4336/4125 4136/4335/4124 4135/4334/4123
f 4133/4332/4121 4138/4337/4126 4132/4331/4120
f 4134/4333/4122 4138/4337/4126 4133/4332/4121
f 4134/4333/4122 4139/4338/4127 4138/4337/4126
f 4134/4333/4122 4140/4339/4128 4139/4338/4127
f 4136/4335/4124 4140/4339/4128 4134/4333/4122
f 4136/4335/4124 4141/4340/4129 4140/4339/4128
f 4142/4341/4130 4141/4340/4129 4143/4342/4131
f 4144/4343/4132 4141/4340/4129 4142/4341/4130
f 4144/4343/4132 4140/4339/4128 4141/4340/4129
f 4145/4344/4133 4140/4339/4128 4144/4343/4132
f 4145/4344/4133 4139/4338/4127 4140/4339/4128
f 4146/4345/4134 4139/4338/4127 4145/4344/4133
f 4146/4345/4134 4138/4337/4126 4139/4338/4127
f 4147/4346/4135 4138/4337/4126 4146/4345/4134
f 4147/4346/4135 4132/4331/4120 4138/4337/4126
f 4148/4347/4136 4132/4331/4120 4147/4346/4135
f 4149/4348/4137 4150/4349/4138 4151/4350/4139
f 4152/4351/4140 4150/4349/4138 4149/4348/4137
f 4146/4345/4134 4150/4349/4138 4152/4351/4140
f 4145/4344/4133 4150/4349/4138 4146/4345/4134
f 4145/4344/4133 4151/4350/4139 4150/4349/4138
f 4144/4343/4132 4151/4350/4139 4145/4344/4133
f 4142/4341/4130 4151/4350/4139 4144/4343/4132
f 4142/4341/4130 4153/4352/4141 4151/4350/4139
f 4154/4353/4142 4152/4351/4140 4149/4348/4137
f 4155/4354/4143 4156/4355/4144 4157/4356/4145
f 4158/4357/4146 4156/4355/4144 4155/4354/4143
f 4158/4357/4146 4159/4358/4147 4156/4355/4144
f 4160/4359/4148 4159/4358/4147 4158/4357/4146
f 4160/4359/4148 4161/4360/4149 4159/4358/4147
f 4162/4361/4150 4161/4360/4149 4160/4359/4148
f 4162/4361/4150 4153/4352/4141 4161/4360/4149
f 4163/4362/4151 4153/4352/4141 4162/4361/4150
f 4163/4362/4151 4151/4350/4139 4153/4352/4141
f 4149/4348/4137 4151/4350/4139 4163/4362/4151
f 4158/4357/4146 4164/4363/4152 4160/4359/4148
f 4165/4364/4153 4164/4363/4152 4158/4357/4146
f 4165/4364/4153 4166/4365/4154 4164/4363/4152
f 4167/4366/4155 4166/4365/4154 4165/4364/4153
f 4167/4366/4155 4168/4367/4156 4166/4365/4154
f 4167/4366/4155 4155/4354/4143 4168/4367/4156
f 4167/4366/4155 4158/4357/4146 4155/4354/4143
f 4165/4364/4153 4158/4357/4146 4167/4366/4155
f 4169/4368/4157 4164/4363/4152 4166/4365/4154
f 4168/4367/4156 4170/4369/4158 4166/4365/4154
f 4171/4370/4159 4172/4371/4160 4173/4372/4161
f 4174/4373/4162 4172/4371/4160 4171/4370/4159
f 4174/4373/4162 4175/4374/4163 4172/4371/4160
f 4176/4375/4164 4175/4374/4163 4174/4373/4162
f 4176/4375/4164 4170/4369/4158 4175/4374/4163
f 4177/4376/4165 4170/4369/4158 4176/4375/4164
f 4177/4376/4165 4166/4365/4154 4170/4369/4158
f 4178/4377/4166 4166/4365/4154 4177/4376/4165
f 4178/4377/4166 4169/4368/4157 4166/4365/4154
f 4179/4378/4167 4169/4368/4157 4178/4377/4166
f 4180/4379/4168 4036/4380/4024 4181/4381/4169
f 4180/4379/4168 4182/4382/4170 4036/4380/4024
f 4183/4383/4171 4182/4382/4170 4180/4379/4168
f 4184/4384/4172 4182/4382/4170 4183/4383/4171
f 4179/4378/4167 4182/4382/4170 4184/4384/4172
f 4179/4378/4167 4038/4385/4026 4182/4382/4170
f 4178/4377/4166 4038/4385/4026 4179/4378/4167
f 4178/4377/4166 4039/4386/4027 4038/4385/4026
f 4178/4377/4166 4040/4387/4028 4039/4386/4027
f 4177/4376/4165 4040/4387/4028 4178/4377/4166
f 4182/4382/4170 4037/4388/4025 4036/4380/4024
f 4182/4382/4170 4038/4385/4026 4037/4388/4025
f 4179/4378/4167 4185/4389/4173 4169/4368/4157
f 4179/4378/4167 4154/4353/4142 4185/4389/4173
f 4184/4384/4172 4154/4353/4142 4179/4378/4167
f 4184/4384/4172 4152/4351/4140 4154/4353/4142
f 4183/4383/4171 4152/4351/4140 4184/4384/4172
f 4183/4383/4171 4146/4345/4134 4152/4351/4140
f 4180/4379/4168 4146/4345/4134 4183/4383/4171
f 4180/4379/4168 4147/4346/4135 4146/4345/4134
f 4181/4381/4169 4147/4346/4135 4180/4379/4168
f 4181/4381/4169 4186/4390/4174 4147/4346/4135
f 4036/4380/4024 4186/4390/4174 4181/4381/4169
f 4035/4391/4023 4186/4390/4174 4036/4380/4024
f 4035/4391/4023 4187/4392/4175 4186/4390/4174
f 4188/4393/4176 4187/4392/4175 4035/4391/4023
f 4188/4393/4176 4189/4394/4177 4187/4392/4175
f 4190/4395/4178 4189/4394/4177 4188/4393/4176
f 4190/4395/4178 4092/4396/4080 4189/4394/4177
f 4190/4395/4178 4093/4397/4081 4092/4396/4080
f 4191/4398/4179 4093/4397/4081 4190/4395/4178
f 4191/4398/4179 4094/4399/4082 4093/4397/4081
f 4092/4396/4080 4089/4400/4077 4189/4394/4177
f 4176/4375/4164 4040/4387/4028 4177/4376/4165
f 4176/4375/4164 4041/4401/4029 4040/4387/4028
f 4174/4373/4162 4041/4401/4029 4176/4375/4164
f 4191/4398/4179 4041/4401/4029 4174/4373/4162
f 4190/4395/4178 4041/4401/4029 4191/4398/4179
f 4190/4395/4178 4033/4402/4021 4041/4401/4029
f 4190/4395/4178 4035/4391/4023 4033/4402/4021
f 4188/4393/4176 4035/4391/4023 4190/4395/4178
f 4191/4398/4179 4095/4403/4083 4094/4399/4082
f 4174/4373/4162 4095/4403/4083 4191/4398/4179
f 4174/4373/4162 4096/4404/4084 4095/4403/4083
f 4171/4370/4159 4096/4404/4084 4174/4373/4162
f 4171/4370/4159 4098/4405/4086 4096/4404/4084
f 4192/4406/4180 4098/4405/4086 4171/4370/4159
f 4192/4406/4180 4129/4328/4117 4098/4405/4086
f 4117/4316/4105 4129/4328/4117 4192/4406/4180
f 4117/4316/4105 4122/4321/4110 4129/4328/4117
f 4116/4315/4104 4122/4321/4110 4117/4316/4105
f 4115/4314/4103 4193/4407/4181 4110/4309/4098
f 4115/4314/4103 4194/4408/4182 4193/4407/4181
f 4117/4316/4105 4194/4408/4182 4115/4314/4103
f 4192/4406/4180 4194/4408/4182 4117/4316/4105
f 4192/4406/4180 4173/4372/4161 4194/4408/4182
f 4171/4370/4159 4173/4372/4161 4192/4406/4180
f 4195/4409/4183 4175/4374/4163 4170/4369/4158
f 4195/4409/4183 4172/4371/4160 4175/4374/4163
f 4196/4410/4184 4172/4371/4160 4195/4409/4183
f 4196/4410/4184 4173/4372/4161 4172/4371/4160
f 4197/4411/4185 4173/4372/4161 4196/4410/4184
f 4197/4411/4185 4194/4408/4182 4173/4372/4161
f 4197/4411/4185 4193/4407/4181 4194/4408/4182
f 4197/4411/4185 4198/4412/4186 4193/4407/4181
f 4199/4413/4187 4198/4412/4186 4197/4411/4185
f 4199/4413/4187 4200/4414/4188 4198/4412/4186
f 4199/4413/4187 4196/4410/4184 4195/4409/4183
f 4197/4411/4185 4196/4410/4184 4199/4413/4187
f 4201/4415/4189 4170/4369/4158 4168/4367/4156
f 4202/4416/4190 4170/4369/4158 4201/4415/4189
f 4202/4416/4190 4195/4409/4183 4170/4369/4158
f 4203/4417/4191 4195/4409/4183 4202/4416/4190
f 4203/4417/4191 4199/4413/4187 4195/4409/4183
f 4204/4418/4192 4199/4413/4187 4203/4417/4191
f 4204/4418/4192 4205/4419/4193 4199/4413/4187
f 4206/4420/4194 4205/4419/4193 4204/4418/4192
f 4206/4420/4194 4207/4421/4195 4205/4419/4193
f 4208/4422/4196 4207/4421/4195 4206/4420/4194
f 4205/4419/4193 4200/4414/4188 4199/4413/4187
f 4205/4419/4193 4209/4423/4197 4200/4414/4188
f 4207/4421/4195 4209/4423/4197 4205/4419/4193
f 4207/4421/4195 4210/4424/4198 4209/4423/4197
f 4208/4422/4196 4210/4424/4198 4207/4421/4195
f 4211/4425/4199 4210/4424/4198 4208/4422/4196
f 4212/4426/4200 4210/4424/4198 4211/4425/4199
f 4212/4426/4200 4209/4423/4197 4210/4424/4198
f 4111/4310/4099 4209/4423/4197 4212/4426/4200
f 4111/4310/4099 4200/4414/4188 4209/4423/4197
f 4109/4308/4097 4200/4414/4188 4111/4310/4099
f 4109/4308/4097 4198/4412/4186 4200/4414/4188
f 4110/4309/4098 4198/4412/4186 4109/4308/4097
f 4110/4309/4098 4193/4407/4181 4198/4412/4186
f 4213/4427/4201 4211/4425/4199 4214/4428/4202
f 4213/4427/4201 4212/4426/4200 4211/4425/4199
f 4215/4429/4203 4212/4426/4200 4213/4427/4201
f 4215/4429/4203 4111/4310/4099 4212/4426/4200
f 4216/4430/4204 4111/4310/4099 4215/4429/4203
f 4216/4430/4204 4107/4306/4095 4111/4310/4099
f 4217/4431/4205 4107/4306/4095 4216/4430/4204
f 4217/4431/4205 4108/4307/4096 4107/4306/4095
f 4218/4432/4206 4108/4307/4096 4217/4431/4205
f 4218/4432/4206 4113/4312/4101 4108/4307/4096
f 4219/4433/4207 4215/4429/4203 4213/4427/4201
f 4219/4433/4207 4216/4430/4204 4215/4429/4203
f 4220/4434/4208 4216/4430/4204 4219/4433/4207
f 4221/4435/4209 4216/4430/4204 4220/4434/4208
f 4221/4435/4209 4217/4431/4205 4216/4430/4204
f 4222/4436/4210 4217/4431/4205 4221/4435/4209
f 4222/4436/4210 4218/4432/4206 4217/4431/4205
f 4218/4432/4206 4223/4437/4211 4224/4438/4212
f 4222/4436/4210 4223/4437/4211 4218/4432/4206
f 4222/4436/4210 4225/4439/4213 4223/4437/4211
f 4222/4436/4210 4226/4440/4214 4225/4439/4213
f 4222/4436/4210 4227/4441/4215 4226/4440/4214
f 4221/4435/4209 4227/4441/4215 4222/4436/4210
f 4221/4435/4209 4228/4442/4216 4227/4441/4215
f 4220/4434/4208 4228/4442/4216 4221/4435/4209
f 4220/4434/4208 4229/4443/4217 4228/4442/4216
f 4219/4433/4207 4229/4443/4217 4220/4434/4208
f 4219/4433/4207 4230/4444/4218 4229/4443/4217
f 4213/4427/4201 4230/4444/4218 4219/4433/4207
f 4213/4427/4201 4214/4428/4202 4230/4444/4218
f 4226/4440/4214 4231/4445/4219 4232/4446/4220
f 4226/4440/4214 4233/4447/4221 4231/4445/4219
f 4227/4441/4215 4233/4447/4221 4226/4440/4214
f 4227/4441/4215 4234/4448/4222 4233/4447/4221
f 4228/4442/4216 4234/4448/4222 4227/4441/4215
f 4228/4442/4216 4235/4449/4223 4234/4448/4222
f 4229/4443/4217 4235/4449/4223 4228/4442/4216
f 4229/4443/4217 4236/4450/4224 4235/4449/4223
f 4230/4444/4218 4236/4450/4224 4229/4443/4217
f 4230/4444/4218 4237/4451/4225 4236/4450/4224
f 4214/4428/4202 4237/4451/4225 4230/4444/4218
f 4214/4428/4202 4238/4452/4226 4237/4451/4225
f 4128/4327/4116 4239/4453/4227 4127/4326/4115
f 4240/4454/4228 4239/4453/4227 4128/4327/4116
f 4240/4454/4228 4241/4455/4229 4239/4453/4227
f 4242/4456/4230 4241/4455/4229 4240/4454/4228
f 4243/4457/4231 4241/4455/4229 4242/4456/4230
f 4243/4457/4231 4244/4458/4232 4241/4455/4229
f 4238/4452/4226 4244/4458/4232 4243/4457/4231
f 4238/4452/4226 4245/4459/4233 4244/4458/4232
f 4214/4428/4202 4245/4459/4233 4238/4452/4226
f 4214/4428/4202 4211/4425/4199 4245/4459/4233
f 4240/4454/4228 4246/4460/4234 4242/4456/4230
f 4240/4454/4228 4247/4461/4235 4246/4460/4234
f 4128/4327/4116 4247/4461/4235 4240/4454/4228
f 4246/4460/4234 4247/4461/4235 4248/4462/4236
f 4224/4438/4212 4113/4312/4101 4218/4432/4206
f 4224/4438/4212 4120/4319/4108 4113/4312/4101
f 4224/4438/4212 4126/4325/4114 4120/4319/4108
f 4224/4438/4212 4128/4327/4116 4126/4325/4114
f 4223/4437/4211 4128/4327/4116 4224/4438/4212
f 4223/4437/4211 4247/4461/4235 4128/4327/4116
f 4225/4439/4213 4247/4461/4235 4223/4437/4211
f 4225/4439/4213 4248/4462/4236 4247/4461/4235
f 4225/4439/4213 4232/4446/4220 4248/4462/4236
f 4226/4440/4214 4232/4446/4220 4225/4439/4213
f 4249/4463/4237 4250/4464/4238 4251/4465/4239
f 4249/4463/4237 4252/4466/4240 4250/4464/4238
f 4253/4467/4241 4252/4466/4240 4249/4463/4237
f 4253/4467/4241 4254/4468/4242 4252/4466/4240
f 4255/4469/4243 4254/4468/4242 4253/4467/4241
f 4255/4469/4243 4256/4470/4244 4254/4468/4242
f 4257/4471/4245 4256/4470/4244 4255/4469/4243
f 4257/4471/4245 4258/4472/4246 4256/4470/4244
f 4257/4471/4245 4259/4473/4247 4258/4472/4246
f 4260/4474/4248 4259/4473/4247 4257/4471/4245
f 4254/4468/4242 4261/4475/4249 4252/4466/4240
f 4254/4468/4242 4262/4476/4250 4261/4475/4249
f 4256/4470/4244 4262/4476/4250 4254/4468/4242
f 4256/4470/4244 4263/4477/4251 4262/4476/4250
f 4256/4470/4244 4264/4478/4252 4263/4477/4251
f 4258/4472/4246 4264/4478/4252 4256/4470/4244
f 4258/4472/4246 4265/4479/4253 4264/4478/4252
f 4259/4473/4247 4265/4479/4253 4258/4472/4246
f 4259/4473/4247 4266/4480/4254 4265/4479/4253
f 4260/4474/4248 4266/4480/4254 4259/4473/4247
f 4267/4481/4255 4265/4479/4253 4266/4480/4254
f 4267/4481/4255 4264/4478/4252 4265/4479/4253
f 4268/4482/4256 4262/4476/4250 4263/4477/4251
f 4269/4483/4257 4262/4476/4250 4268/4482/4256
f 4269/4483/4257 4261/4475/4249 4262/4476/4250
f 4270/4484/4258 4261/4475/4249 4269/4483/4257
f 4270/4484/4258 4271/4485/4259 4261/4475/4249
f 4160/4486/4148 4271/4485/4259 4270/4484/4258
f 4160/4486/4148 4164/4487/4152 4271/4485/4259
f 4169/4488/4157 4271/4485/4259 4164/4487/4152
f 4272/4489/4260 4269/4483/4257 4268/4482/4256
f 4273/4490/4261 4269/4483/4257 4272/4489/4260
f 4273/4490/4261 4270/4484/4258 4269/4483/4257
f 4162/4491/4150 4270/4484/4258 4273/4490/4261
f 4162/4491/4150 4160/4486/4148 4270/4484/4258
f 4162/4491/4150 4274/4492/4262 4163/4493/4151
f 4273/4490/4261 4274/4492/4262 4162/4491/4150
f 4273/4490/4261 4272/4489/4260 4274/4492/4262
f 4275/4494/4263 4264/4478/4252 4267/4481/4255
f 4275/4494/4263 4263/4477/4251 4264/4478/4252
f 4276/4495/4264 4263/4477/4251 4275/4494/4263
f 4276/4495/4264 4268/4482/4256 4263/4477/4251
f 4277/4496/4265 4268/4482/4256 4276/4495/4264
f 4277/4496/4265 4272/4489/4260 4268/4482/4256
f 4278/4497/4266 4272/4489/4260 4277/4496/4265
f 4278/4497/4266 4274/4492/4262 4272/4489/4260
f 4279/4498/4267 4274/4492/4262 4278/4497/4266
f 4279/4498/4267 4163/4493/4151 4274/4492/4262
f 4280/4499/4268 4281/4500/4269 4251/4465/4239
f 4280/4499/4268 4282/4501/4270 4281/4500/4269
f 4279/4498/4267 4282/4501/4270 4280/4499/4268
f 4278/4497/4266 4282/4501/4270 4279/4498/4267
f 4278/4497/4266 4283/4502/4271 4282/4501/4270
f 4277/4496/4265 4283/4502/4271 4278/4497/4266
f 4277/4496/4265 4284/4503/4272 4283/4502/4271
f 4276/4495/4264 4284/4503/4272 4277/4496/4265
f 4275/4494/4263 4284/4503/4272 4276/4495/4264
f 4275/4494/4263 4285/4504/4273 4284/4503/4272
f 4286/4505/4274 4287/4506/4275 4288/4507/4276
f 4281/4500/4269 4287/4506/4275 4286/4505/4274
f 4282/4501/4270 4287/4506/4275 4281/4500/4269
f 4283/4502/4271 4287/4506/4275 4282/4501/4270
f 4283/4502/4271 4289/4508/4277 4287/4506/4275
f 4284/4503/4272 4289/4508/4277 4283/4502/4271
f 4285/4504/4273 4289/4508/4277 4284/4503/4272
f 4285/4504/4273 4290/4509/4278 4289/4508/4277
f 4291/4510/4279 4290/4509/4278 4285/4504/4273
f 4292/4511/4280 4290/4509/4278 4291/4510/4279
f 4293/4512/4281 4290/4509/4278 4292/4511/4280
f 4288/4507/4276 4290/4509/4278 4293/4512/4281
f 4288/4507/4276 4289/4508/4277 4290/4509/4278
f 4287/4506/4275 4289/4508/4277 4288/4507/4276
f 4267/4481/4255 4285/4504/4273 4275/4494/4263
f 4267/4481/4255 4291/4510/4279 4285/4504/4273
f 4266/4480/4254 4291/4510/4279 4267/4481/4255
f 4266/4480/4254 4292/4511/4280 4291/4510/4279
f 4294/4513/4282 4292/4511/4280 4266/4480/4254
f 4294/4513/4282 4293/4512/4281 4292/4511/4280
f 4295/4514/4283 4293/4512/4281 4294/4513/4282
f 4296/4515/4284 4293/4512/4281 4295/4514/4283
f 4296/4515/4284 4288/4507/4276 4293/4512/4281
f 4286/4505/4274 4288/4507/4276 4296/4515/4284
f 4297/4516/4285 4294/4513/4282 4266/4480/4254
f 4297/4516/4285 4295/4514/4283 4294/4513/4282
f 4260/4474/4248 4297/4516/4285 4266/4480/4254
f 4257/4471/4245 4297/4516/4285 4260/4474/4248
f 4257/4471/4245 4295/4514/4283 4297/4516/4285
f 4255/4469/4243 4295/4514/4283 4257/4471/4245
f 4255/4469/4243 4296/4515/4284 4295/4514/4283
f 4253/4467/4241 4296/4515/4284 4255/4469/4243
f 4253/4467/4241 4286/4505/4274 4296/4515/4284
f 4249/4463/4237 4286/4505/4274 4253/4467/4241
f 4249/4463/4237 4281/4500/4269 4286/4505/4274
f 4251/4465/4239 4281/4500/4269 4249/4463/4237
f 4279/4498/4267 4149/4517/4137 4163/4493/4151
f 4279/4498/4267 4154/4518/4142 4149/4517/4137
f 4280/4499/4268 4154/4518/4142 4279/4498/4267
f 4280/4499/4268 4185/4519/4173 4154/4518/4142
f 4251/4465/4239 4185/4519/4173 4280/4499/4268
f 4251/4465/4239 4169/4488/4157 4185/4519/4173
f 4250/4464/4238 4169/4488/4157 4251/4465/4239
f 4250/4464/4238 4271/4485/4259 4169/4488/4157
f 4252/4466/4240 4271/4485/4259 4250/4464/4238
f 4252/4466/4240 4261/4475/4249 4271/4485/4259
f 4298/4520/4286 4299/4521/4287 4300/4522/4288
f 4300/4522/4288 4301/4523/4289 4298/4520/4286
f 4300/4522/4288 4302/4524/4290 4301/4523/4289
f 4300/4522/4288 4303/4525/4291 4302/4524/4290
f 4299/4521/4287 4303/4525/4291 4300/4522/4288
f 4299/4521/4287 4304/4526/4292 4303/4525/4291
f 4301/4523/4289 4305/4527/4293 4306/4528/4294
f 4302/4524/4290 4305/4527/4293 4301/4523/4289
f 4302/4524/4290 4307/4529/4295 4305/4527/4293
f 4303/4525/4291 4307/4529/4295 4302/4524/4290
f 4303/4525/4291 4308/4530/4296 4307/4529/4295
f 4304/4526/4292 4308/4530/4296 4303/4525/4291
f 4304/4526/4292 4309/4531/4297 4308/4530/4296
f 4310/4532/4298 4309/4531/4297 4304/4526/4292
f 4310/4532/4298 4311/4533/4299 4309/4531/4297
f 4312/4534/4300 4311/4533/4299 4310/4532/4298
f 4313/4535/4301 4314/4536/4302 4315/4537/4303
f 4312/4534/4300 4314/4536/4302 4313/4535/4301
f 4310/4532/4298 4314/4536/4302 4312/4534/4300
f 4310/4532/4298 4316/4538/4304 4314/4536/4302
f 4304/4526/4292 4316/4538/4304 4310/4532/4298
f 4304/4526/4292 4317/4539/4305 4316/4538/4304
f 4299/4521/4287 4317/4539/4305 4304/4526/4292
f 4299/4521/4287 4318/4540/4306 4317/4539/4305
f 4298/4520/4286 4318/4540/4306 4299/4521/4287
f 4298/4520/4286 4301/4523/4289 4318/4540/4306
f 4315/4537/4303 4319/4541/4307 4320/4542/4308
f 4314/4536/4302 4319/4541/4307 4315/4537/4303
f 4314/4536/4302 4321/4543/4309 4319/4541/4307
f 4316/4538/4304 4321/4543/4309 4314/4536/4302
f 4316/4538/4304 4322/4544/4310 4321/4543/4309
f 4317/4539/4305 4322/4544/4310 4316/4538/4304
f 4317/4539/4305 4323/4545/4311 4322/4544/4310
f 4318/4540/4306 4323/4545/4311 4317/4539/4305
f 4318/4540/4306 4301/4523/4289 4323/4545/4311
f 4320/4542/4308 4324/4546/4312 4325/4547/4313
f 4319/4541/4307 4324/4546/4312 4320/4542/4308
f 4319/4541/4307 4326/4548/4314 4324/4546/4312
f 4321/4543/4309 4326/4548/4314 4319/4541/4307
f 4321/4543/4309 4327/4549/4315 4326/4548/4314
f 4322/4544/4310 4327/4549/4315 4321/4543/4309
f 4322/4544/4310 4328/4550/4316 4327/4549/4315
f 4323/4545/4311 4328/4550/4316 4322/4544/4310
f 4323/4545/4311 4306/4528/4294 4328/4550/4316
f 4301/4523/4289 4306/4528/4294 4323/4545/4311
f 4329/4551/4317 4307/4529/4295 4308/4530/4296
f 4330/4552/4318 4307/4529/4295 4329/4551/4317
f 4330/4552/4318 4305/4527/4293 4307/4529/4295
f 4330/4552/4318 4306/4528/4294 4305/4527/4293
f 4331/4553/4319 4306/4528/4294 4330/4552/4318
f 4331/4553/4319 4328/4550/4316 4306/4528/4294
f 4331/4553/4319 4327/4549/4315 4328/4550/4316
f 4331/4553/4319 4326/4548/4314 4327/4549/4315
f 4332/4554/4320 4326/4548/4314 4331/4553/4319
f 4332/4554/4320 4324/4546/4312 4326/4548/4314
f 4333/4555/4321 4324/4546/4312 4332/4554/4320
f 4333/4555/4321 4325/4547/4313 4324/4546/4312
f 4333/4555/4321 4334/4556/4322 4325/4547/4313
f 4335/4557/4323 4334/4556/4322 4333/4555/4321
f 4335/4557/4323 4336/4558/4324 4334/4556/4322
f 4335/4557/4323 4337/4559/4325 4336/4558/4324
f 4335/4557/4323 4329/4551/4317 4337/4559/4325
f 4338/4560/4326 4329/4551/4317 4335/4557/4323
f 4338/4560/4326 4330/4552/4318 4329/4551/4317
f 4338/4560/4326 4331/4553/4319 4330/4552/4318
f 4338/4560/4326 4332/4554/4320 4331/4553/4319
f 4338/4560/4326 4333/4555/4321 4332/4554/4320
f 4335/4557/4323 4333/4555/4321 4338/4560/4326
f 4325/4547/4313 4142/4561/4130 4143/4562/4131
f 4334/4556/4322 4142/4561/4130 4325/4547/4313
f 4334/4556/4322 4153/4563/4141 4142/4561/4130
f 4336/4558/4324 4153/4563/4141 4334/4556/4322
f 4336/4558/4324 4161/4564/4149 4153/4563/4141
f 4336/4558/4324 4311/4533/4299 4161/4564/4149
f 4337/4559/4325 4311/4533/4299 4336/4558/4324
f 4337/4559/4325 4309/4531/4297 4311/4533/4299
f 4337/4559/4325 4308/4530/4296 4309/4531/4297
f 4329/4551/4317 4308/4530/4296 4337/4559/4325
f 4312/4534/4300 4161/4564/4149 4311/4533/4299
f 4312/4534/4300 4159/4565/4147 4161/4564/4149
f 4313/4535/4301 4159/4565/4147 4312/4534/4300
f 4313/4535/4301 4156/4566/4144 4159/4565/4147
f 4315/4537/4303 4156/4566/4144 4313/4535/4301
f 4315/4537/4303 4157/4567/4145 4156/4566/4144
f 4320/4542/4308 4157/4567/4145 4315/4537/4303
f 4320/4542/4308 4339/4568/4327 4157/4567/4145
f 4325/4547/4313 4339/4568/4327 4320/4542/4308
f 4325/4547/4313 4143/4562/4131 4339/4568/4327
f 4340/4569/4328 4341/4570/4329 4137/4336/4125
f 4342/4571/4330 4341/4570/4329 4340/4569/4328
f 4342/4571/4330 4343/4572/4331 4341/4570/4329
f 4344/4573/4332 4343/4572/4331 4342/4571/4330
f 4344/4573/4332 4345/4574/4333 4343/4572/4331
f 4344/4573/4332 4201/4415/4189 4345/4574/4333
f 4344/4573/4332 4346/4575/4334 4201/4415/4189
f 4344/4573/4332 4347/4576/4335 4346/4575/4334
f 4342/4571/4330 4347/4576/4335 4344/4573/4332
f 4342/4571/4330 4348/4577/4336 4347/4576/4335
f 4340/4569/4328 4348/4577/4336 4342/4571/4330
f 4340/4569/4328 4349/4578/4337 4348/4577/4336
f 4137/4336/4125 4349/4578/4337 4340/4569/4328
f 4137/4336/4125 4350/4579/4338 4349/4578/4337
f 4135/4334/4123 4350/4579/4338 4137/4336/4125
f 4135/4334/4123 4124/4323/4112 4350/4579/4338
f 4123/4322/4111 4124/4323/4112 4135/4334/4123
f 4201/4415/4189 4203/4417/4191 4202/4416/4190
f 4346/4575/4334 4203/4417/4191 4201/4415/4189
f 4346/4575/4334 4204/4418/4192 4203/4417/4191
f 4347/4576/4335 4204/4418/4192 4346/4575/4334
f 4347/4576/4335 4351/4580/4339 4204/4418/4192
f 4348/4577/4336 4351/4580/4339 4347/4576/4335
f 4348/4577/4336 4352/4581/4340 4351/4580/4339
f 4349/4578/4337 4352/4581/4340 4348/4577/4336
f 4349/4578/4337 4353/4582/4341 4352/4581/4340
f 4350/4579/4338 4353/4582/4341 4349/4578/4337
f 4352/4581/4340 4354/4583/4342 4351/4580/4339
f 4351/4580/4339 4206/4420/4194 4204/4418/4192
f 4354/4583/4342 4206/4420/4194 4351/4580/4339
f 4354/4583/4342 4208/4422/4196 4206/4420/4194
f 4354/4583/4342 4355/4584/4343 4208/4422/4196
f 4354/4583/4342 4356/4585/4344 4355/4584/4343
f 4352/4581/4340 4356/4585/4344 4354/4583/4342
f 4352/4581/4340 4353/4582/4341 4356/4585/4344
f 4245/4459/4233 4357/4586/4345 4358/4587/4346
f 4211/4425/4199 4357/4586/4345 4245/4459/4233
f 4208/4422/4196 4357/4586/4345 4211/4425/4199
f 4208/4422/4196 4358/4587/4346 4357/4586/4345
f 4355/4584/4343 4358/4587/4346 4208/4422/4196
f 4355/4584/4343 4359/4588/4347 4358/4587/4346
f 4356/4585/4344 4359/4588/4347 4355/4584/4343
f 4356/4585/4344 4360/4589/4348 4359/4588/4347
f 4353/4582/4341 4360/4589/4348 4356/4585/4344
f 4353/4582/4341 4361/4590/4349 4360/4589/4348
f 4350/4579/4338 4361/4590/4349 4353/4582/4341
f 4124/4323/4112 4361/4590/4349 4350/4579/4338
f 4125/4324/4113 4361/4590/4349 4124/4323/4112
f 4125/4324/4113 4360/4589/4348 4361/4590/4349
f 4127/4326/4115 4360/4589/4348 4125/4324/4113
f 4127/4326/4115 4359/4588/4347 4360/4589/4348
f 4362/4591/4350 4359/4588/4347 4127/4326/4115
f 4362/4591/4350 4358/4587/4346 4359/4588/4347
f 4244/4458/4232 4358/4587/4346 4362/4591/4350
f 4245/4459/4233 4358/4587/4346 4244/4458/4232
f 4362/4591/4350 4241/4455/4229 4244/4458/4232
f 4362/4591/4350 4239/4453/4227 4241/4455/4229
f 4127/4326/4115 4239/4453/4227 4362/4591/4350
f 4363/4592/4351 4364/4593/4352 4365/4594/4353
f 4366/4595/4354 4364/4593/4352 4367/4596/4355
f 4368/4597/4356 4364/4593/4352 4366/4595/4354
f 4368/4597/4356 4365/4594/4353 4364/4593/4352
f 4369/4598/4357 4365/4594/4353 4368/4597/4356
f 4370/4599/4358 4365/4594/4353 4369/4598/4357
f 4370/4599/4358 4363/4592/4351 4365/4594/4353
f 4371/4600/4359 4363/4592/4351 4370/4599/4358
f 4372/4601/4360 4363/4592/4351 4371/4600/4359
f 4373/4602/4361 4363/4592/4351 4372/4601/4360
f 4373/4602/4361 4364/4593/4352 4363/4592/4351
f 4367/4596/4355 4364/4593/4352 4373/4602/4361
f 4368/4597/4356 4374/4603/4362 4369/4598/4357
f 4368/4597/4356 4375/4604/4363 4374/4603/4362
f 4376/4605/4364 4370/4599/4358 4369/4598/4357
f 4377/4606/4365 4370/4599/4358 4376/4605/4364
f 4377/4606/4365 4371/4600/4359 4370/4599/4358
f 4378/4607/4366 4371/4600/4359 4377/4606/4365
f 4378/4607/4366 4372/4601/4360 4371/4600/4359
f 4379/4608/4367 4372/4601/4360 4378/4607/4366
f 4379/4608/4367 4373/4602/4361 4372/4601/4360
f 4380/4609/4368 4373/4602/4361 4379/4608/4367
f 4380/4609/4368 4367/4596/4355 4373/4602/4361
f 4381/4610/4369 4367/4596/4355 4380/4609/4368
f 4382/4611/4370 4379/4608/4367 4378/4607/4366
f 4382/4611/4370 4380/4609/4368 4379/4608/4367
f 4382/4611/4370 4381/4610/4369 4380/4609/4368
f 4383/4612/4371 4381/4610/4369 4382/4611/4370
f 4384/4613/4372 4385/4614/4373 4386/4615/4374
f 4384/4613/4372 4387/4616/4375 4385/4614/4373
f 4388/4617/4376 4387/4616/4375 4384/4613/4372
f 4388/4617/4376 4389/4618/4377 4387/4616/4375
f 4390/4619/4378 4389/4618/4377 4388/4617/4376
f 4381/4610/4369 4389/4618/4377 4390/4619/4378
f 4381/4610/4369 4391/4620/4379 4389/4618/4377
f 4383/4612/4371 4391/4620/4379 4381/4610/4369
f 4383/4612/4371 4378/4607/4366 4391/4620/4379
f 4382/4611/4370 4378/4607/4366 4383/4612/4371
f 4385/4614/4373 4392/4621/4380 4378/4607/4366
f 4387/4616/4375 4392/4621/4380 4385/4614/4373
f 4389/4618/4377 4392/4621/4380 4387/4616/4375
f 4391/4620/4379 4392/4621/4380 4389/4618/4377
f 4391/4620/4379 4378/4607/4366 4392/4621/4380
f 4393/4622/4381 4394/4623/4382 4395/4624/4383
f 4378/4607/4366 4394/4623/4382 4393/4622/4381
f 4396/4625/4384 4394/4623/4382 4378/4607/4366
f 4396/4625/4384 4395/4624/4383 4394/4623/4382
f 4397/4626/4385 4398/4627/4386 4399/4628/4387
f 4397/4626/4385 4393/4622/4381 4398/4627/4386
f 4397/4626/4385 4378/4607/4366 4393/4622/4381
f 4378/4607/4366 4400/4629/4388 4401/4630/4389
f 4378/4607/4366 4402/4631/4390 4400/4629/4388
f 4397/4626/4385 4402/4631/4390 4378/4607/4366
f 4397/4626/4385 4403/4632/4391 4402/4631/4390
f 4399/4628/4387 4403/4632/4391 4397/4626/4385
f 4399/4628/4387 4404/4633/4392 4403/4632/4391
f 4399/4628/4387 4405/4634/4393 4404/4633/4392
f 4398/4627/4386 4405/4634/4393 4399/4628/4387
f 4398/4627/4386 4395/4624/4383 4405/4634/4393
f 4393/4622/4381 4395/4624/4383 4398/4627/4386
f 4403/4632/4391 4400/4629/4388 4402/4631/4390
f 4403/4632/4391 4406/4635/4394 4400/4629/4388
f 4403/4632/4391 4407/4636/4395 4406/4635/4394
f 4403/4632/4391 4408/4637/4396 4407/4636/4395
f 4403/4632/4391 4404/4633/4392 4408/4637/4396
f 4409/4638/4397 4408/4637/4396 4404/4633/4392
f 4410/4639/4398 4408/4637/4396 4409/4638/4397
f 4410/4639/4398 4407/4636/4395 4408/4637/4396
f 4411/4640/4399 4407/4636/4395 4410/4639/4398
f 4412/4641/4400 4407/4636/4395 4411/4640/4399
f 4413/4642/4401 4407/4636/4395 4412/4641/4400
f 4413/4642/4401 4406/4635/4394 4407/4636/4395
f 4414/4643/4402 4406/4635/4394 4413/4642/4401
f 4414/4643/4402 4400/4629/4388 4406/4635/4394
f 4401/4630/4389 4400/4629/4388 4414/4643/4402
f 4415/4644/4403 4412/4641/4400 4416/4645/4404
f 4415/4644/4403 4413/4642/4401 4412/4641/4400
f 4417/4646/4405 4413/4642/4401 4415/4644/4403
f 4417/4646/4405 4414/4643/4402 4413/4642/4401
f 4418/4647/4406 4414/4643/4402 4417/4646/4405
f 4418/4647/4406 4401/4630/4389 4414/4643/4402
f 4419/4648/4407 4401/4630/4389 4418/4647/4406
f 4419/4648/4407 4378/4607/4366 4401/4630/4389
f 4386/4615/4374 4378/4607/4366 4419/4648/4407
f 4386/4615/4374 4385/4614/4373 4378/4607/4366
f 4420/4649/4408 4421/4650/4409 4422/4651/4410
f 4423/4652/4411 4421/4650/4409 4420/4649/4408
f 4423/4652/4411 4424/4653/4412 4421/4650/4409
f 4425/4654/4413 4424/4653/4412 4423/4652/4411
f 4425/4654/4413 4415/4644/4403 4424/4653/4412
f 4425/4654/4413 4417/4646/4405 4415/4644/4403
f 4426/4655/4414 4417/4646/4405 4425/4654/4413
f 4426/4655/4414 4418/4647/4406 4417/4646/4405
f 4427/4656/4415 4418/4647/4406 4426/4655/4414
f 4427/4656/4415 4419/4648/4407 4418/4647/4406
f 4423/4652/4411 4426/4655/4414 4425/4654/4413
f 4428/4657/4416 4426/4655/4414 4423/4652/4411
f 4428/4657/4416 4427/4656/4415 4426/4655/4414
f 4427/4656/4415 4386/4615/4374 4419/4648/4407
f 4427/4656/4415 4384/4613/4372 4386/4615/4374
f 4428/4657/4416 4384/4613/4372 4427/4656/4415
f 4428/4657/4416 4388/4617/4376 4384/4613/4372
f 4423/4652/4411 4388/4617/4376 4428/4657/4416
f 4420/4649/4408 4388/4617/4376 4423/4652/4411
f 4420/4649/4408 4390/4619/4378 4388/4617/4376
f 4381/4610/4369 4429/4658/4417 4367/4596/4355
f 4390/4619/4378 4429/4658/4417 4381/4610/4369
f 4390/4619/4378 4430/4659/4418 4429/4658/4417
f 4420/4649/4408 4430/4659/4418 4390/4619/4378
f 4420/4649/4408 4431/4660/4419 4430/4659/4418
f 4422/4651/4410 4431/4660/4419 4420/4649/4408
f 4422/4651/4410 4432/4661/4420 4431/4660/4419
f 4421/4650/4409 4432/4661/4420 4422/4651/4410
f 4421/4650/4409 4433/4662/4421 4432/4661/4420
f 4424/4653/4412 4433/4662/4421 4421/4650/4409
f 4434/4663/4422 4431/4660/4419 4432/4661/4420
f 4430/4659/4418 4435/4664/4423 4429/4658/4417
f 4430/4659/4418 4436/4665/4424 4435/4664/4423
f 4431/4660/4419 4436/4665/4424 4430/4659/4418
f 4434/4663/4422 4436/4665/4424 4431/4660/4419
f 4434/4663/4422 4437/4666/4425 4436/4665/4424
f 4434/4663/4422 4438/4667/4426 4437/4666/4425
f 4432/4661/4420 4438/4667/4426 4434/4663/4422
f 4432/4661/4420 4439/4668/4427 4438/4667/4426
f 4433/4662/4421 4439/4668/4427 4432/4661/4420
f 4433/4662/4421 4440/4669/4428 4439/4668/4427
f 4437/4666/4425 4438/4667/4426 4441/4670/4429
f 4442/4671/4430 4443/4672/4431 4444/4673/4432
f 4442/4671/4430 4445/4674/4433 4443/4672/4431
f 4446/4675/4434 4445/4674/4433 4442/4671/4430
f 4446/4675/4434 4440/4669/4428 4445/4674/4433
f 4447/4676/4435 4440/4669/4428 4446/4675/4434
f 4447/4676/4435 4439/4668/4427 4440/4669/4428
f 4448/4677/4436 4439/4668/4427 4447/4676/4435
f 4448/4677/4436 4438/4667/4426 4439/4668/4427
f 4449/4678/4437 4438/4667/4426 4448/4677/4436
f 4449/4678/4437 4441/4670/4429 4438/4667/4426
f 4450/4679/4438 4447/4676/4435 4446/4675/4434
f 4451/4680/4439 4447/4676/4435 4450/4679/4438
f 4451/4680/4439 4448/4677/4436 4447/4676/4435
f 4449/4678/4437 4448/4677/4436 4451/4680/4439
f 4452/4681/4440 4451/4680/4439 4450/4679/4438
f 4453/4682/4441 4451/4680/4439 4452/4681/4440
f 4453/4682/4441 4449/4678/4437 4451/4680/4439
f 4454/4683/4442 4449/4678/4437 4453/4682/4441
f 4455/4684/4443 4449/4678/4437 4454/4683/4442
f 4455/4684/4443 4456/4685/4444 4449/4678/4437
f 4455/4684/4443 4457/4686/4445 4458/4687/4446
f 4454/4683/4442 4457/4686/4445 4455/4684/4443
f 4454/4683/4442 4459/4688/4447 4457/4686/4445
f 4454/4683/4442 4460/4689/4448 4459/4688/4447
f 4453/4682/4441 4460/4689/4448 4454/4683/4442
f 4453/4682/4441 4461/4690/4449 4460/4689/4448
f 4452/4681/4440 4461/4690/4449 4453/4682/4441
f 4452/4681/4440 4462/4691/4450 4461/4690/4449
f 4463/4692/4451 4462/4691/4450 4452/4681/4440
f 4463/4692/4451 4464/4693/4452 4462/4691/4450
f 4465/4694/4453 4462/4691/4450 4464/4693/4452
f 4465/4694/4453 4461/4690/4449 4462/4691/4450
f 4466/4695/4454 4461/4690/4449 4465/4694/4453
f 4466/4695/4454 4460/4689/4448 4461/4690/4449
f 4467/4696/4455 4468/4697/4456 4469/4698/4457
f 4470/4699/4458 4468/4697/4456 4467/4696/4455
f 4470/4699/4458 4464/4693/4452 4468/4697/4456
f 4471/4700/4459 4464/4693/4452 4470/4699/4458
f 4471/4700/4459 4465/4694/4453 4464/4693/4452
f 4472/4701/4460 4465/4694/4453 4471/4700/4459
f 4472/4701/4460 4466/4695/4454 4465/4694/4453
f 4473/4702/4461 4466/4695/4454 4472/4701/4460
f 4473/4702/4461 4460/4689/4448 4466/4695/4454
f 4474/4703/4462 4460/4689/4448 4473/4702/4461
f 4474/4703/4462 4475/4704/4463 4476/4705/4464
f 4473/4702/4461 4475/4704/4463 4474/4703/4462
f 4473/4702/4461 4477/4706/4465 4475/4704/4463
f 4472/4701/4460 4477/4706/4465 4473/4702/4461
f 4472/4701/4460 4478/4707/4466 4477/4706/4465
f 4471/4700/4459 4478/4707/4466 4472/4701/4460
f 4471/4700/4459 4479/4708/4467 4478/4707/4466
f 4470/4699/4458 4479/4708/4467 4471/4700/4459
f 4470/4699/4458 4480/4709/4468 4479/4708/4467
f 4467/4696/4455 4480/4709/4468 4470/4699/4458
f 4477/4706/4465 4481/4710/4469 4482/4711/4470
f 4478/4707/4466 4481/4710/4469 4477/4706/4465
f 4478/4707/4466 4480/4709/4468 4481/4710/4469
f 4479/4708/4467 4480/4709/4468 4478/4707/4466
f 4483/4712/4471 4480/4709/4468 4467/4696/4455
f 4484/4713/4472 4480/4709/4468 4483/4712/4471
f 4485/4714/4473 4480/4709/4468 4484/4713/4472
f 4485/4714/4473 4486/4715/4474 4480/4709/4468
f 4480/4709/4468 4487/4716/4475 4488/4717/4476
f 4486/4715/4474 4487/4716/4475 4480/4709/4468
f 4486/4715/4474 4489/4718/4477 4487/4716/4475
f 4485/4714/4473 4489/4718/4477 4486/4715/4474
f 4485/4714/4473 4490/4719/4478 4489/4718/4477
f 4484/4713/4472 4490/4719/4478 4485/4714/4473
f 4484/4713/4472 4491/4720/4479 4490/4719/4478
f 4483/4712/4471 4491/4720/4479 4484/4713/4472
f 4483/4712/4471 4469/4698/4457 4491/4720/4479
f 4467/4696/4455 4469/4698/4457 4483/4712/4471
f 4463/4692/4451 4468/4697/4456 4464/4693/4452
f 4492/4721/4480 4468/4697/4456 4463/4692/4451
f 4492/4721/4480 4469/4698/4457 4468/4697/4456
f 4493/4722/4481 4469/4698/4457 4492/4721/4480
f 4493/4722/4481 4491/4720/4479 4469/4698/4457
f 4494/4723/4482 4491/4720/4479 4493/4722/4481
f 4494/4723/4482 4490/4719/4478 4491/4720/4479
f 4495/4724/4483 4490/4719/4478 4494/4723/4482
f 4495/4724/4483 4489/4718/4477 4490/4719/4478
f 4496/4725/4484 4450/4679/4438 4446/4675/4434
f 4497/4726/4485 4450/4679/4438 4496/4725/4484
f 4497/4726/4485 4452/4681/4440 4450/4679/4438
f 4497/4726/4485 4463/4692/4451 4452/4681/4440
f 4498/4727/4486 4463/4692/4451 4497/4726/4485
f 4498/4727/4486 4492/4721/4480 4463/4692/4451
f 4498/4727/4486 4493/4722/4481 4492/4721/4480
f 4499/4728/4487 4493/4722/4481 4498/4727/4486
f 4499/4728/4487 4494/4723/4482 4493/4722/4481
f 4499/4728/4487 4500/4729/4488 4494/4723/4482
f 4501/4730/4489 4500/4729/4488 4499/4728/4487
f 4501/4730/4489 4502/4731/4490 4500/4729/4488
f 4498/4727/4486 4501/4730/4489 4499/4728/4487
f 4498/4727/4486 4496/4725/4484 4501/4730/4489
f 4497/4726/4485 4496/4725/4484 4498/4727/4486
f 4494/4723/4482 4503/4732/4491 4495/4724/4483
f 4500/4729/4488 4503/4732/4491 4494/4723/4482
f 4500/4729/4488 4504/4733/4492 4503/4732/4491
f 4502/4731/4490 4504/4733/4492 4500/4729/4488
f 4502/4731/4490 4505/4734/4493 4504/4733/4492
f 4502/4731/4490 4444/4673/4432 4505/4734/4493
f 4501/4730/4489 4444/4673/4432 4502/4731/4490
f 4501/4730/4489 4442/4671/4430 4444/4673/4432
f 4501/4730/4489 4446/4675/4434 4442/4671/4430
f 4496/4725/4484 4446/4675/4434 4501/4730/4489
f 4506/4735/4494 4504/4733/4492 4505/4734/4493
f 4507/4736/4495 4504/4733/4492 4506/4735/4494
f 4507/4736/4495 4503/4732/4491 4504/4733/4492
f 4508/4737/4496 4503/4732/4491 4507/4736/4495
f 4508/4737/4496 4495/4724/4483 4503/4732/4491
f 4509/4738/4497 4495/4724/4483 4508/4737/4496
f 4509/4738/4497 4489/4718/4477 4495/4724/4483
f 4510/4739/4498 4489/4718/4477 4509/4738/4497
f 4510/4739/4498 4487/4716/4475 4489/4718/4477
f 4511/4740/4499 4487/4716/4475 4510/4739/4498
f 4512/4741/4500 4508/4737/4496 4507/4736/4495
f 4513/4742/4501 4508/4737/4496 4512/4741/4500
f 4513/4742/4501 4509/4738/4497 4508/4737/4496
f 4514/4743/4502 4509/4738/4497 4513/4742/4501
f 4514/4743/4502 4510/4739/4498 4509/4738/4497
f 4514/4743/4502 4511/4740/4499 4510/4739/4498
f 4514/4743/4502 4515/4744/4503 4511/4740/4499
f 4514/4743/4502 4516/4745/4504 4515/4744/4503
f 4513/4742/4501 4516/4745/4504 4514/4743/4502
f 4513/4742/4501 4517/4746/4505 4516/4745/4504
f 4512/4741/4500 4517/4746/4505 4513/4742/4501
f 4512/4741/4500 4518/4747/4506 4517/4746/4505
f 4512/4741/4500 4519/4748/4507 4518/4747/4506
f 4507/4736/4495 4519/4748/4507 4512/4741/4500
f 4507/4736/4495 4506/4735/4494 4519/4748/4507
f 4511/4740/4499 4515/4744/4503 4520/4749/4508
f 4520/4749/4508 4521/4750/4509 4511/4740/4499
f 4520/4749/4508 4522/4751/4510 4521/4750/4509
f 4520/4749/4508 4523/4752/4511 4522/4751/4510
f 4515/4744/4503 4523/4752/4511 4520/4749/4508
f 4515/4744/4503 4524/4753/4512 4523/4752/4511
f 4516/4745/4504 4524/4753/4512 4515/4744/4503
f 4516/4745/4504 4525/4754/4513 4524/4753/4512
f 4517/4746/4505 4525/4754/4513 4516/4745/4504
f 4517/4746/4505 4526/4755/4514 4525/4754/4513
f 4518/4747/4506 4526/4755/4514 4517/4746/4505
f 4527/4756/4515 4521/4750/4509 4522/4751/4510
f 4528/4757/4516 4529/4758/4517 4530/4759/4518
f 4528/4757/4516 4526/4755/4514 4529/4758/4517
f 4528/4757/4516 4525/4754/4513 4526/4755/4514
f 4531/4760/4519 4525/4754/4513 4528/4757/4516
f 4531/4760/4519 4524/4753/4512 4525/4754/4513
f 4532/4761/4520 4524/4753/4512 4531/4760/4519
f 4532/4761/4520 4523/4752/4511 4524/4753/4512
f 4531/4760/4519 4533/4762/4521 4532/4761/4520
f 4531/4760/4519 4534/4763/4522 4533/4762/4521
f 4528/4757/4516 4534/4763/4522 4531/4760/4519
f 4535/4764/4523 4536/4765/4524 4537/4766/4525
f 4535/4764/4523 4538/4767/4526 4536/4765/4524
f 4539/4768/4527 4538/4767/4526 4535/4764/4523
f 4540/4769/4528 4538/4767/4526 4539/4768/4527
f 4540/4769/4528 4541/4770/4529 4538/4767/4526
f 4533/4762/4521 4541/4770/4529 4540/4769/4528
f 4534/4763/4522 4541/4770/4529 4533/4762/4521
f 4534/4763/4522 4542/4771/4530 4541/4770/4529
f 4528/4757/4516 4542/4771/4530 4534/4763/4522
f 4528/4757/4516 4530/4759/4518 4542/4771/4530
f 4538/4767/4526 4543/4772/4531 4536/4765/4524
f 4541/4770/4529 4543/4772/4531 4538/4767/4526
f 4541/4770/4529 4544/4773/4532 4543/4772/4531
f 4542/4771/4530 4544/4773/4532 4541/4770/4529
f 4532/4761/4520 4545/4774/4533 4546/4775/4534
f 4533/4762/4521 4545/4774/4533 4532/4761/4520
f 4533/4762/4521 4547/4776/4535 4545/4774/4533
f 4540/4769/4528 4547/4776/4535 4533/4762/4521
f 4540/4769/4528 4548/4777/4536 4547/4776/4535
f 4539/4768/4527 4548/4777/4536 4540/4769/4528
f 4539/4768/4527 4549/4778/4537 4548/4777/4536
f 4535/4764/4523 4549/4778/4537 4539/4768/4527
f 4535/4764/4523 4550/4779/4538 4549/4778/4537
f 4537/4766/4525 4550/4779/4538 4535/4764/4523
f 4545/4774/4533 4551/4780/4539 4546/4775/4534
f 4545/4774/4533 4552/4781/4540 4551/4780/4539
f 4547/4776/4535 4552/4781/4540 4545/4774/4533
f 4547/4776/4535 4553/4782/4541 4552/4781/4540
f 4548/4777/4536 4553/4782/4541 4547/4776/4535
f 4548/4777/4536 4554/4783/4542 4553/4782/4541
f 4549/4778/4537 4554/4783/4542 4548/4777/4536
f 4549/4778/4537 4555/4784/4543 4554/4783/4542
f 4550/4779/4538 4555/4784/4543 4549/4778/4537
f 4550/4779/4538 4556/4785/4544 4555/4784/4543
f 4557/4786/4545 4555/4784/4543 4556/4785/4544
f 4558/4787/4546 4555/4784/4543 4557/4786/4545
f 4558/4787/4546 4554/4783/4542 4555/4784/4543
f 4558/4787/4546 4559/4788/4547 4554/4783/4542
f 4560/4789/4548 4559/4788/4547 4558/4787/4546
f 4559/4788/4547 4553/4782/4541 4554/4783/4542
f 4559/4788/4547 4561/4790/4549 4553/4782/4541
f 4560/4789/4548 4561/4790/4549 4559/4788/4547
f 4560/4789/4548 4562/4791/4550 4561/4790/4549
f 4553/4782/4541 4563/4792/4551 4552/4781/4540
f 4561/4790/4549 4563/4792/4551 4553/4782/4541
f 4561/4790/4549 4564/4793/4552 4563/4792/4551
f 4562/4791/4550 4564/4793/4552 4561/4790/4549
f 4562/4791/4550 4480/4709/4468 4564/4793/4552
f 4560/4789/4548 4480/4709/4468 4562/4791/4550
f 4560/4789/4548 4565/4794/4553 4480/4709/4468
f 4558/4787/4546 4565/4794/4553 4560/4789/4548
f 4558/4787/4546 4566/4795/4554 4565/4794/4553
f 4557/4786/4545 4566/4795/4554 4558/4787/4546
f 4567/4796/4555 4480/4709/4468 4568/4797/4556
f 4569/4798/4557 4480/4709/4468 4567/4796/4555
f 4570/4799/4558 4480/4709/4468 4569/4798/4557
f 4570/4799/4558 4481/4710/4469 4480/4709/4468
f 4570/4799/4558 4482/4711/4470 4481/4710/4469
f 4570/4799/4558 4571/4800/4559 4482/4711/4470
f 4569/4798/4557 4571/4800/4559 4570/4799/4558
f 4569/4798/4557 4572/4801/4560 4571/4800/4559
f 4567/4796/4555 4572/4801/4560 4569/4798/4557
f 4567/4796/4555 4573/4802/4561 4572/4801/4560
f 4568/4797/4556 4573/4802/4561 4567/4796/4555
f 4568/4797/4556 4566/4795/4554 4573/4802/4561
f 4480/4709/4468 4566/4795/4554 4568/4797/4556
f 4480/4709/4468 4565/4794/4553 4566/4795/4554
f 4557/4786/4545 4573/4802/4561 4566/4795/4554
f 4556/4785/4544 4573/4802/4561 4557/4786/4545
f 4574/4803/4562 4573/4802/4561 4556/4785/4544
f 4574/4803/4562 4572/4801/4560 4573/4802/4561
f 4575/4804/4563 4572/4801/4560 4574/4803/4562
f 4575/4804/4563 4571/4800/4559 4572/4801/4560
f 4576/4805/4564 4571/4800/4559 4575/4804/4563
f 4576/4805/4564 4482/4711/4470 4571/4800/4559
f 4475/4704/4463 4482/4711/4470 4576/4805/4564
f 4477/4706/4465 4482/4711/4470 4475/4704/4463
f 4577/4806/4565 4576/4805/4564 4575/4804/4563
f 4476/4705/4464 4576/4805/4564 4577/4806/4565
f 4476/4705/4464 4475/4704/4463 4576/4805/4564
f 4578/4807/4566 4556/4785/4544 4550/4779/4538
f 4578/4807/4566 4574/4803/4562 4556/4785/4544
f 4579/4808/4567 4574/4803/4562 4578/4807/4566
f 4579/4808/4567 4575/4804/4563 4574/4803/4562
f 4580/4809/4568 4575/4804/4563 4579/4808/4567
f 4580/4809/4568 4577/4806/4565 4575/4804/4563
f 4581/4810/4569 4577/4806/4565 4580/4809/4568
f 4581/4810/4569 4476/4705/4464 4577/4806/4565
f 4582/4811/4570 4476/4705/4464 4581/4810/4569
f 4474/4703/4462 4476/4705/4464 4582/4811/4570
f 4537/4766/4525 4578/4807/4566 4550/4779/4538
f 4583/4812/4571 4578/4807/4566 4537/4766/4525
f 4583/4812/4571 4579/4808/4567 4578/4807/4566
f 4584/4813/4572 4579/4808/4567 4583/4812/4571
f 4584/4813/4572 4580/4809/4568 4579/4808/4567
f 4585/4814/4573 4580/4809/4568 4584/4813/4572
f 4585/4814/4573 4581/4810/4569 4580/4809/4568
f 4586/4815/4574 4581/4810/4569 4585/4814/4573
f 4586/4815/4574 4587/4816/4575 4581/4810/4569
f 4588/4817/4576 4587/4816/4575 4586/4815/4574
f 4589/4818/4577 4543/4772/4531 4544/4773/4532
f 4590/4819/4578 4543/4772/4531 4589/4818/4577
f 4590/4819/4578 4536/4765/4524 4543/4772/4531
f 4591/4820/4579 4536/4765/4524 4590/4819/4578
f 4591/4820/4579 4537/4766/4525 4536/4765/4524
f 4591/4820/4579 4583/4812/4571 4537/4766/4525
f 4592/4821/4580 4583/4812/4571 4591/4820/4579
f 4592/4821/4580 4584/4813/4572 4583/4812/4571
f 4593/4822/4581 4584/4813/4572 4592/4821/4580
f 4593/4822/4581 4585/4814/4573 4584/4813/4572
f 4594/4823/4582 4595/4824/4583 4596/4825/4584
f 4594/4823/4582 4597/4826/4585 4595/4824/4583
f 4593/4822/4581 4597/4826/4585 4594/4823/4582
f 4592/4821/4580 4597/4826/4585 4593/4822/4581
f 4592/4821/4580 4598/4827/4586 4597/4826/4585
f 4591/4820/4579 4598/4827/4586 4592/4821/4580
f 4591/4820/4579 4590/4819/4578 4598/4827/4586
f 4599/4828/4587 4600/4829/4588 4601/4830/4589
f 4599/4828/4587 4602/4831/4590 4600/4829/4588
f 4595/4824/4583 4602/4831/4590 4599/4828/4587
f 4595/4824/4583 4603/4832/4591 4602/4831/4590
f 4597/4826/4585 4603/4832/4591 4595/4824/4583
f 4598/4827/4586 4603/4832/4591 4597/4826/4585
f 4598/4827/4586 4604/4833/4592 4603/4832/4591
f 4590/4819/4578 4604/4833/4592 4598/4827/4586
f 4590/4819/4578 4589/4818/4577 4604/4833/4592
f 4603/4832/4591 4604/4833/4592 4602/4831/4590
f 4605/4834/4593 4606/4835/4594 4607/4836/4595
f 4608/4837/4596 4606/4835/4594 4605/4834/4593
f 4608/4837/4596 4600/4829/4588 4606/4835/4594
f 4609/4838/4597 4600/4829/4588 4608/4837/4596
f 4609/4838/4597 4601/4830/4589 4600/4829/4588
f 4610/4839/4598 4601/4830/4589 4609/4838/4597
f 4611/4840/4599 4601/4830/4589 4610/4839/4598
f 4611/4840/4599 4599/4828/4587 4601/4830/4589
f 4596/4825/4584 4599/4828/4587 4611/4840/4599
f 4596/4825/4584 4595/4824/4583 4599/4828/4587
f 4612/4841/4600 4608/4837/4596 4605/4834/4593
f 4612/4841/4600 4609/4838/4597 4608/4837/4596
f 4613/4842/4601 4605/4834/4593 4614/4843/4602
f 4613/4842/4601 4612/4841/4600 4605/4834/4593
f 4615/4844/4603 4612/4841/4600 4613/4842/4601
f 4615/4844/4603 4616/4845/4604 4612/4841/4600
f 4609/4838/4597 4617/4846/4605 4610/4839/4598
f 4609/4838/4597 4618/4847/4606 4617/4846/4605
f 4612/4841/4600 4618/4847/4606 4609/4838/4597
f 4612/4841/4600 4619/4848/4607 4618/4847/4606
f 4616/4845/4604 4619/4848/4607 4612/4841/4600
f 4616/4845/4604 4378/4607/4366 4619/4848/4607
f 4615/4844/4603 4378/4607/4366 4616/4845/4604
f 4615/4844/4603 4620/4849/4608 4378/4607/4366
f 4613/4842/4601 4620/4849/4608 4615/4844/4603
f 4613/4842/4601 4621/4850/4609 4620/4849/4608
f 4622/4851/4610 4620/4849/4608 4621/4850/4609
f 4623/4852/4611 4620/4849/4608 4622/4851/4610
f 4623/4852/4611 4378/4607/4366 4620/4849/4608
f 4623/4852/4611 4396/4625/4384 4378/4607/4366
f 4622/4851/4610 4396/4625/4384 4623/4852/4611
f 4624/4853/4612 4396/4625/4384 4622/4851/4610
f 4624/4853/4612 4395/4624/4383 4396/4625/4384
f 4625/4854/4613 4395/4624/4383 4624/4853/4612
f 4625/4854/4613 4405/4634/4393 4395/4624/4383
f 4626/4855/4614 4405/4634/4393 4625/4854/4613
f 4626/4855/4614 4404/4633/4392 4405/4634/4393
f 4409/4638/4397 4404/4633/4392 4626/4855/4614
f 4627/4856/4615 4626/4855/4614 4628/4857/4616
f 4627/4856/4615 4409/4638/4397 4626/4855/4614
f 4410/4639/4398 4409/4638/4397 4627/4856/4615
f 4629/4858/4617 4628/4857/4616 4630/4859/4618
f 4631/4860/4619 4628/4857/4616 4629/4858/4617
f 4632/4861/4620 4628/4857/4616 4631/4860/4619
f 4632/4861/4620 4627/4856/4615 4628/4857/4616
f 4633/4862/4621 4627/4856/4615 4632/4861/4620
f 4633/4862/4621 4410/4639/4398 4627/4856/4615
f 4634/4863/4622 4410/4639/4398 4633/4862/4621
f 4634/4863/4622 4411/4640/4399 4410/4639/4398
f 4416/4645/4404 4411/4640/4399 4634/4863/4622
f 4416/4645/4404 4412/4641/4400 4411/4640/4399
f 4635/4864/4623 4633/4862/4621 4632/4861/4620
f 4636/4865/4624 4633/4862/4621 4635/4864/4623
f 4636/4865/4624 4634/4863/4622 4633/4862/4621
f 4637/4866/4625 4634/4863/4622 4636/4865/4624
f 4637/4866/4625 4416/4645/4404 4634/4863/4622
f 4638/4867/4626 4416/4645/4404 4637/4866/4625
f 4638/4867/4626 4415/4644/4403 4416/4645/4404
f 4424/4653/4412 4415/4644/4403 4638/4867/4626
f 4424/4653/4412 4639/4868/4627 4433/4662/4421
f 4638/4867/4626 4639/4868/4627 4424/4653/4412
f 4638/4867/4626 4640/4869/4628 4639/4868/4627
f 4637/4866/4625 4640/4869/4628 4638/4867/4626
f 4637/4866/4625 4641/4870/4629 4640/4869/4628
f 4636/4865/4624 4641/4870/4629 4637/4866/4625
f 4636/4865/4624 4642/4871/4630 4641/4870/4629
f 4635/4864/4623 4642/4871/4630 4636/4865/4624
f 4635/4864/4623 4643/4872/4631 4642/4871/4630
f 4632/4861/4620 4643/4872/4631 4635/4864/4623
f 4639/4868/4627 4440/4669/4428 4433/4662/4421
f 4639/4868/4627 4445/4674/4433 4440/4669/4428
f 4640/4869/4628 4445/4674/4433 4639/4868/4627
f 4640/4869/4628 4443/4672/4431 4445/4674/4433
f 4640/4869/4628 4641/4870/4629 4443/4672/4431
f 4518/4747/4506 4529/4758/4517 4526/4755/4514
f 4518/4747/4506 4644/4873/4632 4529/4758/4517
f 4519/4748/4507 4644/4873/4632 4518/4747/4506
f 4519/4748/4507 4643/4872/4631 4644/4873/4632
f 4506/4735/4494 4643/4872/4631 4519/4748/4507
f 4506/4735/4494 4642/4871/4630 4643/4872/4631
f 4505/4734/4493 4642/4871/4630 4506/4735/4494
f 4505/4734/4493 4641/4870/4629 4642/4871/4630
f 4444/4673/4432 4641/4870/4629 4505/4734/4493
f 4444/4673/4432 4443/4672/4431 4641/4870/4629
f 4632/4861/4620 4644/4873/4632 4643/4872/4631
f 4631/4860/4619 4644/4873/4632 4632/4861/4620
f 4631/4860/4619 4529/4758/4517 4644/4873/4632
f 4629/4858/4617 4529/4758/4517 4631/4860/4619
f 4629/4858/4617 4530/4759/4518 4529/4758/4517
f 4645/4874/4633 4530/4759/4518 4629/4858/4617
f 4645/4874/4633 4542/4771/4530 4530/4759/4518
f 4646/4875/4634 4542/4771/4530 4645/4874/4633
f 4646/4875/4634 4544/4773/4532 4542/4771/4530
f 4589/4818/4577 4544/4773/4532 4646/4875/4634
f 4647/4876/4635 4648/4877/4636 4649/4878/4637
f 4647/4876/4635 4645/4874/4633 4648/4877/4636
f 4647/4876/4635 4646/4875/4634 4645/4874/4633
f 4589/4818/4577 4646/4875/4634 4647/4876/4635
f 4649/4878/4637 4648/4877/4636 4650/4879/4638
f 4630/4859/4618 4645/4874/4633 4629/4858/4617
f 4630/4859/4618 4648/4877/4636 4645/4874/4633
f 4651/4880/4639 4648/4877/4636 4630/4859/4618
f 4651/4880/4639 4650/4879/4638 4648/4877/4636
f 4652/4881/4640 4650/4879/4638 4651/4880/4639
f 4652/4881/4640 4649/4878/4637 4650/4879/4638
f 4653/4882/4641 4649/4878/4637 4652/4881/4640
f 4653/4882/4641 4607/4836/4595 4649/4878/4637
f 4614/4843/4602 4607/4836/4595 4653/4882/4641
f 4605/4834/4593 4607/4836/4595 4614/4843/4602
f 4614/4843/4602 4621/4850/4609 4613/4842/4601
f 4614/4843/4602 4622/4851/4610 4621/4850/4609
f 4653/4882/4641 4622/4851/4610 4614/4843/4602
f 4653/4882/4641 4624/4853/4612 4622/4851/4610
f 4652/4881/4640 4624/4853/4612 4653/4882/4641
f 4652/4881/4640 4625/4854/4613 4624/4853/4612
f 4651/4880/4639 4625/4854/4613 4652/4881/4640
f 4651/4880/4639 4626/4855/4614 4625/4854/4613
f 4630/4859/4618 4626/4855/4614 4651/4880/4639
f 4630/4859/4618 4628/4857/4616 4626/4855/4614
f 4617/4846/4605 4654/4883/4642 4655/4884/4643
f 4656/4885/4644 4654/4883/4642 4617/4846/4605
f 4656/4885/4644 4376/4605/4364 4654/4883/4642
f 4657/4886/4645 4376/4605/4364 4656/4885/4644
f 4657/4886/4645 4377/4606/4365 4376/4605/4364
f 4657/4886/4645 4378/4607/4366 4377/4606/4365
f 4657/4886/4645 4619/4848/4607 4378/4607/4366
f 4656/4885/4644 4619/4848/4607 4657/4886/4645
f 4656/4885/4644 4618/4847/4606 4619/4848/4607
f 4617/4846/4605 4618/4847/4606 4656/4885/4644
f 4588/4817/4576 4658/4887/4646 4587/4816/4575
f 4659/4888/4647 4658/4887/4646 4588/4817/4576
f 4659/4888/4647 4660/4889/4648 4658/4887/4646
f 4661/4890/4649 4660/4889/4648 4659/4888/4647
f 4661/4890/4649 4375/4604/4363 4660/4889/4648
f 4655/4884/4643 4375/4604/4363 4661/4890/4649
f 4655/4884/4643 4374/4603/4362 4375/4604/4363
f 4654/4883/4642 4374/4603/4362 4655/4884/4643
f 4654/4883/4642 4369/4598/4357 4374/4603/4362
f 4376/4605/4364 4369/4598/4357 4654/4883/4642
f 4593/4822/4581 4586/4815/4574 4585/4814/4573
f 4594/4823/4582 4586/4815/4574 4593/4822/4581
f 4594/4823/4582 4588/4817/4576 4586/4815/4574
f 4594/4823/4582 4659/4888/4647 4588/4817/4576
f 4596/4825/4584 4659/4888/4647 4594/4823/4582
f 4596/4825/4584 4661/4890/4649 4659/4888/4647
f 4611/4840/4599 4661/4890/4649 4596/4825/4584
f 4611/4840/4599 4655/4884/4643 4661/4890/4649
f 4610/4839/4598 4655/4884/4643 4611/4840/4599
f 4610/4839/4598 4617/4846/4605 4655/4884/4643
f 4662/4891/4650 4589/4818/4577 4647/4876/4635
f 4662/4891/4650 4604/4833/4592 4589/4818/4577
f 4663/4892/4651 4604/4833/4592 4662/4891/4650
f 4663/4892/4651 4602/4831/4590 4604/4833/4592
f 4663/4892/4651 4600/4829/4588 4602/4831/4590
f 4663/4892/4651 4606/4835/4594 4600/4829/4588
f 4663/4892/4651 4607/4836/4595 4606/4835/4594
f 4662/4891/4650 4607/4836/4595 4663/4892/4651
f 4662/4891/4650 4649/4878/4637 4607/4836/4595
f 4647/4876/4635 4649/4878/4637 4662/4891/4650
f 4664/4893/4652 4665/4894/4653 4366/4595/4354
f 4456/4685/4444 4441/4670/4429 4449/4678/4437
f 4456/4685/4444 4437/4666/4425 4441/4670/4429
f 4666/4895/4654 4437/4666/4425 4456/4685/4444
f 4666/4895/4654 4436/4665/4424 4437/4666/4425
f 4665/4894/4653 4436/4665/4424 4666/4895/4654
f 4665/4894/4653 4435/4664/4423 4436/4665/4424
f 4664/4893/4652 4435/4664/4423 4665/4894/4653
f 4664/4893/4652 4429/4658/4417 4435/4664/4423
f 4664/4893/4652 4367/4596/4355 4429/4658/4417
f 4366/4595/4354 4367/4596/4355 4664/4893/4652
f 4375/4604/4363 4667/4896/4655 4668/4897/4656
f 4368/4597/4356 4667/4896/4655 4375/4604/4363
f 4366/4595/4354 4667/4896/4655 4368/4597/4356
f 4366/4595/4354 4669/4898/4657 4667/4896/4655
f 4665/4894/4653 4669/4898/4657 4366/4595/4354
f 4666/4895/4654 4669/4898/4657 4665/4894/4653
f 4666/4895/4654 4670/4899/4658 4669/4898/4657
f 4456/4685/4444 4670/4899/4658 4666/4895/4654
f 4456/4685/4444 4458/4687/4446 4670/4899/4658
f 4455/4684/4443 4458/4687/4446 4456/4685/4444
f 4671/4900/4659 4457/4686/4445 4459/4688/4447
f 4672/4901/4660 4457/4686/4445 4671/4900/4659
f 4672/4901/4660 4458/4687/4446 4457/4686/4445
f 4668/4897/4656 4458/4687/4446 4672/4901/4660
f 4668/4897/4656 4670/4899/4658 4458/4687/4446
f 4667/4896/4655 4670/4899/4658 4668/4897/4656
f 4667/4896/4655 4669/4898/4657 4670/4899/4658
f 4474/4703/4462 4459/4688/4447 4460/4689/4448
f 4582/4811/4570 4459/4688/4447 4474/4703/4462
f 4582/4811/4570 4671/4900/4659 4459/4688/4447
f 4581/4810/4569 4671/4900/4659 4582/4811/4570
f 4587/4816/4575 4671/4900/4659 4581/4810/4569
f 4658/4887/4646 4671/4900/4659 4587/4816/4575
f 4658/4887/4646 4672/4901/4660 4671/4900/4659
f 4660/4889/4648 4672/4901/4660 4658/4887/4646
f 4660/4889/4648 4668/4897/4656 4672/4901/4660
f 4375/4604/4363 4668/4897/4656 4660/4889/4648
f 4673/4902/4661 4674/4903/4662 4675/4904/4663
f 4675/4904/4663 4676/4905/4664 4677/4906/4665
f 4678/4907/4666 4675/4904/4663 4679/4908/4667
f 4680/4909/4668 4675/4904/4663 4678/4907/4666
f 4680/4909/4668 4673/4902/4661 4675/4904/4663
f 4681/4910/4669 4673/4902/4661 4680/4909/4668
f 4681/4910/4669 4674/4903/4662 4673/4902/4661
f 4682/4911/4670 4674/4903/4662 4681/4910/4669
f 4682/4911/4670 4683/4912/4671 4674/4903/4662
f 4684/4913/4672 4683/4912/4671 4682/4911/4670
f 4684/4913/4672 4685/4914/4673 4683/4912/4671
f 4686/4915/4674 4685/4914/4673 4684/4913/4672
f 4687/4916/4675 4684/4913/4672 4682/4911/4670
f 4688/4917/4676 4684/4913/4672 4687/4916/4675
f 4688/4917/4676 4686/4915/4674 4684/4913/4672
f 4689/4918/4677 4686/4915/4674 4688/4917/4676
f 4690/4919/4678 4691/4920/4679 4692/4921/4680
f 4690/4919/4678 4693/4922/4681 4691/4920/4679
f 4694/4923/4682 4693/4922/4681 4690/4919/4678
f 4694/4923/4682 4695/4924/4683 4693/4922/4681
f 4696/4925/4684 4695/4924/4683 4694/4923/4682
f 4696/4925/4684 4680/4909/4668 4695/4924/4683
f 4696/4925/4684 4681/4910/4669 4680/4909/4668
f 4697/4926/4685 4681/4910/4669 4696/4925/4684
f 4697/4926/4685 4682/4911/4670 4681/4910/4669
f 4687/4916/4675 4682/4911/4670 4697/4926/4685
f 4695/4924/4683 4678/4907/4666 4693/4922/4681
f 4695/4924/4683 4680/4909/4668 4678/4907/4666
f 4696/4925/4684 4698/4927/4686 4697/4926/4685
f 4696/4925/4684 4694/4923/4682 4698/4927/4686
f 4699/4928/4687 4697/4926/4685 4698/4927/4686
f 4699/4928/4687 4687/4916/4675 4697/4926/4685
f 4700/4929/4688 4687/4916/4675 4699/4928/4687
f 4700/4929/4688 4688/4917/4676 4687/4916/4675
f 4699/4928/4687 4701/4930/4689 4700/4929/4688
f 4702/4931/4690 4701/4930/4689 4699/4928/4687
f 4702/4931/4690 4703/4932/4691 4701/4930/4689
f 4702/4931/4690 4704/4933/4692 4703/4932/4691
f 4705/4934/4693 4704/4933/4692 4702/4931/4690
f 4705/4934/4693 4706/4935/4694 4704/4933/4692
f 4705/4934/4693 4692/4921/4680 4706/4935/4694
f 4705/4934/4693 4690/4919/4678 4692/4921/4680
f 4705/4934/4693 4694/4923/4682 4690/4919/4678
f 4702/4931/4690 4694/4923/4682 4705/4934/4693
f 4702/4931/4690 4698/4927/4686 4694/4923/4682
f 4699/4928/4687 4698/4927/4686 4702/4931/4690
f 4703/4932/4691 4707/4936/4695 4701/4930/4689
f 4703/4932/4691 4708/4937/4696 4707/4936/4695
f 4703/4932/4691 4709/4938/4697 4708/4937/4696
f 4704/4933/4692 4709/4938/4697 4703/4932/4691
f 4704/4933/4692 4710/4939/4698 4709/4938/4697
f 4706/4935/4694 4710/4939/4698 4704/4933/4692
f 4706/4935/4694 4711/4940/4699 4710/4939/4698
f 4692/4921/4680 4711/4940/4699 4706/4935/4694
f 4692/4921/4680 4712/4941/4700 4711/4940/4699
f 4692/4921/4680 4691/4920/4679 4712/4941/4700
f 4710/4939/4698 4711/4940/4699 4713/4942/4701
f 4707/4936/4695 4714/4943/4702 4715/4944/4703
f 4708/4937/4696 4714/4943/4702 4707/4936/4695
f 4708/4937/4696 4716/4945/4704 4714/4943/4702
f 4709/4938/4697 4716/4945/4704 4708/4937/4696
f 4709/4938/4697 4717/4946/4705 4716/4945/4704
f 4710/4939/4698 4717/4946/4705 4709/4938/4697
f 4710/4939/4698 4718/4947/4706 4717/4946/4705
f 4713/4942/4701 4718/4947/4706 4710/4939/4698
f 4713/4942/4701 4719/4948/4707 4718/4947/4706
f 4713/4942/4701 4720/4949/4708 4719/4948/4707
f 4717/4946/4705 4721/4950/4709 4716/4945/4704
f 4717/4946/4705 4722/4951/4710 4721/4950/4709
f 4718/4947/4706 4722/4951/4710 4717/4946/4705
f 4718/4947/4706 4723/4952/4711 4722/4951/4710
f 4719/4948/4707 4723/4952/4711 4718/4947/4706
f 4722/4951/4710 4724/4953/4712 4721/4950/4709
f 4722/4951/4710 4725/4954/4713 4724/4953/4712
f 4723/4952/4711 4725/4954/4713 4722/4951/4710
f 4723/4952/4711 4726/4955/4714 4725/4954/4713
f 4719/4948/4707 4726/4955/4714 4723/4952/4711
f 4719/4948/4707 4727/4956/4715 4726/4955/4714
f 4720/4949/4708 4727/4956/4715 4719/4948/4707
f 4720/4949/4708 4728/4957/4716 4727/4956/4715
f 4729/4958/4717 4728/4957/4716 4720/4949/4708
f 4729/4958/4717 4730/4959/4718 4728/4957/4716
f 4724/4953/4712 4731/4960/4719 4732/4961/4720
f 4725/4954/4713 4731/4960/4719 4724/4953/4712
f 4725/4954/4713 4733/4962/4721 4731/4960/4719
f 4725/4954/4713 4734/4963/4722 4733/4962/4721
f 4726/4955/4714 4734/4963/4722 4725/4954/4713
f 4734/4963/4722 4735/4964/4723 4733/4962/4721
f 4734/4963/4722 4736/4965/4724 4735/4964/4723
f 4726/4955/4714 4736/4965/4724 4734/4963/4722
f 4726/4955/4714 4737/4966/4725 4736/4965/4724
f 4727/4956/4715 4737/4966/4725 4726/4955/4714
f 4727/4956/4715 4738/4967/4726 4737/4966/4725
f 4728/4957/4716 4738/4967/4726 4727/4956/4715
f 4728/4957/4716 4739/4968/4727 4738/4967/4726
f 4730/4959/4718 4739/4968/4727 4728/4957/4716
f 4730/4959/4718 4740/4969/4728 4739/4968/4727
f 4741/4970/4729 4737/4966/4725 4738/4967/4726
f 4742/4971/4730 4737/4966/4725 4741/4970/4729
f 4742/4971/4730 4736/4965/4724 4737/4966/4725
f 4743/4972/4731 4736/4965/4724 4742/4971/4730
f 4743/4972/4731 4735/4964/4723 4736/4965/4724
f 4743/4972/4731 4744/4973/4732 4735/4964/4723
f 4745/4974/4733 4744/4973/4732 4743/4972/4731
f 4745/4974/4733 4746/4975/4734 4744/4973/4732
f 4747/4976/4735 4746/4975/4734 4745/4974/4733
f 4747/4976/4735 4748/4977/4736 4746/4975/4734
f 4749/4978/4737 4747/4976/4735 4745/4974/4733
f 4750/4979/4738 4747/4976/4735 4749/4978/4737
f 4751/4980/4739 4747/4976/4735 4750/4979/4738
f 4751/4980/4739 4752/4981/4740 4747/4976/4735
f 4752/4981/4740 4748/4977/4736 4747/4976/4735
f 4752/4981/4740 4753/4982/4741 4748/4977/4736
f 4751/4980/4739 4753/4982/4741 4752/4981/4740
f 4751/4980/4739 4754/4983/4742 4753/4982/4741
f 4750/4979/4738 4754/4983/4742 4751/4980/4739
f 4750/4979/4738 4755/4984/4743 4754/4983/4742
f 4756/4985/4744 4755/4984/4743 4750/4979/4738
f 4756/4985/4744 4757/4986/4745 4755/4984/4743
f 4758/4987/4746 4757/4986/4745 4756/4985/4744
f 4758/4987/4746 4759/4988/4747 4757/4986/4745
f 4757/4986/4745 4754/4983/4742 4755/4984/4743
f 4760/4989/4748 4761/4990/4749 4762/4991/4750
f 4763/4992/4751 4761/4990/4749 4760/4989/4748
f 4763/4992/4751 4759/4988/4747 4761/4990/4749
f 4764/4993/4752 4759/4988/4747 4763/4992/4751
f 4764/4993/4752 4757/4986/4745 4759/4988/4747
f 4765/4994/4753 4757/4986/4745 4764/4993/4752
f 4765/4994/4753 4754/4983/4742 4757/4986/4745
f 4765/4994/4753 4753/4982/4741 4754/4983/4742
f 4764/4993/4752 4753/4982/4741 4765/4994/4753
f 4764/4993/4752 4766/4995/4754 4753/4982/4741
f 4753/4982/4741 4767/4996/4755 4768/4997/4756
f 4753/4982/4741 4766/4995/4754 4767/4996/4755
f 4769/4998/4757 4760/4989/4748 4770/4999/4758
f 4771/5000/4759 4760/4989/4748 4769/4998/4757
f 4771/5000/4759 4763/4992/4751 4760/4989/4748
f 4763/4992/4751 4766/4995/4754 4764/4993/4752
f 4763/4992/4751 4767/4996/4755 4766/4995/4754
f 4771/5000/4759 4767/4996/4755 4763/4992/4751
f 4771/5000/4759 4768/4997/4756 4767/4996/4755
f 4769/4998/4757 4768/4997/4756 4771/5000/4759
f 4769/4998/4757 4772/5001/4760 4768/4997/4756
f 4770/4999/4758 4772/5001/4760 4769/4998/4757
f 4773/5002/4761 4772/5001/4760 4770/4999/4758
f 4773/5002/4761 4774/5003/4762 4772/5001/4760
f 4775/5004/4763 4774/5003/4762 4773/5002/4761
f 4776/5005/4764 4777/5006/4765 4778/5007/4766
f 4779/5008/4767 4777/5006/4765 4776/5005/4764
f 4779/5008/4767 4780/5009/4768 4777/5006/4765
f 4775/5004/4763 4780/5009/4768 4779/5008/4767
f 4775/5004/4763 4781/5010/4769 4780/5009/4768
f 4773/5002/4761 4781/5010/4769 4775/5004/4763
f 4773/5002/4761 4782/5011/4770 4781/5010/4769
f 4770/4999/4758 4782/5011/4770 4773/5002/4761
f 4770/4999/4758 4762/4991/4750 4782/5011/4770
f 4760/4989/4748 4762/4991/4750 4770/4999/4758
f 4781/5010/4769 4777/5006/4765 4780/5009/4768
f 4775/5004/4763 4783/5012/4771 4774/5003/4762
f 4779/5008/4767 4783/5012/4771 4775/5004/4763
f 4779/5008/4767 4784/5013/4772 4783/5012/4771
f 4779/5008/4767 4785/5014/4773 4784/5013/4772
f 4776/5005/4764 4785/5014/4773 4779/5008/4767
f 4776/5005/4764 4778/5007/4766 4785/5014/4773
f 4786/5015/4774 4787/5016/4775 4788/5017/4776
f 4789/5018/4777 4787/5016/4775 4786/5015/4774
f 4789/5018/4777 4790/5019/4778 4787/5016/4775
f 4791/5020/4779 4790/5019/4778 4789/5018/4777
f 4791/5020/4779 4792/5021/4780 4790/5019/4778
f 4784/5013/4772 4792/5021/4780 4791/5020/4779
f 4784/5013/4772 4793/5022/4781 4792/5021/4780
f 4785/5014/4773 4793/5022/4781 4784/5013/4772
f 4785/5014/4773 4794/5023/4782 4793/5022/4781
f 4785/5014/4773 4795/5024/4783 4794/5023/4782
f 4753/4982/4741 4786/5015/4774 4788/5017/4776
f 4796/5025/4784 4786/5015/4774 4753/4982/4741
f 4796/5025/4784 4789/5018/4777 4786/5015/4774
f 4797/5026/4785 4789/5018/4777 4796/5025/4784
f 4797/5026/4785 4791/5020/4779 4789/5018/4777
f 4783/5012/4771 4791/5020/4779 4797/5026/4785
f 4783/5012/4771 4784/5013/4772 4791/5020/4779
f 4796/5025/4784 4798/5027/4786 4797/5026/4785
f 4753/4982/4741 4798/5027/4786 4796/5025/4784
f 4753/4982/4741 4799/5028/4787 4798/5027/4786
f 4768/4997/4756 4799/5028/4787 4753/4982/4741
f 4772/5001/4760 4799/5028/4787 4768/4997/4756
f 4772/5001/4760 4798/5027/4786 4799/5028/4787
f 4774/5003/4762 4798/5027/4786 4772/5001/4760
f 4774/5003/4762 4797/5026/4785 4798/5027/4786
f 4783/5012/4771 4797/5026/4785 4774/5003/4762
f 4800/5029/4788 4685/4914/4673 4801/5030/4789
f 4800/5029/4788 4802/5031/4790 4685/4914/4673
f 4803/5032/4791 4802/5031/4790 4800/5029/4788
f 4675/4904/4663 4802/5031/4790 4803/5032/4791
f 4675/4904/4663 4804/5033/4792 4802/5031/4790
f 4674/4903/4662 4804/5033/4792 4675/4904/4663
f 4683/4912/4671 4804/5033/4792 4674/4903/4662
f 4685/4914/4673 4804/5033/4792 4683/4912/4671
f 4685/4914/4673 4802/5031/4790 4804/5033/4792
f 4686/4915/4674 4801/5030/4789 4685/4914/4673
f 4689/4918/4677 4801/5030/4789 4686/4915/4674
f 4805/5034/4793 4801/5030/4789 4689/4918/4677
f 4806/5035/4794 4801/5030/4789 4805/5034/4793
f 4806/5035/4794 4800/5029/4788 4801/5030/4789
f 4807/5036/4795 4800/5029/4788 4806/5035/4794
f 4807/5036/4795 4803/5032/4791 4800/5029/4788
f 4808/5037/4796 4803/5032/4791 4807/5036/4795
f 4808/5037/4796 4675/4904/4663 4803/5032/4791
f 4809/5038/4797 4675/4904/4663 4808/5037/4796
f 4810/5039/4798 4807/5036/4795 4806/5035/4794
f 4811/5040/4799 4810/5039/4798 4812/5041/4800
f 4811/5040/4799 4807/5036/4795 4810/5039/4798
f 4811/5040/4799 4808/5037/4796 4807/5036/4795
f 4809/5038/4797 4808/5037/4796 4811/5040/4799
f 4809/5038/4797 4813/5042/4801 4675/4904/4663
f 4811/5040/4799 4813/5042/4801 4809/5038/4797
f 4811/5040/4799 4814/5043/4802 4813/5042/4801
f 4812/5041/4800 4814/5043/4802 4811/5040/4799
f 4815/5044/4803 4814/5043/4802 4812/5041/4800
f 4815/5044/4803 4816/5045/4804 4814/5043/4802
f 4817/5046/4805 4816/5045/4804 4815/5044/4803
f 4817/5046/4805 4818/5047/4806 4816/5045/4804
f 4819/5048/4807 4818/5047/4806 4817/5046/4805
f 4819/5048/4807 4820/5049/4808 4818/5047/4806
f 4820/5049/4808 4821/5050/4809 4818/5047/4806
f 4816/5045/4804 4821/5050/4809 4822/5051/4810
f 4818/5047/4806 4821/5050/4809 4816/5045/4804
f 4816/5045/4804 4813/5042/4801 4814/5043/4802
f 4822/5051/4810 4813/5042/4801 4816/5045/4804
f 4822/5051/4810 4675/4904/4663 4813/5042/4801
f 4821/5050/4809 4675/4904/4663 4822/5051/4810
f 4821/5050/4809 4823/5052/4811 4675/4904/4663
f 4820/5049/4808 4823/5052/4811 4821/5050/4809
f 4824/5053/4812 4823/5052/4811 4820/5049/4808
f 4824/5053/4812 4675/4904/4663 4823/5052/4811
f 4825/5054/4813 4675/4904/4663 4824/5053/4812
f 4826/5055/4814 4820/5049/4808 4819/5048/4807
f 4826/5055/4814 4824/5053/4812 4820/5049/4808
f 4827/5056/4815 4824/5053/4812 4826/5055/4814
f 4827/5056/4815 4825/5054/4813 4824/5053/4812
f 4828/5057/4816 4825/5054/4813 4827/5056/4815
f 4828/5057/4816 4675/4904/4663 4825/5054/4813
f 4829/5058/4817 4675/4904/4663 4828/5057/4816
f 4829/5058/4817 4676/4905/4664 4675/4904/4663
f 4829/5058/4817 4830/5059/4818 4676/4905/4664
f 4828/5057/4816 4830/5059/4818 4829/5058/4817
f 4828/5057/4816 4831/5060/4819 4830/5059/4818
f 4827/5056/4815 4831/5060/4819 4828/5057/4816
f 4827/5056/4815 4832/5061/4820 4831/5060/4819
f 4826/5055/4814 4832/5061/4820 4827/5056/4815
f 4826/5055/4814 4833/5062/4821 4832/5061/4820
f 4819/5048/4807 4833/5062/4821 4826/5055/4814
f 4677/4906/4665 4834/5063/4822 4675/4904/4663
f 4677/4906/4665 4835/5064/4823 4834/5063/4822
f 4676/4905/4664 4835/5064/4823 4677/4906/4665
f 4676/4905/4664 4836/5065/4824 4835/5064/4823
f 4830/5059/4818 4836/5065/4824 4676/4905/4664
f 4830/5059/4818 4837/5066/4825 4836/5065/4824
f 4831/5060/4819 4837/5066/4825 4830/5059/4818
f 4831/5060/4819 4838/5067/4826 4837/5066/4825
f 4832/5061/4820 4838/5067/4826 4831/5060/4819
f 4832/5061/4820 4839/5068/4827 4838/5067/4826
f 4836/5065/4824 4840/5069/4828 4835/5064/4823
f 4837/5066/4825 4840/5069/4828 4836/5065/4824
f 4837/5066/4825 4841/5070/4829 4840/5069/4828
f 4837/5066/4825 4842/5071/4830 4841/5070/4829
f 4838/5067/4826 4842/5071/4830 4837/5066/4825
f 4839/5068/4827 4842/5071/4830 4838/5067/4826
f 4839/5068/4827 4843/5072/4831 4842/5071/4830
f 4844/5073/4832 4843/5072/4831 4839/5068/4827
f 4844/5073/4832 4845/5074/4833 4843/5072/4831
f 4844/5073/4832 4846/5075/4834 4845/5074/4833
f 4840/5069/4828 4847/5076/4835 4848/5077/4836
f 4841/5070/4829 4847/5076/4835 4840/5069/4828
f 4841/5070/4829 4849/5078/4837 4847/5076/4835
f 4842/5071/4830 4849/5078/4837 4841/5070/4829
f 4842/5071/4830 4850/5079/4838 4849/5078/4837
f 4843/5072/4831 4850/5079/4838 4842/5071/4830
f 4843/5072/4831 4851/5080/4839 4850/5079/4838
f 4845/5074/4833 4851/5080/4839 4843/5072/4831
f 4845/5074/4833 4852/5081/4840 4851/5080/4839
f 4846/5075/4834 4852/5081/4840 4845/5074/4833
f 4853/5082/4841 4854/5083/4842 4855/5084/4843
f 4848/5077/4836 4854/5083/4842 4853/5082/4841
f 4848/5077/4836 4847/5076/4835 4854/5083/4842
f 4856/5085/4844 4848/5077/4836 4853/5082/4841
f 4855/5084/4843 4857/5086/4845 4740/4969/4728
f 4854/5083/4842 4857/5086/4845 4855/5084/4843
f 4854/5083/4842 4858/5087/4846 4857/5086/4845
f 4847/5076/4835 4858/5087/4846 4854/5083/4842
f 4847/5076/4835 4849/5078/4837 4858/5087/4846
f 4859/5088/4847 4740/4969/4728 4730/4959/4718
f 4859/5088/4847 4855/5084/4843 4740/4969/4728
f 4860/5089/4848 4855/5084/4843 4859/5088/4847
f 4860/5089/4848 4853/5082/4841 4855/5084/4843
f 4861/5090/4849 4853/5082/4841 4860/5089/4848
f 4861/5090/4849 4856/5085/4844 4853/5082/4841
f 4834/5063/4822 4856/5085/4844 4861/5090/4849
f 4835/5064/4823 4856/5085/4844 4834/5063/4822
f 4835/5064/4823 4848/5077/4836 4856/5085/4844
f 4840/5069/4828 4848/5077/4836 4835/5064/4823
f 4834/5063/4822 4861/5090/4849 4862/5091/4850
f 4863/5092/4851 4730/4959/4718 4729/4958/4717
f 4863/5092/4851 4859/5088/4847 4730/4959/4718
f 4864/5093/4852 4859/5088/4847 4863/5092/4851
f 4864/5093/4852 4860/5089/4848 4859/5088/4847
f 4865/5094/4853 4860/5089/4848 4864/5093/4852
f 4865/5094/4853 4861/5090/4849 4860/5089/4848
f 4866/5095/4854 4861/5090/4849 4865/5094/4853
f 4866/5095/4854 4862/5091/4850 4861/5090/4849
f 4675/4904/4663 4862/5091/4850 4866/5095/4854
f 4675/4904/4663 4834/5063/4822 4862/5091/4850
f 4867/5096/4855 4865/5094/4853 4864/5093/4852
f 4867/5096/4855 4868/5097/4856 4865/5094/4853
f 4679/4908/4667 4868/5097/4856 4867/5096/4855
f 4675/4904/4663 4868/5097/4856 4679/4908/4667
f 4866/5095/4854 4868/5097/4856 4675/4904/4663
f 4866/5095/4854 4865/5094/4853 4868/5097/4856
f 4711/4940/4699 4720/4949/4708 4713/4942/4701
f 4711/4940/4699 4729/4958/4717 4720/4949/4708
f 4711/4940/4699 4863/5092/4851 4729/4958/4717
f 4712/4941/4700 4863/5092/4851 4711/4940/4699
f 4712/4941/4700 4864/5093/4852 4863/5092/4851
f 4691/4920/4679 4864/5093/4852 4712/4941/4700
f 4691/4920/4679 4867/5096/4855 4864/5093/4852
f 4693/4922/4681 4867/5096/4855 4691/4920/4679
f 4693/4922/4681 4679/4908/4667 4867/5096/4855
f 4678/4907/4666 4679/4908/4667 4693/4922/4681
f 4869/5098/4857 4724/4953/4712 4870/5099/4858
f 4869/5098/4857 4721/4950/4709 4724/4953/4712
f 4871/5100/4859 4721/4950/4709 4869/5098/4857
f 4871/5100/4859 4716/4945/4704 4721/4950/4709
f 4714/4943/4702 4716/4945/4704 4871/5100/4859
f 4871/5100/4859 4872/5101/4860 4714/4943/4702
f 4871/5100/4859 4873/5102/4861 4872/5101/4860
f 4869/5098/4857 4873/5102/4861 4871/5100/4859
f 4869/5098/4857 4874/5103/4862 4873/5102/4861
f 4870/5099/4858 4874/5103/4862 4869/5098/4857
f 4870/5099/4858 4875/5104/4863 4874/5103/4862
f 4876/5105/4864 4875/5104/4863 4870/5099/4858
f 4876/5105/4864 4877/5106/4865 4875/5104/4863
f 4878/5107/4866 4877/5106/4865 4876/5105/4864
f 4878/5107/4866 4879/5108/4867 4877/5106/4865
f 4880/5109/4868 4873/5102/4861 4874/5103/4862
f 4880/5109/4868 4872/5101/4860 4873/5102/4861
f 4881/5110/4869 4882/5111/4870 4753/4982/4741
f 4883/5112/4871 4882/5111/4870 4881/5110/4869
f 4883/5112/4871 4884/5113/4872 4882/5111/4870
f 4885/5114/4873 4884/5113/4872 4883/5112/4871
f 4885/5114/4873 4875/5104/4863 4884/5113/4872
f 4885/5114/4873 4874/5103/4862 4875/5104/4863
f 4886/5115/4874 4874/5103/4862 4885/5114/4873
f 4886/5115/4874 4880/5109/4868 4874/5103/4862
f 4887/5116/4875 4880/5109/4868 4886/5115/4874
f 4887/5116/4875 4872/5101/4860 4880/5109/4868
f 4888/5117/4876 4885/5114/4873 4883/5112/4871
f 4888/5117/4876 4886/5115/4874 4885/5114/4873
f 4889/5118/4877 4886/5115/4874 4888/5117/4876
f 4889/5118/4877 4887/5116/4875 4886/5115/4874
f 4890/5119/4878 4887/5116/4875 4889/5118/4877
f 4890/5119/4878 4891/5120/4879 4887/5116/4875
f 4890/5119/4878 4892/5121/4880 4891/5120/4879
f 4893/5122/4881 4892/5121/4880 4890/5119/4878
f 4893/5122/4881 4894/5123/4882 4892/5121/4880
f 4893/5122/4881 4895/5124/4883 4894/5123/4882
f 4892/5121/4880 4894/5123/4882 4896/5125/4884
f 4890/5119/4878 4895/5124/4883 4893/5122/4881
f 4890/5119/4878 4897/5126/4885 4895/5124/4883
f 4889/5118/4877 4897/5126/4885 4890/5119/4878
f 4889/5118/4877 4898/5127/4886 4897/5126/4885
f 4888/5117/4876 4898/5127/4886 4889/5118/4877
f 4883/5112/4871 4898/5127/4886 4888/5117/4876
f 4883/5112/4871 4899/5128/4887 4898/5127/4886
f 4883/5112/4871 4900/5129/4888 4899/5128/4887
f 4881/5110/4869 4900/5129/4888 4883/5112/4871
f 4897/5126/4885 4898/5127/4886 4895/5124/4883
f 4894/5123/4882 4901/5130/4889 4793/5022/4781
f 4895/5124/4883 4901/5130/4889 4894/5123/4882
f 4895/5124/4883 4902/5131/4890 4901/5130/4889
f 4898/5127/4886 4902/5131/4890 4895/5124/4883
f 4898/5127/4886 4903/5132/4891 4902/5131/4890
f 4899/5128/4887 4903/5132/4891 4898/5127/4886
f 4899/5128/4887 4904/5133/4892 4903/5132/4891
f 4900/5129/4888 4904/5133/4892 4899/5128/4887
f 4900/5129/4888 4753/4982/4741 4904/5133/4892
f 4881/5110/4869 4753/4982/4741 4900/5129/4888
f 4901/5130/4889 4792/5021/4780 4793/5022/4781
f 4901/5130/4889 4790/5019/4778 4792/5021/4780
f 4901/5130/4889 4905/5134/4893 4790/5019/4778
f 4902/5131/4890 4905/5134/4893 4901/5130/4889
f 4902/5131/4890 4906/5135/4894 4905/5134/4893
f 4903/5132/4891 4906/5135/4894 4902/5131/4890
f 4903/5132/4891 4907/5136/4895 4906/5135/4894
f 4904/5133/4892 4907/5136/4895 4903/5132/4891
f 4753/4982/4741 4907/5136/4895 4904/5133/4892
f 4753/4982/4741 4788/5017/4776 4907/5136/4895
f 4905/5134/4893 4787/5016/4775 4790/5019/4778
f 4906/5135/4894 4787/5016/4775 4905/5134/4893
f 4906/5135/4894 4788/5017/4776 4787/5016/4775
f 4907/5136/4895 4788/5017/4776 4906/5135/4894
f 4908/5137/4896 4879/5108/4867 4878/5107/4866
f 4908/5137/4896 4753/4982/4741 4879/5108/4867
f 4909/5138/4897 4753/4982/4741 4908/5137/4896
f 4909/5138/4897 4748/4977/4736 4753/4982/4741
f 4910/5139/4898 4748/4977/4736 4909/5138/4897
f 4910/5139/4898 4746/4975/4734 4748/4977/4736
f 4911/5140/4899 4746/4975/4734 4910/5139/4898
f 4911/5140/4899 4744/4973/4732 4746/4975/4734
f 4733/4962/4721 4744/4973/4732 4911/5140/4899
f 4733/4962/4721 4735/4964/4723 4744/4973/4732
f 4910/5139/4898 4912/5141/4900 4911/5140/4899
f 4910/5139/4898 4913/5142/4901 4912/5141/4900
f 4909/5138/4897 4913/5142/4901 4910/5139/4898
f 4908/5137/4896 4913/5142/4901 4909/5138/4897
f 4878/5107/4866 4913/5142/4901 4908/5137/4896
f 4878/5107/4866 4914/5143/4902 4913/5142/4901
f 4876/5105/4864 4914/5143/4902 4878/5107/4866
f 4870/5099/4858 4914/5143/4902 4876/5105/4864
f 4870/5099/4858 4732/4961/4720 4914/5143/4902
f 4724/4953/4712 4732/4961/4720 4870/5099/4858
f 4914/5143/4902 4912/5141/4900 4913/5142/4901
f 4732/4961/4720 4912/5141/4900 4914/5143/4902
f 4731/4960/4719 4912/5141/4900 4732/4961/4720
f 4731/4960/4719 4911/5140/4899 4912/5141/4900
f 4733/4962/4721 4911/5140/4899 4731/4960/4719
f 4915/5144/4903 4758/4987/4746 4756/4985/4744
f 4915/5144/4903 4916/5145/4904 4758/4987/4746
f 4917/5146/4905 4916/5145/4904 4915/5144/4903
f 4917/5146/4905 4918/5147/4906 4916/5145/4904
f 4919/5148/4907 4758/4987/4746 4916/5145/4904
f 4918/5147/4906 4920/5149/4908 4921/5150/4909
f 4917/5146/4905 4920/5149/4908 4918/5147/4906
f 4917/5146/4905 4922/5151/4910 4920/5149/4908
f 4917/5146/4905 4923/5152/4911 4922/5151/4910
f 4917/5146/4905 4924/5153/4912 4923/5152/4911
f 4915/5144/4903 4924/5153/4912 4917/5146/4905
f 4915/5144/4903 4749/4978/4737 4924/5153/4912
f 4756/4985/4744 4749/4978/4737 4915/5144/4903
f 4756/4985/4744 4750/4979/4738 4749/4978/4737
f 4925/5154/4913 4926/5155/4914 4927/5156/4915
f 4925/5154/4913 4928/5157/4916 4926/5155/4914
f 4922/5151/4910 4928/5157/4916 4925/5154/4913
f 4922/5151/4910 4741/4970/4729 4928/5157/4916
f 4923/5152/4911 4741/4970/4729 4922/5151/4910
f 4923/5152/4911 4742/4971/4730 4741/4970/4729
f 4923/5152/4911 4743/4972/4731 4742/4971/4730
f 4924/5153/4912 4743/4972/4731 4923/5152/4911
f 4924/5153/4912 4745/4974/4733 4743/4972/4731
f 4749/4978/4737 4745/4974/4733 4924/5153/4912
f 4929/5158/4917 4849/5078/4837 4930/5159/4918
f 4929/5158/4917 4858/5087/4846 4849/5078/4837
f 4927/5156/4915 4858/5087/4846 4929/5158/4917
f 4927/5156/4915 4857/5086/4845 4858/5087/4846
f 4926/5155/4914 4857/5086/4845 4927/5156/4915
f 4926/5155/4914 4740/4969/4728 4857/5086/4845
f 4926/5155/4914 4739/4968/4727 4740/4969/4728
f 4928/5157/4916 4739/4968/4727 4926/5155/4914
f 4928/5157/4916 4738/4967/4726 4739/4968/4727
f 4741/4970/4729 4738/4967/4726 4928/5157/4916
f 4931/5160/4919 4932/5161/4920 4933/5162/4921
f 4934/5163/4922 4932/5161/4920 4931/5160/4919
f 4934/5163/4922 4935/5164/4923 4932/5161/4920
f 4936/5165/4924 4935/5164/4923 4934/5163/4922
f 4936/5165/4924 4852/5081/4840 4935/5164/4923
f 4937/5166/4925 4852/5081/4840 4936/5165/4924
f 4937/5166/4925 4851/5080/4839 4852/5081/4840
f 4930/5159/4918 4851/5080/4839 4937/5166/4925
f 4930/5159/4918 4850/5079/4838 4851/5080/4839
f 4930/5159/4918 4849/5078/4837 4850/5079/4838
f 4938/5167/4926 4934/5163/4922 4939/5168/4927
f 4938/5167/4926 4936/5165/4924 4934/5163/4922
f 4940/5169/4928 4936/5165/4924 4938/5167/4926
f 4940/5169/4928 4937/5166/4925 4936/5165/4924
f 4941/5170/4929 4937/5166/4925 4940/5169/4928
f 4941/5170/4929 4930/5159/4918 4937/5166/4925
f 4941/5170/4929 4929/5158/4917 4930/5159/4918
f 4942/5171/4930 4929/5158/4917 4941/5170/4929
f 4942/5171/4930 4927/5156/4915 4929/5158/4917
f 4925/5154/4913 4927/5156/4915 4942/5171/4930
f 4940/5169/4928 4938/5167/4926 4943/5172/4931
f 4925/5154/4913 4920/5149/4908 4922/5151/4910
f 4942/5171/4930 4920/5149/4908 4925/5154/4913
f 4942/5171/4930 4921/5150/4909 4920/5149/4908
f 4941/5170/4929 4921/5150/4909 4942/5171/4930
f 4940/5169/4928 4921/5150/4909 4941/5170/4929
f 4940/5169/4928 4918/5147/4906 4921/5150/4909
f 4943/5172/4931 4918/5147/4906 4940/5169/4928
f 4943/5172/4931 4916/5145/4904 4918/5147/4906
f 4944/5173/4932 4916/5145/4904 4943/5172/4931
f 4944/5173/4932 4919/5148/4907 4916/5145/4904
f 4944/5173/4932 4945/5174/4933 4919/5148/4907
f 4943/5172/4931 4945/5174/4933 4944/5173/4932
f 4943/5172/4931 4946/5175/4934 4945/5174/4933
f 4938/5167/4926 4946/5175/4934 4943/5172/4931
f 4939/5168/4927 4946/5175/4934 4938/5167/4926
f 4939/5168/4927 4947/5176/4935 4946/5175/4934
f 4948/5177/4936 4947/5176/4935 4939/5168/4927
f 4948/5177/4936 4949/5178/4937 4947/5176/4935
f 4950/5179/4938 4949/5178/4937 4948/5177/4936
f 4950/5179/4938 4951/5180/4939 4949/5178/4937
f 4952/5181/4940 4951/5180/4939 4950/5179/4938
f 4945/5174/4933 4946/5175/4934 4947/5176/4935
f 4952/5181/4940 4777/5006/4765 4951/5180/4939
f 4952/5181/4940 4778/5007/4766 4777/5006/4765
f 4952/5181/4940 4953/5182/4941 4778/5007/4766
f 4952/5181/4940 4954/5183/4942 4953/5182/4941
f 4950/5179/4938 4954/5183/4942 4952/5181/4940
f 4950/5179/4938 4955/5184/4943 4954/5183/4942
f 4948/5177/4936 4955/5184/4943 4950/5179/4938
f 4948/5177/4936 4931/5160/4919 4955/5184/4943
f 4939/5168/4927 4931/5160/4919 4948/5177/4936
f 4939/5168/4927 4934/5163/4922 4931/5160/4919
f 4778/5007/4766 4795/5024/4783 4785/5014/4773
f 4778/5007/4766 4956/5185/4944 4795/5024/4783
f 4953/5182/4941 4956/5185/4944 4778/5007/4766
f 4953/5182/4941 4957/5186/4945 4956/5185/4944
f 4953/5182/4941 4958/5187/4946 4957/5186/4945
f 4954/5183/4942 4958/5187/4946 4953/5182/4941
f 4954/5183/4942 4959/5188/4947 4958/5187/4946
f 4955/5184/4943 4959/5188/4947 4954/5183/4942
f 4955/5184/4943 4933/5162/4921 4959/5188/4947
f 4931/5160/4919 4933/5162/4921 4955/5184/4943
f 4795/5024/4783 4960/5189/4948 4794/5023/4782
f 4956/5185/4944 4960/5189/4948 4795/5024/4783
f 4956/5185/4944 4961/5190/4949 4960/5189/4948
f 4957/5186/4945 4961/5190/4949 4956/5185/4944
f 4962/5191/4950 4957/5186/4945 4958/5187/4946
f 4963/5192/4951 4957/5186/4945 4962/5191/4950
f 4963/5192/4951 4961/5190/4949 4957/5186/4945
f 4964/5193/4952 4961/5190/4949 4963/5192/4951
f 4964/5193/4952 4960/5189/4948 4961/5190/4949
f 4965/5194/4953 4960/5189/4948 4964/5193/4952
f 4965/5194/4953 4794/5023/4782 4960/5189/4948
f 4896/5125/4884 4794/5023/4782 4965/5194/4953
f 4896/5125/4884 4793/5022/4781 4794/5023/4782
f 4894/5123/4882 4793/5022/4781 4896/5125/4884
f 4887/5116/4875 4966/5195/4954 4872/5101/4860
f 4891/5120/4879 4966/5195/4954 4887/5116/4875
f 4891/5120/4879 4967/5196/4955 4966/5195/4954
f 4892/5121/4880 4967/5196/4955 4891/5120/4879
f 4892/5121/4880 4968/5197/4956 4967/5196/4955
f 4896/5125/4884 4968/5197/4956 4892/5121/4880
f 4965/5194/4953 4968/5197/4956 4896/5125/4884
f 4965/5194/4953 4969/5198/4957 4968/5197/4956
f 4964/5193/4952 4969/5198/4957 4965/5194/4953
f 4964/5193/4952 4970/5199/4958 4969/5198/4957
f 4964/5193/4952 4971/5200/4959 4970/5199/4958
f 4963/5192/4951 4971/5200/4959 4964/5193/4952
f 4968/5197/4956 4972/5201/4960 4967/5196/4955
f 4969/5198/4957 4972/5201/4960 4968/5197/4956
f 4969/5198/4957 4973/5202/4961 4972/5201/4960
f 4970/5199/4958 4973/5202/4961 4969/5198/4957
f 4700/4929/4688 4970/5199/4958 4688/4917/4676
f 4700/4929/4688 4973/5202/4961 4970/5199/4958
f 4701/4930/4689 4973/5202/4961 4700/4929/4688
f 4701/4930/4689 4972/5201/4960 4973/5202/4961
f 4707/4936/4695 4972/5201/4960 4701/4930/4689
f 4707/4936/4695 4967/5196/4955 4972/5201/4960
f 4715/4944/4703 4967/5196/4955 4707/4936/4695
f 4715/4944/4703 4966/5195/4954 4967/5196/4955
f 4714/4943/4702 4966/5195/4954 4715/4944/4703
f 4714/4943/4702 4872/5101/4860 4966/5195/4954
f 4810/5039/4798 4974/5203/4962 4812/5041/4800
f 4810/5039/4798 4975/5204/4963 4974/5203/4962
f 4806/5035/4794 4975/5204/4963 4810/5039/4798
f 4806/5035/4794 4976/5205/4964 4975/5204/4963
f 4805/5034/4793 4976/5205/4964 4806/5035/4794
f 4805/5034/4793 4963/5192/4951 4976/5205/4964
f 4689/4918/4677 4963/5192/4951 4805/5034/4793
f 4689/4918/4677 4971/5200/4959 4963/5192/4951
f 4688/4917/4676 4971/5200/4959 4689/4918/4677
f 4688/4917/4676 4970/5199/4958 4971/5200/4959
f 4977/5206/4965 4846/5075/4834 4844/5073/4832
f 4978/5207/4966 4846/5075/4834 4977/5206/4965
f 4978/5207/4966 4979/5208/4967 4846/5075/4834
f 4980/5209/4968 4979/5208/4967 4978/5207/4966
f 4980/5209/4968 4981/5210/4969 4979/5208/4967
f 4974/5203/4962 4981/5210/4969 4980/5209/4968
f 4974/5203/4962 4982/5211/4970 4981/5210/4969
f 4975/5204/4963 4982/5211/4970 4974/5203/4962
f 4975/5204/4963 4983/5212/4971 4982/5211/4970
f 4976/5205/4964 4983/5212/4971 4975/5204/4963
f 4976/5205/4964 4962/5191/4950 4983/5212/4971
f 4976/5205/4964 4963/5192/4951 4962/5191/4950
f 4846/5075/4834 4935/5164/4923 4852/5081/4840
f 4979/5208/4967 4935/5164/4923 4846/5075/4834
f 4979/5208/4967 4932/5161/4920 4935/5164/4923
f 4981/5210/4969 4932/5161/4920 4979/5208/4967
f 4981/5210/4969 4933/5162/4921 4932/5161/4920
f 4982/5211/4970 4933/5162/4921 4981/5210/4969
f 4982/5211/4970 4959/5188/4947 4933/5162/4921
f 4983/5212/4971 4959/5188/4947 4982/5211/4970
f 4983/5212/4971 4958/5187/4946 4959/5188/4947
f 4962/5191/4950 4958/5187/4946 4983/5212/4971
f 4984/5213/4972 4985/5214/4973 4986/5215/4974
f 4987/5216/4975 4985/5214/4973 4984/5213/4972
f 4987/5216/4975 4988/5217/4976 4985/5214/4973
f 4989/5218/4977 4988/5217/4976 4987/5216/4975
f 4990/5219/4978 4986/5215/4974 4991/5220/4979
f 4990/5219/4978 4984/5213/4972 4986/5215/4974
f 4992/5221/4980 4984/5213/4972 4990/5219/4978
f 4993/5222/4981 4984/5213/4972 4992/5221/4980
f 4993/5222/4981 4987/5216/4975 4984/5213/4972
f 4994/5223/4982 4987/5216/4975 4993/5222/4981
f 4994/5223/4982 4989/5218/4977 4987/5216/4975
f 4995/5224/4983 4989/5218/4977 4994/5223/4982
f 4995/5224/4983 4996/5225/4984 4989/5218/4977
f 4997/5226/4985 4996/5225/4984 4995/5224/4983
f 4998/5227/4986 4999/5228/4987 5000/5229/4988
f 4998/5227/4986 4991/5220/4979 4999/5228/4987
f 5001/5230/4989 4991/5220/4979 4998/5227/4986
f 5001/5230/4989 4990/5219/4978 4991/5220/4979
f 5002/5231/4990 4990/5219/4978 5001/5230/4989
f 5002/5231/4990 4992/5221/4980 4990/5219/4978
f 4997/5226/4985 5003/5232/4991 4996/5225/4984
f 5004/5233/4992 5003/5232/4991 4997/5226/4985
f 5004/5233/4992 5005/5234/4993 5003/5232/4991
f 5004/5233/4992 5006/5235/4994 5005/5234/4993
f 5007/5236/4995 5006/5235/4994 5004/5233/4992
f 5007/5236/4995 5008/5237/4996 5006/5235/4994
f 5009/5238/4997 5008/5237/4996 5007/5236/4995
f 5009/5238/4997 5010/5239/4998 5008/5237/4996
f 5000/5229/4988 5010/5239/4998 5009/5238/4997
f 5000/5229/4988 4999/5228/4987 5010/5239/4998
f 5006/5235/4994 5011/5240/4999 5005/5234/4993
f 5006/5235/4994 5012/5241/5000 5011/5240/4999
f 5008/5237/4996 5012/5241/5000 5006/5235/4994
f 5008/5237/4996 5013/5242/5001 5012/5241/5000
f 5010/5239/4998 5013/5242/5001 5008/5237/4996
f 5010/5239/4998 5014/5243/5002 5013/5242/5001
f 4999/5228/4987 5014/5243/5002 5010/5239/4998
f 4999/5228/4987 5015/5244/5003 5014/5243/5002
f 4991/5220/4979 5015/5244/5003 4999/5228/4987
f 4991/5220/4979 4986/5215/4974 5015/5244/5003
f 5016/5245/5004 5014/5243/5002 5015/5244/5003
f 5017/5246/5005 4986/5215/4974 5018/5247/5006
f 5017/5246/5005 5015/5244/5003 4986/5215/4974
f 5017/5246/5005 5016/5245/5004 5015/5244/5003
f 5019/5248/5007 5016/5245/5004 5017/5246/5005
f 5019/5248/5007 5020/5249/5008 5016/5245/5004
f 5021/5250/5009 5020/5249/5008 5019/5248/5007
f 5021/5250/5009 3283/3469/3269 5020/5249/5008
f 5022/5251/5010 3283/3469/3269 5021/5250/5009
f 5022/5251/5010 3282/3468/3268 3283/3469/3269
f 3285/3471/3271 3282/3468/3268 5022/5251/5010
f 5022/5251/5010 3291/3478/3277 3285/3471/3271
f 5022/5251/5010 3292/3479/3278 3291/3478/3277
f 5022/5251/5010 5023/5252/5011 3292/3479/3278
f 5021/5250/5009 5023/5252/5011 5022/5251/5010
f 5021/5250/5009 5024/5253/5012 5023/5252/5011
f 5019/5248/5007 5024/5253/5012 5021/5250/5009
f 5019/5248/5007 5025/5254/5013 5024/5253/5012
f 5017/5246/5005 5025/5254/5013 5019/5248/5007
f 5017/5246/5005 5018/5247/5006 5025/5254/5013
f 5026/5255/5014 5018/5247/5006 5027/5256/5015
f 5026/5255/5014 5025/5254/5013 5018/5247/5006
f 5028/5257/5016 5025/5254/5013 5026/5255/5014
f 5028/5257/5016 5024/5253/5012 5025/5254/5013
f 5029/5258/5017 5024/5253/5012 5028/5257/5016
f 5029/5258/5017 5023/5252/5011 5024/5253/5012
f 5030/5259/5018 5023/5252/5011 5029/5258/5017
f 5030/5259/5018 3292/3479/3278 5023/5252/5011
f 3304/3491/3290 3292/3479/3278 5030/5259/5018
f 3290/3477/3276 3292/3479/3278 3304/3491/3290
f 5031/5260/5019 5032/5261/5020 5033/5262/5021
f 5031/5260/5019 5027/5256/5015 5032/5261/5020
f 5034/5263/5022 5027/5256/5015 5031/5260/5019
f 5034/5263/5022 5026/5255/5014 5027/5256/5015
f 5035/5264/5023 5026/5255/5014 5034/5263/5022
f 5035/5264/5023 5028/5257/5016 5026/5255/5014
f 5036/5265/5024 5028/5257/5016 5035/5264/5023
f 5036/5265/5024 5029/5258/5017 5028/5257/5016
f 5037/5266/5025 5029/5258/5017 5036/5265/5024
f 5037/5266/5025 5030/5259/5018 5029/5258/5017
f 5038/5267/5026 5033/5262/5021 5039/5268/5027
f 5038/5267/5026 5031/5260/5019 5033/5262/5021
f 5038/5267/5026 5034/5263/5022 5031/5260/5019
f 5035/5264/5023 5040/5269/5028 5036/5265/5024
f 5035/5264/5023 3250/3432/3236 5040/5269/5028
f 5034/5263/5022 3250/3432/3236 5035/5264/5023
f 5034/5263/5022 3248/3430/3234 3250/3432/3236
f 5038/5267/5026 3248/3430/3234 5034/5263/5022
f 5038/5267/5026 3249/3431/3235 3248/3430/3234
f 5039/5268/5027 3249/3431/3235 5038/5267/5026
f 5039/5268/5027 5041/5270/5029 3249/3431/3235
f 5005/5234/4993 5041/5270/5029 5039/5268/5027
f 5005/5234/4993 5011/5240/4999 5041/5270/5029
f 5042/5271/5030 5011/5240/4999 5012/5241/5000
f 5043/5272/5031 5011/5240/4999 5042/5271/5030
f 5043/5272/5031 5041/5270/5029 5011/5240/4999
f 5044/5273/5032 5041/5270/5029 5043/5272/5031
f 5044/5273/5032 3249/3431/3235 5041/5270/5029
f 5044/5273/5032 3247/3429/3233 3249/3431/3235
f 5045/5274/5033 3247/3429/3233 5044/5273/5032
f 5045/5274/5033 3251/3433/3237 3247/3429/3233
f 5045/5274/5033 3242/3424/3228 3251/3433/3237
f 3243/3425/3229 3242/3424/3228 5045/5274/5033
f 3243/3425/3229 5046/5275/5034 3244/3426/3230
f 3243/3425/3229 5047/5276/5035 5046/5275/5034
f 5045/5274/5033 5047/5276/5035 3243/3425/3229
f 5044/5273/5032 5047/5276/5035 5045/5274/5033
f 5043/5272/5031 5047/5276/5035 5044/5273/5032
f 5043/5272/5031 5048/5277/5036 5047/5276/5035
f 5042/5271/5030 5048/5277/5036 5043/5272/5031
f 5046/5275/5034 5047/5276/5035 5048/5277/5036
f 3244/3426/3230 3274/3460/3260 3245/3427/3231
f 3244/3426/3230 3276/3462/3262 3274/3460/3260
f 5046/5275/5034 3276/3462/3262 3244/3426/3230
f 5046/5275/5034 5049/5278/5037 3276/3462/3262
f 5048/5277/5036 5049/5278/5037 5046/5275/5034
f 5048/5277/5036 5050/5279/5038 5049/5278/5037
f 5042/5271/5030 5050/5279/5038 5048/5277/5036
f 5042/5271/5030 5051/5280/5039 5050/5279/5038
f 5012/5241/5000 5051/5280/5039 5042/5271/5030
f 5013/5242/5001 5051/5280/5039 5012/5241/5000
f 5052/5281/5040 5051/5280/5039 5053/5282/5041
f 5052/5281/5040 5050/5279/5038 5051/5280/5039
f 5054/5283/5042 5050/5279/5038 5052/5281/5040
f 5054/5283/5042 5049/5278/5037 5050/5279/5038
f 5014/5243/5002 5051/5280/5039 5013/5242/5001
f 5014/5243/5002 5053/5282/5041 5051/5280/5039
f 5016/5245/5004 5053/5282/5041 5014/5243/5002
f 5020/5249/5008 5053/5282/5041 5016/5245/5004
f 5020/5249/5008 5052/5281/5040 5053/5282/5041
f 3283/3469/3269 5052/5281/5040 5020/5249/5008
f 3283/3469/3269 5054/5283/5042 5052/5281/5040
f 3277/3463/3263 5054/5283/5042 3283/3469/3269
f 3277/3463/3263 5049/5278/5037 5054/5283/5042
f 3277/3463/3263 3276/3462/3262 5049/5278/5037
f 4875/5104/4863 5055/5284/5043 4884/5113/4872
f 4877/5106/4865 5055/5284/5043 4875/5104/4863
f 4877/5106/4865 5056/5285/5044 5055/5284/5043
f 4879/5108/4867 5056/5285/5044 4877/5106/4865
f 4753/4982/4741 5056/5285/5044 4879/5108/4867
f 4753/4982/4741 5057/5286/5045 5056/5285/5044
f 4882/5111/4870 5057/5286/5045 4753/4982/4741
f 4884/5113/4872 5057/5286/5045 4882/5111/4870
f 5055/5284/5043 5057/5286/5045 4884/5113/4872
f 5055/5284/5043 5056/5285/5044 5057/5286/5045
f 5058/5287/5046 3279/5288/3265 3281/5289/3267
f 5058/5287/5046 3280/5290/3266 3279/5288/3265
f 5059/5291/5047 3281/5289/3267 3289/5292/3275
f 5059/5291/5047 5058/5287/5046 3281/5289/3267
f 5060/5293/5048 5058/5287/5046 5059/5291/5047
f 5061/5294/5049 3289/5292/3275 3269/5295/3255
f 5061/5294/5049 5059/5291/5047 3289/5292/3275
f 5062/5296/5050 5059/5291/5047 5061/5294/5049
f 5062/5296/5050 5060/5293/5048 5059/5291/5047
f 5063/5297/5051 5060/5293/5048 5062/5296/5050
f 5064/5298/5052 3269/5295/3255 3270/5299/3256
f 5065/5300/5053 3269/5295/3255 5064/5298/5052
f 5065/5300/5053 5061/5294/5049 3269/5295/3255
f 5066/5301/5054 5061/5294/5049 5065/5300/5053
f 5066/5301/5054 5062/5296/5050 5061/5294/5049
f 5067/5302/5055 5062/5296/5050 5066/5301/5054
f 5067/5302/5055 5063/5297/5051 5062/5296/5050
f 5067/5302/5055 5068/5303/5056 5063/5297/5051
f 5069/5304/5057 5068/5303/5056 5067/5302/5055
f 5069/5304/5057 5070/5305/5058 5068/5303/5056
f 5071/5306/5059 5066/5301/5054 5065/5300/5053
f 5072/5307/5060 5066/5301/5054 5071/5306/5059
f 5072/5307/5060 5067/5302/5055 5066/5301/5054
f 5072/5307/5060 5069/5304/5057 5067/5302/5055
f 5069/5304/5057 5073/5308/5061 5070/5305/5058
f 5069/5304/5057 5074/5309/5062 5073/5308/5061
f 5072/5307/5060 5074/5309/5062 5069/5304/5057
f 5072/5307/5060 5075/5310/5063 5074/5309/5062
f 5071/5306/5059 5075/5310/5063 5072/5307/5060
f 5071/5306/5059 5076/5311/5064 5075/5310/5063
f 5065/5300/5053 5076/5311/5064 5071/5306/5059
f 5064/5298/5052 5076/5311/5064 5065/5300/5053
f 5064/5298/5052 5077/5312/5065 5076/5311/5064
f 5078/5313/5066 5077/5312/5065 5064/5298/5052
f 5075/5310/5063 5079/5314/5067 5074/5309/5062
f 5075/5310/5063 5080/5315/5068 5079/5314/5067
f 5081/5316/5069 5080/5315/5068 5075/5310/5063
f 5081/5316/5069 5082/5317/5070 5080/5315/5068
f 5083/5318/5071 5082/5317/5070 5081/5316/5069
f 5083/5318/5071 5084/5319/5072 5082/5317/5070
f 5083/5318/5071 5085/5320/5073 5084/5319/5072
f 5083/5318/5071 5086/5321/5074 5085/5320/5073
f 5083/5318/5071 5077/5312/5065 5086/5321/5074
f 5081/5316/5069 5077/5312/5065 5083/5318/5071
f 5081/5316/5069 5076/5311/5064 5077/5312/5065
f 5075/5310/5063 5076/5311/5064 5081/5316/5069
f 5087/5322/5075 5077/5312/5065 5078/5313/5066
f 5087/5322/5075 5086/5321/5074 5077/5312/5065
f 5088/5323/5076 5086/5321/5074 5087/5322/5075
f 5089/5324/5077 5086/5321/5074 5088/5323/5076
f 5089/5324/5077 5085/5320/5073 5086/5321/5074
f 5090/5325/5078 5085/5320/5073 5089/5324/5077
f 5091/5326/5079 5085/5320/5073 5090/5325/5078
f 5091/5326/5079 5084/5319/5072 5085/5320/5073
f 5092/5327/5080 5084/5319/5072 5091/5326/5079
f 5092/5327/5080 5082/5317/5070 5084/5319/5072
f 5089/5324/5077 5060/5293/5048 5090/5325/5078
f 5089/5324/5077 5058/5287/5046 5060/5293/5048
f 5088/5323/5076 5058/5287/5046 5089/5324/5077
f 5088/5323/5076 3280/5290/3266 5058/5287/5046
f 5087/5322/5075 3280/5290/3266 5088/5323/5076
f 5087/5322/5075 3272/5328/3258 3280/5290/3266
f 5087/5322/5075 3271/5329/3257 3272/5328/3258
f 5078/5313/5066 3271/5329/3257 5087/5322/5075
f 5078/5313/5066 3270/5299/3256 3271/5329/3257
f 5064/5298/5052 3270/5299/3256 5078/5313/5066
f 5093/5330/5081 5074/5309/5062 5079/5314/5067
f 5093/5330/5081 5073/5308/5061 5074/5309/5062
f 5094/5331/5082 5073/5308/5061 5093/5330/5081
f 5094/5331/5082 5070/5305/5058 5073/5308/5061
f 5095/5332/5083 5070/5305/5058 5094/5331/5082
f 5095/5332/5083 5068/5303/5056 5070/5305/5058
f 5091/5326/5079 5068/5303/5056 5095/5332/5083
f 5091/5326/5079 5063/5297/5051 5068/5303/5056
f 5090/5325/5078 5063/5297/5051 5091/5326/5079
f 5090/5325/5078 5060/5293/5048 5063/5297/5051
f 5096/5333/5084 5082/5317/5070 5092/5327/5080
f 5096/5333/5084 5080/5315/5068 5082/5317/5070
f 5097/5334/5085 5080/5315/5068 5096/5333/5084
f 5097/5334/5085 5079/5314/5067 5080/5315/5068
f 5098/5335/5086 5079/5314/5067 5097/5334/5085
f 5098/5335/5086 5093/5330/5081 5079/5314/5067
f 5098/5335/5086 5094/5331/5082 5093/5330/5081
f 5097/5334/5085 5094/5331/5082 5098/5335/5086
f 5096/5333/5084 5094/5331/5082 5097/5334/5085
f 5096/5333/5084 5095/5332/5083 5094/5331/5082
f 5092/5327/5080 5095/5332/5083 5096/5333/5084
f 5092/5327/5080 5091/5326/5079 5095/5332/5083
f 5099/5336/5087 5100/5337/5088 3314/3505/3300
f 5101/5338/5089 5100/5337/5088 5099/5336/5087
f 5101/5338/5089 5102/5339/5090 5100/5337/5088
f 5101/5338/5089 5103/5340/5091 5102/5339/5090
f 5104/5341/5092 5103/5340/5091 5101/5338/5089
f 5104/5341/5092 5105/5342/5093 5103/5340/5091
f 5106/5343/5094 5105/5342/5093 5104/5341/5092
f 5106/5343/5094 5107/5344/5095 5105/5342/5093
f 3172/5345/3158 5104/5341/5092 5101/5338/5089
f 3174/5346/3160 5104/5341/5092 3172/5345/3158
f 3174/5346/3160 5106/5343/5094 5104/5341/5092
f 5108/5347/5096 5106/5343/5094 3174/5346/3160
f 5109/5348/5097 5106/5343/5094 5108/5347/5096
f 5109/5348/5097 5107/5344/5095 5106/5343/5094
f 5037/5266/5025 5107/5344/5095 5109/5348/5097
f 5037/5266/5025 5110/5349/5098 5107/5344/5095
f 5036/5265/5024 5110/5349/5098 5037/5266/5025
f 5036/5265/5024 5040/5269/5028 5110/5349/5098
f 3174/5346/3160 5111/5350/5099 5108/5347/5096
f 3179/5351/3165 5111/5350/5099 3174/5346/3160
f 5109/5348/5097 5030/5259/5018 5037/5266/5025
f 5109/5348/5097 3304/3491/3290 5030/5259/5018
f 5108/5347/5096 3304/3491/3290 5109/5348/5097
f 5108/5347/5096 3303/3490/3289 3304/3491/3290
f 5111/5350/5099 3303/3490/3289 5108/5347/5096
f 5111/5350/5099 3306/3493/3292 3303/3490/3289
f 3179/5351/3165 3306/3493/3292 5111/5350/5099
f 3181/5352/3167 3306/3493/3292 3179/5351/3165
f 3181/5352/3167 3305/3492/3291 3306/3493/3292
f 5112/5353/5100 3305/3492/3291 3181/5352/3167
f 5113/5354/5101 5114/5355/5102 5112/5353/5100
f 5112/5353/5100 3307/3494/3293 3305/3492/3291
f 5114/5355/5102 3307/3494/3293 5112/5353/5100
f 5114/5355/5102 3075/3500/3061 3307/3494/3293
f 5113/5354/5101 3075/3500/3061 5114/5355/5102
f 5113/5354/5101 3073/5356/3059 3075/3500/3061
f 5113/5354/5101 5099/5336/5087 3073/5356/3059
f 5115/5357/5103 5099/5336/5087 5113/5354/5101
f 5115/5357/5103 5101/5338/5089 5099/5336/5087
f 3171/5358/3157 5101/5338/5089 5115/5357/5103
f 3172/5345/3158 5101/5338/5089 3171/5358/3157
f 3180/5359/3166 5112/5353/5100 3181/5352/3167
f 3180/5359/3166 5113/5354/5101 5112/5353/5100
f 3169/5360/3155 5113/5354/5101 3180/5359/3166
f 3169/5360/3155 5115/5357/5103 5113/5354/5101
f 3170/5361/3156 5115/5357/5103 3169/5360/3155
f 3170/5361/3156 3171/5358/3157 5115/5357/5103
f 4148/4347/4136 4130/4329/4118 4132/4331/4120
f 5116/5362/5104 4130/4329/4118 4148/4347/4136
f 5117/5363/5105 4130/4329/4118 5116/5362/5104
f 5117/5363/5105 4131/4330/4119 4130/4329/4118
f 4186/4390/4174 4148/4347/4136 4147/4346/4135
f 4187/4392/4175 4148/4347/4136 4186/4390/4174
f 4187/4392/4175 5116/5362/5104 4148/4347/4136
f 4189/4394/4177 5116/5362/5104 4187/4392/4175
f 4089/4400/4077 5116/5362/5104 4189/4394/4177
f 4089/4400/4077 5117/5363/5105 5116/5362/5104
f 4091/5364/4079 5117/5363/5105 4089/4400/4077
f 4091/5364/4079 4131/4330/4119 5117/5363/5105
f 4098/4405/4086 4131/4330/4119 4091/5364/4079
f 4129/4328/4117 4131/4330/4119 4098/4405/4086
f 4137/4336/4125 4141/4340/4129 4136/4335/4124
f 4341/4570/4329 4141/4340/4129 4137/4336/4125
f 4341/4570/4329 4143/4342/4131 4141/4340/4129
f 4341/4570/4329 4339/5365/4327 4143/4342/4131
f 4341/4570/4329 4157/4356/4145 4339/5365/4327
f 4343/4572/4331 4157/4356/4145 4341/4570/4329
f 4343/4572/4331 4155/4354/4143 4157/4356/4145
f 4345/4574/4333 4155/4354/4143 4343/4572/4331
f 4345/4574/4333 4168/4367/4156 4155/4354/4143
f 4201/4415/4189 4168/4367/4156 4345/4574/4333
f 5039/5268/5027 5003/5232/4991 5005/5234/4993
f 5033/5262/5021 5003/5232/4991 5039/5268/5027
f 5033/5262/5021 4996/5225/4984 5003/5232/4991
f 5032/5261/5020 4996/5225/4984 5033/5262/5021
f 5032/5261/5020 4989/5218/4977 4996/5225/4984
f 5032/5261/5020 4988/5217/4976 4989/5218/4977
f 5027/5256/5015 4988/5217/4976 5032/5261/5020
f 5027/5256/5015 4985/5214/4973 4988/5217/4976
f 5018/5247/5006 4985/5214/4973 5027/5256/5015
f 5018/5247/5006 4986/5215/4974 4985/5214/4973
f 5100/5337/5088 3262/3444/3248 3314/3505/3300
f 5100/5337/5088 3261/3443/3247 3262/3444/3248
f 5102/5339/5090 3261/3443/3247 5100/5337/5088
f 5102/5339/5090 3259/3441/3245 3261/3443/3247
f 5103/5340/5091 3259/3441/3245 5102/5339/5090
f 5103/5340/5091 3257/3439/3243 3259/3441/3245
f 5105/5342/5093 3257/3439/3243 5103/5340/5091
f 5105/5342/5093 3258/3440/3244 3257/3439/3243
f 5107/5344/5095 3258/3440/3244 5105/5342/5093
f 5110/5349/5098 3258/3440/3244 5107/5344/5095
f 5040/5269/5028 3258/3440/3244 5110/5349/5098
f 5040/5269/5028 3252/3434/3238 3258/3440/3244
f 3250/3432/3236 3252/3434/3238 5040/5269/5028
f 5118/5366/5106 3073/3255/3059 5099/5367/5087
f 5119/5368/5107 3073/3255/3059 5118/5366/5106
f 5119/5368/5107 3074/3256/3060 3073/3255/3059
f 5119/5368/5107 3079/3261/3065 3074/3256/3060
f 5119/5368/5107 3081/3263/3067 3079/3261/3065
f 5118/5366/5106 3081/3263/3067 5119/5368/5107
f 5118/5366/5106 3083/3265/3069 3081/3263/3067
f 5118/5366/5106 3085/3267/3071 3083/3265/3069
f 3100/3282/3086 3085/3267/3071 5118/5366/5106
f 3100/3282/3086 3099/3281/3085 3085/3267/3071
f 3103/3285/3089 3078/3260/3064 3096/3278/3082
f 3103/3285/3089 3086/3268/3072 3078/3260/3064
f 3102/3284/3088 3086/3268/3072 3103/3285/3089
f 3102/3284/3088 3088/3270/3074 3086/3268/3072
f 3102/3284/3088 3313/5369/3299 3088/3270/3074
f 3098/3280/3084 3313/5369/3299 3102/3284/3088
f 3098/3280/3084 3314/5370/3300 3313/5369/3299
f 3100/3282/3086 3314/5370/3300 3098/3280/3084
f 3100/3282/3086 5099/5367/5087 3314/5370/3300
f 5118/5366/5106 5099/5367/5087 3100/3282/3086
f 4511/4740/4499 4488/4717/4476 4487/4716/4475
f 4521/4750/4509 4488/4717/4476 4511/4740/4499
f 4521/4750/4509 4480/4709/4468 4488/4717/4476
f 4527/4756/4515 4480/4709/4468 4521/4750/4509
f 4527/4756/4515 5120/5371/5108 4480/4709/4468
f 4522/4751/4510 5120/5371/5108 4527/4756/4515
f 4522/4751/4510 5121/5372/5109 5120/5371/5108
f 4523/4752/4511 5121/5372/5109 4522/4751/4510
f 4523/4752/4511 4546/4775/4534 5121/5372/5109
f 4532/4761/4520 4546/4775/4534 4523/4752/4511
f 4563/4792/4551 4551/4780/4539 4552/4781/4540
f 4563/4792/4551 5122/5373/5110 4551/4780/4539
f 4564/4793/4552 5122/5373/5110 4563/4792/4551
f 4564/4793/4552 5123/5374/5111 5122/5373/5110
f 4480/4709/4468 5123/5374/5111 4564/4793/4552
f 5120/5371/5108 5123/5374/5111 4480/4709/4468
f 5120/5371/5108 5122/5373/5110 5123/5374/5111
f 5121/5372/5109 5122/5373/5110 5120/5371/5108
f 5121/5372/5109 4551/4780/4539 5122/5373/5110
f 4546/4775/4534 4551/4780/4539 5121/5372/5109
f 4919/5148/4907 4759/4988/4747 4758/4987/4746
f 4919/5148/4907 4761/4990/4749 4759/4988/4747
f 4945/5174/4933 4761/4990/4749 4919/5148/4907
f 4945/5174/4933 4762/4991/4750 4761/4990/4749
f 4947/5176/4935 4762/4991/4750 4945/5174/4933
f 4947/5176/4935 4782/5011/4770 4762/4991/4750
f 4949/5178/4937 4782/5011/4770 4947/5176/4935
f 4949/5178/4937 4781/5010/4769 4782/5011/4770
f 4951/5180/4939 4781/5010/4769 4949/5178/4937
f 4951/5180/4939 4777/5006/4765 4781/5010/4769
f 4065/4264/4053 4077/4276/4065 4067/4266/4055
f 4065/4264/4053 4104/4303/4092 4077/4276/4065
f 4066/4265/4054 4104/4303/4092 4065/4264/4053
f 4066/4265/4054 4060/4259/4048 4104/4303/4092
f 5124/5375/5112 4060/4259/4048 4066/4265/4054
f 5124/5375/5112 4058/4257/4046 4060/4259/4048
f 5124/5375/5112 4057/4256/4045 4058/4257/4046
f 5124/5375/5112 4056/4255/4044 4057/4256/4045
f 4066/4265/4054 4056/4255/4044 5124/5375/5112
f 4066/4265/4054 4063/4262/4051 4056/4255/4044
f 3754/3951/3741 3723/3920/3710 3753/3950/3740
f 3754/3951/3741 3724/3921/3711 3723/3920/3710
f 3740/3937/3727 3724/3921/3711 3754/3951/3741
f 3741/3938/3728 3724/3921/3711 3740/3937/3727
f 3741/3938/3728 3725/3922/3712 3724/3921/3711
f 3741/3938/3728 3729/5376/3716 3725/3922/3712
f 3741/3938/3728 3731/3928/3718 3729/5376/3716
f 3737/3934/3724 3731/3928/3718 3741/3938/3728
f 3737/3934/3724 3721/3918/3708 3731/3928/3718
f 3739/3936/3726 3721/3918/3708 3737/3934/3724
f 3416/3611/3402 3427/3622/3413 3428/3623/3414
f 3415/3610/3401 3427/3622/3413 3416/3611/3402
f 3415/3610/3401 3421/3616/3407 3427/3622/3413
f 3407/3602/3393 3421/3616/3407 3415/3610/3401
f 3407/3602/3393 3420/3615/3406 3421/3616/3407
f 3405/3600/3391 3420/3615/3406 3407/3602/3393
f 3405/3600/3391 3395/3590/3381 3420/3615/3406
f 3403/3598/3389 3395/3590/3381 3405/3600/3391
f 3403/3598/3389 3394/3589/3380 3395/3590/3381
f 3397/3592/3383 3394/3589/3380 3403/3598/3389
f 5125/5377/5113 5126/5378/5114 5127/5379/5115
f 3536/3733/3523 5126/5378/5114 5125/5377/5113
f 3536/3733/3523 5128/5380/5116 5126/5378/5114
f 3538/3735/3525 5128/5380/5116 3536/3733/3523
f 3542/3739/3529 5128/5380/5116 3538/3735/3525
f 3542/3739/3529 3577/3774/3564 5128/5380/5116
f 3544/3741/3531 3577/3774/3564 3542/3739/3529
f 3544/3741/3531 3576/3773/3563 3577/3774/3564
f 3546/3743/3533 3576/3773/3563 3544/3741/3531
f 3546/3743/3533 3575/3772/3562 3576/3773/3563
f 3571/3768/3558 5128/5380/5116 3577/3774/3564
f 3571/3768/3558 5126/5378/5114 5128/5380/5116
f 3570/3767/3557 5126/5378/5114 3571/3768/3558
f 3570/3767/3557 5127/5379/5115 5126/5378/5114
f 3570/3767/3557 5129/5381/5117 5127/5379/5115
f 3570/3767/3557 5130/5382/5118 5129/5381/5117
f 3568/3765/3555 5130/5382/5118 3570/3767/3557
f 3568/3765/3555 5131/5383/5119 5130/5382/5118
f 3559/3756/3546 5131/5383/5119 3568/3765/3555
f 3559/3756/3546 3557/3754/3544 5131/5383/5119
f 3543/3740/3530 5131/5383/5119 3557/3754/3544
f 3541/3738/3528 5131/5383/5119 3543/3740/3530
f 3541/3738/3528 5130/5382/5118 5131/5383/5119
f 3539/3736/3526 5130/5382/5118 3541/3738/3528
f 3539/3736/3526 5129/5381/5117 5130/5382/5118
f 3540/3737/3527 5129/5381/5117 3539/3736/3526
f 5132/5384/5120 5129/5381/5117 3540/3737/3527
f 5133/5385/5121 5129/5381/5117 5132/5384/5120
f 5133/5385/5121 5127/5379/5115 5129/5381/5117
f 5125/5377/5113 5127/5379/5115 5133/5385/5121
f 4833/5062/4821 4839/5068/4827 4832/5061/4820
f 4833/5062/4821 4844/5073/4832 4839/5068/4827
f 4819/5048/4807 4844/5073/4832 4833/5062/4821
f 4819/5048/4807 4977/5206/4965 4844/5073/4832
f 4817/5046/4805 4977/5206/4965 4819/5048/4807
f 4817/5046/4805 4978/5207/4966 4977/5206/4965
f 4815/5044/4803 4978/5207/4966 4817/5046/4805
f 4815/5044/4803 4980/5209/4968 4978/5207/4966
f 4812/5041/4800 4980/5209/4968 4815/5044/4803
f 4812/5041/4800 4974/5203/4962 4980/5209/4968
f 5134/5386/5122 5135/5387/5123 5136/5388/5123
f 5134/5386/5122 5137/5389/5122 5135/5387/5123
f 5138/5390/5122 5137/5389/5122 5134/5386/5122
f 5138/5390/5122 5139/5391/5122 5137/5389/5122
f 5140/5392/5122 5139/5391/5122 5138/5390/5122
f 5140/5392/5122 5141/5393/5122 5139/5391/5122
f 5142/5394/5122 5141/5393/5122 5140/5392/5122
f 5142/5394/5122 5143/5395/5122 5141/5393/5122
f 5144/5396/5122 5143/5395/5122 5142/5394/5122
f 5145/5397/5122 5143/5395/5122 5144/5396/5122
f 5135/5387/944 5146/5398/944 5147/5399/944
f 5135/5387/5123 5148/5400/5123 5146/5398/5122
f 5137/5389/5122 5148/5400/5123 5135/5387/5123
f 5137/5389/5122 5149/5401/5122 5148/5400/5123
f 5139/5391/5122 5149/5401/5122 5137/5389/5122
f 5139/5391/5122 5150/5402/5122 5149/5401/5122
f 5141/5393/5122 5150/5402/5122 5139/5391/5122
f 5141/5393/5122 5151/5403/5122 5150/5402/5122
f 5143/5395/5122 5151/5403/5122 5141/5393/5122
f 5152/5404/5122 5151/5403/5122 5143/5395/5122
f 5153/5405/5123 5151/5403/5122 5152/5404/5122
f 5153/5405/5123 5150/5402/5122 5151/5403/5122
f 5153/5405/5123 5149/5401/5122 5150/5402/5122
f 5153/5405/5123 5148/5400/5123 5149/5401/5122
f 5153/5405/5124 5146/5398/5124 5148/5400/5124
f 5153/5405/5123 5154/5406/5122 5146/5398/5122
f 5153/5405/5123 5155/5407/5122 5154/5406/5122
f 5153/5405/5123 5156/5408/5122 5155/5407/5122
f 5153/5405/5123 5157/5409/5122 5156/5408/5122
f 5153/5405/5123 5158/5410/5122 5157/5409/5122
f 5159/5411/5122 5158/5410/5122 5160/5412/5122
f 5159/5411/5122 5157/5409/5122 5158/5410/5122
f 5161/5413/5122 5157/5409/5122 5159/5411/5122
f 5161/5413/5122 5156/5408/5122 5157/5409/5122
f 5162/5414/5122 5156/5408/5122 5161/5413/5122
f 5162/5414/5122 5155/5407/5122 5156/5408/5122
f 5163/5415/5122 5155/5407/5122 5162/5414/5122
f 5163/5415/5122 5154/5406/5122 5155/5407/5122
f 5147/5399/5123 5154/5406/5122 5163/5415/5122
f 5147/5399/5123 5146/5398/5122 5154/5406/5122
f 5164/5416/5122 5159/5411/5122 5165/5417/5122
f 5164/5416/5122 5161/5413/5122 5159/5411/5122
f 5166/5418/5122 5161/5413/5122 5164/5416/5122
f 5166/5418/5122 5162/5414/5122 5161/5413/5122
f 5167/5419/5122 5162/5414/5122 5166/5418/5122
f 5167/5419/5122 5163/5415/5122 5162/5414/5122
f 5168/5420/5123 5163/5415/5122 5167/5419/5122
f 5168/5420/5123 5147/5399/5123 5163/5415/5122
f 5136/5388/5123 5147/5399/5123 5168/5420/5123
f 5136/5388/5123 5135/5387/5123 5147/5399/5123
f 5169/5421/5122 5170/5422/5122 5171/5423/5122
f 5169/5421/5122 5172/5424/5122 5170/5422/5122
f 5173/5425/5122 5172/5424/5122 5169/5421/5122
f 5173/5425/5122 5174/5426/5122 5172/5424/5122
f 5175/5427/5122 5174/5426/5122 5173/5425/5122
f 5175/5427/5122 5176/5428/5122 5174/5426/5122
f 5177/5429/5122 5176/5428/5122 5175/5427/5122
f 5177/5429/5122 5160/5412/5122 5176/5428/5122
f 5165/5417/5122 5160/5412/5122 5177/5429/5122
f 5165/5417/5122 5159/5411/5122 5160/5412/5122
f 5170/5422/5122 5178/5430/5122 5179/5431/5122
f 5170/5422/5122 5180/5432/5122 5178/5430/5122
f 5172/5424/5122 5180/5432/5122 5170/5422/5122
f 5172/5424/5122 5181/5433/5122 5180/5432/5122
f 5174/5426/5122 5181/5433/5122 5172/5424/5122
f 5174/5426/5122 5182/5434/5122 5181/5433/5122
f 5176/5428/5122 5182/5434/5122 5174/5426/5122
f 5176/5428/5122 5183/5435/5122 5182/5434/5122
f 5160/5412/5122 5183/5435/5122 5176/5428/5122
f 5160/5412/5122 5158/5410/5122 5183/5435/5122
f 5153/5405/5123 5183/5435/5122 5158/5410/5122
f 5153/5405/5123 5182/5434/5122 5183/5435/5122
f 5153/5405/5123 5181/5433/5122 5182/5434/5122
f 5153/5405/5123 5180/5432/5122 5181/5433/5122
f 5153/5405/5123 5178/5430/5122 5180/5432/5122
f 5153/5405/5123 5184/5436/5122 5178/5430/5122
f 5185/5437/5122 5184/5436/5122 5153/5405/5123
f 5145/5397/5122 5152/5404/5122 5143/5395/5122
f 5186/5438/5122 5152/5404/5122 5145/5397/5122
f 5186/5438/5122 5153/5405/5123 5152/5404/5122
f 5187/5439/5123 5153/5405/5123 5186/5438/5122
f 5187/5439/5123 5185/5437/5122 5153/5405/5123
f 5188/5440/5122 5185/5437/5122 5187/5439/5123
f 5189/5441/5122 5185/5437/5122 5188/5440/5122
f 5189/5441/5122 5184/5436/5122 5185/5437/5122
f 5179/5431/5122 5184/5436/5122 5189/5441/5122
f 5179/5431/5122 5178/5430/5122 5184/5436/5122
f 5190/5442/5122 5186/5438/5122 5145/5397/5122
f 5190/5442/5122 5187/5439/5123 5186/5438/5122
f 5188/5440/5122 5187/5439/5123 5190/5442/5122
f 5191/5443/5123 5145/5397/5122 5144/5396/5122
f 5191/5443/5123 5190/5442/5122 5145/5397/5122
f 5192/5444/5123 5190/5442/5122 5191/5443/5123
f 5192/5444/5123 5188/5440/5122 5190/5442/5122
f 5193/5445/5122 5188/5440/5122 5192/5444/5123
f 5193/5445/5122 5189/5441/5122 5188/5440/5122
f 5194/5446/5122 5189/5441/5122 5193/5445/5122
f 5194/5446/5122 5179/5431/5122 5189/5441/5122
f 5171/5423/5122 5179/5431/5122 5194/5446/5122
f 5171/5423/5122 5170/5422/5122 5179/5431/5122
f 5195/5447/5122 5196/5448/5122 5197/5449/5122
f 5198/5450/5122 5196/5448/5122 5195/5447/5122
f 5198/5450/5122 5199/5451/5122 5196/5448/5122
f 5200/5452/5122 5199/5451/5122 5198/5450/5122
f 5200/5452/5122 5201/5453/5122 5199/5451/5122
f 5202/5454/5123 5201/5453/5122 5200/5452/5122
f 5202/5454/5123 5203/5455/5122 5201/5453/5122
f 5204/5456/5123 5203/5455/5122 5202/5454/5123
f 5204/5456/5123 5205/5457/5123 5203/5455/5122
f 5206/5458/5122 5205/5457/5123 5204/5456/5123
f 5196/5448/5122 5207/5459/5122 5208/5460/5122
f 5199/5451/5122 5207/5459/5122 5196/5448/5122
f 5199/5451/5122 5209/5461/5122 5207/5459/5122
f 5201/5453/5122 5209/5461/5122 5199/5451/5122
f 5201/5453/5122 5210/5462/5122 5209/5461/5122
f 5203/5455/5122 5210/5462/5122 5201/5453/5122
f 5203/5455/5122 5211/5463/5123 5210/5462/5122
f 5205/5457/5123 5211/5463/5123 5203/5455/5122
f 5205/5457/5123 5212/5464/5123 5211/5463/5123
f 5205/5457/5123 5213/5465/5122 5212/5464/5123
f 5206/5458/5122 5213/5465/5122 5205/5457/5123
f 5214/5466/5122 5213/5465/5122 5206/5458/5122
f 5214/5466/5122 5215/5467/5122 5213/5465/5122
f 5216/5468/5122 5215/5467/5122 5214/5466/5122
f 5216/5468/5122 5217/5469/5122 5215/5467/5122
f 5218/5470/5122 5217/5469/5122 5216/5468/5122
f 5218/5470/5122 5219/5471/5122 5217/5469/5122
f 5220/5472/5122 5219/5471/5122 5218/5470/5122
f 5220/5472/5122 5221/5473/5122 5219/5471/5122
f 5222/5474/5123 5221/5473/5122 5220/5472/5122
f 5213/5465/5122 5223/5475/5122 5212/5464/5123
f 5215/5467/5122 5223/5475/5122 5213/5465/5122
f 5215/5467/5122 5224/5476/5122 5223/5475/5122
f 5217/5469/5122 5224/5476/5122 5215/5467/5122
f 5217/5469/5122 5225/5477/5122 5224/5476/5122
f 5219/5471/5122 5225/5477/5122 5217/5469/5122
f 5219/5471/5122 5226/5478/5122 5225/5477/5122
f 5221/5473/5122 5226/5478/5122 5219/5471/5122
f 5221/5473/5122 5227/5479/5122 5226/5478/5122
f 5228/5480/5122 5227/5479/5122 5221/5473/5122
f 5222/5474/5123 5228/5480/5122 5221/5473/5122
f 5229/5481/5123 5228/5480/5122 5222/5474/5123
f 5229/5481/5123 5230/5482/5123 5228/5480/5122
f 5231/5483/5122 5230/5482/5123 5229/5481/5123
f 5231/5483/5122 5232/5484/5122 5230/5482/5123
f 5233/5485/5122 5232/5484/5122 5231/5483/5122
f 5233/5485/5122 5234/5486/5122 5232/5484/5122
f 5235/5487/5122 5234/5486/5122 5233/5485/5122
f 5235/5487/5122 5236/5488/5122 5234/5486/5122
f 5237/5489/5122 5236/5488/5122 5235/5487/5122
f 5228/5480/5122 5238/5490/5123 5227/5479/5122
f 5230/5482/5123 5238/5490/5123 5228/5480/5122
f 5230/5482/5123 5239/5491/5123 5238/5490/5123
f 5232/5484/5122 5239/5491/5123 5230/5482/5123
f 5232/5484/5122 5240/5492/5122 5239/5491/5123
f 5234/5486/5122 5240/5492/5122 5232/5484/5122
f 5234/5486/5122 5241/5493/5122 5240/5492/5122
f 5236/5488/5122 5241/5493/5122 5234/5486/5122
f 5236/5488/5122 5242/5494/5122 5241/5493/5122
f 5243/5495/5122 5242/5494/5122 5236/5488/5122
f 5237/5489/5122 5243/5495/5122 5236/5488/5122
f 5244/5496/5122 5243/5495/5122 5237/5489/5122
f 5244/5496/5122 5245/5497/5122 5243/5495/5122
f 5246/5498/5122 5245/5497/5122 5244/5496/5122
f 5246/5498/5122 5247/5499/5122 5245/5497/5122
f 5248/5500/5122 5247/5499/5122 5246/5498/5122
f 5248/5500/5122 5249/5501/5122 5247/5499/5122
f 5250/5502/5122 5249/5501/5122 5248/5500/5122
f 5250/5502/5122 5197/5449/5122 5249/5501/5122
f 5195/5447/5122 5197/5449/5122 5250/5502/5122
f 5243/5495/5122 5251/5503/5122 5242/5494/5122
f 5245/5497/5122 5251/5503/5122 5243/5495/5122
f 5245/5497/5122 5252/5504/5122 5251/5503/5122
f 5247/5499/5122 5252/5504/5122 5245/5497/5122
f 5247/5499/5122 5253/5505/5122 5252/5504/5122
f 5249/5501/5122 5253/5505/5122 5247/5499/5122
f 5249/5501/5122 5254/5506/5122 5253/5505/5122
f 5197/5449/5122 5254/5506/5122 5249/5501/5122
f 5197/5449/5122 5208/5460/5122 5254/5506/5122
f 5196/5448/5122 5208/5460/5122 5197/5449/5122
f 5255/5507/5122 5256/5508/5122 5257/5509/5122
f 5258/5510/5122 5256/5508/5122 5255/5507/5122
f 5258/5510/5122 5259/5511/5122 5256/5508/5122
f 5260/5512/5122 5259/5511/5122 5258/5510/5122
f 5260/5512/5122 5261/5513/5122 5259/5511/5122
f 5262/5514/5122 5261/5513/5122 5260/5512/5122
f 5262/5514/5122 5263/5515/5122 5261/5513/5122
f 5264/5516/5122 5263/5515/5122 5262/5514/5122
f 5264/5516/5122 5265/5517/5122 5263/5515/5122
f 5266/5518/5122 5265/5517/5122 5264/5516/5122
f 5266/5518/5122 5267/5519/5122 5265/5517/5122
f 5268/5520/5122 5267/5519/5122 5266/5518/5122
f 5268/5520/5122 5269/5521/5122 5267/5519/5122
f 5270/5522/5122 5269/5521/5122 5268/5520/5122
f 5270/5522/5122 5271/5523/5122 5269/5521/5122
f 5272/5524/5122 5271/5523/5122 5270/5522/5122
f 5272/5524/5122 5273/5525/5122 5271/5523/5122
f 5274/5526/5122 5273/5525/5122 5272/5524/5122
f 5274/5526/5122 5275/5527/5122 5273/5525/5122
f 5276/5528/5122 5275/5527/5122 5274/5526/5122
f 5276/5528/5122 5277/5529/5122 5275/5527/5122
f 5278/5530/5122 5277/5529/5122 5276/5528/5122
f 5278/5530/5122 5279/5531/5122 5277/5529/5122
f 5280/5532/5122 5279/5531/5122 5278/5530/5122
f 5280/5532/5122 5281/5533/5122 5279/5531/5122
f 5282/5534/5122 5281/5533/5122 5280/5532/5122
f 5282/5534/5122 5283/5535/5122 5281/5533/5122
f 5284/5536/5122 5283/5535/5122 5282/5534/5122
f 5284/5536/5122 5285/5537/5122 5283/5535/5122
f 5286/5538/5122 5285/5537/5122 5284/5536/5122
f 5286/5538/5122 5287/5539/5122 5285/5537/5122
f 5288/5540/5122 5287/5539/5122 5286/5538/5122
f 5288/5540/5122 5289/5541/5122 5287/5539/5122
f 5290/5542/5122 5289/5541/5122 5288/5540/5122
f 5290/5542/5122 5291/5543/5122 5289/5541/5122
f 5292/5544/5122 5291/5543/5122 5290/5542/5122
f 5292/5544/5122 5293/5545/5122 5291/5543/5122
f 5294/5546/5122 5293/5545/5122 5292/5544/5122
f 5294/5546/5122 5257/5509/5122 5293/5545/5122
f 5255/5507/5122 5257/5509/5122 5294/5546/5122
f 5295/5547/5122 5296/5548/5122 5297/5549/5122
f 5298/5550/5122 5296/5548/5122 5295/5547/5122
f 5298/5550/5122 5299/5551/5122 5296/5548/5122
f 5300/5552/5122 5299/5551/5122 5298/5550/5122
f 5300/5552/5122 5301/5553/5122 5299/5551/5122
f 5302/5554/5122 5301/5553/5122 5300/5552/5122
f 5302/5554/5122 5303/5555/5122 5301/5553/5122
f 5304/5556/5122 5303/5555/5122 5302/5554/5122
f 5297/5549/5122 5305/5557/5122 5306/5558/5122
f 5296/5548/5122 5305/5557/5122 5297/5549/5122
f 5296/5548/5122 5307/5559/5122 5305/5557/5122
f 5299/5551/5122 5307/5559/5122 5296/5548/5122
f 5299/5551/5122 5308/5560/5122 5307/5559/5122
f 5301/5553/5122 5308/5560/5122 5299/5551/5122
f 5301/5553/5122 5309/5561/5122 5308/5560/5122
f 5303/5555/5122 5309/5561/5122 5301/5553/5122
f 5303/5555/5122 5310/5562/5122 5309/5561/5122
f 5303/5555/5122 5311/5563/5122 5310/5562/5122
f 5311/5563/5122 5312/5564/5122 5310/5562/5122
f 5313/5565/5122 5312/5564/5122 5311/5563/5122
f 5313/5565/5122 5314/5566/5122 5312/5564/5122
f 5315/5567/5122 5314/5566/5122 5313/5565/5122
f 5315/5567/5122 5316/5568/5122 5314/5566/5122
f 5317/5569/5122 5316/5568/5122 5315/5567/5122
f 5317/5569/5122 5318/5570/5122 5316/5568/5122
f 5319/5571/5122 5318/5570/5122 5317/5569/5122
f 5319/5571/5122 5320/5572/5122 5318/5570/5122
f 5321/5573/5122 5320/5572/5122 5319/5571/5122
f 5322/5574/5122 5313/5565/5122 5311/5563/5122
f 5323/5575/5122 5313/5565/5122 5322/5574/5122
f 5323/5575/5122 5315/5567/5122 5313/5565/5122
f 5324/5576/5122 5315/5567/5122 5323/5575/5122
f 5324/5576/5122 5317/5569/5122 5315/5567/5122
f 5325/5577/5123 5317/5569/5122 5324/5576/5122
f 5325/5577/5123 5319/5571/5122 5317/5569/5122
f 5326/5578/5122 5319/5571/5122 5325/5577/5123
f 5326/5578/5122 5321/5573/5122 5319/5571/5122
f 5327/5579/5122 5321/5573/5122 5326/5578/5122
f 5304/5556/5122 5311/5563/5122 5303/5555/5122
f 5304/5556/5122 5322/5574/5122 5311/5563/5122
f 5328/5580/5122 5322/5574/5122 5304/5556/5122
f 5329/5581/5123 5322/5574/5122 5328/5580/5122
f 5329/5581/5123 5323/5575/5122 5322/5574/5122
f 5330/5582/5123 5323/5575/5122 5329/5581/5123
f 5330/5582/5123 5324/5576/5122 5323/5575/5122
f 5331/5583/5122 5324/5576/5122 5330/5582/5123
f 5331/5583/5122 5325/5577/5123 5324/5576/5122
f 5332/5584/5123 5325/5577/5123 5331/5583/5122
f 5332/5584/5123 5326/5578/5122 5325/5577/5123
f 5333/5585/5123 5326/5578/5122 5332/5584/5123
f 5333/5585/5123 5327/5579/5122 5326/5578/5122
f 5334/5586/5122 5327/5579/5122 5333/5585/5123
f 5334/5586/5122 5335/5587/5122 5327/5579/5122
f 5336/5588/5122 5335/5587/5122 5334/5586/5122
f 5336/5588/5122 5337/5589/5122 5335/5587/5122
f 5338/5590/5122 5337/5589/5122 5336/5588/5122
f 5338/5590/5122 5339/5591/5122 5337/5589/5122
f 5340/5592/5122 5339/5591/5122 5338/5590/5122
f 5327/5579/5122 5341/5593/5122 5321/5573/5122
f 5335/5587/5122 5341/5593/5122 5327/5579/5122
f 5335/5587/5122 5342/5594/5122 5341/5593/5122
f 5337/5589/5122 5342/5594/5122 5335/5587/5122
f 5337/5589/5122 5343/5595/5122 5342/5594/5122
f 5339/5591/5122 5343/5595/5122 5337/5589/5122
f 5339/5591/5122 5344/5596/5122 5343/5595/5122
f 5345/5597/5122 5344/5596/5122 5339/5591/5122
f 5345/5597/5122 5346/5598/5122 5344/5596/5122
f 5347/5599/5122 5346/5598/5122 5345/5597/5122
f 5321/5573/5122 5348/5600/5122 5320/5572/5122
f 5341/5593/5122 5348/5600/5122 5321/5573/5122
f 5341/5593/5122 5349/5601/5122 5348/5600/5122
f 5342/5594/5122 5349/5601/5122 5341/5593/5122
f 5342/5594/5122 5350/5602/5122 5349/5601/5122
f 5343/5595/5122 5350/5602/5122 5342/5594/5122
f 5343/5595/5122 5351/5603/5122 5350/5602/5122
f 5344/5596/5122 5351/5603/5122 5343/5595/5122
f 5344/5596/5122 5352/5604/5122 5351/5603/5122
f 5346/5598/5122 5352/5604/5122 5344/5596/5122
f 5346/5598/5122 5353/5605/5122 5352/5604/5122
f 5354/5606/5122 5353/5605/5122 5346/5598/5122
f 5354/5606/5122 5355/5607/5122 5353/5605/5122
f 5356/5608/5122 5355/5607/5122 5354/5606/5122
f 5356/5608/5122 5357/5609/5122 5355/5607/5122
f 5358/5610/5122 5357/5609/5122 5356/5608/5122
f 5358/5610/5122 5359/5611/5122 5357/5609/5122
f 5360/5612/5122 5359/5611/5122 5358/5610/5122
f 5360/5612/5122 5306/5558/5122 5359/5611/5122
f 5297/5549/5122 5306/5558/5122 5360/5612/5122
f 5347/5599/5122 5354/5606/5122 5346/5598/5122
f 5361/5613/5122 5354/5606/5122 5347/5599/5122
f 5361/5613/5122 5356/5608/5122 5354/5606/5122
f 5362/5614/5122 5356/5608/5122 5361/5613/5122
f 5362/5614/5122 5358/5610/5122 5356/5608/5122
f 5363/5615/5122 5358/5610/5122 5362/5614/5122
f 5363/5615/5122 5360/5612/5122 5358/5610/5122
f 5364/5616/5122 5360/5612/5122 5363/5615/5122
f 5364/5616/5122 5297/5549/5122 5360/5612/5122
f 5295/5547/5122 5297/5549/5122 5364/5616/5122
f 5340/5592/5122 5345/5597/5122 5339/5591/5122
f 5365/5617/5122 5345/5597/5122 5340/5592/5122
f 5365/5617/5122 5347/5599/5122 5345/5597/5122
f 5366/5618/5122 5347/5599/5122 5365/5617/5122
f 5366/5618/5122 5361/5613/5122 5347/5599/5122
f 5367/5619/5122 5361/5613/5122 5366/5618/5122
f 5367/5619/5122 5362/5614/5122 5361/5613/5122
f 5368/5620/5122 5362/5614/5122 5367/5619/5122
f 5368/5620/5122 5363/5615/5122 5362/5614/5122
f 5369/5621/5122 5363/5615/5122 5368/5620/5122
f 5369/5621/5122 5364/5616/5122 5363/5615/5122
f 5370/5622/5122 5364/5616/5122 5369/5621/5122
f 5370/5622/5122 5295/5547/5122 5364/5616/5122
f 5371/5623/5122 5295/5547/5122 5370/5622/5122
f 5371/5623/5122 5298/5550/5122 5295/5547/5122
f 5372/5624/5122 5298/5550/5122 5371/5623/5122
f 5372/5624/5122 5300/5552/5122 5298/5550/5122
f 5373/5625/5122 5300/5552/5122 5372/5624/5122
f 5373/5625/5122 5302/5554/5122 5300/5552/5122
f 5374/5626/5122 5302/5554/5122 5373/5625/5122
f 5374/5626/5122 5304/5556/5122 5302/5554/5122
f 5328/5580/5122 5304/5556/5122 5374/5626/5122
f 5375/5627/5123 5376/5628/5123 5377/5629/5122
f 5378/5630/5123 5376/5628/5123 5375/5627/5123
f 5379/5631/5123 5376/5628/5123 5378/5630/5123
f 5380/5632/944 5376/5628/944 5379/5631/944
f 5381/5633/5122 5376/5628/944 5380/5632/5122
f 5382/5634/944 5376/5628/944 5381/5633/944
f 5383/5635/5122 5376/5628/5123 5382/5634/5122
f 5384/5636/5122 5376/5628/5123 5383/5635/5122
f 5385/5637/5122 5376/5628/5123 5384/5636/5122
f 5386/5638/5122 5376/5628/5123 5385/5637/5122
f 5386/5638/5122 5387/5639/5122 5388/5640/5122
f 5385/5637/5122 5387/5639/5122 5386/5638/5122
f 5385/5637/5122 5389/5641/5122 5387/5639/5122
f 5384/5636/5122 5389/5641/5122 5385/5637/5122
f 5384/5636/5122 5390/5642/5122 5389/5641/5122
f 5383/5635/5122 5390/5642/5122 5384/5636/5122
f 5383/5635/5122 5391/5643/5122 5390/5642/5122
f 5382/5634/5122 5391/5643/5122 5383/5635/5122
f 5382/5634/5122 5392/5644/5124 5391/5643/5122
f 5381/5633/5124 5392/5644/5124 5382/5634/5124
f 5393/5645/5122 5376/5628/5123 5386/5638/5122
f 5394/5646/5122 5376/5628/5123 5393/5645/5122
f 5395/5647/5122 5376/5628/5123 5394/5646/5122
f 5396/5648/5122 5376/5628/5123 5395/5647/5122
f 5397/5649/5122 5376/5628/5123 5396/5648/5122
f 5398/5650/5122 5376/5628/5123 5397/5649/5122
f 5398/5650/5122 5399/5651/5123 5376/5628/5123
f 5397/5649/5122 5400/5652/5122 5401/5653/5122
f 5396/5648/5122 5400/5652/5122 5397/5649/5122
f 5396/5648/5122 5402/5654/5122 5400/5652/5122
f 5395/5647/5122 5402/5654/5122 5396/5648/5122
f 5395/5647/5122 5403/5655/5122 5402/5654/5122
f 5394/5646/5122 5403/5655/5122 5395/5647/5122
f 5394/5646/5122 5404/5656/5122 5403/5655/5122
f 5393/5645/5122 5404/5656/5122 5394/5646/5122
f 5393/5645/5122 5388/5640/5122 5404/5656/5122
f 5386/5638/5122 5388/5640/5122 5393/5645/5122
f 5400/5652/5122 5405/5657/5122 5406/5658/5122
f 5402/5654/5122 5405/5657/5122 5400/5652/5122
f 5402/5654/5122 5407/5659/5122 5405/5657/5122
f 5403/5655/5122 5407/5659/5122 5402/5654/5122
f 5403/5655/5122 5408/5660/5122 5407/5659/5122
f 5404/5656/5122 5408/5660/5122 5403/5655/5122
f 5404/5656/5122 5409/5661/5122 5408/5660/5122
f 5388/5640/5122 5409/5661/5122 5404/5656/5122
f 5388/5640/5122 5410/5662/5122 5409/5661/5122
f 5387/5639/5122 5410/5662/5122 5388/5640/5122
f 5387/5639/5122 5411/5663/5122 5410/5662/5122
f 5389/5641/5122 5411/5663/5122 5387/5639/5122
f 5389/5641/5122 5412/5664/5122 5411/5663/5122
f 5390/5642/5122 5412/5664/5122 5389/5641/5122
f 5390/5642/5122 5413/5665/5122 5412/5664/5122
f 5391/5643/5122 5413/5665/5122 5390/5642/5122
f 5391/5643/5122 5414/5666/5122 5413/5665/5122
f 5392/5644/5124 5414/5666/5122 5391/5643/5122
f 5392/5644/5124 5415/5667/5122 5414/5666/5122
f 5416/5668/5122 5415/5667/5122 5392/5644/5124
f 5381/5633/5122 5416/5668/5122 5392/5644/5124
f 5380/5632/5122 5416/5668/5122 5381/5633/5122
f 5380/5632/5122 5417/5669/5123 5416/5668/5122
f 5379/5631/5124 5417/5669/5124 5380/5632/5124
f 5379/5631/5123 5418/5670/5123 5417/5669/5123
f 5378/5630/5123 5418/5670/5123 5379/5631/5123
f 5378/5630/5123 5419/5671/5122 5418/5670/5123
f 5375/5627/5123 5419/5671/5122 5378/5630/5123
f 5375/5627/5123 5420/5672/5122 5419/5671/5122
f 5375/5627/5123 5377/5629/5122 5420/5672/5122
f 5416/5668/5122 5421/5673/5122 5415/5667/5122
f 5417/5669/5123 5421/5673/5122 5416/5668/5122
f 5417/5669/5123 5422/5674/5122 5421/5673/5122
f 5418/5670/5123 5422/5674/5122 5417/5669/5123
f 5418/5670/5123 5423/5675/5123 5422/5674/5122
f 5419/5671/5122 5423/5675/5123 5418/5670/5123
f 5419/5671/5122 5424/5676/5123 5423/5675/5123
f 5420/5672/5122 5424/5676/5123 5419/5671/5122
f 5420/5672/5122 5425/5677/5122 5424/5676/5123
f 5420/5672/5122 5426/5678/5122 5425/5677/5122
f 5426/5678/5122 5427/5679/5123 5425/5677/5122
f 5428/5680/5122 5427/5679/5123 5426/5678/5122
f 5428/5680/5122 5429/5681/5123 5427/5679/5123
f 5430/5682/5122 5429/5681/5123 5428/5680/5122
f 5430/5682/5122 5431/5683/5122 5429/5681/5123
f 5432/5684/5122 5431/5683/5122 5430/5682/5122
f 5432/5684/5122 5433/5685/5122 5431/5683/5122
f 5401/5653/5122 5433/5685/5122 5432/5684/5122
f 5401/5653/5122 5406/5658/5122 5433/5685/5122
f 5400/5652/5122 5406/5658/5122 5401/5653/5122
f 5434/5686/5122 5428/5680/5122 5426/5678/5122
f 5435/5687/5122 5428/5680/5122 5434/5686/5122
f 5435/5687/5122 5430/5682/5122 5428/5680/5122
f 5377/5629/5122 5426/5678/5122 5420/5672/5122
f 5377/5629/5122 5434/5686/5122 5426/5678/5122
f 5376/5628/5123 5434/5686/5122 5377/5629/5122
f 5376/5628/5123 5435/5687/5122 5434/5686/5122
f 5399/5651/5123 5435/5687/5122 5376/5628/5123
f 5399/5651/5123 5430/5682/5122 5435/5687/5122
f 5399/5651/5123 5432/5684/5122 5430/5682/5122
f 5398/5650/5122 5432/5684/5122 5399/5651/5123
f 5398/5650/5122 5401/5653/5122 5432/5684/5122
f 5397/5649/5122 5401/5653/5122 5398/5650/5122
f 5436/5688/5122 5437/5689/5122 5438/5690/5122
f 5436/5688/5122 5439/5691/5122 5437/5689/5122
f 5440/5692/5123 5439/5691/5122 5436/5688/5122
f 5440/5692/5123 5441/5693/5122 5439/5691/5122
f 5442/5694/5123 5441/5693/5122 5440/5692/5123
f 5442/5694/5123 5443/5695/5123 5441/5693/5122
f 5444/5696/5122 5443/5695/5123 5442/5694/5123
f 5444/5696/5122 5445/5697/5122 5443/5695/5123
f 5446/5698/5122 5445/5697/5122 5444/5696/5122
f 5447/5699/5122 5445/5697/5122 5446/5698/5122
f 5437/5689/5122 5448/5700/5123 5449/5701/5122
f 5437/5689/5122 5450/5702/5122 5448/5700/5123
f 5439/5691/5122 5450/5702/5122 5437/5689/5122
f 5439/5691/5122 5451/5703/5122 5450/5702/5122
f 5441/5693/5122 5451/5703/5122 5439/5691/5122
f 5441/5693/5122 5452/5704/5123 5451/5703/5122
f 5443/5695/5123 5452/5704/5123 5441/5693/5122
f 5443/5695/5123 5453/5705/5123 5452/5704/5123
f 5445/5697/5122 5453/5705/5123 5443/5695/5123
f 5454/5706/5122 5453/5705/5123 5445/5697/5122
f 5455/5707/5124 5453/5705/5123 5454/5706/5122
f 5455/5707/5124 5452/5704/5124 5453/5705/5124
f 5455/5707/5124 5451/5703/5122 5452/5704/5123
f 5455/5707/5124 5450/5702/5122 5451/5703/5122
f 5455/5707/5124 5448/5700/5123 5450/5702/5122
f 5455/5707/5124 5456/5708/5124 5448/5700/5124
f 5455/5707/5124 5457/5709/5124 5456/5708/5124
f 5455/5707/5123 5458/5710/5122 5457/5709/5123
f 5455/5707/5123 5459/5711/5123 5458/5710/5122
f 5455/5707/5123 5460/5712/5122 5459/5711/5123
f 5461/5713/5122 5460/5712/5122 5462/5714/5122
f 5461/5713/5122 5459/5711/5123 5460/5712/5122
f 5463/5715/5123 5459/5711/5123 5461/5713/5122
f 5463/5715/5123 5458/5710/5122 5459/5711/5123
f 5464/5716/5122 5458/5710/5122 5463/5715/5123
f 5464/5716/5122 5457/5709/5123 5458/5710/5122
f 5465/5717/5122 5457/5709/5123 5464/5716/5122
f 5465/5717/5122 5456/5708/5123 5457/5709/5123
f 5449/5701/5122 5456/5708/5123 5465/5717/5122
f 5449/5701/5122 5448/5700/5123 5456/5708/5123
f 5466/5718/5123 5461/5713/5122 5467/5719/5123
f 5466/5718/5123 5463/5715/5123 5461/5713/5122
f 5468/5720/5122 5463/5715/5123 5466/5718/5123
f 5468/5720/5122 5464/5716/5122 5463/5715/5123
f 5469/5721/5123 5464/5716/5122 5468/5720/5122
f 5469/5721/5123 5465/5717/5122 5464/5716/5122
f 5470/5722/5123 5465/5717/5122 5469/5721/5123
f 5470/5722/5123 5449/5701/5122 5465/5717/5122
f 5438/5690/5122 5449/5701/5122 5470/5722/5123
f 5438/5690/5122 5437/5689/5122 5449/5701/5122
f 5471/5723/5123 5472/5724/5122 5473/5725/5122
f 5471/5723/5123 5474/5726/5122 5472/5724/5122
f 5475/5727/5123 5474/5726/5122 5471/5723/5123
f 5475/5727/5123 5476/5728/5123 5474/5726/5122
f 5477/5729/5122 5476/5728/5123 5475/5727/5123
f 5477/5729/5122 5478/5730/5122 5476/5728/5123
f 5479/5731/5122 5478/5730/5122 5477/5729/5122
f 5479/5731/5122 5462/5714/5122 5478/5730/5122
f 5467/5719/5123 5462/5714/5122 5479/5731/5122
f 5467/5719/5123 5461/5713/5122 5462/5714/5122
f 5472/5724/5122 5480/5732/5123 5481/5733/5122
f 5472/5724/5122 5482/5734/5124 5480/5732/5123
f 5474/5726/5122 5482/5734/5124 5472/5724/5122
f 5474/5726/5122 5483/5735/5123 5482/5734/5124
f 5476/5728/5123 5483/5735/5123 5474/5726/5122
f 5476/5728/5123 5484/5736/5123 5483/5735/5123
f 5478/5730/5122 5484/5736/5123 5476/5728/5123
f 5478/5730/5122 5485/5737/5122 5484/5736/5123
f 5462/5714/5122 5485/5737/5122 5478/5730/5122
f 5462/5714/5122 5460/5712/5122 5485/5737/5122
f 5455/5707/5123 5485/5737/5122 5460/5712/5122
f 5455/5707/5123 5484/5736/5123 5485/5737/5122
f 5455/5707/5124 5483/5735/5124 5484/5736/5124
f 5455/5707/5124 5482/5734/5124 5483/5735/5123
f 5455/5707/5124 5480/5732/5124 5482/5734/5124
f 5455/5707/5124 5486/5738/5122 5480/5732/5123
f 5487/5739/5123 5486/5738/5122 5455/5707/5124
f 5447/5699/5122 5454/5706/5122 5445/5697/5122
f 5488/5740/5122 5454/5706/5122 5447/5699/5122
f 5488/5740/5122 5455/5707/5124 5454/5706/5122
f 5489/5741/5124 5455/5707/5124 5488/5740/5122
f 5489/5741/5124 5487/5739/5124 5455/5707/5124
f 5490/5742/5122 5487/5739/5123 5489/5741/5124
f 5491/5743/5122 5487/5739/5123 5490/5742/5122
f 5491/5743/5122 5486/5738/5122 5487/5739/5123
f 5481/5733/5122 5486/5738/5122 5491/5743/5122
f 5481/5733/5122 5480/5732/5123 5486/5738/5122
f 5492/5744/5122 5488/5740/5122 5447/5699/5122
f 5492/5744/5122 5489/5741/5124 5488/5740/5122
f 5490/5742/5122 5489/5741/5124 5492/5744/5122
f 5493/5745/5122 5447/5699/5122 5446/5698/5122
f 5493/5745/5122 5492/5744/5122 5447/5699/5122
f 5494/5746/5122 5492/5744/5122 5493/5745/5122
f 5494/5746/5122 5490/5742/5122 5492/5744/5122
f 5495/5747/5122 5490/5742/5122 5494/5746/5122
f 5495/5747/5122 5491/5743/5122 5490/5742/5122
f 5496/5748/5122 5491/5743/5122 5495/5747/5122
f 5496/5748/5122 5481/5733/5122 5491/5743/5122
f 5473/5725/5122 5481/5733/5122 5496/5748/5122
f 5473/5725/5122 5472/5724/5122 5481/5733/5122
f 5497/5749/5122 5498/5750/5122 5499/5751/5123
f 5500/5752/5122 5498/5750/5122 5497/5749/5122
f 5500/5752/5122 5501/5753/5122 5498/5750/5122
f 5502/5754/5123 5501/5753/5122 5500/5752/5122
f 5502/5754/5123 5503/5755/5122 5501/5753/5122
f 5504/5756/5123 5503/5755/5122 5502/5754/5123
f 5504/5756/5123 5505/5757/5123 5503/5755/5122
f 5506/5758/5122 5505/5757/5123 5504/5756/5123
f 5506/5758/5122 5507/5759/5122 5505/5757/5123
f 5508/5760/5122 5507/5759/5122 5506/5758/5122
f 5498/5750/5122 5509/5761/5122 5510/5762/5123
f 5501/5753/5122 5509/5761/5122 5498/5750/5122
f 5501/5753/5122 5511/5763/5122 5509/5761/5122
f 5503/5755/5122 5511/5763/5122 5501/5753/5122
f 5503/5755/5122 5512/5764/5123 5511/5763/5122
f 5505/5757/5123 5512/5764/5123 5503/5755/5122
f 5505/5757/5123 5513/5765/5123 5512/5764/5123
f 5507/5759/5122 5513/5765/5123 5505/5757/5123
f 5507/5759/5122 5514/5766/5122 5513/5765/5123
f 5507/5759/5122 5515/5767/5122 5514/5766/5122
f 5508/5760/5122 5515/5767/5122 5507/5759/5122
f 5516/5768/5122 5515/5767/5122 5508/5760/5122
f 5516/5768/5122 5517/5769/5122 5515/5767/5122
f 5518/5770/5122 5517/5769/5122 5516/5768/5122
f 5518/5770/5122 5519/5771/5122 5517/5769/5122
f 5520/5772/5122 5519/5771/5122 5518/5770/5122
f 5520/5772/5122 5521/5773/5122 5519/5771/5122
f 5522/5774/5122 5521/5773/5122 5520/5772/5122
f 5522/5774/5122 5523/5775/5122 5521/5773/5122
f 5524/5776/5122 5523/5775/5122 5522/5774/5122
f 5515/5767/5122 5525/5777/5122 5514/5766/5122
f 5517/5769/5122 5525/5777/5122 5515/5767/5122
f 5517/5769/5122 5526/5778/5122 5525/5777/5122
f 5519/5771/5122 5526/5778/5122 5517/5769/5122
f 5519/5771/5122 5527/5779/5122 5526/5778/5122
f 5521/5773/5122 5527/5779/5122 5519/5771/5122
f 5521/5773/5122 5528/5780/5122 5527/5779/5122
f 5523/5775/5122 5528/5780/5122 5521/5773/5122
f 5523/5775/5122 5529/5781/5122 5528/5780/5122
f 5530/5782/5122 5529/5781/5122 5523/5775/5122
f 5524/5776/5122 5530/5782/5122 5523/5775/5122
f 5531/5783/5123 5530/5782/5122 5524/5776/5122
f 5531/5783/5123 5532/5784/5122 5530/5782/5122
f 5533/5785/5123 5532/5784/5122 5531/5783/5123
f 5533/5785/5123 5534/5786/5123 5532/5784/5122
f 5535/5787/5122 5534/5786/5123 5533/5785/5123
f 5535/5787/5122 5536/5788/5122 5534/5786/5123
f 5537/5789/5122 5536/5788/5122 5535/5787/5122
f 5537/5789/5122 5538/5790/5122 5536/5788/5122
f 5539/5791/5122 5538/5790/5122 5537/5789/5122
f 5530/5782/5122 5540/5792/5122 5529/5781/5122
f 5532/5784/5122 5540/5792/5122 5530/5782/5122
f 5532/5784/5122 5541/5793/5123 5540/5792/5122
f 5534/5786/5123 5541/5793/5123 5532/5784/5122
f 5534/5786/5123 5542/5794/5123 5541/5793/5123
f 5536/5788/5122 5542/5794/5123 5534/5786/5123
f 5536/5788/5122 5543/5795/5122 5542/5794/5123
f 5538/5790/5122 5543/5795/5122 5536/5788/5122
f 5538/5790/5122 5544/5796/5122 5543/5795/5122
f 5545/5797/5122 5544/5796/5122 5538/5790/5122
f 5539/5791/5122 5545/5797/5122 5538/5790/5122
f 5546/5798/5122 5545/5797/5122 5539/5791/5122
f 5546/5798/5122 5547/5799/5122 5545/5797/5122
f 5548/5800/5122 5547/5799/5122 5546/5798/5122
f 5548/5800/5122 5549/5801/5122 5547/5799/5122
f 5550/5802/5122 5549/5801/5122 5548/5800/5122
f 5550/5802/5122 5551/5803/5123 5549/5801/5122
f 5552/5804/5122 5551/5803/5123 5550/5802/5122
f 5552/5804/5122 5499/5751/5123 5551/5803/5123
f 5497/5749/5122 5499/5751/5123 5552/5804/5122
f 5545/5797/5122 5553/5805/5123 5544/5796/5122
f 5547/5799/5122 5553/5805/5123 5545/5797/5122
f 5547/5799/5122 5554/5806/5123 5553/5805/5123
f 5549/5801/5122 5554/5806/5123 5547/5799/5122
f 5549/5801/5122 5555/5807/5123 5554/5806/5123
f 5551/5803/5123 5555/5807/5123 5549/5801/5122
f 5551/5803/944 5556/5808/944 5555/5807/944
f 5499/5751/944 5556/5808/944 5551/5803/944
f 5499/5751/5123 5510/5762/5123 5556/5808/5123
f 5498/5750/5122 5510/5762/5123 5499/5751/5123
f 5557/5809/5122 5558/5810/5122 5559/5811/5122
f 5560/5812/5122 5558/5810/5122 5557/5809/5122
f 5560/5812/5122 5561/5813/5122 5558/5810/5122
f 5562/5814/5122 5561/5813/5122 5560/5812/5122
f 5562/5814/5122 5563/5815/5122 5561/5813/5122
f 5564/5816/5122 5563/5815/5122 5562/5814/5122
f 5564/5816/5122 5565/5817/5122 5563/5815/5122
f 5566/5818/5122 5565/5817/5122 5564/5816/5122
f 5566/5818/5122 5567/5819/5122 5565/5817/5122
f 5568/5820/5122 5567/5819/5122 5566/5818/5122
f 5568/5820/5122 5569/5821/5122 5567/5819/5122
f 5570/5822/5122 5569/5821/5122 5568/5820/5122
f 5570/5822/5122 5571/5823/5122 5569/5821/5122
f 5572/5824/5122 5571/5823/5122 5570/5822/5122
f 5572/5824/5122 5573/5825/5122 5571/5823/5122
f 5574/5826/5122 5573/5825/5122 5572/5824/5122
f 5574/5826/5122 5575/5827/5122 5573/5825/5122
f 5576/5828/5122 5575/5827/5122 5574/5826/5122
f 5576/5828/5122 5577/5829/5122 5575/5827/5122
f 5578/5830/5122 5577/5829/5122 5576/5828/5122
f 5578/5830/5122 5579/5831/5122 5577/5829/5122
f 5580/5832/5122 5579/5831/5122 5578/5830/5122
f 5580/5832/5122 5581/5833/5122 5579/5831/5122
f 5582/5834/5122 5581/5833/5122 5580/5832/5122
f 5582/5834/5122 5583/5835/5122 5581/5833/5122
f 5584/5836/5122 5583/5835/5122 5582/5834/5122
f 5584/5836/5122 5585/5837/5122 5583/5835/5122
f 5586/5838/5122 5585/5837/5122 5584/5836/5122
f 5586/5838/5122 5587/5839/5122 5585/5837/5122
f 5588/5840/5122 5587/5839/5122 5586/5838/5122
f 5588/5840/5122 5589/5841/5122 5587/5839/5122
f 5590/5842/5122 5589/5841/5122 5588/5840/5122
f 5590/5842/5122 5591/5843/5122 5589/5841/5122
f 5592/5844/5122 5591/5843/5122 5590/5842/5122
f 5592/5844/5122 5593/5845/5122 5591/5843/5122
f 5594/5846/5122 5593/5845/5122 5592/5844/5122
f 5594/5846/5122 5595/5847/5122 5593/5845/5122
f 5596/5848/5122 5595/5847/5122 5594/5846/5122
f 5596/5848/5122 5559/5811/5122 5595/5847/5122
f 5557/5809/5122 5559/5811/5122 5596/5848/5122
f 5597/5849/5122 5598/5850/5122 5599/5851/5122
f 5600/5852/5122 5598/5850/5122 5597/5849/5122
f 5600/5852/5122 5601/5853/5122 5598/5850/5122
f 5602/5854/5122 5601/5853/5122 5600/5852/5122
f 5602/5854/5122 5603/5855/5122 5601/5853/5122
f 5604/5856/5122 5603/5855/5122 5602/5854/5122
f 5604/5856/5122 5605/5857/5122 5603/5855/5122
f 5606/5858/5122 5605/5857/5122 5604/5856/5122
f 5599/5851/5122 5607/5859/5122 5608/5860/5122
f 5598/5850/5122 5607/5859/5122 5599/5851/5122
f 5598/5850/5122 5609/5861/5122 5607/5859/5122
f 5601/5853/5122 5609/5861/5122 5598/5850/5122
f 5601/5853/5122 5610/5862/5122 5609/5861/5122
f 5603/5855/5122 5610/5862/5122 5601/5853/5122
f 5603/5855/5122 5611/5863/5122 5610/5862/5122
f 5605/5857/5122 5611/5863/5122 5603/5855/5122
f 5605/5857/5122 5612/5864/5122 5611/5863/5122
f 5605/5857/5122 5613/5865/5122 5612/5864/5122
f 5613/5865/5122 5614/5866/5122 5612/5864/5122
f 5615/5867/5122 5614/5866/5122 5613/5865/5122
f 5615/5867/5122 5616/5868/5122 5614/5866/5122
f 5617/5869/5122 5616/5868/5122 5615/5867/5122
f 5617/5869/5122 5618/5870/5122 5616/5868/5122
f 5619/5871/5122 5618/5870/5122 5617/5869/5122
f 5619/5871/5122 5620/5872/5122 5618/5870/5122
f 5621/5873/5122 5620/5872/5122 5619/5871/5122
f 5621/5873/5122 5622/5874/5122 5620/5872/5122
f 5623/5875/5122 5622/5874/5122 5621/5873/5122
f 5624/5876/5122 5615/5867/5122 5613/5865/5122
f 5625/5877/5122 5615/5867/5122 5624/5876/5122
f 5625/5877/5122 5617/5869/5122 5615/5867/5122
f 5626/5878/5122 5617/5869/5122 5625/5877/5122
f 5626/5878/5122 5619/5871/5122 5617/5869/5122
f 5627/5879/5122 5619/5871/5122 5626/5878/5122
f 5627/5879/5122 5621/5873/5122 5619/5871/5122
f 5628/5880/5122 5621/5873/5122 5627/5879/5122
f 5628/5880/5122 5623/5875/5122 5621/5873/5122
f 5629/5881/5122 5623/5875/5122 5628/5880/5122
f 5606/5858/5122 5613/5865/5122 5605/5857/5122
f 5606/5858/5122 5624/5876/5122 5613/5865/5122
f 5630/5882/5122 5624/5876/5122 5606/5858/5122
f 5631/5883/5123 5624/5876/5122 5630/5882/5122
f 5631/5883/5123 5625/5877/5122 5624/5876/5122
f 5632/5884/5125 5625/5877/5122 5631/5883/5123
f 5632/5884/5125 5626/5878/5122 5625/5877/5122
f 5633/5885/5123 5626/5878/5122 5632/5884/5125
f 5633/5885/5123 5627/5879/5122 5626/5878/5122
f 5634/5886/5122 5627/5879/5122 5633/5885/5123
f 5634/5886/5122 5628/5880/5122 5627/5879/5122
f 5635/5887/5122 5628/5880/5122 5634/5886/5122
f 5635/5887/5122 5629/5881/5122 5628/5880/5122
f 5636/5888/5122 5629/5881/5122 5635/5887/5122
f 5636/5888/5122 5637/5889/5122 5629/5881/5122
f 5638/5890/5122 5637/5889/5122 5636/5888/5122
f 5638/5890/5122 5639/5891/5122 5637/5889/5122
f 5640/5892/5122 5639/5891/5122 5638/5890/5122
f 5640/5892/5122 5641/5893/5122 5639/5891/5122
f 5642/5894/5122 5641/5893/5122 5640/5892/5122
f 5629/5881/5122 5643/5895/5122 5623/5875/5122
f 5637/5889/5122 5643/5895/5122 5629/5881/5122
f 5637/5889/5122 5644/5896/5122 5643/5895/5122
f 5639/5891/5122 5644/5896/5122 5637/5889/5122
f 5639/5891/5122 5645/5897/5122 5644/5896/5122
f 5641/5893/5122 5645/5897/5122 5639/5891/5122
f 5641/5893/5122 5646/5898/5122 5645/5897/5122
f 5647/5899/5122 5646/5898/5122 5641/5893/5122
f 5647/5899/5122 5648/5900/5122 5646/5898/5122
f 5649/5901/5122 5648/5900/5122 5647/5899/5122
f 5623/5875/5122 5650/5902/5122 5622/5874/5122
f 5643/5895/5122 5650/5902/5122 5623/5875/5122
f 5643/5895/5122 5651/5903/5122 5650/5902/5122
f 5644/5896/5122 5651/5903/5122 5643/5895/5122
f 5644/5896/5122 5652/5904/5122 5651/5903/5122
f 5645/5897/5122 5652/5904/5122 5644/5896/5122
f 5645/5897/5122 5653/5905/5122 5652/5904/5122
f 5646/5898/5122 5653/5905/5122 5645/5897/5122
f 5646/5898/5122 5654/5906/5122 5653/5905/5122
f 5648/5900/5122 5654/5906/5122 5646/5898/5122
f 5648/5900/5122 5655/5907/5122 5654/5906/5122
f 5656/5908/5122 5655/5907/5122 5648/5900/5122
f 5656/5908/5122 5657/5909/5122 5655/5907/5122
f 5658/5910/5122 5657/5909/5122 5656/5908/5122
f 5658/5910/5122 5659/5911/5122 5657/5909/5122
f 5660/5912/5122 5659/5911/5122 5658/5910/5122
f 5660/5912/5122 5661/5913/5122 5659/5911/5122
f 5662/5914/5122 5661/5913/5122 5660/5912/5122
f 5662/5914/5122 5608/5860/5122 5661/5913/5122
f 5599/5851/5122 5608/5860/5122 5662/5914/5122
f 5649/5901/5122 5656/5908/5122 5648/5900/5122
f 5663/5915/5122 5656/5908/5122 5649/5901/5122
f 5663/5915/5122 5658/5910/5122 5656/5908/5122
f 5664/5916/5122 5658/5910/5122 5663/5915/5122
f 5664/5916/5122 5660/5912/5122 5658/5910/5122
f 5665/5917/5122 5660/5912/5122 5664/5916/5122
f 5665/5917/5122 5662/5914/5122 5660/5912/5122
f 5666/5918/5122 5662/5914/5122 5665/5917/5122
f 5666/5918/5122 5599/5851/5122 5662/5914/5122
f 5597/5849/5122 5599/5851/5122 5666/5918/5122
f 5642/5894/5122 5647/5899/5122 5641/5893/5122
f 5667/5919/5122 5647/5899/5122 5642/5894/5122
f 5667/5919/5122 5649/5901/5122 5647/5899/5122
f 5668/5920/5122 5649/5901/5122 5667/5919/5122
f 5668/5920/5122 5663/5915/5122 5649/5901/5122
f 5669/5921/5122 5663/5915/5122 5668/5920/5122
f 5669/5921/5122 5664/5916/5122 5663/5915/5122
f 5670/5922/5122 5664/5916/5122 5669/5921/5122
f 5670/5922/5122 5665/5917/5122 5664/5916/5122
f 5671/5923/5122 5665/5917/5122 5670/5922/5122
f 5671/5923/5122 5666/5918/5122 5665/5917/5122
f 5672/5924/5122 5666/5918/5122 5671/5923/5122
f 5672/5924/5122 5597/5849/5122 5666/5918/5122
f 5673/5925/5122 5597/5849/5122 5672/5924/5122
f 5673/5925/5122 5600/5852/5122 5597/5849/5122
f 5674/5926/5122 5600/5852/5122 5673/5925/5122
f 5674/5926/5122 5602/5854/5122 5600/5852/5122
f 5675/5927/5122 5602/5854/5122 5674/5926/5122
f 5675/5927/5122 5604/5856/5122 5602/5854/5122
f 5676/5928/5122 5604/5856/5122 5675/5927/5122
f 5676/5928/5122 5606/5858/5122 5604/5856/5122
f 5630/5882/5122 5606/5858/5122 5676/5928/5122
f 5677/5929/5123 5678/5930/5123 5679/5931/5122
f 5680/5932/5123 5678/5930/5123 5677/5929/5123
f 5681/5933/944 5678/5930/944 5680/5932/944
f 5682/5934/944 5678/5930/944 5681/5933/944
f 5683/5935/5122 5678/5930/5123 5682/5934/5122
f 5684/5936/5122 5678/5930/5123 5683/5935/5122
f 5685/5937/5122 5678/5930/5123 5684/5936/5122
f 5686/5938/5122 5678/5930/5123 5685/5937/5122
f 5687/5939/5122 5678/5930/5123 5686/5938/5122
f 5688/5940/5122 5678/5930/5123 5687/5939/5122
f 5688/5940/5122 5689/5941/5122 5690/5942/5122
f 5687/5939/5122 5689/5941/5122 5688/5940/5122
f 5687/5939/5122 5691/5943/5122 5689/5941/5122
f 5686/5938/5122 5691/5943/5122 5687/5939/5122
f 5686/5938/5122 5692/5944/5122 5691/5943/5122
f 5685/5937/5122 5692/5944/5122 5686/5938/5122
f 5685/5937/5122 5693/5945/5122 5692/5944/5122
f 5684/5936/5122 5693/5945/5122 5685/5937/5122
f 5684/5936/5122 5694/5946/5122 5693/5945/5122
f 5683/5935/5122 5694/5946/5122 5684/5936/5122
f 5695/5947/5122 5678/5930/5123 5688/5940/5122
f 5696/5948/5122 5678/5930/5123 5695/5947/5122
f 5697/5949/5122 5678/5930/5123 5696/5948/5122
f 5698/5950/5122 5678/5930/5123 5697/5949/5122
f 5699/5951/5122 5678/5930/5123 5698/5950/5122
f 5700/5952/5122 5678/5930/5123 5699/5951/5122
f 5700/5952/5122 5701/5953/5123 5678/5930/5123
f 5699/5951/5122 5702/5954/5122 5703/5955/5122
f 5698/5950/5122 5702/5954/5122 5699/5951/5122
f 5698/5950/5122 5704/5956/5122 5702/5954/5122
f 5697/5949/5122 5704/5956/5122 5698/5950/5122
f 5697/5949/5122 5705/5957/5122 5704/5956/5122
f 5696/5948/5122 5705/5957/5122 5697/5949/5122
f 5696/5948/5122 5706/5958/5122 5705/5957/5122
f 5695/5947/5122 5706/5958/5122 5696/5948/5122
f 5695/5947/5122 5690/5942/5122 5706/5958/5122
f 5688/5940/5122 5690/5942/5122 5695/5947/5122
f 5702/5954/5122 5707/5959/5122 5708/5960/5122
f 5704/5956/5122 5707/5959/5122 5702/5954/5122
f 5704/5956/5122 5709/5961/5122 5707/5959/5122
f 5705/5957/5122 5709/5961/5122 5704/5956/5122
f 5705/5957/5122 5710/5962/5122 5709/5961/5122
f 5706/5958/5122 5710/5962/5122 5705/5957/5122
f 5706/5958/5122 5711/5963/5122 5710/5962/5122
f 5690/5942/5122 5711/5963/5122 5706/5958/5122
f 5690/5942/5122 5712/5964/5122 5711/5963/5122
f 5689/5941/5122 5712/5964/5122 5690/5942/5122
f 5689/5941/5122 5713/5965/5122 5712/5964/5122
f 5691/5943/5122 5713/5965/5122 5689/5941/5122
f 5691/5943/5122 5714/5966/5122 5713/5965/5122
f 5692/5944/5122 5714/5966/5122 5691/5943/5122
f 5692/5944/5122 5715/5967/5122 5714/5966/5122
f 5693/5945/5122 5715/5967/5122 5692/5944/5122
f 5693/5945/5122 5716/5968/5122 5715/5967/5122
f 5694/5946/5122 5716/5968/5122 5693/5945/5122
f 5694/5946/5122 5717/5969/5122 5716/5968/5122
f 5718/5970/5122 5717/5969/5122 5694/5946/5122
f 5683/5935/5122 5718/5970/5122 5694/5946/5122
f 5682/5934/5122 5718/5970/5122 5683/5935/5122
f 5682/5934/5122 5719/5971/5124 5718/5970/5122
f 5681/5933/5124 5719/5971/5124 5682/5934/5124
f 5681/5933/5122 5720/5972/5123 5719/5971/5124
f 5680/5932/5124 5720/5972/5124 5681/5933/5124
f 5680/5932/5123 5721/5973/5123 5720/5972/5123
f 5677/5929/5123 5721/5973/5123 5680/5932/5123
f 5677/5929/5123 5722/5974/5122 5721/5973/5123
f 5677/5929/5123 5679/5931/5122 5722/5974/5122
f 5718/5970/5122 5723/5975/5122 5717/5969/5122
f 5719/5971/5124 5723/5975/5122 5718/5970/5122
f 5719/5971/5124 5724/5976/5122 5723/5975/5122
f 5720/5972/5123 5724/5976/5122 5719/5971/5124
f 5720/5972/5123 5725/5977/5122 5724/5976/5122
f 5721/5973/5123 5725/5977/5122 5720/5972/5123
f 5721/5973/5123 5726/5978/5122 5725/5977/5122
f 5722/5974/5122 5726/5978/5122 5721/5973/5123
f 5722/5974/5122 5727/5979/5123 5726/5978/5122
f 5722/5974/5122 5728/5980/5123 5727/5979/5123
f 5728/5980/5123 5729/5981/5123 5727/5979/5123
f 5730/5982/5122 5729/5981/5123 5728/5980/5123
f 5730/5982/5122 5731/5983/5123 5729/5981/5123
f 5732/5984/5123 5731/5983/5123 5730/5982/5122
f 5732/5984/5123 5733/5985/5122 5731/5983/5123
f 5734/5986/5122 5733/5985/5122 5732/5984/5123
f 5734/5986/5122 5735/5987/5122 5733/5985/5122
f 5703/5955/5122 5735/5987/5122 5734/5986/5122
f 5703/5955/5122 5708/5960/5122 5735/5987/5122
f 5702/5954/5122 5708/5960/5122 5703/5955/5122
f 5736/5988/5122 5730/5982/5122 5728/5980/5123
f 5737/5989/5122 5730/5982/5122 5736/5988/5122
f 5737/5989/5122 5732/5984/5123 5730/5982/5122
f 5679/5931/5122 5728/5980/5123 5722/5974/5122
f 5679/5931/5122 5736/5988/5122 5728/5980/5123
f 5678/5930/5123 5736/5988/5122 5679/5931/5122
f 5678/5930/5123 5737/5989/5122 5736/5988/5122
f 5701/5953/5123 5737/5989/5122 5678/5930/5123
f 5701/5953/5123 5732/5984/5123 5737/5989/5122
f 5701/5953/5123 5734/5986/5122 5732/5984/5123
f 5700/5952/5122 5734/5986/5122 5701/5953/5123
f 5700/5952/5122 5703/5955/5122 5734/5986/5122
f 5699/5951/5122 5703/5955/5122 5700/5952/5122
f 5738/5990/5126 5739/5991/5127 5740/5992/5128
f 5741/5993/5129 5739/5991/5127 5738/5990/5126
f 5742/5994/5130 5739/5991/5127 5741/5993/5129
f 5743/5995/5131 5739/5991/5127 5742/5994/5130
f 5743/5995/5131 5744/5996/5132 5739/5991/5127
f 5745/5997/5133 5744/5996/5132 5743/5995/5131
f 5746/5998/5134 5744/5996/5132 5745/5997/5133
f 5746/5998/5134 5747/5999/5135 5744/5996/5132
f 5748/6000/5136 5747/5999/5135 5746/5998/5134
f 5748/6000/5136 5749/6001/5137 5747/5999/5135
f 5744/5996/5132 5740/5992/5128 5739/5991/5127
f 5744/5996/5132 5749/6001/5137 5740/5992/5128
f 5747/5999/5135 5749/6001/5137 5744/5996/5132
f 5750/6002/5138 5751/6003/5139 5752/6004/5140
f 5753/6005/5141 5751/6003/5139 5750/6002/5138
f 5753/6005/5141 5754/6006/5142 5751/6003/5139
f 5748/6000/5136 5754/6006/5142 5753/6005/5141
f 5748/6000/5136 5755/6007/5143 5754/6006/5142
f 5746/5998/5134 5755/6007/5143 5748/6000/5136
f 5746/5998/5134 5756/6008/5144 5755/6007/5143
f 5745/5997/5133 5756/6008/5144 5746/5998/5134
f 5745/5997/5133 5757/6009/5145 5756/6008/5144
f 5743/5995/5131 5757/6009/5145 5745/5997/5133
f 5753/6005/5141 5749/6001/5137 5748/6000/5136
f 5753/6005/5141 5740/5992/5128 5749/6001/5137
f 5753/6005/5141 5758/6010/5146 5740/5992/5128
f 5750/6002/5138 5758/6010/5146 5753/6005/5141
f 5750/6002/5138 5759/6011/5147 5758/6010/5146
f 5752/6004/5140 5759/6011/5147 5750/6002/5138
f 5760/6012/5148 5752/6004/5140 5751/6003/5139
f 5761/6013/5149 5752/6004/5140 5760/6012/5148
f 5762/6014/5150 5752/6004/5140 5761/6013/5149
f 5763/6015/5151 5752/6004/5140 5762/6014/5150
f 5763/6015/5151 5759/6011/5147 5752/6004/5140
f 5764/6016/5152 5759/6011/5147 5763/6015/5151
f 5764/6016/5152 5758/6010/5146 5759/6011/5147
f 5765/6017/5153 5758/6010/5146 5764/6016/5152
f 5765/6017/5153 5740/5992/5128 5758/6010/5146
f 5738/5990/5126 5740/5992/5128 5765/6017/5153
f 5764/6016/5152 5766/6018/5154 5767/6019/5155
f 5763/6015/5151 5766/6018/5154 5764/6016/5152
f 5763/6015/5151 5768/6020/5156 5766/6018/5154
f 5762/6014/5150 5768/6020/5156 5763/6015/5151
f 5762/6014/5150 5769/6021/5157 5768/6020/5156
f 5761/6013/5149 5769/6021/5157 5762/6014/5150
f 5761/6013/5149 5770/6022/5158 5769/6021/5157
f 5760/6012/5148 5770/6022/5158 5761/6013/5149
f 5760/6012/5148 5754/6006/5142 5770/6022/5158
f 5760/6012/5148 5751/6003/5139 5754/6006/5142
f 5755/6007/5143 5770/6022/5158 5754/6006/5142
f 5755/6007/5143 5769/6021/5157 5770/6022/5158
f 5756/6008/5144 5769/6021/5157 5755/6007/5143
f 5757/6009/5145 5769/6021/5157 5756/6008/5144
f 5757/6009/5145 5768/6020/5156 5769/6021/5157
f 5771/6023/5159 5768/6020/5156 5757/6009/5145
f 5771/6023/5159 5766/6018/5154 5768/6020/5156
f 5772/6024/5160 5766/6018/5154 5771/6023/5159
f 5772/6024/5160 5767/6019/5155 5766/6018/5154
f 5772/6024/5160 5773/6025/5161 5767/6019/5155
f 5774/6026/5162 5772/6024/5160 5771/6023/5159
f 5774/6026/5162 5773/6025/5161 5772/6024/5160
f 5774/6026/5162 5775/6027/5163 5773/6025/5161
f 5774/6026/5162 5776/6028/5164 5775/6027/5163
f 5771/6023/5159 5776/6028/5164 5774/6026/5162
f 5771/6023/5159 5757/6009/5145 5776/6028/5164
f 5777/6029/5165 5773/6025/5161 5775/6027/5163
f 5743/5995/5131 5776/6028/5164 5757/6009/5145
f 5742/5994/5130 5776/6028/5164 5743/5995/5131
f 5742/5994/5130 5775/6027/5163 5776/6028/5164
f 5741/5993/5129 5775/6027/5163 5742/5994/5130
f 5741/5993/5129 5777/6029/5165 5775/6027/5163
f 5738/5990/5126 5777/6029/5165 5741/5993/5129
f 5738/5990/5126 5773/6025/5161 5777/6029/5165
f 5765/6017/5153 5773/6025/5161 5738/5990/5126
f 5765/6017/5153 5767/6019/5155 5773/6025/5161
f 5764/6016/5152 5767/6019/5155 5765/6017/5153
