<?xml version="1.0" encoding="utf-8"?>
<COLLADA xmlns="http://www.collada.org/2005/11/COLLADASchema" version="1.4.1" xmlns:xsi="http://www.w3.org/2001/XMLSchema-instance">
  <asset>
    <contributor>
      <author>Blender User</author>
      <authoring_tool>Blender 3.3.1 commit date:2022-10-04, commit time:18:35, hash:b292cfe5a936</authoring_tool>
    </contributor>
    <created>2023-02-04T21:02:24</created>
    <modified>2023-02-04T21:02:24</modified>
    <unit name="meter" meter="1"/>
    <up_axis>Z_UP</up_axis>
  </asset>
  <library_effects>
    <effect id="mat_tire_rim-effect">
      <profile_COMMON>
        <newparam sid="tire_bmr__menu__png-surface">
          <surface type="2D">
            <init_from>tire_bmr__menu__png</init_from>
          </surface>
        </newparam>
        <newparam sid="tire_bmr__menu__png-sampler">
          <sampler2D>
            <source>tire_bmr__menu__png-surface</source>
          </sampler2D>
        </newparam>
        <technique sid="common">
          <lambert>
            <emission>
              <color sid="emission">0 0 0 1</color>
            </emission>
            <diffuse>
              <texture texture="tire_bmr__menu__png-sampler" texcoord="polygon3_UVs0"/>
            </diffuse>
            <index_of_refraction>
              <float sid="ior">1.45</float>
            </index_of_refraction>
          </lambert>
        </technique>
      </profile_COMMON>
    </effect>
    <effect id="mat_tire-effect">
      <profile_COMMON>
        <newparam sid="tire_bmr__menu__png-surface">
          <surface type="2D">
            <init_from>tire_bmr__menu__png</init_from>
          </surface>
        </newparam>
        <newparam sid="tire_bmr__menu__png-sampler">
          <sampler2D>
            <source>tire_bmr__menu__png-surface</source>
          </sampler2D>
        </newparam>
        <technique sid="common">
          <lambert>
            <emission>
              <color sid="emission">0 0 0 1</color>
            </emission>
            <diffuse>
              <texture texture="tire_bmr__menu__png-sampler" texcoord="polygon2_UVs0"/>
            </diffuse>
            <index_of_refraction>
              <float sid="ior">1.45</float>
            </index_of_refraction>
          </lambert>
        </technique>
      </profile_COMMON>
    </effect>
    <effect id="mat_screen-effect">
      <profile_COMMON>
        <newparam sid="body_bmr_png-surface">
          <surface type="2D">
            <init_from>body_bmr_png</init_from>
          </surface>
        </newparam>
        <newparam sid="body_bmr_png-sampler">
          <sampler2D>
            <source>body_bmr_png-surface</source>
          </sampler2D>
        </newparam>
        <technique sid="common">
          <lambert>
            <emission>
              <color sid="emission">0 0 0 1</color>
            </emission>
            <diffuse>
              <texture texture="body_bmr_png-sampler" texcoord="polygon1_UVs0"/>
            </diffuse>
            <index_of_refraction>
              <float sid="ior">1.45</float>
            </index_of_refraction>
          </lambert>
        </technique>
      </profile_COMMON>
    </effect>
    <effect id="mat_bike_body-effect">
      <profile_COMMON>
        <newparam sid="body_bmr_png-surface">
          <surface type="2D">
            <init_from>body_bmr_png</init_from>
          </surface>
        </newparam>
        <newparam sid="body_bmr_png-sampler">
          <sampler2D>
            <source>body_bmr_png-surface</source>
          </sampler2D>
        </newparam>
        <technique sid="common">
          <lambert>
            <emission>
              <color sid="emission">0 0 0 1</color>
            </emission>
            <diffuse>
              <texture texture="body_bmr_png-sampler" texcoord="polygon0_UVs0"/>
            </diffuse>
            <index_of_refraction>
              <float sid="ior">1.45</float>
            </index_of_refraction>
          </lambert>
        </technique>
      </profile_COMMON>
    </effect>
  </library_effects>
  <library_images>
    <image id="body_bmr_png" name="body_bmr_png">
      <init_from>body_bmr.png</init_from>
    </image>
    <image id="tire_bmr__menu__png" name="tire_bmr__menu__png">
      <init_from>tire_bmr%20(menu).png</init_from>
    </image>
  </library_images>
  <library_materials>
    <material id="mat_tire_rim-material" name="mat_tire_rim">
      <instance_effect url="#mat_tire_rim-effect"/>
    </material>
    <material id="mat_tire-material" name="mat_tire">
      <instance_effect url="#mat_tire-effect"/>
    </material>
    <material id="mat_screen-material" name="mat_screen">
      <instance_effect url="#mat_screen-effect"/>
    </material>
    <material id="mat_bike_body-material" name="mat_bike_body">
      <instance_effect url="#mat_bike_body-effect"/>
    </material>
  </library_materials>
  <library_geometries>
    <geometry id="polygon3-mesh" name="polygon3">
      <mesh>
        <source id="polygon3-mesh-positions">
          <float_array id="polygon3-mesh-positions-array" count="60">-12.69141 45.22656 77.08203 -12.69141 6.816406 77.08203 -12.69141 26.02344 57.87891 -12.69141 6.816406 38.67188 -12.69141 45.22656 38.67188 12.69141 6.816406 77.08203 12.69141 45.22656 77.08203 12.69141 26.02344 57.87891 12.69141 45.22656 38.67188 12.69141 6.816406 38.67188 -15.00391 45.25781 -32.88672 -15.00391 6.785156 -32.88672 -15.00391 26.02344 -52.12109 -15.00391 6.785156 -71.35938 -15.00391 45.25781 -71.35938 15.00391 6.785156 -32.88672 15.00391 45.25781 -32.88672 15.00391 26.02344 -52.12109 15.00391 45.25781 -71.35938 15.00391 6.785156 -71.35938</float_array>
          <technique_common>
            <accessor source="#polygon3-mesh-positions-array" count="20" stride="3">
              <param name="X" type="float"/>
              <param name="Y" type="float"/>
              <param name="Z" type="float"/>
            </accessor>
          </technique_common>
        </source>
        <source id="polygon3-mesh-normals">
          <float_array id="polygon3-mesh-normals-array" count="6">-1 0 0 1 0 0</float_array>
          <technique_common>
            <accessor source="#polygon3-mesh-normals-array" count="2" stride="3">
              <param name="X" type="float"/>
              <param name="Y" type="float"/>
              <param name="Z" type="float"/>
            </accessor>
          </technique_common>
        </source>
        <source id="polygon3-mesh-map-0">
          <float_array id="polygon3-mesh-map-0-array" count="96">0.001220703 6.10352e-4 -0.7435303 -0.7440186 -0.7435303 0.7453613 0.7458496 -0.7440186 -0.7435303 -0.7440186 0.001220703 6.10352e-4 0.7458496 0.7453613 0.7458496 -0.7440186 0.001220703 6.10352e-4 0.001220703 6.10352e-4 -0.7435303 0.7453613 -0.7435303 -0.7440186 0.7458496 0.7453613 -0.7435303 0.7453613 0.001220703 6.10352e-4 0.7458496 -0.7440186 0.7458496 0.7453613 0.001220703 6.10352e-4 0.001220703 6.10352e-4 -0.7435303 -0.7440186 -0.7435303 0.7453613 0.7458496 -0.7440186 -0.7435303 -0.7440186 0.001220703 6.10352e-4 0.7458496 0.7453613 0.7458496 -0.7440186 0.001220703 6.10352e-4 0.001220703 6.10352e-4 -0.7435303 0.7453613 -0.7435303 -0.7440186 0.7458496 0.7453613 -0.7435303 0.7453613 0.001220703 6.10352e-4 0.7458496 -0.7440186 0.7458496 0.7453613 0.001220703 6.10352e-4 -0.7435303 0.7453613 0.7458496 0.7453613 0.001220703 6.10352e-4 -0.7435303 -0.7440186 0.7458496 -0.7440186 0.001220703 6.10352e-4 -0.7435303 0.7453613 0.7458496 0.7453613 0.001220703 6.10352e-4 -0.7435303 -0.7440186 0.7458496 -0.7440186 0.001220703 6.10352e-4</float_array>
          <technique_common>
            <accessor source="#polygon3-mesh-map-0-array" count="48" stride="2">
              <param name="S" type="float"/>
              <param name="T" type="float"/>
            </accessor>
          </technique_common>
        </source>
        <source id="polygon3-mesh-colors-polygon3_Colors0" name="polygon3_Colors0">
          <float_array id="polygon3-mesh-colors-polygon3_Colors0-array" count="192">0.8078432 0.8117647 0.8078432 1 0.9058824 0.9058824 0.9058824 1 0.9058824 0.9058824 0.9058824 1 0.9058824 0.9058824 0.9058824 1 0.9058824 0.9058824 0.9058824 1 0.8078432 0.8117647 0.8078432 1 0.9058824 0.9058824 0.9058824 1 0.9058824 0.9058824 0.9058824 1 0.8078432 0.8117647 0.8078432 1 0.8078432 0.8117647 0.8078432 1 0.9058824 0.9058824 0.9058824 1 0.9058824 0.9058824 0.9058824 1 0.9058824 0.9058824 0.9058824 1 0.9058824 0.9058824 0.9058824 1 0.8078432 0.8117647 0.8078432 1 0.9058824 0.9058824 0.9058824 1 0.9058824 0.9058824 0.9058824 1 0.8078432 0.8117647 0.8078432 1 0.8078432 0.8117647 0.8078432 1 0.9058824 0.9058824 0.9058824 1 0.9058824 0.9058824 0.9058824 1 0.9058824 0.9058824 0.9058824 1 0.9058824 0.9058824 0.9058824 1 0.8078432 0.8117647 0.8078432 1 0.9058824 0.9058824 0.9058824 1 0.9058824 0.9058824 0.9058824 1 0.8078432 0.8117647 0.8078432 1 0.8078432 0.8117647 0.8078432 1 0.9058824 0.9058824 0.9058824 1 0.9058824 0.9058824 0.9058824 1 0.9058824 0.9058824 0.9058824 1 0.9058824 0.9058824 0.9058824 1 0.8078432 0.8117647 0.8078432 1 0.9058824 0.9058824 0.9058824 1 0.9058824 0.9058824 0.9058824 1 0.8078432 0.8117647 0.8078432 1 0.9058824 0.9058824 0.9058824 1 0.9058824 0.9058824 0.9058824 1 0.8078432 0.8117647 0.8078432 1 0.9058824 0.9058824 0.9058824 1 0.9058824 0.9058824 0.9058824 1 0.8078432 0.8117647 0.8078432 1 0.9058824 0.9058824 0.9058824 1 0.9058824 0.9058824 0.9058824 1 0.8078432 0.8117647 0.8078432 1 0.9058824 0.9058824 0.9058824 1 0.9058824 0.9058824 0.9058824 1 0.8078432 0.8117647 0.8078432 1</float_array>
          <technique_common>
            <accessor source="#polygon3-mesh-colors-polygon3_Colors0-array" count="48" stride="4">
              <param name="R" type="float"/>
              <param name="G" type="float"/>
              <param name="B" type="float"/>
              <param name="A" type="float"/>
            </accessor>
          </technique_common>
        </source>
        <vertices id="polygon3-mesh-vertices">
          <input semantic="POSITION" source="#polygon3-mesh-positions"/>
        </vertices>
        <triangles material="mat_tire_rim-material" count="16">
          <input semantic="VERTEX" source="#polygon3-mesh-vertices" offset="0"/>
          <input semantic="NORMAL" source="#polygon3-mesh-normals" offset="1"/>
          <input semantic="TEXCOORD" source="#polygon3-mesh-map-0" offset="2" set="0"/>
          <input semantic="COLOR" source="#polygon3-mesh-colors-polygon3_Colors0" offset="3" set="0"/>
          <p>2 0 0 0 1 0 1 1 0 0 2 2 3 0 3 3 1 0 4 4 2 0 5 5 4 0 6 6 3 0 7 7 2 0 8 8 7 1 9 9 6 1 10 10 5 1 11 11 8 1 12 12 6 1 13 13 7 1 14 14 9 1 15 15 8 1 16 16 7 1 17 17 12 0 18 18 11 0 19 19 10 0 20 20 13 0 21 21 11 0 22 22 12 0 23 23 14 0 24 24 13 0 25 25 12 0 26 26 17 1 27 27 16 1 28 28 15 1 29 29 18 1 30 30 16 1 31 31 17 1 32 32 19 1 33 33 18 1 34 34 17 1 35 35 0 0 36 36 4 0 37 37 2 0 38 38 5 1 39 39 9 1 40 40 7 1 41 41 10 0 42 42 14 0 43 43 12 0 44 44 15 1 45 45 19 1 46 46 17 1 47 47</p>
        </triangles>
      </mesh>
    </geometry>
    <geometry id="polygon2-mesh" name="polygon2">
      <mesh>
        <source id="polygon2-mesh-positions">
          <float_array id="polygon2-mesh-positions-array" count="480">14.4787 25.99997 40.72022 10.45611 25.99999 34.32325 14.4787 19.38733 42.03564 10.45611 16.9393 36.12555 14.4787 13.78135 45.78136 10.45379 9.258011 41.25802 14.4787 10.03555 51.38729 10.45611 4.125551 48.93932 10.45611 2.323259 58.00001 0 1.817473 47.98329 0 -0.174994 58.00001 -10.45611 4.125551 48.93932 -10.45611 2.323259 58.00001 -14.4787 10.03555 51.38729 -14.4787 8.720242 58.00001 16.38979 25.99998 -69.30926 12.97534 25.99999 -75.71715 16.38979 19.37605 -67.99161 12.97534 16.92384 -73.91177 16.38979 13.7605 -64.23949 12.97247 9.229442 -68.77055 16.38979 10.00831 -58.62399 12.97534 4.088224 -61.07615 12.97534 2.282856 -51.99998 0 1.77621 -62.0338 0 -0.219659 -51.99998 -12.97534 4.088224 -61.07615 -12.97534 2.282856 -51.99998 -16.38979 10.00831 -58.62399 -16.38979 8.690757 -51.99999 14.4787 8.720242 58.00001 10.45611 4.125546 67.06071 14.4787 10.03554 64.61273 10.45611 9.258014 74.74197 14.4787 13.78135 70.21863 10.45611 16.9393 79.87444 14.4787 19.38734 73.96438 10.45611 26 81.67672 14.4787 25.99999 75.27975 14.4787 32.61265 73.96437 -14.4787 25.99999 75.27975 -14.4787 32.61265 73.96437 -10.45611 26 81.67672 -10.45611 35.06069 79.87445 0 36.01672 82.18251 0 44.50851 76.50851 10.45611 42.74199 74.74197 10.45611 47.87445 67.06068 14.4787 41.96445 64.61271 10.45611 49.67673 57.99997 14.4787 43.27976 57.99998 14.4787 41.96443 51.38726 -16.38979 26 -34.69075 -16.38979 32.62394 -36.00838 -12.97534 26 -28.28287 -12.97534 35.07615 -30.08821 0 36.03382 -27.77621 0 44.5401 -33.4599 12.97534 42.77056 -35.22946 12.97534 47.91178 -42.92386 16.38979 41.9917 -45.37601 12.97534 49.71714 -52.00002 16.38979 43.30925 -52.00002 16.38979 41.99167 -58.62402 16.38979 8.690757 -51.99999 12.97534 4.088219 -42.92382 16.38979 10.0083 -45.37598 12.97534 9.229447 -35.22945 16.38979 13.7605 -39.76052 12.97534 16.92384 -30.08823 16.38979 19.37605 -36.00838 12.97534 26 -28.28287 16.38979 26 -34.69075 16.38979 32.62394 -36.00838 -14.4787 38.21864 70.21863 -14.4787 41.96445 64.61271 -10.45611 42.74199 74.74197 -10.45611 47.87445 67.06068 0 50.18253 68.01673 0 52.17498 57.99997 10.45611 47.87444 48.93927 14.4787 38.21862 45.78136 -14.4787 43.27976 57.99998 -10.45611 49.67673 57.99997 0 50.18253 47.98323 10.45611 42.74196 41.258 14.4787 32.61264 42.03562 -14.4787 41.96443 51.38726 -10.45611 47.87444 48.93927 0 44.50851 39.49146 10.45611 35.06068 36.12553 -16.38979 43.30925 -52.00002 -16.38979 41.99167 -58.62402 -12.97534 49.71714 -52.00002 -12.97534 47.91177 -61.07619 0 50.22379 -62.03386 0 44.5401 -70.54012 12.97534 42.77053 -68.77057 12.97534 35.07614 -73.9118 16.38979 32.62392 -67.99162 -16.38979 41.9917 -45.37601 -12.97534 47.91178 -42.92386 0 52.21965 -52.00002 12.97534 47.91177 -61.07619 16.38979 38.23948 -64.23949 -16.38979 38.2395 -39.76052 -12.97534 42.77056 -35.22946 0 50.22379 -41.96618 -16.38979 13.7605 -39.76052 -16.38979 19.37606 -36.00837 -12.97534 9.229447 -35.22945 -12.97534 16.92384 -30.08821 0 15.96618 -27.77621 0 26 -25.78034 12.97534 35.07615 -30.08821 16.38979 38.2395 -39.76052 -14.4787 13.78135 70.21863 -14.4787 19.38734 73.96438 -10.45611 9.258014 74.74197 -10.45611 16.9393 79.87445 0 15.98327 82.18251 0 26 84.17499 10.45611 35.06069 79.87445 14.4787 38.21864 70.21863 -14.4787 25.99997 40.72023 -14.4787 19.38733 42.03564 -10.45611 25.99999 34.32325 -10.45611 16.9393 36.12555 0 15.98327 33.81747 0 7.491486 39.4915 -14.4787 10.03554 64.61273 -10.45611 4.125546 67.06071 0 1.817466 68.01675 0 7.491492 76.50851 0 36.03381 -76.2238 0 25.99999 -78.21966 -12.97534 35.07614 -73.9118 -12.97534 25.99999 -75.71715 -16.38979 25.99998 -69.30925 0 36.01672 33.81746 0 25.99999 31.82501 -10.45611 35.06068 36.12553 -16.38979 10.0083 -45.37598 -12.97534 4.088219 -42.92382 0 1.7762 -41.96616 0 7.45991 -33.4599 -16.38979 19.37605 -67.99161 -12.97534 16.92384 -73.91177 0 15.96618 -76.22379 0 7.459903 -70.54008 -14.4787 13.78135 45.78136 -10.48562 9.258011 41.25802 -16.38979 13.7605 -64.23949 -13.01197 9.229442 -68.77055 -14.4787 32.61265 42.03562 -10.45611 42.74196 41.258 -14.4787 38.21862 45.78136 -16.38979 32.62394 -67.99162 -12.97534 42.77053 -68.77057 -16.38979 38.23948 -64.23949</float_array>
          <technique_common>
            <accessor source="#polygon2-mesh-positions-array" count="160" stride="3">
              <param name="X" type="float"/>
              <param name="Y" type="float"/>
              <param name="Z" type="float"/>
            </accessor>
          </technique_common>
        </source>
        <source id="polygon2-mesh-normals">
          <float_array id="polygon2-mesh-normals-array" count="480">0.8465406 -0.2037107 -0.4918038 0.5613843 -1.33723e-6 -0.8275553 0.8465397 -2.91197e-6 -0.5323256 0.5613865 -0.3167317 -0.7645432 0.8464311 -0.376581 -0.3764854 0.5612807 -0.5852289 -0.5852105 0.8465084 -0.4918239 -0.2037961 0.5614086 -0.7645246 -0.3167372 0.5613843 -0.8275554 0 8.36622e-5 -0.9239104 -0.3826088 0 -1 -4.62889e-7 -0.5611303 -0.7650357 -0.3159957 -0.5613839 -0.8275557 -3.15435e-7 -0.8469183 -0.4915896 -0.2026552 -0.8465394 -0.5323261 -4.70232e-7 0.8825304 -0.1799581 -0.4344596 0.5695375 -1.48391e-6 -0.8219655 0.8825301 -2.2357e-6 -0.4702562 0.5695415 -0.3145998 -0.7593744 0.8824003 -0.3327578 -0.3326292 0.5693889 -0.5813049 -0.5812754 0.8824949 -0.4344856 -0.1800704 0.5695691 -0.7593489 -0.3146113 0.5695374 -0.8219655 1.33385e-7 7.74619e-5 -0.9239065 -0.3826186 0 -1 -3.51572e-7 -0.5691858 -0.7600142 -0.3136974 -0.569537 -0.8219658 0 -0.8829663 -0.4341574 -0.1785447 -0.8825297 -0.4702566 -6.60845e-7 0.8465389 -0.5323271 9.81448e-7 0.5613834 -0.764562 0.316692 0.8465378 -0.4918079 0.2037125 0.5613839 -0.5851696 0.5851708 0.8465391 -0.3764092 0.3764141 0.5613843 -0.3166912 0.7645617 0.8465397 -0.2037108 0.4918054 0.5613854 -7.98022e-7 0.8275545 0.8465393 1.46677e-7 0.5323264 0.8465406 0.2037099 0.491804 -0.5613847 1.02718e-6 0.827555 -0.8465406 0.2037099 0.4918041 -0.8465398 1.28558e-6 0.5323256 -0.5613842 0.3166905 0.764562 0 0.3826834 0.9238796 3.88725e-7 0.7071063 0.7071073 0.5613837 0.58517 0.5851703 0.5613832 0.7645627 0.3166909 0.8465385 0.4918066 0.2037127 0.561384 0.8275555 -4.28667e-7 0.846539 0.5323268 -7.80843e-7 0.8465384 0.4918059 -0.2037147 -0.5695379 9.86491e-7 0.8219651 -0.8825308 0.1799572 0.4344591 -0.8825299 1.71218e-6 0.4702565 -0.5695379 0.3145512 0.7593972 0 0.3826834 0.9238796 4.00716e-7 0.7071068 0.7071068 0.5695372 0.5812177 0.5812174 0.5695362 0.7593981 0.3145526 0.8825289 0.4344619 0.17996 0.5695369 0.8219658 -2.19529e-7 0.8825297 0.4702566 -1.48904e-6 0.8825289 0.4344612 -0.1799621 0.8825293 -0.4702575 6.65136e-7 0.5695366 -0.7593975 0.314553 0.8825287 -0.4344626 0.1799594 0.5695371 -0.5812167 0.5812183 0.88253 -0.3325193 0.3325235 0.5695382 -0.3145518 0.7593968 0.8825305 -0.1799579 0.4344598 0.5695384 -8.33655e-7 0.8219648 0.8825293 2.74635e-7 0.4702575 0.8825309 0.1799572 0.4344591 -0.5613842 0.5851702 0.5851699 -0.846538 0.4918078 0.2037121 -0.8465402 0.3764086 0.3764126 -0.5613836 0.7645623 0.3166906 2.04592e-7 0.9238798 0.3826829 0 1 -3.37576e-7 0.561384 0.7645611 -0.3166931 0.8465388 0.3764099 -0.3764143 -0.8465384 0.5323277 4.91802e-7 -0.5613843 0.8275552 -2.07594e-7 2.25051e-7 0.9238795 -0.3826836 0.5613856 0.5851688 -0.5851699 0.8465408 0.2037132 -0.4918024 -0.8465384 0.491806 -0.2037147 -0.5613843 0.7645611 -0.3166924 -1.9692e-7 0.7071062 -0.7071074 0.5613854 0.3166915 -0.7645607 -0.5695374 0.8219655 2.19529e-7 -0.8825289 0.4344612 -0.1799621 -0.8825293 0.4702575 -2.59617e-7 -0.5695373 0.7593969 -0.3145534 2.39422e-7 0.9238795 -0.3826836 0 0.7071061 -0.7071076 0.5695383 0.5812163 -0.5812175 0.5695386 0.314552 -0.7593964 0.8825311 0.1799597 -0.4344576 -0.5695365 0.7593981 0.314552 -0.8825283 0.4344634 0.1799592 0 1 0 0.5695369 0.759397 -0.3145537 0.8825292 0.3325201 -0.3325246 -0.5695374 0.5812178 0.5812169 -0.8825302 0.3325194 0.3325226 0 0.9238797 0.382683 -0.5695378 -0.5812168 0.5812177 -0.8825309 -0.1799594 0.4344583 -0.8825292 -0.3325206 0.3325242 -0.5695379 -0.3145528 0.7593967 6.98102e-7 -0.3826836 0.9238795 0 0 1 0.5695379 0.314552 0.7593969 0.8825302 0.3325196 0.3325228 -0.5613843 -0.5851693 0.5851705 -0.8465405 -0.2037126 0.4918034 -0.8465383 -0.3764104 0.3764149 -0.5613842 -0.3166924 0.7645612 6.00988e-7 -0.3826839 0.9238795 0 0 1 0.5613849 0.3166911 0.7645612 0.8465402 0.3764086 0.3764125 -0.5613849 -1.24287e-6 -0.827555 -0.8465408 -0.2037105 -0.4918035 -0.8465402 -2.62724e-6 -0.532325 -0.5612952 -0.3162975 -0.76479 6.49069e-6 -0.3826899 -0.923877 2.43787e-4 -0.7070459 -0.7071678 -0.8465378 -0.4918068 0.203715 -0.5613833 -0.7645617 0.3166927 0 -0.9238793 0.3826842 -1.73903e-7 -0.7071059 0.7071078 0 0.3826825 -0.9238799 0 -9.16103e-7 -1 -0.5695381 0.3145524 -0.7593967 -0.5695378 -1.53393e-6 -0.8219653 -0.8825302 -1.87739e-6 -0.4702559 -2.50625e-7 0.3826825 -0.9238799 2.22494e-7 -7.41645e-7 -1 -0.5613849 0.3166919 -0.7645609 -0.8825286 -0.4344618 0.1799618 -0.5695366 -0.7593973 0.3145537 0 -0.9238793 0.3826841 0 -0.707106 0.7071076 -0.8825305 -0.1799578 -0.4344596 -0.5694281 -0.3140545 -0.7596852 5.93136e-6 -0.3826893 -0.9238772 1.92533e-4 -0.7070538 -0.7071597 -0.8479189 -0.3742204 -0.37549 -0.5626932 -0.584277 -0.584805 -0.8841838 -0.3294717 -0.3311609 -0.5714255 -0.5799661 -0.5806137 -0.8465405 0.2037129 -0.4918032 -0.5613855 0.5851683 -0.5851705 -0.8465389 0.3764099 -0.3764141 -0.8825308 0.1799595 -0.4344583 -0.5695384 0.5812157 -0.581218 -0.8825296 0.33252 -0.3325238</float_array>
          <technique_common>
            <accessor source="#polygon2-mesh-normals-array" count="160" stride="3">
              <param name="X" type="float"/>
              <param name="Y" type="float"/>
              <param name="Z" type="float"/>
            </accessor>
          </technique_common>
        </source>
        <source id="polygon2-mesh-map-0">
          <float_array id="polygon2-mesh-map-0-array" count="1536">0.7440186 1.829346 0.8095703 2.025391 0.7440186 2.025391 0.8096924 1.829346 0.8095703 2.025391 0.7440186 1.829346 0.7440186 1.633423 0.8096924 1.829346 0.7440186 1.829346 0.8096924 1.633423 0.8096924 1.829346 0.7440186 1.633423 0.7440186 1.437378 0.8096924 1.633423 0.7440186 1.633423 0.8096924 1.437378 0.8096924 1.633423 0.7440186 1.437378 0.8096924 1.241455 0.8096924 1.437378 0.7440186 1.437378 0.97229 1.437378 0.8096924 1.437378 0.8096924 1.241455 0.97229 1.241455 0.97229 1.437378 0.8096924 1.241455 0.8101807 1.437378 0.97229 1.437378 0.97229 1.241455 0.8101807 1.241455 0.8101807 1.437378 0.97229 1.241455 0.7440186 1.437378 0.8101807 1.437378 0.8101807 1.241455 0.7440186 1.241455 0.7440186 1.437378 0.8101807 1.241455 0.7440186 1.829346 0.8095703 2.025391 0.7440186 2.025391 0.8096924 1.829346 0.8095703 2.025391 0.7440186 1.829346 0.7440186 1.633423 0.8096924 1.829346 0.7440186 1.829346 0.8096924 1.633423 0.8096924 1.829346 0.7440186 1.633423 0.7440186 1.437378 0.8096924 1.633423 0.7440186 1.633423 0.8096924 1.437378 0.8096924 1.633423 0.7440186 1.437378 0.8096924 1.241455 0.8096924 1.437378 0.7440186 1.437378 0.97229 1.437378 0.8096924 1.437378 0.8096924 1.241455 0.97229 1.241455 0.97229 1.437378 0.8096924 1.241455 0.8101807 1.437378 0.97229 1.437378 0.97229 1.241455 0.8101807 1.241455 0.8101807 1.437378 0.97229 1.241455 0.7440186 1.437378 0.8101807 1.437378 0.8101807 1.241455 0.7440186 1.241455 0.7440186 1.437378 0.8101807 1.241455 0.7440186 1.241455 0.8096924 1.241455 0.7440186 1.437378 0.8096924 1.04541 0.8096924 1.241455 0.7440186 1.241455 0.7441406 1.04541 0.8096924 1.04541 0.7440186 1.241455 0.8096924 0.8494873 0.8096924 1.04541 0.7441406 1.04541 0.7441406 0.8493652 0.8096924 0.8494873 0.7441406 1.04541 0.8096924 0.6534424 0.8096924 0.8494873 0.7441406 0.8493652 0.7441406 0.6534424 0.8096924 0.6534424 0.7441406 0.8493652 0.8096924 0.4573975 0.8096924 0.6534424 0.7441406 0.6534424 0.7441406 0.4573975 0.8096924 0.4573975 0.7441406 0.6534424 0.7441406 0.2614746 0.8096924 0.4573975 0.7441406 0.4573975 0.8101807 0.4575195 0.7438965 0.2614746 0.7438965 0.4575195 0.8101807 0.2614746 0.7438965 0.2614746 0.8101807 0.4575195 0.97229 0.2614746 0.8101807 0.2614746 0.8101807 0.4575195 0.9724121 0.06542968 0.8101807 0.2614746 0.97229 0.2614746 0.8096924 0.06542968 0.9724121 0.06542968 0.97229 0.2614746 0.8096924 -0.1304932 0.9724121 0.06542968 0.8096924 0.06542968 0.7441406 -0.1304932 0.8096924 -0.1304932 0.8096924 0.06542968 0.8098145 -0.3265381 0.8096924 -0.1304932 0.7441406 -0.1304932 0.7441406 -0.3265381 0.8098145 -0.3265381 0.7441406 -0.1304932 0.7441406 -0.5224609 0.8098145 -0.3265381 0.7441406 -0.3265381 0.8101807 0.4575195 0.7438965 0.2614746 0.7438965 0.4575195 0.8101807 0.2614746 0.7438965 0.2614746 0.8101807 0.4575195 0.97229 0.2614746 0.8101807 0.2614746 0.8101807 0.4575195 0.9724121 0.06542968 0.8101807 0.2614746 0.97229 0.2614746 0.8096924 0.06542968 0.9724121 0.06542968 0.97229 0.2614746 0.8096924 -0.1304932 0.9724121 0.06542968 0.8096924 0.06542968 0.7441406 -0.1304932 0.8096924 -0.1304932 0.8096924 0.06542968 0.8098145 -0.3265381 0.8096924 -0.1304932 0.7441406 -0.1304932 0.7441406 -0.3265381 0.8098145 -0.3265381 0.7441406 -0.1304932 0.7441406 -0.5224609 0.8098145 -0.3265381 0.7441406 -0.3265381 0.7440186 1.241455 0.8096924 1.241455 0.7440186 1.437378 0.8096924 1.04541 0.8096924 1.241455 0.7440186 1.241455 0.7441406 1.04541 0.8096924 1.04541 0.7440186 1.241455 0.8096924 0.8494873 0.8096924 1.04541 0.7441406 1.04541 0.7441406 0.8493652 0.8096924 0.8494873 0.7441406 1.04541 0.8096924 0.6534424 0.8096924 0.8494873 0.7441406 0.8493652 0.7441406 0.6534424 0.8096924 0.6534424 0.7441406 0.8493652 0.8096924 0.4573975 0.8096924 0.6534424 0.7441406 0.6534424 0.7441406 0.4573975 0.8096924 0.4573975 0.7441406 0.6534424 0.7441406 0.2614746 0.8096924 0.4573975 0.7441406 0.4573975 0.8101807 0.06542968 0.7438965 -0.1304932 0.7438965 0.06542968 0.8101807 -0.1304932 0.7438965 -0.1304932 0.8101807 0.06542968 0.9724121 -0.1304932 0.8101807 -0.1304932 0.8101807 0.06542968 0.9724121 -0.3265381 0.8101807 -0.1304932 0.9724121 -0.1304932 0.8098145 -0.3265381 0.9724121 -0.3265381 0.9724121 -0.1304932 0.8098145 -0.5224609 0.9724121 -0.3265381 0.8098145 -0.3265381 0.7441406 -0.5224609 0.8098145 -0.5224609 0.8098145 -0.3265381 0.7441406 -0.7185059 0.8098145 -0.5224609 0.7441406 -0.5224609 0.8101807 -0.1304932 0.7438965 -0.3265381 0.7438965 -0.1304932 0.8101807 -0.3265381 0.7438965 -0.3265381 0.8101807 -0.1304932 0.9724121 -0.3265381 0.8101807 -0.3265381 0.8101807 -0.1304932 0.9724121 -0.5224609 0.8101807 -0.3265381 0.9724121 -0.3265381 0.8098145 -0.5224609 0.9724121 -0.5224609 0.9724121 -0.3265381 0.8098145 -0.7185059 0.9724121 -0.5224609 0.8098145 -0.5224609 0.7441406 -0.7185059 0.8098145 -0.7185059 0.8098145 -0.5224609 0.7441406 -0.9145508 0.8098145 -0.7185059 0.7441406 -0.7185059 0.8101807 -0.3265381 0.7438965 -0.5224609 0.7438965 -0.3265381 0.8101807 -0.5224609 0.7438965 -0.5224609 0.8101807 -0.3265381 0.9724121 -0.5224609 0.8101807 -0.5224609 0.8101807 -0.3265381 0.9724121 -0.7185059 0.8101807 -0.5224609 0.9724121 -0.5224609 0.8098145 -0.7185059 0.9724121 -0.7185059 0.9724121 -0.5224609 0.8098145 -0.9144287 0.9724121 -0.7185059 0.8098145 -0.7185059 0.7441406 -0.9145508 0.8098145 -0.9144287 0.8098145 -0.7185059 0.7441406 -1.110474 0.8098145 -0.9144287 0.7441406 -0.9145508 0.8101807 -0.3265381 0.7438965 -0.5224609 0.7438965 -0.3265381 0.8101807 -0.5224609 0.7438965 -0.5224609 0.8101807 -0.3265381 0.9724121 -0.5224609 0.8101807 -0.5224609 0.8101807 -0.3265381 0.9724121 -0.7185059 0.8101807 -0.5224609 0.9724121 -0.5224609 0.8098145 -0.7185059 0.9724121 -0.7185059 0.9724121 -0.5224609 0.8098145 -0.9144287 0.9724121 -0.7185059 0.8098145 -0.7185059 0.7441406 -0.9145508 0.8098145 -0.9144287 0.8098145 -0.7185059 0.7441406 -1.110474 0.8098145 -0.9144287 0.7441406 -0.9145508 0.8101807 -0.1304932 0.7438965 -0.3265381 0.7438965 -0.1304932 0.8101807 -0.3265381 0.7438965 -0.3265381 0.8101807 -0.1304932 0.9724121 -0.3265381 0.8101807 -0.3265381 0.8101807 -0.1304932 0.9724121 -0.5224609 0.8101807 -0.3265381 0.9724121 -0.3265381 0.8098145 -0.5224609 0.9724121 -0.5224609 0.9724121 -0.3265381 0.8098145 -0.7185059 0.9724121 -0.5224609 0.8098145 -0.5224609 0.7441406 -0.7185059 0.8098145 -0.7185059 0.8098145 -0.5224609 0.7441406 -0.9145508 0.8098145 -0.7185059 0.7441406 -0.7185059 0.8101807 0.06542968 0.7438965 -0.1304932 0.7438965 0.06542968 0.8101807 -0.1304932 0.7438965 -0.1304932 0.8101807 0.06542968 0.9724121 -0.1304932 0.8101807 -0.1304932 0.8101807 0.06542968 0.9724121 -0.3265381 0.8101807 -0.1304932 0.9724121 -0.1304932 0.8098145 -0.3265381 0.9724121 -0.3265381 0.9724121 -0.1304932 0.8098145 -0.5224609 0.9724121 -0.3265381 0.8098145 -0.3265381 0.7441406 -0.5224609 0.8098145 -0.5224609 0.8098145 -0.3265381 0.7441406 -0.7185059 0.8098145 -0.5224609 0.7441406 -0.5224609 0.8101807 0.8494873 0.7438965 0.6534424 0.7438965 0.8494873 0.8101807 0.6534424 0.7438965 0.6534424 0.8101807 0.8494873 0.97229 0.6534424 0.8101807 0.6534424 0.8101807 0.8494873 0.97229 0.4573975 0.8101807 0.6534424 0.97229 0.6534424 0.8096924 0.4573975 0.97229 0.4573975 0.97229 0.6534424 0.8096924 0.2614746 0.97229 0.4573975 0.8096924 0.4573975 0.7441406 0.2614746 0.8096924 0.2614746 0.8096924 0.4573975 0.7441406 0.06542968 0.8096924 0.2614746 0.7441406 0.2614746 0.8101807 0.8494873 0.7438965 0.6534424 0.7438965 0.8494873 0.8101807 0.6534424 0.7438965 0.6534424 0.8101807 0.8494873 0.97229 0.6534424 0.8101807 0.6534424 0.8101807 0.8494873 0.97229 0.4573975 0.8101807 0.6534424 0.97229 0.6534424 0.8096924 0.4573975 0.97229 0.4573975 0.97229 0.6534424 0.8096924 0.2614746 0.97229 0.4573975 0.8096924 0.4573975 0.7441406 0.2614746 0.8096924 0.2614746 0.8096924 0.4573975 0.7441406 0.06542968 0.8096924 0.2614746 0.7441406 0.2614746 0.8101807 0.6534424 0.7438965 0.4575195 0.7438965 0.6534424 0.8101807 0.4575195 0.7438965 0.4575195 0.8101807 0.6534424 0.97229 0.4573975 0.8101807 0.4575195 0.8101807 0.6534424 0.97229 0.2614746 0.8101807 0.4575195 0.97229 0.4573975 0.8096924 0.2614746 0.97229 0.2614746 0.97229 0.4573975 0.8096924 0.06542968 0.97229 0.2614746 0.8096924 0.2614746 0.7441406 0.06542968 0.8096924 0.06542968 0.8096924 0.2614746 0.7441406 -0.1304932 0.8096924 0.06542968 0.7441406 0.06542968 0.8101807 0.6534424 0.7438965 0.4575195 0.7438965 0.6534424 0.8101807 0.4575195 0.7438965 0.4575195 0.8101807 0.6534424 0.97229 0.4573975 0.8101807 0.4575195 0.8101807 0.6534424 0.97229 0.2614746 0.8101807 0.4575195 0.97229 0.4573975 0.8096924 0.2614746 0.97229 0.2614746 0.97229 0.4573975 0.8096924 0.06542968 0.97229 0.2614746 0.8096924 0.2614746 0.7441406 0.06542968 0.8096924 0.06542968 0.8096924 0.2614746 0.7441406 -0.1304932 0.8096924 0.06542968 0.7441406 0.06542968 0.8103027 2.025391 0.7440186 1.829346 0.7440186 2.025391 0.8103027 1.829346 0.7440186 1.829346 0.8103027 2.025391 0.97229 1.829346 0.8103027 1.829346 0.8103027 2.025391 0.97229 1.633423 0.8103027 1.829346 0.97229 1.829346 0.8096924 1.633423 0.97229 1.633423 0.97229 1.829346 0.8096924 1.437378 0.97229 1.633423 0.8096924 1.633423 0.8101807 1.241455 0.7438965 1.04541 0.7440186 1.241455 0.8101807 1.04541 0.7438965 1.04541 0.8101807 1.241455 0.97229 1.04541 0.8101807 1.04541 0.8101807 1.241455 0.97229 0.8494873 0.8101807 1.04541 0.97229 1.04541 0.8096924 0.8494873 0.97229 0.8494873 0.97229 1.04541 0.8096924 0.6534424 0.97229 0.8494873 0.8096924 0.8494873 0.8098145 -1.110474 0.8098145 -0.9144287 0.7441406 -1.110474 0.9724121 -0.9144287 0.8098145 -0.9144287 0.8098145 -1.110474 0.9724121 -1.110474 0.9724121 -0.9144287 0.8098145 -1.110474 0.8100586 -0.9144287 0.9724121 -0.9144287 0.9724121 -1.110474 0.8100586 -1.110474 0.8100586 -0.9144287 0.9724121 -1.110474 0.7438965 -1.110474 0.8100586 -0.9144287 0.8100586 -1.110474 0.8101807 1.04541 0.7438965 0.8494873 0.7438965 1.04541 0.8101807 0.8494873 0.7438965 0.8494873 0.8101807 1.04541 0.97229 0.8494873 0.8101807 0.8494873 0.8101807 1.04541 0.97229 0.6534424 0.8101807 0.8494873 0.97229 0.8494873 0.8096924 0.6534424 0.97229 0.6534424 0.97229 0.8494873 0.8096924 0.4573975 0.97229 0.6534424 0.8096924 0.6534424 0.8101807 0.2614746 0.7438965 0.06542968 0.7438965 0.2614746 0.8101807 0.06542968 0.7438965 0.06542968 0.8101807 0.2614746 0.9724121 0.06542968 0.8101807 0.06542968 0.8101807 0.2614746 0.9724121 -0.1304932 0.8101807 0.06542968 0.9724121 0.06542968 0.8096924 -0.1304932 0.9724121 -0.1304932 0.9724121 0.06542968 0.8098145 -0.3265381 0.9724121 -0.1304932 0.8096924 -0.1304932 0.8098145 -1.110474 0.8098145 -0.9144287 0.7441406 -1.110474 0.9724121 -0.9144287 0.8098145 -0.9144287 0.8098145 -1.110474 0.9724121 -1.110474 0.9724121 -0.9144287 0.8098145 -1.110474 0.8100586 -0.9144287 0.9724121 -0.9144287 0.9724121 -1.110474 0.8100586 -1.110474 0.8100586 -0.9144287 0.9724121 -1.110474 0.7438965 -1.110474 0.8100586 -0.9144287 0.8100586 -1.110474 0.8101807 1.241455 0.7438965 1.04541 0.7440186 1.241455 0.8101807 1.04541 0.7438965 1.04541 0.8101807 1.241455 0.97229 1.04541 0.8101807 1.04541 0.8101807 1.241455 0.97229 0.8494873 0.8101807 1.04541 0.97229 1.04541 0.8096924 0.8494873 0.97229 0.8494873 0.97229 1.04541 0.8096924 0.6534424 0.97229 0.8494873 0.8096924 0.8494873 0.8101807 1.04541 0.7438965 0.8494873 0.7438965 1.04541 0.8101807 0.8494873 0.7438965 0.8494873 0.8101807 1.04541 0.97229 0.8494873 0.8101807 0.8494873 0.8101807 1.04541 0.97229 0.6534424 0.8101807 0.8494873 0.97229 0.8494873 0.8096924 0.6534424 0.97229 0.6534424 0.97229 0.8494873 0.8096924 0.4573975 0.97229 0.6534424 0.8096924 0.6534424 0.8103027 2.025391 0.7440186 1.829346 0.7440186 2.025391 0.8103027 1.829346 0.7440186 1.829346 0.8103027 2.025391 0.97229 1.829346 0.8103027 1.829346 0.8103027 2.025391 0.97229 1.633423 0.8103027 1.829346 0.97229 1.829346 0.8096924 1.633423 0.97229 1.633423 0.97229 1.829346 0.8096924 1.437378 0.97229 1.633423 0.8096924 1.633423 0.8101807 0.2614746 0.7438965 0.06542968 0.7438965 0.2614746 0.8101807 0.06542968 0.7438965 0.06542968 0.8101807 0.2614746 0.9724121 0.06542968 0.8101807 0.06542968 0.8101807 0.2614746 0.9724121 -0.1304932 0.8101807 0.06542968 0.9724121 0.06542968 0.8096924 -0.1304932 0.9724121 -0.1304932 0.9724121 0.06542968 0.8098145 -0.3265381 0.9724121 -0.1304932 0.8096924 -0.1304932 0.8103027 1.829346 0.7440186 1.633423 0.7440186 1.829346 0.8103027 1.633423 0.7440186 1.633423 0.8103027 1.829346 0.97229 1.633423 0.8103027 1.633423 0.8103027 1.829346 0.97229 1.437378 0.8103027 1.633423 0.97229 1.633423 0.8096924 1.437378 0.97229 1.437378 0.97229 1.633423 0.8103027 1.829346 0.7440186 1.633423 0.7440186 1.829346 0.8103027 1.633423 0.7440186 1.633423 0.8103027 1.829346 0.97229 1.633423 0.8103027 1.633423 0.8103027 1.829346 0.97229 1.437378 0.8103027 1.633423 0.97229 1.633423 0.8096924 1.437378 0.97229 1.437378 0.97229 1.633423 0.7438965 -0.9144287 0.8100586 -0.9144287 0.7438965 -1.110474 0.8100586 -0.7185059 0.8100586 -0.9144287 0.7438965 -0.9144287 0.7438965 -0.7185059 0.8100586 -0.7185059 0.7438965 -0.9144287 0.8101807 -0.5224609 0.8100586 -0.7185059 0.7438965 -0.7185059 0.7438965 -0.5224609 0.8101807 -0.5224609 0.7438965 -0.7185059 0.7438965 -0.9144287 0.8100586 -0.9144287 0.7438965 -1.110474 0.8100586 -0.7185059 0.8100586 -0.9144287 0.7438965 -0.9144287 0.7438965 -0.7185059 0.8100586 -0.7185059 0.7438965 -0.9144287 0.8101807 -0.5224609 0.8100586 -0.7185059 0.7438965 -0.7185059 0.7438965 -0.5224609 0.8101807 -0.5224609 0.7438965 -0.7185059 0.9724121 -0.7185059 0.8100586 -0.7185059 0.8101807 -0.5224609 0.9724121 -0.9144287 0.8100586 -0.7185059 0.9724121 -0.7185059 0.8098145 -0.9144287 0.9724121 -0.9144287 0.9724121 -0.7185059 0.8103027 1.633423 0.7440186 1.437378 0.7440186 1.633423 0.8101807 1.437378 0.7440186 1.437378 0.8103027 1.633423 0.97229 1.437378 0.8101807 1.437378 0.8103027 1.633423 0.97229 2.025391 0.97229 1.829346 0.8103027 2.025391 0.8096924 1.829346 0.97229 1.829346 0.97229 2.025391 0.8095703 2.025391 0.8096924 1.829346 0.97229 2.025391 0.97229 1.241455 0.97229 1.04541 0.8101807 1.241455 0.8096924 1.04541 0.97229 1.04541 0.97229 1.241455 0.8096924 1.241455 0.8096924 1.04541 0.97229 1.241455 0.97229 2.025391 0.97229 1.829346 0.8103027 2.025391 0.8096924 1.829346 0.97229 1.829346 0.97229 2.025391 0.8095703 2.025391 0.8096924 1.829346 0.97229 2.025391 0.8103027 1.633423 0.7440186 1.437378 0.7440186 1.633423 0.8101807 1.437378 0.7440186 1.437378 0.8103027 1.633423 0.97229 1.437378 0.8101807 1.437378 0.8103027 1.633423 0.97229 1.241455 0.97229 1.04541 0.8101807 1.241455 0.8096924 1.04541 0.97229 1.04541 0.97229 1.241455 0.8096924 1.241455 0.8096924 1.04541 0.97229 1.241455 0.9724121 -0.7185059 0.8100586 -0.7185059 0.8101807 -0.5224609 0.9724121 -0.9144287 0.8100586 -0.7185059 0.9724121 -0.7185059 0.8098145 -0.9144287 0.9724121 -0.9144287 0.9724121 -0.7185059 0.8100586 -0.9144287 0.8100586 -0.7185059 0.9724121 -0.9144287 0.97229 1.04541 0.8096924 1.04541 0.8096924 0.8494873 0.97229 1.829346 0.8096924 1.829346 0.8096924 1.633423 0.8100586 -0.9144287 0.8100586 -0.7185059 0.9724121 -0.9144287 0.97229 1.04541 0.8096924 1.04541 0.8096924 0.8494873 0.97229 1.829346 0.8096924 1.829346 0.8096924 1.633423</float_array>
          <technique_common>
            <accessor source="#polygon2-mesh-map-0-array" count="768" stride="2">
              <param name="S" type="float"/>
              <param name="T" type="float"/>
            </accessor>
          </technique_common>
        </source>
        <source id="polygon2-mesh-colors-polygon2_Colors0" name="polygon2_Colors0">
          <float_array id="polygon2-mesh-colors-polygon2_Colors0-array" count="3072">0.1921569 0.1882353 0.1921569 1 0.4823529 0.4901961 0.4823529 1 0.1921569 0.1882353 0.1921569 1 0.4823529 0.4901961 0.4823529 1 0.4823529 0.4901961 0.4823529 1 0.1921569 0.1882353 0.1921569 1 0.1921569 0.1882353 0.1921569 1 0.4823529 0.4901961 0.4823529 1 0.1921569 0.1882353 0.1921569 1 0.4823529 0.4901961 0.4823529 1 0.4823529 0.4901961 0.4823529 1 0.1921569 0.1882353 0.1921569 1 0.1921569 0.1882353 0.1921569 1 0.4823529 0.4901961 0.4823529 1 0.1921569 0.1882353 0.1921569 1 0.4823529 0.4901961 0.4823529 1 0.4823529 0.4901961 0.4823529 1 0.1921569 0.1882353 0.1921569 1 0.4823529 0.4901961 0.4823529 1 0.4823529 0.4901961 0.4823529 1 0.1921569 0.1882353 0.1921569 1 0.9058824 0.9058824 0.9058824 1 0.4823529 0.4901961 0.4823529 1 0.4823529 0.4901961 0.4823529 1 0.9058824 0.9058824 0.9058824 1 0.9058824 0.9058824 0.9058824 1 0.4823529 0.4901961 0.4823529 1 0.4823529 0.4901961 0.4823529 1 0.9058824 0.9058824 0.9058824 1 0.9058824 0.9058824 0.9058824 1 0.4823529 0.4901961 0.4823529 1 0.4823529 0.4901961 0.4823529 1 0.9058824 0.9058824 0.9058824 1 0.1921569 0.1882353 0.1921569 1 0.4823529 0.4901961 0.4823529 1 0.4823529 0.4901961 0.4823529 1 0.1921569 0.1882353 0.1921569 1 0.1921569 0.1882353 0.1921569 1 0.4823529 0.4901961 0.4823529 1 0.1921569 0.1882353 0.1921569 1 0.4823529 0.4901961 0.4823529 1 0.1921569 0.1882353 0.1921569 1 0.4823529 0.4901961 0.4823529 1 0.4823529 0.4901961 0.4823529 1 0.1921569 0.1882353 0.1921569 1 0.1921569 0.1882353 0.1921569 1 0.4823529 0.4901961 0.4823529 1 0.1921569 0.1882353 0.1921569 1 0.4823529 0.4901961 0.4823529 1 0.4823529 0.4901961 0.4823529 1 0.1921569 0.1882353 0.1921569 1 0.1921569 0.1882353 0.1921569 1 0.4823529 0.4901961 0.4823529 1 0.1921569 0.1882353 0.1921569 1 0.4823529 0.4901961 0.4823529 1 0.4823529 0.4901961 0.4823529 1 0.1921569 0.1882353 0.1921569 1 0.4823529 0.4901961 0.4823529 1 0.4823529 0.4901961 0.4823529 1 0.1921569 0.1882353 0.1921569 1 0.9058824 0.9058824 0.9058824 1 0.4823529 0.4901961 0.4823529 1 0.4823529 0.4901961 0.4823529 1 0.9058824 0.9058824 0.9058824 1 0.9058824 0.9058824 0.9058824 1 0.4823529 0.4901961 0.4823529 1 0.4823529 0.4901961 0.4823529 1 0.9058824 0.9058824 0.9058824 1 0.9058824 0.9058824 0.9058824 1 0.4823529 0.4901961 0.4823529 1 0.4823529 0.4901961 0.4823529 1 0.9058824 0.9058824 0.9058824 1 0.1921569 0.1882353 0.1921569 1 0.4823529 0.4901961 0.4823529 1 0.4823529 0.4901961 0.4823529 1 0.1921569 0.1882353 0.1921569 1 0.1921569 0.1882353 0.1921569 1 0.4823529 0.4901961 0.4823529 1 0.1921569 0.1882353 0.1921569 1 0.4823529 0.4901961 0.4823529 1 0.1921569 0.1882353 0.1921569 1 0.4823529 0.4901961 0.4823529 1 0.4823529 0.4901961 0.4823529 1 0.1921569 0.1882353 0.1921569 1 0.1921569 0.1882353 0.1921569 1 0.4823529 0.4901961 0.4823529 1 0.1921569 0.1882353 0.1921569 1 0.4823529 0.4901961 0.4823529 1 0.4823529 0.4901961 0.4823529 1 0.1921569 0.1882353 0.1921569 1 0.1921569 0.1882353 0.1921569 1 0.4823529 0.4901961 0.4823529 1 0.1921569 0.1882353 0.1921569 1 0.4823529 0.4901961 0.4823529 1 0.4823529 0.4901961 0.4823529 1 0.1921569 0.1882353 0.1921569 1 0.1921569 0.1882353 0.1921569 1 0.4823529 0.4901961 0.4823529 1 0.1921569 0.1882353 0.1921569 1 0.4823529 0.4901961 0.4823529 1 0.4823529 0.4901961 0.4823529 1 0.1921569 0.1882353 0.1921569 1 0.1921569 0.1882353 0.1921569 1 0.4823529 0.4901961 0.4823529 1 0.1921569 0.1882353 0.1921569 1 0.1921569 0.1882353 0.1921569 1 0.4823529 0.4901961 0.4823529 1 0.1921569 0.1882353 0.1921569 1 0.4823529 0.4901961 0.4823529 1 0.1921569 0.1882353 0.1921569 1 0.1921569 0.1882353 0.1921569 1 0.4823529 0.4901961 0.4823529 1 0.1921569 0.1882353 0.1921569 1 0.4823529 0.4901961 0.4823529 1 0.9058824 0.9058824 0.9058824 1 0.4823529 0.4901961 0.4823529 1 0.4823529 0.4901961 0.4823529 1 0.9058824 0.9058824 0.9058824 1 0.4823529 0.4901961 0.4823529 1 0.9058824 0.9058824 0.9058824 1 0.4823529 0.4901961 0.4823529 1 0.9058824 0.9058824 0.9058824 1 0.9058824 0.9058824 0.9058824 1 0.4823529 0.4901961 0.4823529 1 0.9058824 0.9058824 0.9058824 1 0.4823529 0.4901961 0.4823529 1 0.1921569 0.1882353 0.1921569 1 0.4823529 0.4901961 0.4823529 1 0.4823529 0.4901961 0.4823529 1 0.4823529 0.4901961 0.4823529 1 0.4823529 0.4901961 0.4823529 1 0.1921569 0.1882353 0.1921569 1 0.1921569 0.1882353 0.1921569 1 0.4823529 0.4901961 0.4823529 1 0.1921569 0.1882353 0.1921569 1 0.1921569 0.1882353 0.1921569 1 0.4823529 0.4901961 0.4823529 1 0.1921569 0.1882353 0.1921569 1 0.4823529 0.4901961 0.4823529 1 0.1921569 0.1882353 0.1921569 1 0.1921569 0.1882353 0.1921569 1 0.4823529 0.4901961 0.4823529 1 0.1921569 0.1882353 0.1921569 1 0.4823529 0.4901961 0.4823529 1 0.9058824 0.9058824 0.9058824 1 0.4823529 0.4901961 0.4823529 1 0.4823529 0.4901961 0.4823529 1 0.9058824 0.9058824 0.9058824 1 0.4823529 0.4901961 0.4823529 1 0.9058824 0.9058824 0.9058824 1 0.4823529 0.4901961 0.4823529 1 0.9058824 0.9058824 0.9058824 1 0.9058824 0.9058824 0.9058824 1 0.4823529 0.4901961 0.4823529 1 0.9058824 0.9058824 0.9058824 1 0.4823529 0.4901961 0.4823529 1 0.1921569 0.1882353 0.1921569 1 0.4823529 0.4901961 0.4823529 1 0.4823529 0.4901961 0.4823529 1 0.4823529 0.4901961 0.4823529 1 0.4823529 0.4901961 0.4823529 1 0.1921569 0.1882353 0.1921569 1 0.1921569 0.1882353 0.1921569 1 0.4823529 0.4901961 0.4823529 1 0.1921569 0.1882353 0.1921569 1 0.1921569 0.1882353 0.1921569 1 0.4823529 0.4901961 0.4823529 1 0.1921569 0.1882353 0.1921569 1 0.1921569 0.1882353 0.1921569 1 0.4823529 0.4901961 0.4823529 1 0.1921569 0.1882353 0.1921569 1 0.4823529 0.4901961 0.4823529 1 0.4823529 0.4901961 0.4823529 1 0.1921569 0.1882353 0.1921569 1 0.1921569 0.1882353 0.1921569 1 0.4823529 0.4901961 0.4823529 1 0.1921569 0.1882353 0.1921569 1 0.4823529 0.4901961 0.4823529 1 0.4823529 0.4901961 0.4823529 1 0.1921569 0.1882353 0.1921569 1 0.1921569 0.1882353 0.1921569 1 0.4823529 0.4901961 0.4823529 1 0.1921569 0.1882353 0.1921569 1 0.4823529 0.4901961 0.4823529 1 0.4823529 0.4901961 0.4823529 1 0.1921569 0.1882353 0.1921569 1 0.1921569 0.1882353 0.1921569 1 0.4823529 0.4901961 0.4823529 1 0.1921569 0.1882353 0.1921569 1 0.4823529 0.4901961 0.4823529 1 0.4823529 0.4901961 0.4823529 1 0.1921569 0.1882353 0.1921569 1 0.1921569 0.1882353 0.1921569 1 0.4823529 0.4901961 0.4823529 1 0.1921569 0.1882353 0.1921569 1 0.1921569 0.1882353 0.1921569 1 0.4823529 0.4901961 0.4823529 1 0.1921569 0.1882353 0.1921569 1 0.4823529 0.4901961 0.4823529 1 0.1921569 0.1882353 0.1921569 1 0.1921569 0.1882353 0.1921569 1 0.4823529 0.4901961 0.4823529 1 0.1921569 0.1882353 0.1921569 1 0.4823529 0.4901961 0.4823529 1 0.9058824 0.9058824 0.9058824 1 0.4823529 0.4901961 0.4823529 1 0.4823529 0.4901961 0.4823529 1 0.9058824 0.9058824 0.9058824 1 0.4823529 0.4901961 0.4823529 1 0.9058824 0.9058824 0.9058824 1 0.4823529 0.4901961 0.4823529 1 0.9058824 0.9058824 0.9058824 1 0.9058824 0.9058824 0.9058824 1 0.4823529 0.4901961 0.4823529 1 0.9058824 0.9058824 0.9058824 1 0.4823529 0.4901961 0.4823529 1 0.1921569 0.1882353 0.1921569 1 0.4823529 0.4901961 0.4823529 1 0.4823529 0.4901961 0.4823529 1 0.1921569 0.1882353 0.1921569 1 0.4823529 0.4901961 0.4823529 1 0.1921569 0.1882353 0.1921569 1 0.4823529 0.4901961 0.4823529 1 0.1921569 0.1882353 0.1921569 1 0.1921569 0.1882353 0.1921569 1 0.4823529 0.4901961 0.4823529 1 0.1921569 0.1882353 0.1921569 1 0.4823529 0.4901961 0.4823529 1 0.9058824 0.9058824 0.9058824 1 0.4823529 0.4901961 0.4823529 1 0.4823529 0.4901961 0.4823529 1 0.9058824 0.9058824 0.9058824 1 0.4823529 0.4901961 0.4823529 1 0.9058824 0.9058824 0.9058824 1 0.4823529 0.4901961 0.4823529 1 0.9058824 0.9058824 0.9058824 1 0.9058824 0.9058824 0.9058824 1 0.4823529 0.4901961 0.4823529 1 0.9058824 0.9058824 0.9058824 1 0.4823529 0.4901961 0.4823529 1 0.1921569 0.1882353 0.1921569 1 0.4823529 0.4901961 0.4823529 1 0.4823529 0.4901961 0.4823529 1 0.1921569 0.1882353 0.1921569 1 0.4823529 0.4901961 0.4823529 1 0.1921569 0.1882353 0.1921569 1 0.4823529 0.4901961 0.4823529 1 0.1921569 0.1882353 0.1921569 1 0.1921569 0.1882353 0.1921569 1 0.4823529 0.4901961 0.4823529 1 0.1921569 0.1882353 0.1921569 1 0.4823529 0.4901961 0.4823529 1 0.9058824 0.9058824 0.9058824 1 0.4823529 0.4901961 0.4823529 1 0.4823529 0.4901961 0.4823529 1 0.9058824 0.9058824 0.9058824 1 0.4823529 0.4901961 0.4823529 1 0.9058824 0.9058824 0.9058824 1 0.4823529 0.4901961 0.4823529 1 0.9058824 0.9058824 0.9058824 1 0.9058824 0.9058824 0.9058824 1 0.4823529 0.4901961 0.4823529 1 0.9058824 0.9058824 0.9058824 1 0.4823529 0.4901961 0.4823529 1 0.1921569 0.1882353 0.1921569 1 0.4823529 0.4901961 0.4823529 1 0.4823529 0.4901961 0.4823529 1 0.1921569 0.1882353 0.1921569 1 0.4823529 0.4901961 0.4823529 1 0.1921569 0.1882353 0.1921569 1 0.4823529 0.4901961 0.4823529 1 0.1921569 0.1882353 0.1921569 1 0.1921569 0.1882353 0.1921569 1 0.4823529 0.4901961 0.4823529 1 0.1921569 0.1882353 0.1921569 1 0.4823529 0.4901961 0.4823529 1 0.9058824 0.9058824 0.9058824 1 0.4823529 0.4901961 0.4823529 1 0.4823529 0.4901961 0.4823529 1 0.9058824 0.9058824 0.9058824 1 0.4823529 0.4901961 0.4823529 1 0.9058824 0.9058824 0.9058824 1 0.4823529 0.4901961 0.4823529 1 0.9058824 0.9058824 0.9058824 1 0.9058824 0.9058824 0.9058824 1 0.4823529 0.4901961 0.4823529 1 0.9058824 0.9058824 0.9058824 1 0.4823529 0.4901961 0.4823529 1 0.1921569 0.1882353 0.1921569 1 0.4823529 0.4901961 0.4823529 1 0.4823529 0.4901961 0.4823529 1 0.1921569 0.1882353 0.1921569 1 0.4823529 0.4901961 0.4823529 1 0.1921569 0.1882353 0.1921569 1 0.4823529 0.4901961 0.4823529 1 0.1921569 0.1882353 0.1921569 1 0.1921569 0.1882353 0.1921569 1 0.4823529 0.4901961 0.4823529 1 0.1921569 0.1882353 0.1921569 1 0.4823529 0.4901961 0.4823529 1 0.9058824 0.9058824 0.9058824 1 0.4823529 0.4901961 0.4823529 1 0.4823529 0.4901961 0.4823529 1 0.9058824 0.9058824 0.9058824 1 0.4823529 0.4901961 0.4823529 1 0.9058824 0.9058824 0.9058824 1 0.4823529 0.4901961 0.4823529 1 0.9058824 0.9058824 0.9058824 1 0.9058824 0.9058824 0.9058824 1 0.4823529 0.4901961 0.4823529 1 0.9058824 0.9058824 0.9058824 1 0.4823529 0.4901961 0.4823529 1 0.1921569 0.1882353 0.1921569 1 0.4823529 0.4901961 0.4823529 1 0.4823529 0.4901961 0.4823529 1 0.1921569 0.1882353 0.1921569 1 0.4823529 0.4901961 0.4823529 1 0.1921569 0.1882353 0.1921569 1 0.4823529 0.4901961 0.4823529 1 0.1921569 0.1882353 0.1921569 1 0.1921569 0.1882353 0.1921569 1 0.4823529 0.4901961 0.4823529 1 0.1921569 0.1882353 0.1921569 1 0.4823529 0.4901961 0.4823529 1 0.9058824 0.9058824 0.9058824 1 0.4823529 0.4901961 0.4823529 1 0.4823529 0.4901961 0.4823529 1 0.9058824 0.9058824 0.9058824 1 0.4823529 0.4901961 0.4823529 1 0.9058824 0.9058824 0.9058824 1 0.4823529 0.4901961 0.4823529 1 0.9058824 0.9058824 0.9058824 1 0.9058824 0.9058824 0.9058824 1 0.4823529 0.4901961 0.4823529 1 0.9058824 0.9058824 0.9058824 1 0.4823529 0.4901961 0.4823529 1 0.1921569 0.1882353 0.1921569 1 0.4823529 0.4901961 0.4823529 1 0.4823529 0.4901961 0.4823529 1 0.1921569 0.1882353 0.1921569 1 0.4823529 0.4901961 0.4823529 1 0.1921569 0.1882353 0.1921569 1 0.4823529 0.4901961 0.4823529 1 0.1921569 0.1882353 0.1921569 1 0.1921569 0.1882353 0.1921569 1 0.4823529 0.4901961 0.4823529 1 0.1921569 0.1882353 0.1921569 1 0.4823529 0.4901961 0.4823529 1 0.9058824 0.9058824 0.9058824 1 0.4823529 0.4901961 0.4823529 1 0.4823529 0.4901961 0.4823529 1 0.9058824 0.9058824 0.9058824 1 0.4823529 0.4901961 0.4823529 1 0.9058824 0.9058824 0.9058824 1 0.4823529 0.4901961 0.4823529 1 0.9058824 0.9058824 0.9058824 1 0.9058824 0.9058824 0.9058824 1 0.4823529 0.4901961 0.4823529 1 0.9058824 0.9058824 0.9058824 1 0.4823529 0.4901961 0.4823529 1 0.1921569 0.1882353 0.1921569 1 0.4823529 0.4901961 0.4823529 1 0.4823529 0.4901961 0.4823529 1 0.1921569 0.1882353 0.1921569 1 0.4823529 0.4901961 0.4823529 1 0.1921569 0.1882353 0.1921569 1 0.4823529 0.4901961 0.4823529 1 0.1921569 0.1882353 0.1921569 1 0.1921569 0.1882353 0.1921569 1 0.4823529 0.4901961 0.4823529 1 0.1921569 0.1882353 0.1921569 1 0.4823529 0.4901961 0.4823529 1 0.9058824 0.9058824 0.9058824 1 0.4823529 0.4901961 0.4823529 1 0.4823529 0.4901961 0.4823529 1 0.9058824 0.9058824 0.9058824 1 0.4823529 0.4901961 0.4823529 1 0.9058824 0.9058824 0.9058824 1 0.4823529 0.4901961 0.4823529 1 0.9058824 0.9058824 0.9058824 1 0.9058824 0.9058824 0.9058824 1 0.4823529 0.4901961 0.4823529 1 0.9058824 0.9058824 0.9058824 1 0.4823529 0.4901961 0.4823529 1 0.1921569 0.1882353 0.1921569 1 0.4823529 0.4901961 0.4823529 1 0.4823529 0.4901961 0.4823529 1 0.1921569 0.1882353 0.1921569 1 0.4823529 0.4901961 0.4823529 1 0.1921569 0.1882353 0.1921569 1 0.4823529 0.4901961 0.4823529 1 0.1921569 0.1882353 0.1921569 1 0.1921569 0.1882353 0.1921569 1 0.4823529 0.4901961 0.4823529 1 0.1921569 0.1882353 0.1921569 1 0.4823529 0.4901961 0.4823529 1 0.9058824 0.9058824 0.9058824 1 0.4823529 0.4901961 0.4823529 1 0.4823529 0.4901961 0.4823529 1 0.9058824 0.9058824 0.9058824 1 0.4823529 0.4901961 0.4823529 1 0.9058824 0.9058824 0.9058824 1 0.4823529 0.4901961 0.4823529 1 0.9058824 0.9058824 0.9058824 1 0.9058824 0.9058824 0.9058824 1 0.4823529 0.4901961 0.4823529 1 0.9058824 0.9058824 0.9058824 1 0.4823529 0.4901961 0.4823529 1 0.1921569 0.1882353 0.1921569 1 0.4823529 0.4901961 0.4823529 1 0.4823529 0.4901961 0.4823529 1 0.1921569 0.1882353 0.1921569 1 0.4823529 0.4901961 0.4823529 1 0.1921569 0.1882353 0.1921569 1 0.4823529 0.4901961 0.4823529 1 0.1921569 0.1882353 0.1921569 1 0.1921569 0.1882353 0.1921569 1 0.4823529 0.4901961 0.4823529 1 0.1921569 0.1882353 0.1921569 1 0.4823529 0.4901961 0.4823529 1 0.9058824 0.9058824 0.9058824 1 0.4823529 0.4901961 0.4823529 1 0.4823529 0.4901961 0.4823529 1 0.9058824 0.9058824 0.9058824 1 0.4823529 0.4901961 0.4823529 1 0.9058824 0.9058824 0.9058824 1 0.4823529 0.4901961 0.4823529 1 0.9058824 0.9058824 0.9058824 1 0.9058824 0.9058824 0.9058824 1 0.4823529 0.4901961 0.4823529 1 0.9058824 0.9058824 0.9058824 1 0.4823529 0.4901961 0.4823529 1 0.1921569 0.1882353 0.1921569 1 0.4823529 0.4901961 0.4823529 1 0.4823529 0.4901961 0.4823529 1 0.1921569 0.1882353 0.1921569 1 0.4823529 0.4901961 0.4823529 1 0.1921569 0.1882353 0.1921569 1 0.4823529 0.4901961 0.4823529 1 0.1921569 0.1882353 0.1921569 1 0.1921569 0.1882353 0.1921569 1 0.4823529 0.4901961 0.4823529 1 0.1921569 0.1882353 0.1921569 1 0.4823529 0.4901961 0.4823529 1 0.9058824 0.9058824 0.9058824 1 0.4823529 0.4901961 0.4823529 1 0.4823529 0.4901961 0.4823529 1 0.9058824 0.9058824 0.9058824 1 0.4823529 0.4901961 0.4823529 1 0.9058824 0.9058824 0.9058824 1 0.4823529 0.4901961 0.4823529 1 0.9058824 0.9058824 0.9058824 1 0.9058824 0.9058824 0.9058824 1 0.4823529 0.4901961 0.4823529 1 0.9058824 0.9058824 0.9058824 1 0.4823529 0.4901961 0.4823529 1 0.4823529 0.4901961 0.4823529 1 0.1921569 0.1882353 0.1921569 1 0.1921569 0.1882353 0.1921569 1 0.4823529 0.4901961 0.4823529 1 0.1921569 0.1882353 0.1921569 1 0.4823529 0.4901961 0.4823529 1 0.9058824 0.9058824 0.9058824 1 0.4823529 0.4901961 0.4823529 1 0.4823529 0.4901961 0.4823529 1 0.9058824 0.9058824 0.9058824 1 0.4823529 0.4901961 0.4823529 1 0.9058824 0.9058824 0.9058824 1 0.4823529 0.4901961 0.4823529 1 0.9058824 0.9058824 0.9058824 1 0.9058824 0.9058824 0.9058824 1 0.4823529 0.4901961 0.4823529 1 0.9058824 0.9058824 0.9058824 1 0.4823529 0.4901961 0.4823529 1 0.4823529 0.4901961 0.4823529 1 0.4823529 0.4901961 0.4823529 1 0.1921569 0.1882353 0.1921569 1 0.9058824 0.9058824 0.9058824 1 0.4823529 0.4901961 0.4823529 1 0.4823529 0.4901961 0.4823529 1 0.9058824 0.9058824 0.9058824 1 0.9058824 0.9058824 0.9058824 1 0.4823529 0.4901961 0.4823529 1 0.4823529 0.4901961 0.4823529 1 0.9058824 0.9058824 0.9058824 1 0.9058824 0.9058824 0.9058824 1 0.4823529 0.4901961 0.4823529 1 0.4823529 0.4901961 0.4823529 1 0.9058824 0.9058824 0.9058824 1 0.1921569 0.1882353 0.1921569 1 0.4823529 0.4901961 0.4823529 1 0.4823529 0.4901961 0.4823529 1 0.4823529 0.4901961 0.4823529 1 0.1921569 0.1882353 0.1921569 1 0.1921569 0.1882353 0.1921569 1 0.4823529 0.4901961 0.4823529 1 0.1921569 0.1882353 0.1921569 1 0.4823529 0.4901961 0.4823529 1 0.9058824 0.9058824 0.9058824 1 0.4823529 0.4901961 0.4823529 1 0.4823529 0.4901961 0.4823529 1 0.9058824 0.9058824 0.9058824 1 0.4823529 0.4901961 0.4823529 1 0.9058824 0.9058824 0.9058824 1 0.4823529 0.4901961 0.4823529 1 0.9058824 0.9058824 0.9058824 1 0.9058824 0.9058824 0.9058824 1 0.4823529 0.4901961 0.4823529 1 0.9058824 0.9058824 0.9058824 1 0.4823529 0.4901961 0.4823529 1 0.4823529 0.4901961 0.4823529 1 0.1921569 0.1882353 0.1921569 1 0.1921569 0.1882353 0.1921569 1 0.4823529 0.4901961 0.4823529 1 0.1921569 0.1882353 0.1921569 1 0.4823529 0.4901961 0.4823529 1 0.9058824 0.9058824 0.9058824 1 0.4823529 0.4901961 0.4823529 1 0.4823529 0.4901961 0.4823529 1 0.9058824 0.9058824 0.9058824 1 0.4823529 0.4901961 0.4823529 1 0.9058824 0.9058824 0.9058824 1 0.4823529 0.4901961 0.4823529 1 0.9058824 0.9058824 0.9058824 1 0.9058824 0.9058824 0.9058824 1 0.4823529 0.4901961 0.4823529 1 0.9058824 0.9058824 0.9058824 1 0.4823529 0.4901961 0.4823529 1 0.4823529 0.4901961 0.4823529 1 0.4823529 0.4901961 0.4823529 1 0.1921569 0.1882353 0.1921569 1 0.9058824 0.9058824 0.9058824 1 0.4823529 0.4901961 0.4823529 1 0.4823529 0.4901961 0.4823529 1 0.9058824 0.9058824 0.9058824 1 0.9058824 0.9058824 0.9058824 1 0.4823529 0.4901961 0.4823529 1 0.4823529 0.4901961 0.4823529 1 0.9058824 0.9058824 0.9058824 1 0.9058824 0.9058824 0.9058824 1 0.4823529 0.4901961 0.4823529 1 0.4823529 0.4901961 0.4823529 1 0.9058824 0.9058824 0.9058824 1 0.1921569 0.1882353 0.1921569 1 0.4823529 0.4901961 0.4823529 1 0.4823529 0.4901961 0.4823529 1 0.4823529 0.4901961 0.4823529 1 0.1921569 0.1882353 0.1921569 1 0.1921569 0.1882353 0.1921569 1 0.4823529 0.4901961 0.4823529 1 0.1921569 0.1882353 0.1921569 1 0.4823529 0.4901961 0.4823529 1 0.9058824 0.9058824 0.9058824 1 0.4823529 0.4901961 0.4823529 1 0.4823529 0.4901961 0.4823529 1 0.9058824 0.9058824 0.9058824 1 0.4823529 0.4901961 0.4823529 1 0.9058824 0.9058824 0.9058824 1 0.4823529 0.4901961 0.4823529 1 0.9058824 0.9058824 0.9058824 1 0.9058824 0.9058824 0.9058824 1 0.4823529 0.4901961 0.4823529 1 0.9058824 0.9058824 0.9058824 1 0.4823529 0.4901961 0.4823529 1 0.4823529 0.4901961 0.4823529 1 0.1921569 0.1882353 0.1921569 1 0.1921569 0.1882353 0.1921569 1 0.4823529 0.4901961 0.4823529 1 0.1921569 0.1882353 0.1921569 1 0.4823529 0.4901961 0.4823529 1 0.9058824 0.9058824 0.9058824 1 0.4823529 0.4901961 0.4823529 1 0.4823529 0.4901961 0.4823529 1 0.9058824 0.9058824 0.9058824 1 0.4823529 0.4901961 0.4823529 1 0.9058824 0.9058824 0.9058824 1 0.4823529 0.4901961 0.4823529 1 0.9058824 0.9058824 0.9058824 1 0.9058824 0.9058824 0.9058824 1 0.4823529 0.4901961 0.4823529 1 0.9058824 0.9058824 0.9058824 1 0.4823529 0.4901961 0.4823529 1 0.4823529 0.4901961 0.4823529 1 0.1921569 0.1882353 0.1921569 1 0.1921569 0.1882353 0.1921569 1 0.4823529 0.4901961 0.4823529 1 0.1921569 0.1882353 0.1921569 1 0.4823529 0.4901961 0.4823529 1 0.9058824 0.9058824 0.9058824 1 0.4823529 0.4901961 0.4823529 1 0.4823529 0.4901961 0.4823529 1 0.9058824 0.9058824 0.9058824 1 0.4823529 0.4901961 0.4823529 1 0.9058824 0.9058824 0.9058824 1 0.4823529 0.4901961 0.4823529 1 0.9058824 0.9058824 0.9058824 1 0.9058824 0.9058824 0.9058824 1 0.4823529 0.4901961 0.4823529 1 0.9058824 0.9058824 0.9058824 1 0.4823529 0.4901961 0.4823529 1 0.4823529 0.4901961 0.4823529 1 0.1921569 0.1882353 0.1921569 1 0.1921569 0.1882353 0.1921569 1 0.4823529 0.4901961 0.4823529 1 0.1921569 0.1882353 0.1921569 1 0.4823529 0.4901961 0.4823529 1 0.9058824 0.9058824 0.9058824 1 0.4823529 0.4901961 0.4823529 1 0.4823529 0.4901961 0.4823529 1 0.9058824 0.9058824 0.9058824 1 0.4823529 0.4901961 0.4823529 1 0.9058824 0.9058824 0.9058824 1 0.4823529 0.4901961 0.4823529 1 0.9058824 0.9058824 0.9058824 1 0.9058824 0.9058824 0.9058824 1 0.4823529 0.4901961 0.4823529 1 0.9058824 0.9058824 0.9058824 1 0.4823529 0.4901961 0.4823529 1 0.4823529 0.4901961 0.4823529 1 0.1921569 0.1882353 0.1921569 1 0.1921569 0.1882353 0.1921569 1 0.4823529 0.4901961 0.4823529 1 0.1921569 0.1882353 0.1921569 1 0.4823529 0.4901961 0.4823529 1 0.9058824 0.9058824 0.9058824 1 0.4823529 0.4901961 0.4823529 1 0.4823529 0.4901961 0.4823529 1 0.9058824 0.9058824 0.9058824 1 0.4823529 0.4901961 0.4823529 1 0.9058824 0.9058824 0.9058824 1 0.4823529 0.4901961 0.4823529 1 0.9058824 0.9058824 0.9058824 1 0.9058824 0.9058824 0.9058824 1 0.4823529 0.4901961 0.4823529 1 0.1921569 0.1882353 0.1921569 1 0.1921569 0.1882353 0.1921569 1 0.4823529 0.4901961 0.4823529 1 0.1921569 0.1882353 0.1921569 1 0.4823529 0.4901961 0.4823529 1 0.9058824 0.9058824 0.9058824 1 0.4823529 0.4901961 0.4823529 1 0.4823529 0.4901961 0.4823529 1 0.9058824 0.9058824 0.9058824 1 0.4823529 0.4901961 0.4823529 1 0.9058824 0.9058824 0.9058824 1 0.4823529 0.4901961 0.4823529 1 0.9058824 0.9058824 0.9058824 1 0.9058824 0.9058824 0.9058824 1 0.1921569 0.1882353 0.1921569 1 0.4823529 0.4901961 0.4823529 1 0.1921569 0.1882353 0.1921569 1 0.4823529 0.4901961 0.4823529 1 0.4823529 0.4901961 0.4823529 1 0.1921569 0.1882353 0.1921569 1 0.1921569 0.1882353 0.1921569 1 0.4823529 0.4901961 0.4823529 1 0.1921569 0.1882353 0.1921569 1 0.4823529 0.4901961 0.4823529 1 0.4823529 0.4901961 0.4823529 1 0.1921569 0.1882353 0.1921569 1 0.1921569 0.1882353 0.1921569 1 0.4823529 0.4901961 0.4823529 1 0.1921569 0.1882353 0.1921569 1 0.1921569 0.1882353 0.1921569 1 0.4823529 0.4901961 0.4823529 1 0.1921569 0.1882353 0.1921569 1 0.4823529 0.4901961 0.4823529 1 0.4823529 0.4901961 0.4823529 1 0.1921569 0.1882353 0.1921569 1 0.1921569 0.1882353 0.1921569 1 0.4823529 0.4901961 0.4823529 1 0.1921569 0.1882353 0.1921569 1 0.4823529 0.4901961 0.4823529 1 0.4823529 0.4901961 0.4823529 1 0.1921569 0.1882353 0.1921569 1 0.1921569 0.1882353 0.1921569 1 0.4823529 0.4901961 0.4823529 1 0.1921569 0.1882353 0.1921569 1 0.9058824 0.9058824 0.9058824 1 0.4823529 0.4901961 0.4823529 1 0.4823529 0.4901961 0.4823529 1 0.9058824 0.9058824 0.9058824 1 0.4823529 0.4901961 0.4823529 1 0.9058824 0.9058824 0.9058824 1 0.4823529 0.4901961 0.4823529 1 0.9058824 0.9058824 0.9058824 1 0.9058824 0.9058824 0.9058824 1 0.4823529 0.4901961 0.4823529 1 0.1921569 0.1882353 0.1921569 1 0.1921569 0.1882353 0.1921569 1 0.4823529 0.4901961 0.4823529 1 0.1921569 0.1882353 0.1921569 1 0.4823529 0.4901961 0.4823529 1 0.9058824 0.9058824 0.9058824 1 0.4823529 0.4901961 0.4823529 1 0.4823529 0.4901961 0.4823529 1 0.9058824 0.9058824 0.9058824 1 0.9058824 0.9058824 0.9058824 1 0.4823529 0.4901961 0.4823529 1 0.4823529 0.4901961 0.4823529 1 0.9058824 0.9058824 0.9058824 1 0.9058824 0.9058824 0.9058824 1 0.4823529 0.4901961 0.4823529 1 0.4823529 0.4901961 0.4823529 1 0.9058824 0.9058824 0.9058824 1 0.9058824 0.9058824 0.9058824 1 0.9058824 0.9058824 0.9058824 1 0.4823529 0.4901961 0.4823529 1 0.4823529 0.4901961 0.4823529 1 0.9058824 0.9058824 0.9058824 1 0.9058824 0.9058824 0.9058824 1 0.4823529 0.4901961 0.4823529 1 0.4823529 0.4901961 0.4823529 1 0.9058824 0.9058824 0.9058824 1 0.9058824 0.9058824 0.9058824 1 0.9058824 0.9058824 0.9058824 1 0.4823529 0.4901961 0.4823529 1 0.4823529 0.4901961 0.4823529 1 0.9058824 0.9058824 0.9058824 1 0.9058824 0.9058824 0.9058824 1 0.4823529 0.4901961 0.4823529 1 0.4823529 0.4901961 0.4823529 1 0.9058824 0.9058824 0.9058824 1 0.4823529 0.4901961 0.4823529 1 0.1921569 0.1882353 0.1921569 1 0.1921569 0.1882353 0.1921569 1 0.4823529 0.4901961 0.4823529 1 0.1921569 0.1882353 0.1921569 1 0.4823529 0.4901961 0.4823529 1 0.9058824 0.9058824 0.9058824 1 0.4823529 0.4901961 0.4823529 1 0.4823529 0.4901961 0.4823529 1 0.9058824 0.9058824 0.9058824 1 0.9058824 0.9058824 0.9058824 1 0.4823529 0.4901961 0.4823529 1 0.4823529 0.4901961 0.4823529 1 0.9058824 0.9058824 0.9058824 1 0.9058824 0.9058824 0.9058824 1 0.4823529 0.4901961 0.4823529 1 0.4823529 0.4901961 0.4823529 1 0.9058824 0.9058824 0.9058824 1 0.9058824 0.9058824 0.9058824 1 0.4823529 0.4901961 0.4823529 1 0.4823529 0.4901961 0.4823529 1 0.9058824 0.9058824 0.9058824 1 0.4823529 0.4901961 0.4823529 1 0.9058824 0.9058824 0.9058824 1 0.4823529 0.4901961 0.4823529 1 0.9058824 0.9058824 0.9058824 1 0.9058824 0.9058824 0.9058824 1 0.4823529 0.4901961 0.4823529 1 0.4823529 0.4901961 0.4823529 1 0.9058824 0.9058824 0.9058824 1 0.9058824 0.9058824 0.9058824 1 0.4823529 0.4901961 0.4823529 1 0.4823529 0.4901961 0.4823529 1 0.9058824 0.9058824 0.9058824 1 0.4823529 0.4901961 0.4823529 1 0.4823529 0.4901961 0.4823529 1 0.4823529 0.4901961 0.4823529 1 0.4823529 0.4901961 0.4823529 1 0.9058824 0.9058824 0.9058824 1 0.9058824 0.9058824 0.9058824 1 0.4823529 0.4901961 0.4823529 1 0.4823529 0.4901961 0.4823529 1 0.9058824 0.9058824 0.9058824 1 0.4823529 0.4901961 0.4823529 1 0.4823529 0.4901961 0.4823529 1</float_array>
          <technique_common>
            <accessor source="#polygon2-mesh-colors-polygon2_Colors0-array" count="768" stride="4">
              <param name="R" type="float"/>
              <param name="G" type="float"/>
              <param name="B" type="float"/>
              <param name="A" type="float"/>
            </accessor>
          </technique_common>
        </source>
        <vertices id="polygon2-mesh-vertices">
          <input semantic="POSITION" source="#polygon2-mesh-positions"/>
        </vertices>
        <triangles material="mat_tire-material" count="256">
          <input semantic="VERTEX" source="#polygon2-mesh-vertices" offset="0"/>
          <input semantic="NORMAL" source="#polygon2-mesh-normals" offset="1"/>
          <input semantic="TEXCOORD" source="#polygon2-mesh-map-0" offset="2" set="0"/>
          <input semantic="COLOR" source="#polygon2-mesh-colors-polygon2_Colors0" offset="3" set="0"/>
          <p>2 0 0 0 1 1 1 1 0 2 2 2 3 3 3 3 1 1 4 4 2 0 5 5 4 4 6 6 3 3 7 7 2 0 8 8 5 5 9 9 3 3 10 10 4 4 11 11 6 6 12 12 5 5 13 13 4 4 14 14 7 7 15 15 5 5 16 16 6 6 17 17 8 8 18 18 7 7 19 19 6 6 20 20 9 9 21 21 7 7 22 22 8 8 23 23 10 10 24 24 9 9 25 25 8 8 26 26 11 11 27 27 9 9 28 28 10 10 29 29 12 12 30 30 11 11 31 31 10 10 32 32 13 13 33 33 11 11 34 34 12 12 35 35 14 14 36 36 13 13 37 37 12 12 38 38 17 15 39 39 16 16 40 40 15 17 41 41 18 18 42 42 16 16 43 43 17 15 44 44 19 19 45 45 18 18 46 46 17 15 47 47 20 20 48 48 18 18 49 49 19 19 50 50 21 21 51 51 20 20 52 52 19 19 53 53 22 22 54 54 20 20 55 55 21 21 56 56 23 23 57 57 22 22 58 58 21 21 59 59 24 24 60 60 22 22 61 61 23 23 62 62 25 25 63 63 24 24 64 64 23 23 65 65 26 26 66 66 24 24 67 67 25 25 68 68 27 27 69 69 26 26 70 70 25 25 71 71 28 28 72 72 26 26 73 73 27 27 74 74 29 29 75 75 28 28 76 76 27 27 77 77 30 30 78 78 8 8 79 79 6 6 80 80 31 31 81 81 8 8 82 82 30 30 83 83 32 32 84 84 31 31 85 85 30 30 86 86 33 33 87 87 31 31 88 88 32 32 89 89 34 34 90 90 33 33 91 91 32 32 92 92 35 35 93 93 33 33 94 94 34 34 95 95 36 36 96 96 35 35 97 97 34 34 98 98 37 37 99 99 35 35 100 100 36 36 101 101 38 38 102 102 37 37 103 103 36 36 104 104 39 39 105 105 37 37 106 106 38 38 107 107 42 40 108 108 41 41 109 109 40 42 110 110 43 43 111 111 41 41 112 112 42 40 113 113 44 44 114 114 43 43 115 115 42 40 116 116 45 45 117 117 43 43 118 118 44 44 119 119 46 46 120 120 45 45 121 121 44 44 122 122 47 47 123 123 45 45 124 124 46 46 125 125 48 48 126 126 47 47 127 127 46 46 128 128 49 49 129 129 47 47 130 130 48 48 131 131 50 50 132 132 49 49 133 133 48 48 134 134 51 51 135 135 49 49 136 136 50 50 137 137 54 52 138 138 53 53 139 139 52 54 140 140 55 55 141 141 53 53 142 142 54 52 143 143 56 56 144 144 55 55 145 145 54 52 146 146 57 57 147 147 55 55 148 148 56 56 149 149 58 58 150 150 57 57 151 151 56 56 152 152 59 59 153 153 57 57 154 154 58 58 155 155 60 60 156 156 59 59 157 157 58 58 158 158 61 61 159 159 59 59 160 160 60 60 161 161 62 62 162 162 61 61 163 163 60 60 164 164 63 63 165 165 61 61 166 166 62 62 167 167 64 64 168 168 23 23 169 169 21 21 170 170 65 65 171 171 23 23 172 172 64 64 173 173 66 66 174 174 65 65 175 175 64 64 176 176 67 67 177 177 65 65 178 178 66 66 179 179 68 68 180 180 67 67 181 181 66 66 182 182 69 69 183 183 67 67 184 184 68 68 185 185 70 70 186 186 69 69 187 187 68 68 188 188 71 71 189 189 69 69 190 190 70 70 191 191 72 72 192 192 71 71 193 193 70 70 194 194 73 73 195 195 71 71 196 196 72 72 197 197 76 74 198 198 75 75 199 199 74 76 200 200 77 77 201 201 75 75 202 202 76 74 203 203 78 78 204 204 77 77 205 205 76 74 206 206 79 79 207 207 77 77 208 208 78 78 209 209 49 49 210 210 79 79 211 211 78 78 212 212 80 80 213 213 79 79 214 214 49 49 215 215 51 51 216 216 80 80 217 217 49 49 218 218 81 81 219 219 80 80 220 220 51 51 221 221 77 77 222 222 82 82 223 223 75 75 224 224 83 83 225 225 82 82 226 226 77 77 227 227 79 79 228 228 83 83 229 229 77 77 230 230 84 84 231 231 83 83 232 232 79 79 233 233 80 80 234 234 84 84 235 235 79 79 236 236 85 85 237 237 84 84 238 238 80 80 239 239 81 81 240 240 85 85 241 241 80 80 242 242 86 86 243 243 85 85 244 244 81 81 245 245 83 83 246 246 87 87 247 247 82 82 248 248 88 88 249 249 87 87 250 250 83 83 251 251 84 84 252 252 88 88 253 253 83 83 254 254 89 89 255 255 88 88 256 256 84 84 257 257 85 85 258 258 89 89 259 259 84 84 260 260 90 90 261 261 89 89 262 262 85 85 263 263 86 86 264 264 90 90 265 265 85 85 266 266 0 2 267 267 90 90 268 268 86 86 269 269 93 91 270 270 92 92 271 271 91 93 272 272 94 94 273 273 92 92 274 274 93 91 275 275 95 95 276 276 94 94 277 277 93 91 278 278 96 96 279 279 94 94 280 280 95 95 281 281 97 97 282 282 96 96 283 283 95 95 284 284 98 98 285 285 96 96 286 286 97 97 287 287 99 99 288 288 98 98 289 289 97 97 290 290 15 17 291 291 98 98 292 292 99 99 293 293 101 100 294 294 91 93 295 295 100 101 296 296 93 91 297 297 91 93 298 298 101 100 299 299 102 102 300 300 93 91 301 301 101 100 302 302 95 95 303 303 93 91 304 304 102 102 305 305 103 103 306 306 95 95 307 307 102 102 308 308 97 97 309 309 95 95 310 310 103 103 311 311 104 104 312 312 97 97 313 313 103 103 314 314 99 99 315 315 97 97 316 316 104 104 317 317 106 105 318 318 100 101 319 319 105 106 320 320 101 100 321 321 100 101 322 322 106 105 323 323 107 107 324 324 101 100 325 325 106 105 326 326 102 102 327 327 101 100 328 328 107 107 329 329 61 61 330 330 102 102 331 331 107 107 332 332 103 103 333 333 102 102 334 334 61 61 335 335 63 63 336 336 103 103 337 337 61 61 338 338 104 104 339 339 103 103 340 340 63 63 341 341 110 108 342 342 109 109 343 343 108 110 344 344 111 111 345 345 109 109 346 346 110 108 347 347 112 112 348 348 111 111 349 349 110 108 350 350 113 113 351 351 111 111 352 352 112 112 353 353 71 71 354 354 113 113 355 355 112 112 356 356 114 114 357 357 113 113 358 358 71 71 359 359 73 73 360 360 114 114 361 361 71 71 362 362 115 115 363 363 114 114 364 364 73 73 365 365 118 116 366 366 117 117 367 367 116 118 368 368 119 119 369 369 117 117 370 370 118 116 371 371 120 120 372 372 119 119 373 373 118 116 374 374 121 121 375 375 119 119 376 376 120 120 377 377 37 37 378 378 121 121 379 379 120 120 380 380 122 122 381 381 121 121 382 382 37 37 383 383 39 39 384 384 122 122 385 385 37 37 386 386 123 123 387 387 122 122 388 388 39 39 389 389 119 119 390 390 40 42 391 391 117 117 392 392 42 40 393 393 40 42 394 394 119 119 395 395 121 121 396 396 42 40 397 397 119 119 398 398 44 44 399 399 42 40 400 400 121 121 401 401 122 122 402 402 44 44 403 403 121 121 404 404 46 46 405 405 44 44 406 406 122 122 407 407 123 123 408 408 46 46 409 409 122 122 410 410 48 48 411 411 46 46 412 412 123 123 413 413 111 111 414 414 52 54 415 415 109 109 416 416 54 52 417 417 52 54 418 418 111 111 419 419 113 113 420 420 54 52 421 421 111 111 422 422 56 56 423 423 54 52 424 424 113 113 425 425 114 114 426 426 56 56 427 427 113 113 428 428 58 58 429 429 56 56 430 430 114 114 431 431 115 115 432 432 58 58 433 433 114 114 434 434 60 60 435 435 58 58 436 436 115 115 437 437 126 124 438 438 125 125 439 439 124 126 440 440 127 127 441 441 125 125 442 442 126 124 443 443 128 128 444 444 127 127 445 445 126 124 446 446 129 129 447 447 127 127 448 448 128 128 449 449 5 5 450 450 129 129 451 451 128 128 452 452 7 7 453 453 129 129 454 454 5 5 455 455 12 12 456 456 130 130 457 457 14 14 458 458 131 131 459 459 130 130 460 460 12 12 461 461 132 132 462 462 131 131 463 463 12 12 464 464 133 133 465 465 131 131 466 466 132 132 467 467 33 33 468 468 133 133 469 469 132 132 470 470 35 35 471 471 133 133 472 472 33 33 473 473 16 16 474 474 98 98 475 475 15 17 476 476 134 134 477 477 98 98 478 478 16 16 479 479 135 135 480 480 134 134 481 481 16 16 482 482 136 136 483 483 134 134 484 484 135 135 485 485 137 137 486 486 136 136 487 487 135 135 488 488 138 138 489 489 136 136 490 490 137 137 491 491 131 131 492 492 116 118 493 493 130 130 494 494 118 116 495 495 116 118 496 496 131 131 497 497 133 133 498 498 118 116 499 499 131 131 500 500 120 120 501 501 118 116 502 502 133 133 503 503 35 35 504 504 120 120 505 505 133 133 506 506 37 37 507 507 120 120 508 508 35 35 509 509 43 43 510 510 74 76 511 511 41 41 512 512 76 74 513 513 74 76 514 514 43 43 515 515 45 45 516 516 76 74 517 517 43 43 518 518 78 78 519 519 76 74 520 520 45 45 521 521 47 47 522 522 78 78 523 523 45 45 524 524 49 49 525 525 78 78 526 526 47 47 527 527 1 1 528 528 90 90 529 529 0 2 530 530 139 139 531 531 90 90 532 532 1 1 533 533 140 140 534 534 139 139 535 535 1 1 536 536 141 141 537 537 139 139 538 538 140 140 539 539 126 124 540 540 141 141 541 541 140 140 542 542 124 126 543 543 141 141 544 544 126 124 545 545 27 27 546 546 142 142 547 547 29 29 548 548 143 143 549 549 142 142 550 550 27 27 551 551 144 144 552 552 143 143 553 553 27 27 554 554 145 145 555 555 143 143 556 556 144 144 557 557 67 67 558 558 145 145 559 559 144 144 560 560 69 69 561 561 145 145 562 562 67 67 563 563 143 143 564 564 108 110 565 565 142 142 566 566 110 108 567 567 108 110 568 568 143 143 569 569 145 145 570 570 110 108 571 571 143 143 572 572 112 112 573 573 110 108 574 574 145 145 575 575 69 69 576 576 112 112 577 577 145 145 578 578 71 71 579 579 112 112 580 580 69 69 581 581 137 137 582 582 146 146 583 583 138 138 584 584 147 147 585 585 146 146 586 586 137 137 587 587 148 148 588 588 147 147 589 589 137 137 590 590 149 149 591 591 147 147 592 592 148 148 593 593 20 20 594 594 149 149 595 595 148 148 596 596 22 22 597 597 149 149 598 598 20 20 599 599 55 55 600 600 105 106 601 601 53 53 602 602 106 105 603 603 105 106 604 604 55 55 605 605 57 57 606 606 106 105 607 607 55 55 608 608 107 107 609 609 106 105 610 610 57 57 611 611 59 59 612 612 107 107 613 613 57 57 614 614 61 61 615 615 107 107 616 616 59 59 617 617 127 127 618 618 150 150 619 619 125 125 620 620 151 151 621 621 150 150 622 622 127 127 623 623 129 129 624 624 151 151 625 625 127 127 626 626 9 9 627 627 151 151 628 628 129 129 629 629 7 7 630 630 9 9 631 631 129 129 632 632 147 147 633 633 152 152 634 634 146 146 635 635 153 153 636 636 152 152 637 637 147 147 638 638 149 149 639 639 153 153 640 640 147 147 641 641 24 24 642 642 153 153 643 643 149 149 644 644 22 22 645 645 24 24 646 646 149 149 647 647 154 154 648 648 141 141 649 649 124 126 650 650 155 155 651 651 141 141 652 652 154 154 653 653 156 156 654 654 155 155 655 655 154 154 656 656 88 88 657 657 155 155 658 658 156 156 659 659 87 87 660 660 88 88 661 661 156 156 662 662 157 157 663 663 136 136 664 664 138 138 665 665 158 158 666 666 136 136 667 667 157 157 668 668 159 159 669 669 158 158 670 670 157 157 671 671 94 94 672 672 158 158 673 673 159 159 674 674 92 92 675 675 94 94 676 676 159 159 677 677 89 89 678 678 155 155 679 679 88 88 680 680 139 139 681 681 155 155 682 682 89 89 683 683 90 90 684 684 139 139 685 685 89 89 686 686 153 153 687 687 28 28 688 688 152 152 689 689 26 26 690 690 28 28 691 691 153 153 692 692 24 24 693 693 26 26 694 694 153 153 695 695 135 135 696 696 148 148 697 697 137 137 698 698 18 18 699 699 148 148 700 700 135 135 701 701 16 16 702 702 18 18 703 703 135 135 704 704 10 10 705 705 132 132 706 706 12 12 707 707 31 31 708 708 132 132 709 709 10 10 710 710 8 8 711 711 31 31 712 712 10 10 713 713 140 140 714 714 128 128 715 715 126 124 716 716 3 3 717 717 128 128 718 718 140 140 719 719 1 1 720 720 3 3 721 721 140 140 722 722 151 151 723 723 13 13 724 724 150 150 725 725 11 11 726 726 13 13 727 727 151 151 728 728 9 9 729 729 11 11 730 730 151 151 731 731 25 25 732 732 144 144 733 733 27 27 734 734 65 65 735 735 144 144 736 736 25 25 737 737 23 23 738 738 65 65 739 739 25 25 740 740 96 96 741 741 158 158 742 742 94 94 743 743 134 134 744 744 158 158 745 745 96 96 746 746 98 98 747 747 134 134 748 748 96 96 749 749 141 141 750 750 155 155 751 751 139 139 752 752 132 132 753 753 31 31 754 754 33 33 755 755 128 128 756 756 3 3 757 757 5 5 758 758 136 136 759 759 158 158 760 760 134 134 761 761 144 144 762 762 65 65 763 763 67 67 764 764 148 148 765 765 18 18 766 766 20 20 767 767</p>
        </triangles>
      </mesh>
    </geometry>
    <geometry id="polygon1-mesh" name="polygon1">
      <mesh>
        <source id="polygon1-mesh-positions">
          <float_array id="polygon1-mesh-positions-array" count="204">13.1533 19.65763 57.8504 13.1533 20.49561 61.27639 17.76896 20.49983 60.27399 13.1533 22.81384 63.79156 19.54054 22.82113 62.05535 13.1533 25.9911 64.72197 20.18898 25.99953 62.71716 13.1533 29.17608 63.81831 19.54054 29.18339 62.0821 13.1533 31.51537 61.32273 17.76896 31.51958 60.32033 13.1533 32.38213 57.9039 18.77137 31.52975 57.90032 17.76896 31.53993 55.48033 19.54054 29.21863 53.69896 13.1533 29.22592 51.96276 13.1533 26.04865 51.03233 18.77136 20.51 57.854 21.27676 22.83875 57.86379 22.19379 26.01988 57.87714 21.27676 29.201 57.89053 -13.16486 32.36584 57.90383 -13.16487 31.5013 61.31391 -17.76871 31.50551 60.31408 -19.53576 29.1753 62.07133 -21.26754 29.19286 57.8905 -22.18223 26.01988 57.87714 -20.18255 26.04017 53.04955 -19.53576 22.86447 53.68297 -13.16486 22.87175 51.95122 -13.16486 20.53846 54.44042 -13.16486 29.16801 63.8031 -20.18255 25.99959 62.70474 -21.26754 22.84689 57.86381 -17.76871 20.53425 55.44024 -13.16486 19.67391 57.85047 17.76896 20.52017 55.434 19.54054 22.85637 53.67222 20.18898 26.04022 53.03717 -13.16487 25.99118 64.70446 -19.53576 22.82932 62.04465 -18.76856 20.5241 57.85405 -13.16487 26.04859 51.04986 -19.53576 29.21044 53.70964 -18.76856 31.51565 57.90027 13.1533 20.52439 54.43161 13.1533 22.86367 51.93601 0 97.54518 59.86107 -5e-6 102.7393 42.77085 6.992878 97.11441 57.95015 9.358231 102.5102 41.12534 13.59419 97.12475 53.42354 17.94576 98.32279 47.78151 -13.16486 22.82204 63.77643 -17.76871 20.51395 60.26785 -13.16486 29.21773 51.9779 -17.76871 31.5258 55.48646 -22.23717 101.3552 34.29089 -9.358239 102.5101 41.12534 -20.74389 99.85607 39.82119 -17.46546 98.32279 47.78151 -13.26469 97.12406 53.4208 -6.828129 97.11407 57.94878 21.06627 99.85609 39.82117 22.55955 101.3552 34.29089 -13.16486 20.50976 61.2677 -13.16487 31.53001 54.48663 13.1533 31.54414 54.47794</float_array>
          <technique_common>
            <accessor source="#polygon1-mesh-positions-array" count="68" stride="3">
              <param name="X" type="float"/>
              <param name="Y" type="float"/>
              <param name="Z" type="float"/>
            </accessor>
          </technique_common>
        </source>
        <source id="polygon1-mesh-normals">
          <float_array id="polygon1-mesh-normals-array" count="204">0.3266571 -0.8655232 0.3796902 0.1083263 -0.8620167 0.4951693 0.08435201 -0.9964272 -0.004190146 0.2194988 -0.4884567 0.8445298 0.5766389 -0.4964951 0.6488298 0.2699322 -8.3104e-4 0.962879 0.6667981 -0.001455545 0.7452371 0.2336854 0.4842531 0.8431431 0.5711324 0.4929394 0.6563677 0.1255032 0.8505066 0.5107717 0.3210172 0.8588395 0.3991779 0.08435249 0.9964272 0.004187643 0.4903864 0.8714974 0.003664195 0.3266559 0.8655244 -0.3796888 0.5766403 0.4964941 -0.6488295 0.2194969 0.4884592 -0.8445286 0.2699344 8.28401e-4 -0.9628785 0.4903846 -0.8714985 -0.003661394 0.8680272 -0.4965125 -0.00208652 1 8.4903e-7 -2.92887e-6 0.8680278 0.4965112 0.002087414 -0.3210153 0.8588395 0.3991791 -0.1255025 0.8505066 0.5107717 -0.08435171 0.9964273 0.004188895 -0.5711314 0.4929384 0.6563694 -0.8680272 0.4965122 0.002088308 -1 4.07421e-7 -6.95181e-7 -0.666799 0.00145322 -0.7452362 -0.57113 -0.4929397 -0.6563696 -0.2336844 -0.4842558 -0.8431417 -0.1255018 -0.8505066 -0.5107718 -0.2336872 0.4842547 0.8431416 -0.6668 -0.001454055 0.7452353 -0.868027 -0.4965127 -0.002086997 -0.321015 -0.8588392 -0.3991801 -0.08435064 -0.9964274 -0.004189372 0.3210164 -0.8588398 -0.3991776 0.5711315 -0.4929386 -0.656369 0.6667993 0.001453995 -0.7452359 -0.2699358 -8.27722e-4 0.9628779 -0.5766407 -0.4964925 0.6488304 -0.4903857 -0.8714978 -0.003664731 -0.2699308 8.29468e-4 -0.9628794 -0.5766391 0.4964943 -0.6488303 -0.4903851 0.8714983 0.003664255 0.1255024 -0.8505074 -0.5107704 0.2336874 -0.4842572 -0.8431402 0.1523648 0.9399647 0.3053707 -3.01199e-4 0.9507563 0.3099395 -0.00139749 0.956786 0.2907896 0.1696597 0.9348333 0.3119333 0.2096791 0.920143 0.3307137 0.2104186 0.9266597 0.3114901 -0.2194998 -0.4884571 0.8445292 -0.3266562 -0.8655235 0.3796904 -0.2194961 0.4884594 -0.8445288 -0.3266553 0.8655247 -0.3796885 -0.2491083 0.9200267 0.3024831 -0.1751605 0.9330945 0.3140918 -0.2495517 0.915504 0.3155574 -0.217821 0.9235283 0.315673 -0.2180917 0.917497 0.332619 -0.1558079 0.9391904 0.3060151 0.2425254 0.9229071 0.2990382 0.2430443 0.917658 0.3143777 -0.1083236 -0.8620163 0.4951706 -0.1083253 0.8620175 -0.4951682 0.1083233 0.8620169 -0.4951695</float_array>
          <technique_common>
            <accessor source="#polygon1-mesh-normals-array" count="68" stride="3">
              <param name="X" type="float"/>
              <param name="Y" type="float"/>
              <param name="Z" type="float"/>
            </accessor>
          </technique_common>
        </source>
        <source id="polygon1-mesh-map-0">
          <float_array id="polygon1-mesh-map-0-array" count="552">0.1598816 0.4443054 0.1588135 0.4443054 0.1624451 0.4417419 0.1561584 0.451355 0.1588135 0.4443054 0.1598816 0.4443054 0.1579895 0.4513855 0.1561584 0.451355 0.1598816 0.4443054 0.1551819 0.4609985 0.1561584 0.451355 0.1579895 0.4513855 0.1572875 0.4610291 0.1551819 0.4609985 0.1579895 0.4513855 0.1561279 0.4706726 0.1551819 0.4609985 0.1572875 0.4610291 0.157959 0.4707031 0.1561279 0.4706726 0.1572875 0.4610291 0.158783 0.4777832 0.1561279 0.4706726 0.157959 0.4707031 0.1598511 0.4778137 0.158783 0.4777832 0.157959 0.4707031 0.162384 0.4804382 0.158783 0.4777832 0.1598511 0.4778137 0.162384 0.4778442 0.162384 0.4804382 0.1598511 0.4778137 0.1649475 0.4778748 0.162384 0.4804382 0.162384 0.4778442 0.1668395 0.4708252 0.1649475 0.4778748 0.162384 0.4778442 0.1686707 0.4708252 0.1649475 0.4778748 0.1668395 0.4708252 0.1696777 0.4611816 0.1686707 0.4708252 0.1668395 0.4708252 0.1624451 0.4443359 0.1598816 0.4443054 0.1624451 0.4417419 0.1579895 0.4513855 0.1598816 0.4443054 0.1624451 0.4443359 0.1624451 0.451416 0.1579895 0.4513855 0.1624451 0.4443359 0.1572875 0.4610291 0.1579895 0.4513855 0.1624451 0.451416 0.1624146 0.4610901 0.1572875 0.4610291 0.1624451 0.451416 0.157959 0.4707031 0.1572875 0.4610291 0.1624146 0.4610901 0.1624146 0.4707642 0.157959 0.4707031 0.1624146 0.4610901 0.1598511 0.4778137 0.157959 0.4707031 0.1624146 0.4707642 0.162384 0.4778442 0.1598511 0.4778137 0.1624146 0.4707642 0.1598511 0.4777527 0.158783 0.4777527 0.162384 0.4803772 0.1579895 0.4706726 0.158783 0.4777527 0.1598511 0.4777527 0.1624146 0.4707336 0.1579895 0.4706726 0.1598511 0.4777527 0.1624146 0.4610901 0.1579895 0.4706726 0.1624146 0.4707336 0.1675415 0.4611511 0.1624146 0.4610901 0.1624146 0.4707336 0.1668701 0.4515076 0.1624146 0.4610901 0.1675415 0.4611511 0.1687012 0.4515381 0.1668701 0.4515076 0.1675415 0.4611511 0.1660461 0.4444275 0.1668701 0.4515076 0.1687012 0.4515381 0.1579895 0.4706726 0.1561584 0.4706726 0.158783 0.4777527 0.1573181 0.4610291 0.1561584 0.4706726 0.1579895 0.4706726 0.1624146 0.4610901 0.1573181 0.4610291 0.1579895 0.4706726 0.1624451 0.4514465 0.1573181 0.4610291 0.1624146 0.4610901 0.1668701 0.4515076 0.1624451 0.4514465 0.1624146 0.4610901 0.1650085 0.4444275 0.1624451 0.4514465 0.1668701 0.4515076 0.1660461 0.4444275 0.1650085 0.4444275 0.1668701 0.4515076 0.1624451 0.441803 0.1650085 0.4444275 0.1660461 0.4444275 0.1650085 0.4443665 0.1624451 0.4443359 0.1624451 0.4417419 0.1624451 0.451416 0.1624451 0.4443359 0.1650085 0.4443665 0.1668701 0.4514771 0.1624451 0.451416 0.1650085 0.4443665 0.1624146 0.4610901 0.1624451 0.451416 0.1668701 0.4514771 0.1675415 0.4611511 0.1624146 0.4610901 0.1668701 0.4514771 0.1624146 0.4707642 0.1624146 0.4610901 0.1675415 0.4611511 0.1668395 0.4708252 0.1624146 0.4707642 0.1675415 0.4611511 0.162384 0.4778442 0.1624146 0.4707642 0.1668395 0.4708252 0.1573181 0.4610291 0.1552124 0.4609985 0.1561584 0.4706726 0.15802 0.4513855 0.1552124 0.4609985 0.1573181 0.4610291 0.1624451 0.4514465 0.15802 0.4513855 0.1573181 0.4610291 0.1624451 0.444397 0.15802 0.4513855 0.1624451 0.4514465 0.1650085 0.4444275 0.1624451 0.444397 0.1624451 0.4514465 0.1624451 0.441803 0.1624451 0.444397 0.1650085 0.4444275 0.1675415 0.4611511 0.1696472 0.4611816 0.1687012 0.4515381 0.1668395 0.4707947 0.1696472 0.4611816 0.1675415 0.4611511 0.1624146 0.4707336 0.1668395 0.4707947 0.1675415 0.4611511 0.162384 0.4777832 0.1668395 0.4707947 0.1624146 0.4707336 0.1598511 0.4777527 0.162384 0.4777832 0.1624146 0.4707336 0.162384 0.4803772 0.162384 0.4777832 0.1598511 0.4777527 0.1660767 0.444397 0.1650085 0.4443665 0.1624451 0.4417419 0.1668701 0.4514771 0.1650085 0.4443665 0.1660767 0.444397 0.1687012 0.4515076 0.1668701 0.4514771 0.1660767 0.444397 0.1675415 0.4611511 0.1668701 0.4514771 0.1687012 0.4515076 0.1696777 0.4611816 0.1675415 0.4611511 0.1687012 0.4515076 0.1668395 0.4708252 0.1675415 0.4611511 0.1696777 0.4611816 0.1647339 0.4532776 0.1622314 0.4729309 0.1622314 0.4508057 0.1655579 0.4750671 0.1622314 0.4729309 0.1647339 0.4532776 0.1670532 0.459137 0.1655579 0.4750671 0.1647339 0.4532776 0.1686096 0.4664307 0.1655579 0.4750671 0.1670532 0.459137 0.15802 0.4513855 0.156189 0.4513855 0.1552124 0.4609985 0.1598816 0.4443665 0.156189 0.4513855 0.15802 0.4513855 0.1624451 0.444397 0.1598816 0.4443665 0.15802 0.4513855 0.1624451 0.441803 0.1598816 0.4443665 0.1624451 0.444397 0.1668395 0.4707947 0.1686707 0.4708252 0.1696472 0.4611816 0.1649475 0.4778137 0.1686707 0.4708252 0.1668395 0.4707947 0.162384 0.4777832 0.1649475 0.4778137 0.1668395 0.4707947 0.162384 0.4803772 0.1649475 0.4778137 0.162384 0.4777832 0.1548767 0.4767456 0.1589355 0.4750671 0.1543579 0.4839172 0.1560364 0.4664307 0.1589355 0.4750671 0.1548767 0.4767456 0.1575317 0.459137 0.1589355 0.4750671 0.1560364 0.4664307 0.1598206 0.4532776 0.1589355 0.4750671 0.1575317 0.459137 0.1598206 0.4532776 0.1622314 0.4729309 0.1589355 0.4750671 0.1622314 0.4508057 0.1622314 0.4729309 0.1598206 0.4532776 0.1697083 0.4767456 0.1655579 0.4750671 0.1686096 0.4664307 0.1702576 0.4839172 0.1655579 0.4750671 0.1697083 0.4767456 0.1588439 0.4443359 0.1598816 0.4443665 0.1624451 0.441803 0.156189 0.4513855 0.1598816 0.4443665 0.1588439 0.4443359 0.1660156 0.4778442 0.1649475 0.4778137 0.162384 0.4803772 0.1686707 0.4708252 0.1649475 0.4778137 0.1660156 0.4778442 0.1649475 0.4778748 0.1660156 0.4778748 0.162384 0.4804382 0.1686707 0.4708252 0.1660156 0.4778748 0.1649475 0.4778748</float_array>
          <technique_common>
            <accessor source="#polygon1-mesh-map-0-array" count="276" stride="2">
              <param name="S" type="float"/>
              <param name="T" type="float"/>
            </accessor>
          </technique_common>
        </source>
        <source id="polygon1-mesh-colors-polygon1_Colors0" name="polygon1_Colors0">
          <float_array id="polygon1-mesh-colors-polygon1_Colors0-array" count="1104">1 1 1 1 1 1 1 1 1 1 1 1 1 1 1 1 1 1 1 1 1 1 1 1 1 1 1 1 1 1 1 1 1 1 1 1 1 1 1 1 1 1 1 1 1 1 1 1 1 1 1 1 1 1 1 1 1 1 1 1 1 1 1 1 1 1 1 1 1 1 1 1 1 1 1 1 1 1 1 1 1 1 1 1 1 1 1 1 1 1 1 1 1 1 1 1 1 1 1 1 1 1 1 1 1 1 1 1 1 1 1 1 1 1 1 1 1 1 1 1 1 1 1 1 1 1 1 1 1 1 1 1 1 1 1 1 1 1 1 1 1 1 1 1 1 1 1 1 1 1 1 1 1 1 1 1 1 1 1 1 1 1 1 1 1 1 1 1 1 1 1 1 1 1 1 1 1 1 1 1 1 1 1 1 1 1 1 1 1 1 1 1 1 1 1 1 1 1 1 1 1 1 1 1 1 1 1 1 1 1 1 1 1 1 1 1 1 1 1 1 1 1 1 1 1 1 1 1 1 1 1 1 1 1 1 1 1 1 1 1 1 1 1 1 1 1 1 1 1 1 1 1 1 1 1 1 1 1 1 1 1 1 1 1 1 1 1 1 1 1 1 1 1 1 1 1 1 1 1 1 1 1 1 1 1 1 1 1 1 1 1 1 1 1 1 1 1 1 1 1 1 1 1 1 1 1 1 1 1 1 1 1 1 1 1 1 1 1 1 1 1 1 1 1 1 1 1 1 1 1 1 1 1 1 1 1 1 1 1 1 1 1 1 1 1 1 1 1 1 1 1 1 1 1 1 1 1 1 1 1 1 1 1 1 1 1 1 1 1 1 1 1 1 1 1 1 1 1 1 1 1 1 1 1 1 1 1 1 1 1 1 1 1 1 1 1 1 1 1 1 1 1 1 1 1 1 1 1 1 1 1 1 1 1 1 1 1 1 1 1 1 1 1 1 1 1 1 1 1 1 1 1 1 1 1 1 1 1 1 1 1 1 1 1 1 1 1 1 1 1 1 1 1 1 1 1 1 1 1 1 1 1 1 1 1 1 1 1 1 1 1 1 1 1 1 1 1 1 1 1 1 1 1 1 1 1 1 1 1 1 1 1 1 1 1 1 1 1 1 1 1 1 1 1 1 1 1 1 1 1 1 1 1 1 1 1 1 1 1 1 1 1 1 1 1 1 1 1 1 1 1 1 1 1 1 1 1 1 1 1 1 1 1 1 1 1 1 1 1 1 1 1 1 1 1 1 1 1 1 1 1 1 1 1 1 1 1 1 1 1 1 1 1 1 1 1 1 1 1 1 1 1 1 1 1 1 1 1 1 1 1 1 1 1 1 1 1 1 1 1 1 1 1 1 1 1 1 1 1 1 1 1 1 1 1 1 1 1 1 1 1 1 1 1 1 1 1 1 1 1 1 1 1 1 1 1 1 1 1 1 1 1 1 1 1 1 1 1 1 1 1 1 1 1 1 1 1 1 1 1 1 1 1 1 1 1 1 1 1 1 1 1 1 1 1 1 1 1 1 1 1 1 1 1 1 1 1 1 1 1 1 1 1 1 1 1 1 1 1 1 1 1 1 1 1 1 1 1 1 1 1 1 1 1 1 1 1 1 1 1 1 1 1 1 1 1 1 1 1 1 1 1 1 1 1 1 1 1 1 1 1 1 1 1 1 1 1 1 1 1 1 1 1 1 1 1 1 1 1 1 1 1 1 1 1 1 1 1 1 1 1 1 1 1 1 1 1 1 1 1 1 1 1 1 1 1 1 1 1 1 1 1 1 1 1 1 1 1 1 1 1 1 1 1 1 1 1 1 1 1 1 1 1 1 1 1 1 1 1 1 1 1 1 1 1 1 1 1 1 1 1 1 1 1 1 1 1 1 1 1 1 1 1 1 1 1 1 1 1 1 1 1 1 1 1 1 1 1 1 1 1 1 1 1 1 1 1 1 1 1 1 1 1 1 1 1 1 1 1 1 1 1 1 1 1 1 1 1 1 1 1 1 1 1 1 1 1 1 1 1 1 1 1 1 1 1 1 1 1 1 1 1 1 1 1 1 1 1 1 1 1 1 1 1 1 1 1 1 1 1 1 1 1 1 1 1 1 1 1 1 1 1 1 1 1 1 1 1 1 1 1 1 1 1 1 1 1 1 1 1 1 1 1 1 1 1 1 1 1 1 1 1 1 1 1 1 1 1 1 1 1 1 1 1 1 1 1 1 1 1 1 1 1 1 1 1 1 1 1 1 1 1 1 1 1 1 1 1 1 1 1 1 1 1 1 1 1 1 1 1 1 1 1 1 1 1 1 1 1 1 1 1 1 1 1 1 1 1 1 1 1 1 1 1 1 1 1 1 1 1 1 1 1 1 1 1 1 1 1 1 1 1 1 1 1 1 1 1 1 1 1 1 1 1 1 1 1 1 1 1 1 1 1 1 1 1 1 1 1 1 1 1 1 1 1 1 1 1 1 1 1 1 1 1</float_array>
          <technique_common>
            <accessor source="#polygon1-mesh-colors-polygon1_Colors0-array" count="276" stride="4">
              <param name="R" type="float"/>
              <param name="G" type="float"/>
              <param name="B" type="float"/>
              <param name="A" type="float"/>
            </accessor>
          </technique_common>
        </source>
        <vertices id="polygon1-mesh-vertices">
          <input semantic="POSITION" source="#polygon1-mesh-positions"/>
        </vertices>
        <triangles material="mat_screen-material" count="92">
          <input semantic="VERTEX" source="#polygon1-mesh-vertices" offset="0"/>
          <input semantic="NORMAL" source="#polygon1-mesh-normals" offset="1"/>
          <input semantic="TEXCOORD" source="#polygon1-mesh-map-0" offset="2" set="0"/>
          <input semantic="COLOR" source="#polygon1-mesh-colors-polygon1_Colors0" offset="3" set="0"/>
          <p>2 0 0 0 1 1 1 1 0 2 2 2 3 3 3 3 1 1 4 4 2 0 5 5 4 4 6 6 3 3 7 7 2 0 8 8 5 5 9 9 3 3 10 10 4 4 11 11 6 6 12 12 5 5 13 13 4 4 14 14 7 7 15 15 5 5 16 16 6 6 17 17 8 8 18 18 7 7 19 19 6 6 20 20 9 9 21 21 7 7 22 22 8 8 23 23 10 10 24 24 9 9 25 25 8 8 26 26 11 11 27 27 9 9 28 28 10 10 29 29 12 12 30 30 11 11 31 31 10 10 32 32 13 13 33 33 11 11 34 34 12 12 35 35 14 14 36 36 13 13 37 37 12 12 38 38 15 15 39 39 13 13 40 40 14 14 41 41 16 16 42 42 15 15 43 43 14 14 44 44 17 17 45 45 2 0 46 46 0 2 47 47 4 4 48 48 2 0 49 49 17 17 50 50 18 18 51 51 4 4 52 52 17 17 53 53 6 6 54 54 4 4 55 55 18 18 56 56 19 19 57 57 6 6 58 58 18 18 59 59 8 8 60 60 6 6 61 61 19 19 62 62 20 20 63 63 8 8 64 64 19 19 65 65 10 10 66 66 8 8 67 67 20 20 68 68 12 12 69 69 10 10 70 70 20 20 71 71 23 21 72 72 22 22 73 73 21 23 74 74 24 24 75 75 22 22 76 76 23 21 77 77 25 25 78 78 24 24 79 79 23 21 80 80 26 26 81 81 24 24 82 82 25 25 83 83 27 27 84 84 26 26 85 85 25 25 86 86 28 28 87 87 26 26 88 88 27 27 89 89 29 29 90 90 28 28 91 91 27 27 92 92 30 30 93 93 28 28 94 94 29 29 95 95 24 24 96 96 31 31 97 97 22 22 98 98 32 32 99 99 31 31 100 100 24 24 101 101 26 26 102 102 32 32 103 103 24 24 104 104 33 33 105 105 32 32 106 106 26 26 107 107 28 28 108 108 33 33 109 109 26 26 110 110 34 34 111 111 33 33 112 112 28 28 113 113 30 30 114 114 34 34 115 115 28 28 116 116 35 35 117 117 34 34 118 118 30 30 119 119 36 36 120 120 17 17 121 121 0 2 122 122 18 18 123 123 17 17 124 124 36 36 125 125 37 37 126 126 18 18 127 127 36 36 128 128 19 19 129 129 18 18 130 130 37 37 131 131 38 38 132 132 19 19 133 133 37 37 134 134 20 20 135 135 19 19 136 136 38 38 137 137 14 14 138 138 20 20 139 139 38 38 140 140 12 12 141 141 20 20 142 142 14 14 143 143 32 32 144 144 39 39 145 145 31 31 146 146 40 40 147 147 39 39 148 148 32 32 149 149 33 33 150 150 40 40 151 151 32 32 152 152 41 41 153 153 40 40 154 154 33 33 155 155 34 34 156 156 41 41 157 157 33 33 158 158 35 35 159 159 41 41 160 160 34 34 161 161 27 27 162 162 42 42 163 163 29 29 164 164 43 43 165 165 42 42 166 166 27 27 167 167 25 25 168 168 43 43 169 169 27 27 170 170 44 44 171 171 43 43 172 172 25 25 173 173 23 21 174 174 44 44 175 175 25 25 176 176 21 23 177 177 44 44 178 178 23 21 179 179 45 45 180 180 36 36 181 181 0 2 182 182 37 37 183 183 36 36 184 184 45 45 185 185 46 46 186 186 37 37 187 187 45 45 188 188 38 38 189 189 37 37 190 190 46 46 191 191 16 16 192 192 38 38 193 193 46 46 194 194 14 14 195 195 38 38 196 196 16 16 197 197 49 47 198 198 48 48 199 199 47 49 200 200 50 50 201 201 48 48 202 202 49 47 203 203 51 51 204 204 50 50 205 205 49 47 206 206 52 52 207 207 50 50 208 208 51 51 209 209 40 40 210 210 53 53 211 211 39 39 212 212 54 54 213 213 53 53 214 214 40 40 215 215 41 41 216 216 54 54 217 217 40 40 218 218 35 35 219 219 54 54 220 220 41 41 221 221 43 43 222 222 55 55 223 223 42 42 224 224 56 56 225 225 55 55 226 226 43 43 227 227 44 44 228 228 56 56 229 229 43 43 230 230 21 23 231 231 56 56 232 232 44 44 233 233 59 57 234 234 58 58 235 235 57 59 236 236 60 60 237 237 58 58 238 238 59 57 239 239 61 61 240 240 58 58 241 241 60 60 242 242 62 62 243 243 58 58 244 244 61 61 245 245 62 62 246 246 48 48 247 247 58 58 248 248 47 49 249 249 48 48 250 250 62 62 251 251 63 63 252 252 50 50 253 253 52 52 254 254 64 64 255 255 50 50 256 256 63 63 257 257 65 65 258 258 54 54 259 259 35 35 260 260 53 53 261 261 54 54 262 262 65 65 263 263 66 66 264 264 56 56 265 265 21 23 266 266 55 55 267 267 56 56 268 268 66 66 269 269 13 13 270 270 67 67 271 271 11 11 272 272 15 15 273 273 67 67 274 274 13 13 275 275</p>
        </triangles>
      </mesh>
    </geometry>
    <geometry id="polygon0-mesh" name="polygon0">
      <mesh>
        <source id="polygon0-mesh-positions">
          <float_array id="polygon0-mesh-positions-array" count="2115">19.52949 74.34646 70.60806 19.45243 77.2039 79.48846 16.17665 79.51588 71.85728 15.1327 80.90466 80.59422 10.613 81.56884 74.02654 8.956627 80.89378 82.0665 4.963673 79.72118 76.28725 4.057717 77.16338 83.52951 1.386532 74.67862 77.77592 2.199924 71.15132 84.22331 1.247906 68.36726 77.9239 4.092866 65.15401 83.8828 4.600762 63.19784 76.6747 9.013498 61.46221 82.63815 10.1644 61.14487 74.50542 15.16016 61.5147 80.81177 15.81372 62.99256 72.24471 19.98122 65.21644 79.50164 19.39086 68.0351 70.75603 21.83902 71.22849 78.80787 -16.5968 31.63849 54.62152 -12.18092 33.44367 56.90703 -16.5968 32.2851 59.55732 -12.18092 31.90846 62.52001 -16.5968 29.25345 63.50513 -12.18092 26.85551 65.40334 -16.5968 24.31944 64.15236 -12.18092 21.24476 63.86798 -16.5968 20.37335 61.11988 -12.18092 18.36293 58.81335 -16.5968 19.72676 56.18408 -12.18092 19.89813 53.20038 -16.5968 22.75841 52.23626 -12.18092 24.95107 50.31707 -16.5968 27.6924 51.58902 -12.18092 30.56183 51.8524 16.5968 32.2851 59.55732 12.18092 33.44367 56.90703 16.5968 31.63849 54.62152 12.18092 30.56182 51.8524 16.5968 27.69241 51.58903 12.18092 24.95107 50.31706 16.5968 22.75841 52.23626 12.18092 19.89813 53.20038 16.59681 19.72676 56.18408 12.18092 18.36293 58.81335 16.59681 20.37335 61.11988 12.18092 21.24476 63.86797 16.5968 24.31944 64.15236 12.18092 26.85551 65.40331 16.5968 29.25345 63.50513 12.18092 31.90846 62.52001 12.35532 13.54861 45.36951 -12.35532 8.338522 57.94778 12.35532 8.338522 57.94778 -12.35532 13.54861 70.52603 12.35532 13.54861 70.52603 -12.35532 26.12687 75.73611 12.35532 26.12687 75.73611 -12.35532 38.70515 70.52602 12.35532 38.70515 70.52602 -12.35532 43.91523 57.94776 12.35532 43.91523 57.94776 -12.35532 38.70514 45.3695 12.35532 38.70514 45.3695 -12.35532 26.12688 40.15942 12.35532 26.12687 40.15941 -12.35532 13.54861 45.36951 14.02722 11.86537 -66.31403 -14.02722 5.957965 -52.05231 14.02722 5.957965 -52.05231 -14.02722 11.86536 -37.7906 14.02721 11.86536 -37.7906 -14.02722 26.12709 -31.8832 14.02722 26.12709 -31.8832 -14.02722 40.38883 -37.79061 14.02722 40.38883 -37.79061 -14.02722 46.29623 -52.05233 14.02722 46.29623 -52.05233 -14.02722 40.38882 -66.31406 14.02722 40.38882 -66.31406 -14.02722 26.12709 -72.22144 14.02722 26.12709 -72.22145 -14.02722 11.86537 -66.31403 -19.39086 68.0351 70.75603 -19.98122 65.21644 79.50164 -15.81372 62.99256 72.24471 -15.16016 61.5147 80.81176 -10.1644 61.14487 74.50542 -9.013497 61.46221 82.63816 -4.600761 63.19784 76.6747 -4.092865 65.15401 83.8828 -1.247906 68.36726 77.9239 -2.199924 71.15132 84.22331 -1.386532 74.67862 77.77592 -4.057716 77.16338 83.52952 -4.963672 79.72118 76.28724 -8.956627 80.89378 82.0665 -10.613 81.56884 74.02653 -15.1327 80.90466 80.59422 -16.17665 79.51588 71.85728 22.47072 50.46505 -42.48142 28.21549 50.5476 -59.57954 28.96954 45.49389 -44.64561 29.84423 41.4176 -63.25457 29.57533 35.55841 -48.20692 30.61977 34.66746 -66.2945 29.62007 27.01987 -53.174 28.23095 27.2442 -69.97019 27.68039 21.70427 -56.75581 23.08284 18.86577 -60.7985 14.57614 20.36243 -51.05968 14.52551 18.37755 -61.679 14.41261 22.80153 -69.73943 23.34991 24.23407 -70.46801 -13.97127 42.6582 -37.22356 -13.97127 44.49165 -42.24971 -14.50445 31.09098 -46.76979 -14.57614 20.36243 -51.05968 -29.62007 27.01987 -53.174 -27.6804 21.70427 -56.75581 -28.23096 27.2442 -69.97019 -23.08284 18.86577 -60.7985 -23.34991 24.23407 -70.46801 -14.52551 18.37755 -61.679 -14.41262 22.80153 -69.73943 -14.11866 41.42992 -63.21978 -13.98974 49.04067 -60.19573 4.22097 68.86162 84.88148 4.171257 73.8848 84.77044 7.056336 77.98071 83.92157 11.77421 79.58487 82.65916 16.5228 78.08455 81.46539 19.48832 74.05281 80.79625 0 84.47826 -63.87711 -5.969925 53.98304 -19.62541 -5.969925 79.06037 -66.76913 0 73.02454 -70.21665 5.892424 78.80664 -67.12669 5.892425 53.67361 -19.76021 -0.03364998 59.28521 -14.02868 0 47.55326 -21.65129 13.98974 49.04066 -60.19573 14.09991 49.68597 -63.83939 17.95631 53.62906 -57.78182 18.07587 53.88679 -61.88467 22.83502 54.11509 -58.12127 22.95458 54.28069 -61.66399 27.73841 51.42651 -63.03485 29.41133 43.85224 -66.4788 14.11866 41.42992 -63.21978 14.10903 43.86456 -66.44401 -20.22399 56.65836 56.29262 -24.5617 63.46032 62.92435 -22.38806 53.16057 65.58893 -24.46384 58.52757 70.10721 -16.70799 46.77453 74.07961 -16.24715 52.92937 80.95788 0 39.16818 83.21236 0 47.77267 89.50011 16.24716 52.92937 80.95788 0 55.65702 88.85006 9.15347 60.15284 81.7115 0 60.93292 85.57657 0 97.54518 59.86107 6.992878 97.11441 57.95015 10.6509 91.81716 67.27456 13.59419 97.12475 53.42354 22.57819 87.67039 63.69128 17.94576 98.32279 47.78151 26.76387 93.15363 47.54708 21.06627 99.85609 39.82117 28.25337 96.86253 36.89316 22.55955 101.3552 34.29089 25.09193 99.61322 27.66855 16.12852 86.39031 -54.59061 7.162752 94.76105 -59.23146 7.231271 87.21947 -62.21163 -7.361181 94.76105 -59.23146 -7.4297 87.21947 -62.21163 -16.12852 86.39031 -54.59061 -10.73023 74.3317 -54.82755 -23.17394 69.01738 -46.5776 -13.27365 61.48465 -46.21587 -27.2356 56.6155 -39.12484 -30.95994 48.30128 -32.65484 -16.69154 46.38195 48.00094 -20.76745 46.84505 51.15027 -14.94272 46.51709 53.77338 -19.2156 50.32566 56.09829 -14.5337 49.85362 57.43748 -15.24602 53.78351 56.03777 -18.45909 56.00289 51.35995 -20.92479 52.1536 51.17468 -23.93969 54.42919 46.22104 -44.64285 47.95753 31.96324 -46.72104 40.04572 22.61685 -45.7035 47.45607 17.53772 -45.98477 38.94092 3.644444 -42.96886 44.55853 -3.095132 -41.36048 44.63751 -13.95417 -28.83979 47.75841 -10.3556 -36.9572 49.13803 -27.64288 -22.483 54.71073 -28.04584 -33.55259 55.48167 -34.83929 -28.41681 66.4749 -41.28222 -25.09193 99.6132 27.66855 -28.25338 96.86252 36.89315 -28.63149 95.62103 28.70474 -26.76387 93.15363 47.54708 -31.57626 88.84526 38.0721 -28.69953 82.52433 59.98887 -31.78017 81.35735 40.60841 -31.99938 74.41447 54.12073 -30.87181 75.75408 38.73161 -29.36649 69.87732 37.68394 -27.52978 72.69659 33.81396 21.81078 71.89172 27.15419 22.34748 69.24287 27.77485 27.52978 72.69659 33.81396 29.36649 69.87731 37.68394 30.87181 75.75408 38.73161 31.99939 74.41447 54.12072 31.78017 81.35735 40.60841 28.69953 82.52433 59.98887 31.57626 88.84526 38.0721 28.63149 95.62103 28.70474 -22.23717 101.3552 34.29089 -20.74389 99.85607 39.82119 -17.46546 98.32279 47.78151 -22.57819 87.67038 63.69129 -13.26469 97.12406 53.4208 -10.65089 91.81715 67.27456 -6.828129 97.11407 57.94878 -18.18443 61.57778 73.15558 -19.86823 66.47418 70.59915 -12.85424 63.83463 76.28523 -12.21924 70.5034 74.2971 0 66.01264 80.38301 -2e-6 77.63749 80.12451 12.21924 70.5034 74.2971 8.967285 81.47955 76.736 20.18934 74.04955 72.62056 -29.43639 37.31517 39.23936 -30.09802 45.03205 45.56273 -26.1272 39.56954 44.3208 -25.71042 45.0841 49.14223 -25.30486 34.20446 52.42369 -24.16732 35.92507 54.72775 -20.55969 33.06167 55.25415 -20.59912 37.81167 56.73734 -16.85974 36.99905 55.16817 -10.28541 88.1834 18.06825 -39.81887 88.1834 18.06825 -11.80693 90.56184 21.87455 -39.81887 90.56184 21.87455 -11.37253 94.52786 19.39631 -39.81887 94.52788 19.39631 -9.816653 92.14941 15.59002 -39.81887 92.14941 15.59002 -19.80594 90.02738 22.87448 -19.80594 95.54721 19.4253 -14.92368 92.74576 27.22483 -14.92368 98.2656 23.77566 -0.006068944 96.46996 20.90203 -0.006068944 89.9705 10.50058 -18.1652 92.3707 14.34183 -0.006068944 84.45064 13.94978 -18.1652 86.85086 17.79101 10.87996 98.51932 20.06586 11.61865 67.2142 33.19952 10.92544 95.63063 15.44297 17.14428 67.2142 33.19954 16.76004 95.63065 15.44298 17.10122 70.10289 37.8224 16.71456 98.51932 20.06586 11.57559 70.10289 37.8224 -19.09624 42.85654 -57.56407 -22.26381 42.02858 -6.382567 -22.65451 47.83415 -57.3032 -25.66641 37.1086 -6.986665 -26.06009 42.85654 -57.56407 -22.10515 31.38417 -7.689538 -22.51079 37.06992 -57.86733 -18.70255 37.1086 -6.986665 12.67158 90.56184 21.87455 39.81887 88.1834 18.06825 11.26946 88.1834 18.06825 39.81887 92.14943 15.59 10.82791 92.14944 15.59 39.81887 94.52786 19.39631 12.26705 94.52786 19.39631 39.81887 90.56184 21.87455 -10.8921 98.51932 20.06586 -11.47252 70.10288 37.8224 -16.7267 98.51932 20.06586 -17.01851 70.10288 37.8224 -16.77217 95.63065 15.44298 -17.06174 67.2142 33.19952 -10.93758 95.63063 15.44297 -11.51574 67.2142 33.19954 -15.88869 31.95114 57.67906 -11.28058 51.49 41.49871 -12.96892 30.61027 55.61476 -15.73286 49.34487 38.05389 -16.23017 28.66373 52.77058 -20.02513 51.48553 41.49155 -17.90456 30.60774 55.61073 -15.85446 53.63065 44.93637 12.96892 30.61027 55.61476 11.28058 51.49 41.49871 15.88869 31.95114 57.67906 15.85446 53.63065 44.93637 17.90456 30.60774 55.61073 20.02513 51.48553 41.49155 16.23017 28.66372 52.77058 15.73286 49.34488 38.05389 22.65451 47.83415 -57.3032 22.26381 42.02859 -6.382567 19.09624 42.85654 -57.56407 18.70255 37.1086 -6.986665 22.51079 37.06993 -57.86732 22.10515 31.38417 -7.689538 26.0601 42.85654 -57.56407 25.66641 37.1086 -6.986665 -27.7699 61.68996 44.69292 -34.99755 59.89498 42.35939 -31.07496 52.46624 53.03149 -41.18498 54.18941 37.58296 -38.0393 46.19995 48.00099 -39.99165 39.56244 42.5771 -40.29683 31.44467 33.7834 -37.42814 24.17563 20.76704 -43.16491 34.20866 12.033 -35.4499 22.63859 4.498803 -39.23698 32.91366 -4.702377 -34.55565 26.35586 -9.160876 -35.13619 38.09732 -19.45413 39.24249 32.86115 -4.679096 35.4499 22.63859 4.498803 43.16491 34.20866 12.033 37.42814 24.17563 20.76704 46.72104 40.04572 22.61685 40.29683 31.44467 33.7834 44.64285 47.95753 31.96324 39.99167 39.56244 42.57711 38.03931 46.19995 48.001 -19.48832 74.05281 80.79624 -19.45243 77.2039 79.48846 -16.5228 78.08455 81.46539 -11.77421 79.58487 82.65916 -7.056334 77.98071 83.92157 -4.171256 73.8848 84.77044 26.75097 59.38909 -1.366587 34.22618 56.4232 3.838274 29.58146 62.612 16.00453 37.86445 61.50238 28.8293 26.01436 66.59528 23.70022 31.76829 65.77455 35.72333 22.34748 69.24287 27.77486 27.7699 61.68919 44.69316 -20.20642 81.4558 -46.55216 -8.479035 94.95754 -51.09967 -15.60785 82.57376 -41.23425 -8.24189 89.24857 -45.39015 -19.5654 75.81034 48.31268 -15.21455 26.93331 21.21244 -23.77554 43.63756 -16.7625 -22.09505 33.94965 -26.92957 23.73129 43.63263 -16.76078 21.75591 34.17323 -26.92957 19.78975 75.87457 48.3383 15.17132 26.93331 21.21244 -0.02214795 75.09735 -60.9861 23.77898 93.3788 -76.80405 23.76585 79.75578 -83.48916 26.84248 101.6434 -91.51488 26.71847 85.37991 -99.2432 20.31158 107.117 -106.4977 20.24363 93.56041 -112.9811 13.13483 103.3594 -127.2659 -19.83689 70.87383 -33.36438 -21.63743 57.07304 -17.16014 -18.7256 60.70045 -9.516672 -26.75097 59.38909 -1.326619 -15.28269 62.44418 -8.938944 7.762522 117.7931 -120.266 11.86819 117.8234 -102.4738 16.77378 113.1904 -85.49928 15.0017 101.6162 -72.68655 18.90945 77.67301 14.7409 10.12481 81.14922 10.62797 15.97868 76.9382 -1.638877 9.583696 79.6749 3.8967 9.088448 76.93503 -4.286399 -9.583693 79.6749 3.896695 -9.089078 76.93946 -4.2844 -15.97368 76.94514 -1.634168 -23.04969 93.48372 -76.94541 -13.99944 101.5914 -72.67514 -26.4032 101.729 -91.49397 -16.13386 113.177 -85.48636 -20.52661 107.1028 -106.5006 -12.82175 117.8238 -102.4641 -9.038016 117.7721 -120.2998 -31.66718 33.89176 -21.81147 -19.69186 32.02215 -21.03869 -17.52507 26.65345 7.85952 -15.6589 38.33702 23.90136 -13.66465 103.3543 -127.2676 -19.73059 93.77155 -112.7744 -26.5272 85.3835 -99.22226 -23.25512 79.76976 -83.38714 -14.28555 69.70038 -87.74255 -16.45851 74.08131 -104.8616 -12.15119 85.34321 -116.9178 14.71558 69.47525 -87.75395 0.181244 65.34081 -89.78822 16.44913 73.82582 -104.8745 -0.04301595 69.13449 -107.1828 12.53875 85.15151 -116.9275 -0.02514398 79.5134 -118.9076 0.01080399 95.40392 -130.1799 8.280606 94.95754 -51.09967 20.20642 81.4558 -46.55216 28.41681 66.4749 -41.28222 23.17394 69.01738 -46.5776 27.2356 56.6155 -39.12484 33.55259 55.48167 -34.83929 30.95994 48.30128 -32.65484 36.9572 49.13803 -27.64288 35.10468 38.08509 -19.46583 26.1272 39.56954 44.32081 16.61878 32.22355 49.40184 25.30486 34.20446 52.42369 20.55969 33.06166 55.25416 24.16732 35.92507 54.72776 20.59911 37.81167 56.73733 25.71041 45.0841 49.14223 20.76744 46.84505 51.15027 16.69154 46.38195 48.00094 14.94272 46.51709 53.77338 19.2156 50.32566 56.09829 20.92479 52.1536 51.17468 18.45909 56.00289 51.35995 23.93969 54.42919 46.22104 41.35977 44.63751 -13.95417 45.98477 38.94092 3.644444 42.88884 44.5606 -3.087945 45.7035 47.46655 17.53772 41.60181 52.74347 9.493652 28.83979 47.75841 -10.3556 14.76349 38.33702 23.90136 17.52507 26.65345 7.85952 19.52839 32.02215 -21.03869 34.55565 26.35586 -9.160876 31.66718 33.89176 -21.81147 -22.35429 69.24287 27.77486 -26.01436 66.59528 23.70022 -18.90945 77.67301 14.7409 -29.58146 62.42543 16.00453 18.9847 60.7145 -9.509577 21.60391 57.07495 -17.15943 19.7788 70.87383 -33.36438 22.47703 54.70795 -28.04149 12.85423 63.83462 76.28523 19.86822 66.47927 70.59667 18.18443 61.57778 73.15558 24.56171 63.46032 62.92434 24.46385 58.52757 70.10721 -8.522384 79.31747 -29.75773 -7.975423 87.71692 -36.65347 7.776995 87.71692 -36.65347 8.043462 89.24857 -45.39015 15.60785 82.57376 -41.23425 -16.70799 46.77452 74.07961 16.70799 46.77452 74.0796 -22.38807 53.16057 65.58893 22.38807 53.16056 65.58892 -20.22399 56.65837 56.29263 20.22399 56.65836 56.29261 -22.24887 27.10505 -20.49363 -26.84277 35.79446 -22.68903 -20.5369 21.07819 9.130802 -18.31397 28.77161 12.18503 -18.17103 23.35143 23.36206 -17.91001 27.74464 27.66937 18.09492 27.81673 27.66937 29.8708 65.75697 47.84131 28.65176 63.04121 61.33032 29.09911 68.86408 66.02744 25.72496 76.39495 71.33743 0.534901 105.7258 -70.64086 0.358279 117.6658 -83.38062 0.01441097 121.3915 -101.0192 5e-6 86.42868 79.08412 -14.48639 83.98866 76.7917 14.4864 83.98866 76.79169 -0.003095984 62.60286 20.18032 22.44974 69.24287 27.77485 8.166455 74.32195 -8.852168 -8.166455 74.32195 -8.852168 8.522384 79.31747 -29.75773 -25.72496 76.39494 71.33743 5e-6 86.42868 79.08414 10e-7 93.41393 68.68143 18.15306 86.85086 17.79101 18.15306 92.3707 14.34183 19.7938 95.54721 19.4253 19.7938 90.02735 22.87449 13.97126 44.49165 -42.24971 17.57883 49.68689 -42.36339 17.96737 23.35143 23.36206 17.91682 28.78172 12.18259 20.35802 21.07819 9.130802 26.01524 35.79447 -22.68903 21.23584 27.10505 -20.49363 -27.02199 42.13941 -38.23503 -27.60855 36.06608 -39.63987 -29.57533 35.55841 -48.20692 -23.28391 31.16922 -41.12225 -14.50445 29.75529 -41.03693 -18.04785 34.4984 32.46038 -20.25379 39.01603 24.13661 -32.17274 44.3355 29.5118 -28.98516 50.22797 39.47017 20.25379 39.01603 24.13661 18.04784 34.4984 32.46039 29.43639 37.31517 39.23936 16.91006 34.92331 37.55177 15.7007 38.11205 43.68475 14.5337 49.85362 57.43748 15.24602 53.78351 56.03777 -33.87125 56.40352 3.854901 -37.70503 61.6547 28.6564 -41.44969 52.72904 9.500778 -31.82403 65.78741 35.70565 14.50444 31.09098 -46.76979 -10.52242 104.217 -126.8189 -10.8484 101.5376 -146.9705 -15.08627 96.49746 -151.609 -0.04137295 100.0563 -129.1954 2e-6 82.74512 77.64952 -21.57641 71.89173 27.15419 -22.35429 69.24287 27.77486 -29.8708 65.75698 47.84132 30.09801 45.03205 45.56273 5.817144 114.9985 -121.4302 -0.03711599 131.5562 -130.6102 -0.041637 138.3065 -128.9733 -7.11694 114.9474 -121.4655 10.59435 101.538 -146.9823 15.61035 96.49288 -151.5998 10.02102 104.2186 -126.8148 34.99755 59.89498 42.35939 41.18498 54.18941 37.58296 -18.30417 118.3502 -137.7942 -24.07062 120.4377 -137.2931 -7.129562 28.66128 21.03819 -7.636119 62.72438 51.04648 0.208437 25.65268 25.04638 -0.273672 59.7041 55.09155 7.636119 28.7042 21.14732 7.105114 62.77899 51.11872 16.38523 118.3482 -137.7859 22.15237 120.4443 -137.2872 -5.909005 90.76737 -111.2385 -9.749739 95.61011 -108.9253 -9.702439 101.5588 -106.0679 10.6082 101.4011 -106.0759 10.56092 95.45239 -108.9333 6.643657 90.66992 -111.2434 -16.91006 34.92331 37.55176 -15.7007 38.11205 43.68475 -16.61878 32.22355 49.40184 -0.004643976 108.1308 -102.8773 6.767482 106.2438 -103.7627 -5.785174 106.3413 -103.7578 14.91154 98.2656 23.77566 -0.006068944 90.95013 24.35121 14.91154 92.74576 27.22483 32.17274 44.3355 29.5118 28.98516 50.22797 39.47017 11.4932 58.11662 48.51326 -21.0597 86.20419 42.32683 -11.71581 90.41451 51.50243 -11.71581 55.6771 64.41228 -2.371918 86.20419 42.32683 -11.71581 81.32774 33.72223 -14.49266 71.45496 27.49289 -10.12481 81.14922 10.62797 0 81.12967 11.22119 4.797382 63.13351 31.14251 4.733526 67.5278 37.41187 4.03165 93.59356 11.83093 4.221479 97.82482 17.94867 -4.097828 97.82481 17.94867 13.97126 42.6582 -37.22357 14.50444 29.75529 -41.03693 23.28391 31.16922 -41.12225 27.60854 36.06607 -39.63987 27.02198 42.1394 -38.23503 3.403001 82.96158 7.761483 -3.402998 82.96158 7.761483 6.533526 81.94789 2.309456 -6.533526 81.94789 2.309457 -3.403001 79.54821 -2.747851 -17.57883 49.68689 -42.36339 -17.9058 46.25139 -35.98954 -22.47073 50.46505 -42.48142 -23.16733 46.77657 -36.6242 -30.61978 34.66745 -66.2945 -28.21549 50.5476 -59.57955 -22.83501 54.11509 -58.12127 -17.95631 53.62906 -57.78182 -29.09911 68.86407 66.02743 31.07496 52.46624 53.03149 -22.45594 69.24287 27.77485 -18.07587 53.88679 -61.88467 -22.95458 54.28069 -61.66399 -14.09991 49.68597 -63.83939 -27.73841 51.42651 -63.03485 -29.41133 43.85225 -66.4788 -19.53804 69.02964 80.90733 -12.15289 71.3527 84.46051 19.53804 69.02964 80.90733 12.15289 71.35271 84.46051 16.65296 64.93371 81.75618 11.93509 63.32954 83.01859 7.186486 64.82987 84.21234 15.28269 62.44418 -8.938944 0 69.56894 6.489714 3.402999 79.54821 -2.747851 2.28693 86.11039 42.36034 11.7895 81.17351 33.59043 11.7895 88.23506 41.32061 21.29208 86.11041 42.36034 11.7895 90.39221 51.69176 11.7895 55.84207 64.28426 14.49266 71.45496 27.49289 0 73.78676 23.62283 -9.153465 60.15284 81.7115 17.9058 46.25138 -35.98954 15.2611 48.6334 -36.77874 13.27215 61.48464 -46.28588 -18.1652 82.93471 19.97821 -0.006068944 80.53448 16.13698 -19.80594 86.11121 25.06168 -0.006068944 87.03398 26.53843 18.15306 82.93471 19.97821 19.7938 86.11121 25.06168 -11.49319 58.11662 48.51326 -19.38021 66.8532 75.44974 -26.02275 67.56463 63.29293 -20.24404 70.79218 75.05888 -25.16081 71.46008 65.54009 -4.055744 69.7476 81.00343 10e-7 70.43801 81.04791 -4.055744 66.62217 80.80204 2e-6 67.23605 80.8416 4.055748 66.62217 80.80204 4.055747 69.7476 81.00343 19.38021 66.8532 75.44974 20.24404 70.79218 75.05888 26.02276 67.56463 63.29292 25.16081 71.46008 65.54009 -4.609875 67.52781 37.41187 -4.031651 93.59354 11.83092 -4.673733 63.13353 31.14251 -28.65176 63.04121 61.33032 4.541437 70.17239 -65.80396 9.08287 76.95309 -62.55486 6.615432 74.93571 -70.82647 8.056758 82.22548 -67.12954 4.541435 83.04409 -59.40336 0.097359 86.36009 -64.86882 -4.541436 83.04409 -59.40336 -7.175936 83.41699 -66.43246 -9.08287 76.95309 -62.55486 -7.714662 76.56577 -70.12485 -4.541433 70.17238 -65.80396 -0.104495 73.05812 -71.35558 10e-7 54.79071 6.970916 -15.42029 48.6334 -36.77874 10.73023 74.33168 -54.96764 23.62345 68.06358 67.29514 -0.034253 88.88042 -112.0138 -19.52949 74.34646 70.60806 -8.967282 81.47955 76.736 -21.83901 71.22849 78.80786 -16.65296 64.93371 81.75618 -11.93509 63.32954 83.01858 23.16733 46.77657 -36.6242 -7.186486 64.82987 84.21235 -20.18934 74.04955 72.62056 -23.62344 68.06358 67.29514 -29.84423 41.4176 -63.25457 -14.10903 43.86456 -66.44401 -4.220969 68.86162 84.88148 -28.96954 45.49389 -44.64561 -11.71581 88.32543 41.26568 16.85974 36.99906 55.16817 31.99939 74.41447 54.12072 14.91154 88.82961 29.41206 -14.92368 88.82961 29.41206</float_array>
          <technique_common>
            <accessor source="#polygon0-mesh-positions-array" count="705" stride="3">
              <param name="X" type="float"/>
              <param name="Y" type="float"/>
              <param name="Z" type="float"/>
            </accessor>
          </technique_common>
        </source>
        <source id="polygon0-mesh-normals">
          <float_array id="polygon0-mesh-normals-array" count="2163">0.6216832 0.7723531 -0.1303108 0.8004349 0.5204188 0.2974365 0.9310123 0.2978029 -0.2110206 0.4003242 0.8273528 0.39399 0.03928601 0.9990022 -0.02124261 -0.1605417 0.8601073 0.4841922 -0.5451031 0.8317309 0.1052924 -0.609053 0.5441357 0.5770363 -0.9232659 0.3413772 0.1761866 -0.7786877 0.006394028 0.6273792 -0.9440774 -0.2848869 0.1660037 -0.5864163 -0.5243362 0.6174039 -0.5928329 -0.8015474 0.07791811 -0.1316642 -0.834439 0.5351414 -0.01116871 -0.9984421 -0.05467057 0.3952196 -0.8296787 0.3942524 0.562546 -0.8064224 -0.1822775 0.8080697 -0.506438 0.3009056 0.9140956 -0.3188062 -0.250583 0.9701346 0.02430903 0.2413463 -0.2549082 0.9339652 0.2504612 -0.1802347 0.9757327 -0.1243438 -0.2586851 0.8382519 -0.4800164 -0.1830056 0.7757313 0.6039453 -0.2635654 0.4845244 0.8341279 -0.1966707 0.1193504 0.9731785 -0.2793841 -0.245553 0.9282501 -0.2129567 -0.6013799 0.7700596 -0.2929763 -0.8273565 0.4792141 -0.2224071 -0.9673553 0.1214867 -0.2966016 -0.9220775 -0.2485974 -0.2197638 -0.7723034 -0.5960298 -0.2882473 -0.4752961 -0.8312684 -0.2064754 -0.1267032 -0.9702135 -0.272582 0.2537872 -0.9280578 -0.1900636 0.5989874 -0.7778754 0.2586846 0.8382518 -0.4800168 0.1802344 0.9757326 -0.1243442 0.2549083 0.9339652 0.2504612 0.1900621 0.5989874 -0.7778757 0.2725823 0.253789 -0.9280573 0.2064767 -0.1267026 -0.9702134 0.2882491 -0.4752961 -0.8312677 0.2197641 -0.7723036 -0.5960293 0.2966014 -0.9220775 -0.2485973 0.2224067 -0.9673553 0.121487 0.2929757 -0.8273565 0.4792144 0.2129542 -0.6013793 0.7700608 0.27938 -0.2455521 0.9282517 0.196666 0.1193504 0.9731793 0.2635633 0.4845231 0.8341294 0.1830051 0.7757306 0.6039465 0 -1 1.84824e-7 0 -1 1.43752e-7 0 -0.7071073 -0.7071064 0 -0.7071065 0.7071072 0 -0.7071065 0.7071071 0 2.25895e-7 1 0 1.74556e-7 1 0 0.7071068 0.7071067 0 0.7071067 0.7071068 0 1 -4.51791e-7 0 1 -1.84824e-7 0 0.7071065 -0.7071072 0 0.7071067 -0.707107 -3.38756e-7 -2.0536e-7 -1 0 -5.23667e-7 -1 -2.30154e-7 -0.707107 -0.7071066 0 -1 -2.87503e-7 0 -1 -2.15628e-7 0 -0.7071073 -0.7071064 0 -0.7071068 0.7071068 0 -0.7071067 0.7071068 0 0 1 0 2.97771e-7 1 0 0.7071069 0.7071067 0 0.7071067 0.7071069 0 1 -1.64288e-7 0 1 -1.43752e-7 0 0.7071061 -0.7071075 -2.07392e-7 0.7071062 -0.7071074 -4.028e-7 -9.03582e-7 -1 -4.028e-7 -8.93314e-7 -1 -2.07392e-7 -0.707107 -0.7071066 -0.5625461 -0.8064221 -0.1822777 -0.8080696 -0.5064379 0.300906 -0.9140958 -0.3188061 -0.2505826 -0.3952202 -0.8296788 0.3942516 0.01116913 -0.998442 -0.05467039 0.1316632 -0.8344376 0.5351437 0.5928333 -0.8015469 0.07791841 0.5864171 -0.5243358 0.6174034 0.9440775 -0.2848868 0.1660039 0.7786878 0.006394028 0.6273791 0.9232662 0.3413767 0.1761864 0.6090522 0.544135 0.5770377 0.5451032 0.8317309 0.1052919 0.1605415 0.8601073 0.4841921 -0.03928619 0.9990022 -0.02124273 -0.4003242 0.8273528 0.3939898 -0.621683 0.7723531 -0.130311 0.8824589 0.3836866 0.2721233 0.8394985 0.5391654 0.06740242 0.2784577 0.8848863 0.3734135 0.886568 0.02563309 -0.4618875 0.9127434 -0.3093834 0.2667986 0.7595618 0.2114241 -0.6151146 0.790697 -0.393112 0.46932 0.5906504 -0.1560667 -0.7916914 0.6842336 -0.6919555 0.2302651 0.3281499 -0.9382491 -0.1095741 -0.5026189 -0.6375942 0.5838218 -0.6057032 -0.7837938 -0.1370801 -0.5877619 -0.348478 -0.7301363 0.1658456 -0.384243 -0.908214 0.652098 -0.5817089 0.4861923 0.9428421 0.3082675 0.1265694 0.7230765 0.07460767 0.6867272 0.4985379 -0.6397888 0.5849191 -0.7906969 -0.3931118 0.4693204 -0.6842337 -0.6919553 0.2302652 -0.5906503 -0.156067 -0.7916915 -0.3281494 -0.9382492 -0.1095741 -0.1658455 -0.3842428 -0.9082141 0.6017507 -0.7866529 -0.1381071 0.5856528 -0.3489025 -0.7316269 0.8724941 -0.1405085 -0.4679867 0.9435791 0.32692 0.05274468 -0.2618713 0.1839932 0.9474017 -0.2164647 -0.1221175 0.9686229 -0.06393671 0.4185502 0.9059404 0.2090771 0.4530712 0.8666104 0.4654914 0.3408042 0.816805 0.6113531 0.1639766 0.774183 -0.8176773 0.2954686 -0.4940671 -0.8931646 -0.239303 0.3807771 0.01209181 0.9933264 -0.1147018 -0.0118525 -0.4493222 -0.8932912 0.8073021 0.2809619 -0.5189644 0.8908182 -0.256531 0.3750129 0.006585001 0.377037 0.9261749 -0.007122874 -0.9909574 0.1339881 -0.4589107 0.878175 0.1349436 -0.7032327 0.4715813 -0.5320479 -0.9440769 0.3253434 0.05357873 -0.3217893 0.8340665 -0.4480901 0.2534966 0.9567715 0.142576 0.1877346 0.8833093 -0.4295588 0.603266 0.6345294 -0.4831591 0.6167934 -0.1403581 -0.7745099 -0.8746786 -0.1434506 -0.4629898 -0.5871613 -0.2030979 -0.7835771 -0.924674 -0.3785744 -0.04073733 -0.6484891 -0.5155434 0.5600688 -0.5019358 -0.8301899 0.2425802 -0.9259032 0.1097496 0.3614671 -0.7296468 -0.510032 0.4555031 -0.684777 -0.07204556 0.7251826 1.47444e-7 -0.04980468 0.998759 0 -0.2964666 0.9550433 0.6847772 -0.07204568 0.7251825 -1.38122e-7 0.2926015 0.9562345 0.4358502 0.5194538 0.7349846 0 0.6150608 0.7884798 0.2933446 0.8323372 0.4702804 0.2223214 0.8826155 0.4142019 -0.00111109 0.9019387 0.4318625 0.3468987 0.8365136 0.4241536 0.5768731 0.6782137 0.4552403 0.4438395 0.807104 0.3893454 0.6961014 0.645628 0.3140182 0.4789082 0.8065642 0.3465561 0.8895033 0.4227158 0.1734804 0.5579192 0.8104727 0.1784946 0.6913325 0.7222146 -0.02157437 0.2131957 -0.2099791 -0.9541784 0.3376613 0.7665465 -0.5462523 0.8130434 0.3212508 -0.4855495 -0.3416678 0.7652546 -0.5455718 -0.2197884 -0.2112954 -0.9523904 -0.8162835 0.312066 -0.4861031 0.2816541 -0.4947701 -0.8221154 -0.5349809 -0.2482105 -0.807581 0.3222462 -0.5626371 -0.7613126 -0.3848661 -0.4054326 -0.8291577 -0.4245026 -0.5164288 -0.7437062 -0.2371464 -0.8450255 0.4792634 -0.4114549 0.01404047 0.9113221 0.4646434 -0.4871222 0.7394718 -0.6306914 -0.07872593 0.7720302 -0.1315047 -0.3333191 0.9335978 0.625638 0.6921214 0.3599238 -0.6313076 0.5450971 0.551652 -0.8410047 0.2144699 0.496703 -0.7221668 0.3501979 0.5965204 -0.9411844 0.3343415 -0.0488646 -0.9768798 -0.1856147 0.1060816 -0.9642296 0.1558704 0.2143961 -0.9624233 -0.2104475 -0.1716195 -0.7771391 0.5786253 -0.2474825 -0.8946914 0.3766093 -0.2401933 -0.5454473 0.8180002 -0.1826558 -0.917362 0.2793996 -0.2835189 -0.7271314 0.5976627 0.3377561 -0.9333904 0.2903264 -0.210934 -0.9655418 0.2162274 -0.1448265 -0.8284038 0.5601161 0.004156589 -0.8849017 0.4313564 0.1757296 -0.6792013 0.7338193 -0.01395875 -0.6889458 0.6526928 0.3151917 -0.8907463 0.4191864 0.1756526 -0.7639438 0.6319464 0.1305129 -0.9975734 0.03127449 0.06220239 -0.937669 0.2542326 -0.2369447 -0.9674753 -0.1783853 -0.1793606 -0.8728498 -0.3217408 -0.3669008 -0.8162985 -0.1771938 -0.5497812 0.8166092 -0.1828945 -0.5474479 0.7748179 -0.1632719 -0.6107369 0.758596 0.001034379 -0.6515606 0.8727543 -0.3218514 -0.367031 0.9674754 -0.1783849 -0.1793611 0.9942463 0.01032811 0.1066195 0.9975735 0.03127485 0.06220203 0.7639473 0.631944 0.1305046 0.8907463 0.4191863 0.1756526 0.8284051 0.5601141 0.004156947 -0.5339789 0.8242247 0.1884678 -0.4613744 0.816382 0.347353 -0.4296212 0.8152901 0.3882367 -0.5756449 0.6804577 0.4534428 -0.3472714 0.8401415 0.4166113 -0.2943894 0.8333595 0.4678108 -0.2254478 0.8839442 0.4096537 -0.6219782 0.377614 0.685967 -0.675077 -0.08238971 0.7331324 -0.4898708 0.3934625 0.7779551 -0.3821102 0.03719526 0.9233679 0 0.4359516 0.8999702 0 0.1467679 0.989171 0.3821701 0.03717732 0.9233438 0.1903241 -0.1255675 0.9736579 0.3499953 -0.2790413 0.8942256 -0.5956145 -0.7424355 0.3066479 -0.8508458 -0.01913082 0.5250671 -0.6439656 -0.7478185 0.1614802 -0.6877921 0.1736447 0.704833 -0.7778477 -0.6181402 0.1133827 -0.6842293 -0.09642904 0.7228636 0.008547723 -0.7703747 0.6375342 -0.03870123 0.1798951 0.9829243 0.5387817 -0.01585763 0.8422963 0 -0.2884145 0.9575057 -0.5773499 -0.7955699 -0.1836728 0 -0.9315032 -0.3637333 -0.577351 -0.1836727 0.7955691 5.6811e-7 0.9948506 0.1013522 -0.577349 0.7955714 0.1836695 3.85095e-7 0.1403107 -0.9901075 -0.5773509 0.1836697 -0.79557 -0.28919 0.5072765 0.8118126 -0.7673528 0.6209226 -0.1600783 -0.9697108 0.1294362 0.2071409 -0.2289341 0.9197279 0.3188885 -2.8424e-7 0.9890431 0.1476277 -2.06509e-7 0.1569796 -0.9876019 -0.5543777 0.2160402 -0.8037363 -2.19983e-7 -0.5299206 -0.8480473 -0.6990262 -0.3789435 -0.6064356 -0.5811986 0.1788307 -0.793869 -0.6994827 -0.3909385 -0.59824 -0.5864632 0.7887948 0.1840212 0.7124232 -0.3649177 -0.5994067 0.5763292 0.1867015 -0.795605 0.7068586 0.3816945 0.5955335 0.5710769 0.7999622 0.1842061 -0.7051037 0.3632743 0.6089833 -0.01372045 0.9934683 0.113281 -0.006628274 0.9935632 0.1130855 0.9978771 0.06512558 -1.93735e-4 -0.9995971 0.02623885 0.01082581 -0.9989017 0.04498338 0.01311349 0.01440399 -0.9934826 -0.1130704 0.0042544 -0.9936375 -0.1125459 0.9988165 0.04858422 -0.002302169 0 -0.9353997 -0.3535921 0.5773499 -0.79557 -0.1836729 0 -0.2841664 0.958775 0.5773499 0.1836727 -0.79557 0 0.1475496 -0.9890546 0.5773509 0.7955692 0.1836728 0 0.9939993 0.1093872 0.5773508 -0.1836729 0.7955692 -0.5719723 0.7992612 0.1844705 0.7059262 0.3649081 0.6070505 0.5853912 0.7896681 0.1836888 -0.7062262 0.3803409 0.5971476 -0.5772243 0.1861547 -0.7950841 -0.7118175 -0.3669659 -0.5988756 0.5801264 0.1795082 -0.7945001 0.7002924 -0.3885146 -0.5988714 0.996962 -0.01552236 0.07632881 0.9975316 -0.06378298 0.02936857 -0.09297817 0.5077417 0.8564774 0.003989815 -0.5868116 -0.8097137 -0.1365098 -0.6208001 -0.7719925 -0.9987663 -0.04569423 0.0194447 -0.9891614 0.01465642 0.1460989 -0.02710205 0.4987868 0.866301 0.09297782 0.5077416 0.8564774 -0.9975316 -0.06378376 0.02936762 -0.996962 -0.01552242 0.07632845 0.02710175 0.4987868 0.866301 0.9891614 0.0146569 0.1460993 0.9987663 -0.04569447 0.0194441 0.1365095 -0.6207999 -0.7719927 -0.003989815 -0.5868114 -0.8097139 -0.9978771 0.06512558 -1.93859e-4 0.006628513 0.9935632 0.1130852 0.01371949 0.9934684 0.1132808 -0.9988164 0.0485841 -0.002302229 -0.004254221 -0.9936375 -0.1125459 -0.01440423 -0.9934826 -0.1130704 0.9989017 0.0449838 0.01311355 0.9995971 0.0262385 0.01082575 -0.6231397 0.6246606 0.4706337 -0.8625115 0.29609 0.4103714 -0.2628539 -0.1701345 0.9497169 -0.8620009 0.4066044 0.3027 -0.4799385 -0.276907 0.8324552 -0.4414404 -0.5916231 0.6746204 -0.3718538 -0.7458146 0.5527073 -0.2927873 -0.9121822 0.2867043 -0.8469815 -0.5290203 -0.05253684 -0.3678127 -0.9227477 -0.1151104 -0.8421747 -0.4625008 -0.2771909 -0.4450113 -0.8166978 -0.3673822 -0.7916647 -0.4164776 -0.4470049 0.8470464 -0.5289617 -0.05207687 0.3676375 -0.9229012 -0.114439 0.8396847 -0.4638317 -0.2824707 0.2966326 -0.912049 0.2831534 0.9768646 -0.1856822 0.1061024 0.3776813 -0.7443124 0.5507776 0.9643446 0.1540409 0.2152 0.4498304 -0.5956845 0.6654418 0.5837568 -0.2077302 0.7849054 -0.465491 0.3408041 0.8168053 -0.8004348 0.5204184 0.2974375 -0.6113533 0.1639765 0.7741827 -0.209077 0.4530707 0.8666105 0.06393551 0.4185489 0.9059411 0.261868 0.1839928 0.9474027 0.6389223 0.7471029 -0.1833457 0.5539871 0.7413646 -0.3787833 0.6673834 0.5835812 -0.4626363 0.6998435 0.71375 -0.02793163 0.6261182 0.7790652 -0.03214776 0.3920946 0.8893279 0.2352821 0.4534291 0.8657476 0.2118567 0.8626594 0.2962515 0.4099438 -0.8108703 0.5670953 0.1445418 -0.3512096 0.8925929 0.2827186 -0.6399388 0.635819 0.4315236 -0.1961623 0.8312075 0.5202064 -0.9602453 0.136911 -0.2432786 -0.6713986 -0.4134798 0.6150272 -0.3484636 -0.47799 0.8062871 -0.5296652 0.5702936 -0.6278694 0.9887014 -0.1316424 -0.07169252 0.5265525 0.6021727 -0.6001088 0.350754 -0.4850323 0.8010715 0.6864755 -0.4010373 0.6065646 0.8402932 -0.4552804 0.2943252 0.8206318 0.0690878 0.5672658 -0.008100152 -0.4553382 0.8902818 0.9452469 0.3226528 0.04902625 0.9389009 -0.2603284 -0.2251541 0.8923646 0.4115241 -0.1852927 0.861803 -0.1158255 -0.4938421 0.8492071 -0.04272001 -0.5263291 -0.7334812 0.513783 0.4450083 -0.8831412 0.4666747 0.04771178 -0.639172 0.7664245 -0.06365978 -0.6734654 0.5789809 -0.4595928 -0.6864617 0.6975848 -0.2052944 0.5318216 0.8465223 -0.02378886 0.5559508 0.7982617 -0.2317261 0.5631427 0.7489643 0.3491747 0.4635671 0.4277766 0.7759593 0.5345555 0.7184575 -0.44505 0.1484853 0.9826856 0.1108208 0.5325756 0.8320912 0.1548801 0.09096407 0.9620117 -0.2574085 0.08916145 0.8993163 -0.4281128 -0.09066432 0.9620769 -0.2572704 -0.08909606 0.899267 -0.4282299 -0.5353488 0.7182735 -0.4443928 -0.4745718 0.4306175 0.7676915 -0.8161646 0.1030976 0.5685475 -0.9397157 0.3326979 0.07903546 -0.5709559 0.7337685 0.3682297 -0.9155056 0.3728618 -0.151075 -0.5552822 0.8316428 0.005663454 -0.4890066 0.846813 -0.2092375 0.3190569 -0.7965748 -0.5134894 -0.4545101 -0.6390921 -0.6204691 0.3197191 -0.9365012 0.1440324 0.4051078 -0.7441285 0.531188 -0.8674985 -0.1359075 -0.4785138 -0.858464 -0.04516541 -0.5108814 -0.9409817 -0.2543448 -0.2232983 -0.8396964 -0.4506317 0.303053 -0.5112767 -0.8523188 0.1102216 -0.5831063 -0.7014843 -0.4097643 -0.5740786 -0.5392739 -0.6161312 -0.005613446 -0.9994691 0.03209388 0.5103986 -0.8528882 0.1098861 0.562415 -0.7098712 -0.4239959 0.004075765 -0.886169 -0.4633445 0.5535094 -0.5596562 -0.6167758 0.01121181 -0.66521 -0.7465722 -0.01303184 -0.6598752 -0.7512623 0.3462378 0.8942157 0.2837212 0.8096706 0.5686773 0.1450505 0.9654877 0.217088 -0.1438976 0.5379 -0.2472471 -0.8059359 0.3871747 -0.4041827 -0.828693 0.9333941 0.2903441 -0.2108933 0.4240633 -0.517032 -0.7435377 0.9174723 0.2791923 -0.2833662 0.7886744 -0.4302604 -0.4391684 0.777848 -0.6181403 0.1133809 0.03779858 -0.9569045 -0.2879325 0.5956155 -0.7424346 0.3066481 -0.008547723 -0.7703741 0.6375349 0.6842292 -0.09642803 0.7228638 0.03870028 0.1798974 0.9829238 0.6877918 0.173645 0.7048333 0.4114544 0.01403844 0.9113222 0.2371466 -0.8450254 0.4792636 -0.4646441 -0.4871227 0.739471 0.6306914 -0.07872611 0.7720302 0.8410052 0.2144691 0.4967026 0.6313077 0.5450968 0.5516522 0.722167 0.3501975 0.5965205 0.8946984 0.3768028 -0.2398637 0.9632112 -0.2061297 -0.1724376 0.7745581 0.5821812 -0.2472345 0.9428279 0.329913 -0.04725497 0.7524761 0.6175638 -0.2288991 0.5472233 0.8160129 -0.1861974 -0.3172865 -0.9375039 0.1428834 -0.3969616 -0.7482102 0.5316043 -0.3208373 -0.7963122 -0.5127869 0.4508075 -0.8095801 -0.3759691 0.4634205 -0.640778 -0.6120826 -0.5344802 0.8310194 0.1540705 -0.6272455 0.7778375 -0.03914272 -0.4526814 0.8662864 0.2112524 -0.6361529 0.7474083 -0.191547 0.6321054 0.7725822 -0.05966258 0.8882461 0.4579801 0.03568059 0.7325956 0.5151025 0.4449418 0.7257234 0.5990413 0.3383418 0.4898839 0.393471 0.7779425 0.6749477 -0.08254754 0.7332337 0.6219742 0.3776835 0.6859324 0.6546394 -0.5057309 0.5618573 0.9259028 0.1097502 0.3614677 -0.3839411 0.758472 0.5266018 -0.3115647 0.8228275 0.4752711 0.306633 0.8245157 0.4755526 0.192549 0.832508 0.5194761 0.634972 0.638039 0.4355651 0.5948374 0.1316562 0.7929913 2.64574e-7 0.7922546 0.6101908 3.3058e-7 0.8841676 0.46717 0.9305993 0.2321733 0.282985 3.49525e-7 0.9359418 0.352155 0.6742075 -0.4724762 0.5676359 -0.7129709 -0.6920008 0.1131703 -0.632579 -0.4104373 -0.6567991 -0.4208341 -0.7049525 -0.5709121 -0.9681066 0.1817666 0.1724257 -0.6419793 -0.6630336 0.3850314 -0.4696003 -0.6037127 0.64421 0.487335 -0.6139584 0.6209346 0.9674475 -0.2193453 -0.1262263 0.6807864 -0.6349075 0.3652703 0.7484095 -0.2962633 0.5933898 0.6786844 0.04013103 0.7333328 0.004893422 0.5510209 0.8344771 0.002714157 0.8869028 0.461948 0.008228719 0.9865452 0.1632819 0.29172 0.6802773 0.6724004 -0.3018865 0.6669604 0.6811963 -6.2923e-7 0.6847247 -0.7288019 3.28224e-6 0.9159988 -0.4011811 0.08140152 0.9157754 -0.3933563 0.4204433 0.8616915 -0.2841045 -0.4205542 0.8615883 -0.284253 0.3872759 0.759701 0.5223713 -0.6706191 0.0619409 0.7392113 -2.35877e-7 0.330774 0.94371 -3.76727e-7 0.8694921 0.493947 0.6990267 -0.3789434 -0.6064352 0.554378 0.216041 -0.8037358 0.7673527 0.6209227 -0.160078 0.969711 0.1294356 0.2071405 -0.4986512 0.8065239 0.3175947 -0.9432998 0.3074528 0.1251328 0.6307523 -0.6806787 0.3725965 0.9660554 0.2003052 0.1631405 0.7238907 -0.6809747 0.1107054 0.6277134 -0.4143234 -0.6590236 0.4044142 -0.707436 -0.5796408 -0.9127435 -0.3093835 0.2667984 -0.6284961 -0.3411967 0.6989833 -0.6413969 0.05547475 0.765201 -0.3134444 -0.8447036 0.4338532 0.5125373 -0.7565221 0.4061773 -0.4643467 -0.8033686 -0.3728017 -0.3237706 -0.933155 -0.1561869 -0.8498529 -0.4869925 -0.2014659 -0.8928067 0.4099855 0.186569 0.6439661 -0.7478181 0.1614801 0.3237703 -0.9331551 -0.1561868 0.4643464 -0.8033689 -0.3728014 0.1361236 -0.943575 0.3018884 0.1460747 -0.9768942 -0.1560127 0.1315045 -0.3333189 0.933598 -0.6256383 0.6921204 0.3599252 -0.5555078 0.7421875 -0.3749252 -0.6953182 0.7177881 -0.03623521 -0.7424986 0.6281945 -0.2325245 -0.3953796 0.887655 0.2361012 -0.6521029 -0.5817086 0.4861862 0.2973939 0.7197955 -0.6272569 0.8390017 0.4890887 -0.2384717 -0.3436779 -0.1655113 -0.9243872 -0.01387548 0.9994291 0.03080821 0 0.01790863 0.9998397 -0.7688114 -0.1221117 -0.6277084 -0.7405161 0.06063783 -0.6692973 -0.9674437 -0.21939 -0.1261782 0.8508457 -0.01913034 0.5250673 -0.01266264 -0.005725443 -0.9999035 -0.5934677 -0.4409237 -0.6733368 0.007047891 0.9183949 -0.3956026 0.5826483 -0.4240961 -0.693299 -0.270031 0.7283794 -0.6297196 0.3904486 -0.1455066 -0.9090533 -0.8827852 0.4108096 -0.2278723 0.622235 0.6252214 0.4710859 0.8620113 0.4047925 0.3050894 0.3298261 0.1722439 -0.9281955 -0.6596481 0.4629572 -0.5920602 -0.003992676 -0.6615112 0.7499247 -0.5638138 -0.5508761 0.6153452 -0.5625714 -0.551204 0.6161879 -0.003378272 -0.6608911 0.7504743 0.5551566 -0.5456855 0.627717 0.5622074 -0.5412319 0.6252928 -0.392736 0.2636678 -0.8810436 0.6254789 0.5049377 -0.5948229 0.7187685 0.4908705 -0.4923595 0.4275304 0.8495148 -0.3090997 0.6986403 0.08764874 -0.7100841 -0.7334601 0.4949756 -0.4658705 -0.7226085 0.07450634 -0.6872307 -0.4222957 0.8581077 -0.292092 -0.1361235 -0.943575 0.3018888 -0.1460742 -0.9768942 -0.1560133 -0.037799 -0.9569045 -0.2879322 -0.4561674 -0.2865081 -0.8425108 0.006591916 -0.377429 -0.9260151 0.4392288 -0.2617587 -0.8593955 0.2289341 0.9197279 0.3188883 -3.98849e-7 0.5299206 0.8480474 0.289191 0.5072758 0.8118127 0.8498529 -0.4869925 -0.2014656 0.8928071 0.4099847 0.1865698 -0.3563075 -0.8053584 0.4737539 -4.72716e-7 -0.8145823 0.5800482 -1.47162e-7 0.8020503 0.5972567 -0.9078575 0.3507163 -0.2297675 0.9078574 0.3507161 -0.2297676 -1.58601e-7 -0.1385275 -0.9903586 -0.1317597 0.8604805 0.4921512 -0.1484135 0.9826895 0.1108829 0 0.9850692 0.172159 0.5665784 0.1626488 -0.807796 0.717892 0.3884459 0.5777031 0.7036967 -0.3677367 -0.6079315 0.5790243 0.8006011 0.1541715 -0.5739033 0.8036768 0.1572859 -0.7059251 0.08100593 0.703639 -0.5125374 -0.7565218 0.4061776 0.3084377 -0.8495004 0.4280367 0.6604815 -0.3469106 0.6658959 0.6451539 0.07124996 0.7607233 0.8824061 0.4473879 -0.145615 -0.4611293 0.599806 0.6539057 0.46113 0.5998063 0.6539049 -0.8824061 0.4473879 -0.1456142 -0.4616741 0.09307473 -0.8821532 -0.2784582 0.8848863 0.373413 0.280577 0.3824176 0.8803598 0.4986518 0.8065237 0.3175941 -0.3933057 0.4276049 0.8139194 -0.7595622 0.211424 -0.6151141 -0.2534955 0.9567717 0.1425762 -0.8394981 0.5391659 0.06740212 0.4589104 0.8781753 0.134943 -0.7571025 -0.2953508 0.5827211 0.2628151 -0.1130326 0.9582025 -0.08146232 0.9157725 -0.3933507 0.7032326 0.4715813 -0.532048 -0.1877347 0.8833098 -0.4295576 0.3217888 0.8340668 -0.44809 -0.6032656 0.6345299 -0.4831588 -0.6167936 -0.1403572 -0.7745098 -0.2480815 0.02023911 0.9685277 -0.5860868 -0.09120839 0.8050983 0.2480813 0.02023917 0.9685278 0.5860859 -0.09120887 0.8050989 0.4462295 -0.2805044 0.8498216 0.245841 -0.353918 0.9023881 0.003269612 -0.3040413 0.9526532 0.6782889 0.7064882 -0.2019869 0 -0.9474657 0.3198577 0.4616741 0.09307491 -0.8821532 -9.70118e-7 0.890672 -0.4546465 -2.93739e-7 -0.1378028 -0.9904597 -0.9083752 0.3497779 -0.229151 0.9083749 0.3497786 -0.2291507 -4.22215e-7 0.8011131 0.5985131 3.37987e-7 -0.8145038 0.5801583 0.131847 0.8604568 0.4921692 0 0.8604806 0.5094832 -0.4358502 0.5194531 0.7349851 -0.2587973 0.3104768 0.9146739 -0.2539448 -0.5675604 -0.7831904 -0.4453572 -0.608396 -0.6568953 0.003006994 0.43295 -0.9014129 0.003007709 0.4329551 -0.9014106 0.003006756 0.4329589 -0.9014087 0.003006994 0.4329594 -0.9014084 -6.9085e-7 0.8480491 -0.5299178 0 0.8480494 -0.5299172 -1.27884e-6 0.848047 -0.5299211 0 0.84805 -0.5299162 6.61842e-7 0.8480489 -0.5299181 1.20361e-6 0.848047 -0.529921 0.351499 -0.8112525 0.4672449 -0.8718399 -0.1447682 0.4679074 -0.8884335 -0.06549376 0.4543089 3.00318e-6 -0.06430137 0.9979305 0 -0.06429803 0.9979308 1.80191e-6 -0.06430137 0.9979305 -2.3451e-6 -0.06429767 0.9979308 0.8718397 -0.1447677 0.4679079 0.8884332 -0.06549245 0.4543095 -0.5719907 0.1641814 -0.8036612 -0.717124 0.3870773 0.5795726 -0.7030153 -0.3701708 -0.6072422 -0.6820114 -0.6362695 0.3605852 0.748165 -0.5371087 -0.3895684 0.8093055 -0.2532336 0.5299978 0.3658947 -0.9045556 0.2188611 0.9003973 0.43199 0.05166584 0.3857244 0.3728086 0.8439376 0.03515762 0.9453518 0.3241508 -0.373488 0.3598985 0.8549737 -0.814983 0.5628089 0.1380181 -0.8101351 -0.2413123 0.5342748 -0.862758 -0.3667152 -0.3480931 -0.3805218 -0.9049367 0.1905068 -0.05383938 -0.8026669 -0.5939925 0.441059 -0.6087023 -0.6595063 -0.001517057 -0.8534765 -0.5211294 -0.2714851 -0.495891 -0.8248563 0.494952 -0.4642789 0.7344847 0.02097833 0.9763702 -0.2150841 -0.9310124 0.2978027 -0.2110202 -0.2011291 -0.1270294 0.9712933 -0.9701348 0.02430939 0.2413457 -0.4462292 -0.2805052 0.8498213 -0.2458422 -0.3539167 0.9023883 0.3791884 0.4156734 0.8266994 -0.003272116 -0.3040404 0.9526536 -0.3399934 -0.2348378 0.9106348 -0.4802153 -0.4883754 0.7286171 -0.8865678 0.02563333 -0.461888 0.5871608 -0.2030969 -0.7835776 0.2164661 -0.122117 0.9686228 -0.8824592 0.3836865 0.2721223 0 -0.4595359 0.8881592 0 -0.4595362 0.8881591 0 -0.4321204 0.901816 0 -0.4321225 0.9018149 0.0545547 -0.2809277 0.9581771 0.02057725 -0.3062781 0.9517197 0.06675332 -0.2187363 0.9734981 0.06309276 -0.2802822 0.957842 -0.05455517 -0.2809284 0.9581769 0.002033352 -0.3228198 0.9464583 -0.1420271 -0.2731426 0.9514313 -0.06886756 -0.2757967 0.9587458 -1.21785e-7 0.8896723 -0.4565999 -0.5387808 -0.01585525 0.8422968 0.002150237 0.5867874 -0.8097382 0.003007113 0.4329576 -0.9014092 0.003009736 0.4329466 -0.9014146 3.27903e-7 0.84805 -0.5299163 -3.27903e-7 0.8480506 -0.5299153 0.002644121 0.3870773 -0.9220435 0.003017783 0.4336246 -0.9010886 0.151644 -0.4655102 0.8719545 0.07072293 -0.2312765 0.9703142</float_array>
          <technique_common>
            <accessor source="#polygon0-mesh-normals-array" count="721" stride="3">
              <param name="X" type="float"/>
              <param name="Y" type="float"/>
              <param name="Z" type="float"/>
            </accessor>
          </technique_common>
        </source>
        <source id="polygon0-mesh-map-0">
          <float_array id="polygon0-mesh-map-0-array" count="6474">-0.0123291 0.9240723 -0.01513671 0.8908691 -0.01513671 0.9240723 -0.0123291 0.8908691 -0.01513671 0.8908691 -0.0123291 0.9240723 -0.009521484 0.9240723 -0.0123291 0.8908691 -0.0123291 0.9240723 -0.009521484 0.8908691 -0.0123291 0.8908691 -0.009521484 0.9240723 -0.006713867 0.9240723 -0.009521484 0.8908691 -0.009521484 0.9240723 -0.006713867 0.8908691 -0.009521484 0.8908691 -0.006713867 0.9240723 -0.00390625 0.9240723 -0.006713867 0.8908691 -0.006713867 0.9240723 -0.00390625 0.8908691 -0.006713867 0.8908691 -0.00390625 0.9240723 -0.001098632 0.9240723 -0.00390625 0.8908691 -0.00390625 0.9240723 -0.001098632 0.8908691 -0.00390625 0.8908691 -0.001098632 0.9240723 0.001708984 0.9240723 -0.001098632 0.8908691 -0.001098632 0.9240723 0.001708984 0.8908691 -0.001098632 0.8908691 0.001708984 0.9240723 0.004516601 0.9240723 0.001708984 0.8908691 0.001708984 0.9240723 0.004516601 0.8908691 0.001708984 0.8908691 0.004516601 0.9240723 0.007446289 0.9240723 0.004516601 0.8908691 0.004516601 0.9240723 0.007446289 0.8908691 0.004516601 0.8908691 0.007446289 0.9240723 0.0102539 0.9240723 0.007446289 0.8908691 0.007446289 0.9240723 0.0102539 0.8908691 0.007446289 0.8908691 0.0102539 0.9240723 0.01306152 0.9240723 0.0102539 0.8908691 0.0102539 0.9240723 0.01306152 0.8908691 0.0102539 0.8908691 0.01306152 0.9240723 0.2315674 0.4910889 0.2280273 0.3947754 0.2340088 0.4910889 0.2337646 0.3947754 0.2280273 0.3947754 0.2315674 0.4910889 0.2431641 0.4910889 0.2337646 0.3947754 0.2315674 0.4910889 0.2525635 0.3947754 0.2337646 0.3947754 0.2431641 0.4910889 0.262207 0.4910889 0.2525635 0.3947754 0.2431641 0.4910889 0.2734375 0.3947754 0.2525635 0.3947754 0.262207 0.4910889 0.2774658 0.4910889 0.2734375 0.3947754 0.262207 0.4910889 0.2841797 0.3947754 0.2734375 0.3947754 0.2774658 0.4910889 0.2799072 0.4910889 0.2841797 0.3947754 0.2774658 0.4910889 0.2784424 0.3947754 0.2841797 0.3947754 0.2799072 0.4910889 0.2681885 0.4910889 0.2784424 0.3947754 0.2799072 0.4910889 0.2596436 0.3947754 0.2784424 0.3947754 0.2681885 0.4910889 0.2492676 0.4910889 0.2596436 0.3947754 0.2681885 0.4910889 0.2387695 0.3947754 0.2596436 0.3947754 0.2492676 0.4910889 0.2340088 0.4910889 0.2387695 0.3947754 0.2492676 0.4910889 0.2280273 0.3947754 0.2387695 0.3947754 0.2340088 0.4910889 0.2340088 0.4910889 0.2280273 0.3947754 0.2315674 0.4910889 0.2387695 0.3947754 0.2280273 0.3947754 0.2340088 0.4910889 0.2492676 0.4910889 0.2387695 0.3947754 0.2340088 0.4910889 0.2596436 0.3947754 0.2387695 0.3947754 0.2492676 0.4910889 0.2681885 0.4910889 0.2596436 0.3947754 0.2492676 0.4910889 0.2784424 0.3947754 0.2596436 0.3947754 0.2681885 0.4910889 0.2799072 0.4910889 0.2784424 0.3947754 0.2681885 0.4910889 0.2841797 0.3947754 0.2784424 0.3947754 0.2799072 0.4910889 0.2774658 0.4910889 0.2841797 0.3947754 0.2799072 0.4910889 0.2734375 0.3947754 0.2841797 0.3947754 0.2774658 0.4910889 0.262207 0.4910889 0.2734375 0.3947754 0.2774658 0.4910889 0.2525635 0.3947754 0.2734375 0.3947754 0.262207 0.4910889 0.2431641 0.4910889 0.2525635 0.3947754 0.262207 0.4910889 0.2337646 0.3947754 0.2525635 0.3947754 0.2431641 0.4910889 0.2315674 0.4910889 0.2337646 0.3947754 0.2431641 0.4910889 0.2280273 0.3947754 0.2337646 0.3947754 0.2315674 0.4910889 0.1945801 0.4902344 0.1945801 0.4902344 0.199585 0.4925537 0.1894531 0.4925537 0.1945801 0.4902344 0.1945801 0.4902344 0.1894531 0.4925537 0.1894531 0.4925537 0.1945801 0.4902344 0.1873779 0.4979248 0.1894531 0.4925537 0.1894531 0.4925537 0.1873779 0.4979248 0.1873779 0.4979248 0.1894531 0.4925537 0.1894531 0.503418 0.1873779 0.4979248 0.1873779 0.4979248 0.1894531 0.503418 0.1894531 0.503418 0.1873779 0.4979248 0.1945801 0.5056152 0.1894531 0.503418 0.1894531 0.503418 0.1945801 0.5056152 0.1945801 0.5056152 0.1894531 0.503418 0.199585 0.503418 0.1945801 0.5056152 0.1945801 0.5056152 0.199585 0.503418 0.199585 0.503418 0.1945801 0.5056152 0.2016602 0.4979248 0.199585 0.503418 0.199585 0.503418 0.2016602 0.4979248 0.2016602 0.4979248 0.199585 0.503418 0.199585 0.4925537 0.2016602 0.4979248 0.2016602 0.4979248 0.199585 0.4925537 0.199585 0.4925537 0.2016602 0.4979248 0.1945801 0.4902344 0.199585 0.4925537 0.199585 0.4925537 0.1945801 0.4902344 0.1945801 0.4902344 0.199585 0.4925537 0.1894531 0.4925537 0.1945801 0.4902344 0.1945801 0.4902344 0.1894531 0.4925537 0.1894531 0.4925537 0.1945801 0.4902344 0.1873779 0.4979248 0.1894531 0.4925537 0.1894531 0.4925537 0.1873779 0.4979248 0.1873779 0.4979248 0.1894531 0.4925537 0.1894531 0.503418 0.1873779 0.4979248 0.1873779 0.4979248 0.1894531 0.503418 0.1894531 0.503418 0.1873779 0.4979248 0.1945801 0.5056152 0.1894531 0.503418 0.1894531 0.503418 0.1945801 0.5056152 0.1945801 0.5056152 0.1894531 0.503418 0.199585 0.503418 0.1945801 0.5056152 0.1945801 0.5056152 0.199585 0.503418 0.199585 0.503418 0.1945801 0.5056152 0.2016602 0.4979248 0.199585 0.503418 0.199585 0.503418 0.2016602 0.4979248 0.2016602 0.4979248 0.199585 0.503418 0.199585 0.4925537 0.2016602 0.4979248 0.2016602 0.4979248 0.199585 0.4925537 0.199585 0.4925537 0.2016602 0.4979248 0.1945801 0.4902344 0.199585 0.4925537 0.199585 0.4925537 0.007446289 0.9240723 0.007446289 0.8908691 0.0102539 0.9240723 0.004516601 0.8908691 0.007446289 0.8908691 0.007446289 0.9240723 0.004516601 0.9240723 0.004516601 0.8908691 0.007446289 0.9240723 0.001708984 0.8908691 0.004516601 0.8908691 0.004516601 0.9240723 0.001708984 0.9240723 0.001708984 0.8908691 0.004516601 0.9240723 -0.001098632 0.8908691 0.001708984 0.8908691 0.001708984 0.9240723 -0.001098632 0.9240723 -0.001098632 0.8908691 0.001708984 0.9240723 -0.00390625 0.8908691 -0.001098632 0.8908691 -0.001098632 0.9240723 -0.00390625 0.9240723 -0.00390625 0.8908691 -0.001098632 0.9240723 -0.006713867 0.8908691 -0.00390625 0.8908691 -0.00390625 0.9240723 -0.006713867 0.9240723 -0.006713867 0.8908691 -0.00390625 0.9240723 -0.009521484 0.8908691 -0.006713867 0.8908691 -0.006713867 0.9240723 -0.009521484 0.9240723 -0.009521484 0.8908691 -0.006713867 0.9240723 -0.0123291 0.8908691 -0.009521484 0.8908691 -0.009521484 0.9240723 -0.0123291 0.9240723 -0.0123291 0.8908691 -0.009521484 0.9240723 0.7663574 0.3713379 0.7740479 0.2393799 0.7805176 0.3713379 0.7670898 0.2393799 0.7740479 0.2393799 0.7663574 0.3713379 0.7476807 0.3659668 0.7670898 0.2393799 0.7663574 0.3713379 0.71875 0.2393799 0.7670898 0.2393799 0.7476807 0.3659668 0.7138672 0.3363037 0.71875 0.2393799 0.7476807 0.3659668 0.7105713 0.2393799 0.71875 0.2393799 0.7138672 0.3363037 0.7073975 0.3363037 0.7105713 0.2393799 0.7138672 0.3363037 0.6966553 0.3363037 0.7105713 0.2393799 0.7073975 0.3363037 0.7087402 0.3634033 0.6966553 0.3363037 0.7073975 0.3363037 0.6929932 0.3363037 0.6966553 0.3363037 0.7087402 0.3634033 0.6964111 0.2393799 0.6929932 0.3363037 0.7087402 0.3634033 0.6999512 0.2393799 0.6929932 0.3363037 0.6964111 0.2393799 0.737915 0.3635254 0.7683105 0.3825684 0.7714844 0.4282227 0.7087402 0.3634033 0.7683105 0.3825684 0.737915 0.3635254 0.7138672 0.3363037 0.7087402 0.3634033 0.737915 0.3635254 0.7073975 0.3363037 0.7087402 0.3634033 0.7138672 0.3363037 0.7105713 0.2393799 0.7073975 0.3363037 0.7138672 0.3363037 0.6966553 0.3363037 0.7073975 0.3363037 0.7105713 0.2393799 0.6999512 0.2393799 0.6966553 0.3363037 0.7105713 0.2393799 0.6929932 0.3363037 0.6966553 0.3363037 0.6999512 0.2393799 0.6964111 0.2393799 0.6929932 0.3363037 0.6999512 0.2393799 0.7683105 0.3825684 0.6929932 0.3363037 0.6964111 0.2393799 0.756958 0.2393799 0.7683105 0.3825684 0.6964111 0.2393799 0.7701416 0.2393799 0.7683105 0.3825684 0.756958 0.2393799 0.1115723 0.7869873 0.1293945 0.8135986 0.1114502 0.8415527 0.1173096 0.7443848 0.1293945 0.8135986 0.1115723 0.7869873 0.09472656 0.7425537 0.1173096 0.7443848 0.1115723 0.7869873 0.08605957 0.7015381 0.1173096 0.7443848 0.09472656 0.7425537 0.06726074 0.7252197 0.08605957 0.7015381 0.09472656 0.7425537 0.04760742 0.7015381 0.08605957 0.7015381 0.06726074 0.7252197 0.03967285 0.7416992 0.04760742 0.7015381 0.06726074 0.7252197 0.01647949 0.7443848 0.04760742 0.7015381 0.03967285 0.7416992 0.02270507 0.7856445 0.01647949 0.7443848 0.03967285 0.7416992 0.004760742 0.8135986 0.01647949 0.7443848 0.02270507 0.7856445 0.1826172 1.018555 -6.10352e-4 1.019287 0.1809082 0.9471436 0.182251 0.9586182 -6.10352e-4 1.019287 0.1826172 1.018555 0.1805419 1.018799 0.182251 0.9586182 0.1826172 1.018555 -6.10352e-4 1.019653 0.182251 0.9586182 0.1805419 1.018799 0.1809082 0.9471436 -6.10352e-4 1.019653 0.1805419 1.018799 -6.10352e-4 0.947876 -6.10352e-4 1.019653 0.1809082 0.9471436 -6.10352e-4 1.019287 -6.10352e-4 0.947876 0.1809082 0.9471436 -6.10352e-4 0.9594727 -6.10352e-4 0.947876 -6.10352e-4 1.019287 0.182251 0.9586182 -6.10352e-4 0.9594727 -6.10352e-4 1.019287 -6.10352e-4 1.019653 -6.10352e-4 0.9594727 0.182251 0.9586182 0.1629639 1.029297 0.1359863 0.9971924 0.1629639 1.000244 0.1359863 1.029297 0.1359863 0.9971924 0.1629639 1.029297 0.1629639 1.02417 0.1359863 1.029297 0.1629639 1.029297 0.1359863 1.02417 0.1359863 1.029297 0.1629639 1.02417 0.1629639 1.004272 0.1359863 1.02417 0.1629639 1.02417 0.1359863 1.004272 0.1359863 1.02417 0.1629639 1.004272 0.1629639 0.9650879 0.1359863 1.004272 0.1629639 1.004272 0.1359863 0.9650879 0.1359863 1.004272 0.1629639 0.9650879 0.1629639 0.9650879 0.1359863 0.9650879 0.1629639 0.9650879 0.1359863 0.9650879 0.1359863 0.9650879 0.1629639 0.9650879 0.5584717 0.8022461 0.6107178 0.9285889 0.6086426 0.8022461 0.5490723 0.9232178 0.6107178 0.9285889 0.5584717 0.8022461 0.5367432 0.8022461 0.5490723 0.9232178 0.5584717 0.8022461 0.5313721 0.9185791 0.5490723 0.9232178 0.5367432 0.8022461 0.5228271 0.8022461 0.5313721 0.9185791 0.5367432 0.8022461 0.5223389 0.90271 0.5313721 0.9185791 0.5228271 0.8022461 0.5313721 0.9185791 0.5223389 0.90271 0.5228271 0.8022461 0.5217285 0.9187012 0.5223389 0.90271 0.5313721 0.9185791 0.5372314 0.9309082 0.5217285 0.9187012 0.5313721 0.9185791 0.5275879 0.9310303 0.5217285 0.9187012 0.5372314 0.9309082 0.4146729 0.05285644 0.310791 -0.01525878 0.3105469 -0.07470703 0.3110352 0.04418945 0.310791 -0.01525878 0.4146729 0.05285644 0.4812012 0.1004639 0.3110352 0.04418945 0.4146729 0.05285644 0.3110352 0.2138672 0.3110352 0.04418945 0.4812012 0.1004639 0.4217529 0.376709 0.3110352 0.2138672 0.4812012 0.1004639 0.3094482 0.4019775 0.3110352 0.2138672 0.4217529 0.376709 0.401001 0.5806885 0.3094482 0.4019775 0.4217529 0.376709 0.3088379 0.4619141 0.3094482 0.4019775 0.401001 0.5806885 0.3511963 0.6434326 0.3088379 0.4619141 0.401001 0.5806885 -0.449585 0.7227783 -0.4261475 0.7191162 -0.4261475 0.7248535 -0.4261475 0.7191162 -0.4261475 0.7191162 -0.449585 0.7227783 -0.449585 0.7227783 -0.4261475 0.7191162 -0.449585 0.7227783 -0.4261475 0.7248535 -0.4261475 0.7191162 -0.449585 0.7227783 -0.449585 0.7287598 -0.4261475 0.7248535 -0.449585 0.7227783 -0.4261475 0.7320557 -0.4261475 0.7248535 -0.449585 0.7287598 -0.449585 0.7349854 -0.4261475 0.7320557 -0.449585 0.7287598 -0.4263916 0.7391357 -0.4261475 0.7320557 -0.449585 0.7349854 -0.4301758 0.7424316 -0.4263916 0.7391357 -0.449585 0.7349854 0.6175537 0.9631348 0.5993652 0.9344482 0.619751 0.923584 0.5858154 0.9766846 0.5993652 0.9344482 0.6175537 0.9631348 0.6107178 1.007324 0.5858154 0.9766846 0.6175537 0.9631348 0.6107178 1.007446 0.5858154 0.9766846 0.6107178 1.007324 0.6159668 0.9766846 0.6107178 1.007446 0.6107178 1.007324 0.5858154 0.9766846 0.6107178 1.007446 0.6159668 0.9766846 0.6021729 0.9732666 0.5858154 0.9766846 0.6159668 0.9766846 0.5993652 0.9344482 0.5858154 0.9766846 0.6021729 0.9732666 0.6201172 0.9412842 0.5993652 0.9344482 0.6021729 0.9732666 0.5894775 0.5063477 0.5496826 0.4541016 0.604126 0.6447754 0.5249023 0.296875 0.5496826 0.4541016 0.5894775 0.5063477 0.5625 0.3117676 0.5249023 0.296875 0.5894775 0.5063477 0.5664063 0.251709 0.5249023 0.296875 0.5625 0.3117676 0.5843506 0.2995605 0.5664063 0.251709 0.5625 0.3117676 0.5262451 0.1879883 0.5664063 0.251709 0.5843506 0.2995605 0.5856934 0.2497559 0.5262451 0.1879883 0.5843506 0.2995605 0.5593262 0.2036133 0.5262451 0.1879883 0.5856934 0.2497559 0.5841064 0.215332 0.5593262 0.2036133 0.5856934 0.2497559 -0.6002197 0.727417 -0.6268311 0.6865234 -0.6052246 0.727417 -0.6247559 0.6405029 -0.6268311 0.6865234 -0.6002197 0.727417 -0.5938721 0.727417 -0.6247559 0.6405029 -0.6002197 0.727417 -0.6071777 0.5831299 -0.6247559 0.6405029 -0.5938721 0.727417 -0.5805664 0.727417 -0.6071777 0.5831299 -0.5938721 0.727417 -0.5805664 0.6228027 -0.6071777 0.5831299 -0.5805664 0.727417 -0.565918 0.727417 -0.5805664 0.6228027 -0.5805664 0.727417 -0.5540771 0.69104 -0.5805664 0.6228027 -0.565918 0.727417 -0.5537109 0.727417 -0.5540771 0.69104 -0.565918 0.727417 -0.5537109 0.727417 -0.536377 0.6938477 -0.5447998 0.727417 -0.5540771 0.69104 -0.536377 0.6938477 -0.5537109 0.727417 -0.565918 0.727417 -0.5540771 0.69104 -0.5537109 0.727417 -0.5805664 0.6228027 -0.5540771 0.69104 -0.565918 0.727417 -0.5805664 0.727417 -0.5805664 0.6228027 -0.565918 0.727417 -0.6071777 0.5831299 -0.5805664 0.6228027 -0.5805664 0.727417 -0.5938721 0.727417 -0.6071777 0.5831299 -0.5805664 0.727417 -0.6247559 0.6405029 -0.6071777 0.5831299 -0.5938721 0.727417 -0.6002197 0.727417 -0.6247559 0.6405029 -0.5938721 0.727417 0.401001 0.5806885 0.3088379 0.4619141 0.3511963 0.6434326 0.3094482 0.4019775 0.3088379 0.4619141 0.401001 0.5806885 0.4217529 0.376709 0.3094482 0.4019775 0.401001 0.5806885 0.3110352 0.2138672 0.3094482 0.4019775 0.4217529 0.376709 0.4812012 0.1004639 0.3110352 0.2138672 0.4217529 0.376709 0.3110352 0.04321289 0.3110352 0.2138672 0.4812012 0.1004639 0.4146729 0.05285644 0.3110352 0.04321289 0.4812012 0.1004639 0.310791 -0.01574707 0.3110352 0.04321289 0.4146729 0.05285644 0.3105469 -0.07470703 0.310791 -0.01574707 0.4146729 0.05285644 0.5543213 0.935791 0.6107178 0.9285889 0.5490723 0.9232178 0.5601807 0.9522705 0.6107178 0.9285889 0.5543213 0.935791 0.5482178 0.9377442 0.5601807 0.9522705 0.5543213 0.935791 0.5617676 0.9624023 0.5601807 0.9522705 0.5482178 0.9377442 0.5418701 0.94104 0.5617676 0.9624023 0.5482178 0.9377442 0.5621338 0.9678955 0.5617676 0.9624023 0.5418701 0.94104 0.5617676 0.9624023 0.5621338 0.9678955 0.5418701 0.94104 0.6346436 0.9691162 0.5621338 0.9678955 0.5617676 0.9624023 0.6346436 0.9578857 0.6346436 0.9691162 0.5617676 0.9624023 0.5562744 0.8394775 0.5921631 0.8691406 0.5770264 0.8554688 0.590332 0.8983154 0.5921631 0.8691406 0.5562744 0.8394775 0.5354004 0.842041 0.590332 0.8983154 0.5562744 0.8394775 0.5369873 0.8989258 0.590332 0.8983154 0.5354004 0.842041 0.5235596 0.8778076 0.5369873 0.8989258 0.5354004 0.842041 0.5378418 0.9091797 0.5369873 0.8989258 0.5235596 0.8778076 0.5270996 0.8656006 0.5378418 0.9091797 0.5235596 0.8778076 0.619751 0.923584 0.5378418 0.9091797 0.5270996 0.8656006 1.052856 0.6032715 0.9733887 0.1176758 0.9733887 0.6032715 1.064087 0.1176758 0.9733887 0.1176758 1.052856 0.6032715 1.026367 0.6032715 1.064087 0.1176758 1.052856 0.6032715 1.026367 0.1176758 1.064087 0.1176758 1.026367 0.6032715 0.9342041 0.6032715 1.026367 0.1176758 1.026367 0.6032715 0.9342041 0.1176758 1.026367 0.1176758 0.9342041 0.6032715 0.9733887 0.6032715 0.9342041 0.1176758 0.9342041 0.6032715 0.9733887 0.1176758 0.9342041 0.1176758 0.9733887 0.6032715 0.7462158 0.5030518 0.7598877 0.4945068 0.7554932 0.4945068 0.7491455 0.5030518 0.7598877 0.4945068 0.7462158 0.5030518 0.7548828 0.5310059 0.7491455 0.5030518 0.7462158 0.5030518 0.7598877 0.4945068 0.7491455 0.5030518 0.7548828 0.5310059 0.772583 0.5310059 0.7598877 0.4945068 0.7548828 0.5310059 0.7727051 0.4968262 0.7598877 0.4945068 0.772583 0.5310059 0.7692871 0.5310059 0.7727051 0.4968262 0.772583 0.5310059 0.7696533 0.4968262 0.7727051 0.4968262 0.7692871 0.5310059 1.07666 0.6237793 0.9222412 0.6237793 1.07666 0.6900635 0.9222412 0.6237793 0.9222412 0.6237793 1.07666 0.6237793 1.07666 0.6237793 0.9222412 0.6237793 1.07666 0.6237793 0.9222412 0.6900635 0.9222412 0.6237793 1.07666 0.6237793 1.07666 0.6900635 0.9222412 0.6900635 1.07666 0.6237793 0.9222412 0.6900635 0.9222412 0.6900635 1.07666 0.6900635 1.07666 0.6900635 0.9222412 0.6900635 1.07666 0.6900635 0.9222412 0.6237793 0.9222412 0.6900635 1.07666 0.6900635 0.5780029 1.200928 0.638916 1.200928 0.5765381 0.7949219 0.6379395 1.001953 0.638916 1.200928 0.5780029 1.200928 0.5769043 1.001953 0.6379395 1.001953 0.5780029 1.200928 0.6364746 0.8652344 0.6379395 1.001953 0.5769043 1.001953 0.5755615 0.8652344 0.6364746 0.8652344 0.5769043 1.001953 0.6375732 0.7949219 0.6364746 0.8652344 0.5755615 0.8652344 0.5765381 0.7949219 0.6375732 0.7949219 0.5755615 0.8652344 0.638916 1.200928 0.6375732 0.7949219 0.5765381 0.7949219 0.9733887 0.6032715 0.9733887 0.1176758 1.052856 0.6032715 0.9342041 0.1176758 0.9733887 0.1176758 0.9733887 0.6032715 0.9342041 0.6032715 0.9342041 0.1176758 0.9733887 0.6032715 1.026367 0.1176758 0.9342041 0.1176758 0.9342041 0.6032715 1.026367 0.6032715 1.026367 0.1176758 0.9342041 0.6032715 1.064087 0.1176758 1.026367 0.1176758 1.026367 0.6032715 1.052856 0.6032715 1.064087 0.1176758 1.026367 0.6032715 0.9733887 0.1176758 1.064087 0.1176758 1.052856 0.6032715 1.07666 0.6900635 0.9222412 0.6900635 1.07666 0.6900635 0.9222412 0.6900635 0.9222412 0.6900635 1.07666 0.6900635 1.07666 0.6237793 0.9222412 0.6900635 1.07666 0.6900635 0.9222412 0.6237793 0.9222412 0.6900635 1.07666 0.6237793 1.07666 0.6237793 0.9222412 0.6237793 1.07666 0.6237793 0.9222412 0.6237793 0.9222412 0.6237793 1.07666 0.6237793 1.07666 0.6900635 0.9222412 0.6237793 1.07666 0.6237793 0.9222412 0.6900635 0.9222412 0.6237793 1.07666 0.6900635 1.068726 0.7180176 0.8964844 0.7180176 1.056274 0.6430664 0.8964844 0.7180176 0.8964844 0.7180176 1.068726 0.7180176 1.068726 0.7180176 0.8964844 0.7180176 1.068726 0.7180176 0.8839111 0.6430664 0.8964844 0.7180176 1.068726 0.7180176 1.056274 0.6430664 0.8839111 0.6430664 1.068726 0.7180176 0.8839111 0.6430664 0.8839111 0.6430664 1.056274 0.6430664 1.056274 0.6430664 0.8839111 0.6430664 1.056274 0.6430664 0.8964844 0.7180176 0.8839111 0.6430664 1.056274 0.6430664 1.056274 0.6430664 0.8964844 0.7180176 1.068726 0.7180176 0.8839111 0.6430664 0.8964844 0.7180176 1.056274 0.6430664 1.056274 0.6430664 0.8839111 0.6430664 1.056274 0.6430664 0.8839111 0.6430664 0.8839111 0.6430664 1.056274 0.6430664 1.068726 0.7180176 0.8839111 0.6430664 1.056274 0.6430664 0.8964844 0.7180176 0.8839111 0.6430664 1.068726 0.7180176 1.068726 0.7180176 0.8964844 0.7180176 1.068726 0.7180176 0.8964844 0.7180176 0.8964844 0.7180176 1.068726 0.7180176 0.5765381 0.7949219 0.638916 1.200928 0.5780029 1.200928 0.6375732 0.7949219 0.638916 1.200928 0.5765381 0.7949219 0.5755615 0.8652344 0.6375732 0.7949219 0.5765381 0.7949219 0.6364746 0.8652344 0.6375732 0.7949219 0.5755615 0.8652344 0.5769043 1.001953 0.6364746 0.8652344 0.5755615 0.8652344 0.6379395 1.001953 0.6364746 0.8652344 0.5769043 1.001953 0.5780029 1.200928 0.6379395 1.001953 0.5769043 1.001953 0.638916 1.200928 0.6379395 1.001953 0.5780029 1.200928 1.070801 0.03991699 1.178955 -0.0805664 1.071533 -0.08007812 1.178955 0.03991699 1.178955 -0.0805664 1.070801 0.03991699 1.070801 0.1506348 1.178955 0.03991699 1.070801 0.03991699 1.178955 0.1506348 1.178955 0.03991699 1.070801 0.1506348 1.070801 0.2613525 1.178955 0.1506348 1.070801 0.1506348 1.178955 0.2613525 1.178955 0.1506348 1.070801 0.2613525 1.178955 0.4697266 1.178955 0.2613525 1.070801 0.2613525 1.070801 0.46875 1.178955 0.4697266 1.070801 0.2613525 1.167236 0.661377 1.178955 0.4697266 1.070801 0.46875 1.070801 0.6915283 1.167236 0.661377 1.070801 0.46875 1.142944 0.7388916 1.167236 0.661377 1.070801 0.6915283 1.070801 0.8127441 1.142944 0.7388916 1.070801 0.6915283 1.120483 0.8319092 1.142944 0.7388916 1.070801 0.8127441 1.070801 0.8900146 1.120483 0.8319092 1.070801 0.8127441 1.070801 0.6915283 1.142944 0.7388916 1.070801 0.8123779 1.167236 0.661377 1.142944 0.7388916 1.070801 0.6915283 1.070801 0.46875 1.167236 0.661377 1.070801 0.6915283 1.178955 0.4697266 1.167236 0.661377 1.070801 0.46875 1.070801 0.2613525 1.178955 0.4697266 1.070801 0.46875 1.178955 0.2613525 1.178955 0.4697266 1.070801 0.2613525 1.178955 0.1506348 1.178955 0.2613525 1.070801 0.2613525 0.03967285 0.7416992 0.01647949 0.7443848 0.02270507 0.7856445 0.04760742 0.7015381 0.01647949 0.7443848 0.03967285 0.7416992 0.06726074 0.7252197 0.04760742 0.7015381 0.03967285 0.7416992 0.08605957 0.7015381 0.04760742 0.7015381 0.06726074 0.7252197 0.09472656 0.7425537 0.08605957 0.7015381 0.06726074 0.7252197 0.1173096 0.7443848 0.08605957 0.7015381 0.09472656 0.7425537 0.1115723 0.7869873 0.1173096 0.7443848 0.09472656 0.7425537 0.5389404 -0.3920898 0.5550537 -0.2128906 0.5299072 -0.2172852 0.5953369 -0.4904785 0.5550537 -0.2128906 0.5389404 -0.3920898 0.4882813 -0.5231934 0.5953369 -0.4904785 0.5389404 -0.3920898 0.5316162 -0.5957031 0.5953369 -0.4904785 0.4882813 -0.5231934 0.467041 -0.5897217 0.5316162 -0.5957031 0.4882813 -0.5231934 0.5720215 -0.6783447 0.5316162 -0.5957031 0.467041 -0.5897217 0.4294434 0.5992432 0.4163818 0.6369629 0.4296875 0.6436768 0.4018555 0.628418 0.4163818 0.6369629 0.4294434 0.5992432 0.4141846 0.5889893 0.4018555 0.628418 0.4294434 0.5992432 0.3988037 0.5887451 0.4018555 0.628418 0.4141846 0.5889893 0.4257813 0.5391846 0.3988037 0.5887451 0.4141846 0.5889893 0.4067383 0.5627441 0.3988037 0.5887451 0.4257813 0.5391846 0.5274658 -0.123291 0.6170654 -0.08911132 0.4317627 -0.08703613 0.612915 -0.1231689 0.6170654 -0.08911132 0.5274658 -0.123291 0.5274658 0.1192627 0.612915 -0.1231689 0.5274658 -0.123291 0.6120605 0.119751 0.612915 -0.1231689 0.5274658 0.1192627 0.4317627 0.08984375 0.6120605 0.119751 0.5274658 0.1192627 0.612793 0.08984375 0.6120605 0.119751 0.4317627 0.08984375 0.6517334 0.8709717 0.6517334 0.9625244 0.6416016 0.9082031 0.7102051 0.9625244 0.6517334 0.9625244 0.6517334 0.8709717 0.7102051 0.8709717 0.7102051 0.9625244 0.6517334 0.8709717 0.7807617 0.9625244 0.7102051 0.9625244 0.7102051 0.8709717 0.7807617 0.8709717 0.7807617 0.9625244 0.7102051 0.8709717 0.8085938 0.8712158 0.7807617 0.9625244 0.7807617 0.8709717 0.5856934 0.2497559 0.6234131 0.3486328 0.5841064 0.215332 0.6070557 0.3450928 0.6234131 0.3486328 0.5856934 0.2497559 0.5843506 0.2995605 0.6070557 0.3450928 0.5856934 0.2497559 0.6064453 0.4571533 0.6070557 0.3450928 0.5843506 0.2995605 0.6162109 0.5059814 0.6064453 0.4571533 0.5843506 0.2995605 0.6207275 0.5054932 0.6064453 0.4571533 0.6162109 0.5059814 0.7807617 1.048584 0.7807617 0.9625244 0.8125 1.048096 0.7102051 0.9625244 0.7807617 0.9625244 0.7807617 1.048584 0.7102051 1.048584 0.7102051 0.9625244 0.7807617 1.048584 0.6517334 0.9625244 0.7102051 0.9625244 0.7102051 1.048584 0.6517334 1.048584 0.6517334 0.9625244 0.7102051 1.048584 0.6433105 1.013062 0.6517334 0.9625244 0.6517334 1.048584 1.049683 0.8056641 1.044312 0.835083 1.055664 0.9091797 1.043335 0.7481689 1.044312 0.835083 1.049683 0.8056641 1.038818 0.8343506 1.043335 0.7481689 1.049683 0.8056641 0.9572754 0.7481689 1.043335 0.7481689 1.038818 0.8343506 0.9614259 0.8342285 0.9572754 0.7481689 1.038818 0.8343506 0.9498291 0.8077393 0.9572754 0.7481689 0.9614259 0.8342285 0.6517334 1.048584 0.6517334 0.9625244 0.6433105 1.013062 0.7102051 0.9625244 0.6517334 0.9625244 0.6517334 1.048584 0.7102051 1.048584 0.7102051 0.9625244 0.6517334 1.048584 0.7807617 0.9625244 0.7102051 0.9625244 0.7102051 1.048584 0.7807617 1.048584 0.7807617 0.9625244 0.7102051 1.048584 0.8125 1.047852 0.7807617 0.9625244 0.7807617 1.048584 -0.3712158 0.7398682 -0.3848877 0.6622314 -0.3912354 0.6644287 -0.3803711 0.659668 -0.3848877 0.6622314 -0.3712158 0.7398682 -0.3687744 0.7408447 -0.3803711 0.659668 -0.3712158 0.7398682 -0.3737793 0.6595459 -0.3803711 0.659668 -0.3687744 0.7408447 -0.3666992 0.7406006 -0.3737793 0.6595459 -0.3687744 0.7408447 -0.364502 0.65979 -0.3737793 0.6595459 -0.3666992 0.7406006 0.7807617 0.8709717 0.7807617 0.9625244 0.8084717 0.8712158 0.7102051 0.9625244 0.7807617 0.9625244 0.7807617 0.8709717 0.7102051 0.8709717 0.7102051 0.9625244 0.7807617 0.8709717 0.6517334 0.9625244 0.7102051 0.9625244 0.7102051 0.8709717 0.6517334 0.8709717 0.6517334 0.9625244 0.7102051 0.8709717 0.6416016 0.9082031 0.6517334 0.9625244 0.6517334 0.8709717 0.6517334 0.8709717 0.6517334 0.8118896 0.6413574 0.8422852 0.7102051 0.8118896 0.6517334 0.8118896 0.6517334 0.8709717 0.7102051 0.8709717 0.7102051 0.8118896 0.6517334 0.8709717 0.7807617 0.8118896 0.7102051 0.8118896 0.7102051 0.8709717 0.7807617 0.8709717 0.7807617 0.8118896 0.7102051 0.8709717 0.8084717 0.8712158 0.7807617 0.8118896 0.7807617 0.8709717 0.6517334 0.7525635 0.6517334 0.8118896 0.6430664 0.7919922 0.7102051 0.8118896 0.6517334 0.8118896 0.6517334 0.7525635 0.7102051 0.7525635 0.7102051 0.8118896 0.6517334 0.7525635 0.7807617 0.8118896 0.7102051 0.8118896 0.7102051 0.7525635 0.7807617 0.7525635 0.7807617 0.8118896 0.7102051 0.7525635 0.8129883 0.7536621 0.7807617 0.8118896 0.7807617 0.7525635 0.3988037 0.5887451 0.3951416 0.6103516 0.4018555 0.628418 0.3951416 0.6103516 0.3951416 0.6103516 0.3988037 0.5887451 0.3988037 0.5887451 0.3951416 0.6103516 0.3988037 0.5887451 0.4018555 0.628418 0.3951416 0.6103516 0.3988037 0.5887451 0.4141846 0.5889893 0.4018555 0.628418 0.3988037 0.5887451 0.4294434 0.5992432 0.4018555 0.628418 0.4141846 0.5889893 0.7807617 0.8709717 0.7807617 0.8118896 0.8085938 0.8712158 0.7102051 0.8118896 0.7807617 0.8118896 0.7807617 0.8709717 0.7102051 0.8709717 0.7102051 0.8118896 0.7807617 0.8709717 0.6517334 0.8118896 0.7102051 0.8118896 0.7102051 0.8709717 0.6517334 0.8709717 0.6517334 0.8118896 0.7102051 0.8709717 0.6413574 0.8422852 0.6517334 0.8118896 0.6517334 0.8709717 0.4294434 0.5992432 0.4163818 0.6369629 0.4018555 0.628418 0.4296875 0.6436768 0.4163818 0.6369629 0.4294434 0.5992432 0.4381104 0.598999 0.4296875 0.6436768 0.4294434 0.5992432 0.442627 0.6586914 0.4296875 0.6436768 0.4381104 0.598999 0.4498291 0.5986328 0.442627 0.6586914 0.4381104 0.598999 0.4488525 0.6422119 0.442627 0.6586914 0.4498291 0.5986328 0.5354004 0.842041 0.532959 0.8011475 0.5562744 0.8394775 0.5235596 0.8778076 0.532959 0.8011475 0.5354004 0.842041 0.5369873 0.8989258 0.5235596 0.8778076 0.5354004 0.842041 0.5378418 0.9091797 0.5235596 0.8778076 0.5369873 0.8989258 0.590332 0.8983154 0.5378418 0.9091797 0.5369873 0.8989258 0.5993652 0.9344482 0.5378418 0.9091797 0.590332 0.8983154 0.7807617 0.7525635 0.7807617 0.8118896 0.8129883 0.7536621 0.7102051 0.8118896 0.7807617 0.8118896 0.7807617 0.7525635 0.7102051 0.7525635 0.7102051 0.8118896 0.7807617 0.7525635 0.6517334 0.8118896 0.7102051 0.8118896 0.7102051 0.7525635 0.6517334 0.7525635 0.6517334 0.8118896 0.7102051 0.7525635 0.6430664 0.7919922 0.6517334 0.8118896 0.6517334 0.7525635 0.5993652 0.9344482 0.6175537 0.9631348 0.619751 0.923584 0.5858154 0.9766846 0.6175537 0.9631348 0.5993652 0.9344482 0.6021729 0.9732666 0.5858154 0.9766846 0.5993652 0.9344482 0.6159668 0.9766846 0.5858154 0.9766846 0.6021729 0.9732666 0.6201172 0.9412842 0.6159668 0.9766846 0.6021729 0.9732666 0.5664063 0.251709 0.4846191 0.1688232 0.4946289 0.1405029 0.5249023 0.296875 0.4846191 0.1688232 0.5664063 0.251709 0.5625 0.3117676 0.5249023 0.296875 0.5664063 0.251709 0.5894775 0.5064697 0.5249023 0.296875 0.5625 0.3117676 0.5969238 0.5063477 0.5894775 0.5064697 0.5625 0.3117676 0.5625 0.3117676 0.6020508 0.5061035 0.5969238 0.5063477 0.5843506 0.2995605 0.6020508 0.5061035 0.5625 0.3117676 0.5664063 0.251709 0.5843506 0.2995605 0.5625 0.3117676 0.5262451 0.1879883 0.5843506 0.2995605 0.5664063 0.251709 0.4946289 0.1405029 0.5262451 0.1879883 0.5664063 0.251709 -0.3687744 0.7408447 -0.3737793 0.6606445 -0.3666992 0.7406006 -0.3803711 0.6605225 -0.3737793 0.6606445 -0.3687744 0.7408447 -0.3712158 0.7398682 -0.3803711 0.6605225 -0.3687744 0.7408447 -0.3848877 0.6629639 -0.3803711 0.6605225 -0.3712158 0.7398682 -0.3912354 0.6651611 -0.3848877 0.6629639 -0.3712158 0.7398682 0.0559082 0.3181152 -0.008789062 0.001342773 -0.04455566 0.001831054 0.06921386 7.32422e-4 -0.008789062 0.001342773 0.0559082 0.3181152 0.2008057 0.3295898 0.06921386 7.32422e-4 0.0559082 0.3181152 0.199585 8.54492e-4 0.06921386 7.32422e-4 0.2008057 0.3295898 0.3052979 0.001953125 0.199585 8.54492e-4 0.2008057 0.3295898 0.5843506 0.2995605 0.6162109 0.5059814 0.6020508 0.5061035 0.6064453 0.4571533 0.6162109 0.5059814 0.5843506 0.2995605 0.6071777 0.3450928 0.6064453 0.4571533 0.5843506 0.2995605 0.6234131 0.3486328 0.6064453 0.4571533 0.6071777 0.3450928 0.5856934 0.2501221 0.6234131 0.3486328 0.6071777 0.3450928 0.5482178 0.9377442 0.5617676 0.9624023 0.5418701 0.94104 0.5601807 0.9522705 0.5617676 0.9624023 0.5482178 0.9377442 0.5543213 0.935791 0.5601807 0.9522705 0.5482178 0.9377442 0.6107178 0.9285889 0.5601807 0.9522705 0.5543213 0.935791 0.5490723 0.9232178 0.6107178 0.9285889 0.5543213 0.935791 -1.028687 0.2945557 -1.063354 0.2967529 -1.071045 0.1557617 -1.026855 0.4400635 -1.063354 0.2967529 -1.028687 0.2945557 -0.9671631 0.4400635 -1.026855 0.4400635 -1.028687 0.2945557 -0.949707 0.5435791 -1.026855 0.4400635 -0.9671631 0.4400635 -0.9324951 0.3934326 -0.949707 0.5435791 -0.9671631 0.4400635 0.5917969 1.211304 0.5917969 1.206177 0.5957031 1.20874 0.5681152 1.204468 0.5917969 1.206177 0.5917969 1.211304 0.5681152 1.213013 0.5681152 1.204468 0.5917969 1.211304 0.5545654 1.206665 0.5681152 1.204468 0.5681152 1.213013 0.5545654 1.210815 0.5545654 1.206665 0.5681152 1.213013 0.958252 0.04553222 0.9331055 -0.09057617 0.9624023 -0.09130859 0.93396 0.05578613 0.9331055 -0.09057617 0.958252 0.04553222 0.9595947 0.1090088 0.93396 0.05578613 0.958252 0.04553222 0.9338379 0.1097412 0.93396 0.05578613 0.9595947 0.1090088 1.065308 0.1097412 0.9338379 0.1097412 0.9595947 0.1090088 0.5367432 0.8022461 0.5313721 0.9185791 0.5228271 0.8022461 0.5490723 0.9232178 0.5313721 0.9185791 0.5367432 0.8022461 0.5584717 0.8022461 0.5490723 0.9232178 0.5367432 0.8022461 0.6107178 0.9285889 0.5490723 0.9232178 0.5584717 0.8022461 0.6086426 0.8022461 0.6107178 0.9285889 0.5584717 0.8022461 0.9257813 0.5400391 0.826416 0.6955566 0.9257813 0.6955566 0.826416 0.4094238 0.826416 0.6955566 0.9257813 0.5400391 0.9257813 0.3099365 0.826416 0.4094238 0.9257813 0.5400391 0.826416 0.2612305 0.826416 0.4094238 0.9257813 0.3099365 0.826416 0.09704589 0.826416 0.2612305 0.9257813 0.3099365 0.6517334 0.9438477 0.6517334 1.048584 0.6433105 1.013062 0.7102051 1.048584 0.6517334 1.048584 0.6517334 0.9438477 0.7102051 0.9438477 0.7102051 1.048584 0.6517334 0.9438477 0.7807617 1.048584 0.7102051 1.048584 0.7102051 0.9438477 0.7807617 0.9438477 0.7807617 1.048584 0.7102051 0.9438477 0.6165771 0.03784179 0.6165771 0.01403808 0.6807861 0.0258789 0.6326904 0.005737304 0.6165771 0.01403808 0.6165771 0.03784179 0.6326904 0.0460205 0.6326904 0.005737304 0.6165771 0.03784179 0.6713867 0.0258789 0.6326904 0.005737304 0.6326904 0.0460205 0.6713867 0.03552246 0.6713867 0.0258789 0.6326904 0.0460205 0.3067627 0.2502441 0.2523193 0.3330078 0.2008057 0.3294678 0.2523193 0.3331299 0.2523193 0.3330078 0.3067627 0.2502441 0.3067627 0.2502441 0.2523193 0.3331299 0.3067627 0.2502441 0.2008057 0.3295898 0.2523193 0.3331299 0.3067627 0.2502441 0.3052979 0.001953125 0.2008057 0.3295898 0.3067627 0.2502441 0.6234131 0.3486328 0.6264648 0.213623 0.6461182 0.3446045 0.5841064 0.215332 0.6264648 0.213623 0.6234131 0.3486328 0.5856934 0.2501221 0.5841064 0.215332 0.6234131 0.3486328 0.5593262 0.2036133 0.5841064 0.215332 0.5856934 0.2501221 0.5262451 0.1879883 0.5593262 0.2036133 0.5856934 0.2501221 -0.9671631 0.4400635 -0.9306641 0.2967529 -0.9324951 0.3934326 -0.965332 0.2945557 -0.9306641 0.2967529 -0.9671631 0.4400635 -1.028687 0.2945557 -0.965332 0.2945557 -0.9671631 0.4400635 -1.034058 0.1601563 -0.965332 0.2945557 -1.028687 0.2945557 -1.071045 0.1557617 -1.034058 0.1601563 -1.028687 0.2945557 0.826416 -0.1523438 0.9257813 -0.008666992 0.826416 0.09704589 0.9257813 -0.2263184 0.9257813 -0.008666992 0.826416 -0.1523438 0.826416 -0.2414551 0.9257813 -0.2263184 0.826416 -0.1523438 0.9257813 -0.2463379 0.9257813 -0.2263184 0.826416 -0.2414551 0.9257813 -0.2274169 0.9257813 -0.2463379 0.826416 -0.2414551 0.826416 -0.1523438 0.9257813 -0.2274169 0.826416 -0.2414551 0.9257813 -0.008666992 0.9257813 -0.2274169 0.826416 -0.1523438 0.826416 0.09704589 0.9257813 -0.008666992 0.826416 -0.1523438 0.9257813 0.1253662 0.9257813 -0.008666992 0.826416 0.09704589 0.9257813 0.3099365 0.9257813 0.1253662 0.826416 0.09704589 0.772583 0.5310059 0.7696533 0.5645752 0.7692871 0.5310059 0.7727051 0.5645752 0.7696533 0.5645752 0.772583 0.5310059 0.7598877 0.5668945 0.7727051 0.5645752 0.772583 0.5310059 0.7696533 0.5645752 0.7727051 0.5645752 0.7598877 0.5668945 0.7554932 0.5668945 0.7696533 0.5645752 0.7598877 0.5668945 0.7822266 0.3713379 0.7701416 0.2393799 0.7683105 0.3825684 0.7811279 0.2393799 0.7701416 0.2393799 0.7822266 0.3713379 0.7805176 0.3713379 0.7811279 0.2393799 0.7822266 0.3713379 0.7786865 0.2393799 0.7811279 0.2393799 0.7805176 0.3713379 0.7740479 0.2393799 0.7786865 0.2393799 0.7805176 0.3713379 1.039551 0.1090088 1.065308 0.1097412 0.9595947 0.1090088 1.065186 0.05578613 1.065308 0.1097412 1.039551 0.1090088 1.040894 0.04553222 1.065186 0.05578613 1.039551 0.1090088 1.06604 -0.09057617 1.065186 0.05578613 1.040894 0.04553222 1.036743 -0.09130859 1.06604 -0.09057617 1.040894 0.04553222 0.7476807 0.3659668 0.7506104 0.4282227 0.7670898 0.4282227 0.7415771 0.4282227 0.7506104 0.4282227 0.7476807 0.3659668 0.737915 0.3635254 0.7415771 0.4282227 0.7476807 0.3659668 0.7382813 0.4282227 0.7415771 0.4282227 0.737915 0.3635254 0.7714844 0.4282227 0.7382813 0.4282227 0.737915 0.3635254 0.5770264 0.8554688 0.637207 0.8029785 0.6103516 0.7797852 0.6551514 0.7955322 0.637207 0.8029785 0.5770264 0.8554688 0.5921631 0.8691406 0.6551514 0.7955322 0.5770264 0.8554688 0.6335449 0.8823242 0.6551514 0.7955322 0.5921631 0.8691406 0.6201172 0.9412842 0.6335449 0.8823242 0.5921631 0.8691406 0.5770264 0.8554688 0.6103516 0.7797852 0.637207 0.8029785 0.5778809 0.7817383 0.6103516 0.7797852 0.5770264 0.8554688 0.5562744 0.8394775 0.5778809 0.7817383 0.5770264 0.8554688 0.5522461 0.7840576 0.5778809 0.7817383 0.5562744 0.8394775 0.532959 0.8011475 0.5522461 0.7840576 0.5562744 0.8394775 0.5858154 0.9766846 0.6107178 1.007324 0.6175537 0.9631348 0.6107178 1.007446 0.6107178 1.007324 0.5858154 0.9766846 0.6159668 0.9766846 0.6107178 1.007446 0.5858154 0.9766846 0.6107178 1.007324 0.6107178 1.007446 0.6159668 0.9766846 0.5496826 0.4541016 0.5894775 0.5064697 0.604126 0.6447754 0.5249023 0.296875 0.5894775 0.5064697 0.5496826 0.4541016 0.4918213 0.296875 0.5249023 0.296875 0.5496826 0.4541016 0.4846191 0.1688232 0.5249023 0.296875 0.4918213 0.296875 0.5550537 -0.2128906 0.5389404 -0.3920898 0.5300293 -0.2172852 0.5953369 -0.4904785 0.5389404 -0.3920898 0.5550537 -0.2128906 0.5983887 -0.208374 0.5953369 -0.4904785 0.5550537 -0.2128906 0.6162109 -0.1959229 0.5953369 -0.4904785 0.5983887 -0.208374 0.5953369 -0.4904785 0.4882813 -0.5231934 0.5389404 -0.3920898 0.5316162 -0.5957031 0.4882813 -0.5231934 0.5953369 -0.4904785 0.5880127 -0.5714111 0.5316162 -0.5957031 0.5953369 -0.4904785 0.5720215 -0.6783447 0.5316162 -0.5957031 0.5880127 -0.5714111 0.3988037 0.5887451 0.4257813 0.5391846 0.4141846 0.5889893 0.4067383 0.5627441 0.4257813 0.5391846 0.3988037 0.5887451 0.3988037 0.5887451 0.4067383 0.5627441 0.3988037 0.5887451 0.4067383 0.5627441 0.4067383 0.5627441 0.3988037 0.5887451 0.737915 0.3635254 0.7138672 0.3363037 0.7476807 0.3659668 0.7087402 0.3634033 0.7138672 0.3363037 0.737915 0.3635254 0.7683105 0.3825684 0.7087402 0.3634033 0.737915 0.3635254 0.7701416 0.2393799 0.7087402 0.3634033 0.7683105 0.3825684 0.6517334 1.048584 0.6517334 0.9438477 0.6433105 1.013062 0.7102051 0.9438477 0.6517334 0.9438477 0.6517334 1.048584 0.7102051 1.048584 0.7102051 0.9438477 0.6517334 1.048584 0.7807617 0.9438477 0.7102051 0.9438477 0.7102051 1.048584 0.3464355 0.8634033 0.3304443 0.8382568 0.342041 0.8382568 0.3371582 0.8759766 0.3304443 0.8382568 0.3464355 0.8634033 0.3580322 0.8789063 0.3371582 0.8759766 0.3464355 0.8634033 0.3543701 0.899292 0.3371582 0.8759766 0.3580322 0.8789063 1.243896 0.6309814 1.237061 0.6877441 1.246704 0.6877441 1.229248 0.6826172 1.237061 0.6877441 1.243896 0.6309814 1.229248 0.6309814 1.229248 0.6826172 1.243896 0.6309814 1.214722 0.6309814 1.229248 0.6826172 1.229248 0.6309814 -0.536377 0.6938477 -0.5537109 0.727417 -0.5447998 0.727417 -0.5540771 0.69104 -0.5537109 0.727417 -0.536377 0.6938477 -0.5396729 0.605835 -0.5540771 0.69104 -0.536377 0.6938477 -0.5531006 0.605835 -0.5540771 0.69104 -0.5396729 0.605835 0.5921631 0.8691406 0.5562744 0.8394775 0.5770264 0.8554688 0.590332 0.8983154 0.5562744 0.8394775 0.5921631 0.8691406 0.6201172 0.9412842 0.590332 0.8983154 0.5921631 0.8691406 0.5993652 0.9344482 0.590332 0.8983154 0.6201172 0.9412842 0.3723145 0.7976074 0.3931885 0.8005371 0.3837891 0.8131104 0.3758545 0.7773438 0.3931885 0.8005371 0.3723145 0.7976074 0.3580322 0.7976074 0.3758545 0.7773438 0.3723145 0.7976074 0.3543701 0.7773438 0.3758545 0.7773438 0.3580322 0.7976074 0.3723145 0.8789063 0.3543701 0.899292 0.3580322 0.8789063 0.3758545 0.899292 0.3543701 0.899292 0.3723145 0.8789063 0.3837891 0.8634033 0.3758545 0.899292 0.3723145 0.8789063 0.3931885 0.8759766 0.3758545 0.899292 0.3837891 0.8634033 0.5880127 -0.5714111 0.5316162 -0.5957031 0.5720215 -0.6783447 0.5953369 -0.4904785 0.5316162 -0.5957031 0.5880127 -0.5714111 0.6166992 -0.4487305 0.5953369 -0.4904785 0.5880127 -0.5714111 0.6453857 -0.3261719 0.5953369 -0.4904785 0.6166992 -0.4487305 0.3464355 0.8131104 0.3543701 0.7773438 0.3580322 0.7976074 0.3371582 0.8005371 0.3543701 0.7773438 0.3464355 0.8131104 0.342041 0.8382568 0.3371582 0.8005371 0.3464355 0.8131104 0.3304443 0.8382568 0.3371582 0.8005371 0.342041 0.8382568 0.7966309 0.1464844 0.694458 0.2025146 0.7966309 0.2025146 0.694458 0.1464844 0.694458 0.2025146 0.7966309 0.1464844 0.7966309 0.2030029 0.694458 0.1464844 0.7966309 0.1464844 0.694458 0.2030029 0.694458 0.1464844 0.7966309 0.2030029 0.3881836 0.8382568 0.3931885 0.8759766 0.3837891 0.8634033 0.3997803 0.8382568 0.3931885 0.8759766 0.3881836 0.8382568 0.3837891 0.8131104 0.3997803 0.8382568 0.3881836 0.8382568 0.3931885 0.8005371 0.3997803 0.8382568 0.3837891 0.8131104 0.206543 0.4550781 0.2050781 0.4118652 0.2086182 0.4121094 0.2006836 0.4116211 0.2050781 0.4118652 0.206543 0.4550781 0.2019042 0.4675293 0.2006836 0.4116211 0.206543 0.4550781 0.197998 0.4544678 0.2006836 0.4116211 0.2019042 0.4675293 0.206543 0.4550781 0.2052001 0.4118652 0.2008057 0.4116211 0.2087402 0.4121094 0.2052001 0.4118652 0.206543 0.4550781 0.2155762 0.4691162 0.2087402 0.4121094 0.206543 0.4550781 0.210083 0.4555664 0.2087402 0.4121094 0.2155762 0.4691162 0.5778809 0.7817383 0.5770264 0.8554688 0.6103516 0.7797852 0.5562744 0.8394775 0.5770264 0.8554688 0.5778809 0.7817383 0.5522461 0.7840576 0.5562744 0.8394775 0.5778809 0.7817383 0.532959 0.8011475 0.5562744 0.8394775 0.5522461 0.7840576 0.197998 0.4544678 0.1972656 0.411377 0.1959229 0.411377 0.2008057 0.4116211 0.1972656 0.411377 0.197998 0.4544678 0.2019042 0.4675293 0.2008057 0.4116211 0.197998 0.4544678 0.206543 0.4550781 0.2008057 0.4116211 0.2019042 0.4675293 0.197998 0.4544678 0.1972656 0.411499 0.2006836 0.4116211 0.1959229 0.411377 0.1972656 0.411499 0.197998 0.4544678 0.19104 0.4663086 0.1959229 0.411377 0.197998 0.4544678 0.197998 0.4544678 0.1959229 0.411377 0.19104 0.4663086 0.590332 0.8983154 0.6201172 0.9412842 0.5921631 0.8691406 0.5993652 0.9344482 0.6201172 0.9412842 0.590332 0.8983154 0.5378418 0.9091797 0.5993652 0.9344482 0.590332 0.8983154 0.619751 0.923584 0.5993652 0.9344482 0.5378418 0.9091797 0.7548828 0.5310059 0.7598877 0.5668945 0.772583 0.5310059 0.7491455 0.5583496 0.7598877 0.5668945 0.7548828 0.5310059 0.7507324 0.5310059 0.7491455 0.5583496 0.7548828 0.5310059 0.7462158 0.5583496 0.7491455 0.5583496 0.7507324 0.5310059 0.6551514 0.7955322 0.5770264 0.8554688 0.637207 0.8029785 0.5921631 0.8691406 0.5770264 0.8554688 0.6551514 0.7955322 0.6335449 0.8823242 0.5921631 0.8691406 0.6551514 0.7955322 0.6201172 0.9412842 0.5921631 0.8691406 0.6335449 0.8823242 -0.3666992 0.7406006 -0.3580322 0.6628418 -0.3686523 0.744751 -0.364502 0.6610107 -0.3580322 0.6628418 -0.3666992 0.7406006 -0.3737793 0.6606445 -0.364502 0.6610107 -0.3666992 0.7406006 0.9720459 0.07299804 0.9720459 0.07495117 0.9578857 0.09094238 0.9863281 0.09094238 0.9720459 0.07495117 0.9720459 0.07299804 0.9720459 0.1069336 0.9863281 0.09094238 0.9720459 0.07299804 -0.2352295 0.01098632 -0.2106934 0.2686768 -0.2130126 0.01062011 -0.2329102 0.1745605 -0.2106934 0.2686768 -0.2352295 0.01098632 -0.2572021 0.06445312 -0.2329102 0.1745605 -0.2352295 0.01098632 -0.1828613 0.7783203 -0.1827393 0.7052002 -0.1832275 0.7780762 -0.1826172 0.7049561 -0.1827393 0.7052002 -0.1828613 0.7783203 -0.1456299 0.7049561 -0.1826172 0.7049561 -0.1828613 0.7783203 0.737915 0.3635254 0.7714844 0.4282227 0.7683105 0.3825684 0.7382813 0.4282227 0.7714844 0.4282227 0.737915 0.3635254 0.7415771 0.4282227 0.7382813 0.4282227 0.737915 0.3635254 0.7476807 0.3659668 0.7415771 0.4282227 0.737915 0.3635254 0.7506104 0.4282227 0.7415771 0.4282227 0.7476807 0.3659668 0.7670898 0.4282227 0.7506104 0.4282227 0.7476807 0.3659668 0.09960937 0.8309326 0.0460205 0.8907471 0.08312988 0.8907471 0.02941894 0.8309326 0.0460205 0.8907471 0.09960937 0.8309326 0.0460205 0.8886719 0.02941894 0.8309326 0.09960937 0.8309326 0.7805176 0.3713379 0.7824707 0.4282227 0.7822266 0.3713379 0.7816162 0.4282227 0.7824707 0.4282227 0.7805176 0.3713379 0.7670898 0.4282227 0.7816162 0.4282227 0.7805176 0.3713379 0.7138672 0.3363037 0.71875 0.2393799 0.7105713 0.2393799 0.7476807 0.3659668 0.71875 0.2393799 0.7138672 0.3363037 0.737915 0.3635254 0.7476807 0.3659668 0.7138672 0.3363037 0.7805176 0.3713379 0.7786865 0.2393799 0.7740479 0.2393799 0.7811279 0.2393799 0.7786865 0.2393799 0.7805176 0.3713379 0.7822266 0.3713379 0.7811279 0.2393799 0.7805176 0.3713379 0.826416 0.09704589 0.9257813 0.3099365 0.826416 0.2612305 0.9257813 0.1253662 0.9257813 0.3099365 0.826416 0.09704589 0.9257813 -0.008666992 0.9257813 0.1253662 0.826416 0.09704589 1.070801 0.1506348 1.178955 0.1506348 1.070801 0.2613525 1.178955 0.03991699 1.178955 0.1506348 1.070801 0.1506348 1.070801 0.03991699 1.178955 0.03991699 1.070801 0.1506348 0.532959 0.8011475 0.5354004 0.842041 0.5562744 0.8394775 0.5235596 0.8778076 0.5354004 0.842041 0.532959 0.8011475 0.5270996 0.8656006 0.5235596 0.8778076 0.532959 0.8011475 0.6326904 0.005737304 0.6713867 0.009643554 0.6660156 0.003417968 0.6713867 0.01611328 0.6713867 0.009643554 0.6326904 0.005737304 0.6713867 0.0258789 0.6713867 0.01611328 0.6326904 0.005737304 0.2675781 0.5280762 0.3118896 0.5949707 0.3179932 0.5280762 0.2849121 0.6618652 0.3118896 0.5949707 0.2675781 0.5280762 0.217041 0.6781006 0.2849121 0.6618652 0.2675781 0.5280762 0.5543213 0.935791 0.5313721 0.9185791 0.5490723 0.9232178 0.5372314 0.9309082 0.5313721 0.9185791 0.5543213 0.935791 0.5482178 0.9377442 0.5372314 0.9309082 0.5543213 0.935791 0.003051757 0.5216064 0.06774902 0.5622559 0.06677246 0.4776611 0.04284667 0.6313477 0.06774902 0.5622559 0.003051757 0.5216064 0.001464843 0.6584473 0.04284667 0.6313477 0.003051757 0.5216064 0.003051757 0.5216064 0.06677246 0.4776611 0.06774902 0.5622559 0.04016113 0.4099121 0.06677246 0.4776611 0.003051757 0.5216064 -0.001831054 0.3847656 0.04016113 0.4099121 0.003051757 0.5216064 0.003051757 0.5216064 -0.04321289 0.4118652 -0.001831054 0.3847656 -0.06811523 0.480835 -0.04321289 0.4118652 0.003051757 0.5216064 -0.06713867 0.5654297 -0.06811523 0.480835 0.003051757 0.5216064 -0.965332 0.2945557 -0.9228516 0.1557617 -0.9306641 0.2967529 -0.9599609 0.1601563 -0.9228516 0.1557617 -0.965332 0.2945557 -1.034058 0.1601563 -0.9599609 0.1601563 -0.965332 0.2945557 0.7241211 0.5048828 0.7247314 0.557373 0.7075195 0.557373 0.7329102 0.557373 0.7247314 0.557373 0.7241211 0.5048828 0.7418213 0.557373 0.7329102 0.557373 0.7241211 0.5048828 0.7241211 0.5048828 0.7247314 0.557373 0.7418213 0.557373 0.7075195 0.557373 0.7247314 0.557373 0.7241211 0.5048828 0.7075195 0.557373 0.7075195 0.557373 0.7241211 0.5048828 0.003051757 0.5216064 -0.04052734 0.6333008 -0.06713867 0.5654297 0.001464843 0.6584473 -0.04052734 0.6333008 0.003051757 0.5216064 0.04284667 0.6313477 0.001464843 0.6584473 0.003051757 0.5216064 0.2537842 0.8273926 0.2536621 0.6971436 0.3190918 0.8273926 0.1884766 0.8273926 0.2536621 0.6971436 0.2537842 0.8273926 0.2536621 0.9576416 0.1884766 0.8273926 0.2537842 0.8273926 0.9720459 0.07299804 0.9863281 0.09094238 0.9720459 0.1069336 0.9720459 0.07495117 0.9863281 0.09094238 0.9720459 0.07299804 0.9578857 0.09094238 0.9720459 0.07495117 0.9720459 0.07299804 -0.2572021 0.06445312 -0.2352295 0.01098632 -0.2329102 0.1745605 -0.2651367 0.01086425 -0.2352295 0.01098632 -0.2572021 0.06445312 -0.2352295 0.01098632 -0.2651367 0.01086425 -0.2572021 0.06445312 0.7807617 0.9438477 0.8125 1.048096 0.8560791 0.9438477 0.7807617 1.048584 0.8125 1.048096 0.7807617 0.9438477 0.7102051 1.048584 0.7807617 1.048584 0.7807617 0.9438477 0.5217285 0.9187012 0.5313721 0.9185791 0.5223389 0.90271 0.5372314 0.9309082 0.5313721 0.9185791 0.5217285 0.9187012 0.5275879 0.9310303 0.5372314 0.9309082 0.5217285 0.9187012 0.2191162 0.5246582 0.07336425 0.6046143 0.07373046 0.524292 0.08984375 0.6549072 0.07336425 0.6046143 0.2191162 0.5246582 0.137207 0.6855469 0.08984375 0.6549072 0.2191162 0.5246582 0.7824707 0.4282227 0.7683105 0.3825684 0.7714844 0.4282227 0.7822266 0.3713379 0.7683105 0.3825684 0.7824707 0.4282227 0.7805176 0.3713379 0.7822266 0.3713379 0.7824707 0.4282227 -0.449585 0.7349854 -0.4301758 0.7424316 -0.449585 0.7414551 -0.4263916 0.7391357 -0.4301758 0.7424316 -0.449585 0.7349854 -0.4261475 0.7320557 -0.4263916 0.7391357 -0.449585 0.7349854 0.5953369 -0.4904785 0.5983887 -0.208374 0.5550537 -0.2128906 0.6162109 -0.1959229 0.5983887 -0.208374 0.5953369 -0.4904785 0.6453857 -0.3261719 0.6162109 -0.1959229 0.5953369 -0.4904785 -1.026855 0.4400635 -1.061523 0.3934326 -1.063354 0.2967529 -1.044189 0.5435791 -1.061523 0.3934326 -1.026855 0.4400635 -0.949707 0.5435791 -1.044189 0.5435791 -1.026855 0.4400635 0.9647217 0.9082031 1.055542 0.9648438 1.033936 0.9072266 0.9436035 0.9664307 1.055542 0.9648438 0.9647217 0.9082031 1.055542 0.9648438 0.9438477 1.037964 1.055908 1.036377 0.9436035 0.9664307 0.9438477 1.037964 1.055542 0.9648438 0.7598877 0.4945068 0.772583 0.5310059 0.7727051 0.4968262 0.7548828 0.5310059 0.772583 0.5310059 0.7598877 0.4945068 0.772583 0.5310059 0.7598877 0.5668945 0.7727051 0.5645752 0.7548828 0.5310059 0.7598877 0.5668945 0.772583 0.5310059 -0.3580322 0.6617432 -0.3666992 0.7406006 -0.3686523 0.744751 -0.364502 0.65979 -0.3666992 0.7406006 -0.3580322 0.6617432 0.3118896 0.5949707 0.2675781 0.5280762 0.3179932 0.5280762 0.2849121 0.6618652 0.2675781 0.5280762 0.3118896 0.5949707 0.6453857 -0.3261719 0.5953369 -0.4904785 0.6162109 -0.1959229 0.6166992 -0.4487305 0.5953369 -0.4904785 0.6453857 -0.3261719 0.01306152 0.8908691 -0.01513671 0.9240723 0.0102539 0.8908691 -0.0123291 0.9240723 -0.01513671 0.9240723 0.01306152 0.8908691 -0.01513671 0.9240723 3.66211e-4 0.9074707 -0.0123291 0.9240723 -0.002441406 0.9074707 3.66211e-4 0.9074707 -0.01513671 0.9240723 0.01306152 0.8908691 -0.002441406 0.9074707 0.0102539 0.8908691 3.66211e-4 0.9074707 -0.002441406 0.9074707 0.01306152 0.8908691 -0.01513671 0.9240723 0.01306152 0.8908691 0.0102539 0.8908691 -0.0123291 0.9240723 0.01306152 0.8908691 -0.01513671 0.9240723 0.467041 -0.5897217 0.5316162 -0.5957031 0.5720215 -0.6783447 0.4882813 -0.5231934 0.5316162 -0.5957031 0.467041 -0.5897217 -0.1828613 0.7783203 -0.1827393 0.7052002 -0.1826172 0.7049561 -0.1832275 0.7780762 -0.1827393 0.7052002 -0.1828613 0.7783203 -0.1459961 0.7781982 -0.1832275 0.7780762 -0.1828613 0.7783203 -0.1463623 0.7780762 -0.1832275 0.7780762 -0.1459961 0.7781982 -0.1951904 0.7982178 -0.1368408 0.7984619 -0.1364746 0.7980957 -0.1955566 0.798584 -0.1368408 0.7984619 -0.1951904 0.7982178 0.826416 0.4094238 0.9257813 0.3099365 0.9257813 0.5400391 0.826416 0.2612305 0.9257813 0.3099365 0.826416 0.4094238 0.5474854 0.7989502 0.5550537 1.200439 0.5474854 1.200439 0.5550537 0.7989502 0.5550537 1.200439 0.5474854 0.7989502 0.5550537 0.7989502 0.5625 1.200439 0.5550537 1.200439 0.5625 0.7989502 0.5625 1.200439 0.5550537 0.7989502 0.5625 0.7989502 0.5699463 1.200439 0.5625 1.200439 0.5699463 0.7989502 0.5699463 1.200439 0.5625 0.7989502 0.5699463 0.7989502 0.5775146 1.200439 0.5699463 1.200439 0.5775146 0.7989502 0.5775146 1.200439 0.5699463 0.7989502 0.7554932 0.4945068 0.7727051 0.4968262 0.7696533 0.4968262 0.7598877 0.4945068 0.7727051 0.4968262 0.7554932 0.4945068 0.5775146 0.7989502 0.5849609 1.200439 0.5775146 1.200439 0.5849609 0.7989502 0.5849609 1.200439 0.5775146 0.7989502 0.5849609 0.7989502 0.5924072 1.200439 0.5849609 1.200439 0.5924072 0.7989502 0.5924072 1.200439 0.5849609 0.7989502 0.7554932 0.5668945 0.7491455 0.5583496 0.7462158 0.5583496 0.7598877 0.5668945 0.7491455 0.5583496 0.7554932 0.5668945 0.2155762 0.4691162 0.2086182 0.4121094 0.210083 0.4555664 0.206543 0.4550781 0.2086182 0.4121094 0.2155762 0.4691162 0.8125 1.047852 0.7807617 0.9438477 0.8560791 0.9438477 0.7807617 1.048584 0.7807617 0.9438477 0.8125 1.047852 0.444458 0.74646 0.4456787 0.682251 0.463623 0.74646 0.4372559 0.7054443 0.4456787 0.682251 0.444458 0.74646 0.4825439 0.74646 0.4815674 0.682251 0.4901123 0.7054443 0.463623 0.74646 0.4815674 0.682251 0.4825439 0.74646 1.260376 0.6309814 1.249634 0.6877441 1.261475 0.6877441 1.251465 0.6309814 1.249634 0.6877441 1.260376 0.6309814 1.027466 0.1115723 0.9747314 -0.03564453 0.9725342 0.1115723 1.026367 -0.03564453 0.9747314 -0.03564453 1.027466 0.1115723 0.2099609 0.4121094 0.210083 0.4555664 0.2086182 0.4121094 0.2087402 0.4121094 0.210083 0.4555664 0.2099609 0.4121094 0.07336425 0.6046143 0.2191162 0.5246582 0.07373046 0.524292 0.08984375 0.6549072 0.2191162 0.5246582 0.07336425 0.6046143 0.8594971 0.9625244 0.7807617 0.9625244 0.8085938 0.8712158 0.8125 1.048096 0.7807617 0.9625244 0.8594971 0.9625244 0.6966553 0.3363037 0.6999512 0.2393799 0.7105713 0.2393799 0.6929932 0.3363037 0.6999512 0.2393799 0.6966553 0.3363037 0.8594971 0.9625244 0.7807617 0.9625244 0.8125 1.047852 0.8084717 0.8712158 0.7807617 0.9625244 0.8594971 0.9625244 0.8560791 0.8121338 0.7807617 0.8118896 0.8084717 0.8712158 0.8129883 0.7536621 0.7807617 0.8118896 0.8560791 0.8121338 0.9420166 -0.09582519 1.0625 -0.1010742 1.056641 -0.09582519 0.9361572 -0.1010742 1.0625 -0.1010742 0.9420166 -0.09582519 0.8560791 0.8121338 0.7807617 0.8118896 0.8129883 0.7536621 0.8085938 0.8712158 0.7807617 0.8118896 0.8560791 0.8121338 1.251465 0.6309814 1.246704 0.6877441 1.249634 0.6877441 1.243896 0.6309814 1.246704 0.6877441 1.251465 0.6309814 -0.01513671 0.8908691 -0.0123291 0.9240723 -0.01513671 0.9240723 -0.0123291 0.8908691 -0.0123291 0.9240723 -0.01513671 0.8908691 1.214722 0.6309814 1.221558 0.6877441 1.229248 0.6826172 1.207153 0.6309814 1.221558 0.6877441 1.214722 0.6309814 1.019531 -0.104248 0.9747314 -0.03564453 1.026367 -0.03564453 0.9813232 -0.104248 0.9747314 -0.03564453 1.019531 -0.104248 0.004760742 0.8135986 0.022583 0.840332 0.02270507 0.7856445 0.01672363 0.8828125 0.022583 0.840332 0.004760742 0.8135986 0.217041 0.6781006 0.2675781 0.5280762 0.2849121 0.6618652 0.2171631 0.5280762 0.2675781 0.5280762 0.217041 0.6781006 0.1629639 1.000244 0.1359863 0.9650879 0.1629639 0.9650879 0.1359863 0.9971924 0.1359863 0.9650879 0.1629639 1.000244 0.01672363 0.8828125 0.03942871 0.8846436 0.022583 0.840332 0.04797363 0.9256592 0.03942871 0.8846436 0.01672363 0.8828125 0.04797363 0.9256592 0.06689453 0.9019775 0.03942871 0.8846436 0.08654785 0.9256592 0.06689453 0.9019775 0.04797363 0.9256592 0.7663574 0.3713379 0.7670898 0.4282227 0.7476807 0.3659668 0.7805176 0.3713379 0.7670898 0.4282227 0.7663574 0.3713379 0.7816162 0.4282227 0.7805176 0.3713379 0.7824707 0.4282227 0.7670898 0.4282227 0.7805176 0.3713379 0.7816162 0.4282227 0.8212891 -0.1346436 0.6850586 0.2373047 0.6881104 -0.1337891 0.8283691 0.2362061 0.6850586 0.2373047 0.8212891 -0.1346436 0.08654785 0.9256592 0.09436035 0.885498 0.06689453 0.9019775 0.1175537 0.8829346 0.09436035 0.885498 0.08654785 0.9256592 1.207153 0.6309814 1.211914 0.6877441 1.221558 0.6877441 1.198242 0.6309814 1.211914 0.6877441 1.207153 0.6309814 1.198242 0.6309814 1.208984 0.6877441 1.211914 0.6877441 1.189087 0.6309814 1.208984 0.6877441 1.198242 0.6309814 0.7683105 0.3825684 0.7824707 0.4282227 0.7714844 0.4282227 0.7822266 0.3713379 0.7824707 0.4282227 0.7683105 0.3825684 0.7701416 0.2393799 0.7822266 0.3713379 0.7683105 0.3825684 0.7811279 0.2393799 0.7822266 0.3713379 0.7701416 0.2393799 0.1359863 0.9971924 0.1629639 1.029297 0.1629639 1.000244 0.1359863 1.029297 0.1629639 1.029297 0.1359863 0.9971924 0.1359863 1.029297 0.1629639 1.02417 0.1629639 1.029297 0.1359863 1.02417 0.1629639 1.02417 0.1359863 1.029297 0.1359863 1.02417 0.1629639 1.004272 0.1629639 1.02417 0.1359863 1.004272 0.1629639 1.004272 0.1359863 1.02417 0.1359863 1.004272 0.1629639 0.9650879 0.1629639 1.004272 0.1359863 0.9650879 0.1629639 0.9650879 0.1359863 1.004272 0.1359863 0.9650879 0.1629639 1.000244 0.1629639 0.9650879 0.1359863 0.9971924 0.1629639 1.000244 0.1359863 0.9650879 0.1359863 0.9650879 0.1629639 0.9650879 0.1629639 0.9650879 0.1359863 0.9650879 0.1629639 0.9650879 0.1359863 0.9650879 0.1918945 0.8029785 0.1378174 0.9232178 0.1378174 0.8029785 0.1918945 0.9232178 0.1378174 0.9232178 0.1918945 0.8029785 0.1175537 0.8829346 0.1114502 0.8415527 0.09436035 0.885498 0.1293945 0.8135986 0.1114502 0.8415527 0.1175537 0.8829346 0.7663574 0.3713379 0.7670898 0.4282227 0.7805176 0.3713379 0.7476807 0.3659668 0.7670898 0.4282227 0.7663574 0.3713379 0.1293945 0.8135986 0.1115723 0.7869873 0.1114502 0.8415527 0.1173096 0.7443848 0.1115723 0.7869873 0.1293945 0.8135986 0.01306152 0.9240723 0.0102539 0.8908691 0.01306152 0.8908691 0.0102539 0.9240723 0.0102539 0.8908691 0.01306152 0.9240723 0.137207 0.6855469 0.2191162 0.5246582 0.08984375 0.6549072 0.2215576 0.6707764 0.2191162 0.5246582 0.137207 0.6855469 0.6966553 0.3363037 0.7087402 0.3634033 0.7073975 0.3363037 0.6929932 0.3363037 0.7087402 0.3634033 0.6966553 0.3363037 0.7476807 0.3659668 0.7670898 0.2393799 0.71875 0.2393799 0.7663574 0.3713379 0.7670898 0.2393799 0.7476807 0.3659668 0.7663574 0.3713379 0.7740479 0.2393799 0.7670898 0.2393799 0.7805176 0.3713379 0.7740479 0.2393799 0.7663574 0.3713379 0.022583 0.840332 0.004760742 0.8135986 0.02270507 0.7856445 0.01672363 0.8828125 0.004760742 0.8135986 0.022583 0.840332 0.1378174 0.9232178 0.1918945 0.8029785 0.1378174 0.8029785 0.1918945 0.9232178 0.1918945 0.8029785 0.1378174 0.9232178 0.5289307 0.8049316 0.5393066 0.7989502 0.5358887 0.8049316 0.5255127 0.7989502 0.5393066 0.7989502 0.5289307 0.8049316 0.5289307 0.7929688 0.5393066 0.7989502 0.5255127 0.7989502 0.5358887 0.7929688 0.5393066 0.7989502 0.5289307 0.7929688 0.7563477 0.4468994 0.7438965 0.4545898 0.7438965 0.4462891 0.7648926 0.4487305 0.7438965 0.4545898 0.7563477 0.4468994 0.7655029 0.4521484 0.7438965 0.4545898 0.7648926 0.4487305 0.7564697 0.4569092 0.7438965 0.4545898 0.7655029 0.4521484 0.756958 0.2393799 0.7087402 0.3634033 0.7701416 0.2393799 0.6964111 0.2393799 0.7087402 0.3634033 0.756958 0.2393799 0.7438965 0.4545898 0.7563477 0.4468994 0.7438965 0.4462891 0.7438965 0.4572754 0.7563477 0.4468994 0.7438965 0.4545898 0.7564697 0.4569092 0.7563477 0.4468994 0.7438965 0.4572754 0.7655029 0.4521484 0.7563477 0.4468994 0.7564697 0.4569092 0.03942871 0.8846436 0.01672363 0.8828125 0.022583 0.840332 0.04797363 0.9256592 0.01672363 0.8828125 0.03942871 0.8846436 0.06689453 0.9019775 0.04797363 0.9256592 0.03942871 0.8846436 0.08654785 0.9256592 0.04797363 0.9256592 0.06689453 0.9019775 0.09436035 0.885498 0.08654785 0.9256592 0.06689453 0.9019775 0.1175537 0.8829346 0.08654785 0.9256592 0.09436035 0.885498 0.1114502 0.8415527 0.1175537 0.8829346 0.09436035 0.885498 0.1293945 0.8135986 0.1175537 0.8829346 0.1114502 0.8415527 -0.2548828 0.9576416 -0.2548828 0.8273926 -0.3200684 0.8273926 -0.1895751 0.8273926 -0.2548828 0.8273926 -0.2548828 0.9576416 -0.2548828 0.6971436 -0.2548828 0.8273926 -0.1895751 0.8273926 -0.3200684 0.8273926 -0.2548828 0.8273926 -0.2548828 0.6971436 -0.6268311 0.6865234 -0.6002197 0.727417 -0.6052246 0.727417 -0.6247559 0.6405029 -0.6002197 0.727417 -0.6268311 0.6865234 0.826416 0.6955566 0.9257813 0.5400391 0.9257813 0.6955566 0.826416 0.4094238 0.9257813 0.5400391 0.826416 0.6955566 1.269531 0.6309814 1.261475 0.6877441 1.272217 0.6682129 1.260376 0.6309814 1.261475 0.6877441 1.269531 0.6309814 0.5354004 0.842041 0.590332 0.8983154 0.5369873 0.8989258 0.5562744 0.8394775 0.590332 0.8983154 0.5354004 0.842041 0.5235596 0.8778076 0.5270996 0.8656006 0.532959 0.8011475 0.5378418 0.9091797 0.5270996 0.8656006 0.5235596 0.8778076 0.5378418 0.9091797 0.619751 0.923584 0.5270996 0.8656006 0.5993652 0.9344482 0.619751 0.923584 0.5378418 0.9091797 1.19812 0.6877441 1.189087 0.6309814 1.186401 0.6682129 1.208984 0.6877441 1.189087 0.6309814 1.19812 0.6877441 0.4007568 0.03222656 0.3105469 -0.07470703 0.4146729 0.05285644 0.4146729 0.05285644 0.3105469 -0.07470703 0.4007568 0.03222656 0.3898926 0.8181152 0.4611816 1.019775 0.3291016 1.034668 0.4908447 0.7991943 0.4611816 1.019775 0.3898926 0.8181152 0.3898926 0.8181152 0.4611816 1.019775 0.4908447 0.7991943 0.3291016 1.034668 0.4611816 1.019775 0.3898926 0.8181152 -0.5531006 0.605835 -0.5540771 0.69104 -0.5805664 0.6228027 -0.5396729 0.605835 -0.5540771 0.69104 -0.5531006 0.605835 0.5856934 0.2501221 0.5843506 0.2995605 0.5262451 0.1879883 0.6071777 0.3450928 0.5843506 0.2995605 0.5856934 0.2501221 0.6207275 0.5054932 0.6064453 0.4571533 0.6234131 0.3486328 0.6162109 0.5059814 0.6064453 0.4571533 0.6207275 0.5054932 0.6326904 0.0460205 0.6713867 0.04418945 0.6713867 0.03552246 0.6660156 0.04833984 0.6713867 0.04418945 0.6326904 0.0460205 0.04016113 0.4099121 0.003051757 0.5216064 0.06677246 0.4776611 -0.001831054 0.3847656 0.003051757 0.5216064 0.04016113 0.4099121 -0.04321289 0.4118652 0.003051757 0.5216064 -0.001831054 0.3847656 -0.06811523 0.480835 0.003051757 0.5216064 -0.04321289 0.4118652 -0.06713867 0.5654297 0.003051757 0.5216064 -0.06811523 0.480835 -0.04052734 0.6333008 0.003051757 0.5216064 -0.06713867 0.5654297 1.043335 0.7481689 0.9987793 0.8397217 1.044312 0.835083 0.9572754 0.7481689 0.9987793 0.8397217 1.043335 0.7481689 -0.3706055 0.7440186 -0.3912354 0.6651611 -0.3712158 0.7398682 -0.3967285 0.6722412 -0.3912354 0.6651611 -0.3706055 0.7440186 -0.449585 0.7287598 -0.4261475 0.7248535 -0.4261475 0.7320557 -0.449585 0.7227783 -0.4261475 0.7248535 -0.449585 0.7287598 1.105103 0.9020996 1.070801 0.8900146 1.077026 1.00647 1.120483 0.8319092 1.070801 0.8900146 1.105103 0.9020996 0.4498291 0.5986328 0.442627 0.6586914 0.4488525 0.6422119 0.4381104 0.598999 0.442627 0.6586914 0.4498291 0.5986328 0.4381104 0.598999 0.4296875 0.6436768 0.442627 0.6586914 0.4294434 0.5992432 0.4296875 0.6436768 0.4381104 0.598999 0.6346436 0.9772949 0.5621338 0.9678955 0.6346436 0.9691162 0.6346436 0.9691162 0.5621338 0.9678955 0.6346436 0.9772949 0.6346436 0.9691162 0.5617676 0.9624023 0.5621338 0.9678955 0.6346436 0.9578857 0.5617676 0.9624023 0.6346436 0.9691162 0.5313721 0.9185791 0.5543213 0.935791 0.5490723 0.9232178 0.5372314 0.9309082 0.5543213 0.935791 0.5313721 0.9185791 0.6346436 0.9578857 0.5601807 0.9522705 0.5617676 0.9624023 0.6346436 0.9367676 0.5601807 0.9522705 0.6346436 0.9578857 0.458252 0.6719971 0.463623 0.74646 0.4456787 0.682251 0.4689941 0.6719971 0.463623 0.74646 0.458252 0.6719971 -0.3706055 0.7440186 -0.3912354 0.6644287 -0.3967285 0.6715088 -0.3712158 0.7398682 -0.3912354 0.6644287 -0.3706055 0.7440186 0.6346436 0.9367676 0.5601807 0.9522705 0.6107178 0.9285889 0.6346436 0.9578857 0.5601807 0.9522705 0.6346436 0.9367676 1.120483 0.8319092 1.070801 0.8127441 1.142944 0.7388916 1.105103 0.9020996 1.070801 0.8127441 1.120483 0.8319092 1.070801 0.8900146 1.105103 0.9020996 1.077026 1.00647 1.070801 0.8127441 1.105103 0.9020996 1.070801 0.8900146 -0.05786132 0.3294678 -0.2001953 0.001220703 -0.06579589 4.88281e-4 -0.2094727 0.3297119 -0.2001953 0.001220703 -0.05786132 0.3294678 0.6264648 0.213623 0.6234131 0.3486328 0.6461182 0.3446045 0.5841064 0.215332 0.6234131 0.3486328 0.6264648 0.213623 -0.008789062 0.001342773 0.0559082 0.3181152 -0.04455566 0.001831054 0.06921386 7.32422e-4 0.0559082 0.3181152 -0.008789062 0.001342773 -0.2106934 0.2686768 -0.2352295 0.01098632 -0.2130126 0.01062011 -0.2329102 0.1745605 -0.2352295 0.01098632 -0.2106934 0.2686768 0.9572754 0.7481689 0.9560547 0.8323975 0.9987793 0.8397217 0.9498291 0.8077393 0.9560547 0.8323975 0.9572754 0.7481689 0.3052979 0.001953125 0.2008057 0.3294678 0.1998291 8.54492e-4 0.3067627 0.2502441 0.2008057 0.3294678 0.3052979 0.001953125 -0.3686523 0.744751 -0.3502197 0.6679688 -0.3457031 0.6755371 -0.3580322 0.6628418 -0.3502197 0.6679688 -0.3686523 0.744751 -0.3502197 0.6676025 -0.3686523 0.744751 -0.3457031 0.6762695 -0.354126 0.6646729 -0.3686523 0.744751 -0.3502197 0.6676025 0.4940186 0.1403809 0.5664063 0.251709 0.5262451 0.1879883 0.4848633 0.1694336 0.5664063 0.251709 0.4940186 0.1403809 0.4848633 0.1694336 0.5249023 0.296875 0.5664063 0.251709 0.4918213 0.296875 0.5249023 0.296875 0.4848633 0.1694336 0.6064453 0.4571533 0.6234131 0.3486328 0.6070557 0.3450928 0.6207275 0.5054932 0.6234131 0.3486328 0.6064453 0.4571533 0.5843506 0.2995605 0.6077881 0.5061035 0.6162109 0.5059814 0.5625 0.3117676 0.6077881 0.5061035 0.5843506 0.2995605 0.5625 0.3117676 0.59729 0.5062256 0.6077881 0.5061035 0.5894775 0.5063477 0.59729 0.5062256 0.5625 0.3117676 0.9733887 0.1176758 1.026367 0.1176758 1.064087 0.1176758 0.9342041 0.1176758 1.026367 0.1176758 0.9733887 0.1176758 1.178955 -0.0805664 1.070801 0.03991699 1.071533 -0.08007812 1.178955 0.03991699 1.070801 0.03991699 1.178955 -0.0805664 1.026367 0.1176758 0.9733887 0.1176758 1.064087 0.1176758 0.9342041 0.1176758 0.9733887 0.1176758 1.026367 0.1176758 0.9438477 1.037964 1.034668 1.094604 1.055908 1.036377 0.9654541 1.095581 1.034668 1.094604 0.9438477 1.037964 0.6201172 0.9412842 0.6021729 0.9732666 0.6159668 0.9766846 0.5993652 0.9344482 0.6201172 0.9412842 0.6021729 0.9732666 0.7548828 0.5310059 0.7491455 0.5583496 0.7598877 0.5668945 0.7598877 0.4945068 0.7491455 0.5030518 0.7548828 0.5310059 0.5953369 -0.4904785 0.6166992 -0.4487305 0.5880127 -0.5714111 0.9647217 0.9082031 1.033936 0.9072266 0.9971924 0.8861084 1.034668 1.094604 0.9654541 1.095581 0.9973145 1.117188 0.2215576 0.6707764 0.137207 0.6855469 0.2191162 0.5246582 0.004760742 0.8135986 0.02270507 0.7856445 0.01647949 0.7443848 0.007446289 0.8908691 0.0102539 0.8908691 0.0102539 0.9240723 0.9720459 0.07299804 0.9578857 0.09094238 0.9720459 0.1069336 -0.6071777 0.5831299 -0.6226807 0.605835 -0.6247559 0.6405029 -0.5805664 0.6228027 -0.5540771 0.69104 -0.5531006 0.605835 -0.6071777 0.5831299 -0.6247559 0.6405029 -0.6226807 0.605835 -0.536377 0.6938477 -0.5540771 0.69104 -0.5396729 0.605835 -0.3712158 0.7398682 -0.3706055 0.7440186 -0.3720703 0.7398682 0.4815674 0.682251 0.463623 0.74646 0.4689941 0.6719971 -0.449585 0.7287598 -0.4261475 0.7320557 -0.449585 0.7349854 -0.449585 0.7414551 -0.4301758 0.7424316 -0.449585 0.7349854 0.9560547 0.8323975 0.9498291 0.8077393 0.949585 0.9100342 0.5496826 0.4541016 0.5249023 0.296875 0.4918213 0.296875 -0.3720703 0.7398682 -0.3706055 0.7440186 -0.3712158 0.7398682 -0.3580322 0.6628418 -0.354126 0.6654053 -0.3502197 0.6679688 -0.1828613 0.7783203 -0.1459961 0.7781982 -0.1456299 0.7049561 0.7462158 0.5030518 0.7507324 0.5310059 0.7548828 0.5310059 0.7138672 0.3363037 0.7087402 0.3634033 0.7073975 0.3363037 -0.3580322 0.6617432 -0.3686523 0.744751 -0.354126 0.6646729 0.2675781 0.5280762 0.2171631 0.5280762 0.217041 0.6781006 0.09960937 0.8309326 0.08312988 0.8886719 0.0460205 0.8886719 0.7564697 0.4569092 0.7438965 0.4572754 0.7438965 0.4545898 0.7655029 0.4521484 0.7648926 0.4487305 0.7563477 0.4468994 0.7087402 0.3634033 0.6929932 0.3363037 0.7683105 0.3825684 0.590332 0.8983154 0.5369873 0.8989258 0.5378418 0.9091797 -0.04052734 0.6333008 0.001464843 0.6584473 0.003051757 0.5216064 0.04284667 0.6313477 0.003051757 0.5216064 0.06774902 0.5622559 0.2536621 0.9576416 0.2537842 0.8273926 0.3190918 0.8273926 0.9720459 0.07299804 0.9720459 0.1069336 0.9578857 0.09094238 0.5543213 0.935791 0.5372314 0.9309082 0.5482178 0.9377442 0.6346436 0.9367676 0.6107178 0.9285889 0.5601807 0.9522705 0.6346436 0.9578857 0.5617676 0.9624023 0.5601807 0.9522705 0.1809082 0.9471436 0.1805419 1.018799 0.1826172 1.018555 -6.10352e-4 0.9594727 -6.10352e-4 1.019653 -6.10352e-4 0.947876</float_array>
          <technique_common>
            <accessor source="#polygon0-mesh-map-0-array" count="3237" stride="2">
              <param name="S" type="float"/>
              <param name="T" type="float"/>
            </accessor>
          </technique_common>
        </source>
        <source id="polygon0-mesh-colors-polygon0_Colors0" name="polygon0_Colors0">
          <float_array id="polygon0-mesh-colors-polygon0_Colors0-array" count="12948">0.2901961 0.3019608 0.2901961 1 1 1 1 1 0.2901961 0.3019608 0.2901961 1 1 1 1 1 1 1 1 1 0.2901961 0.3019608 0.2901961 1 0.2901961 0.3019608 0.2901961 1 1 1 1 1 0.2901961 0.3019608 0.2901961 1 1 1 1 1 1 1 1 1 0.2901961 0.3019608 0.2901961 1 0.2901961 0.3019608 0.2901961 1 1 1 1 1 0.2901961 0.3019608 0.2901961 1 1 1 1 1 1 1 1 1 0.2901961 0.3019608 0.2901961 1 0.2901961 0.3019608 0.2901961 1 1 1 1 1 0.2901961 0.3019608 0.2901961 1 1 1 1 1 1 1 1 1 0.2901961 0.3019608 0.2901961 1 0.2901961 0.3019608 0.2901961 1 1 1 1 1 0.2901961 0.3019608 0.2901961 1 1 1 1 1 1 1 1 1 0.2901961 0.3019608 0.2901961 1 0.2901961 0.3019608 0.2901961 1 1 1 1 1 0.2901961 0.3019608 0.2901961 1 1 1 1 1 1 1 1 1 0.2901961 0.3019608 0.2901961 1 0.2901961 0.3019608 0.2901961 1 1 1 1 1 0.2901961 0.3019608 0.2901961 1 1 1 1 1 1 1 1 1 0.2901961 0.3019608 0.2901961 1 0.2901961 0.3019608 0.2901961 1 1 1 1 1 0.2901961 0.3019608 0.2901961 1 1 1 1 1 1 1 1 1 0.2901961 0.3019608 0.2901961 1 0.2901961 0.3019608 0.2901961 1 1 1 1 1 0.2901961 0.3019608 0.2901961 1 1 1 1 1 1 1 1 1 0.2901961 0.3019608 0.2901961 1 0.2901961 0.3019608 0.2901961 1 1 1 1 1 0.2901961 0.3019608 0.2901961 1 1 1 1 1 1 1 1 1 0.2901961 0.3019608 0.2901961 1 0.9058824 0.9058824 0.9058824 1 0.4823529 0.4901961 0.4823529 1 0.8078432 0.8117647 0.8078432 1 0.4823529 0.4901961 0.4823529 1 0.4823529 0.4901961 0.4823529 1 0.9058824 0.9058824 0.9058824 1 0.9058824 0.9058824 0.9058824 1 0.4823529 0.4901961 0.4823529 1 0.9058824 0.9058824 0.9058824 1 0.2901961 0.3019608 0.2901961 1 0.4823529 0.4901961 0.4823529 1 0.9058824 0.9058824 0.9058824 1 0.7098039 0.6980392 0.7098039 1 0.2901961 0.3019608 0.2901961 1 0.9058824 0.9058824 0.9058824 1 0.2901961 0.3019608 0.2901961 1 0.2901961 0.3019608 0.2901961 1 0.7098039 0.6980392 0.7098039 1 0.7098039 0.6980392 0.7098039 1 0.2901961 0.3019608 0.2901961 1 0.7098039 0.6980392 0.7098039 1 0.2901961 0.3019608 0.2901961 1 0.2901961 0.3019608 0.2901961 1 0.7098039 0.6980392 0.7098039 1 0.7098039 0.6980392 0.7098039 1 0.2901961 0.3019608 0.2901961 1 0.7098039 0.6980392 0.7098039 1 0.2901961 0.3019608 0.2901961 1 0.2901961 0.3019608 0.2901961 1 0.7098039 0.6980392 0.7098039 1 0.7098039 0.6980392 0.7098039 1 0.2901961 0.3019608 0.2901961 1 0.7098039 0.6980392 0.7098039 1 0.2901961 0.3019608 0.2901961 1 0.2901961 0.3019608 0.2901961 1 0.7098039 0.6980392 0.7098039 1 0.9058824 0.9058824 0.9058824 1 0.2901961 0.3019608 0.2901961 1 0.7098039 0.6980392 0.7098039 1 0.4823529 0.4901961 0.4823529 1 0.2901961 0.3019608 0.2901961 1 0.9058824 0.9058824 0.9058824 1 0.8078432 0.8117647 0.8078432 1 0.4823529 0.4901961 0.4823529 1 0.9058824 0.9058824 0.9058824 1 0.4823529 0.4901961 0.4823529 1 0.4823529 0.4901961 0.4823529 1 0.8078432 0.8117647 0.8078432 1 0.8078432 0.8117647 0.8078432 1 0.4823529 0.4901961 0.4823529 1 0.9058824 0.9058824 0.9058824 1 0.4823529 0.4901961 0.4823529 1 0.4823529 0.4901961 0.4823529 1 0.8078432 0.8117647 0.8078432 1 0.9058824 0.9058824 0.9058824 1 0.4823529 0.4901961 0.4823529 1 0.8078432 0.8117647 0.8078432 1 0.2901961 0.3019608 0.2901961 1 0.4823529 0.4901961 0.4823529 1 0.9058824 0.9058824 0.9058824 1 0.7098039 0.6980392 0.7098039 1 0.2901961 0.3019608 0.2901961 1 0.9058824 0.9058824 0.9058824 1 0.2901961 0.3019608 0.2901961 1 0.2901961 0.3019608 0.2901961 1 0.7098039 0.6980392 0.7098039 1 0.7098039 0.6980392 0.7098039 1 0.2901961 0.3019608 0.2901961 1 0.7098039 0.6980392 0.7098039 1 0.2901961 0.3019608 0.2901961 1 0.2901961 0.3019608 0.2901961 1 0.7098039 0.6980392 0.7098039 1 0.7098039 0.6980392 0.7098039 1 0.2901961 0.3019608 0.2901961 1 0.7098039 0.6980392 0.7098039 1 0.2901961 0.3019608 0.2901961 1 0.2901961 0.3019608 0.2901961 1 0.7098039 0.6980392 0.7098039 1 0.7098039 0.6980392 0.7098039 1 0.2901961 0.3019608 0.2901961 1 0.7098039 0.6980392 0.7098039 1 0.2901961 0.3019608 0.2901961 1 0.2901961 0.3019608 0.2901961 1 0.7098039 0.6980392 0.7098039 1 0.9058824 0.9058824 0.9058824 1 0.2901961 0.3019608 0.2901961 1 0.7098039 0.6980392 0.7098039 1 0.4823529 0.4901961 0.4823529 1 0.2901961 0.3019608 0.2901961 1 0.9058824 0.9058824 0.9058824 1 0.9058824 0.9058824 0.9058824 1 0.4823529 0.4901961 0.4823529 1 0.9058824 0.9058824 0.9058824 1 0.4823529 0.4901961 0.4823529 1 0.4823529 0.4901961 0.4823529 1 0.9058824 0.9058824 0.9058824 1 0 0 0 1 0 0 0 1 0 0 0 1 0 0 0 1 0 0 0 1 0 0 0 1 0 0 0 1 0 0 0 1 0 0 0 1 0 0 0 1 0 0 0 1 0 0 0 1 0 0 0 1 0 0 0 1 0 0 0 1 0 0 0 1 0 0 0 1 0 0 0 1 0 0 0 1 0 0 0 1 0 0 0 1 0 0 0 1 0 0 0 1 0 0 0 1 0 0 0 1 0 0 0 1 0 0 0 1 0 0 0 1 0 0 0 1 0 0 0 1 0 0 0 1 0 0 0 1 0 0 0 1 0 0 0 1 0 0 0 1 0 0 0 1 0 0 0 1 0 0 0 1 0 0 0 1 0 0 0 1 0 0 0 1 0 0 0 1 0 0 0 1 0 0 0 1 0 0 0 1 0 0 0 1 0 0 0 1 0 0 0 1 0 0 0 1 0 0 0 1 0 0 0 1 0 0 0 1 0 0 0 1 0 0 0 1 0 0 0 1 0 0 0 1 0 0 0 1 0 0 0 1 0 0 0 1 0 0 0 1 0 0 0 1 0 0 0 1 0 0 0 1 0 0 0 1 0 0 0 1 0 0 0 1 0 0 0 1 0 0 0 1 0 0 0 1 0 0 0 1 0 0 0 1 0 0 0 1 0 0 0 1 0 0 0 1 0 0 0 1 0 0 0 1 0 0 0 1 0 0 0 1 0 0 0 1 0 0 0 1 0 0 0 1 0 0 0 1 0 0 0 1 0 0 0 1 0 0 0 1 0 0 0 1 0 0 0 1 0 0 0 1 0 0 0 1 0 0 0 1 0 0 0 1 0 0 0 1 0 0 0 1 0 0 0 1 0 0 0 1 0 0 0 1 0.2901961 0.3019608 0.2901961 1 1 1 1 1 0.1921569 0.1882353 0.1921569 1 1 1 1 1 1 1 1 1 0.2901961 0.3019608 0.2901961 1 0.2901961 0.3019608 0.2901961 1 1 1 1 1 0.2901961 0.3019608 0.2901961 1 1 1 1 1 1 1 1 1 0.2901961 0.3019608 0.2901961 1 0.2901961 0.3019608 0.2901961 1 1 1 1 1 0.2901961 0.3019608 0.2901961 1 1 1 1 1 1 1 1 1 0.2901961 0.3019608 0.2901961 1 0.2901961 0.3019608 0.2901961 1 1 1 1 1 0.2901961 0.3019608 0.2901961 1 1 1 1 1 1 1 1 1 0.2901961 0.3019608 0.2901961 1 0.2901961 0.3019608 0.2901961 1 1 1 1 1 0.2901961 0.3019608 0.2901961 1 1 1 1 1 1 1 1 1 0.2901961 0.3019608 0.2901961 1 0.2901961 0.3019608 0.2901961 1 1 1 1 1 0.2901961 0.3019608 0.2901961 1 1 1 1 1 1 1 1 1 0.2901961 0.3019608 0.2901961 1 0.2901961 0.3019608 0.2901961 1 1 1 1 1 0.2901961 0.3019608 0.2901961 1 1 1 1 1 1 1 1 1 0.2901961 0.3019608 0.2901961 1 0.2901961 0.3019608 0.2901961 1 1 1 1 1 0.2901961 0.3019608 0.2901961 1 0.3882353 0.3960784 0.3882353 1 0.9058824 0.9058824 0.9058824 1 0.3882353 0.3960784 0.3882353 1 0.7098039 0.6980392 0.7098039 1 0.9058824 0.9058824 0.9058824 1 0.3882353 0.3960784 0.3882353 1 0.2901961 0.3019608 0.2901961 1 0.7098039 0.6980392 0.7098039 1 0.3882353 0.3960784 0.3882353 1 0.7098039 0.6980392 0.7098039 1 0.7098039 0.6980392 0.7098039 1 0.2901961 0.3019608 0.2901961 1 0.6117647 0.6039216 0.6117647 1 0.7098039 0.6980392 0.7098039 1 0.2901961 0.3019608 0.2901961 1 0.6117647 0.6039216 0.6117647 1 0.7098039 0.6980392 0.7098039 1 0.6117647 0.6039216 0.6117647 1 0.6117647 0.6039216 0.6117647 1 0.6117647 0.6039216 0.6117647 1 0.6117647 0.6039216 0.6117647 1 0.3882353 0.3960784 0.3882353 1 0.6117647 0.6039216 0.6117647 1 0.6117647 0.6039216 0.6117647 1 0.09411764 0.09411764 0.09411764 1 0.3882353 0.3960784 0.3882353 1 0.6117647 0.6039216 0.6117647 1 0.1921569 0.1882353 0.1921569 1 0.3882353 0.3960784 0.3882353 1 0.09411764 0.09411764 0.09411764 1 0.1921569 0.1882353 0.1921569 1 0.1921569 0.1882353 0.1921569 1 0.09411764 0.09411764 0.09411764 1 0.4823529 0.4901961 0.4823529 1 0.1921569 0.1882353 0.1921569 1 0.1921569 0.1882353 0.1921569 1 0.1921569 0.1882353 0.1921569 1 0.2901961 0.3019608 0.2901961 1 0.1921569 0.1882353 0.1921569 1 0.09411764 0.09411764 0.09411764 1 0.2901961 0.3019608 0.2901961 1 0.1921569 0.1882353 0.1921569 1 0.6117647 0.6039216 0.6117647 1 0.09411764 0.09411764 0.09411764 1 0.1921569 0.1882353 0.1921569 1 0.6117647 0.6039216 0.6117647 1 0.09411764 0.09411764 0.09411764 1 0.6117647 0.6039216 0.6117647 1 0.6117647 0.6039216 0.6117647 1 0.6117647 0.6039216 0.6117647 1 0.6117647 0.6039216 0.6117647 1 0.4823529 0.4901961 0.4823529 1 0.6117647 0.6039216 0.6117647 1 0.6117647 0.6039216 0.6117647 1 0.4823529 0.4901961 0.4823529 1 0.4823529 0.4901961 0.4823529 1 0.6117647 0.6039216 0.6117647 1 0.1921569 0.1882353 0.1921569 1 0.4823529 0.4901961 0.4823529 1 0.4823529 0.4901961 0.4823529 1 0.1921569 0.1882353 0.1921569 1 0.1921569 0.1882353 0.1921569 1 0.4823529 0.4901961 0.4823529 1 0.2901961 0.3019608 0.2901961 1 0.1921569 0.1882353 0.1921569 1 0.1921569 0.1882353 0.1921569 1 0.2901961 0.3019608 0.2901961 1 0.2901961 0.3019608 0.2901961 1 0.1921569 0.1882353 0.1921569 1 0.3882353 0.3960784 0.3882353 1 0.2901961 0.3019608 0.2901961 1 0.2901961 0.3019608 0.2901961 1 1 1 1 1 1 1 1 1 1 1 1 1 1 1 1 1 1 1 1 1 1 1 1 1 1 1 1 1 1 1 1 1 1 1 1 1 1 1 1 1 1 1 1 1 1 1 1 1 1 1 1 1 1 1 1 1 1 1 1 1 1 1 1 1 1 1 1 1 1 1 1 1 1 1 1 1 1 1 1 1 1 1 1 1 1 1 1 1 1 1 1 1 1 1 1 1 1 1 1 1 1 1 1 1 1 1 1 1 1 1 1 1 1 1 1 1 1 1 1 1 0.7098039 0.6980392 0.7098039 1 0.5176471 0.509804 0.5176471 1 0.3882353 0.3960784 0.3882353 1 0.3882353 0.3960784 0.3882353 1 0.5176471 0.509804 0.5176471 1 0.7098039 0.6980392 0.7098039 1 0.7098039 0.6980392 0.7098039 1 0.3882353 0.3960784 0.3882353 1 0.7098039 0.6980392 0.7098039 1 0.5176471 0.509804 0.5176471 1 0.3882353 0.3960784 0.3882353 1 0.7098039 0.6980392 0.7098039 1 0.3882353 0.3960784 0.3882353 1 0.5176471 0.509804 0.5176471 1 0.7098039 0.6980392 0.7098039 1 0.1921569 0.1882353 0.1921569 1 0.5176471 0.509804 0.5176471 1 0.3882353 0.3960784 0.3882353 1 0.5176471 0.509804 0.5176471 1 0.1921569 0.1882353 0.1921569 1 0.3882353 0.3960784 0.3882353 1 0.2235294 0.2196078 0.2235294 1 0.1921569 0.1882353 0.1921569 1 0.5176471 0.509804 0.5176471 1 0.3882353 0.3960784 0.3882353 1 0.2235294 0.2196078 0.2235294 1 0.5176471 0.509804 0.5176471 1 0.5176471 0.509804 0.5176471 1 0.2235294 0.2196078 0.2235294 1 0.3882353 0.3960784 0.3882353 1 0.4823529 0.4901961 0.4823529 1 0.3882353 0.3960784 0.3882353 1 0.3882353 0.3960784 0.3882353 1 0.4823529 0.4901961 0.4823529 1 0.3882353 0.3960784 0.3882353 1 0.4823529 0.4901961 0.4823529 1 0.8078432 0.8117647 0.8078432 1 0.4823529 0.4901961 0.4823529 1 0.4823529 0.4901961 0.4823529 1 0.8078432 0.8117647 0.8078432 1 0.4823529 0.4901961 0.4823529 1 0.8078432 0.8117647 0.8078432 1 0.9058824 0.9058824 0.9058824 1 0.8078432 0.8117647 0.8078432 1 0.8078432 0.8117647 0.8078432 1 0.9058824 0.9058824 0.9058824 1 0.8078432 0.8117647 0.8078432 1 0.9058824 0.9058824 0.9058824 1 0.7098039 0.6980392 0.7098039 1 0.9058824 0.9058824 0.9058824 1 0.9058824 0.9058824 0.9058824 1 0.9058824 0.9058824 0.9058824 1 0.9058824 0.9058824 0.9058824 1 0.7098039 0.6980392 0.7098039 1 0.2901961 0.3019608 0.2901961 1 0.9058824 0.9058824 0.9058824 1 0.7098039 0.6980392 0.7098039 1 0.3882353 0.3960784 0.3882353 1 0.9058824 0.9058824 0.9058824 1 0.2901961 0.3019608 0.2901961 1 0.6117647 0.6039216 0.6117647 1 0.6117647 0.6039216 0.6117647 1 0.2901961 0.3019608 0.2901961 1 0.7411765 0.7450981 0.7411765 1 0.6117647 0.6039216 0.6117647 1 0.6117647 0.6039216 0.6117647 1 0.7098039 0.6980392 0.7098039 1 0.7411765 0.7450981 0.7411765 1 0.6117647 0.6039216 0.6117647 1 0.9058824 0.9058824 0.9058824 1 0.7411765 0.7450981 0.7411765 1 0.7098039 0.6980392 0.7098039 1 0.7098039 0.6980392 0.7098039 1 0.9058824 0.9058824 0.9058824 1 0.7098039 0.6980392 0.7098039 1 0.9058824 0.9058824 0.9058824 1 0.9058824 0.9058824 0.9058824 1 0.7098039 0.6980392 0.7098039 1 0.9058824 0.9058824 0.9058824 1 0.9058824 0.9058824 0.9058824 1 0.7098039 0.6980392 0.7098039 1 1 1 1 1 0.9058824 0.9058824 0.9058824 1 0.9058824 0.9058824 0.9058824 1 1 1 1 1 1 1 1 1 0.9058824 0.9058824 0.9058824 1 1 1 1 1 1 1 1 1 1 1 1 1 1 1 1 1 1 1 1 1 1 1 1 1 1 1 1 1 1 1 1 1 1 1 1 1 1 1 1 1 1 1 1 1 1 1 1 1 1 1 1 1 1 1 1 1 1 1 1 1 0.9686275 0.9529412 0.9686275 1 1 1 1 1 1 1 1 1 1 1 1 1 1 1 1 1 0.9686275 0.9529412 0.9686275 1 0.9058824 0.9058824 0.9058824 1 1 1 1 1 0.9686275 0.9529412 0.9686275 1 1 1 1 1 1 1 1 1 0.9058824 0.9058824 0.9058824 1 0.8078432 0.8117647 0.8078432 1 1 1 1 1 0.9058824 0.9058824 0.9058824 1 0.7098039 0.6980392 0.7098039 1 0.7098039 0.6980392 0.7098039 1 0.7098039 0.6980392 0.7098039 1 0.7098039 0.6980392 0.7098039 1 0.7098039 0.6980392 0.7098039 1 0.7098039 0.6980392 0.7098039 1 0.7098039 0.6980392 0.7098039 1 0.7098039 0.6980392 0.7098039 1 0.7098039 0.6980392 0.7098039 1 0.7098039 0.6980392 0.7098039 1 0.7098039 0.6980392 0.7098039 1 0.7098039 0.6980392 0.7098039 1 0.7098039 0.6980392 0.7098039 1 0.7098039 0.6980392 0.7098039 1 0.7098039 0.6980392 0.7098039 1 0.7098039 0.6980392 0.7098039 1 0.7098039 0.6980392 0.7098039 1 0.7098039 0.6980392 0.7098039 1 0.7098039 0.6980392 0.7098039 1 0.7098039 0.6980392 0.7098039 1 0.7098039 0.6980392 0.7098039 1 0.7098039 0.6980392 0.7098039 1 0.7098039 0.6980392 0.7098039 1 0.7098039 0.6980392 0.7098039 1 0.7098039 0.6980392 0.7098039 1 0.7098039 0.6980392 0.7098039 1 0.7098039 0.6980392 0.7098039 1 0.7098039 0.6980392 0.7098039 1 0.6117647 0.6039216 0.6117647 1 0.4823529 0.4901961 0.4823529 1 0.9058824 0.9058824 0.9058824 1 0.6117647 0.6039216 0.6117647 1 0.7098039 0.6980392 0.7098039 1 0.7098039 0.6980392 0.7098039 1 0.9058824 0.9058824 0.9058824 1 0.7098039 0.6980392 0.7098039 1 0.7098039 0.6980392 0.7098039 1 0.9058824 0.9058824 0.9058824 1 0.7098039 0.6980392 0.7098039 1 0.4823529 0.4901961 0.4823529 1 0.7098039 0.6980392 0.7098039 1 0.7098039 0.6980392 0.7098039 1 0.9058824 0.9058824 0.9058824 1 0.7098039 0.6980392 0.7098039 1 0.4823529 0.4901961 0.4823529 1 0.9058824 0.9058824 0.9058824 1 0.9058824 0.9058824 0.9058824 1 0.4823529 0.4901961 0.4823529 1 0.6117647 0.6039216 0.6117647 1 0.9058824 0.9058824 0.9058824 1 0.9058824 0.9058824 0.9058824 1 0.3882353 0.3960784 0.3882353 1 0.6117647 0.6039216 0.6117647 1 0.9058824 0.9058824 0.9058824 1 1 1 1 1 1 1 1 1 1 1 1 1 1 1 1 1 1 1 1 1 1 1 1 1 1 1 1 1 1 1 1 1 1 1 1 1 1 1 1 1 1 1 1 1 1 1 1 1 0.4823529 0.4901961 0.4823529 1 1 1 1 1 1 1 1 1 1 1 1 1 1 1 1 1 0.4823529 0.4901961 0.4823529 1 0.6117647 0.6039216 0.6117647 1 1 1 1 1 0.4823529 0.4901961 0.4823529 1 1 1 1 1 1 1 1 1 0.6117647 0.6039216 0.6117647 1 1 1 1 1 1 1 1 1 0.6117647 0.6039216 0.6117647 1 0.7098039 0.6980392 0.7098039 1 0.9058824 0.9058824 0.9058824 1 0.8078432 0.8117647 0.8078432 1 0.9686275 0.9529412 0.9686275 1 0.9058824 0.9058824 0.9058824 1 0.7098039 0.6980392 0.7098039 1 0.7411765 0.7450981 0.7411765 1 0.9686275 0.9529412 0.9686275 1 0.7098039 0.6980392 0.7098039 1 0.9058824 0.9058824 0.9058824 1 0.9686275 0.9529412 0.9686275 1 0.7411765 0.7450981 0.7411765 1 0.7098039 0.6980392 0.7098039 1 0.9058824 0.9058824 0.9058824 1 0.7411765 0.7450981 0.7411765 1 0.7411765 0.7450981 0.7411765 1 0.9058824 0.9058824 0.9058824 1 0.7098039 0.6980392 0.7098039 1 0.6470589 0.6509804 0.6470589 1 0.7411765 0.7450981 0.7411765 1 0.7098039 0.6980392 0.7098039 1 0.6470589 0.6509804 0.6470589 1 0.7411765 0.7450981 0.7411765 1 0.6470589 0.6509804 0.6470589 1 0.7098039 0.6980392 0.7098039 1 0.6470589 0.6509804 0.6470589 1 0.6470589 0.6509804 0.6470589 1 0.7098039 0.6980392 0.7098039 1 0.1921569 0.1882353 0.1921569 1 0.6117647 0.6039216 0.6117647 1 0.6470589 0.6509804 0.6470589 1 0.1921569 0.1882353 0.1921569 1 0.7098039 0.6980392 0.7098039 1 0.6470589 0.6509804 0.6470589 1 0.6470589 0.6509804 0.6470589 1 0.7098039 0.6980392 0.7098039 1 0.7411765 0.7450981 0.7411765 1 0.6470589 0.6509804 0.6470589 1 0.6470589 0.6509804 0.6470589 1 0.7098039 0.6980392 0.7098039 1 0.7411765 0.7450981 0.7411765 1 0.6470589 0.6509804 0.6470589 1 0.9058824 0.9058824 0.9058824 1 0.7411765 0.7450981 0.7411765 1 0.7098039 0.6980392 0.7098039 1 0.7411765 0.7450981 0.7411765 1 0.9058824 0.9058824 0.9058824 1 0.7098039 0.6980392 0.7098039 1 0.9686275 0.9529412 0.9686275 1 0.9058824 0.9058824 0.9058824 1 0.7411765 0.7450981 0.7411765 1 0.7098039 0.6980392 0.7098039 1 0.9686275 0.9529412 0.9686275 1 0.7411765 0.7450981 0.7411765 1 0.9058824 0.9058824 0.9058824 1 1 1 1 1 0.8078432 0.8117647 0.8078432 1 1 1 1 1 1 1 1 1 0.9058824 0.9058824 0.9058824 1 0.9686275 0.9529412 0.9686275 1 1 1 1 1 0.9058824 0.9058824 0.9058824 1 1 1 1 1 1 1 1 1 0.9686275 0.9529412 0.9686275 1 1 1 1 1 1 1 1 1 0.9686275 0.9529412 0.9686275 1 1 1 1 1 1 1 1 1 1 1 1 1 1 1 1 1 1 1 1 1 1 1 1 1 1 1 1 1 1 1 1 1 1 1 1 1 1 1 1 1 1 1 1 1 1 1 1 1 0.8078432 0.8117647 0.8078432 1 0.6117647 0.6039216 0.6117647 1 0.7411765 0.7450981 0.7411765 1 0.7098039 0.6980392 0.7098039 1 0.6117647 0.6039216 0.6117647 1 0.8078432 0.8117647 0.8078432 1 0.4823529 0.4901961 0.4823529 1 0.7098039 0.6980392 0.7098039 1 0.8078432 0.8117647 0.8078432 1 1 1 1 1 0.7098039 0.6980392 0.7098039 1 0.4823529 0.4901961 0.4823529 1 0.7098039 0.6980392 0.7098039 1 1 1 1 1 0.4823529 0.4901961 0.4823529 1 0.8078432 0.8117647 0.8078432 1 1 1 1 1 0.7098039 0.6980392 0.7098039 1 1 1 1 1 0.8078432 0.8117647 0.8078432 1 0.7098039 0.6980392 0.7098039 1 0.8078432 0.8117647 0.8078432 1 0.8078432 0.8117647 0.8078432 1 1 1 1 1 0.7098039 0.6980392 0.7098039 1 0.8078432 0.8117647 0.8078432 1 1 1 1 1 0.6117647 0.6039216 0.6117647 1 0.9058824 0.9058824 0.9058824 1 0.7098039 0.6980392 0.7098039 1 0.8078432 0.8117647 0.8078432 1 0.9058824 0.9058824 0.9058824 1 0.6117647 0.6039216 0.6117647 1 0.6117647 0.6039216 0.6117647 1 0.8078432 0.8117647 0.8078432 1 0.6117647 0.6039216 0.6117647 1 0.7098039 0.6980392 0.7098039 1 0.8078432 0.8117647 0.8078432 1 0.6117647 0.6039216 0.6117647 1 0.3882353 0.3960784 0.3882353 1 0.7098039 0.6980392 0.7098039 1 0.6117647 0.6039216 0.6117647 1 0.9058824 0.9058824 0.9058824 1 0.7098039 0.6980392 0.7098039 1 0.3882353 0.3960784 0.3882353 1 0.4823529 0.4901961 0.4823529 1 0.9058824 0.9058824 0.9058824 1 0.3882353 0.3960784 0.3882353 1 0.4823529 0.4901961 0.4823529 1 0.9058824 0.9058824 0.9058824 1 0.4823529 0.4901961 0.4823529 1 0 0 0 1 0.6117647 0.6196079 0.6117647 1 0.03137254 0.04705882 0.03137254 1 0.6784314 0.682353 0.6784314 1 0.6117647 0.6196079 0.6117647 1 0 0 0 1 0 0 0 1 0.6784314 0.682353 0.6784314 1 0 0 0 1 0.9372549 0.9215686 0.9372549 1 0.6784314 0.682353 0.6784314 1 0 0 0 1 0 0 0 1 0.9372549 0.9215686 0.9372549 1 0 0 0 1 0.8392157 0.827451 0.8392157 1 0.9372549 0.9215686 0.9372549 1 0 0 0 1 0.03137254 0.04705882 0.03137254 1 0.8392157 0.827451 0.8392157 1 0 0 0 1 0.6117647 0.6196079 0.6117647 1 0.8392157 0.827451 0.8392157 1 0.03137254 0.04705882 0.03137254 1 0.3529412 0.3647059 0.3529412 1 0.8078432 0.7960785 0.8078432 1 0.5176471 0.509804 0.5176471 1 0.5176471 0.509804 0.5176471 1 0.8078432 0.7960785 0.8078432 1 0.3529412 0.3647059 0.3529412 1 0.5803922 0.5725491 0.5803922 1 0.5176471 0.509804 0.5176471 1 0.3529412 0.3647059 0.3529412 1 0.8078432 0.7960785 0.8078432 1 0.5176471 0.509804 0.5176471 1 0.5803922 0.5725491 0.5803922 1 0.4196078 0.4117647 0.4196078 1 0.8078432 0.7960785 0.8078432 1 0.5803922 0.5725491 0.5803922 1 0.5490196 0.5411765 0.5490196 1 0.8078432 0.7960785 0.8078432 1 0.4196078 0.4117647 0.4196078 1 0.1607843 0.1568627 0.1607843 1 0.5490196 0.5411765 0.5490196 1 0.4196078 0.4117647 0.4196078 1 0.5176471 0.5254902 0.5176471 1 0.5490196 0.5411765 0.5490196 1 0.1607843 0.1568627 0.1607843 1 0.8392157 0.827451 0.8392157 1 0.2901961 0.3019608 0.2901961 1 0.9058824 0.9058824 0.9058824 1 0.2901961 0.3019608 0.2901961 1 0.2901961 0.3019608 0.2901961 1 0.8392157 0.827451 0.8392157 1 0.9372549 0.9215686 0.9372549 1 0.2901961 0.3019608 0.2901961 1 0.8392157 0.827451 0.8392157 1 0.2901961 0.3019608 0.2901961 1 0.2901961 0.3019608 0.2901961 1 0.9372549 0.9215686 0.9372549 1 1 0.9843137 1 1 0.2901961 0.3019608 0.2901961 1 0.9372549 0.9215686 0.9372549 1 0.2901961 0.3019608 0.2901961 1 0.2901961 0.3019608 0.2901961 1 1 0.9843137 1 1 0.9058824 0.9058824 0.9058824 1 0.2901961 0.3019608 0.2901961 1 1 0.9843137 1 1 0.2901961 0.3019608 0.2901961 1 0.2901961 0.3019608 0.2901961 1 0.9058824 0.9058824 0.9058824 1 0.7098039 0.6980392 0.7098039 1 0.2901961 0.3019608 0.2901961 1 0.9058824 0.9058824 0.9058824 1 0.2901961 0.3019608 0.2901961 1 0.2901961 0.3019608 0.2901961 1 0.7098039 0.6980392 0.7098039 1 0.9058824 0.9058824 0.9058824 1 0.2901961 0.3019608 0.2901961 1 0.7098039 0.6980392 0.7098039 1 0.2901961 0.3019608 0.2901961 1 0.2901961 0.3019608 0.2901961 1 0.9058824 0.9058824 0.9058824 1 0.8078432 0.8117647 0.8078432 1 0.2901961 0.3019608 0.2901961 1 0.9058824 0.9058824 0.9058824 1 0.2901961 0.3019608 0.2901961 1 0.2901961 0.3019608 0.2901961 1 0.8078432 0.8117647 0.8078432 1 0.9058824 0.9058824 0.9058824 1 0.2901961 0.3019608 0.2901961 1 0.8078432 0.8117647 0.8078432 1 0.2901961 0.3019608 0.2901961 1 0.2901961 0.3019608 0.2901961 1 0.9058824 0.9058824 0.9058824 1 0.06274509 0.06274509 0.06274509 1 0.6117647 0.6039216 0.6117647 1 0 0 0 1 0.6470589 0.6352941 0.6470589 1 0.6117647 0.6039216 0.6117647 1 0.06274509 0.06274509 0.06274509 1 0 0 0 1 0.6470589 0.6352941 0.6470589 1 0.06274509 0.06274509 0.06274509 1 0.7764706 0.7647059 0.7764706 1 0.6470589 0.6352941 0.6470589 1 0 0 0 1 0 0 0 1 0.7764706 0.7647059 0.7764706 1 0 0 0 1 0.7098039 0.6980392 0.7098039 1 0.7764706 0.7647059 0.7764706 1 0 0 0 1 0 0 0 1 0.7098039 0.6980392 0.7098039 1 0 0 0 1 0.6117647 0.6039216 0.6117647 1 0.7098039 0.6980392 0.7098039 1 0 0 0 1 1 0.9843137 1 1 0.2901961 0.3019608 0.2901961 1 0.9058824 0.9058824 0.9058824 1 0.2901961 0.3019608 0.2901961 1 0.2901961 0.3019608 0.2901961 1 1 0.9843137 1 1 0.8705883 0.8745098 0.8705883 1 0.2901961 0.3019608 0.2901961 1 1 0.9843137 1 1 0.2901961 0.3019608 0.2901961 1 0.2901961 0.3019608 0.2901961 1 0.8705883 0.8745098 0.8705883 1 0.8078432 0.8117647 0.8078432 1 0.2901961 0.3019608 0.2901961 1 0.8705883 0.8745098 0.8705883 1 0.2901961 0.3019608 0.2901961 1 0.2901961 0.3019608 0.2901961 1 0.8078432 0.8117647 0.8078432 1 0.9058824 0.9058824 0.9058824 1 0.2901961 0.3019608 0.2901961 1 0.8078432 0.8117647 0.8078432 1 0.2901961 0.3019608 0.2901961 1 0.2901961 0.3019608 0.2901961 1 0.9058824 0.9058824 0.9058824 1 0.9058824 0.9058824 0.9058824 1 0.9372549 0.9372549 0.9372549 1 0.3882353 0.3960784 0.3882353 1 0.3882353 0.3960784 0.3882353 1 0.9372549 0.9372549 0.9372549 1 0.9058824 0.9058824 0.9058824 1 0.3882353 0.3960784 0.3882353 1 0.3882353 0.3960784 0.3882353 1 0.9058824 0.9058824 0.9058824 1 1 1 1 1 0.3882353 0.3960784 0.3882353 1 0.3882353 0.3960784 0.3882353 1 1 1 1 1 1 1 1 1 0.3882353 0.3960784 0.3882353 1 0.3882353 0.3960784 0.3882353 1 1 1 1 1 1 1 1 1 0.3882353 0.3960784 0.3882353 1 0.3882353 0.3960784 0.3882353 1 1 1 1 1 0.9372549 0.9372549 0.9372549 1 0.3882353 0.3960784 0.3882353 1 0.3882353 0.3960784 0.3882353 1 0.2901961 0.3019608 0.2901961 1 0.9372549 0.9372549 0.9372549 1 0.9058824 0.9058824 0.9058824 1 0.4196078 0.4117647 0.4196078 1 0.9372549 0.9372549 0.9372549 1 0.2901961 0.3019608 0.2901961 1 1 1 1 1 0.4196078 0.4117647 0.4196078 1 0.2901961 0.3019608 0.2901961 1 1 1 1 1 0.4196078 0.4117647 0.4196078 1 1 1 1 1 0.3882353 0.3960784 0.3882353 1 1 1 1 1 1 1 1 1 0.3882353 0.3960784 0.3882353 1 1 1 1 1 0.3882353 0.3960784 0.3882353 1 0.9058824 0.9058824 0.9058824 1 0.3882353 0.3960784 0.3882353 1 0.3882353 0.3960784 0.3882353 1 0.9372549 0.9372549 0.9372549 1 0.3882353 0.3960784 0.3882353 1 0.9058824 0.9058824 0.9058824 1 0.9058824 0.9058824 0.9058824 1 0.2901961 0.3019608 0.2901961 1 0.7098039 0.6980392 0.7098039 1 0.2901961 0.3019608 0.2901961 1 0.2901961 0.3019608 0.2901961 1 0.9058824 0.9058824 0.9058824 1 0.8078432 0.8117647 0.8078432 1 0.2901961 0.3019608 0.2901961 1 0.9058824 0.9058824 0.9058824 1 0.2901961 0.3019608 0.2901961 1 0.2901961 0.3019608 0.2901961 1 0.8078432 0.8117647 0.8078432 1 0.9058824 0.9058824 0.9058824 1 0.2901961 0.3019608 0.2901961 1 0.8078432 0.8117647 0.8078432 1 0.2901961 0.3019608 0.2901961 1 0.2901961 0.3019608 0.2901961 1 0.9058824 0.9058824 0.9058824 1 0.7098039 0.6980392 0.7098039 1 0.2901961 0.3019608 0.2901961 1 0.9058824 0.9058824 0.9058824 1 0.2901961 0.3019608 0.2901961 1 0.2901961 0.3019608 0.2901961 1 0.7098039 0.6980392 0.7098039 1 0.9058824 0.9058824 0.9058824 1 0.2901961 0.3019608 0.2901961 1 0.2901961 0.3019608 0.2901961 1 0.8078432 0.8117647 0.8078432 1 0.2901961 0.3019608 0.2901961 1 0.9058824 0.9058824 0.9058824 1 0.9686275 0.9529412 0.9686275 1 0.8078432 0.8117647 0.8078432 1 0.9058824 0.9058824 0.9058824 1 0.8705883 0.8588235 0.8705883 1 0.8078432 0.8117647 0.8078432 1 0.9686275 0.9529412 0.9686275 1 1 1 1 1 0.8705883 0.8588235 0.8705883 1 0.9686275 0.9529412 0.9686275 1 0.9058824 0.9058824 0.9058824 1 0.8705883 0.8588235 0.8705883 1 1 1 1 1 0.7411765 0.7450981 0.7411765 1 0.9058824 0.9058824 0.9058824 1 1 1 1 1 1 1 1 1 0.7411765 0.7450981 0.7411765 1 1 1 1 1 0.6117647 0.6039216 0.6117647 1 0.7411765 0.7450981 0.7411765 1 1 1 1 1 1 1 1 1 0.6117647 0.6039216 0.6117647 1 1 1 1 1 0.6117647 0.6039216 0.6117647 1 0.6117647 0.6039216 0.6117647 1 1 1 1 1 1 1 1 1 0.6117647 0.6039216 0.6117647 1 1 1 1 1 0.6117647 0.6039216 0.6117647 1 0.6117647 0.6039216 0.6117647 1 1 1 1 1 1 1 1 1 0.6117647 0.6039216 0.6117647 1 1 1 1 1 1 1 1 1 0.6117647 0.6039216 0.6117647 1 1 1 1 1 0.6117647 0.6039216 0.6117647 1 0.6117647 0.6039216 0.6117647 1 1 1 1 1 1 1 1 1 0.6117647 0.6039216 0.6117647 1 1 1 1 1 0.7411765 0.7450981 0.7411765 1 0.6117647 0.6039216 0.6117647 1 1 1 1 1 1 1 1 1 0.7411765 0.7450981 0.7411765 1 1 1 1 1 0.9058824 0.9058824 0.9058824 1 0.7411765 0.7450981 0.7411765 1 1 1 1 1 0.8705883 0.8588235 0.8705883 1 0.9058824 0.9058824 0.9058824 1 1 1 1 1 1 1 1 1 1 1 1 1 1 1 1 1 1 1 1 1 1 1 1 1 1 1 1 1 1 1 1 1 1 1 1 1 1 1 1 1 1 1 1 1 1 1 1 1 1 1 1 1 1 1 1 1 1 1 1 1 1 1 1 1 1 1 1 1 1 1 1 1 1 1 1 1 1 1 1 1 1 1 1 1 1 1 1 1 0.3882353 0.3960784 0.3882353 1 0.7098039 0.7137255 0.7098039 1 0.4823529 0.4901961 0.4823529 1 0.7411765 0.7450981 0.7411765 1 0.7098039 0.7137255 0.7098039 1 0.3882353 0.3960784 0.3882353 1 0.1921569 0.1882353 0.1921569 1 0.7411765 0.7450981 0.7411765 1 0.3882353 0.3960784 0.3882353 1 0.2588235 0.254902 0.2588235 1 0.7411765 0.7450981 0.7411765 1 0.1921569 0.1882353 0.1921569 1 0.1921569 0.1882353 0.1921569 1 0.2588235 0.254902 0.2588235 1 0.1921569 0.1882353 0.1921569 1 0.2901961 0.3019608 0.2901961 1 0.2588235 0.254902 0.2588235 1 0.1921569 0.1882353 0.1921569 1 1 1 1 1 1 1 1 1 1 1 1 1 1 1 1 1 1 1 1 1 1 1 1 1 1 1 1 1 1 1 1 1 1 1 1 1 1 1 1 1 1 1 1 1 1 1 1 1 0.4823529 0.4901961 0.4823529 1 1 1 1 1 1 1 1 1 0.4823529 0.4901961 0.4823529 1 1 1 1 1 0.4823529 0.4901961 0.4823529 1 0.3882353 0.3960784 0.3882353 1 0.09411764 0.09411764 0.09411764 1 0.3882353 0.3960784 0.3882353 1 0.3882353 0.3960784 0.3882353 1 0.09411764 0.09411764 0.09411764 1 0.3882353 0.3960784 0.3882353 1 0.3882353 0.3960784 0.3882353 1 0.3882353 0.3960784 0.3882353 1 0.3882353 0.3960784 0.3882353 1 0.3882353 0.3960784 0.3882353 1 0.3882353 0.3960784 0.3882353 1 0.3882353 0.3960784 0.3882353 1 0.3882353 0.3960784 0.3882353 1 0.3882353 0.3960784 0.3882353 1 0.3882353 0.3960784 0.3882353 1 0.09411764 0.09411764 0.09411764 1 0.3882353 0.3960784 0.3882353 1 0.3882353 0.3960784 0.3882353 1 0.5176471 0.509804 0.5176471 1 0.8078432 0.8117647 0.8078432 1 0.1921569 0.1882353 0.1921569 1 0.9372549 0.9215686 0.9372549 1 0.8078432 0.8117647 0.8078432 1 0.5176471 0.509804 0.5176471 1 0.6117647 0.6039216 0.6117647 1 0.9372549 0.9215686 0.9372549 1 0.5176471 0.509804 0.5176471 1 0.7411765 0.7450981 0.7411765 1 0.9372549 0.9215686 0.9372549 1 0.6117647 0.6039216 0.6117647 1 0.5176471 0.5254902 0.5176471 1 0.7411765 0.7450981 0.7411765 1 0.6117647 0.6039216 0.6117647 1 0.7411765 0.7450981 0.7411765 1 0.7411765 0.7450981 0.7411765 1 0.5176471 0.5254902 0.5176471 1 0.6117647 0.6039216 0.6117647 1 0.4823529 0.4901961 0.4823529 1 1 1 1 1 0.4823529 0.4901961 0.4823529 1 0.4823529 0.4901961 0.4823529 1 0.6117647 0.6039216 0.6117647 1 0.4823529 0.4901961 0.4823529 1 0.4823529 0.4901961 0.4823529 1 0.6117647 0.6039216 0.6117647 1 0.5803922 0.5882353 0.5803922 1 0.4823529 0.4901961 0.4823529 1 0.4823529 0.4901961 0.4823529 1 0.4823529 0.4901961 0.4823529 1 0.5803922 0.5882353 0.5803922 1 0.4823529 0.4901961 0.4823529 1 0.1921569 0.1882353 0.1921569 1 0.5803922 0.5882353 0.5803922 1 0.4823529 0.4901961 0.4823529 1 0.7411765 0.7450981 0.7411765 1 0.7411765 0.7450981 0.7411765 1 0.8392157 0.8431373 0.8392157 1 0.9372549 0.9215686 0.9372549 1 0.7411765 0.7450981 0.7411765 1 0.7411765 0.7450981 0.7411765 1 1 1 1 1 0.9372549 0.9215686 0.9372549 1 0.7411765 0.7450981 0.7411765 1 0.8078432 0.8117647 0.8078432 1 0.9372549 0.9215686 0.9372549 1 1 1 1 1 0.9372549 0.9215686 0.9372549 1 0.8078432 0.8117647 0.8078432 1 1 1 1 1 0.1921569 0.1882353 0.1921569 1 0.8078432 0.8117647 0.8078432 1 0.9372549 0.9215686 0.9372549 1 1 1 1 1 0.9058824 0.9058824 0.9058824 1 0.8078432 0.8117647 0.8078432 1 1 1 1 1 0.9058824 0.9058824 0.9058824 1 1 1 1 1 0.9058824 0.9058824 0.9058824 1 1 1 1 1 1 1 1 1 1 1 1 1 1 1 1 1 0.9058824 0.9058824 0.9058824 1 0.9058824 0.9058824 0.9058824 1 1 1 1 1 0.9058824 0.9058824 0.9058824 1 1 1 1 1 1 1 1 1 0.9058824 0.9058824 0.9058824 1 0.9372549 0.9215686 0.9372549 1 0.8078432 0.8117647 0.8078432 1 0.1921569 0.1882353 0.1921569 1 0.9372549 0.9372549 0.9372549 1 0.8078432 0.8117647 0.8078432 1 0.9372549 0.9215686 0.9372549 1 1 1 1 1 0.9372549 0.9372549 0.9372549 1 0.9372549 0.9215686 0.9372549 1 0.7098039 0.6980392 0.7098039 1 0.9372549 0.9372549 0.9372549 1 1 1 1 1 0.7411765 0.7450981 0.7411765 1 0.7098039 0.6980392 0.7098039 1 1 1 1 1 0.8392157 0.8431373 0.8392157 1 0.7098039 0.6980392 0.7098039 1 0.7411765 0.7450981 0.7411765 1 0.4823529 0.4901961 0.4823529 1 0.6117647 0.6039216 0.6117647 1 0.6117647 0.6039216 0.6117647 1 0.6117647 0.6039216 0.6117647 1 0.6117647 0.6039216 0.6117647 1 0.4823529 0.4901961 0.4823529 1 0.4823529 0.4901961 0.4823529 1 0.6117647 0.6039216 0.6117647 1 0.4823529 0.4901961 0.4823529 1 0.6117647 0.6039216 0.6117647 1 0.6117647 0.6039216 0.6117647 1 0.4823529 0.4901961 0.4823529 1 0.3882353 0.3960784 0.3882353 1 0.6117647 0.6039216 0.6117647 1 0.4823529 0.4901961 0.4823529 1 0.7411765 0.7450981 0.7411765 1 0.6117647 0.6039216 0.6117647 1 0.3882353 0.3960784 0.3882353 1 0.5176471 0.509804 0.5176471 1 0.7098039 0.6980392 0.7098039 1 0.7764706 0.7647059 0.7764706 1 0.9372549 0.9372549 0.9372549 1 0.7098039 0.6980392 0.7098039 1 0.5176471 0.509804 0.5176471 1 0.6117647 0.6039216 0.6117647 1 0.9372549 0.9372549 0.9372549 1 0.5176471 0.509804 0.5176471 1 0.8078432 0.8117647 0.8078432 1 0.9372549 0.9372549 0.9372549 1 0.6117647 0.6039216 0.6117647 1 0.5176471 0.509804 0.5176471 1 0.8078432 0.8117647 0.8078432 1 0.6117647 0.6039216 0.6117647 1 0.1921569 0.1882353 0.1921569 1 0.8078432 0.8117647 0.8078432 1 0.5176471 0.509804 0.5176471 1 0.5176471 0.509804 0.5176471 1 0.3215686 0.3333333 0.3215686 1 0.1921569 0.1882353 0.1921569 1 0.3882353 0.3960784 0.3882353 1 0.3215686 0.3333333 0.3215686 1 0.5176471 0.509804 0.5176471 1 0.6117647 0.6039216 0.6117647 1 0.3882353 0.3960784 0.3882353 1 0.5176471 0.509804 0.5176471 1 0.3215686 0.317647 0.3215686 1 0.3882353 0.3960784 0.3882353 1 0.6117647 0.6039216 0.6117647 1 0.5176471 0.509804 0.5176471 1 0.3215686 0.317647 0.3215686 1 0.6117647 0.6039216 0.6117647 1 0.7764706 0.7647059 0.7764706 1 0.3215686 0.317647 0.3215686 1 0.5176471 0.509804 0.5176471 1 0.3215686 0.3333333 0.3215686 1 0.3215686 0.317647 0.3215686 1 0.1921569 0.1882353 0.1921569 1 0.3882353 0.3960784 0.3882353 1 0.3215686 0.317647 0.3215686 1 0.3215686 0.3333333 0.3215686 1 0.3882353 0.3960784 0.3882353 1 0.3882353 0.3960784 0.3882353 1 0.3215686 0.3333333 0.3215686 1 0.3215686 0.317647 0.3215686 1 0.3882353 0.3960784 0.3882353 1 0.3882353 0.3960784 0.3882353 1 0.3215686 0.317647 0.3215686 1 0.3215686 0.317647 0.3215686 1 0.3882353 0.3960784 0.3882353 1 0.4509804 0.4588235 0.4509804 1 0.3215686 0.317647 0.3215686 1 0.3215686 0.317647 0.3215686 1 1 1 1 1 0.8078432 0.8117647 0.8078432 1 1 1 1 1 0.8078432 0.8117647 0.8078432 1 0.8078432 0.8117647 0.8078432 1 1 1 1 1 1 1 1 1 0.8078432 0.8117647 0.8078432 1 1 1 1 1 1 1 1 1 0.8078432 0.8117647 0.8078432 1 1 1 1 1 1 1 1 1 1 1 1 1 1 1 1 1 1 1 1 1 1 1 1 1 1 1 1 1 0.5176471 0.5254902 0.5176471 1 0.3215686 0.317647 0.3215686 1 0.7411765 0.7450981 0.7411765 1 0.3882353 0.3960784 0.3882353 1 0.3215686 0.317647 0.3215686 1 0.5176471 0.5254902 0.5176471 1 0.6117647 0.6039216 0.6117647 1 0.3882353 0.3960784 0.3882353 1 0.5176471 0.5254902 0.5176471 1 0.3215686 0.317647 0.3215686 1 0.3882353 0.3960784 0.3882353 1 0.6117647 0.6039216 0.6117647 1 0.5176471 0.509804 0.5176471 1 0.3215686 0.317647 0.3215686 1 0.6117647 0.6039216 0.6117647 1 0.1921569 0.1882353 0.1921569 1 0.3215686 0.317647 0.3215686 1 0.5176471 0.509804 0.5176471 1 1 1 1 1 1 1 1 1 1 1 1 1 1 1 1 1 1 1 1 1 1 1 1 1 1 1 1 1 1 1 1 1 1 1 1 1 1 1 1 1 1 1 1 1 1 1 1 1 1 1 1 1 1 1 1 1 1 1 1 1 1 1 1 1 1 1 1 1 1 1 1 1 0.6117647 0.6039216 0.6117647 1 0.2901961 0.3019608 0.2901961 1 0.6117647 0.6039216 0.6117647 1 0.3882353 0.3960784 0.3882353 1 0.2901961 0.3019608 0.2901961 1 0.6117647 0.6039216 0.6117647 1 0.7098039 0.6980392 0.7098039 1 0.3882353 0.3960784 0.3882353 1 0.6117647 0.6039216 0.6117647 1 0.9058824 0.9058824 0.9058824 1 0.3882353 0.3960784 0.3882353 1 0.7098039 0.6980392 0.7098039 1 0.8078432 0.8117647 0.8078432 1 0.9058824 0.9058824 0.9058824 1 0.7098039 0.6980392 0.7098039 1 0.6117647 0.6039216 0.6117647 1 0.9058824 0.9058824 0.9058824 1 0.8078432 0.8117647 0.8078432 1 0.3215686 0.317647 0.3215686 1 0.3215686 0.317647 0.3215686 1 0.4509804 0.4588235 0.4509804 1 0.3882353 0.3960784 0.3882353 1 0.3215686 0.317647 0.3215686 1 0.3215686 0.317647 0.3215686 1 0.3882353 0.3960784 0.3882353 1 0.3882353 0.3960784 0.3882353 1 0.3215686 0.317647 0.3215686 1 0.3215686 0.3333333 0.3215686 1 0.3882353 0.3960784 0.3882353 1 0.3882353 0.3960784 0.3882353 1 0.3215686 0.3333333 0.3215686 1 0.3215686 0.3333333 0.3215686 1 0.3882353 0.3960784 0.3882353 1 0.1921569 0.1882353 0.1921569 1 0.3215686 0.3333333 0.3215686 1 0.3215686 0.3333333 0.3215686 1 0.6117647 0.6039216 0.6117647 1 0.7098039 0.6980392 0.7098039 1 0.4823529 0.4901961 0.4823529 1 0.9058824 0.9058824 0.9058824 1 0.7098039 0.6980392 0.7098039 1 0.6117647 0.6039216 0.6117647 1 0.9058824 0.9058824 0.9058824 1 0.9058824 0.9058824 0.9058824 1 0.6117647 0.6039216 0.6117647 1 0.4823529 0.4901961 0.4823529 1 0.9058824 0.9058824 0.9058824 1 0.9058824 0.9058824 0.9058824 1 0.3882353 0.3960784 0.3882353 1 0.4823529 0.4901961 0.4823529 1 0.9058824 0.9058824 0.9058824 1 1 1 1 1 1 1 1 1 1 1 1 1 1 1 1 1 1 1 1 1 1 1 1 1 1 1 1 1 1 1 1 1 1 1 1 1 1 1 1 1 1 1 1 1 1 1 1 1 0.8705883 0.8745098 0.8705883 1 1 1 1 1 1 1 1 1 1 1 1 1 0.7098039 0.7137255 0.7098039 1 0.8705883 0.8745098 0.8705883 1 0.4823529 0.4901961 0.4823529 1 0.7098039 0.7137255 0.7098039 1 1 1 1 1 1 1 1 1 0.4823529 0.4901961 0.4823529 1 1 1 1 1 1 1 1 1 0.4823529 0.4901961 0.4823529 1 1 1 1 1 1 1 1 1 1 1 1 1 1 1 1 1 0.4823529 0.4901961 0.4823529 1 0.6117647 0.6039216 0.6117647 1 0.3882353 0.3960784 0.3882353 1 0.6117647 0.6039216 0.6117647 1 0.6117647 0.6039216 0.6117647 1 0.4823529 0.4901961 0.4823529 1 0.4823529 0.4901961 0.4823529 1 0.6117647 0.6039216 0.6117647 1 0.4823529 0.4901961 0.4823529 1 0.6117647 0.6039216 0.6117647 1 0.6117647 0.6039216 0.6117647 1 0.4823529 0.4901961 0.4823529 1 0.6117647 0.6039216 0.6117647 1 0.6117647 0.6039216 0.6117647 1 0.4823529 0.4901961 0.4823529 1 0.8078432 0.8117647 0.8078432 1 0.4823529 0.4901961 0.4823529 1 0.4823529 0.4901961 0.4823529 1 0.6117647 0.6039216 0.6117647 1 0.4823529 0.4901961 0.4823529 1 0.8078432 0.8117647 0.8078432 1 1 1 1 1 0.6117647 0.6039216 0.6117647 1 0.8078432 0.8117647 0.8078432 1 0.6117647 0.6039216 0.6117647 1 0.6117647 0.6039216 0.6117647 1 1 1 1 1 0.2901961 0.3019608 0.2901961 1 0.6117647 0.6039216 0.6117647 1 1 1 1 1 0.4823529 0.4901961 0.4823529 1 0.4823529 0.4901961 0.4823529 1 0.7098039 0.7137255 0.7098039 1 0.5803922 0.5882353 0.5803922 1 0.4823529 0.4901961 0.4823529 1 0.4823529 0.4901961 0.4823529 1 0.4823529 0.4901961 0.4823529 1 0.5803922 0.5882353 0.5803922 1 0.4823529 0.4901961 0.4823529 1 0.4823529 0.4901961 0.4823529 1 0.5803922 0.5882353 0.5803922 1 0.4823529 0.4901961 0.4823529 1 0.6117647 0.6039216 0.6117647 1 0.4823529 0.4901961 0.4823529 1 0.4823529 0.4901961 0.4823529 1 0.4823529 0.4901961 0.4823529 1 1 1 1 1 0.7098039 0.6980392 0.7098039 1 0.7098039 0.6980392 0.7098039 1 1 1 1 1 0.4823529 0.4901961 0.4823529 1 0.8078432 0.8117647 0.8078432 1 0.7098039 0.6980392 0.7098039 1 0.4823529 0.4901961 0.4823529 1 0.6117647 0.6039216 0.6117647 1 0.7098039 0.6980392 0.7098039 1 0.8078432 0.8117647 0.8078432 1 0.7411765 0.7450981 0.7411765 1 0.6117647 0.6039216 0.6117647 1 0.8078432 0.8117647 0.8078432 1 0.7098039 0.6980392 0.7098039 1 0.9058824 0.9058824 0.9058824 1 0.5176471 0.509804 0.5176471 1 1 1 1 1 0.9058824 0.9058824 0.9058824 1 0.7098039 0.6980392 0.7098039 1 1 1 1 1 1 1 1 1 0.7098039 0.6980392 0.7098039 1 1 1 1 1 1 1 1 1 1 1 1 1 1 1 1 1 1 1 1 1 1 1 1 1 0.7098039 0.6980392 0.7098039 1 0.7098039 0.6980392 0.7098039 1 0.7098039 0.6980392 0.7098039 1 0.6117647 0.6039216 0.6117647 1 0.7098039 0.6980392 0.7098039 1 0.7098039 0.6980392 0.7098039 1 0.6117647 0.6039216 0.6117647 1 0.6117647 0.6039216 0.6117647 1 0.7098039 0.6980392 0.7098039 1 0.2901961 0.3019608 0.2901961 1 0.6117647 0.6039216 0.6117647 1 0.6117647 0.6039216 0.6117647 1 0.2901961 0.3019608 0.2901961 1 0.2901961 0.3019608 0.2901961 1 0.6117647 0.6039216 0.6117647 1 0.3882353 0.3960784 0.3882353 1 0.3882353 0.3960784 0.3882353 1 0.3882353 0.3960784 0.3882353 1 0.4823529 0.4901961 0.4823529 1 0.3882353 0.3960784 0.3882353 1 0.3882353 0.3960784 0.3882353 1 0.3882353 0.3960784 0.3882353 1 0.4823529 0.4901961 0.4823529 1 0.3882353 0.3960784 0.3882353 1 0.6117647 0.6039216 0.6117647 1 0.4823529 0.4901961 0.4823529 1 0.3882353 0.3960784 0.3882353 1 0.6117647 0.6039216 0.6117647 1 0.6117647 0.6039216 0.6117647 1 0.3882353 0.3960784 0.3882353 1 0.7098039 0.6980392 0.7098039 1 0.9058824 0.9058824 0.9058824 1 0.7098039 0.6980392 0.7098039 1 0.7411765 0.7450981 0.7411765 1 0.9058824 0.9058824 0.9058824 1 0.7098039 0.6980392 0.7098039 1 0.6117647 0.6039216 0.6117647 1 0.7411765 0.7450981 0.7411765 1 0.7098039 0.6980392 0.7098039 1 0.6117647 0.6039216 0.6117647 1 0.7411765 0.7450981 0.7411765 1 0.6117647 0.6039216 0.6117647 1 0.2901961 0.3019608 0.2901961 1 0.6117647 0.6039216 0.6117647 1 0.6117647 0.6039216 0.6117647 1 0.6470589 0.6509804 0.6470589 1 0.2901961 0.3019608 0.2901961 1 0.2901961 0.3019608 0.2901961 1 0.6470589 0.6509804 0.6470589 1 0.2901961 0.3019608 0.2901961 1 0.6470589 0.6509804 0.6470589 1 0.7411765 0.7450981 0.7411765 1 0.6470589 0.6509804 0.6470589 1 0.6470589 0.6509804 0.6470589 1 0.7411765 0.7450981 0.7411765 1 0.6470589 0.6509804 0.6470589 1 0.7411765 0.7450981 0.7411765 1 0.9058824 0.9058824 0.9058824 1 0.7411765 0.7450981 0.7411765 1 0.7411765 0.7450981 0.7411765 1 0.9372549 0.9215686 0.9372549 1 0.9372549 0.9215686 0.9372549 1 0.1921569 0.1882353 0.1921569 1 1 1 1 1 0.9372549 0.9215686 0.9372549 1 0.9372549 0.9215686 0.9372549 1 1 1 1 1 1 1 1 1 0.9372549 0.9215686 0.9372549 1 0.7411765 0.7450981 0.7411765 1 1 1 1 1 1 1 1 1 0.7764706 0.7803922 0.7764706 1 0.7411765 0.7450981 0.7411765 1 1 1 1 1 0.1921569 0.1882353 0.1921569 1 0.1921569 0.1882353 0.1921569 1 0.1921569 0.1882353 0.1921569 1 0.6117647 0.6039216 0.6117647 1 0.1921569 0.1882353 0.1921569 1 0.1921569 0.1882353 0.1921569 1 0.6117647 0.6039216 0.6117647 1 0.6117647 0.6039216 0.6117647 1 0.1921569 0.1882353 0.1921569 1 0.1921569 0.1882353 0.1921569 1 0.6117647 0.6039216 0.6117647 1 0.6117647 0.6039216 0.6117647 1 0.1921569 0.1882353 0.1921569 1 0.1921569 0.1882353 0.1921569 1 0.6117647 0.6039216 0.6117647 1 0.3882353 0.3960784 0.3882353 1 0.9058824 0.9058824 0.9058824 1 1 1 1 1 0.9058824 0.9058824 0.9058824 1 0.9058824 0.9058824 0.9058824 1 0.3882353 0.3960784 0.3882353 1 0.3882353 0.3960784 0.3882353 1 0.9058824 0.9058824 0.9058824 1 0.3882353 0.3960784 0.3882353 1 1 1 1 1 0.9058824 0.9058824 0.9058824 1 0.3882353 0.3960784 0.3882353 1 0.2901961 0.3019608 0.2901961 1 1 1 1 1 0.3882353 0.3960784 0.3882353 1 0.4823529 0.4901961 0.4823529 1 1 1 1 1 0.4823529 0.4901961 0.4823529 1 1 1 1 1 1 1 1 1 0.4823529 0.4901961 0.4823529 1 0.6117647 0.6039216 0.6117647 1 1 1 1 1 0.4823529 0.4901961 0.4823529 1 1 1 1 1 1 1 1 1 0.6117647 0.6039216 0.6117647 1 1 1 1 1 1 1 1 1 0.6117647 0.6039216 0.6117647 1 1 1 1 1 0.9058824 0.9058824 0.9058824 1 1 1 1 1 0.7098039 0.6980392 0.7098039 1 0.9058824 0.9058824 0.9058824 1 1 1 1 1 0.7098039 0.6980392 0.7098039 1 0.7098039 0.6980392 0.7098039 1 1 1 1 1 0.4823529 0.4901961 0.4823529 1 0.7098039 0.6980392 0.7098039 1 0.7098039 0.6980392 0.7098039 1 0.5176471 0.509804 0.5176471 1 0.4823529 0.4901961 0.4823529 1 0.7098039 0.6980392 0.7098039 1 1 1 1 1 1 1 1 1 0.9058824 0.9058824 0.9058824 1 1 1 1 1 1 1 1 1 1 1 1 1 1 1 1 1 1 1 1 1 1 1 1 1 1 1 1 1 1 1 1 1 1 1 1 1 1 1 1 1 1 1 1 1 1 1 1 1 1 1 1 1 1 1 1 1 1 1 1 1 1 1 1 1 1 1 1 1 1 1 1 1 0.9058824 0.9058824 0.9058824 1 1 1 1 1 1 1 1 1 0.9058824 0.9058824 0.9058824 1 1 1 1 1 0.9058824 0.9058824 0.9058824 1 0.7411765 0.7450981 0.7411765 1 0.9058824 0.9058824 0.9058824 1 0.9058824 0.9058824 0.9058824 1 0.4196078 0.4117647 0.4196078 1 0.5490196 0.5411765 0.5490196 1 0.1607843 0.1568627 0.1607843 1 0.5803922 0.5882353 0.5803922 1 0.5490196 0.5411765 0.5490196 1 0.4196078 0.4117647 0.4196078 1 0.8078432 0.7960785 0.8078432 1 0.5803922 0.5882353 0.5803922 1 0.4196078 0.4117647 0.4196078 1 0.5490196 0.5411765 0.5490196 1 0.5803922 0.5882353 0.5803922 1 0.8078432 0.7960785 0.8078432 1 0.4823529 0.4901961 0.4823529 1 0.5490196 0.5411765 0.5490196 1 0.8078432 0.7960785 0.8078432 1 0.09411764 0.09411764 0.09411764 1 0.3882353 0.3960784 0.3882353 1 0.2901961 0.3019608 0.2901961 1 0.4823529 0.4901961 0.4823529 1 0.3882353 0.3960784 0.3882353 1 0.09411764 0.09411764 0.09411764 1 0.3882353 0.3960784 0.3882353 1 0.4823529 0.4901961 0.4823529 1 0.09411764 0.09411764 0.09411764 1 0.8078432 0.8117647 0.8078432 1 0.4823529 0.4901961 0.4823529 1 0.3882353 0.3960784 0.3882353 1 0.9058824 0.9058824 0.9058824 1 0.8078432 0.8117647 0.8078432 1 0.3882353 0.3960784 0.3882353 1 0.3882353 0.3960784 0.3882353 1 0.6117647 0.6039216 0.6117647 1 0.3882353 0.3960784 0.3882353 1 0.4823529 0.4901961 0.4823529 1 0.6117647 0.6039216 0.6117647 1 0.3882353 0.3960784 0.3882353 1 0.3882353 0.3960784 0.3882353 1 0.4823529 0.4901961 0.4823529 1 0.3882353 0.3960784 0.3882353 1 0.3882353 0.3960784 0.3882353 1 0.4823529 0.4901961 0.4823529 1 0.3882353 0.3960784 0.3882353 1 0.3882353 0.3960784 0.3882353 1 0.3882353 0.3960784 0.3882353 1 0.3882353 0.3960784 0.3882353 1 0.7098039 0.6980392 0.7098039 1 0.4823529 0.4901961 0.4823529 1 0.4823529 0.4901961 0.4823529 1 0.2901961 0.3019608 0.2901961 1 0.4823529 0.4901961 0.4823529 1 0.7098039 0.6980392 0.7098039 1 0.1921569 0.1882353 0.1921569 1 0.2901961 0.3019608 0.2901961 1 0.7098039 0.6980392 0.7098039 1 0.1921569 0.1882353 0.1921569 1 0.2901961 0.3019608 0.2901961 1 0.1921569 0.1882353 0.1921569 1 0.1921569 0.1882353 0.1921569 1 0.1921569 0.1882353 0.1921569 1 0.1921569 0.1882353 0.1921569 1 0.7098039 0.6980392 0.7098039 1 0.2901961 0.3019608 0.2901961 1 0.2901961 0.3019608 0.2901961 1 0.4823529 0.4901961 0.4823529 1 0.2901961 0.3019608 0.2901961 1 0.7098039 0.6980392 0.7098039 1 0.9058824 0.9058824 0.9058824 1 0.4823529 0.4901961 0.4823529 1 0.7098039 0.6980392 0.7098039 1 0.4823529 0.4901961 0.4823529 1 0.4823529 0.4901961 0.4823529 1 0.9058824 0.9058824 0.9058824 1 0.3882353 0.3960784 0.3882353 1 0.4823529 0.4901961 0.4823529 1 0.9058824 0.9058824 0.9058824 1 0.7098039 0.6980392 0.7098039 1 0.2901961 0.3019608 0.2901961 1 0.2901961 0.3019608 0.2901961 1 0.2901961 0.3019608 0.2901961 1 0.2901961 0.3019608 0.2901961 1 0.7098039 0.6980392 0.7098039 1 0.6117647 0.6039216 0.6117647 1 0.2901961 0.3019608 0.2901961 1 0.7098039 0.6980392 0.7098039 1 0.2901961 0.3019608 0.2901961 1 0.2901961 0.3019608 0.2901961 1 0.6117647 0.6039216 0.6117647 1 0.2901961 0.3019608 0.2901961 1 0.2901961 0.3019608 0.2901961 1 0.6117647 0.6039216 0.6117647 1 0.9058824 0.9058824 0.9058824 1 0.7098039 0.6980392 0.7098039 1 0.7098039 0.6980392 0.7098039 1 0.7098039 0.6980392 0.7098039 1 0.7098039 0.6980392 0.7098039 1 0.9058824 0.9058824 0.9058824 1 0.4823529 0.4901961 0.4823529 1 0.7098039 0.6980392 0.7098039 1 0.9058824 0.9058824 0.9058824 1 0.7098039 0.6980392 0.7098039 1 0.7098039 0.6980392 0.7098039 1 0.4823529 0.4901961 0.4823529 1 1 1 1 1 1 1 1 1 1 1 1 1 1 1 1 1 1 1 1 1 1 1 1 1 1 1 1 1 1 1 1 1 1 1 1 1 1 1 1 1 1 1 1 1 1 1 1 1 0.7098039 0.6980392 0.7098039 1 0.3882353 0.3960784 0.3882353 1 0.4823529 0.4901961 0.4823529 1 0.7411765 0.7294118 0.7411765 1 0.3882353 0.3960784 0.3882353 1 0.7098039 0.6980392 0.7098039 1 0.8705883 0.8745098 0.8705883 1 0.7411765 0.7294118 0.7411765 1 0.7098039 0.6980392 0.7098039 1 1 1 1 1 0.7411765 0.7294118 0.7411765 1 0.8705883 0.8745098 0.8705883 1 0.7411765 0.7294118 0.7411765 1 0.1921569 0.1882353 0.1921569 1 0.3882353 0.3960784 0.3882353 1 0.2588235 0.254902 0.2588235 1 0.1921569 0.1882353 0.1921569 1 0.7411765 0.7294118 0.7411765 1 0.9058824 0.9058824 0.9058824 1 0.2588235 0.254902 0.2588235 1 0.7411765 0.7294118 0.7411765 1 0.2901961 0.3019608 0.2901961 1 0.2588235 0.254902 0.2588235 1 0.9058824 0.9058824 0.9058824 1 1 1 1 1 0.4823529 0.4901961 0.4823529 1 1 1 1 1 0.4823529 0.4901961 0.4823529 1 0.4823529 0.4901961 0.4823529 1 1 1 1 1 1 1 1 1 0.4823529 0.4901961 0.4823529 1 1 1 1 1 0.4823529 0.4901961 0.4823529 1 0.4823529 0.4901961 0.4823529 1 1 1 1 1 0.1921569 0.1882353 0.1921569 1 0.6117647 0.6039216 0.6117647 1 0.2901961 0.3019608 0.2901961 1 0.09411764 0.09411764 0.09411764 1 0.6117647 0.6039216 0.6117647 1 0.1921569 0.1882353 0.1921569 1 0.2901961 0.3019608 0.2901961 1 0.09411764 0.09411764 0.09411764 1 0.1921569 0.1882353 0.1921569 1 0.3882353 0.3960784 0.3882353 1 0.09411764 0.09411764 0.09411764 1 0.2901961 0.3019608 0.2901961 1 0.9372549 0.9215686 0.9372549 1 0.9372549 0.9215686 0.9372549 1 0.1921569 0.1882353 0.1921569 1 1 1 1 1 0.9372549 0.9215686 0.9372549 1 0.9372549 0.9215686 0.9372549 1 1 1 1 1 1 1 1 1 0.9372549 0.9215686 0.9372549 1 0.7764706 0.7803922 0.7764706 1 1 1 1 1 1 1 1 1 0.3882353 0.3960784 0.3882353 1 0.7098039 0.6980392 0.7098039 1 0.3882353 0.3960784 0.3882353 1 0.7098039 0.6980392 0.7098039 1 0.7098039 0.6980392 0.7098039 1 0.3882353 0.3960784 0.3882353 1 0.3882353 0.3960784 0.3882353 1 0.7098039 0.6980392 0.7098039 1 0.3882353 0.3960784 0.3882353 1 0.7098039 0.6980392 0.7098039 1 0.7098039 0.6980392 0.7098039 1 0.3882353 0.3960784 0.3882353 1 1 1 1 1 0.8078432 0.8117647 0.8078432 1 0.7098039 0.6980392 0.7098039 1 0.8078432 0.8117647 0.8078432 1 0.8078432 0.8117647 0.8078432 1 1 1 1 1 1 1 1 1 0.8078432 0.8117647 0.8078432 1 1 1 1 1 1 1 1 1 0.8078432 0.8117647 0.8078432 1 1 1 1 1 0.1921569 0.1882353 0.1921569 1 0.7098039 0.6980392 0.7098039 1 0.6117647 0.6039216 0.6117647 1 0.6470589 0.6509804 0.6470589 1 0.7098039 0.6980392 0.7098039 1 0.1921569 0.1882353 0.1921569 1 0.2901961 0.3019608 0.2901961 1 0.6470589 0.6509804 0.6470589 1 0.1921569 0.1882353 0.1921569 1 0.6470589 0.6509804 0.6470589 1 0.6470589 0.6509804 0.6470589 1 0.2901961 0.3019608 0.2901961 1 0.9058824 0.9058824 0.9058824 1 0.6117647 0.6039216 0.6117647 1 0.7098039 0.6980392 0.7098039 1 0.8078432 0.8117647 0.8078432 1 0.6117647 0.6039216 0.6117647 1 0.9058824 0.9058824 0.9058824 1 0.3882353 0.3960784 0.3882353 1 0.8078432 0.8117647 0.8078432 1 0.9058824 0.9058824 0.9058824 1 0.6117647 0.6039216 0.6117647 1 0.8078432 0.8117647 0.8078432 1 0.3882353 0.3960784 0.3882353 1 0.3882353 0.3960784 0.3882353 1 0.7098039 0.6980392 0.7098039 1 0.3882353 0.3960784 0.3882353 1 0.7098039 0.6980392 0.7098039 1 0.7098039 0.6980392 0.7098039 1 0.3882353 0.3960784 0.3882353 1 0.3882353 0.3960784 0.3882353 1 0.7098039 0.6980392 0.7098039 1 0.3882353 0.3960784 0.3882353 1 0.7098039 0.6980392 0.7098039 1 0.7098039 0.6980392 0.7098039 1 0.3882353 0.3960784 0.3882353 1 0.3882353 0.3960784 0.3882353 1 0.7098039 0.6980392 0.7098039 1 0.3882353 0.3960784 0.3882353 1 0.7098039 0.6980392 0.7098039 1 0.7098039 0.6980392 0.7098039 1 0.3882353 0.3960784 0.3882353 1 0.4823529 0.4745098 0.4823529 1 0.7098039 0.6980392 0.7098039 1 0.3882353 0.3960784 0.3882353 1 0.7098039 0.6980392 0.7098039 1 0.7098039 0.6980392 0.7098039 1 0.4823529 0.4745098 0.4823529 1 0.9058824 0.9058824 0.9058824 1 0.2588235 0.254902 0.2588235 1 0.2901961 0.3019608 0.2901961 1 0.7411765 0.7450981 0.7411765 1 0.2588235 0.254902 0.2588235 1 0.9058824 0.9058824 0.9058824 1 0.9686275 0.9529412 0.9686275 1 0.7411765 0.7450981 0.7411765 1 0.9058824 0.9058824 0.9058824 1 1 1 1 1 0.7411765 0.7450981 0.7411765 1 0.9686275 0.9529412 0.9686275 1 0.3882353 0.3960784 0.3882353 1 0.7098039 0.6980392 0.7098039 1 0.3882353 0.3960784 0.3882353 1 0.7098039 0.6980392 0.7098039 1 0.7098039 0.6980392 0.7098039 1 0.3882353 0.3960784 0.3882353 1 0.3882353 0.3960784 0.3882353 1 0.7098039 0.6980392 0.7098039 1 0.3882353 0.3960784 0.3882353 1 0.7098039 0.6980392 0.7098039 1 0.7098039 0.6980392 0.7098039 1 0.3882353 0.3960784 0.3882353 1 0.3882353 0.3960784 0.3882353 1 0.4823529 0.4901961 0.4823529 1 0.1921569 0.1882353 0.1921569 1 0.7098039 0.6980392 0.7098039 1 0.4823529 0.4901961 0.4823529 1 0.3882353 0.3960784 0.3882353 1 0.1921569 0.1882353 0.1921569 1 0.7098039 0.6980392 0.7098039 1 0.3882353 0.3960784 0.3882353 1 0.4823529 0.4901961 0.4823529 1 0.7098039 0.6980392 0.7098039 1 0.1921569 0.1882353 0.1921569 1 0.3882353 0.3960784 0.3882353 1 0.7098039 0.6980392 0.7098039 1 0.4509804 0.4431372 0.4509804 1 0.7098039 0.6980392 0.7098039 1 0.7098039 0.6980392 0.7098039 1 0.3882353 0.3960784 0.3882353 1 0.3882353 0.3960784 0.3882353 1 0.7098039 0.6980392 0.7098039 1 0.3882353 0.3960784 0.3882353 1 0.7098039 0.6980392 0.7098039 1 0.7098039 0.6980392 0.7098039 1 0.3882353 0.3960784 0.3882353 1 0.9058824 0.9058824 0.9058824 1 0.7098039 0.6980392 0.7098039 1 0.7098039 0.6980392 0.7098039 1 0.7098039 0.6980392 0.7098039 1 0.7098039 0.6980392 0.7098039 1 0.9058824 0.9058824 0.9058824 1 0.9058824 0.9058824 0.9058824 1 0.7098039 0.6980392 0.7098039 1 0.9058824 0.9058824 0.9058824 1 0.9058824 0.9058824 0.9058824 1 0.7098039 0.6980392 0.7098039 1 0.9058824 0.9058824 0.9058824 1 0.9058824 0.9058824 0.9058824 1 0.7098039 0.6980392 0.7098039 1 0.7098039 0.6980392 0.7098039 1 0.7098039 0.6980392 0.7098039 1 0.7098039 0.6980392 0.7098039 1 0.9058824 0.9058824 0.9058824 1 0.9058824 0.9058824 0.9058824 1 0.7098039 0.6980392 0.7098039 1 0.9058824 0.9058824 0.9058824 1 0.9058824 0.9058824 0.9058824 1 0.7098039 0.6980392 0.7098039 1 0.9058824 0.9058824 0.9058824 1 0.2901961 0.3019608 0.2901961 1 0.7098039 0.6980392 0.7098039 1 0.2901961 0.3019608 0.2901961 1 0.6117647 0.6039216 0.6117647 1 0.7098039 0.6980392 0.7098039 1 0.2901961 0.3019608 0.2901961 1 0.2901961 0.3019608 0.2901961 1 0.6117647 0.6039216 0.6117647 1 0.2901961 0.3019608 0.2901961 1 0.2901961 0.3019608 0.2901961 1 0.6117647 0.6039216 0.6117647 1 0.2901961 0.3019608 0.2901961 1 0.9058824 0.9058824 0.9058824 1 0.7098039 0.6980392 0.7098039 1 0.7098039 0.6980392 0.7098039 1 0.7098039 0.6980392 0.7098039 1 0.7098039 0.6980392 0.7098039 1 0.9058824 0.9058824 0.9058824 1 0.9058824 0.9058824 0.9058824 1 0.7098039 0.6980392 0.7098039 1 0.9058824 0.9058824 0.9058824 1 0.9058824 0.9058824 0.9058824 1 0.7098039 0.6980392 0.7098039 1 0.9058824 0.9058824 0.9058824 1 0.9058824 0.9058824 0.9058824 1 0.7098039 0.6980392 0.7098039 1 0.7098039 0.6980392 0.7098039 1 0.7098039 0.6980392 0.7098039 1 0.7098039 0.6980392 0.7098039 1 0.9058824 0.9058824 0.9058824 1 0.9058824 0.9058824 0.9058824 1 0.7098039 0.6980392 0.7098039 1 0.9058824 0.9058824 0.9058824 1 0.9058824 0.9058824 0.9058824 1 0.7098039 0.6980392 0.7098039 1 0.9058824 0.9058824 0.9058824 1 0.8078432 0.8117647 0.8078432 1 0.3882353 0.3960784 0.3882353 1 0.9058824 0.9058824 0.9058824 1 0.6117647 0.6039216 0.6117647 1 0.3882353 0.3960784 0.3882353 1 0.8078432 0.8117647 0.8078432 1 0.9058824 0.9058824 0.9058824 1 0.6117647 0.6039216 0.6117647 1 0.8078432 0.8117647 0.8078432 1 0.4823529 0.4901961 0.4823529 1 0.6117647 0.6039216 0.6117647 1 0.9058824 0.9058824 0.9058824 1 0.5803922 0.5725491 0.5803922 1 0.8078432 0.7960785 0.8078432 1 0.4196078 0.4117647 0.4196078 1 0.5176471 0.5254902 0.5176471 1 0.8078432 0.7960785 0.8078432 1 0.5803922 0.5725491 0.5803922 1 0.3882353 0.3960784 0.3882353 1 0.5176471 0.5254902 0.5176471 1 0.5803922 0.5725491 0.5803922 1 0.3529412 0.3647059 0.3529412 1 0.5176471 0.5254902 0.5176471 1 0.3882353 0.3960784 0.3882353 1 0.4823529 0.4901961 0.4823529 1 0.7098039 0.6980392 0.7098039 1 0.2901961 0.3019608 0.2901961 1 0.9058824 0.9058824 0.9058824 1 0.7098039 0.6980392 0.7098039 1 0.4823529 0.4901961 0.4823529 1 0.4823529 0.4901961 0.4823529 1 0.9058824 0.9058824 0.9058824 1 0.4823529 0.4901961 0.4823529 1 0.3882353 0.3960784 0.3882353 1 0.9058824 0.9058824 0.9058824 1 0.4823529 0.4901961 0.4823529 1 0.3882353 0.3960784 0.3882353 1 0.9058824 0.9058824 0.9058824 1 0.1921569 0.1882353 0.1921569 1 0.7411765 0.7450981 0.7411765 1 0.9058824 0.9058824 0.9058824 1 0.3882353 0.3960784 0.3882353 1 0.6117647 0.6039216 0.6117647 1 0.7411765 0.7450981 0.7411765 1 0.3882353 0.3960784 0.3882353 1 0.1921569 0.1882353 0.1921569 1 0.5490196 0.5568628 0.5490196 1 0.7411765 0.7450981 0.7411765 1 0.7411765 0.7450981 0.7411765 1 0.5490196 0.5568628 0.5490196 1 0.1921569 0.1882353 0.1921569 1 0.7098039 0.7137255 0.7098039 1 0.7411765 0.7450981 0.7411765 1 0.1921569 0.1882353 0.1921569 1 0.1921569 0.1882353 0.1921569 1 0.8078432 0.8117647 0.8078432 1 0.4823529 0.4901961 0.4823529 1 0.9058824 0.9058824 0.9058824 1 0.8078432 0.8117647 0.8078432 1 0.1921569 0.1882353 0.1921569 1 0.8078432 0.8117647 0.8078432 1 0.9058824 0.9058824 0.9058824 1 0.1921569 0.1882353 0.1921569 1 0.6470589 0.6352941 0.6470589 1 0.1921569 0.1882353 0.1921569 1 0.09411764 0.09411764 0.09411764 1 0.7098039 0.7137255 0.7098039 1 0.1921569 0.1882353 0.1921569 1 0.6470589 0.6352941 0.6470589 1 0.7098039 0.7137255 0.7098039 1 0.7098039 0.7137255 0.7098039 1 0.6470589 0.6352941 0.6470589 1 0.1921569 0.1882353 0.1921569 1 0.1921569 0.1882353 0.1921569 1 0.2901961 0.3019608 0.2901961 1 0.1921569 0.1882353 0.1921569 1 0.1921569 0.1882353 0.1921569 1 0.1921569 0.1882353 0.1921569 1 0.2901961 0.3019608 0.2901961 1 0.1921569 0.1882353 0.1921569 1 0.1921569 0.1882353 0.1921569 1 0.7098039 0.6980392 0.7098039 1 0.2901961 0.3019608 0.2901961 1 0.1921569 0.1882353 0.1921569 1 0.4823529 0.4901961 0.4823529 1 0.2901961 0.3019608 0.2901961 1 0.7098039 0.6980392 0.7098039 1 0.4823529 0.4901961 0.4823529 1 0.4823529 0.4901961 0.4823529 1 0.7098039 0.6980392 0.7098039 1 1 1 1 1 0.9058824 0.9058824 0.9058824 1 0.9058824 0.9058824 0.9058824 1 1 1 1 1 0.9058824 0.9058824 0.9058824 1 1 1 1 1 0.9058824 0.9058824 0.9058824 1 1 1 1 1 1 1 1 1 0.6117647 0.6039216 0.6117647 1 0.09411764 0.09411764 0.09411764 1 0.4823529 0.4901961 0.4823529 1 0.3882353 0.3960784 0.3882353 1 0.09411764 0.09411764 0.09411764 1 0.6117647 0.6039216 0.6117647 1 0.4823529 0.4901961 0.4823529 1 0.3882353 0.3960784 0.3882353 1 0.6117647 0.6039216 0.6117647 1 0.6117647 0.6039216 0.6117647 1 0.7098039 0.6980392 0.7098039 1 0.6117647 0.6039216 0.6117647 1 0.2901961 0.3019608 0.2901961 1 0.7098039 0.6980392 0.7098039 1 0.6117647 0.6039216 0.6117647 1 0.1921569 0.1882353 0.1921569 1 0.2901961 0.3019608 0.2901961 1 0.6117647 0.6039216 0.6117647 1 0.3882353 0.3960784 0.3882353 1 0.8078432 0.8117647 0.8078432 1 0.9058824 0.9058824 0.9058824 1 0.4823529 0.4901961 0.4823529 1 0.8078432 0.8117647 0.8078432 1 0.3882353 0.3960784 0.3882353 1 0.09411764 0.09411764 0.09411764 1 0.4823529 0.4901961 0.4823529 1 0.3882353 0.3960784 0.3882353 1 0.9058824 0.9058824 0.9058824 1 0.7411765 0.7450981 0.7411765 1 0.7411765 0.7450981 0.7411765 1 0.9058824 0.9058824 0.9058824 1 0.7411765 0.7450981 0.7411765 1 0.9058824 0.9058824 0.9058824 1 1 1 1 1 0.9058824 0.9058824 0.9058824 1 0.9058824 0.9058824 0.9058824 1 0.9686275 0.9529412 0.9686275 1 0.8705883 0.8588235 0.8705883 1 1 1 1 1 0.8078432 0.8117647 0.8078432 1 0.8705883 0.8588235 0.8705883 1 0.9686275 0.9529412 0.9686275 1 0.9058824 0.9058824 0.9058824 1 0.8078432 0.8117647 0.8078432 1 0.9686275 0.9529412 0.9686275 1 0.2901961 0.3019608 0.2901961 1 0.6117647 0.6039216 0.6117647 1 0.6117647 0.6039216 0.6117647 1 0.3882353 0.3960784 0.3882353 1 0.6117647 0.6039216 0.6117647 1 0.2901961 0.3019608 0.2901961 1 0.4823529 0.4901961 0.4823529 1 0.3882353 0.3960784 0.3882353 1 0.2901961 0.3019608 0.2901961 1 0.6117647 0.6039216 0.6117647 1 0.6470589 0.6509804 0.6470589 1 0.4509804 0.4431372 0.4509804 1 0.1921569 0.1882353 0.1921569 1 0.6470589 0.6509804 0.6470589 1 0.6117647 0.6039216 0.6117647 1 0.1921569 0.1882353 0.1921569 1 0.1921569 0.1882353 0.1921569 1 0.6117647 0.6039216 0.6117647 1 0.3882353 0.3960784 0.3882353 1 0.8078432 0.8117647 0.8078432 1 0.4823529 0.4901961 0.4823529 1 0.9058824 0.9058824 0.9058824 1 0.8078432 0.8117647 0.8078432 1 0.3882353 0.3960784 0.3882353 1 0.9058824 0.9058824 0.9058824 1 0.9058824 0.9058824 0.9058824 1 0.3882353 0.3960784 0.3882353 1 0.8078432 0.8117647 0.8078432 1 0.9058824 0.9058824 0.9058824 1 0.7411765 0.7450981 0.7411765 1 1 1 1 1 0.9058824 0.9058824 0.9058824 1 0.8078432 0.8117647 0.8078432 1 0.4823529 0.4901961 0.4823529 1 1 1 1 1 0.8078432 0.8117647 0.8078432 1 1 1 1 1 0.4823529 0.4901961 0.4823529 1 0.8078432 0.8117647 0.8078432 1 0.4823529 0.4901961 0.4823529 1 0.4823529 0.4901961 0.4823529 1 1 1 1 1 0.4823529 0.4901961 0.4823529 1 0.4823529 0.4901961 0.4823529 1 1 1 1 1 1 1 1 1 0.8078432 0.8117647 0.8078432 1 0.4823529 0.4901961 0.4823529 1 1 1 1 1 0.8078432 0.8117647 0.8078432 1 1 1 1 1 1 1 1 1 1 1 1 1 1 1 1 1 1 1 1 1 1 1 1 1 1 1 1 1 0.8078432 0.8117647 0.8078432 1 1 1 1 1 1 1 1 1 0.4823529 0.4901961 0.4823529 1 0.8078432 0.8117647 0.8078432 1 1 1 1 1 0.7098039 0.6980392 0.7098039 1 0.5176471 0.509804 0.5176471 1 0.9058824 0.9058824 0.9058824 1 0.4823529 0.4901961 0.4823529 1 0.5176471 0.509804 0.5176471 1 0.7098039 0.6980392 0.7098039 1 0.4823529 0.4901961 0.4823529 1 0.4823529 0.4901961 0.4823529 1 0.7098039 0.6980392 0.7098039 1 0.1921569 0.1882353 0.1921569 1 1 1 1 1 0.9058824 0.9058824 0.9058824 1 0.9058824 0.9058824 0.9058824 1 1 1 1 1 0.1921569 0.1882353 0.1921569 1 0.9058824 0.9058824 0.9058824 1 0.9058824 0.9058824 0.9058824 1 0.1921569 0.1882353 0.1921569 1 0.1921569 0.1882353 0.1921569 1 1 1 1 1 0.9058824 0.9058824 0.9058824 1 0.9058824 0.9058824 0.9058824 1 1 1 1 1 0.1921569 0.1882353 0.1921569 1 0.9058824 0.9058824 0.9058824 1 0.9058824 0.9058824 0.9058824 1 0.1921569 0.1882353 0.1921569 1 1 1 1 1 0.4823529 0.4901961 0.4823529 1 0.4823529 0.4901961 0.4823529 1 0.4823529 0.4901961 0.4823529 1 0.4823529 0.4901961 0.4823529 1 1 1 1 1 0.4823529 0.4901961 0.4823529 1 0.4823529 0.4901961 0.4823529 1 1 1 1 1 0.8392157 0.8431373 0.8392157 1 0.7098039 0.7137255 0.7098039 1 0.7411765 0.7450981 0.7411765 1 0.7411765 0.7450981 0.7411765 1 0.7098039 0.7137255 0.7098039 1 0.8392157 0.8431373 0.8392157 1 0.5490196 0.5568628 0.5490196 1 0.7411765 0.7450981 0.7411765 1 0.8392157 0.8431373 0.8392157 1 0.1921569 0.1882353 0.1921569 1 0.7411765 0.7450981 0.7411765 1 0.7098039 0.7137255 0.7098039 1 0.5490196 0.5568628 0.5490196 1 0.7411765 0.7450981 0.7411765 1 0.1921569 0.1882353 0.1921569 1 0.7411765 0.7450981 0.7411765 1 0.5490196 0.5568628 0.5490196 1 0.1921569 0.1882353 0.1921569 1 0.8078432 0.8117647 0.8078432 1 0.1921569 0.1882353 0.1921569 1 0.9058824 0.9058824 0.9058824 1 0.1921569 0.1882353 0.1921569 1 0.1921569 0.1882353 0.1921569 1 0.8078432 0.8117647 0.8078432 1 0.1921569 0.1882353 0.1921569 1 0.1921569 0.1882353 0.1921569 1 0.8078432 0.8117647 0.8078432 1 0.7764706 0.7803922 0.7764706 1 0.8392157 0.8431373 0.8392157 1 1 1 1 1 0.7411765 0.7450981 0.7411765 1 0.8392157 0.8431373 0.8392157 1 0.7764706 0.7803922 0.7764706 1 1 1 1 1 0.7411765 0.7450981 0.7411765 1 0.7764706 0.7803922 0.7764706 1 1 1 1 1 0.9058824 0.9058824 0.9058824 1 0.9058824 0.9058824 0.9058824 1 1 1 1 1 0.9058824 0.9058824 0.9058824 1 1 1 1 1 1 1 1 1 1 1 1 1 1 1 1 1 0.2901961 0.3019608 0.2901961 1 0.4823529 0.4901961 0.4823529 1 0.1921569 0.1882353 0.1921569 1 0.6117647 0.6039216 0.6117647 1 0.4823529 0.4901961 0.4823529 1 0.2901961 0.3019608 0.2901961 1 0.7098039 0.6980392 0.7098039 1 0.6117647 0.6039216 0.6117647 1 0.2901961 0.3019608 0.2901961 1 0.4823529 0.4901961 0.4823529 1 0.2901961 0.3019608 0.2901961 1 0.1921569 0.1882353 0.1921569 1 0.4823529 0.4901961 0.4823529 1 0.2901961 0.3019608 0.2901961 1 0.4823529 0.4901961 0.4823529 1 0.8078432 0.8117647 0.8078432 1 0.4823529 0.4901961 0.4823529 1 0.4823529 0.4901961 0.4823529 1 0.7098039 0.6980392 0.7098039 1 0.7098039 0.6980392 0.7098039 1 0.6117647 0.6039216 0.6117647 1 0.7098039 0.6980392 0.7098039 1 0.7098039 0.6980392 0.7098039 1 0.7098039 0.6980392 0.7098039 1 0.7098039 0.6980392 0.7098039 1 0.7098039 0.6980392 0.7098039 1 0.7098039 0.6980392 0.7098039 1 0.7411765 0.7450981 0.7411765 1 0.8705883 0.8745098 0.8705883 1 0.7098039 0.7137255 0.7098039 1 1 1 1 1 0.8705883 0.8745098 0.8705883 1 0.7411765 0.7450981 0.7411765 1 1 1 1 1 1 1 1 1 0.7411765 0.7450981 0.7411765 1 1 1 1 1 1 1 1 1 0.9058824 0.9058824 0.9058824 1 1 1 1 1 1 1 1 1 1 1 1 1 1 1 1 1 1 1 1 1 1 1 1 1 0.7098039 0.6980392 0.7098039 1 0.4823529 0.4901961 0.4823529 1 0.4823529 0.4901961 0.4823529 1 0.4823529 0.4901961 0.4823529 1 0.4823529 0.4901961 0.4823529 1 0.7098039 0.6980392 0.7098039 1 0.4823529 0.4901961 0.4823529 1 0.5176471 0.509804 0.5176471 1 0.4823529 0.4901961 0.4823529 1 0.4823529 0.4901961 0.4823529 1 0.5176471 0.509804 0.5176471 1 0.4823529 0.4901961 0.4823529 1 0.6117647 0.6039216 0.6117647 1 0 0 0 1 0.4509804 0.4431372 0.4509804 1 0.2901961 0.2862745 0.2901961 1 0 0 0 1 0.6117647 0.6039216 0.6117647 1 0 0 0 1 0.4196078 0.4117647 0.4196078 1 0.4509804 0.4431372 0.4509804 1 0.2901961 0.2862745 0.2901961 1 0.4196078 0.4117647 0.4196078 1 0 0 0 1 0.9058824 0.9058824 0.9058824 1 0.3882353 0.3960784 0.3882353 1 0.1921569 0.1882353 0.1921569 1 0.7411765 0.7450981 0.7411765 1 0.3882353 0.3960784 0.3882353 1 0.9058824 0.9058824 0.9058824 1 0.8078432 0.8117647 0.8078432 1 0.3882353 0.3960784 0.3882353 1 0.4823529 0.4901961 0.4823529 1 0.9058824 0.9058824 0.9058824 1 0.3882353 0.3960784 0.3882353 1 0.8078432 0.8117647 0.8078432 1 1 1 1 1 0.7411765 0.7294118 0.7411765 1 1 1 1 1 0.9686275 0.9529412 0.9686275 1 0.7411765 0.7294118 0.7411765 1 1 1 1 1 0.6117647 0.6039216 0.6117647 1 0.1921569 0.1882353 0.1921569 1 0.1921569 0.1882353 0.1921569 1 0.8078432 0.8117647 0.8078432 1 0.1921569 0.1882353 0.1921569 1 0.6117647 0.6039216 0.6117647 1 0.1921569 0.1882353 0.1921569 1 0.7098039 0.6980392 0.7098039 1 0.1921569 0.1882353 0.1921569 1 0.2235294 0.2196078 0.2235294 1 0.7098039 0.6980392 0.7098039 1 0.1921569 0.1882353 0.1921569 1 0.1921569 0.1882353 0.1921569 1 0.2235294 0.2196078 0.2235294 1 0.1921569 0.1882353 0.1921569 1 0.7098039 0.6980392 0.7098039 1 0.2235294 0.2196078 0.2235294 1 0.1921569 0.1882353 0.1921569 1 0.1921569 0.1882353 0.1921569 1 0.6117647 0.6039216 0.6117647 1 0.1921569 0.1882353 0.1921569 1 0.8078432 0.8117647 0.8078432 1 0.6117647 0.6039216 0.6117647 1 0.1921569 0.1882353 0.1921569 1 0.1921569 0.1882353 0.1921569 1 0.2588235 0.254902 0.2588235 1 0.2901961 0.3019608 0.2901961 1 0.1921569 0.1882353 0.1921569 1 0.2588235 0.254902 0.2588235 1 0.1921569 0.1882353 0.1921569 1 0.6470589 0.6509804 0.6470589 1 0.1921569 0.1882353 0.1921569 1 0.7098039 0.7137255 0.7098039 1 0.09411764 0.09411764 0.09411764 1 0.1921569 0.1882353 0.1921569 1 0.6470589 0.6509804 0.6470589 1 0.6470589 0.6352941 0.6470589 1 0.1921569 0.1882353 0.1921569 1 0.6470589 0.6509804 0.6470589 1 0.1921569 0.1882353 0.1921569 1 0.1921569 0.1882353 0.1921569 1 0.6470589 0.6352941 0.6470589 1 0.7098039 0.7137255 0.7098039 1 0.1921569 0.1882353 0.1921569 1 0.7098039 0.7137255 0.7098039 1 0.1921569 0.1882353 0.1921569 1 0.1921569 0.1882353 0.1921569 1 0.7098039 0.7137255 0.7098039 1 0.6470589 0.6509804 0.6470589 1 0.7411765 0.7450981 0.7411765 1 0.6470589 0.6509804 0.6470589 1 0.7411765 0.7450981 0.7411765 1 0.7411765 0.7450981 0.7411765 1 0.6470589 0.6509804 0.6470589 1 0.6117647 0.6039216 0.6117647 1 0.9058824 0.9058824 0.9058824 1 0.4823529 0.4901961 0.4823529 1 1 1 1 1 0.9058824 0.9058824 0.9058824 1 0.6117647 0.6039216 0.6117647 1 1 1 1 1 0.6117647 0.6039216 0.6117647 1 0.9058824 0.9058824 0.9058824 1 0.6117647 0.6039216 0.6117647 1 0.6117647 0.6039216 0.6117647 1 1 1 1 1 0.6117647 0.6039216 0.6117647 1 0.6117647 0.6039216 0.6117647 1 0.6117647 0.6039216 0.6117647 1 1 1 1 1 0.6117647 0.6039216 0.6117647 1 0.6117647 0.6039216 0.6117647 1 1 1 1 1 0.9058824 0.9058824 0.9058824 1 0.6117647 0.6039216 0.6117647 1 0.6117647 0.6039216 0.6117647 1 0.9058824 0.9058824 0.9058824 1 1 1 1 1 0.8078432 0.8117647 0.8078432 1 0.5490196 0.5411765 0.5490196 1 0.5176471 0.5254902 0.5176471 1 0.8078432 0.7960785 0.8078432 1 0.5490196 0.5411765 0.5490196 1 0.8078432 0.8117647 0.8078432 1 0.6117647 0.6039216 0.6117647 1 0.4823529 0.4901961 0.4823529 1 0.9058824 0.9058824 0.9058824 1 0.7098039 0.6980392 0.7098039 1 0.4823529 0.4901961 0.4823529 1 0.6117647 0.6039216 0.6117647 1 0.7098039 0.6980392 0.7098039 1 0.4823529 0.4901961 0.4823529 1 0.4823529 0.4901961 0.4823529 1 0.6117647 0.6039216 0.6117647 1 0.4823529 0.4901961 0.4823529 1 0.7098039 0.6980392 0.7098039 1 0.4823529 0.4901961 0.4823529 1 0.5176471 0.5254902 0.5176471 1 0.3529412 0.3647059 0.3529412 1 0.8078432 0.7960785 0.8078432 1 0.5176471 0.5254902 0.5176471 1 0.4823529 0.4901961 0.4823529 1 0.9058824 0.9058824 0.9058824 1 0.7098039 0.6980392 0.7098039 1 0.9058824 0.9058824 0.9058824 1 0.9058824 0.9058824 0.9058824 1 0.7098039 0.6980392 0.7098039 1 0.9058824 0.9058824 0.9058824 1 0.8392157 0.8431373 0.8392157 1 0.7764706 0.7803922 0.7764706 1 1 1 1 1 0.7411765 0.7450981 0.7411765 1 0.7764706 0.7803922 0.7764706 1 0.8392157 0.8431373 0.8392157 1 0.3882353 0.3960784 0.3882353 1 0.3882353 0.3960784 0.3882353 1 0.1921569 0.1882353 0.1921569 1 0.3882353 0.3960784 0.3882353 1 0.3882353 0.3960784 0.3882353 1 0.3882353 0.3960784 0.3882353 1 0.3882353 0.3960784 0.3882353 1 0.3882353 0.3960784 0.3882353 1 0.3882353 0.3960784 0.3882353 1 0.1921569 0.1882353 0.1921569 1 0.3882353 0.3960784 0.3882353 1 0.3882353 0.3960784 0.3882353 1 0.7411765 0.7450981 0.7411765 1 0.6117647 0.6039216 0.6117647 1 0.6117647 0.6039216 0.6117647 1 0.9058824 0.9058824 0.9058824 1 0.6117647 0.6039216 0.6117647 1 0.7411765 0.7450981 0.7411765 1 0.3882353 0.3960784 0.3882353 1 0.3882353 0.3960784 0.3882353 1 0.3882353 0.3960784 0.3882353 1 0.3882353 0.3960784 0.3882353 1 0.3882353 0.3960784 0.3882353 1 0.3882353 0.3960784 0.3882353 1 0.7098039 0.6980392 0.7098039 1 0.9058824 0.9058824 0.9058824 1 0.7098039 0.6980392 0.7098039 1 0.7098039 0.6980392 0.7098039 1 0.9058824 0.9058824 0.9058824 1 0.7098039 0.6980392 0.7098039 1 0.4823529 0.4901961 0.4823529 1 0.2901961 0.3019608 0.2901961 1 0.1921569 0.1882353 0.1921569 1 0.6117647 0.6039216 0.6117647 1 0.2901961 0.3019608 0.2901961 1 0.4823529 0.4901961 0.4823529 1 0.9058824 0.9058824 0.9058824 1 0.7411765 0.7450981 0.7411765 1 0.7411765 0.7450981 0.7411765 1 0.8392157 0.8431373 0.8392157 1 0.7411765 0.7450981 0.7411765 1 0.9058824 0.9058824 0.9058824 1 0.3882353 0.3960784 0.3882353 1 0.4823529 0.4901961 0.4823529 1 0.6117647 0.6039216 0.6117647 1 0.1921569 0.1882353 0.1921569 1 0.4823529 0.4901961 0.4823529 1 0.3882353 0.3960784 0.3882353 1 0.9058824 0.9058824 0.9058824 1 0.7098039 0.6980392 0.7098039 1 0.8392157 0.8431373 0.8392157 1 0.7764706 0.7647059 0.7764706 1 0.7098039 0.6980392 0.7098039 1 0.9058824 0.9058824 0.9058824 1 0.6784314 0.682353 0.6784314 1 0.3215686 0.317647 0.3215686 1 0.7764706 0.7647059 0.7764706 1 0.4509804 0.4588235 0.4509804 1 0.3215686 0.317647 0.3215686 1 0.6784314 0.682353 0.6784314 1 0.3882353 0.3960784 0.3882353 1 0.3882353 0.3960784 0.3882353 1 0.3882353 0.3960784 0.3882353 1 0.3882353 0.3960784 0.3882353 1 0.3882353 0.3960784 0.3882353 1 0.3882353 0.3960784 0.3882353 1 0.6784314 0.6666667 0.6784314 1 0.3215686 0.317647 0.3215686 1 0.4509804 0.4588235 0.4509804 1 0.7411765 0.7450981 0.7411765 1 0.3215686 0.317647 0.3215686 1 0.6784314 0.6666667 0.6784314 1 0.9058824 0.9058824 0.9058824 1 0.7098039 0.6980392 0.7098039 1 0.6117647 0.6039216 0.6117647 1 1 1 1 1 0.7098039 0.6980392 0.7098039 1 0.9058824 0.9058824 0.9058824 1 1 1 1 1 0.2901961 0.3019608 0.2901961 1 0.2901961 0.3019608 0.2901961 1 1 1 1 1 0.2901961 0.3019608 0.2901961 1 1 1 1 1 1 1 1 1 0.8078432 0.8117647 0.8078432 1 0.8078432 0.8117647 0.8078432 1 0.9058824 0.9058824 0.9058824 1 0.8078432 0.8117647 0.8078432 1 1 1 1 1 0.3882353 0.3960784 0.3882353 1 0.3882353 0.3960784 0.3882353 1 0.3882353 0.3960784 0.3882353 1 0.3882353 0.3960784 0.3882353 1 0.3882353 0.3960784 0.3882353 1 0.3882353 0.3960784 0.3882353 1 1 1 1 1 1 1 1 1 1 1 1 1 1 1 1 1 1 1 1 1 1 1 1 1 0.9058824 0.9058824 0.9058824 1 0.3882353 0.3960784 0.3882353 1 0.9058824 0.9058824 0.9058824 1 0.3882353 0.3960784 0.3882353 1 0.3882353 0.3960784 0.3882353 1 0.9058824 0.9058824 0.9058824 1 0.3882353 0.3960784 0.3882353 1 0.3882353 0.3960784 0.3882353 1 0.2901961 0.3019608 0.2901961 1 0.3882353 0.3960784 0.3882353 1 0.3882353 0.3960784 0.3882353 1 0.3882353 0.3960784 0.3882353 1 1 1 1 1 1 1 1 1 1 1 1 1 1 1 1 1 1 1 1 1 1 1 1 1 1 1 1 1 1 1 1 1 1 1 1 1 1 1 1 1 1 1 1 1 1 1 1 1 0.8078432 0.8117647 0.8078432 1 0.4823529 0.4901961 0.4823529 1 0.7098039 0.6980392 0.7098039 1 0.8078432 0.8117647 0.8078432 1 0.4823529 0.4901961 0.4823529 1 0.8078432 0.8117647 0.8078432 1 0.3882353 0.3960784 0.3882353 1 0.8078432 0.8117647 0.8078432 1 0.4823529 0.4901961 0.4823529 1 0.4823529 0.4901961 0.4823529 1 0.8078432 0.8117647 0.8078432 1 0.3882353 0.3960784 0.3882353 1 0.09411764 0.09411764 0.09411764 1 0.3882353 0.3960784 0.3882353 1 0.09411764 0.09411764 0.09411764 1 0.3882353 0.3960784 0.3882353 1 0.3882353 0.3960784 0.3882353 1 0.09411764 0.09411764 0.09411764 1 1 1 1 1 1 1 1 1 1 1 1 1 1 1 1 1 1 1 1 1 1 1 1 1 0.9058824 0.9058824 0.9058824 1 0.7098039 0.6980392 0.7098039 1 0.8078432 0.8117647 0.8078432 1 0.7411765 0.7450981 0.7411765 1 0.7098039 0.6980392 0.7098039 1 0.9058824 0.9058824 0.9058824 1 0.7411765 0.7450981 0.7411765 1 0.6117647 0.6039216 0.6117647 1 0.7098039 0.6980392 0.7098039 1 0.6470589 0.6509804 0.6470589 1 0.6117647 0.6039216 0.6117647 1 0.7411765 0.7450981 0.7411765 1 0.2901961 0.3019608 0.2901961 1 0.09411764 0.09411764 0.09411764 1 0.1921569 0.1882353 0.1921569 1 0.4823529 0.4901961 0.4823529 1 0.09411764 0.09411764 0.09411764 1 0.2901961 0.3019608 0.2901961 1 0.3882353 0.3960784 0.3882353 1 0.09411764 0.09411764 0.09411764 1 0.2901961 0.3019608 0.2901961 1 0.4823529 0.4901961 0.4823529 1 0.09411764 0.09411764 0.09411764 1 0.3882353 0.3960784 0.3882353 1 0.3882353 0.3960784 0.3882353 1 0.4823529 0.4901961 0.4823529 1 0.3882353 0.3960784 0.3882353 1 0.4823529 0.4901961 0.4823529 1 0.4823529 0.4901961 0.4823529 1 0.3882353 0.3960784 0.3882353 1 0.4823529 0.4901961 0.4823529 1 0.8078432 0.8117647 0.8078432 1 0.4823529 0.4901961 0.4823529 1 0.8078432 0.8117647 0.8078432 1 0.8078432 0.8117647 0.8078432 1 0.4823529 0.4901961 0.4823529 1 0.8078432 0.8117647 0.8078432 1 0.9058824 0.9058824 0.9058824 1 0.8078432 0.8117647 0.8078432 1 0.9058824 0.9058824 0.9058824 1 0.9058824 0.9058824 0.9058824 1 0.8078432 0.8117647 0.8078432 1 0.9058824 0.9058824 0.9058824 1 0.7098039 0.6980392 0.7098039 1 0.9058824 0.9058824 0.9058824 1 0.9058824 0.9058824 0.9058824 1 0.7098039 0.6980392 0.7098039 1 0.9058824 0.9058824 0.9058824 1 0.3882353 0.3960784 0.3882353 1 0.3882353 0.3960784 0.3882353 1 0.2901961 0.3019608 0.2901961 1 0.3882353 0.3960784 0.3882353 1 0.3882353 0.3960784 0.3882353 1 0.3882353 0.3960784 0.3882353 1 0.9058824 0.9058824 0.9058824 1 0.2901961 0.3019608 0.2901961 1 0.7098039 0.6980392 0.7098039 1 0.3882353 0.3960784 0.3882353 1 0.2901961 0.3019608 0.2901961 1 0.9058824 0.9058824 0.9058824 1 0.9058824 0.9058824 0.9058824 1 0.8705883 0.8745098 0.8705883 1 1 0.9843137 1 1 0.8078432 0.8117647 0.8078432 1 0.8705883 0.8745098 0.8705883 1 0.9058824 0.9058824 0.9058824 1 1 1 1 1 1 1 1 1 1 1 1 1 1 1 1 1 1 1 1 1 1 1 1 1 0.8078432 0.8117647 0.8078432 1 0.4823529 0.4901961 0.4823529 1 0.6117647 0.6039216 0.6117647 1 0.7098039 0.6980392 0.7098039 1 0.4823529 0.4901961 0.4823529 1 0.8078432 0.8117647 0.8078432 1 1 1 1 1 1 1 1 1 1 1 1 1 1 1 1 1 1 1 1 1 1 1 1 1 0.2901961 0.3019608 0.2901961 1 1 1 1 1 0.7098039 0.6980392 0.7098039 1 0.2901961 0.3019608 0.2901961 1 1 1 1 1 0.2901961 0.3019608 0.2901961 1 0.7098039 0.6980392 0.7098039 1 0.2901961 0.3019608 0.2901961 1 0.6117647 0.6039216 0.6117647 1 0.7098039 0.6980392 0.7098039 1 0.2901961 0.3019608 0.2901961 1 0.7098039 0.6980392 0.7098039 1 0.4823529 0.4901961 0.4823529 1 0.09411764 0.09411764 0.09411764 1 0.6117647 0.6039216 0.6117647 1 0.1921569 0.1882353 0.1921569 1 0.09411764 0.09411764 0.09411764 1 0.4823529 0.4901961 0.4823529 1 0.2901961 0.3019608 0.2901961 1 0.7098039 0.6980392 0.7098039 1 0.7098039 0.6980392 0.7098039 1 0.3882353 0.3960784 0.3882353 1 0.7098039 0.6980392 0.7098039 1 0.2901961 0.3019608 0.2901961 1 0.3882353 0.3960784 0.3882353 1 0.9058824 0.9058824 0.9058824 1 0.7098039 0.6980392 0.7098039 1 0.3882353 0.3960784 0.3882353 1 0.9058824 0.9058824 0.9058824 1 0.3882353 0.3960784 0.3882353 1 1 1 1 1 1 1 1 1 1 1 1 1 1 1 1 1 1 1 1 1 1 1 1 1 0.9372549 0.9215686 0.9372549 1 0.9058824 0.9058824 0.9058824 1 1 0.9843137 1 1 0.8392157 0.827451 0.8392157 1 0.9058824 0.9058824 0.9058824 1 0.9372549 0.9215686 0.9372549 1 0.6117647 0.6039216 0.6117647 1 0.9058824 0.9058824 0.9058824 1 0.6117647 0.6039216 0.6117647 1 0.9058824 0.9058824 0.9058824 1 0.9058824 0.9058824 0.9058824 1 0.6117647 0.6039216 0.6117647 1 0.4823529 0.4901961 0.4823529 1 0.9058824 0.9058824 0.9058824 1 0.9058824 0.9058824 0.9058824 1 0.4823529 0.4901961 0.4823529 1 0.9058824 0.9058824 0.9058824 1 0.4823529 0.4901961 0.4823529 1 0.2901961 0.3019608 0.2901961 1 0.1921569 0.1882353 0.1921569 1 0.1921569 0.1882353 0.1921569 1 0.4823529 0.4901961 0.4823529 1 0.1921569 0.1882353 0.1921569 1 0.2901961 0.3019608 0.2901961 1 0.4823529 0.4901961 0.4823529 1 0.1921569 0.1882353 0.1921569 1 0.4823529 0.4901961 0.4823529 1 0.3882353 0.3960784 0.3882353 1 0.1921569 0.1882353 0.1921569 1 0.4823529 0.4901961 0.4823529 1 0.2901961 0.3019608 0.2901961 1 0.09411764 0.09411764 0.09411764 1 0.3882353 0.3960784 0.3882353 1 0.1921569 0.1882353 0.1921569 1 0.09411764 0.09411764 0.09411764 1 0.2901961 0.3019608 0.2901961 1 0.1921569 0.1882353 0.1921569 1 0.2901961 0.3019608 0.2901961 1 0.1921569 0.1882353 0.1921569 1 0.09411764 0.09411764 0.09411764 1 0.2901961 0.3019608 0.2901961 1 0.1921569 0.1882353 0.1921569 1 0.3882353 0.3960784 0.3882353 1 0.2901961 0.3019608 0.2901961 1 0.09411764 0.09411764 0.09411764 1 0.4823529 0.4901961 0.4823529 1 0.2901961 0.3019608 0.2901961 1 0.3882353 0.3960784 0.3882353 1 1 1 1 1 1 1 1 1 1 1 1 1 1 1 1 1 1 1 1 1 1 1 1 1 1 1 1 1 1 1 1 1 1 1 1 1 1 1 1 1 1 1 1 1 1 1 1 1 1 1 1 1 1 1 1 1 1 1 1 1 1 1 1 1 1 1 1 1 1 1 1 1 1 1 1 1 1 1 1 1 1 1 1 1 1 1 1 1 1 1 1 1 1 1 1 1 0.5490196 0.5568628 0.5490196 1 0.8392157 0.8431373 0.8392157 1 0.7411765 0.7450981 0.7411765 1 0.7411765 0.7450981 0.7411765 1 0.8392157 0.8431373 0.8392157 1 0.5490196 0.5568628 0.5490196 1 0.7098039 0.7137255 0.7098039 1 0.8392157 0.8431373 0.8392157 1 0.7411765 0.7450981 0.7411765 1 1 1 1 1 0.8392157 0.8431373 0.8392157 1 0.7098039 0.7137255 0.7098039 1 0.9058824 0.9058824 0.9058824 1 0.7098039 0.6980392 0.7098039 1 0.8078432 0.8117647 0.8078432 1 0.9686275 0.9529412 0.9686275 1 0.7098039 0.6980392 0.7098039 1 0.9058824 0.9058824 0.9058824 1 0.2901961 0.3019608 0.2901961 1 0.6470589 0.6509804 0.6470589 1 0.2901961 0.3019608 0.2901961 1 0.6470589 0.6509804 0.6470589 1 0.6470589 0.6509804 0.6470589 1 0.2901961 0.3019608 0.2901961 1 0.6470589 0.6509804 0.6470589 1 0.6117647 0.6039216 0.6117647 1 0.2901961 0.3019608 0.2901961 1 0.7411765 0.7450981 0.7411765 1 0.6117647 0.6039216 0.6117647 1 0.6470589 0.6509804 0.6470589 1 0.6117647 0.6039216 0.6117647 1 0.8078432 0.8117647 0.8078432 1 0.7098039 0.6980392 0.7098039 1 0.6117647 0.6039216 0.6117647 1 0.8078432 0.8117647 0.8078432 1 0.6117647 0.6039216 0.6117647 1 0.3882353 0.3960784 0.3882353 1 0.4823529 0.4901961 0.4823529 1 0.2901961 0.3019608 0.2901961 1 0.9058824 0.9058824 0.9058824 1 0.4823529 0.4901961 0.4823529 1 0.3882353 0.3960784 0.3882353 1 0.9058824 0.9058824 0.9058824 1 0.4823529 0.4901961 0.4823529 1 0.4823529 0.4901961 0.4823529 1 0.6117647 0.6039216 0.6117647 1 0.4823529 0.4901961 0.4823529 1 0.9058824 0.9058824 0.9058824 1 0.6117647 0.6039216 0.6117647 1 0.6470589 0.6509804 0.6470589 1 0.2901961 0.3019608 0.2901961 1 0.6117647 0.6039216 0.6117647 1 0.6470589 0.6509804 0.6470589 1 0.6117647 0.6039216 0.6117647 1 1 1 1 1 1 1 1 1 1 1 1 1 1 1 1 1 1 1 1 1 1 1 1 1 1 1 1 1 0.7098039 0.6980392 0.7098039 1 0.4823529 0.4901961 0.4823529 1 1 1 1 1 0.7098039 0.6980392 0.7098039 1 1 1 1 1 1 1 1 1 0.7098039 0.6980392 0.7098039 1 1 1 1 1 0.4823529 0.4901961 0.4823529 1 0.7098039 0.6980392 0.7098039 1 1 1 1 1 0.6470589 0.6509804 0.6470589 1 0.6470589 0.6509804 0.6470589 1 0.7411765 0.7450981 0.7411765 1 0.2901961 0.3019608 0.2901961 1 0.6470589 0.6509804 0.6470589 1 0.6470589 0.6509804 0.6470589 1 0.6117647 0.6039216 0.6117647 1 0.4823529 0.4901961 0.4823529 1 1 1 1 1 0.4823529 0.4901961 0.4823529 1 0.4823529 0.4901961 0.4823529 1 0.6117647 0.6039216 0.6117647 1 0.1921569 0.1882353 0.1921569 1 0.5803922 0.5882353 0.5803922 1 0.4823529 0.4901961 0.4823529 1 0.4823529 0.4901961 0.4823529 1 0.5803922 0.5882353 0.5803922 1 0.1921569 0.1882353 0.1921569 1 0.6117647 0.6039216 0.6117647 1 0.6470589 0.6509804 0.6470589 1 0.1921569 0.1882353 0.1921569 1 0.4509804 0.4431372 0.4509804 1 0.6470589 0.6509804 0.6470589 1 0.6117647 0.6039216 0.6117647 1 1 1 1 1 1 1 1 1 0.8078432 0.8117647 0.8078432 1 1 1 1 1 1 1 1 1 1 1 1 1 1 1 1 1 1 1 1 1 1 1 1 1 0.8078432 0.8117647 0.8078432 1 1 1 1 1 1 1 1 1 0.4823529 0.4901961 0.4823529 1 1 1 1 1 0.8078432 0.8117647 0.8078432 1 0.4823529 0.4901961 0.4823529 1 1 1 1 1 0.4823529 0.4901961 0.4823529 1 1 1 1 1 0.8078432 0.8117647 0.8078432 1 0.9058824 0.9058824 0.9058824 1 1 1 1 1 0.8078432 0.8117647 0.8078432 1 1 1 1 1 0.6117647 0.6039216 0.6117647 1 0.6117647 0.6039216 0.6117647 1 0.4823529 0.4901961 0.4823529 1 0.7098039 0.6980392 0.7098039 1 0.6117647 0.6039216 0.6117647 1 0.6117647 0.6039216 0.6117647 1 0.7098039 0.6980392 0.7098039 1 0.7098039 0.6980392 0.7098039 1 0.7098039 0.6980392 0.7098039 1 0.7098039 0.6980392 0.7098039 1 0.7098039 0.6980392 0.7098039 1 0.7098039 0.6980392 0.7098039 1 0.6117647 0.6039216 0.6117647 1 1 1 1 1 0.9058824 0.9058824 0.9058824 1 0.6117647 0.6039216 0.6117647 1 1 1 1 1 0.6117647 0.6039216 0.6117647 1 1 1 1 1 1 1 1 1 1 1 1 1 1 1 1 1 1 1 1 1 1 1 1 1 1 1 1 1 1 1 1 1 1 1 1 1 1 1 1 1 1 1 1 1 1 1 1 1 0.8078432 0.8117647 0.8078432 1 0.8078432 0.8117647 0.8078432 1 0.8078432 0.8117647 0.8078432 1 0.8078432 0.8117647 0.8078432 1 0.8078432 0.8117647 0.8078432 1 0.8078432 0.8117647 0.8078432 1 0.8078432 0.8117647 0.8078432 1 1 1 1 1 0.8078432 0.8117647 0.8078432 1 0.7098039 0.6980392 0.7098039 1 1 1 1 1 0.8078432 0.8117647 0.8078432 1 0.9058824 0.9058824 0.9058824 1 0.8078432 0.8117647 0.8078432 1 0.7411765 0.7450981 0.7411765 1 1 1 1 1 0.8078432 0.8117647 0.8078432 1 0.9058824 0.9058824 0.9058824 1 0.7098039 0.6980392 0.7098039 1 0.7098039 0.6980392 0.7098039 1 1 1 1 1 0.6117647 0.6039216 0.6117647 1 0.7098039 0.6980392 0.7098039 1 0.7098039 0.6980392 0.7098039 1 0.3882353 0.3960784 0.3882353 1 0.2901961 0.3019608 0.2901961 1 0.3882353 0.3960784 0.3882353 1 0.3882353 0.3960784 0.3882353 1 0.2901961 0.3019608 0.2901961 1 0.3882353 0.3960784 0.3882353 1 0.6117647 0.6039216 0.6117647 1 0.6117647 0.6039216 0.6117647 1 0.9058824 0.9058824 0.9058824 1 0.4823529 0.4901961 0.4823529 1 0.6117647 0.6039216 0.6117647 1 0.6117647 0.6039216 0.6117647 1 0.6117647 0.6039216 0.6117647 1 0.7098039 0.6980392 0.7098039 1 0.6117647 0.6039216 0.6117647 1 0.7098039 0.6980392 0.7098039 1 0.7098039 0.6980392 0.7098039 1 0.6117647 0.6039216 0.6117647 1 0.6117647 0.6039216 0.6117647 1 1 1 1 1 0.6117647 0.6039216 0.6117647 1 0.6117647 0.6039216 0.6117647 1 1 1 1 1 0.6117647 0.6039216 0.6117647 1 1 1 1 1 0.6117647 0.6039216 0.6117647 1 0.9058824 0.9058824 0.9058824 1 1 1 1 1 0.6117647 0.6039216 0.6117647 1 1 1 1 1 1 1 1 1 0.6117647 0.6039216 0.6117647 1 0.6117647 0.6039216 0.6117647 1 0.8078432 0.8117647 0.8078432 1 0.6117647 0.6039216 0.6117647 1 1 1 1 1 1 1 1 1 0.4823529 0.4901961 0.4823529 1 0.4823529 0.4901961 0.4823529 1 1 1 1 1 0.4823529 0.4901961 0.4823529 1 1 1 1 1 0.4823529 0.4901961 0.4823529 1 0.8078432 0.8117647 0.8078432 1 0.4823529 0.4901961 0.4823529 1 0.6117647 0.6039216 0.6117647 1 0.8078432 0.8117647 0.8078432 1 0.4823529 0.4901961 0.4823529 1 0.8078432 0.8117647 0.8078432 1 0.1921569 0.1882353 0.1921569 1 0.4823529 0.4901961 0.4823529 1 0.9058824 0.9058824 0.9058824 1 0.1921569 0.1882353 0.1921569 1 0.8078432 0.8117647 0.8078432 1 1 1 1 1 0.9058824 0.9058824 0.9058824 1 0.8078432 0.8117647 0.8078432 1 1 1 1 1 0.9058824 0.9058824 0.9058824 1 1 1 1 1 0.2901961 0.3019608 0.2901961 1 1 1 1 1 0.6117647 0.6039216 0.6117647 1 0.3882353 0.3960784 0.3882353 1 1 1 1 1 0.2901961 0.3019608 0.2901961 1 0.1921569 0.1882353 0.1921569 1 0.8078432 0.8117647 0.8078432 1 0.2901961 0.3019608 0.2901961 1 0.9058824 0.9058824 0.9058824 1 0.8078432 0.8117647 0.8078432 1 0.1921569 0.1882353 0.1921569 1 0.8078432 0.8117647 0.8078432 1 0.1921569 0.1882353 0.1921569 1 0.2901961 0.3019608 0.2901961 1 0.8705883 0.8588235 0.8705883 1 0.1921569 0.1882353 0.1921569 1 0.8078432 0.8117647 0.8078432 1 1 1 1 1 1 1 1 1 1 1 1 1 1 1 1 1 1 1 1 1 1 1 1 1 1 1 1 1 1 1 1 1 1 1 1 1 1 1 1 1 1 1 1 1 1 1 1 1 0.5803922 0.5882353 0.5803922 1 0.4823529 0.4901961 0.4823529 1 0.4823529 0.4901961 0.4823529 1 0.1921569 0.1882353 0.1921569 1 0.4823529 0.4901961 0.4823529 1 0.5803922 0.5882353 0.5803922 1 0.4823529 0.4901961 0.4823529 1 0.7098039 0.6980392 0.7098039 1 0.4823529 0.4901961 0.4823529 1 1 1 1 1 0.7098039 0.6980392 0.7098039 1 0.4823529 0.4901961 0.4823529 1 1 1 1 1 0.8705883 0.8745098 0.8705883 1 0.7098039 0.6980392 0.7098039 1 1 1 1 1 0.8705883 0.8745098 0.8705883 1 1 1 1 1 0.6117647 0.6039216 0.6117647 1 0.7764706 0.7647059 0.7764706 1 0.7098039 0.6980392 0.7098039 1 0.6470589 0.6352941 0.6470589 1 0.7764706 0.7647059 0.7764706 1 0.6117647 0.6039216 0.6117647 1 0.2901961 0.3019608 0.2901961 1 0.9058824 0.9058824 0.9058824 1 0.2901961 0.3019608 0.2901961 1 0.8078432 0.8117647 0.8078432 1 0.9058824 0.9058824 0.9058824 1 0.2901961 0.3019608 0.2901961 1 0.9372549 0.9215686 0.9372549 1 0.6117647 0.6196079 0.6117647 1 0.6784314 0.682353 0.6784314 1 0.8392157 0.827451 0.8392157 1 0.6117647 0.6196079 0.6117647 1 0.9372549 0.9215686 0.9372549 1 0.7098039 0.6980392 0.7098039 1 0.4823529 0.4745098 0.4823529 1 0.4823529 0.4901961 0.4823529 1 0.4823529 0.4745098 0.4823529 1 0.4823529 0.4745098 0.4823529 1 0.7098039 0.6980392 0.7098039 1 0.3882353 0.3960784 0.3882353 1 0.9058824 0.9058824 0.9058824 1 0.4823529 0.4901961 0.4823529 1 0.6117647 0.6039216 0.6117647 1 0.3882353 0.3960784 0.3882353 1 0.9058824 0.9058824 0.9058824 1 0.2901961 0.2862745 0.2901961 1 0.4509804 0.4431372 0.4509804 1 0.4196078 0.4117647 0.4196078 1 0.4196078 0.4117647 0.4196078 1 0.4196078 0.427451 0.4196078 1 0.2901961 0.2862745 0.2901961 1 0.7411765 0.7294118 0.7411765 1 0.9686275 0.9529412 0.9686275 1 0.9058824 0.9058824 0.9058824 1 0.4823529 0.4901961 0.4823529 1 0.4823529 0.4901961 0.4823529 1 0.4823529 0.4745098 0.4823529 1 0.4823529 0.4745098 0.4823529 1 0.7098039 0.6980392 0.7098039 1 0.7098039 0.6980392 0.7098039 1 0.7098039 0.6980392 0.7098039 1 0.7098039 0.6980392 0.7098039 1 0.2901961 0.3019608 0.2901961 1 1 1 1 1 1 1 1 1 0.7098039 0.6980392 0.7098039 1 1 1 1 1 1 1 1 1 0.2901961 0.3019608 0.2901961 1 0.1921569 0.1882353 0.1921569 1 1 1 1 1 0.7098039 0.7137255 0.7098039 1 0.9058824 0.9058824 0.9058824 1 1 1 1 1 0.9686275 0.9529412 0.9686275 1 0.7411765 0.7450981 0.7411765 1 0.6470589 0.6509804 0.6470589 1 0.6470589 0.6509804 0.6470589 1 0.9058824 0.9058824 0.9058824 1 0.9686275 0.9529412 0.9686275 1 1 1 1 1 0.1921569 0.1882353 0.1921569 1 0.6470589 0.6509804 0.6470589 1 0.2901961 0.3019608 0.2901961 1 0.3882353 0.3960784 0.3882353 1 0.3882353 0.3960784 0.3882353 1 0.2901961 0.3019608 0.2901961 1 0.3882353 0.3960784 0.3882353 1 0.2901961 0.3019608 0.2901961 1 0.3882353 0.3960784 0.3882353 1 0.7098039 0.6980392 0.7098039 1 0.7098039 0.6980392 0.7098039 1 0.7098039 0.6980392 0.7098039 1 0.6117647 0.6039216 0.6117647 1 0.7098039 0.6980392 0.7098039 1 0.7098039 0.6980392 0.7098039 1 0.9058824 0.9058824 0.9058824 1 1 1 1 1 0.8078432 0.8117647 0.8078432 1 1 1 1 1 1 1 1 1 1 1 1 1 0.1921569 0.1882353 0.1921569 1 0.3882353 0.3960784 0.3882353 1 0.3882353 0.3960784 0.3882353 1 0.9058824 0.9058824 0.9058824 1 0.8705883 0.8588235 0.8705883 1 0.8078432 0.8117647 0.8078432 1 0.6470589 0.6352941 0.6470589 1 0.6470589 0.6509804 0.6470589 1 0.7098039 0.7137255 0.7098039 1 0.3529412 0.3647059 0.3529412 1 0.3882353 0.3960784 0.3882353 1 0.5803922 0.5725491 0.5803922 1 0.6117647 0.6039216 0.6117647 1 0.09411764 0.09411764 0.09411764 1 0.6117647 0.6039216 0.6117647 1 0.9058824 0.9058824 0.9058824 1 0.1921569 0.1882353 0.1921569 1 0.8705883 0.8588235 0.8705883 1 0.3882353 0.3960784 0.3882353 1 0.3882353 0.3960784 0.3882353 1 0.9058824 0.9058824 0.9058824 1 1 1 1 1 0.9058824 0.9058824 0.9058824 1 0.9058824 0.9058824 0.9058824 1 0.3882353 0.3960784 0.3882353 1 0.4823529 0.4901961 0.4823529 1 0.1921569 0.1882353 0.1921569 1 0.4823529 0.4901961 0.4823529 1 0.4823529 0.4901961 0.4823529 1 0.2901961 0.3019608 0.2901961 1 0.09411764 0.09411764 0.09411764 1 0.1921569 0.1882353 0.1921569 1 0.2901961 0.3019608 0.2901961 1 0.8078432 0.8117647 0.8078432 1 0.7098039 0.6980392 0.7098039 1 0.9058824 0.9058824 0.9058824 1 0.4823529 0.4901961 0.4823529 1 0.4823529 0.4901961 0.4823529 1 1 1 1 1 0.4823529 0.4901961 0.4823529 1 1 1 1 1 0.4823529 0.4901961 0.4823529 1 0.5490196 0.5568628 0.5490196 1 0.8392157 0.8431373 0.8392157 1 0.7411765 0.7450981 0.7411765 1 0.1921569 0.1882353 0.1921569 1 0.7098039 0.7137255 0.7098039 1 0.7411765 0.7450981 0.7411765 1 0.8078432 0.8117647 0.8078432 1 1 1 1 1 0.4823529 0.4901961 0.4823529 1 0.6117647 0.6039216 0.6117647 1 0.6117647 0.6039216 0.6117647 1 0.7098039 0.6980392 0.7098039 1 0.7098039 0.6980392 0.7098039 1 1 1 1 1 0.7098039 0.6980392 0.7098039 1 0.3882353 0.3960784 0.3882353 1 0.7098039 0.6980392 0.7098039 1 0.7098039 0.6980392 0.7098039 1 0.2235294 0.2196078 0.2235294 1 0.5176471 0.509804 0.5176471 1 0.1921569 0.1882353 0.1921569 1</float_array>
          <technique_common>
            <accessor source="#polygon0-mesh-colors-polygon0_Colors0-array" count="3237" stride="4">
              <param name="R" type="float"/>
              <param name="G" type="float"/>
              <param name="B" type="float"/>
              <param name="A" type="float"/>
            </accessor>
          </technique_common>
        </source>
        <vertices id="polygon0-mesh-vertices">
          <input semantic="POSITION" source="#polygon0-mesh-positions"/>
        </vertices>
        <triangles material="mat_bike_body-material" count="1079">
          <input semantic="VERTEX" source="#polygon0-mesh-vertices" offset="0"/>
          <input semantic="NORMAL" source="#polygon0-mesh-normals" offset="1"/>
          <input semantic="TEXCOORD" source="#polygon0-mesh-map-0" offset="2" set="0"/>
          <input semantic="COLOR" source="#polygon0-mesh-colors-polygon0_Colors0" offset="3" set="0"/>
          <p>2 0 0 0 1 1 1 1 0 2 2 2 3 3 3 3 1 1 4 4 2 0 5 5 4 4 6 6 3 3 7 7 2 0 8 8 5 5 9 9 3 3 10 10 4 4 11 11 6 6 12 12 5 5 13 13 4 4 14 14 7 7 15 15 5 5 16 16 6 6 17 17 8 8 18 18 7 7 19 19 6 6 20 20 9 9 21 21 7 7 22 22 8 8 23 23 10 10 24 24 9 9 25 25 8 8 26 26 11 11 27 27 9 9 28 28 10 10 29 29 12 12 30 30 11 11 31 31 10 10 32 32 13 13 33 33 11 11 34 34 12 12 35 35 14 14 36 36 13 13 37 37 12 12 38 38 15 15 39 39 13 13 40 40 14 14 41 41 16 16 42 42 15 15 43 43 14 14 44 44 17 17 45 45 15 15 46 46 16 16 47 47 18 18 48 48 17 17 49 49 16 16 50 50 19 19 51 51 17 17 52 52 18 18 53 53 0 2 54 54 19 19 55 55 18 18 56 56 1 1 57 57 19 19 58 58 0 2 59 59 22 20 60 60 21 21 61 61 20 22 62 62 23 23 63 63 21 21 64 64 22 20 65 65 24 24 66 66 23 23 67 67 22 20 68 68 25 25 69 69 23 23 70 70 24 24 71 71 26 26 72 72 25 25 73 73 24 24 74 74 27 27 75 75 25 25 76 76 26 26 77 77 28 28 78 78 27 27 79 79 26 26 80 80 29 29 81 81 27 27 82 82 28 28 83 83 30 30 84 84 29 29 85 85 28 28 86 86 31 31 87 87 29 29 88 88 30 30 89 89 32 32 90 90 31 31 91 91 30 30 92 92 33 33 93 93 31 31 94 94 32 32 95 95 34 34 96 96 33 33 97 97 32 32 98 98 35 35 99 99 33 33 100 100 34 34 101 101 20 22 102 102 35 35 103 103 34 34 104 104 21 21 105 105 35 35 106 106 20 22 107 107 38 36 108 108 37 37 109 109 36 38 110 110 39 39 111 111 37 37 112 112 38 36 113 113 40 40 114 114 39 39 115 115 38 36 116 116 41 41 117 117 39 39 118 118 40 40 119 119 42 42 120 120 41 41 121 121 40 40 122 122 43 43 123 123 41 41 124 124 42 42 125 125 44 44 126 126 43 43 127 127 42 42 128 128 45 45 129 129 43 43 130 130 44 44 131 131 46 46 132 132 45 45 133 133 44 44 134 134 47 47 135 135 45 45 136 136 46 46 137 137 48 48 138 138 47 47 139 139 46 46 140 140 49 49 141 141 47 47 142 142 48 48 143 143 50 50 144 144 49 49 145 145 48 48 146 146 51 51 147 147 49 49 148 148 50 50 149 149 36 38 150 150 51 51 151 151 50 50 152 152 37 37 153 153 51 51 154 154 36 38 155 155 54 52 156 156 53 53 157 157 52 54 158 158 55 55 159 159 53 53 160 160 54 52 161 161 56 56 162 162 55 55 163 163 54 52 164 164 57 57 165 165 55 55 166 166 56 56 167 167 58 58 168 168 57 57 169 169 56 56 170 170 59 59 171 171 57 57 172 172 58 58 173 173 60 60 174 174 59 59 175 175 58 58 176 176 61 61 177 177 59 59 178 178 60 60 179 179 62 62 180 180 61 61 181 181 60 60 182 182 63 63 183 183 61 61 184 184 62 62 185 185 64 64 186 186 63 63 187 187 62 62 188 188 65 65 189 189 63 63 190 190 64 64 191 191 66 66 192 192 65 65 193 193 64 64 194 194 67 67 195 195 65 65 196 196 66 66 197 197 52 54 198 198 67 67 199 199 66 66 200 200 53 53 201 201 67 67 202 202 52 54 203 203 70 68 204 204 69 69 205 205 68 70 206 206 71 71 207 207 69 69 208 208 70 68 209 209 72 72 210 210 71 71 211 211 70 68 212 212 73 73 213 213 71 71 214 214 72 72 215 215 74 74 216 216 73 73 217 217 72 72 218 218 75 75 219 219 73 73 220 220 74 74 221 221 76 76 222 222 75 75 223 223 74 74 224 224 77 77 225 225 75 75 226 226 76 76 227 227 78 78 228 228 77 77 229 229 76 76 230 230 79 79 231 231 77 77 232 232 78 78 233 233 80 80 234 234 79 79 235 235 78 78 236 236 81 81 237 237 79 79 238 238 80 80 239 239 82 82 240 240 81 81 241 241 80 80 242 242 83 83 243 243 81 81 244 244 82 82 245 245 68 70 246 246 83 83 247 247 82 82 248 248 69 69 249 249 83 83 250 250 68 70 251 251 86 84 252 252 85 85 253 253 84 86 254 254 87 87 255 255 85 85 256 256 86 84 257 257 88 88 258 258 87 87 259 259 86 84 260 260 89 89 261 261 87 87 262 262 88 88 263 263 90 90 264 264 89 89 265 265 88 88 266 266 91 91 267 267 89 89 268 268 90 90 269 269 92 92 270 270 91 91 271 271 90 90 272 272 93 93 273 273 91 91 274 274 92 92 275 275 94 94 276 276 93 93 277 277 92 92 278 278 95 95 279 279 93 93 280 280 94 94 281 281 96 96 282 282 95 95 283 283 94 94 284 284 97 97 285 285 95 95 286 286 96 96 287 287 98 98 288 288 97 97 289 289 96 96 290 290 99 99 291 291 97 97 292 292 98 98 293 293 100 100 294 294 99 99 295 295 98 98 296 296 103 101 297 297 102 102 298 298 101 103 299 299 104 104 300 300 102 102 301 301 103 101 302 302 105 105 303 303 104 104 304 304 103 101 305 305 106 106 306 306 104 104 307 307 105 105 308 308 107 107 309 309 106 106 310 310 105 105 311 311 108 108 312 312 106 106 313 313 107 107 314 314 109 109 315 315 108 108 316 316 107 107 317 317 110 110 318 318 108 108 319 319 109 109 320 320 111 111 321 321 110 110 322 322 109 109 323 323 112 112 324 324 110 110 325 325 111 111 326 326 113 113 327 327 112 112 328 328 111 111 329 329 114 114 330 330 112 112 331 331 113 113 332 332 117 115 333 333 116 116 334 334 115 117 335 335 118 118 336 336 116 116 337 337 117 115 338 338 119 119 339 339 118 118 340 340 117 115 341 341 120 120 342 342 118 118 343 343 119 119 344 344 121 121 345 345 120 120 346 346 119 119 347 347 122 122 348 348 120 120 349 349 121 121 350 350 123 123 351 351 122 122 352 352 121 121 353 353 124 124 354 354 122 122 355 355 123 123 356 356 125 125 357 357 124 124 358 358 123 123 359 359 116 116 360 360 124 124 361 361 125 125 362 362 126 126 363 363 116 116 364 364 125 125 365 365 127 127 366 366 116 116 367 367 126 126 368 368 129 128 369 369 9 9 370 370 128 129 371 371 7 7 372 372 9 9 373 373 129 128 374 374 130 130 375 375 7 7 376 376 129 128 377 377 5 5 378 378 7 7 379 379 130 130 380 380 131 131 381 381 5 5 382 382 130 130 383 383 3 3 384 384 5 5 385 385 131 131 386 386 132 132 387 387 3 3 388 388 131 131 389 389 1 1 390 390 3 3 391 391 132 132 392 392 133 133 393 393 1 1 394 394 132 132 395 395 19 19 396 396 1 1 397 397 133 133 398 398 136 134 399 399 135 135 400 400 134 136 401 401 137 137 402 402 135 135 403 403 136 134 404 404 138 138 405 405 137 137 406 406 136 134 407 407 139 139 408 408 137 137 409 409 138 138 410 410 134 136 411 411 139 139 412 412 138 138 413 413 140 140 414 414 139 139 415 415 134 136 416 416 135 135 417 417 140 140 418 418 134 136 419 419 141 141 420 420 140 140 421 421 135 135 422 422 137 137 423 423 141 141 424 424 135 135 425 425 139 139 426 426 141 141 427 427 137 137 428 428 144 142 429 429 143 143 430 430 142 144 431 431 145 145 432 432 143 143 433 433 144 142 434 434 146 146 435 435 145 145 436 436 144 142 437 437 147 147 438 438 145 145 439 439 146 146 440 440 102 102 441 441 147 147 442 442 146 146 443 443 148 148 444 444 147 147 445 445 102 102 446 446 104 104 447 447 148 148 448 448 102 102 449 449 149 149 450 450 148 148 451 451 104 104 452 452 150 150 453 453 149 149 454 454 104 104 455 455 151 151 456 456 149 149 457 457 150 150 458 458 154 152 459 459 153 153 460 460 152 154 461 461 155 155 462 462 153 153 463 463 154 152 464 464 156 156 465 465 155 155 466 466 154 152 467 467 157 157 468 468 155 155 469 469 156 156 470 470 158 158 471 471 157 157 472 472 156 156 473 473 159 159 474 474 157 157 475 475 158 158 476 476 160 160 477 477 159 159 478 478 158 158 479 479 161 161 480 480 159 159 481 481 160 160 482 482 162 162 483 483 161 161 484 484 160 160 485 485 163 163 486 486 161 161 487 487 162 162 488 488 166 164 489 489 165 165 490 490 164 166 491 491 167 167 492 492 165 165 493 493 166 164 494 494 168 168 495 495 167 167 496 496 166 164 497 497 169 169 498 498 167 167 499 499 168 168 500 500 170 170 501 501 169 169 502 502 168 168 503 503 171 171 504 504 169 169 505 505 170 170 506 506 172 172 507 507 171 171 508 508 170 170 509 509 173 173 510 510 171 171 511 511 172 172 512 512 174 174 513 513 173 173 514 514 172 172 515 515 177 175 516 516 176 176 517 517 175 177 518 518 178 178 519 519 176 176 520 520 177 175 521 521 179 179 522 522 178 178 523 523 177 175 524 524 180 180 525 525 178 178 526 526 179 179 527 527 181 181 528 528 180 180 529 529 179 179 530 530 182 182 531 531 180 180 532 532 181 181 533 533 183 183 534 534 182 182 535 535 181 181 536 536 184 184 537 537 182 182 538 538 183 183 539 539 185 185 540 540 184 184 541 541 183 183 542 542 188 186 543 543 187 187 544 544 186 188 545 545 189 189 546 546 187 187 547 547 188 186 548 548 190 190 549 549 189 189 550 550 188 186 551 551 191 191 552 552 189 189 553 553 190 190 554 554 192 192 555 555 191 191 556 556 190 190 557 557 189 189 558 558 191 191 559 559 192 192 560 560 193 193 561 561 189 189 562 562 192 192 563 563 187 187 564 564 189 189 565 565 193 193 566 566 194 194 567 567 187 187 568 568 193 193 569 569 197 195 570 570 196 196 571 571 195 197 572 572 198 198 573 573 196 196 574 574 197 195 575 575 199 199 576 576 198 198 577 577 197 195 578 578 200 200 579 579 198 198 580 580 199 199 581 581 201 201 582 582 200 200 583 583 199 199 584 584 202 202 585 585 200 200 586 586 201 201 587 587 203 203 588 588 202 202 589 589 201 201 590 590 204 204 591 591 202 202 592 592 203 203 593 593 205 205 594 594 204 204 595 595 203 203 596 596 208 206 597 597 207 207 598 598 206 208 599 599 209 209 600 600 207 207 601 601 208 206 602 602 210 210 603 603 209 209 604 604 208 206 605 605 211 211 606 606 209 209 607 607 210 210 608 608 212 212 609 609 211 211 610 610 210 210 611 611 213 213 612 612 211 211 613 613 212 212 614 614 214 214 615 615 213 213 616 616 212 212 617 617 215 215 618 618 213 213 619 619 214 214 620 620 216 216 621 621 215 215 622 622 214 214 623 623 219 217 624 624 218 218 625 625 217 219 626 626 220 220 627 627 218 218 628 628 219 217 629 629 221 221 630 630 220 220 631 631 219 217 632 632 222 222 633 633 220 220 634 634 221 221 635 635 223 223 636 636 222 222 637 637 221 221 638 638 224 224 639 639 222 222 640 640 223 223 641 641 225 225 642 642 224 224 643 643 223 223 644 644 170 170 645 645 224 224 646 646 225 225 647 647 226 226 648 648 170 170 649 649 225 225 650 650 207 207 651 651 227 227 652 652 206 208 653 653 228 228 654 654 227 227 655 655 207 207 656 656 209 209 657 657 228 228 658 658 207 207 659 659 229 229 660 660 228 228 661 661 209 209 662 662 230 230 663 663 229 229 664 664 209 209 665 665 231 231 666 666 229 229 667 667 230 230 668 668 232 232 669 669 231 231 670 670 230 230 671 671 233 233 672 672 231 231 673 673 232 232 674 674 164 166 675 675 233 233 676 676 232 232 677 677 234 234 678 678 153 153 679 679 155 155 680 680 235 235 681 681 153 153 682 682 234 234 683 683 236 236 684 684 235 235 685 685 234 234 686 686 237 237 687 687 235 235 688 688 236 236 689 689 238 238 690 690 237 237 691 691 236 236 692 692 239 239 693 693 237 237 694 694 238 238 695 695 240 240 696 696 239 239 697 697 238 238 698 698 241 241 699 699 239 239 700 700 240 240 701 701 242 242 702 702 241 241 703 703 240 240 704 704 245 243 705 705 244 244 706 706 243 245 707 707 246 246 708 708 244 244 709 709 245 243 710 710 247 247 711 711 246 246 712 712 245 243 713 713 248 248 714 714 246 246 715 715 247 247 716 716 249 249 717 717 248 248 718 718 247 247 719 719 250 250 720 720 248 248 721 721 249 249 722 722 251 251 723 723 250 250 724 724 249 249 725 725 186 188 726 726 250 250 727 727 251 251 728 728 254 252 729 729 253 253 730 730 252 254 731 731 255 255 732 732 253 253 733 733 254 252 734 734 256 256 735 735 255 255 736 736 254 252 737 737 257 257 738 738 255 255 739 739 256 256 740 740 258 258 741 741 257 257 742 742 256 256 743 743 259 259 744 744 257 257 745 745 258 258 746 746 252 254 747 747 259 259 748 748 258 258 749 749 253 253 750 750 259 259 751 751 252 254 752 752 262 260 753 753 261 261 754 754 260 262 755 755 263 263 756 756 261 261 757 757 262 260 758 758 264 264 759 759 263 263 760 760 262 260 761 761 261 261 762 762 263 263 763 763 264 264 764 764 265 265 765 765 261 261 766 766 264 264 767 767 266 266 768 768 261 261 769 769 265 265 770 770 267 267 771 771 266 266 772 772 265 265 773 773 268 268 774 774 266 266 775 775 267 267 776 776 271 269 777 777 270 270 778 778 269 271 779 779 272 272 780 780 270 270 781 781 271 269 782 782 273 273 783 783 272 272 784 784 271 269 785 785 274 274 786 786 272 272 787 787 273 273 788 788 275 275 789 789 274 274 790 790 273 273 791 791 276 276 792 792 274 274 793 793 275 275 794 794 269 271 795 795 276 276 796 796 275 275 797 797 270 270 798 798 276 276 799 799 269 271 800 800 279 277 801 801 278 278 802 802 277 279 803 803 280 280 804 804 278 278 805 805 279 277 806 806 281 281 807 807 280 280 808 808 279 277 809 809 282 282 810 810 280 280 811 811 281 281 812 812 283 283 813 813 282 282 814 814 281 281 815 815 284 284 816 816 282 282 817 817 283 283 818 818 277 279 819 819 284 284 820 820 283 283 821 821 278 278 822 822 284 284 823 823 277 279 824 824 287 285 825 825 286 286 826 826 285 287 827 827 288 288 828 828 286 286 829 829 287 285 830 830 289 289 831 831 288 288 832 832 287 285 833 833 290 290 834 834 288 288 835 835 289 289 836 836 291 291 837 837 290 290 838 838 289 289 839 839 292 292 840 840 290 290 841 841 291 291 842 842 285 287 843 843 292 292 844 844 291 291 845 845 286 286 846 846 292 292 847 847 285 287 848 848 295 293 849 849 294 294 850 850 293 295 851 851 296 296 852 852 294 294 853 853 295 293 854 854 297 297 855 855 296 296 856 856 295 293 857 857 298 298 858 858 296 296 859 859 297 297 860 860 299 299 861 861 298 298 862 862 297 297 863 863 300 300 864 864 298 298 865 865 299 299 866 866 293 295 867 867 300 300 868 868 299 299 869 869 294 294 870 870 300 300 871 871 293 295 872 872 303 301 873 873 302 302 874 874 301 303 875 875 304 304 876 876 302 302 877 877 303 301 878 878 305 305 879 879 304 304 880 880 303 301 881 881 306 306 882 882 304 304 883 883 305 305 884 884 307 307 885 885 306 306 886 886 305 305 887 887 308 308 888 888 306 306 889 889 307 307 890 890 301 303 891 891 308 308 892 892 307 307 893 893 302 302 894 894 308 308 895 895 301 303 896 896 311 309 897 897 310 310 898 898 309 311 899 899 312 312 900 900 310 310 901 901 311 309 902 902 313 313 903 903 312 312 904 904 311 309 905 905 314 314 906 906 312 312 907 907 313 313 908 908 315 315 909 909 314 314 910 910 313 313 911 911 316 316 912 912 314 314 913 913 315 315 914 914 309 311 915 915 316 316 916 916 315 315 917 917 310 310 918 918 316 316 919 919 309 311 920 920 319 317 921 921 318 318 922 922 317 319 923 923 320 320 924 924 318 318 925 925 319 317 926 926 321 321 927 927 320 320 928 928 319 317 929 929 322 322 930 930 320 320 931 931 321 321 932 932 323 323 933 933 322 322 934 934 321 321 935 935 324 324 936 936 322 322 937 937 323 323 938 938 317 319 939 939 324 324 940 940 323 323 941 941 318 318 942 942 324 324 943 943 317 319 944 944 326 325 945 945 152 154 946 946 325 326 947 947 327 327 948 948 152 154 949 949 326 325 950 950 328 328 951 951 327 327 952 952 326 325 953 953 329 329 954 954 327 327 955 955 328 328 956 956 195 197 957 957 329 329 958 958 328 328 959 959 330 330 960 960 329 329 961 961 195 197 962 962 331 331 963 963 330 330 964 964 195 197 965 965 196 196 966 966 331 331 967 967 195 197 968 968 332 332 969 969 331 331 970 970 196 196 971 971 333 333 972 972 332 332 973 973 196 196 974 974 334 334 975 975 332 332 976 976 333 333 977 977 335 335 978 978 334 334 979 979 333 333 980 980 336 336 981 981 334 334 982 982 335 335 983 983 337 337 984 984 336 336 985 985 335 335 986 986 340 338 987 987 339 339 988 988 338 340 989 989 341 341 990 990 339 339 991 991 340 338 992 992 342 342 993 993 341 341 994 994 340 338 995 995 343 343 996 996 341 341 997 997 342 342 998 998 344 344 999 999 343 343 1000 1000 342 342 1001 1001 345 345 1002 1002 343 343 1003 1003 344 344 1004 1004 346 346 1005 1005 345 345 1006 1006 344 344 1007 1007 349 347 1008 1008 348 348 1009 1009 347 349 1010 1010 99 99 1011 1011 348 348 1012 1012 349 347 1013 1013 350 350 1014 1014 99 99 1015 1015 349 347 1016 1016 97 97 1017 1017 99 99 1018 1018 350 350 1019 1019 351 351 1020 1020 97 97 1021 1021 350 350 1022 1022 95 95 1023 1023 97 97 1024 1024 351 351 1025 1025 352 352 1026 1026 95 95 1027 1027 351 351 1028 1028 355 353 1029 1029 354 354 1030 1030 353 355 1031 1031 356 356 1032 1032 354 354 1033 1033 355 353 1034 1034 357 357 1035 1035 356 356 1036 1036 355 353 1037 1037 358 358 1038 1038 356 356 1039 1039 357 357 1040 1040 359 359 1041 1041 358 358 1042 1042 357 357 1043 1043 360 360 1044 1044 358 358 1045 1045 359 359 1046 1046 205 205 1047 1047 182 182 1048 1048 184 184 1049 1049 180 180 1050 1050 182 182 1051 1051 205 205 1052 1052 361 361 1053 1053 180 180 1054 1054 205 205 1055 1055 362 362 1056 1056 180 180 1057 1057 361 361 1058 1058 363 363 1059 1059 362 362 1060 1060 361 361 1061 1061 364 364 1062 1062 362 362 1063 1063 363 363 1064 1064 367 365 1065 1065 366 366 1066 1066 365 367 1067 1067 368 368 1068 1068 366 366 1069 1069 367 365 1070 1070 369 369 1071 1071 368 368 1072 1072 367 365 1073 1073 370 370 1074 1074 368 368 1075 1075 369 369 1076 1076 371 371 1077 1077 370 370 1078 1078 369 369 1079 1079 372 372 1080 1080 370 370 1081 1081 371 371 1082 1082 375 373 1083 1083 374 374 1084 1084 373 375 1085 1085 376 376 1086 1086 374 374 1087 1087 375 373 1088 1088 377 377 1089 1089 376 376 1090 1090 375 373 1091 1091 378 378 1092 1092 376 376 1093 1093 377 377 1094 1094 379 379 1095 1095 378 378 1096 1096 377 377 1097 1097 380 380 1098 1098 378 378 1099 1099 379 379 1100 1100 203 203 1101 1101 381 381 1102 1102 205 205 1103 1103 382 382 1104 1104 381 381 1105 1105 203 203 1106 1106 201 201 1107 1107 382 382 1108 1108 203 203 1109 1109 383 383 1110 1110 382 382 1111 1111 201 201 1112 1112 384 384 1113 1113 383 383 1114 1114 201 201 1115 1115 385 385 1116 1116 383 383 1117 1117 384 384 1118 1118 387 386 1119 1119 378 378 1120 1120 386 387 1121 1121 376 376 1122 1122 378 378 1123 1123 387 386 1124 1124 388 388 1125 1125 376 376 1126 1126 387 386 1127 1127 374 374 1128 1128 376 376 1129 1129 388 388 1130 1130 389 389 1131 1131 374 374 1132 1132 388 388 1133 1133 373 375 1134 1134 374 374 1135 1135 389 389 1136 1136 392 390 1137 1137 391 391 1138 1138 390 392 1139 1139 393 393 1140 1140 391 391 1141 1141 392 390 1142 1142 394 394 1143 1143 393 393 1144 1144 392 390 1145 1145 395 395 1146 1146 393 393 1147 1147 394 394 1148 1148 396 396 1149 1149 395 395 1150 1150 394 394 1151 1151 397 397 1152 1152 395 395 1153 1153 396 396 1154 1154 399 398 1155 1155 398 399 1156 1156 373 375 1157 1157 400 400 1158 1158 398 399 1159 1159 399 398 1160 1160 401 401 1161 1161 400 400 1162 1162 399 398 1163 1163 402 402 1164 1164 400 400 1165 1165 401 401 1166 1166 403 403 1167 1167 402 402 1168 1168 401 401 1169 1169 404 404 1170 1170 402 402 1171 1171 403 403 1172 1172 406 405 1173 1173 336 336 1174 1174 405 406 1175 1175 334 334 1176 1176 336 336 1177 1177 406 405 1178 1178 407 407 1179 1179 334 334 1180 1180 406 405 1181 1181 332 332 1182 1182 334 334 1183 1183 407 407 1184 1184 408 408 1185 1185 332 332 1186 1186 407 407 1187 1187 331 331 1188 1188 332 332 1189 1189 408 408 1190 1190 410 409 1191 1191 402 402 1192 1192 409 410 1193 1193 400 400 1194 1194 402 402 1195 1195 410 409 1196 1196 411 411 1197 1197 400 400 1198 1198 410 409 1199 1199 398 399 1200 1200 400 400 1201 1201 411 411 1202 1202 412 412 1203 1203 398 399 1204 1204 411 411 1205 1205 373 375 1206 1206 398 399 1207 1207 412 412 1208 1208 412 412 1209 1209 413 413 1210 1210 373 375 1211 1211 414 414 1212 1212 413 413 1213 1213 412 412 1214 1214 411 411 1215 1215 414 414 1216 1216 412 412 1217 1217 415 415 1218 1218 414 414 1219 1219 411 411 1220 1220 410 409 1221 1221 415 415 1222 1222 411 411 1223 1223 409 410 1224 1224 415 415 1225 1225 410 409 1226 1226 417 416 1227 1227 416 417 1228 1228 373 375 1229 1229 418 418 1230 1230 416 417 1231 1231 417 416 1232 1232 419 419 1233 1233 418 418 1234 1234 417 416 1235 1235 420 420 1236 1236 418 418 1237 1237 419 419 1238 1238 421 421 1239 1239 420 420 1240 1240 419 419 1241 1241 422 422 1242 1242 420 420 1243 1243 421 421 1244 1244 362 362 1245 1245 178 178 1246 1246 180 180 1247 1247 176 176 1248 1248 178 178 1249 1249 362 362 1250 1250 423 423 1251 1251 176 176 1252 1252 362 362 1253 1253 175 177 1254 1254 176 176 1255 1255 423 423 1256 1256 424 424 1257 1257 175 177 1258 1258 423 423 1259 1259 425 425 1260 1260 175 177 1261 1261 424 424 1262 1262 379 379 1263 1263 420 420 1264 1264 380 380 1265 1265 418 418 1266 1266 420 420 1267 1267 379 379 1268 1268 377 377 1269 1269 418 418 1270 1270 379 379 1271 1271 416 417 1272 1272 418 418 1273 1273 377 377 1274 1274 375 373 1275 1275 416 417 1276 1276 377 377 1277 1277 373 375 1278 1278 416 417 1279 1279 375 373 1280 1280 425 425 1281 1281 426 426 1282 1282 175 177 1283 1283 427 427 1284 1284 426 426 1285 1285 425 425 1286 1286 428 428 1287 1287 427 427 1288 1288 425 425 1289 1289 429 429 1290 1290 427 427 1291 1291 428 428 1292 1292 430 430 1293 1293 429 429 1294 1294 428 428 1295 1295 431 431 1296 1296 429 429 1297 1297 430 430 1298 1298 434 432 1299 1299 433 433 1300 1300 432 434 1301 1301 435 435 1302 1302 433 433 1303 1303 434 432 1304 1304 436 436 1305 1305 435 435 1306 1306 434 432 1307 1307 437 437 1308 1308 435 435 1309 1309 436 436 1310 1310 438 438 1311 1311 437 437 1312 1312 436 436 1313 1313 439 439 1314 1314 437 437 1315 1315 438 438 1316 1316 421 421 1317 1317 415 415 1318 1318 422 422 1319 1319 414 414 1320 1320 415 415 1321 1321 421 421 1322 1322 419 419 1323 1323 414 414 1324 1324 421 421 1325 1325 413 413 1326 1326 414 414 1327 1327 419 419 1328 1328 417 416 1329 1329 413 413 1330 1330 419 419 1331 1331 373 375 1332 1332 413 413 1333 1333 417 416 1334 1334 439 439 1335 1335 441 440 1336 1336 440 441 1337 1337 442 442 1338 1338 441 440 1339 1339 439 439 1340 1340 443 443 1341 1341 442 442 1342 1342 439 439 1343 1343 444 444 1344 1344 442 442 1345 1345 443 443 1346 1346 445 445 1347 1347 444 444 1348 1348 443 443 1349 1349 446 446 1350 1350 338 340 1351 1351 431 431 1352 1352 447 447 1353 1353 338 340 1354 1354 446 446 1355 1355 448 448 1356 1356 447 447 1357 1357 446 446 1358 1358 449 449 1359 1359 447 447 1360 1360 448 448 1361 1361 450 450 1362 1362 449 449 1363 1363 448 448 1364 1364 448 448 1365 1365 354 354 1366 1366 450 450 1367 1367 451 451 1368 1368 354 354 1369 1369 448 448 1370 1370 446 446 1371 1371 451 451 1372 1372 448 448 1373 1373 430 430 1374 1374 451 451 1375 1375 446 446 1376 1376 431 431 1377 1377 430 430 1378 1378 446 446 1379 1379 453 452 1380 1380 341 341 1381 1381 452 453 1382 1382 339 339 1383 1383 341 341 1384 1384 453 452 1385 1385 454 454 1386 1386 339 339 1387 1387 453 452 1388 1388 455 455 1389 1389 339 339 1390 1390 454 454 1391 1391 456 456 1392 1392 455 455 1393 1393 454 454 1394 1394 459 457 1395 1395 458 458 1396 1396 457 459 1397 1397 460 460 1398 1398 458 458 1399 1399 459 457 1400 1400 397 397 1401 1401 460 460 1402 1402 459 457 1403 1403 384 384 1404 1404 460 460 1405 1405 397 397 1406 1406 385 385 1407 1407 384 384 1408 1408 397 397 1409 1409 451 451 1410 1410 353 355 1411 1411 354 354 1412 1412 461 461 1413 1413 353 355 1414 1414 451 451 1415 1415 462 462 1416 1416 461 461 1417 1417 451 451 1418 1418 463 463 1419 1419 461 461 1420 1420 462 462 1421 1421 464 464 1422 1422 463 463 1423 1423 462 462 1424 1424 465 465 1425 1425 240 240 1426 1426 238 238 1427 1427 466 466 1428 1428 240 240 1429 1429 465 465 1430 1430 467 467 1431 1431 466 466 1432 1432 465 465 1433 1433 468 468 1434 1434 466 466 1435 1435 467 467 1436 1436 469 469 1437 1437 468 468 1438 1438 467 467 1439 1439 470 470 1440 1440 381 381 1441 1441 385 385 1442 1442 471 471 1443 1443 381 381 1444 1444 470 470 1445 1445 472 472 1446 1446 471 471 1447 1447 470 470 1448 1448 473 473 1449 1449 471 471 1450 1450 472 472 1451 1451 474 474 1452 1452 473 473 1453 1453 472 472 1454 1454 476 475 1455 1455 475 476 1456 1456 158 158 1457 1457 477 477 1458 1458 475 476 1459 1459 476 475 1460 1460 478 478 1461 1461 477 477 1462 1462 476 475 1463 1463 479 479 1464 1464 477 477 1465 1465 478 478 1466 1466 480 480 1467 1467 479 479 1468 1468 478 478 1469 1469 483 481 1470 1470 482 482 1471 1471 481 483 1472 1472 484 484 1473 1473 482 482 1474 1474 483 481 1475 1475 485 485 1476 1476 484 484 1477 1477 483 481 1478 1478 486 486 1479 1479 484 484 1480 1480 485 485 1481 1481 487 487 1482 1482 486 486 1483 1483 485 485 1484 1484 476 475 1485 1485 160 160 1486 1486 158 158 1487 1487 469 469 1488 1488 160 160 1489 1489 476 475 1490 1490 478 478 1491 1491 469 469 1492 1492 476 475 1493 1493 468 468 1494 1494 469 469 1495 1495 478 478 1496 1496 480 480 1497 1497 468 468 1498 1498 478 478 1499 1499 488 488 1500 1500 480 480 1501 1501 360 360 1502 1502 489 489 1503 1503 480 480 1504 1504 488 488 1505 1505 222 222 1506 1506 489 489 1507 1507 488 488 1508 1508 490 490 1509 1509 489 489 1510 1510 222 222 1511 1511 491 491 1512 1512 490 490 1513 1513 222 222 1514 1514 492 492 1515 1515 399 398 1516 1516 373 375 1517 1517 401 401 1518 1518 399 398 1519 1519 492 492 1520 1520 493 493 1521 1521 401 401 1522 1522 492 492 1523 1523 403 403 1524 1524 401 401 1525 1525 493 493 1526 1526 494 494 1527 1527 403 403 1528 1528 493 493 1529 1529 497 495 1530 1530 496 496 1531 1531 495 497 1532 1532 211 211 1533 1533 496 496 1534 1534 497 495 1535 1535 224 224 1536 1536 211 211 1537 1537 497 495 1538 1538 498 498 1539 1539 211 211 1540 1540 224 224 1541 1541 499 499 1542 1542 498 498 1543 1543 224 224 1544 1544 500 500 1545 1545 394 394 1546 1546 392 390 1547 1547 396 396 1548 1548 394 394 1549 1549 500 500 1550 1550 501 501 1551 1551 396 396 1552 1552 500 500 1553 1553 397 397 1554 1554 396 396 1555 1555 501 501 1556 1556 385 385 1557 1557 397 397 1558 1558 501 501 1559 1559 463 463 1560 1560 424 424 1561 1561 474 474 1562 1562 425 425 1563 1563 424 424 1564 1564 463 463 1565 1565 464 464 1566 1566 425 425 1567 1567 463 463 1568 1568 428 428 1569 1569 425 425 1570 1570 464 464 1571 1571 430 430 1572 1572 428 428 1573 1573 464 464 1574 1574 472 472 1575 1575 463 463 1576 1576 474 474 1577 1577 502 502 1578 1578 463 463 1579 1579 472 472 1580 1580 470 470 1581 1581 502 502 1582 1582 472 472 1583 1583 501 501 1584 1584 502 502 1585 1585 470 470 1586 1586 385 385 1587 1587 501 501 1588 1588 470 470 1589 1589 496 496 1590 1590 230 230 1591 1591 503 503 1592 1592 232 232 1593 1593 230 230 1594 1594 496 496 1595 1595 504 504 1596 1596 232 232 1597 1597 496 496 1598 1598 505 505 1599 1599 232 232 1600 1600 504 504 1601 1601 166 164 1602 1602 505 505 1603 1603 504 504 1604 1604 497 495 1605 1605 166 164 1606 1606 504 504 1607 1607 168 168 1608 1608 166 164 1609 1609 497 495 1610 1610 491 491 1611 1611 168 168 1612 1612 497 495 1613 1613 224 224 1614 1614 168 168 1615 1615 491 491 1616 1616 222 222 1617 1617 224 224 1618 1618 491 491 1619 1619 265 265 1620 1620 506 506 1621 1621 267 267 1622 1622 507 507 1623 1623 506 506 1624 1624 265 265 1625 1625 508 508 1626 1626 507 507 1627 1627 265 265 1628 1628 506 506 1629 1629 507 507 1630 1630 508 508 1631 1631 509 509 1632 1632 506 506 1633 1633 508 508 1634 1634 511 510 1635 1635 142 144 1636 1636 510 511 1637 1637 144 142 1638 1638 142 144 1639 1639 511 510 1640 1640 101 103 1641 1641 144 142 1642 1642 511 510 1643 1643 146 146 1644 1644 144 142 1645 1645 101 103 1646 1646 102 102 1647 1647 146 146 1648 1648 101 103 1649 1649 512 512 1650 1650 487 487 1651 1651 485 485 1652 1652 513 513 1653 1653 487 487 1654 1654 512 512 1655 1655 514 514 1656 1656 513 513 1657 1657 512 512 1658 1658 515 515 1659 1659 513 513 1660 1660 514 514 1661 1661 516 516 1662 1662 515 515 1663 1663 514 514 1664 1664 519 517 1665 1665 518 518 1666 1666 517 519 1667 1667 520 520 1668 1668 518 518 1669 1669 519 517 1670 1670 117 115 1671 1671 520 520 1672 1672 519 517 1673 1673 521 521 1674 1674 520 520 1675 1675 117 115 1676 1676 115 117 1677 1677 521 521 1678 1678 117 115 1679 1679 243 245 1680 1680 523 522 1681 1681 522 523 1682 1682 524 524 1683 1683 523 522 1684 1684 243 245 1685 1685 244 244 1686 1686 524 524 1687 1687 243 245 1688 1688 525 525 1689 1689 524 524 1690 1690 244 244 1691 1691 194 194 1692 1692 525 525 1693 1693 244 244 1694 1694 528 526 1695 1695 527 527 1696 1696 526 528 1697 1697 529 529 1698 1698 527 527 1699 1699 528 526 1700 1700 432 434 1701 1701 529 529 1702 1702 528 526 1703 1703 530 530 1704 1704 529 529 1705 1705 432 434 1706 1706 433 433 1707 1707 530 530 1708 1708 432 434 1709 1709 442 442 1710 1710 531 531 1711 1711 441 440 1712 1712 532 532 1713 1713 531 531 1714 1714 442 442 1715 1715 444 444 1716 1716 532 532 1717 1717 442 442 1718 1718 531 531 1719 1719 532 532 1720 1720 444 444 1721 1721 342 342 1722 1722 449 449 1723 1723 344 344 1724 1724 447 447 1725 1725 449 449 1726 1726 342 342 1727 1727 340 338 1728 1728 447 447 1729 1729 342 342 1730 1730 338 340 1731 1731 447 447 1732 1732 340 338 1733 1733 533 533 1734 1734 460 460 1735 1735 384 384 1736 1736 534 534 1737 1737 460 460 1738 1738 533 533 1739 1739 535 535 1740 1740 534 534 1741 1741 533 533 1742 1742 197 195 1743 1743 534 534 1744 1744 535 535 1745 1745 534 534 1746 1746 458 458 1747 1747 460 460 1748 1748 536 536 1749 1749 458 458 1750 1750 534 534 1751 1751 326 325 1752 1752 536 536 1753 1753 534 534 1754 1754 325 326 1755 1755 536 536 1756 1756 326 325 1757 1757 423 423 1758 1758 474 474 1759 1759 424 424 1760 1760 473 473 1761 1761 474 474 1762 1762 423 423 1763 1763 362 362 1764 1764 473 473 1765 1765 423 423 1766 1766 364 364 1767 1767 473 473 1768 1768 362 362 1769 1769 537 537 1770 1770 107 107 1771 1771 105 105 1772 1772 111 111 1773 1773 107 107 1774 1774 537 537 1775 1775 510 511 1776 1776 111 111 1777 1777 537 537 1778 1778 142 144 1779 1779 111 111 1780 1780 510 511 1781 1781 389 389 1782 1782 492 492 1783 1783 373 375 1784 1784 493 493 1785 1785 492 492 1786 1786 389 389 1787 1787 388 388 1788 1788 493 493 1789 1789 389 389 1790 1790 494 494 1791 1791 493 493 1792 1792 388 388 1793 1793 539 538 1794 1794 409 410 1795 1795 538 539 1796 1796 540 540 1797 1797 409 410 1798 1798 539 538 1799 1799 541 541 1800 1800 540 540 1801 1801 539 538 1802 1802 422 422 1803 1803 540 540 1804 1804 541 541 1805 1805 497 495 1806 1806 241 241 1807 1807 242 242 1808 1808 542 542 1809 1809 241 241 1810 1810 497 495 1811 1811 504 504 1812 1812 542 542 1813 1813 497 495 1814 1814 496 496 1815 1815 542 542 1816 1816 504 504 1817 1817 544 543 1818 1818 216 216 1819 1819 543 544 1820 1820 215 215 1821 1821 216 216 1822 1822 544 543 1823 1823 325 326 1824 1824 215 215 1825 1825 544 543 1826 1826 545 545 1827 1827 215 215 1828 1828 325 326 1829 1829 546 546 1830 1830 432 434 1831 1831 528 526 1832 1832 438 438 1833 1833 432 434 1834 1834 546 546 1835 1835 445 445 1836 1836 438 438 1837 1837 546 546 1838 1838 439 439 1839 1839 438 438 1840 1840 445 445 1841 1841 548 547 1842 1842 386 387 1843 1843 547 548 1844 1844 549 549 1845 1845 386 387 1846 1846 548 547 1847 1847 550 550 1848 1848 549 549 1849 1849 548 547 1850 1850 404 404 1851 1851 549 549 1852 1852 550 550 1853 1853 551 551 1854 1854 422 422 1855 1855 541 541 1856 1856 552 552 1857 1857 422 422 1858 1858 551 551 1859 1859 553 553 1860 1860 552 552 1861 1861 551 551 1862 1862 380 380 1863 1863 552 552 1864 1864 553 553 1865 1865 554 554 1866 1866 358 358 1867 1867 360 360 1868 1868 356 356 1869 1869 358 358 1870 1870 554 554 1871 1871 555 555 1872 1872 356 356 1873 1873 554 554 1874 1874 344 344 1875 1875 356 356 1876 1876 555 555 1877 1877 556 556 1878 1878 404 404 1879 1879 550 550 1880 1880 557 557 1881 1881 404 404 1882 1882 556 556 1883 1883 538 539 1884 1884 557 557 1885 1885 556 556 1886 1886 409 410 1887 1887 557 557 1888 1888 538 539 1889 1889 560 558 1890 1890 559 559 1891 1891 558 560 1892 1892 561 561 1893 1893 559 559 1894 1894 560 558 1895 1895 562 562 1896 1896 561 561 1897 1897 560 558 1898 1898 563 563 1899 1899 561 561 1900 1900 562 562 1901 1901 564 564 1902 1902 380 380 1903 1903 553 553 1904 1904 565 565 1905 1905 380 380 1906 1906 564 564 1907 1907 547 548 1908 1908 565 565 1909 1909 564 564 1910 1910 386 387 1911 1911 565 565 1912 1912 547 548 1913 1913 538 539 1914 1914 567 566 1915 1915 566 567 1916 1916 568 568 1917 1917 567 566 1918 1918 538 539 1919 1919 556 556 1920 1920 568 568 1921 1921 538 539 1922 1922 550 550 1923 1923 568 568 1924 1924 556 556 1925 1925 553 553 1926 1926 570 569 1927 1927 569 570 1928 1928 571 571 1929 1929 570 569 1930 1930 553 553 1931 1931 551 551 1932 1932 571 571 1933 1933 553 553 1934 1934 541 541 1935 1935 571 571 1936 1936 551 551 1937 1937 572 572 1938 1938 243 245 1939 1939 522 523 1940 1940 245 243 1941 1941 243 245 1942 1942 572 572 1943 1943 573 573 1944 1944 245 243 1945 1945 572 572 1946 1946 574 574 1947 1947 245 243 1948 1948 573 573 1949 1949 547 548 1950 1950 576 575 1951 1951 575 576 1952 1952 569 570 1953 1953 576 575 1954 1954 547 548 1955 1955 564 564 1956 1956 569 570 1957 1957 547 548 1958 1958 553 553 1959 1959 569 570 1960 1960 564 564 1961 1961 550 550 1962 1962 577 577 1963 1963 568 568 1964 1964 575 576 1965 1965 577 577 1966 1966 550 550 1967 1967 548 547 1968 1968 575 576 1969 1969 550 550 1970 1970 547 548 1971 1971 575 576 1972 1972 548 547 1973 1973 246 246 1974 1974 194 194 1975 1975 244 244 1976 1976 187 187 1977 1977 194 194 1978 1978 246 246 1979 1979 250 250 1980 1980 187 187 1981 1981 246 246 1982 1982 186 188 1983 1983 187 187 1984 1984 250 250 1985 1985 264 264 1986 1986 508 508 1987 1987 265 265 1988 1988 578 578 1989 1989 508 508 1990 1990 264 264 1991 1991 579 579 1992 1992 578 578 1993 1993 264 264 1994 1994 580 580 1995 1995 578 578 1996 1996 579 579 1997 1997 581 581 1998 1998 528 526 1999 1999 526 528 2000 2000 546 546 2001 2001 528 526 2002 2002 581 581 2003 2003 582 582 2004 2004 546 546 2005 2005 581 581 2006 2006 445 445 2007 2007 546 546 2008 2008 582 582 2009 2009 452 453 2010 2010 345 345 2011 2011 583 583 2012 2012 343 343 2013 2013 345 345 2014 2014 452 453 2015 2015 341 341 2016 2016 343 343 2017 2017 452 453 2018 2018 586 584 2019 2019 585 585 2020 2020 584 586 2021 2021 587 587 2022 2022 585 585 2023 2023 586 584 2024 2024 588 588 2025 2025 587 587 2026 2026 586 584 2027 2027 589 589 2028 2028 459 457 2029 2029 457 459 2030 2030 590 590 2031 2031 459 457 2032 2032 589 589 2033 2033 591 591 2034 2034 590 590 2035 2035 589 589 2036 2036 594 592 2037 2037 593 593 2038 2038 592 594 2039 2039 595 595 2040 2040 593 593 2041 2041 594 592 2042 2042 596 596 2043 2043 595 595 2044 2044 594 592 2045 2045 537 537 2046 2046 597 597 2047 2047 510 511 2048 2048 598 598 2049 2049 597 597 2050 2050 537 537 2051 2051 599 599 2052 2052 598 598 2053 2053 537 537 2054 2054 105 105 2055 2055 599 599 2056 2056 537 537 2057 2057 600 600 2058 2058 599 599 2059 2059 105 105 2060 2060 601 601 2061 2061 600 600 2062 2062 105 105 2063 2063 604 602 2064 2064 603 603 2065 2065 602 604 2066 2066 605 605 2067 2067 603 603 2068 2068 604 602 2069 2069 606 606 2070 2070 605 605 2071 2071 604 602 2072 2072 609 607 2073 2073 608 608 2074 2074 607 609 2075 2075 610 610 2076 2076 608 608 2077 2077 609 607 2078 2078 517 519 2079 2079 610 610 2080 2080 609 607 2081 2081 119 119 2082 2082 611 611 2083 2083 121 121 2084 2084 519 517 2085 2085 611 611 2086 2086 119 119 2087 2087 117 115 2088 2088 519 517 2089 2089 119 119 2090 2090 609 607 2091 2091 613 612 2092 2092 612 613 2093 2093 614 614 2094 2094 613 612 2095 2095 609 607 2096 2096 607 609 2097 2097 614 614 2098 2098 609 607 2099 2099 503 503 2100 2100 213 213 2101 2101 615 615 2102 2102 211 211 2103 2103 213 213 2104 2104 503 503 2105 2105 230 230 2106 2106 211 211 2107 2107 503 503 2108 2108 555 555 2109 2109 346 346 2110 2110 344 344 2111 2111 616 616 2112 2112 346 346 2113 2113 555 555 2114 2114 554 554 2115 2115 616 616 2116 2116 555 555 2117 2117 574 574 2118 2118 247 247 2119 2119 245 243 2120 2120 249 249 2121 2121 247 247 2122 2122 574 574 2123 2123 251 251 2124 2124 249 249 2125 2125 574 574 2126 2126 211 211 2127 2127 545 545 2128 2128 213 213 2129 2129 617 617 2130 2130 545 545 2131 2131 211 211 2132 2132 498 498 2133 2133 617 617 2134 2134 211 211 2135 2135 620 618 2136 2136 619 619 2137 2137 618 620 2138 2138 621 621 2139 2139 619 619 2140 2140 620 618 2141 2141 622 622 2142 2142 621 621 2143 2143 620 618 2144 2144 467 467 2145 2145 160 160 2146 2146 469 469 2147 2147 162 162 2148 2148 160 160 2149 2149 467 467 2150 2150 465 465 2151 2151 162 162 2152 2152 467 467 2153 2153 624 623 2154 2154 347 349 2155 2155 623 624 2156 2156 349 347 2157 2157 347 349 2158 2158 624 623 2159 2159 350 350 2160 2160 349 347 2161 2161 624 623 2162 2162 626 625 2163 2163 625 626 2164 2164 133 133 2165 2165 627 627 2166 2166 625 626 2167 2167 626 625 2168 2168 628 628 2169 2169 627 627 2170 2170 626 625 2171 2171 626 625 2172 2172 629 629 2173 2173 628 628 2174 2174 128 129 2175 2175 629 629 2176 2176 626 625 2177 2177 129 128 2178 2178 128 129 2179 2179 626 625 2180 2180 502 502 2181 2181 630 630 2182 2182 463 463 2183 2183 500 500 2184 2184 630 630 2185 2185 502 502 2186 2186 501 501 2187 2187 500 500 2188 2188 502 502 2189 2189 631 631 2190 2190 604 602 2191 2191 602 604 2192 2192 632 632 2193 2193 604 602 2194 2194 631 631 2195 2195 606 606 2196 2196 632 632 2197 2197 631 631 2198 2198 631 631 2199 2199 605 605 2200 2200 606 606 2201 2201 603 603 2202 2202 605 605 2203 2203 631 631 2204 2204 602 604 2205 2205 603 603 2206 2206 631 631 2207 2207 626 625 2208 2208 130 130 2209 2209 129 128 2210 2210 131 131 2211 2211 130 130 2212 2212 626 625 2213 2213 132 132 2214 2214 131 131 2215 2215 626 625 2216 2216 635 633 2217 2217 634 634 2218 2218 633 635 2219 2219 636 636 2220 2220 634 634 2221 2221 635 633 2222 2222 637 637 2223 2223 636 636 2224 2224 635 633 2225 2225 638 638 2226 2226 633 635 2227 2227 634 634 2228 2228 637 637 2229 2229 633 635 2230 2230 638 638 2231 2231 636 636 2232 2232 637 637 2233 2233 638 638 2234 2234 591 591 2235 2235 639 639 2236 2236 391 391 2237 2237 640 640 2238 2238 639 639 2239 2239 591 591 2240 2240 589 589 2241 2241 640 640 2242 2242 591 591 2243 2243 494 494 2244 2244 386 387 2245 2245 549 549 2246 2246 387 386 2247 2247 386 387 2248 2248 494 494 2249 2249 388 388 2250 2250 387 386 2251 2251 494 494 2252 2252 161 161 2253 2253 157 157 2254 2254 159 159 2255 2255 641 641 2256 2256 157 157 2257 2257 161 161 2258 2258 163 163 2259 2259 641 641 2260 2260 161 161 2261 2261 150 150 2262 2262 114 114 2263 2263 113 113 2264 2264 108 108 2265 2265 114 114 2266 2266 150 150 2267 2267 106 106 2268 2268 108 108 2269 2269 150 150 2270 2270 642 642 2271 2271 510 511 2272 2272 597 597 2273 2273 511 510 2274 2274 510 511 2275 2275 642 642 2276 2276 101 103 2277 2277 511 510 2278 2278 642 642 2279 2279 644 643 2280 2280 429 429 2281 2281 643 644 2282 2282 427 427 2283 2283 429 429 2284 2284 644 643 2285 2285 426 426 2286 2286 427 427 2287 2287 644 643 2288 2288 356 356 2289 2289 450 450 2290 2290 354 354 2291 2291 449 449 2292 2292 450 450 2293 2293 356 356 2294 2294 344 344 2295 2295 449 449 2296 2296 356 356 2297 2297 471 471 2298 2298 363 363 2299 2299 381 381 2300 2300 364 364 2301 2301 363 363 2302 2302 471 471 2303 2303 473 473 2304 2304 364 364 2305 2305 471 471 2306 2306 566 645 2307 2307 570 645 2308 2308 571 645 2309 2309 567 646 2310 2310 570 646 2311 2311 566 646 2312 2312 570 647 2313 2313 568 647 2314 2314 569 647 2315 2315 567 648 2316 2316 568 648 2317 2317 570 648 2318 2318 647 649 2319 2319 646 650 2320 2320 645 651 2321 2321 648 652 2322 2322 646 650 2323 2323 647 649 2324 2324 646 650 2325 2325 650 653 2326 2326 649 654 2327 2327 648 652 2328 2328 650 653 2329 2329 646 650 2330 2330 330 330 2331 2331 408 408 2332 2332 651 655 2333 2333 331 331 2334 2334 408 408 2335 2335 330 330 2336 2336 147 147 2337 2337 143 143 2338 2338 145 145 2339 2339 148 148 2340 2340 143 143 2341 2341 147 147 2342 2342 195 197 2343 2343 534 534 2344 2344 197 195 2345 2345 328 328 2346 2346 534 534 2347 2347 195 197 2348 2348 654 656 2349 2349 653 656 2350 2350 652 656 2351 2351 655 657 2352 2352 653 657 2353 2353 654 657 2354 2354 658 658 2355 2355 657 658 2356 2356 656 658 2357 2357 659 659 2358 2358 657 659 2359 2359 658 659 2360 2360 661 660 2361 2361 659 660 2362 2362 660 660 2363 2363 657 661 2364 2364 659 661 2365 2365 661 661 2366 2366 664 662 2367 2367 663 662 2368 2368 662 662 2369 2369 665 663 2370 2370 663 663 2371 2371 664 663 2372 2372 457 459 2373 2373 536 536 2374 2374 325 326 2375 2375 458 458 2376 2376 536 536 2377 2377 457 459 2378 2378 667 664 2379 2379 666 665 2380 2380 596 596 2381 2381 668 666 2382 2382 666 665 2383 2383 667 664 2384 2384 594 592 2385 2385 668 666 2386 2386 667 664 2387 2387 592 594 2388 2388 668 666 2389 2389 594 592 2390 2390 596 596 2391 2391 593 593 2392 2392 595 595 2393 2393 666 665 2394 2394 593 593 2395 2395 596 596 2396 2396 669 667 2397 2397 213 213 2398 2398 545 545 2399 2399 615 615 2400 2400 213 213 2401 2401 669 667 2402 2402 672 668 2403 2403 671 669 2404 2404 670 670 2405 2405 673 671 2406 2406 671 669 2407 2407 672 668 2408 2408 673 671 2409 2409 674 672 2410 2410 671 669 2411 2411 675 673 2412 2412 674 672 2413 2413 673 671 2414 2414 675 673 2415 2415 676 674 2416 2416 674 672 2417 2417 677 675 2418 2418 676 674 2419 2419 675 673 2420 2420 677 675 2421 2421 678 676 2422 2422 676 674 2423 2423 679 677 2424 2424 678 676 2425 2425 677 675 2426 2426 260 262 2427 2427 266 266 2428 2428 268 268 2429 2429 261 261 2430 2430 266 266 2431 2431 260 262 2432 2432 679 677 2433 2433 680 678 2434 2434 678 676 2435 2435 681 679 2436 2436 680 678 2437 2437 679 677 2438 2438 681 679 2439 2439 670 670 2440 2440 680 678 2441 2441 672 668 2442 2442 670 670 2443 2443 681 679 2444 2444 509 509 2445 2445 578 578 2446 2446 580 580 2447 2447 508 508 2448 2448 578 578 2449 2449 509 509 2450 2450 539 538 2451 2451 566 567 2452 2452 541 541 2453 2453 538 539 2454 2454 566 567 2455 2455 539 538 2456 2456 404 404 2457 2457 494 494 2458 2458 549 549 2459 2459 403 403 2460 2460 494 494 2461 2461 404 404 2462 2462 683 680 2463 2463 181 181 2464 2464 682 681 2465 2465 183 183 2466 2466 181 181 2467 2467 683 680 2468 2468 643 644 2469 2469 684 682 2470 2470 644 643 2471 2471 682 681 2472 2472 684 682 2473 2473 643 644 2474 2474 490 490 2475 2475 685 683 2476 2476 468 468 2477 2477 491 491 2478 2478 685 683 2479 2479 490 490 2480 2480 516 516 2481 2481 483 481 2482 2482 481 483 2483 2483 514 514 2484 2484 483 481 2485 2485 516 516 2486 2486 686 684 2487 2487 541 541 2488 2488 566 567 2489 2489 571 571 2490 2490 541 541 2491 2491 686 684 2492 2492 123 123 2493 2493 126 126 2494 2494 125 125 2495 2495 121 121 2496 2496 126 126 2497 2497 123 123 2498 2498 565 565 2499 2499 378 378 2500 2500 380 380 2501 2501 386 387 2502 2502 378 378 2503 2503 565 565 2504 2504 110 110 2505 2505 114 114 2506 2506 108 108 2507 2507 112 112 2508 2508 114 114 2509 2509 110 110 2510 2510 557 557 2511 2511 402 402 2512 2512 404 404 2513 2513 409 410 2514 2514 402 402 2515 2515 557 557 2516 2516 540 540 2517 2517 415 415 2518 2518 409 410 2519 2519 422 422 2520 2520 415 415 2521 2521 540 540 2522 2522 481 483 2523 2523 515 515 2524 2524 516 516 2525 2525 482 482 2526 2526 515 515 2527 2527 481 483 2528 2528 552 552 2529 2529 420 420 2530 2530 422 422 2531 2531 380 380 2532 2532 420 420 2533 2533 552 552 2534 2534 491 491 2535 2535 242 242 2536 2536 685 683 2537 2537 497 495 2538 2538 242 242 2539 2539 491 491 2540 2540 348 348 2541 2541 100 100 2542 2542 687 685 2543 2543 99 99 2544 2544 100 100 2545 2545 348 348 2546 2546 496 496 2547 2547 688 686 2548 2548 542 542 2549 2549 503 503 2550 2550 688 686 2551 2551 496 496 2552 2552 512 512 2553 2553 483 481 2554 2554 514 514 2555 2555 485 485 2556 2556 483 481 2557 2557 512 512 2558 2558 689 687 2559 2559 623 624 2560 2560 347 349 2561 2561 85 85 2562 2562 623 624 2563 2563 689 687 2564 2564 149 149 2565 2565 143 143 2566 2566 148 148 2567 2567 151 151 2568 2568 143 143 2569 2569 149 149 2570 2570 142 144 2571 2571 151 151 2572 2572 150 150 2573 2573 143 143 2574 2574 151 151 2575 2575 142 144 2576 2576 85 85 2577 2577 690 688 2578 2578 623 624 2579 2579 87 87 2580 2580 690 688 2581 2581 85 85 2582 2582 87 87 2583 2583 691 689 2584 2584 690 688 2585 2585 89 89 2586 2586 691 689 2587 2587 87 87 2588 2588 103 101 2589 2589 601 601 2590 2590 105 105 2591 2591 101 103 2592 2592 601 601 2593 2593 103 101 2594 2594 692 690 2595 2595 101 103 2596 2596 642 642 2597 2597 601 601 2598 2598 101 103 2599 2599 692 690 2600 2600 372 372 2601 2601 365 367 2602 2602 366 366 2603 2603 371 371 2604 2604 365 367 2605 2605 372 372 2606 2606 89 89 2607 2607 693 691 2608 2608 691 689 2609 2609 91 91 2610 2610 693 691 2611 2611 89 89 2612 2612 503 503 2613 2613 694 692 2614 2614 688 686 2615 2615 615 615 2616 2616 694 692 2617 2617 503 503 2618 2618 615 615 2619 2619 695 693 2620 2620 694 692 2621 2621 669 667 2622 2622 695 693 2623 2623 615 615 2624 2624 116 116 2625 2625 608 608 2626 2626 115 117 2627 2627 607 609 2628 2628 608 608 2629 2629 116 116 2630 2630 127 127 2631 2631 607 609 2632 2632 116 116 2633 2633 614 614 2634 2634 607 609 2635 2635 127 127 2636 2636 620 618 2637 2637 614 614 2638 2638 127 127 2639 2639 618 620 2640 2640 614 614 2641 2641 620 618 2642 2642 618 620 2643 2643 613 612 2644 2644 614 614 2645 2645 619 619 2646 2646 613 612 2647 2647 618 620 2648 2648 619 619 2649 2649 612 613 2650 2650 613 612 2651 2651 621 621 2652 2652 612 613 2653 2653 619 619 2654 2654 621 621 2655 2655 696 694 2656 2656 612 613 2657 2657 622 622 2658 2658 696 694 2659 2659 621 621 2660 2660 697 695 2661 2661 127 127 2662 2662 126 126 2663 2663 620 618 2664 2664 127 127 2665 2665 697 695 2666 2666 622 622 2667 2667 126 126 2668 2668 696 694 2669 2669 697 695 2670 2670 126 126 2671 2671 622 622 2672 2672 293 295 2673 2673 297 297 2674 2674 295 293 2675 2675 299 299 2676 2676 297 297 2677 2677 293 295 2678 2678 91 91 2679 2679 698 696 2680 2680 693 691 2681 2681 93 93 2682 2682 698 696 2683 2683 91 91 2684 2684 699 697 2685 2685 517 519 2686 2686 609 607 2687 2687 519 517 2688 2688 517 519 2689 2689 699 697 2690 2690 93 93 2691 2691 352 352 2692 2692 698 696 2693 2693 95 95 2694 2694 352 352 2695 2695 93 93 2696 2696 687 685 2697 2697 689 687 2698 2698 348 348 2699 2699 84 86 2700 2700 689 687 2701 2701 687 685 2702 2702 611 611 2703 2703 126 126 2704 2704 121 121 2705 2705 696 694 2706 2706 126 126 2707 2707 611 611 2708 2708 122 122 2709 2709 118 118 2710 2710 120 120 2711 2711 124 124 2712 2712 118 118 2713 2713 122 122 2714 2714 519 517 2715 2715 696 694 2716 2716 611 611 2717 2717 699 697 2718 2718 696 694 2719 2719 519 517 2720 2720 699 697 2721 2721 612 613 2722 2722 696 694 2723 2723 609 607 2724 2724 612 613 2725 2725 699 697 2726 2726 625 626 2727 2727 19 19 2728 2728 133 133 2729 2729 17 17 2730 2730 19 19 2731 2731 625 626 2732 2732 273 273 2733 2733 269 271 2734 2734 275 275 2735 2735 271 269 2736 2736 269 271 2737 2737 273 273 2738 2738 676 698 2739 2739 671 698 2740 2740 674 698 2741 2741 678 699 2742 2742 671 699 2743 2743 676 699 2744 2744 680 700 2745 2745 671 700 2746 2746 678 700 2747 2747 670 701 2748 2748 671 701 2749 2749 680 701 2750 2750 599 702 2751 2751 597 702 2752 2752 598 702 2753 2753 600 703 2754 2754 597 703 2755 2755 599 703 2756 2756 601 704 2757 2757 597 704 2758 2758 600 704 2759 2759 692 705 2760 2760 597 705 2761 2761 601 705 2762 2762 150 150 2763 2763 111 111 2764 2764 142 144 2765 2765 113 113 2766 2766 111 111 2767 2767 150 150 2768 2768 115 706 2769 2769 520 706 2770 2770 521 706 2771 2771 608 707 2772 2772 520 707 2773 2773 115 707 2774 2774 610 708 2775 2775 520 708 2776 2776 608 708 2777 2777 517 709 2778 2778 520 709 2779 2779 610 709 2780 2780 627 627 2781 2781 17 17 2782 2782 625 626 2783 2783 15 15 2784 2784 17 17 2785 2785 627 627 2786 2786 628 628 2787 2787 15 15 2788 2788 627 627 2789 2789 13 13 2790 2790 15 15 2791 2791 628 628 2792 2792 629 629 2793 2793 13 13 2794 2794 628 628 2795 2795 11 11 2796 2796 13 13 2797 2797 629 629 2798 2798 128 129 2799 2799 11 11 2800 2800 629 629 2801 2801 9 9 2802 2802 11 11 2803 2803 128 129 2804 2804 585 585 2805 2805 700 710 2806 2806 584 586 2807 2807 587 587 2808 2808 700 710 2809 2809 585 585 2810 2810 588 588 2811 2811 700 710 2812 2812 587 587 2813 2813 584 586 2814 2814 700 710 2815 2815 588 588 2816 2816 172 172 2817 2817 226 226 2818 2818 174 174 2819 2819 170 170 2820 2820 226 226 2821 2821 172 172 2822 2822 152 154 2823 2823 545 545 2824 2824 325 326 2825 2825 669 667 2826 2826 545 545 2827 2827 152 154 2828 2828 489 489 2829 2829 468 468 2830 2830 480 480 2831 2831 490 490 2832 2832 468 468 2833 2833 489 489 2834 2834 434 432 2835 2835 438 438 2836 2836 436 436 2837 2837 432 434 2838 2838 438 438 2839 2839 434 432 2840 2840 435 435 2841 2841 701 711 2842 2842 433 433 2843 2843 437 437 2844 2844 701 711 2845 2845 435 435 2846 2846 437 437 2847 2847 440 441 2848 2848 701 711 2849 2849 439 439 2850 2850 440 441 2851 2851 437 437 2852 2852 153 153 2853 2853 669 667 2854 2854 152 154 2855 2855 695 693 2856 2856 669 667 2857 2857 153 153 2858 2858 505 505 2859 2859 164 166 2860 2860 232 232 2861 2861 166 164 2862 2862 164 166 2863 2863 505 505 2864 2864 641 641 2865 2865 238 238 2866 2866 236 236 2867 2867 163 163 2868 2868 238 238 2869 2869 641 641 2870 2870 162 162 2871 2871 238 238 2872 2872 163 163 2873 2873 465 465 2874 2874 238 238 2875 2875 162 162 2876 2876 488 488 2877 2877 220 220 2878 2878 222 222 2879 2879 360 360 2880 2880 220 220 2881 2881 488 488 2882 2882 464 464 2883 2883 451 451 2884 2884 430 430 2885 2885 462 462 2886 2886 451 451 2887 2887 464 464 2888 2888 630 630 2889 2889 461 461 2890 2890 463 463 2891 2891 353 355 2892 2892 461 461 2893 2893 630 630 2894 2894 224 224 2895 2895 488 488 2896 2896 499 499 2897 2897 702 712 2898 2898 488 488 2899 2899 224 224 2900 2900 690 688 2901 2901 624 623 2902 2902 623 624 2903 2903 691 689 2904 2904 624 623 2905 2905 690 688 2906 2906 693 691 2907 2907 624 623 2908 2908 691 689 2909 2909 698 696 2910 2910 624 623 2911 2911 693 691 2912 2912 352 352 2913 2913 624 623 2914 2914 698 696 2915 2915 351 351 2916 2916 624 623 2917 2917 352 352 2918 2918 393 393 2919 2919 591 591 2920 2920 391 391 2921 2921 395 395 2922 2922 591 591 2923 2923 393 393 2924 2924 643 644 2925 2925 456 456 2926 2926 454 454 2927 2927 429 429 2928 2928 456 456 2929 2929 643 644 2930 2930 684 682 2931 2931 175 177 2932 2932 426 426 2933 2933 177 175 2934 2934 175 177 2935 2935 684 682 2936 2936 405 406 2937 2937 337 337 2938 2938 185 185 2939 2939 336 336 2940 2940 337 337 2941 2941 405 406 2942 2942 202 202 2943 2943 185 185 2944 2944 337 337 2945 2945 204 204 2946 2946 185 185 2947 2947 202 202 2948 2948 204 204 2949 2949 184 184 2950 2950 185 185 2951 2951 205 205 2952 2952 184 184 2953 2953 204 204 2954 2954 542 542 2955 2955 239 239 2956 2956 241 241 2957 2957 688 686 2958 2958 239 239 2959 2959 542 542 2960 2960 688 686 2961 2961 237 237 2962 2962 239 239 2963 2963 694 692 2964 2964 237 237 2965 2965 688 686 2966 2966 157 157 2967 2967 234 234 2968 2968 155 155 2969 2969 641 641 2970 2970 234 234 2971 2971 157 157 2972 2972 694 692 2973 2973 235 235 2974 2974 237 237 2975 2975 695 693 2976 2976 235 235 2977 2977 694 692 2978 2978 179 179 2979 2979 682 681 2980 2980 181 181 2981 2981 177 175 2982 2982 682 681 2983 2983 179 179 2984 2984 683 680 2985 2985 405 406 2986 2986 185 185 2987 2987 406 405 2988 2988 405 406 2989 2989 683 680 2990 2990 685 683 2991 2991 466 466 2992 2992 468 468 2993 2993 242 242 2994 2994 466 466 2995 2995 685 683 2996 2996 455 455 2997 2997 338 340 2998 2998 339 339 2999 2999 456 456 3000 3000 338 340 3001 3001 455 455 3002 3002 431 431 3003 3003 456 456 3004 3004 429 429 3005 3005 338 340 3006 3006 456 456 3007 3007 431 431 3008 3008 392 390 3009 3009 355 353 3010 3010 353 355 3011 3011 390 392 3012 3012 355 353 3013 3013 392 390 3014 3014 361 361 3015 3015 381 381 3016 3016 363 363 3017 3017 205 205 3018 3018 381 381 3019 3019 361 361 3020 3020 357 357 3021 3021 390 392 3022 3022 359 359 3023 3023 355 353 3024 3024 390 392 3025 3025 357 357 3026 3026 390 392 3027 3027 639 639 3028 3028 359 359 3029 3029 391 391 3030 3030 639 639 3031 3031 390 392 3032 3032 395 395 3033 3033 590 590 3034 3034 591 591 3035 3035 397 397 3036 3036 590 590 3037 3037 395 395 3038 3038 630 630 3039 3039 392 390 3040 3040 353 355 3041 3041 500 500 3042 3042 392 390 3043 3043 630 630 3044 3044 583 583 3045 3045 616 616 3046 3046 480 480 3047 3047 345 345 3048 3048 616 616 3049 3049 583 583 3050 3050 327 327 3051 3051 651 655 3052 3052 152 154 3053 3053 329 329 3054 3054 651 655 3055 3055 327 327 3056 3056 337 337 3057 3057 200 200 3058 3058 202 202 3059 3059 335 335 3060 3060 200 200 3061 3061 337 337 3062 3062 335 335 3063 3063 198 198 3064 3064 200 200 3065 3065 333 333 3066 3066 198 198 3067 3067 335 335 3068 3068 383 383 3069 3069 381 381 3070 3070 382 382 3071 3071 385 385 3072 3072 381 381 3073 3073 383 383 3074 3074 201 201 3075 3075 533 533 3076 3076 384 384 3077 3077 199 199 3078 3078 533 533 3079 3079 201 201 3080 3080 199 199 3081 3081 535 535 3082 3082 533 533 3083 3083 197 195 3084 3084 535 535 3085 3085 199 199 3086 3086 286 286 3087 3087 290 290 3088 3088 292 292 3089 3089 288 288 3090 3090 290 290 3091 3091 286 286 3092 3092 480 480 3093 3093 554 554 3094 3094 360 360 3095 3095 616 616 3096 3096 554 554 3097 3097 480 480 3098 3098 257 257 3099 3099 253 253 3100 3100 255 255 3101 3101 259 259 3102 3102 253 253 3103 3103 257 257 3104 3104 568 713 3105 3105 576 713 3106 3106 569 713 3107 3107 577 714 3108 3108 576 714 3109 3109 568 714 3110 3110 194 194 3111 3111 193 193 3112 3112 192 192 3113 3113 439 439 3114 3114 445 445 3115 3115 443 443 3116 3116 648 652 3117 3117 703 715 3118 3118 650 653 3119 3119 647 649 3120 3120 704 716 3121 3121 648 652 3122 3122 534 534 3123 3123 328 328 3124 3124 326 325 3125 3125 566 717 3126 3126 571 717 3127 3127 686 717 3128 3128 576 718 3129 3129 577 718 3130 3130 575 718 3131 3131 104 104 3132 3132 106 106 3133 3133 150 150 3134 3134 689 687 3135 3135 347 349 3136 3136 348 348 3137 3137 85 85 3138 3138 689 687 3139 3139 84 86 3140 3140 586 584 3141 3141 584 586 3142 3142 588 588 3143 3143 211 211 3144 3144 230 230 3145 3145 209 209 3146 3146 213 213 3147 3147 215 215 3148 3148 545 545 3149 3149 224 224 3150 3150 170 170 3151 3151 168 168 3152 3152 218 218 3153 3153 220 220 3154 3154 360 360 3155 3155 406 405 3156 3156 683 680 3157 3157 682 681 3158 3158 684 682 3159 3159 682 681 3160 3160 177 175 3161 3161 684 682 3162 3162 426 426 3163 3163 644 643 3164 3164 683 680 3165 3165 185 185 3166 3166 183 183 3167 3167 590 590 3168 3168 397 397 3169 3169 459 457 3170 3170 196 196 3171 3171 198 198 3172 3172 333 333 3173 3173 682 681 3174 3174 643 644 3175 3175 454 454 3176 3176 345 345 3177 3177 346 346 3178 3178 616 616 3179 3179 594 592 3180 3180 667 664 3181 3181 596 596 3182 3182 262 260 3183 3183 579 579 3184 3184 264 264 3185 3185 107 107 3186 3186 111 111 3187 3187 109 109 3188 3188 330 330 3189 3189 651 655 3190 3190 329 329 3191 3191 620 618 3192 3192 697 695 3193 3193 622 622 3194 3194 604 602 3195 3195 632 632 3196 3196 606 606 3197 3197 692 719 3198 3198 642 719 3199 3199 597 719 3200 3200 517 720 3201 3201 518 720 3202 3202 520 720 3203 3203 118 118 3204 3204 124 124 3205 3205 116 116 3206 3206 246 246 3207 3207 248 248 3208 3208 250 250 3209 3209 351 351 3210 3210 350 350 3211 3211 624 623 3212 3212 132 132 3213 3213 626 625 3214 3214 133 133 3215 3215 637 637 3216 3216 635 633 3217 3217 633 635 3218 3218 638 638 3219 3219 634 634 3220 3220 636 636 3221 3221 234 234 3222 3222 641 641 3223 3223 236 236 3224 3224 695 693 3225 3225 153 153 3226 3226 235 235 3227 3227 242 242 3228 3228 240 240 3229 3229 466 466 3230 3230 134 136 3231 3231 138 138 3232 3232 136 134 3233 3233 141 141 3234 3234 139 139 3235 3235 140 140 3236 3236</p>
        </triangles>
      </mesh>
    </geometry>
  </library_geometries>
  <library_controllers>
    <controller id="Armature_polygon3-skin" name="Armature">
      <skin source="#polygon3-mesh">
        <bind_shape_matrix>1 0 0 0 0 1 -1.42109e-14 0 0 1.42109e-14 1 0 0 0 0 1</bind_shape_matrix>
        <source id="Armature_polygon3-skin-joints">
          <Name_array id="Armature_polygon3-skin-joints-array" count="1">sd_bike_all</Name_array>
          <technique_common>
            <accessor source="#Armature_polygon3-skin-joints-array" count="1" stride="1">
              <param name="JOINT" type="name"/>
            </accessor>
          </technique_common>
        </source>
        <source id="Armature_polygon3-skin-bind_poses">
          <float_array id="Armature_polygon3-skin-bind_poses-array" count="16">100 0 0 0 0 -1.62921e-5 100 0 0 -100 -1.62921e-5 0 0 0 0 1</float_array>
          <technique_common>
            <accessor source="#Armature_polygon3-skin-bind_poses-array" count="1" stride="16">
              <param name="TRANSFORM" type="float4x4"/>
            </accessor>
          </technique_common>
        </source>
        <source id="Armature_polygon3-skin-weights">
          <float_array id="Armature_polygon3-skin-weights-array" count="20">1 1 1 1 1 1 1 1 1 1 1 1 1 1 1 1 1 1 1 1</float_array>
          <technique_common>
            <accessor source="#Armature_polygon3-skin-weights-array" count="20" stride="1">
              <param name="WEIGHT" type="float"/>
            </accessor>
          </technique_common>
        </source>
        <joints>
          <input semantic="JOINT" source="#Armature_polygon3-skin-joints"/>
          <input semantic="INV_BIND_MATRIX" source="#Armature_polygon3-skin-bind_poses"/>
        </joints>
        <vertex_weights count="20">
          <input semantic="JOINT" source="#Armature_polygon3-skin-joints" offset="0"/>
          <input semantic="WEIGHT" source="#Armature_polygon3-skin-weights" offset="1"/>
          <vcount>1 1 1 1 1 1 1 1 1 1 1 1 1 1 1 1 1 1 1 1 </vcount>
          <v>0 0 0 1 0 2 0 3 0 4 0 5 0 6 0 7 0 8 0 9 0 10 0 11 0 12 0 13 0 14 0 15 0 16 0 17 0 18 0 19</v>
        </vertex_weights>
      </skin>
    </controller>
    <controller id="Armature_polygon2-skin" name="Armature">
      <skin source="#polygon2-mesh">
        <bind_shape_matrix>1 0 0 0 0 1 -1.42109e-14 0 0 1.42109e-14 1 0 0 0 0 1</bind_shape_matrix>
        <source id="Armature_polygon2-skin-joints">
          <Name_array id="Armature_polygon2-skin-joints-array" count="1">sd_bike_all</Name_array>
          <technique_common>
            <accessor source="#Armature_polygon2-skin-joints-array" count="1" stride="1">
              <param name="JOINT" type="name"/>
            </accessor>
          </technique_common>
        </source>
        <source id="Armature_polygon2-skin-bind_poses">
          <float_array id="Armature_polygon2-skin-bind_poses-array" count="16">100 0 0 0 0 -1.62921e-5 100 0 0 -100 -1.62921e-5 0 0 0 0 1</float_array>
          <technique_common>
            <accessor source="#Armature_polygon2-skin-bind_poses-array" count="1" stride="16">
              <param name="TRANSFORM" type="float4x4"/>
            </accessor>
          </technique_common>
        </source>
        <source id="Armature_polygon2-skin-weights">
          <float_array id="Armature_polygon2-skin-weights-array" count="160">1 1 1 1 1 1 1 1 1 1 1 1 1 1 1 1 1 1 1 1 1 1 1 1 1 1 1 1 1 1 1 1 1 1 1 1 1 1 1 1 1 1 1 1 1 1 1 1 1 1 1 1 1 1 1 1 1 1 1 1 1 1 1 1 1 1 1 1 1 1 1 1 1 1 1 1 1 1 1 1 1 1 1 1 1 1 1 1 1 1 1 1 1 1 1 1 1 1 1 1 1 1 1 1 1 1 1 1 1 1 1 1 1 1 1 1 1 1 1 1 1 1 1 1 1 1 1 1 1 1 1 1 1 1 1 1 1 1 1 1 1 1 1 1 1 1 1 1 1 1 1 1 1 1 1 1 1 1 1 1</float_array>
          <technique_common>
            <accessor source="#Armature_polygon2-skin-weights-array" count="160" stride="1">
              <param name="WEIGHT" type="float"/>
            </accessor>
          </technique_common>
        </source>
        <joints>
          <input semantic="JOINT" source="#Armature_polygon2-skin-joints"/>
          <input semantic="INV_BIND_MATRIX" source="#Armature_polygon2-skin-bind_poses"/>
        </joints>
        <vertex_weights count="160">
          <input semantic="JOINT" source="#Armature_polygon2-skin-joints" offset="0"/>
          <input semantic="WEIGHT" source="#Armature_polygon2-skin-weights" offset="1"/>
          <vcount>1 1 1 1 1 1 1 1 1 1 1 1 1 1 1 1 1 1 1 1 1 1 1 1 1 1 1 1 1 1 1 1 1 1 1 1 1 1 1 1 1 1 1 1 1 1 1 1 1 1 1 1 1 1 1 1 1 1 1 1 1 1 1 1 1 1 1 1 1 1 1 1 1 1 1 1 1 1 1 1 1 1 1 1 1 1 1 1 1 1 1 1 1 1 1 1 1 1 1 1 1 1 1 1 1 1 1 1 1 1 1 1 1 1 1 1 1 1 1 1 1 1 1 1 1 1 1 1 1 1 1 1 1 1 1 1 1 1 1 1 1 1 1 1 1 1 1 1 1 1 1 1 1 1 1 1 1 1 1 1 </vcount>
          <v>0 0 0 1 0 2 0 3 0 4 0 5 0 6 0 7 0 8 0 9 0 10 0 11 0 12 0 13 0 14 0 15 0 16 0 17 0 18 0 19 0 20 0 21 0 22 0 23 0 24 0 25 0 26 0 27 0 28 0 29 0 30 0 31 0 32 0 33 0 34 0 35 0 36 0 37 0 38 0 39 0 40 0 41 0 42 0 43 0 44 0 45 0 46 0 47 0 48 0 49 0 50 0 51 0 52 0 53 0 54 0 55 0 56 0 57 0 58 0 59 0 60 0 61 0 62 0 63 0 64 0 65 0 66 0 67 0 68 0 69 0 70 0 71 0 72 0 73 0 74 0 75 0 76 0 77 0 78 0 79 0 80 0 81 0 82 0 83 0 84 0 85 0 86 0 87 0 88 0 89 0 90 0 91 0 92 0 93 0 94 0 95 0 96 0 97 0 98 0 99 0 100 0 101 0 102 0 103 0 104 0 105 0 106 0 107 0 108 0 109 0 110 0 111 0 112 0 113 0 114 0 115 0 116 0 117 0 118 0 119 0 120 0 121 0 122 0 123 0 124 0 125 0 126 0 127 0 128 0 129 0 130 0 131 0 132 0 133 0 134 0 135 0 136 0 137 0 138 0 139 0 140 0 141 0 142 0 143 0 144 0 145 0 146 0 147 0 148 0 149 0 150 0 151 0 152 0 153 0 154 0 155 0 156 0 157 0 158 0 159</v>
        </vertex_weights>
      </skin>
    </controller>
    <controller id="Armature_polygon1-skin" name="Armature">
      <skin source="#polygon1-mesh">
        <bind_shape_matrix>1 0 0 0 0 1 -1.42109e-14 0 0 1.42109e-14 1 0 0 0 0 1</bind_shape_matrix>
        <source id="Armature_polygon1-skin-joints">
          <Name_array id="Armature_polygon1-skin-joints-array" count="1">sd_bike_all</Name_array>
          <technique_common>
            <accessor source="#Armature_polygon1-skin-joints-array" count="1" stride="1">
              <param name="JOINT" type="name"/>
            </accessor>
          </technique_common>
        </source>
        <source id="Armature_polygon1-skin-bind_poses">
          <float_array id="Armature_polygon1-skin-bind_poses-array" count="16">100 0 0 0 0 -1.62921e-5 100 0 0 -100 -1.62921e-5 0 0 0 0 1</float_array>
          <technique_common>
            <accessor source="#Armature_polygon1-skin-bind_poses-array" count="1" stride="16">
              <param name="TRANSFORM" type="float4x4"/>
            </accessor>
          </technique_common>
        </source>
        <source id="Armature_polygon1-skin-weights">
          <float_array id="Armature_polygon1-skin-weights-array" count="68">1 1 1 1 1 1 1 1 1 1 1 1 1 1 1 1 1 1 1 1 1 1 1 1 1 1 1 1 1 1 1 1 1 1 1 1 1 1 1 1 1 1 1 1 1 1 1 1 1 1 1 1 1 1 1 1 1 1 1 1 1 1 1 1 1 1 1 1</float_array>
          <technique_common>
            <accessor source="#Armature_polygon1-skin-weights-array" count="68" stride="1">
              <param name="WEIGHT" type="float"/>
            </accessor>
          </technique_common>
        </source>
        <joints>
          <input semantic="JOINT" source="#Armature_polygon1-skin-joints"/>
          <input semantic="INV_BIND_MATRIX" source="#Armature_polygon1-skin-bind_poses"/>
        </joints>
        <vertex_weights count="68">
          <input semantic="JOINT" source="#Armature_polygon1-skin-joints" offset="0"/>
          <input semantic="WEIGHT" source="#Armature_polygon1-skin-weights" offset="1"/>
          <vcount>1 1 1 1 1 1 1 1 1 1 1 1 1 1 1 1 1 1 1 1 1 1 1 1 1 1 1 1 1 1 1 1 1 1 1 1 1 1 1 1 1 1 1 1 1 1 1 1 1 1 1 1 1 1 1 1 1 1 1 1 1 1 1 1 1 1 1 1 </vcount>
          <v>0 0 0 1 0 2 0 3 0 4 0 5 0 6 0 7 0 8 0 9 0 10 0 11 0 12 0 13 0 14 0 15 0 16 0 17 0 18 0 19 0 20 0 21 0 22 0 23 0 24 0 25 0 26 0 27 0 28 0 29 0 30 0 31 0 32 0 33 0 34 0 35 0 36 0 37 0 38 0 39 0 40 0 41 0 42 0 43 0 44 0 45 0 46 0 47 0 48 0 49 0 50 0 51 0 52 0 53 0 54 0 55 0 56 0 57 0 58 0 59 0 60 0 61 0 62 0 63 0 64 0 65 0 66 0 67</v>
        </vertex_weights>
      </skin>
    </controller>
    <controller id="Armature_polygon0-skin" name="Armature">
      <skin source="#polygon0-mesh">
        <bind_shape_matrix>1 0 0 0 0 1 -1.42109e-14 0 0 1.42109e-14 1 0 0 0 0 1</bind_shape_matrix>
        <source id="Armature_polygon0-skin-joints">
          <Name_array id="Armature_polygon0-skin-joints-array" count="1">sd_bike_all</Name_array>
          <technique_common>
            <accessor source="#Armature_polygon0-skin-joints-array" count="1" stride="1">
              <param name="JOINT" type="name"/>
            </accessor>
          </technique_common>
        </source>
        <source id="Armature_polygon0-skin-bind_poses">
          <float_array id="Armature_polygon0-skin-bind_poses-array" count="16">100 0 0 0 0 -1.62921e-5 100 0 0 -100 -1.62921e-5 0 0 0 0 1</float_array>
          <technique_common>
            <accessor source="#Armature_polygon0-skin-bind_poses-array" count="1" stride="16">
              <param name="TRANSFORM" type="float4x4"/>
            </accessor>
          </technique_common>
        </source>
        <source id="Armature_polygon0-skin-weights">
          <float_array id="Armature_polygon0-skin-weights-array" count="705">1 1 1 1 1 1 1 1 1 1 1 1 1 1 1 1 1 1 1 1 1 1 1 1 1 1 1 1 1 1 1 1 1 1 1 1 1 1 1 1 1 1 1 1 1 1 1 1 1 1 1 1 1 1 1 1 1 1 1 1 1 1 1 1 1 1 1 1 1 1 1 1 1 1 1 1 1 1 1 1 1 1 1 1 1 1 1 1 1 1 1 1 1 1 1 1 1 1 1 1 1 1 1 1 1 1 1 1 1 1 1 1 1 1 1 1 1 1 1 1 1 1 1 1 1 1 1 1 1 1 1 1 1 1 1 1 1 1 1 1 1 1 1 1 1 1 1 1 1 1 1 1 1 1 1 1 1 1 1 1 1 1 1 1 1 1 1 1 1 1 1 1 1 1 1 1 1 1 1 1 1 1 1 1 1 1 1 1 1 1 1 1 1 1 1 1 1 1 1 1 1 1 1 1 1 1 1 1 1 1 1 1 1 1 1 1 1 1 1 1 1 1 1 1 1 1 1 1 1 1 1 1 1 1 1 1 1 1 1 1 1 1 1 1 1 1 1 1 1 1 1 1 1 1 1 1 1 1 1 1 1 1 1 1 1 1 1 1 1 1 1 1 1 1 1 1 1 1 1 1 1 1 1 1 1 1 1 1 1 1 1 1 1 1 1 1 1 1 1 1 1 1 1 1 1 1 1 1 1 1 1 1 1 1 1 1 1 1 1 1 1 1 1 1 1 1 1 1 1 1 1 1 1 1 1 1 1 1 1 1 1 1 1 1 1 1 1 1 1 1 1 1 1 1 1 1 1 1 1 1 1 1 1 1 1 1 1 1 1 1 1 1 1 1 1 1 1 1 1 1 1 1 1 1 1 1 1 1 1 1 1 1 1 1 1 1 1 1 1 1 1 1 1 1 1 1 1 1 1 1 1 1 1 1 1 1 1 1 1 1 1 1 1 1 1 1 1 1 1 1 1 1 1 1 1 1 1 1 1 1 1 1 1 1 1 1 1 1 1 1 1 1 1 1 1 1 1 1 1 1 1 1 1 1 1 1 1 1 1 1 1 1 1 1 1 1 1 1 1 1 1 1 1 1 1 1 1 1 1 1 1 1 1 1 1 1 1 1 1 1 1 1 1 1 1 1 1 1 1 1 1 1 1 1 1 1 1 1 1 1 1 1 1 1 1 1 1 1 1 1 1 1 1 1 1 1 1 1 1 1 1 1 1 1 1 1 1 1 1 1 1 1 1 1 1 1 1 1 1 1 1 1 1 1 1 1 1 1 1 1 1 1 1 1 1 1 1 1 1 1 1 1 1 1 1 1 1 1 1 1 1 1 1 1 1 1 1 1 1 1 1 1 1 1 1 1 1 1 1 1 1 1 1 1 1 1 1 1 1 1 1 1 1 1 1 1 1 1 1 1 1 1 1 1 1 1 1 1 1 1 1 1 1 1 1 1 1 1 1 1 1 1 1 1 1 1 1 1 1 1 1 1 1 1 1 1 1 1 1 1 1 1 1 1 1 1 1 1 1 1 1 1 1 1 1 1 1 1 1 1 1 1 1 1 1 1 1 1 1 1 1 1 1 1 1</float_array>
          <technique_common>
            <accessor source="#Armature_polygon0-skin-weights-array" count="705" stride="1">
              <param name="WEIGHT" type="float"/>
            </accessor>
          </technique_common>
        </source>
        <joints>
          <input semantic="JOINT" source="#Armature_polygon0-skin-joints"/>
          <input semantic="INV_BIND_MATRIX" source="#Armature_polygon0-skin-bind_poses"/>
        </joints>
        <vertex_weights count="705">
          <input semantic="JOINT" source="#Armature_polygon0-skin-joints" offset="0"/>
          <input semantic="WEIGHT" source="#Armature_polygon0-skin-weights" offset="1"/>
          <vcount>1 1 1 1 1 1 1 1 1 1 1 1 1 1 1 1 1 1 1 1 1 1 1 1 1 1 1 1 1 1 1 1 1 1 1 1 1 1 1 1 1 1 1 1 1 1 1 1 1 1 1 1 1 1 1 1 1 1 1 1 1 1 1 1 1 1 1 1 1 1 1 1 1 1 1 1 1 1 1 1 1 1 1 1 1 1 1 1 1 1 1 1 1 1 1 1 1 1 1 1 1 1 1 1 1 1 1 1 1 1 1 1 1 1 1 1 1 1 1 1 1 1 1 1 1 1 1 1 1 1 1 1 1 1 1 1 1 1 1 1 1 1 1 1 1 1 1 1 1 1 1 1 1 1 1 1 1 1 1 1 1 1 1 1 1 1 1 1 1 1 1 1 1 1 1 1 1 1 1 1 1 1 1 1 1 1 1 1 1 1 1 1 1 1 1 1 1 1 1 1 1 1 1 1 1 1 1 1 1 1 1 1 1 1 1 1 1 1 1 1 1 1 1 1 1 1 1 1 1 1 1 1 1 1 1 1 1 1 1 1 1 1 1 1 1 1 1 1 1 1 1 1 1 1 1 1 1 1 1 1 1 1 1 1 1 1 1 1 1 1 1 1 1 1 1 1 1 1 1 1 1 1 1 1 1 1 1 1 1 1 1 1 1 1 1 1 1 1 1 1 1 1 1 1 1 1 1 1 1 1 1 1 1 1 1 1 1 1 1 1 1 1 1 1 1 1 1 1 1 1 1 1 1 1 1 1 1 1 1 1 1 1 1 1 1 1 1 1 1 1 1 1 1 1 1 1 1 1 1 1 1 1 1 1 1 1 1 1 1 1 1 1 1 1 1 1 1 1 1 1 1 1 1 1 1 1 1 1 1 1 1 1 1 1 1 1 1 1 1 1 1 1 1 1 1 1 1 1 1 1 1 1 1 1 1 1 1 1 1 1 1 1 1 1 1 1 1 1 1 1 1 1 1 1 1 1 1 1 1 1 1 1 1 1 1 1 1 1 1 1 1 1 1 1 1 1 1 1 1 1 1 1 1 1 1 1 1 1 1 1 1 1 1 1 1 1 1 1 1 1 1 1 1 1 1 1 1 1 1 1 1 1 1 1 1 1 1 1 1 1 1 1 1 1 1 1 1 1 1 1 1 1 1 1 1 1 1 1 1 1 1 1 1 1 1 1 1 1 1 1 1 1 1 1 1 1 1 1 1 1 1 1 1 1 1 1 1 1 1 1 1 1 1 1 1 1 1 1 1 1 1 1 1 1 1 1 1 1 1 1 1 1 1 1 1 1 1 1 1 1 1 1 1 1 1 1 1 1 1 1 1 1 1 1 1 1 1 1 1 1 1 1 1 1 1 1 1 1 1 1 1 1 1 1 1 1 1 1 1 1 1 1 1 1 1 1 1 1 1 1 1 1 1 1 1 1 1 1 1 1 1 1 1 1 1 1 1 1 1 1 1 1 1 1 1 1 1 1 1 1 1 1 1 1 1 1 1 1 1 1 1 1 1 1 1 1 1 1 1 1 1 1 1 1 1 1 1 1 1 1 1 1 1 1 1 1 1 1 1 1 1 1 1 1 1 </vcount>
          <v>0 0 0 1 0 2 0 3 0 4 0 5 0 6 0 7 0 8 0 9 0 10 0 11 0 12 0 13 0 14 0 15 0 16 0 17 0 18 0 19 0 20 0 21 0 22 0 23 0 24 0 25 0 26 0 27 0 28 0 29 0 30 0 31 0 32 0 33 0 34 0 35 0 36 0 37 0 38 0 39 0 40 0 41 0 42 0 43 0 44 0 45 0 46 0 47 0 48 0 49 0 50 0 51 0 52 0 53 0 54 0 55 0 56 0 57 0 58 0 59 0 60 0 61 0 62 0 63 0 64 0 65 0 66 0 67 0 68 0 69 0 70 0 71 0 72 0 73 0 74 0 75 0 76 0 77 0 78 0 79 0 80 0 81 0 82 0 83 0 84 0 85 0 86 0 87 0 88 0 89 0 90 0 91 0 92 0 93 0 94 0 95 0 96 0 97 0 98 0 99 0 100 0 101 0 102 0 103 0 104 0 105 0 106 0 107 0 108 0 109 0 110 0 111 0 112 0 113 0 114 0 115 0 116 0 117 0 118 0 119 0 120 0 121 0 122 0 123 0 124 0 125 0 126 0 127 0 128 0 129 0 130 0 131 0 132 0 133 0 134 0 135 0 136 0 137 0 138 0 139 0 140 0 141 0 142 0 143 0 144 0 145 0 146 0 147 0 148 0 149 0 150 0 151 0 152 0 153 0 154 0 155 0 156 0 157 0 158 0 159 0 160 0 161 0 162 0 163 0 164 0 165 0 166 0 167 0 168 0 169 0 170 0 171 0 172 0 173 0 174 0 175 0 176 0 177 0 178 0 179 0 180 0 181 0 182 0 183 0 184 0 185 0 186 0 187 0 188 0 189 0 190 0 191 0 192 0 193 0 194 0 195 0 196 0 197 0 198 0 199 0 200 0 201 0 202 0 203 0 204 0 205 0 206 0 207 0 208 0 209 0 210 0 211 0 212 0 213 0 214 0 215 0 216 0 217 0 218 0 219 0 220 0 221 0 222 0 223 0 224 0 225 0 226 0 227 0 228 0 229 0 230 0 231 0 232 0 233 0 234 0 235 0 236 0 237 0 238 0 239 0 240 0 241 0 242 0 243 0 244 0 245 0 246 0 247 0 248 0 249 0 250 0 251 0 252 0 253 0 254 0 255 0 256 0 257 0 258 0 259 0 260 0 261 0 262 0 263 0 264 0 265 0 266 0 267 0 268 0 269 0 270 0 271 0 272 0 273 0 274 0 275 0 276 0 277 0 278 0 279 0 280 0 281 0 282 0 283 0 284 0 285 0 286 0 287 0 288 0 289 0 290 0 291 0 292 0 293 0 294 0 295 0 296 0 297 0 298 0 299 0 300 0 301 0 302 0 303 0 304 0 305 0 306 0 307 0 308 0 309 0 310 0 311 0 312 0 313 0 314 0 315 0 316 0 317 0 318 0 319 0 320 0 321 0 322 0 323 0 324 0 325 0 326 0 327 0 328 0 329 0 330 0 331 0 332 0 333 0 334 0 335 0 336 0 337 0 338 0 339 0 340 0 341 0 342 0 343 0 344 0 345 0 346 0 347 0 348 0 349 0 350 0 351 0 352 0 353 0 354 0 355 0 356 0 357 0 358 0 359 0 360 0 361 0 362 0 363 0 364 0 365 0 366 0 367 0 368 0 369 0 370 0 371 0 372 0 373 0 374 0 375 0 376 0 377 0 378 0 379 0 380 0 381 0 382 0 383 0 384 0 385 0 386 0 387 0 388 0 389 0 390 0 391 0 392 0 393 0 394 0 395 0 396 0 397 0 398 0 399 0 400 0 401 0 402 0 403 0 404 0 405 0 406 0 407 0 408 0 409 0 410 0 411 0 412 0 413 0 414 0 415 0 416 0 417 0 418 0 419 0 420 0 421 0 422 0 423 0 424 0 425 0 426 0 427 0 428 0 429 0 430 0 431 0 432 0 433 0 434 0 435 0 436 0 437 0 438 0 439 0 440 0 441 0 442 0 443 0 444 0 445 0 446 0 447 0 448 0 449 0 450 0 451 0 452 0 453 0 454 0 455 0 456 0 457 0 458 0 459 0 460 0 461 0 462 0 463 0 464 0 465 0 466 0 467 0 468 0 469 0 470 0 471 0 472 0 473 0 474 0 475 0 476 0 477 0 478 0 479 0 480 0 481 0 482 0 483 0 484 0 485 0 486 0 487 0 488 0 489 0 490 0 491 0 492 0 493 0 494 0 495 0 496 0 497 0 498 0 499 0 500 0 501 0 502 0 503 0 504 0 505 0 506 0 507 0 508 0 509 0 510 0 511 0 512 0 513 0 514 0 515 0 516 0 517 0 518 0 519 0 520 0 521 0 522 0 523 0 524 0 525 0 526 0 527 0 528 0 529 0 530 0 531 0 532 0 533 0 534 0 535 0 536 0 537 0 538 0 539 0 540 0 541 0 542 0 543 0 544 0 545 0 546 0 547 0 548 0 549 0 550 0 551 0 552 0 553 0 554 0 555 0 556 0 557 0 558 0 559 0 560 0 561 0 562 0 563 0 564 0 565 0 566 0 567 0 568 0 569 0 570 0 571 0 572 0 573 0 574 0 575 0 576 0 577 0 578 0 579 0 580 0 581 0 582 0 583 0 584 0 585 0 586 0 587 0 588 0 589 0 590 0 591 0 592 0 593 0 594 0 595 0 596 0 597 0 598 0 599 0 600 0 601 0 602 0 603 0 604 0 605 0 606 0 607 0 608 0 609 0 610 0 611 0 612 0 613 0 614 0 615 0 616 0 617 0 618 0 619 0 620 0 621 0 622 0 623 0 624 0 625 0 626 0 627 0 628 0 629 0 630 0 631 0 632 0 633 0 634 0 635 0 636 0 637 0 638 0 639 0 640 0 641 0 642 0 643 0 644 0 645 0 646 0 647 0 648 0 649 0 650 0 651 0 652 0 653 0 654 0 655 0 656 0 657 0 658 0 659 0 660 0 661 0 662 0 663 0 664 0 665 0 666 0 667 0 668 0 669 0 670 0 671 0 672 0 673 0 674 0 675 0 676 0 677 0 678 0 679 0 680 0 681 0 682 0 683 0 684 0 685 0 686 0 687 0 688 0 689 0 690 0 691 0 692 0 693 0 694 0 695 0 696 0 697 0 698 0 699 0 700 0 701 0 702 0 703 0 704</v>
        </vertex_weights>
      </skin>
    </controller>
  </library_controllers>
  <library_visual_scenes>
    <visual_scene id="Scene" name="Scene">
      <node id="Armature" name="Armature" type="NODE">
        <matrix sid="transform">0.01 0 0 0 0 -1.62921e-9 -0.01 0 0 0.01 -1.62921e-9 0 0 0 0 1</matrix>
        <node id="Armature_sd_bike_all" name="sd_bike_all" sid="sd_bike_all" type="JOINT">
          <matrix sid="transform">1 0 0 0 0 1 0 0 0 0 1 0 0 0 0 1</matrix>
          <extra>
            <technique profile="blender">
              <layer sid="layer" type="string">0</layer>
              <tip_x sid="tip_x" type="float">0</tip_x>
              <tip_y sid="tip_y" type="float">1</tip_y>
              <tip_z sid="tip_z" type="float">0</tip_z>
            </technique>
          </extra>
        </node>
        <node id="polygon0" name="polygon0" type="NODE">
          <matrix sid="transform">1 0 0 0 0 1 0 0 0 0 1 0 0 0 0 1</matrix>
          <instance_controller url="#Armature_polygon0-skin">
            <skeleton>#Armature_sd_bike_all</skeleton>
            <bind_material>
              <technique_common>
                <instance_material symbol="mat_bike_body-material" target="#mat_bike_body-material">
                  <bind_vertex_input semantic="polygon0_UVs0" input_semantic="TEXCOORD" input_set="0"/>
                </instance_material>
              </technique_common>
            </bind_material>
          </instance_controller>
        </node>
        <node id="polygon1" name="polygon1" type="NODE">
          <matrix sid="transform">1 0 0 0 0 1 0 0 0 0 1 0 0 0 0 1</matrix>
          <instance_controller url="#Armature_polygon1-skin">
            <skeleton>#Armature_sd_bike_all</skeleton>
            <bind_material>
              <technique_common>
                <instance_material symbol="mat_screen-material" target="#mat_screen-material">
                  <bind_vertex_input semantic="polygon1_UVs0" input_semantic="TEXCOORD" input_set="0"/>
                </instance_material>
              </technique_common>
            </bind_material>
          </instance_controller>
        </node>
        <node id="polygon2" name="polygon2" type="NODE">
          <matrix sid="transform">1 0 0 0 0 1 0 0 0 0 1 0 0 0 0 1</matrix>
          <instance_controller url="#Armature_polygon2-skin">
            <skeleton>#Armature_sd_bike_all</skeleton>
            <bind_material>
              <technique_common>
                <instance_material symbol="mat_tire-material" target="#mat_tire-material">
                  <bind_vertex_input semantic="polygon2_UVs0" input_semantic="TEXCOORD" input_set="0"/>
                </instance_material>
              </technique_common>
            </bind_material>
          </instance_controller>
        </node>
        <node id="polygon3" name="polygon3" type="NODE">
          <matrix sid="transform">1 0 0 0 0 1 0 0 0 0 1 0 0 0 0 1</matrix>
          <instance_controller url="#Armature_polygon3-skin">
            <skeleton>#Armature_sd_bike_all</skeleton>
            <bind_material>
              <technique_common>
                <instance_material symbol="mat_tire_rim-material" target="#mat_tire_rim-material">
                  <bind_vertex_input semantic="polygon3_UVs0" input_semantic="TEXCOORD" input_set="0"/>
                </instance_material>
              </technique_common>
            </bind_material>
          </instance_controller>
        </node>
      </node>
    </visual_scene>
  </library_visual_scenes>
  <scene>
    <instance_visual_scene url="#Scene"/>
  </scene>
</COLLADA>