<?xml version="1.0" encoding="utf-8"?>
<COLLADA xmlns="http://www.collada.org/2005/11/COLLADASchema" version="1.4.1" xmlns:xsi="http://www.w3.org/2001/XMLSchema-instance">
  <asset>
    <contributor>
      <author>Blender User</author>
      <authoring_tool>Blender 3.4.1 commit date:2022-12-19, commit time:17:00, hash:55485cb379f7</authoring_tool>
    </contributor>
    <created>2023-02-05T08:18:18</created>
    <modified>2023-02-05T08:18:18</modified>
    <unit name="meter" meter="1"/>
    <up_axis>Z_UP</up_axis>
  </asset>
  <library_effects>
    <effect id="mat_tire_rim-effect">
      <profile_COMMON>
        <newparam sid="lc_kart_tire_png-surface">
          <surface type="2D">
            <init_from>lc_kart_tire_png</init_from>
          </surface>
        </newparam>
        <newparam sid="lc_kart_tire_png-sampler">
          <sampler2D>
            <source>lc_kart_tire_png-surface</source>
          </sampler2D>
        </newparam>
        <technique sid="common">
          <lambert>
            <emission>
              <color sid="emission">0 0 0 1</color>
            </emission>
            <diffuse>
              <texture texture="lc_kart_tire_png-sampler" texcoord="polygon2_UVs0"/>
            </diffuse>
            <index_of_refraction>
              <float sid="ior">1.45</float>
            </index_of_refraction>
          </lambert>
        </technique>
      </profile_COMMON>
    </effect>
    <effect id="mat_tire-effect">
      <profile_COMMON>
        <newparam sid="lc_kart_tire_png-surface">
          <surface type="2D">
            <init_from>lc_kart_tire_png</init_from>
          </surface>
        </newparam>
        <newparam sid="lc_kart_tire_png-sampler">
          <sampler2D>
            <source>lc_kart_tire_png-surface</source>
          </sampler2D>
        </newparam>
        <technique sid="common">
          <lambert>
            <emission>
              <color sid="emission">0 0 0 1</color>
            </emission>
            <diffuse>
              <texture texture="lc_kart_tire_png-sampler" texcoord="polygon1_UVs0"/>
            </diffuse>
            <index_of_refraction>
              <float sid="ior">1.45</float>
            </index_of_refraction>
          </lambert>
        </technique>
      </profile_COMMON>
    </effect>
    <effect id="mat_body-effect">
      <profile_COMMON>
        <newparam sid="lc_kart_body_wr_png-surface">
          <surface type="2D">
            <init_from>lc_kart_body_wr_png</init_from>
          </surface>
        </newparam>
        <newparam sid="lc_kart_body_wr_png-sampler">
          <sampler2D>
            <source>lc_kart_body_wr_png-surface</source>
          </sampler2D>
        </newparam>
        <technique sid="common">
          <lambert>
            <emission>
              <color sid="emission">0 0 0 1</color>
            </emission>
            <diffuse>
              <texture texture="lc_kart_body_wr_png-sampler" texcoord="polygon0_UVs0"/>
            </diffuse>
            <index_of_refraction>
              <float sid="ior">1.45</float>
            </index_of_refraction>
          </lambert>
        </technique>
      </profile_COMMON>
    </effect>
  </library_effects>
  <library_images>
    <image id="lc_kart_body_wr_png" name="lc_kart_body_wr_png">
      <init_from>lc_kart_body_wr.png</init_from>
    </image>
    <image id="lc_kart_tire_png" name="lc_kart_tire_png">
      <init_from>lc_kart_tire.png</init_from>
    </image>
  </library_images>
  <library_materials>
    <material id="mat_tire_rim-material" name="mat_tire_rim">
      <instance_effect url="#mat_tire_rim-effect"/>
    </material>
    <material id="mat_tire-material" name="mat_tire">
      <instance_effect url="#mat_tire-effect"/>
    </material>
    <material id="mat_body-material" name="mat_body">
      <instance_effect url="#mat_body-effect"/>
    </material>
  </library_materials>
  <library_geometries>
    <geometry id="polygon2-mesh" name="polygon2">
      <mesh>
        <source id="polygon2-mesh-positions">
          <float_array id="polygon2-mesh-positions-array" count="204">-98.29688 20.85938 63.85938 -98.29688 28.72656 58.60156 -101.4688 38 81 -98.29688 38 56.75781 -98.29688 47.27344 58.60156 83.29688 28.72656 -127.0781 83.29688 20.85938 -121.8203 86.46875 38 -104.6797 83.29688 15.60156 -113.9531 83.29688 13.75781 -104.6797 83.29688 15.60156 -95.39844 83.29688 20.85938 -87.53906 83.29688 28.72656 -82.28125 83.29688 38 -80.4375 83.29688 47.27344 -82.28125 83.29688 55.14063 -87.53906 83.29688 60.39844 -95.39844 83.29688 62.24219 -104.6797 83.29688 60.39844 -113.9531 83.29688 55.14063 -121.8203 83.29688 47.27344 -127.0781 83.29688 38 -128.9219 -83.29688 20.85938 -121.8203 -83.29688 28.72656 -127.0781 -86.46875 38 -104.6797 -83.29688 38 -128.9219 -83.29688 47.27344 -127.0781 98.29688 28.72656 58.60156 98.29688 20.85938 63.85938 101.4688 38 81 98.29688 15.60156 71.72656 98.29688 13.75781 81 98.29688 15.60156 90.28125 98.29688 20.85938 98.14063 98.29688 28.72656 103.3984 98.29688 38 105.2422 98.29688 47.27344 103.3984 98.29688 55.14063 98.14063 98.29688 60.39844 90.28125 98.29688 62.24219 81 98.29688 60.39844 71.72656 98.29688 55.14063 63.85938 98.29688 47.27344 58.60156 98.29688 38 56.75781 -98.29688 15.60156 71.72656 -98.29688 13.75781 81 -98.29688 15.60156 90.28125 -98.29688 20.85938 98.14063 -98.29688 28.72656 103.3984 -98.29688 38 105.2422 -98.29688 47.27344 103.3984 -98.29688 55.14063 98.14063 -98.29688 60.39844 90.28125 -98.29688 62.24219 81 -98.29688 60.39844 71.72656 -98.29688 55.14063 63.85938 -83.29688 15.60156 -113.9531 -83.29688 13.75781 -104.6797 -83.29688 15.60156 -95.39844 -83.29688 20.85938 -87.53906 -83.29688 28.72656 -82.28125 -83.29688 38 -80.4375 -83.29688 47.27344 -82.28125 -83.29688 55.14063 -87.53906 -83.29688 60.39844 -95.39844 -83.29688 62.24219 -104.6797 -83.29688 60.39844 -113.9531 -83.29688 55.14063 -121.8203</float_array>
          <technique_common>
            <accessor source="#polygon2-mesh-positions-array" count="68" stride="3">
              <param name="X" type="float"/>
              <param name="Y" type="float"/>
              <param name="Z" type="float"/>
            </accessor>
          </technique_common>
        </source>
        <source id="polygon2-mesh-normals">
          <float_array id="polygon2-mesh-normals-array" count="204">-1 0 -1.7104e-6 -0.9909282 -0.04718506 -0.1258375 -0.9910499 -0.09439307 -0.09439301 -0.9920317 1.57801e-7 -0.1259887 -0.9909282 0.04718506 -0.1258375 1 -1.36953e-7 -1.83197e-6 0.9910566 -0.09435844 -0.0943585 0.9909282 -0.04718512 -0.1258364 0.9909283 -0.1258367 -0.04718512 0.9920319 -0.1259872 0 0.9909309 -0.1258125 0.04719489 0.9910566 -0.09435778 0.09435844 0.9909282 -0.04718488 0.1258366 0.9920319 0 0.125987 0.9909282 0.04718494 0.1258369 0.9910566 0.09435778 0.09435832 0.9909309 0.1258127 0.04719489 0.9920319 0.1259873 0 0.9909282 0.1258363 -0.047185 0.9910502 0.094392 -0.094392 0.9909282 0.04718548 -0.1258367 0.992032 -1.46742e-7 -0.1259869 -1 0 -1.83348e-6 -0.9909282 -0.04718512 -0.1258364 -0.9910565 -0.09435844 -0.0943585 -0.992032 -1.46392e-7 -0.1259869 -0.9909282 0.04718548 -0.1258367 1 0 -1.70497e-6 0.99105 -0.09439307 -0.09439301 0.9909282 -0.04718506 -0.1258375 0.9909282 -0.1258373 -0.04718506 0.9920318 -0.1259889 0 0.9909307 -0.1258136 0.04719501 0.9910563 -0.09435927 0.09435951 0.9909282 -0.0471847 0.1258376 0.9920318 0 0.1259888 0.9909281 0.04718518 0.1258376 0.9910563 0.09435921 0.09435951 0.9909307 0.1258136 0.04719489 0.9920318 0.1259889 0 0.9909282 0.1258376 -0.04718506 0.9910499 0.09439307 -0.09439331 0.9909282 0.04718506 -0.1258375 0.9920317 -1.58092e-7 -0.1259887 -0.9909281 -0.1258373 -0.04718506 -0.9920318 -0.1259889 0 -0.9909307 -0.1258136 0.04719501 -0.9910563 -0.09435927 0.09435951 -0.9909281 -0.04718518 0.1258376 -0.9920318 1.5687e-7 0.1259888 -0.9909281 0.04718518 0.1258376 -0.9910499 0.09439313 0.09439319 -0.990926 0.1258578 0.04717648 -0.9920318 0.1259889 0 -0.9909281 0.1258377 -0.04718506 -0.9910499 0.09439307 -0.09439331 -0.9909283 -0.1258367 -0.04718512 -0.9920319 -0.1259872 0 -0.9909309 -0.1258125 0.04719489 -0.9910566 -0.09435778 0.09435844 -0.9909282 -0.04718488 0.1258366 -0.9920319 0 0.125987 -0.9909282 0.04718494 0.1258369 -0.9910501 0.09439224 0.09439206 -0.9909308 0.1258129 0.04719483 -0.9920319 0.1259873 0 -0.9909282 0.1258363 -0.047185 -0.9910502 0.094392 -0.094392</float_array>
          <technique_common>
            <accessor source="#polygon2-mesh-normals-array" count="68" stride="3">
              <param name="X" type="float"/>
              <param name="Y" type="float"/>
              <param name="Z" type="float"/>
            </accessor>
          </technique_common>
        </source>
        <source id="polygon2-mesh-map-0">
          <float_array id="polygon2-mesh-map-0-array" count="384">0.4993591 0.7603455 0.6759949 0.9735718 0.8257141 0.9235229 0.4993591 0.9911194 0.6759949 0.9735718 0.4993591 0.7603455 0.3227539 0.9735718 0.4993591 0.9911194 0.4993591 0.7603455 0.4993591 0.7603455 0.8257141 0.9235229 0.6759949 0.9735718 0.9257813 0.8486633 0.8257141 0.9235229 0.4993591 0.7603455 0.9608765 0.7603455 0.9257813 0.8486633 0.4993591 0.7603455 0.4993591 0.7603455 0.9257813 0.8486633 0.9608765 0.7603455 0.8257141 0.9235229 0.9257813 0.8486633 0.4993591 0.7603455 0.6759949 0.9735718 0.8257141 0.9235229 0.4993591 0.7603455 0.4993591 0.7603455 0.4993591 0.9911194 0.6759949 0.9735718 0.3227539 0.9735718 0.4993591 0.9911194 0.4993591 0.7603455 0.1730042 0.9235229 0.3227539 0.9735718 0.4993591 0.7603455 0.4993591 0.7603455 0.07296752 0.8486633 0.1730042 0.9235229 0.03784179 0.7603455 0.07296752 0.8486633 0.4993591 0.7603455 0.07296752 0.8486633 0.03784179 0.7603455 0.4993591 0.7603455 0.4993591 0.7603455 0.1730042 0.9235229 0.07296752 0.8486633 0.3227539 0.9735718 0.1730042 0.9235229 0.4993591 0.7603455 0.4993591 0.9911194 0.3227539 0.9735718 0.4993591 0.7603455 0.4993591 0.7603455 0.6759949 0.9735718 0.8257141 0.9235229 0.4993591 0.9911194 0.6759949 0.9735718 0.4993591 0.7603455 0.3227539 0.9735718 0.4993591 0.9911194 0.4993591 0.7603455 0.4993591 0.7603455 0.8257141 0.9235229 0.6759949 0.9735718 0.9257813 0.8486633 0.8257141 0.9235229 0.4993591 0.7603455 0.9608765 0.7603455 0.9257813 0.8486633 0.4993591 0.7603455 0.4993591 0.7603455 0.9257813 0.8486633 0.9608765 0.7603455 0.8257141 0.9235229 0.9257813 0.8486633 0.4993591 0.7603455 0.6759949 0.9735718 0.8257141 0.9235229 0.4993591 0.7603455 0.4993591 0.7603455 0.4993591 0.9911194 0.6759949 0.9735718 0.3227539 0.9735718 0.4993591 0.9911194 0.4993591 0.7603455 0.1730042 0.9235229 0.3227539 0.9735718 0.4993591 0.7603455 0.4993591 0.7603455 0.07296752 0.8486633 0.1730042 0.9235229 0.03784179 0.7603455 0.07296752 0.8486633 0.4993591 0.7603455 0.07296752 0.8486633 0.03784179 0.7603455 0.4993591 0.7603455 0.4993591 0.7603455 0.1730042 0.9235229 0.07296752 0.8486633 0.3227539 0.9735718 0.1730042 0.9235229 0.4993591 0.7603455 0.4993591 0.9911194 0.3227539 0.9735718 0.4993591 0.7603455 0.9257813 0.8486633 0.4993591 0.7603455 0.8257141 0.9235229 0.9608765 0.7603455 0.4993591 0.7603455 0.9257813 0.8486633 0.9257813 0.8486633 0.4993591 0.7603455 0.9608765 0.7603455 0.8257141 0.9235229 0.4993591 0.7603455 0.9257813 0.8486633 0.6759949 0.9735718 0.4993591 0.7603455 0.8257141 0.9235229 0.4993591 0.9911194 0.4993591 0.7603455 0.6759949 0.9735718 0.3227539 0.9735718 0.4993591 0.7603455 0.4993591 0.9911194 0.1730042 0.9235229 0.4993591 0.7603455 0.3227539 0.9735718 0.07296752 0.8486633 0.4993591 0.7603455 0.1730042 0.9235229 0.03784179 0.7603455 0.4993591 0.7603455 0.07296752 0.8486633 0.07296752 0.8486633 0.4993591 0.7603455 0.03784179 0.7603455 0.1730042 0.9235229 0.4993591 0.7603455 0.07296752 0.8486633 0.9257813 0.8486633 0.4993591 0.7603455 0.8257141 0.9235229 0.9608765 0.7603455 0.4993591 0.7603455 0.9257813 0.8486633 0.9257813 0.8486633 0.4993591 0.7603455 0.9608765 0.7603455 0.8257141 0.9235229 0.4993591 0.7603455 0.9257813 0.8486633 0.6759949 0.9735718 0.4993591 0.7603455 0.8257141 0.9235229 0.4993591 0.9911194 0.4993591 0.7603455 0.6759949 0.9735718 0.3227539 0.9735718 0.4993591 0.7603455 0.4993591 0.9911194 0.1730042 0.9235229 0.4993591 0.7603455 0.3227539 0.9735718 0.07296752 0.8486633 0.4993591 0.7603455 0.1730042 0.9235229 0.03784179 0.7603455 0.4993591 0.7603455 0.07296752 0.8486633 0.07296752 0.8486633 0.4993591 0.7603455 0.03784179 0.7603455 0.1730042 0.9235229 0.4993591 0.7603455 0.07296752 0.8486633 0.3227539 0.9735718 0.4993591 0.7603455 0.1730042 0.9235229 0.6759949 0.9735718 0.4993591 0.9911194 0.4993591 0.7603455 0.3227539 0.9735718 0.4993591 0.7603455 0.1730042 0.9235229 0.6759949 0.9735718 0.4993591 0.9911194 0.4993591 0.7603455</float_array>
          <technique_common>
            <accessor source="#polygon2-mesh-map-0-array" count="192" stride="2">
              <param name="S" type="float"/>
              <param name="T" type="float"/>
            </accessor>
          </technique_common>
        </source>
        <source id="polygon2-mesh-colors-polygon2_Colors0" name="polygon2_Colors0">
          <float_array id="polygon2-mesh-colors-polygon2_Colors0-array" count="768">1 1 1 1 0.8941177 0.8941177 0.8941177 1 0.8941177 0.8941177 0.8941177 1 0.8941177 0.8941177 0.8941177 1 0.8941177 0.8941177 0.8941177 1 1 1 1 1 0.8941177 0.8941177 0.8941177 1 0.8941177 0.8941177 0.8941177 1 1 1 1 1 1 1 1 1 0.8941177 0.8941177 0.8941177 1 0.8941177 0.8941177 0.8941177 1 0.8941177 0.8941177 0.8941177 1 0.8941177 0.8941177 0.8941177 1 1 1 1 1 0.8941177 0.8941177 0.8941177 1 0.8941177 0.8941177 0.8941177 1 1 1 1 1 1 1 1 1 0.8941177 0.8941177 0.8941177 1 0.8941177 0.8941177 0.8941177 1 0.8941177 0.8941177 0.8941177 1 0.8941177 0.8941177 0.8941177 1 1 1 1 1 0.8941177 0.8941177 0.8941177 1 0.8941177 0.8941177 0.8941177 1 1 1 1 1 1 1 1 1 0.8941177 0.8941177 0.8941177 1 0.8941177 0.8941177 0.8941177 1 0.8941177 0.8941177 0.8941177 1 0.8941177 0.8941177 0.8941177 1 1 1 1 1 0.8941177 0.8941177 0.8941177 1 0.8941177 0.8941177 0.8941177 1 1 1 1 1 1 1 1 1 0.8941177 0.8941177 0.8941177 1 0.8941177 0.8941177 0.8941177 1 0.8941177 0.8941177 0.8941177 1 0.8941177 0.8941177 0.8941177 1 1 1 1 1 0.8941177 0.8941177 0.8941177 1 0.8941177 0.8941177 0.8941177 1 1 1 1 1 1 1 1 1 0.8941177 0.8941177 0.8941177 1 0.8941177 0.8941177 0.8941177 1 0.8941177 0.8941177 0.8941177 1 0.8941177 0.8941177 0.8941177 1 1 1 1 1 0.8941177 0.8941177 0.8941177 1 0.8941177 0.8941177 0.8941177 1 1 1 1 1 1 1 1 1 0.8941177 0.8941177 0.8941177 1 0.8941177 0.8941177 0.8941177 1 0.8941177 0.8941177 0.8941177 1 0.8941177 0.8941177 0.8941177 1 1 1 1 1 0.8941177 0.8941177 0.8941177 1 0.8941177 0.8941177 0.8941177 1 1 1 1 1 1 1 1 1 0.8941177 0.8941177 0.8941177 1 0.8941177 0.8941177 0.8941177 1 0.8941177 0.8941177 0.8941177 1 0.8941177 0.8941177 0.8941177 1 1 1 1 1 0.8941177 0.8941177 0.8941177 1 0.8941177 0.8941177 0.8941177 1 1 1 1 1 1 1 1 1 0.8941177 0.8941177 0.8941177 1 0.8941177 0.8941177 0.8941177 1 0.8941177 0.8941177 0.8941177 1 0.8941177 0.8941177 0.8941177 1 1 1 1 1 0.8941177 0.8941177 0.8941177 1 0.8941177 0.8941177 0.8941177 1 1 1 1 1 1 1 1 1 0.8941177 0.8941177 0.8941177 1 0.8941177 0.8941177 0.8941177 1 0.8941177 0.8941177 0.8941177 1 0.8941177 0.8941177 0.8941177 1 1 1 1 1 0.8941177 0.8941177 0.8941177 1 0.8941177 0.8941177 0.8941177 1 1 1 1 1 1 1 1 1 0.8941177 0.8941177 0.8941177 1 0.8941177 0.8941177 0.8941177 1 0.8941177 0.8941177 0.8941177 1 0.8941177 0.8941177 0.8941177 1 1 1 1 1 0.8941177 0.8941177 0.8941177 1 0.8941177 0.8941177 0.8941177 1 1 1 1 1 1 1 1 1 0.8941177 0.8941177 0.8941177 1 0.8941177 0.8941177 0.8941177 1 0.8941177 0.8941177 0.8941177 1 0.8941177 0.8941177 0.8941177 1 1 1 1 1 0.8941177 0.8941177 0.8941177 1 0.8941177 0.8941177 0.8941177 1 1 1 1 1 0.8941177 0.8941177 0.8941177 1 1 1 1 1 0.8941177 0.8941177 0.8941177 1 0.8941177 0.8941177 0.8941177 1 1 1 1 1 0.8941177 0.8941177 0.8941177 1 0.8941177 0.8941177 0.8941177 1 1 1 1 1 0.8941177 0.8941177 0.8941177 1 0.8941177 0.8941177 0.8941177 1 1 1 1 1 0.8941177 0.8941177 0.8941177 1 0.8941177 0.8941177 0.8941177 1 1 1 1 1 0.8941177 0.8941177 0.8941177 1 0.8941177 0.8941177 0.8941177 1 1 1 1 1 0.8941177 0.8941177 0.8941177 1 0.8941177 0.8941177 0.8941177 1 1 1 1 1 0.8941177 0.8941177 0.8941177 1 0.8941177 0.8941177 0.8941177 1 1 1 1 1 0.8941177 0.8941177 0.8941177 1 0.8941177 0.8941177 0.8941177 1 1 1 1 1 0.8941177 0.8941177 0.8941177 1 0.8941177 0.8941177 0.8941177 1 1 1 1 1 0.8941177 0.8941177 0.8941177 1 0.8941177 0.8941177 0.8941177 1 1 1 1 1 0.8941177 0.8941177 0.8941177 1 0.8941177 0.8941177 0.8941177 1 1 1 1 1 0.8941177 0.8941177 0.8941177 1 0.8941177 0.8941177 0.8941177 1 1 1 1 1 0.8941177 0.8941177 0.8941177 1 0.8941177 0.8941177 0.8941177 1 1 1 1 1 0.8941177 0.8941177 0.8941177 1 0.8941177 0.8941177 0.8941177 1 1 1 1 1 0.8941177 0.8941177 0.8941177 1 0.8941177 0.8941177 0.8941177 1 1 1 1 1 0.8941177 0.8941177 0.8941177 1 0.8941177 0.8941177 0.8941177 1 1 1 1 1 0.8941177 0.8941177 0.8941177 1 0.8941177 0.8941177 0.8941177 1 1 1 1 1 0.8941177 0.8941177 0.8941177 1 0.8941177 0.8941177 0.8941177 1 1 1 1 1 0.8941177 0.8941177 0.8941177 1 0.8941177 0.8941177 0.8941177 1 1 1 1 1 0.8941177 0.8941177 0.8941177 1 0.8941177 0.8941177 0.8941177 1 1 1 1 1 0.8941177 0.8941177 0.8941177 1 0.8941177 0.8941177 0.8941177 1 1 1 1 1 0.8941177 0.8941177 0.8941177 1 0.8941177 0.8941177 0.8941177 1 1 1 1 1 0.8941177 0.8941177 0.8941177 1 0.8941177 0.8941177 0.8941177 1 1 1 1 1 0.8941177 0.8941177 0.8941177 1 0.8941177 0.8941177 0.8941177 1 1 1 1 1 0.8941177 0.8941177 0.8941177 1 0.8941177 0.8941177 0.8941177 1 0.8941177 0.8941177 0.8941177 1 1 1 1 1 0.8941177 0.8941177 0.8941177 1 1 1 1 1 0.8941177 0.8941177 0.8941177 1 0.8941177 0.8941177 0.8941177 1 0.8941177 0.8941177 0.8941177 1 1 1 1 1</float_array>
          <technique_common>
            <accessor source="#polygon2-mesh-colors-polygon2_Colors0-array" count="192" stride="4">
              <param name="R" type="float"/>
              <param name="G" type="float"/>
              <param name="B" type="float"/>
              <param name="A" type="float"/>
            </accessor>
          </technique_common>
        </source>
        <vertices id="polygon2-mesh-vertices">
          <input semantic="POSITION" source="#polygon2-mesh-positions"/>
        </vertices>
        <triangles material="mat_tire_rim-material" count="64">
          <input semantic="VERTEX" source="#polygon2-mesh-vertices" offset="0"/>
          <input semantic="NORMAL" source="#polygon2-mesh-normals" offset="1"/>
          <input semantic="TEXCOORD" source="#polygon2-mesh-map-0" offset="2" set="0"/>
          <input semantic="COLOR" source="#polygon2-mesh-colors-polygon2_Colors0" offset="3" set="0"/>
          <p>2 0 0 0 1 1 1 1 0 2 2 2 3 3 3 3 1 1 4 4 2 0 5 5 4 4 6 6 3 3 7 7 2 0 8 8 7 5 9 9 6 6 10 10 5 7 11 11 8 8 12 12 6 6 13 13 7 5 14 14 9 9 15 15 8 8 16 16 7 5 17 17 7 5 18 18 10 10 19 19 9 9 20 20 11 11 21 21 10 10 22 22 7 5 23 23 12 12 24 24 11 11 25 25 7 5 26 26 7 5 27 27 13 13 28 28 12 12 29 29 14 14 30 30 13 13 31 31 7 5 32 32 15 15 33 33 14 14 34 34 7 5 35 35 7 5 36 36 16 16 37 37 15 15 38 38 17 17 39 39 16 16 40 40 7 5 41 41 18 18 42 42 17 17 43 43 7 5 44 44 7 5 45 45 19 19 46 46 18 18 47 47 20 20 48 48 19 19 49 49 7 5 50 50 21 21 51 51 20 20 52 52 7 5 53 53 24 22 54 54 23 23 55 55 22 24 56 56 25 25 57 57 23 23 58 58 24 22 59 59 26 26 60 60 25 25 61 61 24 22 62 62 29 27 63 63 28 28 64 64 27 29 65 65 30 30 66 66 28 28 67 67 29 27 68 68 31 31 69 69 30 30 70 70 29 27 71 71 29 27 72 72 32 32 73 73 31 31 74 74 33 33 75 75 32 32 76 76 29 27 77 77 34 34 78 78 33 33 79 79 29 27 80 80 29 27 81 81 35 35 82 82 34 34 83 83 36 36 84 84 35 35 85 85 29 27 86 86 37 37 87 87 36 36 88 88 29 27 89 89 29 27 90 90 38 38 91 91 37 37 92 92 39 39 93 93 38 38 94 94 29 27 95 95 40 40 96 96 39 39 97 97 29 27 98 98 29 27 99 99 41 41 100 100 40 40 101 101 42 42 102 102 41 41 103 103 29 27 104 104 43 43 105 105 42 42 106 106 29 27 107 107 44 44 108 108 2 0 109 109 0 2 110 110 45 45 111 111 2 0 112 112 44 44 113 113 46 46 114 114 2 0 115 115 45 45 116 116 47 47 117 117 2 0 118 118 46 46 119 119 48 48 120 120 2 0 121 121 47 47 122 122 49 49 123 123 2 0 124 124 48 48 125 125 50 50 126 126 2 0 127 127 49 49 128 128 51 51 129 129 2 0 130 130 50 50 131 131 52 52 132 132 2 0 133 133 51 51 134 134 53 53 135 135 2 0 136 136 52 52 137 137 54 54 138 138 2 0 139 139 53 53 140 140 55 55 141 141 2 0 142 142 54 54 143 143 56 56 144 144 24 22 145 145 22 24 146 146 57 57 147 147 24 22 148 148 56 56 149 149 58 58 150 150 24 22 151 151 57 57 152 152 59 59 153 153 24 22 154 154 58 58 155 155 60 60 156 156 24 22 157 157 59 59 158 158 61 61 159 159 24 22 160 160 60 60 161 161 62 62 162 162 24 22 163 163 61 61 164 164 63 63 165 165 24 22 166 166 62 62 167 167 64 64 168 168 24 22 169 169 63 63 170 170 65 65 171 171 24 22 172 172 64 64 173 173 66 66 174 174 24 22 175 175 65 65 176 176 67 67 177 177 24 22 178 178 66 66 179 179 4 4 180 180 2 0 181 181 55 55 182 182 5 7 183 183 21 21 184 184 7 5 185 185 26 26 186 186 24 22 187 187 67 67 188 188 27 29 189 189 43 43 190 190 29 27 191 191</p>
        </triangles>
      </mesh>
    </geometry>
    <geometry id="polygon1-mesh" name="polygon1">
      <mesh>
        <source id="polygon1-mesh-positions">
          <float_array id="polygon1-mesh-positions-array" count="696">-58.8125 73.23438 -104.6797 -58.8125 68.51563 -122.2969 -58.8125 60.24219 -104.6797 -58.8125 53.19531 -119.875 -69.22656 38 -104.6797 -58.8125 38 -126.9219 -58.8125 22.80469 -119.875 -58.8125 20.38281 -135.1953 -58.8125 7.484375 -122.2969 -73.8125 73.23438 81 -73.8125 68.51563 63.38281 -73.8125 60.24219 81 -73.8125 53.19531 65.80469 -84.22656 38 81 -73.8125 38 58.75781 -73.8125 22.80469 65.80469 -73.8125 20.38281 50.48438 -73.8125 7.484375 63.38281 73.8125 68.51563 63.38281 73.8125 73.23438 81 73.8125 60.24219 81 73.8125 68.51563 98.61719 73.8125 53.19531 96.19531 73.8125 55.61719 111.5156 73.8125 38 103.2422 73.8125 38 116.2344 73.8125 20.38281 111.5156 58.8125 68.51563 -122.2969 58.8125 73.23438 -104.6797 58.8125 60.24219 -104.6797 58.8125 68.51563 -87.0625 58.8125 53.19531 -89.48438 58.8125 55.61719 -74.16406 58.8125 38 -82.4375 58.8125 38 -69.4375 58.8125 20.38281 -74.16406 -58.8125 68.51563 -87.0625 -58.8125 53.19531 -89.48438 -58.8125 55.61719 -74.16406 -58.8125 38 -82.4375 -58.8125 38 -69.4375 -58.8125 20.38281 -74.16406 -73.8125 68.51563 98.61719 -73.8125 53.19531 96.19531 -73.8125 55.61719 111.5156 -73.8125 38 103.2422 -73.8125 38 116.2344 -73.8125 20.38281 111.5156 73.8125 53.19531 65.80469 84.22656 38 81 73.8125 38 58.75781 73.8125 22.80469 65.80469 73.8125 20.38281 50.48438 73.8125 7.484375 63.38281 73.8125 22.80469 96.19531 73.8125 7.484375 98.61719 73.8125 15.75781 81 73.8125 2.765625 81 58.8125 22.80469 -89.48438 58.8125 7.484375 -87.0625 58.8125 15.75781 -104.6797 58.8125 2.765625 -104.6797 58.8125 7.484375 -122.2969 58.8125 22.80469 -119.875 58.8125 20.38281 -135.1953 58.8125 38 -126.9219 58.8125 38 -139.9141 58.8125 55.61719 -135.1953 -58.8125 15.75781 -104.6797 -58.8125 22.80469 -89.48438 58.8125 53.19531 -119.875 69.22656 38 -104.6797 -73.8125 15.75781 81 -73.8125 22.80469 96.19531 73.8125 38 45.76563 73.8125 55.61719 50.48438 64.05469 18.79688 -137.9375 64.05469 4.742188 -123.875 79.0625 18.79688 -137.9375 79.0625 4.742188 -123.875 84.30469 7.484375 -122.2969 64.05469 -0.3984375 -104.6797 79.0625 -0.3984375 -104.6797 84.30469 2.765625 -104.6797 64.05469 4.742188 -85.47656 79.0625 4.742188 -85.47656 84.30469 7.484375 -87.0625 64.05469 18.79688 -71.42188 79.0625 18.79688 -71.42188 84.30469 20.38281 -74.16406 64.05469 71.25781 -85.47656 64.05469 76.39844 -104.6797 79.0625 71.25781 -85.47656 79.0625 76.39844 -104.6797 84.30469 73.23438 -104.6797 64.05469 38 -66.28125 79.0625 38 -66.28125 84.30469 38 -69.4375 64.05469 57.20313 -71.42188 79.0625 57.20313 -71.42188 84.30469 55.61719 -74.16406 84.30469 68.51563 -87.0625 -99.30469 73.23438 81 -99.30469 68.51563 63.38281 -94.0625 76.39844 81 -94.0625 71.25781 61.80469 -79.05469 71.25781 61.80469 79.05469 4.742188 100.2031 79.05469 18.79688 114.2578 94.0625 4.742188 100.2031 94.0625 18.79688 114.2578 99.30469 20.38281 111.5156 79.05469 38 119.3984 94.0625 38 119.3984 99.30469 38 116.2344 79.05469 57.20313 114.2578 94.0625 57.20313 114.2578 99.30469 55.61719 111.5156 79.05469 71.25781 100.2031 94.0625 71.25781 100.2031 99.30469 68.51563 98.61719 -64.05469 71.25781 -123.875 -64.05469 76.39844 -104.6797 -79.0625 76.39844 -104.6797 -58.8125 55.61719 -135.1953 -64.05469 57.20313 -137.9375 -79.0625 71.25781 -123.875 -58.8125 38 -139.9141 -64.05469 38 -143.0781 -79.0625 57.20313 -137.9375 -64.05469 18.79688 -137.9375 -79.0625 38 -143.0781 -64.05469 4.742188 -123.875 -79.0625 18.79688 -137.9375 79.05469 76.39844 81 94.0625 76.39844 81 99.30469 73.23438 81 79.05469 38 42.60156 79.05469 18.79688 47.74219 94.0625 38 42.60156 94.0625 18.79688 47.74219 99.30469 20.38281 50.48438 79.05469 4.742188 61.80469 94.0625 4.742188 61.80469 99.30469 7.484375 63.38281 79.05469 -0.3984375 81 94.0625 -0.3984375 81 99.30469 2.765625 81 99.30469 7.484375 98.61719 64.05469 71.25781 -123.875 79.0625 71.25781 -123.875 84.30469 68.51563 -122.2969 -58.8125 2.765625 -104.6797 -64.05469 -0.3984375 -104.6797 -79.0625 4.742188 -123.875 -58.8125 7.484375 -87.0625 -64.05469 4.742188 -85.47656 -79.0625 -0.3984375 -104.6797 -64.05469 18.79688 -71.42188 -79.0625 4.742188 -85.47656 -64.05469 38 -66.28125 -79.0625 18.79688 -71.42188 -64.05469 57.20313 -71.42188 -79.0625 38 -66.28125 -64.05469 71.25781 -85.47656 -79.0625 57.20313 -71.42188 -79.0625 71.25781 -85.47656 -84.30469 55.61719 -135.1953 -84.30469 38 -139.9141 79.05469 71.25781 61.80469 94.0625 71.25781 61.80469 99.30469 68.51563 63.38281 79.05469 57.20313 47.74219 94.0625 57.20313 47.74219 99.30469 55.61719 50.48438 -84.30469 68.51563 -87.0625 -84.30469 55.61719 -74.16406 -80.70313 38 -104.6797 -84.30469 38 -69.4375 -84.30469 20.38281 -74.16406 -73.8125 55.61719 50.48438 -79.05469 57.20313 47.74219 -73.8125 38 45.76563 -79.05469 38 42.60156 -94.0625 57.20313 47.74219 -79.05469 18.79688 47.74219 -94.0625 38 42.60156 -99.30469 38 45.76563 -99.30469 55.61719 50.48438 -95.70313 38 81 84.30469 55.61719 -135.1953 80.70313 38 -104.6797 84.30469 38 -139.9141 84.30469 20.38281 -135.1953 -79.05469 4.742188 61.80469 -94.0625 18.79688 47.74219 -73.8125 2.765625 81 -79.05469 -0.3984375 81 -94.0625 4.742188 61.80469 -73.8125 7.484375 98.61719 -79.05469 4.742188 100.2031 -94.0625 -0.3984375 81 -79.05469 18.79688 114.2578 -94.0625 4.742188 100.2031 99.30469 38 45.76563 95.70313 38 81 -79.05469 38 119.3984 -94.0625 18.79688 114.2578 -79.05469 57.20313 114.2578 -94.0625 38 119.3984 -79.05469 71.25781 100.2031 -94.0625 57.20313 114.2578 -79.05469 76.39844 81 -94.0625 71.25781 100.2031 64.05469 57.20313 -137.9375 79.0625 57.20313 -137.9375 64.05469 38 -143.0781 79.0625 38 -143.0781 -84.30469 7.484375 -87.0625 -99.30469 20.38281 50.48438 -99.30469 7.484375 63.38281 -99.30469 2.765625 81 -99.30469 7.484375 98.61719 -84.30469 73.23438 -104.6797 -84.30469 68.51563 -122.2969 -99.30469 38 116.2344 -99.30469 55.61719 111.5156 -99.30469 68.51563 98.61719 -84.30469 20.38281 -135.1953 -84.30469 7.484375 -122.2969 -84.30469 2.765625 -104.6797 -99.30469 20.38281 111.5156</float_array>
          <technique_common>
            <accessor source="#polygon1-mesh-positions-array" count="232" stride="3">
              <param name="X" type="float"/>
              <param name="Y" type="float"/>
              <param name="Z" type="float"/>
            </accessor>
          </technique_common>
        </source>
        <source id="polygon1-mesh-normals">
          <float_array id="polygon1-mesh-normals-array" count="693">0.989793 -0.1425131 1.38069e-6 0.9231438 0.3329608 -0.1922051 0.8744021 0.485202 1.06025e-5 0.984125 -0.1254952 0.1254953 1 0 0 0.989793 0 0.1425129 0.9841339 0.1254602 0.1254601 0.9231587 -0.1921882 -0.3329292 0.9231529 -0.3329371 -0.1922022 0.989793 -0.142513 1.33459e-6 0.9231439 0.3329606 -0.1922048 0.8744022 0.4852019 1.05784e-5 0.984134 -0.12546 0.1254599 1 0 0 0.9897929 0 0.142513 0.984134 0.1254598 0.12546 0.9231581 -0.1921882 -0.3329309 0.9231527 -0.3329376 -0.1922022 -0.989793 -0.142513 0 -0.8744022 0.4852019 -2.57418e-6 -0.923144 0.3329625 -0.1922012 -0.923141 0.3329673 0.1922073 -0.984125 -0.1254953 -0.1254953 -0.9231489 0.1922039 0.3329473 -0.989793 -1.26893e-6 -0.142513 -0.8744053 4.4331e-6 0.4851962 -0.9231644 -0.1922088 0.3329015 -0.9897929 -0.1425132 0 -0.8744021 0.485202 -2.55555e-6 -0.9231438 0.3329627 -0.1922015 -0.9231418 0.3329662 0.1922054 -0.984134 -0.1254599 -0.12546 -0.9231427 0.192193 0.3329706 -0.989793 -1.31829e-6 -0.1425131 -0.8744183 -3.09572e-6 0.4851729 -0.9231616 -0.1922047 0.3329114 0.9231417 0.3329668 0.1922044 0.984125 -0.1254951 -0.1254953 0.9231428 0.1922231 0.332953 0.9897929 0 -0.1425131 0.8744184 -1.45864e-4 0.4851727 0.9231618 -0.1921998 0.3329141 0.923141 0.3329678 0.1922065 0.984125 -0.1254952 -0.1254953 0.9231489 0.1921939 0.3329533 0.989793 0 -0.142513 0.8744053 -3.8082e-5 0.4851963 0.9231643 -0.1922078 0.3329021 -0.984134 -0.12546 0.1254599 -1 0 0 -0.9897929 -1.59301e-6 0.142513 -0.984134 0.1254599 0.1254599 -0.9231804 -0.1921913 -0.3328669 -0.9231751 -0.3328711 -0.1922098 -0.984125 0.1254953 -0.1254954 -0.923148 -0.3329492 0.1922045 -0.989793 0.142513 -1.36346e-6 -0.8744079 -0.4851916 5.6792e-6 -0.984134 0.1254597 -0.12546 -0.9231483 -0.3329489 0.1922039 -0.989793 0.142513 -1.25263e-6 -0.8744079 -0.4851916 5.51529e-6 -0.9231752 -0.3328838 -0.1921871 -0.984134 0.1254601 0.1254601 -0.9231586 -0.1922221 -0.3329098 -0.989793 1.35228e-6 0.1425129 -0.8744058 -4.31947e-6 -0.4851953 -0.9231425 0.1922042 -0.3329649 0.989793 0.1425132 0 0.984134 0.1254598 -0.12546 -0.984134 -0.1254601 0.1254601 -1 0 0 0.9897929 0.1425131 0 0.9841339 0.1254601 -0.1254602 -0.8744082 -5.59166e-6 -0.4851911 -0.9231416 0.1922056 -0.3329663 0.2694396 -0.4815124 -0.8339954 -0.2694919 -0.8339828 -0.4815048 -0.2694556 -0.4815111 -0.8339909 0.2694522 -0.8339927 -0.4815098 0.898283 -0.3805431 -0.2197151 -0.26948 -0.963006 -4.26487e-7 0.2694925 -0.9630025 -8.07538e-7 0.8982934 -0.4393963 1.77121e-5 -0.2694599 -0.8339904 0.4815096 0.269477 -0.8339856 0.4815081 0.8982836 -0.3805386 0.2197209 -0.2694768 -0.4815073 0.8339862 0.269464 -0.4815111 0.8339882 0.8982883 -0.2196935 0.3805432 0.2694596 0.8339903 0.4815098 -0.2694378 0.9630178 0 -0.269477 0.8339858 0.481508 0.2694801 0.963006 3.27487e-7 0.8982986 0.4393857 4.89369e-6 -0.2694946 1.03109e-6 0.9630019 0.2694947 9.78238e-7 0.9630019 0.8983018 5.47225e-7 0.439379 -0.2694646 0.4815082 0.8339896 0.2694773 0.4815079 0.8339858 0.8982847 0.2197155 0.3805389 0.898291 0.3805238 0.2197158 -0.2694799 0.963006 -1.12923e-6 -0.8982921 0.3805252 -0.2197093 -0.8982985 0.439386 2.09236e-5 -0.2694913 0.8339821 -0.4815063 0.2694519 0.8339929 -0.4815098 0.2694763 -0.8339863 0.4815073 -0.2694777 -0.4815065 0.8339863 -0.2694594 -0.83399 0.4815105 0.26946 -0.4815106 0.8339898 0.8982915 -0.2197165 0.3805221 -0.2694902 -3.08559e-7 0.9630032 0.2694908 -6.11784e-7 0.963003 0.8982965 -3.76609e-6 0.4393899 -0.2694604 0.4815095 0.8339903 0.2694768 0.4815075 0.8339861 0.8982836 0.2197207 0.3805384 -0.2694758 0.8339865 0.4815074 0.2694591 0.8339901 0.4815105 0.8982907 0.3805236 0.219717 0.2694514 0.8339924 -0.481511 0.2694925 0.9630025 -2.6067e-5 -0.2694801 0.963006 3.34949e-7 0.2694405 0.4815125 -0.8339949 0.9231425 0.1922181 -0.3329568 -0.2694368 0.8339967 -0.4815115 0.2694913 1.00303e-6 -0.9630029 0.8744059 -3.6394e-7 -0.4851953 -0.269456 0.4815111 -0.8339908 0.2694557 -0.4815111 -0.8339908 -0.2694909 9.12452e-7 -0.963003 0.2694919 -0.833982 -0.4815061 -0.2694944 -0.4815006 -0.8339845 -0.2694925 0.9630025 3.30445e-7 0.2694799 0.963006 7.50126e-7 0.8982985 0.4393859 5.04028e-6 0.2694945 -7.16653e-7 -0.963002 -0.2694553 -0.4815104 -0.8339914 -0.2694945 -1.39891e-6 -0.9630019 0.2694387 -0.4815135 -0.8339949 0.8982836 -0.2197211 -0.3805384 -0.2694916 -0.833983 -0.4815047 0.2694522 -0.8339927 -0.4815099 0.898283 -0.3805431 -0.2197148 -0.26948 -0.963006 -1.66823e-7 0.2694925 -0.9630025 -5.40753e-7 0.8982935 -0.4393961 1.78305e-5 0.8982831 -0.3805389 0.2197223 -0.2694514 0.8339922 -0.4815114 0.2694368 0.8339967 -0.4815115 0.8982919 0.3805217 -0.2197157 0.2694799 -0.9630061 9.32254e-7 0.8744078 -0.4851917 1.40301e-6 -0.2694522 -0.8339927 -0.4815098 0.2694599 -0.8339899 0.4815104 0.9231707 -0.3328822 0.1922119 -0.2694926 -0.9630025 1.58281e-6 0.2694769 -0.4815074 0.8339861 -0.269477 -0.8339856 0.4815081 0.2694947 0 0.9630019 -0.269464 -0.4815092 0.8339893 0.2694648 0.4815095 0.8339889 -0.2694947 9.64967e-7 0.9630019 0.2694771 0.8339861 0.4815074 -0.2694773 0.4815079 0.8339858 -0.2694596 0.8339899 0.4815106 -0.8982967 3.7998e-6 -0.4393895 -0.8982773 0.2197214 -0.3805527 -0.2694518 0.833992 -0.4815112 0.2694911 0.8339833 -0.4815046 0.8982919 0.3805221 -0.2197152 -0.2694934 0.4815047 -0.8339824 0.2694555 0.4815114 -0.8339908 0.8982765 0.2197216 -0.3805547 -1 0 3.77195e-6 -0.8982847 0.2197231 0.3805345 -0.898291 0.3805673 0.2196404 -0.8983018 1.80304e-6 0.439379 -0.8982883 -0.2197139 0.3805314 0.2694387 0.4815136 -0.8339949 0.9231417 0.1921885 -0.3329762 0.2694946 2.41213e-7 -0.9630019 0.8744083 -1.5025e-6 -0.4851911 -0.2694556 0.4815114 -0.8339908 0.2694553 -0.4815114 -0.8339908 -0.2694945 1.2611e-6 -0.963002 -1 0 0 -0.8982765 0.2197239 -0.3805532 -0.8982988 -3.86614e-5 -0.4393852 1 0 3.77494e-6 0.8982773 0.2197193 -0.380554 0.8982967 3.73833e-6 -0.4393895 0.8982841 -0.2197178 -0.3805389 0.2694915 -0.8339823 -0.4815061 -0.2694387 -0.4815094 -0.8339973 0.26948 -0.963006 1.21212e-6 0.874408 -0.4851916 -1.26448e-5 0.2694593 -0.8339903 0.4815102 0.9231703 -0.3328998 0.1921829 -0.2694926 -0.9630025 -5.3501e-7 0.2694777 -0.4815067 0.8339863 -0.2694763 -0.8339861 0.4815078 1 0 0 0.8982987 4.75347e-6 -0.4393853 0.2694902 -9.22941e-7 0.9630032 -0.26946 -0.4815105 0.8339897 0.2694603 0.4815103 0.8339899 -0.2694908 -6.11328e-7 0.963003 0.2694758 0.8339863 0.4815076 -0.2694768 0.4815074 0.8339861 0.2694925 0.9630025 8.85688e-7 -0.2694591 0.83399 0.4815104 -0.2694405 0.4815114 -0.8339955 0.269456 0.4815111 -0.8339908 -0.2694912 3.91563e-7 -0.9630029 0.2694909 8.57439e-7 -0.963003 -0.8982834 -0.3805367 0.2197239 -0.8982836 -0.219724 -0.3805366 -0.898283 -0.3805429 -0.2197149 -0.8982934 -0.4393962 -3.63542e-6 -0.898283 -0.3805373 0.219725 -0.8982985 0.4393857 7.29691e-6 -0.8982919 0.3805244 -0.219711 -0.8982965 -6.07548e-6 0.43939 -0.8982836 0.2197237 0.3805367 -0.8982907 0.3805235 0.2197173 -0.8982841 -0.2196133 -0.380599 -0.898283 -0.3805569 -0.2196912 -0.8982933 -0.4393963 1.08529e-5 -0.8982915 -0.2196408 0.3805657</float_array>
          <technique_common>
            <accessor source="#polygon1-mesh-normals-array" count="231" stride="3">
              <param name="X" type="float"/>
              <param name="Y" type="float"/>
              <param name="Z" type="float"/>
            </accessor>
          </technique_common>
        </source>
        <source id="polygon1-mesh-map-0">
          <float_array id="polygon1-mesh-map-0-array" count="2688">0.2097778 0.2622375 0.1018372 0.3771667 0.04025268 0.2622375 0.3017578 0.3613586 0.1018372 0.3771667 0.2097778 0.2622375 0.5 0.2622375 0.3017578 0.3613586 0.2097778 0.2622375 0.5 0.4073486 0.3017578 0.3613586 0.5 0.2622375 0.6982117 0.3613586 0.5 0.4073486 0.5 0.2622375 0.7298584 0.4613037 0.5 0.4073486 0.6982117 0.3613586 0.8981323 0.3771667 0.7298584 0.4613037 0.6982117 0.3613586 0.2097778 0.2622375 0.1018372 0.3771667 0.04025268 0.2622375 0.3017578 0.3613586 0.1018372 0.3771667 0.2097778 0.2622375 0.5 0.2622375 0.3017578 0.3613586 0.2097778 0.2622375 0.5 0.4073486 0.3017578 0.3613586 0.5 0.2622375 0.6982117 0.3613586 0.5 0.4073486 0.5 0.2622375 0.7298584 0.4613037 0.5 0.4073486 0.6982117 0.3613586 0.8981323 0.3771667 0.7298584 0.4613037 0.6982117 0.3613586 0.2097778 0.2622375 0.04025268 0.2622375 0.1018372 0.3771667 0.1018372 0.3771667 0.04025268 0.2622375 0.2097778 0.2622375 0.3017578 0.3613586 0.1018372 0.3771667 0.2097778 0.2622375 0.2701111 0.4613037 0.1018372 0.3771667 0.3017578 0.3613586 0.5 0.4073486 0.2701111 0.4613037 0.3017578 0.3613586 0.5 0.4920959 0.2701111 0.4613037 0.5 0.4073486 0.7298584 0.4613037 0.5 0.4920959 0.5 0.4073486 0.2097778 0.2622375 0.04025268 0.2622375 0.1018372 0.3771667 0.1018372 0.3771667 0.04025268 0.2622375 0.2097778 0.2622375 0.3017578 0.3613586 0.1018372 0.3771667 0.2097778 0.2622375 0.2701111 0.4613037 0.1018372 0.3771667 0.3017578 0.3613586 0.5 0.4073486 0.2701111 0.4613037 0.3017578 0.3613586 0.5 0.4920959 0.2701111 0.4613037 0.5 0.4073486 0.7298584 0.4613037 0.5 0.4920959 0.5 0.4073486 0.1018372 0.3771667 0.2097778 0.2622375 0.04025268 0.2622375 0.3017578 0.3613586 0.2097778 0.2622375 0.1018372 0.3771667 0.2701111 0.4613037 0.3017578 0.3613586 0.1018372 0.3771667 0.5 0.4073486 0.3017578 0.3613586 0.2701111 0.4613037 0.5 0.4920959 0.5 0.4073486 0.2701111 0.4613037 0.7298584 0.4613037 0.5 0.4073486 0.5 0.4920959 0.1018372 0.3771667 0.2097778 0.2622375 0.04025268 0.2622375 0.3017578 0.3613586 0.2097778 0.2622375 0.1018372 0.3771667 0.2701111 0.4613037 0.3017578 0.3613586 0.1018372 0.3771667 0.5 0.4073486 0.3017578 0.3613586 0.2701111 0.4613037 0.5 0.4920959 0.5 0.4073486 0.2701111 0.4613037 0.7298584 0.4613037 0.5 0.4073486 0.5 0.4920959 0.3017578 0.3613586 0.2097778 0.2622375 0.1018372 0.3771667 0.5 0.2622375 0.2097778 0.2622375 0.3017578 0.3613586 0.5 0.4073486 0.5 0.2622375 0.3017578 0.3613586 0.6982117 0.3613586 0.5 0.2622375 0.5 0.4073486 0.7298584 0.4613037 0.6982117 0.3613586 0.5 0.4073486 0.8981323 0.3771667 0.6982117 0.3613586 0.7298584 0.4613037 0.6982117 0.3613586 0.7298584 0.4613037 0.5 0.4073486 0.8981323 0.3771667 0.7298584 0.4613037 0.6982117 0.3613586 0.7901917 0.2622375 0.8981323 0.3771667 0.6982117 0.3613586 0.9597168 0.2622375 0.8981323 0.3771667 0.7901917 0.2622375 0.8981323 0.3771667 0.9597168 0.2622375 0.7901917 0.2622375 0.6982117 0.3613586 0.7298584 0.4613037 0.5 0.4073486 0.8981323 0.3771667 0.7298584 0.4613037 0.6982117 0.3613586 0.7901917 0.2622375 0.8981323 0.3771667 0.6982117 0.3613586 0.9597168 0.2622375 0.8981323 0.3771667 0.7901917 0.2622375 0.8981323 0.3771667 0.9597168 0.2622375 0.7901917 0.2622375 0.6982117 0.3613586 0.8981323 0.3771667 0.7901917 0.2622375 0.7298584 0.4613037 0.8981323 0.3771667 0.6982117 0.3613586 0.5 0.4073486 0.7298584 0.4613037 0.6982117 0.3613586 0.5 0.4920959 0.7298584 0.4613037 0.5 0.4073486 0.2701111 0.4613037 0.5 0.4920959 0.5 0.4073486 0.5 0.2622375 0.7901917 0.2622375 0.6982117 0.3613586 0.6982117 0.3613586 0.7901917 0.2622375 0.5 0.2622375 0.5 0.4073486 0.6982117 0.3613586 0.5 0.2622375 0.7298584 0.4613037 0.6982117 0.3613586 0.5 0.4073486 0.5 0.4073486 0.3017578 0.3613586 0.2701111 0.4613037 0.5 0.2622375 0.3017578 0.3613586 0.5 0.4073486 0.6982117 0.3613586 0.5 0.2622375 0.5 0.4073486 0.7901917 0.2622375 0.5 0.2622375 0.6982117 0.3613586 0.5 0.2622375 0.7901917 0.2622375 0.6982117 0.3613586 0.6982117 0.3613586 0.7901917 0.2622375 0.5 0.2622375 0.5 0.4073486 0.6982117 0.3613586 0.5 0.2622375 0.7298584 0.4613037 0.6982117 0.3613586 0.5 0.4073486 0.5 0.4073486 0.5 0.4920959 0.7298584 0.4613037 0.2701111 0.4613037 0.5 0.4920959 0.5 0.4073486 0.3017578 0.3613586 0.2701111 0.4613037 0.5 0.4073486 0.1018372 0.3771667 0.2701111 0.4613037 0.3017578 0.3613586 0.760498 0.01818847 0.2432861 0.2292175 0.2432861 0.01818847 0.760498 0.2292175 0.2432861 0.2292175 0.760498 0.01818847 0.9723511 0.2157288 0.760498 0.2292175 0.760498 0.01818847 0.760498 0.01818847 0.2432861 0.2292175 0.2432861 0.01818847 0.760498 0.2292175 0.2432861 0.2292175 0.760498 0.01818847 0.9723511 0.2157288 0.760498 0.2292175 0.760498 0.01818847 0.760498 0.01818847 0.2432861 0.2292175 0.2432861 0.01818847 0.760498 0.2292175 0.2432861 0.2292175 0.760498 0.01818847 0.9723511 0.2157288 0.760498 0.2292175 0.760498 0.01818847 0.760498 0.01818847 0.2432861 0.2292175 0.2432861 0.01818847 0.760498 0.2292175 0.2432861 0.2292175 0.760498 0.01818847 0.9723511 0.2157288 0.760498 0.2292175 0.760498 0.01818847 0.760498 0.01818847 0.2432861 0.2292175 0.2432861 0.01818847 0.760498 0.2292175 0.2432861 0.2292175 0.760498 0.01818847 0.9723511 0.2157288 0.760498 0.2292175 0.760498 0.01818847 0.760498 0.01818847 0.2432861 0.2292175 0.2432861 0.01818847 0.760498 0.2292175 0.2432861 0.2292175 0.760498 0.01818847 0.9723511 0.2157288 0.760498 0.2292175 0.760498 0.01818847 0.760498 0.01818847 0.2432861 0.2292175 0.2432861 0.01818847 0.760498 0.2292175 0.2432861 0.2292175 0.760498 0.01818847 0.9723511 0.2157288 0.760498 0.2292175 0.760498 0.01818847 0.760498 0.01818847 0.2432861 0.2292175 0.2432861 0.01818847 0.760498 0.2292175 0.2432861 0.2292175 0.760498 0.01818847 0.9723511 0.2157288 0.760498 0.2292175 0.760498 0.01818847 0.760498 0.01818847 0.9723511 0.2292175 0.9723511 0.01818847 0.760498 0.2292175 0.9723511 0.2292175 0.760498 0.01818847 0.2432861 0.2292175 0.760498 0.2292175 0.760498 0.01818847 0.760498 0.01818847 0.2432861 0.2292175 0.2432861 0.01818847 0.760498 0.2292175 0.2432861 0.2292175 0.760498 0.01818847 0.9723511 0.2157288 0.760498 0.2292175 0.760498 0.01818847 0.760498 0.01818847 0.2432861 0.2292175 0.2432861 0.01818847 0.760498 0.2292175 0.2432861 0.2292175 0.760498 0.01818847 0.9723511 0.2157288 0.760498 0.2292175 0.760498 0.01818847 0.760498 0.01818847 0.2432861 0.2292175 0.2432861 0.01818847 0.760498 0.2292175 0.2432861 0.2292175 0.760498 0.01818847 0.9723511 0.2157288 0.760498 0.2292175 0.760498 0.01818847 0.760498 0.01818847 0.2432861 0.2292175 0.2432861 0.01818847 0.760498 0.2292175 0.2432861 0.2292175 0.760498 0.01818847 0.9723511 0.2157288 0.760498 0.2292175 0.760498 0.01818847 0.2432861 0.2292175 0.0314331 0.01818847 0.0314331 0.2292175 0.2432861 0.01818847 0.0314331 0.01818847 0.2432861 0.2292175 0.760498 0.01818847 0.2432861 0.01818847 0.2432861 0.2292175 0.2432861 0.2292175 0.0314331 0.01818847 0.0314331 0.2292175 0.2432861 0.01818847 0.0314331 0.01818847 0.2432861 0.2292175 0.760498 0.01818847 0.2432861 0.01818847 0.2432861 0.2292175 0.2432861 0.2292175 0.0314331 0.01818847 0.0314331 0.2292175 0.2432861 0.01818847 0.0314331 0.01818847 0.2432861 0.2292175 0.760498 0.01818847 0.2432861 0.01818847 0.2432861 0.2292175 0.2432861 0.2292175 0.0314331 0.01818847 0.0314331 0.2292175 0.2432861 0.01818847 0.0314331 0.01818847 0.2432861 0.2292175 0.760498 0.01818847 0.2432861 0.01818847 0.2432861 0.2292175 0.2432861 0.2292175 0.0314331 0.01818847 0.0314331 0.2292175 0.2432861 0.01818847 0.0314331 0.01818847 0.2432861 0.2292175 0.760498 0.01818847 0.2432861 0.01818847 0.2432861 0.2292175 0.760498 0.01818847 0.2432861 0.2292175 0.2432861 0.01818847 0.760498 0.2292175 0.2432861 0.2292175 0.760498 0.01818847 0.9723511 0.2157288 0.760498 0.2292175 0.760498 0.01818847 0.760498 0.01818847 0.2432861 0.2292175 0.2432861 0.01818847 0.760498 0.2292175 0.2432861 0.2292175 0.760498 0.01818847 0.9723511 0.2157288 0.760498 0.2292175 0.760498 0.01818847 0.760498 0.01818847 0.2432861 0.2292175 0.2432861 0.01818847 0.760498 0.2292175 0.2432861 0.2292175 0.760498 0.01818847 0.9723511 0.2157288 0.760498 0.2292175 0.760498 0.01818847 0.760498 0.01818847 0.2432861 0.2292175 0.2432861 0.01818847 0.760498 0.2292175 0.2432861 0.2292175 0.760498 0.01818847 0.9723511 0.2157288 0.760498 0.2292175 0.760498 0.01818847 0.760498 0.01818847 0.2432861 0.2292175 0.2432861 0.01818847 0.760498 0.2292175 0.2432861 0.2292175 0.760498 0.01818847 0.9723511 0.2157288 0.760498 0.2292175 0.760498 0.01818847 0.760498 0.01818847 0.2432861 0.2292175 0.2432861 0.01818847 0.760498 0.2292175 0.2432861 0.2292175 0.760498 0.01818847 0.9723511 0.2157288 0.760498 0.2292175 0.760498 0.01818847 0.2432861 0.2292175 0.0314331 0.01818847 0.0314331 0.2292175 0.2432861 0.01818847 0.0314331 0.01818847 0.2432861 0.2292175 0.760498 0.01818847 0.2432861 0.01818847 0.2432861 0.2292175 0.2432861 0.2292175 0.0314331 0.01818847 0.0314331 0.2292175 0.2432861 0.01818847 0.0314331 0.01818847 0.2432861 0.2292175 0.760498 0.01818847 0.2432861 0.01818847 0.2432861 0.2292175 0.2432861 0.2292175 0.0314331 0.01818847 0.0314331 0.2292175 0.2432861 0.01818847 0.0314331 0.01818847 0.2432861 0.2292175 0.760498 0.01818847 0.2432861 0.01818847 0.2432861 0.2292175 0.2432861 0.2292175 0.0314331 0.01818847 0.0314331 0.2292175 0.2432861 0.01818847 0.0314331 0.01818847 0.2432861 0.2292175 0.760498 0.01818847 0.2432861 0.01818847 0.2432861 0.2292175 0.2432861 0.2292175 0.0314331 0.01818847 0.0314331 0.2292175 0.2432861 0.01818847 0.0314331 0.01818847 0.2432861 0.2292175 0.760498 0.01818847 0.2432861 0.01818847 0.2432861 0.2292175 0.2432861 0.2292175 0.0314331 0.01818847 0.0314331 0.2292175 0.2432861 0.01818847 0.0314331 0.01818847 0.2432861 0.2292175 0.760498 0.01818847 0.2432861 0.01818847 0.2432861 0.2292175 0.2432861 0.2292175 0.0314331 0.01818847 0.0314331 0.2292175 0.2432861 0.01818847 0.0314331 0.01818847 0.2432861 0.2292175 0.760498 0.01818847 0.2432861 0.01818847 0.2432861 0.2292175 0.760498 0.01818847 0.9723511 0.2292175 0.9723511 0.01818847 0.760498 0.2292175 0.9723511 0.2292175 0.760498 0.01818847 0.2432861 0.2292175 0.760498 0.2292175 0.760498 0.01818847 0.760498 0.01818847 0.2432861 0.2292175 0.2432861 0.01818847 0.760498 0.2292175 0.2432861 0.2292175 0.760498 0.01818847 0.9723511 0.2157288 0.760498 0.2292175 0.760498 0.01818847 0.760498 0.01818847 0.2432861 0.2292175 0.2432861 0.01818847 0.760498 0.2292175 0.2432861 0.2292175 0.760498 0.01818847 0.9723511 0.2157288 0.760498 0.2292175 0.760498 0.01818847 0.2432861 0.2292175 0.760498 0.01818847 0.760498 0.2292175 0.2432861 0.01818847 0.760498 0.01818847 0.2432861 0.2292175 0.0314331 0.03164672 0.2432861 0.01818847 0.2432861 0.2292175 0.5007324 0.5112305 0.270874 0.7102966 0.1026 0.6261597 0.5007324 0.7410889 0.270874 0.7102966 0.5007324 0.5112305 0.7305908 0.7102966 0.5007324 0.7410889 0.5007324 0.5112305 0.2432861 0.2292175 0.0314331 0.01818847 0.0314331 0.2292175 0.2432861 0.01818847 0.0314331 0.01818847 0.2432861 0.2292175 0.760498 0.01818847 0.2432861 0.01818847 0.2432861 0.2292175 0.2432861 0.2292175 0.0314331 0.01818847 0.0314331 0.2292175 0.2432861 0.01818847 0.0314331 0.01818847 0.2432861 0.2292175 0.760498 0.01818847 0.2432861 0.01818847 0.2432861 0.2292175 0.7901917 0.2622375 0.8981323 0.3771667 0.6982117 0.3613586 0.9597168 0.2622375 0.8981323 0.3771667 0.7901917 0.2622375 0.8981323 0.3771667 0.9597168 0.2622375 0.7901917 0.2622375 0.2432861 0.2292175 0.0314331 0.01818847 0.0314331 0.2292175 0.2432861 0.01818847 0.0314331 0.01818847 0.2432861 0.2292175 0.760498 0.01818847 0.2432861 0.01818847 0.2432861 0.2292175 0.5007324 0.5112305 0.270874 0.7102966 0.5007324 0.7410889 0.1026 0.6261597 0.270874 0.7102966 0.5007324 0.5112305 0.0409851 0.5112305 0.1026 0.6261597 0.5007324 0.5112305 0.5007324 0.5112305 0.270874 0.7102966 0.1026 0.6261597 0.5007324 0.7410889 0.270874 0.7102966 0.5007324 0.5112305 0.7305908 0.7102966 0.5007324 0.7410889 0.5007324 0.5112305 0.5007324 0.5112305 0.8988647 0.6261597 0.7305908 0.7102966 0.9604492 0.5112305 0.8988647 0.6261597 0.5007324 0.5112305 0.8988647 0.6261597 0.9604492 0.5112305 0.5007324 0.5112305 0.2432861 0.2292175 0.0314331 0.01818847 0.0314331 0.2292175 0.2432861 0.01818847 0.0314331 0.01818847 0.2432861 0.2292175 0.760498 0.01818847 0.2432861 0.01818847 0.2432861 0.2292175 0.5007324 0.5112305 0.1026 0.6261597 0.270874 0.7102966 0.0409851 0.5112305 0.1026 0.6261597 0.5007324 0.5112305 0.1026 0.6261597 0.0409851 0.5112305 0.5007324 0.5112305 0.2432861 0.2292175 0.0314331 0.01818847 0.0314331 0.2292175 0.2432861 0.01818847 0.0314331 0.01818847 0.2432861 0.2292175 0.760498 0.01818847 0.2432861 0.01818847 0.2432861 0.2292175 0.2432861 0.2292175 0.0314331 0.01818847 0.0314331 0.2292175 0.2432861 0.01818847 0.0314331 0.01818847 0.2432861 0.2292175 0.760498 0.01818847 0.2432861 0.01818847 0.2432861 0.2292175 0.7901917 0.2622375 0.8981323 0.3771667 0.6982117 0.3613586 0.9597168 0.2622375 0.8981323 0.3771667 0.7901917 0.2622375 0.8981323 0.3771667 0.9597168 0.2622375 0.7901917 0.2622375 0.2432861 0.2292175 0.0314331 0.01818847 0.0314331 0.2292175 0.2432861 0.01818847 0.0314331 0.01818847 0.2432861 0.2292175 0.760498 0.01818847 0.2432861 0.01818847 0.2432861 0.2292175 0.5007324 0.5112305 0.5007324 0.7410889 0.270874 0.7102966 0.7305908 0.7102966 0.5007324 0.7410889 0.5007324 0.5112305 0.8988647 0.6261597 0.7305908 0.7102966 0.5007324 0.5112305 0.5007324 0.5112305 0.9604492 0.5112305 0.8988647 0.6261597 0.8988647 0.6261597 0.9604492 0.5112305 0.5007324 0.5112305 0.7305908 0.7102966 0.8988647 0.6261597 0.5007324 0.5112305 0.5007324 0.5112305 0.5007324 0.7410889 0.7305908 0.7102966 0.270874 0.7102966 0.5007324 0.7410889 0.5007324 0.5112305 0.1026 0.6261597 0.270874 0.7102966 0.5007324 0.5112305 0.5007324 0.5112305 0.7305908 0.7102966 0.8988647 0.6261597 0.5007324 0.7410889 0.7305908 0.7102966 0.5007324 0.5112305 0.270874 0.7102966 0.5007324 0.7410889 0.5007324 0.5112305 0.2432861 0.2292175 0.0314331 0.01818847 0.0314331 0.2292175 0.2432861 0.01818847 0.0314331 0.01818847 0.2432861 0.2292175 0.760498 0.01818847 0.2432861 0.01818847 0.2432861 0.2292175 0.2432861 0.2292175 0.0314331 0.01818847 0.0314331 0.2292175 0.2432861 0.01818847 0.0314331 0.01818847 0.2432861 0.2292175 0.760498 0.01818847 0.2432861 0.01818847 0.2432861 0.2292175 0.2432861 0.2292175 0.0314331 0.01818847 0.0314331 0.2292175 0.2432861 0.01818847 0.0314331 0.01818847 0.2432861 0.2292175 0.760498 0.01818847 0.2432861 0.01818847 0.2432861 0.2292175 0.5 0.2622375 0.3017578 0.3613586 0.2097778 0.2622375 0.5 0.4073486 0.3017578 0.3613586 0.5 0.2622375 0.6982117 0.3613586 0.5 0.4073486 0.5 0.2622375 0.2432861 0.2292175 0.0314331 0.01818847 0.0314331 0.2292175 0.2432861 0.01818847 0.0314331 0.01818847 0.2432861 0.2292175 0.760498 0.01818847 0.2432861 0.01818847 0.2432861 0.2292175 0.760498 0.01818847 0.2432861 0.2292175 0.2432861 0.01818847 0.760498 0.2292175 0.2432861 0.2292175 0.760498 0.01818847 0.9723511 0.2157288 0.760498 0.2292175 0.760498 0.01818847 0.760498 0.01818847 0.2432861 0.2292175 0.2432861 0.01818847 0.760498 0.2292175 0.2432861 0.2292175 0.760498 0.01818847 0.9723511 0.2157288 0.760498 0.2292175 0.760498 0.01818847 0.760498 0.01818847 0.2432861 0.2292175 0.2432861 0.01818847 0.760498 0.2292175 0.2432861 0.2292175 0.760498 0.01818847 0.9723511 0.2157288 0.760498 0.2292175 0.760498 0.01818847 0.5007324 0.5112305 0.0409851 0.5112305 0.1026 0.6261597 0.1026 0.6261597 0.0409851 0.5112305 0.5007324 0.5112305 0.270874 0.7102966 0.1026 0.6261597 0.5007324 0.5112305 0.760498 0.2292175 0.760498 0.01818847 0.2432861 0.2292175 0.9723511 0.2292175 0.760498 0.01818847 0.760498 0.2292175 0.760498 0.2292175 0.760498 0.01818847 0.2432861 0.2292175 0.9723511 0.2292175 0.760498 0.01818847 0.760498 0.2292175 0.760498 0.2292175 0.760498 0.01818847 0.2432861 0.2292175 0.9723511 0.2292175 0.760498 0.01818847 0.760498 0.2292175 0.760498 0.2292175 0.760498 0.01818847 0.2432861 0.2292175 0.9723511 0.2292175 0.760498 0.01818847 0.760498 0.2292175 0.760498 0.2292175 0.760498 0.01818847 0.2432861 0.2292175 0.9723511 0.2292175 0.760498 0.01818847 0.760498 0.2292175 0.760498 0.2292175 0.760498 0.01818847 0.2432861 0.2292175 0.9723511 0.2292175 0.760498 0.01818847 0.760498 0.2292175 0.760498 0.2292175 0.760498 0.01818847 0.2432861 0.2292175 0.9723511 0.2292175 0.760498 0.01818847 0.760498 0.2292175 0.760498 0.2292175 0.760498 0.01818847 0.2432861 0.2292175 0.9723511 0.2292175 0.760498 0.01818847 0.760498 0.2292175 0.760498 0.2292175 0.760498 0.01818847 0.2432861 0.2292175 0.9723511 0.2292175 0.760498 0.01818847 0.760498 0.2292175 0.760498 0.2292175 0.760498 0.01818847 0.2432861 0.2292175 0.9723511 0.2292175 0.760498 0.01818847 0.760498 0.2292175 0.760498 0.2292175 0.760498 0.01818847 0.2432861 0.2292175 0.9723511 0.2292175 0.760498 0.01818847 0.760498 0.2292175 0.760498 0.2292175 0.760498 0.01818847 0.2432861 0.2292175 0.9723511 0.2292175 0.760498 0.01818847 0.760498 0.2292175 0.760498 0.2292175 0.760498 0.01818847 0.2432861 0.2292175 0.9723511 0.2292175 0.760498 0.01818847 0.760498 0.2292175 0.760498 0.2292175 0.760498 0.01818847 0.2432861 0.2292175 0.9723511 0.2292175 0.760498 0.01818847 0.760498 0.2292175 0.0314331 0.03164672 0.2432861 0.2292175 0.0314331 0.2157288 0.2432861 0.01818847 0.2432861 0.2292175 0.0314331 0.03164672 0.760498 0.2292175 0.760498 0.01818847 0.2432861 0.2292175 0.9723511 0.2292175 0.760498 0.01818847 0.760498 0.2292175 0.0314331 0.03164672 0.2432861 0.2292175 0.0314331 0.2157288 0.2432861 0.01818847 0.2432861 0.2292175 0.0314331 0.03164672 0.760498 0.2292175 0.760498 0.01818847 0.2432861 0.2292175 0.9723511 0.2292175 0.760498 0.01818847 0.760498 0.2292175 0.9723511 0.2157288 0.760498 0.01818847 0.9723511 0.03164672 0.760498 0.2292175 0.760498 0.01818847 0.9723511 0.2157288 0.2432861 0.01818847 0.2432861 0.2292175 0.760498 0.01818847 0.0314331 0.01818847 0.2432861 0.2292175 0.2432861 0.01818847 0.0314331 0.03164672 0.2432861 0.2292175 0.0314331 0.2157288 0.2432861 0.01818847 0.2432861 0.2292175 0.0314331 0.03164672 0.0409851 0.5112305 0.5007324 0.5112305 0.1026 0.6261597 0.1026 0.6261597 0.5007324 0.5112305 0.0409851 0.5112305 0.270874 0.7102966 0.5007324 0.5112305 0.1026 0.6261597 0.5007324 0.7410889 0.5007324 0.5112305 0.270874 0.7102966 0.7305908 0.7102966 0.5007324 0.5112305 0.5007324 0.7410889 0.8988647 0.6261597 0.5007324 0.5112305 0.7305908 0.7102966 0.9604492 0.5112305 0.5007324 0.5112305 0.8988647 0.6261597 0.8988647 0.6261597 0.5007324 0.5112305 0.9604492 0.5112305 0.0314331 0.03164672 0.2432861 0.2292175 0.0314331 0.2157288 0.2432861 0.01818847 0.2432861 0.2292175 0.0314331 0.03164672 0.0314331 0.03164672 0.2432861 0.2292175 0.0314331 0.2157288 0.2432861 0.01818847 0.2432861 0.2292175 0.0314331 0.03164672 0.3017578 0.3613586 0.5 0.2622375 0.2097778 0.2622375 0.5 0.4073486 0.5 0.2622375 0.3017578 0.3613586 0.5 0.4920959 0.5 0.4073486 0.7298584 0.4613037 0.2701111 0.4613037 0.5 0.4073486 0.5 0.4920959 0.2701111 0.4613037 0.3017578 0.3613586 0.5 0.4073486 0.1018372 0.3771667 0.3017578 0.3613586 0.2701111 0.4613037 0.0314331 0.03164672 0.2432861 0.2292175 0.0314331 0.2157288 0.2432861 0.01818847 0.2432861 0.2292175 0.0314331 0.03164672 0.0314331 0.03164672 0.2432861 0.2292175 0.0314331 0.2157288 0.2432861 0.01818847 0.2432861 0.2292175 0.0314331 0.03164672 0.6982117 0.3613586 0.8981323 0.3771667 0.7901917 0.2622375 0.7298584 0.4613037 0.8981323 0.3771667 0.6982117 0.3613586 0.0314331 0.03164672 0.2432861 0.2292175 0.0314331 0.2157288 0.2432861 0.01818847 0.2432861 0.2292175 0.0314331 0.03164672 0.7305908 0.7102966 0.5007324 0.5112305 0.5007324 0.7410889 0.8988647 0.6261597 0.5007324 0.5112305 0.7305908 0.7102966 0.9604492 0.5112305 0.5007324 0.5112305 0.8988647 0.6261597 0.8988647 0.6261597 0.5007324 0.5112305 0.9604492 0.5112305 0.7305908 0.7102966 0.5007324 0.5112305 0.8988647 0.6261597 0.5007324 0.7410889 0.5007324 0.5112305 0.7305908 0.7102966 0.270874 0.7102966 0.5007324 0.5112305 0.5007324 0.7410889 0.1026 0.6261597 0.5007324 0.5112305 0.270874 0.7102966 0.0314331 0.03164672 0.2432861 0.2292175 0.0314331 0.2157288 0.2432861 0.01818847 0.2432861 0.2292175 0.0314331 0.03164672 0.0314331 0.03164672 0.2432861 0.2292175 0.0314331 0.2157288 0.2432861 0.01818847 0.2432861 0.2292175 0.0314331 0.03164672 0.0314331 0.03164672 0.2432861 0.2292175 0.0314331 0.2157288 0.2432861 0.01818847 0.2432861 0.2292175 0.0314331 0.03164672 0.0314331 0.03164672 0.2432861 0.2292175 0.0314331 0.2157288 0.2432861 0.01818847 0.2432861 0.2292175 0.0314331 0.03164672 0.0314331 0.03164672 0.2432861 0.2292175 0.0314331 0.2157288 0.2432861 0.01818847 0.2432861 0.2292175 0.0314331 0.03164672 0.0314331 0.03164672 0.2432861 0.2292175 0.0314331 0.2157288 0.2432861 0.01818847 0.2432861 0.2292175 0.0314331 0.03164672 0.3017578 0.3613586 0.5 0.2622375 0.2097778 0.2622375 0.5 0.4073486 0.5 0.2622375 0.3017578 0.3613586 0.5 0.4920959 0.5 0.4073486 0.7298584 0.4613037 0.2701111 0.4613037 0.5 0.4073486 0.5 0.4920959 0.2701111 0.4613037 0.3017578 0.3613586 0.5 0.4073486 0.1018372 0.3771667 0.3017578 0.3613586 0.2701111 0.4613037 0.760498 0.2292175 0.760498 0.01818847 0.2432861 0.2292175 0.9723511 0.2292175 0.760498 0.01818847 0.760498 0.2292175 0.0314331 0.03164672 0.2432861 0.2292175 0.0314331 0.2157288 0.2432861 0.01818847 0.2432861 0.2292175 0.0314331 0.03164672 0.6982117 0.3613586 0.8981323 0.3771667 0.7901917 0.2622375 0.7298584 0.4613037 0.8981323 0.3771667 0.6982117 0.3613586 0.0314331 0.03164672 0.2432861 0.2292175 0.0314331 0.2157288 0.2432861 0.01818847 0.2432861 0.2292175 0.0314331 0.03164672 0.0314331 0.03164672 0.2432861 0.2292175 0.0314331 0.2157288 0.2432861 0.01818847 0.2432861 0.2292175 0.0314331 0.03164672 0.0314331 0.03164672 0.2432861 0.2292175 0.0314331 0.2157288 0.2432861 0.01818847 0.2432861 0.2292175 0.0314331 0.03164672 0.0314331 0.03164672 0.2432861 0.2292175 0.0314331 0.2157288 0.2432861 0.01818847 0.2432861 0.2292175 0.0314331 0.03164672 0.0314331 0.03164672 0.2432861 0.2292175 0.0314331 0.2157288 0.2432861 0.01818847 0.2432861 0.2292175 0.0314331 0.03164672 0.0314331 0.03164672 0.2432861 0.2292175 0.0314331 0.2157288 0.2432861 0.01818847 0.2432861 0.2292175 0.0314331 0.03164672 0.0314331 0.03164672 0.2432861 0.2292175 0.0314331 0.2157288 0.2432861 0.01818847 0.2432861 0.2292175 0.0314331 0.03164672 0.0314331 0.03164672 0.2432861 0.2292175 0.0314331 0.2157288 0.2432861 0.01818847 0.2432861 0.2292175 0.0314331 0.03164672 0.5 0.2622375 0.7901917 0.2622375 0.6982117 0.3613586 0.6982117 0.3613586 0.7901917 0.2622375 0.5 0.2622375 0.760498 0.2292175 0.760498 0.01818847 0.2432861 0.2292175 0.9723511 0.2292175 0.760498 0.01818847 0.760498 0.2292175 0.760498 0.2292175 0.760498 0.01818847 0.2432861 0.2292175 0.9723511 0.2292175 0.760498 0.01818847 0.760498 0.2292175 0.760498 0.2292175 0.760498 0.01818847 0.2432861 0.2292175 0.9723511 0.2292175 0.760498 0.01818847 0.760498 0.2292175 0.760498 0.2292175 0.760498 0.01818847 0.2432861 0.2292175 0.9723511 0.2292175 0.760498 0.01818847 0.760498 0.2292175 0.760498 0.2292175 0.760498 0.01818847 0.2432861 0.2292175 0.9723511 0.2292175 0.760498 0.01818847 0.760498 0.2292175 0.6982117 0.3613586 0.5 0.2622375 0.7901917 0.2622375 0.5 0.4073486 0.5 0.2622375 0.6982117 0.3613586 0.3017578 0.3613586 0.5 0.2622375 0.5 0.4073486 0.2097778 0.2622375 0.5 0.2622375 0.3017578 0.3613586 0.2097778 0.2622375 0.3017578 0.3613586 0.5 0.2622375 0.1018372 0.3771667 0.3017578 0.3613586 0.2097778 0.2622375 0.9723511 0.01818847 0.760498 0.01818847 0.9723511 0.2292175 0.9723511 0.01818847 0.760498 0.01818847 0.9723511 0.2292175 0.9723511 0.01818847 0.760498 0.01818847 0.9723511 0.2292175 0.9723511 0.01818847 0.760498 0.01818847 0.9723511 0.2292175 0.9723511 0.01818847 0.760498 0.01818847 0.9723511 0.2292175 0.9723511 0.01818847 0.760498 0.01818847 0.9723511 0.2292175 0.9723511 0.01818847 0.760498 0.01818847 0.9723511 0.2292175 0.9723511 0.01818847 0.760498 0.01818847 0.9723511 0.2292175 0.9723511 0.01818847 0.760498 0.01818847 0.9723511 0.2292175 0.9723511 0.01818847 0.760498 0.01818847 0.9723511 0.2292175 0.9723511 0.01818847 0.760498 0.01818847 0.9723511 0.2292175 0.9723511 0.03164672 0.9723511 0.2157288 0.760498 0.01818847 0.9723511 0.03164672 0.9723511 0.2157288 0.760498 0.01818847 0.9723511 0.03164672 0.9723511 0.2157288 0.760498 0.01818847 0.9723511 0.03164672 0.9723511 0.2157288 0.760498 0.01818847 0.9723511 0.03164672 0.9723511 0.2157288 0.760498 0.01818847 0.9723511 0.03164672 0.9723511 0.2157288 0.760498 0.01818847 0.9723511 0.03164672 0.9723511 0.2157288 0.760498 0.01818847 0.9723511 0.03164672 0.9723511 0.2157288 0.760498 0.01818847 0.9723511 0.03164672 0.9723511 0.2157288 0.760498 0.01818847 0.9723511 0.03164672 0.9723511 0.2157288 0.760498 0.01818847 0.9723511 0.03164672 0.9723511 0.2157288 0.760498 0.01818847 0.9723511 0.03164672 0.9723511 0.2157288 0.760498 0.01818847 0.0314331 0.01818847 0.0314331 0.2292175 0.2432861 0.2292175 0.9723511 0.01818847 0.760498 0.01818847 0.9723511 0.2292175 0.9723511 0.01818847 0.760498 0.01818847 0.9723511 0.2292175 0.9723511 0.01818847 0.760498 0.01818847 0.9723511 0.2292175 0.9723511 0.01818847 0.760498 0.01818847 0.9723511 0.2292175 0.9723511 0.01818847 0.760498 0.01818847 0.9723511 0.2292175 0.9723511 0.01818847 0.760498 0.01818847 0.9723511 0.2292175 0.9723511 0.01818847 0.760498 0.01818847 0.9723511 0.2292175 0.9723511 0.01818847 0.760498 0.01818847 0.9723511 0.2292175 0.9723511 0.01818847 0.760498 0.01818847 0.9723511 0.2292175 0.9723511 0.01818847 0.760498 0.01818847 0.9723511 0.2292175 0.9723511 0.01818847 0.760498 0.01818847 0.9723511 0.2292175 0.9723511 0.03164672 0.9723511 0.2157288 0.760498 0.01818847 0.9723511 0.03164672 0.9723511 0.2157288 0.760498 0.01818847 0.9723511 0.03164672 0.9723511 0.2157288 0.760498 0.01818847 0.9723511 0.03164672 0.9723511 0.2157288 0.760498 0.01818847 0.9723511 0.03164672 0.9723511 0.2157288 0.760498 0.01818847 0.9723511 0.03164672 0.9723511 0.2157288 0.760498 0.01818847 0.9723511 0.03164672 0.9723511 0.2157288 0.760498 0.01818847 0.9723511 0.03164672 0.9723511 0.2157288 0.760498 0.01818847 0.9723511 0.03164672 0.9723511 0.2157288 0.760498 0.01818847 0.9723511 0.03164672 0.9723511 0.2157288 0.760498 0.01818847 0.9723511 0.03164672 0.9723511 0.2157288 0.760498 0.01818847 0.2432861 0.2292175 0.0314331 0.2157288 0.0314331 0.03164672 0.5007324 0.5112305 0.8988647 0.6261597 0.7305908 0.7102966 0.5007324 0.5112305 0.1026 0.6261597 0.0409851 0.5112305 0.8981323 0.3771667 0.7901917 0.2622375 0.6982117 0.3613586 0.1018372 0.3771667 0.2701111 0.4613037 0.3017578 0.3613586</float_array>
          <technique_common>
            <accessor source="#polygon1-mesh-map-0-array" count="1344" stride="2">
              <param name="S" type="float"/>
              <param name="T" type="float"/>
            </accessor>
          </technique_common>
        </source>
        <source id="polygon1-mesh-colors-polygon1_Colors0" name="polygon1_Colors0">
          <float_array id="polygon1-mesh-colors-polygon1_Colors0-array" count="5376">0.8470588 0.8470588 0.8470588 1 0.8470588 0.8470588 0.8470588 1 0.8470588 0.8470588 0.8470588 1 0.8470588 0.8470588 0.8470588 1 0.8470588 0.8470588 0.8470588 1 0.8470588 0.8470588 0.8470588 1 0.2588235 0.2588235 0.2588235 1 0.8470588 0.8470588 0.8470588 1 0.8470588 0.8470588 0.8470588 1 0.8470588 0.8470588 0.8470588 1 0.8470588 0.8470588 0.8470588 1 0.2588235 0.2588235 0.2588235 1 0.8470588 0.8470588 0.8470588 1 0.8470588 0.8470588 0.8470588 1 0.2588235 0.2588235 0.2588235 1 0.8470588 0.8470588 0.8470588 1 0.8470588 0.8470588 0.8470588 1 0.8470588 0.8470588 0.8470588 1 0.8470588 0.8470588 0.8470588 1 0.8470588 0.8470588 0.8470588 1 0.8470588 0.8470588 0.8470588 1 0.8470588 0.8470588 0.8470588 1 0.8470588 0.8470588 0.8470588 1 0.8470588 0.8470588 0.8470588 1 0.8470588 0.8470588 0.8470588 1 0.8470588 0.8470588 0.8470588 1 0.8470588 0.8470588 0.8470588 1 0.2588235 0.2588235 0.2588235 1 0.8470588 0.8470588 0.8470588 1 0.8470588 0.8470588 0.8470588 1 0.8470588 0.8470588 0.8470588 1 0.8470588 0.8470588 0.8470588 1 0.2588235 0.2588235 0.2588235 1 0.8470588 0.8470588 0.8470588 1 0.8470588 0.8470588 0.8470588 1 0.2588235 0.2588235 0.2588235 1 0.8470588 0.8470588 0.8470588 1 0.8470588 0.8470588 0.8470588 1 0.8470588 0.8470588 0.8470588 1 0.8470588 0.8470588 0.8470588 1 0.8470588 0.8470588 0.8470588 1 0.8470588 0.8470588 0.8470588 1 0.8470588 0.8470588 0.8470588 1 0.8470588 0.8470588 0.8470588 1 0.8470588 0.8470588 0.8470588 1 0.8470588 0.8470588 0.8470588 1 0.8470588 0.8470588 0.8470588 1 0.8470588 0.8470588 0.8470588 1 0.8470588 0.8470588 0.8470588 1 0.8470588 0.8470588 0.8470588 1 0.8470588 0.8470588 0.8470588 1 0.8470588 0.8470588 0.8470588 1 0.8470588 0.8470588 0.8470588 1 0.8470588 0.8470588 0.8470588 1 0.8470588 0.8470588 0.8470588 1 0.8470588 0.8470588 0.8470588 1 0.8470588 0.8470588 0.8470588 1 0.8470588 0.8470588 0.8470588 1 0.8470588 0.8470588 0.8470588 1 0.8470588 0.8470588 0.8470588 1 0.8470588 0.8470588 0.8470588 1 0.8470588 0.8470588 0.8470588 1 0.8470588 0.8470588 0.8470588 1 0.8470588 0.8470588 0.8470588 1 0.8470588 0.8470588 0.8470588 1 0.8470588 0.8470588 0.8470588 1 0.8470588 0.8470588 0.8470588 1 0.8470588 0.8470588 0.8470588 1 0.8470588 0.8470588 0.8470588 1 0.8470588 0.8470588 0.8470588 1 0.8470588 0.8470588 0.8470588 1 0.8470588 0.8470588 0.8470588 1 0.8470588 0.8470588 0.8470588 1 0.8470588 0.8470588 0.8470588 1 0.8470588 0.8470588 0.8470588 1 0.8470588 0.8470588 0.8470588 1 0.8470588 0.8470588 0.8470588 1 0.8470588 0.8470588 0.8470588 1 0.8470588 0.8470588 0.8470588 1 0.8470588 0.8470588 0.8470588 1 0.8470588 0.8470588 0.8470588 1 0.8470588 0.8470588 0.8470588 1 0.8470588 0.8470588 0.8470588 1 0.8470588 0.8470588 0.8470588 1 0.8470588 0.8470588 0.8470588 1 0.8470588 0.8470588 0.8470588 1 0.8470588 0.8470588 0.8470588 1 0.8470588 0.8470588 0.8470588 1 0.8470588 0.8470588 0.8470588 1 0.8470588 0.8470588 0.8470588 1 0.8470588 0.8470588 0.8470588 1 0.8470588 0.8470588 0.8470588 1 0.8470588 0.8470588 0.8470588 1 0.8470588 0.8470588 0.8470588 1 0.8470588 0.8470588 0.8470588 1 0.8470588 0.8470588 0.8470588 1 0.8470588 0.8470588 0.8470588 1 0.8470588 0.8470588 0.8470588 1 0.8470588 0.8470588 0.8470588 1 0.8470588 0.8470588 0.8470588 1 0.8470588 0.8470588 0.8470588 1 0.8470588 0.8470588 0.8470588 1 0.8470588 0.8470588 0.8470588 1 0.8470588 0.8470588 0.8470588 1 0.8470588 0.8470588 0.8470588 1 0.8470588 0.8470588 0.8470588 1 0.8470588 0.8470588 0.8470588 1 0.8470588 0.8470588 0.8470588 1 0.8470588 0.8470588 0.8470588 1 0.8470588 0.8470588 0.8470588 1 0.8470588 0.8470588 0.8470588 1 0.8470588 0.8470588 0.8470588 1 0.8470588 0.8470588 0.8470588 1 0.8470588 0.8470588 0.8470588 1 0.8470588 0.8470588 0.8470588 1 0.8470588 0.8470588 0.8470588 1 0.8470588 0.8470588 0.8470588 1 0.8470588 0.8470588 0.8470588 1 0.8470588 0.8470588 0.8470588 1 0.8470588 0.8470588 0.8470588 1 0.8470588 0.8470588 0.8470588 1 0.8470588 0.8470588 0.8470588 1 0.8470588 0.8470588 0.8470588 1 0.2588235 0.2588235 0.2588235 1 0.8470588 0.8470588 0.8470588 1 0.8470588 0.8470588 0.8470588 1 0.8470588 0.8470588 0.8470588 1 0.2588235 0.2588235 0.2588235 1 0.8470588 0.8470588 0.8470588 1 0.8470588 0.8470588 0.8470588 1 0.2588235 0.2588235 0.2588235 1 0.8470588 0.8470588 0.8470588 1 0.8470588 0.8470588 0.8470588 1 0.8470588 0.8470588 0.8470588 1 0.8470588 0.8470588 0.8470588 1 0.8470588 0.8470588 0.8470588 1 0.8470588 0.8470588 0.8470588 1 0.8470588 0.8470588 0.8470588 1 0.8470588 0.8470588 0.8470588 1 0.8470588 0.8470588 0.8470588 1 0.8470588 0.8470588 0.8470588 1 0.8470588 0.8470588 0.8470588 1 0.8470588 0.8470588 0.8470588 1 0.8470588 0.8470588 0.8470588 1 0.8470588 0.8470588 0.8470588 1 0.8470588 0.8470588 0.8470588 1 0.8470588 0.8470588 0.8470588 1 0.8470588 0.8470588 0.8470588 1 0.8470588 0.8470588 0.8470588 1 0.8470588 0.8470588 0.8470588 1 0.8470588 0.8470588 0.8470588 1 0.8470588 0.8470588 0.8470588 1 0.8470588 0.8470588 0.8470588 1 0.8470588 0.8470588 0.8470588 1 0.8470588 0.8470588 0.8470588 1 0.8470588 0.8470588 0.8470588 1 0.8470588 0.8470588 0.8470588 1 0.8470588 0.8470588 0.8470588 1 0.8470588 0.8470588 0.8470588 1 0.8470588 0.8470588 0.8470588 1 0.8470588 0.8470588 0.8470588 1 0.8470588 0.8470588 0.8470588 1 0.8470588 0.8470588 0.8470588 1 0.8470588 0.8470588 0.8470588 1 0.8470588 0.8470588 0.8470588 1 0.8470588 0.8470588 0.8470588 1 0.8470588 0.8470588 0.8470588 1 0.8470588 0.8470588 0.8470588 1 0.8470588 0.8470588 0.8470588 1 0.8470588 0.8470588 0.8470588 1 0.8470588 0.8470588 0.8470588 1 0.8470588 0.8470588 0.8470588 1 0.8470588 0.8470588 0.8470588 1 0.8470588 0.8470588 0.8470588 1 0.8470588 0.8470588 0.8470588 1 0.8470588 0.8470588 0.8470588 1 0.8470588 0.8470588 0.8470588 1 0.8470588 0.8470588 0.8470588 1 0.8470588 0.8470588 0.8470588 1 0.8470588 0.8470588 0.8470588 1 0.8470588 0.8470588 0.8470588 1 0.8470588 0.8470588 0.8470588 1 0.8470588 0.8470588 0.8470588 1 0.2588235 0.2588235 0.2588235 1 0.8470588 0.8470588 0.8470588 1 0.8470588 0.8470588 0.8470588 1 0.8470588 0.8470588 0.8470588 1 0.8470588 0.8470588 0.8470588 1 0.2588235 0.2588235 0.2588235 1 0.8470588 0.8470588 0.8470588 1 0.8470588 0.8470588 0.8470588 1 0.2588235 0.2588235 0.2588235 1 0.8470588 0.8470588 0.8470588 1 0.8470588 0.8470588 0.8470588 1 0.8470588 0.8470588 0.8470588 1 0.8470588 0.8470588 0.8470588 1 0.8470588 0.8470588 0.8470588 1 0.8470588 0.8470588 0.8470588 1 0.2588235 0.2588235 0.2588235 1 0.8470588 0.8470588 0.8470588 1 0.8470588 0.8470588 0.8470588 1 0.8470588 0.8470588 0.8470588 1 0.2588235 0.2588235 0.2588235 1 0.8470588 0.8470588 0.8470588 1 0.8470588 0.8470588 0.8470588 1 0.2588235 0.2588235 0.2588235 1 0.8470588 0.8470588 0.8470588 1 0.2588235 0.2588235 0.2588235 1 0.8470588 0.8470588 0.8470588 1 0.8470588 0.8470588 0.8470588 1 0.8470588 0.8470588 0.8470588 1 0.8470588 0.8470588 0.8470588 1 0.2588235 0.2588235 0.2588235 1 0.8470588 0.8470588 0.8470588 1 0.8470588 0.8470588 0.8470588 1 0.2588235 0.2588235 0.2588235 1 0.8470588 0.8470588 0.8470588 1 0.8470588 0.8470588 0.8470588 1 0.8470588 0.8470588 0.8470588 1 0.8470588 0.8470588 0.8470588 1 0.8470588 0.8470588 0.8470588 1 0.8470588 0.8470588 0.8470588 1 0.8470588 0.8470588 0.8470588 1 0.8470588 0.8470588 0.8470588 1 0.8470588 0.8470588 0.8470588 1 0.8470588 0.8470588 0.8470588 1 0.8470588 0.8470588 0.8470588 1 0.8470588 0.8470588 0.8470588 1 0.8470588 0.8470588 0.8470588 1 0.8470588 0.8470588 0.8470588 1 0.8470588 0.8470588 0.8470588 1 1 1 1 1 1 1 1 1 1 1 1 1 1 1 1 1 1 1 1 1 1 1 1 1 0.8470588 0.8470588 0.8470588 1 1 1 1 1 1 1 1 1 1 1 1 1 1 1 1 1 1 1 1 1 1 1 1 1 1 1 1 1 1 1 1 1 0.8470588 0.8470588 0.8470588 1 1 1 1 1 1 1 1 1 1 1 1 1 1 1 1 1 1 1 1 1 1 1 1 1 1 1 1 1 1 1 1 1 0.8470588 0.8470588 0.8470588 1 1 1 1 1 1 1 1 1 1 1 1 1 1 1 1 1 1 1 1 1 1 1 1 1 1 1 1 1 1 1 1 1 0.8470588 0.8470588 0.8470588 1 1 1 1 1 1 1 1 1 1 1 1 1 1 1 1 1 1 1 1 1 1 1 1 1 1 1 1 1 1 1 1 1 0.8470588 0.8470588 0.8470588 1 1 1 1 1 1 1 1 1 1 1 1 1 1 1 1 1 1 1 1 1 1 1 1 1 1 1 1 1 1 1 1 1 0.8470588 0.8470588 0.8470588 1 1 1 1 1 1 1 1 1 1 1 1 1 1 1 1 1 1 1 1 1 1 1 1 1 1 1 1 1 1 1 1 1 0.8470588 0.8470588 0.8470588 1 1 1 1 1 1 1 1 1 1 1 1 1 1 1 1 1 1 1 1 1 1 1 1 1 1 1 1 1 1 1 1 1 0.8470588 0.8470588 0.8470588 1 1 1 1 1 1 1 1 1 1 1 1 1 0.8470588 0.8470588 0.8470588 1 0.8470588 0.8470588 0.8470588 1 1 1 1 1 0.8470588 0.8470588 0.8470588 1 1 1 1 1 1 1 1 1 1 1 1 1 1 1 1 1 1 1 1 1 1 1 1 1 1 1 1 1 1 1 1 1 1 1 1 1 1 1 1 1 0.8470588 0.8470588 0.8470588 1 1 1 1 1 1 1 1 1 1 1 1 1 1 1 1 1 1 1 1 1 1 1 1 1 1 1 1 1 1 1 1 1 0.8470588 0.8470588 0.8470588 1 1 1 1 1 1 1 1 1 1 1 1 1 1 1 1 1 1 1 1 1 1 1 1 1 1 1 1 1 1 1 1 1 0.8470588 0.8470588 0.8470588 1 1 1 1 1 1 1 1 1 1 1 1 1 1 1 1 1 1 1 1 1 1 1 1 1 1 1 1 1 1 1 1 1 0.8470588 0.8470588 0.8470588 1 1 1 1 1 1 1 1 1 1 1 1 1 0.8470588 0.8470588 0.8470588 1 0.8470588 0.8470588 0.8470588 1 1 1 1 1 0.8470588 0.8470588 0.8470588 1 1 1 1 1 1 1 1 1 1 1 1 1 1 1 1 1 1 1 1 1 0.8470588 0.8470588 0.8470588 1 0.8470588 0.8470588 0.8470588 1 1 1 1 1 0.8470588 0.8470588 0.8470588 1 1 1 1 1 1 1 1 1 1 1 1 1 1 1 1 1 1 1 1 1 0.8470588 0.8470588 0.8470588 1 0.8470588 0.8470588 0.8470588 1 1 1 1 1 0.8470588 0.8470588 0.8470588 1 1 1 1 1 1 1 1 1 1 1 1 1 1 1 1 1 1 1 1 1 0.8470588 0.8470588 0.8470588 1 0.8470588 0.8470588 0.8470588 1 1 1 1 1 0.8470588 0.8470588 0.8470588 1 1 1 1 1 1 1 1 1 1 1 1 1 1 1 1 1 1 1 1 1 0.8470588 0.8470588 0.8470588 1 0.8470588 0.8470588 0.8470588 1 1 1 1 1 0.8470588 0.8470588 0.8470588 1 1 1 1 1 1 1 1 1 1 1 1 1 1 1 1 1 1 1 1 1 1 1 1 1 1 1 1 1 1 1 1 1 1 1 1 1 1 1 1 1 0.8470588 0.8470588 0.8470588 1 1 1 1 1 1 1 1 1 1 1 1 1 1 1 1 1 1 1 1 1 1 1 1 1 1 1 1 1 1 1 1 1 0.8470588 0.8470588 0.8470588 1 1 1 1 1 1 1 1 1 1 1 1 1 1 1 1 1 1 1 1 1 1 1 1 1 1 1 1 1 1 1 1 1 0.8470588 0.8470588 0.8470588 1 1 1 1 1 1 1 1 1 1 1 1 1 1 1 1 1 1 1 1 1 1 1 1 1 1 1 1 1 1 1 1 1 0.8470588 0.8470588 0.8470588 1 1 1 1 1 1 1 1 1 1 1 1 1 1 1 1 1 1 1 1 1 1 1 1 1 1 1 1 1 1 1 1 1 0.8470588 0.8470588 0.8470588 1 1 1 1 1 1 1 1 1 1 1 1 1 1 1 1 1 1 1 1 1 1 1 1 1 1 1 1 1 1 1 1 1 0.8470588 0.8470588 0.8470588 1 1 1 1 1 1 1 1 1 1 1 1 1 0.8470588 0.8470588 0.8470588 1 0.8470588 0.8470588 0.8470588 1 1 1 1 1 0.8470588 0.8470588 0.8470588 1 1 1 1 1 1 1 1 1 1 1 1 1 1 1 1 1 1 1 1 1 0.8470588 0.8470588 0.8470588 1 0.8470588 0.8470588 0.8470588 1 1 1 1 1 0.8470588 0.8470588 0.8470588 1 1 1 1 1 1 1 1 1 1 1 1 1 1 1 1 1 1 1 1 1 0.8470588 0.8470588 0.8470588 1 0.8470588 0.8470588 0.8470588 1 1 1 1 1 0.8470588 0.8470588 0.8470588 1 1 1 1 1 1 1 1 1 1 1 1 1 1 1 1 1 1 1 1 1 0.8470588 0.8470588 0.8470588 1 0.8470588 0.8470588 0.8470588 1 1 1 1 1 0.8470588 0.8470588 0.8470588 1 1 1 1 1 1 1 1 1 1 1 1 1 1 1 1 1 1 1 1 1 0.8470588 0.8470588 0.8470588 1 0.8470588 0.8470588 0.8470588 1 1 1 1 1 0.8470588 0.8470588 0.8470588 1 1 1 1 1 1 1 1 1 1 1 1 1 1 1 1 1 1 1 1 1 0.8470588 0.8470588 0.8470588 1 0.8470588 0.8470588 0.8470588 1 1 1 1 1 0.8470588 0.8470588 0.8470588 1 1 1 1 1 1 1 1 1 1 1 1 1 1 1 1 1 1 1 1 1 0.8470588 0.8470588 0.8470588 1 0.8470588 0.8470588 0.8470588 1 1 1 1 1 0.8470588 0.8470588 0.8470588 1 1 1 1 1 1 1 1 1 1 1 1 1 1 1 1 1 1 1 1 1 0.8470588 0.8470588 0.8470588 1 0.8470588 0.8470588 0.8470588 1 1 1 1 1 0.8470588 0.8470588 0.8470588 1 1 1 1 1 1 1 1 1 1 1 1 1 1 1 1 1 1 1 1 1 1 1 1 1 1 1 1 1 1 1 1 1 1 1 1 1 1 1 1 1 0.8470588 0.8470588 0.8470588 1 1 1 1 1 1 1 1 1 1 1 1 1 1 1 1 1 1 1 1 1 1 1 1 1 1 1 1 1 1 1 1 1 0.8470588 0.8470588 0.8470588 1 1 1 1 1 1 1 1 1 1 1 1 1 1 1 1 1 1 1 1 1 1 1 1 1 1 1 1 1 1 1 1 1 0.8470588 0.8470588 0.8470588 1 1 1 1 1 1 1 1 1 0.7098039 0.7098039 0.7098039 1 0.8470588 0.8470588 0.8470588 1 0.8470588 0.8470588 0.8470588 1 0.8470588 0.8470588 0.8470588 1 0.8470588 0.8470588 0.8470588 1 0.7098039 0.7098039 0.7098039 1 0.8470588 0.8470588 0.8470588 1 0.8470588 0.8470588 0.8470588 1 0.7098039 0.7098039 0.7098039 1 1 1 1 1 0.8470588 0.8470588 0.8470588 1 0.8470588 0.8470588 0.8470588 1 1 1 1 1 0.8470588 0.8470588 0.8470588 1 1 1 1 1 1 1 1 1 1 1 1 1 1 1 1 1 1 1 1 1 0.8470588 0.8470588 0.8470588 1 0.8470588 0.8470588 0.8470588 1 1 1 1 1 0.8470588 0.8470588 0.8470588 1 1 1 1 1 1 1 1 1 1 1 1 1 1 1 1 1 0.8470588 0.8470588 0.8470588 1 0.8470588 0.8470588 0.8470588 1 0.8470588 0.8470588 0.8470588 1 0.8470588 0.8470588 0.8470588 1 0.8470588 0.8470588 0.8470588 1 0.8470588 0.8470588 0.8470588 1 0.8470588 0.8470588 0.8470588 1 0.8470588 0.8470588 0.8470588 1 0.8470588 0.8470588 0.8470588 1 1 1 1 1 0.8470588 0.8470588 0.8470588 1 0.8470588 0.8470588 0.8470588 1 1 1 1 1 0.8470588 0.8470588 0.8470588 1 1 1 1 1 1 1 1 1 1 1 1 1 1 1 1 1 0.7098039 0.7098039 0.7098039 1 0.8470588 0.8470588 0.8470588 1 0.8470588 0.8470588 0.8470588 1 0.8470588 0.8470588 0.8470588 1 0.8470588 0.8470588 0.8470588 1 0.7098039 0.7098039 0.7098039 1 0.8470588 0.8470588 0.8470588 1 0.8470588 0.8470588 0.8470588 1 0.7098039 0.7098039 0.7098039 1 0.7098039 0.7098039 0.7098039 1 0.8470588 0.8470588 0.8470588 1 0.8470588 0.8470588 0.8470588 1 0.8470588 0.8470588 0.8470588 1 0.8470588 0.8470588 0.8470588 1 0.7098039 0.7098039 0.7098039 1 0.8470588 0.8470588 0.8470588 1 0.8470588 0.8470588 0.8470588 1 0.7098039 0.7098039 0.7098039 1 0.7098039 0.7098039 0.7098039 1 0.8470588 0.8470588 0.8470588 1 0.8470588 0.8470588 0.8470588 1 0.8470588 0.8470588 0.8470588 1 0.8470588 0.8470588 0.8470588 1 0.7098039 0.7098039 0.7098039 1 0.8470588 0.8470588 0.8470588 1 0.8470588 0.8470588 0.8470588 1 0.7098039 0.7098039 0.7098039 1 1 1 1 1 0.8470588 0.8470588 0.8470588 1 0.8470588 0.8470588 0.8470588 1 1 1 1 1 0.8470588 0.8470588 0.8470588 1 1 1 1 1 1 1 1 1 1 1 1 1 1 1 1 1 0.7098039 0.7098039 0.7098039 1 0.8470588 0.8470588 0.8470588 1 0.8470588 0.8470588 0.8470588 1 0.8470588 0.8470588 0.8470588 1 0.8470588 0.8470588 0.8470588 1 0.7098039 0.7098039 0.7098039 1 0.8470588 0.8470588 0.8470588 1 0.8470588 0.8470588 0.8470588 1 0.7098039 0.7098039 0.7098039 1 1 1 1 1 0.8470588 0.8470588 0.8470588 1 0.8470588 0.8470588 0.8470588 1 1 1 1 1 0.8470588 0.8470588 0.8470588 1 1 1 1 1 1 1 1 1 1 1 1 1 1 1 1 1 1 1 1 1 0.8470588 0.8470588 0.8470588 1 0.8470588 0.8470588 0.8470588 1 1 1 1 1 0.8470588 0.8470588 0.8470588 1 1 1 1 1 1 1 1 1 1 1 1 1 1 1 1 1 0.8470588 0.8470588 0.8470588 1 0.8470588 0.8470588 0.8470588 1 0.8470588 0.8470588 0.8470588 1 0.8470588 0.8470588 0.8470588 1 0.8470588 0.8470588 0.8470588 1 0.8470588 0.8470588 0.8470588 1 0.8470588 0.8470588 0.8470588 1 0.8470588 0.8470588 0.8470588 1 0.8470588 0.8470588 0.8470588 1 1 1 1 1 0.8470588 0.8470588 0.8470588 1 0.8470588 0.8470588 0.8470588 1 1 1 1 1 0.8470588 0.8470588 0.8470588 1 1 1 1 1 1 1 1 1 1 1 1 1 1 1 1 1 0.7098039 0.7098039 0.7098039 1 0.8470588 0.8470588 0.8470588 1 0.8470588 0.8470588 0.8470588 1 0.8470588 0.8470588 0.8470588 1 0.8470588 0.8470588 0.8470588 1 0.7098039 0.7098039 0.7098039 1 0.8470588 0.8470588 0.8470588 1 0.8470588 0.8470588 0.8470588 1 0.7098039 0.7098039 0.7098039 1 0.7098039 0.7098039 0.7098039 1 0.8470588 0.8470588 0.8470588 1 0.8470588 0.8470588 0.8470588 1 0.8470588 0.8470588 0.8470588 1 0.8470588 0.8470588 0.8470588 1 0.7098039 0.7098039 0.7098039 1 0.8470588 0.8470588 0.8470588 1 0.8470588 0.8470588 0.8470588 1 0.7098039 0.7098039 0.7098039 1 0.7098039 0.7098039 0.7098039 1 0.8470588 0.8470588 0.8470588 1 0.8470588 0.8470588 0.8470588 1 0.8470588 0.8470588 0.8470588 1 0.8470588 0.8470588 0.8470588 1 0.7098039 0.7098039 0.7098039 1 0.8470588 0.8470588 0.8470588 1 0.8470588 0.8470588 0.8470588 1 0.7098039 0.7098039 0.7098039 1 0.7098039 0.7098039 0.7098039 1 0.8470588 0.8470588 0.8470588 1 0.8470588 0.8470588 0.8470588 1 0.8470588 0.8470588 0.8470588 1 0.8470588 0.8470588 0.8470588 1 0.7098039 0.7098039 0.7098039 1 0.8470588 0.8470588 0.8470588 1 0.8470588 0.8470588 0.8470588 1 0.7098039 0.7098039 0.7098039 1 1 1 1 1 0.8470588 0.8470588 0.8470588 1 0.8470588 0.8470588 0.8470588 1 1 1 1 1 0.8470588 0.8470588 0.8470588 1 1 1 1 1 1 1 1 1 1 1 1 1 1 1 1 1 1 1 1 1 0.8470588 0.8470588 0.8470588 1 0.8470588 0.8470588 0.8470588 1 1 1 1 1 0.8470588 0.8470588 0.8470588 1 1 1 1 1 1 1 1 1 1 1 1 1 1 1 1 1 1 1 1 1 0.8470588 0.8470588 0.8470588 1 0.8470588 0.8470588 0.8470588 1 1 1 1 1 0.8470588 0.8470588 0.8470588 1 1 1 1 1 1 1 1 1 1 1 1 1 1 1 1 1 0.2588235 0.2588235 0.2588235 1 0.8470588 0.8470588 0.8470588 1 0.8470588 0.8470588 0.8470588 1 0.8470588 0.8470588 0.8470588 1 0.8470588 0.8470588 0.8470588 1 0.2588235 0.2588235 0.2588235 1 0.8470588 0.8470588 0.8470588 1 0.8470588 0.8470588 0.8470588 1 0.2588235 0.2588235 0.2588235 1 1 1 1 1 0.8470588 0.8470588 0.8470588 1 0.8470588 0.8470588 0.8470588 1 1 1 1 1 0.8470588 0.8470588 0.8470588 1 1 1 1 1 1 1 1 1 1 1 1 1 1 1 1 1 1 1 1 1 1 1 1 1 1 1 1 1 1 1 1 1 1 1 1 1 1 1 1 1 0.8470588 0.8470588 0.8470588 1 1 1 1 1 1 1 1 1 1 1 1 1 1 1 1 1 1 1 1 1 1 1 1 1 1 1 1 1 1 1 1 1 0.8470588 0.8470588 0.8470588 1 1 1 1 1 1 1 1 1 1 1 1 1 1 1 1 1 1 1 1 1 1 1 1 1 1 1 1 1 1 1 1 1 0.8470588 0.8470588 0.8470588 1 1 1 1 1 1 1 1 1 0.7098039 0.7098039 0.7098039 1 0.8470588 0.8470588 0.8470588 1 0.8470588 0.8470588 0.8470588 1 0.8470588 0.8470588 0.8470588 1 0.8470588 0.8470588 0.8470588 1 0.7098039 0.7098039 0.7098039 1 0.8470588 0.8470588 0.8470588 1 0.8470588 0.8470588 0.8470588 1 0.7098039 0.7098039 0.7098039 1 1 1 1 1 1 1 1 1 1 1 1 1 0.8470588 0.8470588 0.8470588 1 1 1 1 1 1 1 1 1 1 1 1 1 1 1 1 1 1 1 1 1 0.8470588 0.8470588 0.8470588 1 1 1 1 1 1 1 1 1 1 1 1 1 1 1 1 1 1 1 1 1 0.8470588 0.8470588 0.8470588 1 1 1 1 1 1 1 1 1 1 1 1 1 1 1 1 1 1 1 1 1 0.8470588 0.8470588 0.8470588 1 1 1 1 1 1 1 1 1 1 1 1 1 1 1 1 1 1 1 1 1 0.8470588 0.8470588 0.8470588 1 1 1 1 1 1 1 1 1 1 1 1 1 1 1 1 1 1 1 1 1 0.8470588 0.8470588 0.8470588 1 1 1 1 1 1 1 1 1 1 1 1 1 1 1 1 1 1 1 1 1 0.8470588 0.8470588 0.8470588 1 1 1 1 1 1 1 1 1 1 1 1 1 1 1 1 1 1 1 1 1 0.8470588 0.8470588 0.8470588 1 1 1 1 1 1 1 1 1 1 1 1 1 1 1 1 1 1 1 1 1 0.8470588 0.8470588 0.8470588 1 1 1 1 1 1 1 1 1 1 1 1 1 1 1 1 1 1 1 1 1 0.8470588 0.8470588 0.8470588 1 1 1 1 1 1 1 1 1 1 1 1 1 1 1 1 1 1 1 1 1 0.8470588 0.8470588 0.8470588 1 1 1 1 1 1 1 1 1 1 1 1 1 1 1 1 1 1 1 1 1 0.8470588 0.8470588 0.8470588 1 1 1 1 1 1 1 1 1 1 1 1 1 1 1 1 1 1 1 1 1 0.8470588 0.8470588 0.8470588 1 1 1 1 1 1 1 1 1 1 1 1 1 1 1 1 1 1 1 1 1 0.8470588 0.8470588 0.8470588 1 1 1 1 1 1 1 1 1 0.8470588 0.8470588 0.8470588 1 1 1 1 1 0.8470588 0.8470588 0.8470588 1 1 1 1 1 1 1 1 1 0.8470588 0.8470588 0.8470588 1 1 1 1 1 1 1 1 1 1 1 1 1 0.8470588 0.8470588 0.8470588 1 1 1 1 1 1 1 1 1 0.8470588 0.8470588 0.8470588 1 1 1 1 1 0.8470588 0.8470588 0.8470588 1 1 1 1 1 1 1 1 1 0.8470588 0.8470588 0.8470588 1 1 1 1 1 1 1 1 1 1 1 1 1 0.8470588 0.8470588 0.8470588 1 1 1 1 1 1 1 1 1 0.8470588 0.8470588 0.8470588 1 1 1 1 1 0.8470588 0.8470588 0.8470588 1 1 1 1 1 1 1 1 1 0.8470588 0.8470588 0.8470588 1 1 1 1 1 1 1 1 1 1 1 1 1 0.8470588 0.8470588 0.8470588 1 1 1 1 1 1 1 1 1 0.8470588 0.8470588 0.8470588 1 1 1 1 1 0.8470588 0.8470588 0.8470588 1 1 1 1 1 1 1 1 1 0.8470588 0.8470588 0.8470588 1 0.8470588 0.8470588 0.8470588 1 0.7098039 0.7098039 0.7098039 1 0.8470588 0.8470588 0.8470588 1 0.8470588 0.8470588 0.8470588 1 0.7098039 0.7098039 0.7098039 1 0.8470588 0.8470588 0.8470588 1 0.8470588 0.8470588 0.8470588 1 0.7098039 0.7098039 0.7098039 1 0.8470588 0.8470588 0.8470588 1 0.8470588 0.8470588 0.8470588 1 0.7098039 0.7098039 0.7098039 1 0.8470588 0.8470588 0.8470588 1 0.8470588 0.8470588 0.8470588 1 0.7098039 0.7098039 0.7098039 1 0.8470588 0.8470588 0.8470588 1 0.8470588 0.8470588 0.8470588 1 0.7098039 0.7098039 0.7098039 1 0.8470588 0.8470588 0.8470588 1 0.8470588 0.8470588 0.8470588 1 0.7098039 0.7098039 0.7098039 1 0.8470588 0.8470588 0.8470588 1 0.8470588 0.8470588 0.8470588 1 0.7098039 0.7098039 0.7098039 1 0.8470588 0.8470588 0.8470588 1 0.8470588 0.8470588 0.8470588 1 1 1 1 1 0.8470588 0.8470588 0.8470588 1 1 1 1 1 1 1 1 1 0.8470588 0.8470588 0.8470588 1 0.8470588 0.8470588 0.8470588 1 1 1 1 1 0.8470588 0.8470588 0.8470588 1 1 1 1 1 1 1 1 1 0.8470588 0.8470588 0.8470588 1 0.8470588 0.8470588 0.8470588 1 0.2588235 0.2588235 0.2588235 1 0.8470588 0.8470588 0.8470588 1 0.8470588 0.8470588 0.8470588 1 0.2588235 0.2588235 0.2588235 1 0.8470588 0.8470588 0.8470588 1 0.8470588 0.8470588 0.8470588 1 0.8470588 0.8470588 0.8470588 1 0.8470588 0.8470588 0.8470588 1 0.8470588 0.8470588 0.8470588 1 0.8470588 0.8470588 0.8470588 1 0.8470588 0.8470588 0.8470588 1 0.8470588 0.8470588 0.8470588 1 0.8470588 0.8470588 0.8470588 1 0.8470588 0.8470588 0.8470588 1 0.8470588 0.8470588 0.8470588 1 0.8470588 0.8470588 0.8470588 1 0.8470588 0.8470588 0.8470588 1 0.8470588 0.8470588 0.8470588 1 1 1 1 1 0.8470588 0.8470588 0.8470588 1 1 1 1 1 1 1 1 1 0.8470588 0.8470588 0.8470588 1 0.8470588 0.8470588 0.8470588 1 1 1 1 1 0.8470588 0.8470588 0.8470588 1 1 1 1 1 1 1 1 1 0.8470588 0.8470588 0.8470588 1 0.8470588 0.8470588 0.8470588 1 0.8470588 0.8470588 0.8470588 1 0.8470588 0.8470588 0.8470588 1 0.8470588 0.8470588 0.8470588 1 0.8470588 0.8470588 0.8470588 1 0.8470588 0.8470588 0.8470588 1 0.8470588 0.8470588 0.8470588 1 1 1 1 1 0.8470588 0.8470588 0.8470588 1 1 1 1 1 1 1 1 1 0.8470588 0.8470588 0.8470588 1 0.8470588 0.8470588 0.8470588 1 0.7098039 0.7098039 0.7098039 1 0.8470588 0.8470588 0.8470588 1 0.8470588 0.8470588 0.8470588 1 0.7098039 0.7098039 0.7098039 1 0.8470588 0.8470588 0.8470588 1 0.8470588 0.8470588 0.8470588 1 0.7098039 0.7098039 0.7098039 1 0.8470588 0.8470588 0.8470588 1 0.8470588 0.8470588 0.8470588 1 0.7098039 0.7098039 0.7098039 1 0.8470588 0.8470588 0.8470588 1 0.8470588 0.8470588 0.8470588 1 0.7098039 0.7098039 0.7098039 1 0.8470588 0.8470588 0.8470588 1 0.8470588 0.8470588 0.8470588 1 0.7098039 0.7098039 0.7098039 1 0.8470588 0.8470588 0.8470588 1 0.8470588 0.8470588 0.8470588 1 0.7098039 0.7098039 0.7098039 1 0.8470588 0.8470588 0.8470588 1 0.8470588 0.8470588 0.8470588 1 0.7098039 0.7098039 0.7098039 1 0.8470588 0.8470588 0.8470588 1 0.8470588 0.8470588 0.8470588 1 1 1 1 1 0.8470588 0.8470588 0.8470588 1 1 1 1 1 1 1 1 1 0.8470588 0.8470588 0.8470588 1 0.8470588 0.8470588 0.8470588 1 1 1 1 1 0.8470588 0.8470588 0.8470588 1 1 1 1 1 1 1 1 1 0.8470588 0.8470588 0.8470588 1 0.8470588 0.8470588 0.8470588 1 1 1 1 1 0.8470588 0.8470588 0.8470588 1 1 1 1 1 1 1 1 1 0.8470588 0.8470588 0.8470588 1 0.8470588 0.8470588 0.8470588 1 1 1 1 1 0.8470588 0.8470588 0.8470588 1 1 1 1 1 1 1 1 1 0.8470588 0.8470588 0.8470588 1 0.8470588 0.8470588 0.8470588 1 1 1 1 1 0.8470588 0.8470588 0.8470588 1 1 1 1 1 1 1 1 1 0.8470588 0.8470588 0.8470588 1 0.8470588 0.8470588 0.8470588 1 1 1 1 1 0.8470588 0.8470588 0.8470588 1 1 1 1 1 1 1 1 1 0.8470588 0.8470588 0.8470588 1 0.8470588 0.8470588 0.8470588 1 0.2588235 0.2588235 0.2588235 1 0.8470588 0.8470588 0.8470588 1 0.8470588 0.8470588 0.8470588 1 0.2588235 0.2588235 0.2588235 1 0.8470588 0.8470588 0.8470588 1 0.8470588 0.8470588 0.8470588 1 0.8470588 0.8470588 0.8470588 1 0.8470588 0.8470588 0.8470588 1 0.8470588 0.8470588 0.8470588 1 0.8470588 0.8470588 0.8470588 1 0.8470588 0.8470588 0.8470588 1 0.8470588 0.8470588 0.8470588 1 0.8470588 0.8470588 0.8470588 1 0.8470588 0.8470588 0.8470588 1 0.8470588 0.8470588 0.8470588 1 0.8470588 0.8470588 0.8470588 1 0.8470588 0.8470588 0.8470588 1 1 1 1 1 1 1 1 1 1 1 1 1 0.8470588 0.8470588 0.8470588 1 1 1 1 1 1 1 1 1 0.8470588 0.8470588 0.8470588 1 1 1 1 1 0.8470588 0.8470588 0.8470588 1 1 1 1 1 1 1 1 1 0.8470588 0.8470588 0.8470588 1 0.8470588 0.8470588 0.8470588 1 0.8470588 0.8470588 0.8470588 1 0.8470588 0.8470588 0.8470588 1 0.8470588 0.8470588 0.8470588 1 0.8470588 0.8470588 0.8470588 1 0.8470588 0.8470588 0.8470588 1 0.8470588 0.8470588 0.8470588 1 1 1 1 1 0.8470588 0.8470588 0.8470588 1 1 1 1 1 1 1 1 1 0.8470588 0.8470588 0.8470588 1 0.8470588 0.8470588 0.8470588 1 1 1 1 1 0.8470588 0.8470588 0.8470588 1 1 1 1 1 1 1 1 1 0.8470588 0.8470588 0.8470588 1 0.8470588 0.8470588 0.8470588 1 1 1 1 1 0.8470588 0.8470588 0.8470588 1 1 1 1 1 1 1 1 1 0.8470588 0.8470588 0.8470588 1 0.8470588 0.8470588 0.8470588 1 1 1 1 1 0.8470588 0.8470588 0.8470588 1 1 1 1 1 1 1 1 1 0.8470588 0.8470588 0.8470588 1 0.8470588 0.8470588 0.8470588 1 1 1 1 1 0.8470588 0.8470588 0.8470588 1 1 1 1 1 1 1 1 1 0.8470588 0.8470588 0.8470588 1 0.8470588 0.8470588 0.8470588 1 1 1 1 1 0.8470588 0.8470588 0.8470588 1 1 1 1 1 1 1 1 1 0.8470588 0.8470588 0.8470588 1 0.8470588 0.8470588 0.8470588 1 1 1 1 1 0.8470588 0.8470588 0.8470588 1 1 1 1 1 1 1 1 1 0.8470588 0.8470588 0.8470588 1 0.8470588 0.8470588 0.8470588 1 1 1 1 1 0.8470588 0.8470588 0.8470588 1 1 1 1 1 1 1 1 1 0.8470588 0.8470588 0.8470588 1 0.2588235 0.2588235 0.2588235 1 0.8470588 0.8470588 0.8470588 1 0.8470588 0.8470588 0.8470588 1 0.8470588 0.8470588 0.8470588 1 0.8470588 0.8470588 0.8470588 1 0.2588235 0.2588235 0.2588235 1 1 1 1 1 1 1 1 1 1 1 1 1 0.8470588 0.8470588 0.8470588 1 1 1 1 1 1 1 1 1 1 1 1 1 1 1 1 1 1 1 1 1 0.8470588 0.8470588 0.8470588 1 1 1 1 1 1 1 1 1 1 1 1 1 1 1 1 1 1 1 1 1 0.8470588 0.8470588 0.8470588 1 1 1 1 1 1 1 1 1 1 1 1 1 1 1 1 1 1 1 1 1 0.8470588 0.8470588 0.8470588 1 1 1 1 1 1 1 1 1 1 1 1 1 1 1 1 1 1 1 1 1 0.8470588 0.8470588 0.8470588 1 1 1 1 1 1 1 1 1 0.8470588 0.8470588 0.8470588 1 0.2588235 0.2588235 0.2588235 1 0.8470588 0.8470588 0.8470588 1 0.8470588 0.8470588 0.8470588 1 0.2588235 0.2588235 0.2588235 1 0.8470588 0.8470588 0.8470588 1 0.8470588 0.8470588 0.8470588 1 0.2588235 0.2588235 0.2588235 1 0.8470588 0.8470588 0.8470588 1 0.8470588 0.8470588 0.8470588 1 0.2588235 0.2588235 0.2588235 1 0.8470588 0.8470588 0.8470588 1 0.8470588 0.8470588 0.8470588 1 0.8470588 0.8470588 0.8470588 1 0.2588235 0.2588235 0.2588235 1 0.8470588 0.8470588 0.8470588 1 0.8470588 0.8470588 0.8470588 1 0.8470588 0.8470588 0.8470588 1 0.8470588 0.8470588 0.8470588 1 1 1 1 1 0.8470588 0.8470588 0.8470588 1 0.8470588 0.8470588 0.8470588 1 1 1 1 1 0.8470588 0.8470588 0.8470588 1 0.8470588 0.8470588 0.8470588 1 1 1 1 1 0.8470588 0.8470588 0.8470588 1 0.8470588 0.8470588 0.8470588 1 1 1 1 1 0.8470588 0.8470588 0.8470588 1 0.8470588 0.8470588 0.8470588 1 1 1 1 1 0.8470588 0.8470588 0.8470588 1 0.8470588 0.8470588 0.8470588 1 1 1 1 1 0.8470588 0.8470588 0.8470588 1 0.8470588 0.8470588 0.8470588 1 1 1 1 1 0.8470588 0.8470588 0.8470588 1 0.8470588 0.8470588 0.8470588 1 1 1 1 1 0.8470588 0.8470588 0.8470588 1 0.8470588 0.8470588 0.8470588 1 1 1 1 1 0.8470588 0.8470588 0.8470588 1 0.8470588 0.8470588 0.8470588 1 1 1 1 1 0.8470588 0.8470588 0.8470588 1 0.8470588 0.8470588 0.8470588 1 1 1 1 1 0.8470588 0.8470588 0.8470588 1 0.8470588 0.8470588 0.8470588 1 0.8470588 0.8470588 0.8470588 1 1 1 1 1 0.8470588 0.8470588 0.8470588 1 0.8470588 0.8470588 0.8470588 1 1 1 1 1 0.8470588 0.8470588 0.8470588 1 0.8470588 0.8470588 0.8470588 1 1 1 1 1 0.8470588 0.8470588 0.8470588 1 0.8470588 0.8470588 0.8470588 1 1 1 1 1 0.8470588 0.8470588 0.8470588 1 0.8470588 0.8470588 0.8470588 1 1 1 1 1 0.8470588 0.8470588 0.8470588 1 0.8470588 0.8470588 0.8470588 1 1 1 1 1 0.8470588 0.8470588 0.8470588 1 0.8470588 0.8470588 0.8470588 1 1 1 1 1 0.8470588 0.8470588 0.8470588 1 0.8470588 0.8470588 0.8470588 1 1 1 1 1 0.8470588 0.8470588 0.8470588 1 0.8470588 0.8470588 0.8470588 1 1 1 1 1 0.8470588 0.8470588 0.8470588 1 0.8470588 0.8470588 0.8470588 1 1 1 1 1 0.8470588 0.8470588 0.8470588 1 0.8470588 0.8470588 0.8470588 1 1 1 1 1 0.8470588 0.8470588 0.8470588 1 0.8470588 0.8470588 0.8470588 1 1 1 1 1 0.8470588 0.8470588 0.8470588 1 0.8470588 0.8470588 0.8470588 1 1 1 1 1 0.8470588 0.8470588 0.8470588 1 1 1 1 1 0.8470588 0.8470588 0.8470588 1 0.8470588 0.8470588 0.8470588 1 1 1 1 1 0.8470588 0.8470588 0.8470588 1 0.8470588 0.8470588 0.8470588 1 1 1 1 1 0.8470588 0.8470588 0.8470588 1 0.8470588 0.8470588 0.8470588 1 1 1 1 1 0.8470588 0.8470588 0.8470588 1 0.8470588 0.8470588 0.8470588 1 1 1 1 1 0.8470588 0.8470588 0.8470588 1 0.8470588 0.8470588 0.8470588 1 1 1 1 1 0.8470588 0.8470588 0.8470588 1 0.8470588 0.8470588 0.8470588 1 1 1 1 1 0.8470588 0.8470588 0.8470588 1 0.8470588 0.8470588 0.8470588 1 1 1 1 1 0.8470588 0.8470588 0.8470588 1 0.8470588 0.8470588 0.8470588 1 1 1 1 1 0.8470588 0.8470588 0.8470588 1 0.8470588 0.8470588 0.8470588 1 1 1 1 1 0.8470588 0.8470588 0.8470588 1 0.8470588 0.8470588 0.8470588 1 1 1 1 1 0.8470588 0.8470588 0.8470588 1 0.8470588 0.8470588 0.8470588 1 0.8470588 0.8470588 0.8470588 1 1 1 1 1 0.8470588 0.8470588 0.8470588 1 0.8470588 0.8470588 0.8470588 1 1 1 1 1 0.8470588 0.8470588 0.8470588 1 0.8470588 0.8470588 0.8470588 1 1 1 1 1 0.8470588 0.8470588 0.8470588 1 0.8470588 0.8470588 0.8470588 1 1 1 1 1 0.8470588 0.8470588 0.8470588 1 0.8470588 0.8470588 0.8470588 1 1 1 1 1 0.8470588 0.8470588 0.8470588 1 0.8470588 0.8470588 0.8470588 1 1 1 1 1 0.8470588 0.8470588 0.8470588 1 0.8470588 0.8470588 0.8470588 1 1 1 1 1 0.8470588 0.8470588 0.8470588 1 0.8470588 0.8470588 0.8470588 1 1 1 1 1 0.8470588 0.8470588 0.8470588 1 0.8470588 0.8470588 0.8470588 1 1 1 1 1 0.8470588 0.8470588 0.8470588 1 0.8470588 0.8470588 0.8470588 1 1 1 1 1 0.8470588 0.8470588 0.8470588 1 0.8470588 0.8470588 0.8470588 1 1 1 1 1 1 1 1 1 0.8470588 0.8470588 0.8470588 1 0.8470588 0.8470588 0.8470588 1 0.7098039 0.7098039 0.7098039 1 0.8470588 0.8470588 0.8470588 1 0.8470588 0.8470588 0.8470588 1 0.7098039 0.7098039 0.7098039 1 0.8470588 0.8470588 0.8470588 1 0.8470588 0.8470588 0.8470588 1 0.8470588 0.8470588 0.8470588 1 0.8470588 0.8470588 0.8470588 1 0.8470588 0.8470588 0.8470588 1 0.8470588 0.8470588 0.8470588 1 0.8470588 0.8470588 0.8470588 1 0.8470588 0.8470588 0.8470588 1</float_array>
          <technique_common>
            <accessor source="#polygon1-mesh-colors-polygon1_Colors0-array" count="1344" stride="4">
              <param name="R" type="float"/>
              <param name="G" type="float"/>
              <param name="B" type="float"/>
              <param name="A" type="float"/>
            </accessor>
          </technique_common>
        </source>
        <vertices id="polygon1-mesh-vertices">
          <input semantic="POSITION" source="#polygon1-mesh-positions"/>
        </vertices>
        <triangles material="mat_tire-material" count="448">
          <input semantic="VERTEX" source="#polygon1-mesh-vertices" offset="0"/>
          <input semantic="NORMAL" source="#polygon1-mesh-normals" offset="1"/>
          <input semantic="TEXCOORD" source="#polygon1-mesh-map-0" offset="2" set="0"/>
          <input semantic="COLOR" source="#polygon1-mesh-colors-polygon1_Colors0" offset="3" set="0"/>
          <p>2 0 0 0 1 1 1 1 0 2 2 2 3 3 3 3 1 1 4 4 2 0 5 5 4 4 6 6 3 3 7 7 2 0 8 8 5 5 9 9 3 3 10 10 4 4 11 11 6 6 12 12 5 5 13 13 4 4 14 14 7 7 15 15 5 5 16 16 6 6 17 17 8 8 18 18 7 7 19 19 6 6 20 20 11 9 21 21 10 10 22 22 9 11 23 23 12 12 24 24 10 10 25 25 11 9 26 26 13 13 27 27 12 12 28 28 11 9 29 29 14 14 30 30 12 12 31 31 13 13 32 32 15 15 33 33 14 14 34 34 13 13 35 35 16 16 36 36 14 14 37 37 15 15 38 38 17 17 39 39 16 16 40 40 15 15 41 41 20 18 42 42 19 19 43 43 18 20 44 44 21 21 45 45 19 19 46 46 20 18 47 47 22 22 48 48 21 21 49 49 20 18 50 50 23 23 51 51 21 21 52 52 22 22 53 53 24 24 54 54 23 23 55 55 22 22 56 56 25 25 57 57 23 23 58 58 24 24 59 59 26 26 60 60 25 25 61 61 24 24 62 62 29 27 63 63 28 28 64 64 27 29 65 65 30 30 66 66 28 28 67 67 29 27 68 68 31 31 69 69 30 30 70 70 29 27 71 71 32 32 72 72 30 30 73 73 31 31 74 74 33 33 75 75 32 32 76 76 31 31 77 77 34 34 78 78 32 32 79 79 33 33 80 80 35 35 81 81 34 34 82 82 33 33 83 83 36 36 84 84 2 0 85 85 0 2 86 86 37 37 87 87 2 0 88 88 36 36 89 89 38 38 90 90 37 37 91 91 36 36 92 92 39 39 93 93 37 37 94 94 38 38 95 95 40 40 96 96 39 39 97 97 38 38 98 98 41 41 99 99 39 39 100 100 40 40 101 101 42 42 102 102 11 9 103 103 9 11 104 104 43 43 105 105 11 9 106 106 42 42 107 107 44 44 108 108 43 43 109 109 42 42 110 110 45 45 111 111 43 43 112 112 44 44 113 113 46 46 114 114 45 45 115 115 44 44 116 116 47 47 117 117 45 45 118 118 46 46 119 119 48 48 120 120 20 18 121 121 18 20 122 122 49 49 123 123 20 18 124 124 48 48 125 125 50 50 126 126 49 49 127 127 48 48 128 128 51 51 129 129 49 49 130 130 50 50 131 131 52 52 132 132 51 51 133 133 50 50 134 134 53 53 135 135 51 51 136 136 52 52 137 137 54 54 138 138 26 26 139 139 24 24 140 140 55 55 141 141 26 26 142 142 54 54 143 143 56 56 144 144 55 55 145 145 54 54 146 146 57 57 147 147 55 55 148 148 56 56 149 149 53 53 150 150 57 57 151 151 56 56 152 152 58 58 153 153 35 35 154 154 33 33 155 155 59 59 156 156 35 35 157 157 58 58 158 158 60 60 159 159 59 59 160 160 58 58 161 161 61 61 162 162 59 59 163 163 60 60 164 164 62 62 165 165 61 61 166 166 60 60 167 167 63 63 168 168 62 62 169 169 60 60 170 170 64 64 171 171 62 62 172 172 63 63 173 173 65 65 174 174 64 64 175 175 63 63 176 176 66 66 177 177 64 64 178 178 65 65 179 179 67 67 180 180 66 66 181 181 65 65 182 182 4 4 183 183 68 68 184 184 6 6 185 185 69 69 186 186 68 68 187 187 4 4 188 188 39 39 189 189 69 69 190 190 4 4 191 191 41 41 192 192 69 69 193 193 39 39 194 194 65 65 195 195 70 70 196 196 67 67 197 197 71 71 198 198 70 70 199 199 65 65 200 200 63 63 201 201 71 71 202 202 65 65 203 203 60 60 204 204 71 71 205 205 63 63 206 206 13 13 207 207 72 72 208 208 15 15 209 209 73 73 210 210 72 72 211 211 13 13 212 212 45 45 213 213 73 73 214 214 13 13 215 215 47 47 216 216 73 73 217 217 45 45 218 218 50 50 219 219 74 74 220 220 52 52 221 221 75 75 222 222 74 74 223 223 50 50 224 224 48 48 225 225 75 75 226 226 50 50 227 227 18 20 228 228 75 75 229 229 48 48 230 230 78 76 231 231 77 77 232 232 76 78 233 233 79 79 234 234 77 77 235 235 78 76 236 236 80 80 237 237 79 79 238 238 78 76 239 239 79 79 240 240 81 81 241 241 77 77 242 242 82 82 243 243 81 81 244 244 79 79 245 245 83 83 246 246 82 82 247 247 79 79 248 248 82 82 249 249 84 84 250 250 81 81 251 251 85 85 252 252 84 84 253 253 82 82 254 254 86 86 255 255 85 85 256 256 82 82 257 257 85 85 258 258 87 87 259 259 84 84 260 260 88 88 261 261 87 87 262 262 85 85 263 263 89 89 264 264 88 88 265 265 85 85 266 266 92 90 267 267 91 91 268 268 90 92 269 269 93 93 270 270 91 91 271 271 92 90 272 272 94 94 273 273 93 93 274 274 92 90 275 275 88 88 276 276 95 95 277 277 87 87 278 278 96 96 279 279 95 95 280 280 88 88 281 281 97 97 282 282 96 96 283 283 88 88 284 284 96 96 285 285 98 98 286 286 95 95 287 287 99 99 288 288 98 98 289 289 96 96 290 290 100 100 291 291 99 99 292 292 96 96 293 293 99 99 294 294 90 92 295 295 98 98 296 296 92 90 297 297 90 92 298 298 99 99 299 299 101 101 300 300 92 90 301 301 99 99 302 302 104 102 303 303 103 103 304 304 102 104 305 305 105 105 306 306 103 103 307 307 104 102 308 308 106 106 309 309 105 105 310 310 104 102 311 311 109 107 312 312 108 108 313 313 107 109 314 314 110 110 315 315 108 108 316 316 109 107 317 317 111 111 318 318 110 110 319 319 109 107 320 320 110 110 321 321 112 112 322 322 108 108 323 323 113 113 324 324 112 112 325 325 110 110 326 326 114 114 327 327 113 113 328 328 110 110 329 329 113 113 330 330 115 115 331 331 112 112 332 332 116 116 333 333 115 115 334 334 113 113 335 335 117 117 336 336 116 116 337 337 113 113 338 338 116 116 339 339 118 118 340 340 115 115 341 341 119 119 342 342 118 118 343 343 116 116 344 344 120 120 345 345 119 119 346 346 116 116 347 347 121 121 348 348 0 2 349 349 1 1 350 350 122 122 351 351 0 2 352 352 121 121 353 353 123 123 354 354 122 122 355 355 121 121 356 356 125 124 357 357 1 1 358 358 124 125 359 359 121 121 360 360 1 1 361 361 125 124 362 362 126 126 363 363 121 121 364 364 125 124 365 365 128 127 366 366 124 125 367 367 127 128 368 368 125 124 369 369 124 125 370 370 128 127 371 371 129 129 372 372 125 124 373 373 128 127 374 374 130 130 375 375 127 128 376 376 7 7 377 377 128 127 378 378 127 128 379 379 130 130 380 380 131 131 381 381 128 127 382 382 130 130 383 383 132 132 384 384 7 7 385 385 8 8 386 386 130 130 387 387 7 7 388 388 132 132 389 389 133 133 390 390 130 130 391 391 132 132 392 392 119 119 393 393 134 134 394 394 118 118 395 395 135 135 396 396 134 134 397 397 119 119 398 398 136 136 399 399 135 135 400 400 119 119 401 401 139 137 402 402 138 138 403 403 137 139 404 404 140 140 405 405 138 138 406 406 139 137 407 407 141 141 408 408 140 140 409 409 139 137 410 410 140 140 411 411 142 142 412 412 138 138 413 413 143 143 414 414 142 142 415 415 140 140 416 416 144 144 417 417 143 143 418 418 140 140 419 419 143 143 420 420 145 145 421 421 142 142 422 422 146 146 423 423 145 145 424 424 143 143 425 425 147 147 426 426 146 146 427 427 143 143 428 428 146 146 429 429 107 109 430 430 145 145 431 431 109 107 432 432 107 109 433 433 146 146 434 434 148 148 435 435 109 107 436 436 146 146 437 437 93 93 438 438 149 149 439 439 91 91 440 440 150 150 441 441 149 149 442 442 93 93 443 443 151 151 444 444 150 150 445 445 93 93 446 446 153 152 447 447 8 8 448 448 152 153 449 449 132 132 450 450 8 8 451 451 153 152 452 452 154 154 453 453 132 132 454 454 153 152 455 455 156 155 456 456 152 153 457 457 155 156 458 458 153 152 459 459 152 153 460 460 156 155 461 461 157 157 462 462 153 152 463 463 156 155 464 464 158 158 465 465 155 156 466 466 41 41 467 467 156 155 468 468 155 156 469 469 158 158 470 470 159 159 471 471 156 155 472 472 158 158 473 473 160 160 474 474 41 41 475 475 40 40 476 476 158 158 477 477 41 41 478 478 160 160 479 479 161 161 480 480 158 158 481 481 160 160 482 482 162 162 483 483 40 40 484 484 38 38 485 485 160 160 486 486 40 40 487 487 162 162 488 488 163 163 489 489 160 160 490 490 162 162 491 491 164 164 492 492 38 38 493 493 36 36 494 494 162 162 495 495 38 38 496 496 164 164 497 497 165 165 498 498 162 162 499 499 164 164 500 500 122 122 501 501 36 36 502 502 0 2 503 503 164 164 504 504 36 36 505 505 122 122 506 506 166 166 507 507 164 164 508 508 122 122 509 509 129 129 510 510 168 167 511 511 167 168 512 512 131 131 513 513 168 167 514 514 129 129 515 515 128 127 516 516 131 131 517 517 129 129 518 518 135 135 519 519 169 169 520 520 134 134 521 521 170 170 522 522 169 169 523 523 135 135 524 524 171 171 525 525 170 170 526 526 135 135 527 527 170 170 528 528 172 172 529 529 169 169 530 530 173 173 531 531 172 172 532 532 170 170 533 533 174 174 534 534 173 173 535 535 170 170 536 536 137 139 537 537 173 173 538 538 139 137 539 539 172 172 540 540 173 173 541 541 137 139 542 542 75 75 543 543 172 172 544 544 137 139 545 545 177 175 546 546 176 176 547 547 175 177 548 548 178 178 549 549 176 176 550 550 177 175 551 551 179 179 552 552 178 178 553 553 177 175 554 554 181 180 555 555 10 10 556 556 180 181 557 557 106 106 558 558 10 10 559 559 181 180 560 560 105 105 561 561 106 106 562 562 181 180 563 563 183 182 564 564 180 181 565 565 182 183 566 566 181 180 567 567 180 181 568 568 183 182 569 569 184 184 570 570 181 180 571 571 183 182 572 572 68 68 573 573 8 8 574 574 6 6 575 575 152 153 576 576 8 8 577 577 68 68 578 578 155 156 579 579 152 153 580 580 68 68 581 581 185 185 582 582 182 183 583 583 16 16 584 584 183 182 585 585 182 183 586 586 185 185 587 587 186 186 588 588 183 182 589 589 185 185 590 590 189 187 591 591 188 188 592 592 187 189 593 593 103 103 594 594 188 188 595 595 189 187 596 596 102 104 597 597 103 103 598 598 189 187 599 599 191 190 600 600 190 191 601 601 151 151 602 602 192 192 603 603 190 191 604 604 191 190 605 605 193 193 606 606 192 192 607 607 191 190 608 608 191 190 609 609 80 80 610 610 193 193 611 611 83 83 612 612 80 80 613 613 191 190 614 614 86 86 615 615 83 83 616 616 191 190 617 617 194 194 618 618 16 16 619 619 17 17 620 620 185 185 621 621 16 16 622 622 194 194 623 623 195 195 624 624 185 185 625 625 194 194 626 626 191 190 627 627 101 101 628 628 100 100 629 629 94 94 630 630 101 101 631 631 191 190 632 632 151 151 633 633 94 94 634 634 191 190 635 635 197 196 636 636 17 17 637 637 196 197 638 638 194 194 639 639 17 17 640 640 197 196 641 641 198 154 642 642 194 194 643 643 197 196 644 644 200 198 645 645 196 197 646 646 199 199 647 647 197 196 648 648 196 197 649 649 200 198 650 650 201 200 651 651 197 196 652 652 200 198 653 653 72 72 654 654 17 17 655 655 15 15 656 656 196 197 657 657 17 17 658 658 72 72 659 659 199 199 660 660 196 197 661 661 72 72 662 662 202 201 663 663 199 199 664 664 47 47 665 665 200 198 666 666 199 199 667 667 202 201 668 668 203 202 669 669 200 198 670 670 202 201 671 671 205 203 672 672 204 204 673 673 174 174 674 674 141 141 675 675 204 204 676 676 205 203 677 677 144 144 678 678 141 141 679 679 205 203 680 680 205 203 681 681 147 147 682 682 144 144 683 683 148 148 684 684 147 147 685 685 205 203 686 686 111 111 687 687 148 148 688 688 205 203 689 689 205 203 690 690 114 114 691 691 111 111 692 692 117 117 693 693 114 114 694 694 205 203 695 695 120 120 696 696 117 117 697 697 205 203 698 698 191 190 699 699 89 89 700 700 86 86 701 701 97 97 702 702 89 89 703 703 191 190 704 704 100 100 705 705 97 97 706 706 191 190 707 707 206 205 708 708 47 47 709 709 46 46 710 710 202 201 711 711 47 47 712 712 206 205 713 713 207 206 714 714 202 201 715 715 206 205 716 716 208 207 717 717 46 46 718 718 44 44 719 719 206 205 720 720 46 46 721 721 208 207 722 722 209 208 723 723 206 205 724 724 208 207 725 725 210 209 726 726 44 44 727 727 42 42 728 728 208 207 729 729 44 44 730 730 210 209 731 731 211 210 732 732 208 207 733 733 210 209 734 734 49 49 735 735 22 22 736 736 20 18 737 737 24 24 738 738 22 22 739 739 49 49 740 740 54 54 741 741 24 24 742 742 49 49 743 743 212 211 744 744 42 42 745 745 9 11 746 746 210 209 747 747 42 42 748 748 212 211 749 749 213 212 750 750 210 209 751 751 212 211 752 752 150 150 753 753 214 213 754 754 149 149 755 755 215 214 756 756 214 213 757 757 150 150 758 758 190 191 759 759 215 214 760 760 150 150 761 761 215 214 762 762 216 215 763 763 214 213 764 764 217 216 765 765 216 215 766 766 215 214 767 767 192 192 768 768 217 216 769 769 215 214 770 770 217 216 771 771 76 78 772 772 216 215 773 773 78 76 774 774 76 78 775 775 217 216 776 776 193 193 777 777 78 76 778 778 217 216 779 779 205 203 780 780 136 136 781 781 120 120 782 782 171 171 783 783 136 136 784 784 205 203 785 785 174 174 786 786 171 171 787 787 205 203 788 788 159 159 789 789 157 157 790 790 156 155 791 791 218 217 792 792 157 157 793 793 159 159 794 794 186 186 795 795 184 184 796 796 183 182 797 797 187 189 798 798 184 184 799 799 186 186 800 800 161 161 801 801 159 159 802 802 158 158 803 803 179 179 804 804 159 159 805 805 161 161 806 806 195 195 807 807 186 186 808 808 185 185 809 809 219 218 810 810 186 186 811 811 195 195 812 812 163 163 813 813 161 161 814 814 160 160 815 815 178 178 816 816 161 161 817 817 163 163 818 818 198 154 819 819 195 195 820 820 194 194 821 821 220 219 822 822 195 195 823 823 198 154 824 824 165 165 825 825 163 163 826 826 162 162 827 827 176 176 828 828 163 163 829 829 165 165 830 830 201 200 831 831 198 154 832 832 197 196 833 833 221 220 834 834 198 154 835 835 201 200 836 836 166 166 837 837 165 165 838 838 164 164 839 839 175 177 840 840 165 165 841 841 166 166 842 842 203 202 843 843 201 200 844 844 200 198 845 845 222 221 846 846 201 200 847 847 203 202 848 848 123 123 849 849 166 166 850 850 122 122 851 851 223 222 852 852 166 166 853 853 123 123 854 854 126 126 855 855 123 123 856 856 121 121 857 857 224 223 858 858 123 123 859 859 126 126 860 860 129 129 861 861 126 126 862 862 125 124 863 863 167 168 864 864 126 126 865 865 129 129 866 866 209 208 867 867 207 206 868 868 206 205 869 869 225 224 870 870 207 206 871 871 209 208 872 872 19 19 873 873 169 169 874 874 18 20 875 875 134 134 876 876 169 169 877 877 19 19 878 878 211 210 879 879 209 208 880 880 208 207 881 881 226 225 882 882 209 208 883 883 211 210 884 884 18 20 885 885 172 172 886 886 75 75 887 887 169 169 888 888 172 172 889 889 18 20 890 890 213 212 891 891 211 210 892 892 210 209 893 893 227 226 894 894 211 210 895 895 213 212 896 896 204 204 897 897 173 173 898 898 174 174 899 899 139 137 900 900 173 173 901 901 204 204 902 902 212 211 903 903 106 106 904 904 104 102 905 905 9 11 906 906 106 106 907 907 212 211 908 908 28 28 909 909 149 149 910 910 27 29 911 911 91 91 912 912 149 149 913 913 28 28 914 914 223 222 915 915 177 175 916 916 175 177 917 917 224 223 918 918 177 175 919 919 223 222 920 920 167 168 921 921 177 175 922 922 224 223 923 923 168 167 924 924 177 175 925 925 167 168 926 926 228 227 927 927 177 175 928 928 168 167 929 929 229 228 930 930 177 175 931 931 228 227 932 932 230 229 933 933 177 175 934 934 229 228 935 935 218 217 936 936 177 175 937 937 230 229 938 938 27 29 939 939 214 213 940 940 67 67 941 941 149 149 942 942 214 213 943 943 27 29 944 944 67 67 945 945 216 215 946 946 66 66 947 947 214 213 948 948 216 215 949 949 67 67 950 950 37 37 951 951 4 4 952 952 2 0 953 953 39 39 954 954 4 4 955 955 37 37 956 956 127 128 957 957 5 5 958 958 7 7 959 959 124 125 960 960 5 5 961 961 127 128 962 962 124 125 963 963 3 3 964 964 5 5 965 965 1 1 966 966 3 3 967 967 124 125 968 968 66 66 969 969 76 78 970 970 64 64 971 971 216 215 972 972 76 78 973 973 66 66 974 974 64 64 975 975 77 77 976 976 62 62 977 977 76 78 978 978 77 77 979 979 64 64 980 980 69 69 981 981 155 156 982 982 68 68 983 983 41 41 984 984 155 156 985 985 69 69 986 986 62 62 987 987 81 81 988 988 61 61 989 989 77 77 990 990 81 81 991 991 62 62 992 992 219 218 993 993 189 187 994 994 187 189 995 995 220 219 996 996 189 187 997 997 219 218 998 998 221 220 999 999 189 187 1000 1000 220 219 1001 1001 222 221 1002 1002 189 187 1003 1003 221 220 1004 1004 231 230 1005 1005 189 187 1006 1006 222 221 1007 1007 225 224 1008 1008 189 187 1009 1009 231 230 1010 1010 226 225 1011 1011 189 187 1012 1012 225 224 1013 1013 227 226 1014 1014 189 187 1015 1015 226 225 1016 1016 61 61 1017 1017 84 84 1018 1018 59 59 1019 1019 81 81 1020 1020 84 84 1021 1021 61 61 1022 1022 59 59 1023 1023 87 87 1024 1024 35 35 1025 1025 84 84 1026 1026 87 87 1027 1027 59 59 1028 1028 35 35 1029 1029 95 95 1030 1030 34 34 1031 1031 87 87 1032 1032 95 95 1033 1033 35 35 1034 1034 34 34 1035 1035 98 98 1036 1036 32 32 1037 1037 95 95 1038 1038 98 98 1039 1039 34 34 1040 1040 32 32 1041 1041 90 92 1042 1042 30 30 1043 1043 98 98 1044 1044 90 92 1045 1045 32 32 1046 1046 30 30 1047 1047 91 91 1048 1048 28 28 1049 1049 90 92 1050 1050 91 91 1051 1051 30 30 1052 1052 43 43 1053 1053 13 13 1054 1054 11 9 1055 1055 45 45 1056 1056 13 13 1057 1057 43 43 1058 1058 182 183 1059 1059 14 14 1060 1060 16 16 1061 1061 180 181 1062 1062 14 14 1063 1063 182 183 1064 1064 180 181 1065 1065 12 12 1066 1066 14 14 1067 1067 10 10 1068 1068 12 12 1069 1069 180 181 1070 1070 207 206 1071 1071 203 202 1072 1072 202 201 1073 1073 231 230 1074 1074 203 202 1075 1075 207 206 1076 1076 74 74 1077 1077 138 138 1078 1078 52 52 1079 1079 137 139 1080 1080 138 138 1081 1081 74 74 1082 1082 73 73 1083 1083 199 199 1084 1084 72 72 1085 1085 47 47 1086 1086 199 199 1087 1087 73 73 1088 1088 52 52 1089 1089 142 142 1090 1090 53 53 1091 1091 138 138 1092 1092 142 142 1093 1093 52 52 1094 1094 53 53 1095 1095 145 145 1096 1096 57 57 1097 1097 142 142 1098 1098 145 145 1099 1099 53 53 1100 1100 57 57 1101 1101 107 109 1102 1102 55 55 1103 1103 145 145 1104 1104 107 109 1105 1105 57 57 1106 1106 55 55 1107 1107 108 108 1108 1108 26 26 1109 1109 107 109 1110 1110 108 108 1111 1111 55 55 1112 1112 26 26 1113 1113 112 112 1114 1114 25 25 1115 1115 108 108 1116 1116 112 112 1117 1117 26 26 1118 1118 25 25 1119 1119 115 115 1120 1120 23 23 1121 1121 112 112 1122 1122 115 115 1123 1123 25 25 1124 1124 23 23 1125 1125 118 118 1126 1126 21 21 1127 1127 115 115 1128 1128 118 118 1129 1129 23 23 1130 1130 21 21 1131 1131 134 134 1132 1132 19 19 1133 1133 118 118 1134 1134 134 134 1135 1135 21 21 1136 1136 49 49 1137 1137 56 56 1138 1138 54 54 1139 1139 51 51 1140 1140 56 56 1141 1141 49 49 1142 1142 133 133 1143 1143 131 131 1144 1144 130 130 1145 1145 228 227 1146 1146 131 131 1147 1147 133 133 1148 1148 154 154 1149 1149 133 133 1150 1150 132 132 1151 1151 229 228 1152 1152 133 133 1153 1153 154 154 1154 1154 104 102 1155 1155 213 212 1156 1156 212 211 1157 1157 102 104 1158 1158 213 212 1159 1159 104 102 1160 1160 157 157 1161 1161 154 154 1162 1162 153 152 1163 1163 230 229 1164 1164 154 154 1165 1165 157 157 1166 1166 184 184 1167 1167 105 105 1168 1168 181 180 1169 1169 188 188 1170 1170 105 105 1171 1171 184 184 1172 1172 58 58 1173 1173 71 71 1174 1174 60 60 1175 1175 33 33 1176 1176 71 71 1177 1177 58 58 1178 1178 31 31 1179 1179 71 71 1180 1180 33 33 1181 1181 29 27 1182 1182 71 71 1183 1183 31 31 1184 1184 29 27 1185 1185 70 70 1186 1186 71 71 1187 1187 27 29 1188 1188 70 70 1189 1189 29 27 1190 1190 227 226 1191 1191 213 212 1192 1192 102 104 1193 1193 226 225 1194 1194 211 210 1195 1195 227 226 1196 1196 225 224 1197 1197 209 208 1198 1198 226 225 1199 1199 231 230 1200 1200 207 206 1201 1201 225 224 1202 1202 222 221 1203 1203 203 202 1204 1204 231 230 1205 1205 221 220 1206 1206 201 200 1207 1207 222 221 1208 1208 220 219 1209 1209 198 154 1210 1210 221 220 1211 1211 219 218 1212 1212 195 195 1213 1213 220 219 1214 1214 187 189 1215 1215 186 186 1216 1216 219 218 1217 1217 188 188 1218 1218 184 184 1219 1219 187 189 1220 1220 103 103 1221 1221 105 105 1222 1222 188 188 1223 1223 94 94 1224 1224 151 151 1225 1225 93 93 1226 1226 101 101 1227 1227 94 94 1228 1228 92 90 1229 1229 100 100 1230 1230 101 101 1231 1231 99 99 1232 1232 97 97 1233 1233 100 100 1234 1234 96 96 1235 1235 89 89 1236 1236 97 97 1237 1237 88 88 1238 1238 86 86 1239 1239 89 89 1240 1240 85 85 1241 1241 83 83 1242 1242 86 86 1243 1243 82 82 1244 1244 80 80 1245 1245 83 83 1246 1246 79 79 1247 1247 193 193 1248 1248 80 80 1249 1249 78 76 1250 1250 192 192 1251 1251 193 193 1252 1252 217 216 1253 1253 190 191 1254 1254 192 192 1255 1255 215 214 1256 1256 151 151 1257 1257 190 191 1258 1258 150 150 1259 1259 9 11 1260 1260 10 10 1261 1261 106 106 1262 1262 223 222 1263 1263 123 123 1264 1264 224 223 1265 1265 175 177 1266 1266 166 166 1267 1267 223 222 1268 1268 176 176 1269 1269 165 165 1270 1270 175 177 1271 1271 178 178 1272 1272 163 163 1273 1273 176 176 1274 1274 179 179 1275 1275 161 161 1276 1276 178 178 1277 1277 218 217 1278 1278 159 159 1279 1279 179 179 1280 1280 230 229 1281 1281 157 157 1282 1282 218 217 1283 1283 229 228 1284 1284 154 154 1285 1285 230 229 1286 1286 228 227 1287 1287 133 133 1288 1288 229 228 1289 1289 168 167 1290 1290 131 131 1291 1291 228 227 1292 1292 224 223 1293 1293 126 126 1294 1294 167 168 1295 1295 136 136 1296 1296 171 171 1297 1297 135 135 1298 1298 120 120 1299 1299 136 136 1300 1300 119 119 1301 1301 117 117 1302 1302 120 120 1303 1303 116 116 1304 1304 114 114 1305 1305 117 117 1306 1306 113 113 1307 1307 111 111 1308 1308 114 114 1309 1309 110 110 1310 1310 148 148 1311 1311 111 111 1312 1312 109 107 1313 1313 147 147 1314 1314 148 148 1315 1315 146 146 1316 1316 144 144 1317 1317 147 147 1318 1318 143 143 1319 1319 141 141 1320 1320 144 144 1321 1321 140 140 1322 1322 204 204 1323 1323 141 141 1324 1324 139 137 1325 1325 171 171 1326 1326 174 174 1327 1327 170 170 1328 1328 137 139 1329 1329 74 74 1330 1330 75 75 1331 1331 177 175 1332 1332 218 217 1333 1333 179 179 1334 1334 189 187 1335 1335 227 226 1336 1336 102 104 1337 1337 53 53 1338 1338 56 56 1339 1339 51 51 1340 1340 27 29 1341 1341 67 67 1342 1342 70 70 1343 1343</p>
        </triangles>
      </mesh>
    </geometry>
    <geometry id="polygon0-mesh" name="polygon0">
      <mesh>
        <source id="polygon0-mesh-positions">
          <float_array id="polygon0-mesh-positions-array" count="1749">35.31982 47.93822 -10.78478 -0.02540397 47.93822 -7.976048 0 63.8924 -3.842878 -35.37063 47.93821 -10.78479 -40.79603 63.8924 -6.651616 -34.87894 47.81632 -86.77116 -40.89432 74.73368 -64.50195 -38.71277 109.8303 -111.7127 -40.92649 118.3709 -94.64096 -20.2286 123.4447 -118.1173 -21.47667 131.2594 -100.3386 0 126.5485 -119.2367 0 134.3631 -101.4143 21.48712 131.2594 -100.3386 -57.00314 94.38754 -86.62269 -61.01211 91.35354 -89.13788 -45.95768 105.349 -109.2818 -46.31334 80.04768 -122.1232 -24.09671 92.76344 -129.8436 -21.75979 65.12991 -146.8735 0 74.4509 -151.3588 0 50.96588 -160.4239 21.75979 65.12991 -146.8735 17.50642 42.14001 -156.4808 41.2925 52.15746 -141.2605 27.36328 29.513 -150.7838 37.43489 25.2256 -144.0292 -63.82533 25.2256 -59.34028 -75.47354 49.94079 -60.21358 -67.77686 49.28761 -60.47948 -73.35612 76.07362 -78.78887 -58.93591 73.54209 -78.6253 -69.95103 84.49917 -108.6604 -49.48922 77.5752 -105.1149 -66.71046 75.38128 -130.4828 -48.63575 69.19144 -125.7712 -63.65705 53.21412 -147.0742 -51.49544 49.77963 -143.1173 -39.16614 28.81735 -183.5506 -39.16614 43.9399 -183.5506 -39.16614 43.9399 -172.7167 -27.33237 49.51134 -183.5506 -27.33237 49.51134 -172.7167 -15.49859 43.9399 -183.5506 -15.49859 43.9399 -172.7167 -15.49859 28.81735 -172.7167 -27.33237 23.24594 -172.7167 -27.33237 23.24594 -183.5506 27.33237 45.86131 -115.1601 18.07021 36.3542 -112.8504 18.07021 19.8597 -131.099 27.33237 10.35258 -128.8993 27.33237 10.35258 -155.226 36.59453 19.8597 -152.9051 36.59453 36.37864 -164.0828 27.33237 45.88576 -161.8628 27.33237 45.88575 -178.8322 18.07021 36.37864 -178.8322 -27.08955 25.20433 125.9423 -50.12966 25.20507 106.7298 -31.18476 19.92946 135.3731 -56.08096 24.4939 112.0165 -34.40746 28.56797 143.1593 -61.6225 31.45846 112.8452 -32.68096 40.86247 139.9939 -59.34155 38.42626 113.9463 -29.43867 47.26228 134.2441 -49.60745 43.22555 110.5126 27.33237 26.84709 -110.6507 36.59453 19.8597 -131.099 27.33237 29.36681 -150.6851 18.07021 36.37864 -164.0828 27.33237 26.87153 -178.8322 49.87952 38.84814 111.2766 29.00282 44.42274 135.8737 60.55483 43.92196 115.0435 31.95869 51.69345 145.0385 64.00865 50.45838 116.4634 32.99744 64.26225 146.7814 62.85302 56.78934 115.6003 32.53692 70.94955 141.3856 56.33121 58.28927 112.2752 30.65167 69.61258 134.6703 36.59453 36.3542 -112.8504 27.33237 29.36681 -133.4086 18.07021 19.8597 -152.9051 27.33237 26.87153 -166.4037 36.59453 36.37864 -178.8322 0 68.19189 -155.7278 4.255057 65.52634 -154.5256 2.607079 77.54007 -153.314 4.302866 100.5151 -123.5134 4.302866 112.1199 -138.6353 -4.302866 112.1199 -138.6353 4.302866 127.2097 -154.0975 -4.302866 127.2097 -154.0975 0 130.5164 -183.3492 0 121.1704 -170.4278 -27.33237 26.84709 -110.6507 -18.07021 36.3542 -112.8504 -27.33237 10.35258 -128.8993 -18.07021 19.8597 -131.099 -27.33237 10.35258 -155.226 -18.07021 19.8597 -152.9051 -27.33237 26.87153 -166.4037 -18.07021 36.37864 -164.0828 -27.33237 26.87153 -178.8322 -18.07021 36.37864 -178.8322 55.28431 25.23421 -104.7703 55.28431 50.75264 -104.6502 55.28431 37.99343 -117.5295 -55.28431 50.75264 -104.6502 -55.28431 37.99343 -117.5295 -55.28431 37.99343 -91.89101 -55.28431 25.23421 -104.7703 55.28431 37.99343 -91.89101 -94.81969 25.21754 -67.78213 -98.56327 25.21754 -89.77609 -95.24834 48.89793 -69.30526 -99.09425 42.94843 -89.59337 -95.77747 60.24293 -88.80606 -93.34244 63.66367 -107.1403 -86.24096 78.64639 -112.2059 -88.21706 58.8827 -132.5565 -81.22456 71.11603 -132.0961 -76.23219 49.77963 -147.4035 0 48.72548 140.1118 0 41.91442 147.5678 0 27.9311 152.5911 0 19.18155 142.0126 0 25.20433 130.1445 0 46.24545 143.3572 0 54.94711 152.3977 0 67.3747 153.2266 0 75.29036 146.9388 0 73.65371 140.3575 -27.33237 45.86131 -115.1601 -27.33237 29.36681 -133.4086 -27.33237 29.36681 -150.6851 -27.33237 45.88576 -161.8628 -27.33237 45.88575 -178.8322 67.63198 29.92335 75.62598 67.82317 37.58696 72.32804 71.7015 25.2256 50.0571 73.45178 61.7104 50.05709 72.92773 25.2256 8.460346 76.50046 61.7104 8.46034 71.39167 25.2256 -42.60932 75.08257 61.7104 -42.60933 73.6754 49.28761 -60.47947 68.19807 73.54209 -78.6253 -56.33121 58.28927 112.2752 -55.95289 72.67304 106.9525 -30.65167 69.61258 134.6703 -29.80694 88.17274 128.3154 0 92.4041 134.144 29.80694 88.17274 128.3154 28.96221 103.0334 118.407 55.73349 87.09334 97.70879 54.73045 102.2942 83.08131 -76.80139 50.74072 80.94633 -69.26355 50.74072 80.94633 -76.80139 37.34771 69.6894 -69.26355 37.34771 69.6894 -76.80139 23.9547 80.94633 -69.26355 23.9547 80.94633 -76.80139 37.34771 92.20323 -69.26355 37.34771 92.20323 -55.73349 87.09334 97.70879 -28.96221 103.0334 118.407 0 107.455 124.3769 28.16148 121.372 95.9162 52.56517 112.4672 64.91574 -36.59453 36.3542 -112.8504 -36.59453 19.8597 -131.099 -36.59453 19.8597 -152.9051 -36.59453 36.37864 -164.0828 -36.59453 36.37864 -178.8322 76.80139 23.9547 80.94633 76.80139 50.74072 80.94633 76.80139 37.34771 69.6894 69.26355 50.74072 80.94633 69.26355 37.34771 69.6894 69.26355 37.34771 92.20323 69.26355 23.9547 80.94633 76.80139 37.34771 92.20323 46.31334 80.04768 -122.1232 24.09671 92.76344 -129.8436 0 98.44383 -132.5867 -25.05688 114.856 -114.3808 -48.93898 49.80446 -129.2236 -58.75138 77.5752 -105.1149 -48.99086 77.5752 -105.1149 -68.19807 73.54209 -78.6253 -52.69466 73.54209 -78.6253 -73.6754 49.28761 -60.47947 -49.24635 49.28761 -60.47947 -70.34494 25.2256 -59.34028 -47.44358 25.2256 -59.3722 -89.25038 72.37263 -82.90009 39.16614 43.9399 -183.5506 39.16614 43.9399 -172.7167 27.33237 49.51134 -183.5506 27.33237 49.51134 -172.7167 15.49859 43.9399 -183.5506 15.49859 43.9399 -172.7167 15.49859 28.81735 -172.7167 27.33237 23.24594 -172.7167 27.33237 23.24594 -183.5506 42.01998 25.2256 -132.7568 45.71693 25.21754 -142.4002 43.95248 49.80446 -129.2236 51.49544 49.77963 -143.1173 48.63575 69.19144 -125.7712 63.65705 53.21412 -147.0742 66.71046 75.38128 -130.4828 81.22456 71.11603 -132.0961 86.24096 78.64639 -112.2059 47.44358 25.2256 -59.3722 70.34494 25.2256 -59.34028 49.24635 49.28761 -60.47947 52.69466 73.54209 -78.6253 48.99086 77.5752 -105.1149 58.75138 77.5752 -105.1149 48.93898 49.80446 -129.2236 -42.01998 25.2256 -132.7568 -43.95248 49.80446 -129.2236 -45.71693 25.21754 -142.4002 -60.75317 25.21754 -167.0078 -58.77951 37.49465 85.5233 -53.51744 30.45539 85.54946 -35.55408 30.40829 120.4145 0 30.40345 132.639 29.43867 47.26228 134.2441 0 136.0912 78.85841 -26.3201 131.2332 75.45552 26.3201 131.2332 75.45552 -52.56517 112.4672 64.91574 -60.50673 90.85545 54.60243 60.50673 90.85545 54.60243 57.71838 76.86246 47.83315 -29.00282 44.42274 135.8737 0 52.78854 137.2046 37.29067 52.72464 117.9347 51.34575 52.49466 85.52359 58.77951 37.49464 85.5233 67.76227 42.92709 -104.6502 -67.76227 42.92709 -104.6502 67.76227 34.92127 -109.7039 -67.76227 34.92127 -109.7039 67.76227 34.92127 -99.71657 -67.76227 34.92127 -99.71657 90.26968 42.03085 80.94633 -90.26968 42.03085 80.94633 90.26968 34.43154 77.01011 -90.26968 34.43154 77.01011 90.26968 34.43154 84.88255 -90.26968 34.43154 84.88255 65.97196 44.84097 75.8034 70.74017 43.15937 77.8658 69.76482 40.04606 88.70157 0 25.2256 -163.1706 -17.04918 25.2256 -155.9261 17.04918 25.2256 -155.9261 17.08617 25.2256 -111.7523 27.32367 29.60888 -111.7523 37.38523 25.2256 -111.7523 -69.24849 86.7542 -42.60933 -75.08257 61.7104 -42.60933 -76.50046 61.7104 8.46034 -72.92773 25.2256 8.460346 -71.7015 25.2256 50.0571 27.08955 25.20433 125.9423 50.12966 25.20507 106.7298 65.63054 25.20526 75.56763 -65.63054 25.20526 75.56763 -63.39327 89.76074 -42.60933 -71.22334 86.7542 8.46034 -65.23726 89.76074 8.460336 -66.29743 88.03116 53.89575 -67.63198 29.92335 75.62598 -71.68223 31.66818 77.77581 -70.04035 35.24195 88.72573 49.48922 77.5752 -105.1149 69.95103 84.49917 -108.6604 58.93591 73.54209 -78.6253 73.35612 76.07362 -78.78887 67.77686 49.28761 -60.47947 75.47354 49.94079 -60.21358 63.82533 25.2256 -59.34028 75.64716 25.21754 -58.69044 47.16175 25.2256 -132.7568 61.01211 91.35354 -89.13788 45.95768 105.349 -109.2818 25.05688 114.856 -114.3808 0 117.182 -115.3129 57.00314 94.38754 -86.62269 63.39327 89.76074 -42.60933 34.2275 48.63339 -86.62269 50.73381 48.63339 -15.96304 -50.73381 48.63339 -15.96304 -40.64225 47.4245 66.81933 -57.71838 76.86246 47.83315 -54.73045 102.2942 83.08131 -67.1543 90.85545 54.60243 -67.23411 72.79858 75.56355 -73.45178 61.7104 50.05709 -65.97196 44.84097 75.8034 -67.82317 37.58697 72.32804 89.25038 72.37263 -82.90009 -6.109766 110.6458 18.62382 -4.073179 113.2554 22.52104 -16.49571 120.1437 19.05431 -8.146362 106.3579 20.52448 -18.95449 116.2556 17.66552 69.24849 86.7542 -42.60933 71.22334 86.7542 8.46034 65.23726 89.76074 8.460336 66.29743 88.03116 53.89575 -34.2275 48.63339 -86.62269 39.16614 28.81735 -183.5506 39.16614 28.81735 -172.7167 20.23904 123.4447 -118.1173 38.70802 109.8303 -111.7127 34.87894 47.81632 -86.77116 -28.16148 121.372 95.9162 0 127.7542 99.1324 -71.79074 37.54081 75.96602 -69.90259 37.59527 88.08553 3e-6 100.2995 15.62901 -3.769975 98.58504 18.55277 -3.210172 86.24442 8.899604 3.769981 98.58504 18.55275 3.210177 86.24442 8.899601 -47.16175 25.2256 -132.7568 -37.38523 25.2256 -111.7523 -17.08617 25.2256 -111.7523 -27.32367 29.60888 -111.7523 -27.36328 29.513 -150.7838 -37.43489 25.2256 -144.0292 -1.359029 102.1639 -157.2349 -1.127296 88.24487 -154.0489 0 96.39555 -159.1856 0 97.84309 -169.2224 0 114.233 -164.8847 1.359029 102.1639 -157.2349 0 105.4536 -163.7827 -41.2925 52.15746 -141.2605 -21.45283 111.4062 20.58043 -17.20384 93.20549 15.31219 -26.67109 113.4451 17.89622 -21.38855 90.81729 11.34654 -21.45283 113.1552 14.53794 -17.20384 96.33754 9.260365 -0.01243299 74.73368 -66.76505 40.79603 63.8924 -6.651616 40.89432 74.73368 -64.50195 94.95596 43.06325 -120.3266 99.09425 42.94843 -89.59337 93.34244 63.66367 -113.7464 95.77747 60.24293 -88.80606 94.81969 25.21754 -67.78213 95.24834 48.89793 -69.30526 98.56327 25.21754 -89.77609 95.60737 25.21754 -120.7291 -0.002364993 118.3709 -96.5202 40.92176 118.3709 -94.64095 0 85.10544 12.96759 -10e-7 80.74695 8.431612 0 86.85448 6.925045 67.1543 90.85545 54.60243 67.23411 72.79858 75.56355 55.95289 72.67304 106.9525 35.55408 30.40828 120.4145 53.51744 30.45539 85.54946 -62.85302 56.78934 115.6003 -70.74017 43.15938 77.8658 -64.00865 50.45841 116.4634 -69.76482 40.04607 88.70157 4.073179 113.2554 22.52103 6.109766 110.6458 18.62382 16.62607 120.2795 19.0068 19.08331 116.3939 17.61865 8.146358 106.3579 20.52448 69.90259 37.59526 88.08553 71.79074 37.54081 75.96602 56.08096 24.4939 112.0165 71.68223 31.66818 77.77581 81.94716 25.21754 -148.678 88.21706 58.8827 -132.5565 76.23219 49.77963 -147.4035 21.45284 111.4062 20.58044 9.547407 125.7265 24.98894 26.67108 113.4452 17.89622 11.86975 131.3158 23.33241 21.45283 113.1552 14.53794 9.547407 127.4755 18.94638 1.127296 88.24487 -154.0489 -2.607079 77.54007 -153.314 17.20384 93.20549 15.31219 21.38855 90.81729 11.34654 17.20384 96.33754 9.260365 61.6225 31.45846 112.8452 70.04035 35.24194 88.72573 -94.95596 43.06325 -120.3266 -81.94716 25.21754 -148.678 -9.547414 125.7264 24.98895 -11.86975 131.3158 23.33241 -9.547405 127.4755 18.94639 -17.50642 42.14001 -156.4808 -51.34575 52.49467 85.52359 -71.39167 25.2256 -42.60932 -72.48958 77.21844 -26.27376 -72.30074 79.63723 -16.58289 -77.64745 61.58891 -16.8705 -73.09008 77.21844 -6.965355 -74.54137 70.61021 -0.006202995 -76.79328 61.58891 2.437902 -75.42692 51.97353 -0.08077895 -74.97857 44.93594 -7.093115 -75.00737 42.36 -16.72849 -74.86459 44.93594 -26.40152 -75.52666 51.97353 -33.52391 -76.6616 61.58891 -36.17891 -74.14033 70.61021 -33.44934 -7.951402 124.8851 100.0847 0 128.0682 99.39735 0 117.8728 112.1742 7.948811 124.8753 100.0792 13.76774 119.8061 104.0019 15.89762 114.2189 110.1144 13.76774 109.6107 116.7787 7.948811 107.2164 122.2093 0 107.6775 124.951 -7.951402 107.2261 122.2148 -13.77223 109.6276 116.7882 -15.9028 114.2384 110.1253 -13.77223 119.823 104.0114 72.30074 79.63723 -16.58289 72.48958 77.21844 -26.27376 77.64745 61.58891 -16.8705 74.14033 70.61021 -33.44934 76.6616 61.58891 -36.17891 0 102.0454 17.09156 -4.347797 109.4079 19.22266 0 58.84906 90.72704 4.347799 109.4079 19.22266 -39.16614 28.81735 -172.7167 40.64225 47.4245 66.81933 -15.49859 28.81735 -183.5506 -71.16831 85.28649 49.71014 -75.52575 91.39749 42.73316 -66.57431 98.20604 53.26843 -73.76778 103.2866 40.62254 -67.63934 109.153 43.23733 -75.64716 25.21754 -58.69044 -52.54827 107.7198 62.96368 -47.53851 87.98254 67.9373 -62.84589 84.11444 57.58667 -34.07708 123.3645 71.19103 -45.45403 105.4351 70.19418 -52.25471 121.9849 61.14021 -55.90635 107.3676 59.82508 -60.56673 112.9624 52.70832 -62.4675 121.0716 49.63624 -56.82008 131.8717 50.23672 -49.22995 134.6428 56.56252 -12.76988 131.9709 76.75275 -29.38034 120.502 75.04615 -30.09699 140.3553 71.06221 -37.94986 128.1844 68.41389 -42.10272 137.341 62.79365 -40.23692 145.7903 60.80946 -30.23134 152.6988 61.83746 -22.01724 151.2093 64.85728 12.00329 131.3296 77.27683 -12.00329 131.3296 77.27683 0 148.8111 75.22371 -16.06144 143.7749 72.43716 -14.51445 154.7515 69.19869 -7.23037 161.0719 68.15785 7.23037 161.0719 68.15785 14.51445 154.7515 69.19869 29.38034 120.502 75.04615 12.76988 131.9709 76.75275 30.09699 140.3553 71.06221 15.72361 143.5308 70.69747 22.01724 151.2093 64.85728 30.23134 152.6988 61.83746 40.23692 145.7903 60.80946 42.10272 137.341 62.79365 45.45403 105.4351 70.19418 34.07708 123.3645 71.19103 52.25471 121.9849 61.14021 40.89943 131.3587 63.80776 49.22995 134.6428 56.56252 56.82008 131.8717 50.23672 62.4675 121.0716 49.63624 60.56674 112.9624 52.70832 47.53851 87.98254 67.9373 52.54827 107.7198 62.96368 66.57431 98.20604 53.26843 58.94079 110.5247 50.66227 67.63934 109.153 43.23733 73.76778 103.2866 40.62254 75.52575 91.39749 42.73316 71.16832 85.28649 49.71014 -4.302866 100.5151 -123.5134 -4.255057 65.52634 -154.5256 -38.32111 53.39764 94.1003 -50.47094 53.39764 83.60982 -48.45274 30.16774 96.50028 -55.87221 53.39764 98.25777 -43.7224 53.39764 108.7482 -24.74135 53.39764 113.3632 -41.21719 53.39764 114.2473 -30.01112 30.16774 121.941 -33.78852 53.39764 128.0896 -17.31268 53.39764 127.2055 -48.85967 29.76682 99.58961 -33.18055 29.76682 104.4255 -41.36609 53.00205 110.5558 -31.65432 29.76682 119.8608 -48.55621 31.17156 113.2799 -28.72202 29.76682 122.9411 -13.16892 29.76682 117.7585 -15.77234 53.00205 127.7701 -1.9109 29.76682 129.093 -17.46401 29.76682 134.2756 13.79971 53.39764 128.3646 2e-6 53.39764 119.8633 0 30.16774 129.3379 -13.79971 53.39764 128.3646 0 53.39764 136.8659 41.21719 53.39764 114.2473 24.74135 53.39764 113.3632 30.01112 30.16774 121.941 17.31268 53.39764 127.2055 33.78852 53.39764 128.0896 13.16892 29.76682 117.7585 28.72202 29.76682 122.9411 15.77234 53.00205 127.7701 17.46401 29.76682 134.2756 1.9109 29.76682 129.093 33.18055 29.76682 104.4255 48.85967 29.76682 99.58961 41.36609 53.00205 110.5558 48.55621 31.17156 113.2799 31.65432 29.76682 119.8608 50.47094 53.39764 83.60982 38.32111 53.39764 94.1003 48.45274 30.16774 96.50028 43.7224 53.39764 108.7482 55.87221 53.39764 98.25777 49.60745 43.22555 110.5126 -49.87952 38.84814 111.2766 -37.29067 52.72464 117.9347 -60.55483 43.92196 115.0435 -31.95869 51.69345 145.0385 59.34155 38.42626 113.9463 32.68096 40.86247 139.9939 60.75317 25.21754 -167.0078 37.94986 128.1844 68.41389 55.90635 107.3676 59.82508 15.49859 28.81735 -183.5506 62.84589 84.11444 57.58667 31.18476 19.92946 135.3731 34.40746 28.56797 143.1593 -58.94079 110.5247 50.66227 -40.89943 131.3587 63.80776 -15.72361 143.5308 70.69747 73.09008 77.21844 -6.965355 74.54137 70.61021 -0.006202995 76.79328 61.58891 2.437902 75.42692 51.97353 -0.08077895 74.97857 44.93594 -7.093115 75.00737 42.36 -16.72849 74.86459 44.93594 -26.40152 75.52666 51.97353 -33.52391 -32.53692 70.94955 141.3856 -32.99744 64.26225 146.7814 -95.60737 25.21754 -120.7291 16.06144 143.7749 72.43716</float_array>
          <technique_common>
            <accessor source="#polygon0-mesh-positions-array" count="583" stride="3">
              <param name="X" type="float"/>
              <param name="Y" type="float"/>
              <param name="Z" type="float"/>
            </accessor>
          </technique_common>
        </source>
        <source id="polygon0-mesh-normals">
          <float_array id="polygon0-mesh-normals-array" count="2109">0.002901792 0.215036 0.9766019 -7.67759e-5 -0.2507858 0.9680427 0.4607009 -0.3574705 0.8123851 -0.4613121 -0.3562576 0.812571 -0.8728732 0.08808976 0.4799299 -0.8911809 -0.3052307 -0.3356053 -0.9025084 0.364581 0.2292582 -0.7231941 -0.0883913 -0.6849652 -0.6618736 0.6960585 0.2782552 -0.376515 0.4160091 -0.8277518 -0.2523959 0.9430654 0.2166195 -7.30194e-5 0.788846 -0.6145909 -8.06944e-7 0.906131 0.4229973 0.2524244 0.94305 0.2166539 -0.659913 0.5325218 -0.5300335 -0.8304646 0.5042911 -0.2366838 -0.5773295 0.8157436 0.03540241 -0.6978047 0.3417316 -0.6295143 -0.3753814 0.4959644 -0.7830122 -0.4161129 0.375482 -0.8281687 2.40328e-6 0.4970847 -0.867702 9.5414e-7 0.2643928 -0.9644151 0.4161318 0.3754362 -0.82818 0.4110653 0.1071995 -0.905281 0.6619898 0.1344077 -0.7373629 0.5166292 -0.00186187 -0.8562073 0.6633921 -0.01811891 -0.7480525 0.07165366 0.4150887 0.9069549 -0.1860936 0.2407594 0.9525776 0.0469011 0.05732482 0.9972534 -0.115787 0.7417977 0.6605525 0.1857825 0.862531 0.4706649 -0.01495373 0.9992569 0.03552627 0.5558627 0.8207227 -0.1320264 0.1051642 0.8410949 -0.5305657 0.655947 0.5637248 -0.5019442 0.1430695 0.593257 -0.7921978 0.7008059 0.3773104 -0.605399 -0.7265505 0.4609811 0.5095301 -0.7265554 0.460996 -0.5095095 -0.7265501 -0.4609815 -0.5095301 9.28342e-6 0.6709349 -0.7415164 7.78116e-5 0.6709023 0.7415458 0.7265518 0.460995 -0.5095155 0.7265527 0.4609827 0.5095255 0.7265576 -0.460986 0.5095154 -9.8981e-6 -0.6709348 0.7415164 -4.44427e-6 -0.6709021 -0.741546 -1 -2.40952e-5 1.02967e-5 -1 5.62519e-6 7.82311e-7 4.00878e-7 0.7418609 -0.6705538 -4.61936e-7 -0.9295393 0.368723 8.07092e-6 -0.8625446 -0.5059812 0.9999992 7.28428e-4 0.001078069 0.9999992 7.47643e-4 0.001125395 -3.47197e-6 0.8672475 0.4978773 5.9815e-7 1 -2.84741e-7 -1 2.38393e-7 0 -0.1167498 -0.9793542 0.1650298 0.08970183 -0.9696741 -0.2273454 0.1506758 -0.891227 -0.4277985 -0.4461372 -0.8792455 0.1670001 -0.5134156 -0.2084314 0.8324428 -0.8490098 -0.1729896 0.4992567 -0.4499127 0.5000079 0.7399802 -0.6575801 0.6405026 0.3966672 0.01509612 0.9606508 -0.2773488 0.258601 0.9193351 -0.2965611 0 -0.7418621 0.6705526 0.9999992 7.32213e-4 0.001088261 -9.6485e-7 0.8672624 0.4978514 -1 1.11908e-5 3.80725e-6 0 -0.9999999 -5.11474e-4 0.4864876 -0.7388395 0.4663111 -0.1196802 -0.9916882 -0.04723709 -0.3550905 -0.9315322 -0.07847625 0.3540667 -0.5522391 0.7547641 0.8651123 -0.09505069 0.4924897 0.4917713 0.1760349 0.8527443 0.6809309 0.719933 0.1342744 0.3342671 0.8994081 0.2816572 0.2800797 0.9345772 -0.2193649 0.1264256 0.9635945 -0.2355888 0.9999992 7.09659e-4 0.001113414 5.95115e-7 0.9298129 -0.3680327 -1 -1.62423e-6 1.54823e-5 -7.33882e-7 -0.8625525 -0.5059678 0.9999993 7.0765e-4 0.001061439 0.6820671 0.1134879 -0.7224299 0.7589113 0.1675356 -0.6292739 -4.14438e-7 0.1856744 -0.9826113 0.8928426 0.4106226 0.1849897 0.9266418 0.3381247 0.1643373 -0.9266374 0.3381553 0.1642994 0.9590488 0.2828959 0.01398497 -0.9590535 0.2828799 0.0139777 7.45319e-5 0.9228371 -0.3851906 -0.9638758 -0.1943558 -0.182124 4.87082e-7 -0.9295394 0.3687229 0.9999992 7.41222e-4 0.001087188 0 -0.7418621 0.6705526 0.9999992 7.19197e-4 0.00109148 -3.17395e-6 -0.8625447 -0.5059812 0.9999991 7.50914e-4 0.001113057 7.54371e-7 -0.8625524 -0.5059677 0.9999992 7.06054e-4 0.001085579 0 -0.9999999 -5.11474e-4 0.9999992 7.00263e-4 0.001050233 0.5782076 0.001892685 -0.8158875 0.5765196 0.8170813 0.001892983 0.5765194 -0.8170812 -0.001892864 -0.576494 0.8170992 0.001892566 -0.578182 0.001893281 -0.8159058 -0.5781819 -0.001893281 0.8159058 -0.576494 -0.8170993 -0.001892507 0.5782077 -0.001892805 0.8158875 -0.8115732 0.2707573 0.5177255 -0.9956815 -0.02258247 0.0900464 -0.6795367 0.03789907 0.732662 -0.9960251 0.08647924 -0.02133917 -0.9426012 0.3302574 0.04932659 -0.9510576 0.2696087 -0.1509987 -0.6846182 0.6990984 -0.2062995 -0.8430822 0.2843045 -0.4564903 -0.3966721 0.6241388 -0.6731287 -0.4636304 0.3949474 -0.7931353 1.76132e-5 0.9717671 0.235942 7.71495e-6 0.4670837 0.8842132 -6.47334e-5 -0.4517087 0.8921655 1.37258e-4 -0.9938449 -0.1107812 0 -0.8917447 -0.4525389 -7.86036e-7 -0.9665742 0.2563871 -1.86381e-5 -0.3338435 0.9426285 -3.60606e-5 0.4224756 0.9063744 7.01594e-5 0.9928748 0.1191629 0 0.9704428 -0.2413313 -5.34504e-7 0.7418609 -0.6705538 -5.73391e-7 0.9298129 -0.3680327 -4.4293e-6 0.8672624 0.4978514 0 0.8672476 0.4978773 -4.35018e-7 1 -2.84741e-7 0.9808388 -0.1177407 0.1552172 0.9738346 0.02545171 0.2258285 0.9330387 -0.2411604 0.266984 0.9819402 0.05658549 0.1805315 0.9962182 -0.08611911 0.01152497 0.9974197 0.06918454 0.01917183 0.9930329 -0.1131012 -0.03307521 0.9952074 0.07086908 -0.06737899 0.9962082 -0.04449003 -0.07476669 0.9618476 0.2088257 -0.1767522 -0.555716 0.2933896 0.7778832 -0.8503302 0.2075894 0.4835754 -0.8671309 0.1927435 0.4592756 -0.4849353 0.3928052 0.7813718 0 0.3236872 0.9461643 -2.13156e-6 0.4779722 0.8783749 0.4849352 0.3928052 0.7813719 0.4806011 0.5859881 0.6524114 0.801037 0.38275 0.4602633 0.7962478 0.5016964 0.3380682 0.5468415 1.41247e-6 0.8372362 -0.6135869 -0.7896273 -3.25977e-7 0.6135885 -0.789626 -4.37163e-6 -0.5468293 -4.1984e-6 0.8372442 0.6135883 0.7896262 -4.27198e-6 -0.6135866 0.7896276 -4.46662e-6 0.5468658 -1.51724e-6 -0.8372203 -0.5468744 4.37722e-6 -0.8372147 -0.8010365 0.3827521 0.4602625 -0.4806007 0.5859879 0.6524118 -2.09454e-6 0.7090304 0.705178 0.4583553 0.7589775 0.4624539 0.7195832 0.6431968 0.2617213 -1 1.86767e-5 -1.37538e-5 -1 -1.3873e-5 5.11855e-6 -1 -1.69724e-5 1.01921e-5 -1 -1.0699e-5 -3.3021e-5 -1 -5.29762e-7 0 0.5468605 -3.55765e-7 -0.8372238 0.6136127 0.7896072 3.53206e-7 0.6136125 -0.7896073 -6.78003e-7 -0.6135963 0.7896199 5.65328e-6 -0.5468477 -4.82425e-7 -0.8372322 -0.5468479 -6.92904e-7 0.8372321 -0.613596 -0.7896201 1.64844e-6 0.5468046 0 0.8372603 0.6978053 0.3417305 -0.6295142 0.3753815 0.4959644 -0.7830122 0 0.6216836 -0.7832685 -0.2453136 0.586001 -0.772285 -0.5567073 -0.8269402 0.07903742 2.76603e-6 -0.9385519 0.3451383 -0.939589 -0.2510322 0.2327133 3.08454e-6 -0.9194565 -0.393192 -0.2912673 -0.7523601 -0.590862 5.05708e-6 -0.4319481 -0.9018985 -0.6828032 -0.2385332 -0.6905663 -5.72199e-4 -0.04678076 -0.9989051 -0.8893857 -0.08581376 -0.4490314 -7.38191e-4 -0.04663491 -0.9989118 -0.6154136 0.7214323 0.3174928 -4.41074e-6 0.6709349 -0.7415163 0.7265505 0.460981 0.5095301 0.726555 0.4609963 -0.5095099 -9.47341e-6 0.6709023 0.7415458 -0.7265539 0.4609918 -0.5095155 -0.7265468 0.4609919 0.5095255 -0.7265515 -0.4609957 0.5095154 -9.15676e-6 -0.6709348 0.7415164 1.55941e-5 -0.6709021 -0.741546 -0.9153253 0.2142332 -0.3410043 -0.8790065 0.1657692 -0.4470664 -0.926504 0.1239198 -0.3552949 -0.7008058 0.3773099 -0.6053996 -0.6559464 0.5637257 -0.5019438 -0.1430691 0.5932571 -0.7921978 -0.1054079 0.8410887 -0.5305272 0.3966726 0.6241381 -0.6731289 0.6688895 0.7109348 -0.217161 0.682806 -0.2385382 -0.6905618 -6.47865e-4 -0.04668366 -0.9989096 0.8893896 -0.08587223 -0.4490125 -5.04497e-6 -0.4319481 -0.9018985 0.2912577 -0.7523755 -0.5908469 -3.09944e-6 -0.9194566 -0.3931918 0.5566822 -0.8269556 0.07905346 -2.902e-6 -0.9385519 0.3451383 0.939589 -0.2510323 0.2327132 0.8790065 0.1657692 -0.4470663 0.9153253 0.2142333 -0.3410042 0.926504 0.1239197 -0.3552948 0.1430053 0.4665984 -0.8728318 0.5804875 0.8098837 0.08439588 0.4491056 0.03049534 0.8929582 0.413872 0.7994811 -0.4353619 -9.79379e-6 0.6409443 -0.7675876 -0.01506531 0.9606488 -0.277357 9.89065e-7 0.5323771 -0.8465074 -9.91859e-7 0.5323709 -0.8465113 0 0.5737202 -0.8190515 2.19326e-7 0.4505503 -0.8927512 -2.18861e-7 0.450544 -0.8927543 4.33996e-7 0.3863459 -0.9223541 -4.35393e-7 0.3863568 -0.9223494 0 0.4354817 -0.9001976 7.20214e-6 -0.8546329 -0.5192327 0.1196835 -0.9916879 -0.04723519 -0.4035674 -0.8612723 -0.3087772 -0.6309231 -0.7602614 0.1547217 -0.4491001 0.03055024 0.892959 0 -0.4828059 -0.8757274 0 1 3.43053e-5 0 1 -2.84966e-5 0 -0.4828073 -0.8757266 0 -0.4875276 0.8731076 0 -0.4875267 0.873108 0 -0.5196475 -0.8543809 0 1 4.12511e-7 0 1 -4.12511e-7 0 -0.519647 -0.8543812 0 -0.519647 0.8543812 0 -0.5196475 0.8543809 0.4320636 0.7951059 -0.4255908 0.86833 0.4315341 -0.2445025 0.7945387 -0.4494723 0.4082683 0.1318278 -0.9912726 3.65426e-4 -0.13183 -0.9912723 3.66887e-4 0 -0.9999999 -5.7526e-4 0.09741443 -0.9643831 -0.2459182 0.003463268 -0.8789739 -0.4768574 -0.09556794 -0.9646214 -0.2457078 -1.09151e-6 -0.9999999 -4.33039e-4 -0.202049 -0.9793754 3.64903e-4 -0.9618475 0.2088257 -0.1767522 -0.8430872 0.2842985 -0.4564848 -0.8392226 0.5399922 -0.06414139 -0.9952073 0.0708695 -0.06738001 -0.9974189 0.06919831 0.01916563 -0.9962375 -0.08593434 0.01123589 -0.9808449 -0.1177161 0.1551973 0 -0.9999999 -4.79384e-4 0 -0.9999999 -4.79384e-4 0 -0.9999999 -4.79384e-4 0 -0.9999999 -5.17849e-4 0 -0.9999999 -5.17849e-4 0 -0.9999999 -5.17849e-4 0 -0.9999999 -6.13791e-4 0 -0.9999999 -6.13791e-4 0 -0.9999999 -6.13791e-4 0 -0.9999999 -4.85479e-4 0 -0.9999999 -4.85479e-4 0 -0.9999999 -4.85479e-4 0 -0.9999999 -4.85591e-4 0 -0.9999999 -4.85591e-4 0 -0.9999999 -4.85591e-4 0 -0.9999999 -4.61771e-4 0 -0.9999999 -4.61771e-4 0 -0.9999999 -4.61771e-4 -0.4881099 0.872752 -0.007266283 -0.7865023 0.6173658 0.01654344 -0.4488574 0.8935974 0.003289163 -0.7815986 0.6208538 0.060368 -0.4447196 0.8953567 0.02368253 -0.3682821 -0.8610048 -0.3507694 -0.8515731 -0.4934084 -0.1771198 -0.83655 0.4191007 0.3529003 -0.1857978 0.8625541 0.4706164 0.0149638 0.9992569 0.0355246 -0.5558627 0.8207228 -0.1320263 0.1157726 0.7417978 0.660555 -0.07165282 0.4150884 0.9069552 0.1860896 0.2407591 0.9525784 -0.04690122 0.05732405 0.9972534 0.1921508 0.06169915 0.979424 0.8034614 -0.01288264 -0.5952175 0.8350343 0.1363615 -0.5330322 0.8430872 0.2842984 -0.4564849 0.8304655 0.5042897 -0.2366836 0.6599131 0.5325218 -0.5300334 0.2453136 0.586001 -0.7722851 2.43075e-7 0.670921 -0.7415289 -0.4570762 0.5995543 0.6569749 -0.9106796 0.3889048 0.1393409 -0.8325651 0.4144204 0.3675476 -0.7187578 0.6950033 0.01891207 0.7187399 0.6950216 0.01891916 0.5646287 0.5771639 -0.5899799 0.9159764 0.1688998 -0.3639506 -0.9203142 0.3350034 0.2019767 -0.7962484 0.5016962 0.3380669 -0.7195833 0.6431967 0.2617214 -0.9481897 0.1628978 0.2727649 -0.9819385 0.05658131 0.1805424 -0.958085 0.02710098 0.2851995 -0.9738345 0.02545154 0.2258286 0.6154173 0.7214298 0.3174914 0.3355494 0.6885706 -0.6428665 0.1379958 0.820408 0.5548765 -0.003731548 0.2841274 -0.9587794 -0.5315772 -0.58951 0.6081971 -0.2443969 -0.2316623 -0.9415959 0.8392307 0.5399792 -0.0641424 0.7864925 0.6173784 0.01654005 0.4487903 0.89363 0.00357604 0.7815762 0.6208821 0.06036752 0.4447196 0.8953568 0.02368253 0.9106796 0.3889048 0.1393409 0.4570899 0.5995426 0.6569761 0.832565 0.4144204 0.3675475 0.9505574 0.3075355 -0.04315978 0.9644184 0.2427943 -0.1046332 0.7265439 -0.4609912 -0.5095302 0.7265597 -0.4609885 0.5095101 0.3766572 0.4159585 -0.8277125 0.7232121 -0.088472 -0.6849358 0.8909421 -0.3060826 -0.3354637 -0.4583556 0.7589775 0.4624534 -2.42318e-6 0.8784356 0.4778608 -0.6242076 0.0676167 -0.7783269 -0.9848535 0.07508623 -0.1562873 -0.572869 0.0412572 0.818608 -0.6593471 0.2531493 -0.7079384 -0.8916561 -0.3805381 0.245235 -0.003726601 0.2841326 -0.9587778 0.8916501 -0.3805521 0.2452352 0.6593363 0.2531781 -0.7079383 0.09742784 -0.9643852 -0.2459046 2.20927e-6 -0.9999999 -5.75223e-4 0 -0.9999999 -4.79385e-4 -0.09557884 -0.9646206 -0.2457069 0.003495335 -0.8789719 -0.4768607 2.87592e-6 -1 -4.2975e-4 0.202012 -0.979383 3.62426e-4 -0.9805719 -0.06676983 -0.1844468 -0.656123 -0.2392452 -0.7157264 0 -0.1830585 -0.983102 0.9638758 -0.1943558 -0.182124 0.9681922 -0.08696424 -0.2346088 0.9805718 -0.06677126 -0.1844468 0.9821709 0.04017204 -0.1836479 0.9941197 -0.05675208 -0.09222453 -0.8350343 0.1363615 -0.5330322 -0.6619924 0.1344065 -0.7373608 -0.8034616 -0.01288253 -0.5952175 -0.6633922 -0.01811885 -0.7480525 0.3722624 0.8542039 0.3629828 0 0.9248562 0.3803169 -0.3722624 0.8542038 0.362983 -0.9752005 0.2114362 0.06541287 0.3377071 -0.008160233 0.9412159 0.420235 -0.3452514 0.8391687 -0.7939254 -0.5833933 -0.171274 0.4315447 0.1610824 -0.8875932 0.3693777 0.5276543 -0.7649453 2.12592e-6 0.840096 0.5424378 0.8727626 0.08676582 0.4803721 0.9025251 0.3645806 0.2291926 0.9455952 0.273229 -0.1766231 0.9966964 0.07933896 -0.01737105 0.9528389 0.08360946 -0.291732 0.9412338 0.3328893 0.05712884 0.9956815 -0.02258342 0.09004646 0.8115739 0.2707552 0.5177254 0.6795367 0.03789937 0.732662 0.9741178 0.0178802 -0.2253329 -6.62403e-7 0.4060638 0.9138447 0.6620336 0.6959054 0.2782577 1.16639e-5 0.1193868 0.9928479 8.42707e-6 -0.9567516 -0.2909062 1.1418e-6 0.7038967 -0.7103025 0.9481889 0.1628976 0.2727677 0.9203141 0.3350035 0.2019767 0.958085 0.02710098 0.2851995 0.8503302 0.2075895 0.4835752 0.8671309 0.1927436 0.4592756 -0.4138729 0.7994818 -0.43536 -0.5804764 0.8098909 0.08440452 -0.4320636 0.7951059 -0.4255913 -0.680929 0.7199343 0.1342774 -0.2800799 0.9345772 -0.2193649 -0.8683297 0.4315323 -0.2445063 -0.8651123 -0.09504944 0.49249 -0.7945458 -0.4494726 0.4082543 -0.3403555 0.6856967 -0.6434113 -0.003725171 0.284097 -0.9587883 -0.1392676 0.8199824 0.5551878 0.2416983 -0.2333426 -0.9418776 0.531875 -0.5892894 0.6081506 -0.9330387 -0.2411605 0.266984 -0.8719 -0.3737844 0.3163474 -0.8354715 -0.3595526 0.4155831 0.9848541 0.07507687 -0.1562875 0.572869 0.04125678 0.8186081 0.6242076 0.06761658 -0.778327 0.3682822 -0.8610047 -0.3507695 0.4461372 -0.8792455 0.167 -0.08971434 -0.9696711 -0.2273529 0.8515701 -0.4934143 -0.1771181 0.7998166 0.1203539 -0.588055 0.8215747 0.2895413 -0.4911017 0.4636306 0.3949474 -0.7931351 0.5773291 0.8157438 0.03540235 0.4881238 0.8727442 -0.007271945 0.9752026 0.2114212 0.06542927 -0.1871386 -0.6347771 0.7496915 -0.4202331 -0.3452664 0.8391636 0.4366511 0.8641827 0.2500484 -0.4315532 0.1610678 -0.8875918 -0.1940793 -0.1285245 -0.9725301 0.7178375 -0.1616873 -0.6771754 -0.6820826 0.1134577 -0.72242 -0.3377202 -0.008169174 0.9412112 0.7939624 -0.5833486 -0.1712544 -0.3693901 0.5276414 -0.764948 -0.9681922 -0.08696419 -0.2346087 -0.9821709 0.04017204 -0.1836479 -0.9941197 -0.05675208 -0.09222453 0 0.3865657 0.9222619 -0.02542132 0.3834286 0.9232206 0.02542132 0.3834286 0.9232206 0.4370387 0.4102073 0.8004545 0.8490098 -0.1729896 0.4992566 0.8365449 0.4191021 0.3529109 -0.9548393 0.1030716 -0.2786723 -0.7998164 0.1203538 -0.588055 0.1871124 -0.6347596 0.7497128 -0.4366165 0.8641898 0.2500841 0.1940845 -0.1285106 -0.9725309 -0.4110665 0.1072 -0.9052804 -0.4254776 -0.04113721 -0.9040336 -0.5166594 -0.001827597 -0.8561891 -1.54159e-7 0.03277426 -0.9994628 0.6308947 -0.7602826 0.1547329 0 -0.9999999 -4.79244e-4 0 -0.9999999 -4.79244e-4 0 -0.9999999 -4.79244e-4 0 -0.9999999 -4.79333e-4 0 -0.9999999 -4.79333e-4 0 -0.9999999 -4.79333e-4 0 -0.9999999 -4.79384e-4 0 -0.9999999 -4.79384e-4 0 -0.9999999 -4.79384e-4 0 -0.9999999 -4.79384e-4 0 -0.9999999 -4.79384e-4 0 -0.9999999 -4.79384e-4 0.8893952 -0.08580166 -0.4490148 0.9974282 -0.07157075 -0.003830611 -0.997465 0.07088303 -0.006259143 -0.9582601 0.2843522 -0.02968811 -0.9568681 0.2863874 -0.04884409 -0.9627405 0.2698863 0.01709723 -0.9662447 0.2541809 0.04199379 -0.9976863 0.05171167 0.04413557 -0.9903319 -0.1294679 0.04980784 -0.9903322 -0.1294521 0.04984277 -0.9906846 -0.1360601 -0.005628764 -0.9896764 -0.1350097 -0.04809528 -0.9896749 -0.1350293 -0.04807072 -0.995707 0.07734882 -0.05084282 -0.9568628 0.286394 -0.04890877 6.90169e-4 0.7816461 0.6237218 6.72497e-4 0.7816466 0.6237213 -0.250721 0.7566794 0.6038006 0.2520591 0.7564089 0.6035826 0.252058 0.7564105 0.6035808 0.2520565 0.7564077 0.6035851 0.2520591 0.7564067 0.6035854 0.2520639 0.7564092 0.6035801 0.5557162 0.2933896 0.7778832 -0.05904012 0.2900269 -0.9551956 -0.08801919 0.2165529 -0.9722949 -0.1753396 0.1885849 -0.9662773 7.09015e-4 0.7816482 0.6237192 -0.2507269 0.7566795 0.6037981 -0.2507226 0.7566784 0.6038014 -0.2507233 0.7566783 0.6038012 -0.2507231 0.7566784 0.6038011 0.9974651 0.07088309 -0.006259143 0.956868 0.2863877 -0.04884415 0.9582601 0.2843522 -0.02968811 0.9568721 0.2863698 -0.04886865 0.995707 0.07734858 -0.05084282 -3.82215e-6 -0.6381831 0.7698847 -0.8659185 0.3820693 0.3228129 -1.32095e-7 -0.862541 -0.5059872 0.8659186 0.3820692 0.322813 -0.7265538 -0.4609978 0.5095102 0.05903977 0.2900267 -0.9551958 0.08801794 0.2165526 -0.9722952 0.1753378 0.1885846 -0.9662777 -0.9930281 -0.1131651 -0.03299975 -0.9962081 -0.04449003 -0.07476669 -0.9882598 -0.139714 -0.06182789 -0.9505572 0.3075356 -0.04315978 -0.9159737 0.168891 -0.3639616 -0.5646275 0.5771687 -0.5899764 0.7265465 -0.4609926 -0.5095254 -0.7000234 0.2604333 0.6649375 -0.8020522 0.1672142 0.5733687 -0.7414827 0.08020329 0.6661613 -0.752092 0.3401829 0.5644763 -0.6440348 0.4818255 0.5941915 -0.003719508 0.2841079 -0.9587852 -0.003719925 0.2841077 -0.9587852 -0.003719747 0.2841078 -0.9587851 -0.1922548 0.06170415 0.9794033 -0.583144 0.07488083 0.8089104 -0.6730556 0.3061615 0.6732469 -0.630684 0.07000213 0.7728761 -0.6446347 0.2611134 0.7185165 -0.5921792 0.1856665 0.7841249 -0.4787483 0.3019737 0.8243858 -0.7343016 0.1234131 0.6675106 -0.7626067 0.1062849 0.638071 -0.7394539 0.2092915 0.6398478 -0.6933462 0.3650683 0.621286 -0.5918762 0.3954397 0.7023603 -0.3541674 0.3857161 0.8519322 -0.3759294 0.1692479 0.9110611 -0.1525861 0.3194587 0.9352346 -0.5544401 0.1809681 0.8123096 -0.5911161 0.2587013 0.7639734 -0.5216134 0.4236962 0.740541 -0.3158965 0.5657451 0.7616705 -0.1419864 0.5688036 0.8101249 3.76953e-7 0.3237338 0.9461483 -0.1257074 0.2004215 0.9716116 0.1257075 0.2004214 0.9716115 -0.2518898 0.2930785 0.9223105 -0.2337383 0.3492687 0.9074017 -0.1065538 0.4485515 0.8873827 0.106554 0.4485515 0.8873826 0.233717 0.3493112 0.9073908 0.3541687 0.3857154 0.8519321 0.1525862 0.319459 0.9352344 0.3759297 0.1692479 0.911061 0.0883733 0.4990589 0.8620502 0.1419461 0.568785 0.8101451 0.3159445 0.5657346 0.7616583 0.5216134 0.4236962 0.7405411 0.5911169 0.2587472 0.7639572 0.6446347 0.2611132 0.7185167 0.4787484 0.3019738 0.8243858 0.5921792 0.1856666 0.7841249 0.4914221 0.3710613 0.7879199 0.5918377 0.3954417 0.7023917 0.6934093 0.3650013 0.6212549 0.7394478 0.2093415 0.6398383 0.7626067 0.106285 0.6380709 0.7000233 0.2604335 0.6649374 0.6730557 0.3061615 0.6732468 0.5831437 0.07488071 0.8089106 0.6522294 0.5206919 0.5508873 0.6440721 0.4818021 0.59417 0.7520918 0.3401827 0.5644764 0.8020648 0.1673018 0.5733256 0.7415122 0.08022326 0.6661261 -0.8928343 0.410634 0.1850045 -0.7589103 0.1675359 -0.629275 -0.03574848 -0.9993239 0.008600294 -0.234069 -0.4871742 -0.8413521 0.8833441 -0.4089247 -0.2290933 -0.9198256 -0.3118349 0.2380759 0.1991044 -0.4884701 0.8495613 -0.02046173 -0.9992075 0.03414279 -0.761626 -0.5027902 -0.4088127 0.4484009 -0.3973468 -0.8006574 -0.4673045 -0.2964485 0.8329135 0.740602 -0.5052474 0.4429827 -0.06372559 0.9953337 -0.07245701 0.7075746 0.4025191 -0.5807897 -0.5156169 0.4960392 -0.6986303 0.5090585 0.4948188 0.7042825 -0.7747293 0.323001 0.5435668 -0.01251518 0.9986838 0.04974091 0.2105611 0.4066245 -0.8889997 -0.8439514 0.5068447 -0.1756545 0.8308188 0.5085521 0.2260857 -0.2219357 0.2778354 0.9346401 0 -0.9996166 0.0276876 0 -0.377658 -0.9259452 0.8599125 -0.5102461 0.01412314 -0.8599126 -0.5102461 0.01412308 0 -0.3082817 0.9512952 0.02033662 -0.9992074 0.03421908 -0.4483502 -0.3973458 -0.8006864 0.7616261 -0.5027902 -0.4088128 -0.740602 -0.5052475 0.4429828 0.4673046 -0.2964485 0.8329135 0.01258331 0.9986838 0.04972332 0.8439514 0.5068447 -0.1756545 -0.2106176 0.4066253 -0.888986 0.2219357 0.2778354 0.9346401 -0.8308188 0.5085521 0.2260859 0.06373119 0.9953335 -0.0724554 0.515617 0.4960391 -0.6986303 -0.7075746 0.4025191 -0.5807897 0.7747294 0.3230008 0.5435668 -0.5090586 0.4948187 0.7042825 0.03570967 -0.9993238 0.008761107 -0.8833298 -0.4089238 -0.2291506 0.234069 -0.4871742 -0.8413521 -0.1991044 -0.4884703 0.8495613 0.9198256 -0.3118346 0.2380759 0.4254779 -0.04113721 -0.9040334 -0.2586011 0.919335 -0.2965614 0.3550832 -0.9315344 -0.07848334 0.403577 -0.8612655 -0.3087839 -0.4864891 -0.7388415 0.4663064 -0.3540785 -0.5521914 0.7547935 0.6575817 0.6405029 0.3966643 0.4499129 0.5000074 0.7399805 -0.1430051 0.4665985 -0.8728319 0 -0.9999999 -4.79433e-4 0 -0.9999999 -4.79457e-4 0 -0.9999999 -4.79385e-4 0.5544399 0.1809688 0.8123096 0 -0.9999999 -4.79423e-4 0 -0.9999999 -4.79423e-4 0 -0.9999999 -4.79423e-4 0 -0.9999999 -5.7526e-4 0 -0.9999999 -5.7526e-4 0 -0.9999999 -5.7526e-4 0.7343016 0.1234124 0.6675108 0 -0.9999999 -5.75282e-4 0 -0.9999999 -5.75282e-4 0 -0.9999999 -5.75282e-4 0 -0.9999999 -4.79384e-4 0 -0.9999999 -4.79384e-4 0 -0.9999999 -4.79384e-4 -0.7265483 -0.4609898 -0.5095253 0.6306838 0.07000243 0.7728762 0.1167498 -0.9793542 0.1650298 0.5134162 -0.2084321 0.8324421 -0.1506759 -0.8912269 -0.4277984 -0.9974282 -0.07157069 -0.003830611 -0.6522293 0.520692 0.5508873 -0.4914221 0.3710613 0.7879201 -0.0883733 0.4990586 0.8620504 0.9627405 0.2698863 0.01709723 0.9662446 0.2541812 0.04199379 0.9976863 0.05171185 0.04413557 0.9903319 -0.1294679 0.04980784 0.9903322 -0.1294521 0.04984271 0.9906846 -0.1360601 -0.005628764 0.9896764 -0.1350097 -0.04809528 0.9896749 -0.1350295 -0.04807072 -0.3342681 0.8994081 0.2816559 -0.1264257 0.9635947 -0.2355886 -0.4917744 0.1760361 0.8527421 -0.4370387 0.4102072 0.8004546 0.8719 -0.3737844 0.3163474 0.8354715 -0.3595526 0.4155831 -0.08973443 -0.9696634 -0.2273778 -0.9741178 0.01788002 -0.225333 0.2518898 0.2930785 0.9223104 0.9882598 -0.139714 -0.06182789 -0.9644184 0.2427943 -0.1046332 0 0.4354817 -0.9001976 0 -0.9999999 -4.61739e-4 0 -0.9999999 -4.61739e-4 0 -0.9999999 -4.61739e-4</float_array>
          <technique_common>
            <accessor source="#polygon0-mesh-normals-array" count="703" stride="3">
              <param name="X" type="float"/>
              <param name="Y" type="float"/>
              <param name="Z" type="float"/>
            </accessor>
          </technique_common>
        </source>
        <source id="polygon0-mesh-map-0">
          <float_array id="polygon0-mesh-map-0-array" count="5370">0.09246826 0.02020263 0.1306763 0.0201416 0.1306763 0.09765625 0.1306763 0.09765625 0.1306763 0.0201416 0.09246826 0.02020263 0.09246826 0.09771728 0.1306763 0.09765625 0.09246826 0.02020263 0.1534424 0.2163696 0.1306763 0.09765625 0.09246826 0.09771728 0.09234619 0.2108765 0.1534424 0.2163696 0.09246826 0.09771728 0.1306763 0.2993164 0.1534424 0.2163696 0.09234619 0.2108765 0.09246826 0.2992554 0.1306763 0.2993164 0.09234619 0.2108765 0.1306763 0.3592529 0.1306763 0.2993164 0.09246826 0.2992554 0.09246826 0.359314 0.1306763 0.3592529 0.09246826 0.2992554 0.1306763 0.4039917 0.1306763 0.3592529 0.09246826 0.359314 0.09265136 0.4040527 0.1306763 0.4039917 0.09246826 0.359314 0.09246826 0.359314 0.1306763 0.4039917 0.09265136 0.4040527 0.8536377 0.4251709 0.7938843 0.40625 0.7941284 0.4302368 0.8562012 0.2988281 0.7938843 0.40625 0.8536377 0.4251709 0.9012451 0.3192749 0.8562012 0.2988281 0.8536377 0.4251709 0.9064941 0.2092285 0.8562012 0.2988281 0.9012451 0.3192749 0.9423828 0.2266235 0.9064941 0.2092285 0.9012451 0.3192749 0.9423828 0.1352539 0.9064941 0.2092285 0.9423828 0.2266235 0.9064941 0.2092285 0.9423828 0.1352539 0.9423828 0.2266235 0.916687 0.1062012 0.9423828 0.1352539 0.9064941 0.2092285 0.8490601 0.1431885 0.916687 0.1062012 0.9064941 0.2092285 0.8909912 0.05902099 0.916687 0.1062012 0.8490601 0.1431885 0.8650513 0.04492187 0.8909912 0.05902099 0.8490601 0.1431885 0.9536134 0.9021606 0.9349976 0.9024658 0.9491577 0.9820557 0.9351196 0.8223877 0.9349976 0.9024658 0.9536134 0.9021606 0.9634399 0.8226318 0.9351196 0.8223877 0.9536134 0.9021606 0.9310913 0.7416992 0.9351196 0.8223877 0.9634399 0.8226318 0.9642944 0.7417603 0.9310913 0.7416992 0.9634399 0.8226318 0.9310913 0.664856 0.9310913 0.7416992 0.9642944 0.7417603 0.9596558 0.6646729 0.9310913 0.664856 0.9642944 0.7417603 0.9310913 0.5759888 0.9310913 0.664856 0.9596558 0.6646729 0.9495239 0.5753784 0.9310913 0.5759888 0.9596558 0.6646729 0.720459 0.7045898 0.7734375 0.7045898 0.7734375 0.6710815 0.7734375 0.7324829 0.7734375 0.7045898 0.720459 0.7045898 0.720459 0.7324829 0.7734375 0.7324829 0.720459 0.7045898 0.7734375 0.7045898 0.7734375 0.7324829 0.720459 0.7324829 0.720459 0.7045898 0.7734375 0.7045898 0.720459 0.7324829 0.720459 0.6710815 0.7734375 0.7045898 0.720459 0.7045898 0.720459 0.6431274 0.720459 0.6710815 0.720459 0.7045898 0.7734375 0.6431274 0.720459 0.6710815 0.720459 0.6431274 0.7734375 0.6710815 0.7734375 0.6431274 0.720459 0.6431274 0.8203125 0.5410767 0.7987061 0.5410767 0.8014526 0.5966187 0.817688 0.4744263 0.7987061 0.5410767 0.8203125 0.5410767 0.8452759 0.4744263 0.817688 0.4744263 0.8203125 0.5410767 0.8425293 0.5410767 0.817688 0.4744263 0.8452759 0.4744263 0.859436 0.5410767 0.8425293 0.5410767 0.8452759 0.4744263 0.8568115 0.5966187 0.8425293 0.5410767 0.859436 0.5410767 0.8768921 0.5966187 0.8568115 0.5966187 0.859436 0.5410767 0.8768921 0.5410767 0.8568115 0.5966187 0.8768921 0.5966187 0.2850342 0.4898071 0.3919678 0.4525146 0.2935791 0.4525146 0.3933716 0.4898682 0.3919678 0.4525146 0.2850342 0.4898071 0.2797241 0.5204468 0.3933716 0.4898682 0.2850342 0.4898071 0.3945313 0.5205688 0.3933716 0.4898682 0.2797241 0.5204468 0.28125 0.5584106 0.3945313 0.5205688 0.2797241 0.5204468 0.3939819 0.5585938 0.3945313 0.5205688 0.28125 0.5584106 0.2883301 0.5865479 0.3939819 0.5585938 0.28125 0.5584106 0.3840332 0.5864258 0.3939819 0.5585938 0.2883301 0.5865479 0.817688 0.4744263 0.7960815 0.4744263 0.7987061 0.5410767 0.8203125 0.5410767 0.7960815 0.4744263 0.817688 0.4744263 0.8425293 0.5410767 0.8203125 0.5410767 0.817688 0.4744263 0.8399048 0.5966187 0.8203125 0.5410767 0.8425293 0.5410767 0.8568115 0.5966187 0.8399048 0.5966187 0.8425293 0.5410767 0.859436 0.5410767 0.8399048 0.5966187 0.8568115 0.5966187 0.8768921 0.5410767 0.859436 0.5410767 0.8568115 0.5966187 0.8768921 0.4744263 0.859436 0.5410767 0.8768921 0.5410767 0.3970947 0.690918 0.291687 0.6558838 0.3865356 0.6553345 0.27948 0.6911011 0.291687 0.6558838 0.3970947 0.690918 0.4008179 0.7209473 0.27948 0.6911011 0.3970947 0.690918 0.2768555 0.7212524 0.27948 0.6911011 0.4008179 0.7209473 0.3990479 0.7443237 0.2768555 0.7212524 0.4008179 0.7209473 0.2816162 0.7440186 0.2768555 0.7212524 0.3990479 0.7443237 0.3920288 0.7653198 0.2816162 0.7440186 0.3990479 0.7443237 0.2878418 0.7650146 0.2816162 0.7440186 0.3920288 0.7653198 0.8203125 0.5410767 0.7987061 0.5410767 0.7960815 0.4744263 0.8230591 0.5966187 0.7987061 0.5410767 0.8203125 0.5410767 0.8399048 0.5966187 0.8230591 0.5966187 0.8203125 0.5410767 0.8425293 0.5410767 0.8230591 0.5966187 0.8399048 0.5966187 0.859436 0.5410767 0.8425293 0.5410767 0.8399048 0.5966187 0.8621826 0.4744263 0.8425293 0.5410767 0.859436 0.5410767 0.8768921 0.4744263 0.8621826 0.4744263 0.859436 0.5410767 0.8768921 0.5410767 0.8621826 0.4744263 0.8768921 0.4744263 0.5122681 0.3935547 0.4984131 0.3592529 0.503479 0.362854 0.4971313 0.5354004 0.4984131 0.3592529 0.5122681 0.3935547 0.5369263 0.5227661 0.4971313 0.5354004 0.5122681 0.3935547 0.5369263 0.5227661 0.4971313 0.5354004 0.5369263 0.5227661 0.5774536 0.5196533 0.5369263 0.5227661 0.5369263 0.5227661 0.5774536 0.5196533 0.5369263 0.5227661 0.5774536 0.5196533 0.621521 0.4486084 0.5774536 0.5196533 0.5774536 0.5196533 0.5918579 0.4596558 0.5774536 0.5196533 0.621521 0.4486084 0.817688 0.4744263 0.7987061 0.5410767 0.7960815 0.4744263 0.8203125 0.5410767 0.7987061 0.5410767 0.817688 0.4744263 0.8452759 0.4744263 0.8203125 0.5410767 0.817688 0.4744263 0.8425293 0.5410767 0.8203125 0.5410767 0.8452759 0.4744263 0.8621826 0.4744263 0.8425293 0.5410767 0.8452759 0.4744263 0.859436 0.5410767 0.8425293 0.5410767 0.8621826 0.4744263 0.8768921 0.4744263 0.859436 0.5410767 0.8621826 0.4744263 0.8768921 0.5410767 0.859436 0.5410767 0.8768921 0.4744263 0.1566772 0.5175171 0.1242676 0.5822754 0.1242676 0.4527588 0.1242676 0.5822754 0.1242676 0.5822754 0.1566772 0.5175171 0.1566772 0.5175171 0.1242676 0.5822754 0.1566772 0.5175171 0.09185791 0.5175171 0.1242676 0.5822754 0.1566772 0.5175171 0.1242676 0.4527588 0.09185791 0.5175171 0.1566772 0.5175171 0.09185791 0.5175171 0.09185791 0.5175171 0.1242676 0.4527588 0.1242676 0.4527588 0.09185791 0.5175171 0.1242676 0.4527588 0.1242676 0.5822754 0.09185791 0.5175171 0.1242676 0.4527588 0.8405151 0.9783936 0.8029175 0.9337158 0.8029175 0.9824219 0.8287964 0.9335938 0.8029175 0.9337158 0.8405151 0.9783936 0.8571167 0.9335938 0.8287964 0.9335938 0.8405151 0.9783936 0.8621826 0.864563 0.8287964 0.9335938 0.8571167 0.9335938 0.8903198 0.8632813 0.8621826 0.864563 0.8571167 0.9335938 0.8563232 0.7996826 0.8621826 0.864563 0.8903198 0.8632813 0.8754272 0.7920532 0.8563232 0.7996826 0.8903198 0.8632813 0.8416748 0.7177124 0.8563232 0.7996826 0.8754272 0.7920532 0.2849121 0.5584106 0.2005615 0.5865479 0.281189 0.5865479 0.1969604 0.5583496 0.2005615 0.5865479 0.2849121 0.5584106 0.2872314 0.5204468 0.1969604 0.5583496 0.2849121 0.5584106 0.1969604 0.5206299 0.1969604 0.5583496 0.2872314 0.5204468 0.2824707 0.4898071 0.1969604 0.5206299 0.2872314 0.5204468 0.2002563 0.4898682 0.1969604 0.5206299 0.2824707 0.4898071 0.2780762 0.4525146 0.2002563 0.4898682 0.2824707 0.4898071 0.2064819 0.4521484 0.2002563 0.4898682 0.2780762 0.4525146 0.2841797 0.6911011 0.199585 0.6569824 0.2802124 0.6558838 0.1954956 0.68927 0.199585 0.6569824 0.2841797 0.6911011 0.2839355 0.7212524 0.1954956 0.68927 0.2841797 0.6911011 0.192688 0.7194824 0.1954956 0.68927 0.2839355 0.7212524 0.2854614 0.7440186 0.192688 0.7194824 0.2839355 0.7212524 0.1958008 0.7449951 0.192688 0.7194824 0.2854614 0.7440186 0.28479 0.7650146 0.1958008 0.7449951 0.2854614 0.7440186 0.2005615 0.7665405 0.1958008 0.7449951 0.28479 0.7650146 0.8203125 0.5410767 0.8014526 0.5966187 0.7987061 0.5410767 0.8230591 0.5966187 0.8014526 0.5966187 0.8203125 0.5410767 0.8425293 0.5410767 0.8230591 0.5966187 0.8203125 0.5410767 0.8399048 0.5966187 0.8230591 0.5966187 0.8425293 0.5410767 0.859436 0.5410767 0.8399048 0.5966187 0.8425293 0.5410767 0.8568115 0.5966187 0.8399048 0.5966187 0.859436 0.5410767 0.8768921 0.5410767 0.8568115 0.5966187 0.859436 0.5410767 0.8768921 0.5966187 0.8568115 0.5966187 0.8768921 0.5410767 0.4821777 0.04742431 0.4314575 0.09838867 0.4238281 0.06683349 0.4821777 0.1900024 0.4314575 0.09838867 0.4821777 0.04742431 0.5666504 0.04742431 0.4821777 0.1900024 0.4821777 0.04742431 0.5666504 0.1900024 0.4821777 0.1900024 0.5666504 0.04742431 0.6610718 0.04742431 0.5666504 0.1900024 0.5666504 0.04742431 0.6610718 0.1900024 0.5666504 0.1900024 0.6610718 0.04742431 0.6948242 0.1414795 0.6610718 0.1900024 0.6610718 0.04742431 0.7276611 0.2316895 0.6610718 0.1900024 0.6948242 0.1414795 0.258728 0.005249023 0.3345337 0.08624267 0.3343506 0.004577636 0.2511597 0.09490966 0.3345337 0.08624267 0.258728 0.005249023 0.1744385 0.005371093 0.2511597 0.09490966 0.258728 0.005249023 0.1743164 0.09796142 0.2511597 0.09490966 0.1744385 0.005371093 0.2511597 0.09490966 0.1743164 0.09796142 0.1744385 0.005371093 0.2481689 0.1748047 0.1743164 0.09796142 0.2511597 0.09490966 0.3308716 0.1577148 0.2481689 0.1748047 0.2511597 0.09490966 0.3175049 0.3096924 0.2481689 0.1748047 0.3308716 0.1577148 0.1566772 0.5175171 0.1242676 0.5822754 0.1242676 0.5822754 0.1566772 0.5175171 0.1242676 0.5822754 0.1566772 0.5175171 0.1242676 0.4527588 0.1566772 0.5175171 0.1566772 0.5175171 0.1242676 0.4527588 0.1566772 0.5175171 0.1242676 0.4527588 0.09185791 0.5175171 0.1242676 0.4527588 0.1242676 0.4527588 0.09185791 0.5175171 0.1242676 0.4527588 0.09185791 0.5175171 0.1242676 0.5822754 0.09185791 0.5175171 0.09185791 0.5175171 0.1242676 0.5822754 0.09185791 0.5175171 0.1242676 0.5822754 0.2511597 0.09490966 0.3308716 0.1577148 0.3345337 0.08624267 0.2481689 0.1748047 0.3308716 0.1577148 0.2511597 0.09490966 0.1743164 0.09796142 0.2481689 0.1748047 0.2511597 0.09490966 0.1747437 0.1786499 0.2481689 0.1748047 0.1743164 0.09796142 0.2481689 0.1748047 0.1747437 0.1786499 0.1743164 0.09796142 0.2348633 0.3081665 0.1747437 0.1786499 0.2481689 0.1748047 0.3175049 0.3096924 0.2348633 0.3081665 0.2481689 0.1748047 0.3135986 0.4191284 0.2348633 0.3081665 0.3175049 0.3096924 0.8230591 0.5966187 0.7987061 0.5410767 0.8014526 0.5966187 0.8203125 0.5410767 0.7987061 0.5410767 0.8230591 0.5966187 0.8399048 0.5966187 0.8203125 0.5410767 0.8230591 0.5966187 0.8425293 0.5410767 0.8203125 0.5410767 0.8399048 0.5966187 0.8568115 0.5966187 0.8425293 0.5410767 0.8399048 0.5966187 0.859436 0.5410767 0.8425293 0.5410767 0.8568115 0.5966187 0.8768921 0.5966187 0.859436 0.5410767 0.8568115 0.5966187 0.8768921 0.5410767 0.859436 0.5410767 0.8768921 0.5966187 0.1566772 0.5175171 0.1242676 0.5822754 0.1242676 0.4527588 0.1242676 0.5822754 0.1242676 0.5822754 0.1566772 0.5175171 0.1566772 0.5175171 0.1242676 0.5822754 0.1566772 0.5175171 0.09185791 0.5175171 0.1242676 0.5822754 0.1566772 0.5175171 0.1242676 0.4527588 0.09185791 0.5175171 0.1566772 0.5175171 0.09185791 0.5175171 0.09185791 0.5175171 0.1242676 0.4527588 0.1242676 0.4527588 0.09185791 0.5175171 0.1242676 0.4527588 0.1242676 0.5822754 0.09185791 0.5175171 0.1242676 0.4527588 0.8230591 0.5966187 0.8014526 0.5966187 0.7987061 0.5410767 0.8203125 0.5410767 0.8014526 0.5966187 0.8230591 0.5966187 0.8425293 0.5410767 0.8203125 0.5410767 0.8230591 0.5966187 0.8452759 0.4744263 0.8203125 0.5410767 0.8425293 0.5410767 0.8621826 0.4744263 0.8452759 0.4744263 0.8425293 0.5410767 0.859436 0.5410767 0.8452759 0.4744263 0.8621826 0.4744263 0.8768921 0.5410767 0.859436 0.5410767 0.8621826 0.4744263 0.8768921 0.5966187 0.859436 0.5410767 0.8768921 0.5410767 0.8203125 0.5410767 0.7960815 0.4744263 0.7987061 0.5410767 0.817688 0.4744263 0.7960815 0.4744263 0.8203125 0.5410767 0.8425293 0.5410767 0.817688 0.4744263 0.8203125 0.5410767 0.8452759 0.4744263 0.817688 0.4744263 0.8425293 0.5410767 0.859436 0.5410767 0.8452759 0.4744263 0.8425293 0.5410767 0.8621826 0.4744263 0.8452759 0.4744263 0.859436 0.5410767 0.8768921 0.5410767 0.8621826 0.4744263 0.859436 0.5410767 0.8768921 0.4744263 0.8621826 0.4744263 0.8768921 0.5410767 0.9064941 0.2092285 0.8562012 0.2988281 0.8490601 0.1431885 0.9012451 0.3192749 0.8562012 0.2988281 0.9064941 0.2092285 0.9423828 0.2266235 0.9012451 0.3192749 0.9064941 0.2092285 0.9423828 0.3325806 0.9012451 0.3192749 0.9423828 0.2266235 0.9012451 0.3192749 0.9423828 0.3325806 0.9423828 0.2266235 0.8989868 0.4359741 0.9423828 0.3325806 0.9012451 0.3192749 0.8536377 0.4251709 0.8989868 0.4359741 0.9012451 0.3192749 0.7820435 0.1040039 0.7820435 0.114563 0.8022461 0.1029053 0.7622681 0.1264648 0.7820435 0.114563 0.7820435 0.1040039 0.7623291 0.1038818 0.7622681 0.1264648 0.7820435 0.1040039 0.7418213 0.1409912 0.7622681 0.1264648 0.7623291 0.1038818 0.7418213 0.1039429 0.7418213 0.1409912 0.7623291 0.1038818 0.7255859 0.1448975 0.7418213 0.1409912 0.7418213 0.1039429 0.7255859 0.1036987 0.7255859 0.1448975 0.7418213 0.1039429 0.9351196 0.8223877 0.8973389 0.9023438 0.9349976 0.9024658 0.9012451 0.8224487 0.8973389 0.9023438 0.9351196 0.8223877 0.9310913 0.7416992 0.9012451 0.8224487 0.9351196 0.8223877 0.9013672 0.743103 0.9012451 0.8224487 0.9310913 0.7416992 0.9310913 0.664856 0.9013672 0.743103 0.9310913 0.7416992 0.9066772 0.6646729 0.9013672 0.743103 0.9310913 0.664856 0.9310913 0.5759888 0.9066772 0.6646729 0.9310913 0.664856 0.7734375 0.7324829 0.720459 0.7045898 0.7734375 0.7045898 0.720459 0.7324829 0.720459 0.7045898 0.7734375 0.7324829 0.7734375 0.7045898 0.720459 0.7324829 0.7734375 0.7324829 0.720459 0.7045898 0.720459 0.7324829 0.7734375 0.7045898 0.720459 0.6710815 0.720459 0.7045898 0.7734375 0.7045898 0.720459 0.6431274 0.720459 0.7045898 0.720459 0.6710815 0.7734375 0.6431274 0.720459 0.6431274 0.720459 0.6710815 0.9835815 0.6328735 0.972168 0.5422974 0.9911499 0.5787354 0.9495239 0.5753784 0.972168 0.5422974 0.9835815 0.6328735 0.9596558 0.6646729 0.9495239 0.5753784 0.9835815 0.6328735 0.9310913 0.5759888 0.9495239 0.5753784 0.9596558 0.6646729 0.9310913 0.664856 0.9310913 0.5759888 0.9596558 0.6646729 0.9066772 0.6646729 0.9310913 0.5759888 0.9310913 0.664856 0.9013672 0.743103 0.9066772 0.6646729 0.9310913 0.664856 0.7418213 0.1039429 0.7255859 0.1448975 0.7255859 0.1036987 0.7418213 0.1409912 0.7255859 0.1448975 0.7418213 0.1039429 0.7623291 0.1038818 0.7418213 0.1409912 0.7418213 0.1039429 0.7622681 0.1264648 0.7418213 0.1409912 0.7623291 0.1038818 0.7820435 0.1040039 0.7622681 0.1264648 0.7623291 0.1038818 0.7820435 0.114563 0.7622681 0.1264648 0.7820435 0.1040039 0.8022461 0.1029053 0.7820435 0.114563 0.7820435 0.1040039 0.972168 0.5422974 0.9835815 0.6328735 0.9911499 0.5787354 0.9495239 0.5753784 0.9835815 0.6328735 0.972168 0.5422974 0.9310913 0.4796753 0.9495239 0.5753784 0.972168 0.5422974 0.9310913 0.5759888 0.9495239 0.5753784 0.9310913 0.4796753 0.913147 0.5755615 0.9310913 0.5759888 0.9310913 0.4796753 0.9066772 0.6646729 0.9310913 0.5759888 0.913147 0.5755615 0.375 0.5864258 0.4620361 0.6162109 0.4619141 0.5864258 0.3129272 0.616333 0.4620361 0.6162109 0.375 0.5864258 0.277832 0.586731 0.3129272 0.616333 0.375 0.5864258 0.2004395 0.6165161 0.3129272 0.616333 0.277832 0.586731 0.2004395 0.586853 0.2004395 0.6165161 0.277832 0.586731 0.277832 0.586731 0.2004395 0.6165161 0.2004395 0.586853 0.06646728 0.9438477 -0.06622314 0.9438477 1.2207e-4 0.9738159 -0.1324463 0.8345337 -0.06622314 0.9438477 0.06646728 0.9438477 0.1326904 0.8345337 -0.1324463 0.8345337 0.06646728 0.9438477 -0.1526489 0.7131958 -0.1324463 0.8345337 0.1326904 0.8345337 0.1528931 0.7131958 -0.1526489 0.7131958 0.1326904 0.8345337 0.1456909 0.6343994 -0.1526489 0.7131958 0.1528931 0.7131958 0.2003174 0.6271362 0.2003784 0.6557617 0.2817383 0.6555786 0.2817383 0.6555786 0.2003784 0.6557617 0.2003174 0.6271362 0.3237915 0.6272583 0.2817383 0.6555786 0.2003174 0.6271362 0.3755493 0.6556396 0.2817383 0.6555786 0.3237915 0.6272583 0.473877 0.6273804 0.3755493 0.6556396 0.3237915 0.6272583 0.473999 0.6555176 0.3755493 0.6556396 0.473877 0.6273804 0.07318115 0.5229492 -0.07348632 0.5784912 0.07318115 0.5784912 -0.07348632 0.5229492 -0.07348632 0.5784912 0.07318115 0.5229492 0.07318115 0.5229492 -0.07348632 0.5229492 0.07318115 0.5229492 -0.07348632 0.5229492 -0.07348632 0.5229492 0.07318115 0.5229492 0.07318115 0.5784912 -0.07348632 0.5229492 0.07318115 0.5229492 -0.07348632 0.5784912 -0.07348632 0.5229492 0.07318115 0.5784912 0.07318115 0.5229492 -0.07348632 0.5784912 0.07318115 0.5784912 -0.07348632 0.5229492 -0.07348632 0.5784912 0.07318115 0.5229492 0.07318115 0.5229492 -0.07348632 0.5229492 0.07318115 0.5229492 -0.07348632 0.5229492 -0.07348632 0.5229492 0.07318115 0.5229492 0.07318115 0.5784912 -0.07348632 0.5229492 0.07318115 0.5229492 -0.07348632 0.5784912 -0.07348632 0.5229492 0.07318115 0.5784912 0.3305054 0.7443237 0.4405518 0.7655029 0.3331299 0.7650757 0.4396973 0.7443237 0.4405518 0.7655029 0.3305054 0.7443237 0.3292236 0.7216187 0.4396973 0.7443237 0.3305054 0.7443237 0.4117432 0.690918 0.4396973 0.7443237 0.3292236 0.7216187 0.3304443 0.6913452 0.4117432 0.690918 0.3292236 0.7216187 0.3334351 0.6557617 0.4117432 0.690918 0.3304443 0.6913452 0.5285645 1.047729 0.5285645 0.9523926 0.5414429 1.000061 0.4708252 1.047729 0.5285645 0.9523926 0.5285645 1.047729 0.4708252 1.067749 0.4708252 1.047729 0.5285645 1.047729 0.4708252 1.089111 0.4708252 1.047729 0.4708252 1.067749 0.5217285 1.06781 0.4708252 1.089111 0.4708252 1.067749 0.5124512 1.089233 0.4708252 1.089111 0.5217285 1.06781 0.7276611 0.2316895 0.7470703 0.3002319 0.7758179 0.2227173 0.6610718 0.3005371 0.7470703 0.3002319 0.7276611 0.2316895 0.6610718 0.1900024 0.6610718 0.3005371 0.7276611 0.2316895 0.5666504 0.1900024 0.6610718 0.3005371 0.6610718 0.1900024 0.5666504 0.04742431 0.5666504 0.1900024 0.6610718 0.1900024 0.4821777 0.04742431 0.5666504 0.1900024 0.5666504 0.04742431 0.1782837 0.925293 0.1782837 1.074768 0.1726074 1.000061 0.2043457 1.138367 0.1782837 1.074768 0.1782837 0.925293 0.2043457 0.8617554 0.2043457 1.138367 0.1782837 0.925293 0.2452393 1.1875 0.2043457 1.138367 0.2043457 0.8617554 0.2452393 0.812561 0.2452393 1.1875 0.2043457 0.8617554 0.2779541 0.8060913 0.2452393 1.1875 0.2452393 0.812561 0.6610718 0.3005371 0.7424316 0.317688 0.7470703 0.3002319 0.6610718 0.317688 0.7424316 0.317688 0.6610718 0.3005371 0.5666504 0.3005371 0.6610718 0.317688 0.6610718 0.3005371 0.5666504 0.317688 0.6610718 0.317688 0.5666504 0.3005371 0.4699097 0.3005371 0.5666504 0.317688 0.5666504 0.3005371 0.4671021 0.317688 0.5666504 0.317688 0.4699097 0.3005371 0.3308716 0.4898682 0.4389038 0.4527588 0.338501 0.4525146 0.4386597 0.489502 0.4389038 0.4527588 0.3308716 0.4898682 0.3284302 0.5205688 0.4386597 0.489502 0.3308716 0.4898682 0.407959 0.5587158 0.4386597 0.489502 0.3284302 0.5205688 0.329895 0.5585938 0.407959 0.5587158 0.3284302 0.5205688 0.3311768 0.5864258 0.407959 0.5587158 0.329895 0.5585938 0.9634399 0.8226318 0.9310913 0.7416992 0.9642944 0.7417603 0.9351196 0.8223877 0.9310913 0.7416992 0.9634399 0.8226318 0.9536134 0.9021606 0.9351196 0.8223877 0.9634399 0.8226318 0.9349976 0.9024658 0.9351196 0.8223877 0.9536134 0.9021606 0.9491577 0.9820557 0.9349976 0.9024658 0.9536134 0.9021606 0.9351196 0.9824219 0.9349976 0.9024658 0.9491577 0.9820557 0.8490601 0.1431885 0.822876 0.04534912 0.8650513 0.04492187 0.8225708 0.1375122 0.822876 0.04534912 0.8490601 0.1431885 0.8562012 0.2988281 0.8225708 0.1375122 0.8490601 0.1431885 0.7940674 0.3078003 0.8225708 0.1375122 0.8562012 0.2988281 0.7938843 0.40625 0.7940674 0.3078003 0.8562012 0.2988281 0.9012451 0.3192749 0.8536377 0.4251709 0.8562012 0.2988281 0.8989868 0.4359741 0.8536377 0.4251709 0.9012451 0.3192749 0.9423828 0.3325806 0.8989868 0.4359741 0.9012451 0.3192749 0.9423828 0.439209 0.8989868 0.4359741 0.9423828 0.3325806 0.8989868 0.4359741 0.9423828 0.439209 0.9423828 0.3325806 0.598877 1.062927 0.621582 1.138794 0.598877 1.132629 0.6353149 1.068298 0.621582 1.138794 0.598877 1.062927 0.6353149 0.9307251 0.6353149 1.068298 0.598877 1.062927 0.6820679 0.9346313 0.6353149 1.068298 0.6353149 0.9307251 0.6719971 0.883667 0.6820679 0.9346313 0.6353149 0.9307251 0.4671021 0.317688 0.4065552 0.3648071 0.4484253 0.4066772 0.4239502 0.2433472 0.4065552 0.3648071 0.4671021 0.317688 0.4821777 0.1900024 0.4239502 0.2433472 0.4671021 0.317688 0.4234009 0.1282958 0.4239502 0.2433472 0.4821777 0.1900024 0.4314575 0.09838867 0.4234009 0.1282958 0.4821777 0.1900024 0.9642944 0.7417603 0.9596558 0.6646729 0.9835815 0.6328735 0.9310913 0.664856 0.9596558 0.6646729 0.9642944 0.7417603 0.9310913 0.7416992 0.9310913 0.664856 0.9642944 0.7417603 0.9013672 0.743103 0.9310913 0.664856 0.9310913 0.7416992 0.9012451 0.8224487 0.9013672 0.743103 0.9310913 0.7416992 0.6508179 0.3638306 0.6409912 0.5525513 0.668396 0.5525513 0.6957397 0.5525513 0.6409912 0.5525513 0.6508179 0.3638306 0.6859131 0.3638306 0.6957397 0.5525513 0.6508179 0.3638306 0.668396 0.5525513 0.6957397 0.5525513 0.6859131 0.3638306 0.6508179 0.3638306 0.668396 0.5525513 0.6859131 0.3638306 0.6610718 0.3005371 0.6610718 0.1900024 0.7276611 0.2316895 0.5666504 0.3005371 0.6610718 0.1900024 0.6610718 0.3005371 0.5666504 0.317688 0.5666504 0.3005371 0.6610718 0.3005371 0.4699097 0.3005371 0.5666504 0.3005371 0.5666504 0.317688 0.4671021 0.317688 0.4699097 0.3005371 0.5666504 0.317688 0.621582 0.8602295 0.598877 0.9360962 0.598877 0.866394 0.6353149 0.9307251 0.598877 0.9360962 0.621582 0.8602295 0.6479492 0.8602295 0.6353149 0.9307251 0.621582 0.8602295 0.6719971 0.883667 0.6353149 0.9307251 0.6479492 0.8602295 0.6757202 0.8604736 0.6719971 0.883667 0.6479492 0.8602295 0.720459 0.7045898 0.7734375 0.6710815 0.7734375 0.7045898 0.720459 0.6710815 0.7734375 0.6710815 0.720459 0.7045898 0.720459 0.6431274 0.720459 0.6710815 0.720459 0.7045898 0.7734375 0.6710815 0.720459 0.6710815 0.720459 0.6431274 0.7734375 0.6431274 0.7734375 0.6710815 0.720459 0.6431274 0.03942871 0.473877 -0.0404663 0.473877 -5.49316e-4 0.4847412 -0.07666015 0.4158936 -0.0404663 0.473877 0.03942871 0.473877 0.07556152 0.4158936 -0.07666015 0.4158936 0.03942871 0.473877 -0.07666015 0.2249756 -0.07666015 0.4158936 0.07556152 0.4158936 0.07550048 0.2249756 -0.07666015 0.2249756 0.07556152 0.4158936 0.2481689 0.1748047 0.3175049 0.3096924 0.3308716 0.1577148 0.2348633 0.3081665 0.3175049 0.3096924 0.2481689 0.1748047 0.1747437 0.1786499 0.2348633 0.3081665 0.2481689 0.1748047 0.1747437 0.3109741 0.2348633 0.3081665 0.1747437 0.1786499 0.2348633 0.3081665 0.1747437 0.3109741 0.1747437 0.1786499 0.4386597 0.489502 0.4721069 0.4526978 0.4389038 0.4527588 0.4587402 0.4899902 0.4721069 0.4526978 0.4386597 0.489502 0.407959 0.5587158 0.4587402 0.4899902 0.4386597 0.489502 0.4174194 0.55896 0.4587402 0.4899902 0.407959 0.5587158 0.4067383 0.5863037 0.4174194 0.55896 0.407959 0.5587158 0.6893311 0.3624268 0.6957397 0.5511475 0.668396 0.5511475 0.6409912 0.5511475 0.6957397 0.5511475 0.6893311 0.3624268 0.6473999 0.3624268 0.6409912 0.5511475 0.6893311 0.3624268 0.668396 0.5511475 0.6409912 0.5511475 0.6473999 0.3624268 0.6893311 0.3624268 0.668396 0.5511475 0.6473999 0.3624268 0.4708252 0.9109497 0.4003296 0.8621216 0.4898682 0.8618774 0.4708252 0.9523315 0.4003296 0.8621216 0.4708252 0.9109497 0.4708252 0.932312 0.4708252 0.9523315 0.4708252 0.9109497 0.5217285 0.932251 0.4708252 0.9523315 0.4708252 0.932312 0.5124512 0.9108887 0.5217285 0.932251 0.4708252 0.932312 0.5493774 0.4464722 0.5369263 0.5227661 0.5774536 0.5196533 0.5270996 0.4191895 0.5369263 0.5227661 0.5493774 0.4464722 0.5446167 0.4262695 0.5270996 0.4191895 0.5493774 0.4464722 0.5774536 0.5196533 0.5918579 0.4596558 0.621521 0.4486084 0.5753784 0.4567871 0.5918579 0.4596558 0.5774536 0.5196533 0.5493774 0.4464722 0.5753784 0.4567871 0.5774536 0.5196533 0.562561 0.4371338 0.5753784 0.4567871 0.5493774 0.4464722 0.5586548 0.40271 0.562561 0.4371338 0.5493774 0.4464722 0.8562012 0.2988281 0.7940674 0.3078003 0.7938843 0.40625 0.8225708 0.1375122 0.7940674 0.3078003 0.8562012 0.2988281 0.8490601 0.1431885 0.8225708 0.1375122 0.8562012 0.2988281 0.822876 0.04534912 0.8225708 0.1375122 0.8490601 0.1431885 0.8650513 0.04492187 0.822876 0.04534912 0.8490601 0.1431885 0.2357178 0.4293213 0.2348633 0.3081665 0.3135986 0.4191284 0.1747437 0.3109741 0.2348633 0.3081665 0.2357178 0.4293213 0.1747437 0.4297485 0.1747437 0.3109741 0.2357178 0.4293213 0.2357178 0.4293213 0.1747437 0.3109741 0.1747437 0.4297485 0.7527466 0.3647461 0.7734375 0.5227051 0.7734375 0.3647461 0.7527466 0.5222778 0.7734375 0.5227051 0.7527466 0.3647461 0.7150269 0.3709717 0.7527466 0.5222778 0.7527466 0.3647461 0.7149658 0.5172729 0.7527466 0.5222778 0.7150269 0.3709717 -5.49316e-4 0.01745605 -0.07666015 0.2249756 -0.07641601 0.01678466 -5.49316e-4 0.2248535 -0.07666015 0.2249756 -5.49316e-4 0.01745605 0.07537841 0.01678466 -5.49316e-4 0.2248535 -5.49316e-4 0.01745605 0.07550048 0.2249756 -5.49316e-4 0.2248535 0.07537841 0.01678466 0.8621826 0.864563 0.8287964 0.9335938 0.8289185 0.8270874 0.8571167 0.9335938 0.8287964 0.9335938 0.8621826 0.864563 0.8903198 0.8632813 0.8571167 0.9335938 0.8621826 0.864563 0.8771973 0.9377442 0.8571167 0.9335938 0.8903198 0.8632813 0.8029175 0.9337158 0.8405151 0.9783936 0.8029175 0.9824219 0.8287964 0.9335938 0.8405151 0.9783936 0.8029175 0.9337158 0.8029175 0.8266602 0.8287964 0.9335938 0.8029175 0.9337158 0.8289185 0.8270874 0.8287964 0.9335938 0.8029175 0.8266602 -5.49316e-4 0.2248535 -0.07666015 0.4158936 -0.07666015 0.2249756 -5.49316e-4 0.416748 -0.07666015 0.4158936 -5.49316e-4 0.2248535 0.07550048 0.2249756 -5.49316e-4 0.416748 -5.49316e-4 0.2248535 0.07556152 0.4158936 -5.49316e-4 0.416748 0.07550048 0.2249756 0.7527466 0.3647461 0.7734375 0.5227051 0.7734375 0.3647461 0.7527466 0.5222778 0.7734375 0.5227051 0.7527466 0.3647461 0.7150269 0.3709717 0.7527466 0.5222778 0.7527466 0.3647461 0.7149658 0.5172729 0.7527466 0.5222778 0.7150269 0.3709717 0.4239502 0.2433472 0.4821777 0.1900024 0.4671021 0.317688 0.4234009 0.1282958 0.4821777 0.1900024 0.4239502 0.2433472 0.3483887 0.2507935 0.4234009 0.1282958 0.4239502 0.2433472 0.3451538 0.204834 0.4234009 0.1282958 0.3483887 0.2507935 1.022949 0.03521728 0.9769897 0.03521728 0.999939 0.01403808 0.965332 0.09423828 0.9769897 0.03521728 1.022949 0.03521728 1.034546 0.09423828 0.965332 0.09423828 1.022949 0.03521728 1.037964 0.1037598 0.965332 0.09423828 1.034546 0.09423828 0.4405518 0.7655029 0.3305054 0.7443237 0.3331299 0.7650757 0.4396973 0.7443237 0.3305054 0.7443237 0.4405518 0.7655029 0.4634399 0.7421265 0.4396973 0.7443237 0.4405518 0.7655029 0.4524536 0.7220459 0.4396973 0.7443237 0.4634399 0.7421265 0.4396973 0.7443237 0.3292236 0.7216187 0.3305054 0.7443237 0.4117432 0.690918 0.3292236 0.7216187 0.4396973 0.7443237 0.4524536 0.7220459 0.4117432 0.690918 0.4396973 0.7443237 0.4174805 0.68573 0.4117432 0.690918 0.4524536 0.7220459 0.4065552 0.3648071 0.4671021 0.317688 0.4484253 0.4066772 0.4239502 0.2433472 0.4671021 0.317688 0.4065552 0.3648071 0.3686523 0.3028564 0.4239502 0.2433472 0.4065552 0.3648071 0.3483887 0.2507935 0.4239502 0.2433472 0.3686523 0.3028564 0.6508179 0.3638306 0.668396 0.5525513 0.6409912 0.5525513 0.6859131 0.3638306 0.668396 0.5525513 0.6508179 0.3638306 0.6409912 0.5525513 0.6859131 0.3638306 0.6508179 0.3638306 0.6957397 0.5525513 0.6859131 0.3638306 0.6409912 0.5525513 0.4239502 0.2433472 0.3686523 0.3028564 0.4065552 0.3648071 0.3483887 0.2507935 0.3686523 0.3028564 0.4239502 0.2433472 0.4234009 0.1282958 0.3483887 0.2507935 0.4239502 0.2433472 0.3451538 0.204834 0.3483887 0.2507935 0.4234009 0.1282958 0.4238281 0.06683349 0.4239502 0.04742431 0.3517456 0.04742431 0.4821777 0.04742431 0.4239502 0.04742431 0.4238281 0.06683349 0.4314575 0.09838867 0.4821777 0.04742431 0.4238281 0.06683349 0.4821777 0.1900024 0.4821777 0.04742431 0.4314575 0.09838867 0.4524536 0.7220459 0.4117432 0.690918 0.4174805 0.68573 0.4396973 0.7443237 0.4117432 0.690918 0.4524536 0.7220459 0.4634399 0.7421265 0.4396973 0.7443237 0.4524536 0.7220459 0.4405518 0.7655029 0.4396973 0.7443237 0.4634399 0.7421265 0.4389038 0.4527588 0.3308716 0.4898682 0.338501 0.4525146 0.4386597 0.489502 0.3308716 0.4898682 0.4389038 0.4527588 0.4721069 0.4526978 0.4386597 0.489502 0.4389038 0.4527588 0.4587402 0.4899902 0.4386597 0.489502 0.4721069 0.4526978 0.8029175 0.7167969 0.8289185 0.8270874 0.8029175 0.8266602 0.8563232 0.7996826 0.8289185 0.8270874 0.8029175 0.7167969 0.8416748 0.7177124 0.8563232 0.7996826 0.8029175 0.7167969 0.8754272 0.7920532 0.8563232 0.7996826 0.8416748 0.7177124 0.7470703 0.3002319 0.7276611 0.2316895 0.7758179 0.2227173 0.6610718 0.3005371 0.7276611 0.2316895 0.7470703 0.3002319 0.7424316 0.317688 0.6610718 0.3005371 0.7470703 0.3002319 0.6610718 0.317688 0.6610718 0.3005371 0.7424316 0.317688 0.7527466 0.3647461 0.7734375 0.5227051 0.7734375 0.3647461 0.7527466 0.5222778 0.7734375 0.5227051 0.7527466 0.3647461 0.7150269 0.3709717 0.7527466 0.5222778 0.7527466 0.3647461 0.7149658 0.5172729 0.7527466 0.5222778 0.7150269 0.3709717 0.5270996 0.4191895 0.5270996 0.4191895 0.5446167 0.4262695 0.5122681 0.3935547 0.5270996 0.4191895 0.5270996 0.4191895 0.5122681 0.3935547 0.5122681 0.3935547 0.5270996 0.4191895 0.503479 0.362854 0.5122681 0.3935547 0.5122681 0.3935547 0.7527466 0.3647461 0.7734375 0.5227051 0.7734375 0.3647461 0.7527466 0.5222778 0.7734375 0.5227051 0.7527466 0.3647461 0.7150269 0.3709717 0.7527466 0.5222778 0.7527466 0.3647461 0.7149658 0.5172729 0.7527466 0.5222778 0.7150269 0.3709717 0.5753784 0.4567871 0.5774536 0.5196533 0.5918579 0.4596558 0.5493774 0.4464722 0.5774536 0.5196533 0.5753784 0.4567871 0.562561 0.4371338 0.5493774 0.4464722 0.5753784 0.4567871 0.5586548 0.40271 0.5493774 0.4464722 0.562561 0.4371338 0.5601807 0.9995117 0.598877 1.062927 0.5606689 1.033508 0.598877 0.9360962 0.598877 1.062927 0.5601807 0.9995117 0.5606689 0.9655151 0.598877 0.9360962 0.5601807 0.9995117 0.565979 0.9371948 0.598877 0.9360962 0.5606689 0.9655151 0.4386597 0.489502 0.3284302 0.5205688 0.3308716 0.4898682 0.407959 0.5587158 0.3284302 0.5205688 0.4386597 0.489502 0.4587402 0.4899902 0.407959 0.5587158 0.4386597 0.489502 0.4174194 0.55896 0.407959 0.5587158 0.4587402 0.4899902 0.8563232 0.7996826 0.8289185 0.8270874 0.8621826 0.864563 0.8029175 0.7167969 0.8289185 0.8270874 0.8563232 0.7996826 0.8416748 0.7177124 0.8029175 0.7167969 0.8563232 0.7996826 0.8029175 0.6321411 0.8029175 0.7167969 0.8416748 0.7177124 0.7527466 0.3647461 0.7734375 0.5227051 0.7734375 0.3647461 0.7527466 0.5222778 0.7734375 0.5227051 0.7527466 0.3647461 0.7150269 0.3709717 0.7527466 0.5222778 0.7527466 0.3647461 0.7149658 0.5172729 0.7527466 0.5222778 0.7150269 0.3709717 0.6692505 0.5856934 0.6431274 0.6687012 0.6431274 0.5961914 0.6692505 0.6975708 0.6431274 0.6687012 0.6692505 0.5856934 0.6964111 0.5961304 0.6692505 0.6975708 0.6692505 0.5856934 0.6955566 0.668457 0.6692505 0.6975708 0.6964111 0.5961304 0.7527466 0.3647461 0.7734375 0.5227051 0.7734375 0.3647461 0.7527466 0.5222778 0.7734375 0.5227051 0.7527466 0.3647461 0.7150269 0.3709717 0.7527466 0.5222778 0.7527466 0.3647461 0.7149658 0.5172729 0.7527466 0.5222778 0.7150269 0.3709717 0.916687 0.1062012 0.9147949 0.04504394 0.8909912 0.05902099 0.9423828 0.04522705 0.9147949 0.04504394 0.916687 0.1062012 0.9423828 0.1352539 0.9423828 0.04522705 0.916687 0.1062012 0.916687 0.1062012 0.9423828 0.04522705 0.9423828 0.1352539 1.037964 0.1037598 0.9619751 0.1037598 0.965332 0.09423828 0.9667358 0.1405029 0.9619751 0.1037598 1.037964 0.1037598 1.033142 0.1405029 0.9667358 0.1405029 1.037964 0.1037598 1.024048 0.1970825 0.9667358 0.1405029 1.033142 0.1405029 0.8490601 0.1431885 0.8909912 0.05902099 0.8650513 0.04492187 0.916687 0.1062012 0.8909912 0.05902099 0.8490601 0.1431885 0.9064941 0.2092285 0.916687 0.1062012 0.8490601 0.1431885 0.9423828 0.1352539 0.916687 0.1062012 0.9064941 0.2092285 0.4003296 0.8621216 0.3828125 0.8023071 0.4003296 0.807373 0.3828125 1.197815 0.3828125 0.8023071 0.4003296 0.8621216 0.4003296 1.138 0.3828125 1.197815 0.4003296 0.8621216 0.4003296 1.192749 0.3828125 1.197815 0.4003296 1.138 0.7294312 0.04870605 0.7701416 0.08416748 0.7459106 0.08703613 0.7949829 0.04815673 0.7701416 0.08416748 0.7294312 0.04870605 0.7280273 0.008789062 0.7949829 0.04815673 0.7294312 0.04870605 0.8023682 0.008789062 0.7949829 0.04815673 0.7280273 0.008789062 0.7527466 0.3647461 0.7734375 0.5227051 0.7734375 0.3647461 0.7527466 0.5222778 0.7734375 0.5227051 0.7527466 0.3647461 0.7150269 0.3709717 0.7527466 0.5222778 0.7527466 0.3647461 0.7149658 0.5172729 0.7527466 0.5222778 0.7150269 0.3709717 0.5493774 0.4464722 0.5446167 0.4262695 0.5586548 0.40271 0.5270996 0.4191895 0.5446167 0.4262695 0.5493774 0.4464722 0.5369263 0.5227661 0.5270996 0.4191895 0.5493774 0.4464722 0.5122681 0.3935547 0.5270996 0.4191895 0.5369263 0.5227661 0.5588379 0.696167 0.5588379 0.8150024 0.5291138 0.7990723 0.588562 0.7990723 0.5588379 0.8150024 0.5588379 0.696167 0.6102905 0.7555542 0.588562 0.7990723 0.5588379 0.696167 0.5588379 0.696167 0.6182251 0.696167 0.6102905 0.7555542 0.6102905 0.6367188 0.6182251 0.696167 0.5588379 0.696167 0.588562 0.5932617 0.6102905 0.6367188 0.5588379 0.696167 0.5588379 0.696167 0.5588379 0.5773315 0.588562 0.5932617 0.5291138 0.5932617 0.5588379 0.5773315 0.5588379 0.696167 0.5073853 0.6367188 0.5291138 0.5932617 0.5588379 0.696167 0.5588379 0.696167 0.4993896 0.696167 0.5073853 0.6367188 0.5073853 0.7555542 0.4993896 0.696167 0.5588379 0.696167 0.5291138 0.7990723 0.5073853 0.7555542 0.5588379 0.696167 0.5588379 0.696167 0.5588379 0.8150024 0.5291138 0.7990723 0.588562 0.7990723 0.5588379 0.8150024 0.5588379 0.696167 0.6102905 0.7555542 0.588562 0.7990723 0.5588379 0.696167 0.5588379 0.696167 0.6182251 0.696167 0.6102905 0.7555542 0.6102905 0.6367188 0.6182251 0.696167 0.5588379 0.696167 0.588562 0.5932617 0.6102905 0.6367188 0.5588379 0.696167 0.258728 0.005249023 0.2511597 0.09490966 0.1744385 0.005371093 0.3345337 0.08624267 0.2511597 0.09490966 0.258728 0.005249023 0.3343506 0.004577636 0.3345337 0.08624267 0.258728 0.005249023 0.4671021 0.317688 0.4699097 0.3005371 0.4821777 0.1900024 0.4671021 0.317688 0.4699097 0.3005371 0.4671021 0.317688 0.4484253 0.4066772 0.4671021 0.317688 0.4671021 0.317688 0.5588379 0.696167 0.5588379 0.5773315 0.588562 0.5932617 0.5291138 0.5932617 0.5588379 0.5773315 0.5588379 0.696167 0.5073853 0.6367188 0.5291138 0.5932617 0.5588379 0.696167 0.5588379 0.696167 0.4993896 0.696167 0.5073853 0.6367188 0.5073853 0.7555542 0.4993896 0.696167 0.5588379 0.696167 0.5291138 0.7990723 0.5073853 0.7555542 0.5588379 0.696167 0.5588379 0.696167 0.588562 0.7990723 0.5588379 0.8150024 0.6102905 0.7555542 0.588562 0.7990723 0.5588379 0.696167 0.6182251 0.696167 0.6102905 0.7555542 0.5588379 0.696167 0.7697144 0.5794067 0.7189331 0.5741577 0.7189331 0.593811 0.7189941 0.562439 0.7189331 0.5741577 0.7697144 0.5794067 0.7189331 0.593811 0.7189941 0.562439 0.7697144 0.5794067 0.720459 0.6710815 0.720459 0.6431274 0.720459 0.7045898 0.7734375 0.6710815 0.720459 0.6431274 0.720459 0.6710815 0.720459 0.7045898 0.7734375 0.6710815 0.720459 0.6710815 0.4671021 0.317688 0.4671021 0.317688 0.4484253 0.4066772 0.4699097 0.3005371 0.4671021 0.317688 0.4671021 0.317688 0.4821777 0.1900024 0.4699097 0.3005371 0.4671021 0.317688 0.6610718 0.04742431 0.6948242 0.1414795 0.6920166 0.04742431 0.6610718 0.1900024 0.6948242 0.1414795 0.6610718 0.04742431 0.5666504 0.04742431 0.6610718 0.1900024 0.6610718 0.04742431 0.6353149 1.068298 0.6479492 1.138794 0.621582 1.138794 0.6719971 1.115356 0.6479492 1.138794 0.6353149 1.068298 0.6820679 1.064392 0.6719971 1.115356 0.6353149 1.068298 0.5666504 0.3005371 0.5666504 0.1900024 0.6610718 0.1900024 0.4821777 0.1900024 0.5666504 0.1900024 0.5666504 0.3005371 0.4699097 0.3005371 0.4821777 0.1900024 0.5666504 0.3005371 0.7202148 0.9840088 0.7759399 0.8084717 0.7759399 0.9367676 0.7202148 0.7612305 0.7759399 0.8084717 0.7202148 0.9840088 0.7759399 0.8084717 0.7202148 0.7612305 0.7202148 0.9840088 1.000061 0.3634644 1.017456 0.4290161 1.034912 0.3966675 0.9827271 0.4290161 1.017456 0.4290161 1.000061 0.3634644 0.96521 0.3966675 0.9827271 0.4290161 1.000061 0.3634644 0.6704102 0.7227783 0.6472778 0.7922363 0.6918945 0.7931519 0.6414185 0.7634888 0.6472778 0.7922363 0.6704102 0.7227783 0.65625 0.7229614 0.6414185 0.7634888 0.6704102 0.7227783 0.5666504 0.1900024 0.5666504 0.3005371 0.6610718 0.3005371 0.4699097 0.3005371 0.5666504 0.3005371 0.5666504 0.1900024 0.4821777 0.1900024 0.4699097 0.3005371 0.5666504 0.1900024 0.6820679 1.064392 0.6992798 0.9170532 0.6992798 1.08197 0.6820679 0.9346313 0.6992798 0.9170532 0.6820679 1.064392 0.6353149 1.068298 0.6820679 0.9346313 0.6820679 1.064392 0.9349976 0.9024658 0.9351196 0.9824219 0.9491577 0.9820557 0.8974609 0.9821167 0.9351196 0.9824219 0.9349976 0.9024658 0.8973389 0.9023438 0.8974609 0.9821167 0.9349976 0.9024658 1.000061 0.3634644 1.02887 0.2648315 0.9712524 0.2648315 1.038635 0.3406982 1.02887 0.2648315 1.000061 0.3634644 1.034912 0.3966675 1.038635 0.3406982 1.000061 0.3634644 1.000061 0.3634644 1.02887 0.2648315 0.9712524 0.2648315 1.038635 0.3406982 1.02887 0.2648315 1.000061 0.3634644 1.034912 0.3966675 1.038635 0.3406982 1.000061 0.3634644 1.000061 0.3634644 1.017456 0.4290161 1.034912 0.3966675 0.9827271 0.4290161 1.017456 0.4290161 1.000061 0.3634644 0.96521 0.3966675 0.9827271 0.4290161 1.000061 0.3634644 1.000061 0.3634644 1.02887 0.2648315 0.9712524 0.2648315 1.038635 0.3406982 1.02887 0.2648315 1.000061 0.3634644 1.034912 0.3966675 1.038635 0.3406982 1.000061 0.3634644 1.000061 0.3634644 1.017456 0.4290161 1.034912 0.3966675 0.9827271 0.4290161 1.017456 0.4290161 1.000061 0.3634644 0.96521 0.3966675 0.9827271 0.4290161 1.000061 0.3634644 1.000061 0.3634644 0.9712524 0.2648315 1.02887 0.2648315 0.9614868 0.3406982 0.9712524 0.2648315 1.000061 0.3634644 0.96521 0.3966675 0.9614868 0.3406982 1.000061 0.3634644 1.000061 0.3634644 0.9827271 0.4290161 0.96521 0.3966675 1.017456 0.4290161 0.9827271 0.4290161 1.000061 0.3634644 1.034912 0.3966675 1.017456 0.4290161 1.000061 0.3634644 1.000061 0.3634644 0.9712524 0.2648315 1.02887 0.2648315 0.9614868 0.3406982 0.9712524 0.2648315 1.000061 0.3634644 0.96521 0.3966675 0.9614868 0.3406982 1.000061 0.3634644 1.000061 0.3634644 0.9827271 0.4290161 0.96521 0.3966675 1.017456 0.4290161 0.9827271 0.4290161 1.000061 0.3634644 1.034912 0.3966675 1.017456 0.4290161 1.000061 0.3634644 1.000061 0.3634644 0.9712524 0.2648315 1.02887 0.2648315 0.9614868 0.3406982 0.9712524 0.2648315 1.000061 0.3634644 0.96521 0.3966675 0.9614868 0.3406982 1.000061 0.3634644 1.000061 0.3634644 0.9827271 0.4290161 0.96521 0.3966675 1.017456 0.4290161 0.9827271 0.4290161 1.000061 0.3634644 1.034912 0.3966675 1.017456 0.4290161 1.000061 0.3634644 1.000061 0.3634644 0.9712524 0.2648315 1.02887 0.2648315 0.9614868 0.3406982 0.9712524 0.2648315 1.000061 0.3634644 0.96521 0.3966675 0.9614868 0.3406982 1.000061 0.3634644 1.000061 0.3634644 0.9827271 0.4290161 0.96521 0.3966675 1.017456 0.4290161 0.9827271 0.4290161 1.000061 0.3634644 1.034912 0.3966675 1.017456 0.4290161 1.000061 0.3634644 0.5122681 0.3935547 0.5369263 0.5227661 0.5270996 0.4191895 0.4971313 0.5354004 0.5369263 0.5227661 0.5122681 0.3935547 0.4984131 0.3592529 0.4971313 0.5354004 0.5122681 0.3935547 0.5878906 0.3565063 0.6233521 0.3964233 0.6233521 0.3964233 0.6233521 0.3565063 0.6233521 0.3964233 0.5878906 0.3565063 0.6233521 0.3964233 0.6233521 0.3565063 0.5878906 0.3565063 0.5878906 0.3565063 0.6233521 0.3964233 0.6233521 0.3964233 0.6233521 0.3565063 0.6233521 0.3964233 0.5878906 0.3565063 0.6233521 0.3964233 0.6233521 0.3565063 0.5878906 0.3565063 0.5878906 0.3565063 0.6233521 0.3964233 0.6233521 0.3964233 0.6233521 0.3964233 0.6233521 0.3964233 0.5878906 0.3565063 0.6233521 0.3565063 0.6233521 0.3964233 0.5878906 0.3565063 0.5878906 0.3565063 0.6233521 0.3964233 0.6233521 0.3964233 0.6233521 0.3964233 0.6233521 0.3964233 0.5878906 0.3565063 0.6233521 0.3565063 0.6233521 0.3964233 0.5878906 0.3565063 0.5878906 0.3565063 0.6233521 0.3964233 0.6233521 0.3964233 0.6233521 0.3964233 0.6233521 0.3964233 0.5878906 0.3565063 0.6233521 0.3565063 0.6233521 0.3964233 0.5878906 0.3565063 0.5878906 0.3565063 0.6233521 0.3964233 0.6233521 0.3964233 0.6233521 0.3964233 0.6233521 0.3964233 0.5878906 0.3565063 0.6233521 0.3565063 0.6233521 0.3964233 0.5878906 0.3565063 0.5878906 0.3565063 0.6233521 0.3964233 0.6233521 0.3964233 0.6233521 0.3565063 0.6233521 0.3964233 0.5878906 0.3565063 0.6233521 0.3964233 0.6233521 0.3565063 0.5878906 0.3565063 0.5878906 0.3565063 0.6233521 0.3964233 0.6233521 0.3964233 0.6233521 0.3565063 0.6233521 0.3964233 0.5878906 0.3565063 0.6233521 0.3964233 0.6233521 0.3565063 0.5878906 0.3565063 0.5878906 0.3565063 0.6233521 0.3964233 0.6233521 0.3964233 0.6233521 0.3964233 0.6233521 0.3964233 0.5878906 0.3565063 0.6233521 0.3565063 0.6233521 0.3964233 0.5878906 0.3565063 0.9147949 0.04504394 0.916687 0.1062012 0.8909912 0.05902099 0.9423828 0.04522705 0.916687 0.1062012 0.9147949 0.04504394 0.7938843 0.40625 0.8536377 0.4251709 0.7941284 0.4302368 0.8562012 0.2988281 0.8536377 0.4251709 0.7938843 0.40625 0.4620361 0.6162109 0.375 0.5864258 0.4619141 0.5864258 0.3129272 0.616333 0.375 0.5864258 0.4620361 0.6162109 0.277832 0.586731 0.3129272 0.616333 0.2004395 0.6165161 0.375 0.5864258 0.3129272 0.616333 0.277832 0.586731 0.473877 0.6273804 0.3755493 0.6556396 0.473999 0.6555176 0.3237915 0.6272583 0.3755493 0.6556396 0.473877 0.6273804 0.3237915 0.6272583 0.2817383 0.6555786 0.3755493 0.6556396 0.2003174 0.6271362 0.2817383 0.6555786 0.3237915 0.6272583 0.291687 0.6558838 0.3970947 0.690918 0.3865356 0.6553345 0.27948 0.6911011 0.3970947 0.690918 0.291687 0.6558838 0.2883301 0.5865479 0.3939819 0.5585938 0.3840332 0.5864258 0.28125 0.5584106 0.3939819 0.5585938 0.2883301 0.5865479 0.8974609 0.9821167 0.9349976 0.9024658 0.9351196 0.9824219 0.8973389 0.9023438 0.9349976 0.9024658 0.8974609 0.9821167 0.8973389 0.9023438 0.9351196 0.8223877 0.9349976 0.9024658 0.9012451 0.8224487 0.9351196 0.8223877 0.8973389 0.9023438 0.913147 0.5755615 0.9310913 0.5759888 0.9066772 0.6646729 0.9310913 0.4796753 0.9310913 0.5759888 0.913147 0.5755615 0.4003296 1.138 0.4708252 1.047729 0.4708252 1.089111 0.4003296 0.8621216 0.4708252 1.047729 0.4003296 1.138 0.4898682 1.138245 0.4708252 1.089111 0.5124512 1.089233 0.4003296 1.138 0.4708252 1.089111 0.4898682 1.138245 1.000061 0.3634644 1.038635 0.3406982 1.034912 0.3966675 1.02887 0.2648315 1.038635 0.3406982 1.000061 0.3634644 0.7213135 0.5102539 0.7402344 0.3739014 0.7404785 0.5184937 0.7211304 0.3656616 0.7402344 0.3739014 0.7213135 0.5102539 0.3828125 1.197815 0.3300171 0.8026733 0.3828125 0.8023071 0.3300171 1.197449 0.3300171 0.8026733 0.3828125 1.197815 1.000061 0.3634644 1.038635 0.3406982 1.034912 0.3966675 1.02887 0.2648315 1.038635 0.3406982 1.000061 0.3634644 0.3300171 1.197449 0.2779541 0.8060913 0.3300171 0.8026733 0.2779541 1.19397 0.2779541 0.8060913 0.3300171 1.197449 0.7759399 0.8084717 0.7202148 0.9840088 0.7202148 0.7612305 0.7759399 0.9367676 0.7202148 0.9840088 0.7759399 0.8084717 1.000061 0.3634644 1.038635 0.3406982 1.034912 0.3966675 1.02887 0.2648315 1.038635 0.3406982 1.000061 0.3634644 0.9758301 0.1970825 1.024048 0.1970825 0.999939 0.2307739 0.9667358 0.1405029 1.024048 0.1970825 0.9758301 0.1970825 0.4067383 0.5863037 0.407959 0.5587158 0.4174194 0.55896 0.3311768 0.5864258 0.407959 0.5587158 0.4067383 0.5863037 0.2824707 0.4898071 0.1969604 0.5206299 0.2002563 0.4898682 0.2872314 0.5204468 0.1969604 0.5206299 0.2824707 0.4898071 0.2780762 0.4525146 0.2002563 0.4898682 0.2064819 0.4521484 0.2824707 0.4898071 0.2002563 0.4898682 0.2780762 0.4525146 0.1969604 0.5583496 0.2872314 0.5204468 0.2849121 0.5584106 0.1969604 0.5206299 0.2872314 0.5204468 0.1969604 0.5583496 0.2005615 0.5865479 0.2849121 0.5584106 0.281189 0.5865479 0.1969604 0.5583496 0.2849121 0.5584106 0.2005615 0.5865479 0.7213135 0.5102539 0.7402344 0.3739014 0.7404785 0.5184937 0.7211304 0.3656616 0.7402344 0.3739014 0.7213135 0.5102539 0.28125 0.5584106 0.3945313 0.5205688 0.3939819 0.5585938 0.2797241 0.5204468 0.3945313 0.5205688 0.28125 0.5584106 0.1306763 0.09765625 0.09246826 0.09771728 0.09246826 0.02020263 0.1534424 0.2163696 0.09246826 0.09771728 0.1306763 0.09765625 0.09246826 0.359314 0.1306763 0.3592529 0.1306763 0.4039917 0.09246826 0.2992554 0.1306763 0.3592529 0.09246826 0.359314 0.3933716 0.4898682 0.2797241 0.5204468 0.2850342 0.4898071 0.3945313 0.5205688 0.2797241 0.5204468 0.3933716 0.4898682 0.09234619 0.2108765 0.1534424 0.2163696 0.1306763 0.2993164 0.09246826 0.09771728 0.1534424 0.2163696 0.09234619 0.2108765 0.7213135 0.5102539 0.7402344 0.3739014 0.7404785 0.5184937 0.7211304 0.3656616 0.7402344 0.3739014 0.7213135 0.5102539 0.7213135 0.5102539 0.7402344 0.3739014 0.7404785 0.5184937 0.7211304 0.3656616 0.7402344 0.3739014 0.7213135 0.5102539 0.7213135 0.5102539 0.7402344 0.3739014 0.7404785 0.5184937 0.7211304 0.3656616 0.7402344 0.3739014 0.7213135 0.5102539 0.7213135 0.5102539 0.7402344 0.3739014 0.7404785 0.5184937 0.7211304 0.3656616 0.7402344 0.3739014 0.7213135 0.5102539 0.7759399 0.8084717 0.7202148 0.9840088 0.7759399 0.9367676 0.7202148 0.7612305 0.7202148 0.9840088 0.7759399 0.8084717 0.7294312 0.04870605 0.7701416 0.08416748 0.7949829 0.04815673 0.7459106 0.08703613 0.7701416 0.08416748 0.7294312 0.04870605 0.7280273 0.008789062 0.7949829 0.04815673 0.8023682 0.008789062 0.7294312 0.04870605 0.7949829 0.04815673 0.7280273 0.008789062 0.9835815 0.6328735 0.9596558 0.6646729 0.9642944 0.7417603 0.9495239 0.5753784 0.9596558 0.6646729 0.9835815 0.6328735 0.6836548 0.7229614 0.6918945 0.7931519 0.697998 0.7644653 0.6704102 0.7227783 0.6918945 0.7931519 0.6836548 0.7229614 0.407959 0.5587158 0.329895 0.5585938 0.3284302 0.5205688 0.3311768 0.5864258 0.329895 0.5585938 0.407959 0.5587158 1.000061 0.3634644 0.9614868 0.3406982 0.96521 0.3966675 0.9712524 0.2648315 0.9614868 0.3406982 1.000061 0.3634644 0.6831665 0.817688 0.6472778 0.7922363 0.6557617 0.817688 0.6918945 0.7931519 0.6472778 0.7922363 0.6831665 0.817688 0.7213135 0.5102539 0.7402344 0.3739014 0.7404785 0.5184937 0.7211304 0.3656616 0.7402344 0.3739014 0.7213135 0.5102539 1.000061 0.3634644 0.9614868 0.3406982 0.96521 0.3966675 0.9712524 0.2648315 0.9614868 0.3406982 1.000061 0.3634644 0.09185791 0.5175171 0.1566772 0.5175171 0.1242676 0.5822754 0.1242676 0.4527588 0.1566772 0.5175171 0.09185791 0.5175171 0.1242676 0.5822754 0.1242676 0.4527588 0.09185791 0.5175171 0.1566772 0.5175171 0.1242676 0.4527588 0.1242676 0.5822754 1.000061 0.3634644 0.9614868 0.3406982 0.96521 0.3966675 0.9712524 0.2648315 0.9614868 0.3406982 1.000061 0.3634644 0.03942871 0.473877 -5.49316e-4 0.416748 0.07556152 0.4158936 -5.49316e-4 0.4847412 -5.49316e-4 0.416748 0.03942871 0.473877 0.5291138 0.7990723 0.5588379 0.696167 0.5588379 0.8150024 0.5073853 0.7555542 0.5588379 0.696167 0.5291138 0.7990723 0.4993896 0.696167 0.5588379 0.696167 0.5073853 0.7555542 0.5073853 0.6367188 0.5588379 0.696167 0.4993896 0.696167 0.5291138 0.5932617 0.5588379 0.696167 0.5073853 0.6367188 0.5588379 0.5773315 0.5588379 0.696167 0.5291138 0.5932617 0.588562 0.5932617 0.5588379 0.696167 0.5588379 0.5773315 0.6102905 0.6367188 0.5588379 0.696167 0.588562 0.5932617 -5.49316e-4 0.416748 -0.0404663 0.473877 -0.07666015 0.4158936 -5.49316e-4 0.4847412 -0.0404663 0.473877 -5.49316e-4 0.416748 0.4135742 0.6550293 0.4117432 0.690918 0.3334351 0.6557617 0.4174805 0.68573 0.4117432 0.690918 0.4135742 0.6550293 0.3304443 0.6913452 0.4117432 0.690918 0.3334351 0.6557617 0.3292236 0.7216187 0.4117432 0.690918 0.3304443 0.6913452 0.4135742 0.6550293 0.4117432 0.690918 0.4174805 0.68573 0.3334351 0.6557617 0.4117432 0.690918 0.4135742 0.6550293 0.09246826 0.2992554 0.1306763 0.2993164 0.1306763 0.3592529 0.09234619 0.2108765 0.1306763 0.2993164 0.09246826 0.2992554 0.5124512 0.9108887 0.4708252 0.9109497 0.4898682 0.8618774 0.4708252 0.932312 0.4708252 0.9109497 0.5124512 0.9108887 0.5285645 0.9523926 0.4708252 0.9523315 0.5217285 0.932251 0.4708252 1.047729 0.4708252 0.9523315 0.5285645 0.9523926 0.2816162 0.7440186 0.3920288 0.7653198 0.3990479 0.7443237 0.2878418 0.7650146 0.3920288 0.7653198 0.2816162 0.7440186 0.2768555 0.7212524 0.3990479 0.7443237 0.4008179 0.7209473 0.2816162 0.7440186 0.3990479 0.7443237 0.2768555 0.7212524 0.1958008 0.7449951 0.28479 0.7650146 0.2854614 0.7440186 0.2005615 0.7665405 0.28479 0.7650146 0.1958008 0.7449951 0.192688 0.7194824 0.2854614 0.7440186 0.2839355 0.7212524 0.1958008 0.7449951 0.2854614 0.7440186 0.192688 0.7194824 0.1954956 0.68927 0.2839355 0.7212524 0.2841797 0.6911011 0.192688 0.7194824 0.2839355 0.7212524 0.1954956 0.68927 0.199585 0.6569824 0.2841797 0.6911011 0.2802124 0.6558838 0.1954956 0.68927 0.2841797 0.6911011 0.199585 0.6569824 0.8405151 0.9783936 0.8571167 0.9335938 0.8771973 0.9377442 0.8287964 0.9335938 0.8571167 0.9335938 0.8405151 0.9783936 0.565979 1.061829 0.598877 1.062927 0.5757446 1.098816 0.5606689 1.033508 0.598877 1.062927 0.565979 1.061829 0.4239502 0.04742431 0.4238281 0.06683349 0.3517456 0.04742431 0.4821777 0.04742431 0.4238281 0.06683349 0.4239502 0.04742431 0.720459 0.7324829 0.720459 0.6431274 0.720459 0.7045898 0.720459 0.7045898 0.720459 0.6431274 0.720459 0.7324829 0.7734375 0.6710815 0.720459 0.6710815 0.7734375 0.7045898 0.7734375 0.6431274 0.720459 0.6710815 0.7734375 0.6710815 0.2357178 0.4293213 0.2348633 0.3081665 0.1747437 0.3109741 0.3135986 0.4191284 0.2348633 0.3081665 0.2357178 0.4293213 0.27948 0.6911011 0.4008179 0.7209473 0.3970947 0.690918 0.2768555 0.7212524 0.4008179 0.7209473 0.27948 0.6911011 0.3919678 0.4525146 0.2850342 0.4898071 0.2935791 0.4525146 0.3933716 0.4898682 0.2850342 0.4898071 0.3919678 0.4525146 0.8289185 0.8270874 0.8287964 0.9335938 0.8621826 0.864563 0.8029175 0.8266602 0.8287964 0.9335938 0.8289185 0.8270874 0.8571167 0.9335938 0.8771973 0.9377442 0.8903198 0.8632813 0.8405151 0.9783936 0.8771973 0.9377442 0.8571167 0.9335938 0.720459 0.7324829 0.720459 0.6431274 0.720459 0.7045898 0.720459 0.7045898 0.720459 0.6431274 0.720459 0.7324829 0.720459 0.6710815 0.7734375 0.6710815 0.7734375 0.7045898 0.7734375 0.6431274 0.7734375 0.6710815 0.720459 0.6710815 1.000061 0.3634644 1.038635 0.3406982 1.034912 0.3966675 1.02887 0.2648315 1.038635 0.3406982 1.000061 0.3634644 0.9495239 0.5753784 0.9310913 0.4796753 0.972168 0.5422974 0.9310913 0.5759888 0.9310913 0.4796753 0.9495239 0.5753784 0.1242676 0.5822754 0.09185791 0.5175171 0.09185791 0.5175171 0.1242676 0.5822754 0.09185791 0.5175171 0.1242676 0.5822754 0.1242676 0.4527588 0.1566772 0.5175171 0.1566772 0.5175171 0.1242676 0.4527588 0.1566772 0.5175171 0.1242676 0.4527588 0.8903198 0.8632813 0.8563232 0.7996826 0.8754272 0.7920532 0.8621826 0.864563 0.8563232 0.7996826 0.8903198 0.8632813 0.1242676 0.5822754 0.09185791 0.5175171 0.09185791 0.5175171 0.1242676 0.5822754 0.09185791 0.5175171 0.1242676 0.5822754 0.1242676 0.4527588 0.1566772 0.5175171 0.1566772 0.5175171 0.1242676 0.4527588 0.1566772 0.5175171 0.1242676 0.4527588 0.8562012 0.2988281 0.9064941 0.2092285 0.8490601 0.1431885 0.2511597 0.09490966 0.3345337 0.08624267 0.3308716 0.1577148 0.8621826 0.864563 0.8289185 0.8270874 0.8563232 0.7996826 0.8029175 0.6321411 0.8416748 0.7177124 0.8029175 0.7167969 0.9351196 0.8223877 0.9012451 0.8224487 0.9310913 0.7416992 0.8029175 0.9337158 0.8287964 0.9335938 0.8029175 0.8266602 0.8029175 0.8266602 0.8289185 0.8270874 0.8029175 0.7167969 0.4821777 0.1900024 0.4234009 0.1282958 0.4314575 0.09838867 0.407959 0.5587158 0.3311768 0.5864258 0.4067383 0.5863037 0.3135986 0.4191284 0.3175049 0.3096924 0.2348633 0.3081665 0.7276611 0.2316895 0.6948242 0.1414795 0.6610718 0.1900024 0.6610718 0.04742431 0.6920166 0.04742431 0.6948242 0.1414795 0.598877 0.9360962 0.565979 0.9371948 0.5757446 0.9002075 0.6479492 1.138794 0.6719971 1.115356 0.6757202 1.13855 0.7759399 0.9367676 0.7759399 0.8084717 0.7202148 0.9840088 0.1456909 0.6343994 -0.1454468 0.6343994 -0.1526489 0.7131958 0.5217285 1.06781 0.4708252 1.067749 0.5285645 1.047729 0.6610718 0.3005371 0.6610718 0.317688 0.5666504 0.317688 0.598877 1.062927 0.598877 0.9360962 0.6353149 0.9307251 0.4821777 0.04742431 0.4821777 0.1900024 0.5666504 0.1900024 0.2779541 0.8060913 0.2779541 1.19397 0.2452393 1.1875 0.5446167 0.4262695 0.5493774 0.4464722 0.5586548 0.40271 0.5369263 0.5227661 0.5493774 0.4464722 0.5774536 0.5196533 0.503479 0.362854 0.4984131 0.3592529 0.5122681 0.3935547 0.4971313 0.5354004 0.4971313 0.5354004 0.5369263 0.5227661 0.5878906 0.3565063 0.6233521 0.3964233 0.6233521 0.3964233 0.5878906 0.3565063 0.6233521 0.3964233 0.6233521 0.3964233 0.5878906 0.3565063 0.6233521 0.3964233 0.6233521 0.3565063 0.5878906 0.3565063 0.6233521 0.3964233 0.6233521 0.3565063 0.5878906 0.3565063 0.6233521 0.3964233 0.6233521 0.3565063 0.5878906 0.3565063 0.6233521 0.3964233 0.6233521 0.3565063 0.5878906 0.3565063 0.6233521 0.3964233 0.6233521 0.3964233 0.5878906 0.3565063 0.6233521 0.3964233 0.6233521 0.3964233 0.5878906 0.3565063 0.6233521 0.3964233 0.6233521 0.3565063 0.6102905 0.6367188 0.6182251 0.696167 0.5588379 0.696167 0.6859131 0.3638306 0.6957397 0.5525513 0.668396 0.5525513 0.4003296 0.8621216 0.4708252 0.9523315 0.4708252 1.047729</float_array>
          <technique_common>
            <accessor source="#polygon0-mesh-map-0-array" count="2685" stride="2">
              <param name="S" type="float"/>
              <param name="T" type="float"/>
            </accessor>
          </technique_common>
        </source>
        <source id="polygon0-mesh-colors-polygon0_Colors0" name="polygon0_Colors0">
          <float_array id="polygon0-mesh-colors-polygon0_Colors0-array" count="10740">0.7450981 0.7450981 0.7450981 1 0.2588235 0.2588235 0.2588235 1 0.2588235 0.2588235 0.2588235 1 0.2588235 0.2588235 0.2588235 1 0.2588235 0.2588235 0.2588235 1 0.7450981 0.7450981 0.7450981 1 0.8039216 0.8039216 0.8039216 1 0.2588235 0.2588235 0.2588235 1 0.7450981 0.7450981 0.7450981 1 0.2588235 0.2588235 0.2588235 1 0.2588235 0.2588235 0.2588235 1 0.8039216 0.8039216 0.8039216 1 0.4823529 0.4823529 0.4823529 1 0.2588235 0.2588235 0.2588235 1 0.8039216 0.8039216 0.8039216 1 0.2627451 0.2627451 0.2627451 1 0.2588235 0.2588235 0.2588235 1 0.4823529 0.4823529 0.4823529 1 0.7882353 0.7882353 0.7882353 1 0.2627451 0.2627451 0.2627451 1 0.4823529 0.4823529 0.4823529 1 0.7803922 0.7803922 0.7803922 1 0.2627451 0.2627451 0.2627451 1 0.7882353 0.7882353 0.7882353 1 0.9215686 0.9215686 0.9215686 1 0.7803922 0.7803922 0.7803922 1 0.7882353 0.7882353 0.7882353 1 0.8 0.8 0.8 1 0.7803922 0.7803922 0.7803922 1 0.9215686 0.9215686 0.9215686 1 0.9333333 0.9333333 0.9333333 1 0.8 0.8 0.8 1 0.9215686 0.9215686 0.9215686 1 0.9215686 0.9215686 0.9215686 1 0.8 0.8 0.8 1 0.9333333 0.9333333 0.9333333 1 0.8862745 0.8862745 0.8862745 1 0.9254902 0.9254902 0.9254902 1 0.6627451 0.6627451 0.6627451 1 0.7882353 0.7882353 0.7882353 1 0.9254902 0.9254902 0.9254902 1 0.8862745 0.8862745 0.8862745 1 0.9568628 0.9568628 0.9568628 1 0.7882353 0.7882353 0.7882353 1 0.8862745 0.8862745 0.8862745 1 0.9019608 0.9019608 0.9019608 1 0.7882353 0.7882353 0.7882353 1 0.9568628 0.9568628 0.9568628 1 0.9529412 0.9529412 0.9529412 1 0.9019608 0.9019608 0.9019608 1 0.9568628 0.9568628 0.9568628 1 0.8980392 0.8980392 0.8980392 1 0.9019608 0.9019608 0.9019608 1 0.9529412 0.9529412 0.9529412 1 0.8941177 0.8941177 0.8941177 1 0.8980392 0.8980392 0.8980392 1 0.9529412 0.9529412 0.9529412 1 0.8117647 0.8117647 0.8117647 1 0.8980392 0.8980392 0.8980392 1 0.8941177 0.8941177 0.8941177 1 0.654902 0.654902 0.654902 1 0.8117647 0.8117647 0.8117647 1 0.8941177 0.8941177 0.8941177 1 0.4588235 0.4588235 0.4588235 1 0.8117647 0.8117647 0.8117647 1 0.654902 0.654902 0.654902 1 0.4941176 0.4941176 0.4941176 1 0.4588235 0.4588235 0.4588235 1 0.654902 0.654902 0.654902 1 0.5176471 0.5176471 0.5176471 1 0.7372549 0.7372549 0.7372549 1 0.7294118 0.7294118 0.7294118 1 0.7607843 0.7607843 0.7607843 1 0.7372549 0.7372549 0.7372549 1 0.5176471 0.5176471 0.5176471 1 0.4901961 0.4901961 0.4901961 1 0.7607843 0.7607843 0.7607843 1 0.5176471 0.5176471 0.5176471 1 0.8392157 0.8392157 0.8392157 1 0.7607843 0.7607843 0.7607843 1 0.4901961 0.4901961 0.4901961 1 0.5490196 0.5490196 0.5490196 1 0.8392157 0.8392157 0.8392157 1 0.4901961 0.4901961 0.4901961 1 0.8745098 0.8745098 0.8745098 1 0.8392157 0.8392157 0.8392157 1 0.5490196 0.5490196 0.5490196 1 0.6313726 0.6313726 0.6313726 1 0.8745098 0.8745098 0.8745098 1 0.5490196 0.5490196 0.5490196 1 0.9098039 0.9098039 0.9098039 1 0.8745098 0.8745098 0.8745098 1 0.6313726 0.6313726 0.6313726 1 0.7098039 0.7098039 0.7098039 1 0.9098039 0.9098039 0.9098039 1 0.6313726 0.6313726 0.6313726 1 0.8470588 0.8470588 0.8470588 1 0.8470588 0.8470588 0.8470588 1 0.5803922 0.5803922 0.5803922 1 1 1 1 1 0.8470588 0.8470588 0.8470588 1 0.8470588 0.8470588 0.8470588 1 1 1 1 1 1 1 1 1 0.8470588 0.8470588 0.8470588 1 0.8470588 0.8470588 0.8470588 1 1 1 1 1 1 1 1 1 0.8470588 0.8470588 0.8470588 1 0.8470588 0.8470588 0.8470588 1 1 1 1 1 0.5803922 0.5803922 0.5803922 1 0.8470588 0.8470588 0.8470588 1 0.8470588 0.8470588 0.8470588 1 0.4313725 0.4313725 0.4313725 1 0.5803922 0.5803922 0.5803922 1 0.8470588 0.8470588 0.8470588 1 0.4313725 0.4313725 0.4313725 1 0.5803922 0.5803922 0.5803922 1 0.4313725 0.4313725 0.4313725 1 0.5803922 0.5803922 0.5803922 1 0.4313725 0.4313725 0.4313725 1 0.4313725 0.4313725 0.4313725 1 0.7333334 0.7333334 0.7333334 1 0.0980392 0.0980392 0.0980392 1 0 0 0 1 1 1 1 1 0.0980392 0.0980392 0.0980392 1 0.7333334 0.7333334 0.7333334 1 1 1 1 1 1 1 1 1 0.7333334 0.7333334 0.7333334 1 0.7333334 0.7333334 0.7333334 1 1 1 1 1 1 1 1 1 0.7333334 0.7333334 0.7333334 1 0.7333334 0.7333334 0.7333334 1 1 1 1 1 1 1 1 1 0.7333334 0.7333334 0.7333334 1 0.7333334 0.7333334 0.7333334 1 0.5215687 0.5215687 0.5215687 1 1 1 1 1 0.7333334 0.7333334 0.7333334 1 0.1529412 0.1529412 0.1529412 1 1 1 1 1 0.5215687 0.5215687 0.5215687 1 0.7960785 0.7960785 0.7960785 1 0.7333334 0.7333334 0.7333334 1 0.6156863 0.6156863 0.6156863 1 0.7921569 0.7921569 0.7921569 1 0.7333334 0.7333334 0.7333334 1 0.7960785 0.7960785 0.7960785 1 0.772549 0.772549 0.772549 1 0.7921569 0.7921569 0.7921569 1 0.7960785 0.7960785 0.7960785 1 0.8235294 0.8235294 0.8235294 1 0.7921569 0.7921569 0.7921569 1 0.772549 0.772549 0.772549 1 1 1 1 1 0.8235294 0.8235294 0.8235294 1 0.772549 0.772549 0.772549 1 0.9490196 0.9490196 0.9490196 1 0.8235294 0.8235294 0.8235294 1 1 1 1 1 0.4392157 0.4392157 0.4392157 1 0.9490196 0.9490196 0.9490196 1 1 1 1 1 0.5490196 0.5490196 0.5490196 1 0.9490196 0.9490196 0.9490196 1 0.4392157 0.4392157 0.4392157 1 1 1 1 1 0.3647059 0.3647059 0.3647059 1 0.0980392 0.0980392 0.0980392 1 0.7333334 0.7333334 0.7333334 1 0.3647059 0.3647059 0.3647059 1 1 1 1 1 0.7333334 0.7333334 0.7333334 1 0.7333334 0.7333334 0.7333334 1 1 1 1 1 0.7333334 0.7333334 0.7333334 1 0.7333334 0.7333334 0.7333334 1 0.7333334 0.7333334 0.7333334 1 1 1 1 1 0.7333334 0.7333334 0.7333334 1 0.7333334 0.7333334 0.7333334 1 0.7333334 0.7333334 0.7333334 1 0.7333334 0.7333334 0.7333334 1 1 1 1 1 0.1529412 0.1529412 0.1529412 1 0.7333334 0.7333334 0.7333334 1 1 1 1 1 0.0980392 0.0980392 0.0980392 1 0.7333334 0.7333334 0.7333334 1 0.1529412 0.1529412 0.1529412 1 0.7019608 0.7019608 0.7019608 1 0.4235294 0.4235294 0.4235294 1 0.317647 0.317647 0.317647 1 0.8196079 0.8196079 0.8196079 1 0.4235294 0.4235294 0.4235294 1 0.7019608 0.7019608 0.7019608 1 0.9607843 0.9607843 0.9607843 1 0.8196079 0.8196079 0.8196079 1 0.7019608 0.7019608 0.7019608 1 0.9215686 0.9215686 0.9215686 1 0.8196079 0.8196079 0.8196079 1 0.9607843 0.9607843 0.9607843 1 0.9176471 0.9176471 0.9176471 1 0.9215686 0.9215686 0.9215686 1 0.9607843 0.9607843 0.9607843 1 0.9686275 0.9686275 0.9686275 1 0.9215686 0.9215686 0.9215686 1 0.9176471 0.9176471 0.9176471 1 0.8431373 0.8431373 0.8431373 1 0.9686275 0.9686275 0.9686275 1 0.9176471 0.9176471 0.9176471 1 0.827451 0.827451 0.827451 1 0.9686275 0.9686275 0.9686275 1 0.8431373 0.8431373 0.8431373 1 0.7333334 0.7333334 0.7333334 1 0.0980392 0.0980392 0.0980392 1 0.3647059 0.3647059 0.3647059 1 0.5764706 0.5764706 0.5764706 1 0.0980392 0.0980392 0.0980392 1 0.7333334 0.7333334 0.7333334 1 0.7333334 0.7333334 0.7333334 1 0.5764706 0.5764706 0.5764706 1 0.7333334 0.7333334 0.7333334 1 0.7333334 0.7333334 0.7333334 1 0.5764706 0.5764706 0.5764706 1 0.7333334 0.7333334 0.7333334 1 0.7333334 0.7333334 0.7333334 1 0.7333334 0.7333334 0.7333334 1 0.7333334 0.7333334 0.7333334 1 0.7333334 0.7333334 0.7333334 1 0.7333334 0.7333334 0.7333334 1 0.7333334 0.7333334 0.7333334 1 0.0980392 0.0980392 0.0980392 1 0.7333334 0.7333334 0.7333334 1 0.7333334 0.7333334 0.7333334 1 0.1529412 0.1529412 0.1529412 1 0.7333334 0.7333334 0.7333334 1 0.0980392 0.0980392 0.0980392 1 0.8392157 0.8392157 0.8392157 1 0.4705882 0.4705882 0.4705882 1 0.4705882 0.4705882 0.4705882 1 0.4705882 0.4705882 0.4705882 1 0.4705882 0.4705882 0.4705882 1 0.8392157 0.8392157 0.8392157 1 0.7333334 0.7333334 0.7333334 1 0.4705882 0.4705882 0.4705882 1 0.8392157 0.8392157 0.8392157 1 0.7333334 0.7333334 0.7333334 1 0.4705882 0.4705882 0.4705882 1 0.7333334 0.7333334 0.7333334 1 0.8392157 0.8392157 0.8392157 1 0.7333334 0.7333334 0.7333334 1 0.7333334 0.7333334 0.7333334 1 0.8392157 0.8392157 0.8392157 1 0.7333334 0.7333334 0.7333334 1 0.8392157 0.8392157 0.8392157 1 0.9450981 0.9450981 0.9450981 1 0.8392157 0.8392157 0.8392157 1 0.8392157 0.8392157 0.8392157 1 0.9450981 0.9450981 0.9450981 1 0.8392157 0.8392157 0.8392157 1 0.9450981 0.9450981 0.9450981 1 1 1 1 1 0.0980392 0.0980392 0.0980392 1 0.3647059 0.3647059 0.3647059 1 0.7333334 0.7333334 0.7333334 1 0.0980392 0.0980392 0.0980392 1 1 1 1 1 1 1 1 1 0.7333334 0.7333334 0.7333334 1 1 1 1 1 0.7333334 0.7333334 0.7333334 1 0.7333334 0.7333334 0.7333334 1 1 1 1 1 0.7333334 0.7333334 0.7333334 1 0.7333334 0.7333334 0.7333334 1 1 1 1 1 0.7333334 0.7333334 0.7333334 1 0.7333334 0.7333334 0.7333334 1 0.7333334 0.7333334 0.7333334 1 0.0980392 0.0980392 0.0980392 1 0.7333334 0.7333334 0.7333334 1 0.7333334 0.7333334 0.7333334 1 0.1529412 0.1529412 0.1529412 1 0.7333334 0.7333334 0.7333334 1 0.0980392 0.0980392 0.0980392 1 0.7333334 0.7333334 0.7333334 1 0.3647059 0.3647059 0.3647059 1 0.9450981 0.9450981 0.9450981 1 0.3647059 0.3647059 0.3647059 1 0.3647059 0.3647059 0.3647059 1 0.7333334 0.7333334 0.7333334 1 0.7333334 0.7333334 0.7333334 1 0.3647059 0.3647059 0.3647059 1 0.7333334 0.7333334 0.7333334 1 0.7333334 0.7333334 0.7333334 1 0.3647059 0.3647059 0.3647059 1 0.7333334 0.7333334 0.7333334 1 0.9450981 0.9450981 0.9450981 1 0.7333334 0.7333334 0.7333334 1 0.7333334 0.7333334 0.7333334 1 0.7333334 0.7333334 0.7333334 1 0.7333334 0.7333334 0.7333334 1 0.9450981 0.9450981 0.9450981 1 0.9450981 0.9450981 0.9450981 1 0.7333334 0.7333334 0.7333334 1 0.9450981 0.9450981 0.9450981 1 0.3647059 0.3647059 0.3647059 1 0.7333334 0.7333334 0.7333334 1 0.9450981 0.9450981 0.9450981 1 0.8588235 0.8588235 0.8588235 1 0.9960784 0.9960784 0.9960784 1 0.8509804 0.8509804 0.8509804 1 0.9843137 0.9843137 0.9843137 1 0.9960784 0.9960784 0.9960784 1 0.8588235 0.8588235 0.8588235 1 0.9137255 0.9137255 0.9137255 1 0.9843137 0.9843137 0.9843137 1 0.8588235 0.8588235 0.8588235 1 0.9176471 0.9176471 0.9176471 1 0.9843137 0.9843137 0.9843137 1 0.9137255 0.9137255 0.9137255 1 0.8431373 0.8431373 0.8431373 1 0.9176471 0.9176471 0.9176471 1 0.9137255 0.9137255 0.9137255 1 0.9529412 0.9529412 0.9529412 1 0.9176471 0.9176471 0.9176471 1 0.8431373 0.8431373 0.8431373 1 0.9098039 0.9098039 0.9098039 1 0.9529412 0.9529412 0.9529412 1 0.8431373 0.8431373 0.8431373 1 0.9647059 0.9647059 0.9647059 1 0.9529412 0.9529412 0.9529412 1 0.9098039 0.9098039 0.9098039 1 1 1 1 1 0.5333334 0.5333334 0.5333334 1 0.4392157 0.4392157 0.4392157 1 0.972549 0.972549 0.972549 1 0.5333334 0.5333334 0.5333334 1 1 1 1 1 0.772549 0.772549 0.772549 1 0.972549 0.972549 0.972549 1 1 1 1 1 0.8078432 0.8078432 0.8078432 1 0.972549 0.972549 0.972549 1 0.772549 0.772549 0.772549 1 0.7960785 0.7960785 0.7960785 1 0.8078432 0.8078432 0.8078432 1 0.772549 0.772549 0.772549 1 0.6588236 0.6588236 0.6588236 1 0.8078432 0.8078432 0.8078432 1 0.7960785 0.7960785 0.7960785 1 0.6156863 0.6156863 0.6156863 1 0.6588236 0.6588236 0.6588236 1 0.7960785 0.7960785 0.7960785 1 0.6313726 0.6313726 0.6313726 1 0.6588236 0.6588236 0.6588236 1 0.6156863 0.6156863 0.6156863 1 0.8196079 0.8196079 0.8196079 1 0.6 0.6 0.6 1 0.4235294 0.4235294 0.4235294 1 0.8196079 0.8196079 0.8196079 1 0.6 0.6 0.6 1 0.8196079 0.8196079 0.8196079 1 0.9215686 0.9215686 0.9215686 1 0.8196079 0.8196079 0.8196079 1 0.8196079 0.8196079 0.8196079 1 0.9490196 0.9490196 0.9490196 1 0.8196079 0.8196079 0.8196079 1 0.9215686 0.9215686 0.9215686 1 0.9686275 0.9686275 0.9686275 1 0.9490196 0.9490196 0.9490196 1 0.9215686 0.9215686 0.9215686 1 0.9098039 0.9098039 0.9098039 1 0.9490196 0.9490196 0.9490196 1 0.9686275 0.9686275 0.9686275 1 0.827451 0.827451 0.827451 1 0.9098039 0.9098039 0.9098039 1 0.9686275 0.9686275 0.9686275 1 0.7843137 0.7843137 0.7843137 1 0.9098039 0.9098039 0.9098039 1 0.827451 0.827451 0.827451 1 0.7333334 0.7333334 0.7333334 1 0 0 0 1 0.0980392 0.0980392 0.0980392 1 0.5764706 0.5764706 0.5764706 1 0 0 0 1 0.7333334 0.7333334 0.7333334 1 0.7333334 0.7333334 0.7333334 1 0.5764706 0.5764706 0.5764706 1 0.7333334 0.7333334 0.7333334 1 0.7333334 0.7333334 0.7333334 1 0.5764706 0.5764706 0.5764706 1 0.7333334 0.7333334 0.7333334 1 0.7333334 0.7333334 0.7333334 1 0.7333334 0.7333334 0.7333334 1 0.7333334 0.7333334 0.7333334 1 1 1 1 1 0.7333334 0.7333334 0.7333334 1 0.7333334 0.7333334 0.7333334 1 0.1529412 0.1529412 0.1529412 1 1 1 1 1 0.7333334 0.7333334 0.7333334 1 0.5215687 0.5215687 0.5215687 1 1 1 1 1 0.1529412 0.1529412 0.1529412 1 0.9490196 0.9490196 0.9490196 1 0.8117647 0.8117647 0.8117647 1 0.7843137 0.7843137 0.7843137 1 0.9490196 0.9490196 0.9490196 1 0.8117647 0.8117647 0.8117647 1 0.9490196 0.9490196 0.9490196 1 0.9529412 0.9529412 0.9529412 1 0.9490196 0.9490196 0.9490196 1 0.9490196 0.9490196 0.9490196 1 0.9529412 0.9529412 0.9529412 1 0.9490196 0.9490196 0.9490196 1 0.9529412 0.9529412 0.9529412 1 0.8313726 0.8313726 0.8313726 1 0.9529412 0.9529412 0.9529412 1 0.9529412 0.9529412 0.9529412 1 0.827451 0.827451 0.827451 1 0.9529412 0.9529412 0.9529412 1 0.8313726 0.8313726 0.8313726 1 0.5333334 0.5333334 0.5333334 1 0.827451 0.827451 0.827451 1 0.8313726 0.8313726 0.8313726 1 0.5843138 0.5843138 0.5843138 1 0.827451 0.827451 0.827451 1 0.5333334 0.5333334 0.5333334 1 0.7921569 0.7921569 0.7921569 1 0.9019608 0.9019608 0.9019608 1 0.8470588 0.8470588 0.8470588 1 0.8705883 0.8705883 0.8705883 1 0.9019608 0.9019608 0.9019608 1 0.7921569 0.7921569 0.7921569 1 0.7450981 0.7450981 0.7450981 1 0.8705883 0.8705883 0.8705883 1 0.7921569 0.7921569 0.7921569 1 0.8313726 0.8313726 0.8313726 1 0.8705883 0.8705883 0.8705883 1 0.7450981 0.7450981 0.7450981 1 0.8705883 0.8705883 0.8705883 1 0.8313726 0.8313726 0.8313726 1 0.7450981 0.7450981 0.7450981 1 0.9490196 0.9490196 0.9490196 1 0.8313726 0.8313726 0.8313726 1 0.8705883 0.8705883 0.8705883 1 0.9529412 0.9529412 0.9529412 1 0.9490196 0.9490196 0.9490196 1 0.8705883 0.8705883 0.8705883 1 0.9647059 0.9647059 0.9647059 1 0.9490196 0.9490196 0.9490196 1 0.9529412 0.9529412 0.9529412 1 1 1 1 1 0.5803922 0.5803922 0.5803922 1 1 1 1 1 0.5803922 0.5803922 0.5803922 1 0.5803922 0.5803922 0.5803922 1 1 1 1 1 1 1 1 1 0.5803922 0.5803922 0.5803922 1 1 1 1 1 0.5803922 0.5803922 0.5803922 1 0.5803922 0.5803922 0.5803922 1 1 1 1 1 1 1 1 1 0.5803922 0.5803922 0.5803922 1 1 1 1 1 0.5803922 0.5803922 0.5803922 1 0.5803922 0.5803922 0.5803922 1 1 1 1 1 1 1 1 1 0.5803922 0.5803922 0.5803922 1 1 1 1 1 0.5803922 0.5803922 0.5803922 1 0.5803922 0.5803922 0.5803922 1 1 1 1 1 0.8705883 0.8705883 0.8705883 1 0.9568628 0.9568628 0.9568628 1 0.9019608 0.9019608 0.9019608 1 0.9490196 0.9490196 0.9490196 1 0.9568628 0.9568628 0.9568628 1 0.8705883 0.8705883 0.8705883 1 0.8313726 0.8313726 0.8313726 1 0.9490196 0.9490196 0.9490196 1 0.8705883 0.8705883 0.8705883 1 0.9137255 0.9137255 0.9137255 1 0.9490196 0.9490196 0.9490196 1 0.8313726 0.8313726 0.8313726 1 0.9490196 0.9490196 0.9490196 1 0.9137255 0.9137255 0.9137255 1 0.8313726 0.8313726 0.8313726 1 0.9686275 0.9686275 0.9686275 1 0.9137255 0.9137255 0.9137255 1 0.9490196 0.9490196 0.9490196 1 0.9647059 0.9647059 0.9647059 1 0.9686275 0.9686275 0.9686275 1 0.9490196 0.9490196 0.9490196 1 1 1 1 1 0.9686275 0.9686275 0.9686275 1 0.9647059 0.9647059 0.9647059 1 0.5764706 0.5764706 0.5764706 1 0.0980392 0.0980392 0.0980392 1 0 0 0 1 0.7333334 0.7333334 0.7333334 1 0.0980392 0.0980392 0.0980392 1 0.5764706 0.5764706 0.5764706 1 0.7333334 0.7333334 0.7333334 1 0.7333334 0.7333334 0.7333334 1 0.5764706 0.5764706 0.5764706 1 0.7333334 0.7333334 0.7333334 1 0.7333334 0.7333334 0.7333334 1 0.7333334 0.7333334 0.7333334 1 1 1 1 1 0.7333334 0.7333334 0.7333334 1 0.7333334 0.7333334 0.7333334 1 0.7333334 0.7333334 0.7333334 1 0.7333334 0.7333334 0.7333334 1 1 1 1 1 0.5215687 0.5215687 0.5215687 1 0.7333334 0.7333334 0.7333334 1 1 1 1 1 0.1529412 0.1529412 0.1529412 1 0.7333334 0.7333334 0.7333334 1 0.5215687 0.5215687 0.5215687 1 1 1 1 1 1 1 1 1 1 1 1 1 0.5803922 0.5803922 0.5803922 1 1 1 1 1 1 1 1 1 0.5803922 0.5803922 0.5803922 1 0.5803922 0.5803922 0.5803922 1 1 1 1 1 0.5803922 0.5803922 0.5803922 1 0.5803922 0.5803922 0.5803922 1 0.5803922 0.5803922 0.5803922 1 0.5803922 0.5803922 0.5803922 1 0.5803922 0.5803922 0.5803922 1 0.5803922 0.5803922 0.5803922 1 1 1 1 1 0.5803922 0.5803922 0.5803922 1 0.5803922 0.5803922 0.5803922 1 1 1 1 1 1 1 1 1 0.5803922 0.5803922 0.5803922 1 1 1 1 1 1 1 1 1 1 1 1 1 0.5764706 0.5764706 0.5764706 1 0 0 0 1 0.0980392 0.0980392 0.0980392 1 0.7333334 0.7333334 0.7333334 1 0 0 0 1 0.5764706 0.5764706 0.5764706 1 0.7333334 0.7333334 0.7333334 1 0.7333334 0.7333334 0.7333334 1 0.5764706 0.5764706 0.5764706 1 1 1 1 1 0.7333334 0.7333334 0.7333334 1 0.7333334 0.7333334 0.7333334 1 0.7333334 0.7333334 0.7333334 1 1 1 1 1 0.7333334 0.7333334 0.7333334 1 0.7333334 0.7333334 0.7333334 1 1 1 1 1 0.7333334 0.7333334 0.7333334 1 0.1529412 0.1529412 0.1529412 1 0.7333334 0.7333334 0.7333334 1 0.7333334 0.7333334 0.7333334 1 0.5215687 0.5215687 0.5215687 1 0.7333334 0.7333334 0.7333334 1 0.1529412 0.1529412 0.1529412 1 0.7333334 0.7333334 0.7333334 1 0.3647059 0.3647059 0.3647059 1 0.0980392 0.0980392 0.0980392 1 1 1 1 1 0.3647059 0.3647059 0.3647059 1 0.7333334 0.7333334 0.7333334 1 0.7333334 0.7333334 0.7333334 1 1 1 1 1 0.7333334 0.7333334 0.7333334 1 1 1 1 1 1 1 1 1 0.7333334 0.7333334 0.7333334 1 0.7333334 0.7333334 0.7333334 1 1 1 1 1 0.7333334 0.7333334 0.7333334 1 0.7333334 0.7333334 0.7333334 1 1 1 1 1 0.7333334 0.7333334 0.7333334 1 0.1529412 0.1529412 0.1529412 1 0.7333334 0.7333334 0.7333334 1 0.7333334 0.7333334 0.7333334 1 0.0980392 0.0980392 0.0980392 1 0.7333334 0.7333334 0.7333334 1 0.1529412 0.1529412 0.1529412 1 0.8941177 0.8941177 0.8941177 1 0.7843137 0.7843137 0.7843137 1 0.654902 0.654902 0.654902 1 0.9568628 0.9568628 0.9568628 1 0.7843137 0.7843137 0.7843137 1 0.8941177 0.8941177 0.8941177 1 0.9529412 0.9529412 0.9529412 1 0.9568628 0.9568628 0.9568628 1 0.8941177 0.8941177 0.8941177 1 1 1 1 1 0.9568628 0.9568628 0.9568628 1 0.9529412 0.9529412 0.9529412 1 0.9568628 0.9568628 0.9568628 1 1 1 1 1 0.9529412 0.9529412 0.9529412 1 0.8901961 0.8901961 0.8901961 1 1 1 1 1 0.9568628 0.9568628 0.9568628 1 0.8862745 0.8862745 0.8862745 1 0.8901961 0.8901961 0.8901961 1 0.9568628 0.9568628 0.9568628 1 0.1372549 0.1372549 0.1372549 1 0.3411765 0.3411765 0.3411765 1 0.3921568 0.3921568 0.3921568 1 0.1686275 0.1686275 0.1686275 1 0.3411765 0.3411765 0.3411765 1 0.1372549 0.1372549 0.1372549 1 0.1333333 0.1333333 0.1333333 1 0.1686275 0.1686275 0.1686275 1 0.1372549 0.1372549 0.1372549 1 0.2666667 0.2666667 0.2666667 1 0.1686275 0.1686275 0.1686275 1 0.1333333 0.1333333 0.1333333 1 0.172549 0.172549 0.172549 1 0.2666667 0.2666667 0.2666667 1 0.1333333 0.1333333 0.1333333 1 0.4823529 0.4823529 0.4823529 1 0.2666667 0.2666667 0.2666667 1 0.172549 0.172549 0.172549 1 0.3882353 0.3882353 0.3882353 1 0.4823529 0.4823529 0.4823529 1 0.172549 0.172549 0.172549 1 0.7607843 0.7607843 0.7607843 1 0.8588235 0.8588235 0.8588235 1 0.7372549 0.7372549 0.7372549 1 0.8431373 0.8431373 0.8431373 1 0.8588235 0.8588235 0.8588235 1 0.7607843 0.7607843 0.7607843 1 0.8392157 0.8392157 0.8392157 1 0.8431373 0.8431373 0.8431373 1 0.7607843 0.7607843 0.7607843 1 0.8431373 0.8431373 0.8431373 1 0.8431373 0.8431373 0.8431373 1 0.8392157 0.8392157 0.8392157 1 0.8745098 0.8745098 0.8745098 1 0.8431373 0.8431373 0.8431373 1 0.8392157 0.8392157 0.8392157 1 0.9098039 0.9098039 0.9098039 1 0.8431373 0.8431373 0.8431373 1 0.8745098 0.8745098 0.8745098 1 0.9098039 0.9098039 0.9098039 1 0.9098039 0.9098039 0.9098039 1 0.8745098 0.8745098 0.8745098 1 1 1 1 1 0.8470588 0.8470588 0.8470588 1 0.8470588 0.8470588 0.8470588 1 1 1 1 1 0.8470588 0.8470588 0.8470588 1 1 1 1 1 0.8470588 0.8470588 0.8470588 1 1 1 1 1 1 1 1 1 0.8470588 0.8470588 0.8470588 1 1 1 1 1 0.8470588 0.8470588 0.8470588 1 0.5803922 0.5803922 0.5803922 1 0.8470588 0.8470588 0.8470588 1 0.8470588 0.8470588 0.8470588 1 0.4313725 0.4313725 0.4313725 1 0.8470588 0.8470588 0.8470588 1 0.5803922 0.5803922 0.5803922 1 0.4313725 0.4313725 0.4313725 1 0.4313725 0.4313725 0.4313725 1 0.5803922 0.5803922 0.5803922 1 0.4117647 0.4117647 0.4117647 1 0.7607843 0.7607843 0.7607843 1 0.5725491 0.5725491 0.5725491 1 0.7098039 0.7098039 0.7098039 1 0.7607843 0.7607843 0.7607843 1 0.4117647 0.4117647 0.4117647 1 0.6313726 0.6313726 0.6313726 1 0.7098039 0.7098039 0.7098039 1 0.4117647 0.4117647 0.4117647 1 0.9098039 0.9098039 0.9098039 1 0.7098039 0.7098039 0.7098039 1 0.6313726 0.6313726 0.6313726 1 0.8745098 0.8745098 0.8745098 1 0.9098039 0.9098039 0.9098039 1 0.6313726 0.6313726 0.6313726 1 0.9098039 0.9098039 0.9098039 1 0.9098039 0.9098039 0.9098039 1 0.8745098 0.8745098 0.8745098 1 0.8431373 0.8431373 0.8431373 1 0.9098039 0.9098039 0.9098039 1 0.8745098 0.8745098 0.8745098 1 0.172549 0.172549 0.172549 1 0.4823529 0.4823529 0.4823529 1 0.3843137 0.3843137 0.3843137 1 0.2627451 0.2627451 0.2627451 1 0.4823529 0.4823529 0.4823529 1 0.172549 0.172549 0.172549 1 0.1333333 0.1333333 0.1333333 1 0.2627451 0.2627451 0.2627451 1 0.172549 0.172549 0.172549 1 0.1686275 0.1686275 0.1686275 1 0.2627451 0.2627451 0.2627451 1 0.1333333 0.1333333 0.1333333 1 0.1411765 0.1411765 0.1411765 1 0.1686275 0.1686275 0.1686275 1 0.1333333 0.1333333 0.1333333 1 0.3490196 0.3490196 0.3490196 1 0.1686275 0.1686275 0.1686275 1 0.1411765 0.1411765 0.1411765 1 0.3921568 0.3921568 0.3921568 1 0.3490196 0.3490196 0.3490196 1 0.1411765 0.1411765 0.1411765 1 0.7607843 0.7607843 0.7607843 1 0.4117647 0.4117647 0.4117647 1 0.5725491 0.5725491 0.5725491 1 0.7098039 0.7098039 0.7098039 1 0.4117647 0.4117647 0.4117647 1 0.7607843 0.7607843 0.7607843 1 0.9450981 0.9450981 0.9450981 1 0.7098039 0.7098039 0.7098039 1 0.7607843 0.7607843 0.7607843 1 0.9098039 0.9098039 0.9098039 1 0.7098039 0.7098039 0.7098039 1 0.9450981 0.9450981 0.9450981 1 0.9647059 0.9647059 0.9647059 1 0.9098039 0.9098039 0.9098039 1 0.9450981 0.9450981 0.9450981 1 0.9098039 0.9098039 0.9098039 1 0.9098039 0.9098039 0.9098039 1 0.9647059 0.9647059 0.9647059 1 0.5490196 0.5490196 0.5490196 1 0.4313725 0.4313725 0.4313725 1 0.2627451 0.2627451 0.2627451 1 0.4235294 0.4235294 0.4235294 1 0.4313725 0.4313725 0.4313725 1 0.5490196 0.5490196 0.5490196 1 0.4392157 0.4392157 0.4392157 1 0.4235294 0.4235294 0.4235294 1 0.5490196 0.5490196 0.5490196 1 0.427451 0.427451 0.427451 1 0.4235294 0.4235294 0.4235294 1 0.4392157 0.4392157 0.4392157 1 0.5333334 0.5333334 0.5333334 1 0.427451 0.427451 0.427451 1 0.4392157 0.4392157 0.4392157 1 0.4549019 0.4549019 0.4549019 1 0.427451 0.427451 0.427451 1 0.5333334 0.5333334 0.5333334 1 0.8980392 0.8980392 0.8980392 1 0.9098039 0.9098039 0.9098039 1 0.9215686 0.9215686 0.9215686 1 0.8705883 0.8705883 0.8705883 1 0.9098039 0.9098039 0.9098039 1 0.8980392 0.8980392 0.8980392 1 0.8745098 0.8745098 0.8745098 1 0.8705883 0.8705883 0.8705883 1 0.8980392 0.8980392 0.8980392 1 0.7921569 0.7921569 0.7921569 1 0.8705883 0.8705883 0.8705883 1 0.8745098 0.8745098 0.8745098 1 0.7960785 0.7960785 0.7960785 1 0.7921569 0.7921569 0.7921569 1 0.8745098 0.8745098 0.8745098 1 0.4745098 0.4745098 0.4745098 1 0.7921569 0.7921569 0.7921569 1 0.7960785 0.7960785 0.7960785 1 0.372549 0.372549 0.372549 1 0.6 0.6 0.6 1 0.4196078 0.4196078 0.4196078 1 0.4235294 0.4235294 0.4235294 1 0.6 0.6 0.6 1 0.372549 0.372549 0.372549 1 0.4431372 0.4431372 0.4431372 1 0.4235294 0.4235294 0.4235294 1 0.372549 0.372549 0.372549 1 0.317647 0.317647 0.317647 1 0.4235294 0.4235294 0.4235294 1 0.4431372 0.4431372 0.4431372 1 0.4235294 0.4235294 0.4235294 1 0.317647 0.317647 0.317647 1 0.4431372 0.4431372 0.4431372 1 0.2627451 0.2627451 0.2627451 1 0.317647 0.317647 0.317647 1 0.4235294 0.4235294 0.4235294 1 0.9450981 0.9450981 0.9450981 1 0.3647059 0.3647059 0.3647059 1 0.3647059 0.3647059 0.3647059 1 0.9450981 0.9450981 0.9450981 1 0.3647059 0.3647059 0.3647059 1 0.9450981 0.9450981 0.9450981 1 0.7333334 0.7333334 0.7333334 1 0.9450981 0.9450981 0.9450981 1 0.9450981 0.9450981 0.9450981 1 0.7333334 0.7333334 0.7333334 1 0.9450981 0.9450981 0.9450981 1 0.7333334 0.7333334 0.7333334 1 0.3647059 0.3647059 0.3647059 1 0.7333334 0.7333334 0.7333334 1 0.7333334 0.7333334 0.7333334 1 0.3647059 0.3647059 0.3647059 1 0.7333334 0.7333334 0.7333334 1 0.3647059 0.3647059 0.3647059 1 0.5803922 0.5803922 0.5803922 1 0.9254902 0.9254902 0.9254902 1 0.9254902 0.9254902 0.9254902 1 0.5803922 0.5803922 0.5803922 1 0.9254902 0.9254902 0.9254902 1 0.5803922 0.5803922 0.5803922 1 0.5803922 0.5803922 0.5803922 1 0.5803922 0.5803922 0.5803922 1 0.5803922 0.5803922 0.5803922 1 0.5803922 0.5803922 0.5803922 1 0.5803922 0.5803922 0.5803922 1 0.5803922 0.5803922 0.5803922 1 0.9254902 0.9254902 0.9254902 1 0.5803922 0.5803922 0.5803922 1 0.5803922 0.5803922 0.5803922 1 0.9254902 0.9254902 0.9254902 1 0.5803922 0.5803922 0.5803922 1 0.9254902 0.9254902 0.9254902 1 0.9176471 0.9176471 0.9176471 1 0.854902 0.854902 0.854902 1 0.8431373 0.8431373 0.8431373 1 0.5843138 0.5843138 0.5843138 1 0.854902 0.854902 0.854902 1 0.9176471 0.9176471 0.9176471 1 0.9607843 0.9607843 0.9607843 1 0.5843138 0.5843138 0.5843138 1 0.9176471 0.9176471 0.9176471 1 0.6901961 0.6901961 0.6901961 1 0.5843138 0.5843138 0.5843138 1 0.9607843 0.9607843 0.9607843 1 0.7019608 0.7019608 0.7019608 1 0.6901961 0.6901961 0.6901961 1 0.9607843 0.9607843 0.9607843 1 0.317647 0.317647 0.317647 1 0.6901961 0.6901961 0.6901961 1 0.7019608 0.7019608 0.7019608 1 0.6627451 0.6627451 0.6627451 1 0.654902 0.654902 0.654902 1 0.7137255 0.7137255 0.7137255 1 0.772549 0.772549 0.772549 1 0.654902 0.654902 0.654902 1 0.6627451 0.6627451 0.6627451 1 0.1607843 0.1607843 0.1607843 1 0.772549 0.772549 0.772549 1 0.6627451 0.6627451 0.6627451 1 0.8078432 0.8078432 0.8078432 1 0.772549 0.772549 0.772549 1 0.1607843 0.1607843 0.1607843 1 0.1960784 0.1960784 0.1960784 1 0.8078432 0.8078432 0.8078432 1 0.1607843 0.1607843 0.1607843 1 0.4 0.4 0.4 1 0.8078432 0.8078432 0.8078432 1 0.1960784 0.1960784 0.1960784 1 0.5921569 0.5921569 0.5921569 1 0.9254902 0.9254902 0.9254902 1 0.4509804 0.4509804 0.4509804 1 1 1 1 1 0.9254902 0.9254902 0.9254902 1 0.5921569 0.5921569 0.5921569 1 0.8156863 0.8156863 0.8156863 1 1 1 1 1 0.5921569 0.5921569 0.5921569 1 0.9372549 0.9372549 0.9372549 1 1 1 1 1 0.8156863 0.8156863 0.8156863 1 0.9607843 0.9607843 0.9607843 1 0.9372549 0.9372549 0.9372549 1 0.8156863 0.8156863 0.8156863 1 0.9490196 0.9490196 0.9490196 1 0.9372549 0.9372549 0.9372549 1 0.9607843 0.9607843 0.9607843 1 0.6156863 0.6156863 0.6156863 1 0.6117647 0.6117647 0.6117647 1 0.6313726 0.6313726 0.6313726 1 0.7333334 0.7333334 0.7333334 1 0.6117647 0.6117647 0.6117647 1 0.6156863 0.6156863 0.6156863 1 0.7333334 0.7333334 0.7333334 1 0.7333334 0.7333334 0.7333334 1 0.6156863 0.6156863 0.6156863 1 0.972549 0.972549 0.972549 1 0.7333334 0.7333334 0.7333334 1 0.7333334 0.7333334 0.7333334 1 0.9647059 0.9647059 0.9647059 1 0.972549 0.972549 0.972549 1 0.7333334 0.7333334 0.7333334 1 0.9843137 0.9843137 0.9843137 1 0.972549 0.972549 0.972549 1 0.9647059 0.9647059 0.9647059 1 1 1 1 1 0.6627451 0.6627451 0.6627451 1 0.9254902 0.9254902 0.9254902 1 0.7568628 0.7568628 0.7568628 1 0.6627451 0.6627451 0.6627451 1 1 1 1 1 1 1 1 1 0.7568628 0.7568628 0.7568628 1 1 1 1 1 0.7764706 0.7764706 0.7764706 1 0.7568628 0.7568628 0.7568628 1 1 1 1 1 0.8196079 0.8196079 0.8196079 1 0.7764706 0.7764706 0.7764706 1 1 1 1 1 0.6941177 0.6941177 0.6941177 1 0.7764706 0.7764706 0.7764706 1 0.8196079 0.8196079 0.8196079 1 0.7921569 0.7921569 0.7921569 1 0.7529412 0.7529412 0.7529412 1 0.7333334 0.7333334 0.7333334 1 0.5843138 0.5843138 0.5843138 1 0.7529412 0.7529412 0.7529412 1 0.7921569 0.7921569 0.7921569 1 0.8235294 0.8235294 0.8235294 1 0.5843138 0.5843138 0.5843138 1 0.7921569 0.7921569 0.7921569 1 0.6901961 0.6901961 0.6901961 1 0.5843138 0.5843138 0.5843138 1 0.8235294 0.8235294 0.8235294 1 0.9490196 0.9490196 0.9490196 1 0.6901961 0.6901961 0.6901961 1 0.8235294 0.8235294 0.8235294 1 0.5490196 0.5490196 0.5490196 1 0.6901961 0.6901961 0.6901961 1 0.9490196 0.9490196 0.9490196 1 0.4901961 0.4901961 0.4901961 1 0.8392157 0.8392157 0.8392157 1 0.5490196 0.5490196 0.5490196 1 0.7607843 0.7607843 0.7607843 1 0.8392157 0.8392157 0.8392157 1 0.4901961 0.4901961 0.4901961 1 0.5176471 0.5176471 0.5176471 1 0.7607843 0.7607843 0.7607843 1 0.4901961 0.4901961 0.4901961 1 0.7372549 0.7372549 0.7372549 1 0.7607843 0.7607843 0.7607843 1 0.5176471 0.5176471 0.5176471 1 0.7294118 0.7294118 0.7294118 1 0.7372549 0.7372549 0.7372549 1 0.5176471 0.5176471 0.5176471 1 0.8352941 0.8352941 0.8352941 1 0.7372549 0.7372549 0.7372549 1 0.7294118 0.7294118 0.7294118 1 0.654902 0.654902 0.654902 1 0.4078431 0.4078431 0.4078431 1 0.4941176 0.4941176 0.4941176 1 0.3921568 0.3921568 0.3921568 1 0.4078431 0.4078431 0.4078431 1 0.654902 0.654902 0.654902 1 0.7843137 0.7843137 0.7843137 1 0.3921568 0.3921568 0.3921568 1 0.654902 0.654902 0.654902 1 0.4549019 0.4549019 0.4549019 1 0.3921568 0.3921568 0.3921568 1 0.7843137 0.7843137 0.7843137 1 0.9254902 0.9254902 0.9254902 1 0.4549019 0.4549019 0.4549019 1 0.7843137 0.7843137 0.7843137 1 0.9568628 0.9568628 0.9568628 1 0.8862745 0.8862745 0.8862745 1 0.7843137 0.7843137 0.7843137 1 0.8862745 0.8862745 0.8862745 1 0.8862745 0.8862745 0.8862745 1 0.9568628 0.9568628 0.9568628 1 1 1 1 1 0.8862745 0.8862745 0.8862745 1 0.9568628 0.9568628 0.9568628 1 0.8588235 0.8588235 0.8588235 1 0.8862745 0.8862745 0.8862745 1 1 1 1 1 0.8901961 0.8901961 0.8901961 1 0.8588235 0.8588235 0.8588235 1 1 1 1 1 0.0980392 0.0980392 0.0980392 1 0.345098 0.345098 0.345098 1 0.2431373 0.2431373 0.2431373 1 0.1960784 0.1960784 0.1960784 1 0.345098 0.345098 0.345098 1 0.0980392 0.0980392 0.0980392 1 0.1843137 0.1843137 0.1843137 1 0.1960784 0.1960784 0.1960784 1 0.0980392 0.0980392 0.0980392 1 0.1019608 0.1019608 0.1019608 1 0.1960784 0.1960784 0.1960784 1 0.1843137 0.1843137 0.1843137 1 0.4627451 0.4627451 0.4627451 1 0.1019608 0.1019608 0.1019608 1 0.1843137 0.1843137 0.1843137 1 1 1 1 1 0.9686275 0.9686275 0.9686275 1 1 1 1 1 0.9294118 0.9294118 0.9294118 1 0.9686275 0.9686275 0.9686275 1 1 1 1 1 0.9450981 0.9450981 0.9450981 1 0.9294118 0.9294118 0.9294118 1 1 1 1 1 0.8588235 0.8588235 0.8588235 1 0.9294118 0.9294118 0.9294118 1 0.9450981 0.9450981 0.9450981 1 0.8117647 0.8117647 0.8117647 1 0.8588235 0.8588235 0.8588235 1 0.9450981 0.9450981 0.9450981 1 0.5490196 0.5490196 0.5490196 1 0.6313726 0.6313726 0.6313726 1 0.4117647 0.4117647 0.4117647 1 0.8745098 0.8745098 0.8745098 1 0.6313726 0.6313726 0.6313726 1 0.5490196 0.5490196 0.5490196 1 0.8392157 0.8392157 0.8392157 1 0.8745098 0.8745098 0.8745098 1 0.5490196 0.5490196 0.5490196 1 0.8431373 0.8431373 0.8431373 1 0.8745098 0.8745098 0.8745098 1 0.8392157 0.8392157 0.8392157 1 0.8431373 0.8431373 0.8431373 1 0.8431373 0.8431373 0.8431373 1 0.8392157 0.8392157 0.8392157 1 0.2 0.2 0.2 1 0.372549 0.372549 0.372549 1 0.7490196 0.7490196 0.7490196 1 0.2156863 0.2156863 0.2156863 1 0.372549 0.372549 0.372549 1 0.2 0.2 0.2 1 0.1960784 0.1960784 0.1960784 1 0.2156863 0.2156863 0.2156863 1 0.2 0.2 0.2 1 0.7490196 0.7490196 0.7490196 1 0.2156863 0.2156863 0.2156863 1 0.1960784 0.1960784 0.1960784 1 0.2 0.2 0.2 1 0.7490196 0.7490196 0.7490196 1 0.1960784 0.1960784 0.1960784 1 1 1 1 1 0.827451 0.827451 0.827451 1 0.5843138 0.5843138 0.5843138 1 1 1 1 1 0.827451 0.827451 0.827451 1 1 1 1 1 0.7764706 0.7764706 0.7764706 1 1 1 1 1 1 1 1 1 0.827451 0.827451 0.827451 1 1 1 1 1 0.7764706 0.7764706 0.7764706 1 0.7098039 0.7098039 0.7098039 1 0.827451 0.827451 0.827451 1 0.7764706 0.7764706 0.7764706 1 0.3411765 0.3411765 0.3411765 1 0.0862745 0.0862745 0.0862745 1 0.2352941 0.2352941 0.2352941 1 0.1843137 0.1843137 0.1843137 1 0.0862745 0.0862745 0.0862745 1 0.3411765 0.3411765 0.3411765 1 0.2980392 0.2980392 0.2980392 1 0.1843137 0.1843137 0.1843137 1 0.3411765 0.3411765 0.3411765 1 0.4627451 0.4627451 0.4627451 1 0.1843137 0.1843137 0.1843137 1 0.2980392 0.2980392 0.2980392 1 0.7254902 0.7254902 0.7254902 1 0.4627451 0.4627451 0.4627451 1 0.2980392 0.2980392 0.2980392 1 0.8470588 0.8470588 0.8470588 1 0.5803922 0.5803922 0.5803922 1 0.8470588 0.8470588 0.8470588 1 0.5803922 0.5803922 0.5803922 1 0.5803922 0.5803922 0.5803922 1 0.8470588 0.8470588 0.8470588 1 0.4313725 0.4313725 0.4313725 1 0.5803922 0.5803922 0.5803922 1 0.8470588 0.8470588 0.8470588 1 0.5803922 0.5803922 0.5803922 1 0.5803922 0.5803922 0.5803922 1 0.4313725 0.4313725 0.4313725 1 0.4313725 0.4313725 0.4313725 1 0.5803922 0.5803922 0.5803922 1 0.4313725 0.4313725 0.4313725 1 0.7803922 0.7803922 0.7803922 1 0.7803922 0.7803922 0.7803922 1 0.8 0.8 0.8 1 0.2627451 0.2627451 0.2627451 1 0.7803922 0.7803922 0.7803922 1 0.7803922 0.7803922 0.7803922 1 0.2627451 0.2627451 0.2627451 1 0.2627451 0.2627451 0.2627451 1 0.7803922 0.7803922 0.7803922 1 0.2588235 0.2588235 0.2588235 1 0.2627451 0.2627451 0.2627451 1 0.2627451 0.2627451 0.2627451 1 0.2588235 0.2588235 0.2588235 1 0.2588235 0.2588235 0.2588235 1 0.2627451 0.2627451 0.2627451 1 0.9490196 0.9490196 0.9490196 1 0.9686275 0.9686275 0.9686275 1 0.9568628 0.9568628 0.9568628 1 0.9411765 0.9411765 0.9411765 1 0.9686275 0.9686275 0.9686275 1 0.9490196 0.9490196 0.9490196 1 0.9137255 0.9137255 0.9137255 1 0.9411765 0.9411765 0.9411765 1 0.9490196 0.9490196 0.9490196 1 0.9647059 0.9647059 0.9647059 1 0.9411765 0.9411765 0.9411765 1 0.9137255 0.9137255 0.9137255 1 0.9686275 0.9686275 0.9686275 1 0.9647059 0.9647059 0.9647059 1 0.9137255 0.9137255 0.9137255 1 0.5843138 0.5843138 0.5843138 1 0.8117647 0.8117647 0.8117647 1 0.7529412 0.7529412 0.7529412 1 0.5843138 0.5843138 0.5843138 1 0.8117647 0.8117647 0.8117647 1 0.5843138 0.5843138 0.5843138 1 0.6901961 0.6901961 0.6901961 1 0.5843138 0.5843138 0.5843138 1 0.5843138 0.5843138 0.5843138 1 0.6901961 0.6901961 0.6901961 1 0.5843138 0.5843138 0.5843138 1 0.6901961 0.6901961 0.6901961 1 0.2627451 0.2627451 0.2627451 1 0.6901961 0.6901961 0.6901961 1 0.6901961 0.6901961 0.6901961 1 0.1960784 0.1960784 0.1960784 1 0.254902 0.254902 0.254902 1 0.7490196 0.7490196 0.7490196 1 0.2588235 0.2588235 0.2588235 1 0.254902 0.254902 0.254902 1 0.1960784 0.1960784 0.1960784 1 0.1960784 0.1960784 0.1960784 1 0.2588235 0.2588235 0.2588235 1 0.1960784 0.1960784 0.1960784 1 0.7490196 0.7490196 0.7490196 1 0.2588235 0.2588235 0.2588235 1 0.1960784 0.1960784 0.1960784 1 0.1960784 0.1960784 0.1960784 1 0.7490196 0.7490196 0.7490196 1 0.1960784 0.1960784 0.1960784 1 0.7921569 0.7921569 0.7921569 1 0.972549 0.972549 0.972549 1 0.854902 0.854902 0.854902 1 0.7137255 0.7137255 0.7137255 1 0.972549 0.972549 0.972549 1 0.7921569 0.7921569 0.7921569 1 0.1607843 0.1607843 0.1607843 1 0.7137255 0.7137255 0.7137255 1 0.7921569 0.7921569 0.7921569 1 0.1921569 0.1921569 0.1921569 1 0.7137255 0.7137255 0.7137255 1 0.1607843 0.1607843 0.1607843 1 0.3921568 0.3921568 0.3921568 1 0.1921569 0.1921569 0.1921569 1 0.1607843 0.1607843 0.1607843 1 0.9450981 0.9450981 0.9450981 1 0.7333334 0.7333334 0.7333334 1 0.8392157 0.8392157 0.8392157 1 0.9450981 0.9450981 0.9450981 1 0.7333334 0.7333334 0.7333334 1 0.9450981 0.9450981 0.9450981 1 0.9450981 0.9450981 0.9450981 1 0.9450981 0.9450981 0.9450981 1 0.9450981 0.9450981 0.9450981 1 0.8392157 0.8392157 0.8392157 1 0.9450981 0.9450981 0.9450981 1 0.9450981 0.9450981 0.9450981 1 0.9450981 0.9450981 0.9450981 1 0.9450981 0.9450981 0.9450981 1 0.8392157 0.8392157 0.8392157 1 0.9450981 0.9450981 0.9450981 1 0.9450981 0.9450981 0.9450981 1 0.8392157 0.8392157 0.8392157 1 0.9450981 0.9450981 0.9450981 1 0.9450981 0.9450981 0.9450981 1 0.9450981 0.9450981 0.9450981 1 0.9450981 0.9450981 0.9450981 1 0.9450981 0.9450981 0.9450981 1 0.9450981 0.9450981 0.9450981 1 0.7882353 0.7882353 0.7882353 1 0.4509804 0.4509804 0.4509804 1 0.9254902 0.9254902 0.9254902 1 0.3921568 0.3921568 0.3921568 1 0.4509804 0.4509804 0.4509804 1 0.7882353 0.7882353 0.7882353 1 0.6588236 0.6588236 0.6588236 1 0.3921568 0.3921568 0.3921568 1 0.7882353 0.7882353 0.7882353 1 0.4078431 0.4078431 0.4078431 1 0.3921568 0.3921568 0.3921568 1 0.6588236 0.6588236 0.6588236 1 0.4941176 0.4941176 0.4941176 1 0.4078431 0.4078431 0.4078431 1 0.6588236 0.6588236 0.6588236 1 1 1 1 1 0.9686275 0.9686275 0.9686275 1 1 1 1 1 0.9647059 0.9647059 0.9647059 1 0.9686275 0.9686275 0.9686275 1 1 1 1 1 0.9215686 0.9215686 0.9215686 1 0.9647059 0.9647059 0.9647059 1 1 1 1 1 1 1 1 1 0.9647059 0.9647059 0.9647059 1 0.9215686 0.9215686 0.9215686 1 0.7215687 0.7215687 0.7215687 1 0.2313725 0.2313725 0.2313725 1 0.2078431 0.2078431 0.2078431 1 0.4862745 0.4862745 0.4862745 1 0.2313725 0.2313725 0.2313725 1 0.7215687 0.7215687 0.7215687 1 0.3843137 0.3843137 0.3843137 1 0.4862745 0.4862745 0.4862745 1 0.7215687 0.7215687 0.7215687 1 0.3921568 0.3921568 0.3921568 1 0.4862745 0.4862745 0.4862745 1 0.3843137 0.3843137 0.3843137 1 0.7450981 0.7450981 0.7450981 1 0.4823529 0.4823529 0.4823529 1 0.8039216 0.8039216 0.8039216 1 0.4745098 0.4745098 0.4745098 1 0.4823529 0.4823529 0.4823529 1 0.7450981 0.7450981 0.7450981 1 0.8 0.8 0.8 1 0.4745098 0.4745098 0.4745098 1 0.7450981 0.7450981 0.7450981 1 0.509804 0.509804 0.509804 1 0.4745098 0.4745098 0.4745098 1 0.8 0.8 0.8 1 0.9176471 0.9176471 0.9176471 1 0.9843137 0.9843137 0.9843137 1 0.9960784 0.9960784 0.9960784 1 0.9137255 0.9137255 0.9137255 1 0.9843137 0.9843137 0.9843137 1 0.9176471 0.9176471 0.9176471 1 0.8431373 0.8431373 0.8431373 1 0.9137255 0.9137255 0.9137255 1 0.9176471 0.9176471 0.9176471 1 0.8431373 0.8431373 0.8431373 1 0.9137255 0.9137255 0.9137255 1 0.8431373 0.8431373 0.8431373 1 0.9960784 0.9960784 0.9960784 1 0.8588235 0.8588235 0.8588235 1 0.8509804 0.8509804 0.8509804 1 0.9843137 0.9843137 0.9843137 1 0.8588235 0.8588235 0.8588235 1 0.9960784 0.9960784 0.9960784 1 1 1 1 1 0.9843137 0.9843137 0.9843137 1 0.9960784 0.9960784 0.9960784 1 0.9960784 0.9960784 0.9960784 1 0.9843137 0.9843137 0.9843137 1 1 1 1 1 0.4745098 0.4745098 0.4745098 1 0.7882353 0.7882353 0.7882353 1 0.4823529 0.4823529 0.4823529 1 0.6588236 0.6588236 0.6588236 1 0.7882353 0.7882353 0.7882353 1 0.4745098 0.4745098 0.4745098 1 0.509804 0.509804 0.509804 1 0.6588236 0.6588236 0.6588236 1 0.4745098 0.4745098 0.4745098 1 0.7843137 0.7843137 0.7843137 1 0.6588236 0.6588236 0.6588236 1 0.509804 0.509804 0.509804 1 0.4862745 0.4862745 0.4862745 1 0.2235294 0.2235294 0.2235294 1 0.2313725 0.2313725 0.2313725 1 0.3960784 0.3960784 0.3960784 1 0.2235294 0.2235294 0.2235294 1 0.4862745 0.4862745 0.4862745 1 0.3921568 0.3921568 0.3921568 1 0.3960784 0.3960784 0.3960784 1 0.4862745 0.4862745 0.4862745 1 0.4196078 0.4196078 0.4196078 1 0.3960784 0.3960784 0.3960784 1 0.3921568 0.3921568 0.3921568 1 0.9372549 0.9372549 0.9372549 1 0.9490196 0.9490196 0.9490196 1 1 1 1 1 0.854902 0.854902 0.854902 1 0.9490196 0.9490196 0.9490196 1 0.9372549 0.9372549 0.9372549 1 0.8980392 0.8980392 0.8980392 1 0.854902 0.854902 0.854902 1 0.9372549 0.9372549 0.9372549 1 0.8431373 0.8431373 0.8431373 1 0.854902 0.854902 0.854902 1 0.8980392 0.8980392 0.8980392 1 0.4235294 0.4235294 0.4235294 1 0.4235294 0.4235294 0.4235294 1 0.427451 0.427451 0.427451 1 0.4313725 0.4313725 0.4313725 1 0.4235294 0.4235294 0.4235294 1 0.4235294 0.4235294 0.4235294 1 0.4313725 0.4313725 0.4313725 1 0.4313725 0.4313725 0.4313725 1 0.4235294 0.4235294 0.4235294 1 0.2627451 0.2627451 0.2627451 1 0.4313725 0.4313725 0.4313725 1 0.4313725 0.4313725 0.4313725 1 0.8588235 0.8588235 0.8588235 1 0.9137255 0.9137255 0.9137255 1 0.8470588 0.8470588 0.8470588 1 0.5843138 0.5843138 0.5843138 1 0.9137255 0.9137255 0.9137255 1 0.8588235 0.8588235 0.8588235 1 0.8117647 0.8117647 0.8117647 1 0.5843138 0.5843138 0.5843138 1 0.8588235 0.8588235 0.8588235 1 0.5843138 0.5843138 0.5843138 1 0.5843138 0.5843138 0.5843138 1 0.8117647 0.8117647 0.8117647 1 0.5843138 0.5843138 0.5843138 1 0.9568628 0.9568628 0.9568628 1 0.9137255 0.9137255 0.9137255 1 0.6901961 0.6901961 0.6901961 1 0.9568628 0.9568628 0.9568628 1 0.5843138 0.5843138 0.5843138 1 0.5843138 0.5843138 0.5843138 1 0.6901961 0.6901961 0.6901961 1 0.5843138 0.5843138 0.5843138 1 0.6901961 0.6901961 0.6901961 1 0.6901961 0.6901961 0.6901961 1 0.5843138 0.5843138 0.5843138 1 0.9647059 0.9647059 0.9647059 1 1 1 1 1 1 1 1 1 0.9372549 0.9372549 0.9372549 1 1 1 1 1 0.9647059 0.9647059 0.9647059 1 0.9529412 0.9529412 0.9529412 1 0.9372549 0.9372549 0.9372549 1 0.9647059 0.9647059 0.9647059 1 0.8980392 0.8980392 0.8980392 1 0.9372549 0.9372549 0.9372549 1 0.9529412 0.9529412 0.9529412 1 0.1960784 0.1960784 0.1960784 1 0.7490196 0.7490196 0.7490196 1 0.3490196 0.3490196 0.3490196 1 0.1960784 0.1960784 0.1960784 1 0.7490196 0.7490196 0.7490196 1 0.1960784 0.1960784 0.1960784 1 0.3490196 0.3490196 0.3490196 1 0.1960784 0.1960784 0.1960784 1 0.1960784 0.1960784 0.1960784 1 0.2117647 0.2117647 0.2117647 1 0.1960784 0.1960784 0.1960784 1 0.3490196 0.3490196 0.3490196 1 0.9294118 0.9294118 0.9294118 1 0.9568628 0.9568628 0.9568628 1 0.9686275 0.9686275 0.9686275 1 0.9019608 0.9019608 0.9019608 1 0.9568628 0.9568628 0.9568628 1 0.9294118 0.9294118 0.9294118 1 0.8588235 0.8588235 0.8588235 1 0.9019608 0.9019608 0.9019608 1 0.9294118 0.9294118 0.9294118 1 0.8470588 0.8470588 0.8470588 1 0.9019608 0.9019608 0.9019608 1 0.8588235 0.8588235 0.8588235 1 0.7921569 0.7921569 0.7921569 1 0.6352941 0.6352941 0.6352941 1 0.254902 0.254902 0.254902 1 0.9490196 0.9490196 0.9490196 1 0.6352941 0.6352941 0.6352941 1 0.7921569 0.7921569 0.7921569 1 0.8117647 0.8117647 0.8117647 1 0.9490196 0.9490196 0.9490196 1 0.7921569 0.7921569 0.7921569 1 0.9450981 0.9450981 0.9450981 1 0.9490196 0.9490196 0.9490196 1 0.8117647 0.8117647 0.8117647 1 0.5843138 0.5843138 0.5843138 1 0.6901961 0.6901961 0.6901961 1 0.6901961 0.6901961 0.6901961 1 0.5843138 0.5843138 0.5843138 1 0.6901961 0.6901961 0.6901961 1 0.5843138 0.5843138 0.5843138 1 0.8117647 0.8117647 0.8117647 1 0.5843138 0.5843138 0.5843138 1 0.5843138 0.5843138 0.5843138 1 0.854902 0.854902 0.854902 1 0.5843138 0.5843138 0.5843138 1 0.8117647 0.8117647 0.8117647 1 0.7529412 0.7529412 0.7529412 1 0.7803922 0.7803922 0.7803922 1 0.7333334 0.7333334 0.7333334 1 0.5843138 0.5843138 0.5843138 1 0.7803922 0.7803922 0.7803922 1 0.7529412 0.7529412 0.7529412 1 0.8117647 0.8117647 0.8117647 1 0.5843138 0.5843138 0.5843138 1 0.7529412 0.7529412 0.7529412 1 0.5843138 0.5843138 0.5843138 1 0.5843138 0.5843138 0.5843138 1 0.8117647 0.8117647 0.8117647 1 1 1 1 1 0.9921569 0.9921569 0.9921569 1 1 1 1 1 0.9529412 0.9529412 0.9529412 1 0.9921569 0.9921569 0.9921569 1 1 1 1 1 0.9647059 0.9647059 0.9647059 1 0.9529412 0.9529412 0.9529412 1 1 1 1 1 0.9098039 0.9098039 0.9098039 1 0.9529412 0.9529412 0.9529412 1 0.9647059 0.9647059 0.9647059 1 0.9254902 0.9254902 0.9254902 1 0.5843138 0.5843138 0.5843138 1 0.4549019 0.4549019 0.4549019 1 1 1 1 1 0.5843138 0.5843138 0.5843138 1 0.9254902 0.9254902 0.9254902 1 0.6588236 0.6588236 0.6588236 1 1 1 1 1 0.9254902 0.9254902 0.9254902 1 0.7568628 0.7568628 0.7568628 1 1 1 1 1 0.6588236 0.6588236 0.6588236 1 0.7215687 0.7215687 0.7215687 1 0.2 0.2 0.2 1 0.2078431 0.2078431 0.2078431 1 0.882353 0.882353 0.882353 1 0.2 0.2 0.2 1 0.7215687 0.7215687 0.7215687 1 0.3882353 0.3882353 0.3882353 1 0.882353 0.882353 0.882353 1 0.7215687 0.7215687 0.7215687 1 0.3764706 0.3764706 0.3764706 1 0.882353 0.882353 0.882353 1 0.3882353 0.3882353 0.3882353 1 0.9450981 0.9450981 0.9450981 1 0.9450981 0.9450981 0.9450981 1 0.9450981 0.9450981 0.9450981 1 0.8392157 0.8392157 0.8392157 1 0.9450981 0.9450981 0.9450981 1 0.9450981 0.9450981 0.9450981 1 0.8392157 0.8392157 0.8392157 1 0.8392157 0.8392157 0.8392157 1 0.9450981 0.9450981 0.9450981 1 0.4705882 0.4705882 0.4705882 1 0.8392157 0.8392157 0.8392157 1 0.8392157 0.8392157 0.8392157 1 0.3960784 0.3960784 0.3960784 1 0.2313725 0.2313725 0.2313725 1 0.2235294 0.2235294 0.2235294 1 0.4784314 0.4784314 0.4784314 1 0.2313725 0.2313725 0.2313725 1 0.3960784 0.3960784 0.3960784 1 0.4196078 0.4196078 0.4196078 1 0.4784314 0.4784314 0.4784314 1 0.3960784 0.3960784 0.3960784 1 0.4313725 0.4313725 0.4313725 1 0.4784314 0.4784314 0.4784314 1 0.4196078 0.4196078 0.4196078 1 0.9450981 0.9450981 0.9450981 1 0.8392157 0.8392157 0.8392157 1 0.9450981 0.9450981 0.9450981 1 0.9450981 0.9450981 0.9450981 1 0.8392157 0.8392157 0.8392157 1 0.9450981 0.9450981 0.9450981 1 0.9450981 0.9450981 0.9450981 1 0.9450981 0.9450981 0.9450981 1 0.9450981 0.9450981 0.9450981 1 0.9450981 0.9450981 0.9450981 1 0.9450981 0.9450981 0.9450981 1 0.9450981 0.9450981 0.9450981 1 0.317647 0.317647 0.317647 1 0.0980392 0.0980392 0.0980392 1 0.3215686 0.3215686 0.3215686 1 0.0862745 0.0862745 0.0862745 1 0.0980392 0.0980392 0.0980392 1 0.317647 0.317647 0.317647 1 0.3215686 0.3215686 0.3215686 1 0.0862745 0.0862745 0.0862745 1 0.317647 0.317647 0.317647 1 0.3843137 0.3843137 0.3843137 1 0.0862745 0.0862745 0.0862745 1 0.3215686 0.3215686 0.3215686 1 0.5843138 0.5843138 0.5843138 1 0.8392157 0.8392157 0.8392157 1 0.7803922 0.7803922 0.7803922 1 0.6901961 0.6901961 0.6901961 1 0.8392157 0.8392157 0.8392157 1 0.5843138 0.5843138 0.5843138 1 0.5843138 0.5843138 0.5843138 1 0.6901961 0.6901961 0.6901961 1 0.5843138 0.5843138 0.5843138 1 0.6901961 0.6901961 0.6901961 1 0.6901961 0.6901961 0.6901961 1 0.5843138 0.5843138 0.5843138 1 0.9529412 0.9529412 0.9529412 1 0.9921569 0.9921569 0.9921569 1 0.9176471 0.9176471 0.9176471 1 1 1 1 1 0.9921569 0.9921569 0.9921569 1 0.9529412 0.9529412 0.9529412 1 0.9647059 0.9647059 0.9647059 1 1 1 1 1 0.9529412 0.9529412 0.9529412 1 0.9450981 0.9450981 0.9450981 1 1 1 1 1 0.9647059 0.9647059 0.9647059 1 0.4784314 0.4784314 0.4784314 1 0.2078431 0.2078431 0.2078431 1 0.2313725 0.2313725 0.2313725 1 0.7215687 0.7215687 0.7215687 1 0.2078431 0.2078431 0.2078431 1 0.4784314 0.4784314 0.4784314 1 0.4313725 0.4313725 0.4313725 1 0.7215687 0.7215687 0.7215687 1 0.4784314 0.4784314 0.4784314 1 0.3882353 0.3882353 0.3882353 1 0.7215687 0.7215687 0.7215687 1 0.4313725 0.4313725 0.4313725 1 0.2117647 0.2117647 0.2117647 1 0.254902 0.254902 0.254902 1 0.2588235 0.2588235 0.2588235 1 0.2156863 0.2156863 0.2156863 1 0.254902 0.254902 0.254902 1 0.2117647 0.2117647 0.2117647 1 0.3490196 0.3490196 0.3490196 1 0.2156863 0.2156863 0.2156863 1 0.2117647 0.2117647 0.2117647 1 0.372549 0.372549 0.372549 1 0.2156863 0.2156863 0.2156863 1 0.3490196 0.3490196 0.3490196 1 0.882353 0.882353 0.882353 1 0.2078431 0.2078431 0.2078431 1 0.2 0.2 0.2 1 0.8431373 0.8431373 0.8431373 1 0.2078431 0.2078431 0.2078431 1 0.882353 0.882353 0.882353 1 0.3764706 0.3764706 0.3764706 1 0.8431373 0.8431373 0.8431373 1 0.882353 0.882353 0.882353 1 0.3843137 0.3843137 0.3843137 1 0.8431373 0.8431373 0.8431373 1 0.3764706 0.3764706 0.3764706 1 0.8156863 0.8156863 0.8156863 1 0.5568628 0.5568628 0.5568628 1 0.4588235 0.4588235 0.4588235 1 0.6980392 0.6980392 0.6980392 1 0.5568628 0.5568628 0.5568628 1 0.8156863 0.8156863 0.8156863 1 0.8980392 0.8980392 0.8980392 1 0.6980392 0.6980392 0.6980392 1 0.8156863 0.8156863 0.8156863 1 0.8117647 0.8117647 0.8117647 1 0.6980392 0.6980392 0.6980392 1 0.8980392 0.8980392 0.8980392 1 0.2627451 0.2627451 0.2627451 1 0.2627451 0.2627451 0.2627451 1 0.4313725 0.4313725 0.4313725 1 0.4235294 0.4235294 0.4235294 1 0.2627451 0.2627451 0.2627451 1 0.2627451 0.2627451 0.2627451 1 0.4235294 0.4235294 0.4235294 1 0.4235294 0.4235294 0.4235294 1 0.2627451 0.2627451 0.2627451 1 0.4431372 0.4431372 0.4431372 1 0.4235294 0.4235294 0.4235294 1 0.4235294 0.4235294 0.4235294 1 0.6588236 0.6588236 0.6588236 1 0.4588235 0.4588235 0.4588235 1 0.4941176 0.4941176 0.4941176 1 0.8156863 0.8156863 0.8156863 1 0.4588235 0.4588235 0.4588235 1 0.6588236 0.6588236 0.6588236 1 0.9019608 0.9019608 0.9019608 1 0.8156863 0.8156863 0.8156863 1 0.6588236 0.6588236 0.6588236 1 0.8980392 0.8980392 0.8980392 1 0.8156863 0.8156863 0.8156863 1 0.9019608 0.9019608 0.9019608 1 0.972549 0.972549 0.972549 1 0.9490196 0.9490196 0.9490196 1 0.8784314 0.8784314 0.8784314 1 0.9450981 0.9450981 0.9450981 1 0.9490196 0.9490196 0.9490196 1 0.972549 0.972549 0.972549 1 0.972549 0.972549 0.972549 1 0.9450981 0.9450981 0.9450981 1 0.972549 0.972549 0.972549 1 0.8745098 0.8745098 0.8745098 1 0.9450981 0.9450981 0.9450981 1 0.972549 0.972549 0.972549 1 0.172549 0.172549 0.172549 1 0.1411765 0.1411765 0.1411765 1 0.1333333 0.1333333 0.1333333 1 0.3921568 0.3921568 0.3921568 1 0.1411765 0.1411765 0.1411765 1 0.172549 0.172549 0.172549 1 0.3843137 0.3843137 0.3843137 1 0.3921568 0.3921568 0.3921568 1 0.172549 0.172549 0.172549 1 0.4078431 0.4078431 0.4078431 1 0.3921568 0.3921568 0.3921568 1 0.3843137 0.3843137 0.3843137 1 0.8431373 0.8431373 0.8431373 1 0.2078431 0.2078431 0.2078431 1 0.2078431 0.2078431 0.2078431 1 0.7215687 0.7215687 0.7215687 1 0.2078431 0.2078431 0.2078431 1 0.8431373 0.8431373 0.8431373 1 0.3843137 0.3843137 0.3843137 1 0.7215687 0.7215687 0.7215687 1 0.8431373 0.8431373 0.8431373 1 0.3843137 0.3843137 0.3843137 1 0.7215687 0.7215687 0.7215687 1 0.3843137 0.3843137 0.3843137 1 0.9450981 0.9450981 0.9450981 1 0.9450981 0.9450981 0.9450981 1 0.9450981 0.9450981 0.9450981 1 0.9450981 0.9450981 0.9450981 1 0.9450981 0.9450981 0.9450981 1 0.9450981 0.9450981 0.9450981 1 0.7333334 0.7333334 0.7333334 1 0.9450981 0.9450981 0.9450981 1 0.9450981 0.9450981 0.9450981 1 0.8392157 0.8392157 0.8392157 1 0.9450981 0.9450981 0.9450981 1 0.7333334 0.7333334 0.7333334 1 1 1 1 1 1 1 1 1 1 1 1 1 1 1 1 1 1 1 1 1 1 1 1 1 1 1 1 1 1 1 1 1 1 1 1 1 1 1 1 1 1 1 1 1 1 1 1 1 1 1 1 1 1 1 1 1 1 1 1 1 1 1 1 1 1 1 1 1 1 1 1 1 1 1 1 1 1 1 1 1 1 1 1 1 1 1 1 1 1 1 1 1 1 1 1 1 1 1 1 1 1 1 1 1 1 1 1 1 1 1 1 1 1 1 1 1 1 1 1 1 1 1 1 1 1 1 1 1 1 1 1 1 1 1 1 1 1 1 1 1 1 1 1 1 1 1 1 1 1 1 1 1 1 1 1 1 1 1 1 1 1 1 1 1 1 1 1 1 1 1 1 1 1 1 1 1 1 1 1 1 1 1 1 1 1 1 1 1 1 1 1 1 1 1 1 1 1 1 1 1 1 1 1 1 1 1 1 1 1 1 1 1 1 1 1 1 0.7921569 0.7921569 0.7921569 1 0.8705883 0.8705883 0.8705883 1 0.7450981 0.7450981 0.7450981 1 0.8980392 0.8980392 0.8980392 1 0.8705883 0.8705883 0.8705883 1 0.7921569 0.7921569 0.7921569 1 0.8431373 0.8431373 0.8431373 1 0.8980392 0.8980392 0.8980392 1 0.7921569 0.7921569 0.7921569 1 0.8509804 0.8509804 0.8509804 1 0.6470589 0.6470589 0.6470589 1 0.5019608 0.5019608 0.5019608 1 0.7921569 0.7921569 0.7921569 1 0.6470589 0.6470589 0.6470589 1 0.8509804 0.8509804 0.8509804 1 0.8705883 0.8705883 0.8705883 1 0.7921569 0.7921569 0.7921569 1 0.8509804 0.8509804 0.8509804 1 1 1 1 1 1 1 1 1 1 1 1 1 1 1 1 1 1 1 1 1 1 1 1 1 1 1 1 1 1 1 1 1 1 1 1 1 1 1 1 1 1 1 1 1 1 1 1 1 1 1 1 1 1 1 1 1 1 1 1 1 1 1 1 1 1 1 1 1 1 1 1 1 1 1 1 1 1 1 1 1 1 1 1 1 1 1 1 1 1 1 1 1 1 1 1 1 1 1 1 1 1 1 1 1 1 1 1 1 0 0 0 1 0.3921568 0.3921568 0.3921568 1 0.3921568 0.3921568 0.3921568 1 0.3921568 0.3921568 0.3921568 1 0.3921568 0.3921568 0.3921568 1 0 0 0 1 0.3921568 0.3921568 0.3921568 1 0.3921568 0.3921568 0.3921568 1 0 0 0 1 0.5803922 0.5803922 0.5803922 1 0.4313725 0.4313725 0.4313725 1 0.8470588 0.8470588 0.8470588 1 0.5803922 0.5803922 0.5803922 1 0.4313725 0.4313725 0.4313725 1 0.5803922 0.5803922 0.5803922 1 0.8470588 0.8470588 0.8470588 1 0.5803922 0.5803922 0.5803922 1 0.5803922 0.5803922 0.5803922 1 0.8470588 0.8470588 0.8470588 1 0.7960785 0.7960785 0.7960785 1 0.8745098 0.8745098 0.8745098 1 0.654902 0.654902 0.654902 1 0.7960785 0.7960785 0.7960785 1 0.8470588 0.8470588 0.8470588 1 0.5137255 0.5137255 0.5137255 1 0.654902 0.654902 0.654902 1 0.8470588 0.8470588 0.8470588 1 0.827451 0.827451 0.827451 1 0.5294118 0.5294118 0.5294118 1 0.4509804 0.4509804 0.4509804 1 0.8156863 0.8156863 0.8156863 1 0.5294118 0.5294118 0.5294118 1 0.827451 0.827451 0.827451 1 0.9607843 0.9607843 0.9607843 1 0.8156863 0.8156863 0.8156863 1 0.827451 0.827451 0.827451 1 0.1960784 0.1960784 0.1960784 1 0.3019608 0.3019608 0.3019608 1 0.345098 0.345098 0.345098 1 0.4745098 0.4745098 0.4745098 1 0.3019608 0.3019608 0.3019608 1 0.1960784 0.1960784 0.1960784 1 0.0980392 0.0980392 0.0980392 1 0.4745098 0.4745098 0.4745098 1 0.1960784 0.1960784 0.1960784 1 1 1 1 1 0.9529412 0.9529412 0.9529412 1 0.827451 0.827451 0.827451 1 0.9490196 0.9490196 0.9490196 1 0.9529412 0.9529412 0.9529412 1 1 1 1 1 0.827451 0.827451 0.827451 1 0.9490196 0.9490196 0.9490196 1 1 1 1 1 1 1 1 1 0.5803922 0.5803922 0.5803922 1 0.8470588 0.8470588 0.8470588 1 0.4313725 0.4313725 0.4313725 1 0.5803922 0.5803922 0.5803922 1 1 1 1 1 0.5803922 0.5803922 0.5803922 1 0.4313725 0.4313725 0.4313725 1 1 1 1 1 0.9921569 0.9921569 0.9921569 1 0.7568628 0.7568628 0.7568628 1 0.7215687 0.7215687 0.7215687 1 0.9490196 0.9490196 0.9490196 1 0.7568628 0.7568628 0.7568628 1 0.9921569 0.9921569 0.9921569 1 0.9098039 0.9098039 0.9098039 1 0.9490196 0.9490196 0.9490196 1 0.9921569 0.9921569 0.9921569 1 0.7490196 0.7490196 0.7490196 1 0.7490196 0.7490196 0.7490196 1 0.7490196 0.7490196 0.7490196 1 0.2156863 0.2156863 0.2156863 1 0.7490196 0.7490196 0.7490196 1 0.7490196 0.7490196 0.7490196 1 0.254902 0.254902 0.254902 1 0.2156863 0.2156863 0.2156863 1 0.7490196 0.7490196 0.7490196 1 0.9372549 0.9372549 0.9372549 1 1 1 1 1 1 1 1 1 0.8196079 0.8196079 0.8196079 1 1 1 1 1 0.9372549 0.9372549 0.9372549 1 0.9450981 0.9450981 0.9450981 1 0.8196079 0.8196079 0.8196079 1 0.9372549 0.9372549 0.9372549 1 0.0980392 0.0980392 0.0980392 1 0.4627451 0.4627451 0.4627451 1 0.4745098 0.4745098 0.4745098 1 0.1019608 0.1019608 0.1019608 1 0.4627451 0.4627451 0.4627451 1 0.0980392 0.0980392 0.0980392 1 0.1960784 0.1960784 0.1960784 1 0.1019608 0.1019608 0.1019608 1 0.0980392 0.0980392 0.0980392 1 0.7372549 0.7372549 0.7372549 1 0.8352941 0.8352941 0.8352941 1 0.7294118 0.7294118 0.7294118 1 0.8509804 0.8509804 0.8509804 1 0.8352941 0.8352941 0.8352941 1 0.7372549 0.7372549 0.7372549 1 0.8588235 0.8588235 0.8588235 1 0.8509804 0.8509804 0.8509804 1 0.7372549 0.7372549 0.7372549 1 0.9921569 0.9921569 0.9921569 1 0.4156863 0.4156863 0.4156863 1 0.4156863 0.4156863 0.4156863 1 0.6745098 0.6745098 0.6745098 1 0.4156863 0.4156863 0.4156863 1 0.9921569 0.9921569 0.9921569 1 0.7215687 0.7215687 0.7215687 1 0.6745098 0.6745098 0.6745098 1 0.9921569 0.9921569 0.9921569 1 0.9921569 0.9921569 0.9921569 1 0.4156863 0.4156863 0.4156863 1 0.4156863 0.4156863 0.4156863 1 0.6745098 0.6745098 0.6745098 1 0.4156863 0.4156863 0.4156863 1 0.9921569 0.9921569 0.9921569 1 0.7215687 0.7215687 0.7215687 1 0.6745098 0.6745098 0.6745098 1 0.9921569 0.9921569 0.9921569 1 0.9921569 0.9921569 0.9921569 1 0.7568628 0.7568628 0.7568628 1 0.7215687 0.7215687 0.7215687 1 0.9490196 0.9490196 0.9490196 1 0.7568628 0.7568628 0.7568628 1 0.9921569 0.9921569 0.9921569 1 0.9098039 0.9098039 0.9098039 1 0.9490196 0.9490196 0.9490196 1 0.9921569 0.9921569 0.9921569 1 0.9921569 0.9921569 0.9921569 1 0.4156863 0.4156863 0.4156863 1 0.4156863 0.4156863 0.4156863 1 0.6745098 0.6745098 0.6745098 1 0.4156863 0.4156863 0.4156863 1 0.9921569 0.9921569 0.9921569 1 0.7215687 0.7215687 0.7215687 1 0.6745098 0.6745098 0.6745098 1 0.9921569 0.9921569 0.9921569 1 0.9921569 0.9921569 0.9921569 1 0.7568628 0.7568628 0.7568628 1 0.7215687 0.7215687 0.7215687 1 0.9490196 0.9490196 0.9490196 1 0.7568628 0.7568628 0.7568628 1 0.9921569 0.9921569 0.9921569 1 0.9098039 0.9098039 0.9098039 1 0.9490196 0.9490196 0.9490196 1 0.9921569 0.9921569 0.9921569 1 0.9921569 0.9921569 0.9921569 1 0.4156863 0.4156863 0.4156863 1 0.4156863 0.4156863 0.4156863 1 0.6666667 0.6666667 0.6666667 1 0.4156863 0.4156863 0.4156863 1 0.9921569 0.9921569 0.9921569 1 0.7215687 0.7215687 0.7215687 1 0.6666667 0.6666667 0.6666667 1 0.9921569 0.9921569 0.9921569 1 0.9921569 0.9921569 0.9921569 1 0.9490196 0.9490196 0.9490196 1 0.7215687 0.7215687 0.7215687 1 0.9450981 0.9450981 0.9450981 1 0.9490196 0.9490196 0.9490196 1 0.9921569 0.9921569 0.9921569 1 0.7215687 0.7215687 0.7215687 1 0.9450981 0.9450981 0.9450981 1 0.9921569 0.9921569 0.9921569 1 0.9921569 0.9921569 0.9921569 1 0.4156863 0.4156863 0.4156863 1 0.4156863 0.4156863 0.4156863 1 0.7019608 0.7019608 0.7019608 1 0.4156863 0.4156863 0.4156863 1 0.9921569 0.9921569 0.9921569 1 0.9098039 0.9098039 0.9098039 1 0.7019608 0.7019608 0.7019608 1 0.9921569 0.9921569 0.9921569 1 0.9921569 0.9921569 0.9921569 1 0.9490196 0.9490196 0.9490196 1 0.9098039 0.9098039 0.9098039 1 0.7568628 0.7568628 0.7568628 1 0.9490196 0.9490196 0.9490196 1 0.9921569 0.9921569 0.9921569 1 0.7215687 0.7215687 0.7215687 1 0.7568628 0.7568628 0.7568628 1 0.9921569 0.9921569 0.9921569 1 0.9921569 0.9921569 0.9921569 1 0.4156863 0.4156863 0.4156863 1 0.4156863 0.4156863 0.4156863 1 0.7019608 0.7019608 0.7019608 1 0.4156863 0.4156863 0.4156863 1 0.9921569 0.9921569 0.9921569 1 0.9098039 0.9098039 0.9098039 1 0.7019608 0.7019608 0.7019608 1 0.9921569 0.9921569 0.9921569 1 0.9921569 0.9921569 0.9921569 1 0.9490196 0.9490196 0.9490196 1 0.9098039 0.9098039 0.9098039 1 0.7568628 0.7568628 0.7568628 1 0.9490196 0.9490196 0.9490196 1 0.9921569 0.9921569 0.9921569 1 0.7215687 0.7215687 0.7215687 1 0.7568628 0.7568628 0.7568628 1 0.9921569 0.9921569 0.9921569 1 0.9921569 0.9921569 0.9921569 1 0.4156863 0.4156863 0.4156863 1 0.4156863 0.4156863 0.4156863 1 0.7019608 0.7019608 0.7019608 1 0.4156863 0.4156863 0.4156863 1 0.9921569 0.9921569 0.9921569 1 0.9098039 0.9098039 0.9098039 1 0.7019608 0.7019608 0.7019608 1 0.9921569 0.9921569 0.9921569 1 0.9921569 0.9921569 0.9921569 1 0.9490196 0.9490196 0.9490196 1 0.9098039 0.9098039 0.9098039 1 0.7568628 0.7568628 0.7568628 1 0.9490196 0.9490196 0.9490196 1 0.9921569 0.9921569 0.9921569 1 0.7215687 0.7215687 0.7215687 1 0.7568628 0.7568628 0.7568628 1 0.9921569 0.9921569 0.9921569 1 0.8392157 0.8392157 0.8392157 1 0.7333334 0.7333334 0.7333334 1 0.9450981 0.9450981 0.9450981 1 0.4705882 0.4705882 0.4705882 1 0.7333334 0.7333334 0.7333334 1 0.8392157 0.8392157 0.8392157 1 0.4705882 0.4705882 0.4705882 1 0.4705882 0.4705882 0.4705882 1 0.8392157 0.8392157 0.8392157 1 1 1 1 1 0.7372549 0.7372549 0.7372549 1 0.7372549 0.7372549 0.7372549 1 0.7372549 0.7372549 0.7372549 1 0.7372549 0.7372549 0.7372549 1 1 1 1 1 0.7372549 0.7372549 0.7372549 1 0.7372549 0.7372549 0.7372549 1 1 1 1 1 1 1 1 1 0.7372549 0.7372549 0.7372549 1 0.7372549 0.7372549 0.7372549 1 0.7372549 0.7372549 0.7372549 1 0.7372549 0.7372549 0.7372549 1 1 1 1 1 0.7372549 0.7372549 0.7372549 1 0.7372549 0.7372549 0.7372549 1 1 1 1 1 1 1 1 1 0.7372549 0.7372549 0.7372549 1 0.7372549 0.7372549 0.7372549 1 0.7372549 0.7372549 0.7372549 1 0.7372549 0.7372549 0.7372549 1 1 1 1 1 0.7372549 0.7372549 0.7372549 1 0.7372549 0.7372549 0.7372549 1 1 1 1 1 1 1 1 1 0.7372549 0.7372549 0.7372549 1 0.7372549 0.7372549 0.7372549 1 0.7372549 0.7372549 0.7372549 1 0.7372549 0.7372549 0.7372549 1 1 1 1 1 0.7372549 0.7372549 0.7372549 1 0.7372549 0.7372549 0.7372549 1 1 1 1 1 1 1 1 1 0.7372549 0.7372549 0.7372549 1 0.7372549 0.7372549 0.7372549 1 0.7372549 0.7372549 0.7372549 1 0.7372549 0.7372549 0.7372549 1 1 1 1 1 0.7372549 0.7372549 0.7372549 1 0.7372549 0.7372549 0.7372549 1 1 1 1 1 1 1 1 1 0.7372549 0.7372549 0.7372549 1 0.7372549 0.7372549 0.7372549 1 0.7372549 0.7372549 0.7372549 1 0.7372549 0.7372549 0.7372549 1 1 1 1 1 0.7372549 0.7372549 0.7372549 1 0.7372549 0.7372549 0.7372549 1 1 1 1 1 1 1 1 1 0.7372549 0.7372549 0.7372549 1 0.7372549 0.7372549 0.7372549 1 0.7372549 0.7372549 0.7372549 1 0.7372549 0.7372549 0.7372549 1 1 1 1 1 0.7372549 0.7372549 0.7372549 1 0.7372549 0.7372549 0.7372549 1 1 1 1 1 1 1 1 1 0.7372549 0.7372549 0.7372549 1 0.7372549 0.7372549 0.7372549 1 0.7372549 0.7372549 0.7372549 1 0.7372549 0.7372549 0.7372549 1 1 1 1 1 0.7372549 0.7372549 0.7372549 1 0.7372549 0.7372549 0.7372549 1 1 1 1 1 1 1 1 1 0.7372549 0.7372549 0.7372549 1 0.7372549 0.7372549 0.7372549 1 0.7372549 0.7372549 0.7372549 1 0.7372549 0.7372549 0.7372549 1 1 1 1 1 0.7372549 0.7372549 0.7372549 1 0.7372549 0.7372549 0.7372549 1 1 1 1 1 0.5607843 0.5607843 0.5607843 1 0.8117647 0.8117647 0.8117647 1 0.4588235 0.4588235 0.4588235 1 0.6980392 0.6980392 0.6980392 1 0.8117647 0.8117647 0.8117647 1 0.5607843 0.5607843 0.5607843 1 0.9254902 0.9254902 0.9254902 1 0.8862745 0.8862745 0.8862745 1 0.6588236 0.6588236 0.6588236 1 0.7843137 0.7843137 0.7843137 1 0.8862745 0.8862745 0.8862745 1 0.9254902 0.9254902 0.9254902 1 0.4313725 0.4313725 0.4313725 1 0.5529412 0.5529412 0.5529412 1 0.2627451 0.2627451 0.2627451 1 0.4235294 0.4235294 0.4235294 1 0.5529412 0.5529412 0.5529412 1 0.4313725 0.4313725 0.4313725 1 0.4549019 0.4549019 0.4549019 1 0.4235294 0.4235294 0.4235294 1 0.427451 0.427451 0.427451 1 0.5529412 0.5529412 0.5529412 1 0.4235294 0.4235294 0.4235294 1 0.4549019 0.4549019 0.4549019 1 0.4235294 0.4235294 0.4235294 1 0.317647 0.317647 0.317647 1 0.2627451 0.2627451 0.2627451 1 0.4392157 0.4392157 0.4392157 1 0.317647 0.317647 0.317647 1 0.4235294 0.4235294 0.4235294 1 0.4392157 0.4392157 0.4392157 1 0.4196078 0.4196078 0.4196078 1 0.317647 0.317647 0.317647 1 0.372549 0.372549 0.372549 1 0.4196078 0.4196078 0.4196078 1 0.4392157 0.4392157 0.4392157 1 0.4196078 0.4196078 0.4196078 1 0.7058824 0.7058824 0.7058824 1 0.317647 0.317647 0.317647 1 0.8078432 0.8078432 0.8078432 1 0.7058824 0.7058824 0.7058824 1 0.4196078 0.4196078 0.4196078 1 0.4549019 0.4549019 0.4549019 1 0.9254902 0.9254902 0.9254902 1 0.5529412 0.5529412 0.5529412 1 1 1 1 1 0.9254902 0.9254902 0.9254902 1 0.4549019 0.4549019 0.4549019 1 0.8509804 0.8509804 0.8509804 1 0.7372549 0.7372549 0.7372549 1 0.8352941 0.8352941 0.8352941 1 0.8588235 0.8588235 0.8588235 1 0.7372549 0.7372549 0.7372549 1 0.8509804 0.8509804 0.8509804 1 0.8588235 0.8588235 0.8588235 1 0.7607843 0.7607843 0.7607843 1 0.7372549 0.7372549 0.7372549 1 0.8431373 0.8431373 0.8431373 1 0.7607843 0.7607843 0.7607843 1 0.8588235 0.8588235 0.8588235 1 0.9647059 0.9647059 0.9647059 1 0.9098039 0.9098039 0.9098039 1 0.9098039 0.9098039 0.9098039 1 0.9450981 0.9450981 0.9450981 1 0.9098039 0.9098039 0.9098039 1 0.9647059 0.9647059 0.9647059 1 0.972549 0.972549 0.972549 1 0.772549 0.772549 0.772549 1 0.8078432 0.8078432 0.8078432 1 0.972549 0.972549 0.972549 1 0.772549 0.772549 0.772549 1 0.972549 0.972549 0.972549 1 0.854902 0.854902 0.854902 1 0.8078432 0.8078432 0.8078432 1 0.4 0.4 0.4 1 0.972549 0.972549 0.972549 1 0.8078432 0.8078432 0.8078432 1 0.854902 0.854902 0.854902 1 0.9921569 0.9921569 0.9921569 1 0.6745098 0.6745098 0.6745098 1 0.7215687 0.7215687 0.7215687 1 0.4156863 0.4156863 0.4156863 1 0.6745098 0.6745098 0.6745098 1 0.9921569 0.9921569 0.9921569 1 0.3843137 0.3843137 0.3843137 1 0.2078431 0.2078431 0.2078431 1 0.2078431 0.2078431 0.2078431 1 0.3843137 0.3843137 0.3843137 1 0.2078431 0.2078431 0.2078431 1 0.3843137 0.3843137 0.3843137 1 0.9450981 0.9450981 0.9450981 1 0.9882353 0.9882353 0.9882353 1 0.9490196 0.9490196 0.9490196 1 0.9921569 0.9921569 0.9921569 1 0.9882353 0.9882353 0.9882353 1 0.9450981 0.9450981 0.9450981 1 0.9921569 0.9921569 0.9921569 1 0.6745098 0.6745098 0.6745098 1 0.7215687 0.7215687 0.7215687 1 0.4156863 0.4156863 0.4156863 1 0.6745098 0.6745098 0.6745098 1 0.9921569 0.9921569 0.9921569 1 0.9921569 0.9921569 0.9921569 1 0.9843137 0.9843137 0.9843137 1 0.9882353 0.9882353 0.9882353 1 0.9921569 0.9921569 0.9921569 1 0.9843137 0.9843137 0.9843137 1 0.9921569 0.9921569 0.9921569 1 0.5803922 0.5803922 0.5803922 1 1 1 1 1 0.4313725 0.4313725 0.4313725 1 0.8470588 0.8470588 0.8470588 1 1 1 1 1 0.5803922 0.5803922 0.5803922 1 0.9921569 0.9921569 0.9921569 1 0.6745098 0.6745098 0.6745098 1 0.7215687 0.7215687 0.7215687 1 0.4156863 0.4156863 0.4156863 1 0.6745098 0.6745098 0.6745098 1 0.9921569 0.9921569 0.9921569 1 0.4392157 0.4392157 0.4392157 1 0.4431372 0.4431372 0.4431372 1 0.372549 0.372549 0.372549 1 0.4235294 0.4235294 0.4235294 1 0.4431372 0.4431372 0.4431372 1 0.4392157 0.4392157 0.4392157 1 0.2627451 0.2627451 0.2627451 1 0.6901961 0.6901961 0.6901961 1 0.6901961 0.6901961 0.6901961 1 0.5529412 0.5529412 0.5529412 1 0.6901961 0.6901961 0.6901961 1 0.2627451 0.2627451 0.2627451 1 0.7921569 0.7921569 0.7921569 1 0.8078432 0.8078432 0.8078432 1 0.6588236 0.6588236 0.6588236 1 0.8509804 0.8509804 0.8509804 1 0.8078432 0.8078432 0.8078432 1 0.7921569 0.7921569 0.7921569 1 0.6117647 0.6117647 0.6117647 1 0.6588236 0.6588236 0.6588236 1 0.6313726 0.6313726 0.6313726 1 0.7921569 0.7921569 0.7921569 1 0.6588236 0.6588236 0.6588236 1 0.6117647 0.6117647 0.6117647 1 0.972549 0.972549 0.972549 1 0.8509804 0.8509804 0.8509804 1 1 1 1 1 0.8078432 0.8078432 0.8078432 1 0.8509804 0.8509804 0.8509804 1 0.972549 0.972549 0.972549 1 0.5333334 0.5333334 0.5333334 1 1 1 1 1 0.4549019 0.4549019 0.4549019 1 0.972549 0.972549 0.972549 1 1 1 1 1 0.5333334 0.5333334 0.5333334 1 0.4196078 0.4196078 0.4196078 1 0.2313725 0.2313725 0.2313725 1 0.2235294 0.2235294 0.2235294 1 0.3921568 0.3921568 0.3921568 1 0.2313725 0.2313725 0.2313725 1 0.4196078 0.4196078 0.4196078 1 1 1 1 1 0.8392157 0.8392157 0.8392157 1 0.9254902 0.9254902 0.9254902 1 0.8509804 0.8509804 0.8509804 1 0.8392157 0.8392157 0.8392157 1 1 1 1 1 0.2588235 0.2588235 0.2588235 1 0.8 0.8 0.8 1 0.7450981 0.7450981 0.7450981 1 0.2588235 0.2588235 0.2588235 1 0.8 0.8 0.8 1 0.2588235 0.2588235 0.2588235 1 0.9215686 0.9215686 0.9215686 1 0.7803922 0.7803922 0.7803922 1 0.8 0.8 0.8 1 0.7843137 0.7843137 0.7843137 1 0.7803922 0.7803922 0.7803922 1 0.9215686 0.9215686 0.9215686 1 0.7803922 0.7803922 0.7803922 1 0.8509804 0.8509804 0.8509804 1 0.7921569 0.7921569 0.7921569 1 0.8392157 0.8392157 0.8392157 1 0.8509804 0.8509804 0.8509804 1 0.7803922 0.7803922 0.7803922 1 0.509804 0.509804 0.509804 1 0.2588235 0.2588235 0.2588235 1 0.2627451 0.2627451 0.2627451 1 0.8 0.8 0.8 1 0.2588235 0.2588235 0.2588235 1 0.509804 0.509804 0.509804 1 0.4313725 0.4313725 0.4313725 1 0.2235294 0.2235294 0.2235294 1 0.2313725 0.2313725 0.2313725 1 0.4196078 0.4196078 0.4196078 1 0.2235294 0.2235294 0.2235294 1 0.4313725 0.4313725 0.4313725 1 0.3882353 0.3882353 0.3882353 1 0.2313725 0.2313725 0.2313725 1 0.2078431 0.2078431 0.2078431 1 0.4313725 0.4313725 0.4313725 1 0.2313725 0.2313725 0.2313725 1 0.3882353 0.3882353 0.3882353 1 0.3764706 0.3764706 0.3764706 1 0.2078431 0.2078431 0.2078431 1 0.2 0.2 0.2 1 0.3882353 0.3882353 0.3882353 1 0.2078431 0.2078431 0.2078431 1 0.3764706 0.3764706 0.3764706 1 0.3843137 0.3843137 0.3843137 1 0.2 0.2 0.2 1 0.2078431 0.2078431 0.2078431 1 0.3764706 0.3764706 0.3764706 1 0.2 0.2 0.2 1 0.3843137 0.3843137 0.3843137 1 0.5803922 0.5803922 0.5803922 1 1 1 1 1 0.8470588 0.8470588 0.8470588 1 0.4313725 0.4313725 0.4313725 1 1 1 1 1 0.5803922 0.5803922 0.5803922 1 0.172549 0.172549 0.172549 1 0.1372549 0.1372549 0.1372549 1 0.3921568 0.3921568 0.3921568 1 0.1333333 0.1333333 0.1333333 1 0.1372549 0.1372549 0.1372549 1 0.172549 0.172549 0.172549 1 0.3882353 0.3882353 0.3882353 1 0.3921568 0.3921568 0.3921568 1 0.4078431 0.4078431 0.4078431 1 0.172549 0.172549 0.172549 1 0.3921568 0.3921568 0.3921568 1 0.3882353 0.3882353 0.3882353 1 0.4117647 0.4117647 0.4117647 1 0.6313726 0.6313726 0.6313726 1 0.5490196 0.5490196 0.5490196 1 0.7098039 0.7098039 0.7098039 1 0.6313726 0.6313726 0.6313726 1 0.4117647 0.4117647 0.4117647 1 0.2588235 0.2588235 0.2588235 1 0.7490196 0.7490196 0.7490196 1 0.2117647 0.2117647 0.2117647 1 0.7490196 0.7490196 0.7490196 1 0.7490196 0.7490196 0.7490196 1 0.2588235 0.2588235 0.2588235 1 0.6901961 0.6901961 0.6901961 1 0.9254902 0.9254902 0.9254902 1 0.8392157 0.8392157 0.8392157 1 0.5529412 0.5529412 0.5529412 1 0.9254902 0.9254902 0.9254902 1 0.6901961 0.6901961 0.6901961 1 0.9921569 0.9921569 0.9921569 1 0.7019608 0.7019608 0.7019608 1 0.9098039 0.9098039 0.9098039 1 0.4156863 0.4156863 0.4156863 1 0.7019608 0.7019608 0.7019608 1 0.9921569 0.9921569 0.9921569 1 0.3490196 0.3490196 0.3490196 1 0.7490196 0.7490196 0.7490196 1 0.372549 0.372549 0.372549 1 0.7490196 0.7490196 0.7490196 1 0.7490196 0.7490196 0.7490196 1 0.3490196 0.3490196 0.3490196 1 0.3921568 0.3921568 0.3921568 1 0.2078431 0.2078431 0.2078431 1 0.2313725 0.2313725 0.2313725 1 0.3843137 0.3843137 0.3843137 1 0.2078431 0.2078431 0.2078431 1 0.3921568 0.3921568 0.3921568 1 0.9921569 0.9921569 0.9921569 1 0.7019608 0.7019608 0.7019608 1 0.9098039 0.9098039 0.9098039 1 0.4156863 0.4156863 0.4156863 1 0.7019608 0.7019608 0.7019608 1 0.9921569 0.9921569 0.9921569 1 0.5803922 0.5803922 0.5803922 1 0.5803922 0.5803922 0.5803922 1 0.5803922 0.5803922 0.5803922 1 0.5803922 0.5803922 0.5803922 1 0.5803922 0.5803922 0.5803922 1 0.5803922 0.5803922 0.5803922 1 1 1 1 1 1 1 1 1 1 1 1 1 1 1 1 1 1 1 1 1 1 1 1 1 0.9921569 0.9921569 0.9921569 1 0.7019608 0.7019608 0.7019608 1 0.9098039 0.9098039 0.9098039 1 0.4156863 0.4156863 0.4156863 1 0.7019608 0.7019608 0.7019608 1 0.9921569 0.9921569 0.9921569 1 0.9215686 0.9215686 0.9215686 1 0.6588236 0.6588236 0.6588236 1 0.7843137 0.7843137 0.7843137 1 0.9333333 0.9333333 0.9333333 1 0.6588236 0.6588236 0.6588236 1 0.9215686 0.9215686 0.9215686 1 1 1 1 1 1 1 1 1 1 1 1 1 1 1 1 1 1 1 1 1 1 1 1 1 1 1 1 1 1 1 1 1 1 1 1 1 1 1 1 1 1 1 1 1 1 1 1 1 1 1 1 1 1 1 1 1 1 1 1 1 1 1 1 1 1 1 1 1 1 1 1 1 1 1 1 1 1 1 1 1 1 1 1 1 1 1 1 1 1 1 1 1 1 1 1 1 0.6588236 0.6588236 0.6588236 1 0.9215686 0.9215686 0.9215686 1 0.7882353 0.7882353 0.7882353 1 0.9333333 0.9333333 0.9333333 1 0.9215686 0.9215686 0.9215686 1 0.6588236 0.6588236 0.6588236 1 0.2627451 0.2627451 0.2627451 1 0.6901961 0.6901961 0.6901961 1 0.317647 0.317647 0.317647 1 0.6901961 0.6901961 0.6901961 1 0.6901961 0.6901961 0.6901961 1 0.2627451 0.2627451 0.2627451 1 0.7058824 0.7058824 0.7058824 1 0.6901961 0.6901961 0.6901961 1 0.317647 0.317647 0.317647 1 0.9568628 0.9568628 0.9568628 1 0.6901961 0.6901961 0.6901961 1 0.7058824 0.7058824 0.7058824 1 0.2627451 0.2627451 0.2627451 1 0.6901961 0.6901961 0.6901961 1 0.6901961 0.6901961 0.6901961 1 0.317647 0.317647 0.317647 1 0.6901961 0.6901961 0.6901961 1 0.2627451 0.2627451 0.2627451 1 0.7843137 0.7843137 0.7843137 1 0.2627451 0.2627451 0.2627451 1 0.7803922 0.7803922 0.7803922 1 0.509804 0.509804 0.509804 1 0.2627451 0.2627451 0.2627451 1 0.7843137 0.7843137 0.7843137 1 0.3921568 0.3921568 0.3921568 1 0.7921569 0.7921569 0.7921569 1 0.854902 0.854902 0.854902 1 0.1607843 0.1607843 0.1607843 1 0.7921569 0.7921569 0.7921569 1 0.3921568 0.3921568 0.3921568 1 0.654902 0.654902 0.654902 1 0.7137255 0.7137255 0.7137255 1 0.1921569 0.1921569 0.1921569 1 0.772549 0.772549 0.772549 1 0.7137255 0.7137255 0.7137255 1 0.654902 0.654902 0.654902 1 0.9490196 0.9490196 0.9490196 1 0.8470588 0.8470588 0.8470588 1 0.9137255 0.9137255 0.9137255 1 0.8196079 0.8196079 0.8196079 1 0.8470588 0.8470588 0.8470588 1 0.9490196 0.9490196 0.9490196 1 0.9137255 0.9137255 0.9137255 1 0.9137255 0.9137255 0.9137255 1 0.9568628 0.9568628 0.9568628 1 0.9490196 0.9490196 0.9490196 1 0.9137255 0.9137255 0.9137255 1 0.9137255 0.9137255 0.9137255 1 0.9098039 0.9098039 0.9098039 1 0.8196079 0.8196079 0.8196079 1 0.9490196 0.9490196 0.9490196 1 0.7843137 0.7843137 0.7843137 1 0.8196079 0.8196079 0.8196079 1 0.9098039 0.9098039 0.9098039 1 0.9490196 0.9490196 0.9490196 1 0.9490196 0.9490196 0.9490196 1 0.9137255 0.9137255 0.9137255 1 0.9098039 0.9098039 0.9098039 1 0.9490196 0.9490196 0.9490196 1 0.9490196 0.9490196 0.9490196 1 0.8196079 0.8196079 0.8196079 1 0.9137255 0.9137255 0.9137255 1 0.8078432 0.8078432 0.8078432 1 0.9490196 0.9490196 0.9490196 1 0.9137255 0.9137255 0.9137255 1 0.8196079 0.8196079 0.8196079 1 0.6 0.6 0.6 1 0.8078432 0.8078432 0.8078432 1 0.4196078 0.4196078 0.4196078 1 0.8196079 0.8196079 0.8196079 1 0.8078432 0.8078432 0.8078432 1 0.6 0.6 0.6 1 0.8588235 0.8588235 0.8588235 1 0.9137255 0.9137255 0.9137255 1 0.8431373 0.8431373 0.8431373 1 0.9843137 0.9843137 0.9843137 1 0.9137255 0.9137255 0.9137255 1 0.8588235 0.8588235 0.8588235 1 0.3764706 0.3764706 0.3764706 1 0.0980392 0.0980392 0.0980392 1 0.2431373 0.2431373 0.2431373 1 0.3215686 0.3215686 0.3215686 1 0.0980392 0.0980392 0.0980392 1 0.3764706 0.3764706 0.3764706 1 0.6352941 0.6352941 0.6352941 1 0.7843137 0.7843137 0.7843137 1 0.2588235 0.2588235 0.2588235 1 0.9490196 0.9490196 0.9490196 1 0.7843137 0.7843137 0.7843137 1 0.6352941 0.6352941 0.6352941 1 1 1 1 1 0.4313725 0.4313725 0.4313725 1 0.8470588 0.8470588 0.8470588 1 0.8470588 0.8470588 0.8470588 1 0.4313725 0.4313725 0.4313725 1 1 1 1 1 0.5803922 0.5803922 0.5803922 1 0.5803922 0.5803922 0.5803922 1 0.8470588 0.8470588 0.8470588 1 0.4313725 0.4313725 0.4313725 1 0.5803922 0.5803922 0.5803922 1 0.5803922 0.5803922 0.5803922 1 1 1 1 1 0.9411765 0.9411765 0.9411765 1 0.9647059 0.9647059 0.9647059 1 1 1 1 1 0.9411765 0.9411765 0.9411765 1 1 1 1 1 0.8078432 0.8078432 0.8078432 1 0.9568628 0.9568628 0.9568628 1 0.7058824 0.7058824 0.7058824 1 0.9137255 0.9137255 0.9137255 1 0.9568628 0.9568628 0.9568628 1 0.8078432 0.8078432 0.8078432 1 0.7333334 0.7333334 0.7333334 1 0.7921569 0.7921569 0.7921569 1 0.6117647 0.6117647 0.6117647 1 0.7803922 0.7803922 0.7803922 1 0.7921569 0.7921569 0.7921569 1 0.7333334 0.7333334 0.7333334 1 0.9960784 0.9960784 0.9960784 1 0.9843137 0.9843137 0.9843137 1 0.9176471 0.9176471 0.9176471 1 1 1 1 1 0.9843137 0.9843137 0.9843137 1 0.9960784 0.9960784 0.9960784 1 0.9137255 0.9137255 0.9137255 1 0.8431373 0.8431373 0.8431373 1 0.8431373 0.8431373 0.8431373 1 0.8588235 0.8588235 0.8588235 1 0.8431373 0.8431373 0.8431373 1 0.9137255 0.9137255 0.9137255 1 1 1 1 1 0.4313725 0.4313725 0.4313725 1 0.8470588 0.8470588 0.8470588 1 0.8470588 0.8470588 0.8470588 1 0.4313725 0.4313725 0.4313725 1 1 1 1 1 0.5803922 0.5803922 0.5803922 1 0.5803922 0.5803922 0.5803922 1 0.8470588 0.8470588 0.8470588 1 0.4313725 0.4313725 0.4313725 1 0.5803922 0.5803922 0.5803922 1 0.5803922 0.5803922 0.5803922 1 0.9921569 0.9921569 0.9921569 1 0.6745098 0.6745098 0.6745098 1 0.7215687 0.7215687 0.7215687 1 0.4156863 0.4156863 0.4156863 1 0.6745098 0.6745098 0.6745098 1 0.9921569 0.9921569 0.9921569 1 0.7098039 0.7098039 0.7098039 1 0.9450981 0.9450981 0.9450981 1 0.7607843 0.7607843 0.7607843 1 0.9098039 0.9098039 0.9098039 1 0.9450981 0.9450981 0.9450981 1 0.7098039 0.7098039 0.7098039 1 1 1 1 1 0.5803922 0.5803922 0.5803922 1 1 1 1 1 0.5803922 0.5803922 0.5803922 1 0.5803922 0.5803922 0.5803922 1 1 1 1 1 1 1 1 1 0.5803922 0.5803922 0.5803922 1 1 1 1 1 0.5803922 0.5803922 0.5803922 1 0.5803922 0.5803922 0.5803922 1 1 1 1 1 0.8431373 0.8431373 0.8431373 1 0.9529412 0.9529412 0.9529412 1 0.9098039 0.9098039 0.9098039 1 0.9176471 0.9176471 0.9176471 1 0.9529412 0.9529412 0.9529412 1 0.8431373 0.8431373 0.8431373 1 0.3647059 0.3647059 0.3647059 1 0.7333334 0.7333334 0.7333334 1 0.7333334 0.7333334 0.7333334 1 0.3647059 0.3647059 0.3647059 1 0.7333334 0.7333334 0.7333334 1 0.3647059 0.3647059 0.3647059 1 0.9450981 0.9450981 0.9450981 1 0.7333334 0.7333334 0.7333334 1 0.7333334 0.7333334 0.7333334 1 0.9450981 0.9450981 0.9450981 1 0.7333334 0.7333334 0.7333334 1 0.9450981 0.9450981 0.9450981 1 0.7882353 0.7882353 0.7882353 1 0.9019608 0.9019608 0.9019608 1 0.6588236 0.6588236 0.6588236 1 0.8705883 0.8705883 0.8705883 1 0.8980392 0.8980392 0.8980392 1 0.9529412 0.9529412 0.9529412 1 0.9176471 0.9176471 0.9176471 1 0.9921569 0.9921569 0.9921569 1 0.9529412 0.9529412 0.9529412 1 0.9450981 0.9450981 0.9450981 1 0.9647059 0.9647059 0.9647059 1 1 1 1 1 0.7607843 0.7607843 0.7607843 1 0.8431373 0.8431373 0.8431373 1 0.8392157 0.8392157 0.8392157 1 0.9960784 0.9960784 0.9960784 1 0.9843137 0.9843137 0.9843137 1 1 1 1 1 1 1 1 1 0.9921569 0.9921569 0.9921569 1 1 1 1 1 0.9490196 0.9490196 0.9490196 1 0.854902 0.854902 0.854902 1 0.8117647 0.8117647 0.8117647 1 0.6901961 0.6901961 0.6901961 1 0.5490196 0.5490196 0.5490196 1 0.2627451 0.2627451 0.2627451 1 1 1 1 1 0.9686275 0.9686275 0.9686275 1 0.9411765 0.9411765 0.9411765 1 0.5921569 0.5921569 0.5921569 1 0.5294118 0.5294118 0.5294118 1 0.8156863 0.8156863 0.8156863 1 0.8313726 0.8313726 0.8313726 1 0.4470588 0.4470588 0.4470588 1 0.5333334 0.5333334 0.5333334 1 0.0862745 0.0862745 0.0862745 1 0.3843137 0.3843137 0.3843137 1 0.2352941 0.2352941 0.2352941 1 0.3019608 0.3019608 0.3019608 1 0.4745098 0.4745098 0.4745098 1 0.7333334 0.7333334 0.7333334 1 0.8470588 0.8470588 0.8470588 1 0.5803922 0.5803922 0.5803922 1 1 1 1 1 0.4745098 0.4745098 0.4745098 1 0.4627451 0.4627451 0.4627451 1 0.7921569 0.7921569 0.7921569 1 0.1960784 0.1960784 0.1960784 1 0.1607843 0.1607843 0.1607843 1 0.6627451 0.6627451 0.6627451 1 1 1 1 1 0.7568628 0.7568628 0.7568628 1 0.7764706 0.7764706 0.7764706 1 0.0980392 0.0980392 0.0980392 1 0.0862745 0.0862745 0.0862745 1 0.1843137 0.1843137 0.1843137 1 0.9490196 0.9490196 0.9490196 1 0.9450981 0.9450981 0.9450981 1 0.9372549 0.9372549 0.9372549 1 0.9843137 0.9843137 0.9843137 1 0.9921569 0.9921569 0.9921569 1 0.972549 0.972549 0.972549 1 0.9450981 0.9450981 0.9450981 1 0.9450981 0.9450981 0.9450981 1 0.9450981 0.9450981 0.9450981 1 0.7333334 0.7333334 0.7333334 1 0.9450981 0.9450981 0.9450981 1 0.8392157 0.8392157 0.8392157 1 0.4705882 0.4705882 0.4705882 1 0.4705882 0.4705882 0.4705882 1 0.8392157 0.8392157 0.8392157 1 0.4705882 0.4705882 0.4705882 1 0.4705882 0.4705882 0.4705882 1 0.7333334 0.7333334 0.7333334 1 1 1 1 1 0.7372549 0.7372549 0.7372549 1 0.7372549 0.7372549 0.7372549 1 1 1 1 1 0.7372549 0.7372549 0.7372549 1 0.7372549 0.7372549 0.7372549 1 1 1 1 1 0.7372549 0.7372549 0.7372549 1 0.7372549 0.7372549 0.7372549 1 1 1 1 1 0.7372549 0.7372549 0.7372549 1 0.7372549 0.7372549 0.7372549 1 1 1 1 1 0.7372549 0.7372549 0.7372549 1 0.7372549 0.7372549 0.7372549 1 1 1 1 1 0.7372549 0.7372549 0.7372549 1 0.7372549 0.7372549 0.7372549 1 1 1 1 1 0.7372549 0.7372549 0.7372549 1 0.7372549 0.7372549 0.7372549 1 1 1 1 1 0.7372549 0.7372549 0.7372549 1 0.7372549 0.7372549 0.7372549 1 1 1 1 1 0.7372549 0.7372549 0.7372549 1 0.7372549 0.7372549 0.7372549 1 1 1 1 1 1 1 1 1 1 1 1 1 0.1960784 0.1960784 0.1960784 1 0.2117647 0.2117647 0.2117647 1 0.7490196 0.7490196 0.7490196 1 0.972549 0.972549 0.972549 1 0.7137255 0.7137255 0.7137255 1 0.772549 0.772549 0.772549 1</float_array>
          <technique_common>
            <accessor source="#polygon0-mesh-colors-polygon0_Colors0-array" count="2685" stride="4">
              <param name="R" type="float"/>
              <param name="G" type="float"/>
              <param name="B" type="float"/>
              <param name="A" type="float"/>
            </accessor>
          </technique_common>
        </source>
        <vertices id="polygon0-mesh-vertices">
          <input semantic="POSITION" source="#polygon0-mesh-positions"/>
        </vertices>
        <triangles material="mat_body-material" count="895">
          <input semantic="VERTEX" source="#polygon0-mesh-vertices" offset="0"/>
          <input semantic="NORMAL" source="#polygon0-mesh-normals" offset="1"/>
          <input semantic="TEXCOORD" source="#polygon0-mesh-map-0" offset="2" set="0"/>
          <input semantic="COLOR" source="#polygon0-mesh-colors-polygon0_Colors0" offset="3" set="0"/>
          <p>2 0 0 0 1 1 1 1 0 2 2 2 3 3 3 3 1 1 4 4 2 0 5 5 4 4 6 6 3 3 7 7 2 0 8 8 5 5 9 9 3 3 10 10 4 4 11 11 6 6 12 12 5 5 13 13 4 4 14 14 7 7 15 15 5 5 16 16 6 6 17 17 8 8 18 18 7 7 19 19 6 6 20 20 9 9 21 21 7 7 22 22 8 8 23 23 10 10 24 24 9 9 25 25 8 8 26 26 11 11 27 27 9 9 28 28 10 10 29 29 12 12 30 30 11 11 31 31 10 10 32 32 13 13 33 33 11 11 34 34 12 12 35 35 16 14 36 36 15 15 37 37 14 16 38 38 17 17 39 39 15 15 40 40 16 14 41 41 18 18 42 42 17 17 43 43 16 14 44 44 19 19 45 45 17 17 46 46 18 18 47 47 20 20 48 48 19 19 49 49 18 18 50 50 21 21 51 51 19 19 52 52 20 20 53 53 22 22 54 54 21 21 55 55 20 20 56 56 23 23 57 57 21 21 58 58 22 22 59 59 24 24 60 60 23 23 61 61 22 22 62 62 25 25 63 63 23 23 64 64 24 24 65 65 26 26 66 66 25 25 67 67 24 24 68 68 29 27 69 69 28 28 70 70 27 29 71 71 30 30 72 72 28 28 73 73 29 27 74 74 31 31 75 75 30 30 76 76 29 27 77 77 32 32 78 78 30 30 79 79 31 31 80 80 33 33 81 81 32 32 82 82 31 31 83 83 34 34 84 84 32 32 85 85 33 33 86 86 35 35 87 87 34 34 88 88 33 33 89 89 36 36 90 90 34 34 91 91 35 35 92 92 37 37 93 93 36 36 94 94 35 35 95 95 40 38 96 96 39 39 97 97 38 40 98 98 41 41 99 99 39 39 100 100 40 38 101 101 42 42 102 102 41 41 103 103 40 38 104 104 43 43 105 105 41 41 106 106 42 42 107 107 44 44 108 108 43 43 109 109 42 42 110 110 45 45 111 111 43 43 112 112 44 44 113 113 46 46 114 114 45 45 115 115 44 44 116 116 47 47 117 117 45 45 118 118 46 46 119 119 38 40 120 120 47 47 121 121 46 46 122 122 50 48 123 123 49 49 124 124 48 50 125 125 51 51 126 126 49 49 127 127 50 48 128 128 52 52 129 129 51 51 130 130 50 48 131 131 53 53 132 132 51 51 133 133 52 52 134 134 54 54 135 135 53 53 136 136 52 52 137 137 55 55 138 138 53 53 139 139 54 54 140 140 56 56 141 141 55 55 142 142 54 54 143 143 57 57 144 144 55 55 145 145 56 56 146 146 60 58 147 147 59 59 148 148 58 60 149 149 61 61 150 150 59 59 151 151 60 58 152 152 62 62 153 153 61 61 154 154 60 58 155 155 63 63 156 156 61 61 157 157 62 62 158 158 64 64 159 159 63 63 160 160 62 62 161 161 65 65 162 162 63 63 163 163 64 64 164 164 66 66 165 165 65 65 166 166 64 64 167 167 67 67 168 168 65 65 169 169 66 66 170 170 51 51 171 171 68 68 172 172 49 49 173 173 69 69 174 174 68 68 175 175 51 51 176 176 53 53 177 177 69 69 178 178 51 51 179 179 70 70 180 180 69 69 181 181 53 53 182 182 55 55 183 183 70 70 184 184 53 53 185 185 71 71 186 186 70 70 187 187 55 55 188 188 57 57 189 189 71 71 190 190 55 55 191 191 72 72 192 192 71 71 193 193 57 57 194 194 75 73 195 195 74 74 196 196 73 75 197 197 76 76 198 198 74 74 199 199 75 73 200 200 77 77 201 201 76 76 202 202 75 73 203 203 78 78 204 204 76 76 205 205 77 77 206 206 79 79 207 207 78 78 208 208 77 77 209 209 80 80 210 210 78 78 211 211 79 79 212 212 81 81 213 213 80 80 214 214 79 79 215 215 82 82 216 216 80 80 217 217 81 81 218 218 69 69 219 219 83 83 220 220 68 68 221 221 84 84 222 222 83 83 223 223 69 69 224 224 70 70 225 225 84 84 226 226 69 69 227 227 85 85 228 228 84 84 229 229 70 70 230 230 71 71 231 231 85 85 232 232 70 70 233 233 86 86 234 234 85 85 235 235 71 71 236 236 72 72 237 237 86 86 238 238 71 71 239 239 87 87 240 240 86 86 241 241 72 72 242 242 90 88 243 243 89 89 244 244 88 90 245 245 91 91 246 246 89 89 247 247 90 88 248 248 92 92 249 249 91 91 250 250 90 88 251 251 93 93 252 252 91 91 253 253 92 92 254 254 94 94 255 255 93 93 256 256 92 92 257 257 95 95 258 258 93 93 259 259 94 94 260 260 96 96 261 261 95 95 262 262 94 94 263 263 97 97 264 264 95 95 265 265 96 96 266 266 100 98 267 267 99 99 268 268 98 100 269 269 101 101 270 270 99 99 271 271 100 98 272 272 102 102 273 273 101 101 274 274 100 98 275 275 103 103 276 276 101 101 277 277 102 102 278 278 104 104 279 279 103 103 280 280 102 102 281 281 105 105 282 282 103 103 283 283 104 104 284 284 106 106 285 285 105 105 286 286 104 104 287 287 107 107 288 288 105 105 289 289 106 106 290 290 110 108 291 291 109 109 292 292 108 110 293 293 111 111 294 294 109 109 295 295 110 108 296 296 112 112 297 297 111 111 298 298 110 108 299 299 113 113 300 300 111 111 301 301 112 112 302 302 114 114 303 303 113 113 304 304 112 112 305 305 115 115 306 306 113 113 307 307 114 114 308 308 108 110 309 309 115 115 310 310 114 114 311 311 109 109 312 312 115 115 313 313 108 110 314 314 118 116 315 315 117 117 316 316 116 118 317 317 119 119 318 318 117 117 319 319 118 116 320 320 120 120 321 321 119 119 322 322 118 116 323 323 121 121 324 324 119 119 325 325 120 120 326 326 122 122 327 327 121 121 328 328 120 120 329 329 123 123 330 330 121 121 331 331 122 122 332 332 124 124 333 333 123 123 334 334 122 122 335 335 125 125 336 336 123 123 337 337 124 124 338 338 64 64 339 339 126 126 340 340 66 66 341 341 127 127 342 342 126 126 343 343 64 64 344 344 62 62 345 345 127 127 346 346 64 64 347 347 128 128 348 348 127 127 349 349 62 62 350 350 60 58 351 351 128 128 352 352 62 62 353 353 129 129 354 354 128 128 355 355 60 58 356 356 58 60 357 357 129 129 358 358 60 58 359 359 130 130 360 360 129 129 361 361 58 60 362 362 76 76 363 363 131 131 364 364 74 74 365 365 132 132 366 366 131 131 367 367 76 76 368 368 78 78 369 369 132 132 370 370 76 76 371 371 133 133 372 372 132 132 373 373 78 78 374 374 80 80 375 375 133 133 376 376 78 78 377 377 134 134 378 378 133 133 379 379 80 80 380 380 82 82 381 381 134 134 382 382 80 80 383 383 135 135 384 384 134 134 385 385 82 82 386 386 101 101 387 387 136 136 388 388 99 99 389 389 137 137 390 390 136 136 391 391 101 101 392 392 103 103 393 393 137 137 394 394 101 101 395 395 138 138 396 396 137 137 397 397 103 103 398 398 105 105 399 399 138 138 400 400 103 103 401 401 139 139 402 402 138 138 403 403 105 105 404 404 107 107 405 405 139 139 406 406 105 105 407 407 140 140 408 408 139 139 409 409 107 107 410 410 143 141 411 411 142 142 412 412 141 143 413 413 144 144 414 414 142 142 415 415 143 141 416 416 145 145 417 417 144 144 418 418 143 141 419 419 146 146 420 420 144 144 421 421 145 145 422 422 147 147 423 423 146 146 424 424 145 145 425 425 148 148 426 426 146 146 427 427 147 147 428 428 149 149 429 429 148 148 430 430 147 147 431 431 150 150 432 432 148 148 433 433 149 149 434 434 153 151 435 435 152 152 436 436 151 153 437 437 154 154 438 438 152 152 439 439 153 151 440 440 135 155 441 441 154 154 442 442 153 151 443 443 155 156 444 444 154 154 445 445 135 155 446 446 156 157 447 447 155 156 448 448 135 155 449 449 157 158 450 450 155 156 451 451 156 157 452 452 158 159 453 453 157 158 454 454 156 157 455 455 159 160 456 456 157 158 457 457 158 159 458 458 162 161 459 459 161 162 460 460 160 163 461 461 163 164 462 462 161 162 463 463 162 161 464 464 164 165 465 465 163 164 466 466 162 161 467 467 165 166 468 468 163 164 469 469 164 165 470 470 166 167 471 471 165 166 472 472 164 165 473 473 167 168 474 474 165 166 475 475 166 167 476 476 160 163 477 477 167 168 478 478 166 167 479 479 161 162 480 480 167 168 481 481 160 163 482 482 154 154 483 483 168 169 484 484 152 152 485 485 169 170 486 486 168 169 487 487 154 154 488 488 155 156 489 489 169 170 490 490 154 154 491 491 170 171 492 492 169 170 493 493 155 156 494 494 157 158 495 495 170 171 496 496 155 156 497 497 171 172 498 498 170 171 499 499 157 158 500 500 159 160 501 501 171 172 502 502 157 158 503 503 172 173 504 504 171 172 505 505 159 160 506 506 137 137 507 507 173 174 508 508 136 136 509 509 174 175 510 510 173 174 511 511 137 137 512 512 138 138 513 513 174 175 514 514 137 137 515 515 175 176 516 516 174 175 517 517 138 138 518 518 139 139 519 519 175 176 520 520 138 138 521 521 176 177 522 522 175 176 523 523 139 139 524 524 140 140 525 525 176 177 526 526 139 139 527 527 177 178 528 528 176 177 529 529 140 140 530 530 180 179 531 531 179 180 532 532 178 181 533 533 181 182 534 534 179 180 535 535 180 179 536 536 182 183 537 537 181 182 538 538 180 179 539 539 183 184 540 540 181 182 541 541 182 183 542 542 184 185 543 543 183 184 544 544 182 183 545 545 185 186 546 546 183 184 547 547 184 185 548 548 178 181 549 549 185 186 550 550 184 185 551 551 179 180 552 552 185 186 553 553 178 181 554 554 84 84 555 555 48 50 556 556 83 83 557 557 50 48 558 558 48 50 559 559 84 84 560 560 85 85 561 561 50 48 562 562 84 84 563 563 52 52 564 564 50 48 565 565 85 85 566 566 86 86 567 567 52 52 568 568 85 85 569 569 54 54 570 570 52 52 571 571 86 86 572 572 87 87 573 573 54 54 574 574 86 86 575 575 56 56 576 576 54 54 577 577 87 87 578 578 174 175 579 579 98 100 580 580 173 174 581 581 100 98 582 582 98 100 583 583 174 175 584 584 175 176 585 585 100 98 586 586 174 175 587 587 102 102 588 588 100 98 589 589 175 176 590 590 176 177 591 591 102 102 592 592 175 176 593 593 104 104 594 594 102 102 595 595 176 177 596 596 177 178 597 597 104 104 598 598 176 177 599 599 106 106 600 600 104 104 601 601 177 178 602 602 22 22 603 603 186 187 604 604 24 24 605 605 187 188 606 606 186 187 607 607 22 22 608 608 20 20 609 609 187 188 610 610 22 22 611 611 188 189 612 612 187 188 613 613 20 20 614 614 18 18 615 615 188 189 616 616 20 20 617 617 189 190 618 618 188 189 619 619 18 18 620 620 16 14 621 621 189 190 622 622 18 18 623 623 192 191 624 624 191 192 625 625 190 193 626 626 193 194 627 627 191 192 628 628 192 191 629 629 194 195 630 630 193 194 631 631 192 191 632 632 195 196 633 633 193 194 634 634 194 195 635 635 196 197 636 636 195 196 637 637 194 195 638 638 197 198 639 639 195 196 640 640 196 197 641 641 198 199 642 642 197 200 643 643 196 197 644 644 30 30 645 645 118 116 646 646 28 28 647 647 199 201 648 648 118 116 649 649 30 30 650 650 32 32 651 651 199 201 652 652 30 30 653 653 122 122 654 654 199 201 655 655 32 32 656 656 34 34 657 657 122 122 658 658 32 32 659 659 124 124 660 660 122 122 661 661 34 34 662 662 36 36 663 663 124 124 664 664 34 34 665 665 202 202 666 666 201 203 667 667 200 204 668 668 203 205 669 669 201 203 670 670 202 202 671 671 204 206 672 672 203 205 673 673 202 202 674 674 205 207 675 675 203 205 676 676 204 206 677 677 206 208 678 678 205 207 679 679 204 206 680 680 207 209 681 681 205 207 682 682 206 208 683 683 208 210 684 684 207 209 685 685 206 208 686 686 211 211 687 687 210 212 688 688 209 213 689 689 212 214 690 690 210 212 691 691 211 211 692 692 213 215 693 693 212 214 694 694 211 211 695 695 214 216 696 696 212 214 697 697 213 215 698 698 215 217 699 699 214 216 700 700 213 215 701 701 216 218 702 702 214 216 703 703 215 217 704 704 217 219 705 705 216 218 706 706 215 217 707 707 220 220 708 708 219 221 709 709 218 222 710 710 149 223 711 711 219 221 712 712 220 220 713 713 221 224 714 714 149 223 715 715 220 220 716 716 150 225 717 717 149 223 718 718 221 224 719 719 222 226 720 720 150 225 721 721 221 224 722 722 223 227 723 723 150 225 724 724 222 226 725 725 224 228 726 726 223 227 727 727 222 226 728 728 227 229 729 729 226 230 730 730 225 231 731 731 37 37 732 732 226 230 733 733 227 229 734 734 228 232 735 735 37 37 736 736 227 229 737 737 36 36 738 738 37 37 739 739 228 232 740 740 125 125 741 741 36 36 742 742 228 232 743 743 124 124 744 744 36 36 745 745 125 125 746 746 67 67 747 747 230 233 748 748 229 234 749 749 231 235 750 750 230 233 751 751 67 67 752 752 66 66 753 753 231 235 754 754 67 67 755 755 232 236 756 756 231 235 757 757 66 66 758 758 126 126 759 759 232 236 760 760 66 66 761 761 233 237 762 762 232 236 763 763 126 126 764 764 236 238 765 765 235 239 766 766 234 240 767 767 237 241 768 768 235 239 769 769 236 238 770 770 172 242 771 771 237 241 772 772 236 238 773 773 238 243 774 774 237 241 775 775 172 242 776 776 239 244 777 777 238 243 778 778 172 242 779 779 240 245 780 780 238 243 781 781 239 244 782 782 242 246 783 783 131 131 784 784 241 247 785 785 74 74 786 786 131 131 787 787 242 246 788 788 243 248 789 789 74 74 790 790 242 246 791 791 73 75 792 792 74 74 793 793 243 248 794 794 244 249 795 795 73 75 796 796 243 248 797 797 245 250 798 798 73 75 799 799 244 249 800 800 248 251 801 801 247 252 802 802 246 253 803 803 249 254 804 804 247 252 805 805 248 251 806 806 250 255 807 807 249 254 808 808 248 251 809 809 251 256 810 810 249 254 811 811 250 255 812 812 246 253 813 813 251 256 814 814 250 255 815 815 247 252 816 816 251 256 817 817 246 253 818 818 254 257 819 819 253 258 820 820 252 259 821 821 255 260 822 822 253 258 823 823 254 257 824 824 256 261 825 825 255 260 826 826 254 257 827 827 257 262 828 828 255 260 829 829 256 261 830 830 252 259 831 831 257 262 832 832 256 261 833 833 253 258 834 834 257 262 835 835 252 259 836 836 79 79 837 837 258 263 838 838 81 81 839 839 259 264 840 840 258 263 841 841 79 79 842 842 77 77 843 843 259 264 844 844 79 79 845 845 260 265 846 846 259 264 847 847 77 77 848 848 75 73 849 849 260 265 850 850 77 77 851 851 73 75 852 852 260 265 853 853 75 73 854 854 263 266 855 855 262 267 856 856 261 268 857 857 264 269 858 858 262 267 859 859 263 266 860 860 265 270 861 861 264 269 862 862 263 266 863 863 266 271 864 864 264 269 865 865 265 270 866 866 25 272 867 867 266 271 868 868 265 270 869 869 26 273 870 870 266 271 871 871 25 272 872 872 193 274 873 873 15 15 874 874 191 275 875 875 267 276 876 876 15 15 877 877 193 274 878 878 268 277 879 879 267 276 880 880 193 274 881 881 269 278 882 882 267 276 883 883 268 277 884 884 270 279 885 885 269 278 886 886 268 277 887 887 271 280 888 888 269 278 889 889 270 279 890 890 58 281 891 891 272 282 892 892 130 283 893 893 273 284 894 894 272 285 895 895 58 286 896 896 59 287 897 897 273 288 898 898 58 289 899 899 274 290 900 900 273 291 901 901 59 292 902 902 275 293 903 903 274 294 904 904 59 295 905 905 271 296 906 906 274 297 907 907 275 298 908 908 267 276 909 909 14 16 910 910 15 15 911 911 276 299 912 912 14 16 913 913 267 276 914 914 277 300 915 915 276 299 916 916 267 276 917 917 278 301 918 918 276 299 919 919 277 300 920 920 279 302 921 921 278 301 922 922 277 300 923 923 238 303 924 924 278 301 925 925 279 302 926 926 61 61 927 927 280 304 928 928 59 59 929 929 281 305 930 930 280 304 931 931 61 61 932 932 63 63 933 933 281 305 934 934 61 61 935 935 282 306 936 936 281 305 937 937 63 63 938 938 65 65 939 939 282 306 940 940 63 63 941 941 67 67 942 942 282 306 943 943 65 65 944 944 285 307 945 945 284 308 946 946 283 309 947 947 286 310 948 948 284 308 949 949 285 307 950 950 287 311 951 951 286 310 952 952 285 307 953 953 288 312 954 954 286 310 955 955 287 311 956 956 289 313 957 957 288 312 958 958 287 311 959 959 290 314 960 960 288 312 961 961 289 313 962 962 24 24 963 963 291 315 964 964 26 26 965 965 224 316 966 966 291 315 967 967 24 24 968 968 186 187 969 969 224 316 970 970 24 24 971 971 223 317 972 972 224 316 973 973 186 187 974 974 292 318 975 975 223 317 976 976 186 187 977 977 187 188 978 978 293 319 979 979 186 187 980 980 294 320 981 981 293 319 982 982 187 188 983 983 188 189 984 984 294 320 985 985 187 188 986 986 295 321 987 987 294 320 988 988 188 189 989 989 189 190 990 990 295 321 991 991 188 189 992 992 298 322 993 993 297 323 994 994 296 324 995 995 299 325 996 996 297 323 997 997 298 322 998 998 300 326 999 999 299 325 1000 1000 298 322 1001 1001 301 327 1002 1002 299 325 1003 1003 300 326 1004 1004 302 328 1005 1005 301 327 1006 1006 300 326 1007 1007 304 329 1008 1008 303 330 1009 1009 237 331 1010 1010 305 332 1011 1011 303 330 1012 1012 304 329 1013 1013 306 333 1014 1014 305 332 1015 1015 304 329 1016 1016 307 334 1017 1017 305 332 1018 1018 306 333 1019 1019 308 335 1020 1020 307 334 1021 1021 306 333 1022 1022 283 309 1023 1023 213 215 1024 1024 211 211 1025 1025 215 217 1026 1026 213 215 1027 1027 283 309 1028 1028 284 308 1029 1029 215 217 1030 1030 283 309 1031 1031 217 219 1032 1032 215 217 1033 1033 284 308 1034 1034 309 336 1035 1035 217 219 1036 1036 284 308 1037 1037 312 337 1038 1038 311 338 1039 1039 310 339 1040 1040 313 340 1041 1041 311 338 1042 1042 312 337 1043 1043 314 341 1044 1044 313 340 1045 1045 312 337 1046 1046 310 339 1047 1047 313 340 1048 1048 314 341 1049 1049 312 337 1050 1050 310 339 1051 1051 314 341 1052 1052 315 342 1053 1053 148 148 1054 1054 150 150 1055 1055 316 343 1056 1056 148 148 1057 1057 315 342 1058 1058 317 344 1059 1059 316 343 1060 1060 315 342 1061 1061 318 345 1062 1062 316 343 1063 1063 317 344 1064 1064 239 346 1065 1065 318 345 1066 1066 317 344 1067 1067 276 347 1068 1068 319 348 1069 1069 14 349 1070 1070 300 326 1071 1071 319 348 1072 1072 276 347 1073 1073 278 350 1074 1074 300 326 1075 1075 276 347 1076 1076 302 328 1077 1077 300 326 1078 1078 278 350 1079 1079 238 351 1080 1080 302 328 1081 1081 278 350 1082 1082 201 203 1083 1083 320 352 1084 1084 200 204 1085 1085 321 353 1086 1086 320 352 1087 1087 201 203 1088 1088 207 209 1089 1089 321 353 1090 1090 201 203 1091 1091 320 352 1092 1092 321 353 1093 1093 207 209 1094 1094 208 210 1095 1095 320 352 1096 1096 207 209 1097 1097 322 354 1098 1098 9 9 1099 1099 11 11 1100 1100 7 7 1101 1101 9 9 1102 1102 322 354 1103 1103 323 355 1104 1104 7 7 1105 1105 322 354 1106 1106 5 5 1107 1107 7 7 1108 1108 323 355 1109 1109 324 356 1110 1110 5 5 1111 1111 323 355 1112 1112 169 170 1113 1113 303 330 1114 1114 168 169 1115 1115 325 357 1116 1116 303 330 1117 1117 169 170 1118 1118 170 171 1119 1119 325 357 1120 1120 169 170 1121 1121 326 358 1122 1122 325 357 1123 1123 170 171 1124 1124 171 172 1125 1125 326 358 1126 1126 170 171 1127 1127 281 305 1128 1128 308 359 1129 1129 280 304 1130 1130 327 360 1131 1131 308 359 1132 1132 281 305 1133 1133 282 306 1134 1134 327 360 1135 1135 281 305 1136 1136 328 361 1137 1137 327 360 1138 1138 282 306 1139 1139 229 234 1140 1140 328 361 1141 1141 282 306 1142 1142 331 362 1143 1143 330 363 1144 1144 329 364 1145 1145 332 365 1146 1146 330 363 1147 1147 331 362 1148 1148 333 366 1149 1149 332 365 1150 1150 331 362 1151 1151 329 364 1152 1152 332 365 1153 1153 333 366 1154 1154 331 362 1155 1155 329 364 1156 1156 333 366 1157 1157 335 367 1158 1158 198 368 1159 1159 334 369 1160 1160 336 370 1161 1161 198 368 1162 1162 335 367 1163 1163 337 371 1164 1164 336 370 1165 1165 335 367 1166 1166 338 372 1167 1167 336 370 1168 1168 337 371 1169 1169 339 373 1170 1170 338 372 1171 1171 337 371 1172 1172 340 374 1173 1173 93 93 1174 1174 95 95 1175 1175 341 375 1176 1176 93 93 1177 1177 340 374 1178 1178 342 376 1179 1179 341 375 1180 1180 340 374 1181 1181 94 94 1182 1182 97 377 1183 1183 96 96 1184 1184 344 378 1185 1185 97 377 1186 1186 94 94 1187 1187 345 379 1188 1188 344 378 1189 1189 94 94 1190 1190 346 380 1191 1191 344 378 1192 1192 345 379 1193 1193 343 381 1194 1194 346 380 1195 1195 345 379 1196 1196 17 17 1197 1197 191 275 1198 1198 15 15 1199 1199 190 382 1200 1200 191 275 1201 1201 17 17 1202 1202 347 383 1203 1203 190 382 1204 1204 17 17 1205 1205 334 384 1206 1206 190 382 1207 1207 347 383 1208 1208 339 385 1209 1209 334 384 1210 1210 347 383 1211 1211 236 386 1212 1212 171 172 1213 1213 172 173 1214 1214 326 358 1215 1215 171 172 1216 1216 236 386 1217 1217 234 387 1218 1218 326 358 1219 1219 236 386 1220 1220 235 388 1221 1221 326 358 1222 1222 234 387 1223 1223 350 389 1224 1224 349 390 1225 1225 348 391 1226 1226 351 392 1227 1227 349 390 1228 1228 350 389 1229 1229 352 393 1230 1230 351 392 1231 1231 350 389 1232 1232 353 394 1233 1233 351 392 1234 1234 352 393 1235 1235 2 0 1236 1236 6 6 1237 1237 4 4 1238 1238 354 395 1239 1239 6 6 1240 1240 2 0 1241 1241 355 396 1242 1242 354 395 1243 1243 2 0 1244 1244 356 397 1245 1245 354 395 1246 1246 355 396 1247 1247 359 398 1248 1248 358 399 1249 1249 357 400 1250 1250 360 401 1251 1251 358 399 1252 1252 359 398 1253 1253 217 219 1254 1254 360 401 1255 1255 359 398 1256 1256 309 336 1257 1257 360 401 1258 1258 217 219 1259 1259 363 402 1260 1260 362 403 1261 1261 361 404 1262 1262 358 399 1263 1263 362 403 1264 1264 363 402 1265 1265 364 405 1266 1266 358 399 1267 1267 363 402 1268 1268 357 400 1269 1269 358 399 1270 1270 364 405 1271 1271 354 395 1272 1272 8 8 1273 1273 6 6 1274 1274 365 406 1275 1275 8 8 1276 1276 354 395 1277 1277 356 397 1278 1278 365 406 1279 1279 354 395 1280 1280 366 407 1281 1281 365 406 1282 1282 356 397 1283 1283 351 392 1284 1284 367 408 1285 1285 349 390 1286 1286 368 409 1287 1287 367 408 1288 1288 351 392 1289 1289 353 394 1290 1290 368 409 1291 1291 351 392 1292 1292 369 410 1293 1293 368 409 1294 1294 353 394 1295 1295 371 411 1296 1296 144 144 1297 1297 370 412 1298 1298 258 413 1299 1299 144 144 1300 1300 371 411 1301 1301 372 414 1302 1302 258 413 1303 1303 371 411 1304 1304 81 415 1305 1305 258 413 1306 1306 372 414 1307 1307 373 416 1308 1308 231 235 1309 1309 232 236 1310 1310 230 233 1311 1311 231 235 1312 1312 373 416 1313 1313 374 417 1314 1314 230 233 1315 1315 373 416 1316 1316 245 250 1317 1317 230 233 1318 1318 374 417 1319 1319 307 418 1320 1320 375 419 1321 1321 151 420 1322 1322 376 421 1323 1323 375 419 1324 1324 307 418 1325 1325 308 359 1326 1326 376 421 1327 1327 307 418 1328 1328 327 360 1329 1329 376 421 1330 1330 308 359 1331 1331 376 421 1332 1332 377 422 1333 1333 375 419 1334 1334 378 423 1335 1335 377 422 1336 1336 376 421 1337 1337 327 360 1338 1338 378 423 1339 1339 376 421 1340 1340 328 361 1341 1341 378 423 1342 1342 327 360 1343 1343 159 160 1344 1344 370 412 1345 1345 172 173 1346 1346 371 411 1347 1347 370 412 1348 1348 159 160 1349 1349 158 159 1350 1350 371 411 1351 1351 159 160 1352 1352 372 414 1353 1353 371 411 1354 1354 158 159 1355 1355 381 424 1356 1356 380 425 1357 1357 379 426 1358 1358 382 427 1359 1359 380 425 1360 1360 381 424 1361 1361 379 426 1362 1362 382 427 1363 1363 381 424 1364 1364 383 428 1365 1365 382 427 1366 1366 379 426 1367 1367 305 332 1368 1368 168 169 1369 1369 303 330 1370 1370 152 152 1371 1371 168 169 1372 1372 305 332 1373 1373 307 334 1374 1374 152 152 1375 1375 305 332 1376 1376 151 153 1377 1377 152 152 1378 1378 307 334 1379 1379 280 429 1380 1380 275 430 1381 1381 59 431 1382 1382 271 280 1383 1383 275 430 1384 1384 280 429 1385 1385 308 335 1386 1386 271 280 1387 1387 280 429 1388 1388 306 333 1389 1389 271 280 1390 1390 308 335 1391 1391 385 432 1392 1392 260 265 1393 1393 384 433 1394 1394 259 264 1395 1395 260 265 1396 1396 385 432 1397 1397 142 434 1398 1398 259 264 1399 1399 385 432 1400 1400 258 263 1401 1401 259 264 1402 1402 142 434 1403 1403 141 435 1404 1404 386 436 1405 1405 273 437 1406 1406 387 438 1407 1407 386 436 1408 1408 141 435 1409 1409 142 434 1410 1410 387 438 1411 1411 141 435 1412 1412 385 432 1413 1413 387 438 1414 1414 142 434 1415 1415 388 439 1416 1416 357 400 1417 1417 364 405 1418 1418 389 440 1419 1419 357 400 1420 1420 388 439 1421 1421 390 441 1422 1422 389 440 1423 1423 388 439 1424 1424 216 218 1425 1425 389 440 1426 1426 390 441 1427 1427 292 318 1428 1428 150 150 1429 1429 223 317 1430 1430 315 342 1431 1431 150 150 1432 1432 292 318 1433 1433 296 442 1434 1434 315 342 1435 1435 292 318 1436 1436 297 443 1437 1437 315 342 1438 1438 296 442 1439 1439 393 444 1440 1440 392 445 1441 1441 391 446 1442 1442 394 447 1443 1443 392 445 1444 1444 393 444 1445 1445 395 448 1446 1446 394 447 1447 1447 393 444 1448 1448 396 449 1449 1449 394 447 1450 1450 395 448 1451 1451 397 450 1452 1452 341 375 1453 1453 342 376 1454 1454 398 451 1455 1455 341 375 1456 1456 397 450 1457 1457 90 88 1458 1458 398 451 1459 1459 397 450 1460 1460 88 90 1461 1461 398 451 1462 1462 90 88 1463 1463 368 409 1464 1464 399 452 1465 1465 367 408 1466 1466 400 453 1467 1467 399 452 1468 1468 368 409 1469 1469 369 410 1470 1470 400 453 1471 1471 368 409 1472 1472 401 454 1473 1473 400 453 1474 1474 369 410 1475 1475 344 455 1476 1476 95 95 1477 1477 97 97 1478 1478 340 374 1479 1479 95 95 1480 1480 344 455 1481 1481 346 456 1482 1482 340 374 1483 1483 344 455 1484 1484 343 457 1485 1485 340 374 1486 1486 346 456 1487 1487 295 458 1488 1488 298 322 1489 1489 294 459 1490 1490 319 348 1491 1491 298 322 1492 1492 295 458 1493 1493 189 460 1494 1494 319 348 1495 1495 295 458 1496 1496 16 461 1497 1497 319 348 1498 1498 189 460 1499 1499 387 438 1500 1500 402 462 1501 1501 386 436 1502 1502 403 463 1503 1503 402 462 1504 1504 387 438 1505 1505 385 432 1506 1506 403 463 1507 1507 387 438 1508 1508 384 433 1509 1509 403 463 1510 1510 385 432 1511 1511 123 123 1512 1512 404 464 1513 1513 121 121 1514 1514 405 465 1515 1515 404 464 1516 1516 123 123 1517 1517 125 125 1518 1518 405 465 1519 1519 123 123 1520 1520 228 232 1521 1521 405 465 1522 1522 125 125 1523 1523 400 453 1524 1524 391 446 1525 1525 399 452 1526 1526 393 444 1527 1527 391 446 1528 1528 400 453 1529 1529 401 454 1530 1530 393 444 1531 1531 400 453 1532 1532 395 448 1533 1533 393 444 1534 1534 401 454 1535 1535 383 428 1536 1536 330 363 1537 1537 332 365 1538 1538 313 340 1539 1539 330 363 1540 1540 383 428 1541 1541 379 426 1542 1542 313 340 1543 1543 383 428 1544 1544 311 338 1545 1545 313 340 1546 1546 379 426 1547 1547 394 447 1548 1548 406 466 1549 1549 392 445 1550 1550 407 467 1551 1551 406 466 1552 1552 394 447 1553 1553 396 449 1554 1554 407 467 1555 1555 394 447 1556 1556 408 468 1557 1557 407 467 1558 1558 396 449 1559 1559 409 469 1560 1560 262 470 1561 1561 338 471 1562 1562 261 472 1563 1563 262 470 1564 1564 409 469 1565 1565 21 21 1566 1566 261 472 1567 1567 409 469 1568 1568 23 23 1569 1569 261 472 1570 1570 21 21 1571 1571 245 250 1572 1572 229 234 1573 1573 230 233 1574 1574 410 473 1575 1575 229 234 1576 1576 245 250 1577 1577 244 249 1578 1578 410 473 1579 1579 245 250 1580 1580 243 248 1581 1581 410 473 1582 1582 244 249 1583 1583 347 383 1584 1584 338 471 1585 1585 339 385 1586 1586 409 469 1587 1587 338 471 1588 1588 347 383 1589 1589 19 19 1590 1590 409 469 1591 1591 347 383 1592 1592 21 21 1593 1593 409 469 1594 1594 19 19 1595 1595 198 474 1596 1596 411 475 1597 1597 197 476 1598 1598 147 477 1599 1599 411 478 1600 1600 198 479 1601 1601 218 480 1602 1602 147 481 1603 1603 198 482 1604 1604 219 483 1605 1605 147 484 1606 1606 218 485 1607 1607 220 220 1608 1608 222 226 1609 1609 221 224 1610 1610 224 228 1611 1611 222 226 1612 1612 220 220 1613 1613 218 486 1614 1614 224 228 1615 1615 220 220 1616 1616 291 487 1617 1617 224 228 1618 1618 218 486 1619 1619 407 467 1620 1620 348 391 1621 1621 406 466 1622 1622 350 389 1623 1623 348 391 1624 1624 407 467 1625 1625 408 468 1626 1626 350 389 1627 1627 407 467 1628 1628 352 393 1629 1629 350 389 1630 1630 408 468 1631 1631 345 379 1632 1632 342 376 1633 1633 343 381 1634 1634 397 450 1635 1635 342 376 1636 1636 345 379 1637 1637 92 92 1638 1638 397 450 1639 1639 345 379 1640 1640 90 88 1641 1641 397 450 1642 1642 92 92 1643 1643 414 488 1644 1644 413 489 1645 1645 412 490 1646 1646 415 491 1647 1647 413 489 1648 1648 414 488 1649 1649 416 492 1650 1650 415 491 1651 1651 414 488 1652 1652 414 488 1653 1653 417 493 1654 1654 416 492 1655 1655 418 494 1656 1656 417 493 1657 1657 414 488 1658 1658 419 495 1659 1659 418 494 1660 1660 414 488 1661 1661 414 488 1662 1662 420 496 1663 1663 419 495 1664 1664 421 497 1665 1665 420 496 1666 1666 414 488 1667 1667 422 498 1668 1668 421 497 1669 1669 414 488 1670 1670 414 488 1671 1671 423 499 1672 1672 422 498 1673 1673 424 500 1674 1674 423 499 1675 1675 414 488 1676 1676 412 490 1677 1677 424 500 1678 1678 414 488 1679 1679 427 501 1680 1680 426 502 1681 1681 425 503 1682 1682 428 504 1683 1683 426 502 1684 1684 427 501 1685 1685 429 505 1686 1686 428 504 1687 1687 427 501 1688 1688 427 501 1689 1689 430 506 1690 1690 429 505 1691 1691 431 507 1692 1692 430 506 1693 1693 427 501 1694 1694 432 508 1695 1695 431 507 1696 1696 427 501 1697 1697 82 509 1698 1698 156 157 1699 1699 135 155 1700 1700 372 414 1701 1701 156 157 1702 1702 82 509 1703 1703 81 415 1704 1704 372 414 1705 1705 82 509 1706 1706 304 510 1707 1707 279 511 1708 1708 306 512 1709 1709 238 243 1710 1710 279 511 1711 1711 304 510 1712 1712 237 241 1713 1713 238 243 1714 1714 304 510 1715 1715 427 501 1716 1716 433 513 1717 1717 432 508 1718 1718 434 514 1719 1719 433 513 1720 1720 427 501 1721 1721 435 515 1722 1722 434 514 1723 1723 427 501 1724 1724 427 501 1725 1725 436 516 1726 1726 435 515 1727 1727 437 517 1728 1728 436 516 1729 1729 427 501 1730 1730 425 503 1731 1731 437 517 1732 1732 427 501 1733 1733 440 518 1734 1734 439 519 1735 1735 438 520 1736 1736 441 521 1737 1737 439 519 1738 1738 440 518 1739 1739 442 522 1740 1740 441 521 1741 1741 440 518 1742 1742 445 523 1743 1743 444 524 1744 1744 443 525 1745 1745 446 526 1746 1746 444 524 1747 1747 445 523 1748 1748 443 525 1749 1749 446 526 1750 1750 445 523 1751 1751 447 527 1752 1752 46 46 1753 1753 40 38 1754 1754 38 40 1755 1755 46 46 1756 1756 447 527 1757 1757 40 38 1758 1758 38 40 1759 1759 447 527 1760 1760 370 528 1761 1761 239 244 1762 1762 172 242 1763 1763 318 529 1764 1764 239 244 1765 1765 370 528 1766 1766 144 530 1767 1767 318 529 1768 1768 370 528 1769 1769 411 531 1770 1770 195 532 1771 1771 197 533 1772 1772 268 277 1773 1773 195 532 1774 1774 411 531 1775 1775 270 279 1776 1776 268 277 1777 1777 411 531 1778 1778 299 325 1779 1779 317 534 1780 1780 297 323 1781 1781 240 535 1782 1782 317 534 1783 1783 299 325 1784 1784 448 536 1785 1785 240 535 1786 1786 299 325 1787 1787 316 343 1788 1788 146 146 1789 1789 148 148 1790 1790 144 144 1791 1791 146 146 1792 1792 316 343 1793 1793 318 345 1794 1794 144 144 1795 1795 316 343 1796 1796 41 41 1797 1797 38 40 1798 1798 39 39 1799 1799 47 47 1800 1800 38 40 1801 1801 41 41 1802 1802 449 537 1803 1803 47 47 1804 1804 41 41 1805 1805 452 538 1806 1806 451 539 1807 1807 450 540 1808 1808 453 541 1809 1809 451 539 1810 1810 452 538 1811 1811 454 542 1812 1812 453 541 1813 1813 452 538 1814 1814 329 543 1815 1815 310 544 1816 1816 380 545 1817 1817 313 340 1818 1818 310 339 1819 1819 329 364 1820 1820 330 363 1821 1821 313 340 1822 1822 329 364 1823 1823 269 278 1824 1824 277 300 1825 1825 267 276 1826 1826 279 302 1827 1827 277 300 1828 1828 269 278 1829 1829 306 333 1830 1830 279 302 1831 1831 269 278 1832 1832 448 536 1833 1833 302 328 1834 1834 240 535 1835 1835 301 327 1836 1836 302 328 1837 1837 448 536 1838 1838 299 325 1839 1839 301 327 1840 1840 448 536 1841 1841 28 28 1842 1842 455 546 1843 1843 27 29 1844 1844 116 118 1845 1845 455 546 1846 1846 28 28 1847 1847 118 116 1848 1848 116 118 1849 1849 28 28 1850 1850 452 538 1851 1851 457 547 1852 1852 456 548 1853 1853 458 549 1854 1854 457 547 1855 1855 452 538 1856 1856 450 540 1857 1857 458 549 1858 1858 452 538 1859 1859 461 550 1860 1860 460 551 1861 1861 459 552 1862 1862 462 553 1863 1863 460 551 1864 1864 461 550 1865 1865 463 554 1866 1866 462 553 1867 1867 461 550 1868 1868 461 550 1869 1869 464 555 1870 1870 463 554 1871 1871 465 556 1872 1872 464 555 1873 1873 461 550 1874 1874 466 557 1875 1875 465 556 1876 1876 461 550 1877 1877 469 558 1878 1878 468 559 1879 1879 467 560 1880 1880 470 561 1881 1881 468 559 1882 1882 469 558 1883 1883 471 562 1884 1884 470 561 1885 1885 469 558 1886 1886 469 558 1887 1887 472 563 1888 1888 471 562 1889 1889 473 564 1890 1890 472 563 1891 1891 469 558 1892 1892 474 565 1893 1893 473 564 1894 1894 469 558 1895 1895 477 566 1896 1896 476 567 1897 1897 475 568 1898 1898 478 569 1899 1899 476 567 1900 1900 477 566 1901 1901 479 570 1902 1902 478 569 1903 1903 477 566 1904 1904 477 566 1905 1905 480 571 1906 1906 479 570 1907 1907 481 572 1908 1908 480 571 1909 1909 477 566 1910 1910 482 573 1911 1911 481 572 1912 1912 477 566 1913 1913 485 574 1914 1914 484 575 1915 1915 483 576 1916 1916 486 577 1917 1917 484 575 1918 1918 485 574 1919 1919 487 578 1920 1920 486 577 1921 1921 485 574 1922 1922 485 574 1923 1923 488 579 1924 1924 487 578 1925 1925 489 580 1926 1926 488 579 1927 1927 485 574 1928 1928 490 581 1929 1929 489 580 1930 1930 485 574 1931 1931 493 582 1932 1932 492 583 1933 1933 491 584 1934 1934 494 585 1935 1935 492 583 1936 1936 493 582 1937 1937 495 586 1938 1938 494 585 1939 1939 493 582 1940 1940 493 582 1941 1941 496 587 1942 1942 495 586 1943 1943 497 588 1944 1944 496 587 1945 1945 493 582 1946 1946 498 589 1947 1947 497 588 1948 1948 493 582 1949 1949 501 590 1950 1950 500 591 1951 1951 499 592 1952 1952 502 593 1953 1953 500 591 1954 1954 501 590 1955 1955 503 594 1956 1956 502 593 1957 1957 501 590 1958 1958 501 590 1959 1959 504 595 1960 1960 503 594 1961 1961 505 596 1962 1962 504 595 1963 1963 501 590 1964 1964 506 597 1965 1965 505 596 1966 1966 501 590 1967 1967 398 451 1968 1968 93 93 1969 1969 341 375 1970 1970 507 598 1971 1971 93 93 1972 1972 398 451 1973 1973 508 599 1974 1974 507 598 1975 1975 398 451 1976 1976 511 600 1977 1977 510 601 1978 1978 509 602 1979 1979 512 603 1980 1980 510 601 1981 1981 511 600 1982 1982 513 604 1983 1983 512 603 1984 1984 511 600 1985 1985 516 605 1986 1986 515 606 1987 1987 514 607 1988 1988 517 608 1989 1989 515 606 1990 1990 516 605 1991 1991 518 609 1992 1992 517 608 1993 1993 516 605 1994 1994 521 610 1995 1995 520 611 1996 1996 519 612 1997 1997 522 613 1998 1998 520 611 1999 1999 521 610 2000 2000 523 614 2001 2001 522 613 2002 2002 521 610 2003 2003 526 615 2004 2004 525 616 2005 2005 524 617 2006 2006 527 618 2007 2007 525 616 2008 2008 526 615 2009 2009 528 619 2010 2010 527 618 2011 2011 526 615 2012 2012 531 620 2013 2013 530 621 2014 2014 529 622 2015 2015 532 623 2016 2016 530 621 2017 2017 531 620 2018 2018 533 624 2019 2019 532 623 2020 2020 531 620 2021 2021 536 625 2022 2022 535 626 2023 2023 534 627 2024 2024 537 628 2025 2025 535 626 2026 2026 536 625 2027 2027 538 629 2028 2028 537 628 2029 2029 536 625 2030 2030 541 630 2031 2031 540 631 2032 2032 539 632 2033 2033 542 633 2034 2034 540 631 2035 2035 541 630 2036 2036 543 634 2037 2037 542 633 2038 2038 541 630 2039 2039 546 635 2040 2040 545 636 2041 2041 544 637 2042 2042 547 638 2043 2043 545 636 2044 2044 546 635 2045 2045 548 639 2046 2046 547 638 2047 2047 546 635 2048 2048 551 640 2049 2049 550 641 2050 2050 549 642 2051 2051 552 643 2052 2052 550 641 2053 2053 551 640 2054 2054 553 644 2055 2055 552 643 2056 2056 551 640 2057 2057 263 645 2058 2058 23 23 2059 2059 25 25 2060 2060 261 472 2061 2061 23 23 2062 2062 263 645 2063 2063 292 318 2064 2064 293 319 2065 2065 296 442 2066 2066 186 187 2067 2067 293 319 2068 2068 292 318 2069 2069 374 417 2070 2070 554 646 2071 2071 245 250 2072 2072 373 416 2073 2073 554 646 2074 2074 374 417 2075 2075 233 237 2076 2076 373 416 2077 2077 232 236 2078 2078 554 646 2079 2079 373 416 2080 2080 233 237 2081 2081 410 473 2082 2082 555 647 2083 2083 229 234 2084 2084 556 648 2085 2085 555 647 2086 2086 410 473 2087 2087 556 648 2088 2088 241 247 2089 2089 555 647 2090 2090 242 246 2091 2091 241 247 2092 2092 556 648 2093 2093 241 247 2094 2094 557 649 2095 2095 555 647 2096 2096 558 650 2097 2097 557 649 2098 2098 241 247 2099 2099 233 237 2100 2100 559 651 2101 2101 554 646 2102 2102 560 652 2103 2103 559 651 2104 2104 233 237 2105 2105 361 404 2106 2106 288 312 2107 2107 290 314 2108 2108 362 403 2109 2109 288 312 2110 2110 361 404 2111 2111 362 403 2112 2112 286 310 2113 2113 288 312 2114 2114 309 336 2115 2115 286 310 2116 2116 362 403 2117 2117 390 441 2118 2118 214 216 2119 2119 216 218 2120 2120 561 653 2121 2121 214 216 2122 2122 390 441 2123 2123 218 654 2124 2124 264 269 2125 2125 266 271 2126 2126 198 655 2127 2127 264 269 2128 2128 218 654 2129 2129 291 656 2130 2130 266 271 2131 2131 26 273 2132 2132 218 654 2133 2133 266 271 2134 2134 291 656 2135 2135 485 574 2136 2136 562 657 2137 2137 490 581 2138 2138 483 576 2139 2139 562 657 2140 2140 485 574 2141 2141 352 393 2142 2142 406 466 2143 2143 348 391 2144 2144 408 468 2145 2145 406 466 2146 2146 352 393 2147 2147 147 658 2148 2148 270 659 2149 2149 411 660 2150 2150 145 661 2151 2151 270 662 2152 2152 147 663 2153 2153 493 582 2154 2154 563 664 2155 2155 498 589 2156 2156 491 584 2157 2157 563 664 2158 2158 493 582 2159 2159 145 665 2160 2160 271 666 2161 2161 270 667 2162 2162 143 668 2163 2163 271 669 2164 2164 145 670 2165 2165 564 671 2166 2166 202 202 2167 2167 208 210 2168 2168 204 206 2169 2169 202 202 2170 2170 564 671 2171 2171 501 590 2172 2172 565 672 2173 2173 506 597 2174 2174 499 592 2175 2175 565 672 2176 2176 501 590 2177 2177 556 648 2178 2178 243 248 2179 2179 242 246 2180 2180 410 473 2181 2181 243 248 2182 2182 556 648 2183 2183 245 250 2184 2184 403 463 2185 2185 384 433 2186 2186 554 646 2187 2187 403 463 2188 2188 245 250 2189 2189 566 673 2190 2190 128 128 2191 2191 129 129 2192 2192 567 674 2193 2193 128 128 2194 2194 566 673 2195 2195 272 675 2196 2196 129 129 2197 2197 130 130 2198 2198 566 673 2199 2199 129 129 2200 2200 272 675 2201 2201 127 127 2202 2202 567 674 2203 2203 560 652 2204 2204 128 128 2205 2205 567 674 2206 2206 127 127 2207 2207 126 126 2208 2208 560 652 2209 2209 233 237 2210 2210 127 127 2211 2211 560 652 2212 2212 126 126 2213 2213 369 410 2214 2214 349 390 2215 2215 367 408 2216 2216 353 394 2217 2217 349 390 2218 2218 369 410 2219 2219 560 652 2220 2220 402 462 2221 2221 559 651 2222 2222 567 674 2223 2223 402 462 2224 2224 560 652 2225 2225 0 2 2226 2226 355 396 2227 2227 2 0 2228 2228 324 356 2229 2229 355 396 2230 2230 0 2 2231 2231 13 13 2232 2232 322 354 2233 2233 11 11 2234 2234 366 407 2235 2235 322 354 2236 2236 13 13 2237 2237 386 436 2238 2238 567 674 2239 2239 566 673 2240 2240 402 462 2241 2241 567 674 2242 2242 386 436 2243 2243 356 397 2244 2244 324 356 2245 2245 323 355 2246 2246 355 396 2247 2247 324 356 2248 2248 356 397 2249 2249 401 454 2250 2250 367 408 2251 2251 399 452 2252 2252 369 410 2253 2253 367 408 2254 2254 401 454 2255 2255 395 448 2256 2256 399 452 2257 2257 391 446 2258 2258 401 454 2259 2259 399 452 2260 2260 395 448 2261 2261 396 449 2262 2262 391 446 2263 2263 392 445 2264 2264 395 448 2265 2265 391 446 2266 2266 396 449 2267 2267 408 468 2268 2268 392 445 2269 2269 406 466 2270 2270 396 449 2271 2271 392 445 2272 2272 408 468 2273 2273 320 352 2274 2274 202 202 2275 2275 200 204 2276 2276 208 210 2277 2277 202 202 2278 2278 320 352 2279 2279 196 197 2280 2280 192 191 2281 2281 190 193 2282 2282 194 195 2283 2283 192 191 2284 2284 196 197 2285 2285 198 199 2286 2286 190 193 2287 2287 334 676 2288 2288 196 197 2289 2289 190 193 2290 2290 198 199 2291 2291 226 230 2292 2292 35 35 2293 2293 33 33 2294 2294 37 37 2295 2295 35 35 2296 2296 226 230 2297 2297 332 365 2298 2298 380 425 2299 2299 383 428 2300 2300 329 364 2301 2301 380 425 2302 2302 332 365 2303 2303 403 463 2304 2304 559 651 2305 2305 402 462 2306 2306 554 646 2307 2307 559 651 2308 2308 403 463 2309 2309 452 538 2310 2310 568 677 2311 2311 454 542 2312 2312 456 548 2313 2313 568 677 2314 2314 452 538 2315 2315 379 426 2316 2316 310 339 2317 2317 311 338 2318 2318 380 425 2319 2319 310 339 2320 2320 379 426 2321 2321 353 394 2322 2322 348 391 2323 2323 349 390 2324 2324 352 393 2325 2325 348 391 2326 2326 353 394 2327 2327 461 550 2328 2328 569 678 2329 2329 466 557 2330 2330 459 552 2331 2331 569 678 2332 2332 461 550 2333 2333 163 164 2334 2334 167 168 2335 2335 161 162 2336 2336 165 166 2337 2337 167 168 2338 2338 163 164 2339 2339 160 163 2340 2340 164 165 2341 2341 162 161 2342 2342 166 167 2343 2343 164 165 2344 2344 160 163 2345 2345 469 558 2346 2346 570 679 2347 2347 474 565 2348 2348 467 560 2349 2349 570 679 2350 2350 469 558 2351 2351 13 13 2352 2352 365 406 2353 2353 366 407 2354 2354 12 12 2355 2355 365 406 2356 2356 13 13 2357 2357 571 680 2358 2358 440 518 2359 2359 438 520 2360 2360 572 681 2361 2361 440 518 2362 2362 571 680 2363 2363 573 682 2364 2364 440 518 2365 2365 572 681 2366 2366 574 683 2367 2367 440 518 2368 2368 573 682 2369 2369 575 684 2370 2370 440 518 2371 2371 574 683 2372 2372 576 685 2373 2373 440 518 2374 2374 575 684 2375 2375 577 686 2376 2376 440 518 2377 2377 576 685 2378 2378 578 687 2379 2379 440 518 2380 2380 577 686 2381 2381 365 406 2382 2382 10 10 2383 2383 8 8 2384 2384 12 12 2385 2385 10 10 2386 2386 365 406 2387 2387 245 250 2388 2388 260 265 2389 2389 73 75 2390 2390 384 433 2391 2391 260 265 2392 2392 245 250 2393 2393 557 649 2394 2394 378 423 2395 2395 555 647 2396 2396 377 422 2397 2397 378 423 2398 2398 557 649 2399 2399 229 234 2400 2400 378 423 2401 2401 328 361 2402 2402 555 647 2403 2403 378 423 2404 2404 229 234 2405 2405 366 407 2406 2406 323 355 2407 2407 322 354 2408 2408 356 397 2409 2409 323 355 2410 2410 366 407 2411 2411 339 373 2412 2412 335 367 2413 2413 334 369 2414 2414 337 371 2415 2415 335 367 2416 2416 339 373 2417 2417 262 267 2418 2418 336 370 2419 2419 338 372 2420 2420 264 269 2421 2421 336 370 2422 2422 262 267 2423 2423 579 688 2424 2424 151 420 2425 2425 375 419 2426 2426 153 689 2427 2427 151 420 2428 2428 579 688 2429 2429 580 690 2430 2430 375 419 2431 2431 377 422 2432 2432 579 688 2433 2433 375 419 2434 2434 580 690 2435 2435 134 134 2436 2436 153 689 2437 2437 579 688 2438 2438 135 135 2439 2439 153 689 2440 2440 134 134 2441 2441 133 133 2442 2442 579 688 2443 2443 580 690 2444 2444 134 134 2445 2445 579 688 2446 2446 133 133 2447 2447 132 132 2448 2448 580 690 2449 2449 558 650 2450 2450 133 133 2451 2451 580 690 2452 2452 132 132 2453 2453 131 131 2454 2454 558 650 2455 2455 241 247 2456 2456 132 132 2457 2457 558 650 2458 2458 131 131 2459 2459 362 403 2460 2460 360 401 2461 2461 309 336 2462 2462 358 399 2463 2463 360 401 2464 2464 362 403 2465 2465 293 691 2466 2466 298 322 2467 2467 296 324 2468 2468 294 459 2469 2469 298 322 2470 2470 293 691 2471 2471 274 692 2472 2472 141 143 2473 2473 273 693 2474 2474 143 141 2475 2475 141 143 2476 2476 274 692 2477 2477 203 205 2478 2478 207 209 2479 2479 201 203 2480 2480 205 207 2481 2481 207 209 2482 2482 203 205 2483 2483 564 671 2484 2484 206 208 2485 2485 204 206 2486 2486 208 210 2487 2487 206 208 2488 2488 564 671 2489 2489 235 388 2490 2490 325 357 2491 2491 326 358 2492 2492 237 331 2493 2493 325 357 2494 2494 235 388 2495 2495 558 650 2496 2496 377 422 2497 2497 557 649 2498 2498 580 690 2499 2499 377 422 2500 2500 558 650 2501 2501 273 694 2502 2502 566 673 2503 2503 272 675 2504 2504 386 436 2505 2505 566 673 2506 2506 273 437 2507 2507 404 464 2508 2508 119 119 2509 2509 121 121 2510 2510 581 695 2511 2511 119 119 2512 2512 404 464 2513 2513 120 120 2514 2514 199 201 2515 2515 122 122 2516 2516 118 116 2517 2517 199 201 2518 2518 120 120 2519 2519 42 42 2520 2520 46 46 2521 2521 44 44 2522 2522 40 38 2523 2523 46 46 2524 2524 42 42 2525 2525 45 45 2526 2526 449 537 2527 2527 43 43 2528 2528 47 47 2529 2529 449 537 2530 2530 45 45 2531 2531 477 566 2532 2532 582 696 2533 2533 482 573 2534 2534 475 568 2535 2535 582 696 2536 2536 477 566 2537 2537 212 214 2538 2538 561 653 2539 2539 210 212 2540 2540 214 216 2541 2541 561 653 2542 2542 212 214 2543 2543 179 180 2544 2544 183 184 2545 2545 185 186 2546 2546 181 182 2547 2547 183 184 2548 2548 179 180 2549 2549 178 181 2550 2550 182 183 2551 2551 180 179 2552 2552 184 185 2553 2553 182 183 2554 2554 178 181 2555 2555 217 219 2556 2556 389 440 2557 2557 216 218 2558 2558 359 398 2559 2559 389 440 2560 2560 217 219 2561 2561 109 109 2562 2562 113 113 2563 2563 115 115 2564 2564 111 111 2565 2565 113 113 2566 2566 109 109 2567 2567 108 110 2568 2568 112 112 2569 2569 110 108 2570 2570 114 114 2571 2571 112 112 2572 2572 108 110 2573 2573 17 17 2574 2574 19 19 2575 2575 347 383 2576 2576 156 157 2577 2577 372 414 2578 2578 158 159 2579 2579 359 398 2580 2580 357 400 2581 2581 389 440 2582 2582 561 653 2583 2583 390 441 2584 2584 388 439 2585 2585 286 310 2586 2586 309 336 2587 2587 284 308 2588 2588 117 117 2589 2589 119 119 2590 2590 581 695 2591 2591 581 695 2592 2592 404 464 2593 2593 405 465 2594 2594 144 144 2595 2595 258 413 2596 2596 142 142 2597 2597 282 306 2598 2598 67 67 2599 2599 229 234 2600 2600 237 331 2601 2601 303 330 2602 2602 325 357 2603 2603 193 274 2604 2604 195 532 2605 2605 268 277 2606 2606 147 147 2607 2607 219 697 2608 2608 149 149 2609 2609 319 348 2610 2610 16 461 2611 2611 14 349 2612 2612 317 534 2613 2613 240 535 2614 2614 239 698 2615 2615 43 43 2616 2616 449 537 2617 2617 41 41 2618 2618 240 245 2619 2619 302 699 2620 2620 238 243 2621 2621 25 272 2622 2622 265 270 2623 2623 263 266 2624 2624 315 342 2625 2625 297 443 2626 2626 317 344 2627 2627 298 322 2628 2628 319 348 2629 2629 300 326 2630 2630 271 280 2631 2631 306 333 2632 2632 269 278 2633 2633 271 700 2634 2634 143 701 2635 2635 274 702 2636 2636 342 376 2637 2637 340 374 2638 2638 343 457 2639 2639 92 92 2640 2640 345 379 2641 2641 94 94 2642 2642 88 90 2643 2643 508 599 2644 2644 398 451 2645 2645 507 598 2646 2646 91 91 2647 2647 93 93 2648 2648 511 600 2649 2649 509 602 2650 2650 513 604 2651 2651 516 605 2652 2652 514 607 2653 2653 518 609 2654 2654 521 610 2655 2655 519 612 2656 2656 523 614 2657 2657 526 615 2658 2658 524 617 2659 2659 528 619 2660 2660 531 620 2661 2661 529 622 2662 2662 533 624 2663 2663 536 625 2664 2664 534 627 2665 2665 538 629 2666 2666 541 630 2667 2667 539 632 2668 2668 543 634 2669 2669 546 635 2670 2670 544 637 2671 2671 548 639 2672 2672 551 640 2673 2673 549 642 2674 2674 553 644 2675 2675 578 687 2676 2676 442 522 2677 2677 440 518 2678 2678 382 427 2679 2679 383 428 2680 2680 380 425 2681 2681 198 368 2682 2682 336 370 2683 2683 264 269 2684 2684</p>
        </triangles>
      </mesh>
    </geometry>
  </library_geometries>
  <library_controllers>
    <controller id="Armature_polygon2-skin" name="Armature">
      <skin source="#polygon2-mesh">
        <bind_shape_matrix>1 0 0 0 0 1 -1.42109e-14 0 0 1.42109e-14 1 0 0 0 0 1</bind_shape_matrix>
        <source id="Armature_polygon2-skin-joints">
          <Name_array id="Armature_polygon2-skin-joints-array" count="1">lc_kart_all</Name_array>
          <technique_common>
            <accessor source="#Armature_polygon2-skin-joints-array" count="1" stride="1">
              <param name="JOINT" type="name"/>
            </accessor>
          </technique_common>
        </source>
        <source id="Armature_polygon2-skin-bind_poses">
          <float_array id="Armature_polygon2-skin-bind_poses-array" count="16">100 0 0 0 0 -1.62921e-5 100 0 0 -100 -1.62921e-5 0 0 0 0 1</float_array>
          <technique_common>
            <accessor source="#Armature_polygon2-skin-bind_poses-array" count="1" stride="16">
              <param name="TRANSFORM" type="float4x4"/>
            </accessor>
          </technique_common>
        </source>
        <source id="Armature_polygon2-skin-weights">
          <float_array id="Armature_polygon2-skin-weights-array" count="68">1 1 1 1 1 1 1 1 1 1 1 1 1 1 1 1 1 1 1 1 1 1 1 1 1 1 1 1 1 1 1 1 1 1 1 1 1 1 1 1 1 1 1 1 1 1 1 1 1 1 1 1 1 1 1 1 1 1 1 1 1 1 1 1 1 1 1 1</float_array>
          <technique_common>
            <accessor source="#Armature_polygon2-skin-weights-array" count="68" stride="1">
              <param name="WEIGHT" type="float"/>
            </accessor>
          </technique_common>
        </source>
        <joints>
          <input semantic="JOINT" source="#Armature_polygon2-skin-joints"/>
          <input semantic="INV_BIND_MATRIX" source="#Armature_polygon2-skin-bind_poses"/>
        </joints>
        <vertex_weights count="68">
          <input semantic="JOINT" source="#Armature_polygon2-skin-joints" offset="0"/>
          <input semantic="WEIGHT" source="#Armature_polygon2-skin-weights" offset="1"/>
          <vcount>1 1 1 1 1 1 1 1 1 1 1 1 1 1 1 1 1 1 1 1 1 1 1 1 1 1 1 1 1 1 1 1 1 1 1 1 1 1 1 1 1 1 1 1 1 1 1 1 1 1 1 1 1 1 1 1 1 1 1 1 1 1 1 1 1 1 1 1 </vcount>
          <v>0 0 0 1 0 2 0 3 0 4 0 5 0 6 0 7 0 8 0 9 0 10 0 11 0 12 0 13 0 14 0 15 0 16 0 17 0 18 0 19 0 20 0 21 0 22 0 23 0 24 0 25 0 26 0 27 0 28 0 29 0 30 0 31 0 32 0 33 0 34 0 35 0 36 0 37 0 38 0 39 0 40 0 41 0 42 0 43 0 44 0 45 0 46 0 47 0 48 0 49 0 50 0 51 0 52 0 53 0 54 0 55 0 56 0 57 0 58 0 59 0 60 0 61 0 62 0 63 0 64 0 65 0 66 0 67</v>
        </vertex_weights>
      </skin>
    </controller>
    <controller id="Armature_polygon1-skin" name="Armature">
      <skin source="#polygon1-mesh">
        <bind_shape_matrix>1 0 0 0 0 1 -1.42109e-14 0 0 1.42109e-14 1 0 0 0 0 1</bind_shape_matrix>
        <source id="Armature_polygon1-skin-joints">
          <Name_array id="Armature_polygon1-skin-joints-array" count="1">lc_kart_all</Name_array>
          <technique_common>
            <accessor source="#Armature_polygon1-skin-joints-array" count="1" stride="1">
              <param name="JOINT" type="name"/>
            </accessor>
          </technique_common>
        </source>
        <source id="Armature_polygon1-skin-bind_poses">
          <float_array id="Armature_polygon1-skin-bind_poses-array" count="16">100 0 0 0 0 -1.62921e-5 100 0 0 -100 -1.62921e-5 0 0 0 0 1</float_array>
          <technique_common>
            <accessor source="#Armature_polygon1-skin-bind_poses-array" count="1" stride="16">
              <param name="TRANSFORM" type="float4x4"/>
            </accessor>
          </technique_common>
        </source>
        <source id="Armature_polygon1-skin-weights">
          <float_array id="Armature_polygon1-skin-weights-array" count="232">1 1 1 1 1 1 1 1 1 1 1 1 1 1 1 1 1 1 1 1 1 1 1 1 1 1 1 1 1 1 1 1 1 1 1 1 1 1 1 1 1 1 1 1 1 1 1 1 1 1 1 1 1 1 1 1 1 1 1 1 1 1 1 1 1 1 1 1 1 1 1 1 1 1 1 1 1 1 1 1 1 1 1 1 1 1 1 1 1 1 1 1 1 1 1 1 1 1 1 1 1 1 1 1 1 1 1 1 1 1 1 1 1 1 1 1 1 1 1 1 1 1 1 1 1 1 1 1 1 1 1 1 1 1 1 1 1 1 1 1 1 1 1 1 1 1 1 1 1 1 1 1 1 1 1 1 1 1 1 1 1 1 1 1 1 1 1 1 1 1 1 1 1 1 1 1 1 1 1 1 1 1 1 1 1 1 1 1 1 1 1 1 1 1 1 1 1 1 1 1 1 1 1 1 1 1 1 1 1 1 1 1 1 1 1 1 1 1 1 1 1 1 1 1 1 1 1 1 1 1 1 1</float_array>
          <technique_common>
            <accessor source="#Armature_polygon1-skin-weights-array" count="232" stride="1">
              <param name="WEIGHT" type="float"/>
            </accessor>
          </technique_common>
        </source>
        <joints>
          <input semantic="JOINT" source="#Armature_polygon1-skin-joints"/>
          <input semantic="INV_BIND_MATRIX" source="#Armature_polygon1-skin-bind_poses"/>
        </joints>
        <vertex_weights count="232">
          <input semantic="JOINT" source="#Armature_polygon1-skin-joints" offset="0"/>
          <input semantic="WEIGHT" source="#Armature_polygon1-skin-weights" offset="1"/>
          <vcount>1 1 1 1 1 1 1 1 1 1 1 1 1 1 1 1 1 1 1 1 1 1 1 1 1 1 1 1 1 1 1 1 1 1 1 1 1 1 1 1 1 1 1 1 1 1 1 1 1 1 1 1 1 1 1 1 1 1 1 1 1 1 1 1 1 1 1 1 1 1 1 1 1 1 1 1 1 1 1 1 1 1 1 1 1 1 1 1 1 1 1 1 1 1 1 1 1 1 1 1 1 1 1 1 1 1 1 1 1 1 1 1 1 1 1 1 1 1 1 1 1 1 1 1 1 1 1 1 1 1 1 1 1 1 1 1 1 1 1 1 1 1 1 1 1 1 1 1 1 1 1 1 1 1 1 1 1 1 1 1 1 1 1 1 1 1 1 1 1 1 1 1 1 1 1 1 1 1 1 1 1 1 1 1 1 1 1 1 1 1 1 1 1 1 1 1 1 1 1 1 1 1 1 1 1 1 1 1 1 1 1 1 1 1 1 1 1 1 1 1 1 1 1 1 1 1 1 1 1 1 1 1 </vcount>
          <v>0 0 0 1 0 2 0 3 0 4 0 5 0 6 0 7 0 8 0 9 0 10 0 11 0 12 0 13 0 14 0 15 0 16 0 17 0 18 0 19 0 20 0 21 0 22 0 23 0 24 0 25 0 26 0 27 0 28 0 29 0 30 0 31 0 32 0 33 0 34 0 35 0 36 0 37 0 38 0 39 0 40 0 41 0 42 0 43 0 44 0 45 0 46 0 47 0 48 0 49 0 50 0 51 0 52 0 53 0 54 0 55 0 56 0 57 0 58 0 59 0 60 0 61 0 62 0 63 0 64 0 65 0 66 0 67 0 68 0 69 0 70 0 71 0 72 0 73 0 74 0 75 0 76 0 77 0 78 0 79 0 80 0 81 0 82 0 83 0 84 0 85 0 86 0 87 0 88 0 89 0 90 0 91 0 92 0 93 0 94 0 95 0 96 0 97 0 98 0 99 0 100 0 101 0 102 0 103 0 104 0 105 0 106 0 107 0 108 0 109 0 110 0 111 0 112 0 113 0 114 0 115 0 116 0 117 0 118 0 119 0 120 0 121 0 122 0 123 0 124 0 125 0 126 0 127 0 128 0 129 0 130 0 131 0 132 0 133 0 134 0 135 0 136 0 137 0 138 0 139 0 140 0 141 0 142 0 143 0 144 0 145 0 146 0 147 0 148 0 149 0 150 0 151 0 152 0 153 0 154 0 155 0 156 0 157 0 158 0 159 0 160 0 161 0 162 0 163 0 164 0 165 0 166 0 167 0 168 0 169 0 170 0 171 0 172 0 173 0 174 0 175 0 176 0 177 0 178 0 179 0 180 0 181 0 182 0 183 0 184 0 185 0 186 0 187 0 188 0 189 0 190 0 191 0 192 0 193 0 194 0 195 0 196 0 197 0 198 0 199 0 200 0 201 0 202 0 203 0 204 0 205 0 206 0 207 0 208 0 209 0 210 0 211 0 212 0 213 0 214 0 215 0 216 0 217 0 218 0 219 0 220 0 221 0 222 0 223 0 224 0 225 0 226 0 227 0 228 0 229 0 230 0 231</v>
        </vertex_weights>
      </skin>
    </controller>
    <controller id="Armature_polygon0-skin" name="Armature">
      <skin source="#polygon0-mesh">
        <bind_shape_matrix>1 0 0 0 0 1 -1.42109e-14 0 0 1.42109e-14 1 0 0 0 0 1</bind_shape_matrix>
        <source id="Armature_polygon0-skin-joints">
          <Name_array id="Armature_polygon0-skin-joints-array" count="1">lc_kart_all</Name_array>
          <technique_common>
            <accessor source="#Armature_polygon0-skin-joints-array" count="1" stride="1">
              <param name="JOINT" type="name"/>
            </accessor>
          </technique_common>
        </source>
        <source id="Armature_polygon0-skin-bind_poses">
          <float_array id="Armature_polygon0-skin-bind_poses-array" count="16">100 0 0 0 0 -1.62921e-5 100 0 0 -100 -1.62921e-5 0 0 0 0 1</float_array>
          <technique_common>
            <accessor source="#Armature_polygon0-skin-bind_poses-array" count="1" stride="16">
              <param name="TRANSFORM" type="float4x4"/>
            </accessor>
          </technique_common>
        </source>
        <source id="Armature_polygon0-skin-weights">
          <float_array id="Armature_polygon0-skin-weights-array" count="583">1 1 1 1 1 1 1 1 1 1 1 1 1 1 1 1 1 1 1 1 1 1 1 1 1 1 1 1 1 1 1 1 1 1 1 1 1 1 1 1 1 1 1 1 1 1 1 1 1 1 1 1 1 1 1 1 1 1 1 1 1 1 1 1 1 1 1 1 1 1 1 1 1 1 1 1 1 1 1 1 1 1 1 1 1 1 1 1 1 1 1 1 1 1 1 1 1 1 1 1 1 1 1 1 1 1 1 1 1 1 1 1 1 1 1 1 1 1 1 1 1 1 1 1 1 1 1 1 1 1 1 1 1 1 1 1 1 1 1 1 1 1 1 1 1 1 1 1 1 1 1 1 1 1 1 1 1 1 1 1 1 1 1 1 1 1 1 1 1 1 1 1 1 1 1 1 1 1 1 1 1 1 1 1 1 1 1 1 1 1 1 1 1 1 1 1 1 1 1 1 1 1 1 1 1 1 1 1 1 1 1 1 1 1 1 1 1 1 1 1 1 1 1 1 1 1 1 1 1 1 1 1 1 1 1 1 1 1 1 1 1 1 1 1 1 1 1 1 1 1 1 1 1 1 1 1 1 1 1 1 1 1 1 1 1 1 1 1 1 1 1 1 1 1 1 1 1 1 1 1 1 1 1 1 1 1 1 1 1 1 1 1 1 1 1 1 1 1 1 1 1 1 1 1 1 1 1 1 1 1 1 1 1 1 1 1 1 1 1 1 1 1 1 1 1 1 1 1 1 1 1 1 1 1 1 1 1 1 1 1 1 1 1 1 1 1 1 1 1 1 1 1 1 1 1 1 1 1 1 1 1 1 1 1 1 1 1 1 1 1 1 1 1 1 1 1 1 1 1 1 1 1 1 1 1 1 1 1 1 1 1 1 1 1 1 1 1 1 1 1 1 1 1 1 1 1 1 1 1 1 1 1 1 1 1 1 1 1 1 1 1 1 1 1 1 1 1 1 1 1 1 1 1 1 1 1 1 1 1 1 1 1 1 1 1 1 1 1 1 1 1 1 1 1 1 1 1 1 1 1 1 1 1 1 1 1 1 1 1 1 1 1 1 1 1 1 1 1 1 1 1 1 1 1 1 1 1 1 1 1 1 1 1 1 1 1 1 1 1 1 1 1 1 1 1 1 1 1 1 1 1 1 1 1 1 1 1 1 1 1 1 1 1 1 1 1 1 1 1 1 1 1 1 1 1 1 1 1 1 1 1 1 1 1 1 1 1 1 1 1 1 1 1 1 1 1 1 1 1 1 1 1 1 1 1 1 1 1 1 1 1 1 1 1 1 1 1 1 1 1 1 1 1</float_array>
          <technique_common>
            <accessor source="#Armature_polygon0-skin-weights-array" count="583" stride="1">
              <param name="WEIGHT" type="float"/>
            </accessor>
          </technique_common>
        </source>
        <joints>
          <input semantic="JOINT" source="#Armature_polygon0-skin-joints"/>
          <input semantic="INV_BIND_MATRIX" source="#Armature_polygon0-skin-bind_poses"/>
        </joints>
        <vertex_weights count="583">
          <input semantic="JOINT" source="#Armature_polygon0-skin-joints" offset="0"/>
          <input semantic="WEIGHT" source="#Armature_polygon0-skin-weights" offset="1"/>
          <vcount>1 1 1 1 1 1 1 1 1 1 1 1 1 1 1 1 1 1 1 1 1 1 1 1 1 1 1 1 1 1 1 1 1 1 1 1 1 1 1 1 1 1 1 1 1 1 1 1 1 1 1 1 1 1 1 1 1 1 1 1 1 1 1 1 1 1 1 1 1 1 1 1 1 1 1 1 1 1 1 1 1 1 1 1 1 1 1 1 1 1 1 1 1 1 1 1 1 1 1 1 1 1 1 1 1 1 1 1 1 1 1 1 1 1 1 1 1 1 1 1 1 1 1 1 1 1 1 1 1 1 1 1 1 1 1 1 1 1 1 1 1 1 1 1 1 1 1 1 1 1 1 1 1 1 1 1 1 1 1 1 1 1 1 1 1 1 1 1 1 1 1 1 1 1 1 1 1 1 1 1 1 1 1 1 1 1 1 1 1 1 1 1 1 1 1 1 1 1 1 1 1 1 1 1 1 1 1 1 1 1 1 1 1 1 1 1 1 1 1 1 1 1 1 1 1 1 1 1 1 1 1 1 1 1 1 1 1 1 1 1 1 1 1 1 1 1 1 1 1 1 1 1 1 1 1 1 1 1 1 1 1 1 1 1 1 1 1 1 1 1 1 1 1 1 1 1 1 1 1 1 1 1 1 1 1 1 1 1 1 1 1 1 1 1 1 1 1 1 1 1 1 1 1 1 1 1 1 1 1 1 1 1 1 1 1 1 1 1 1 1 1 1 1 1 1 1 1 1 1 1 1 1 1 1 1 1 1 1 1 1 1 1 1 1 1 1 1 1 1 1 1 1 1 1 1 1 1 1 1 1 1 1 1 1 1 1 1 1 1 1 1 1 1 1 1 1 1 1 1 1 1 1 1 1 1 1 1 1 1 1 1 1 1 1 1 1 1 1 1 1 1 1 1 1 1 1 1 1 1 1 1 1 1 1 1 1 1 1 1 1 1 1 1 1 1 1 1 1 1 1 1 1 1 1 1 1 1 1 1 1 1 1 1 1 1 1 1 1 1 1 1 1 1 1 1 1 1 1 1 1 1 1 1 1 1 1 1 1 1 1 1 1 1 1 1 1 1 1 1 1 1 1 1 1 1 1 1 1 1 1 1 1 1 1 1 1 1 1 1 1 1 1 1 1 1 1 1 1 1 1 1 1 1 1 1 1 1 1 1 1 1 1 1 1 1 1 1 1 1 1 1 1 1 1 1 1 1 1 1 1 1 1 1 1 1 1 1 1 1 1 1 1 1 1 1 1 1 1 1 1 1 1 1 1 1 1 1 1 1 1 1 1 1 1 1 1 1 1 1 1 1 1 1 </vcount>
          <v>0 0 0 1 0 2 0 3 0 4 0 5 0 6 0 7 0 8 0 9 0 10 0 11 0 12 0 13 0 14 0 15 0 16 0 17 0 18 0 19 0 20 0 21 0 22 0 23 0 24 0 25 0 26 0 27 0 28 0 29 0 30 0 31 0 32 0 33 0 34 0 35 0 36 0 37 0 38 0 39 0 40 0 41 0 42 0 43 0 44 0 45 0 46 0 47 0 48 0 49 0 50 0 51 0 52 0 53 0 54 0 55 0 56 0 57 0 58 0 59 0 60 0 61 0 62 0 63 0 64 0 65 0 66 0 67 0 68 0 69 0 70 0 71 0 72 0 73 0 74 0 75 0 76 0 77 0 78 0 79 0 80 0 81 0 82 0 83 0 84 0 85 0 86 0 87 0 88 0 89 0 90 0 91 0 92 0 93 0 94 0 95 0 96 0 97 0 98 0 99 0 100 0 101 0 102 0 103 0 104 0 105 0 106 0 107 0 108 0 109 0 110 0 111 0 112 0 113 0 114 0 115 0 116 0 117 0 118 0 119 0 120 0 121 0 122 0 123 0 124 0 125 0 126 0 127 0 128 0 129 0 130 0 131 0 132 0 133 0 134 0 135 0 136 0 137 0 138 0 139 0 140 0 141 0 142 0 143 0 144 0 145 0 146 0 147 0 148 0 149 0 150 0 151 0 152 0 153 0 154 0 155 0 156 0 157 0 158 0 159 0 160 0 161 0 162 0 163 0 164 0 165 0 166 0 167 0 168 0 169 0 170 0 171 0 172 0 173 0 174 0 175 0 176 0 177 0 178 0 179 0 180 0 181 0 182 0 183 0 184 0 185 0 186 0 187 0 188 0 189 0 190 0 191 0 192 0 193 0 194 0 195 0 196 0 197 0 198 0 199 0 200 0 201 0 202 0 203 0 204 0 205 0 206 0 207 0 208 0 209 0 210 0 211 0 212 0 213 0 214 0 215 0 216 0 217 0 218 0 219 0 220 0 221 0 222 0 223 0 224 0 225 0 226 0 227 0 228 0 229 0 230 0 231 0 232 0 233 0 234 0 235 0 236 0 237 0 238 0 239 0 240 0 241 0 242 0 243 0 244 0 245 0 246 0 247 0 248 0 249 0 250 0 251 0 252 0 253 0 254 0 255 0 256 0 257 0 258 0 259 0 260 0 261 0 262 0 263 0 264 0 265 0 266 0 267 0 268 0 269 0 270 0 271 0 272 0 273 0 274 0 275 0 276 0 277 0 278 0 279 0 280 0 281 0 282 0 283 0 284 0 285 0 286 0 287 0 288 0 289 0 290 0 291 0 292 0 293 0 294 0 295 0 296 0 297 0 298 0 299 0 300 0 301 0 302 0 303 0 304 0 305 0 306 0 307 0 308 0 309 0 310 0 311 0 312 0 313 0 314 0 315 0 316 0 317 0 318 0 319 0 320 0 321 0 322 0 323 0 324 0 325 0 326 0 327 0 328 0 329 0 330 0 331 0 332 0 333 0 334 0 335 0 336 0 337 0 338 0 339 0 340 0 341 0 342 0 343 0 344 0 345 0 346 0 347 0 348 0 349 0 350 0 351 0 352 0 353 0 354 0 355 0 356 0 357 0 358 0 359 0 360 0 361 0 362 0 363 0 364 0 365 0 366 0 367 0 368 0 369 0 370 0 371 0 372 0 373 0 374 0 375 0 376 0 377 0 378 0 379 0 380 0 381 0 382 0 383 0 384 0 385 0 386 0 387 0 388 0 389 0 390 0 391 0 392 0 393 0 394 0 395 0 396 0 397 0 398 0 399 0 400 0 401 0 402 0 403 0 404 0 405 0 406 0 407 0 408 0 409 0 410 0 411 0 412 0 413 0 414 0 415 0 416 0 417 0 418 0 419 0 420 0 421 0 422 0 423 0 424 0 425 0 426 0 427 0 428 0 429 0 430 0 431 0 432 0 433 0 434 0 435 0 436 0 437 0 438 0 439 0 440 0 441 0 442 0 443 0 444 0 445 0 446 0 447 0 448 0 449 0 450 0 451 0 452 0 453 0 454 0 455 0 456 0 457 0 458 0 459 0 460 0 461 0 462 0 463 0 464 0 465 0 466 0 467 0 468 0 469 0 470 0 471 0 472 0 473 0 474 0 475 0 476 0 477 0 478 0 479 0 480 0 481 0 482 0 483 0 484 0 485 0 486 0 487 0 488 0 489 0 490 0 491 0 492 0 493 0 494 0 495 0 496 0 497 0 498 0 499 0 500 0 501 0 502 0 503 0 504 0 505 0 506 0 507 0 508 0 509 0 510 0 511 0 512 0 513 0 514 0 515 0 516 0 517 0 518 0 519 0 520 0 521 0 522 0 523 0 524 0 525 0 526 0 527 0 528 0 529 0 530 0 531 0 532 0 533 0 534 0 535 0 536 0 537 0 538 0 539 0 540 0 541 0 542 0 543 0 544 0 545 0 546 0 547 0 548 0 549 0 550 0 551 0 552 0 553 0 554 0 555 0 556 0 557 0 558 0 559 0 560 0 561 0 562 0 563 0 564 0 565 0 566 0 567 0 568 0 569 0 570 0 571 0 572 0 573 0 574 0 575 0 576 0 577 0 578 0 579 0 580 0 581 0 582</v>
        </vertex_weights>
      </skin>
    </controller>
  </library_controllers>
  <library_visual_scenes>
    <visual_scene id="Scene" name="Scene">
      <node id="Armature" name="Armature" type="NODE">
        <matrix sid="transform">0.01 0 0 0 0 -1.62921e-9 -0.01 0 0 0.01 -1.62921e-9 0 0 0 0 1</matrix>
        <node id="Armature_lc_kart_all" name="lc_kart_all" sid="lc_kart_all" type="JOINT">
          <matrix sid="transform">1 0 0 0 0 1 0 0 0 0 1 0 0 0 0 1</matrix>
          <extra>
            <technique profile="blender">
              <layer sid="layer" type="string">0</layer>
              <tip_x sid="tip_x" type="float">0</tip_x>
              <tip_y sid="tip_y" type="float">1</tip_y>
              <tip_z sid="tip_z" type="float">0</tip_z>
            </technique>
          </extra>
        </node>
        <node id="polygon0" name="polygon0" type="NODE">
          <matrix sid="transform">1 0 0 0 0 1 0 0 0 0 1 0 0 0 0 1</matrix>
          <instance_controller url="#Armature_polygon0-skin">
            <skeleton>#Armature_lc_kart_all</skeleton>
            <bind_material>
              <technique_common>
                <instance_material symbol="mat_body-material" target="#mat_body-material">
                  <bind_vertex_input semantic="polygon0_UVs0" input_semantic="TEXCOORD" input_set="0"/>
                </instance_material>
              </technique_common>
            </bind_material>
          </instance_controller>
        </node>
        <node id="polygon1" name="polygon1" type="NODE">
          <matrix sid="transform">1 0 0 0 0 1 0 0 0 0 1 0 0 0 0 1</matrix>
          <instance_controller url="#Armature_polygon1-skin">
            <skeleton>#Armature_lc_kart_all</skeleton>
            <bind_material>
              <technique_common>
                <instance_material symbol="mat_tire-material" target="#mat_tire-material">
                  <bind_vertex_input semantic="polygon1_UVs0" input_semantic="TEXCOORD" input_set="0"/>
                </instance_material>
              </technique_common>
            </bind_material>
          </instance_controller>
        </node>
        <node id="polygon2" name="polygon2" type="NODE">
          <matrix sid="transform">1 0 0 0 0 1 0 0 0 0 1 0 0 0 0 1</matrix>
          <instance_controller url="#Armature_polygon2-skin">
            <skeleton>#Armature_lc_kart_all</skeleton>
            <bind_material>
              <technique_common>
                <instance_material symbol="mat_tire_rim-material" target="#mat_tire_rim-material">
                  <bind_vertex_input semantic="polygon2_UVs0" input_semantic="TEXCOORD" input_set="0"/>
                </instance_material>
              </technique_common>
            </bind_material>
          </instance_controller>
        </node>
      </node>
    </visual_scene>
  </library_visual_scenes>
  <scene>
    <instance_visual_scene url="#Scene"/>
  </scene>
</COLLADA>