<?xml version="1.0" encoding="utf-8"?>
<COLLADA xmlns="http://www.collada.org/2005/11/COLLADASchema" version="1.4.1" xmlns:xsi="http://www.w3.org/2001/XMLSchema-instance">
  <asset>
    <contributor>
      <author>Blender User</author>
      <authoring_tool>Blender 3.3.1 commit date:2022-10-04, commit time:18:35, hash:b292cfe5a936</authoring_tool>
    </contributor>
    <created>2023-02-03T23:27:48</created>
    <modified>2023-02-03T23:27:48</modified>
    <unit name="meter" meter="1"/>
    <up_axis>Z_UP</up_axis>
  </asset>
  <library_effects>
    <effect id="mat_body-effect">
      <profile_COMMON>
        <newparam sid="se_kart_all_bmr_png-surface">
          <surface type="2D">
            <init_from>se_kart_all_bmr_png</init_from>
          </surface>
        </newparam>
        <newparam sid="se_kart_all_bmr_png-sampler">
          <sampler2D>
            <source>se_kart_all_bmr_png-surface</source>
          </sampler2D>
        </newparam>
        <technique sid="common">
          <lambert>
            <emission>
              <color sid="emission">0 0 0 1</color>
            </emission>
            <diffuse>
              <texture texture="se_kart_all_bmr_png-sampler" texcoord="polygon2_UVs0"/>
            </diffuse>
            <index_of_refraction>
              <float sid="ior">1.45</float>
            </index_of_refraction>
          </lambert>
        </technique>
      </profile_COMMON>
    </effect>
    <effect id="mat_tire_rim-effect">
      <profile_COMMON>
        <newparam sid="se_kart_tire_png-surface">
          <surface type="2D">
            <init_from>se_kart_tire_png</init_from>
          </surface>
        </newparam>
        <newparam sid="se_kart_tire_png-sampler">
          <sampler2D>
            <source>se_kart_tire_png-surface</source>
          </sampler2D>
        </newparam>
        <technique sid="common">
          <lambert>
            <emission>
              <color sid="emission">0 0 0 1</color>
            </emission>
            <diffuse>
              <texture texture="se_kart_tire_png-sampler" texcoord="polygon1_UVs0"/>
            </diffuse>
            <index_of_refraction>
              <float sid="ior">1.45</float>
            </index_of_refraction>
          </lambert>
        </technique>
      </profile_COMMON>
    </effect>
    <effect id="mat_tire-effect">
      <profile_COMMON>
        <newparam sid="se_kart_tire_png-surface">
          <surface type="2D">
            <init_from>se_kart_tire_png</init_from>
          </surface>
        </newparam>
        <newparam sid="se_kart_tire_png-sampler">
          <sampler2D>
            <source>se_kart_tire_png-surface</source>
          </sampler2D>
        </newparam>
        <technique sid="common">
          <lambert>
            <emission>
              <color sid="emission">0 0 0 1</color>
            </emission>
            <diffuse>
              <texture texture="se_kart_tire_png-sampler" texcoord="polygon0_UVs0"/>
            </diffuse>
            <index_of_refraction>
              <float sid="ior">1.45</float>
            </index_of_refraction>
          </lambert>
        </technique>
      </profile_COMMON>
    </effect>
  </library_effects>
  <library_images>
    <image id="se_kart_all_bmr_png" name="se_kart_all_bmr_png">
      <init_from>se_kart_all_bmr.png</init_from>
    </image>
    <image id="se_kart_tire_png" name="se_kart_tire_png">
      <init_from>se_kart_tire.png</init_from>
    </image>
  </library_images>
  <library_materials>
    <material id="mat_body-material" name="mat_body">
      <instance_effect url="#mat_body-effect"/>
    </material>
    <material id="mat_tire_rim-material" name="mat_tire_rim">
      <instance_effect url="#mat_tire_rim-effect"/>
    </material>
    <material id="mat_tire-material" name="mat_tire">
      <instance_effect url="#mat_tire-effect"/>
    </material>
  </library_materials>
  <library_geometries>
    <geometry id="polygon2-mesh" name="polygon2">
      <mesh>
        <source id="polygon2-mesh-positions">
          <float_array id="polygon2-mesh-positions-array" count="1659">52.7943 46.14929 1.562829 52.7943 42.87199 10.8514 44.50468 41.36328 1.562829 47.3429 39.72463 10.8514 44.50467 31.79125 1.562829 47.3429 33.42989 10.8514 52.7943 27.00523 1.562834 52.7943 30.28252 10.8514 61.08392 31.79125 1.562834 58.2457 33.42989 10.8514 61.08392 41.36328 1.562829 58.2457 39.72463 10.8514 -44.50468 41.36328 1.562829 -52.7943 42.87199 10.8514 -52.7943 46.14929 1.562829 -58.2457 39.72463 10.8514 -61.08392 41.36328 1.562829 -58.2457 33.42989 10.8514 -61.08392 31.79125 1.562834 -52.7943 30.28252 10.8514 -52.7943 27.00523 1.562834 -47.3429 33.42989 10.8514 -44.50467 31.79125 1.562829 -47.3429 39.72463 10.8514 2.724629 19.63682 93.10709 -2.724629 19.63682 93.10709 2.724629 15.42491 95.53885 -2.724629 15.42491 95.53885 2.724629 15.42491 100.4023 -2.724629 15.42491 100.4023 2.724629 19.63682 102.8341 -2.724629 19.63682 102.8341 2.724629 23.84873 100.4023 -2.724629 23.84873 100.4023 2.724629 23.84873 95.53885 -2.724629 23.84873 95.53885 -42.05339 47.50078 -77.43548 -43.94069 40.0803 -71.22465 -42.05339 41.16994 -77.43548 -36.57072 35.82525 -71.22465 -36.57072 38.00452 -77.43548 -29.20075 40.08031 -71.22465 -31.08805 41.16994 -77.43548 -29.20075 48.59041 -71.22465 -31.08805 47.50078 -77.43548 -36.57072 52.84547 -71.22465 -36.57072 50.66621 -77.43548 -43.94069 48.59041 -71.22465 42.05339 31.94672 -77.43548 43.94069 33.03635 -71.22465 36.57072 35.11214 -77.43548 36.57072 37.2914 -71.22465 31.08805 31.94672 -77.43548 29.20075 33.03635 -71.22465 31.08805 25.61587 -77.43548 29.20075 24.52624 -71.22465 36.57072 22.45045 -77.43548 36.57072 20.27118 -71.22465 42.05339 25.61587 -77.43548 43.94069 24.52624 -71.22465 -36.57072 35.11214 -77.43548 -43.94069 33.03635 -71.22465 -42.05339 31.94672 -77.43548 -43.94069 24.52624 -71.22465 -42.05339 25.61587 -77.43548 -36.57072 20.27118 -71.22465 -36.57072 22.45045 -77.43548 -29.20075 24.52624 -71.22465 -31.08805 25.61587 -77.43548 -29.20075 33.03635 -71.22465 -31.08805 31.94672 -77.43548 -36.57072 37.2914 -71.22465 42.05339 47.50078 -77.43548 43.94069 48.59041 -71.22465 36.57072 50.66621 -77.43548 36.57072 52.84547 -71.22465 31.08805 47.50078 -77.43548 29.20075 48.59041 -71.22465 31.08805 41.16994 -77.43548 29.20075 40.08031 -71.22465 36.57072 38.00452 -77.43548 36.57072 35.82525 -71.22465 42.05339 41.16994 -77.43548 43.94069 40.0803 -71.22465 -52.7943 41.30989 10.8514 -56.89288 38.94357 10.85139 -56.89287 34.21095 10.8514 -52.7943 31.84463 10.8514 -48.69572 34.21095 10.8514 -48.69572 38.94358 10.8514 52.7943 41.30989 10.8514 48.69572 38.94358 10.8514 48.69572 34.21095 10.8514 52.7943 31.84463 10.8514 56.89287 34.21095 10.8514 56.89288 38.94357 10.85139 -55.09101 56.22392 -18.30736 -66.77495 46.0802 -18.39154 -55.0161 56.12898 -74.24682 -60.82436 46.07359 -74.24682 -51.57965 51.76403 -75.91355 -55.38253 44.12955 -75.91355 -55.38253 44.12955 -71.64153 -55.38879 28.97396 -75.91355 -55.38879 28.97396 -71.64153 -42.70662 21.15958 -75.91355 -42.70662 21.15958 -71.64153 0 21.24728 -75.91355 0 21.24728 -71.64153 62.40055 26.49801 11.84034 42.86229 15.22319 -15.7964 42.77021 26.49802 11.84035 32.47801 15.27328 -15.82155 26.90187 15.22851 -15.81758 32.47801 15.27328 -58.65855 26.90187 15.22851 -69.30128 42.77021 15.22319 -74.24682 0 15.2869 -74.24682 42.70662 21.15958 -75.91355 42.70662 21.15958 -71.64153 -16.51878 62.40764 -4.871507 -16.51878 56.98586 -3.886538 -16.51878 56.98586 15.82072 -20.3089 56.98586 15.82072 -20.3089 62.40764 16.50112 -20.3089 62.40764 -4.871507 -20.3089 67.75764 -0.582976 -16.51878 67.75764 -0.582976 -16.51878 67.75764 11.44718 -16.51878 62.40764 16.50112 -20.3089 67.75764 11.44718 -52.84302 19.88195 -15.77125 -62.40055 26.49801 11.84034 -42.86229 15.22319 -15.7964 -42.77021 26.49802 11.84035 -32.47801 15.27328 -15.82155 -26.90187 15.22851 -15.81758 -32.47801 15.27328 -58.65855 -26.90187 15.22851 -69.30128 -42.77021 15.22319 -74.24682 42.77294 56.25033 -18.39154 42.91164 56.12898 -74.24682 55.09101 56.22392 -18.30736 55.0161 56.12898 -74.24682 66.77495 46.0802 -18.39154 60.82436 46.07359 -74.24682 66.80328 26.51198 -15.90603 60.82436 26.43684 -74.24682 52.84302 19.88195 -58.64491 42.86229 15.22319 -58.65171 16.51878 56.98586 -3.886538 16.51878 62.40764 -4.871507 16.51878 56.98586 15.82072 16.51878 62.40764 16.50112 20.3089 62.40764 16.50112 20.3089 67.75764 11.44718 20.3089 67.75764 -0.582976 16.51878 67.75764 11.44718 16.51878 67.75764 -0.582976 -51.57965 51.76403 -71.64153 -42.74319 51.77857 -71.64153 -42.74319 51.77857 -75.91355 -22.58746 51.85358 -71.64153 -22.58746 51.85358 -75.91355 -8.888523 58.83926 -71.58372 -6.626801 57.55132 -89.13858 0 58.86545 -71.58372 0 57.5775 -89.83812 -16.51879 56.99912 14.44552 -16.51879 56.99912 -2.986755 -16.51879 43.27253 19.55035 -16.51879 31.52731 6.591558 -16.51879 39.94179 25.1545 -16.51879 28.71733 23.14326 -16.51879 39.85467 57.97205 -16.51879 28.73307 58.08727 -19.13344 39.85467 57.97205 -19.07004 28.73307 58.08727 -19.11946 28.71733 23.14326 -32.47801 32.10901 -23.73665 -32.47801 32.10901 -52.28716 -42.86229 15.22319 -58.65171 -52.84302 32.10901 -52.27672 -52.84302 19.88195 -58.64491 -52.84302 32.10901 -23.69818 0 15.2869 -15.62907 0 26.49801 11.76178 -16.47447 24.00331 76.1376 -33.1157 23.88571 81.36425 -12.9914 24.82408 105.2113 -21.19957 25.51915 124.0608 -4.71472 25.24796 117.0411 -14.7001 27.51204 149.1867 0 27.16874 149.2375 -42.71281 48.43241 11.86989 -59.65831 43.21957 12.32469 -62.40055 46.07375 11.84034 -59.65831 29.53361 12.32469 -45.50586 29.53361 12.32469 -45.47501 45.07699 12.19104 5.982392 24.82408 105.2727 5.982392 33.67352 105.1465 4.71472 25.24796 117.0411 4.71472 33.67351 116.9402 0 25.24796 117.0535 0 33.67351 116.9664 -4.71472 33.67351 116.9402 -5.982392 33.67352 105.1465 -5.982392 24.82408 105.2727 62.40055 46.07375 11.84034 59.65831 43.21957 12.32469 42.71281 48.43241 11.86989 45.47501 45.07699 12.19104 45.50586 29.53361 12.32469 59.65831 29.53361 12.32469 8.888523 58.83926 -71.58372 22.58746 51.85358 -71.64153 22.58746 51.85358 -75.91355 42.74319 51.77857 -75.91355 23.99238 56.12093 -74.24682 21.52235 57.99739 -58.0186 22.805 63.27576 -18.42161 18.84912 66.50478 -5.282879 0 10.99877 107.7996 0 26.36023 107.7996 -2.210699 10.99877 109.9999 -2.210699 26.36023 109.9999 0 10.99877 112.2227 0 26.36023 112.2227 2.210699 10.99877 109.9999 2.210699 26.36023 109.9999 0 35.65161 106.7886 0 22.35636 106.7886 3.240861 35.65161 110.0128 3.240861 22.35636 110.0128 0 35.65161 113.2435 0 22.35636 113.2435 -3.240861 35.65161 110.0128 -3.240861 22.35636 110.0128 4.516189 10.85955 112.7349 -4.516189 10.85955 112.7349 4.516189 13.58748 110.0069 -4.516189 13.58748 110.0069 4.516189 10.85955 107.279 -4.516189 10.85955 107.279 4.516189 8.131636 110.0069 -4.516189 8.131636 110.0069 0 40.92614 81.84224 -10.30465 40.97821 81.80358 -14.08044 36.84368 89.17213 -30.55965 47.1949 66.73552 -23.67356 31.97971 65.6114 -31.54728 54.49192 14.81564 -24.98883 31.9892 7.541232 -18.84912 66.50478 -5.282879 0 66.50478 -5.282879 0 33.67351 76.09519 -16.47447 33.67352 76.11681 -12.9914 33.67352 105.1886 14.08044 36.84368 89.17213 23.67356 31.97971 65.6114 24.98883 31.9892 7.541232 0 62.13139 -89.14063 -7.435536 62.13139 -88.40744 -23.99238 56.12093 -74.24682 -42.91164 56.12898 -74.24682 -7.481905 44.50272 67.87899 -9.329782 52.4026 70.2232 -7.481905 45.88247 65.25626 -9.329784 53.18087 67.60047 -9.301823 43.4757 66.14739 -11.59918 53.29715 69.06181 0 19.21093 101.4817 0 27.30608 111.1039 1.989141 22.00681 99.16254 1.989141 30.10197 108.7847 -1.989141 22.00681 99.16254 -1.989141 30.10197 108.7847 0 13.69555 110.8407 0 19.85301 101.4432 1.989141 10.67784 108.8705 1.989141 16.8353 99.47301 -1.989141 10.67784 108.8705 -1.989141 16.8353 99.47301 12.1269 66.80724 -53.26397 7.435536 62.13139 -88.40744 6.626801 57.55132 -89.13858 -39.5555 20.40922 -35.13897 -30.52313 15.72303 -37.86689 -39.5555 15.72303 -37.86689 -30.52313 20.40922 -40.59481 -39.5555 20.40922 -40.59481 -30.52313 20.40922 -35.13897 39.5555 15.72303 -37.86689 30.52313 15.72303 -37.86689 39.5555 20.40922 -35.13897 30.52313 20.40922 -35.13897 39.5555 20.40922 -40.59481 30.52313 20.40922 -40.59481 9.329786 52.4026 70.2232 7.481904 44.50272 67.87899 9.329781 53.18085 67.60047 7.481902 45.88247 65.25626 11.59918 53.29716 69.06181 9.301824 43.4757 66.14739 32.47801 32.10901 -23.73665 52.84302 32.10901 -23.69818 32.47801 32.10901 -52.28716 52.84302 32.10901 -52.27672 16.51879 31.52731 6.591558 16.51879 39.94179 25.1545 16.51879 28.71733 23.14326 16.51879 39.85467 57.97205 16.51879 28.73307 58.08727 19.13344 39.85467 57.97205 19.07004 28.73307 58.08727 19.11946 28.71733 23.14326 0 40.98695 66.83572 -10e-7 41.76522 64.21299 -10e-7 39.10474 64.85036 55.38879 28.97396 -71.64153 55.38879 28.97396 -75.91355 55.38253 44.12955 -71.64153 55.38253 44.12955 -75.91355 51.57965 51.76403 -75.91355 4.152143 58.7378 72.10311 4.152143 59.51607 69.48038 5.162122 61.17335 71.39899 -4.152147 58.73779 72.10312 -4.152144 59.51607 69.48038 -5.162124 61.17335 71.39899 0 24.00331 76.10724 16.47447 24.00331 76.1376 16.47447 33.67352 76.11681 12.9914 33.67352 105.1886 42.74319 51.77857 -71.64153 12.9914 24.82408 105.2113 33.1157 23.88571 81.36425 0 47.58688 68.03746 -1.639553 46.83277 69.30396 -1.396097 41.49415 65.06992 1.639553 46.83277 69.30396 1.396097 41.49415 65.06992 24.87084 20.65011 -67.52073 24.87084 20.65011 -17.59708 0 30.25639 -19.822 -24.87084 20.65011 -17.59708 16.51879 43.27253 19.55035 19.1231 43.27253 19.55035 19.12325 39.94179 25.1545 19.12935 31.52731 6.591558 -42.77294 56.25033 -18.39154 -66.80328 26.51198 -15.90603 -2.657122 52.07763 69.37005 -1.771415 53.20115 71.07253 -7.757652 56.96466 69.66064 -3.54283 50.20732 70.18414 -9.153752 54.60516 68.96049 -70.71114 15.55522 -36.55713 -73.79301 15.55522 -36.55713 -75.66424 27.07401 -21.98106 -78.7461 27.07401 -21.98106 -75.66424 82.53452 -50.26768 -78.7461 82.53452 -50.26768 -69.9568 27.07401 -87.38571 -75.66424 27.07401 -87.38571 -69.92108 27.07401 -79.46713 -75.66424 27.07401 -23.52167 -60.38043 27.07401 -73.48344 -65.7816 27.07401 -18.42459 13.31829 67.91708 -52.22557 0 67.91708 -52.22557 0 66.80724 -53.26397 -73.79301 15.55522 -87.71387 -70.71114 15.55522 -87.71387 -78.7461 27.07401 -87.71387 -75.66424 27.07401 -87.71387 -78.7461 86.55823 -87.71387 -75.66424 86.55823 -87.71387 -5.126109 42.45557 -86.72769 -7.505144 47.58168 -86.72769 -16.44312 47.58168 -71.01569 -5.126109 52.70779 -86.72769 -11.23086 58.81254 -71.01569 0 64.0248 -71.01569 5.126109 42.45557 -86.72769 0 40.07654 -86.72769 0 31.13857 -71.01572 -11.23086 36.35083 -71.01571 5.126109 52.70779 -86.72769 7.505144 47.58168 -86.72769 16.44312 47.58168 -71.01569 11.23086 36.35083 -71.01571 11.23086 58.81254 -71.01569 0 55.08682 -86.72769 -19.15591 56.99912 14.44552 -19.1231 43.27253 19.55035 -19.12153 56.99912 -2.986755 -19.12935 31.52731 6.591558 31.54728 54.49192 14.81564 41.62862 40.47417 66.73552 30.55965 47.1949 66.73552 12.88494 42.00129 124.0011 -19.12325 39.94179 25.1545 1.771414 53.20115 71.07253 2.65712 52.07763 69.37005 7.757649 56.96466 69.66063 9.153747 54.60516 68.96046 3.542827 50.20732 70.18413 20.3089 62.40764 -4.871507 20.3089 56.98586 15.82072 0 48.28931 68.62694 2.015705 51.69598 69.63783 -2.015704 51.69598 69.63783 0 31.9293 129.4209 -60.82436 26.43684 -74.24682 65.7816 29.96511 -18.42459 60.38043 29.96511 -73.48344 75.66424 29.96511 -23.52167 69.92108 29.96511 -79.46713 75.66424 29.96511 -87.38571 69.9568 29.96511 -87.38571 -12.1269 66.80724 -53.26397 -13.31829 67.91708 -52.22557 -21.52235 57.99739 -58.0186 -24.0132 58.19672 -57.42292 -23.20151 31.07296 124.1598 -12.88494 42.00129 124.0011 -41.62862 40.47417 66.73552 -11.69416 56.36396 91.78277 0 56.30445 91.83038 36.57072 28.78129 -72.51275 0 30.25639 -67.52074 -24.87084 20.65011 -67.52073 21.19957 25.51915 124.0608 36.57072 44.33536 -72.51275 -36.57072 28.78129 -72.51275 52.84302 19.88195 -15.77125 -36.57072 44.33536 -72.51275 80.09836 68.0983 -61.77345 80.09836 65.98206 -69.67154 80.09836 52.30213 -61.77345 80.09836 60.20023 -75.45332 80.09836 52.30213 -77.52328 -80.09836 65.98206 -69.67154 -80.09836 68.0983 -61.77345 -80.09836 52.30213 -61.77345 -80.09836 65.98206 -53.87536 -80.09836 60.20023 -48.09359 -80.09836 52.30213 -46.02364 -80.09836 44.40404 -48.09359 -80.09836 38.6222 -53.87536 -80.09836 36.50596 -61.77345 -80.09836 38.6222 -69.67154 -80.09836 44.40404 -75.45332 -80.09836 52.30213 -77.52328 -80.09836 60.20023 -75.45332 0 47.58168 -86.72769 52.7943 36.56303 -29.03529 -52.7943 36.56303 -29.03529 52.7943 36.57726 5.457544 -52.7943 36.57726 5.457544 73.79301 15.55522 -87.71387 73.79301 15.55522 -36.55713 78.7461 27.07401 -87.71387 78.7461 27.07401 -21.98106 78.7461 82.53452 -50.26768 -4e-6 53.35194 100.1541 5.206925 52.78299 101.428 -4e-6 49.10523 109.6627 9.018661 51.22859 104.9084 10.41386 49.10523 109.6627 16.51879 56.99912 -2.986755 16.51879 56.99912 14.44552 19.15591 56.99912 14.44552 4e-6 67.65749 -54.66107 -5.206925 67.47715 -56.04456 4e-6 66.31142 -64.98756 -9.018661 66.98445 -59.82431 -10.41386 66.31142 -64.98756 0 15.2869 -69.30132 51.57965 51.76403 -71.64153 11.69416 56.36396 91.78277 10.30465 40.97821 81.80358 14.7001 27.51204 149.1867 0 41.97154 123.9755 23.20151 31.07296 124.1598 -22.805 63.27576 -18.42161 -5.206934 52.78299 101.428 -9.018669 51.22859 104.9084 75.66424 86.55823 -87.71387 75.66424 27.07401 -87.71387 78.7461 86.55823 -87.71387 70.71114 15.55522 -87.71387 70.71114 15.55522 -36.55713 20.3089 56.98586 -3.886538 16.51879 37.24439 24.70347 16.51879 37.26115 55.57278 -16.51879 37.24439 24.70347 -16.51879 37.26115 55.57278 24.0132 58.19672 -57.42292 16.51879 40.98354 17.94224 -16.51879 40.98354 17.94224 16.51879 56.99912 12.60987 -16.51879 56.99912 12.60987 -20.3089 56.98586 -3.886538 16.51879 62.09307 13.78328 -16.51879 62.09307 13.78328 16.51879 65.85196 10.7414 -16.51879 65.85196 10.7414 16.51879 65.86415 -0.005669951 -16.51879 65.86415 -0.005669951 16.51879 61.49125 -3.635058 -16.51879 61.49125 -3.635058 -10.41386 49.10523 109.6627 -9.018669 46.98188 114.417 -5.206934 45.42747 117.8974 -4e-6 44.85853 119.1713 5.206925 45.42747 117.8974 9.018661 46.98188 114.417 19.12153 56.99912 -2.986755 80.09836 65.98206 -53.87536 80.09836 60.20023 -48.09359 80.09836 52.30213 -46.02364 80.09836 44.40404 -48.09359 80.09836 38.6222 -53.87536 80.09836 36.50596 -61.77345 80.09836 38.6222 -69.67154 80.09836 44.40404 -75.45332 5.206934 67.47715 -56.04456 9.018669 66.98445 -59.82431 10.41386 66.31142 -64.98756 9.018669 65.63837 -70.15082 5.206934 65.14568 -73.93056 4e-6 64.96534 -75.31405 -5.206925 65.14568 -73.93056 -9.018661 65.63837 -70.15082 -16.51879 28.73307 55.68801 16.51879 28.73307 55.68801 75.66424 27.07401 -21.98106 65.7816 27.07401 -18.42459 75.66424 27.07401 -23.52167 60.38043 27.07401 -73.48344 69.92108 27.07401 -79.46713 69.9568 27.07401 -87.38571 75.66424 27.07401 -87.38571 -65.7816 29.96511 -18.42459 -75.66424 29.96511 -23.52167 -60.38043 29.96511 -73.48344 -69.92108 29.96511 -79.46712 -69.9568 29.96511 -87.38571 -75.66424 29.96511 -87.38571 75.66424 82.53452 -50.26768</float_array>
          <technique_common>
            <accessor source="#polygon2-mesh-positions-array" count="553" stride="3">
              <param name="X" type="float"/>
              <param name="Y" type="float"/>
              <param name="Z" type="float"/>
            </accessor>
          </technique_common>
        </source>
        <source id="polygon2-mesh-normals">
          <float_array id="polygon2-mesh-normals-array" count="1632">-0.8166815 0.4715123 0.3327277 2.23839e-7 0.6792878 0.7338721 -1.45049e-7 0.943023 0.3327277 -0.5882804 0.3396444 0.7338718 -0.8166822 -0.4715109 0.3327279 -0.5882804 -0.3396442 0.7338719 3.14273e-7 -0.943023 0.3327276 2.30239e-7 -0.6792886 0.7338713 0.8166821 -0.4715111 0.3327276 0.5882807 -0.3396442 0.7338716 0.8166816 0.4715119 0.3327278 0.5882791 0.3396437 0.7338732 1.45049e-7 0.943023 0.3327277 -3.44272e-7 0.6792878 0.7338721 0.8166815 0.4715123 0.3327276 -0.5882792 0.3396437 0.7338732 -0.8166817 0.4715118 0.3327279 -0.5882807 -0.3396441 0.7338717 -0.8166821 -0.471511 0.3327276 -1.37936e-7 -0.6792885 0.7338714 -3.14273e-7 -0.9430231 0.3327276 0.5882806 -0.3396443 0.7338718 0.8166822 -0.471511 0.3327278 0.5882805 0.3396444 0.7338718 0.6099945 -0.686244 -0.3962019 -0.6099938 0 -0.7924063 0.6099938 0 -0.7924063 -0.6099945 -0.686244 -0.396202 0.609995 -0.686245 0.3961995 -0.609995 -0.686245 0.3961994 0.6099929 0 0.7924069 -0.6099929 0 0.7924069 0.609995 0.686245 0.3961994 -0.609995 0.686245 0.3961995 0.6099945 0.686244 -0.396202 -0.6099945 0.686244 -0.3962019 -0.4218974 -0.2435827 -0.87331 -0.8171804 -0.4717994 -0.3310915 -0.4218974 0.2435818 -0.87331 2.4164e-7 -0.9435986 -0.3310918 6.54489e-7 -0.4871653 -0.8733099 0.8171806 -0.4717993 -0.3310914 0.4218975 -0.2435834 -0.8733096 0.8171805 0.4717993 -0.3310914 0.4218974 0.2435826 -0.8733099 3.6246e-7 0.9435991 -0.3310903 8.63168e-7 0.487166 -0.8733095 -0.8171809 0.4717988 -0.3310911 -6.82946e-7 0.4871655 -0.8733097 0.8171808 0.4717993 -0.3310906 0.4218978 0.2435825 -0.8733098 -1.8123e-7 0.943599 -0.3310906 -0.4218975 0.2435827 -0.8733098 -0.8171804 0.4717996 -0.3310914 -0.4218977 -0.2435826 -0.8733098 -0.8171806 -0.4717991 -0.3310912 -5.59635e-7 -0.4871647 -0.8733101 0 -0.9435986 -0.3310918 0.4218975 -0.2435823 -0.8733099 0.8171811 -0.4717988 -0.3310909 -0.4218977 0.2435825 -0.8733098 -0.8171808 0.4717993 -0.3310908 1.2331e-7 0.4871656 -0.8733097 -0.8171811 -0.4717987 -0.331091 -0.4218976 -0.2435822 -0.87331 0 -0.9435986 -0.3310918 2.18163e-7 -0.4871646 -0.8733102 0.8171806 -0.4717991 -0.3310915 0.4218975 -0.2435824 -0.8733099 0.8171803 0.4717995 -0.3310915 0.4218971 0.2435828 -0.8733099 0 0.943599 -0.3310906 -5.50151e-7 0.4871661 -0.8733093 0.817181 0.4717988 -0.3310907 0.4218977 0.2435821 -0.8733099 -2.17476e-7 0.9435992 -0.3310903 -0.4218974 0.2435826 -0.8733099 -0.8171806 0.4717994 -0.3310912 -0.4218974 -0.2435832 -0.8733097 -0.8171806 -0.4717992 -0.3310914 -6.35518e-7 -0.4871652 -0.8733099 0 -0.9435987 -0.3310917 0.4218976 -0.2435826 -0.8733098 0.8171807 -0.4717993 -0.3310912 -9.64527e-7 -0.2870317 0.9579211 0.2485805 -0.1435161 0.9579201 0.2485778 0.1435168 0.9579207 3.31556e-7 0.2870316 0.9579212 -0.2485771 0.143516 0.957921 -0.2485763 -0.1435161 0.9579213 7.5856e-7 -0.2870317 0.9579211 0.2485765 -0.1435161 0.9579212 0.2485771 0.143516 0.957921 -1.20566e-7 0.2870316 0.9579212 -0.2485778 0.1435168 0.9579207 -0.2485805 -0.1435161 0.9579201 -0.4085359 0.7379888 -0.5370948 -0.8878663 0.4534381 0.07802236 -0.2685841 0.7177038 0.642467 -0.7749296 0.2090663 -0.5964692 0.2094693 -0.282792 -0.9360296 0.4993537 -0.1227094 -0.8576645 0.7320759 -0.1723977 -0.6590479 0.3427878 0.1797652 -0.9220527 0.6905381 0.3854244 -0.61205 0.1183626 0.477603 -0.8705664 0.2063285 0.731036 -0.650396 0 0.6051002 -0.7961494 0 0.7069301 -0.7072835 0.266424 -0.8257858 0.4970877 0.1241416 -0.9258516 -0.3569142 0.5805694 -0.5087524 0.6356966 0.2178543 -0.974863 -0.04670828 -0.2171774 -0.9761294 0.002330362 0.2180333 -0.9397298 0.2633809 -0.2059597 -0.9577733 0.2006267 0.2043914 -0.7987747 -0.5658472 0 -0.7963404 -0.6048489 -0.1183626 0.4776029 -0.8705664 -0.2063285 0.731036 -0.650396 0.5842006 -0.6085763 0.5369772 0.7442782 -0.6678698 0 0.8242012 0.3541922 -0.4418601 -0.5842006 -0.6085765 0.5369771 -0.6224876 0.2432553 0.7438657 -0.824201 0.354193 -0.4418598 -0.6214438 0.7062991 -0.3390416 0.6214439 0.7062989 -0.339042 0.6279296 0.7147192 0.3080276 0.6224876 0.243256 0.7438654 -0.6279299 0.7147188 0.308028 -0.1241416 -0.9258516 -0.3569142 -0.5805694 -0.5087525 0.6356967 -0.2641276 -0.9343004 -0.2394148 -0.266424 -0.8257858 0.4970878 -0.2178543 -0.974863 -0.04670828 0.2171775 -0.9761294 0.002330362 -0.2180333 -0.9397298 0.2633809 0.2059596 -0.9577733 0.2006267 -0.2043914 -0.7987748 -0.5658472 0.2685841 0.7177038 0.642467 0.01508396 0.816519 -0.5771215 0.2544847 0.961483 0.1038658 0.408536 0.7379888 -0.5370949 0.8878661 0.4534382 0.07802242 0.7749296 0.2090663 -0.5964692 0.8616105 -0.5061277 0.03823959 0.7177237 -0.4019345 -0.5686135 0.3243032 -0.9062498 0.2711805 0.1655607 -0.8366203 0.5221649 -0.5842006 -0.6085764 0.5369772 -0.8242012 0.3541922 -0.4418601 -0.7442782 -0.6678698 0 -0.6224876 0.2432559 0.7438654 0.6224876 0.2432553 0.7438657 0.6279299 0.7147188 0.308028 0.6214438 0.7062991 -0.3390417 -0.6279296 0.7147192 0.3080276 -0.6214439 0.7062989 -0.339042 0.4193713 -0.676172 -0.6057386 0.001896739 -0.7068704 -0.7073405 0.002276003 -0.566921 -0.8237691 0.1533594 -0.627914 -0.7630236 -0.04620546 -0.779955 -0.6241278 0.185076 -0.7585858 -0.6247357 -0.2307462 -0.6207883 -0.7492518 0 -0.7325138 -0.6807523 -1.50266e-7 -0.6516108 -0.7585535 0.7902194 0.3925842 0.4705646 1 0 0 0.7750818 0.2202475 0.5922325 1 0 0 0.7715359 0.6132308 0.1693528 1 0 0 0.5780378 0.5792247 0.5747792 0.7048659 0.00734806 0.7093026 -0.5794594 0.5778438 0.5747377 -0.703089 0.00335884 0.711094 -0.9999996 -9.2321e-4 3.12373e-4 -0.6043475 -0.6727252 -0.4268547 -0.5985918 -0.6588636 0.4556168 -0.1655606 -0.8366203 0.522165 0.5960502 -0.6692577 0.4436424 -0.3243032 -0.9062498 0.2711805 0.6008598 -0.6835902 -0.4143333 0 -0.9847622 0.1739066 0 -0.9010255 -0.4337663 0.2965036 -0.922483 0.2472064 -0.5884062 -0.7964313 0.139555 0.3147446 -0.8963662 -0.3121914 -0.5429908 -0.8168174 0.1948608 0.3115481 -0.9039852 -0.2928286 -0.4443501 -0.1767022 0.8782536 0 -0.2419803 0.9702813 -0.5991572 0.5056962 0.6207108 0.2154313 -0.2040349 0.9549656 -0.5325392 0.7363309 0.4173953 0.1830344 0.1940016 0.9637748 -0.1770196 0.1967396 0.9643431 -0.1620031 -0.2028153 0.9657231 -0.3115481 -0.9039852 -0.2928286 -0.2967199 -0.8942521 -0.335068 -0.543026 -0.5980138 -0.5894933 -0.5446574 -0.586571 -0.5994022 0 -0.7323817 -0.6808944 0 -0.7095096 -0.7046958 0.5446573 -0.5865709 -0.5994023 0.2967199 -0.8942521 -0.335068 0.543026 -0.5980137 -0.5894933 0.5325393 0.7363309 0.4173954 -0.2154311 -0.2040349 0.9549655 0.5991573 0.5056963 0.6207108 0.1620031 -0.2028153 0.9657231 0.1770196 0.1967396 0.9643431 -0.1830344 0.1940016 0.9637748 0.04620558 -0.779955 -0.6241276 -0.1533594 -0.6279141 -0.7630235 -0.1850761 -0.7585857 -0.6247356 -0.002276003 -0.5669209 -0.823769 0.3499546 0.7438619 -0.5693869 0.4114466 0.8544223 -0.3172923 0.443845 0.8912137 -0.09348738 0.1187468 0.8830675 0.4539726 -0.9999968 0 -0.002542138 0 0 -1 0 0 -1 -0.9999968 0 -0.002543687 1.6143e-6 0 1 -1.53359e-6 0 1 0.9999968 0 -0.002543687 0.9999968 0 -0.002542138 1 0 -5.04944e-4 0 -0.5776216 -0.8163047 0 0 -1 0.8166506 -0.5771324 -4.12275e-4 0 0 1 0 -0.5775159 0.8163795 -1 0 -5.0489e-4 -0.8166505 -0.5771324 -4.12363e-4 0 1 -9.76665e-6 0 -1.44892e-6 1 0 -1.65016e-6 1 0 1 -9.92764e-6 0 -1.44889e-6 -1 0 -1.69038e-6 -1 0 -1 -9.87395e-6 0 -1 -9.73979e-6 0.3134872 0.1406444 -0.9391193 0.2419114 -0.359539 -0.9012273 0 -0.2428698 -0.970059 0.1517159 0.9879558 -0.03042548 0.557801 0.8128019 -0.1679626 0.2563717 0.9002485 0.3518896 0.5304528 0.6921609 0.4894212 -0.1187468 0.8830674 0.4539726 0 0.8123842 0.5831226 0 -0.7062623 0.7079503 0.614063 -0.570874 0.5450041 0.5385541 -0.5855753 -0.6058556 -0.3134872 0.1406444 -0.9391193 -0.557801 0.8128019 -0.1679626 -0.5304528 0.692161 0.4894211 0 0.6952242 -0.7187929 -0.3572372 0.6372154 -0.6828896 -0.3499545 0.7438618 -0.5693869 -0.01508396 0.816519 -0.5771215 0.2722222 0.4542161 -0.8482823 0.2616361 -0.3269332 0.9081086 0.1704688 -0.1296631 0.9767948 0.2611374 0.2237097 -0.9390214 -0.7759003 -0.6030573 -0.1852045 -0.9752165 0.2121114 0.06294053 0.8619832 0.3879141 -0.3263549 1.57397e-7 -0.7652143 0.6437757 -1.98279e-7 -0.7652145 0.6437755 0.8586422 0.3922298 -0.3299842 -0.8619832 0.3879147 -0.3263543 -0.8586427 0.3922286 -0.3299844 0.8607734 -0.425739 -0.2789546 0 0.8364416 0.5480561 7.45317e-7 0.8364417 0.5480561 0.8615626 -0.4246205 -0.2782216 -0.8607736 -0.4257388 -0.2789543 -0.8615623 -0.424621 -0.278222 0.159394 0.8226124 -0.5458045 0.3572372 0.6372154 -0.6828896 0.230746 -0.6207882 -0.7492519 0 -1 0 0 -1 0 0 0.4984539 0.8669162 0 0.4984539 -0.8669162 0 0.4984537 -0.8669163 0 0.4984537 0.8669163 0 0.4984537 0.8669163 0 0.4984537 -0.8669163 -0.2656884 0.2231037 -0.9378883 -0.1483438 -0.1214764 0.9814468 -0.2638967 -0.3322126 0.9055349 -0.2526937 0.4726436 -0.8442477 0.9746479 0.2141854 0.06470078 0.7771793 -0.6023267 -0.1821946 0.6043476 -0.6727252 -0.4268547 -0.6008598 -0.6835901 -0.4143333 0.5985918 -0.6588636 0.4556168 -0.5960502 -0.6692577 0.4436424 -1 0 0 -0.771536 0.6132308 0.1693528 -1 0 0 -0.5780378 0.5792247 0.5747792 -0.7048659 0.00734806 0.7093026 0.5794594 0.5778438 0.5747377 0.703089 0.00335884 0.711094 0.9999996 -9.2321e-4 3.12373e-4 -0.03013682 0.5129872 -0.8578671 -0.01911401 -0.03200727 0.999305 -0.004307627 -0.958151 -0.2862309 -0.6905381 0.3854244 -0.61205 -0.3427874 0.1797654 -0.9220528 -0.7320759 -0.1723977 -0.6590479 -0.4993537 -0.1227095 -0.8576645 -0.2094691 -0.2827921 -0.9360296 -0.1152139 0.04207557 -0.9924493 -0.1152117 -0.5060641 0.8547663 0.4359564 0.862784 0.2560195 0.1152147 0.04207527 -0.9924491 0.1152096 -0.5060645 0.8547664 -0.4359579 0.8627837 0.2560181 -0.2965036 -0.9224829 0.2472064 0 -0.7206644 0.6932842 -0.6140631 -0.570874 0.545004 -0.5385542 -0.5855753 -0.6058557 6.29181e-7 0 -1 0 0 -1 -0.00306642 0.002262651 -0.9999927 5.8412e-6 0.001536667 -0.9999988 0.5884062 -0.7964313 0.139555 -0.3147446 -0.8963662 -0.3121914 -0.5767614 -0.6886358 -0.4394623 -0.8229581 -0.4266721 0.375088 0.001779496 0.262145 -0.9650269 0.8261854 -0.4203025 0.3751847 0.576762 -0.6886355 -0.439462 -0.5579172 -0.6467795 0.5200046 -0.5508488 -0.6525914 -0.520279 0 -0.851312 -0.5246599 0.5508487 -0.6525914 -0.520279 -0.7902194 0.3925842 0.4705646 0.7901298 0.3925017 0.4707838 0.7715618 0.6131896 0.169384 1 1.35343e-4 2.60757e-4 -0.2544847 0.961483 0.1038659 -0.8616105 -0.5061277 0.03823959 -0.391791 0.9183034 0.05673474 0.1051979 0.7359583 0.668804 0.007049202 0.2762076 -0.9610722 -0.744073 -0.6154062 0.2600591 -0.9732959 -0.02492922 -0.2281967 0.5627614 -0.142165 0.8143026 -0.4759282 -0.8455467 0.2419571 0.7737245 -0.5675818 0.2814273 -0.6075302 -0.2063307 0.7670298 0.6140365 0.6500353 0.4476755 -0.6140362 0.6500353 0.4476759 0 -1 -6.75241e-7 0 -1 0 0.2680821 0.8885392 -0.3723306 0 0.9232739 -0.3841423 0 0.8891658 -0.4575852 -0.8692022 4.95811e-7 -0.494457 -0.5922287 0 -0.80577 -0.4127507 -0.41275 -0.8119571 -0.4127501 0.4127505 -0.8119572 -0.6197145 0.6197144 -0.4815683 0 0.8692022 -0.4944568 0 -0.869202 -0.4944573 -3.71928e-7 -0.5922287 -0.8057699 0.4127504 -0.41275 -0.8119572 -0.619715 -0.6197137 -0.4815686 0.8692022 4.84006e-7 -0.494457 0.5922286 0 -0.80577 0.4127498 0.4127506 -0.8119574 0.619715 -0.6197137 -0.4815686 -0.001896739 -0.7068704 -0.7073405 0.00306642 0.002262651 -0.9999927 -5.8412e-6 0.001536667 -0.9999988 0.6197145 0.6197144 -0.4815683 -3.71928e-7 0.5922289 -0.8057699 -0.7766345 0.2179505 0.5910469 -0.7901298 0.3925017 0.4707838 -0.9999989 -0.001211166 -8.07448e-4 -1 1.35304e-4 2.60757e-4 -0.2563717 0.9002484 0.3518897 0.9273217 0.3159759 0.2005838 -0.1517158 0.9879558 -0.03042548 0.35321 0.8383732 0.4151784 -0.7715618 0.6131896 0.169384 0.3917989 0.9182997 0.05673944 -0.007232785 0.2745645 -0.9615416 -0.1051997 0.7359568 0.6688054 0.9732954 -0.02492845 -0.2281987 0.7398115 -0.6225252 0.2552281 0.824201 0.354193 -0.4418598 0.5842006 -0.6085765 0.5369771 -0.7253465 0.5636441 -0.3951935 0.7253466 0.563644 -0.3951935 0 -0.6488699 -0.7608994 4.41248e-4 -0.2960993 0.9551572 -0.7177237 -0.4019346 -0.5686136 0 1 0 0 1 0 0 1 -6.75241e-7 -0.1593942 0.8226124 -0.5458045 -0.2680822 0.8885393 -0.3723306 -0.4114466 0.8544219 -0.317293 -0.7939879 -0.2833024 -0.5378876 -0.3532101 0.8383732 0.4151784 -0.9218682 0.1860664 0.3399095 -0.9273217 0.3159759 0.2005838 -0.2135551 0.9672653 -0.1370845 0 0.959195 -0.2827455 -2.63228e-7 5.10005e-7 -1 0 -0.802478 0.5966818 0.5579172 -0.6467795 0.5200046 0.5429908 -0.8168174 0.1948608 0 5.51134e-7 -1 1.23388e-7 5.10005e-7 -1 0.2641276 -0.9343004 -0.2394147 0 5.51134e-7 -1 1 0 0 1 -9.78445e-7 0 -1 0 0 -1 -9.78445e-7 0 -1 -7.35993e-7 0 -1 9.78444e-7 0 -1 -2.45331e-7 0 -6.29181e-7 0 -1 -3.96619e-7 0 -1 -0.008715331 0.006896972 0.9999383 0.008715152 0.006897032 0.9999383 -2.443e-7 6.47396e-7 1 2.6873e-7 6.47396e-7 1 0.7320151 -0.1507123 -0.6644093 0.4759282 -0.8455467 0.2419571 0.4392597 -0.6670314 -0.6017642 0.6075302 -0.2063306 0.7670298 0.6140362 0.6500353 0.4476759 0 0.28448 -0.958682 0.6417599 0.1321301 -0.7554375 0.692528 -0.4560506 -0.558948 1.96982e-6 0.9130733 0.4077957 -1.12561e-6 0.9130737 0.4077945 0 0.9130734 0.4077953 -1 0 0 -0.7750818 0.2202475 0.5922325 0.7766345 0.2179506 0.5910469 7.03505e-7 0.991611 -0.129258 -2.81402e-7 0.9916108 -0.1292604 0 0.9916114 -0.1292557 0 -0.7567865 0.6536622 -2.08684e-7 0 -1 -0.2419114 -0.359539 -0.9012273 0.2135551 0.9672653 -0.1370844 0.4443501 -0.1767022 0.8782536 -0.01849991 0.8660691 0.4995821 0 0.8894225 0.457086 0.9218682 0.1860665 0.3399096 0.002917826 0.9133103 0.407254 0.00298953 0.9133197 0.4072325 0.00299555 0.862783 0.5055656 -0.443845 0.8912138 -0.09348702 -2.25122e-6 0.9130733 0.4077957 1.12561e-6 0.9130735 0.407795 0.7442786 -0.6678695 0 0 0.9683381 0.2496429 0 0.7120582 0.7021206 0 0.9683381 0.2496424 0 0.7120581 0.7021205 0.793989 -0.2833011 -0.5378869 0 0.6392462 0.7690022 0 0.6392465 0.769002 0 0.04748213 0.9988721 0 0.04748225 0.9988721 -0.7442784 -0.6678695 0 0 0.2250317 0.9743515 0 0.225031 0.9743517 0 0.9022714 0.4311687 0 0.9022712 0.4311691 0 0.9054089 -0.4245409 0 0.9054083 -0.424542 0 0.6386576 -0.7694911 0 0.6386566 -0.769492 0 0.9130734 0.4077956 0 0.9130744 0.4077931 2.25122e-6 0.9130734 0.4077953 -1.12561e-6 0.9130739 0.4077942 1.12561e-6 0.9130737 0.4077948 -2.25122e-6 0.9130735 0.4077953 0.9999989 -0.001211106 -8.07448e-4 1 9.78444e-7 0 -8.44206e-7 0.9916111 -0.129258 2.81402e-7 0.9916107 -0.1292604 0 0.9916111 -0.129258 0 0.9916111 -0.1292576 1.54771e-6 0.991611 -0.1292583 8.44205e-7 0.991611 -0.1292579 -8.44206e-7 0.9916111 -0.129258 -1.40701e-6 0.9916108 -0.1292594 0 0.01351064 0.9999088 0 0.01351064 0.9999088 -0.5627614 -0.1421651 0.8143026 -0.7737245 -0.5675818 0.2814274 0.4583844 0 0.8887541 0.4583842 0 0.8887542 -0.5313248 0 -0.8471683 -0.5313263 0 -0.8471674 0 0.9942765 0.1068378 0 0.9942765 0.1068382 -0.9999899 0 -0.004509985 -0.9999899 0 -0.004509985 -0.4583844 0 0.8887541 -0.4583842 0 0.8887542 0.5313248 0 -0.8471683 0.5313249 1.8746e-6 -0.8471682 0.9999899 0 -0.004509985 0.9999899 0 -0.004509985 -0.4193714 -0.676172 -0.6057386 -0.7320151 -0.1507123 -0.6644093 -0.5719293 0.6102409 -0.5481815 -0.4392597 -0.6670314 -0.6017642 -0.002918004 0.9133103 0.407254 -0.00298953 0.9133197 0.4072325 0 1 0 -0.6140365 0.6500353 0.4476755 -0.6417599 0.13213 -0.7554375 -0.5719293 0.6102409 -0.5481815 -0.692528 -0.4560506 -0.558948 0 -1 -4.8533e-7 0.6892815 0.670852 0.2735848 0.04805171 -0.9902897 0.1304508 -0.6892815 0.670852 0.2735848 -0.04805171 -0.9902897 0.1304508 0.5719293 0.6102409 -0.5481815 0 0.9130745 0.4077928 0 0.9916108 -0.1292597</float_array>
          <technique_common>
            <accessor source="#polygon2-mesh-normals-array" count="544" stride="3">
              <param name="X" type="float"/>
              <param name="Y" type="float"/>
              <param name="Z" type="float"/>
            </accessor>
          </technique_common>
        </source>
        <source id="polygon2-mesh-map-0">
          <float_array id="polygon2-mesh-map-0-array" count="5100">0.6794128 0.3926086 0.638031 0.4425049 0.6794128 0.4425049 0.638031 0.3926086 0.638031 0.4425049 0.6794128 0.3926086 0.6794128 0.3388367 0.638031 0.3926086 0.6794128 0.3926086 0.638031 0.3388367 0.638031 0.3926086 0.6794128 0.3388367 0.6794128 0.2889404 0.638031 0.3388367 0.6794128 0.3388367 0.638031 0.2889404 0.638031 0.3388367 0.6794128 0.2889404 0.6794128 0.3388367 0.638031 0.2889404 0.6794128 0.2889404 0.638031 0.3388367 0.638031 0.2889404 0.6794128 0.3388367 0.6794128 0.3926086 0.638031 0.3388367 0.6794128 0.3388367 0.638031 0.3926086 0.638031 0.3388367 0.6794128 0.3926086 0.6794128 0.4425049 0.638031 0.3926086 0.6794128 0.3926086 0.638031 0.4425049 0.638031 0.3926086 0.6794128 0.4425049 0.6794128 0.4425049 0.638031 0.4425049 0.6794128 0.3926086 0.638031 0.3926086 0.638031 0.4425049 0.6794128 0.4425049 0.6794128 0.3926086 0.638031 0.3926086 0.6794128 0.4425049 0.638031 0.3388367 0.638031 0.3926086 0.6794128 0.3926086 0.6794128 0.3388367 0.638031 0.3388367 0.6794128 0.3926086 0.638031 0.2889404 0.638031 0.3388367 0.6794128 0.3388367 0.6794128 0.2889404 0.638031 0.2889404 0.6794128 0.3388367 0.638031 0.3388367 0.638031 0.2889404 0.6794128 0.2889404 0.6794128 0.3388367 0.638031 0.3388367 0.6794128 0.2889404 0.638031 0.3926086 0.638031 0.3388367 0.6794128 0.3388367 0.6794128 0.3926086 0.638031 0.3926086 0.6794128 0.3388367 0.638031 0.4425049 0.638031 0.3926086 0.6794128 0.3926086 0.3823547 0.816925 0.3681946 0.7494507 0.3681946 0.816925 0.3823547 0.7494507 0.3681946 0.7494507 0.3823547 0.816925 0.3973999 0.816925 0.3823547 0.7494507 0.3823547 0.816925 0.3973999 0.7494507 0.3823547 0.7494507 0.3973999 0.816925 0.4115601 0.816925 0.3973999 0.7494507 0.3973999 0.816925 0.4115601 0.7494507 0.3973999 0.7494507 0.4115601 0.816925 0.3973999 0.816925 0.4115601 0.7494507 0.4115601 0.816925 0.3973999 0.7494507 0.4115601 0.7494507 0.3973999 0.816925 0.3823547 0.816925 0.3973999 0.7494507 0.3973999 0.816925 0.3823547 0.7494507 0.3973999 0.7494507 0.3823547 0.816925 0.3681946 0.816925 0.3823547 0.7494507 0.3823547 0.816925 0.3681946 0.7494507 0.3823547 0.7494507 0.3681946 0.816925 0.5776062 0.9090576 0.5467224 0.9038391 0.5776062 0.9393311 0.5467224 0.8699951 0.5467224 0.9038391 0.5776062 0.9090576 0.5776062 0.8838806 0.5467224 0.8699951 0.5776062 0.9090576 0.5467224 0.9038391 0.5467224 0.8699951 0.5776062 0.8838806 0.5776062 0.9090576 0.5467224 0.9038391 0.5776062 0.8838806 0.5467224 0.944519 0.5467224 0.9038391 0.5776062 0.9090576 0.5776062 0.9393311 0.5467224 0.944519 0.5776062 0.9090576 0.5467224 0.978363 0.5467224 0.944519 0.5776062 0.9393311 0.5776062 0.9645081 0.5467224 0.978363 0.5776062 0.9393311 0.5467224 0.944519 0.5467224 0.978363 0.5776062 0.9645081 0.5776062 0.9393311 0.5467224 0.944519 0.5776062 0.9645081 0.5467224 0.9038391 0.5467224 0.944519 0.5776062 0.9393311 0.5776062 0.9645081 0.5467224 0.944519 0.5776062 0.9393311 0.5467224 0.978363 0.5467224 0.944519 0.5776062 0.9645081 0.5776062 0.9393311 0.5467224 0.978363 0.5776062 0.9645081 0.5467224 0.944519 0.5467224 0.978363 0.5776062 0.9393311 0.5776062 0.9090576 0.5467224 0.944519 0.5776062 0.9393311 0.5467224 0.9038391 0.5467224 0.944519 0.5776062 0.9090576 0.5776062 0.8838806 0.5467224 0.9038391 0.5776062 0.9090576 0.5467224 0.8699951 0.5467224 0.9038391 0.5776062 0.8838806 0.5776062 0.9090576 0.5467224 0.8699951 0.5776062 0.8838806 0.5467224 0.9038391 0.5467224 0.8699951 0.5776062 0.9090576 0.5776062 0.9393311 0.5467224 0.9038391 0.5776062 0.9090576 0.5467224 0.944519 0.5467224 0.9038391 0.5776062 0.9393311 0.5776062 0.9393311 0.5467224 0.944519 0.5776062 0.9645081 0.5467224 0.9038391 0.5467224 0.944519 0.5776062 0.9393311 0.5776062 0.9090576 0.5467224 0.9038391 0.5776062 0.9393311 0.5467224 0.8699951 0.5467224 0.9038391 0.5776062 0.9090576 0.5776062 0.8838806 0.5467224 0.8699951 0.5776062 0.9090576 0.5467224 0.9038391 0.5467224 0.8699951 0.5776062 0.8838806 0.5776062 0.9090576 0.5467224 0.9038391 0.5776062 0.8838806 0.5467224 0.944519 0.5467224 0.9038391 0.5776062 0.9090576 0.5776062 0.9393311 0.5467224 0.944519 0.5776062 0.9090576 0.5467224 0.978363 0.5467224 0.944519 0.5776062 0.9393311 0.5776062 0.9645081 0.5467224 0.978363 0.5776062 0.9393311 0.5467224 0.944519 0.5467224 0.978363 0.5776062 0.9645081 0.5776062 0.9645081 0.5467224 0.944519 0.5776062 0.9393311 0.5467224 0.978363 0.5467224 0.944519 0.5776062 0.9645081 0.5776062 0.9393311 0.5467224 0.978363 0.5776062 0.9645081 0.5467224 0.944519 0.5467224 0.978363 0.5776062 0.9393311 0.5776062 0.9090576 0.5467224 0.944519 0.5776062 0.9393311 0.5467224 0.9038391 0.5467224 0.944519 0.5776062 0.9090576 0.5776062 0.8838806 0.5467224 0.9038391 0.5776062 0.9090576 0.5467224 0.8699951 0.5467224 0.9038391 0.5776062 0.8838806 0.5776062 0.9090576 0.5467224 0.8699951 0.5776062 0.8838806 0.5467224 0.9038391 0.5467224 0.8699951 0.5776062 0.9090576 0.5776062 0.9393311 0.5467224 0.9038391 0.5776062 0.9090576 0.5467224 0.944519 0.5467224 0.9038391 0.5776062 0.9393311 0.5610352 0.8274231 0.5428772 0.8274231 0.538269 0.7457886 0.5291748 0.7783203 0.5428772 0.8274231 0.5610352 0.8274231 0.538269 0.7457886 0.5291748 0.7783203 0.5610352 0.8274231 0.50177 0.7783203 0.5291748 0.7783203 0.538269 0.7457886 0.4927063 0.7457886 0.50177 0.7783203 0.538269 0.7457886 0.4880981 0.8274231 0.50177 0.7783203 0.4927063 0.7457886 0.4699402 0.8274231 0.4880981 0.8274231 0.4927063 0.7457886 0.50177 0.7783203 0.4880981 0.8274231 0.4699402 0.8274231 0.4927063 0.7457886 0.50177 0.7783203 0.4699402 0.8274231 0.5291748 0.7783203 0.50177 0.7783203 0.4927063 0.7457886 0.538269 0.7457886 0.5291748 0.7783203 0.4927063 0.7457886 0.5428772 0.8274231 0.5291748 0.7783203 0.538269 0.7457886 0.538269 0.7457886 0.5428772 0.8274231 0.5610352 0.8274231 0.5291748 0.7783203 0.5428772 0.8274231 0.538269 0.7457886 0.4927063 0.7457886 0.5291748 0.7783203 0.538269 0.7457886 0.50177 0.7783203 0.5291748 0.7783203 0.4927063 0.7457886 0.4699402 0.8274231 0.50177 0.7783203 0.4927063 0.7457886 0.4880981 0.8274231 0.50177 0.7783203 0.4699402 0.8274231 0.4927063 0.7457886 0.4880981 0.8274231 0.4699402 0.8274231 0.50177 0.7783203 0.4880981 0.8274231 0.4927063 0.7457886 0.538269 0.7457886 0.50177 0.7783203 0.4927063 0.7457886 0.5291748 0.7783203 0.50177 0.7783203 0.538269 0.7457886 0.5610352 0.8274231 0.5291748 0.7783203 0.538269 0.7457886 0.5428772 0.8274231 0.5291748 0.7783203 0.5610352 0.8274231 0.9311523 0.5186768 0.780304 0.4676819 0.7798767 0.5185242 0.9313354 0.4676208 0.780304 0.4676819 0.9311523 0.5186768 0.9412842 0.5186462 0.9313354 0.4676208 0.9311523 0.5186768 0.9414368 0.4681702 0.9313354 0.4676208 0.9412842 0.5186462 0.9523621 0.4681702 0.9414368 0.4681702 0.9412842 0.5186462 0.9417725 0.3761292 0.9414368 0.4681702 0.9523621 0.4681702 0.9526978 0.3760986 0.9417725 0.3761292 0.9523621 0.4681702 0.9415588 0.2605896 0.9417725 0.3761292 0.9526978 0.3760986 0.9518738 0.2605896 0.9415588 0.2605896 0.9526978 0.3760986 0.9415588 0.04434204 0.9415588 0.2605896 0.9518738 0.2605896 0.9518738 0.04434204 0.9415588 0.04434204 0.9518738 0.2605896 0.7121277 0.2572632 0.7803955 0.2566223 0.7115784 0.3752136 0.7801514 0.2104187 0.7803955 0.2566223 0.7121277 0.2572632 0.7801208 0.1841431 0.7801514 0.2104187 0.7121277 0.2572632 0.8787842 0.2112732 0.7801514 0.2104187 0.7801208 0.1841431 0.9101868 0.1841431 0.8787842 0.2112732 0.7801208 0.1841431 0.9309387 0.2609253 0.8787842 0.2112732 0.9101868 0.1841431 0.9309387 0.04434204 0.9309387 0.2609253 0.9101868 0.1841431 0.9415588 0.2605896 0.9309387 0.2609253 0.9309387 0.04434204 0.9415588 0.04434204 0.9415588 0.2605896 0.9309387 0.04434204 0.9518738 0.2605896 0.9415588 0.2605896 0.9415588 0.04434204 0.9518738 0.04434204 0.9518738 0.2605896 0.9415588 0.04434204 0.2900391 0.7406921 0.346283 0.7406921 0.348938 0.779541 0.2900391 0.7406921 0.346283 0.7406921 0.2900391 0.7406921 0.288208 0.779541 0.2900391 0.7406921 0.2900391 0.7406921 0.348938 0.779541 0.2900391 0.7406921 0.288208 0.779541 0.3373718 0.8179016 0.348938 0.779541 0.288208 0.779541 0.3373718 0.8179016 0.348938 0.779541 0.3373718 0.8179016 0.3018188 0.8179016 0.3373718 0.8179016 0.3373718 0.8179016 0.288208 0.779541 0.3373718 0.8179016 0.3018188 0.8179016 0.3018188 0.8179016 0.288208 0.779541 0.3018188 0.8179016 0.288208 0.779541 0.288208 0.779541 0.3018188 0.8179016 0.3373718 0.8179016 0.288208 0.779541 0.3018188 0.8179016 0.7803955 0.2566223 0.7115784 0.3752136 0.7802734 0.2999878 0.7121277 0.2572632 0.7115784 0.3752136 0.7803955 0.2566223 0.7801514 0.2104187 0.7121277 0.2572632 0.7803955 0.2566223 0.7801208 0.1841431 0.7121277 0.2572632 0.7801514 0.2104187 0.8787842 0.2112732 0.7801208 0.1841431 0.7801514 0.2104187 0.9101868 0.1841431 0.7801208 0.1841431 0.8787842 0.2112732 0.9309387 0.2609253 0.9101868 0.1841431 0.8787842 0.2112732 0.9309387 0.04434204 0.9101868 0.1841431 0.9309387 0.2609253 0.9415588 0.2605896 0.9309387 0.04434204 0.9309387 0.2609253 0.9415588 0.04434204 0.9309387 0.04434204 0.9415588 0.2605896 0.7798767 0.5185242 0.9311218 0.5740356 0.7800903 0.5736389 0.9311523 0.5186768 0.9311218 0.5740356 0.7798767 0.5185242 0.780304 0.4676819 0.9311523 0.5186768 0.7798767 0.5185242 0.9313354 0.4676208 0.9311523 0.5186768 0.780304 0.4676819 0.7804871 0.3756104 0.9313354 0.4676208 0.780304 0.4676819 0.9307861 0.375946 0.9313354 0.4676208 0.7804871 0.3756104 0.8785706 0.2996826 0.9307861 0.375946 0.7804871 0.3756104 0.9309387 0.2609253 0.9307861 0.375946 0.8785706 0.2996826 0.8786926 0.2560425 0.9309387 0.2609253 0.8785706 0.2996826 0.8787842 0.2112732 0.9309387 0.2609253 0.8786926 0.2560425 0.2900391 0.7406921 0.348938 0.779541 0.346283 0.7406921 0.288208 0.779541 0.348938 0.779541 0.2900391 0.7406921 0.288208 0.779541 0.288208 0.779541 0.2900391 0.7406921 0.3018188 0.8179016 0.288208 0.779541 0.288208 0.779541 0.3373718 0.8179016 0.3018188 0.8179016 0.288208 0.779541 0.3018188 0.8179016 0.3018188 0.8179016 0.3373718 0.8179016 0.3373718 0.8179016 0.3018188 0.8179016 0.3373718 0.8179016 0.288208 0.779541 0.3018188 0.8179016 0.3373718 0.8179016 0.348938 0.779541 0.288208 0.779541 0.3373718 0.8179016 0.9412842 0.5186462 0.9522095 0.5186462 0.9523621 0.4681702 0.9522095 0.5739441 0.9522095 0.5186462 0.9412842 0.5186462 0.9412842 0.5738831 0.9522095 0.5739441 0.9412842 0.5186462 0.9526978 0.6705017 0.9522095 0.5739441 0.9412842 0.5738831 0.9414368 0.6705017 0.9526978 0.6705017 0.9412842 0.5738831 0.9919128 0.7614136 0.9526978 0.6705017 0.9414368 0.6705017 0.9804077 0.7614136 0.9919128 0.7614136 0.9414368 0.6705017 0.9920654 0.7976379 0.9919128 0.7614136 0.9804077 0.7614136 0.9803162 0.797821 0.9920654 0.7976379 0.9804077 0.7614136 0.2265625 0.7860718 0.2720947 0.8370056 0.2368774 0.8370056 0.2527466 0.7424927 0.2720947 0.8370056 0.2265625 0.7860718 0.2152405 0.7737122 0.2527466 0.7424927 0.2265625 0.7860718 0.2192993 0.7320557 0.2527466 0.7424927 0.2152405 0.7737122 0.1489562 0.7733765 0.2192993 0.7320557 0.2152405 0.7737122 0.1487122 0.7321167 0.2192993 0.7320557 0.1489562 0.7733765 0.1489562 0.7733765 0.1487122 0.7321167 0.1489562 0.7733765 0.1487122 0.7321167 0.1487122 0.7321167 0.1489562 0.7733765 0.2192993 0.7320557 0.1487122 0.7321167 0.1489562 0.7733765 0.794281 0.2251892 0.7801514 0.2104187 0.7803955 0.2566223 0.8787842 0.2112732 0.7801514 0.2104187 0.794281 0.2251892 0.8656006 0.2252808 0.8787842 0.2112732 0.794281 0.2251892 0.8786926 0.2560425 0.8787842 0.2112732 0.8656006 0.2252808 0.8657227 0.2853394 0.8786926 0.2560425 0.8656006 0.2252808 0.8785706 0.2996826 0.8786926 0.2560425 0.8657227 0.2853394 0.7940674 0.2831421 0.8785706 0.2996826 0.8657227 0.2853394 0.7802734 0.2999878 0.8785706 0.2996826 0.7940674 0.2831421 0.7803955 0.2566223 0.7802734 0.2999878 0.7940674 0.2831421 0.7123413 0.04434204 0.7801208 0.1841431 0.7796631 0.04434204 0.7121277 0.2572632 0.7801208 0.1841431 0.7123413 0.04434204 0.5551758 0.1277466 0.7121277 0.2572632 0.7123413 0.04434204 0.5424194 0.2120361 0.7121277 0.2572632 0.5551758 0.1277466 0.4842224 0.1101074 0.5424194 0.2120361 0.5551758 0.1277466 0.4382019 0.1516724 0.5424194 0.2120361 0.4842224 0.1101074 0.4553528 0.06820678 0.4382019 0.1516724 0.4842224 0.1101074 0.3768616 0.1187744 0.4382019 0.1516724 0.4553528 0.06820678 0.3767395 0.04434204 0.3768616 0.1187744 0.4553528 0.06820678 0.7595825 0.9866028 0.7521973 0.9714966 0.6958008 0.9867554 0.7521973 0.8758545 0.7521973 0.9714966 0.7595825 0.9866028 0.7595825 0.8607178 0.7521973 0.8758545 0.7595825 0.9866028 0.7032776 0.8758545 0.7521973 0.8758545 0.7595825 0.8607178 0.6959229 0.8607178 0.7032776 0.8758545 0.7595825 0.8607178 0.7032166 0.9716187 0.7032776 0.8758545 0.6959229 0.8607178 0.6958008 0.9867554 0.7032166 0.9716187 0.6959229 0.8607178 0.7521973 0.9714966 0.7032166 0.9716187 0.6958008 0.9867554 0.4553528 0.06820678 0.4889221 0.06738281 0.4840698 0.07464599 0.4633484 0.06097412 0.4889221 0.06738281 0.4553528 0.06820678 0.4553223 0.04434204 0.4633484 0.06097412 0.4553528 0.06820678 0.4633179 0.04434204 0.4633484 0.06097412 0.4553223 0.04434204 0.4633484 0.06097412 0.4633179 0.04434204 0.4553223 0.04434204 0.4889221 0.06738281 0.4633179 0.04434204 0.4633484 0.06097412 0.4553528 0.06820678 0.4889221 0.06738281 0.4633484 0.06097412 0.4840698 0.07464599 0.4889221 0.06738281 0.4553528 0.06820678 0.6958008 0.9867554 0.7521973 0.9714966 0.7595825 0.9866028 0.7032166 0.9716187 0.7521973 0.9714966 0.6958008 0.9867554 0.6959229 0.8607178 0.7032166 0.9716187 0.6958008 0.9867554 0.7032776 0.8758545 0.7032166 0.9716187 0.6959229 0.8607178 0.7595825 0.8607178 0.7032776 0.8758545 0.6959229 0.8607178 0.7521973 0.8758545 0.7032776 0.8758545 0.7595825 0.8607178 0.7595825 0.9866028 0.7521973 0.8758545 0.7595825 0.8607178 0.7521973 0.9714966 0.7521973 0.8758545 0.7595825 0.9866028 0.9414368 0.6705017 0.9526978 0.6705017 0.9919128 0.7614136 0.9412842 0.5738831 0.9526978 0.6705017 0.9414368 0.6705017 0.9309998 0.6705627 0.9412842 0.5738831 0.9414368 0.6705017 0.9311218 0.5740356 0.9412842 0.5738831 0.9309998 0.6705627 0.8871155 0.6820374 0.9311218 0.5740356 0.9309998 0.6705627 0.7800903 0.5736389 0.9311218 0.5740356 0.8871155 0.6820374 0.780304 0.6794128 0.7800903 0.5736389 0.8871155 0.6820374 0.7480469 0.7084351 0.7800903 0.5736389 0.780304 0.6794128 0.3893738 0.733429 0.4126282 0.8329773 0.4126282 0.733429 0.3893738 0.8329773 0.4126282 0.8329773 0.3893738 0.733429 0.3680725 0.733429 0.3893738 0.8329773 0.3893738 0.733429 0.3680725 0.8329773 0.3893738 0.8329773 0.3680725 0.733429 0.3893738 0.733429 0.3680725 0.8329773 0.3680725 0.733429 0.3893738 0.8329773 0.3680725 0.8329773 0.3893738 0.733429 0.4126282 0.733429 0.3893738 0.8329773 0.3893738 0.733429 0.4126282 0.8329773 0.3893738 0.8329773 0.4126282 0.733429 0.3893738 0.8329773 0.4126282 0.733429 0.4126282 0.8329773 0.3893738 0.733429 0.4126282 0.733429 0.3893738 0.8329773 0.3680725 0.8329773 0.3893738 0.733429 0.3893738 0.8329773 0.3680725 0.733429 0.3893738 0.733429 0.3680725 0.8329773 0.3893738 0.8329773 0.3680725 0.733429 0.3680725 0.8329773 0.3893738 0.733429 0.3680725 0.733429 0.3893738 0.8329773 0.4126282 0.8329773 0.3893738 0.733429 0.3893738 0.8329773 0.4126282 0.733429 0.3893738 0.733429 0.4126282 0.8329773 0.3680725 0.8329773 0.3893433 0.733429 0.3893433 0.8329773 0.3680725 0.733429 0.3893433 0.733429 0.3680725 0.8329773 0.3893433 0.8329773 0.3680725 0.733429 0.3680725 0.8329773 0.3893433 0.733429 0.3680725 0.733429 0.3893433 0.8329773 0.4114685 0.8329773 0.3893433 0.733429 0.3893433 0.8329773 0.4114685 0.733429 0.3893433 0.733429 0.4114685 0.8329773 0.3893433 0.8329773 0.4114685 0.733429 0.4114685 0.8329773 0.3893433 0.733429 0.4114685 0.733429 0.3893433 0.8329773 0.6889954 0.8036804 0.7098694 0.8356628 0.7098389 0.7663879 0.6574097 0.8355713 0.7098694 0.8356628 0.6889954 0.8036804 0.6559448 0.8099976 0.6574097 0.8355713 0.6889954 0.8036804 0.6141663 0.8357544 0.6574097 0.8355713 0.6559448 0.8099976 0.6083679 0.8028259 0.6141663 0.8357544 0.6559448 0.8099976 0.5809326 0.7973328 0.6141663 0.8357544 0.6083679 0.8028259 0.5808716 0.7663269 0.5809326 0.7973328 0.6083679 0.8028259 0.4633179 0.04434204 0.4889221 0.06738281 0.4633484 0.06097412 0.5471802 0.04434204 0.4889221 0.06738281 0.4633179 0.04434204 0.4889221 0.06738281 0.5471802 0.04434204 0.4633179 0.04434204 0.5471191 0.1145935 0.5471802 0.04434204 0.4889221 0.06738281 0.4888306 0.1002502 0.5471191 0.1145935 0.4889221 0.06738281 0.5551758 0.1277466 0.5471191 0.1145935 0.4888306 0.1002502 0.4842224 0.1101074 0.5551758 0.1277466 0.4888306 0.1002502 0.6889954 0.729187 0.6889954 0.8036804 0.7098389 0.7663879 0.6559448 0.8099976 0.6889954 0.8036804 0.6889954 0.729187 0.6559448 0.7228394 0.6559448 0.8099976 0.6889954 0.729187 0.6083679 0.8028259 0.6559448 0.8099976 0.6559448 0.7228394 0.6083679 0.730011 0.6083679 0.8028259 0.6559448 0.7228394 0.5808716 0.7663269 0.6083679 0.8028259 0.6083679 0.730011 0.5809326 0.7355347 0.5808716 0.7663269 0.6083679 0.730011 0.9804077 0.7614136 0.9680481 0.7976379 0.9803162 0.797821 0.9663696 0.7608032 0.9680481 0.7976379 0.9804077 0.7614136 0.9414368 0.6705017 0.9663696 0.7608032 0.9804077 0.7614136 0.9309998 0.6705627 0.9663696 0.7608032 0.9414368 0.6705017 0.9412842 0.5738831 0.9309998 0.6705627 0.9414368 0.6705017 0.9311218 0.5740356 0.9309998 0.6705627 0.9412842 0.5738831 0.9311523 0.5186768 0.9311218 0.5740356 0.9412842 0.5738831 0.2246399 0.8601685 0.2627869 0.9856567 0.2628174 0.8601074 0.2246399 0.9857178 0.2627869 0.9856567 0.2246399 0.8601685 0.1851196 0.8600769 0.2246399 0.9857178 0.2246399 0.8601685 0.1851196 0.9856262 0.2246399 0.9857178 0.1851196 0.8600769 0.1463623 0.8600769 0.1851196 0.9856262 0.1851196 0.8600769 0.1463623 0.9856262 0.1851196 0.9856262 0.1463623 0.8600769 0.3893433 0.733429 0.3680725 0.8329773 0.3680725 0.733429 0.3893433 0.8329773 0.3680725 0.8329773 0.3893433 0.733429 0.3893433 0.733429 0.3893433 0.8329773 0.3893433 0.733429 0.3893433 0.8329773 0.3893433 0.8329773 0.3893433 0.733429 0.3680725 0.733429 0.3893433 0.8329773 0.3893433 0.733429 0.3680725 0.8329773 0.3893433 0.8329773 0.3680725 0.733429 0.3893433 0.733429 0.3680725 0.8329773 0.3680725 0.733429 0.3893433 0.8329773 0.3680725 0.8329773 0.3893433 0.733429 0.3893433 0.733429 0.3893433 0.8329773 0.3893433 0.733429 0.3893433 0.8329773 0.3893433 0.8329773 0.3893433 0.733429 0.3680725 0.733429 0.3893433 0.8329773 0.3893433 0.733429 0.3680725 0.8329773 0.3893433 0.8329773 0.3680725 0.733429 0.9309998 0.6705627 0.8684387 0.734436 0.8871155 0.6820374 0.9663696 0.7608032 0.8684387 0.734436 0.9309998 0.6705627 0.9414368 0.6705017 0.9663696 0.7608032 0.9309998 0.6705627 0.9804077 0.7614136 0.9663696 0.7608032 0.9414368 0.6705017 0.9919128 0.7614136 0.9804077 0.7614136 0.9414368 0.6705017 0.9920654 0.7976379 0.9804077 0.7614136 0.9919128 0.7614136 0.3680725 0.8329773 0.3680725 0.733429 0.4133606 0.8329773 0.4133606 0.733429 0.3680725 0.733429 0.3680725 0.8329773 0.4133606 0.8329773 0.4133606 0.733429 0.3680725 0.8329773 0.4133606 0.733429 0.4133606 0.733429 0.4133606 0.8329773 0.4133606 0.8329773 0.4133606 0.733429 0.4133606 0.8329773 0.3680725 0.733429 0.4133606 0.733429 0.4133606 0.8329773 0.4133606 0.8329773 0.3680725 0.733429 0.3680725 0.8329773 0.4133606 0.733429 0.3680725 0.733429 0.4133606 0.8329773 0.4133606 0.8329773 0.4133606 0.733429 0.4133606 0.8329773 0.4133606 0.733429 0.4133606 0.733429 0.4133606 0.8329773 0.3680725 0.8329773 0.4133606 0.733429 0.4133606 0.8329773 0.3680725 0.733429 0.4133606 0.733429 0.3680725 0.8329773 0.2246399 0.8601685 0.2627869 0.9856567 0.2628174 0.8601074 0.2246399 0.9857178 0.2627869 0.9856567 0.2246399 0.8601685 0.1851196 0.8600769 0.2246399 0.9857178 0.2246399 0.8601685 0.1851196 0.9856262 0.2246399 0.9857178 0.1851196 0.8600769 0.1463623 0.8600769 0.1851196 0.9856262 0.1851196 0.8600769 0.1463623 0.9856262 0.1851196 0.9856262 0.1463623 0.8600769 0.794281 0.2251892 0.7803955 0.2566223 0.7801514 0.2104187 0.7940674 0.2831421 0.7803955 0.2566223 0.794281 0.2251892 0.8656006 0.2252808 0.7940674 0.2831421 0.794281 0.2251892 0.8657227 0.2853394 0.7940674 0.2831421 0.8656006 0.2252808 0.8786926 0.2560425 0.8657227 0.2853394 0.8656006 0.2252808 0.8785706 0.2996826 0.8657227 0.2853394 0.8786926 0.2560425 0.2192993 0.7320557 0.2152405 0.7737122 0.2527466 0.7424927 0.1489562 0.7733765 0.2152405 0.7737122 0.2192993 0.7320557 0.1487122 0.7321167 0.1489562 0.7733765 0.2192993 0.7320557 0.1489562 0.7733765 0.1489562 0.7733765 0.1487122 0.7321167 0.1487122 0.7321167 0.1489562 0.7733765 0.1487122 0.7321167 0.2192993 0.7320557 0.1489562 0.7733765 0.1487122 0.7321167 0.2246399 0.8601685 0.2627869 0.9856567 0.2628174 0.8601074 0.2246399 0.9857178 0.2627869 0.9856567 0.2246399 0.8601685 0.1851196 0.8600769 0.2246399 0.9857178 0.2246399 0.8601685 0.1851196 0.9856262 0.2246399 0.9857178 0.1851196 0.8600769 0.1463623 0.8600769 0.1851196 0.9856262 0.1851196 0.8600769 0.1463623 0.9856262 0.1851196 0.9856262 0.1463623 0.8600769 0.2246399 0.8601685 0.2627869 0.9856567 0.2628174 0.8601074 0.2246399 0.9857178 0.2627869 0.9856567 0.2246399 0.8601685 0.1851196 0.8600769 0.2246399 0.9857178 0.2246399 0.8601685 0.1851196 0.9856262 0.2246399 0.9857178 0.1851196 0.8600769 0.1463623 0.8600769 0.1851196 0.9856262 0.1851196 0.8600769 0.1463623 0.9856262 0.1851196 0.9856262 0.1463623 0.8600769 0.9526978 0.3760986 0.9415588 0.2605896 0.9518738 0.2605896 0.9417725 0.3761292 0.9415588 0.2605896 0.9526978 0.3760986 0.9523621 0.4681702 0.9417725 0.3761292 0.9526978 0.3760986 0.9414368 0.4681702 0.9417725 0.3761292 0.9523621 0.4681702 0.9412842 0.5186462 0.9414368 0.4681702 0.9523621 0.4681702 0.9313354 0.4676208 0.9414368 0.4681702 0.9412842 0.5186462 0.2246399 0.8601685 0.2627869 0.9856567 0.2628174 0.8601074 0.2246399 0.9857178 0.2627869 0.9856567 0.2246399 0.8601685 0.1851196 0.8600769 0.2246399 0.9857178 0.2246399 0.8601685 0.1851196 0.9856262 0.2246399 0.9857178 0.1851196 0.8600769 0.1463623 0.8600769 0.1851196 0.9856262 0.1851196 0.8600769 0.1463623 0.9856262 0.1851196 0.9856262 0.1463623 0.8600769 0.2246399 0.8601685 0.2627869 0.9856567 0.2628174 0.8601074 0.2246399 0.9857178 0.2627869 0.9856567 0.2246399 0.8601685 0.1851196 0.8600769 0.2246399 0.9857178 0.2246399 0.8601685 0.1851196 0.9856262 0.2246399 0.9857178 0.1851196 0.8600769 0.1463623 0.8600769 0.1851196 0.9856262 0.1851196 0.8600769 0.1463623 0.9856262 0.1851196 0.9856262 0.1463623 0.8600769 0.2246399 0.8601685 0.2627869 0.9856567 0.2628174 0.8601074 0.2246399 0.9857178 0.2627869 0.9856567 0.2246399 0.8601685 0.1851196 0.8600769 0.2246399 0.9857178 0.2246399 0.8601685 0.1851196 0.9856262 0.2246399 0.9857178 0.1851196 0.8600769 0.1463623 0.8600769 0.1851196 0.9856262 0.1851196 0.8600769 0.1463623 0.9856262 0.1851196 0.9856262 0.1463623 0.8600769 0.5551758 0.1277466 0.5471802 0.04434204 0.5552673 0.04434204 0.5471191 0.1145935 0.5471802 0.04434204 0.5551758 0.1277466 0.4888306 0.1002502 0.5471191 0.1145935 0.5551758 0.1277466 0.4889221 0.06738281 0.5471191 0.1145935 0.4888306 0.1002502 0.4840698 0.07464599 0.4889221 0.06738281 0.4888306 0.1002502 0.241394 0.4681702 0.2415771 0.6548157 0.2807617 0.5149841 0.1782227 0.6549072 0.2415771 0.6548157 0.241394 0.4681702 0.1064453 0.4690247 0.1782227 0.6549072 0.241394 0.4681702 0.135498 0.6954651 0.1782227 0.6549072 0.1064453 0.4690247 0.1064453 0.6957092 0.135498 0.6954651 0.1064453 0.4690247 0.5551758 0.1277466 0.5424194 0.2120361 0.4842224 0.1101074 0.7121277 0.2572632 0.5424194 0.2120361 0.5551758 0.1277466 0.7123413 0.04434204 0.7121277 0.2572632 0.5551758 0.1277466 0.7801208 0.1841431 0.7121277 0.2572632 0.7123413 0.04434204 0.7796631 0.04434204 0.7801208 0.1841431 0.7123413 0.04434204 0.3624268 0.8835449 0.4459839 0.882843 0.4457092 0.9313354 0.4467163 0.9689942 0.4459839 0.882843 0.3624268 0.8835449 0.3631592 0.969696 0.4467163 0.9689942 0.3624268 0.8835449 0.4457092 0.9313354 0.4467163 0.9689942 0.3631592 0.969696 0.3624268 0.8835449 0.4457092 0.9313354 0.3631592 0.969696 0.7801208 0.1841431 0.9062195 0.1755981 0.9101868 0.1841431 0.783844 0.1755981 0.9062195 0.1755981 0.7801208 0.1841431 0.7796631 0.04434204 0.783844 0.1755981 0.7801208 0.1841431 0.7908936 0.04434204 0.783844 0.1755981 0.7796631 0.04434204 0.783844 0.1755981 0.7908936 0.04434204 0.7796631 0.04434204 0.2152405 0.7737122 0.2265625 0.7860718 0.2527466 0.7424927 0.2265625 0.7860718 0.2265625 0.7860718 0.2152405 0.7737122 0.2152405 0.7737122 0.2265625 0.7860718 0.2152405 0.7737122 0.2527466 0.7424927 0.2265625 0.7860718 0.2152405 0.7737122 0.2192993 0.7320557 0.2527466 0.7424927 0.2152405 0.7737122 0.780304 0.4676819 0.7111816 0.4677734 0.7800903 0.5736389 0.7115784 0.3752136 0.7111816 0.4677734 0.780304 0.4676819 0.7804871 0.3756104 0.7115784 0.3752136 0.780304 0.4676819 0.7802734 0.2999878 0.7115784 0.3752136 0.7804871 0.3756104 0.8785706 0.2996826 0.7802734 0.2999878 0.7804871 0.3756104 0.3624268 0.8835449 0.4459839 0.882843 0.4457092 0.9313354 0.4467163 0.9689942 0.4459839 0.882843 0.3624268 0.8835449 0.3631592 0.969696 0.4467163 0.9689942 0.3624268 0.8835449 0.4457092 0.9313354 0.4467163 0.9689942 0.3631592 0.969696 0.3624268 0.8835449 0.4457092 0.9313354 0.3631592 0.969696 0.2746887 0.09848022 0.2427979 0.03012084 0.2427979 0.03012084 0.2746887 0.09848022 0.2427979 0.03012084 0.2746887 0.09848022 0.1993713 0.4011536 0.2746887 0.09848022 0.2746887 0.09848022 0.1993713 0.4011536 0.2746887 0.09848022 0.1993713 0.4011536 0.3316345 0.3195496 0.3485107 0.3588257 0.3317261 0.3588257 0.3485107 0.04244995 0.3485107 0.3588257 0.3316345 0.3195496 0.3060608 0.2910461 0.3485107 0.04244995 0.3316345 0.3195496 0.3213501 0.01968383 0.3485107 0.04244995 0.3060608 0.2910461 0.8645935 0.7339172 0.7480469 0.7971802 0.7480469 0.7084351 0.8645935 0.7973938 0.7480469 0.7971802 0.8645935 0.7339172 0.8684387 0.734436 0.8645935 0.7973938 0.8645935 0.7339172 0.8684387 0.7976074 0.8645935 0.7973938 0.8684387 0.734436 0.1034241 0.09848022 0.1034241 0.03012084 0.1034241 0.03012084 0.1034241 0.09848022 0.1034241 0.03012084 0.1034241 0.09848022 0.1034241 0.4183044 0.1034241 0.09848022 0.1034241 0.09848022 0.1034241 0.4183044 0.1034241 0.09848022 0.1034241 0.4183044 0.8218384 0.9768067 0.8218384 0.8650818 0.8117676 0.8650818 0.8319092 0.8650818 0.8218384 0.8650818 0.8218384 0.9768067 0.8463135 0.9768067 0.8319092 0.8650818 0.8218384 0.9768067 0.8694458 0.9768067 0.8319092 0.8650818 0.8463135 0.9768067 0.774231 0.9768067 0.8022461 0.8650818 0.8117676 0.8650818 0.8117676 0.8650818 0.8022461 0.8650818 0.774231 0.9768067 0.7973328 0.9768067 0.8117676 0.8650818 0.774231 0.9768067 0.8218384 0.9768067 0.8117676 0.8650818 0.7973328 0.9768067 0.8218384 0.9768067 0.8218384 0.8650818 0.8319092 0.8650818 0.8117676 0.8650818 0.8218384 0.8650818 0.8218384 0.9768067 0.7973328 0.9768067 0.8117676 0.8650818 0.8218384 0.9768067 0.774231 0.9768067 0.8117676 0.8650818 0.7973328 0.9768067 0.9412842 0.5738831 0.9522095 0.5739441 0.9526978 0.6705017 0.9412842 0.5186462 0.9522095 0.5739441 0.9412842 0.5738831 0.9311523 0.5186768 0.9412842 0.5186462 0.9412842 0.5738831 0.9313354 0.4676208 0.9412842 0.5186462 0.9311523 0.5186768 0.1782227 0.6549072 0.241394 0.4681702 0.2415771 0.6548157 0.1064453 0.4690247 0.241394 0.4681702 0.1782227 0.6549072 0.135498 0.6954651 0.1064453 0.4690247 0.1782227 0.6549072 0.1064453 0.6957092 0.1064453 0.4690247 0.135498 0.6954651 0.8319092 0.8650818 0.8463135 0.9768067 0.8218384 0.9768067 0.8694458 0.9768067 0.8463135 0.9768067 0.8319092 0.8650818 0.8414307 0.8650818 0.8694458 0.9768067 0.8319092 0.8650818 0.8319092 0.8650818 0.8694458 0.9768067 0.8414307 0.8650818 0.2368774 0.8370056 0.2265625 0.7860718 0.2368774 0.8370056 0.2265625 0.7860718 0.2265625 0.7860718 0.2368774 0.8370056 0.2720947 0.8370056 0.2265625 0.7860718 0.2368774 0.8370056 0.2527466 0.7424927 0.2265625 0.7860718 0.2720947 0.8370056 0.7041321 0.6474915 0.7110596 0.5746765 0.7480469 0.7084351 0.5897217 0.5779114 0.7110596 0.5746765 0.7041321 0.6474915 0.589386 0.6471558 0.5897217 0.5779114 0.7041321 0.6474915 0.4461365 0.646698 0.5897217 0.5779114 0.589386 0.6471558 0.2265625 0.7860718 0.2152405 0.7737122 0.2265625 0.7860718 0.2152405 0.7737122 0.2152405 0.7737122 0.2265625 0.7860718 0.2527466 0.7424927 0.2152405 0.7737122 0.2265625 0.7860718 0.2192993 0.7320557 0.2152405 0.7737122 0.2527466 0.7424927 0.3631592 0.969696 0.4457092 0.9313354 0.4467163 0.9689942 0.3624268 0.8835449 0.4457092 0.9313354 0.3631592 0.969696 0.4467163 0.9689942 0.3624268 0.8835449 0.3631592 0.969696 0.4459839 0.882843 0.3624268 0.8835449 0.4467163 0.9689942 0.288208 0.779541 0.348938 0.779541 0.3373718 0.8179016 0.2900391 0.7406921 0.348938 0.779541 0.288208 0.779541 0.2900391 0.7406921 0.2900391 0.7406921 0.288208 0.779541 0.346283 0.7406921 0.2900391 0.7406921 0.2900391 0.7406921 0.4501648 0.9034424 0.4501648 0.9146118 0.4501343 0.9090271 0.4351807 0.9092102 0.4501648 0.9146118 0.4501648 0.9034424 0.4501343 0.9090271 0.4351807 0.9092102 0.4501648 0.9034424 0.4501648 0.9146118 0.4351807 0.9092102 0.4501343 0.9090271 0.9313354 0.4676208 0.7804871 0.3756104 0.780304 0.4676819 0.9307861 0.375946 0.7804871 0.3756104 0.9313354 0.4676208 0.9414368 0.4681702 0.9307861 0.375946 0.9313354 0.4676208 0.9417725 0.3761292 0.9307861 0.375946 0.9414368 0.4681702 0.3485107 0.04244995 0.3060608 0.2910461 0.3213501 0.01968383 0.3316345 0.3195496 0.3060608 0.2910461 0.3485107 0.04244995 0.3485107 0.3588257 0.3316345 0.3195496 0.3485107 0.04244995 0.3317261 0.3588257 0.3316345 0.3195496 0.3485107 0.3588257 0.5197449 0.9176025 0.4833679 0.8672791 0.511322 0.8672791 0.4754944 0.9175415 0.4833679 0.8672791 0.5197449 0.9176025 0.5108337 0.9725952 0.4754944 0.9175415 0.5197449 0.9176025 0.4859619 0.9726257 0.4754944 0.9175415 0.5108337 0.9725952 0.8684387 0.734436 0.8645935 0.7973938 0.8684387 0.7976074 0.8645935 0.7339172 0.8645935 0.7973938 0.8684387 0.734436 0.8871155 0.6820374 0.8645935 0.7339172 0.8684387 0.734436 0.8805542 0.6838379 0.8645935 0.7339172 0.8871155 0.6820374 0.4461365 0.646698 0.4439697 0.5713196 0.3634644 0.5658264 0.5897217 0.5779114 0.4439697 0.5713196 0.4461365 0.646698 0.589386 0.6471558 0.5897217 0.5779114 0.4461365 0.646698 0.7041321 0.6474915 0.5897217 0.5779114 0.589386 0.6471558 0.8684387 0.734436 0.9309998 0.6705627 0.8871155 0.6820374 0.9663696 0.7608032 0.9309998 0.6705627 0.8684387 0.734436 0.8684387 0.7976074 0.9663696 0.7608032 0.8684387 0.734436 0.9680481 0.7976379 0.9663696 0.7608032 0.8684387 0.7976074 0.5556641 0.4546509 0.5629272 0.2782288 0.4376221 0.2442322 0.6139832 0.2778625 0.5629272 0.2782288 0.5556641 0.4546509 0.6139832 0.4548035 0.6139832 0.2778625 0.5556641 0.4546509 0.2152405 0.7737122 0.1489562 0.7733765 0.2152405 0.7737122 0.1489562 0.7733765 0.1489562 0.7733765 0.2152405 0.7737122 0.2192993 0.7320557 0.1489562 0.7733765 0.2152405 0.7737122 0.6399536 0.9674683 0.6766663 0.9674683 0.6583252 0.8749695 0.6583252 0.8749695 0.6766663 0.9674683 0.6399536 0.9674683 0.6212158 0.8742981 0.6583252 0.8749695 0.6399536 0.9674683 0.7865601 0.04434204 0.9041443 0.1755981 0.7866821 0.1755981 0.9041443 0.04434204 0.9041443 0.1755981 0.7865601 0.04434204 0.9041443 0.1755981 0.9041443 0.04434204 0.7865601 0.04434204 0.4842224 0.1101074 0.4553528 0.06820678 0.4840698 0.07464599 0.4382019 0.1516724 0.4553528 0.06820678 0.4842224 0.1101074 0.5424194 0.2120361 0.4382019 0.1516724 0.4842224 0.1101074 0.6399536 0.9674683 0.6766663 0.9674683 0.6583252 0.8749695 0.6583252 0.8749695 0.6766663 0.9674683 0.6399536 0.9674683 0.6212158 0.8742981 0.6583252 0.8749695 0.6399536 0.9674683 0.6399536 0.9674683 0.6583252 0.8749695 0.6766663 0.9674683 0.6212158 0.8742981 0.6583252 0.8749695 0.6399536 0.9674683 0.6024475 0.9674683 0.6212158 0.8742981 0.6399536 0.9674683 0.6399536 0.9674683 0.6212158 0.8742981 0.6024475 0.9674683 0.6583252 0.8749695 0.6212158 0.8742981 0.6399536 0.9674683 0.6766663 0.9674683 0.6583252 0.8749695 0.6399536 0.9674683 0.7115784 0.3752136 0.7804871 0.3756104 0.780304 0.4676819 0.7802734 0.2999878 0.7804871 0.3756104 0.7115784 0.3752136 0.7803955 0.2566223 0.7802734 0.2999878 0.7115784 0.3752136 0.6399536 0.9674683 0.6583252 0.8749695 0.6766663 0.9674683 0.6212158 0.8742981 0.6583252 0.8749695 0.6399536 0.9674683 0.6024475 0.9674683 0.6212158 0.8742981 0.6399536 0.9674683 0.6399536 0.9674683 0.6212158 0.8742981 0.6024475 0.9674683 0.6583252 0.8749695 0.6212158 0.8742981 0.6399536 0.9674683 0.6766663 0.9674683 0.6583252 0.8749695 0.6399536 0.9674683 0.07037353 0.8591614 0.1000366 0.9618835 0.07037353 0.9777832 0.1217346 0.9184875 0.1000366 0.9618835 0.07037353 0.8591614 0.1296692 0.8591614 0.1217346 0.9184875 0.07037353 0.8591614 0.07037353 0.8591614 0.07037353 0.9777832 0.04071044 0.9618835 0.1000366 0.9618835 0.07037353 0.9777832 0.07037353 0.8591614 0.1217346 0.9184875 0.1000366 0.9618835 0.07037353 0.8591614 0.07037353 0.8591614 0.1296692 0.8591614 0.1217346 0.9184875 0.1217346 0.7998657 0.1296692 0.8591614 0.07037353 0.8591614 0.1000366 0.7564392 0.1217346 0.7998657 0.07037353 0.8591614 0.07037353 0.8591614 0.07037353 0.7405701 0.1000366 0.7564392 0.04071044 0.7564392 0.07037353 0.7405701 0.07037353 0.8591614 0.01901245 0.7998657 0.04071044 0.7564392 0.07037353 0.8591614 0.9663696 0.7608032 0.8684387 0.7976074 0.8684387 0.734436 0.9680481 0.7976379 0.8684387 0.7976074 0.9663696 0.7608032 0.9804077 0.7614136 0.9680481 0.7976379 0.9663696 0.7608032 0.07037353 0.8591614 0.01104736 0.8591614 0.01901245 0.7998657 0.01901245 0.9184875 0.01104736 0.8591614 0.07037353 0.8591614 0.04071044 0.9618835 0.01901245 0.9184875 0.07037353 0.8591614 0.2415771 0.6548157 0.2807312 0.6059875 0.2688599 0.6547546 0.2807617 0.5149841 0.2807312 0.6059875 0.2415771 0.6548157 0.241394 0.4681702 0.2807617 0.5149841 0.2415771 0.6548157 0.9376831 0.9690247 0.9711609 0.9015503 0.9373474 0.8702393 0.9868469 0.9690247 0.9711609 0.9015503 0.9376831 0.9690247 0.9711609 0.9015503 0.9868469 0.9690247 0.9376831 0.9690247 0.7355652 0.9313965 0.7521973 0.9714966 0.7032166 0.9716187 0.7521973 0.8758545 0.7521973 0.9714966 0.7355652 0.9313965 0.7032776 0.8758545 0.7521973 0.8758545 0.7355652 0.9313965 0.9307861 0.375946 0.8785706 0.2996826 0.7804871 0.3756104 0.9309387 0.2609253 0.8785706 0.2996826 0.9307861 0.375946 0.9415588 0.2605896 0.9309387 0.2609253 0.9307861 0.375946 0.7237854 0.9083557 0.7032166 0.9716187 0.7521973 0.9714966 0.7032776 0.8758545 0.7032166 0.9716187 0.7237854 0.9083557 0.7521973 0.8758545 0.7032776 0.8758545 0.7237854 0.9083557 0.4439697 0.5713196 0.4435425 0.5441895 0.3634644 0.5658264 0.5535583 0.5218201 0.4435425 0.5441895 0.4439697 0.5713196 0.5897217 0.5779114 0.5535583 0.5218201 0.4439697 0.5713196 0.5154724 0.8272095 0.5428772 0.8274231 0.5291748 0.7783203 0.5291748 0.7783203 0.5428772 0.8274231 0.5154724 0.8272095 0.50177 0.7783203 0.5291748 0.7783203 0.5154724 0.8272095 0.5154724 0.8272095 0.4880981 0.8274231 0.50177 0.7783203 0.50177 0.7783203 0.4880981 0.8274231 0.5154724 0.8272095 0.5291748 0.7783203 0.50177 0.7783203 0.5154724 0.8272095 0.5154724 0.8272095 0.5291748 0.7783203 0.5428772 0.8274231 0.50177 0.7783203 0.5291748 0.7783203 0.5154724 0.8272095 0.4880981 0.8274231 0.50177 0.7783203 0.5154724 0.8272095 0.1034241 0.09848022 0.2427979 0.03012084 0.1034241 0.03012084 0.2746887 0.09848022 0.2427979 0.03012084 0.1034241 0.09848022 0.1993713 0.4011536 0.2746887 0.09848022 0.1034241 0.09848022 0.3103638 0.8747864 0.2867432 0.9547119 0.3323059 0.9557495 0.2807312 0.9268188 0.2867432 0.9547119 0.3103638 0.8747864 0.295929 0.874939 0.2807312 0.9268188 0.3103638 0.8747864 0.2860413 0.3835449 0.2518311 0.3448486 0.2746277 0.3448486 0.2404479 0.3835449 0.2518311 0.3448486 0.2860413 0.3835449 0.2518311 0.4222412 0.2404479 0.3835449 0.2860413 0.3835449 0.1034241 0.09848022 0.2427979 0.03012084 0.1034241 0.03012084 0.2746887 0.09848022 0.2427979 0.03012084 0.1034241 0.09848022 0.1993713 0.4011536 0.2746887 0.09848022 0.1034241 0.09848022 0.07037353 0.8591614 0.1000366 0.9618835 0.07037353 0.9777832 0.1217346 0.9184875 0.1000366 0.9618835 0.07037353 0.8591614 0.1296692 0.8591614 0.1217346 0.9184875 0.07037353 0.8591614 0.2265625 0.7860718 0.2720947 0.8370056 0.2527466 0.7424927 0.2368774 0.8370056 0.2720947 0.8370056 0.2265625 0.7860718 0.2368774 0.8370056 0.2368774 0.8370056 0.2265625 0.7860718 0.07037353 0.8591614 0.1000366 0.9618835 0.07037353 0.9777832 0.1217346 0.9184875 0.1000366 0.9618835 0.07037353 0.8591614 0.1296692 0.8591614 0.1217346 0.9184875 0.07037353 0.8591614 0.9062195 0.1755981 0.9101868 0.04434204 0.900177 0.04434204 0.9101868 0.1841431 0.9101868 0.04434204 0.9062195 0.1755981 0.7801208 0.1841431 0.9101868 0.1841431 0.9062195 0.1755981 0.8787842 0.2112732 0.794281 0.2251892 0.7801514 0.2104187 0.8656006 0.2252808 0.794281 0.2251892 0.8787842 0.2112732 0.8786926 0.2560425 0.8656006 0.2252808 0.8787842 0.2112732 0.7940674 0.2831421 0.7802734 0.2999878 0.7803955 0.2566223 0.8785706 0.2996826 0.7802734 0.2999878 0.7940674 0.2831421 0.8657227 0.2853394 0.8785706 0.2996826 0.7940674 0.2831421 0.2807312 0.6059875 0.2415771 0.6548157 0.2688599 0.6547546 0.2807617 0.5149841 0.2415771 0.6548157 0.2807312 0.6059875 0.5629272 0.2782288 0.5556641 0.4546509 0.4376221 0.2442322 0.6139832 0.2778625 0.5556641 0.4546509 0.5629272 0.2782288 0.3768616 0.1187744 0.4553528 0.06820678 0.4382019 0.1516724 0.3767395 0.04434204 0.4553528 0.06820678 0.3768616 0.1187744 0.4461365 0.646698 0.3630676 0.7012939 0.3634644 0.5658264 0.446228 0.7018738 0.3630676 0.7012939 0.4461365 0.646698 0.7111816 0.4677734 0.780304 0.4676819 0.7800903 0.5736389 0.7115784 0.3752136 0.780304 0.4676819 0.7111816 0.4677734 0.9101868 0.04434204 0.9309387 0.04434204 0.9101868 0.1841431 0.9101868 0.1841431 0.9309387 0.04434204 0.9101868 0.04434204 0.5552673 0.04434204 0.7123413 0.04434204 0.5551758 0.1277466 0.5551758 0.1277466 0.7123413 0.04434204 0.5552673 0.04434204 0.9803162 0.797821 0.9804077 0.7614136 0.9920654 0.7976379 0.9680481 0.7976379 0.9804077 0.7614136 0.9803162 0.797821 0.4435425 0.5441895 0.4439697 0.5713196 0.3634644 0.5658264 0.5535583 0.5218201 0.4439697 0.5713196 0.4435425 0.5441895 0.4439697 0.5713196 0.4461365 0.646698 0.3634644 0.5658264 0.5897217 0.5779114 0.4461365 0.646698 0.4439697 0.5713196 0.7800903 0.5736389 0.7110596 0.5746765 0.7111816 0.4677734 0.7480469 0.7084351 0.7110596 0.5746765 0.7800903 0.5736389 0.3738403 0.2159119 0.3997803 0.3847656 0.4019775 0.2160034 0.3738403 0.384613 0.3997803 0.3847656 0.3738403 0.2159119 0.9311523 0.5186768 0.7800903 0.5736389 0.7798767 0.5185242 0.9311218 0.5740356 0.7800903 0.5736389 0.9311523 0.5186768 0.3630676 0.7012939 0.4461365 0.646698 0.3634644 0.5658264 0.446228 0.7018738 0.4461365 0.646698 0.3630676 0.7012939 0.9309387 0.2609253 0.8786926 0.2560425 0.8785706 0.2996826 0.8787842 0.2112732 0.8786926 0.2560425 0.9309387 0.2609253 0.7041321 0.6474915 0.7110596 0.5746765 0.5897217 0.5779114 0.7480469 0.7084351 0.7110596 0.5746765 0.7041321 0.6474915 0.7110596 0.5746765 0.7800903 0.5736389 0.7111816 0.4677734 0.7480469 0.7084351 0.7800903 0.5736389 0.7110596 0.5746765 0.780304 0.6794128 0.7800903 0.5736389 0.7480469 0.7084351 0.8871155 0.6820374 0.7800903 0.5736389 0.780304 0.6794128 0.3893738 0.733429 0.3893738 0.733429 0.4126282 0.733429 0.3680725 0.733429 0.3893738 0.733429 0.3893738 0.733429 0.04071044 0.9618835 0.07037353 0.8591614 0.07037353 0.9777832 0.01901245 0.9184875 0.07037353 0.8591614 0.04071044 0.9618835 0.1034241 0.4183044 0.1034241 0.09848022 0.1034241 0.4183044 0.1034241 0.09848022 0.1034241 0.09848022 0.1034241 0.4183044 0.3373718 0.8179016 0.348938 0.779541 0.348938 0.779541 0.3373718 0.8179016 0.348938 0.779541 0.3373718 0.8179016 0.1034241 0.03012084 0.2427979 0.03012084 0.1034241 0.03012084 0.2427979 0.03012084 0.2427979 0.03012084 0.1034241 0.03012084 0.2900391 0.7406921 0.346283 0.7406921 0.348938 0.779541 0.346283 0.7406921 0.346283 0.7406921 0.2900391 0.7406921 0.01043701 0.309082 0.07977294 0.08728027 0.07977294 0.309082 0.01043701 0.08728027 0.07977294 0.08728027 0.01043701 0.309082 0.780304 0.6794128 0.8645935 0.7339172 0.7480469 0.7084351 0.8805542 0.6838379 0.8645935 0.7339172 0.780304 0.6794128 0.8871155 0.6820374 0.8645935 0.7339172 0.8805542 0.6838379 0.8684387 0.734436 0.8645935 0.7339172 0.8871155 0.6820374 0.01043701 0.3606873 0.07977294 0.309082 0.07977294 0.3606873 0.01043701 0.309082 0.07977294 0.309082 0.01043701 0.3606873 0.780304 0.6794128 0.8645935 0.7339172 0.8805542 0.6838379 0.7480469 0.7084351 0.8645935 0.7339172 0.780304 0.6794128 0.7480469 0.7971802 0.8645935 0.7339172 0.7480469 0.7084351 0.8645935 0.7973938 0.8645935 0.7339172 0.7480469 0.7971802 0.01043701 0.4770203 0.07977294 0.3606873 0.07977294 0.4770203 0.01043701 0.3606873 0.07977294 0.3606873 0.01043701 0.4770203 0.2900391 0.7406921 0.288208 0.779541 0.288208 0.779541 0.348938 0.779541 0.288208 0.779541 0.2900391 0.7406921 0.348938 0.779541 0.3373718 0.8179016 0.288208 0.779541 0.348938 0.779541 0.3373718 0.8179016 0.348938 0.779541 0.346283 0.7406921 0.2900391 0.7406921 0.348938 0.779541 0.346283 0.7406921 0.2900391 0.7406921 0.346283 0.7406921 0.01043701 0.5090637 0.07977294 0.4770203 0.07977294 0.5090637 0.01043701 0.4770203 0.07977294 0.4770203 0.01043701 0.5090637 0.8656006 0.2252808 0.7940674 0.2831421 0.8657227 0.2853394 0.794281 0.2251892 0.7940674 0.2831421 0.8656006 0.2252808 0.01043701 0.540741 0.07977294 0.5090637 0.07977294 0.540741 0.01043701 0.5090637 0.07977294 0.5090637 0.01043701 0.540741 0.01043701 0.6113281 0.07977294 0.540741 0.07977294 0.6113281 0.01043701 0.540741 0.07977294 0.540741 0.01043701 0.6113281 0.01043701 0.6402283 0.07977294 0.6113281 0.07977294 0.6402283 0.01043701 0.6113281 0.07977294 0.6113281 0.01043701 0.6402283 0.01104736 0.8591614 0.07037353 0.8591614 0.01901245 0.9184875 0.01901245 0.7998657 0.07037353 0.8591614 0.01104736 0.8591614 0.04071044 0.7564392 0.07037353 0.8591614 0.01901245 0.7998657 0.07037353 0.7405701 0.07037353 0.8591614 0.04071044 0.7564392 0.6212158 0.8742981 0.6399536 0.9674683 0.6583252 0.8749695 0.6024475 0.9674683 0.6399536 0.9674683 0.6212158 0.8742981 0.1000366 0.7564392 0.07037353 0.8591614 0.07037353 0.7405701 0.1217346 0.7998657 0.07037353 0.8591614 0.1000366 0.7564392 0.6212158 0.8742981 0.6399536 0.9674683 0.6583252 0.8749695 0.6024475 0.9674683 0.6399536 0.9674683 0.6212158 0.8742981 0.2404479 0.3835449 0.2746277 0.4222412 0.2860413 0.3835449 0.2518311 0.4222412 0.2746277 0.4222412 0.2404479 0.3835449 0.6083679 0.730011 0.6141663 0.6970825 0.5809326 0.7355347 0.6559448 0.7228394 0.6141663 0.6970825 0.6083679 0.730011 0.2518311 0.3448486 0.2860413 0.3835449 0.2746277 0.3448486 0.2404479 0.3835449 0.2860413 0.3835449 0.2518311 0.3448486 0.2720947 0.8370056 0.2265625 0.7860718 0.2527466 0.7424927 0.2368774 0.8370056 0.2265625 0.7860718 0.2720947 0.8370056 0.1489562 0.7733765 0.2152405 0.7737122 0.2152405 0.7737122 0.1489562 0.7733765 0.2152405 0.7737122 0.1489562 0.7733765 0.04071044 0.9618835 0.07037353 0.8591614 0.07037353 0.9777832 0.01901245 0.9184875 0.07037353 0.8591614 0.04071044 0.9618835 0.01104736 0.8591614 0.07037353 0.8591614 0.01901245 0.9184875 0.01901245 0.7998657 0.07037353 0.8591614 0.01104736 0.8591614 0.04071044 0.7564392 0.07037353 0.8591614 0.01901245 0.7998657 0.07037353 0.7405701 0.07037353 0.8591614 0.04071044 0.7564392 0.1000366 0.7564392 0.07037353 0.8591614 0.07037353 0.7405701 0.1217346 0.7998657 0.07037353 0.8591614 0.1000366 0.7564392 0.6559448 0.7228394 0.6574097 0.6972961 0.6141663 0.6970825 0.6889954 0.729187 0.6574097 0.6972961 0.6559448 0.7228394 0.04071044 0.9618835 0.07037353 0.8591614 0.07037353 0.9777832 0.01901245 0.9184875 0.07037353 0.8591614 0.04071044 0.9618835 0.01104736 0.8591614 0.07037353 0.8591614 0.01901245 0.9184875 0.01901245 0.7998657 0.07037353 0.8591614 0.01104736 0.8591614 0.04071044 0.7564392 0.07037353 0.8591614 0.01901245 0.7998657 0.07037353 0.7405701 0.07037353 0.8591614 0.04071044 0.7564392 0.1000366 0.7564392 0.07037353 0.8591614 0.07037353 0.7405701 0.1217346 0.7998657 0.07037353 0.8591614 0.1000366 0.7564392 0.9035645 0.9015503 0.9376831 0.9690247 0.9373474 0.8702393 0.8878784 0.9690247 0.9376831 0.9690247 0.9035645 0.9015503 0.9035645 0.9015503 0.9376831 0.9690247 0.8878784 0.9690247 0.9373474 0.8702393 0.9376831 0.9690247 0.9035645 0.9015503 0.07977294 0.03329467 0.01043701 0.08728027 0.01043701 0.03329467 0.07977294 0.08728027 0.01043701 0.08728027 0.07977294 0.03329467 0.1034241 0.03012084 0.1034241 0.09848022 0.1034241 0.03012084 0.1034241 0.09848022 0.1034241 0.09848022 0.1034241 0.03012084 0.2427979 0.03012084 0.2746887 0.09848022 0.2427979 0.03012084 0.2746887 0.09848022 0.2746887 0.09848022 0.2427979 0.03012084 0.3485107 0.04244995 0.3213501 0.01968383 0.3213501 0.01968383 0.3485107 0.04244995 0.3213501 0.01968383 0.3485107 0.04244995 0.3316345 0.3195496 0.3060608 0.2910461 0.3060608 0.2910461 0.3316345 0.3195496 0.3060608 0.2910461 0.3316345 0.3195496 0.1034241 0.4183044 0.1993713 0.4011536 0.1993713 0.4011536 0.1034241 0.4183044 0.1993713 0.4011536 0.1034241 0.4183044 0.2427979 0.03012084 0.1034241 0.03012084 0.1034241 0.03012084 0.2427979 0.03012084 0.1034241 0.03012084 0.2427979 0.03012084 0.9062195 0.1755981 0.9101868 0.04434204 0.9101868 0.1841431 0.900177 0.04434204 0.9101868 0.04434204 0.9062195 0.1755981 0.3485107 0.3588257 0.3317261 0.3588257 0.3317261 0.3588257 0.3485107 0.3588257 0.3317261 0.3588257 0.3485107 0.3588257 0.3317261 0.3588257 0.3316345 0.3195496 0.3316345 0.3195496 0.3317261 0.3588257 0.3316345 0.3195496 0.3317261 0.3588257 0.4888306 0.1002502 0.4840698 0.07464599 0.4842224 0.1101074 0.4889221 0.06738281 0.4840698 0.07464599 0.4888306 0.1002502 0.5551758 0.1277466 0.5471802 0.04434204 0.5471191 0.1145935 0.5552673 0.04434204 0.5471802 0.04434204 0.5551758 0.1277466 0.3213501 0.01968383 0.3485107 0.04244995 0.3213501 0.01968383 0.3485107 0.04244995 0.3485107 0.04244995 0.3213501 0.01968383 0.4888306 0.1002502 0.4842224 0.1101074 0.4840698 0.07464599 0.5551758 0.1277466 0.4842224 0.1101074 0.4888306 0.1002502 0.3060608 0.2910461 0.3316345 0.3195496 0.3060608 0.2910461 0.3316345 0.3195496 0.3316345 0.3195496 0.3060608 0.2910461 0.6889954 0.729187 0.7098694 0.6971741 0.6574097 0.6972961 0.7098389 0.7663879 0.7098694 0.6971741 0.6889954 0.729187 0.3317261 0.3588257 0.3485107 0.3588257 0.3317261 0.3588257 0.3485107 0.3588257 0.3485107 0.3588257 0.3317261 0.3588257 0.3233948 0.9802551 0.2867432 0.9547119 0.2953796 0.9802551 0.3323059 0.9557495 0.2867432 0.9547119 0.3233948 0.9802551 0.3238831 0.874939 0.3323059 0.9557495 0.3385315 0.927948 0.3103638 0.8747864 0.3323059 0.9557495 0.3238831 0.874939 0.3316345 0.3195496 0.3317261 0.3588257 0.3316345 0.3195496 0.3317261 0.3588257 0.3317261 0.3588257 0.3316345 0.3195496 0.9414368 0.4681702 0.9307861 0.375946 0.9417725 0.3761292 0.9313354 0.4676208 0.9307861 0.375946 0.9414368 0.4681702 0.9415588 0.2605896 0.9307861 0.375946 0.9309387 0.2609253 0.9417725 0.3761292 0.9307861 0.375946 0.9415588 0.2605896 0.9522095 0.5186462 0.9412842 0.5186462 0.9523621 0.4681702 0.9522095 0.5739441 0.9412842 0.5186462 0.9522095 0.5186462 0.1993713 0.4011536 0.1034241 0.09848022 0.2746887 0.09848022 0.1034241 0.4183044 0.1034241 0.09848022 0.1993713 0.4011536 0.2427979 0.03012084 0.1034241 0.09848022 0.1034241 0.03012084 0.2746887 0.09848022 0.1034241 0.09848022 0.2427979 0.03012084 0.3997803 0.3847656 0.3738403 0.2159119 0.4019775 0.2160034 0.3738403 0.384613 0.3738403 0.2159119 0.3997803 0.3847656 0.3316345 0.3195496 0.3485107 0.3588257 0.3485107 0.04244995 0.3317261 0.3588257 0.3485107 0.3588257 0.3316345 0.3195496 0.3060608 0.2910461 0.3485107 0.04244995 0.3213501 0.01968383 0.3316345 0.3195496 0.3485107 0.04244995 0.3060608 0.2910461 0.2746887 0.09848022 0.1993713 0.4011536 0.2746887 0.09848022 0.1993713 0.4011536 0.1993713 0.4011536 0.2746887 0.09848022 0.7801208 0.1841431 0.783844 0.1755981 0.7796631 0.04434204 0.9062195 0.1755981 0.783844 0.1755981 0.7801208 0.1841431 0.1034241 0.09848022 0.1993713 0.4011536 0.1034241 0.4183044 0.2746887 0.09848022 0.1993713 0.4011536 0.1034241 0.09848022 0.2427979 0.03012084 0.1034241 0.09848022 0.1034241 0.03012084 0.2746887 0.09848022 0.1034241 0.09848022 0.2427979 0.03012084 0.1993713 0.4011536 0.1034241 0.4183044 0.1993713 0.4011536 0.1034241 0.4183044 0.1034241 0.4183044 0.1993713 0.4011536 0.5291748 0.7783203 0.5154724 0.8272095 0.5428772 0.8274231 0.50177 0.7783203 0.5154724 0.8272095 0.5291748 0.7783203 0.3485107 0.04244995 0.3060608 0.2910461 0.3316345 0.3195496 0.3213501 0.01968383 0.3060608 0.2910461 0.3485107 0.04244995 0.3485107 0.3588257 0.3316345 0.3195496 0.3317261 0.3588257 0.3485107 0.04244995 0.3316345 0.3195496 0.3485107 0.3588257 0.8871155 0.6820374 0.9311218 0.5740356 0.7800903 0.5736389 0.9309998 0.6705627 0.9311218 0.5740356 0.8871155 0.6820374 0.5556641 0.4546509 0.6139832 0.2778625 0.6139832 0.4548035 0.4542542 0.4862671 0.3997803 0.3847656 0.4019775 0.2160034 0.780304 0.6794128 0.8871155 0.6820374 0.8805542 0.6838379 0.4553528 0.06820678 0.3767395 0.04434204 0.4553223 0.04434204 0.7053833 0.4677734 0.5897217 0.5779114 0.5535583 0.5218201 0.4439697 0.5713196 0.5535583 0.5218201 0.5897217 0.5779114 0.7055359 0.5746765 0.5897217 0.5779114 0.7053833 0.4677734 0.3464661 0.6984863 0.3049927 0.4055786 0.3463745 0.5481567 0.7802734 0.2999878 0.8785706 0.2996826 0.7804871 0.3756104 0.4542542 0.4862671 0.4019775 0.2160034 0.3997803 0.3847656 0.7866821 0.1755981 0.9041443 0.1755981 0.7865601 0.04434204 0.4842224 0.1101074 0.4840698 0.07464599 0.4553528 0.06820678 0.780304 0.6794128 0.8805542 0.6838379 0.8871155 0.6820374 0.4553528 0.06820678 0.4553223 0.04434204 0.3767395 0.04434204 0.7053833 0.4677734 0.5535583 0.5218201 0.5897217 0.5779114 0.7055359 0.5746765 0.7053833 0.4677734 0.5897217 0.5779114 0.3464661 0.6984863 0.3463745 0.5481567 0.3049927 0.4055786 0.1993713 0.4011536 0.1034241 0.09848022 0.1034241 0.4183044 0.1034241 0.09848022 0.1034241 0.4183044 0.1993713 0.4011536 0.9412842 0.5738831 0.9311218 0.5740356 0.9311523 0.5186768 0.9307861 0.375946 0.9417725 0.3761292 0.9415588 0.2605896 0.9412842 0.5186462 0.9311523 0.5186768 0.9412842 0.5738831 0.2860413 0.3835449 0.2746277 0.4222412 0.2518311 0.4222412 0.1217346 0.7998657 0.1296692 0.8591614 0.07037353 0.8591614 0.2265625 0.7860718 0.2265625 0.7860718 0.2368774 0.8370056 0.2192993 0.7320557 0.2152405 0.7737122 0.1489562 0.7733765 0.1217346 0.7998657 0.1296692 0.8591614 0.07037353 0.8591614 0.288208 0.779541 0.3018188 0.8179016 0.3018188 0.8179016 0.3018188 0.8179016 0.3373718 0.8179016 0.3018188 0.8179016 0.794281 0.2251892 0.7803955 0.2566223 0.7940674 0.2831421 0.6024475 0.9674683 0.6212158 0.8742981 0.6399536 0.9674683 0.6024475 0.9674683 0.6212158 0.8742981 0.6399536 0.9674683 0.1217346 0.7998657 0.1296692 0.8591614 0.07037353 0.8591614 0.9373474 0.8702393 0.9711609 0.9015503 0.9376831 0.9690247 0.3624268 0.8835449 0.4459839 0.882843 0.4457092 0.9313354 0.7032166 0.9716187 0.7032776 0.8758545 0.7355652 0.9313965 0.4553528 0.06820678 0.4633484 0.06097412 0.4553223 0.04434204 0.4889221 0.06738281 0.5471802 0.04434204 0.5471191 0.1145935 0.7521973 0.8758545 0.7237854 0.9083557 0.7521973 0.9714966 0.4880981 0.8274231 0.5154724 0.8272095 0.50177 0.7783203</float_array>
          <technique_common>
            <accessor source="#polygon2-mesh-map-0-array" count="2550" stride="2">
              <param name="S" type="float"/>
              <param name="T" type="float"/>
            </accessor>
          </technique_common>
        </source>
        <source id="polygon2-mesh-colors-polygon2_Colors0" name="polygon2_Colors0">
          <float_array id="polygon2-mesh-colors-polygon2_Colors0-array" count="10200">0 0 0 1 0.5490196 0.5490196 0.5490196 1 0 0 0 1 0.5568628 0.5568628 0.5568628 1 0.5490196 0.5490196 0.5490196 1 0 0 0 1 0 0 0 1 0.5568628 0.5568628 0.5568628 1 0 0 0 1 0.5450981 0.5450981 0.5450981 1 0.5568628 0.5568628 0.5568628 1 0 0 0 1 0 0 0 1 0.5450981 0.5450981 0.5450981 1 0 0 0 1 0.4784314 0.4784314 0.4784314 1 0.5450981 0.5450981 0.5450981 1 0 0 0 1 0 0 0 1 0.4784314 0.4784314 0.4784314 1 0 0 0 1 0.6117647 0.6117647 0.6117647 1 0.4784314 0.4784314 0.4784314 1 0 0 0 1 0 0 0 1 0.6117647 0.6117647 0.6117647 1 0 0 0 1 0.6117647 0.6117647 0.6117647 1 0.6117647 0.6117647 0.6117647 1 0 0 0 1 0 0 0 1 0.6117647 0.6117647 0.6117647 1 0 0 0 1 0.5490196 0.5490196 0.5490196 1 0.6117647 0.6117647 0.6117647 1 0 0 0 1 0 0 0 1 0.5450981 0.5450981 0.5450981 1 0 0 0 1 0.6117647 0.6117647 0.6117647 1 0.5450981 0.5450981 0.5450981 1 0 0 0 1 0 0 0 1 0.6117647 0.6117647 0.6117647 1 0 0 0 1 0.6156863 0.6156863 0.6156863 1 0.6117647 0.6117647 0.6117647 1 0 0 0 1 0 0 0 1 0.6156863 0.6156863 0.6156863 1 0 0 0 1 0.4823529 0.4823529 0.4823529 1 0.6156863 0.6156863 0.6156863 1 0 0 0 1 0 0 0 1 0.4823529 0.4823529 0.4823529 1 0 0 0 1 0.5490196 0.5490196 0.5490196 1 0.4823529 0.4823529 0.4823529 1 0 0 0 1 0 0 0 1 0.5490196 0.5490196 0.5490196 1 0 0 0 1 0.5490196 0.5490196 0.5490196 1 0.5490196 0.5490196 0.5490196 1 0 0 0 1 0 0 0 1 0.5490196 0.5490196 0.5490196 1 0 0 0 1 0.5450981 0.5450981 0.5450981 1 0.5490196 0.5490196 0.5490196 1 0 0 0 1 0.7294118 0.7294118 0.7294118 1 0.7254902 0.7254902 0.7254902 1 0.7254902 0.7254902 0.7254902 1 0.7333334 0.7333334 0.7333334 1 0.7254902 0.7254902 0.7254902 1 0.7294118 0.7294118 0.7294118 1 0.6941177 0.6941177 0.6941177 1 0.7333334 0.7333334 0.7333334 1 0.7294118 0.7294118 0.7294118 1 0.6941177 0.6941177 0.6941177 1 0.7333334 0.7333334 0.7333334 1 0.6941177 0.6941177 0.6941177 1 0.5215687 0.5215687 0.5215687 1 0.6941177 0.6941177 0.6941177 1 0.6941177 0.6941177 0.6941177 1 0.5254902 0.5254902 0.5254902 1 0.6941177 0.6941177 0.6941177 1 0.5215687 0.5215687 0.5215687 1 0.1294118 0.1294118 0.1294118 1 0.5254902 0.5254902 0.5254902 1 0.5215687 0.5215687 0.5215687 1 0.1254902 0.1254902 0.1254902 1 0.5254902 0.5254902 0.5254902 1 0.1294118 0.1294118 0.1294118 1 0.1686275 0.1686275 0.1686275 1 0.1254902 0.1254902 0.1254902 1 0.1294118 0.1294118 0.1294118 1 0.1607843 0.1607843 0.1607843 1 0.1254902 0.1254902 0.1254902 1 0.1686275 0.1686275 0.1686275 1 0.7254902 0.7254902 0.7254902 1 0.1607843 0.1607843 0.1607843 1 0.1686275 0.1686275 0.1686275 1 0.7254902 0.7254902 0.7254902 1 0.1607843 0.1607843 0.1607843 1 0.7254902 0.7254902 0.7254902 1 0.6313726 0.6313726 0.6313726 1 0.2705882 0.2705882 0.2705882 1 0.8039216 0.8039216 0.8039216 1 0.2705882 0.2705882 0.2705882 1 0.2705882 0.2705882 0.2705882 1 0.6313726 0.6313726 0.6313726 1 0.6392157 0.6392157 0.6392157 1 0.2705882 0.2705882 0.2705882 1 0.6313726 0.6313726 0.6313726 1 0.2705882 0.2705882 0.2705882 1 0.2705882 0.2705882 0.2705882 1 0.6392157 0.6392157 0.6392157 1 0.6392157 0.6392157 0.6392157 1 0.2705882 0.2705882 0.2705882 1 0.6392157 0.6392157 0.6392157 1 0.2705882 0.2705882 0.2705882 1 0.2705882 0.2705882 0.2705882 1 0.6392157 0.6392157 0.6392157 1 0.8 0.8 0.8 1 0.2705882 0.2705882 0.2705882 1 0.6392157 0.6392157 0.6392157 1 0.2705882 0.2705882 0.2705882 1 0.2705882 0.2705882 0.2705882 1 0.8 0.8 0.8 1 0.8196079 0.8196079 0.8196079 1 0.2705882 0.2705882 0.2705882 1 0.8 0.8 0.8 1 0.2705882 0.2705882 0.2705882 1 0.2705882 0.2705882 0.2705882 1 0.8196079 0.8196079 0.8196079 1 0.8039216 0.8039216 0.8039216 1 0.2705882 0.2705882 0.2705882 1 0.8196079 0.8196079 0.8196079 1 0.2705882 0.2705882 0.2705882 1 0.2705882 0.2705882 0.2705882 1 0.8039216 0.8039216 0.8039216 1 0.7882353 0.7882353 0.7882353 1 0.2705882 0.2705882 0.2705882 1 0.7843137 0.7843137 0.7843137 1 0.2705882 0.2705882 0.2705882 1 0.2705882 0.2705882 0.2705882 1 0.7882353 0.7882353 0.7882353 1 0.7921569 0.7921569 0.7921569 1 0.2705882 0.2705882 0.2705882 1 0.7882353 0.7882353 0.7882353 1 0.2705882 0.2705882 0.2705882 1 0.2705882 0.2705882 0.2705882 1 0.7921569 0.7921569 0.7921569 1 0.6666667 0.6666667 0.6666667 1 0.2705882 0.2705882 0.2705882 1 0.7921569 0.7921569 0.7921569 1 0.2705882 0.2705882 0.2705882 1 0.2705882 0.2705882 0.2705882 1 0.6666667 0.6666667 0.6666667 1 0.6784314 0.6784314 0.6784314 1 0.2705882 0.2705882 0.2705882 1 0.6666667 0.6666667 0.6666667 1 0.2705882 0.2705882 0.2705882 1 0.2705882 0.2705882 0.2705882 1 0.6784314 0.6784314 0.6784314 1 0.6588236 0.6588236 0.6588236 1 0.2705882 0.2705882 0.2705882 1 0.6784314 0.6784314 0.6784314 1 0.2705882 0.2705882 0.2705882 1 0.2705882 0.2705882 0.2705882 1 0.6588236 0.6588236 0.6588236 1 0.7843137 0.7843137 0.7843137 1 0.2705882 0.2705882 0.2705882 1 0.6588236 0.6588236 0.6588236 1 0.2705882 0.2705882 0.2705882 1 0.2705882 0.2705882 0.2705882 1 0.7843137 0.7843137 0.7843137 1 0.7882353 0.7882353 0.7882353 1 0.2705882 0.2705882 0.2705882 1 0.7803922 0.7803922 0.7803922 1 0.2705882 0.2705882 0.2705882 1 0.2705882 0.2705882 0.2705882 1 0.7882353 0.7882353 0.7882353 1 0.654902 0.654902 0.654902 1 0.2705882 0.2705882 0.2705882 1 0.7882353 0.7882353 0.7882353 1 0.2705882 0.2705882 0.2705882 1 0.2705882 0.2705882 0.2705882 1 0.654902 0.654902 0.654902 1 0.682353 0.682353 0.682353 1 0.2705882 0.2705882 0.2705882 1 0.654902 0.654902 0.654902 1 0.2705882 0.2705882 0.2705882 1 0.2705882 0.2705882 0.2705882 1 0.682353 0.682353 0.682353 1 0.6627451 0.6627451 0.6627451 1 0.2705882 0.2705882 0.2705882 1 0.682353 0.682353 0.682353 1 0.2705882 0.2705882 0.2705882 1 0.2705882 0.2705882 0.2705882 1 0.6627451 0.6627451 0.6627451 1 0.7921569 0.7921569 0.7921569 1 0.2705882 0.2705882 0.2705882 1 0.6627451 0.6627451 0.6627451 1 0.2705882 0.2705882 0.2705882 1 0.2705882 0.2705882 0.2705882 1 0.7921569 0.7921569 0.7921569 1 0.7803922 0.7803922 0.7803922 1 0.2705882 0.2705882 0.2705882 1 0.7921569 0.7921569 0.7921569 1 0.2705882 0.2705882 0.2705882 1 0.2705882 0.2705882 0.2705882 1 0.7803922 0.7803922 0.7803922 1 0.8196079 0.8196079 0.8196079 1 0.2705882 0.2705882 0.2705882 1 0.7921569 0.7921569 0.7921569 1 0.2705882 0.2705882 0.2705882 1 0.2705882 0.2705882 0.2705882 1 0.8196079 0.8196079 0.8196079 1 0.8039216 0.8039216 0.8039216 1 0.2705882 0.2705882 0.2705882 1 0.8196079 0.8196079 0.8196079 1 0.2705882 0.2705882 0.2705882 1 0.2705882 0.2705882 0.2705882 1 0.8039216 0.8039216 0.8039216 1 0.6392157 0.6392157 0.6392157 1 0.2705882 0.2705882 0.2705882 1 0.8039216 0.8039216 0.8039216 1 0.2705882 0.2705882 0.2705882 1 0.2705882 0.2705882 0.2705882 1 0.6392157 0.6392157 0.6392157 1 0.6352941 0.6352941 0.6352941 1 0.2705882 0.2705882 0.2705882 1 0.6392157 0.6392157 0.6392157 1 0.2705882 0.2705882 0.2705882 1 0.2705882 0.2705882 0.2705882 1 0.6352941 0.6352941 0.6352941 1 0.6313726 0.6313726 0.6313726 1 0.2705882 0.2705882 0.2705882 1 0.6352941 0.6352941 0.6352941 1 0.2705882 0.2705882 0.2705882 1 0.2705882 0.2705882 0.2705882 1 0.6313726 0.6313726 0.6313726 1 0.7921569 0.7921569 0.7921569 1 0.2705882 0.2705882 0.2705882 1 0.6313726 0.6313726 0.6313726 1 0.2705882 0.2705882 0.2705882 1 0.2705882 0.2705882 0.2705882 1 0.7921569 0.7921569 0.7921569 1 0.5450981 0.5450981 0.5450981 1 0.3960784 0.3960784 0.3960784 1 0.5490196 0.5490196 0.5490196 1 0.4156863 0.4156863 0.4156863 1 0.3960784 0.3960784 0.3960784 1 0.5450981 0.5450981 0.5450981 1 0.6117647 0.6117647 0.6117647 1 0.4156863 0.4156863 0.4156863 1 0.5450981 0.5450981 0.5450981 1 0.3921568 0.3921568 0.3921568 1 0.4156863 0.4156863 0.4156863 1 0.6117647 0.6117647 0.6117647 1 0.6156863 0.6156863 0.6156863 1 0.3921568 0.3921568 0.3921568 1 0.6117647 0.6117647 0.6117647 1 0.3960784 0.3960784 0.3960784 1 0.3921568 0.3921568 0.3921568 1 0.6156863 0.6156863 0.6156863 1 0.4823529 0.4823529 0.4823529 1 0.3960784 0.3960784 0.3960784 1 0.6156863 0.6156863 0.6156863 1 0.3803921 0.3803921 0.3803921 1 0.3960784 0.3960784 0.3960784 1 0.4823529 0.4823529 0.4823529 1 0.5490196 0.5490196 0.5490196 1 0.3803921 0.3803921 0.3803921 1 0.4823529 0.4823529 0.4823529 1 0.3921568 0.3921568 0.3921568 1 0.3803921 0.3803921 0.3803921 1 0.5490196 0.5490196 0.5490196 1 0.5490196 0.5490196 0.5490196 1 0.3921568 0.3921568 0.3921568 1 0.5490196 0.5490196 0.5490196 1 0.3960784 0.3960784 0.3960784 1 0.3921568 0.3921568 0.3921568 1 0.5490196 0.5490196 0.5490196 1 0.5568628 0.5568628 0.5568628 1 0.3960784 0.3960784 0.3960784 1 0.5490196 0.5490196 0.5490196 1 0.3882353 0.3882353 0.3882353 1 0.3960784 0.3960784 0.3960784 1 0.5568628 0.5568628 0.5568628 1 0.5450981 0.5450981 0.5450981 1 0.3882353 0.3882353 0.3882353 1 0.5568628 0.5568628 0.5568628 1 0.3921568 0.3921568 0.3921568 1 0.3882353 0.3882353 0.3882353 1 0.5450981 0.5450981 0.5450981 1 0.4784314 0.4784314 0.4784314 1 0.3921568 0.3921568 0.3921568 1 0.5450981 0.5450981 0.5450981 1 0.4 0.4 0.4 1 0.3921568 0.3921568 0.3921568 1 0.4784314 0.4784314 0.4784314 1 0.6117647 0.6117647 0.6117647 1 0.4 0.4 0.4 1 0.4784314 0.4784314 0.4784314 1 0.4 0.4 0.4 1 0.4 0.4 0.4 1 0.6117647 0.6117647 0.6117647 1 0.6117647 0.6117647 0.6117647 1 0.4 0.4 0.4 1 0.6117647 0.6117647 0.6117647 1 0.4078431 0.4078431 0.4078431 1 0.4 0.4 0.4 1 0.6117647 0.6117647 0.6117647 1 0.5490196 0.5490196 0.5490196 1 0.4078431 0.4078431 0.4078431 1 0.6117647 0.6117647 0.6117647 1 0.3960784 0.3960784 0.3960784 1 0.4078431 0.4078431 0.4078431 1 0.5490196 0.5490196 0.5490196 1 0.827451 0.827451 0.827451 1 0.8509804 0.8509804 0.8509804 1 0.8901961 0.8901961 0.8901961 1 0.4980392 0.4980392 0.4980392 1 0.8509804 0.8509804 0.8509804 1 0.827451 0.827451 0.827451 1 0.6901961 0.6901961 0.6901961 1 0.4980392 0.4980392 0.4980392 1 0.827451 0.827451 0.827451 1 0.7529412 0.7529412 0.7529412 1 0.4980392 0.4980392 0.4980392 1 0.6901961 0.6901961 0.6901961 1 0.5019608 0.5019608 0.5019608 1 0.7529412 0.7529412 0.7529412 1 0.6901961 0.6901961 0.6901961 1 0.7411765 0.7411765 0.7411765 1 0.7529412 0.7529412 0.7529412 1 0.5019608 0.5019608 0.5019608 1 0.4470588 0.4470588 0.4470588 1 0.7411765 0.7411765 0.7411765 1 0.5019608 0.5019608 0.5019608 1 0.6627451 0.6627451 0.6627451 1 0.7411765 0.7411765 0.7411765 1 0.4470588 0.4470588 0.4470588 1 0.372549 0.372549 0.372549 1 0.6627451 0.6627451 0.6627451 1 0.4470588 0.4470588 0.4470588 1 0.6980392 0.6980392 0.6980392 1 0.6627451 0.6627451 0.6627451 1 0.372549 0.372549 0.372549 1 0.5647059 0.5647059 0.5647059 1 0.6980392 0.6980392 0.6980392 1 0.372549 0.372549 0.372549 1 0.7882353 0.7882353 0.7882353 1 0.8196079 0.8196079 0.8196079 1 0.8509804 0.8509804 0.8509804 1 0.8705883 0.8705883 0.8705883 1 0.8196079 0.8196079 0.8196079 1 0.7882353 0.7882353 0.7882353 1 0.854902 0.854902 0.854902 1 0.8705883 0.8705883 0.8705883 1 0.7882353 0.7882353 0.7882353 1 0.854902 0.854902 0.854902 1 0.8705883 0.8705883 0.8705883 1 0.854902 0.854902 0.854902 1 0.8588235 0.8588235 0.8588235 1 0.854902 0.854902 0.854902 1 0.854902 0.854902 0.854902 1 0.9019608 0.9019608 0.9019608 1 0.854902 0.854902 0.854902 1 0.8588235 0.8588235 0.8588235 1 0.9294118 0.9294118 0.9294118 1 0.9019608 0.9019608 0.9019608 1 0.8588235 0.8588235 0.8588235 1 0.6784314 0.6784314 0.6784314 1 0.9019608 0.9019608 0.9019608 1 0.9294118 0.9294118 0.9294118 1 0.6980392 0.6980392 0.6980392 1 0.6784314 0.6784314 0.6784314 1 0.9294118 0.9294118 0.9294118 1 0.3803921 0.3803921 0.3803921 1 0.6784314 0.6784314 0.6784314 1 0.6980392 0.6980392 0.6980392 1 0.5647059 0.5647059 0.5647059 1 0.3803921 0.3803921 0.3803921 1 0.6980392 0.6980392 0.6980392 1 0.345098 0.345098 0.345098 1 0.1607843 0.1607843 0.1607843 1 0.2117647 0.2117647 0.2117647 1 0.2941176 0.2941176 0.2941176 1 0.1607843 0.1607843 0.1607843 1 0.345098 0.345098 0.345098 1 0.5960785 0.5960785 0.5960785 1 0.2941176 0.2941176 0.2941176 1 0.345098 0.345098 0.345098 1 0.2117647 0.2117647 0.2117647 1 0.2941176 0.2941176 0.2941176 1 0.5960785 0.5960785 0.5960785 1 0.8313726 0.8313726 0.8313726 1 0.2117647 0.2117647 0.2117647 1 0.5960785 0.5960785 0.5960785 1 0.7333334 0.7333334 0.7333334 1 0.2117647 0.2117647 0.2117647 1 0.8313726 0.8313726 0.8313726 1 0.9215686 0.9215686 0.9215686 1 0.7333334 0.7333334 0.7333334 1 0.8313726 0.8313726 0.8313726 1 0.6196079 0.6196079 0.6196079 1 0.7333334 0.7333334 0.7333334 1 0.9215686 0.9215686 0.9215686 1 0.9921569 0.9921569 0.9921569 1 0.6196079 0.6196079 0.6196079 1 0.9215686 0.9215686 0.9215686 1 0.5960785 0.5960785 0.5960785 1 0.6196079 0.6196079 0.6196079 1 0.9921569 0.9921569 0.9921569 1 0.8313726 0.8313726 0.8313726 1 0.5960785 0.5960785 0.5960785 1 0.9921569 0.9921569 0.9921569 1 0.8196079 0.8196079 0.8196079 1 0.854902 0.854902 0.854902 1 0.8470588 0.8470588 0.8470588 1 0.7843137 0.7843137 0.7843137 1 0.854902 0.854902 0.854902 1 0.8196079 0.8196079 0.8196079 1 0.8745098 0.8745098 0.8745098 1 0.7843137 0.7843137 0.7843137 1 0.8196079 0.8196079 0.8196079 1 0.8705883 0.8705883 0.8705883 1 0.7843137 0.7843137 0.7843137 1 0.8745098 0.8745098 0.8745098 1 0.8627451 0.8627451 0.8627451 1 0.8705883 0.8705883 0.8705883 1 0.8745098 0.8745098 0.8745098 1 0.8588235 0.8588235 0.8588235 1 0.8705883 0.8705883 0.8705883 1 0.8627451 0.8627451 0.8627451 1 0.9098039 0.9098039 0.9098039 1 0.8588235 0.8588235 0.8588235 1 0.8627451 0.8627451 0.8627451 1 0.9294118 0.9294118 0.9294118 1 0.8588235 0.8588235 0.8588235 1 0.9098039 0.9098039 0.9098039 1 0.6627451 0.6627451 0.6627451 1 0.9294118 0.9294118 0.9294118 1 0.9098039 0.9098039 0.9098039 1 0.6980392 0.6980392 0.6980392 1 0.9294118 0.9294118 0.9294118 1 0.6627451 0.6627451 0.6627451 1 0.8901961 0.8901961 0.8901961 1 0.8 0.8 0.8 1 0.8156863 0.8156863 0.8156863 1 0.8666667 0.8666667 0.8666667 1 0.8 0.8 0.8 1 0.8901961 0.8901961 0.8901961 1 0.8509804 0.8509804 0.8509804 1 0.8666667 0.8666667 0.8666667 1 0.8901961 0.8901961 0.8901961 1 0.509804 0.509804 0.509804 1 0.8666667 0.8666667 0.8666667 1 0.8509804 0.8509804 0.8509804 1 0.827451 0.827451 0.827451 1 0.509804 0.509804 0.509804 1 0.8509804 0.8509804 0.8509804 1 0.5607843 0.5607843 0.5607843 1 0.509804 0.509804 0.509804 1 0.827451 0.827451 0.827451 1 0.7098039 0.7098039 0.7098039 1 0.5607843 0.5607843 0.5607843 1 0.827451 0.827451 0.827451 1 0.9019608 0.9019608 0.9019608 1 0.5607843 0.5607843 0.5607843 1 0.7098039 0.7098039 0.7098039 1 0.4784314 0.4784314 0.4784314 1 0.9019608 0.9019608 0.9019608 1 0.7098039 0.7098039 0.7098039 1 0.854902 0.854902 0.854902 1 0.9019608 0.9019608 0.9019608 1 0.4784314 0.4784314 0.4784314 1 0.3254902 0.3254902 0.3254902 1 0.2117647 0.2117647 0.2117647 1 0.1607843 0.1607843 0.1607843 1 0.6235294 0.6235294 0.6235294 1 0.2117647 0.2117647 0.2117647 1 0.3254902 0.3254902 0.3254902 1 0.6117647 0.6117647 0.6117647 1 0.6235294 0.6235294 0.6235294 1 0.3254902 0.3254902 0.3254902 1 0.9843137 0.9843137 0.9843137 1 0.6235294 0.6235294 0.6235294 1 0.6117647 0.6117647 0.6117647 1 0.8196079 0.8196079 0.8196079 1 0.9843137 0.9843137 0.9843137 1 0.6117647 0.6117647 0.6117647 1 0.9176471 0.9176471 0.9176471 1 0.9843137 0.9843137 0.9843137 1 0.8196079 0.8196079 0.8196079 1 0.7333334 0.7333334 0.7333334 1 0.9176471 0.9176471 0.9176471 1 0.8196079 0.8196079 0.8196079 1 0.6235294 0.6235294 0.6235294 1 0.9176471 0.9176471 0.9176471 1 0.7333334 0.7333334 0.7333334 1 0.2117647 0.2117647 0.2117647 1 0.6235294 0.6235294 0.6235294 1 0.7333334 0.7333334 0.7333334 1 0.6901961 0.6901961 0.6901961 1 0.427451 0.427451 0.427451 1 0.5019608 0.5019608 0.5019608 1 0.4235294 0.4235294 0.4235294 1 0.427451 0.427451 0.427451 1 0.6901961 0.6901961 0.6901961 1 0.6431373 0.6431373 0.6431373 1 0.4235294 0.4235294 0.4235294 1 0.6901961 0.6901961 0.6901961 1 0.5137255 0.5137255 0.5137255 1 0.4235294 0.4235294 0.4235294 1 0.6431373 0.6431373 0.6431373 1 0.5294118 0.5294118 0.5294118 1 0.5137255 0.5137255 0.5137255 1 0.6431373 0.6431373 0.6431373 1 0.2039216 0.2039216 0.2039216 1 0.5137255 0.5137255 0.5137255 1 0.5294118 0.5294118 0.5294118 1 0.654902 0.654902 0.654902 1 0.2039216 0.2039216 0.2039216 1 0.5294118 0.5294118 0.5294118 1 0.2039216 0.2039216 0.2039216 1 0.2039216 0.2039216 0.2039216 1 0.654902 0.654902 0.654902 1 0.6666667 0.6666667 0.6666667 1 0.2039216 0.2039216 0.2039216 1 0.654902 0.654902 0.654902 1 0.5843138 0.5843138 0.5843138 1 0.1607843 0.1607843 0.1607843 1 0.4549019 0.4549019 0.4549019 1 0 0 0 1 0.1607843 0.1607843 0.1607843 1 0.5843138 0.5843138 0.5843138 1 0.6039216 0.6039216 0.6039216 1 0 0 0 1 0.5843138 0.5843138 0.5843138 1 0 0 0 1 0 0 0 1 0.6039216 0.6039216 0.6039216 1 0.8784314 0.8784314 0.8784314 1 0 0 0 1 0.6039216 0.6039216 0.6039216 1 0 0 0 1 0 0 0 1 0.8784314 0.8784314 0.8784314 1 0.7137255 0.7137255 0.7137255 1 0 0 0 1 0.8784314 0.8784314 0.8784314 1 0 0 0 1 0 0 0 1 0.7137255 0.7137255 0.7137255 1 0.003921568 0.003921568 0.003921568 1 0 0 0 1 0.7137255 0.7137255 0.7137255 1 0.02352941 0.02352941 0.02352941 1 0.3019608 0.3019608 0.3019608 1 0.3882353 0.3882353 0.3882353 1 0.2941176 0.2941176 0.2941176 1 0.3019608 0.3019608 0.3019608 1 0.02352941 0.02352941 0.02352941 1 0.01960784 0.01960784 0.01960784 1 0.2941176 0.2941176 0.2941176 1 0.02352941 0.02352941 0.02352941 1 0.4862745 0.4862745 0.4862745 1 0.2941176 0.2941176 0.2941176 1 0.01960784 0.01960784 0.01960784 1 0.03137254 0.03137254 0.03137254 1 0.4862745 0.4862745 0.4862745 1 0.01960784 0.01960784 0.01960784 1 0.2235294 0.2235294 0.2235294 1 0.4862745 0.4862745 0.4862745 1 0.03137254 0.03137254 0.03137254 1 0.05098038 0.05098038 0.05098038 1 0.2235294 0.2235294 0.2235294 1 0.03137254 0.03137254 0.03137254 1 0.2627451 0.2627451 0.2627451 1 0.2235294 0.2235294 0.2235294 1 0.05098038 0.05098038 0.05098038 1 0.3882353 0.3882353 0.3882353 1 0.2627451 0.2627451 0.2627451 1 0.05098038 0.05098038 0.05098038 1 0.8509804 0.8509804 0.8509804 1 0.8705883 0.8705883 0.8705883 1 0.7215687 0.7215687 0.7215687 1 0.7843137 0.7843137 0.7843137 1 0.8705883 0.8705883 0.8705883 1 0.8509804 0.8509804 0.8509804 1 0.9215686 0.9215686 0.9215686 1 0.7843137 0.7843137 0.7843137 1 0.8509804 0.8509804 0.8509804 1 0.9215686 0.9215686 0.9215686 1 0.7843137 0.7843137 0.7843137 1 0.9215686 0.9215686 0.9215686 1 0.7098039 0.7098039 0.7098039 1 0.9215686 0.9215686 0.9215686 1 0.9215686 0.9215686 0.9215686 1 0.8941177 0.8941177 0.8941177 1 0.9215686 0.9215686 0.9215686 1 0.7098039 0.7098039 0.7098039 1 0.6784314 0.6784314 0.6784314 1 0.8941177 0.8941177 0.8941177 1 0.7098039 0.7098039 0.7098039 1 0.9450981 0.9450981 0.9450981 1 0.8941177 0.8941177 0.8941177 1 0.6784314 0.6784314 0.6784314 1 0.9607843 0.9607843 0.9607843 1 0.9450981 0.9450981 0.9450981 1 0.6784314 0.6784314 0.6784314 1 0.8980392 0.8980392 0.8980392 1 0.6509804 0.6509804 0.6509804 1 0.7490196 0.7490196 0.7490196 1 0.6862745 0.6862745 0.6862745 1 0.6509804 0.6509804 0.6509804 1 0.8980392 0.8980392 0.8980392 1 0.854902 0.854902 0.854902 1 0.6862745 0.6862745 0.6862745 1 0.8980392 0.8980392 0.8980392 1 0.5843138 0.5843138 0.5843138 1 0.6862745 0.6862745 0.6862745 1 0.854902 0.854902 0.854902 1 0.7843137 0.7843137 0.7843137 1 0.5843138 0.5843138 0.5843138 1 0.854902 0.854902 0.854902 1 0.5725491 0.5725491 0.5725491 1 0.5843138 0.5843138 0.5843138 1 0.7843137 0.7843137 0.7843137 1 0.7490196 0.7490196 0.7490196 1 0.5725491 0.5725491 0.5725491 1 0.7843137 0.7843137 0.7843137 1 0.6509804 0.6509804 0.6509804 1 0.5725491 0.5725491 0.5725491 1 0.7490196 0.7490196 0.7490196 1 0.1098039 0.1098039 0.1098039 1 0.1058824 0.1058824 0.1058824 1 0.1215686 0.1215686 0.1215686 1 0.03921568 0.03921568 0.03921568 1 0.1058824 0.1058824 0.1058824 1 0.1098039 0.1098039 0.1098039 1 0.1607843 0.1607843 0.1607843 1 0.03921568 0.03921568 0.03921568 1 0.1098039 0.1098039 0.1098039 1 0.01568627 0.01568627 0.01568627 1 0.03921568 0.03921568 0.03921568 1 0.1607843 0.1607843 0.1607843 1 0.02352941 0.02352941 0.02352941 1 0.01568627 0.01568627 0.01568627 1 0.1607843 0.1607843 0.1607843 1 0.1019608 0.1019608 0.1019608 1 0.01568627 0.01568627 0.01568627 1 0.02352941 0.02352941 0.02352941 1 0.0980392 0.0980392 0.0980392 1 0.1019608 0.1019608 0.1019608 1 0.02352941 0.02352941 0.02352941 1 0.1137255 0.1137255 0.1137255 1 0.1019608 0.1019608 0.1019608 1 0.0980392 0.0980392 0.0980392 1 0.7529412 0.7529412 0.7529412 1 0.6470589 0.6470589 0.6470589 1 0.9176471 0.9176471 0.9176471 1 0.5686275 0.5686275 0.5686275 1 0.6470589 0.6470589 0.6470589 1 0.7529412 0.7529412 0.7529412 1 0.7882353 0.7882353 0.7882353 1 0.5686275 0.5686275 0.5686275 1 0.7529412 0.7529412 0.7529412 1 0.5764706 0.5764706 0.5764706 1 0.5686275 0.5686275 0.5686275 1 0.7882353 0.7882353 0.7882353 1 0.8509804 0.8509804 0.8509804 1 0.5764706 0.5764706 0.5764706 1 0.7882353 0.7882353 0.7882353 1 0.6666667 0.6666667 0.6666667 1 0.5764706 0.5764706 0.5764706 1 0.8509804 0.8509804 0.8509804 1 0.9176471 0.9176471 0.9176471 1 0.6666667 0.6666667 0.6666667 1 0.8509804 0.8509804 0.8509804 1 0.6470589 0.6470589 0.6470589 1 0.6666667 0.6666667 0.6666667 1 0.9176471 0.9176471 0.9176471 1 0.5254902 0.5254902 0.5254902 1 0.5137255 0.5137255 0.5137255 1 0.2039216 0.2039216 0.2039216 1 0.6352941 0.6352941 0.6352941 1 0.5137255 0.5137255 0.5137255 1 0.5254902 0.5254902 0.5254902 1 0.8745098 0.8745098 0.8745098 1 0.6352941 0.6352941 0.6352941 1 0.5254902 0.5254902 0.5254902 1 0.8 0.8 0.8 1 0.6352941 0.6352941 0.6352941 1 0.8745098 0.8745098 0.8745098 1 0.7882353 0.7882353 0.7882353 1 0.8 0.8 0.8 1 0.8745098 0.8745098 0.8745098 1 0.8156863 0.8156863 0.8156863 1 0.8 0.8 0.8 1 0.7882353 0.7882353 0.7882353 1 0.8352941 0.8352941 0.8352941 1 0.8156863 0.8156863 0.8156863 1 0.7882353 0.7882353 0.7882353 1 0.9176471 0.9176471 0.9176471 1 0.8156863 0.8156863 0.8156863 1 0.8352941 0.8352941 0.8352941 1 0.6627451 0.6627451 0.6627451 1 0.4235294 0.4235294 0.4235294 1 0.4235294 0.4235294 0.4235294 1 0.6627451 0.6627451 0.6627451 1 0.4235294 0.4235294 0.4235294 1 0.6627451 0.6627451 0.6627451 1 0.9019608 0.9019608 0.9019608 1 0.6627451 0.6627451 0.6627451 1 0.6627451 0.6627451 0.6627451 1 0.9019608 0.9019608 0.9019608 1 0.6627451 0.6627451 0.6627451 1 0.9019608 0.9019608 0.9019608 1 0.6627451 0.6627451 0.6627451 1 0.9019608 0.9019608 0.9019608 1 0.9019608 0.9019608 0.9019608 1 0.6627451 0.6627451 0.6627451 1 0.9019608 0.9019608 0.9019608 1 0.6627451 0.6627451 0.6627451 1 0.4235294 0.4235294 0.4235294 1 0.6627451 0.6627451 0.6627451 1 0.6627451 0.6627451 0.6627451 1 0.4235294 0.4235294 0.4235294 1 0.6627451 0.6627451 0.6627451 1 0.4235294 0.4235294 0.4235294 1 0 0 0 1 0.5019608 0.5019608 0.5019608 1 0 0 0 1 0.6588236 0.6588236 0.6588236 1 0.5019608 0.5019608 0.5019608 1 0 0 0 1 0 0 0 1 0.6588236 0.6588236 0.6588236 1 0 0 0 1 0.8156863 0.8156863 0.8156863 1 0.6588236 0.6588236 0.6588236 1 0 0 0 1 0 0 0 1 0.8156863 0.8156863 0.8156863 1 0 0 0 1 0.6470589 0.6470589 0.6470589 1 0.8156863 0.8156863 0.8156863 1 0 0 0 1 0 0 0 1 0.6470589 0.6470589 0.6470589 1 0 0 0 1 0.4941176 0.4941176 0.4941176 1 0.6470589 0.6470589 0.6470589 1 0 0 0 1 0.7647059 0.7647059 0.7647059 1 0.3411765 0.3411765 0.3411765 1 0.3411765 0.3411765 0.3411765 1 0.7647059 0.7647059 0.7647059 1 0.3411765 0.3411765 0.3411765 1 0.7647059 0.7647059 0.7647059 1 0.3411765 0.3411765 0.3411765 1 0.7647059 0.7647059 0.7647059 1 0.7647059 0.7647059 0.7647059 1 0.3411765 0.3411765 0.3411765 1 0.7647059 0.7647059 0.7647059 1 0.3411765 0.3411765 0.3411765 1 0.1137255 0.1137255 0.1137255 1 0.3411765 0.3411765 0.3411765 1 0.3411765 0.3411765 0.3411765 1 0.1137255 0.1137255 0.1137255 1 0.3411765 0.3411765 0.3411765 1 0.1137255 0.1137255 0.1137255 1 0.3411765 0.3411765 0.3411765 1 0.1137255 0.1137255 0.1137255 1 0.1137255 0.1137255 0.1137255 1 0.3411765 0.3411765 0.3411765 1 0.1137255 0.1137255 0.1137255 1 0.3411765 0.3411765 0.3411765 1 0.02352941 0.02352941 0.02352941 1 0.4117647 0.4117647 0.4117647 1 0.4196078 0.4196078 0.4196078 1 0.3607843 0.3607843 0.3607843 1 0.4117647 0.4117647 0.4117647 1 0.02352941 0.02352941 0.02352941 1 0.2745098 0.2745098 0.2745098 1 0.3607843 0.3607843 0.3607843 1 0.02352941 0.02352941 0.02352941 1 0.4156863 0.4156863 0.4156863 1 0.3607843 0.3607843 0.3607843 1 0.2745098 0.2745098 0.2745098 1 0.09019607 0.09019607 0.09019607 1 0.4156863 0.4156863 0.4156863 1 0.2745098 0.2745098 0.2745098 1 0.5058824 0.5058824 0.5058824 1 0.4156863 0.4156863 0.4156863 1 0.09019607 0.09019607 0.09019607 1 0.8470588 0.8470588 0.8470588 1 0.5058824 0.5058824 0.5058824 1 0.09019607 0.09019607 0.09019607 1 0.01568627 0.01568627 0.01568627 1 0.1058824 0.1058824 0.1058824 1 0.03921568 0.03921568 0.03921568 1 0.1254902 0.1254902 0.1254902 1 0.1058824 0.1058824 0.1058824 1 0.01568627 0.01568627 0.01568627 1 0.1019608 0.1019608 0.1019608 1 0.1254902 0.1254902 0.1254902 1 0.01568627 0.01568627 0.01568627 1 0.04313725 0.04313725 0.04313725 1 0.1254902 0.1254902 0.1254902 1 0.1019608 0.1019608 0.1019608 1 0.03529411 0.03529411 0.03529411 1 0.04313725 0.04313725 0.04313725 1 0.1019608 0.1019608 0.1019608 1 0.3254902 0.3254902 0.3254902 1 0.04313725 0.04313725 0.04313725 1 0.03529411 0.03529411 0.03529411 1 0.1960784 0.1960784 0.1960784 1 0.3254902 0.3254902 0.3254902 1 0.03529411 0.03529411 0.03529411 1 0.03137254 0.03137254 0.03137254 1 0.02352941 0.02352941 0.02352941 1 0.4196078 0.4196078 0.4196078 1 0.2745098 0.2745098 0.2745098 1 0.02352941 0.02352941 0.02352941 1 0.03137254 0.03137254 0.03137254 1 0.2784314 0.2784314 0.2784314 1 0.2745098 0.2745098 0.2745098 1 0.03137254 0.03137254 0.03137254 1 0.09019607 0.09019607 0.09019607 1 0.2745098 0.2745098 0.2745098 1 0.2784314 0.2784314 0.2784314 1 0.1058824 0.1058824 0.1058824 1 0.09019607 0.09019607 0.09019607 1 0.2784314 0.2784314 0.2784314 1 0.8470588 0.8470588 0.8470588 1 0.09019607 0.09019607 0.09019607 1 0.1058824 0.1058824 0.1058824 1 0.5058824 0.5058824 0.5058824 1 0.8470588 0.8470588 0.8470588 1 0.1058824 0.1058824 0.1058824 1 0.654902 0.654902 0.654902 1 0.9647059 0.9647059 0.9647059 1 0.6666667 0.6666667 0.6666667 1 1 1 1 1 0.9647059 0.9647059 0.9647059 1 0.654902 0.654902 0.654902 1 0.5294118 0.5294118 0.5294118 1 1 1 1 1 0.654902 0.654902 0.654902 1 0.8784314 0.8784314 0.8784314 1 1 1 1 1 0.5294118 0.5294118 0.5294118 1 0.6431373 0.6431373 0.6431373 1 0.8784314 0.8784314 0.8784314 1 0.5294118 0.5294118 0.5294118 1 0.9098039 0.9098039 0.9098039 1 0.8784314 0.8784314 0.8784314 1 0.6431373 0.6431373 0.6431373 1 0.827451 0.827451 0.827451 1 0.9098039 0.9098039 0.9098039 1 0.6431373 0.6431373 0.6431373 1 0.372549 0.372549 0.372549 1 0.2235294 0.2235294 0.2235294 1 0.1686275 0.1686275 0.1686275 1 0.3529412 0.3529412 0.3529412 1 0.2235294 0.2235294 0.2235294 1 0.372549 0.372549 0.372549 1 0.2313725 0.2313725 0.2313725 1 0.3529412 0.3529412 0.3529412 1 0.372549 0.372549 0.372549 1 0.6078432 0.6078432 0.6078432 1 0.3529412 0.3529412 0.3529412 1 0.2313725 0.2313725 0.2313725 1 0.1686275 0.1686275 0.1686275 1 0.6078432 0.6078432 0.6078432 1 0.2313725 0.2313725 0.2313725 1 0.2235294 0.2235294 0.2235294 1 0.6078432 0.6078432 0.6078432 1 0.1686275 0.1686275 0.1686275 1 0.5294118 0.5294118 0.5294118 1 0.8470588 0.8470588 0.8470588 1 0.8470588 0.8470588 0.8470588 1 0.5294118 0.5294118 0.5294118 1 0.8470588 0.8470588 0.8470588 1 0.5294118 0.5294118 0.5294118 1 0.5294118 0.5294118 0.5294118 1 0.5294118 0.5294118 0.5294118 1 0.5294118 0.5294118 0.5294118 1 0.5294118 0.5294118 0.5294118 1 0.5294118 0.5294118 0.5294118 1 0.5294118 0.5294118 0.5294118 1 0.8470588 0.8470588 0.8470588 1 0.5294118 0.5294118 0.5294118 1 0.5294118 0.5294118 0.5294118 1 0.8470588 0.8470588 0.8470588 1 0.5294118 0.5294118 0.5294118 1 0.8470588 0.8470588 0.8470588 1 0.5294118 0.5294118 0.5294118 1 0.8470588 0.8470588 0.8470588 1 0.8470588 0.8470588 0.8470588 1 0.5294118 0.5294118 0.5294118 1 0.8470588 0.8470588 0.8470588 1 0.5294118 0.5294118 0.5294118 1 0.5294118 0.5294118 0.5294118 1 0.5294118 0.5294118 0.5294118 1 0.5294118 0.5294118 0.5294118 1 0.5294118 0.5294118 0.5294118 1 0.5294118 0.5294118 0.5294118 1 0.5294118 0.5294118 0.5294118 1 0.8470588 0.8470588 0.8470588 1 0.5294118 0.5294118 0.5294118 1 0.5294118 0.5294118 0.5294118 1 0.8470588 0.8470588 0.8470588 1 0.5294118 0.5294118 0.5294118 1 0.8470588 0.8470588 0.8470588 1 0.8745098 0.8745098 0.8745098 1 0.6980392 0.6980392 0.6980392 1 0.7882353 0.7882353 0.7882353 1 1 1 1 1 0.6980392 0.6980392 0.6980392 1 0.8745098 0.8745098 0.8745098 1 0.5254902 0.5254902 0.5254902 1 1 1 1 1 0.8745098 0.8745098 0.8745098 1 0.6470589 0.6470589 0.6470589 1 1 1 1 1 0.5254902 0.5254902 0.5254902 1 0.2039216 0.2039216 0.2039216 1 0.6470589 0.6470589 0.6470589 1 0.5254902 0.5254902 0.5254902 1 0.2039216 0.2039216 0.2039216 1 0.6470589 0.6470589 0.6470589 1 0.2039216 0.2039216 0.2039216 1 0.7647059 0.7647059 0.7647059 1 0.7647059 0.7647059 0.7647059 1 0.3411765 0.3411765 0.3411765 1 0.3411765 0.3411765 0.3411765 1 0.7647059 0.7647059 0.7647059 1 0.7647059 0.7647059 0.7647059 1 0.3411765 0.3411765 0.3411765 1 0.3411765 0.3411765 0.3411765 1 0.7647059 0.7647059 0.7647059 1 0.3411765 0.3411765 0.3411765 1 0.3411765 0.3411765 0.3411765 1 0.3411765 0.3411765 0.3411765 1 0.3411765 0.3411765 0.3411765 1 0.3411765 0.3411765 0.3411765 1 0.3411765 0.3411765 0.3411765 1 0.7647059 0.7647059 0.7647059 1 0.3411765 0.3411765 0.3411765 1 0.3411765 0.3411765 0.3411765 1 0.3411765 0.3411765 0.3411765 1 0.7647059 0.7647059 0.7647059 1 0.7647059 0.7647059 0.7647059 1 0.3411765 0.3411765 0.3411765 1 0.7647059 0.7647059 0.7647059 1 0.3411765 0.3411765 0.3411765 1 0.3411765 0.3411765 0.3411765 1 0.3411765 0.3411765 0.3411765 1 0.3411765 0.3411765 0.3411765 1 0.3411765 0.3411765 0.3411765 1 0.3411765 0.3411765 0.3411765 1 0.3411765 0.3411765 0.3411765 1 0.7647059 0.7647059 0.7647059 1 0.3411765 0.3411765 0.3411765 1 0.3411765 0.3411765 0.3411765 1 0.7647059 0.7647059 0.7647059 1 0.3411765 0.3411765 0.3411765 1 0.7647059 0.7647059 0.7647059 1 0.3607843 0.3607843 0.3607843 1 0.1764706 0.1764706 0.1764706 1 0.2117647 0.2117647 0.2117647 1 0.4196078 0.4196078 0.4196078 1 0.1764706 0.1764706 0.1764706 1 0.3607843 0.3607843 0.3607843 1 0.627451 0.627451 0.627451 1 0.4196078 0.4196078 0.4196078 1 0.3607843 0.3607843 0.3607843 1 0.2235294 0.2235294 0.2235294 1 0.4196078 0.4196078 0.4196078 1 0.627451 0.627451 0.627451 1 0.2117647 0.2117647 0.2117647 1 0.2235294 0.2235294 0.2235294 1 0.627451 0.627451 0.627451 1 0.1764706 0.1764706 0.1764706 1 0.2235294 0.2235294 0.2235294 1 0.2117647 0.2117647 0.2117647 1 0.04705882 0.04705882 0.04705882 1 0.3843137 0.3843137 0.3843137 1 0.3058823 0.3058823 0.3058823 1 0.02352941 0.02352941 0.02352941 1 0.3843137 0.3843137 0.3843137 1 0.04705882 0.04705882 0.04705882 1 0.03137254 0.03137254 0.03137254 1 0.02352941 0.02352941 0.02352941 1 0.04705882 0.04705882 0.04705882 1 0.02745097 0.02745097 0.02745097 1 0.02352941 0.02352941 0.02352941 1 0.03137254 0.03137254 0.03137254 1 0.4784314 0.4784314 0.4784314 1 0.02745097 0.02745097 0.02745097 1 0.03137254 0.03137254 0.03137254 1 0.227451 0.227451 0.227451 1 0.02745097 0.02745097 0.02745097 1 0.4784314 0.4784314 0.4784314 1 0 0 0 1 0.6039216 0.6039216 0.6039216 1 0 0 0 1 0.8941177 0.8941177 0.8941177 1 0.6039216 0.6039216 0.6039216 1 0 0 0 1 0 0 0 1 0.8941177 0.8941177 0.8941177 1 0 0 0 1 0.7254902 0.7254902 0.7254902 1 0.8941177 0.8941177 0.8941177 1 0 0 0 1 0 0 0 1 0.7254902 0.7254902 0.7254902 1 0 0 0 1 0 0 0 1 0.7254902 0.7254902 0.7254902 1 0 0 0 1 0.4078431 0.4078431 0.4078431 1 0.1686275 0.1686275 0.1686275 1 0.1411765 0.1411765 0.1411765 1 0.372549 0.372549 0.372549 1 0.1686275 0.1686275 0.1686275 1 0.4078431 0.4078431 0.4078431 1 0.1058824 0.1058824 0.1058824 1 0.372549 0.372549 0.372549 1 0.4078431 0.4078431 0.4078431 1 0.2313725 0.2313725 0.2313725 1 0.372549 0.372549 0.372549 1 0.1058824 0.1058824 0.1058824 1 0.1411765 0.1411765 0.1411765 1 0.2313725 0.2313725 0.2313725 1 0.1058824 0.1058824 0.1058824 1 0.1686275 0.1686275 0.1686275 1 0.2313725 0.2313725 0.2313725 1 0.1411765 0.1411765 0.1411765 1 0.4196078 0.4196078 0.4196078 1 0.1411765 0.1411765 0.1411765 1 0.1764706 0.1764706 0.1764706 1 0.4078431 0.4078431 0.4078431 1 0.1411765 0.1411765 0.1411765 1 0.4196078 0.4196078 0.4196078 1 0.2235294 0.2235294 0.2235294 1 0.4078431 0.4078431 0.4078431 1 0.4196078 0.4196078 0.4196078 1 0.1058824 0.1058824 0.1058824 1 0.4078431 0.4078431 0.4078431 1 0.2235294 0.2235294 0.2235294 1 0.1764706 0.1764706 0.1764706 1 0.1058824 0.1058824 0.1058824 1 0.2235294 0.2235294 0.2235294 1 0.1411765 0.1411765 0.1411765 1 0.1058824 0.1058824 0.1058824 1 0.1764706 0.1764706 0.1764706 1 0.4470588 0.4470588 0.4470588 1 0.6784314 0.6784314 0.6784314 1 0.3803921 0.3803921 0.3803921 1 0.7490196 0.7490196 0.7490196 1 0.6784314 0.6784314 0.6784314 1 0.4470588 0.4470588 0.4470588 1 0.5019608 0.5019608 0.5019608 1 0.7490196 0.7490196 0.7490196 1 0.4470588 0.4470588 0.4470588 1 0.7647059 0.7647059 0.7647059 1 0.7490196 0.7490196 0.7490196 1 0.5019608 0.5019608 0.5019608 1 0.7372549 0.7372549 0.7372549 1 0.7647059 0.7647059 0.7647059 1 0.5019608 0.5019608 0.5019608 1 0.509804 0.509804 0.509804 1 0.7647059 0.7647059 0.7647059 1 0.7372549 0.7372549 0.7372549 1 0.3333333 0.3333333 0.3333333 1 0.2117647 0.2117647 0.2117647 1 0.2627451 0.2627451 0.2627451 1 0.3607843 0.3607843 0.3607843 1 0.2117647 0.2117647 0.2117647 1 0.3333333 0.3333333 0.3333333 1 0.8980392 0.8980392 0.8980392 1 0.3607843 0.3607843 0.3607843 1 0.3333333 0.3333333 0.3333333 1 0.627451 0.627451 0.627451 1 0.3607843 0.3607843 0.3607843 1 0.8980392 0.8980392 0.8980392 1 0.2627451 0.2627451 0.2627451 1 0.627451 0.627451 0.627451 1 0.8980392 0.8980392 0.8980392 1 0.2117647 0.2117647 0.2117647 1 0.627451 0.627451 0.627451 1 0.2627451 0.2627451 0.2627451 1 0.3529412 0.3529412 0.3529412 1 0.2627451 0.2627451 0.2627451 1 0.254902 0.254902 0.254902 1 0.3333333 0.3333333 0.3333333 1 0.2627451 0.2627451 0.2627451 1 0.3529412 0.3529412 0.3529412 1 0.8431373 0.8431373 0.8431373 1 0.3333333 0.3333333 0.3333333 1 0.3529412 0.3529412 0.3529412 1 0.8980392 0.8980392 0.8980392 1 0.3333333 0.3333333 0.3333333 1 0.8431373 0.8431373 0.8431373 1 0.254902 0.254902 0.254902 1 0.8980392 0.8980392 0.8980392 1 0.8431373 0.8431373 0.8431373 1 0.2627451 0.2627451 0.2627451 1 0.8980392 0.8980392 0.8980392 1 0.254902 0.254902 0.254902 1 0.3529412 0.3529412 0.3529412 1 0.254902 0.254902 0.254902 1 0.2235294 0.2235294 0.2235294 1 0.3529412 0.3529412 0.3529412 1 0.254902 0.254902 0.254902 1 0.3529412 0.3529412 0.3529412 1 0.6078432 0.6078432 0.6078432 1 0.3529412 0.3529412 0.3529412 1 0.3529412 0.3529412 0.3529412 1 0.8431373 0.8431373 0.8431373 1 0.3529412 0.3529412 0.3529412 1 0.6078432 0.6078432 0.6078432 1 0.2235294 0.2235294 0.2235294 1 0.8431373 0.8431373 0.8431373 1 0.6078432 0.6078432 0.6078432 1 0.254902 0.254902 0.254902 1 0.8431373 0.8431373 0.8431373 1 0.2235294 0.2235294 0.2235294 1 0.3411765 0.3411765 0.3411765 1 0.1254902 0.1254902 0.1254902 1 0.4470588 0.4470588 0.4470588 1 0.03921568 0.03921568 0.03921568 1 0.1254902 0.1254902 0.1254902 1 0.3411765 0.3411765 0.3411765 1 0.03529411 0.03529411 0.03529411 1 0.03921568 0.03921568 0.03921568 1 0.3411765 0.3411765 0.3411765 1 0.1058824 0.1058824 0.1058824 1 0.03921568 0.03921568 0.03921568 1 0.03529411 0.03529411 0.03529411 1 0.1215686 0.1215686 0.1215686 1 0.1058824 0.1058824 0.1058824 1 0.03529411 0.03529411 0.03529411 1 0.3803921 0.3803921 0.3803921 1 0.427451 0.427451 0.427451 1 0.4431372 0.4431372 0.4431372 1 0.5490196 0.5490196 0.5490196 1 0.427451 0.427451 0.427451 1 0.3803921 0.3803921 0.3803921 1 0.5725491 0.5725491 0.5725491 1 0.5490196 0.5490196 0.5490196 1 0.3803921 0.3803921 0.3803921 1 0.2039216 0.2039216 0.2039216 1 0.5490196 0.5490196 0.5490196 1 0.5725491 0.5725491 0.5725491 1 0.2039216 0.2039216 0.2039216 1 0.2039216 0.2039216 0.2039216 1 0.5725491 0.5725491 0.5725491 1 0.9215686 0.9215686 0.9215686 1 0.9215686 0.9215686 0.9215686 1 0.7215687 0.7215687 0.7215687 1 0.7882353 0.7882353 0.7882353 1 0.9215686 0.9215686 0.9215686 1 0.9215686 0.9215686 0.9215686 1 0.8509804 0.8509804 0.8509804 1 0.7882353 0.7882353 0.7882353 1 0.9215686 0.9215686 0.9215686 1 0.854902 0.854902 0.854902 1 0.7882353 0.7882353 0.7882353 1 0.8509804 0.8509804 0.8509804 1 0.7215687 0.7215687 0.7215687 1 0.854902 0.854902 0.854902 1 0.8509804 0.8509804 0.8509804 1 0.1607843 0.1607843 0.1607843 1 0.1803922 0.1803922 0.1803922 1 0.4235294 0.4235294 0.4235294 1 0.1843137 0.1843137 0.1843137 1 0.1803922 0.1803922 0.1803922 1 0.1607843 0.1607843 0.1607843 1 0.1607843 0.1607843 0.1607843 1 0.1843137 0.1843137 0.1843137 1 0.1607843 0.1607843 0.1607843 1 0.4235294 0.4235294 0.4235294 1 0.1843137 0.1843137 0.1843137 1 0.1607843 0.1607843 0.1607843 1 0.1607843 0.1607843 0.1607843 1 0.4235294 0.4235294 0.4235294 1 0.1607843 0.1607843 0.1607843 1 0.854902 0.854902 0.854902 1 0.3411765 0.3411765 0.3411765 1 0.8588235 0.8588235 0.8588235 1 0.3490196 0.3490196 0.3490196 1 0.3411765 0.3411765 0.3411765 1 0.854902 0.854902 0.854902 1 0.7215687 0.7215687 0.7215687 1 0.3490196 0.3490196 0.3490196 1 0.854902 0.854902 0.854902 1 0.4862745 0.4862745 0.4862745 1 0.3490196 0.3490196 0.3490196 1 0.7215687 0.7215687 0.7215687 1 0.345098 0.345098 0.345098 1 0.4862745 0.4862745 0.4862745 1 0.7215687 0.7215687 0.7215687 1 0.6039216 0.6039216 0.6039216 1 0.5921569 0.5921569 0.5921569 1 0 0 0 1 0.5490196 0.5490196 0.5490196 1 0.5921569 0.5921569 0.5921569 1 0.6039216 0.6039216 0.6039216 1 0.5411765 0.5411765 0.5411765 1 0.5490196 0.5490196 0.5490196 1 0.6039216 0.6039216 0.6039216 1 0 0 0 1 0.5490196 0.5490196 0.5490196 1 0.5411765 0.5411765 0.5411765 1 0 0 0 1 0 0 0 1 0.5411765 0.5411765 0.5411765 1 0.8509804 0.8509804 0.8509804 1 0.8980392 0.8980392 0.8980392 1 0.8156863 0.8156863 0.8156863 1 0.854902 0.854902 0.854902 1 0.8980392 0.8980392 0.8980392 1 0.8509804 0.8509804 0.8509804 1 0.8431373 0.8431373 0.8431373 1 0.854902 0.854902 0.854902 1 0.8509804 0.8509804 0.8509804 1 0.8470588 0.8470588 0.8470588 1 0.854902 0.854902 0.854902 1 0.8431373 0.8431373 0.8431373 1 0.7098039 0.7098039 0.7098039 1 0.8470588 0.8470588 0.8470588 1 0.8431373 0.8431373 0.8431373 1 0.1647059 0.1647059 0.1647059 1 0.5215687 0.5215687 0.5215687 1 0.4156863 0.4156863 0.4156863 1 0.1607843 0.1607843 0.1607843 1 0.5215687 0.5215687 0.5215687 1 0.1647059 0.1647059 0.1647059 1 0.1607843 0.1607843 0.1607843 1 0.1607843 0.1607843 0.1607843 1 0.1647059 0.1647059 0.1647059 1 0.4156863 0.4156863 0.4156863 1 0.1607843 0.1607843 0.1607843 1 0.1607843 0.1607843 0.1607843 1 0.1647059 0.1647059 0.1647059 1 0.4156863 0.4156863 0.4156863 1 0.1607843 0.1607843 0.1607843 1 0.6862745 0.6862745 0.6862745 1 0.7176471 0.7176471 0.7176471 1 0.882353 0.882353 0.882353 1 0.7215687 0.7215687 0.7215687 1 0.7176471 0.7176471 0.7176471 1 0.6862745 0.6862745 0.6862745 1 0.9490196 0.9490196 0.9490196 1 0.7215687 0.7215687 0.7215687 1 0.6862745 0.6862745 0.6862745 1 0.9490196 0.9490196 0.9490196 1 0.7215687 0.7215687 0.7215687 1 0.9490196 0.9490196 0.9490196 1 0.4901961 0.4901961 0.4901961 1 0.3215686 0.3215686 0.3215686 1 0.682353 0.682353 0.682353 1 0.5568628 0.5568628 0.5568628 1 0.3215686 0.3215686 0.3215686 1 0.4901961 0.4901961 0.4901961 1 0.5843138 0.5843138 0.5843138 1 0.5568628 0.5568628 0.5568628 1 0.4901961 0.4901961 0.4901961 1 0.5843138 0.5843138 0.5843138 1 0.5568628 0.5568628 0.5568628 1 0.5843138 0.5843138 0.5843138 1 0.854902 0.854902 0.854902 1 0.8470588 0.8470588 0.8470588 1 0.9176471 0.9176471 0.9176471 1 0.9019608 0.9019608 0.9019608 1 0.8470588 0.8470588 0.8470588 1 0.854902 0.854902 0.854902 1 0.6980392 0.6980392 0.6980392 1 0.9019608 0.9019608 0.9019608 1 0.854902 0.854902 0.854902 1 0.7254902 0.7254902 0.7254902 1 0.9019608 0.9019608 0.9019608 1 0.6980392 0.6980392 0.6980392 1 1 1 1 1 0.772549 0.772549 0.772549 1 0.772549 0.772549 0.772549 1 1 1 1 1 0.772549 0.772549 0.772549 1 1 1 1 1 0.9960784 0.9960784 0.9960784 1 1 1 1 1 1 1 1 1 1 1 1 1 1 1 1 1 0.9960784 0.9960784 0.9960784 1 0.2705882 0.2705882 0.2705882 1 0.772549 0.772549 0.772549 1 0.8196079 0.8196079 0.8196079 1 0.6666667 0.6666667 0.6666667 1 0.772549 0.772549 0.772549 1 0.2705882 0.2705882 0.2705882 1 0.2705882 0.2705882 0.2705882 1 0.6666667 0.6666667 0.6666667 1 0.2705882 0.2705882 0.2705882 1 0.2705882 0.2705882 0.2705882 1 0.6666667 0.6666667 0.6666667 1 0.2705882 0.2705882 0.2705882 1 0.2705882 0.2705882 0.2705882 1 0.8313726 0.8313726 0.8313726 1 0.8235294 0.8235294 0.8235294 1 0.8196079 0.8196079 0.8196079 1 0.8313726 0.8313726 0.8313726 1 0.2705882 0.2705882 0.2705882 1 0.2705882 0.2705882 0.2705882 1 0.8196079 0.8196079 0.8196079 1 0.2705882 0.2705882 0.2705882 1 0.2705882 0.2705882 0.2705882 1 0.8196079 0.8196079 0.8196079 1 0.2705882 0.2705882 0.2705882 1 0.2705882 0.2705882 0.2705882 1 0.7882353 0.7882353 0.7882353 1 0.6588236 0.6588236 0.6588236 1 0.8235294 0.8235294 0.8235294 1 0.7882353 0.7882353 0.7882353 1 0.2705882 0.2705882 0.2705882 1 0.2705882 0.2705882 0.2705882 1 0.8235294 0.8235294 0.8235294 1 0.2705882 0.2705882 0.2705882 1 0.2705882 0.2705882 0.2705882 1 0.8235294 0.8235294 0.8235294 1 0.2705882 0.2705882 0.2705882 1 0.6352941 0.6352941 0.6352941 1 0.427451 0.427451 0.427451 1 0.5137255 0.5137255 0.5137255 1 0.7372549 0.7372549 0.7372549 1 0.427451 0.427451 0.427451 1 0.6352941 0.6352941 0.6352941 1 0.8666667 0.8666667 0.8666667 1 0.7372549 0.7372549 0.7372549 1 0.6352941 0.6352941 0.6352941 1 0.509804 0.509804 0.509804 1 0.7372549 0.7372549 0.7372549 1 0.8666667 0.8666667 0.8666667 1 0.5490196 0.5490196 0.5490196 1 0.3764706 0.3764706 0.3764706 1 0.4313725 0.4313725 0.4313725 1 0.5725491 0.5725491 0.5725491 1 0.3764706 0.3764706 0.3764706 1 0.5490196 0.5490196 0.5490196 1 0.2039216 0.2039216 0.2039216 1 0.5725491 0.5725491 0.5725491 1 0.5490196 0.5490196 0.5490196 1 0.2039216 0.2039216 0.2039216 1 0.5725491 0.5725491 0.5725491 1 0.2039216 0.2039216 0.2039216 1 0.6588236 0.6588236 0.6588236 1 0.2705882 0.2705882 0.2705882 1 0.2705882 0.2705882 0.2705882 1 0.2705882 0.2705882 0.2705882 1 0.2705882 0.2705882 0.2705882 1 0.6588236 0.6588236 0.6588236 1 0.5137255 0.5137255 0.5137255 1 0.2705882 0.2705882 0.2705882 1 0.6588236 0.6588236 0.6588236 1 0.6666667 0.6666667 0.6666667 1 0.2705882 0.2705882 0.2705882 1 0.5137255 0.5137255 0.5137255 1 0.1607843 0.1607843 0.1607843 1 0.5843138 0.5843138 0.5843138 1 0.4549019 0.4549019 0.4549019 1 0.5450981 0.5450981 0.5450981 1 0.5843138 0.5843138 0.5843138 1 0.1607843 0.1607843 0.1607843 1 0.1607843 0.1607843 0.1607843 1 0.5450981 0.5450981 0.5450981 1 0.1607843 0.1607843 0.1607843 1 0 0 0 1 0.5450981 0.5450981 0.5450981 1 0.1607843 0.1607843 0.1607843 1 0.9019608 0.9019608 0.9019608 1 0.7529412 0.7529412 0.7529412 1 0.9176471 0.9176471 0.9176471 1 0.9882353 0.9882353 0.9882353 1 0.7529412 0.7529412 0.7529412 1 0.9019608 0.9019608 0.9019608 1 0.9607843 0.9607843 0.9607843 1 0.9882353 0.9882353 0.9882353 1 0.9019608 0.9019608 0.9019608 1 0.9098039 0.9098039 0.9098039 1 0.9882353 0.9882353 0.9882353 1 0.9607843 0.9607843 0.9607843 1 0.5450981 0.5450981 0.5450981 1 0.6039216 0.6039216 0.6039216 1 0.5843138 0.5843138 0.5843138 1 0.5411765 0.5411765 0.5411765 1 0.6039216 0.6039216 0.6039216 1 0.5450981 0.5450981 0.5450981 1 0 0 0 1 0.5411765 0.5411765 0.5411765 1 0.5450981 0.5450981 0.5450981 1 0.003921568 0.003921568 0.003921568 1 0.5411765 0.5411765 0.5411765 1 0 0 0 1 0.1647059 0.1647059 0.1647059 1 0.4235294 0.4235294 0.4235294 1 0.509804 0.509804 0.509804 1 0.1607843 0.1607843 0.1607843 1 0.4235294 0.4235294 0.4235294 1 0.1647059 0.1647059 0.1647059 1 0.509804 0.509804 0.509804 1 0.1607843 0.1607843 0.1607843 1 0.1647059 0.1647059 0.1647059 1 0.1568627 0.1568627 0.1568627 1 0.1607843 0.1607843 0.1607843 1 0.509804 0.509804 0.509804 1 0.6117647 0.6117647 0.6117647 1 0.2117647 0.2117647 0.2117647 1 0.8196079 0.8196079 0.8196079 1 0.2980392 0.2980392 0.2980392 1 0.2117647 0.2117647 0.2117647 1 0.6117647 0.6117647 0.6117647 1 0.3254902 0.3254902 0.3254902 1 0.2980392 0.2980392 0.2980392 1 0.6117647 0.6117647 0.6117647 1 0.1607843 0.1607843 0.1607843 1 0.2980392 0.2980392 0.2980392 1 0.3254902 0.3254902 0.3254902 1 0.372549 0.372549 0.372549 1 0.372549 0.372549 0.372549 1 0.372549 0.372549 0.372549 1 0 0 0 1 0.372549 0.372549 0.372549 1 0.372549 0.372549 0.372549 1 0.372549 0.372549 0.372549 1 0 0 0 1 0.372549 0.372549 0.372549 1 0.372549 0.372549 0.372549 1 0 0 0 1 0.372549 0.372549 0.372549 1 0.4980392 0.4980392 0.4980392 1 0.8431373 0.8431373 0.8431373 1 0.8509804 0.8509804 0.8509804 1 0.5686275 0.5686275 0.5686275 1 0.8431373 0.8431373 0.8431373 1 0.4980392 0.4980392 0.4980392 1 0.7529412 0.7529412 0.7529412 1 0.5686275 0.5686275 0.5686275 1 0.4980392 0.4980392 0.4980392 1 0.7411765 0.7411765 0.7411765 1 0.5686275 0.5686275 0.5686275 1 0.7529412 0.7529412 0.7529412 1 0.5254902 0.5254902 0.5254902 1 0.5843138 0.5843138 0.5843138 1 0.5843138 0.5843138 0.5843138 1 0.4470588 0.4470588 0.4470588 1 0.5843138 0.5843138 0.5843138 1 0.5254902 0.5254902 0.5254902 1 0.372549 0.372549 0.372549 1 0.4470588 0.4470588 0.4470588 1 0.5254902 0.5254902 0.5254902 1 0.6196079 0.6196079 0.6196079 1 0.4470588 0.4470588 0.4470588 1 0.372549 0.372549 0.372549 1 0.2901961 0.2901961 0.2901961 1 0.1607843 0.1607843 0.1607843 1 0.172549 0.172549 0.172549 1 0.2941176 0.2941176 0.2941176 1 0.1607843 0.1607843 0.1607843 1 0.2901961 0.2901961 0.2901961 1 0.3921568 0.3921568 0.3921568 1 0.2941176 0.2941176 0.2941176 1 0.2901961 0.2901961 0.2901961 1 0.3882353 0.3882353 0.3882353 1 0.2941176 0.2941176 0.2941176 1 0.3921568 0.3921568 0.3921568 1 0.6980392 0.6980392 0.6980392 1 0.9019608 0.9019608 0.9019608 1 0.7254902 0.7254902 0.7254902 1 0.8509804 0.8509804 0.8509804 1 0.9019608 0.9019608 0.9019608 1 0.6980392 0.6980392 0.6980392 1 0.7843137 0.7843137 0.7843137 1 0.8509804 0.8509804 0.8509804 1 0.6980392 0.6980392 0.6980392 1 0.682353 0.682353 0.682353 1 0.8509804 0.8509804 0.8509804 1 0.7843137 0.7843137 0.7843137 1 0.9098039 0.9098039 0.9098039 1 1 1 1 1 1 1 1 1 0.9882353 0.9882353 0.9882353 1 1 1 1 1 0.9098039 0.9098039 0.9098039 1 0.9647059 0.9647059 0.9647059 1 0.9882353 0.9882353 0.9882353 1 0.9098039 0.9098039 0.9098039 1 0.9019608 0.9019608 0.9019608 1 0.9882353 0.9882353 0.9882353 1 0.9647059 0.9647059 0.9647059 1 0.6980392 0.6980392 0.6980392 1 0.8784314 0.8784314 0.8784314 1 0.7843137 0.7843137 0.7843137 1 1 1 1 1 0.8784314 0.8784314 0.8784314 1 0.6980392 0.6980392 0.6980392 1 0.7254902 0.7254902 0.7254902 1 1 1 1 1 0.6980392 0.6980392 0.6980392 1 0.9647059 0.9647059 0.9647059 1 1 1 1 1 0.7254902 0.7254902 0.7254902 1 0.654902 0.654902 0.654902 1 0.7411765 0.7411765 0.7411765 1 0.3607843 0.3607843 0.3607843 1 0.7058824 0.7058824 0.7058824 1 0.7411765 0.7411765 0.7411765 1 0.654902 0.654902 0.654902 1 0.6941177 0.6941177 0.6941177 1 0.7058824 0.7058824 0.7058824 1 0.654902 0.654902 0.654902 1 0.5411765 0.5411765 0.5411765 1 0.8784314 0.8784314 0.8784314 1 0.6039216 0.6039216 0.6039216 1 0.7137255 0.7137255 0.7137255 1 0.8784314 0.8784314 0.8784314 1 0.5411765 0.5411765 0.5411765 1 0.003921568 0.003921568 0.003921568 1 0.7137255 0.7137255 0.7137255 1 0.5411765 0.5411765 0.5411765 1 0.1568627 0.1568627 0.1568627 1 0.7882353 0.7882353 0.7882353 1 0.7843137 0.7843137 0.7843137 1 0.7921569 0.7921569 0.7921569 1 0.7882353 0.7882353 0.7882353 1 0.1568627 0.1568627 0.1568627 1 0.6666667 0.6666667 0.6666667 1 0.7921569 0.7921569 0.7921569 1 0.1568627 0.1568627 0.1568627 1 0.4862745 0.4862745 0.4862745 1 0.3411765 0.3411765 0.3411765 1 0.3490196 0.3490196 0.3490196 1 0.4901961 0.4901961 0.4901961 1 0.3411765 0.3411765 0.3411765 1 0.4862745 0.4862745 0.4862745 1 0.3372549 0.3372549 0.3372549 1 0.4901961 0.4901961 0.4901961 1 0.4862745 0.4862745 0.4862745 1 0.7215687 0.7215687 0.7215687 1 0.6666667 0.6666667 0.6666667 1 0.4705882 0.4705882 0.4705882 1 0.8980392 0.8980392 0.8980392 1 0.6666667 0.6666667 0.6666667 1 0.7215687 0.7215687 0.7215687 1 0.9215686 0.9215686 0.9215686 1 0.8980392 0.8980392 0.8980392 1 0.7215687 0.7215687 0.7215687 1 0.1568627 0.1568627 0.1568627 1 0.8196079 0.8196079 0.8196079 1 0.7921569 0.7921569 0.7921569 1 0.8039216 0.8039216 0.8039216 1 0.8196079 0.8196079 0.8196079 1 0.1568627 0.1568627 0.1568627 1 0.6392157 0.6392157 0.6392157 1 0.8039216 0.8039216 0.8039216 1 0.1568627 0.1568627 0.1568627 1 0.1568627 0.1568627 0.1568627 1 0.7882353 0.7882353 0.7882353 1 0.7803922 0.7803922 0.7803922 1 0.654902 0.654902 0.654902 1 0.7882353 0.7882353 0.7882353 1 0.1568627 0.1568627 0.1568627 1 0.682353 0.682353 0.682353 1 0.654902 0.654902 0.654902 1 0.1568627 0.1568627 0.1568627 1 0.1568627 0.1568627 0.1568627 1 0.6627451 0.6627451 0.6627451 1 0.682353 0.682353 0.682353 1 0.7921569 0.7921569 0.7921569 1 0.6627451 0.6627451 0.6627451 1 0.1568627 0.1568627 0.1568627 1 0.7803922 0.7803922 0.7803922 1 0.7921569 0.7921569 0.7921569 1 0.1568627 0.1568627 0.1568627 1 0.8509804 0.8509804 0.8509804 1 0.827451 0.827451 0.827451 1 0.8509804 0.8509804 0.8509804 1 0.8392157 0.8392157 0.8392157 1 0.827451 0.827451 0.827451 1 0.8509804 0.8509804 0.8509804 1 0.8196079 0.8196079 0.8196079 1 0.8392157 0.8392157 0.8392157 1 0.8509804 0.8509804 0.8509804 1 0.1607843 0.1607843 0.1607843 1 0.8039216 0.8039216 0.8039216 1 0.8196079 0.8196079 0.8196079 1 0.6313726 0.6313726 0.6313726 1 0.8039216 0.8039216 0.8039216 1 0.1607843 0.1607843 0.1607843 1 0.6392157 0.6392157 0.6392157 1 0.6313726 0.6313726 0.6313726 1 0.1607843 0.1607843 0.1607843 1 0.1607843 0.1607843 0.1607843 1 0.6392157 0.6392157 0.6392157 1 0.6392157 0.6392157 0.6392157 1 0.8 0.8 0.8 1 0.6392157 0.6392157 0.6392157 1 0.1607843 0.1607843 0.1607843 1 0.8196079 0.8196079 0.8196079 1 0.8 0.8 0.8 1 0.1607843 0.1607843 0.1607843 1 1 1 1 1 1 1 1 1 1 1 1 1 1 1 1 1 1 1 1 1 1 1 1 1 1 1 1 1 1 1 1 1 1 1 1 1 1 1 1 1 1 1 1 1 1 1 1 1 1 1 1 1 1 1 1 1 1 1 1 1 1 1 1 1 1 1 1 1 1 1 1 1 1 1 1 1 1 1 1 1 1 1 1 1 1 1 1 1 1 1 1 1 1 1 1 1 1 1 1 1 1 1 1 1 1 1 1 1 1 1 1 1 1 1 1 1 1 1 1 1 1 1 1 1 1 1 1 1 1 1 1 1 1 1 1 1 1 1 1 1 1 1 1 1 1 1 1 1 0.7254902 0.7254902 0.7254902 1 0.6980392 0.6980392 0.6980392 1 0.9647059 0.9647059 0.9647059 1 0.7254902 0.7254902 0.7254902 1 1 1 1 1 0.6470589 0.6470589 0.6470589 1 0.9647059 0.9647059 0.9647059 1 1 1 1 1 1 1 1 1 1 1 1 1 1 1 1 1 1 1 1 1 1 1 1 1 1 1 1 1 1 1 1 1 1 1 1 1 1 1 1 1 0.4313725 0.4313725 0.4313725 1 0.4980392 0.4980392 0.4980392 1 0.427451 0.427451 0.427451 1 0.4470588 0.4470588 0.4470588 1 0.4980392 0.4980392 0.4980392 1 0.4313725 0.4313725 0.4313725 1 0.3764706 0.3764706 0.3764706 1 0.4470588 0.4470588 0.4470588 1 0.4313725 0.4313725 0.4313725 1 0.9450981 0.9450981 0.9450981 1 0.6588236 0.6588236 0.6588236 1 0.7882353 0.7882353 0.7882353 1 0.5137255 0.5137255 0.5137255 1 0.6588236 0.6588236 0.6588236 1 0.9450981 0.9450981 0.9450981 1 0.6666667 0.6666667 0.6666667 1 0.5137255 0.5137255 0.5137255 1 0.9450981 0.9450981 0.9450981 1 0.05882352 0.05882352 0.05882352 1 0.6470589 0.6470589 0.6470589 1 0.5686275 0.5686275 0.5686275 1 0.6666667 0.6666667 0.6666667 1 0.6470589 0.6470589 0.6470589 1 0.05882352 0.05882352 0.05882352 1 0.5764706 0.5764706 0.5764706 1 0.6666667 0.6666667 0.6666667 1 0.05882352 0.05882352 0.05882352 1 0.5686275 0.5686275 0.5686275 1 0.7098039 0.7098039 0.7098039 1 0.8431373 0.8431373 0.8431373 1 0.9098039 0.9098039 0.9098039 1 0.7098039 0.7098039 0.7098039 1 0.5686275 0.5686275 0.5686275 1 0.6627451 0.6627451 0.6627451 1 0.9098039 0.9098039 0.9098039 1 0.5686275 0.5686275 0.5686275 1 0.06274509 0.06274509 0.06274509 1 0.5725491 0.5725491 0.5725491 1 0.6509804 0.6509804 0.6509804 1 0.5843138 0.5843138 0.5843138 1 0.5725491 0.5725491 0.5725491 1 0.06274509 0.06274509 0.06274509 1 0.6862745 0.6862745 0.6862745 1 0.5843138 0.5843138 0.5843138 1 0.06274509 0.06274509 0.06274509 1 1 1 1 1 0.8941177 0.8941177 0.8941177 1 0.9450981 0.9450981 0.9450981 1 0.9215686 0.9215686 0.9215686 1 0.8941177 0.8941177 0.8941177 1 1 1 1 1 0.9882353 0.9882353 0.9882353 1 0.9215686 0.9215686 0.9215686 1 1 1 1 1 0 0 0 1 0.3960784 0.3960784 0.3960784 1 0.3882353 0.3882353 0.3882353 1 0.4078431 0.4078431 0.4078431 1 0.3960784 0.3960784 0.3960784 1 0 0 0 1 0.4 0.4 0.4 1 0.4078431 0.4078431 0.4078431 1 0 0 0 1 0 0 0 1 0.4 0.4 0.4 1 0.4 0.4 0.4 1 0.3921568 0.3921568 0.3921568 1 0.4 0.4 0.4 1 0 0 0 1 0.3882353 0.3882353 0.3882353 1 0.3921568 0.3921568 0.3921568 1 0 0 0 1 0 0 0 1 0.3921568 0.3921568 0.3921568 1 0.3960784 0.3960784 0.3960784 1 0.3803921 0.3803921 0.3803921 1 0.3921568 0.3921568 0.3921568 1 0 0 0 1 0.3960784 0.3960784 0.3960784 1 0.3803921 0.3803921 0.3803921 1 0 0 0 1 0.9921569 0.9921569 0.9921569 1 0.7176471 0.7176471 0.7176471 1 0.7607843 0.7607843 0.7607843 1 1 1 1 1 0.7176471 0.7176471 0.7176471 1 0.9921569 0.9921569 0.9921569 1 1 1 1 1 1 1 1 1 0.9921569 0.9921569 0.9921569 1 0.4235294 0.4235294 0.4235294 1 0.4156863 0.4156863 0.4156863 1 0.4235294 0.4235294 0.4235294 1 0.1607843 0.1607843 0.1607843 1 0.4156863 0.4156863 0.4156863 1 0.4235294 0.4235294 0.4235294 1 0.1803922 0.1803922 0.1803922 1 0.1607843 0.1607843 0.1607843 1 0.4235294 0.4235294 0.4235294 1 0.7254902 0.7254902 0.7254902 1 0.6941177 0.6941177 0.6941177 1 0.7294118 0.7294118 0.7294118 1 0.5215687 0.5215687 0.5215687 1 0.6941177 0.6941177 0.6941177 1 0.7254902 0.7254902 0.7254902 1 0.1294118 0.1294118 0.1294118 1 0.5215687 0.5215687 0.5215687 1 0.7254902 0.7254902 0.7254902 1 0.6117647 0.6117647 0.6117647 1 0.3372549 0.3372549 0.3372549 1 0.4901961 0.4901961 0.4901961 1 0.4313725 0.4313725 0.4313725 1 0.3372549 0.3372549 0.3372549 1 0.6117647 0.6117647 0.6117647 1 0.7019608 0.7019608 0.7019608 1 0.4313725 0.4313725 0.4313725 1 0.6117647 0.6117647 0.6117647 1 1 1 1 1 1 1 1 1 1 1 1 1 1 1 1 1 1 1 1 1 1 1 1 1 1 1 1 1 1 1 1 1 1 1 1 1 0.5921569 0.5921569 0.5921569 1 0.1607843 0.1607843 0.1607843 1 0 0 0 1 0.4392157 0.4392157 0.4392157 1 0.1607843 0.1607843 0.1607843 1 0.5921569 0.5921569 0.5921569 1 0.1607843 0.1607843 0.1607843 1 0.4392157 0.4392157 0.4392157 1 0.5921569 0.5921569 0.5921569 1 1 1 1 1 1 1 1 1 1 1 1 1 1 1 1 1 1 1 1 1 1 1 1 1 1 1 1 1 1 1 1 1 1 1 1 1 0.3372549 0.3372549 0.3372549 1 0.7294118 0.7294118 0.7294118 1 0.4901961 0.4901961 0.4901961 1 0.8588235 0.8588235 0.8588235 1 0.7294118 0.7294118 0.7294118 1 0.3372549 0.3372549 0.3372549 1 0.8705883 0.8705883 0.8705883 1 0.8588235 0.8588235 0.8588235 1 0.3372549 0.3372549 0.3372549 1 0.2941176 0.2941176 0.2941176 1 0.04705882 0.04705882 0.04705882 1 0.3058823 0.3058823 0.3058823 1 0.03137254 0.03137254 0.03137254 1 0.04705882 0.04705882 0.04705882 1 0.2941176 0.2941176 0.2941176 1 0.4784314 0.4784314 0.4784314 1 0.03137254 0.03137254 0.03137254 1 0.2941176 0.2941176 0.2941176 1 0.02352941 0.02352941 0.02352941 1 0.2588235 0.2588235 0.2588235 1 0.3843137 0.3843137 0.3843137 1 0.227451 0.227451 0.227451 1 0.2588235 0.2588235 0.2588235 1 0.02352941 0.02352941 0.02352941 1 0.02745097 0.02745097 0.02745097 1 0.227451 0.227451 0.227451 1 0.02352941 0.02352941 0.02352941 1 0.5019608 0.5019608 0.5019608 1 0.427451 0.427451 0.427451 1 0.4313725 0.4313725 0.4313725 1 0.4431372 0.4431372 0.4431372 1 0.427451 0.427451 0.427451 1 0.5019608 0.5019608 0.5019608 1 0.7450981 0.7450981 0.7450981 1 0.654902 0.654902 0.654902 1 0.3529412 0.3529412 0.3529412 1 0.7058824 0.7058824 0.7058824 1 0.654902 0.654902 0.654902 1 0.7450981 0.7450981 0.7450981 1 0.9490196 0.9490196 0.9490196 1 0.6666667 0.6666667 0.6666667 1 0.8980392 0.8980392 0.8980392 1 0.9607843 0.9607843 0.9607843 1 0.6666667 0.6666667 0.6666667 1 0.9490196 0.9490196 0.9490196 1 0.9098039 0.9098039 0.9098039 1 0.9960784 0.9960784 0.9960784 1 1 1 1 1 0.9098039 0.9098039 0.9098039 1 0.9960784 0.9960784 0.9960784 1 0.9098039 0.9098039 0.9098039 1 0.9176471 0.9176471 0.9176471 1 0.8509804 0.8509804 0.8509804 1 0.8156863 0.8156863 0.8156863 1 0.8509804 0.8509804 0.8509804 1 0.8509804 0.8509804 0.8509804 1 0.9176471 0.9176471 0.9176471 1 0.7294118 0.7294118 0.7294118 1 0.9294118 0.9294118 0.9294118 1 0.8588235 0.8588235 0.8588235 1 0.8588235 0.8588235 0.8588235 1 0.9294118 0.9294118 0.9294118 1 0.7294118 0.7294118 0.7294118 1 0.9058824 0.9058824 0.9058824 1 0.8509804 0.8509804 0.8509804 1 0.9215686 0.9215686 0.9215686 1 0.9215686 0.9215686 0.9215686 1 0.8509804 0.8509804 0.8509804 1 0.9058824 0.9058824 0.9058824 1 0.6666667 0.6666667 0.6666667 1 0.6470589 0.6470589 0.6470589 1 0.2039216 0.2039216 0.2039216 1 0.9647059 0.9647059 0.9647059 1 0.6470589 0.6470589 0.6470589 1 0.6666667 0.6666667 0.6666667 1 0.8980392 0.8980392 0.8980392 1 0.9960784 0.9960784 0.9960784 1 0.9490196 0.9490196 0.9490196 1 0.9215686 0.9215686 0.9215686 1 0.9960784 0.9960784 0.9960784 1 0.8980392 0.8980392 0.8980392 1 0.9960784 0.9960784 0.9960784 1 0.9098039 0.9098039 0.9098039 1 1 1 1 1 0.9882353 0.9882353 0.9882353 1 0.9098039 0.9098039 0.9098039 1 0.9960784 0.9960784 0.9960784 1 0.8156863 0.8156863 0.8156863 1 0.7529412 0.7529412 0.7529412 1 0.9176471 0.9176471 0.9176471 1 0.9176471 0.9176471 0.9176471 1 0.7529412 0.7529412 0.7529412 1 0.8156863 0.8156863 0.8156863 1 0.9098039 0.9098039 0.9098039 1 0.9960784 0.9960784 0.9960784 1 0.9098039 0.9098039 0.9098039 1 1 1 1 1 0.9960784 0.9960784 0.9960784 1 0.9098039 0.9098039 0.9098039 1 0.8901961 0.8901961 0.8901961 1 0.9098039 0.9098039 0.9098039 1 0.827451 0.827451 0.827451 1 0.8156863 0.8156863 0.8156863 1 0.9098039 0.9098039 0.9098039 1 0.8901961 0.8901961 0.8901961 1 0.9960784 0.9960784 0.9960784 1 0.9098039 0.9098039 0.9098039 1 1 1 1 1 0.9098039 0.9098039 0.9098039 1 0.9098039 0.9098039 0.9098039 1 0.9960784 0.9960784 0.9960784 1 0.9098039 0.9098039 0.9098039 1 0.4862745 0.4862745 0.4862745 1 0.7098039 0.7098039 0.7098039 1 0.8627451 0.8627451 0.8627451 1 0.4862745 0.4862745 0.4862745 1 0.9098039 0.9098039 0.9098039 1 0.9019608 0.9019608 0.9019608 1 0.7490196 0.7490196 0.7490196 1 0.9882353 0.9882353 0.9882353 1 0.9215686 0.9215686 0.9215686 1 0.7490196 0.7490196 0.7490196 1 0.9019608 0.9019608 0.9019608 1 0.7490196 0.7490196 0.7490196 1 0.8156863 0.8156863 0.8156863 1 0.8980392 0.8980392 0.8980392 1 0.9215686 0.9215686 0.9215686 1 0.8156863 0.8156863 0.8156863 1 0.7490196 0.7490196 0.7490196 1 0.8313726 0.8313726 0.8313726 1 0.8156863 0.8156863 0.8156863 1 0.9215686 0.9215686 0.9215686 1 0.7843137 0.7843137 0.7843137 1 0.8156863 0.8156863 0.8156863 1 0.8313726 0.8313726 0.8313726 1 0.6588236 0.6588236 0.6588236 1 0.6470589 0.6470589 0.6470589 1 0.4941176 0.4941176 0.4941176 1 0.8156863 0.8156863 0.8156863 1 0.6470589 0.6470589 0.6470589 1 0.6588236 0.6588236 0.6588236 1 1 1 1 1 1 1 1 1 1 1 1 1 1 1 1 1 1 1 1 1 1 1 1 1 1 1 1 1 1 1 1 1 0.9960784 0.9960784 0.9960784 1 1 1 1 1 1 1 1 1 1 1 1 1 0.7333334 0.7333334 0.7333334 1 0.2117647 0.2117647 0.2117647 1 0.2117647 0.2117647 0.2117647 1 0.8196079 0.8196079 0.8196079 1 0.2117647 0.2117647 0.2117647 1 0.7333334 0.7333334 0.7333334 1 0.7607843 0.7607843 0.7607843 1 0.882353 0.882353 0.882353 1 0.7529412 0.7529412 0.7529412 1 0.7176471 0.7176471 0.7176471 1 0.882353 0.882353 0.882353 1 0.7607843 0.7607843 0.7607843 1 0.2980392 0.2980392 0.2980392 1 0.1607843 0.1607843 0.1607843 1 0.2117647 0.2117647 0.2117647 1 0.1607843 0.1607843 0.1607843 1 0.1607843 0.1607843 0.1607843 1 0.2980392 0.2980392 0.2980392 1 0.4039216 0.4039216 0.4039216 1 0.6666667 0.6666667 0.6666667 1 0.4039216 0.4039216 0.4039216 1 0.6666667 0.6666667 0.6666667 1 0.6666667 0.6666667 0.6666667 1 0.4039216 0.4039216 0.4039216 1 0.8352941 0.8352941 0.8352941 1 0.854902 0.854902 0.854902 1 0.9176471 0.9176471 0.9176471 1 0.6901961 0.6901961 0.6901961 1 0.854902 0.854902 0.854902 1 0.8352941 0.8352941 0.8352941 1 0.7882353 0.7882353 0.7882353 1 0.854902 0.854902 0.854902 1 0.6901961 0.6901961 0.6901961 1 0.6980392 0.6980392 0.6980392 1 0.854902 0.854902 0.854902 1 0.7882353 0.7882353 0.7882353 1 0.4980392 0.4980392 0.4980392 1 0.4039216 0.4039216 0.4039216 1 0.4980392 0.4980392 0.4980392 1 0.4039216 0.4039216 0.4039216 1 0.4039216 0.4039216 0.4039216 1 0.4980392 0.4980392 0.4980392 1 0.8313726 0.8313726 0.8313726 1 0.8509804 0.8509804 0.8509804 1 0.682353 0.682353 0.682353 1 0.9215686 0.9215686 0.9215686 1 0.8509804 0.8509804 0.8509804 1 0.8313726 0.8313726 0.8313726 1 0.8470588 0.8470588 0.8470588 1 0.8509804 0.8509804 0.8509804 1 0.9215686 0.9215686 0.9215686 1 0.9019608 0.9019608 0.9019608 1 0.8509804 0.8509804 0.8509804 1 0.8470588 0.8470588 0.8470588 1 0.3411765 0.3411765 0.3411765 1 0.4980392 0.4980392 0.4980392 1 0.3490196 0.3490196 0.3490196 1 0.4980392 0.4980392 0.4980392 1 0.4980392 0.4980392 0.4980392 1 0.3411765 0.3411765 0.3411765 1 0.345098 0.345098 0.345098 1 0.6196079 0.6196079 0.6196079 1 0.5960785 0.5960785 0.5960785 1 0.2117647 0.2117647 0.2117647 1 0.6196079 0.6196079 0.6196079 1 0.345098 0.345098 0.345098 1 0.2117647 0.2117647 0.2117647 1 0.7333334 0.7333334 0.7333334 1 0.6196079 0.6196079 0.6196079 1 0.2117647 0.2117647 0.2117647 1 0.7333334 0.7333334 0.7333334 1 0.2117647 0.2117647 0.2117647 1 0.1607843 0.1607843 0.1607843 1 0.2941176 0.2941176 0.2941176 1 0.2117647 0.2117647 0.2117647 1 0.1607843 0.1607843 0.1607843 1 0.2941176 0.2941176 0.2941176 1 0.1607843 0.1607843 0.1607843 1 0.5843138 0.5843138 0.5843138 1 0.3490196 0.3490196 0.3490196 1 0.5843138 0.5843138 0.5843138 1 0.3411765 0.3411765 0.3411765 1 0.3490196 0.3490196 0.3490196 1 0.5843138 0.5843138 0.5843138 1 0.01960784 0.01960784 0.01960784 1 0.05098038 0.05098038 0.05098038 1 0.03137254 0.03137254 0.03137254 1 0.02352941 0.02352941 0.02352941 1 0.05098038 0.05098038 0.05098038 1 0.01960784 0.01960784 0.01960784 1 0.8078432 0.8078432 0.8078432 1 0.5843138 0.5843138 0.5843138 1 0.7921569 0.7921569 0.7921569 1 0.5843138 0.5843138 0.5843138 1 0.5843138 0.5843138 0.5843138 1 0.8078432 0.8078432 0.8078432 1 0.5921569 0.5921569 0.5921569 1 0.7921569 0.7921569 0.7921569 1 0.5882353 0.5882353 0.5882353 1 0.8078432 0.8078432 0.8078432 1 0.7921569 0.7921569 0.7921569 1 0.5921569 0.5921569 0.5921569 1 0.2313725 0.2313725 0.2313725 1 0.5882353 0.5882353 0.5882353 1 0.2313725 0.2313725 0.2313725 1 0.5921569 0.5921569 0.5921569 1 0.5882353 0.5882353 0.5882353 1 0.2313725 0.2313725 0.2313725 1 1 1 1 1 1 1 1 1 1 1 1 1 1 1 1 1 1 1 1 1 1 1 1 1 1 1 1 1 1 1 1 1 1 1 1 1 1 1 1 1 1 1 1 1 1 1 1 1 0.6588236 0.6588236 0.6588236 1 0.1568627 0.1568627 0.1568627 1 0.7843137 0.7843137 0.7843137 1 0.6784314 0.6784314 0.6784314 1 0.1568627 0.1568627 0.1568627 1 0.6588236 0.6588236 0.6588236 1 1 1 1 1 1 1 1 1 1 1 1 1 1 1 1 1 1 1 1 1 1 1 1 1 0.6313726 0.6313726 0.6313726 1 0.1568627 0.1568627 0.1568627 1 0.7921569 0.7921569 0.7921569 1 0.6352941 0.6352941 0.6352941 1 0.1568627 0.1568627 0.1568627 1 0.6313726 0.6313726 0.6313726 1 0.5254902 0.5254902 0.5254902 1 0.1607843 0.1607843 0.1607843 1 0.7254902 0.7254902 0.7254902 1 0.1254902 0.1254902 0.1254902 1 0.1607843 0.1607843 0.1607843 1 0.5254902 0.5254902 0.5254902 1 0.1058824 0.1058824 0.1058824 1 0.4156863 0.4156863 0.4156863 1 0.5058824 0.5058824 0.5058824 1 0.2784314 0.2784314 0.2784314 1 0.4156863 0.4156863 0.4156863 1 0.1058824 0.1058824 0.1058824 1 0.6941177 0.6941177 0.6941177 1 0.7254902 0.7254902 0.7254902 1 0.7333334 0.7333334 0.7333334 1 0.5254902 0.5254902 0.5254902 1 0.7254902 0.7254902 0.7254902 1 0.6941177 0.6941177 0.6941177 1 0.1607843 0.1607843 0.1607843 1 0.5490196 0.5490196 0.5490196 1 0 0 0 1 0.1607843 0.1607843 0.1607843 1 0.5490196 0.5490196 0.5490196 1 0.1607843 0.1607843 0.1607843 1 0.8941177 0.8941177 0.8941177 1 0.5411765 0.5411765 0.5411765 1 0.6039216 0.6039216 0.6039216 1 0.7254902 0.7254902 0.7254902 1 0.5411765 0.5411765 0.5411765 1 0.8941177 0.8941177 0.8941177 1 1 1 1 1 1 1 1 1 1 1 1 1 1 1 1 1 1 1 1 1 1 1 1 1 1 1 1 1 1 1 1 1 1 1 1 1 1 1 1 1 1 1 1 1 1 1 1 1 1 1 1 1 1 1 1 1 1 1 1 1 1 1 1 1 1 1 1 1 1 1 1 1 1 1 1 1 1 1 1 1 1 1 1 1 1 1 1 1 1 1 1 1 1 1 1 1 0.2784314 0.2784314 0.2784314 1 0.3529412 0.3529412 0.3529412 1 0.4156863 0.4156863 0.4156863 1 0.03137254 0.03137254 0.03137254 1 0.3529412 0.3529412 0.3529412 1 0.2784314 0.2784314 0.2784314 1 1 1 1 1 1 1 1 1 1 1 1 1 1 1 1 1 1 1 1 1 1 1 1 1 1 1 1 1 1 1 1 1 1 1 1 1 1 1 1 1 1 1 1 1 1 1 1 1 1 1 1 1 1 1 1 1 1 1 1 1 1 1 1 1 1 1 1 1 1 1 1 1 1 1 1 1 1 1 1 1 1 1 1 1 1 1 1 1 1 1 1 1 1 1 1 1 0.8235294 0.8235294 0.8235294 1 0.9450981 0.9450981 0.9450981 1 0.7882353 0.7882353 0.7882353 1 0.8313726 0.8313726 0.8313726 1 0.9450981 0.9450981 0.9450981 1 0.8235294 0.8235294 0.8235294 1 0.8196079 0.8196079 0.8196079 1 0.9450981 0.9450981 0.9450981 1 0.8313726 0.8313726 0.8313726 1 0.772549 0.772549 0.772549 1 0.9450981 0.9450981 0.9450981 1 0.8196079 0.8196079 0.8196079 1 0 0 0 1 0.6666667 0.6666667 0.6666667 1 0 0 0 1 0.6666667 0.6666667 0.6666667 1 0.6666667 0.6666667 0.6666667 1 0 0 0 1 0.772549 0.772549 0.772549 1 1 1 1 1 0.772549 0.772549 0.772549 1 1 1 1 1 1 1 1 1 0.772549 0.772549 0.772549 1 0.7176471 0.7176471 0.7176471 1 0.6941177 0.6941177 0.6941177 1 0.882353 0.882353 0.882353 1 0.7215687 0.7215687 0.7215687 1 0.6941177 0.6941177 0.6941177 1 0.7176471 0.7176471 0.7176471 1 0.4941176 0.4941176 0.4941176 1 0.5843138 0.5843138 0.5843138 1 0.5843138 0.5843138 0.5843138 1 0.5529412 0.5529412 0.5529412 1 0.5843138 0.5843138 0.5843138 1 0.4941176 0.4941176 0.4941176 1 0.6470589 0.6470589 0.6470589 1 0.5843138 0.5843138 0.5843138 1 0.5843138 0.5843138 0.5843138 1 0.6470589 0.6470589 0.6470589 1 0.5843138 0.5843138 0.5843138 1 0.6470589 0.6470589 0.6470589 1 1 1 1 1 0.9490196 0.9490196 0.9490196 1 0.9490196 0.9490196 0.9490196 1 1 1 1 1 0.9490196 0.9490196 0.9490196 1 1 1 1 1 0.882353 0.882353 0.882353 1 0.7568628 0.7568628 0.7568628 1 0.7490196 0.7490196 0.7490196 1 0.7176471 0.7176471 0.7176471 1 0.7568628 0.7568628 0.7568628 1 0.882353 0.882353 0.882353 1 0.3411765 0.3411765 0.3411765 1 0.7294118 0.7294118 0.7294118 1 0.8588235 0.8588235 0.8588235 1 0.4901961 0.4901961 0.4901961 1 0.7294118 0.7294118 0.7294118 1 0.3411765 0.3411765 0.3411765 1 0.5019608 0.5019608 0.5019608 1 0.9803922 0.9803922 0.9803922 1 0.9803922 0.9803922 0.9803922 1 0.4392157 0.4392157 0.4392157 1 0.9803922 0.9803922 0.9803922 1 0.5019608 0.5019608 0.5019608 1 0.7529412 0.7529412 0.7529412 1 0.6470589 0.6470589 0.6470589 1 0.6470589 0.6470589 0.6470589 1 0.7647059 0.7647059 0.7647059 1 0.6470589 0.6470589 0.6470589 1 0.7529412 0.7529412 0.7529412 1 0.03529411 0.03529411 0.03529411 1 0.1137255 0.1137255 0.1137255 1 0.1960784 0.1960784 0.1960784 1 0.1019608 0.1019608 0.1019608 1 0.1137255 0.1137255 0.1137255 1 0.03529411 0.03529411 0.03529411 1 0.3254902 0.3254902 0.3254902 1 0.1254902 0.1254902 0.1254902 1 0.04313725 0.04313725 0.04313725 1 0.4470588 0.4470588 0.4470588 1 0.1254902 0.1254902 0.1254902 1 0.3254902 0.3254902 0.3254902 1 0.5843138 0.5843138 0.5843138 1 0.5019608 0.5019608 0.5019608 1 0.5843138 0.5843138 0.5843138 1 0.5686275 0.5686275 0.5686275 1 0.5019608 0.5019608 0.5019608 1 0.5843138 0.5843138 0.5843138 1 0.03529411 0.03529411 0.03529411 1 0.2 0.2 0.2 1 0.1215686 0.1215686 0.1215686 1 0.3411765 0.3411765 0.3411765 1 0.2 0.2 0.2 1 0.03529411 0.03529411 0.03529411 1 0.5843138 0.5843138 0.5843138 1 0.6470589 0.6470589 0.6470589 1 0.5843138 0.5843138 0.5843138 1 0.6431373 0.6431373 0.6431373 1 0.6470589 0.6470589 0.6470589 1 0.5843138 0.5843138 0.5843138 1 0.03137254 0.03137254 0.03137254 1 0.4196078 0.4196078 0.4196078 1 0.3529412 0.3529412 0.3529412 1 0.4196078 0.4196078 0.4196078 1 0.4196078 0.4196078 0.4196078 1 0.03137254 0.03137254 0.03137254 1 0.9843137 0.9843137 0.9843137 1 0.5019608 0.5019608 0.5019608 1 0.9843137 0.9843137 0.9843137 1 0.4392157 0.4392157 0.4392157 1 0.5019608 0.5019608 0.5019608 1 0.9843137 0.9843137 0.9843137 1 0.509804 0.509804 0.509804 1 0.4156863 0.4156863 0.4156863 1 0.5215687 0.5215687 0.5215687 1 0.4235294 0.4235294 0.4235294 1 0.4156863 0.4156863 0.4156863 1 0.509804 0.509804 0.509804 1 0.1843137 0.1843137 0.1843137 1 0.4235294 0.4235294 0.4235294 1 0.1568627 0.1568627 0.1568627 1 0.4235294 0.4235294 0.4235294 1 0.4235294 0.4235294 0.4235294 1 0.1843137 0.1843137 0.1843137 1 0.6431373 0.6431373 0.6431373 1 0.7647059 0.7647059 0.7647059 1 0.6470589 0.6470589 0.6470589 1 0.7803922 0.7803922 0.7803922 1 0.7647059 0.7647059 0.7647059 1 0.6431373 0.6431373 0.6431373 1 0.7647059 0.7647059 0.7647059 1 0.5607843 0.5607843 0.5607843 1 0.7490196 0.7490196 0.7490196 1 0.509804 0.509804 0.509804 1 0.5607843 0.5607843 0.5607843 1 0.7647059 0.7647059 0.7647059 1 0.6784314 0.6784314 0.6784314 1 0.5607843 0.5607843 0.5607843 1 0.9019608 0.9019608 0.9019608 1 0.7490196 0.7490196 0.7490196 1 0.5607843 0.5607843 0.5607843 1 0.6784314 0.6784314 0.6784314 1 0.4352941 0.4352941 0.4352941 1 0.7372549 0.7372549 0.7372549 1 0.5019608 0.5019608 0.5019608 1 0.427451 0.427451 0.427451 1 0.7372549 0.7372549 0.7372549 1 0.4352941 0.4352941 0.4352941 1 1 1 1 1 0.9960784 0.9960784 0.9960784 1 1 1 1 1 1 1 1 1 0.9960784 0.9960784 0.9960784 1 1 1 1 1 0.7176471 0.7176471 0.7176471 1 0.9960784 0.9960784 0.9960784 1 0.7568628 0.7568628 0.7568628 1 1 1 1 1 0.9960784 0.9960784 0.9960784 1 0.7176471 0.7176471 0.7176471 1 0.9921569 0.9921569 0.9921569 1 0.9098039 0.9098039 0.9098039 1 0.9098039 0.9098039 0.9098039 1 1 1 1 1 0.9098039 0.9098039 0.9098039 1 0.9921569 0.9921569 0.9921569 1 0.4470588 0.4470588 0.4470588 1 0.3686274 0.3686274 0.3686274 1 0.5254902 0.5254902 0.5254902 1 0.6117647 0.6117647 0.6117647 1 0.3686274 0.3686274 0.3686274 1 0.4470588 0.4470588 0.4470588 1 0.5843138 0.5843138 0.5843138 1 0.5254902 0.5254902 0.5254902 1 0.5843138 0.5843138 0.5843138 1 0.4470588 0.4470588 0.4470588 1 0.5254902 0.5254902 0.5254902 1 0.5843138 0.5843138 0.5843138 1 0.7215687 0.7215687 0.7215687 1 0.9490196 0.9490196 0.9490196 1 0.6941177 0.6941177 0.6941177 1 0.9529412 0.9529412 0.9529412 1 0.9490196 0.9490196 0.9490196 1 0.7215687 0.7215687 0.7215687 1 0.8705883 0.8705883 0.8705883 1 0.345098 0.345098 0.345098 1 0.7215687 0.7215687 0.7215687 1 0.3372549 0.3372549 0.3372549 1 0.345098 0.345098 0.345098 1 0.8705883 0.8705883 0.8705883 1 0.6196079 0.6196079 0.6196079 1 0.7137255 0.7137255 0.7137255 1 0.8156863 0.8156863 0.8156863 1 0.4352941 0.4352941 0.4352941 1 0.7137255 0.7137255 0.7137255 1 0.6196079 0.6196079 0.6196079 1 0.3411765 0.3411765 0.3411765 1 0.6196079 0.6196079 0.6196079 1 0.4862745 0.4862745 0.4862745 1 0.4352941 0.4352941 0.4352941 1 0.6196079 0.6196079 0.6196079 1 0.3411765 0.3411765 0.3411765 1 0.9529412 0.9529412 0.9529412 1 1 1 1 1 0.9490196 0.9490196 0.9490196 1 1 1 1 1 1 1 1 1 0.9529412 0.9529412 0.9529412 1 0.4156863 0.4156863 0.4156863 1 0 0 0 1 0.3960784 0.3960784 0.3960784 1 0.3921568 0.3921568 0.3921568 1 0 0 0 1 0.4156863 0.4156863 0.4156863 1 0.5568628 0.5568628 0.5568628 1 0.5843138 0.5843138 0.5843138 1 0.4980392 0.4980392 0.4980392 1 0.5843138 0.5843138 0.5843138 1 0.5843138 0.5843138 0.5843138 1 0.5568628 0.5568628 0.5568628 1 0.3137255 0.3137255 0.3137255 1 0.4980392 0.4980392 0.4980392 1 0.682353 0.682353 0.682353 1 0.5568628 0.5568628 0.5568628 1 0.4980392 0.4980392 0.4980392 1 0.3137255 0.3137255 0.3137255 1 0.7843137 0.7843137 0.7843137 1 0.9098039 0.9098039 0.9098039 1 0.8156863 0.8156863 0.8156863 1 0.8784314 0.8784314 0.8784314 1 0.9098039 0.9098039 0.9098039 1 0.7843137 0.7843137 0.7843137 1 0.654902 0.654902 0.654902 1 0.7058824 0.7058824 0.7058824 1 0.6941177 0.6941177 0.6941177 1 0.9607843 0.9607843 0.9607843 1 0.9921569 0.9921569 0.9921569 1 0.9098039 0.9098039 0.9098039 1 0 0 0 1 0.4156863 0.4156863 0.4156863 1 0.02745097 0.02745097 0.02745097 1 0.6666667 0.6666667 0.6666667 1 0.9607843 0.9607843 0.9607843 1 0.6431373 0.6431373 0.6431373 1 0.7882353 0.7882353 0.7882353 1 0.9803922 0.9803922 0.9803922 1 0.9215686 0.9215686 0.9215686 1 0.9960784 0.9960784 0.9960784 1 0.9215686 0.9215686 0.9215686 1 0.9882353 0.9882353 0.9882353 1 0.7529412 0.7529412 0.7529412 1 0.9882353 0.9882353 0.9882353 1 0.7882353 0.7882353 0.7882353 1 0.8156863 0.8156863 0.8156863 1 0.8509804 0.8509804 0.8509804 1 0.8901961 0.8901961 0.8901961 1 0.8392157 0.8392157 0.8392157 1 0.7098039 0.7098039 0.7098039 1 0.827451 0.827451 0.827451 1 0.9647059 0.9647059 0.9647059 1 0.9098039 0.9098039 0.9098039 1 0.9960784 0.9960784 0.9960784 1 0.345098 0.345098 0.345098 1 0.3372549 0.3372549 0.3372549 1 0.4862745 0.4862745 0.4862745 1 0.7098039 0.7098039 0.7098039 1 0.4745098 0.4745098 0.4745098 1 0.6784314 0.6784314 0.6784314 1 0 0 0 1 0.03137254 0.03137254 0.03137254 1 0.4156863 0.4156863 0.4156863 1 0.6784314 0.6784314 0.6784314 1 0.6431373 0.6431373 0.6431373 1 0.9607843 0.9607843 0.9607843 1 0.7843137 0.7843137 0.7843137 1 0.9215686 0.9215686 0.9215686 1 0.9843137 0.9843137 0.9843137 1 0.7490196 0.7490196 0.7490196 1 0.7843137 0.7843137 0.7843137 1 0.9882353 0.9882353 0.9882353 1 0.8156863 0.8156863 0.8156863 1 0.8901961 0.8901961 0.8901961 1 0.8509804 0.8509804 0.8509804 1 1 1 1 1 0.9921569 0.9921569 0.9921569 1 1 1 1 1 0.6117647 0.6117647 0.6117647 1 0.8196079 0.8196079 0.8196079 1 0.7019608 0.7019608 0.7019608 1 0.6352941 0.6352941 0.6352941 1 0.8 0.8 0.8 1 0.8666667 0.8666667 0.8666667 1 0.5686275 0.5686275 0.5686275 1 0.7411765 0.7411765 0.7411765 1 0.6627451 0.6627451 0.6627451 1 0.6901961 0.6901961 0.6901961 1 0.827451 0.827451 0.827451 1 0.6431373 0.6431373 0.6431373 1 0.7254902 0.7254902 0.7254902 1 0.1686275 0.1686275 0.1686275 1 0.1294118 0.1294118 0.1294118 1 1 1 1 1 1 1 1 1 1 1 1 1 0.5921569 0.5921569 0.5921569 1 0.5490196 0.5490196 0.5490196 1 0.1607843 0.1607843 0.1607843 1 0 0 0 1 0.5411765 0.5411765 0.5411765 1 0.7254902 0.7254902 0.7254902 1 1 1 1 1 1 1 1 1 1 1 1 1 0.6235294 0.6235294 0.6235294 1 0.9843137 0.9843137 0.9843137 1 0.9176471 0.9176471 0.9176471 1 0.9215686 0.9215686 0.9215686 1 0.8313726 0.8313726 0.8313726 1 0.9921569 0.9921569 0.9921569 1 0.02352941 0.02352941 0.02352941 1 0.3882353 0.3882353 0.3882353 1 0.05098038 0.05098038 0.05098038 1 0.6784314 0.6784314 0.6784314 1 0.6666667 0.6666667 0.6666667 1 0.1568627 0.1568627 0.1568627 1 0.6352941 0.6352941 0.6352941 1 0.6392157 0.6392157 0.6392157 1 0.1568627 0.1568627 0.1568627 1 1 1 1 1 1 1 1 1 1 1 1 1 0.772549 0.772549 0.772549 1 0.6666667 0.6666667 0.6666667 1 0.9450981 0.9450981 0.9450981 1 0.1607843 0.1607843 0.1607843 1 0.1568627 0.1568627 0.1568627 1 0.4235294 0.4235294 0.4235294 1 0.5686275 0.5686275 0.5686275 1 0.5764706 0.5764706 0.5764706 1 0.05882352 0.05882352 0.05882352 1 0.0980392 0.0980392 0.0980392 1 0.02352941 0.02352941 0.02352941 1 0.1607843 0.1607843 0.1607843 1 0.1058824 0.1058824 0.1058824 1 0.1254902 0.1254902 0.1254902 1 0.03921568 0.03921568 0.03921568 1 0.6862745 0.6862745 0.6862745 1 0.06274509 0.06274509 0.06274509 1 0.6509804 0.6509804 0.6509804 1 0.3960784 0.3960784 0.3960784 1 0 0 0 1 0.3921568 0.3921568 0.3921568 1</float_array>
          <technique_common>
            <accessor source="#polygon2-mesh-colors-polygon2_Colors0-array" count="2550" stride="4">
              <param name="R" type="float"/>
              <param name="G" type="float"/>
              <param name="B" type="float"/>
              <param name="A" type="float"/>
            </accessor>
          </technique_common>
        </source>
        <vertices id="polygon2-mesh-vertices">
          <input semantic="POSITION" source="#polygon2-mesh-positions"/>
        </vertices>
        <triangles material="mat_body-material" count="850">
          <input semantic="VERTEX" source="#polygon2-mesh-vertices" offset="0"/>
          <input semantic="NORMAL" source="#polygon2-mesh-normals" offset="1"/>
          <input semantic="TEXCOORD" source="#polygon2-mesh-map-0" offset="2" set="0"/>
          <input semantic="COLOR" source="#polygon2-mesh-colors-polygon2_Colors0" offset="3" set="0"/>
          <p>2 0 0 0 1 1 1 1 0 2 2 2 3 3 3 3 1 1 4 4 2 0 5 5 4 4 6 6 3 3 7 7 2 0 8 8 5 5 9 9 3 3 10 10 4 4 11 11 6 6 12 12 5 5 13 13 4 4 14 14 7 7 15 15 5 5 16 16 6 6 17 17 8 8 18 18 7 7 19 19 6 6 20 20 9 9 21 21 7 7 22 22 8 8 23 23 10 10 24 24 9 9 25 25 8 8 26 26 11 11 27 27 9 9 28 28 10 10 29 29 0 2 30 30 11 11 31 31 10 10 32 32 1 1 33 33 11 11 34 34 0 2 35 35 14 12 36 36 13 13 37 37 12 14 38 38 15 15 39 39 13 13 40 40 14 12 41 41 16 16 42 42 15 15 43 43 14 12 44 44 17 17 45 45 15 15 46 46 16 16 47 47 18 18 48 48 17 17 49 49 16 16 50 50 19 19 51 51 17 17 52 52 18 18 53 53 20 20 54 54 19 19 55 55 18 18 56 56 21 21 57 57 19 19 58 58 20 20 59 59 22 22 60 60 21 21 61 61 20 20 62 62 23 23 63 63 21 21 64 64 22 22 65 65 12 14 66 66 23 23 67 67 22 22 68 68 13 13 69 69 23 23 70 70 12 14 71 71 26 24 72 72 25 25 73 73 24 26 74 74 27 27 75 75 25 25 76 76 26 24 77 77 28 28 78 78 27 27 79 79 26 24 80 80 29 29 81 81 27 27 82 82 28 28 83 83 30 30 84 84 29 29 85 85 28 28 86 86 31 31 87 87 29 29 88 88 30 30 89 89 32 32 90 90 31 31 91 91 30 30 92 92 33 33 93 93 31 31 94 94 32 32 95 95 34 34 96 96 33 33 97 97 32 32 98 98 35 35 99 99 33 33 100 100 34 34 101 101 24 26 102 102 35 35 103 103 34 34 104 104 25 25 105 105 35 35 106 106 24 26 107 107 38 36 108 108 37 37 109 109 36 38 110 110 39 39 111 111 37 37 112 112 38 36 113 113 40 40 114 114 39 39 115 115 38 36 116 116 41 41 117 117 39 39 118 118 40 40 119 119 42 42 120 120 41 41 121 121 40 40 122 122 43 43 123 123 41 41 124 124 42 42 125 125 44 44 126 126 43 43 127 127 42 42 128 128 45 45 129 129 43 43 130 130 44 44 131 131 46 46 132 132 45 45 133 133 44 44 134 134 47 47 135 135 45 45 136 136 46 46 137 137 36 38 138 138 47 47 139 139 46 46 140 140 37 37 141 141 47 47 142 142 36 38 143 143 50 48 144 144 49 49 145 145 48 50 146 146 51 51 147 147 49 49 148 148 50 48 149 149 52 52 150 150 51 51 151 151 50 48 152 152 53 53 153 153 51 51 154 154 52 52 155 155 54 54 156 156 53 53 157 157 52 52 158 158 55 55 159 159 53 53 160 160 54 54 161 161 56 56 162 162 55 55 163 163 54 54 164 164 57 57 165 165 55 55 166 166 56 56 167 167 58 58 168 168 57 57 169 169 56 56 170 170 59 59 171 171 57 57 172 172 58 58 173 173 48 50 174 174 59 59 175 175 58 58 176 176 49 49 177 177 59 59 178 178 48 50 179 179 62 60 180 180 61 61 181 181 60 62 182 182 63 63 183 183 61 61 184 184 62 60 185 185 64 64 186 186 63 63 187 187 62 60 188 188 65 65 189 189 63 63 190 190 64 64 191 191 66 66 192 192 65 65 193 193 64 64 194 194 67 67 195 195 65 65 196 196 66 66 197 197 68 68 198 198 67 67 199 199 66 66 200 200 69 69 201 201 67 67 202 202 68 68 203 203 70 70 204 204 69 69 205 205 68 68 206 206 71 71 207 207 69 69 208 208 70 70 209 209 60 62 210 210 71 71 211 211 70 70 212 212 61 61 213 213 71 71 214 214 60 62 215 215 74 72 216 216 73 73 217 217 72 74 218 218 75 75 219 219 73 73 220 220 74 72 221 221 76 76 222 222 75 75 223 223 74 72 224 224 77 77 225 225 75 75 226 226 76 76 227 227 78 78 228 228 77 77 229 229 76 76 230 230 79 79 231 231 77 77 232 232 78 78 233 233 80 80 234 234 79 79 235 235 78 78 236 236 81 81 237 237 79 79 238 238 80 80 239 239 82 82 240 240 81 81 241 241 80 80 242 242 83 83 243 243 81 81 244 244 82 82 245 245 72 74 246 246 83 83 247 247 82 82 248 248 73 73 249 249 83 83 250 250 72 74 251 251 13 13 252 252 84 84 253 253 23 23 254 254 85 85 255 255 84 84 256 256 13 13 257 257 15 15 258 258 85 85 259 259 13 13 260 260 86 86 261 261 85 85 262 262 15 15 263 263 17 17 264 264 86 86 265 265 15 15 266 266 87 87 267 267 86 86 268 268 17 17 269 269 19 19 270 270 87 87 271 271 17 17 272 272 88 88 273 273 87 87 274 274 19 19 275 275 21 21 276 276 88 88 277 277 19 19 278 278 89 89 279 279 88 88 280 280 21 21 281 281 23 23 282 282 89 89 283 283 21 21 284 284 84 84 285 285 89 89 286 286 23 23 287 287 3 3 288 288 90 90 289 289 1 1 290 290 91 91 291 291 90 90 292 292 3 3 293 293 5 5 294 294 91 91 295 295 3 3 296 296 92 92 297 297 91 91 298 298 5 5 299 299 7 7 300 300 92 92 301 301 5 5 302 302 93 93 303 303 92 92 304 304 7 7 305 305 9 9 306 306 93 93 307 307 7 7 308 308 94 94 309 309 93 93 310 310 9 9 311 311 11 11 312 312 94 94 313 313 9 9 314 314 95 95 315 315 94 94 316 316 11 11 317 317 1 1 318 318 95 95 319 319 11 11 320 320 90 90 321 321 95 95 322 322 1 1 323 323 98 96 324 324 97 97 325 325 96 98 326 326 99 99 327 327 97 97 328 328 98 96 329 329 100 100 330 330 99 99 331 331 98 96 332 332 101 101 333 333 99 99 334 334 100 100 335 335 102 102 336 336 101 101 337 337 100 100 338 338 103 103 339 339 101 101 340 340 102 102 341 341 104 104 342 342 103 103 343 343 102 102 344 344 105 105 345 345 103 103 346 346 104 104 347 347 106 106 348 348 105 105 349 349 104 104 350 350 107 107 351 351 105 105 352 352 106 106 353 353 108 108 354 354 107 107 355 355 106 106 356 356 111 109 357 357 110 110 358 358 109 111 359 359 112 112 360 360 110 110 361 361 111 109 362 362 113 113 363 363 112 112 364 364 111 109 365 365 114 114 366 366 112 112 367 367 113 113 368 368 115 115 369 369 114 114 370 370 113 113 371 371 116 116 372 372 114 114 373 373 115 115 374 374 117 117 375 375 116 116 376 376 115 115 377 377 118 118 378 378 116 116 379 379 117 117 380 380 107 107 381 381 118 118 382 382 117 117 383 383 119 119 384 384 118 118 385 385 107 107 386 386 108 108 387 387 119 119 388 388 107 107 389 389 122 120 390 390 121 121 391 391 120 122 392 392 123 123 393 393 121 121 394 394 122 120 395 395 124 124 396 396 123 123 397 397 122 120 398 398 125 125 399 399 123 123 400 400 124 124 401 401 126 126 402 402 125 125 403 403 124 124 404 404 127 127 405 405 125 125 406 406 126 126 407 407 128 128 408 408 127 127 409 409 126 126 410 410 129 129 411 411 127 127 412 412 128 128 413 413 130 130 414 414 129 129 415 415 128 128 416 416 124 124 417 417 129 129 418 418 130 130 419 419 126 126 420 420 124 124 421 421 130 130 422 422 133 131 423 423 132 132 424 424 131 133 425 425 134 134 426 426 132 132 427 427 133 131 428 428 135 135 429 429 134 134 430 430 133 131 431 431 136 136 432 432 134 134 433 433 135 135 434 434 137 137 435 435 136 136 436 436 135 135 437 437 138 138 438 438 136 136 439 439 137 137 440 440 139 139 441 441 138 138 442 442 137 137 443 443 117 117 444 444 138 138 445 445 139 139 446 446 105 105 447 447 117 117 448 448 139 139 449 449 107 107 450 450 117 117 451 451 105 105 452 452 142 140 453 453 141 141 454 454 140 142 455 455 143 143 456 456 141 141 457 457 142 140 458 458 144 144 459 459 143 143 460 460 142 140 461 461 145 145 462 462 143 143 463 463 144 144 464 464 146 146 465 465 145 145 466 466 144 144 467 467 147 147 468 468 145 145 469 469 146 146 470 470 148 148 471 471 147 147 472 472 146 146 473 473 116 116 474 474 147 147 475 475 148 148 476 476 149 149 477 477 116 116 478 478 148 148 479 479 114 114 480 480 116 116 481 481 149 149 482 482 152 150 483 483 151 151 484 484 150 152 485 485 153 153 486 486 151 151 487 487 152 150 488 488 154 154 489 489 153 153 490 490 152 150 491 491 155 155 492 492 153 153 493 493 154 154 494 494 156 156 495 495 155 155 496 496 154 154 497 497 157 157 498 498 155 155 499 499 156 156 500 500 158 158 501 501 157 157 502 502 156 156 503 503 153 153 504 504 157 157 505 505 158 158 506 506 151 151 507 507 153 153 508 508 158 158 509 509 100 100 510 510 159 159 511 511 102 102 512 512 160 160 513 513 159 159 514 514 100 100 515 515 161 161 516 516 160 160 517 517 100 100 518 518 162 162 519 519 160 160 520 520 161 161 521 521 163 163 522 522 162 162 523 523 161 161 524 524 164 164 525 525 162 162 526 526 163 163 527 527 165 165 528 528 164 164 529 529 163 163 530 530 166 166 531 531 164 164 532 532 165 165 533 533 167 167 534 534 166 166 535 535 165 165 536 536 170 168 537 537 169 169 538 538 168 170 539 539 171 171 540 540 169 169 541 541 170 168 542 542 172 172 543 543 171 171 544 544 170 168 545 545 173 173 546 546 171 171 547 547 172 172 548 548 174 174 549 549 173 173 550 550 172 172 551 551 175 175 552 552 173 173 553 553 174 174 554 554 176 176 555 555 175 175 556 556 174 174 557 557 177 177 558 558 175 175 559 559 176 176 560 560 178 178 561 561 177 177 562 562 176 176 563 563 179 179 564 564 135 135 565 565 133 131 566 566 137 137 567 567 135 135 568 568 179 179 569 569 180 180 570 570 137 137 571 571 179 179 572 572 181 181 573 573 137 137 574 574 180 180 575 575 182 182 576 576 181 181 577 577 180 180 578 578 183 183 579 579 181 181 580 580 182 182 581 581 184 184 582 582 183 183 583 583 182 182 584 584 131 133 585 585 183 183 586 586 184 184 587 587 133 131 588 588 131 133 589 589 184 184 590 590 186 185 591 591 136 136 592 592 185 186 593 593 134 134 594 594 136 136 595 595 186 185 596 596 187 187 597 597 134 134 598 598 186 185 599 599 188 188 600 600 134 134 601 601 187 187 602 602 189 189 603 603 188 188 604 604 187 187 605 605 190 190 606 606 188 188 607 607 189 189 608 608 191 191 609 609 190 190 610 610 189 189 611 611 192 192 612 612 190 190 613 613 191 191 614 614 193 193 615 615 192 192 616 616 191 191 617 617 196 194 618 618 195 195 619 619 194 196 620 620 197 197 621 621 195 195 622 622 196 194 623 623 132 132 624 624 197 197 625 625 196 194 626 626 198 198 627 627 197 197 628 628 132 132 629 629 134 134 630 630 198 198 631 631 132 132 632 632 199 199 633 633 198 198 634 634 134 134 635 635 194 196 636 636 199 199 637 637 134 134 638 638 195 195 639 639 199 199 640 640 194 196 641 641 202 200 642 642 201 201 643 643 200 202 644 644 203 203 645 645 201 201 646 646 202 200 647 647 204 204 648 648 203 203 649 649 202 200 650 650 205 205 651 651 203 203 652 652 204 204 653 653 206 206 654 654 205 205 655 655 204 204 656 656 207 207 657 657 205 205 658 658 206 206 659 659 191 191 660 660 207 207 661 661 206 206 662 662 208 208 663 663 207 207 664 664 191 191 665 665 211 209 666 666 210 210 667 667 209 211 668 668 212 212 669 669 210 210 670 670 211 209 671 671 111 109 672 672 212 212 673 673 211 209 674 674 213 213 675 675 212 212 676 676 111 109 677 677 109 111 678 678 213 213 679 679 111 109 680 680 214 214 681 681 213 213 682 682 109 111 683 683 209 211 684 684 214 214 685 685 109 111 686 686 210 210 687 687 214 214 688 688 209 211 689 689 217 215 690 690 216 216 691 691 215 217 692 692 218 218 693 693 216 216 694 694 217 215 695 695 219 219 696 696 218 218 697 697 217 215 698 698 141 141 699 699 218 218 700 700 219 219 701 701 220 220 702 702 141 141 703 703 219 219 704 704 140 142 705 705 141 141 706 706 220 220 707 707 221 221 708 708 140 142 709 709 220 220 710 710 222 222 711 711 140 142 712 712 221 221 713 713 225 223 714 714 224 224 715 715 223 225 716 716 226 226 717 717 224 224 718 718 225 223 719 719 227 227 720 720 226 226 721 721 225 223 722 722 228 228 723 723 226 226 724 724 227 227 725 725 229 229 726 726 228 228 727 727 227 227 728 728 230 230 729 729 228 228 730 730 229 229 731 731 223 225 732 732 230 230 733 733 229 229 734 734 224 224 735 735 230 230 736 736 223 225 737 737 233 231 738 738 232 232 739 739 231 233 740 740 234 234 741 741 232 232 742 742 233 231 743 743 235 235 744 744 234 234 745 745 233 231 746 746 236 236 747 747 234 234 748 748 235 235 749 749 237 237 750 750 236 236 751 751 235 235 752 752 238 238 753 753 236 236 754 754 237 237 755 755 231 233 756 756 238 238 757 757 237 237 758 758 232 232 759 759 238 238 760 760 231 233 761 761 241 239 762 762 240 240 763 763 239 241 764 764 242 242 765 765 240 240 766 766 241 239 767 767 243 243 768 768 242 242 769 769 241 239 770 770 244 244 771 771 242 242 772 772 243 243 773 773 245 245 774 774 244 244 775 775 243 243 776 776 246 246 777 777 244 244 778 778 245 245 779 779 239 241 780 780 246 246 781 781 245 245 782 782 240 240 783 783 246 246 784 784 239 241 785 785 249 247 786 786 248 248 787 787 247 249 788 788 250 250 789 789 248 248 790 790 249 247 791 791 251 251 792 792 250 250 793 793 249 247 794 794 252 252 795 795 250 250 796 796 251 251 797 797 253 253 798 798 252 252 799 799 251 251 800 800 254 254 801 801 252 252 802 802 253 253 803 803 255 255 804 804 254 254 805 805 253 253 806 806 205 205 807 807 201 201 808 808 203 203 809 809 256 256 810 810 201 201 811 811 205 205 812 812 207 207 813 813 256 256 814 814 205 205 815 815 257 257 816 816 256 256 817 817 207 207 818 818 258 258 819 819 257 257 820 820 207 207 821 821 187 187 822 822 257 257 823 823 258 258 824 824 189 189 825 825 187 187 826 826 258 258 827 827 259 259 828 828 249 247 829 829 247 249 830 830 251 251 831 831 249 247 832 832 259 259 833 833 260 260 834 834 251 251 835 835 259 259 836 836 253 253 837 837 251 251 838 838 260 260 839 839 261 261 840 840 253 253 841 841 260 260 842 842 255 255 843 843 253 253 844 844 261 261 845 845 222 222 846 846 255 255 847 847 261 261 848 848 165 165 849 849 262 262 850 850 167 167 851 851 263 263 852 852 262 262 853 853 165 165 854 854 163 163 855 855 263 263 856 856 165 165 857 857 264 264 858 858 263 263 859 859 163 163 860 860 161 161 861 861 264 264 862 862 163 163 863 863 265 265 864 864 264 264 865 865 161 161 866 866 98 96 867 867 265 265 868 868 161 161 869 869 268 266 870 870 267 267 871 871 266 268 872 872 269 269 873 873 267 267 874 874 268 266 875 875 270 270 876 876 269 269 877 877 268 266 878 878 271 271 879 879 269 269 880 880 270 270 881 881 266 268 882 882 271 271 883 883 270 270 884 884 267 267 885 885 271 271 886 886 266 268 887 887 274 272 888 888 273 273 889 889 272 274 890 890 275 275 891 891 273 273 892 892 274 272 893 893 276 276 894 894 275 275 895 895 274 272 896 896 277 277 897 897 275 275 898 898 276 276 899 899 272 274 900 900 277 277 901 901 276 276 902 902 273 273 903 903 277 277 904 904 272 274 905 905 280 278 906 906 279 279 907 907 278 280 908 908 281 281 909 909 279 279 910 910 280 278 911 911 282 282 912 912 281 281 913 913 280 278 914 914 283 283 915 915 281 281 916 916 282 282 917 917 278 280 918 918 283 283 919 919 282 282 920 920 279 279 921 921 283 283 922 922 278 280 923 923 219 219 924 924 284 284 925 925 220 220 926 926 285 285 927 927 284 284 928 928 219 219 929 929 217 215 930 930 285 285 931 931 219 219 932 932 286 286 933 933 285 285 934 934 217 215 935 935 215 217 936 936 286 286 937 937 217 215 938 938 166 166 939 939 286 286 940 940 215 217 941 941 289 287 942 942 288 288 943 943 287 289 944 944 290 290 945 945 288 288 946 946 289 287 947 947 291 291 948 948 290 290 949 949 289 287 950 950 292 292 951 951 290 290 952 952 291 291 953 953 287 289 954 954 292 292 955 955 291 291 956 956 288 288 957 957 292 292 958 958 287 289 959 959 295 289 960 960 294 288 961 961 293 287 962 962 296 293 963 963 294 288 964 964 295 289 965 965 297 294 966 966 296 293 967 967 295 289 968 968 298 290 969 969 296 293 970 970 297 294 971 971 293 287 972 972 298 290 973 973 297 294 974 974 294 288 975 975 298 290 976 976 293 287 977 977 301 295 978 978 300 296 979 979 299 297 980 980 302 298 981 981 300 296 982 982 301 295 983 983 303 299 984 984 302 298 985 985 301 295 986 986 304 300 987 987 302 298 988 988 303 299 989 989 299 297 990 990 304 300 991 991 303 299 992 992 300 296 993 993 304 300 994 994 299 297 995 995 305 301 996 996 110 110 997 997 112 112 998 998 306 302 999 999 110 110 1000 1000 305 301 1001 1001 307 303 1002 1002 306 302 1003 1003 305 301 1004 1004 308 304 1005 1005 306 302 1006 1006 307 303 1007 1007 149 149 1008 1008 308 304 1009 1009 307 303 1010 1010 148 148 1011 1011 308 304 1012 1012 149 149 1013 1013 311 305 1014 1014 310 306 1015 1015 309 307 1016 1016 312 308 1017 1017 310 306 1018 1018 311 305 1019 1019 313 309 1020 1020 312 308 1021 1021 311 305 1022 1022 314 310 1023 1023 312 308 1024 1024 313 309 1025 1025 315 311 1026 1026 314 310 1027 1027 313 309 1028 1028 316 312 1029 1029 314 310 1030 1030 315 311 1031 1031 318 313 1032 1032 266 268 1033 1033 317 314 1034 1034 268 266 1035 1035 266 268 1036 1036 318 313 1037 1037 319 315 1038 1038 268 266 1039 1039 318 313 1040 1040 270 270 1041 1041 268 266 1042 1042 319 315 1043 1043 317 314 1044 1044 270 270 1045 1045 319 315 1046 1046 266 268 1047 1047 270 270 1048 1048 317 314 1049 1049 302 298 1050 1050 317 314 1051 1051 300 296 1052 1052 318 313 1053 1053 317 314 1054 1054 302 298 1055 1055 304 300 1056 1056 318 313 1057 1057 302 298 1058 1058 319 315 1059 1059 318 313 1060 1060 304 300 1061 1061 300 296 1062 1062 319 315 1063 1063 304 300 1064 1064 317 314 1065 1065 319 315 1066 1066 300 296 1067 1067 320 316 1068 1068 118 118 1069 1069 119 119 1070 1070 321 317 1071 1071 118 118 1072 1072 320 316 1073 1073 322 318 1074 1074 321 317 1075 1075 320 316 1076 1076 323 319 1077 1077 321 317 1078 1078 322 318 1079 1079 324 320 1080 1080 323 319 1081 1081 322 318 1082 1082 145 145 1083 1083 323 319 1084 1084 324 320 1085 1085 326 321 1086 1086 299 297 1087 1087 325 322 1088 1088 301 295 1089 1089 299 297 1090 1090 326 321 1091 1091 327 323 1092 1092 301 295 1093 1093 326 321 1094 1094 303 299 1095 1095 301 295 1096 1096 327 323 1097 1097 325 322 1098 1098 303 299 1099 1099 327 323 1100 1100 299 297 1101 1101 303 299 1102 1102 325 322 1103 1103 329 324 1104 1104 325 322 1105 1105 328 325 1106 1106 326 321 1107 1107 325 322 1108 1108 329 324 1109 1109 330 326 1110 1110 326 321 1111 1111 329 324 1112 1112 327 323 1113 1113 326 321 1114 1114 330 326 1115 1115 328 325 1116 1116 327 323 1117 1117 330 326 1118 1118 325 322 1119 1119 327 323 1120 1120 328 325 1121 1121 269 269 1122 1122 328 325 1123 1123 267 267 1124 1124 329 324 1125 1125 328 325 1126 1126 269 269 1127 1127 271 271 1128 1128 329 324 1129 1129 269 269 1130 1130 330 326 1131 1131 329 324 1132 1132 271 271 1133 1133 267 267 1134 1134 330 326 1135 1135 271 271 1136 1136 328 325 1137 1137 330 326 1138 1138 267 267 1139 1139 332 327 1140 1140 256 256 1141 1141 331 328 1142 1142 333 329 1143 1143 256 256 1144 1144 332 327 1145 1145 334 330 1146 1146 333 329 1147 1147 332 327 1148 1148 201 201 1149 1149 333 329 1150 1150 334 330 1151 1151 200 202 1152 1152 201 201 1153 1153 334 330 1154 1154 119 331 1155 1155 335 331 1156 1156 320 331 1157 1157 216 332 1158 1158 335 332 1159 1159 119 332 1160 1160 108 332 1161 1161 216 332 1162 1162 119 332 1163 1163 215 333 1164 1164 216 333 1165 1165 108 333 1166 1166 166 334 1167 1167 215 334 1168 1168 108 334 1169 1169 332 327 1170 1170 337 335 1171 1171 336 336 1172 1172 111 109 1173 1173 337 335 1174 1174 332 327 1175 1175 186 185 1176 1176 111 109 1177 1177 332 327 1178 1178 113 113 1179 1179 111 109 1180 1180 186 185 1181 1181 185 186 1182 1182 113 113 1183 1183 186 185 1184 1184 340 337 1185 1185 339 338 1186 1186 338 339 1187 1187 341 340 1188 1188 339 338 1189 1189 340 337 1190 1190 342 341 1191 1191 341 340 1192 1192 340 337 1193 1193 338 339 1194 1194 341 340 1195 1195 342 341 1196 1196 340 337 1197 1197 338 339 1198 1198 342 341 1199 1199 113 113 1200 1200 343 342 1201 1201 115 115 1202 1202 344 343 1203 1203 343 342 1204 1204 113 113 1205 1205 185 186 1206 1206 344 343 1207 1207 113 113 1208 1208 345 344 1209 1209 344 343 1210 1210 185 186 1211 1211 346 345 1212 1212 345 344 1213 1213 185 186 1214 1214 310 306 1215 1215 347 346 1216 1216 309 307 1217 1217 348 347 1218 1218 347 346 1219 1219 310 306 1220 1220 349 348 1221 1221 348 347 1222 1222 310 306 1223 1223 350 349 1224 1224 348 347 1225 1225 349 348 1226 1226 316 312 1227 1227 350 349 1228 1228 349 348 1229 1229 97 97 1230 1230 196 194 1231 1231 351 350 1232 1232 132 132 1233 1233 196 194 1234 1234 97 97 1235 1235 352 351 1236 1236 132 132 1237 1237 97 97 1238 1238 131 133 1239 1239 132 132 1240 1240 352 351 1241 1241 183 183 1242 1242 131 133 1243 1243 352 351 1244 1244 355 352 1245 1245 354 353 1246 1246 353 354 1247 1247 356 355 1248 1248 354 353 1249 1249 355 352 1250 1250 357 356 1251 1251 356 355 1252 1252 355 352 1253 1253 353 354 1254 1254 356 355 1255 1255 357 356 1256 1256 355 352 1257 1257 353 354 1258 1258 357 356 1259 1259 360 357 1260 1260 359 358 1261 1261 358 359 1262 1262 361 360 1263 1263 359 358 1264 1264 360 357 1265 1265 362 361 1266 1266 361 360 1267 1267 360 357 1268 1268 363 362 1269 1269 361 360 1270 1270 362 361 1271 1271 366 363 1272 1272 365 363 1273 1273 364 363 1274 1274 367 364 1275 1275 365 364 1276 1276 366 364 1277 1277 368 364 1278 1278 367 364 1279 1279 366 364 1280 1280 369 364 1281 1281 367 364 1282 1282 368 364 1283 1283 370 365 1284 1284 255 255 1285 1285 222 222 1286 1286 371 366 1287 1287 255 255 1288 1288 370 365 1289 1289 284 284 1290 1290 371 366 1291 1291 370 365 1292 1292 372 367 1293 1293 371 366 1294 1294 284 284 1295 1295 375 332 1296 1296 374 332 1297 1297 373 332 1298 1298 376 332 1299 1299 374 332 1300 1300 375 332 1301 1301 377 332 1302 1302 376 332 1303 1303 375 332 1304 1304 378 332 1305 1305 376 332 1306 1306 377 332 1307 1307 381 368 1308 1308 380 369 1309 1309 379 370 1310 1310 382 371 1311 1311 380 369 1312 1312 381 368 1313 1313 383 372 1314 1314 382 371 1315 1315 381 368 1316 1316 384 373 1317 1317 382 371 1318 1318 383 372 1319 1319 387 374 1320 1320 386 375 1321 1321 385 376 1322 1322 379 370 1323 1323 386 375 1324 1324 387 374 1325 1325 388 377 1326 1326 379 370 1327 1327 387 374 1328 1328 381 368 1329 1329 379 370 1330 1330 388 377 1331 1331 391 378 1332 1332 390 379 1333 1333 389 380 1334 1334 385 376 1335 1335 390 379 1336 1336 391 378 1337 1337 392 381 1338 1338 385 376 1339 1339 391 378 1340 1340 387 374 1341 1341 385 376 1342 1342 392 381 1343 1343 218 218 1344 1344 335 382 1345 1345 216 216 1346 1346 324 320 1347 1347 335 382 1348 1348 218 218 1349 1349 143 143 1350 1350 324 320 1351 1351 218 218 1352 1352 145 145 1353 1353 324 320 1354 1354 143 143 1355 1355 162 332 1356 1356 106 332 1357 1357 160 332 1358 1358 108 332 1359 1359 106 332 1360 1360 162 332 1361 1361 164 383 1362 1362 108 383 1363 1363 162 383 1364 1364 166 384 1365 1365 108 384 1366 1366 164 384 1367 1367 389 380 1368 1368 393 385 1369 1369 391 378 1370 1370 384 373 1371 1371 393 385 1372 1372 389 380 1373 1373 394 386 1374 1374 384 373 1375 1375 389 380 1376 1376 382 371 1377 1377 384 373 1378 1378 394 386 1379 1379 395 387 1380 1380 170 168 1381 1381 168 170 1382 1382 396 388 1383 1383 170 168 1384 1384 395 387 1385 1385 397 389 1386 1386 396 388 1387 1387 395 387 1388 1388 398 390 1389 1389 396 388 1390 1390 397 389 1391 1391 399 391 1392 1392 211 209 1393 1393 222 222 1394 1394 400 392 1395 1395 211 209 1396 1396 399 391 1397 1397 401 393 1398 1398 400 392 1399 1399 399 391 1400 1400 402 394 1401 1401 400 392 1402 1402 401 393 1403 1403 396 388 1404 1404 172 172 1405 1405 170 168 1406 1406 403 395 1407 1407 172 172 1408 1408 396 388 1409 1409 398 390 1410 1410 403 395 1411 1411 396 388 1412 1412 178 178 1413 1413 403 395 1414 1414 398 390 1415 1415 406 396 1416 1416 405 397 1417 1417 404 398 1418 1418 407 399 1419 1419 405 397 1420 1420 406 396 1421 1421 404 398 1422 1422 407 399 1423 1423 406 396 1424 1424 408 400 1425 1425 407 399 1426 1426 404 398 1427 1427 154 154 1428 1428 409 401 1429 1429 156 156 1430 1430 410 402 1431 1431 409 401 1432 1432 154 154 1433 1433 152 150 1434 1434 410 402 1435 1435 154 154 1436 1436 150 152 1437 1437 410 402 1438 1438 152 150 1439 1439 413 403 1440 1440 412 404 1441 1441 411 405 1442 1442 414 406 1443 1443 412 404 1444 1444 413 403 1445 1445 411 405 1446 1446 414 406 1447 1447 413 403 1448 1448 412 404 1449 1449 414 406 1450 1450 411 405 1451 1451 99 99 1452 1452 352 351 1453 1453 97 97 1454 1454 415 407 1455 1455 352 351 1456 1456 99 99 1457 1457 101 101 1458 1458 415 407 1459 1459 99 99 1460 1460 103 103 1461 1461 415 407 1462 1462 101 101 1463 1463 418 408 1464 1464 417 408 1465 1465 416 408 1466 1466 419 409 1467 1467 417 409 1468 1468 418 409 1469 1469 420 409 1470 1470 419 409 1471 1471 418 409 1472 1472 421 410 1473 1473 419 410 1474 1474 420 410 1475 1475 408 400 1476 1476 339 338 1477 1477 341 340 1478 1478 356 355 1479 1479 339 338 1480 1480 408 400 1481 1481 404 398 1482 1482 356 355 1483 1483 408 400 1484 1484 354 353 1485 1485 356 355 1486 1486 404 398 1487 1487 422 411 1488 1488 371 366 1489 1489 372 367 1490 1490 423 412 1491 1491 371 366 1492 1492 422 411 1493 1493 424 413 1494 1494 423 412 1495 1495 422 411 1496 1496 425 414 1497 1497 423 412 1498 1498 424 413 1499 1499 427 415 1500 1500 426 416 1501 1501 192 192 1502 1502 428 417 1503 1503 426 416 1504 1504 427 415 1505 1505 250 250 1506 1506 428 417 1507 1507 427 415 1508 1508 252 252 1509 1509 428 417 1510 1510 250 250 1511 1511 422 411 1512 1512 264 264 1513 1513 424 413 1514 1514 263 263 1515 1515 264 264 1516 1516 422 411 1517 1517 372 367 1518 1518 263 263 1519 1519 422 411 1520 1520 262 262 1521 1521 263 263 1522 1522 372 367 1523 1523 429 418 1524 1524 248 248 1525 1525 250 250 1526 1526 247 249 1527 1527 248 248 1528 1528 429 418 1529 1529 430 419 1530 1530 247 249 1531 1531 429 418 1532 1532 403 395 1533 1533 174 174 1534 1534 172 172 1535 1535 176 176 1536 1536 174 174 1537 1537 403 395 1538 1538 178 178 1539 1539 176 176 1540 1540 403 395 1541 1541 431 420 1542 1542 50 48 1543 1543 48 50 1544 1544 52 52 1545 1545 50 48 1546 1546 431 420 1547 1547 54 54 1548 1548 52 52 1549 1549 431 420 1550 1550 345 344 1551 1551 343 342 1552 1552 344 343 1553 1553 432 421 1554 1554 343 342 1555 1555 345 344 1556 1556 433 422 1557 1557 432 421 1558 1558 345 344 1559 1559 336 336 1560 1560 202 200 1561 1561 200 202 1562 1562 434 423 1563 1563 202 200 1564 1564 336 336 1565 1565 337 335 1566 1566 434 423 1567 1567 336 336 1568 1568 435 424 1569 1569 74 72 1570 1570 72 74 1571 1571 76 76 1572 1572 74 72 1573 1573 435 424 1574 1574 78 78 1575 1575 76 76 1576 1576 435 424 1577 1577 436 425 1578 1578 62 60 1579 1579 60 62 1580 1580 64 64 1581 1581 62 60 1582 1582 436 425 1583 1583 66 66 1584 1584 64 64 1585 1585 436 425 1586 1586 436 425 1587 1587 68 68 1588 1588 66 66 1589 1589 70 70 1590 1590 68 68 1591 1591 436 425 1592 1592 60 62 1593 1593 70 70 1594 1594 436 425 1595 1595 109 111 1596 1596 146 146 1597 1597 144 144 1598 1598 437 426 1599 1599 146 146 1600 1600 109 111 1601 1601 110 110 1602 1602 437 426 1603 1603 109 111 1604 1604 438 427 1605 1605 36 38 1606 1606 46 46 1607 1607 38 36 1608 1608 36 38 1609 1609 438 427 1610 1610 40 40 1611 1611 38 36 1612 1612 438 427 1613 1613 438 427 1614 1614 42 42 1615 1615 40 40 1616 1616 44 44 1617 1617 42 42 1618 1618 438 427 1619 1619 46 46 1620 1620 44 44 1621 1621 438 427 1622 1622 441 428 1623 1623 440 428 1624 1624 439 428 1625 1625 442 429 1626 1626 440 429 1627 1627 441 429 1628 1628 443 428 1629 1629 442 428 1630 1630 441 428 1631 1631 446 430 1632 1632 445 430 1633 1633 444 430 1634 1634 447 430 1635 1635 445 430 1636 1636 446 430 1637 1637 448 431 1638 1638 447 431 1639 1639 446 431 1640 1640 446 432 1641 1641 449 432 1642 1642 448 432 1643 1643 450 430 1644 1644 449 430 1645 1645 446 430 1646 1646 451 430 1647 1647 450 430 1648 1648 446 430 1649 1649 446 430 1650 1650 452 430 1651 1651 451 430 1652 1652 453 430 1653 1653 452 430 1654 1654 446 430 1655 1655 454 433 1656 1656 453 433 1657 1657 446 433 1658 1658 285 285 1659 1659 372 367 1660 1660 284 284 1661 1661 262 262 1662 1662 372 367 1663 1663 285 285 1664 1664 286 286 1665 1665 262 262 1666 1666 285 285 1667 1667 446 434 1668 1668 455 434 1669 1669 454 434 1670 1670 456 430 1671 1671 455 430 1672 1672 446 430 1673 1673 444 430 1674 1674 456 430 1675 1675 446 430 1676 1676 160 332 1677 1677 102 332 1678 1678 159 332 1679 1679 104 332 1680 1680 102 332 1681 1681 160 332 1682 1682 106 435 1683 1683 104 435 1684 1684 160 435 1685 1685 457 436 1686 1686 389 380 1687 1687 390 379 1688 1688 394 386 1689 1689 389 380 1690 1690 457 436 1691 1691 382 371 1692 1692 394 386 1693 1693 457 436 1694 1694 458 437 1695 1695 210 210 1696 1696 212 212 1697 1697 214 214 1698 1698 210 210 1699 1699 458 437 1700 1700 213 213 1701 1701 214 214 1702 1702 458 437 1703 1703 415 407 1704 1704 183 183 1705 1705 352 351 1706 1706 139 139 1707 1707 183 183 1708 1708 415 407 1709 1709 105 105 1710 1710 139 139 1711 1711 415 407 1712 1712 459 438 1713 1713 199 199 1714 1714 195 195 1715 1715 198 198 1716 1716 199 199 1717 1717 459 438 1718 1718 197 197 1719 1719 198 198 1720 1720 459 438 1721 1721 426 416 1722 1722 190 190 1723 1723 192 192 1724 1724 188 188 1725 1725 190 190 1726 1726 426 416 1727 1727 428 417 1728 1728 188 188 1729 1729 426 416 1730 1730 460 439 1731 1731 90 90 1732 1732 91 91 1733 1733 95 95 1734 1734 90 90 1735 1735 460 439 1736 1736 94 94 1737 1737 95 95 1738 1738 460 439 1739 1739 460 439 1740 1740 93 93 1741 1741 94 94 1742 1742 92 92 1743 1743 93 93 1744 1744 460 439 1745 1745 91 91 1746 1746 92 92 1747 1747 460 439 1748 1748 461 440 1749 1749 89 89 1750 1750 84 84 1751 1751 88 88 1752 1752 89 89 1753 1753 461 440 1754 1754 87 87 1755 1755 88 88 1756 1756 461 440 1757 1757 464 441 1758 1758 463 442 1759 1759 462 443 1760 1760 465 444 1761 1761 463 442 1762 1762 464 441 1763 1763 466 445 1764 1764 465 444 1765 1765 464 441 1766 1766 338 446 1767 1767 353 446 1768 1768 405 446 1769 1769 356 355 1770 1770 353 354 1771 1771 338 339 1772 1772 339 338 1773 1773 356 355 1774 1774 338 339 1775 1775 24 26 1776 1776 28 28 1777 1777 26 24 1778 1778 30 30 1779 1779 28 28 1780 1780 24 26 1781 1781 32 32 1782 1782 30 30 1783 1783 24 26 1784 1784 376 447 1785 1785 358 359 1786 1786 374 448 1787 1787 360 357 1788 1788 358 359 1789 1789 376 447 1790 1790 362 361 1791 1791 360 357 1792 1792 376 447 1793 1793 469 449 1794 1794 468 449 1795 1795 467 449 1796 1796 470 450 1797 1797 468 450 1798 1798 469 450 1799 1799 471 451 1800 1800 470 451 1801 1801 469 451 1802 1802 347 346 1803 1803 472 452 1804 1804 309 307 1805 1805 473 453 1806 1806 472 452 1807 1807 347 346 1808 1808 474 454 1809 1809 473 453 1810 1810 347 346 1811 1811 477 455 1812 1812 476 455 1813 1813 475 455 1814 1814 478 456 1815 1815 476 456 1816 1816 477 456 1817 1817 479 457 1818 1818 478 457 1819 1819 477 457 1820 1820 433 422 1821 1821 480 458 1822 1822 432 421 1823 1823 138 138 1824 1824 480 458 1825 1825 433 422 1826 1826 136 136 1827 1827 138 138 1828 1828 433 422 1829 1829 114 114 1830 1830 305 301 1831 1831 112 112 1832 1832 307 303 1833 1833 305 301 1834 1834 114 114 1835 1835 149 149 1836 1836 307 303 1837 1837 114 114 1838 1838 306 302 1839 1839 437 426 1840 1840 110 110 1841 1841 148 148 1842 1842 437 426 1843 1843 306 302 1844 1844 308 304 1845 1845 148 148 1846 1846 306 302 1847 1847 322 459 1848 1848 335 459 1849 1849 481 459 1850 1850 320 332 1851 1851 335 332 1852 1852 322 332 1853 1853 483 460 1854 1854 482 461 1855 1855 401 393 1856 1856 247 249 1857 1857 482 461 1858 1858 483 460 1859 1859 484 462 1860 1860 202 200 1861 1861 434 423 1862 1862 193 193 1863 1863 202 200 1864 1864 484 462 1865 1865 402 463 1866 1866 193 463 1867 1867 484 463 1868 1868 485 464 1869 1869 193 193 1870 1870 402 394 1871 1871 209 211 1872 1872 144 144 1873 1873 140 142 1874 1874 109 111 1875 1875 144 144 1876 1876 209 211 1877 1877 480 458 1878 1878 117 117 1879 1879 115 115 1880 1880 138 138 1881 1881 117 117 1882 1882 480 458 1883 1883 331 328 1884 1884 186 185 1885 1885 332 327 1886 1886 187 187 1887 1887 186 185 1888 1888 331 328 1889 1889 167 167 1890 1890 286 286 1891 1891 166 166 1892 1892 262 262 1893 1893 286 286 1894 1894 167 167 1895 1895 434 423 1896 1896 486 465 1897 1897 484 462 1898 1898 337 335 1899 1899 486 465 1900 1900 434 423 1901 1901 486 465 1902 1902 402 394 1903 1903 484 462 1904 1904 400 392 1905 1905 402 394 1906 1906 486 465 1907 1907 140 142 1908 1908 211 209 1909 1909 209 211 1910 1910 222 222 1911 1911 211 209 1912 1912 140 142 1913 1913 485 466 1914 1914 429 466 1915 1915 427 466 1916 1916 430 467 1917 1917 429 467 1918 1918 485 467 1919 1919 96 98 1920 1920 265 265 1921 1921 98 96 1922 1922 351 350 1923 1923 265 265 1924 1924 96 98 1925 1925 193 193 1926 1926 427 415 1927 1927 192 192 1928 1928 485 468 1929 1929 427 468 1930 1930 193 468 1931 1931 139 139 1932 1932 181 181 1933 1933 183 183 1934 1934 137 137 1935 1935 181 181 1936 1936 139 139 1937 1937 252 252 1938 1938 194 196 1939 1939 428 417 1940 1940 254 254 1941 1941 194 196 1942 1942 252 252 1943 1943 194 196 1944 1944 351 350 1945 1945 196 194 1946 1946 254 254 1947 1947 351 350 1948 1948 194 196 1949 1949 487 469 1950 1950 351 350 1951 1951 254 254 1952 1952 424 413 1953 1953 351 350 1954 1954 487 469 1955 1955 234 234 1956 1956 238 238 1957 1957 232 232 1958 1958 236 236 1959 1959 238 238 1960 1960 234 234 1961 1961 488 470 1962 1962 469 470 1963 1963 467 470 1964 1964 489 471 1965 1965 469 471 1966 1966 488 471 1967 1967 492 332 1968 1968 491 332 1969 1969 490 332 1970 1970 464 332 1971 1971 491 332 1972 1972 492 332 1973 1973 158 158 1974 1974 409 401 1975 1975 151 151 1976 1976 156 156 1977 1977 409 401 1978 1978 158 158 1979 1979 462 364 1980 1980 494 364 1981 1981 493 364 1982 1982 463 364 1983 1983 494 364 1984 1984 462 364 1985 1985 410 402 1986 1986 495 472 1987 1987 409 401 1988 1988 150 152 1989 1989 495 472 1990 1990 410 402 1991 1991 498 473 1992 1992 497 474 1993 1993 496 475 1994 1994 499 476 1995 1995 497 474 1996 1996 498 473 1997 1997 221 221 1998 1998 370 365 1999 1999 222 222 2000 2000 500 477 2001 2001 370 365 2002 2002 221 221 2003 2003 220 220 2004 2004 370 365 2005 2005 500 477 2006 2006 284 284 2007 2007 370 365 2008 2008 220 220 2009 2009 502 478 2010 2010 496 475 2011 2011 501 479 2012 2012 498 473 2013 2013 496 475 2014 2014 502 478 2015 2015 487 469 2016 2016 423 412 2017 2017 425 414 2018 2018 254 254 2019 2019 423 412 2020 2020 487 469 2021 2021 255 255 2022 2022 423 412 2023 2023 254 254 2024 2024 371 366 2025 2025 423 412 2026 2026 255 255 2027 2027 504 480 2028 2028 501 479 2029 2029 503 481 2030 2030 502 478 2031 2031 501 479 2032 2032 504 480 2033 2033 122 120 2034 2034 129 129 2035 2035 124 124 2036 2036 120 122 2037 2037 129 129 2038 2038 122 120 2039 2039 120 122 2040 2040 127 127 2041 2041 129 129 2042 2042 125 125 2043 2043 127 127 2044 2044 120 122 2045 2045 505 482 2046 2046 123 123 2047 2047 125 125 2048 2048 121 121 2049 2049 123 123 2050 2050 505 482 2051 2051 507 483 2052 2052 503 481 2053 2053 506 484 2054 2054 504 480 2055 2055 503 481 2056 2056 507 483 2057 2057 180 180 2058 2058 184 184 2059 2059 182 182 2060 2060 179 179 2061 2061 184 184 2062 2062 180 180 2063 2063 509 485 2064 2064 506 484 2065 2065 508 486 2066 2066 507 483 2067 2067 506 484 2068 2068 509 485 2069 2069 511 487 2070 2070 508 486 2071 2071 510 488 2072 2072 509 485 2073 2073 508 486 2074 2074 511 487 2075 2075 513 489 2076 2076 510 488 2077 2077 512 490 2078 2078 511 487 2079 2079 510 488 2080 2080 513 489 2081 2081 514 491 2082 2082 469 491 2083 2083 489 491 2084 2084 515 492 2085 2085 469 492 2086 2086 514 492 2087 2087 516 493 2088 2088 469 493 2089 2089 515 493 2090 2090 517 494 2091 2091 469 494 2092 2092 516 494 2093 2093 58 58 2094 2094 431 420 2095 2095 48 50 2096 2096 56 56 2097 2097 431 420 2098 2098 58 58 2099 2099 518 495 2100 2100 469 495 2101 2101 517 495 2102 2102 519 496 2103 2103 469 496 2104 2104 518 496 2105 2105 82 82 2106 2106 435 424 2107 2107 72 74 2108 2108 80 80 2109 2109 435 424 2110 2110 82 82 2111 2111 31 31 2112 2112 35 35 2113 2113 25 25 2114 2114 33 33 2115 2115 35 35 2116 2116 31 31 2117 2117 261 261 2118 2118 399 391 2119 2119 222 222 2120 2120 260 260 2121 2121 399 391 2122 2122 261 261 2123 2123 29 29 2124 2124 25 25 2125 2125 27 27 2126 2126 31 31 2127 2127 25 25 2128 2128 29 29 2129 2129 520 497 2130 2130 348 347 2131 2131 350 349 2132 2132 474 454 2133 2133 348 347 2134 2134 520 497 2135 2135 312 308 2136 2136 349 348 2137 2137 310 306 2138 2138 314 310 2139 2139 349 348 2140 2140 312 308 2141 2141 521 428 2142 2142 441 428 2143 2143 439 428 2144 2144 522 429 2145 2145 441 429 2146 2146 521 429 2147 2147 523 428 2148 2148 441 428 2149 2149 522 428 2150 2150 524 428 2151 2151 441 428 2152 2152 523 428 2153 2153 525 428 2154 2154 441 428 2155 2155 524 428 2156 2156 526 428 2157 2157 441 428 2158 2158 525 428 2159 2159 527 428 2160 2160 441 428 2161 2161 526 428 2162 2162 528 498 2163 2163 441 498 2164 2164 527 498 2165 2165 260 260 2166 2166 401 393 2167 2167 399 391 2168 2168 259 259 2169 2169 401 393 2170 2170 260 260 2171 2171 529 499 2172 2172 477 499 2173 2173 475 499 2174 2174 530 500 2175 2175 477 500 2176 2176 529 500 2177 2177 531 501 2178 2178 477 501 2179 2179 530 501 2180 2180 532 502 2181 2181 477 502 2182 2182 531 502 2183 2183 533 503 2184 2184 477 503 2185 2185 532 503 2186 2186 534 504 2187 2187 477 504 2188 2188 533 504 2189 2189 535 505 2190 2190 477 505 2191 2191 534 505 2192 2192 536 506 2193 2193 477 506 2194 2194 535 506 2195 2195 385 376 2196 2196 457 436 2197 2197 390 379 2198 2198 386 375 2199 2199 457 436 2200 2200 385 376 2201 2201 379 370 2202 2202 457 436 2203 2203 386 375 2204 2204 380 369 2205 2205 457 436 2206 2206 379 370 2207 2207 538 507 2208 2208 499 476 2209 2209 537 508 2210 2210 497 474 2211 2211 499 476 2212 2212 538 507 2213 2213 493 332 2214 2214 464 332 2215 2215 462 332 2216 2216 491 332 2217 2217 464 332 2218 2218 493 332 2219 2219 463 442 2220 2220 539 509 2221 2221 494 510 2222 2222 465 444 2223 2223 539 509 2224 2224 463 442 2225 2225 541 511 2226 2226 416 511 2227 2227 540 511 2228 2228 418 512 2229 2229 416 512 2230 2230 541 512 2231 2231 419 513 2232 2232 542 513 2233 2233 417 513 2234 2234 543 514 2235 2235 542 514 2236 2236 419 514 2237 2237 378 515 2238 2238 363 515 2239 2239 362 515 2240 2240 377 516 2241 2241 363 516 2242 2242 378 516 2243 2243 358 364 2244 2244 373 364 2245 2245 374 364 2246 2246 359 364 2247 2247 373 364 2248 2248 358 364 2249 2249 343 342 2250 2250 480 458 2251 2251 115 115 2252 2252 432 421 2253 2253 480 458 2254 2254 343 342 2255 2255 420 332 2256 2256 544 332 2257 2257 421 332 2258 2258 545 332 2259 2259 544 332 2260 2260 420 332 2261 2261 421 517 2262 2262 543 517 2263 2263 419 517 2264 2264 544 518 2265 2265 543 518 2266 2266 421 518 2267 2267 258 258 2268 2268 208 208 2269 2269 189 189 2270 2270 207 207 2271 2271 208 208 2272 2272 258 258 2273 2273 187 187 2274 2274 256 256 2275 2275 257 257 2276 2276 331 328 2277 2277 256 256 2278 2278 187 187 2279 2279 546 519 2280 2280 367 519 2281 2281 369 519 2282 2282 547 520 2283 2283 367 520 2284 2284 546 520 2285 2285 334 330 2286 2286 336 336 2287 2287 200 202 2288 2288 332 327 2289 2289 336 336 2290 2290 334 330 2291 2291 368 521 2292 2292 549 521 2293 2293 548 521 2294 2294 366 522 2295 2295 549 522 2296 2296 368 522 2297 2297 259 259 2298 2298 483 460 2299 2299 401 393 2300 2300 247 249 2301 2301 483 460 2302 2302 259 259 2303 2303 364 332 2304 2304 551 332 2305 2305 550 332 2306 2306 365 332 2307 2307 551 332 2308 2308 364 332 2309 2309 404 398 2310 2310 353 354 2311 2311 354 353 2312 2312 405 397 2313 2313 353 354 2314 2314 404 398 2315 2315 341 340 2316 2316 405 397 2317 2317 408 400 2318 2318 338 339 2319 2319 405 397 2320 2320 341 340 2321 2321 366 523 2322 2322 550 523 2323 2323 549 523 2324 2324 364 524 2325 2325 550 524 2326 2326 366 524 2327 2327 323 319 2328 2328 147 147 2329 2329 321 317 2330 2330 145 145 2331 2331 147 147 2332 2332 323 319 2333 2333 118 118 2334 2334 147 147 2335 2335 116 116 2336 2336 321 317 2337 2337 147 147 2338 2338 118 118 2339 2339 481 525 2340 2340 324 320 2341 2341 322 318 2342 2342 335 382 2343 2343 324 320 2344 2344 481 525 2345 2345 363 362 2346 2346 375 526 2347 2347 361 360 2348 2348 377 527 2349 2349 375 526 2350 2350 363 362 2351 2351 359 358 2352 2352 375 526 2353 2353 373 528 2354 2354 361 360 2355 2355 375 526 2356 2356 359 358 2357 2357 482 529 2358 2358 485 529 2359 2359 402 529 2360 2360 430 530 2361 2361 485 530 2362 2362 482 530 2363 2363 549 409 2364 2364 551 409 2365 2365 547 409 2366 2366 550 410 2367 2367 551 410 2368 2368 549 410 2369 2369 548 531 2370 2370 547 531 2371 2371 546 531 2372 2372 549 409 2373 2373 547 409 2374 2374 548 409 2375 2375 465 444 2376 2376 552 532 2377 2377 539 509 2378 2378 466 445 2379 2379 552 532 2380 2380 465 444 2381 2381 136 136 2382 2382 346 345 2383 2383 185 186 2384 2384 433 422 2385 2385 346 345 2386 2386 136 136 2387 2387 491 533 2388 2388 552 532 2389 2389 490 534 2390 2390 539 509 2391 2391 552 532 2392 2392 491 533 2393 2393 494 510 2394 2394 491 533 2395 2395 493 535 2396 2396 539 509 2397 2397 491 533 2398 2398 494 510 2399 2399 466 515 2400 2400 490 515 2401 2401 552 515 2402 2402 492 516 2403 2403 490 516 2404 2404 466 516 2405 2405 85 85 2406 2406 461 440 2407 2407 84 84 2408 2408 86 86 2409 2409 461 440 2410 2410 85 85 2411 2411 541 364 2412 2412 542 364 2413 2413 543 364 2414 2414 540 364 2415 2415 542 364 2416 2416 541 364 2417 2417 545 536 2418 2418 543 536 2419 2419 544 536 2420 2420 541 364 2421 2421 543 364 2422 2422 545 364 2423 2423 424 413 2424 2424 265 265 2425 2425 351 350 2426 2426 264 264 2427 2427 265 265 2428 2428 424 413 2429 2429 482 461 2430 2430 247 249 2431 2431 430 419 2432 2432 401 537 2433 2433 482 537 2434 2434 402 537 2435 2435 221 538 2436 2436 220 538 2437 2437 500 538 2438 2438 202 200 2439 2439 193 193 2440 2440 204 204 2441 2441 111 109 2442 2442 400 392 2443 2443 337 335 2444 2444 486 465 2445 2445 337 335 2446 2446 400 392 2447 2447 211 209 2448 2448 400 392 2449 2449 111 109 2450 2450 140 142 2451 2451 144 144 2452 2452 142 140 2453 2453 437 426 2454 2454 148 148 2455 2455 146 146 2456 2456 250 539 2457 2457 427 539 2458 2458 429 539 2459 2459 346 345 2460 2460 433 422 2461 2461 345 344 2462 2462 189 189 2463 2463 208 208 2464 2464 191 191 2465 2465 487 540 2466 2466 425 540 2467 2467 424 540 2468 2468 191 191 2469 2469 204 204 2470 2470 193 193 2471 2471 134 134 2472 2472 188 188 2473 2473 428 417 2474 2474 194 196 2475 2475 134 134 2476 2476 428 417 2477 2477 351 350 2478 2478 96 98 2479 2479 97 97 2480 2480 466 445 2481 2481 464 441 2482 2482 492 541 2483 2483 376 447 2484 2484 378 541 2485 2485 362 361 2486 2486 218 218 2487 2487 141 141 2488 2488 143 143 2489 2489 415 407 2490 2490 103 103 2491 2491 105 105 2492 2492 100 100 2493 2493 98 96 2494 2494 161 161 2495 2495 24 26 2496 2496 34 34 2497 2497 32 32 2498 2498 519 542 2499 2499 471 542 2500 2500 469 542 2501 2501 347 346 2502 2502 348 347 2503 2503 474 454 2504 2504 316 312 2505 2505 349 348 2506 2506 314 310 2507 2507 536 543 2508 2508 479 543 2509 2509 477 543 2510 2510 153 153 2511 2511 155 155 2512 2512 157 157 2513 2513 128 128 2514 2514 126 126 2515 2515 130 130 2516 2516 179 179 2517 2517 133 131 2518 2518 184 184 2519 2519 56 56 2520 2520 54 54 2521 2521 431 420 2522 2522 80 80 2523 2523 78 78 2524 2524 435 424 2525 2525 528 428 2526 2526 443 428 2527 2527 441 428 2528 2528 380 369 2529 2529 382 371 2530 2530 457 436 2531 2531 407 399 2532 2532 408 400 2533 2533 405 397 2534 2534 212 212 2535 2535 213 213 2536 2536 458 437 2537 2537 191 191 2538 2538 206 206 2539 2539 204 204 2540 2540 201 201 2541 2541 256 256 2542 2542 333 329 2543 2543 197 197 2544 2544 459 438 2545 2545 195 195 2546 2546 87 87 2547 2547 461 440 2548 2548 86 86 2549 2549</p>
        </triangles>
      </mesh>
    </geometry>
    <geometry id="polygon1-mesh" name="polygon1">
      <mesh>
        <source id="polygon1-mesh-positions">
          <float_array id="polygon1-mesh-positions-array" count="408">-2.488281 11 103.8945 -4.320313 13.09375 107.8945 -2.488281 15.15625 105.8242 -4.320313 14.07422 110 -2.488281 17.10547 110 -4.320313 13.09375 112.1055 -2.488281 15.15625 114.1758 -4.320313 11 113.0742 -2.488281 11 116.1055 -4.320313 8.90625 112.1055 -2.488281 6.84375 114.1758 -4.320313 7.925781 110 -2.488281 4.894531 110 -4.320313 8.90625 107.8945 -2.488281 6.84375 105.8242 -4.320313 11 106.9258 3.386719 15.15625 105.8242 4.320313 13.09375 107.8945 2.488281 11 103.8945 4.320313 11 106.9258 2.488281 6.84375 105.8242 4.320313 8.90625 107.8945 2.488281 4.894531 110 4.320313 7.925781 110 2.488281 6.84375 114.1758 4.320313 8.90625 112.1055 2.488281 11 116.1055 4.320313 11 113.0742 2.488281 15.15625 114.1758 4.320313 13.09375 112.1055 2.488281 17.10547 110 4.320313 14.07422 110 -33.25391 22 -49.30078 -37.34375 25.98438 -41.00781 -33.25391 30.375 -45.41797 -37.34375 27.85156 -37.00391 -33.25391 34.29688 -37.00391 -37.34375 25.98438 -33.00391 -33.25391 30.375 -28.58984 -37.34375 22 -31.15234 -33.25391 22 -24.70703 -37.34375 18.01563 -33.00391 -33.25391 13.625 -28.58984 -37.34375 16.14844 -37.00391 -33.25391 9.703125 -37.00391 -37.34375 18.01563 -41.00781 -33.28516 13.61719 -45.42578 -37.34375 22 -42.85547 -50.74609 13.625 -28.58984 -46.69922 22 -31.15234 -50.74609 22 -24.70703 -46.69922 25.98438 -33.00391 -50.74609 30.375 -28.58984 -46.69922 27.85156 -37.00391 -50.74609 34.29688 -37.00391 -46.69922 25.98438 -41.00781 -50.74609 30.375 -45.41797 -46.69922 22 -42.85547 -50.74609 22 -49.30078 -46.69922 18.01563 -41.00781 -50.79688 13.61719 -45.42578 -46.69922 16.14844 -37.00391 -50.74609 9.703125 -37.00391 -46.69922 18.01563 -33.00391 -9.988282 6.84375 114.1758 -8.152344 11 113.0742 -9.988282 11 116.1055 -8.152344 13.09375 112.1055 -9.988282 15.15625 114.1758 -8.152344 14.07422 110 -9.988282 17.10547 110 -8.152344 13.09375 107.8945 -9.988282 15.15625 105.8242 -8.152344 11 106.9258 -9.988282 11 103.8945 -8.152344 8.90625 107.8945 -9.988282 6.84375 105.8242 -8.152344 7.925781 110 -9.988282 4.894531 110 -8.152344 8.90625 112.1055 33.25391 22 -24.70703 37.34375 22 -31.15234 33.25391 30.375 -28.58984 37.34375 25.98438 -33.00391 33.25391 34.29688 -37.00391 37.34375 27.85156 -37.00391 33.25391 30.375 -45.41797 37.34375 25.98438 -41.00781 33.25391 22 -49.30078 37.34375 22 -42.85547 33.28516 13.61719 -45.42578 37.34375 18.01563 -41.00781 33.25391 9.703125 -37.00391 37.34375 16.14844 -37.00391 33.25391 13.625 -28.58984 37.34375 18.01563 -33.00391 9.988282 11 116.1055 8.152344 11 113.0742 9.988282 6.84375 114.1758 8.152344 8.90625 112.1055 9.988282 4.894531 110 8.152344 7.925781 110 9.988282 6.84375 105.8242 8.152344 8.90625 107.8945 9.988282 11 103.8945 8.152344 11 106.9258 9.988282 15.15625 105.8242 8.152344 13.09375 107.8945 9.988282 17.10547 110 8.152344 14.07422 110 9.988282 15.15625 114.1758 8.152344 13.09375 112.1055 50.74609 22 -24.70703 46.69922 22 -31.15234 50.74609 13.625 -28.58984 46.69922 18.01563 -33.00391 50.74609 9.703125 -37.00391 46.69922 16.14844 -37.00391 50.79688 13.61719 -45.42578 46.69922 18.01563 -41.00781 50.74609 22 -49.30078 46.69922 22 -42.85547 50.74609 30.375 -45.41797 46.69922 25.98438 -41.00781 50.74609 34.29688 -37.00391 46.69922 27.85156 -37.00391 50.74609 30.375 -28.58984 46.69922 25.98438 -33.00391 -3.578125 11 110 -10.69141 11 110 3.578125 11 110 10.69141 11 110 36.07031 22 -37.00391 51.66797 22 -37.00391 -36.07031 22 -37.00391 -51.66797 22 -37.00391</float_array>
          <technique_common>
            <accessor source="#polygon1-mesh-positions-array" count="136" stride="3">
              <param name="X" type="float"/>
              <param name="Y" type="float"/>
              <param name="Z" type="float"/>
            </accessor>
          </technique_common>
        </source>
        <source id="polygon1-mesh-normals">
          <float_array id="polygon1-mesh-normals-array" count="408">0.847329 -0.3751391 0.3759046 0.970968 -0.1691313 0.1691626 0.8557586 9.29945e-5 0.5173754 0.9678211 -0.2516394 1.4369e-4 0.8557795 -0.5173409 6.41317e-5 0.9709596 -0.168928 -0.1694132 0.8473544 -0.374987 -0.375999 0.9679516 -2.09006e-4 -0.251137 0.855758 -9.39157e-5 -0.5173763 0.9709678 0.1691318 -0.1691628 0.8473283 0.3751402 -0.3759052 0.9678213 0.2516387 -1.44475e-4 0.8557795 0.517341 -6.48277e-5 0.9709594 0.1689288 0.1694138 0.8473542 0.3749873 0.3759993 0.9679511 2.08295e-4 0.2511389 -0.8700026 0.07791566 0.4868518 -0.9916126 -0.05144822 0.1185649 -0.939331 -0.2217692 0.2616789 -0.9679512 2.08187e-4 0.2511387 -0.8473544 0.3749872 0.375999 -0.9709596 0.1689285 0.1694132 -0.8557795 0.5173408 -6.47191e-5 -0.9678214 0.2516384 -1.44389e-4 -0.8473283 0.3751402 -0.3759052 -0.9709678 0.1691318 -0.1691628 -0.855758 -9.38774e-5 -0.5173763 -0.9679515 -2.09079e-4 -0.2511372 -0.8473539 -0.3749876 -0.3759996 -0.9709594 -0.1689285 -0.1694138 -0.8518141 -0.5149478 -0.09613347 -0.972949 -0.2255769 -0.04985255 0.8356711 -0.3878895 0.3888386 0.9655871 -0.1837853 0.1840234 0.8443599 -0.001937747 0.5357731 0.9622016 -0.2723383 -1.06319e-4 0.8443903 -0.5357286 -3.68741e-5 0.9656531 -0.183755 -0.1837068 0.8357398 -0.3878466 -0.3887338 0.9623093 1.38614e-4 -0.2719573 0.8444097 5.88755e-5 -0.5356981 0.965646 0.1836284 -0.1838707 0.8357602 0.3877499 -0.3887865 0.9622104 0.2723074 1.11687e-5 0.8447201 0.5352064 -0.001519739 0.9661051 0.1830418 0.1820355 0.8376807 0.3860335 0.3863538 0.9624793 -9.37627e-4 0.2713537 -0.8469534 -5.8257e-5 -0.5316672 -0.9958589 -1.54543e-4 -0.09091216 -0.8383862 0.3849869 -0.3858675 -0.9980998 -0.04359531 -0.04354518 -0.8384065 -0.3848904 -0.3859201 -0.9958056 -0.09149515 4.60164e-5 -0.8469123 -0.5317326 1.25057e-5 -0.9980762 -0.04393899 0.0437414 -0.8383244 -0.3850374 0.3859516 -0.9958797 1.61716e-5 0.09068489 -0.8465044 0.002050578 0.5323778 -0.9979319 0.04627275 0.04461753 -0.8360485 0.3878384 0.3880777 -0.9957509 0.09208118 0.001087605 -0.8469318 0.5316962 0.002444386 -0.9981015 0.04373997 -0.04336231 -0.8552697 9.40786e-5 -0.5181834 -0.9962895 2.31936e-4 -0.08606523 -0.8468449 0.3755605 -0.376574 -0.9982742 -0.04171854 -0.04133224 -0.8468185 -0.3757144 -0.3764801 -0.9962152 -0.08692193 -1.60783e-4 -0.8552905 -0.5181489 -6.51214e-5 -0.9982723 -0.04148668 0.04161018 -0.8468447 -0.3755608 0.3765742 -0.9962893 -2.31068e-4 0.08606785 -0.8552701 -9.31033e-5 0.5181825 -0.9982742 0.04171794 0.04133224 -0.8468194 0.375713 0.3764795 -0.9962152 0.08692181 1.60266e-4 -0.8552911 0.5181477 6.4534e-5 -0.9982723 0.0414862 -0.04160928 -0.8357399 -0.3878468 -0.3887338 -0.9623093 1.38998e-4 -0.2719573 -0.8444096 5.90408e-5 -0.535698 -0.9656531 -0.1837552 -0.1837068 -0.8443903 -0.5357286 -3.68168e-5 -0.9622016 -0.2723382 -1.06242e-4 -0.8356711 -0.3878896 0.3888387 -0.9655871 -0.1837853 0.1840234 -0.8443599 -0.001937747 0.5357731 -0.9624793 -9.37725e-4 0.2713537 -0.8376808 0.3860334 0.3863537 -0.966105 0.1830416 0.1820353 -0.8447201 0.5352064 -0.001519739 -0.9622104 0.2723076 1.11846e-5 -0.8357602 0.38775 -0.3887864 -0.965646 0.183629 -0.1838707 0.8468444 0.3755611 -0.3765745 0.9962895 2.32048e-4 -0.08606547 0.8552696 9.42124e-5 -0.5181833 0.9982723 0.04148656 -0.04161 0.8552913 0.5181475 6.42275e-5 0.9962152 0.08692157 1.6019e-4 0.8468195 0.3757127 0.3764794 0.9982742 0.04171794 0.04133224 0.8552702 -9.31543e-5 0.5181825 0.9962894 -2.31021e-4 0.08606761 0.8468452 -0.3755604 0.3765736 0.9982723 -0.04148644 0.04160952 0.8552907 -0.5181486 -6.52363e-5 0.9962152 -0.08692228 -1.60748e-4 0.8468183 -0.3757146 -0.3764802 0.9982742 -0.0417189 -0.04133242 0.8383861 0.384987 -0.3858675 0.9958589 -1.54448e-4 -0.09091216 0.8469534 -5.81648e-5 -0.5316672 0.9981015 0.04373985 -0.04336231 0.8469318 0.531696 0.002444386 0.9957509 0.09208101 0.001087665 0.8360486 0.3878383 0.3880776 0.997932 0.04627263 0.04461753 0.8465044 0.002050578 0.5323778 0.9958797 1.62428e-5 0.09068489 0.8383244 -0.3850373 0.3859515 0.9980763 -0.04393851 0.04374128 0.8469124 -0.5317324 1.25248e-5 0.9958056 -0.09149515 4.60046e-5 0.8384063 -0.3848906 -0.38592 0.9980998 -0.04359549 -0.04354524 1 2.32847e-7 1.56918e-7 -1 2.62555e-7 3.59954e-7 -1 1.29078e-7 1.94883e-7 1 0 4.02301e-7 -1 -1.55074e-7 4.04717e-5 1 -1.99756e-7 9.01074e-5 1 -2.37613e-7 4.04717e-5 -1 -1.21591e-7 9.01247e-5</float_array>
          <technique_common>
            <accessor source="#polygon1-mesh-normals-array" count="136" stride="3">
              <param name="X" type="float"/>
              <param name="Y" type="float"/>
              <param name="Z" type="float"/>
            </accessor>
          </technique_common>
        </source>
        <source id="polygon1-mesh-map-0">
          <float_array id="polygon1-mesh-map-0-array" count="1152">0.4173584 0.7142944 0.1910706 0.6050415 0.5886536 0.5296936 0.03469848 0.6402588 0.1910706 0.6050415 0.4173584 0.7142944 0.034729 0.8008118 0.03469848 0.6402588 0.4173584 0.7142944 0.1910706 0.6050415 0.03469848 0.6402588 0.034729 0.8008118 0.4173584 0.7142944 0.1910706 0.6050415 0.034729 0.8008118 0.2608032 0.5299072 0.1910706 0.6050415 0.4173584 0.7142944 0.5886536 0.5296936 0.2608032 0.5299072 0.4173584 0.7142944 0.1910706 0.6050415 0.2608032 0.5299072 0.5886536 0.5296936 0.4173584 0.7142944 0.1910706 0.6050415 0.5886536 0.5296936 0.03469848 0.6402588 0.1910706 0.6050415 0.4173584 0.7142944 0.034729 0.8008118 0.03469848 0.6402588 0.4173584 0.7142944 0.1910706 0.6050415 0.03469848 0.6402588 0.034729 0.8008118 0.4173584 0.7142944 0.1910706 0.6050415 0.034729 0.8008118 0.2608032 0.5299072 0.1910706 0.6050415 0.4173584 0.7142944 0.5886536 0.5296936 0.2608032 0.5299072 0.4173584 0.7142944 0.1910706 0.6050415 0.2608032 0.5299072 0.5886536 0.5296936 0.5886536 0.5296936 0.1910706 0.6050415 0.4173584 0.7142944 0.2608032 0.5299072 0.1910706 0.6050415 0.5886536 0.5296936 0.4173584 0.7142944 0.2608032 0.5299072 0.5886536 0.5296936 0.1910706 0.6050415 0.2608032 0.5299072 0.4173584 0.7142944 0.034729 0.8008118 0.1910706 0.6050415 0.4173584 0.7142944 0.03469848 0.6402588 0.1910706 0.6050415 0.034729 0.8008118 0.4173584 0.7142944 0.03469848 0.6402588 0.034729 0.8008118 0.1910706 0.6050415 0.03469848 0.6402588 0.4173584 0.7142944 0.5886536 0.5296936 0.1910706 0.6050415 0.4173584 0.7142944 0.2608032 0.5299072 0.1910706 0.6050415 0.5886536 0.5296936 0.4173584 0.7142944 0.2608032 0.5299072 0.5886536 0.5296936 0.1910706 0.6050415 0.2608032 0.5299072 0.4173584 0.7142944 0.034729 0.8008118 0.1910706 0.6050415 0.4173584 0.7142944 0.03469848 0.6402588 0.1910706 0.6050415 0.034729 0.8008118 0.4173584 0.7142944 0.03469848 0.6402588 0.034729 0.8008118 0.1910706 0.6050415 0.03469848 0.6402588 0.4173584 0.7142944 0.4173584 0.7142944 0.1910706 0.6050415 0.5886536 0.5296936 0.03469848 0.6402588 0.1910706 0.6050415 0.4173584 0.7142944 0.034729 0.8008118 0.03469848 0.6402588 0.4173584 0.7142944 0.1910706 0.6050415 0.03469848 0.6402588 0.034729 0.8008118 0.4173584 0.7142944 0.1910706 0.6050415 0.034729 0.8008118 0.2608032 0.5299072 0.1910706 0.6050415 0.4173584 0.7142944 0.5886536 0.5296936 0.2608032 0.5299072 0.4173584 0.7142944 0.1910706 0.6050415 0.2608032 0.5299072 0.5886536 0.5296936 0.4173584 0.7142944 0.1910706 0.6050415 0.5886536 0.5296936 0.03469848 0.6402588 0.1910706 0.6050415 0.4173584 0.7142944 0.034729 0.8008118 0.03469848 0.6402588 0.4173584 0.7142944 0.1910706 0.6050415 0.03469848 0.6402588 0.034729 0.8008118 0.4173584 0.7142944 0.1910706 0.6050415 0.034729 0.8008118 0.2608032 0.5299072 0.1910706 0.6050415 0.4173584 0.7142944 0.5886536 0.5296936 0.2608032 0.5299072 0.4173584 0.7142944 0.1910706 0.6050415 0.2608032 0.5299072 0.5886536 0.5296936 0.5886536 0.5296936 0.2608032 0.5299072 0.4173584 0.7142944 0.1910706 0.6050415 0.2608032 0.5299072 0.5886536 0.5296936 0.4173584 0.7142944 0.1910706 0.6050415 0.5886536 0.5296936 0.03469848 0.6402588 0.1910706 0.6050415 0.4173584 0.7142944 0.034729 0.8008118 0.03469848 0.6402588 0.4173584 0.7142944 0.1910706 0.6050415 0.03469848 0.6402588 0.034729 0.8008118 0.4173584 0.7142944 0.1910706 0.6050415 0.034729 0.8008118 0.2608032 0.5299072 0.1910706 0.6050415 0.4173584 0.7142944 0.5886536 0.5296936 0.2608032 0.5299072 0.4173584 0.7142944 0.1910706 0.6050415 0.2608032 0.5299072 0.5886536 0.5296936 0.4173584 0.7142944 0.1910706 0.6050415 0.5886536 0.5296936 0.03469848 0.6402588 0.1910706 0.6050415 0.4173584 0.7142944 0.034729 0.8008118 0.03469848 0.6402588 0.4173584 0.7142944 0.1910706 0.6050415 0.03469848 0.6402588 0.034729 0.8008118 0.4173584 0.7142944 0.1910706 0.6050415 0.034729 0.8008118 0.2608032 0.5299072 0.1910706 0.6050415 0.4173584 0.7142944 0.5886536 0.5296936 0.2608032 0.5299072 0.4173584 0.7142944 0.1910706 0.6050415 0.2608032 0.5299072 0.5886536 0.5296936 0.4173584 0.7142944 0.1910706 0.6050415 0.5886536 0.5296936 0.03469848 0.6402588 0.1910706 0.6050415 0.4173584 0.7142944 0.034729 0.8008118 0.03469848 0.6402588 0.4173584 0.7142944 0.1910706 0.6050415 0.03469848 0.6402588 0.034729 0.8008118 0.4173584 0.7142944 0.1910706 0.6050415 0.034729 0.8008118 0.2608032 0.5299072 0.1910706 0.6050415 0.4173584 0.7142944 0.5886536 0.5296936 0.2608032 0.5299072 0.4173584 0.7142944 0.1910706 0.6050415 0.2608032 0.5299072 0.5886536 0.5296936 0.4173584 0.7142944 0.1910706 0.6050415 0.5886536 0.5296936 0.03469848 0.6402588 0.1910706 0.6050415 0.4173584 0.7142944 0.034729 0.8008118 0.03469848 0.6402588 0.4173584 0.7142944 0.1910706 0.6050415 0.03469848 0.6402588 0.034729 0.8008118 0.4173584 0.7142944 0.1910706 0.6050415 0.034729 0.8008118 0.2608032 0.5299072 0.1910706 0.6050415 0.4173584 0.7142944 0.4173584 0.7142944 0.2608032 0.5299072 0.5886536 0.5296936 0.1910706 0.6050415 0.2608032 0.5299072 0.4173584 0.7142944 0.034729 0.8008118 0.1910706 0.6050415 0.4173584 0.7142944 0.03469848 0.6402588 0.1910706 0.6050415 0.034729 0.8008118 0.4173584 0.7142944 0.03469848 0.6402588 0.034729 0.8008118 0.1910706 0.6050415 0.03469848 0.6402588 0.4173584 0.7142944 0.5886536 0.5296936 0.1910706 0.6050415 0.4173584 0.7142944 0.2608032 0.5299072 0.1910706 0.6050415 0.5886536 0.5296936 0.4173584 0.7142944 0.2608032 0.5299072 0.5886536 0.5296936 0.1910706 0.6050415 0.2608032 0.5299072 0.4173584 0.7142944 0.034729 0.8008118 0.1910706 0.6050415 0.4173584 0.7142944 0.03469848 0.6402588 0.1910706 0.6050415 0.034729 0.8008118 0.4173584 0.7142944 0.03469848 0.6402588 0.034729 0.8008118 0.1910706 0.6050415 0.03469848 0.6402588 0.4173584 0.7142944 0.5886536 0.5296936 0.1910706 0.6050415 0.4173584 0.7142944 0.2608032 0.5299072 0.1910706 0.6050415 0.5886536 0.5296936 0.4173584 0.7142944 0.2608032 0.5299072 0.5886536 0.5296936 0.1910706 0.6050415 0.2608032 0.5299072 0.4173584 0.7142944 0.034729 0.8008118 0.1910706 0.6050415 0.4173584 0.7142944 0.03469848 0.6402588 0.1910706 0.6050415 0.034729 0.8008118 0.4173584 0.7142944 0.03469848 0.6402588 0.034729 0.8008118 0.1910706 0.6050415 0.03469848 0.6402588 0.4173584 0.7142944 0.5886536 0.5296936 0.1910706 0.6050415 0.4173584 0.7142944 0.2608032 0.5299072 0.1910706 0.6050415 0.5886536 0.5296936 0.4173584 0.7142944 0.2608032 0.5299072 0.5886536 0.5296936 0.1910706 0.6050415 0.2608032 0.5299072 0.4173584 0.7142944 0.034729 0.8008118 0.1910706 0.6050415 0.4173584 0.7142944 0.03469848 0.6402588 0.1910706 0.6050415 0.034729 0.8008118 0.4173584 0.7142944 0.03469848 0.6402588 0.034729 0.8008118 0.1910706 0.6050415 0.03469848 0.6402588 0.4173584 0.7142944 0.5886536 0.5296936 0.1910706 0.6050415 0.4173584 0.7142944 0.2608032 0.5299072 0.1910706 0.6050415 0.5886536 0.5296936 0.4173584 0.7142944 0.2608032 0.5299072 0.5886536 0.5296936 0.1910706 0.6050415 0.2608032 0.5299072 0.4173584 0.7142944 0.034729 0.8008118 0.1910706 0.6050415 0.4173584 0.7142944 0.03469848 0.6402588 0.1910706 0.6050415 0.034729 0.8008118 0.4173584 0.7142944 0.03469848 0.6402588 0.034729 0.8008118 0.1910706 0.6050415 0.03469848 0.6402588 0.4173584 0.7142944 0.5886536 0.5296936 0.1910706 0.6050415 0.4173584 0.7142944 0.2608032 0.5299072 0.1910706 0.6050415 0.5886536 0.5296936 0.4173584 0.7142944 0.2608032 0.5299072 0.5886536 0.5296936 0.1910706 0.6050415 0.2608032 0.5299072 0.4173584 0.7142944 0.034729 0.8008118 0.1910706 0.6050415 0.4173584 0.7142944 0.03469848 0.6402588 0.1910706 0.6050415 0.034729 0.8008118 0.4173584 0.7142944 0.03469848 0.6402588 0.034729 0.8008118 0.1910706 0.6050415 0.03469848 0.6402588 0.4173584 0.7142944 0.5886536 0.5296936 0.1910706 0.6050415 0.4173584 0.7142944 0.2608032 0.5299072 0.1910706 0.6050415 0.5886536 0.5296936 0.03479003 0.5297852 0.2608032 0.5299072 0.1910706 0.6050415 0.1910706 0.6050415 0.2608032 0.5299072 0.03479003 0.5297852 0.03469848 0.6402588 0.1910706 0.6050415 0.03479003 0.5297852 0.03479003 0.5297852 0.1910706 0.6050415 0.03469848 0.6402588 0.2608032 0.5299072 0.1910706 0.6050415 0.03479003 0.5297852 0.1910706 0.6050415 0.2608032 0.5299072 0.03479003 0.5297852 0.03479003 0.5297852 0.1910706 0.6050415 0.2608032 0.5299072 0.03469848 0.6402588 0.1910706 0.6050415 0.03479003 0.5297852 0.1910706 0.6050415 0.03469848 0.6402588 0.03479003 0.5297852 0.03479003 0.5297852 0.2608032 0.5299072 0.1910706 0.6050415 0.1910706 0.6050415 0.2608032 0.5299072 0.03479003 0.5297852 0.03469848 0.6402588 0.1910706 0.6050415 0.03479003 0.5297852 0.03479003 0.5297852 0.03469848 0.6402588 0.1910706 0.6050415 0.1910706 0.6050415 0.03469848 0.6402588 0.03479003 0.5297852 0.2608032 0.5299072 0.1910706 0.6050415 0.03479003 0.5297852 0.03479003 0.5297852 0.1910706 0.6050415 0.2608032 0.5299072 0.03469848 0.6402588 0.1910706 0.6050415 0.03479003 0.5297852 0.1910706 0.6050415 0.03469848 0.6402588 0.03479003 0.5297852 0.03479003 0.5297852 0.2608032 0.5299072 0.1910706 0.6050415 0.1910706 0.6050415 0.2608032 0.5299072 0.03479003 0.5297852 0.03469848 0.6402588 0.1910706 0.6050415 0.03479003 0.5297852 0.03479003 0.5297852 0.2608032 0.5299072 0.1910706 0.6050415 0.1910706 0.6050415 0.2608032 0.5299072 0.03479003 0.5297852 0.03469848 0.6402588 0.1910706 0.6050415 0.03479003 0.5297852 0.03479003 0.5297852 0.2608032 0.5299072 0.1910706 0.6050415 0.1910706 0.6050415 0.2608032 0.5299072 0.03479003 0.5297852 0.03469848 0.6402588 0.1910706 0.6050415 0.03479003 0.5297852 0.03479003 0.5297852 0.1910706 0.6050415 0.03469848 0.6402588 0.2608032 0.5299072 0.1910706 0.6050415 0.03479003 0.5297852 0.1910706 0.6050415 0.2608032 0.5299072 0.03479003 0.5297852 0.03479003 0.5297852 0.1910706 0.6050415 0.2608032 0.5299072 0.03469848 0.6402588 0.1910706 0.6050415 0.03479003 0.5297852 0.1910706 0.6050415 0.03469848 0.6402588 0.03479003 0.5297852 0.03479003 0.5297852 0.2608032 0.5299072 0.1910706 0.6050415 0.1910706 0.6050415 0.2608032 0.5299072 0.03479003 0.5297852 0.03469848 0.6402588 0.1910706 0.6050415 0.03479003 0.5297852 0.03479003 0.5297852 0.1910706 0.6050415 0.2608032 0.5299072 0.03469848 0.6402588 0.1910706 0.6050415 0.03479003 0.5297852 0.1910706 0.6050415 0.03469848 0.6402588 0.03479003 0.5297852 0.03479003 0.5297852 0.2608032 0.5299072 0.1910706 0.6050415 0.1910706 0.6050415 0.2608032 0.5299072 0.03479003 0.5297852 0.03469848 0.6402588 0.1910706 0.6050415 0.03479003 0.5297852 0.03479003 0.5297852 0.03469848 0.6402588 0.1910706 0.6050415 0.1910706 0.6050415 0.03469848 0.6402588 0.03479003 0.5297852 0.1910706 0.6050415 0.03479003 0.5297852 0.2608032 0.5299072 0.03469848 0.6402588 0.03479003 0.5297852 0.1910706 0.6050415 0.03479003 0.5297852 0.2608032 0.5299072 0.1910706 0.6050415 0.1910706 0.6050415 0.2608032 0.5299072 0.03479003 0.5297852 0.03469848 0.6402588 0.03479003 0.5297852 0.1910706 0.6050415 0.1910706 0.6050415 0.03479003 0.5297852 0.03469848 0.6402588 0.2608032 0.5299072 0.03479003 0.5297852 0.1910706 0.6050415 0.1910706 0.6050415 0.03479003 0.5297852 0.2608032 0.5299072 0.03469848 0.6402588 0.03479003 0.5297852 0.1910706 0.6050415 0.1910706 0.6050415 0.03479003 0.5297852 0.03469848 0.6402588 0.2608032 0.5299072 0.03479003 0.5297852 0.1910706 0.6050415 0.1910706 0.6050415 0.03479003 0.5297852 0.2608032 0.5299072 0.1910706 0.6050415 0.03479003 0.5297852 0.2608032 0.5299072 0.03469848 0.6402588 0.03479003 0.5297852 0.1910706 0.6050415 0.03469848 0.6402588 0.03479003 0.5297852 0.1910706 0.6050415 0.1910706 0.6050415 0.03479003 0.5297852 0.03469848 0.6402588 0.1910706 0.6050415 0.03479003 0.5297852 0.2608032 0.5299072 0.03469848 0.6402588 0.03479003 0.5297852 0.1910706 0.6050415 0.03479003 0.5297852 0.1910706 0.6050415 0.03469848 0.6402588 0.03479003 0.5297852 0.1910706 0.6050415 0.03469848 0.6402588</float_array>
          <technique_common>
            <accessor source="#polygon1-mesh-map-0-array" count="576" stride="2">
              <param name="S" type="float"/>
              <param name="T" type="float"/>
            </accessor>
          </technique_common>
        </source>
        <source id="polygon1-mesh-colors-polygon1_Colors0" name="polygon1_Colors0">
          <float_array id="polygon1-mesh-colors-polygon1_Colors0-array" count="2304">0.5803922 0.5803922 0.5803922 1 0.4313725 0.4313725 0.4313725 1 0.5803922 0.5803922 0.5803922 1 0.4313725 0.4313725 0.4313725 1 0.4313725 0.4313725 0.4313725 1 0.5803922 0.5803922 0.5803922 1 0.5803922 0.5803922 0.5803922 1 0.4313725 0.4313725 0.4313725 1 0.5803922 0.5803922 0.5803922 1 0.4313725 0.4313725 0.4313725 1 0.4313725 0.4313725 0.4313725 1 0.5803922 0.5803922 0.5803922 1 0.5803922 0.5803922 0.5803922 1 0.4313725 0.4313725 0.4313725 1 0.5803922 0.5803922 0.5803922 1 0.4313725 0.4313725 0.4313725 1 0.4313725 0.4313725 0.4313725 1 0.5803922 0.5803922 0.5803922 1 0.5803922 0.5803922 0.5803922 1 0.4313725 0.4313725 0.4313725 1 0.5803922 0.5803922 0.5803922 1 0.4313725 0.4313725 0.4313725 1 0.4313725 0.4313725 0.4313725 1 0.5803922 0.5803922 0.5803922 1 0.5803922 0.5803922 0.5803922 1 0.4313725 0.4313725 0.4313725 1 0.5803922 0.5803922 0.5803922 1 0.4313725 0.4313725 0.4313725 1 0.4313725 0.4313725 0.4313725 1 0.5803922 0.5803922 0.5803922 1 0.5803922 0.5803922 0.5803922 1 0.4313725 0.4313725 0.4313725 1 0.5803922 0.5803922 0.5803922 1 0.4313725 0.4313725 0.4313725 1 0.4313725 0.4313725 0.4313725 1 0.5803922 0.5803922 0.5803922 1 0.5803922 0.5803922 0.5803922 1 0.4313725 0.4313725 0.4313725 1 0.5803922 0.5803922 0.5803922 1 0.4313725 0.4313725 0.4313725 1 0.4313725 0.4313725 0.4313725 1 0.5803922 0.5803922 0.5803922 1 0.5803922 0.5803922 0.5803922 1 0.4313725 0.4313725 0.4313725 1 0.5803922 0.5803922 0.5803922 1 0.4313725 0.4313725 0.4313725 1 0.4313725 0.4313725 0.4313725 1 0.5803922 0.5803922 0.5803922 1 0.5803922 0.5803922 0.5803922 1 0.4313725 0.4313725 0.4313725 1 0.5803922 0.5803922 0.5803922 1 0.4313725 0.4313725 0.4313725 1 0.4313725 0.4313725 0.4313725 1 0.5803922 0.5803922 0.5803922 1 0.5803922 0.5803922 0.5803922 1 0.4313725 0.4313725 0.4313725 1 0.5803922 0.5803922 0.5803922 1 0.4313725 0.4313725 0.4313725 1 0.4313725 0.4313725 0.4313725 1 0.5803922 0.5803922 0.5803922 1 0.5803922 0.5803922 0.5803922 1 0.4313725 0.4313725 0.4313725 1 0.5803922 0.5803922 0.5803922 1 0.4313725 0.4313725 0.4313725 1 0.4313725 0.4313725 0.4313725 1 0.5803922 0.5803922 0.5803922 1 0.5803922 0.5803922 0.5803922 1 0.4313725 0.4313725 0.4313725 1 0.5803922 0.5803922 0.5803922 1 0.4313725 0.4313725 0.4313725 1 0.4313725 0.4313725 0.4313725 1 0.5803922 0.5803922 0.5803922 1 0.5803922 0.5803922 0.5803922 1 0.4313725 0.4313725 0.4313725 1 0.5803922 0.5803922 0.5803922 1 0.4313725 0.4313725 0.4313725 1 0.4313725 0.4313725 0.4313725 1 0.5803922 0.5803922 0.5803922 1 0.5803922 0.5803922 0.5803922 1 0.4313725 0.4313725 0.4313725 1 0.5803922 0.5803922 0.5803922 1 0.4313725 0.4313725 0.4313725 1 0.4313725 0.4313725 0.4313725 1 0.5803922 0.5803922 0.5803922 1 0.5803922 0.5803922 0.5803922 1 0.4313725 0.4313725 0.4313725 1 0.5803922 0.5803922 0.5803922 1 0.4313725 0.4313725 0.4313725 1 0.4313725 0.4313725 0.4313725 1 0.5803922 0.5803922 0.5803922 1 0.5803922 0.5803922 0.5803922 1 0.4313725 0.4313725 0.4313725 1 0.5803922 0.5803922 0.5803922 1 0.4313725 0.4313725 0.4313725 1 0.4313725 0.4313725 0.4313725 1 0.5803922 0.5803922 0.5803922 1 0.5803922 0.5803922 0.5803922 1 0.4313725 0.4313725 0.4313725 1 0.5803922 0.5803922 0.5803922 1 0.4313725 0.4313725 0.4313725 1 0.4313725 0.4313725 0.4313725 1 0.5803922 0.5803922 0.5803922 1 0.5803922 0.5803922 0.5803922 1 0.4313725 0.4313725 0.4313725 1 0.5803922 0.5803922 0.5803922 1 0.4313725 0.4313725 0.4313725 1 0.4313725 0.4313725 0.4313725 1 0.5803922 0.5803922 0.5803922 1 0.5803922 0.5803922 0.5803922 1 0.4313725 0.4313725 0.4313725 1 0.5803922 0.5803922 0.5803922 1 0.4313725 0.4313725 0.4313725 1 0.4313725 0.4313725 0.4313725 1 0.5803922 0.5803922 0.5803922 1 0.5803922 0.5803922 0.5803922 1 0.4313725 0.4313725 0.4313725 1 0.5803922 0.5803922 0.5803922 1 0.4313725 0.4313725 0.4313725 1 0.4313725 0.4313725 0.4313725 1 0.5803922 0.5803922 0.5803922 1 0.5803922 0.5803922 0.5803922 1 0.4313725 0.4313725 0.4313725 1 0.5803922 0.5803922 0.5803922 1 0.4313725 0.4313725 0.4313725 1 0.4313725 0.4313725 0.4313725 1 0.5803922 0.5803922 0.5803922 1 0.5803922 0.5803922 0.5803922 1 0.4313725 0.4313725 0.4313725 1 0.5803922 0.5803922 0.5803922 1 0.4313725 0.4313725 0.4313725 1 0.4313725 0.4313725 0.4313725 1 0.5803922 0.5803922 0.5803922 1 0.5803922 0.5803922 0.5803922 1 0.4313725 0.4313725 0.4313725 1 0.5803922 0.5803922 0.5803922 1 0.4313725 0.4313725 0.4313725 1 0.4313725 0.4313725 0.4313725 1 0.5803922 0.5803922 0.5803922 1 0.5803922 0.5803922 0.5803922 1 0.4313725 0.4313725 0.4313725 1 0.5803922 0.5803922 0.5803922 1 0.4313725 0.4313725 0.4313725 1 0.4313725 0.4313725 0.4313725 1 0.5803922 0.5803922 0.5803922 1 0.5803922 0.5803922 0.5803922 1 0.4313725 0.4313725 0.4313725 1 0.5803922 0.5803922 0.5803922 1 0.4313725 0.4313725 0.4313725 1 0.4313725 0.4313725 0.4313725 1 0.5803922 0.5803922 0.5803922 1 0.5803922 0.5803922 0.5803922 1 0.4313725 0.4313725 0.4313725 1 0.5803922 0.5803922 0.5803922 1 0.4313725 0.4313725 0.4313725 1 0.4313725 0.4313725 0.4313725 1 0.5803922 0.5803922 0.5803922 1 0.5803922 0.5803922 0.5803922 1 0.4313725 0.4313725 0.4313725 1 0.5803922 0.5803922 0.5803922 1 0.4313725 0.4313725 0.4313725 1 0.4313725 0.4313725 0.4313725 1 0.5803922 0.5803922 0.5803922 1 0.5803922 0.5803922 0.5803922 1 0.4313725 0.4313725 0.4313725 1 0.5803922 0.5803922 0.5803922 1 0.4313725 0.4313725 0.4313725 1 0.4313725 0.4313725 0.4313725 1 0.5803922 0.5803922 0.5803922 1 0.5803922 0.5803922 0.5803922 1 0.4313725 0.4313725 0.4313725 1 0.5803922 0.5803922 0.5803922 1 0.4313725 0.4313725 0.4313725 1 0.4313725 0.4313725 0.4313725 1 0.5803922 0.5803922 0.5803922 1 0.5803922 0.5803922 0.5803922 1 0.4313725 0.4313725 0.4313725 1 0.5803922 0.5803922 0.5803922 1 0.4313725 0.4313725 0.4313725 1 0.4313725 0.4313725 0.4313725 1 0.5803922 0.5803922 0.5803922 1 0.5803922 0.5803922 0.5803922 1 0.4313725 0.4313725 0.4313725 1 0.5803922 0.5803922 0.5803922 1 0.4313725 0.4313725 0.4313725 1 0.4313725 0.4313725 0.4313725 1 0.5803922 0.5803922 0.5803922 1 0.5803922 0.5803922 0.5803922 1 0.4313725 0.4313725 0.4313725 1 0.5803922 0.5803922 0.5803922 1 0.4313725 0.4313725 0.4313725 1 0.4313725 0.4313725 0.4313725 1 0.5803922 0.5803922 0.5803922 1 0.5803922 0.5803922 0.5803922 1 0.4313725 0.4313725 0.4313725 1 0.5803922 0.5803922 0.5803922 1 0.4313725 0.4313725 0.4313725 1 0.4313725 0.4313725 0.4313725 1 0.5803922 0.5803922 0.5803922 1 0.5803922 0.5803922 0.5803922 1 0.4313725 0.4313725 0.4313725 1 0.5803922 0.5803922 0.5803922 1 0.4313725 0.4313725 0.4313725 1 0.4313725 0.4313725 0.4313725 1 0.5803922 0.5803922 0.5803922 1 0.5803922 0.5803922 0.5803922 1 0.4313725 0.4313725 0.4313725 1 0.5803922 0.5803922 0.5803922 1 0.4313725 0.4313725 0.4313725 1 0.4313725 0.4313725 0.4313725 1 0.5803922 0.5803922 0.5803922 1 0.5803922 0.5803922 0.5803922 1 0.4313725 0.4313725 0.4313725 1 0.5803922 0.5803922 0.5803922 1 0.4313725 0.4313725 0.4313725 1 0.4313725 0.4313725 0.4313725 1 0.5803922 0.5803922 0.5803922 1 0.5803922 0.5803922 0.5803922 1 0.4313725 0.4313725 0.4313725 1 0.5803922 0.5803922 0.5803922 1 0.4313725 0.4313725 0.4313725 1 0.4313725 0.4313725 0.4313725 1 0.5803922 0.5803922 0.5803922 1 0.5803922 0.5803922 0.5803922 1 0.4313725 0.4313725 0.4313725 1 0.5803922 0.5803922 0.5803922 1 0.4313725 0.4313725 0.4313725 1 0.4313725 0.4313725 0.4313725 1 0.5803922 0.5803922 0.5803922 1 0.5803922 0.5803922 0.5803922 1 0.4313725 0.4313725 0.4313725 1 0.5803922 0.5803922 0.5803922 1 0.4313725 0.4313725 0.4313725 1 0.4313725 0.4313725 0.4313725 1 0.5803922 0.5803922 0.5803922 1 0.5803922 0.5803922 0.5803922 1 0.4313725 0.4313725 0.4313725 1 0.5803922 0.5803922 0.5803922 1 0.4313725 0.4313725 0.4313725 1 0.4313725 0.4313725 0.4313725 1 0.5803922 0.5803922 0.5803922 1 0.5803922 0.5803922 0.5803922 1 0.4313725 0.4313725 0.4313725 1 0.5803922 0.5803922 0.5803922 1 0.4313725 0.4313725 0.4313725 1 0.4313725 0.4313725 0.4313725 1 0.5803922 0.5803922 0.5803922 1 0.5803922 0.5803922 0.5803922 1 0.4313725 0.4313725 0.4313725 1 0.5803922 0.5803922 0.5803922 1 0.4313725 0.4313725 0.4313725 1 0.4313725 0.4313725 0.4313725 1 0.5803922 0.5803922 0.5803922 1 0.5803922 0.5803922 0.5803922 1 0.4313725 0.4313725 0.4313725 1 0.5803922 0.5803922 0.5803922 1 0.4313725 0.4313725 0.4313725 1 0.4313725 0.4313725 0.4313725 1 0.5803922 0.5803922 0.5803922 1 0.5803922 0.5803922 0.5803922 1 0.4313725 0.4313725 0.4313725 1 0.5803922 0.5803922 0.5803922 1 0.4313725 0.4313725 0.4313725 1 0.4313725 0.4313725 0.4313725 1 0.5803922 0.5803922 0.5803922 1 0.5803922 0.5803922 0.5803922 1 0.4313725 0.4313725 0.4313725 1 0.5803922 0.5803922 0.5803922 1 0.4313725 0.4313725 0.4313725 1 0.4313725 0.4313725 0.4313725 1 0.5803922 0.5803922 0.5803922 1 0.5803922 0.5803922 0.5803922 1 0.4313725 0.4313725 0.4313725 1 0.5803922 0.5803922 0.5803922 1 0.4313725 0.4313725 0.4313725 1 0.4313725 0.4313725 0.4313725 1 0.5803922 0.5803922 0.5803922 1 0.5803922 0.5803922 0.5803922 1 0.4313725 0.4313725 0.4313725 1 0.5803922 0.5803922 0.5803922 1 0.4313725 0.4313725 0.4313725 1 0.4313725 0.4313725 0.4313725 1 0.5803922 0.5803922 0.5803922 1 0.5803922 0.5803922 0.5803922 1 0.4313725 0.4313725 0.4313725 1 0.5803922 0.5803922 0.5803922 1 0.4313725 0.4313725 0.4313725 1 0.4313725 0.4313725 0.4313725 1 0.5803922 0.5803922 0.5803922 1 0.5803922 0.5803922 0.5803922 1 0.4313725 0.4313725 0.4313725 1 0.5803922 0.5803922 0.5803922 1 0.4313725 0.4313725 0.4313725 1 0.4313725 0.4313725 0.4313725 1 0.5803922 0.5803922 0.5803922 1 0.5803922 0.5803922 0.5803922 1 0.4313725 0.4313725 0.4313725 1 0.5803922 0.5803922 0.5803922 1 0.4313725 0.4313725 0.4313725 1 0.4313725 0.4313725 0.4313725 1 0.5803922 0.5803922 0.5803922 1 0.5803922 0.5803922 0.5803922 1 0.4313725 0.4313725 0.4313725 1 0.5803922 0.5803922 0.5803922 1 0.4313725 0.4313725 0.4313725 1 0.4313725 0.4313725 0.4313725 1 0.5803922 0.5803922 0.5803922 1 0.5803922 0.5803922 0.5803922 1 0.4313725 0.4313725 0.4313725 1 0.5803922 0.5803922 0.5803922 1 0.4313725 0.4313725 0.4313725 1 0.4313725 0.4313725 0.4313725 1 0.5803922 0.5803922 0.5803922 1 0.5803922 0.5803922 0.5803922 1 0.4313725 0.4313725 0.4313725 1 0.5803922 0.5803922 0.5803922 1 0.4313725 0.4313725 0.4313725 1 0.4313725 0.4313725 0.4313725 1 0.5803922 0.5803922 0.5803922 1 0.5803922 0.5803922 0.5803922 1 0.4313725 0.4313725 0.4313725 1 0.5803922 0.5803922 0.5803922 1 0.4313725 0.4313725 0.4313725 1 0.4313725 0.4313725 0.4313725 1 0.5803922 0.5803922 0.5803922 1 0.5803922 0.5803922 0.5803922 1 0.4313725 0.4313725 0.4313725 1 0.5803922 0.5803922 0.5803922 1 0.4313725 0.4313725 0.4313725 1 0.4313725 0.4313725 0.4313725 1 0.5803922 0.5803922 0.5803922 1 0.5803922 0.5803922 0.5803922 1 0.4313725 0.4313725 0.4313725 1 0.5803922 0.5803922 0.5803922 1 0.4313725 0.4313725 0.4313725 1 0.4313725 0.4313725 0.4313725 1 0.5803922 0.5803922 0.5803922 1 0.5803922 0.5803922 0.5803922 1 0.4313725 0.4313725 0.4313725 1 0.5803922 0.5803922 0.5803922 1 0.4313725 0.4313725 0.4313725 1 0.4313725 0.4313725 0.4313725 1 0.5803922 0.5803922 0.5803922 1 0.5803922 0.5803922 0.5803922 1 0.4313725 0.4313725 0.4313725 1 0.5803922 0.5803922 0.5803922 1 0.4313725 0.4313725 0.4313725 1 0.4313725 0.4313725 0.4313725 1 0.5803922 0.5803922 0.5803922 1 0.5803922 0.5803922 0.5803922 1 0.4313725 0.4313725 0.4313725 1 0.5803922 0.5803922 0.5803922 1 0.4313725 0.4313725 0.4313725 1 0.4313725 0.4313725 0.4313725 1 0.5803922 0.5803922 0.5803922 1 0.5803922 0.5803922 0.5803922 1 0.4313725 0.4313725 0.4313725 1 0.5803922 0.5803922 0.5803922 1 0.4313725 0.4313725 0.4313725 1 0.4313725 0.4313725 0.4313725 1 0.5803922 0.5803922 0.5803922 1 0.5803922 0.5803922 0.5803922 1 0.4313725 0.4313725 0.4313725 1 0.5803922 0.5803922 0.5803922 1 0.4313725 0.4313725 0.4313725 1 0.4313725 0.4313725 0.4313725 1 0.5803922 0.5803922 0.5803922 1 0.5803922 0.5803922 0.5803922 1 0.4313725 0.4313725 0.4313725 1 0.5803922 0.5803922 0.5803922 1 0.4313725 0.4313725 0.4313725 1 0.4313725 0.4313725 0.4313725 1 0.5803922 0.5803922 0.5803922 1 0.5803922 0.5803922 0.5803922 1 0.4313725 0.4313725 0.4313725 1 0.5803922 0.5803922 0.5803922 1 0.4313725 0.4313725 0.4313725 1 0.4313725 0.4313725 0.4313725 1 0.5803922 0.5803922 0.5803922 1 0.5803922 0.5803922 0.5803922 1 0.4313725 0.4313725 0.4313725 1 0.5803922 0.5803922 0.5803922 1 0.4313725 0.4313725 0.4313725 1 0.4313725 0.4313725 0.4313725 1 0.5803922 0.5803922 0.5803922 1 0.7333334 0.7333334 0.7333334 1 0.4313725 0.4313725 0.4313725 1 0.4313725 0.4313725 0.4313725 1 0.4313725 0.4313725 0.4313725 1 0.4313725 0.4313725 0.4313725 1 0.7333334 0.7333334 0.7333334 1 0.4313725 0.4313725 0.4313725 1 0.4313725 0.4313725 0.4313725 1 0.7333334 0.7333334 0.7333334 1 0.7333334 0.7333334 0.7333334 1 0.4313725 0.4313725 0.4313725 1 0.4313725 0.4313725 0.4313725 1 0.4313725 0.4313725 0.4313725 1 0.4313725 0.4313725 0.4313725 1 0.7333334 0.7333334 0.7333334 1 0.4313725 0.4313725 0.4313725 1 0.4313725 0.4313725 0.4313725 1 0.7333334 0.7333334 0.7333334 1 1 1 1 1 0.4313725 0.4313725 0.4313725 1 0.4313725 0.4313725 0.4313725 1 0.4313725 0.4313725 0.4313725 1 0.4313725 0.4313725 0.4313725 1 1 1 1 1 0.4313725 0.4313725 0.4313725 1 0.4313725 0.4313725 0.4313725 1 1 1 1 1 1 1 1 1 0.4313725 0.4313725 0.4313725 1 0.4313725 0.4313725 0.4313725 1 0.4313725 0.4313725 0.4313725 1 0.4313725 0.4313725 0.4313725 1 1 1 1 1 0.4313725 0.4313725 0.4313725 1 0.4313725 0.4313725 0.4313725 1 1 1 1 1 0.7333334 0.7333334 0.7333334 1 0.4313725 0.4313725 0.4313725 1 0.4313725 0.4313725 0.4313725 1 0.4313725 0.4313725 0.4313725 1 0.4313725 0.4313725 0.4313725 1 0.7333334 0.7333334 0.7333334 1 0.4313725 0.4313725 0.4313725 1 0.4313725 0.4313725 0.4313725 1 0.7333334 0.7333334 0.7333334 1 0.7333334 0.7333334 0.7333334 1 0.4313725 0.4313725 0.4313725 1 0.4313725 0.4313725 0.4313725 1 0.4313725 0.4313725 0.4313725 1 0.4313725 0.4313725 0.4313725 1 0.7333334 0.7333334 0.7333334 1 0.4313725 0.4313725 0.4313725 1 0.4313725 0.4313725 0.4313725 1 0.7333334 0.7333334 0.7333334 1 1 1 1 1 0.4313725 0.4313725 0.4313725 1 0.4313725 0.4313725 0.4313725 1 0.4313725 0.4313725 0.4313725 1 0.4313725 0.4313725 0.4313725 1 1 1 1 1 0.4313725 0.4313725 0.4313725 1 0.4313725 0.4313725 0.4313725 1 1 1 1 1 0.7333334 0.7333334 0.7333334 1 0.4313725 0.4313725 0.4313725 1 0.4313725 0.4313725 0.4313725 1 0.4313725 0.4313725 0.4313725 1 0.4313725 0.4313725 0.4313725 1 0.7333334 0.7333334 0.7333334 1 0.4313725 0.4313725 0.4313725 1 0.4313725 0.4313725 0.4313725 1 0.7333334 0.7333334 0.7333334 1 1 1 1 1 0.4313725 0.4313725 0.4313725 1 0.4313725 0.4313725 0.4313725 1 0.4313725 0.4313725 0.4313725 1 0.4313725 0.4313725 0.4313725 1 1 1 1 1 0.4313725 0.4313725 0.4313725 1 0.4313725 0.4313725 0.4313725 1 1 1 1 1 0.7333334 0.7333334 0.7333334 1 0.4313725 0.4313725 0.4313725 1 0.4313725 0.4313725 0.4313725 1 0.4313725 0.4313725 0.4313725 1 0.4313725 0.4313725 0.4313725 1 0.7333334 0.7333334 0.7333334 1 0.4313725 0.4313725 0.4313725 1 0.4313725 0.4313725 0.4313725 1 0.7333334 0.7333334 0.7333334 1 0.7333334 0.7333334 0.7333334 1 0.4313725 0.4313725 0.4313725 1 0.4313725 0.4313725 0.4313725 1 0.4313725 0.4313725 0.4313725 1 0.4313725 0.4313725 0.4313725 1 0.7333334 0.7333334 0.7333334 1 0.4313725 0.4313725 0.4313725 1 0.4313725 0.4313725 0.4313725 1 0.7333334 0.7333334 0.7333334 1 0.7333334 0.7333334 0.7333334 1 0.4313725 0.4313725 0.4313725 1 0.4313725 0.4313725 0.4313725 1 0.4313725 0.4313725 0.4313725 1 0.4313725 0.4313725 0.4313725 1 0.7333334 0.7333334 0.7333334 1 0.4313725 0.4313725 0.4313725 1 0.4313725 0.4313725 0.4313725 1 0.7333334 0.7333334 0.7333334 1 1 1 1 1 0.4313725 0.4313725 0.4313725 1 0.4313725 0.4313725 0.4313725 1 0.4313725 0.4313725 0.4313725 1 0.4313725 0.4313725 0.4313725 1 1 1 1 1 0.4313725 0.4313725 0.4313725 1 0.4313725 0.4313725 0.4313725 1 1 1 1 1 1 1 1 1 0.4313725 0.4313725 0.4313725 1 0.4313725 0.4313725 0.4313725 1 0.4313725 0.4313725 0.4313725 1 0.4313725 0.4313725 0.4313725 1 1 1 1 1 0.4313725 0.4313725 0.4313725 1 0.4313725 0.4313725 0.4313725 1 1 1 1 1 0.7333334 0.7333334 0.7333334 1 0.4313725 0.4313725 0.4313725 1 0.4313725 0.4313725 0.4313725 1 0.4313725 0.4313725 0.4313725 1 0.4313725 0.4313725 0.4313725 1 0.7333334 0.7333334 0.7333334 1 0.4313725 0.4313725 0.4313725 1 1 1 1 1 0.4313725 0.4313725 0.4313725 1 0.4313725 0.4313725 0.4313725 1 1 1 1 1 0.4313725 0.4313725 0.4313725 1 0.7333334 0.7333334 0.7333334 1 0.4313725 0.4313725 0.4313725 1 0.4313725 0.4313725 0.4313725 1 0.4313725 0.4313725 0.4313725 1 0.4313725 0.4313725 0.4313725 1 0.7333334 0.7333334 0.7333334 1 0.4313725 0.4313725 0.4313725 1 1 1 1 1 0.4313725 0.4313725 0.4313725 1 0.4313725 0.4313725 0.4313725 1 1 1 1 1 0.4313725 0.4313725 0.4313725 1 0.4313725 0.4313725 0.4313725 1 1 1 1 1 0.4313725 0.4313725 0.4313725 1 0.4313725 0.4313725 0.4313725 1 1 1 1 1 0.4313725 0.4313725 0.4313725 1 0.4313725 0.4313725 0.4313725 1 1 1 1 1 0.4313725 0.4313725 0.4313725 1 0.4313725 0.4313725 0.4313725 1 1 1 1 1 0.4313725 0.4313725 0.4313725 1 0.4313725 0.4313725 0.4313725 1 1 1 1 1 0.4313725 0.4313725 0.4313725 1 0.4313725 0.4313725 0.4313725 1 1 1 1 1 0.4313725 0.4313725 0.4313725 1 0.4313725 0.4313725 0.4313725 1 0.7333334 0.7333334 0.7333334 1 0.4313725 0.4313725 0.4313725 1 0.4313725 0.4313725 0.4313725 1 0.7333334 0.7333334 0.7333334 1 0.4313725 0.4313725 0.4313725 1 0.4313725 0.4313725 0.4313725 1 0.7333334 0.7333334 0.7333334 1 0.4313725 0.4313725 0.4313725 1 0.4313725 0.4313725 0.4313725 1 0.7333334 0.7333334 0.7333334 1 0.4313725 0.4313725 0.4313725 1 0.4313725 0.4313725 0.4313725 1 1 1 1 1 0.4313725 0.4313725 0.4313725 1 0.4313725 0.4313725 0.4313725 1 1 1 1 1 0.4313725 0.4313725 0.4313725 1 1 1 1 1 0.4313725 0.4313725 0.4313725 1 0.4313725 0.4313725 0.4313725 1 1 1 1 1 0.4313725 0.4313725 0.4313725 1 0.4313725 0.4313725 0.4313725 1</float_array>
          <technique_common>
            <accessor source="#polygon1-mesh-colors-polygon1_Colors0-array" count="576" stride="4">
              <param name="R" type="float"/>
              <param name="G" type="float"/>
              <param name="B" type="float"/>
              <param name="A" type="float"/>
            </accessor>
          </technique_common>
        </source>
        <vertices id="polygon1-mesh-vertices">
          <input semantic="POSITION" source="#polygon1-mesh-positions"/>
        </vertices>
        <triangles material="mat_tire_rim-material" count="192">
          <input semantic="VERTEX" source="#polygon1-mesh-vertices" offset="0"/>
          <input semantic="NORMAL" source="#polygon1-mesh-normals" offset="1"/>
          <input semantic="TEXCOORD" source="#polygon1-mesh-map-0" offset="2" set="0"/>
          <input semantic="COLOR" source="#polygon1-mesh-colors-polygon1_Colors0" offset="3" set="0"/>
          <p>2 0 0 0 1 1 1 1 0 2 2 2 3 3 3 3 1 1 4 4 2 0 5 5 4 4 6 6 3 3 7 7 2 0 8 8 5 5 9 9 3 3 10 10 4 4 11 11 6 6 12 12 5 5 13 13 4 4 14 14 7 7 15 15 5 5 16 16 6 6 17 17 8 8 18 18 7 7 19 19 6 6 20 20 9 9 21 21 7 7 22 22 8 8 23 23 10 10 24 24 9 9 25 25 8 8 26 26 11 11 27 27 9 9 28 28 10 10 29 29 12 12 30 30 11 11 31 31 10 10 32 32 13 13 33 33 11 11 34 34 12 12 35 35 14 14 36 36 13 13 37 37 12 12 38 38 15 15 39 39 13 13 40 40 14 14 41 41 0 2 42 42 15 15 43 43 14 14 44 44 1 1 45 45 15 15 46 46 0 2 47 47 18 16 48 48 17 17 49 49 16 18 50 50 19 19 51 51 17 17 52 52 18 16 53 53 20 20 54 54 19 19 55 55 18 16 56 56 21 21 57 57 19 19 58 58 20 20 59 59 22 22 60 60 21 21 61 61 20 20 62 62 23 23 63 63 21 21 64 64 22 22 65 65 24 24 66 66 23 23 67 67 22 22 68 68 25 25 69 69 23 23 70 70 24 24 71 71 26 26 72 72 25 25 73 73 24 24 74 74 27 27 75 75 25 25 76 76 26 26 77 77 28 28 78 78 27 27 79 79 26 26 80 80 29 29 81 81 27 27 82 82 28 28 83 83 30 30 84 84 29 29 85 85 28 28 86 86 31 31 87 87 29 29 88 88 30 30 89 89 16 18 90 90 31 31 91 91 30 30 92 92 17 17 93 93 31 31 94 94 16 18 95 95 34 32 96 96 33 33 97 97 32 34 98 98 35 35 99 99 33 33 100 100 34 32 101 101 36 36 102 102 35 35 103 103 34 32 104 104 37 37 105 105 35 35 106 106 36 36 107 107 38 38 108 108 37 37 109 109 36 36 110 110 39 39 111 111 37 37 112 112 38 38 113 113 40 40 114 114 39 39 115 115 38 38 116 116 41 41 117 117 39 39 118 118 40 40 119 119 42 42 120 120 41 41 121 121 40 40 122 122 43 43 123 123 41 41 124 124 42 42 125 125 44 44 126 126 43 43 127 127 42 42 128 128 45 45 129 129 43 43 130 130 44 44 131 131 46 46 132 132 45 45 133 133 44 44 134 134 47 47 135 135 45 45 136 136 46 46 137 137 32 34 138 138 47 47 139 139 46 46 140 140 33 33 141 141 47 47 142 142 32 34 143 143 50 48 144 144 49 49 145 145 48 50 146 146 51 51 147 147 49 49 148 148 50 48 149 149 52 52 150 150 51 51 151 151 50 48 152 152 53 53 153 153 51 51 154 154 52 52 155 155 54 54 156 156 53 53 157 157 52 52 158 158 55 55 159 159 53 53 160 160 54 54 161 161 56 56 162 162 55 55 163 163 54 54 164 164 57 57 165 165 55 55 166 166 56 56 167 167 58 58 168 168 57 57 169 169 56 56 170 170 59 59 171 171 57 57 172 172 58 58 173 173 60 60 174 174 59 59 175 175 58 58 176 176 61 61 177 177 59 59 178 178 60 60 179 179 62 62 180 180 61 61 181 181 60 60 182 182 63 63 183 183 61 61 184 184 62 62 185 185 48 50 186 186 63 63 187 187 62 62 188 188 49 49 189 189 63 63 190 190 48 50 191 191 66 64 192 192 65 65 193 193 64 66 194 194 67 67 195 195 65 65 196 196 66 64 197 197 68 68 198 198 67 67 199 199 66 64 200 200 69 69 201 201 67 67 202 202 68 68 203 203 70 70 204 204 69 69 205 205 68 68 206 206 71 71 207 207 69 69 208 208 70 70 209 209 72 72 210 210 71 71 211 211 70 70 212 212 73 73 213 213 71 71 214 214 72 72 215 215 74 74 216 216 73 73 217 217 72 72 218 218 75 75 219 219 73 73 220 220 74 74 221 221 76 76 222 222 75 75 223 223 74 74 224 224 77 77 225 225 75 75 226 226 76 76 227 227 78 78 228 228 77 77 229 229 76 76 230 230 79 79 231 231 77 77 232 232 78 78 233 233 64 66 234 234 79 79 235 235 78 78 236 236 65 65 237 237 79 79 238 238 64 66 239 239 82 80 240 240 81 81 241 241 80 82 242 242 83 83 243 243 81 81 244 244 82 80 245 245 84 84 246 246 83 83 247 247 82 80 248 248 85 85 249 249 83 83 250 250 84 84 251 251 86 86 252 252 85 85 253 253 84 84 254 254 87 87 255 255 85 85 256 256 86 86 257 257 88 88 258 258 87 87 259 259 86 86 260 260 89 89 261 261 87 87 262 262 88 88 263 263 90 90 264 264 89 89 265 265 88 88 266 266 91 91 267 267 89 89 268 268 90 90 269 269 92 92 270 270 91 91 271 271 90 90 272 272 93 93 273 273 91 91 274 274 92 92 275 275 94 94 276 276 93 93 277 277 92 92 278 278 95 95 279 279 93 93 280 280 94 94 281 281 80 82 282 282 95 95 283 283 94 94 284 284 81 81 285 285 95 95 286 286 80 82 287 287 98 96 288 288 97 97 289 289 96 98 290 290 99 99 291 291 97 97 292 292 98 96 293 293 100 100 294 294 99 99 295 295 98 96 296 296 101 101 297 297 99 99 298 298 100 100 299 299 102 102 300 300 101 101 301 301 100 100 302 302 103 103 303 303 101 101 304 304 102 102 305 305 104 104 306 306 103 103 307 307 102 102 308 308 105 105 309 309 103 103 310 310 104 104 311 311 106 106 312 312 105 105 313 313 104 104 314 314 107 107 315 315 105 105 316 316 106 106 317 317 108 108 318 318 107 107 319 319 106 106 320 320 109 109 321 321 107 107 322 322 108 108 323 323 110 110 324 324 109 109 325 325 108 108 326 326 111 111 327 327 109 109 328 328 110 110 329 329 96 98 330 330 111 111 331 331 110 110 332 332 97 97 333 333 111 111 334 334 96 98 335 335 114 112 336 336 113 113 337 337 112 114 338 338 115 115 339 339 113 113 340 340 114 112 341 341 116 116 342 342 115 115 343 343 114 112 344 344 117 117 345 345 115 115 346 346 116 116 347 347 118 118 348 348 117 117 349 349 116 116 350 350 119 119 351 351 117 117 352 352 118 118 353 353 120 120 354 354 119 119 355 355 118 118 356 356 121 121 357 357 119 119 358 358 120 120 359 359 122 122 360 360 121 121 361 361 120 120 362 362 123 123 363 363 121 121 364 364 122 122 365 365 124 124 366 366 123 123 367 367 122 122 368 368 125 125 369 369 123 123 370 370 124 124 371 371 126 126 372 372 125 125 373 373 124 124 374 374 127 127 375 375 125 125 376 376 126 126 377 377 112 114 378 378 127 127 379 379 126 126 380 380 113 113 381 381 127 127 382 382 112 114 383 383 128 128 384 384 7 7 385 385 9 9 386 386 5 5 387 387 7 7 388 388 128 128 389 389 3 3 390 390 5 5 391 391 128 128 392 392 128 128 393 393 1 1 394 394 3 3 395 395 15 15 396 396 1 1 397 397 128 128 398 398 13 13 399 399 15 15 400 400 128 128 401 401 129 129 402 402 79 79 403 403 65 65 404 404 77 77 405 405 79 79 406 406 129 129 407 407 75 75 408 408 77 77 409 409 129 129 410 410 129 129 411 411 73 73 412 412 75 75 413 413 71 71 414 414 73 73 415 415 129 129 416 416 69 69 417 417 71 71 418 418 129 129 419 419 130 130 420 420 23 23 421 421 25 25 422 422 21 21 423 423 23 23 424 424 130 130 425 425 19 19 426 426 21 21 427 427 130 130 428 428 130 130 429 429 17 17 430 430 19 19 431 431 31 31 432 432 17 17 433 433 130 130 434 434 29 29 435 435 31 31 436 436 130 130 437 437 131 131 438 438 97 97 439 439 99 99 440 440 111 111 441 441 97 97 442 442 131 131 443 443 109 109 444 444 111 111 445 445 131 131 446 446 132 132 447 447 89 89 448 448 91 91 449 449 87 87 450 450 89 89 451 451 132 132 452 452 85 85 453 453 87 87 454 454 132 132 455 455 133 133 456 456 113 113 457 457 115 115 458 458 127 127 459 459 113 113 460 460 133 133 461 461 125 125 462 462 127 127 463 463 133 133 464 464 132 132 465 465 83 83 466 466 85 85 467 467 81 81 468 468 83 83 469 469 132 132 470 470 95 95 471 471 81 81 472 472 132 132 473 473 134 134 474 474 45 45 475 475 47 47 476 476 43 43 477 477 45 45 478 478 134 134 479 479 41 41 480 480 43 43 481 481 134 134 482 482 134 134 483 483 39 39 484 484 41 41 485 485 37 37 486 486 39 39 487 487 134 134 488 488 35 35 489 489 37 37 490 490 134 134 491 491 135 135 492 492 63 63 493 493 49 49 494 494 61 61 495 495 63 63 496 496 135 135 497 497 59 59 498 498 61 61 499 499 135 135 500 500 135 135 501 501 57 57 502 502 59 59 503 503 55 55 504 504 57 57 505 505 135 135 506 506 53 53 507 507 55 55 508 508 135 135 509 509 128 128 510 510 11 11 511 511 13 13 512 512 9 9 513 513 11 11 514 514 128 128 515 515 67 67 516 516 129 129 517 517 65 65 518 518 69 69 519 519 129 129 520 520 67 67 521 521 130 130 522 522 27 27 523 523 29 29 524 524 25 25 525 525 27 27 526 526 130 130 527 527 101 101 528 528 131 131 529 529 99 99 530 530 103 103 531 531 131 131 532 532 101 101 533 533 105 105 534 534 131 131 535 535 103 103 536 536 107 107 537 537 131 131 538 538 105 105 539 539 117 117 540 540 133 133 541 541 115 115 542 542 119 119 543 543 133 133 544 544 117 117 545 545 121 121 546 546 133 133 547 547 119 119 548 548 123 123 549 549 133 133 550 550 121 121 551 551 33 33 552 552 134 134 553 553 47 47 554 554 35 35 555 555 134 134 556 556 33 33 557 557 93 93 558 558 132 132 559 559 91 91 560 560 95 95 561 561 132 132 562 562 93 93 563 563 51 51 564 564 135 135 565 565 49 49 566 566 53 53 567 567 135 135 568 568 51 51 569 569 131 131 570 570 107 107 571 571 109 109 572 572 133 133 573 573 123 123 574 574 125 125 575 575</p>
        </triangles>
      </mesh>
    </geometry>
    <geometry id="polygon0-mesh" name="polygon0">
      <mesh>
        <source id="polygon0-mesh-positions">
          <float_array id="polygon0-mesh-positions-array" count="624">-35.35394 39.77824 -26.73974 -35.35394 42.52856 -37.00399 -33.25305 34.29747 -37.004 -35.35394 39.77824 -47.26825 -33.25305 30.3744 -45.41673 -35.35394 32.26427 -54.78228 -33.25305 21.99999 -49.30146 -35.35394 22.00001 -57.53257 -35.35394 11.73573 -54.78225 35.35394 4.221758 -26.73975 35.35394 1.471445 -37.00401 33.25305 9.702523 -37.004 35.35394 4.221758 -47.26826 33.28525 13.61767 -45.42469 35.35394 11.73573 -54.78226 33.25305 21.99999 -49.30147 35.35394 22.00001 -57.53258 35.35394 32.26427 -54.7823 -2.488626 11 103.896 -3.389198 5.905191 101.1756 -2.488626 6.843243 105.8243 -3.389193 2.175522 104.9052 -2.488626 4.895978 110 -3.389198 0.810364 110 -3.389193 2.175522 115.0948 9.987574 11 103.896 9.086997 5.905191 101.1756 9.987574 6.843243 105.8243 9.086997 2.175526 104.9052 9.987574 4.895978 110 9.087002 0.810367 110 9.087002 2.175523 115.0948 -2.488626 11 116.1041 -3.389198 16.09482 118.8245 -2.488626 15.15676 114.1758 -3.389198 19.82448 115.0948 -2.488626 17.10402 110 -3.389198 21.18965 110 -3.389198 19.82448 104.9052 -9.987574 11 103.896 -9.086997 16.09482 101.1756 -9.987574 15.15676 105.8243 -9.086997 19.82448 104.9052 -9.987574 17.10402 110 -9.086997 21.18965 110 -9.087002 19.82448 115.0948 -9.987574 15.15676 114.1758 -9.087002 16.09482 118.8245 -9.987574 11 116.1041 -9.087002 11 120.1897 -9.086997 5.905189 118.8245 -9.987574 6.843245 114.1758 -9.087002 2.175523 115.0948 -9.987574 4.895978 110 -9.087002 0.810367 110 -9.086997 2.175526 104.9052 -50.74695 22 -24.70651 -48.64605 11.73573 -19.22572 -50.74695 13.62559 -28.59126 -48.64605 4.221759 -26.73974 -50.74695 9.702523 -37.00399 -48.64605 1.47145 -37.00399 -48.64605 4.221766 -47.26825 33.25305 30.3744 -45.41675 35.35394 39.77824 -47.26826 33.25305 34.29747 -37.00401 35.35394 42.52856 -37.004 35.35394 39.77824 -26.73975 -33.28525 13.61767 -45.42467 -35.35394 4.221758 -47.26825 -33.25305 9.702523 -37.00399 -35.35394 1.471445 -37.004 -35.35394 4.221758 -26.73974 -33.25305 13.62559 -28.59126 -35.35394 11.73572 -19.22572 -33.25305 22 -24.70651 -35.35394 22 -16.4754 -35.35394 32.26427 -19.22572 -50.74695 21.99999 -49.30146 -48.64605 32.26427 -54.78225 -50.74695 30.3744 -45.41673 -48.64605 39.77824 -47.26825 -50.74695 34.29747 -37.004 -48.64605 42.52856 -37.00399 -48.64605 39.77824 -26.73974 -50.74695 30.3744 -28.59126 -48.64605 32.26427 -19.22572 -48.64605 22.00001 -16.47542 2.488626 11 103.896 3.389198 16.09482 101.1755 3.388142 15.15676 105.8243 3.389198 19.82448 104.9052 2.488626 17.10402 110 3.389198 21.18965 110 3.389198 19.82448 115.0948 50.74695 34.29747 -37.00401 48.64605 39.77824 -47.26826 50.74695 30.3744 -45.41675 48.64605 32.26427 -54.78226 50.74695 21.99999 -49.30147 48.64605 22 -57.53258 48.64605 11.73573 -54.78226 2.488626 15.15676 114.1758 3.389198 16.09482 118.8245 2.488626 11 116.1041 3.389198 11 120.1897 3.389198 5.905188 118.8245 2.488626 6.843245 114.1758 3.389193 2.175522 115.0948 2.488626 4.895978 110 3.389198 0.810364 110 3.389193 2.175522 104.9052 2.488626 6.843243 105.8243 3.389198 5.905191 101.1756 3.389198 11 99.81039 9.987574 6.843245 114.1758 9.086997 5.905189 118.8245 9.987574 11 116.1041 9.087002 11 120.1897 9.087002 16.09482 118.8245 9.987574 15.15676 114.1758 9.087002 19.82448 115.0948 9.987574 17.10402 110 9.086997 21.18965 110 9.086997 19.82448 104.9052 9.987574 15.15676 105.8243 9.086997 16.09482 101.1756 9.086997 11 99.81039 50.79569 13.61767 -45.42469 48.64605 4.221766 -47.26826 50.74695 9.702523 -37.004 48.64605 1.47145 -37.004 48.64605 4.221761 -26.73975 -2.488626 6.843245 114.1758 -3.389198 5.905188 118.8245 -3.389198 11 120.1897 50.74695 13.62559 -28.59128 48.64605 11.73573 -19.22573 50.74695 22 -24.70653 48.64605 22.00001 -16.47544 48.64605 32.26427 -19.22573 50.74695 30.3744 -28.59128 48.64605 39.77824 -26.73975 48.64605 42.52856 -37.004 -6.238095 22.01594 110 -6.238105 20.54009 115.508 -6.238095 20.54009 104.4921 42.00001 41.21992 -25.90735 42 33.09663 -17.78406 35.35394 32.26427 -19.22573 -3.389198 11 99.81039 -3.389198 16.09482 101.1755 -6.238095 11 98.98409 -6.238095 16.50797 100.46 -9.086997 11 99.81039 -6.238095 5.492036 100.46 -9.086997 5.905191 101.1756 6.238095 20.54009 104.4921 6.238095 16.50797 100.46 -6.2381 1.459916 115.508 -6.238095 -0.01593297 110 41.99999 10.90337 -56.22395 41.99999 2.780078 -48.10063 -6.2381 11 121.016 -6.2381 5.492031 119.5401 -6.2381 16.50797 119.5401 6.2381 16.50797 119.5401 6.238105 20.54009 115.508 6.238095 5.492036 100.46 6.238095 1.459923 104.4921 35.35394 11.73572 -19.22574 42 2.780063 -25.90735 42 10.90336 -17.78407 41.99999 33.09663 -56.22393 41.99999 41.21992 -48.10063 6.2381 1.459916 115.508 6.2381 5.492031 119.5401 -41.99999 44.19325 -37.004 -42.00001 41.21992 -25.90734 -41.99999 41.21992 -48.10062 -41.99999 22 -59.19728 -41.99999 33.09663 -56.22391 -48.64605 22 -57.53257 -41.99999 10.90337 -56.22394 -48.64605 11.73573 -54.78225 -42 2.780063 -25.90734 -41.99999 -0.193255 -37.00399 -42 22 -14.81074 -42 10.90336 -17.78406 -6.238095 1.459923 104.4921 33.25305 30.3744 -28.59128 33.25305 22 -24.70653 35.35394 22 -16.47541 -42 33.09663 -17.78404 -41.99999 2.780078 -48.10062 -33.25305 30.3744 -28.59126 -50.79569 13.61767 -45.42467 -9.987574 6.843243 105.8243 -2.488626 15.15676 105.8243 41.99999 -0.193255 -37.004 6.238095 22.01594 110 6.238095 11 98.98409 6.238095 -0.01593297 110 6.2381 11 121.016 33.25305 13.62559 -28.59128 42 22 -14.81075 41.99999 44.19325 -37.00401 41.99999 22 -59.19729</float_array>
          <technique_common>
            <accessor source="#polygon0-mesh-positions-array" count="208" stride="3">
              <param name="X" type="float"/>
              <param name="Y" type="float"/>
              <param name="Z" type="float"/>
            </accessor>
          </technique_common>
        </source>
        <source id="polygon0-mesh-normals">
          <float_array id="polygon0-mesh-normals-array" count="624">0.9742787 0.2253468 0 0.6655849 0.7463222 6.16217e-7 0.6686697 0.6441204 0.3714699 0.66867 0.6441202 -0.3714697 0.9750506 0.156743 -0.1571878 0.6686212 0.3714917 -0.6441582 0.9744003 -4.0615e-4 -0.2248197 0.6655864 -4.78615e-7 -0.7463209 0.6692429 -0.3715513 -0.6434777 -0.9744555 -0.2245808 -4.0318e-4 -0.6655859 -0.7463213 -8.0168e-7 -0.6686711 -0.6441194 0.371469 -0.6692869 -0.6434435 -0.3715315 -0.975451 -0.1555048 -0.1559281 -0.669243 -0.3715513 -0.6434777 -0.9744002 -4.06162e-4 -0.2248199 -0.6655865 -8.19627e-7 -0.7463207 -0.6686212 0.3714915 -0.6441582 0.981198 -0.1362801 -0.136668 0.6924449 -0.360463 -0.6249693 0.9805627 -1.3638e-6 -0.1962064 0.6924817 -0.6249359 -0.3604501 0.9806053 -0.1959932 -2.28171e-7 0.6898583 -0.7239445 -7.50634e-7 0.6924877 -0.6249344 0.360441 0.9811977 -0.1362817 -0.1366689 0.6924445 -0.3604647 -0.6249687 0.9805622 0 -0.1962084 0.6924818 -0.624935 -0.3604513 0.9806051 -0.1959937 -7.27529e-7 0.6898584 -0.7239443 -6.01699e-7 0.6924873 -0.6249344 0.3604418 0.9811977 0.1362828 0.136668 0.6924463 0.3604667 0.6249656 0.9805623 0 0.196208 0.6924874 0.6249343 0.3604419 0.9806053 0.1959933 -3.42257e-7 0.6898575 0.7239452 6.13615e-7 0.6924823 0.6249369 -0.3604472 -0.9811978 0.1362816 -0.1366686 -0.6924462 0.3604629 -0.6249679 -0.9805623 0 -0.1962085 -0.6924825 0.6249352 -0.3604499 -0.9806052 0.1959939 -6.77032e-7 -0.6898574 0.7239453 -1.71574e-6 -0.6924897 0.6249328 0.3604402 -0.9811977 0.1362829 0.1366681 -0.692446 0.3604651 0.6249669 -0.9805623 -4.02494e-7 0.1962079 -0.6898595 -1.48935e-7 0.7239434 -0.6924465 -0.3604663 0.6249656 -0.9811976 -0.1362828 0.1366687 -0.6924874 -0.6249344 0.3604418 -0.9806052 -0.1959939 -6.86383e-7 -0.6898584 -0.7239444 -5.61486e-7 -0.6924822 -0.6249347 -0.3604511 -0.9750503 -0.156744 0.1571884 -0.668622 -0.3714911 0.6441577 -0.974222 0 0.2255913 -0.6686702 -0.64412 0.3714697 -0.9739689 -0.2266803 7.65546e-4 -0.6655856 -0.7463216 1.82472e-7 -0.6675957 -0.6452991 -0.3713558 -0.9750506 0.1567429 -0.1571877 -0.6686698 0.6441205 -0.3714695 -0.9742787 0.2253468 0 -0.6655849 0.7463222 5.3246e-7 -0.6686698 0.6441202 0.37147 0.9754511 -0.1555046 -0.155928 0.6692867 -0.6434436 -0.3715316 0.9744554 -0.2245809 -4.03238e-4 0.6655857 -0.7463214 -9.27316e-7 0.6686711 -0.6441195 0.3714689 0.9750506 -0.1567438 0.1571878 0.668622 -0.3714908 0.6441578 0.9742224 0 0.2255902 0.6655836 -8.8544e-7 0.7463233 0.6686229 0.3714919 0.6441562 -0.9750503 0.1567436 -0.1571886 -0.668622 0.3714916 -0.6441574 -0.9739104 7.69932e-4 -0.2269314 -0.6686688 0.6441205 -0.3714712 -0.9742785 0.2253475 0 -0.6655846 0.7463223 -4.72633e-7 -0.6686703 0.64412 0.3714694 -0.9750504 0.1567442 0.1571883 -0.6686226 0.3714904 0.6441575 -0.6655845 4.9058e-7 0.7463226 -0.9970163 0.05506169 -0.0541017 -0.7287283 0.3644205 -0.5797868 -0.9885575 0.02583825 -0.1486153 -0.7286398 0.5798715 -0.3644629 -0.988553 0.1486707 -0.02569216 -0.6898573 0.7239454 6.49359e-7 -0.6924872 0.6249344 0.3604421 0.9750504 0.1567437 -0.1571888 0.6686689 0.6441206 -0.3714709 0.9742785 0.2253475 0 0.6686223 0.3714914 -0.6441571 0.9739104 7.70488e-4 -0.2269317 0.6655862 4.72632e-7 -0.7463211 0.6675449 -0.3713783 -0.6453387 -0.9811977 0.1362829 0.1366681 -0.6924464 0.3604667 0.6249654 -0.9805623 0 0.1962081 -0.6898593 -3.15743e-7 0.7239435 -0.6924467 -0.3604645 0.6249663 -0.9811978 -0.1362822 0.1366681 -0.692488 -0.6249343 0.360441 -0.9806053 -0.1959932 -1.21566e-7 -0.6898583 -0.7239445 -7.50634e-7 -0.6924818 -0.6249359 -0.3604501 -0.981198 -0.13628 -0.1366681 -0.6924449 -0.3604629 -0.6249692 -0.6898595 -6.64847e-6 -0.7239434 0.9811976 -0.1362829 0.1366689 0.6924466 -0.3604663 0.6249654 0.9805623 -4.51168e-7 0.1962079 0.6898595 0 0.7239434 0.692446 0.3604651 0.6249668 0.9811978 0.1362828 0.136668 0.6924903 0.6249322 0.3604398 0.9806051 0.1959939 -6.77032e-7 0.6898574 0.7239453 -1.72765e-6 0.6924824 0.6249353 -0.3604499 0.9811978 0.1362814 -0.1366686 0.6924459 0.360463 -0.6249681 0.6898563 -2.79999e-7 -0.7239464 0.9743402 -0.1589142 -0.1593968 0.6675954 -0.6452993 -0.3713559 0.9739689 -0.2266803 7.65645e-4 0.6655855 -0.7463216 2.4529e-7 0.6686702 -0.64412 0.3714696 0.9811978 -0.136282 0.136668 0.6924467 -0.3604646 0.6249663 0.6898592 -3.09786e-7 0.7239437 0.9750504 -0.1567441 0.1571882 0.668622 -0.3714911 0.6441577 0.9742221 0 0.2255911 0.6655849 2.99134e-7 0.7463222 0.6686223 0.3714904 0.6441577 0.9750503 0.1567441 0.1571881 0.6686703 0.6441199 0.3714694 0.6655846 0.7463225 -5.5639e-7 1.36301e-6 1 -1.43784e-6 7.40304e-7 0.8660243 0.500002 -2.59238e-6 0.866026 -0.4999989 -4.1578e-7 0.8660252 0.5000004 2.15784e-7 0.5000002 0.8660253 -0.6686223 0.371492 0.6441568 0 -2.89707e-6 -1 0.6924366 0.3604661 -0.6249766 0.6898595 -6.66187e-6 -0.7239434 -1.27052e-5 0.5000031 -0.8660236 -0.6898563 -2.69574e-7 -0.7239464 -4.70369e-7 -0.5000028 -0.8660238 -0.6924445 -0.3604646 -0.6249688 2.571e-6 0.8660261 -0.4999989 1.24647e-5 0.5000031 -0.8660236 -2.26634e-6 -0.8660244 0.5000017 -8.76601e-7 -1 -1.79596e-6 -2.99993e-7 -0.5000012 -0.8660247 0 -0.8660257 -0.4999997 6.41418e-7 0 1 -5.63911e-7 -0.5000039 0.8660233 1.95631e-6 0.5000032 0.8660236 -2.48014e-6 0.5000033 0.8660236 -5.45206e-7 0.8660243 0.500002 4.22263e-7 -0.5000029 -0.8660238 1.89217e-6 -0.8660249 -0.500001 1.08682e-6 -0.8660255 0.5 -0.6686224 -0.3714905 0.6441574 6.4209e-7 -0.4999998 0.8660256 2.71046e-6 0.5000016 -0.8660246 6.23669e-7 0.8660257 -0.4999997 1.85477e-6 -0.8660244 0.5000017 7.26937e-7 -0.5000039 0.8660233 3.57886e-7 1 -5.60512e-7 1.84206e-7 0.8660253 0.5000003 -5.2104e-7 0.8660254 -0.5000001 -4.342e-7 3.89465e-7 -1 -2.46046e-6 0.5000019 -0.8660244 -0.6655857 1.73498e-7 -0.7463215 0 -0.5000011 -0.8660249 -0.6675449 -0.3713783 -0.6453386 -1.23682e-6 -0.8660255 0.5 -3.31571e-7 -1 -4.52621e-7 -1.73943e-6 -8.47346e-7 1 -1.01313e-6 -0.5 0.8660255 -2.21822e-6 -0.866025 -0.5000009 -0.9750506 0.1567432 0.1571877 -0.9742224 0 0.22559 -0.6655836 -1.11877e-6 0.7463234 -2.57889e-7 0.5000001 0.8660254 -2.10521e-7 -0.8660257 -0.4999995 0.9750506 0.1567435 0.1571878 -0.9743403 -0.1589144 -0.1593967 -0.9811977 -0.1362817 -0.136669 0.9811983 0.1362807 -0.1366657 1.99995e-7 -1 -4.6841e-7 -1.20265e-6 1 -1.42715e-6 1.60354e-7 -2.90241e-6 -1 7.96424e-7 -1 -1.79596e-6 -4.48993e-7 0 1 -0.9750505 -0.1567436 0.1571878 1.82627e-6 -8.05242e-7 1 -3.94727e-7 1 -5.31566e-7 1.13155e-6 0 -1</float_array>
          <technique_common>
            <accessor source="#polygon0-mesh-normals-array" count="208" stride="3">
              <param name="X" type="float"/>
              <param name="Y" type="float"/>
              <param name="Z" type="float"/>
            </accessor>
          </technique_common>
        </source>
        <source id="polygon0-mesh-map-0">
          <float_array id="polygon0-mesh-map-0-array" count="2112">0.034729 0.8008118 0.03479003 0.9673767 0.4841919 0.9087524 0.4841919 0.9087524 0.03479003 0.9673767 0.034729 0.8008118 0.4173584 0.7142944 0.4841919 0.9087524 0.034729 0.8008118 0.8045349 0.7485962 0.4841919 0.9087524 0.4173584 0.7142944 0.5886536 0.5296936 0.8045349 0.7485962 0.4173584 0.7142944 0.9217834 0.5297852 0.8045349 0.7485962 0.5886536 0.5296936 0.8045349 0.7485962 0.9217834 0.5297852 0.5886536 0.5296936 0.034729 0.8008118 0.03479003 0.9673767 0.4841919 0.9087524 0.4841919 0.9087524 0.03479003 0.9673767 0.034729 0.8008118 0.4173584 0.7142944 0.4841919 0.9087524 0.034729 0.8008118 0.8045349 0.7485962 0.4841919 0.9087524 0.4173584 0.7142944 0.5886536 0.5296936 0.8045349 0.7485962 0.4173584 0.7142944 0.9217834 0.5297852 0.8045349 0.7485962 0.5886536 0.5296936 0.8045349 0.7485962 0.9217834 0.5297852 0.5886536 0.5296936 0.4173584 0.7142944 0.8045349 0.7485962 0.5886536 0.5296936 0.4841919 0.9087524 0.8045349 0.7485962 0.4173584 0.7142944 0.034729 0.8008118 0.4841919 0.9087524 0.4173584 0.7142944 0.03479003 0.9673767 0.4841919 0.9087524 0.034729 0.8008118 0.4841919 0.9087524 0.03479003 0.9673767 0.034729 0.8008118 0.4173584 0.7142944 0.8045349 0.7485962 0.5886536 0.5296936 0.4841919 0.9087524 0.8045349 0.7485962 0.4173584 0.7142944 0.034729 0.8008118 0.4841919 0.9087524 0.4173584 0.7142944 0.03479003 0.9673767 0.4841919 0.9087524 0.034729 0.8008118 0.4841919 0.9087524 0.03479003 0.9673767 0.034729 0.8008118 0.4173584 0.7142944 0.8045349 0.7485962 0.5886536 0.5296936 0.4841919 0.9087524 0.8045349 0.7485962 0.4173584 0.7142944 0.034729 0.8008118 0.4841919 0.9087524 0.4173584 0.7142944 0.03479003 0.9673767 0.4841919 0.9087524 0.034729 0.8008118 0.4841919 0.9087524 0.03479003 0.9673767 0.034729 0.8008118 0.4173584 0.7142944 0.8045349 0.7485962 0.5886536 0.5296936 0.4841919 0.9087524 0.8045349 0.7485962 0.4173584 0.7142944 0.034729 0.8008118 0.4841919 0.9087524 0.4173584 0.7142944 0.03479003 0.9673767 0.4841919 0.9087524 0.034729 0.8008118 0.4841919 0.9087524 0.03479003 0.9673767 0.034729 0.8008118 0.4173584 0.7142944 0.4841919 0.9087524 0.034729 0.8008118 0.8045349 0.7485962 0.4841919 0.9087524 0.4173584 0.7142944 0.5886536 0.5296936 0.8045349 0.7485962 0.4173584 0.7142944 0.9217834 0.5297852 0.8045349 0.7485962 0.5886536 0.5296936 0.8045349 0.7485962 0.9217834 0.5297852 0.5886536 0.5296936 0.4173584 0.7142944 0.8045349 0.7485962 0.5886536 0.5296936 0.4841919 0.9087524 0.8045349 0.7485962 0.4173584 0.7142944 0.034729 0.8008118 0.4841919 0.9087524 0.4173584 0.7142944 0.03479003 0.9673767 0.4841919 0.9087524 0.034729 0.8008118 0.4841919 0.9087524 0.03479003 0.9673767 0.034729 0.8008118 0.4173584 0.7142944 0.8045349 0.7485962 0.5886536 0.5296936 0.4841919 0.9087524 0.8045349 0.7485962 0.4173584 0.7142944 0.034729 0.8008118 0.4841919 0.9087524 0.4173584 0.7142944 0.03479003 0.9673767 0.4841919 0.9087524 0.034729 0.8008118 0.4841919 0.9087524 0.03479003 0.9673767 0.034729 0.8008118 0.4173584 0.7142944 0.8045349 0.7485962 0.5886536 0.5296936 0.4841919 0.9087524 0.8045349 0.7485962 0.4173584 0.7142944 0.034729 0.8008118 0.4841919 0.9087524 0.4173584 0.7142944 0.03479003 0.9673767 0.4841919 0.9087524 0.034729 0.8008118 0.4841919 0.9087524 0.03479003 0.9673767 0.034729 0.8008118 0.4173584 0.7142944 0.8045349 0.7485962 0.5886536 0.5296936 0.4841919 0.9087524 0.8045349 0.7485962 0.4173584 0.7142944 0.034729 0.8008118 0.4841919 0.9087524 0.4173584 0.7142944 0.03479003 0.9673767 0.4841919 0.9087524 0.034729 0.8008118 0.4841919 0.9087524 0.03479003 0.9673767 0.034729 0.8008118 0.4173584 0.7142944 0.4841919 0.9087524 0.034729 0.8008118 0.8045349 0.7485962 0.4841919 0.9087524 0.4173584 0.7142944 0.5886536 0.5296936 0.8045349 0.7485962 0.4173584 0.7142944 0.9217834 0.5297852 0.8045349 0.7485962 0.5886536 0.5296936 0.8045349 0.7485962 0.9217834 0.5297852 0.5886536 0.5296936 0.4173584 0.7142944 0.8045349 0.7485962 0.5886536 0.5296936 0.4841919 0.9087524 0.8045349 0.7485962 0.4173584 0.7142944 0.034729 0.8008118 0.4841919 0.9087524 0.4173584 0.7142944 0.03479003 0.9673767 0.4841919 0.9087524 0.034729 0.8008118 0.4841919 0.9087524 0.03479003 0.9673767 0.034729 0.8008118 0.4173584 0.7142944 0.4841919 0.9087524 0.034729 0.8008118 0.8045349 0.7485962 0.4841919 0.9087524 0.4173584 0.7142944 0.5886536 0.5296936 0.8045349 0.7485962 0.4173584 0.7142944 0.9217834 0.5297852 0.8045349 0.7485962 0.5886536 0.5296936 0.8045349 0.7485962 0.9217834 0.5297852 0.5886536 0.5296936 0.4173584 0.7142944 0.8045349 0.7485962 0.5886536 0.5296936 0.4841919 0.9087524 0.8045349 0.7485962 0.4173584 0.7142944 0.034729 0.8008118 0.4841919 0.9087524 0.4173584 0.7142944 0.03479003 0.9673767 0.4841919 0.9087524 0.034729 0.8008118 0.4841919 0.9087524 0.03479003 0.9673767 0.034729 0.8008118 0.4173584 0.7142944 0.4841919 0.9087524 0.034729 0.8008118 0.8045349 0.7485962 0.4841919 0.9087524 0.4173584 0.7142944 0.5886536 0.5296936 0.8045349 0.7485962 0.4173584 0.7142944 0.9217834 0.5297852 0.8045349 0.7485962 0.5886536 0.5296936 0.8045349 0.7485962 0.9217834 0.5297852 0.5886536 0.5296936 0.4173584 0.7142944 0.4841919 0.9087524 0.034729 0.8008118 0.8045349 0.7485962 0.4841919 0.9087524 0.4173584 0.7142944 0.5886536 0.5296936 0.8045349 0.7485962 0.4173584 0.7142944 0.9217834 0.5297852 0.8045349 0.7485962 0.5886536 0.5296936 0.8045349 0.7485962 0.9217834 0.5297852 0.5886536 0.5296936 0.4173584 0.7142944 0.8045349 0.7485962 0.5886536 0.5296936 0.4841919 0.9087524 0.8045349 0.7485962 0.4173584 0.7142944 0.034729 0.8008118 0.4841919 0.9087524 0.4173584 0.7142944 0.03479003 0.9673767 0.4841919 0.9087524 0.034729 0.8008118 0.4841919 0.9087524 0.03479003 0.9673767 0.034729 0.8008118 0.4173584 0.7142944 0.4841919 0.9087524 0.034729 0.8008118 0.8045349 0.7485962 0.4841919 0.9087524 0.4173584 0.7142944 0.5886536 0.5296936 0.8045349 0.7485962 0.4173584 0.7142944 0.9217834 0.5297852 0.8045349 0.7485962 0.5886536 0.5296936 0.8045349 0.7485962 0.9217834 0.5297852 0.5886536 0.5296936 0.4173584 0.7142944 0.4841919 0.9087524 0.034729 0.8008118 0.8045349 0.7485962 0.4841919 0.9087524 0.4173584 0.7142944 0.5886536 0.5296936 0.8045349 0.7485962 0.4173584 0.7142944 0.9217834 0.5297852 0.8045349 0.7485962 0.5886536 0.5296936 0.8045349 0.7485962 0.9217834 0.5297852 0.5886536 0.5296936 0.4173584 0.7142944 0.8045349 0.7485962 0.5886536 0.5296936 0.4841919 0.9087524 0.8045349 0.7485962 0.4173584 0.7142944 0.034729 0.8008118 0.4841919 0.9087524 0.4173584 0.7142944 0.03479003 0.9673767 0.4841919 0.9087524 0.034729 0.8008118 0.4841919 0.9087524 0.03479003 0.9673767 0.034729 0.8008118 0.4173584 0.7142944 0.4841919 0.9087524 0.034729 0.8008118 0.8045349 0.7485962 0.4841919 0.9087524 0.4173584 0.7142944 0.5886536 0.5296936 0.8045349 0.7485962 0.4173584 0.7142944 0.9217834 0.5297852 0.8045349 0.7485962 0.5886536 0.5296936 0.8045349 0.7485962 0.9217834 0.5297852 0.5886536 0.5296936 0.4173584 0.7142944 0.8045349 0.7485962 0.5886536 0.5296936 0.4841919 0.9087524 0.8045349 0.7485962 0.4173584 0.7142944 0.034729 0.8008118 0.4841919 0.9087524 0.4173584 0.7142944 0.03479003 0.9673767 0.4841919 0.9087524 0.034729 0.8008118 0.4841919 0.9087524 0.03479003 0.9673767 0.034729 0.8008118 0.4173584 0.7142944 0.4841919 0.9087524 0.034729 0.8008118 0.8045349 0.7485962 0.4841919 0.9087524 0.4173584 0.7142944 0.5886536 0.5296936 0.8045349 0.7485962 0.4173584 0.7142944 0.9217834 0.5297852 0.8045349 0.7485962 0.5886536 0.5296936 0.8045349 0.7485962 0.9217834 0.5297852 0.5886536 0.5296936 0.4173584 0.7142944 0.4841919 0.9087524 0.034729 0.8008118 0.8045349 0.7485962 0.4841919 0.9087524 0.4173584 0.7142944 0.5886536 0.5296936 0.8045349 0.7485962 0.4173584 0.7142944 0.9217834 0.5297852 0.8045349 0.7485962 0.5886536 0.5296936 0.8045349 0.7485962 0.9217834 0.5297852 0.5886536 0.5296936 0.4173584 0.7142944 0.8045349 0.7485962 0.5886536 0.5296936 0.4841919 0.9087524 0.8045349 0.7485962 0.4173584 0.7142944 0.034729 0.8008118 0.4841919 0.9087524 0.4173584 0.7142944 0.03479003 0.9673767 0.4841919 0.9087524 0.034729 0.8008118 0.4841919 0.9087524 0.03479003 0.9673767 0.034729 0.8008118 0.5 0 0 0.4721375 0 0.02786254 0.5317688 0.4979858 0 0.4721375 0.5 0 1 0.02786254 0.5317688 0.4979858 0.5 0 1 0.4721375 0.5317688 0.4979858 1 0.02786254 0.5 0 0 0.4721375 0 0.02786254 0.5317688 0.4979858 0 0.4721375 0.5 0 1 0.02786254 0.5317688 0.4979858 0.5 0 1 0.4721375 0.5317688 0.4979858 1 0.02786254 0.5 0 1 0.4721375 1 0.02786254 0.5 0.5 1 0.4721375 0.5 0 0 0.02786254 0.5 0.5 0.5 0 0 0.4721375 0.5 0.5 0 0.02786254 0.5 0 0 0.4721375 0 0.02786254 0.5317688 0.4979858 0 0.4721375 0.5 0 1 0.02786254 0.5317688 0.4979858 0.5 0 1 0.4721375 0.5317688 0.4979858 1 0.02786254 0.5 0 0 0.4721375 0 0.02786254 0.5317688 0.4979858 0 0.4721375 0.5 0 1 0.02786254 0.5317688 0.4979858 0.5 0 1 0.4721375 0.5317688 0.4979858 1 0.02786254 0.5317688 0.4979858 0 0.02786254 0 0.4721375 0.5 0 0 0.02786254 0.5317688 0.4979858 1 0.4721375 0.5 0 0.5317688 0.4979858 1 0.02786254 0.5 0 1 0.4721375 0.5 0 0 0.4721375 0 0.02786254 0.5317688 0.4979858 0 0.4721375 0.5 0 1 0.02786254 0.5317688 0.4979858 0.5 0 1 0.4721375 0.5317688 0.4979858 1 0.02786254 0.5 0.5 0 0.02786254 0 0.4721375 0.5 0 0 0.02786254 0.5 0.5 1 0.4721375 0.5 0 0.5 0.5 1 0.02786254 0.5 0 1 0.4721375 0.5 0 0 0.4721375 0 0.02786254 0.5317688 0.4979858 0 0.4721375 0.5 0 1 0.02786254 0.5317688 0.4979858 0.5 0 1 0.4721375 0.5317688 0.4979858 1 0.02786254 0.5 0 0 0.4721375 0 0.02786254 0.5317688 0.4979858 0 0.4721375 0.5 0 1 0.02786254 0.5317688 0.4979858 0.5 0 1 0.4721375 0.5317688 0.4979858 1 0.02786254 0.5317688 0.4979858 0 0.02786254 0 0.4721375 0.5 0 0 0.02786254 0.5317688 0.4979858 1 0.4721375 0.5 0 0.5317688 0.4979858 1 0.02786254 0.5 0 1 0.4721375 0.5317688 0.4979858 0 0.02786254 0 0.4721375 0.5 0 0 0.02786254 0.5317688 0.4979858 1 0.4721375 0.5 0 0.5317688 0.4979858 1 0.02786254 0.5 0 1 0.4721375 0.5 0.5 0 0.02786254 0 0.4721375 0.5 0 0 0.02786254 0.5 0.5 1 0.4721375 0.5 0 0.5 0.5 1 0.02786254 0.5 0 1 0.4721375 0.5 0 1 0.4721375 1 0.02786254 0.5 0.5 1 0.4721375 0.5 0 0 0.02786254 0.5 0.5 0.5 0 0 0.4721375 0.5 0.5 0 0.02786254 0.5317688 0.4979858 0 0.02786254 0 0.4721375 0.5 0 0 0.02786254 0.5317688 0.4979858 1 0.4721375 0.5 0 0.5317688 0.4979858 1 0.02786254 0.5 0 1 0.4721375 0.5 0 0 0.4721375 0 0.02786254 0.5 0.5 0 0.4721375 0.5 0 1 0.02786254 0.5 0.5 0.5 0 1 0.4721375 0.5 0.5 1 0.02786254 0.5 0 0 0.4721375 0 0.02786254 0.5 0.5 0 0.4721375 0.5 0 1 0.02786254 0.5 0.5 0.5 0 1 0.4721375 0.5 0.5 1 0.02786254 0.5 0 0 0.4721375 0 0.02786254 0.5 0.5 0 0.4721375 0.5 0 1 0.02786254 0.5 0.5 0.5 0 1 0.4721375 0.5 0.5 1 0.02786254 0.5 0 0 0.4721375 0 0.02786254 0.5 0.5 0 0.4721375 0.5 0 1 0.02786254 0.5 0.5 0.5 0 1 0.4721375 0.5 0.5 1 0.02786254 0.5 0 0 0.4721375 0 0.02786254 0.5 0.5 0 0.4721375 0.5 0 1 0.02786254 0.5 0.5 0.5 0 1 0.4721375 0.5 0.5 1 0.02786254 0.5 0 0 0.4721375 0 0.02786254 0.5 0.5 0 0.4721375 0.5 0 1 0.02786254 0.5 0.5 0.5 0 1 0.4721375 0.5 0.5 1 0.02786254 0.5 0 0 0.4721375 0 0.02786254 0.5317688 0.4979858 0 0.4721375 0.5 0 1 0.02786254 0.5317688 0.4979858 0.5 0 1 0.4721375 0.5317688 0.4979858 1 0.02786254 0.4173584 0.7142944 0.4841919 0.9087524 0.034729 0.8008118 0.8045349 0.7485962 0.4841919 0.9087524 0.4173584 0.7142944 0.5886536 0.5296936 0.8045349 0.7485962 0.4173584 0.7142944 0.9217834 0.5297852 0.8045349 0.7485962 0.5886536 0.5296936 0.5 0 0 0.4721375 0 0.02786254 0.5 0.5 0 0.4721375 0.5 0 1 0.02786254 0.5 0.5 0.5 0 1 0.4721375 0.5 0.5 1 0.02786254 0.5 0 0 0.4721375 0 0.02786254 0.5 0.5 0 0.4721375 0.5 0 1 0.02786254 0.5 0.5 0.5 0 1 0.4721375 0.5 0.5 1 0.02786254 0.4173584 0.7142944 0.8045349 0.7485962 0.5886536 0.5296936 0.4841919 0.9087524 0.8045349 0.7485962 0.4173584 0.7142944 0.034729 0.8008118 0.4841919 0.9087524 0.4173584 0.7142944 0.5886536 0.5296936 0.8045349 0.7485962 0.4173584 0.7142944 0.9217834 0.5297852 0.8045349 0.7485962 0.5886536 0.5296936 0.8045349 0.7485962 0.9217834 0.5297852 0.5886536 0.5296936 0.5886536 0.5296936 0.8045349 0.7485962 0.4173584 0.7142944 0.9217834 0.5297852 0.8045349 0.7485962 0.5886536 0.5296936 0.8045349 0.7485962 0.9217834 0.5297852 0.5886536 0.5296936 0.5886536 0.5296936 0.8045349 0.7485962 0.4173584 0.7142944 0.9217834 0.5297852 0.8045349 0.7485962 0.5886536 0.5296936 0.8045349 0.7485962 0.9217834 0.5297852 0.5886536 0.5296936 0.5 0.5 1 0.02786254 0.5 0 1 0.4721375 1 0.02786254 0.5 0.5 0 0.02786254 0.5317688 0.4979858 0 0.4721375 0.5 0 0.5317688 0.4979858 0 0.02786254 0 0.02786254 0.5317688 0.4979858 0 0.4721375 0.5 0 0.5317688 0.4979858 0 0.02786254 0 0.02786254 0.5 0.5 0 0.4721375 0.5 0 0.5 0.5 0 0.02786254 0 0.02786254 0.5317688 0.4979858 0 0.4721375 0.5 0 0.5317688 0.4979858 0 0.02786254 0 0.02786254 0.5317688 0.4979858 0 0.4721375 0.5 0 0.5317688 0.4979858 0 0.02786254 0 0.02786254 0.5 0.5 0 0.4721375 0.5 0 0.5 0.5 0 0.02786254 1 0.4721375 0.5 0 1 0.02786254 0.5317688 0.4979858 0.5 0 1 0.4721375 1 0.4721375 0.5 0 1 0.02786254 0.5317688 0.4979858 0.5 0 1 0.4721375 0 0.02786254 0.5 0.5 0 0.4721375 0.5 0 0.5 0.5 0 0.02786254 1 0.4721375 0.5 0 1 0.02786254 0.5317688 0.4979858 0.5 0 1 0.4721375 0 0.4721375 0.5 0 0 0.02786254 0.5317688 0.4979858 0.5 0 0 0.4721375 0 0.02786254 0.5 0.5 0 0.4721375 0.5 0 0.5 0.5 0 0.02786254 1 0.4721375 0.5 0 1 0.02786254 0.5 0.5 0.5 0 1 0.4721375 1 0.4721375 0.5 0 1 0.02786254 0.5 0.5 0.5 0 1 0.4721375 1 0.4721375 0.5 0 1 0.02786254 0.5 0.5 0.5 0 1 0.4721375 1 0.4721375 0.5 0 1 0.02786254 0.5 0.5 0.5 0 1 0.4721375 0 0.4721375 0.5 0 0 0.02786254 0.5317688 0.4979858 0.5 0 0 0.4721375 0 0.4721375 0.5 0 0 0.02786254 0.5317688 0.4979858 0.5 0 0 0.4721375 0 0.4721375 0.5 0 0 0.02786254 0.5317688 0.4979858 0.5 0 0 0.4721375 0 0.4721375 0.5 0 0 0.02786254 0.5317688 0.4979858 0.5 0 0 0.4721375 0.4173584 0.7142944 0.4841919 0.9087524 0.034729 0.8008118 0.8045349 0.7485962 0.4841919 0.9087524 0.4173584 0.7142944 0 0.4721375 0.5 0 0 0.02786254 0.5317688 0.4979858 0.5 0 0 0.4721375 0 0.4721375 0.5 0 0 0.02786254 0.5317688 0.4979858 0.5 0 0 0.4721375 0 0.4721375 0.5 0 0 0.02786254 0.5317688 0.4979858 0.5 0 0 0.4721375 0.5317688 0.4979858 1 0.02786254 0.5 0 1 0.4721375 1 0.02786254 0.5317688 0.4979858 0.5317688 0.4979858 1 0.02786254 0.5 0 1 0.4721375 1 0.02786254 0.5317688 0.4979858 0.5886536 0.5296936 0.8045349 0.7485962 0.9217834 0.5297852 0.4173584 0.7142944 0.8045349 0.7485962 0.5886536 0.5296936 0.4173584 0.7142944 0.4841919 0.9087524 0.8045349 0.7485962 0.034729 0.8008118 0.4841919 0.9087524 0.4173584 0.7142944 0.5317688 0.4979858 1 0.02786254 0.5 0 1 0.4721375 1 0.02786254 0.5317688 0.4979858 0.5317688 0.4979858 1 0.02786254 0.5 0 1 0.4721375 1 0.02786254 0.5317688 0.4979858 0.5317688 0.4979858 1 0.02786254 0.5 0 1 0.4721375 1 0.02786254 0.5317688 0.4979858 0.5317688 0.4979858 1 0.02786254 0.5 0 1 0.4721375 1 0.02786254 0.5317688 0.4979858 0.5317688 0.4979858 1 0.02786254 0.5 0 1 0.4721375 1 0.02786254 0.5317688 0.4979858 0.5317688 0.4979858 1 0.02786254 0.5 0 1 0.4721375 1 0.02786254 0.5317688 0.4979858 1 0.02786254 0.5 0.5 1 0.4721375 0.5 0 0.5 0.5 1 0.02786254 1 0.02786254 0.5 0.5 1 0.4721375 0.5 0 0.5 0.5 1 0.02786254 1 0.02786254 0.5 0.5 1 0.4721375 0.5 0 0.5 0.5 1 0.02786254 1 0.02786254 0.5 0.5 1 0.4721375 0.5 0 0.5 0.5 1 0.02786254 0.5 0.5 1 0.02786254 0.5 0 1 0.4721375 1 0.02786254 0.5 0.5 0.4173584 0.7142944 0.4841919 0.9087524 0.034729 0.8008118 0.8045349 0.7485962 0.4841919 0.9087524 0.4173584 0.7142944 1 0.02786254 0.5 0.5 1 0.4721375 0.5 0 0.5 0.5 1 0.02786254 1 0.02786254 0.5 0.5 1 0.4721375 0.5 0 0.5 0.5 1 0.02786254 0 0.4721375 0.5 0 0 0.02786254 0.5 0.5 0.5 0 0 0.4721375 0 0.4721375 0.5 0 0 0.02786254 0.5 0.5 0.5 0 0 0.4721375 0 0.4721375 0.5 0 0 0.02786254 0.5 0.5 0.5 0 0 0.4721375 0 0.4721375 0.5 0 0 0.02786254 0.5 0.5 0.5 0 0 0.4721375 0 0.4721375 0.5 0 0 0.02786254 0.5 0.5 0.5 0 0 0.4721375 0 0.4721375 0.5 0 0 0.02786254 0.5 0.5 0.5 0 0 0.4721375 0 0.4721375 0.5 0 0 0.02786254 0.5 0.5 0.5 0 0 0.4721375 0 0.4721375 0.5 0 0 0.02786254 0.5 0.5 0.5 0 0 0.4721375 1 0.4721375 0.5 0 1 0.02786254 0.5317688 0.4979858 0.5 0 1 0.4721375 0.4173584 0.7142944 0.4841919 0.9087524 0.034729 0.8008118 0.8045349 0.7485962 0.4841919 0.9087524 0.4173584 0.7142944</float_array>
          <technique_common>
            <accessor source="#polygon0-mesh-map-0-array" count="1056" stride="2">
              <param name="S" type="float"/>
              <param name="T" type="float"/>
            </accessor>
          </technique_common>
        </source>
        <source id="polygon0-mesh-colors-polygon0_Colors0" name="polygon0_Colors0">
          <float_array id="polygon0-mesh-colors-polygon0_Colors0-array" count="4224">0.5803922 0.5803922 0.5803922 1 0.7647059 0.7647059 0.7647059 1 0.7647059 0.7647059 0.7647059 1 0.7647059 0.7647059 0.7647059 1 0.7647059 0.7647059 0.7647059 1 0.5803922 0.5803922 0.5803922 1 0.5803922 0.5803922 0.5803922 1 0.7647059 0.7647059 0.7647059 1 0.5803922 0.5803922 0.5803922 1 0.7647059 0.7647059 0.7647059 1 0.7647059 0.7647059 0.7647059 1 0.5803922 0.5803922 0.5803922 1 0.5803922 0.5803922 0.5803922 1 0.7647059 0.7647059 0.7647059 1 0.5803922 0.5803922 0.5803922 1 0.7647059 0.7647059 0.7647059 1 0.7647059 0.7647059 0.7647059 1 0.5803922 0.5803922 0.5803922 1 0.7647059 0.7647059 0.7647059 1 0.7647059 0.7647059 0.7647059 1 0.5803922 0.5803922 0.5803922 1 0.5803922 0.5803922 0.5803922 1 0.7647059 0.7647059 0.7647059 1 0.7647059 0.7647059 0.7647059 1 0.7647059 0.7647059 0.7647059 1 0.7647059 0.7647059 0.7647059 1 0.5803922 0.5803922 0.5803922 1 0.5803922 0.5803922 0.5803922 1 0.7647059 0.7647059 0.7647059 1 0.5803922 0.5803922 0.5803922 1 0.7647059 0.7647059 0.7647059 1 0.7647059 0.7647059 0.7647059 1 0.5803922 0.5803922 0.5803922 1 0.5803922 0.5803922 0.5803922 1 0.7647059 0.7647059 0.7647059 1 0.5803922 0.5803922 0.5803922 1 0.7647059 0.7647059 0.7647059 1 0.7647059 0.7647059 0.7647059 1 0.5803922 0.5803922 0.5803922 1 0.7647059 0.7647059 0.7647059 1 0.7647059 0.7647059 0.7647059 1 0.5803922 0.5803922 0.5803922 1 0.5803922 0.5803922 0.5803922 1 0.7647059 0.7647059 0.7647059 1 0.5803922 0.5803922 0.5803922 1 0.7647059 0.7647059 0.7647059 1 0.7647059 0.7647059 0.7647059 1 0.5803922 0.5803922 0.5803922 1 0.5803922 0.5803922 0.5803922 1 0.7647059 0.7647059 0.7647059 1 0.5803922 0.5803922 0.5803922 1 0.7647059 0.7647059 0.7647059 1 0.7647059 0.7647059 0.7647059 1 0.5803922 0.5803922 0.5803922 1 0.7647059 0.7647059 0.7647059 1 0.7647059 0.7647059 0.7647059 1 0.5803922 0.5803922 0.5803922 1 0.5803922 0.5803922 0.5803922 1 0.7647059 0.7647059 0.7647059 1 0.5803922 0.5803922 0.5803922 1 0.7647059 0.7647059 0.7647059 1 0.7647059 0.7647059 0.7647059 1 0.5803922 0.5803922 0.5803922 1 0.5803922 0.5803922 0.5803922 1 0.7647059 0.7647059 0.7647059 1 0.5803922 0.5803922 0.5803922 1 0.7647059 0.7647059 0.7647059 1 0.7647059 0.7647059 0.7647059 1 0.5803922 0.5803922 0.5803922 1 0.7647059 0.7647059 0.7647059 1 0.7647059 0.7647059 0.7647059 1 0.5803922 0.5803922 0.5803922 1 0.5803922 0.5803922 0.5803922 1 0.7647059 0.7647059 0.7647059 1 0.5803922 0.5803922 0.5803922 1 0.7647059 0.7647059 0.7647059 1 0.7647059 0.7647059 0.7647059 1 0.5803922 0.5803922 0.5803922 1 0.5803922 0.5803922 0.5803922 1 0.7647059 0.7647059 0.7647059 1 0.5803922 0.5803922 0.5803922 1 0.7647059 0.7647059 0.7647059 1 0.7647059 0.7647059 0.7647059 1 0.5803922 0.5803922 0.5803922 1 0.7647059 0.7647059 0.7647059 1 0.7647059 0.7647059 0.7647059 1 0.5803922 0.5803922 0.5803922 1 0.5803922 0.5803922 0.5803922 1 0.7647059 0.7647059 0.7647059 1 0.5803922 0.5803922 0.5803922 1 0.7647059 0.7647059 0.7647059 1 0.7647059 0.7647059 0.7647059 1 0.5803922 0.5803922 0.5803922 1 0.5803922 0.5803922 0.5803922 1 0.7647059 0.7647059 0.7647059 1 0.5803922 0.5803922 0.5803922 1 0.7647059 0.7647059 0.7647059 1 0.7647059 0.7647059 0.7647059 1 0.5803922 0.5803922 0.5803922 1 0.7647059 0.7647059 0.7647059 1 0.7647059 0.7647059 0.7647059 1 0.5803922 0.5803922 0.5803922 1 0.5803922 0.5803922 0.5803922 1 0.7647059 0.7647059 0.7647059 1 0.5803922 0.5803922 0.5803922 1 0.7647059 0.7647059 0.7647059 1 0.7647059 0.7647059 0.7647059 1 0.5803922 0.5803922 0.5803922 1 0.5803922 0.5803922 0.5803922 1 0.7647059 0.7647059 0.7647059 1 0.5803922 0.5803922 0.5803922 1 0.7647059 0.7647059 0.7647059 1 0.7647059 0.7647059 0.7647059 1 0.5803922 0.5803922 0.5803922 1 0.7647059 0.7647059 0.7647059 1 0.7647059 0.7647059 0.7647059 1 0.5803922 0.5803922 0.5803922 1 0.5803922 0.5803922 0.5803922 1 0.7647059 0.7647059 0.7647059 1 0.5803922 0.5803922 0.5803922 1 0.7647059 0.7647059 0.7647059 1 0.7647059 0.7647059 0.7647059 1 0.5803922 0.5803922 0.5803922 1 0.5803922 0.5803922 0.5803922 1 0.7647059 0.7647059 0.7647059 1 0.5803922 0.5803922 0.5803922 1 0.7647059 0.7647059 0.7647059 1 0.7647059 0.7647059 0.7647059 1 0.5803922 0.5803922 0.5803922 1 0.7647059 0.7647059 0.7647059 1 0.7647059 0.7647059 0.7647059 1 0.5803922 0.5803922 0.5803922 1 0.5803922 0.5803922 0.5803922 1 0.7647059 0.7647059 0.7647059 1 0.5803922 0.5803922 0.5803922 1 0.7647059 0.7647059 0.7647059 1 0.7647059 0.7647059 0.7647059 1 0.5803922 0.5803922 0.5803922 1 0.5803922 0.5803922 0.5803922 1 0.7647059 0.7647059 0.7647059 1 0.5803922 0.5803922 0.5803922 1 0.7647059 0.7647059 0.7647059 1 0.7647059 0.7647059 0.7647059 1 0.5803922 0.5803922 0.5803922 1 0.7647059 0.7647059 0.7647059 1 0.7647059 0.7647059 0.7647059 1 0.5803922 0.5803922 0.5803922 1 0.5803922 0.5803922 0.5803922 1 0.7647059 0.7647059 0.7647059 1 0.5803922 0.5803922 0.5803922 1 0.7647059 0.7647059 0.7647059 1 0.7647059 0.7647059 0.7647059 1 0.5803922 0.5803922 0.5803922 1 0.5803922 0.5803922 0.5803922 1 0.7647059 0.7647059 0.7647059 1 0.5803922 0.5803922 0.5803922 1 0.7647059 0.7647059 0.7647059 1 0.7647059 0.7647059 0.7647059 1 0.5803922 0.5803922 0.5803922 1 0.7647059 0.7647059 0.7647059 1 0.7647059 0.7647059 0.7647059 1 0.5803922 0.5803922 0.5803922 1 0.5803922 0.5803922 0.5803922 1 0.7647059 0.7647059 0.7647059 1 0.5803922 0.5803922 0.5803922 1 0.7647059 0.7647059 0.7647059 1 0.7647059 0.7647059 0.7647059 1 0.5803922 0.5803922 0.5803922 1 0.5803922 0.5803922 0.5803922 1 0.7647059 0.7647059 0.7647059 1 0.5803922 0.5803922 0.5803922 1 0.7647059 0.7647059 0.7647059 1 0.7647059 0.7647059 0.7647059 1 0.5803922 0.5803922 0.5803922 1 0.7647059 0.7647059 0.7647059 1 0.7647059 0.7647059 0.7647059 1 0.5803922 0.5803922 0.5803922 1 0.5803922 0.5803922 0.5803922 1 0.7647059 0.7647059 0.7647059 1 0.5803922 0.5803922 0.5803922 1 0.7647059 0.7647059 0.7647059 1 0.7647059 0.7647059 0.7647059 1 0.5803922 0.5803922 0.5803922 1 0.5803922 0.5803922 0.5803922 1 0.7647059 0.7647059 0.7647059 1 0.5803922 0.5803922 0.5803922 1 0.7647059 0.7647059 0.7647059 1 0.7647059 0.7647059 0.7647059 1 0.5803922 0.5803922 0.5803922 1 0.7647059 0.7647059 0.7647059 1 0.7647059 0.7647059 0.7647059 1 0.5803922 0.5803922 0.5803922 1 0.5803922 0.5803922 0.5803922 1 0.7647059 0.7647059 0.7647059 1 0.5803922 0.5803922 0.5803922 1 0.7647059 0.7647059 0.7647059 1 0.7647059 0.7647059 0.7647059 1 0.5803922 0.5803922 0.5803922 1 0.5803922 0.5803922 0.5803922 1 0.7647059 0.7647059 0.7647059 1 0.5803922 0.5803922 0.5803922 1 0.7647059 0.7647059 0.7647059 1 0.7647059 0.7647059 0.7647059 1 0.5803922 0.5803922 0.5803922 1 0.7647059 0.7647059 0.7647059 1 0.7647059 0.7647059 0.7647059 1 0.5803922 0.5803922 0.5803922 1 0.5803922 0.5803922 0.5803922 1 0.7647059 0.7647059 0.7647059 1 0.5803922 0.5803922 0.5803922 1 0.7647059 0.7647059 0.7647059 1 0.7647059 0.7647059 0.7647059 1 0.5803922 0.5803922 0.5803922 1 0.5803922 0.5803922 0.5803922 1 0.7647059 0.7647059 0.7647059 1 0.5803922 0.5803922 0.5803922 1 0.7647059 0.7647059 0.7647059 1 0.7647059 0.7647059 0.7647059 1 0.5803922 0.5803922 0.5803922 1 0.7647059 0.7647059 0.7647059 1 0.7647059 0.7647059 0.7647059 1 0.5803922 0.5803922 0.5803922 1 0.5803922 0.5803922 0.5803922 1 0.7647059 0.7647059 0.7647059 1 0.5803922 0.5803922 0.5803922 1 0.7647059 0.7647059 0.7647059 1 0.7647059 0.7647059 0.7647059 1 0.5803922 0.5803922 0.5803922 1 0.5803922 0.5803922 0.5803922 1 0.7647059 0.7647059 0.7647059 1 0.5803922 0.5803922 0.5803922 1 0.7647059 0.7647059 0.7647059 1 0.7647059 0.7647059 0.7647059 1 0.5803922 0.5803922 0.5803922 1 0.7647059 0.7647059 0.7647059 1 0.7647059 0.7647059 0.7647059 1 0.5803922 0.5803922 0.5803922 1 0.5803922 0.5803922 0.5803922 1 0.7647059 0.7647059 0.7647059 1 0.5803922 0.5803922 0.5803922 1 0.7647059 0.7647059 0.7647059 1 0.7647059 0.7647059 0.7647059 1 0.5803922 0.5803922 0.5803922 1 0.5803922 0.5803922 0.5803922 1 0.7647059 0.7647059 0.7647059 1 0.5803922 0.5803922 0.5803922 1 0.7647059 0.7647059 0.7647059 1 0.7647059 0.7647059 0.7647059 1 0.5803922 0.5803922 0.5803922 1 0.7647059 0.7647059 0.7647059 1 0.7647059 0.7647059 0.7647059 1 0.5803922 0.5803922 0.5803922 1 0.5803922 0.5803922 0.5803922 1 0.7647059 0.7647059 0.7647059 1 0.5803922 0.5803922 0.5803922 1 0.7647059 0.7647059 0.7647059 1 0.7647059 0.7647059 0.7647059 1 0.5803922 0.5803922 0.5803922 1 0.5803922 0.5803922 0.5803922 1 0.7647059 0.7647059 0.7647059 1 0.5803922 0.5803922 0.5803922 1 0.7647059 0.7647059 0.7647059 1 0.7647059 0.7647059 0.7647059 1 0.5803922 0.5803922 0.5803922 1 0.7647059 0.7647059 0.7647059 1 0.7647059 0.7647059 0.7647059 1 0.5803922 0.5803922 0.5803922 1 0.5803922 0.5803922 0.5803922 1 0.7647059 0.7647059 0.7647059 1 0.5803922 0.5803922 0.5803922 1 0.7647059 0.7647059 0.7647059 1 0.7647059 0.7647059 0.7647059 1 0.5803922 0.5803922 0.5803922 1 0.5803922 0.5803922 0.5803922 1 0.7647059 0.7647059 0.7647059 1 0.5803922 0.5803922 0.5803922 1 0.7647059 0.7647059 0.7647059 1 0.7647059 0.7647059 0.7647059 1 0.5803922 0.5803922 0.5803922 1 0.7647059 0.7647059 0.7647059 1 0.7647059 0.7647059 0.7647059 1 0.5803922 0.5803922 0.5803922 1 0.5803922 0.5803922 0.5803922 1 0.7647059 0.7647059 0.7647059 1 0.5803922 0.5803922 0.5803922 1 0.7647059 0.7647059 0.7647059 1 0.7647059 0.7647059 0.7647059 1 0.5803922 0.5803922 0.5803922 1 0.5803922 0.5803922 0.5803922 1 0.7647059 0.7647059 0.7647059 1 0.5803922 0.5803922 0.5803922 1 0.7647059 0.7647059 0.7647059 1 0.7647059 0.7647059 0.7647059 1 0.5803922 0.5803922 0.5803922 1 0.7647059 0.7647059 0.7647059 1 0.7647059 0.7647059 0.7647059 1 0.5803922 0.5803922 0.5803922 1 0.5803922 0.5803922 0.5803922 1 0.7647059 0.7647059 0.7647059 1 0.5803922 0.5803922 0.5803922 1 0.7647059 0.7647059 0.7647059 1 0.7647059 0.7647059 0.7647059 1 0.5803922 0.5803922 0.5803922 1 0.5803922 0.5803922 0.5803922 1 0.7647059 0.7647059 0.7647059 1 0.5803922 0.5803922 0.5803922 1 0.7647059 0.7647059 0.7647059 1 0.7647059 0.7647059 0.7647059 1 0.5803922 0.5803922 0.5803922 1 0.7647059 0.7647059 0.7647059 1 0.7647059 0.7647059 0.7647059 1 0.5803922 0.5803922 0.5803922 1 0.5803922 0.5803922 0.5803922 1 0.7647059 0.7647059 0.7647059 1 0.5803922 0.5803922 0.5803922 1 0.7647059 0.7647059 0.7647059 1 0.7647059 0.7647059 0.7647059 1 0.5803922 0.5803922 0.5803922 1 0.5803922 0.5803922 0.5803922 1 0.7647059 0.7647059 0.7647059 1 0.5803922 0.5803922 0.5803922 1 0.7647059 0.7647059 0.7647059 1 0.7647059 0.7647059 0.7647059 1 0.5803922 0.5803922 0.5803922 1 0.7647059 0.7647059 0.7647059 1 0.7647059 0.7647059 0.7647059 1 0.5803922 0.5803922 0.5803922 1 0.5803922 0.5803922 0.5803922 1 0.7647059 0.7647059 0.7647059 1 0.5803922 0.5803922 0.5803922 1 0.7647059 0.7647059 0.7647059 1 0.7647059 0.7647059 0.7647059 1 0.5803922 0.5803922 0.5803922 1 0.5803922 0.5803922 0.5803922 1 0.7647059 0.7647059 0.7647059 1 0.5803922 0.5803922 0.5803922 1 0.7647059 0.7647059 0.7647059 1 0.7647059 0.7647059 0.7647059 1 0.5803922 0.5803922 0.5803922 1 0.7647059 0.7647059 0.7647059 1 0.7647059 0.7647059 0.7647059 1 0.5803922 0.5803922 0.5803922 1 0.5803922 0.5803922 0.5803922 1 0.7647059 0.7647059 0.7647059 1 0.5803922 0.5803922 0.5803922 1 0.7647059 0.7647059 0.7647059 1 0.7647059 0.7647059 0.7647059 1 0.5803922 0.5803922 0.5803922 1 0.5803922 0.5803922 0.5803922 1 0.7647059 0.7647059 0.7647059 1 0.5803922 0.5803922 0.5803922 1 0.7647059 0.7647059 0.7647059 1 0.7647059 0.7647059 0.7647059 1 0.5803922 0.5803922 0.5803922 1 0.7647059 0.7647059 0.7647059 1 0.7647059 0.7647059 0.7647059 1 0.5803922 0.5803922 0.5803922 1 0.5803922 0.5803922 0.5803922 1 0.7647059 0.7647059 0.7647059 1 0.5803922 0.5803922 0.5803922 1 0.7647059 0.7647059 0.7647059 1 0.7647059 0.7647059 0.7647059 1 0.5803922 0.5803922 0.5803922 1 0.5803922 0.5803922 0.5803922 1 0.7647059 0.7647059 0.7647059 1 0.5803922 0.5803922 0.5803922 1 0.7647059 0.7647059 0.7647059 1 0.7647059 0.7647059 0.7647059 1 0.5803922 0.5803922 0.5803922 1 0.7647059 0.7647059 0.7647059 1 0.7647059 0.7647059 0.7647059 1 0.5803922 0.5803922 0.5803922 1 0.5803922 0.5803922 0.5803922 1 0.7647059 0.7647059 0.7647059 1 0.5803922 0.5803922 0.5803922 1 0.7647059 0.7647059 0.7647059 1 0.7647059 0.7647059 0.7647059 1 0.5803922 0.5803922 0.5803922 1 0.5803922 0.5803922 0.5803922 1 0.7647059 0.7647059 0.7647059 1 0.5803922 0.5803922 0.5803922 1 0.7647059 0.7647059 0.7647059 1 0.7647059 0.7647059 0.7647059 1 0.5803922 0.5803922 0.5803922 1 0.7647059 0.7647059 0.7647059 1 0.7647059 0.7647059 0.7647059 1 0.5803922 0.5803922 0.5803922 1 0.5803922 0.5803922 0.5803922 1 0.7647059 0.7647059 0.7647059 1 0.5803922 0.5803922 0.5803922 1 0.7647059 0.7647059 0.7647059 1 0.7647059 0.7647059 0.7647059 1 0.5803922 0.5803922 0.5803922 1 0.5803922 0.5803922 0.5803922 1 0.7647059 0.7647059 0.7647059 1 0.5803922 0.5803922 0.5803922 1 0.7647059 0.7647059 0.7647059 1 0.7647059 0.7647059 0.7647059 1 0.5803922 0.5803922 0.5803922 1 0.7647059 0.7647059 0.7647059 1 0.7647059 0.7647059 0.7647059 1 0.5803922 0.5803922 0.5803922 1 1 1 1 1 0.7647059 0.7647059 0.7647059 1 0.7647059 0.7647059 0.7647059 1 1 1 1 1 0.7647059 0.7647059 0.7647059 1 1 1 1 1 0.7647059 0.7647059 0.7647059 1 1 1 1 1 1 1 1 1 0.7647059 0.7647059 0.7647059 1 1 1 1 1 0.7647059 0.7647059 0.7647059 1 1 1 1 1 0.7647059 0.7647059 0.7647059 1 0.7647059 0.7647059 0.7647059 1 1 1 1 1 0.7647059 0.7647059 0.7647059 1 1 1 1 1 0.7647059 0.7647059 0.7647059 1 1 1 1 1 1 1 1 1 0.7647059 0.7647059 0.7647059 1 1 1 1 1 0.7647059 0.7647059 0.7647059 1 1 1 1 1 0.7647059 0.7647059 0.7647059 1 0.7647059 0.7647059 0.7647059 1 1 1 1 1 0.7647059 0.7647059 0.7647059 1 1 1 1 1 0.7647059 0.7647059 0.7647059 1 1 1 1 1 1 1 1 1 0.7647059 0.7647059 0.7647059 1 1 1 1 1 0.7647059 0.7647059 0.7647059 1 1 1 1 1 0.7647059 0.7647059 0.7647059 1 0.7647059 0.7647059 0.7647059 1 1 1 1 1 0.7647059 0.7647059 0.7647059 1 1 1 1 1 0.7647059 0.7647059 0.7647059 1 1 1 1 1 1 1 1 1 0.7647059 0.7647059 0.7647059 1 1 1 1 1 0.7647059 0.7647059 0.7647059 1 1 1 1 1 0.7647059 0.7647059 0.7647059 1 0.7647059 0.7647059 0.7647059 1 1 1 1 1 0.7647059 0.7647059 0.7647059 1 1 1 1 1 0.7647059 0.7647059 0.7647059 1 1 1 1 1 1 1 1 1 0.7647059 0.7647059 0.7647059 1 1 1 1 1 0.7647059 0.7647059 0.7647059 1 1 1 1 1 0.7647059 0.7647059 0.7647059 1 0.7647059 0.7647059 0.7647059 1 1 1 1 1 0.7647059 0.7647059 0.7647059 1 1 1 1 1 0.7647059 0.7647059 0.7647059 1 1 1 1 1 1 1 1 1 0.7647059 0.7647059 0.7647059 1 1 1 1 1 0.7647059 0.7647059 0.7647059 1 1 1 1 1 0.7647059 0.7647059 0.7647059 1 0.7647059 0.7647059 0.7647059 1 1 1 1 1 0.7647059 0.7647059 0.7647059 1 1 1 1 1 0.7647059 0.7647059 0.7647059 1 1 1 1 1 1 1 1 1 0.7647059 0.7647059 0.7647059 1 1 1 1 1 0.7647059 0.7647059 0.7647059 1 1 1 1 1 0.7647059 0.7647059 0.7647059 1 0.7647059 0.7647059 0.7647059 1 1 1 1 1 0.7647059 0.7647059 0.7647059 1 1 1 1 1 0.7647059 0.7647059 0.7647059 1 1 1 1 1 1 1 1 1 0.7647059 0.7647059 0.7647059 1 1 1 1 1 0.7647059 0.7647059 0.7647059 1 1 1 1 1 0.7647059 0.7647059 0.7647059 1 0.7647059 0.7647059 0.7647059 1 1 1 1 1 0.7647059 0.7647059 0.7647059 1 1 1 1 1 0.7647059 0.7647059 0.7647059 1 1 1 1 1 1 1 1 1 0.7647059 0.7647059 0.7647059 1 1 1 1 1 0.7647059 0.7647059 0.7647059 1 1 1 1 1 0.7647059 0.7647059 0.7647059 1 0.7647059 0.7647059 0.7647059 1 1 1 1 1 0.7647059 0.7647059 0.7647059 1 1 1 1 1 0.7647059 0.7647059 0.7647059 1 1 1 1 1 1 1 1 1 0.7647059 0.7647059 0.7647059 1 1 1 1 1 0.7647059 0.7647059 0.7647059 1 1 1 1 1 0.7647059 0.7647059 0.7647059 1 0.7647059 0.7647059 0.7647059 1 1 1 1 1 0.7647059 0.7647059 0.7647059 1 1 1 1 1 0.7647059 0.7647059 0.7647059 1 1 1 1 1 1 1 1 1 0.7647059 0.7647059 0.7647059 1 1 1 1 1 0.7647059 0.7647059 0.7647059 1 1 1 1 1 0.7647059 0.7647059 0.7647059 1 0.7647059 0.7647059 0.7647059 1 1 1 1 1 0.7647059 0.7647059 0.7647059 1 1 1 1 1 0.7647059 0.7647059 0.7647059 1 1 1 1 1 1 1 1 1 0.7647059 0.7647059 0.7647059 1 1 1 1 1 0.7647059 0.7647059 0.7647059 1 1 1 1 1 0.7647059 0.7647059 0.7647059 1 0.7647059 0.7647059 0.7647059 1 1 1 1 1 0.7647059 0.7647059 0.7647059 1 1 1 1 1 0.7647059 0.7647059 0.7647059 1 1 1 1 1 1 1 1 1 0.7647059 0.7647059 0.7647059 1 1 1 1 1 0.7647059 0.7647059 0.7647059 1 1 1 1 1 0.7647059 0.7647059 0.7647059 1 0.7647059 0.7647059 0.7647059 1 1 1 1 1 0.7647059 0.7647059 0.7647059 1 1 1 1 1 0.7647059 0.7647059 0.7647059 1 1 1 1 1 1 1 1 1 0.7647059 0.7647059 0.7647059 1 1 1 1 1 0.7647059 0.7647059 0.7647059 1 1 1 1 1 0.7647059 0.7647059 0.7647059 1 0.7647059 0.7647059 0.7647059 1 1 1 1 1 0.7647059 0.7647059 0.7647059 1 1 1 1 1 0.7647059 0.7647059 0.7647059 1 1 1 1 1 1 1 1 1 0.7647059 0.7647059 0.7647059 1 1 1 1 1 0.7647059 0.7647059 0.7647059 1 1 1 1 1 0.7647059 0.7647059 0.7647059 1 0.7647059 0.7647059 0.7647059 1 1 1 1 1 0.7647059 0.7647059 0.7647059 1 1 1 1 1 0.7647059 0.7647059 0.7647059 1 1 1 1 1 1 1 1 1 0.7647059 0.7647059 0.7647059 1 1 1 1 1 0.7647059 0.7647059 0.7647059 1 1 1 1 1 0.7647059 0.7647059 0.7647059 1 0.7647059 0.7647059 0.7647059 1 1 1 1 1 0.7647059 0.7647059 0.7647059 1 1 1 1 1 0.7647059 0.7647059 0.7647059 1 1 1 1 1 1 1 1 1 0.7647059 0.7647059 0.7647059 1 1 1 1 1 0.7647059 0.7647059 0.7647059 1 1 1 1 1 0.7647059 0.7647059 0.7647059 1 0.7647059 0.7647059 0.7647059 1 1 1 1 1 0.7647059 0.7647059 0.7647059 1 1 1 1 1 0.7647059 0.7647059 0.7647059 1 1 1 1 1 1 1 1 1 0.7647059 0.7647059 0.7647059 1 1 1 1 1 0.7647059 0.7647059 0.7647059 1 1 1 1 1 0.7647059 0.7647059 0.7647059 1 0.7647059 0.7647059 0.7647059 1 1 1 1 1 0.7647059 0.7647059 0.7647059 1 1 1 1 1 0.7647059 0.7647059 0.7647059 1 1 1 1 1 1 1 1 1 0.7647059 0.7647059 0.7647059 1 1 1 1 1 0.7647059 0.7647059 0.7647059 1 1 1 1 1 0.7647059 0.7647059 0.7647059 1 0.7647059 0.7647059 0.7647059 1 1 1 1 1 0.7647059 0.7647059 0.7647059 1 1 1 1 1 0.7647059 0.7647059 0.7647059 1 1 1 1 1 1 1 1 1 0.7647059 0.7647059 0.7647059 1 1 1 1 1 0.7647059 0.7647059 0.7647059 1 1 1 1 1 0.7647059 0.7647059 0.7647059 1 0.7647059 0.7647059 0.7647059 1 1 1 1 1 0.7647059 0.7647059 0.7647059 1 1 1 1 1 0.7647059 0.7647059 0.7647059 1 1 1 1 1 1 1 1 1 0.7647059 0.7647059 0.7647059 1 1 1 1 1 0.7647059 0.7647059 0.7647059 1 1 1 1 1 0.7647059 0.7647059 0.7647059 1 0.7647059 0.7647059 0.7647059 1 1 1 1 1 0.7647059 0.7647059 0.7647059 1 1 1 1 1 0.7647059 0.7647059 0.7647059 1 1 1 1 1 1 1 1 1 0.7647059 0.7647059 0.7647059 1 1 1 1 1 0.7647059 0.7647059 0.7647059 1 0.5803922 0.5803922 0.5803922 1 0.7647059 0.7647059 0.7647059 1 0.5803922 0.5803922 0.5803922 1 0.7647059 0.7647059 0.7647059 1 0.7647059 0.7647059 0.7647059 1 0.5803922 0.5803922 0.5803922 1 0.5803922 0.5803922 0.5803922 1 0.7647059 0.7647059 0.7647059 1 0.5803922 0.5803922 0.5803922 1 0.7647059 0.7647059 0.7647059 1 0.7647059 0.7647059 0.7647059 1 0.5803922 0.5803922 0.5803922 1 1 1 1 1 0.7647059 0.7647059 0.7647059 1 0.7647059 0.7647059 0.7647059 1 1 1 1 1 0.7647059 0.7647059 0.7647059 1 1 1 1 1 0.7647059 0.7647059 0.7647059 1 1 1 1 1 1 1 1 1 0.7647059 0.7647059 0.7647059 1 1 1 1 1 0.7647059 0.7647059 0.7647059 1 1 1 1 1 0.7647059 0.7647059 0.7647059 1 0.7647059 0.7647059 0.7647059 1 1 1 1 1 0.7647059 0.7647059 0.7647059 1 1 1 1 1 0.7647059 0.7647059 0.7647059 1 1 1 1 1 1 1 1 1 0.7647059 0.7647059 0.7647059 1 1 1 1 1 0.7647059 0.7647059 0.7647059 1 0.5803922 0.5803922 0.5803922 1 0.7647059 0.7647059 0.7647059 1 0.5803922 0.5803922 0.5803922 1 0.7647059 0.7647059 0.7647059 1 0.7647059 0.7647059 0.7647059 1 0.5803922 0.5803922 0.5803922 1 0.5803922 0.5803922 0.5803922 1 0.7647059 0.7647059 0.7647059 1 0.5803922 0.5803922 0.5803922 1 0.5803922 0.5803922 0.5803922 1 0.7647059 0.7647059 0.7647059 1 0.5803922 0.5803922 0.5803922 1 0.7647059 0.7647059 0.7647059 1 0.7647059 0.7647059 0.7647059 1 0.5803922 0.5803922 0.5803922 1 0.7647059 0.7647059 0.7647059 1 0.7647059 0.7647059 0.7647059 1 0.5803922 0.5803922 0.5803922 1 0.5803922 0.5803922 0.5803922 1 0.7647059 0.7647059 0.7647059 1 0.5803922 0.5803922 0.5803922 1 0.7647059 0.7647059 0.7647059 1 0.7647059 0.7647059 0.7647059 1 0.5803922 0.5803922 0.5803922 1 0.7647059 0.7647059 0.7647059 1 0.7647059 0.7647059 0.7647059 1 0.5803922 0.5803922 0.5803922 1 0.5803922 0.5803922 0.5803922 1 0.7647059 0.7647059 0.7647059 1 0.5803922 0.5803922 0.5803922 1 0.7647059 0.7647059 0.7647059 1 0.7647059 0.7647059 0.7647059 1 0.5803922 0.5803922 0.5803922 1 0.7647059 0.7647059 0.7647059 1 0.7647059 0.7647059 0.7647059 1 0.5803922 0.5803922 0.5803922 1 1 1 1 1 0.7647059 0.7647059 0.7647059 1 1 1 1 1 0.7647059 0.7647059 0.7647059 1 0.7647059 0.7647059 0.7647059 1 1 1 1 1 0.7647059 0.7647059 0.7647059 1 1 1 1 1 0.7647059 0.7647059 0.7647059 1 1 1 1 1 1 1 1 1 0.7647059 0.7647059 0.7647059 1 0.7647059 0.7647059 0.7647059 1 1 1 1 1 0.7647059 0.7647059 0.7647059 1 1 1 1 1 1 1 1 1 0.7647059 0.7647059 0.7647059 1 0.7647059 0.7647059 0.7647059 1 1 1 1 1 0.7647059 0.7647059 0.7647059 1 1 1 1 1 1 1 1 1 0.7647059 0.7647059 0.7647059 1 0.7647059 0.7647059 0.7647059 1 1 1 1 1 0.7647059 0.7647059 0.7647059 1 1 1 1 1 1 1 1 1 0.7647059 0.7647059 0.7647059 1 0.7647059 0.7647059 0.7647059 1 1 1 1 1 0.7647059 0.7647059 0.7647059 1 1 1 1 1 1 1 1 1 0.7647059 0.7647059 0.7647059 1 0.7647059 0.7647059 0.7647059 1 1 1 1 1 0.7647059 0.7647059 0.7647059 1 1 1 1 1 1 1 1 1 0.7647059 0.7647059 0.7647059 1 0.7647059 0.7647059 0.7647059 1 1 1 1 1 0.7647059 0.7647059 0.7647059 1 1 1 1 1 1 1 1 1 0.7647059 0.7647059 0.7647059 1 0.7647059 0.7647059 0.7647059 1 1 1 1 1 0.7647059 0.7647059 0.7647059 1 1 1 1 1 1 1 1 1 0.7647059 0.7647059 0.7647059 1 0.7647059 0.7647059 0.7647059 1 1 1 1 1 0.7647059 0.7647059 0.7647059 1 1 1 1 1 1 1 1 1 0.7647059 0.7647059 0.7647059 1 0.7647059 0.7647059 0.7647059 1 1 1 1 1 0.7647059 0.7647059 0.7647059 1 1 1 1 1 1 1 1 1 0.7647059 0.7647059 0.7647059 1 0.7647059 0.7647059 0.7647059 1 1 1 1 1 0.7647059 0.7647059 0.7647059 1 1 1 1 1 1 1 1 1 0.7647059 0.7647059 0.7647059 1 0.7647059 0.7647059 0.7647059 1 1 1 1 1 0.7647059 0.7647059 0.7647059 1 1 1 1 1 1 1 1 1 0.7647059 0.7647059 0.7647059 1 0.7647059 0.7647059 0.7647059 1 1 1 1 1 0.7647059 0.7647059 0.7647059 1 1 1 1 1 1 1 1 1 0.7647059 0.7647059 0.7647059 1 0.7647059 0.7647059 0.7647059 1 1 1 1 1 0.7647059 0.7647059 0.7647059 1 1 1 1 1 1 1 1 1 0.7647059 0.7647059 0.7647059 1 0.7647059 0.7647059 0.7647059 1 1 1 1 1 0.7647059 0.7647059 0.7647059 1 1 1 1 1 1 1 1 1 0.7647059 0.7647059 0.7647059 1 0.7647059 0.7647059 0.7647059 1 1 1 1 1 0.7647059 0.7647059 0.7647059 1 1 1 1 1 1 1 1 1 0.7647059 0.7647059 0.7647059 1 0.7647059 0.7647059 0.7647059 1 1 1 1 1 0.7647059 0.7647059 0.7647059 1 1 1 1 1 1 1 1 1 0.7647059 0.7647059 0.7647059 1 0.7647059 0.7647059 0.7647059 1 1 1 1 1 0.7647059 0.7647059 0.7647059 1 1 1 1 1 1 1 1 1 0.7647059 0.7647059 0.7647059 1 0.7647059 0.7647059 0.7647059 1 1 1 1 1 0.7647059 0.7647059 0.7647059 1 1 1 1 1 1 1 1 1 0.7647059 0.7647059 0.7647059 1 0.7647059 0.7647059 0.7647059 1 1 1 1 1 0.7647059 0.7647059 0.7647059 1 1 1 1 1 1 1 1 1 0.7647059 0.7647059 0.7647059 1 0.5803922 0.5803922 0.5803922 1 0.7647059 0.7647059 0.7647059 1 0.5803922 0.5803922 0.5803922 1 0.7647059 0.7647059 0.7647059 1 0.7647059 0.7647059 0.7647059 1 0.5803922 0.5803922 0.5803922 1 0.7647059 0.7647059 0.7647059 1 1 1 1 1 0.7647059 0.7647059 0.7647059 1 1 1 1 1 1 1 1 1 0.7647059 0.7647059 0.7647059 1 0.7647059 0.7647059 0.7647059 1 1 1 1 1 0.7647059 0.7647059 0.7647059 1 1 1 1 1 1 1 1 1 0.7647059 0.7647059 0.7647059 1 0.7647059 0.7647059 0.7647059 1 1 1 1 1 0.7647059 0.7647059 0.7647059 1 1 1 1 1 1 1 1 1 0.7647059 0.7647059 0.7647059 1 1 1 1 1 0.7647059 0.7647059 0.7647059 1 1 1 1 1 0.7647059 0.7647059 0.7647059 1 0.7647059 0.7647059 0.7647059 1 1 1 1 1 1 1 1 1 0.7647059 0.7647059 0.7647059 1 1 1 1 1 0.7647059 0.7647059 0.7647059 1 0.7647059 0.7647059 0.7647059 1 1 1 1 1 0.5803922 0.5803922 0.5803922 1 0.7647059 0.7647059 0.7647059 1 0.7647059 0.7647059 0.7647059 1 0.5803922 0.5803922 0.5803922 1 0.7647059 0.7647059 0.7647059 1 0.5803922 0.5803922 0.5803922 1 0.5803922 0.5803922 0.5803922 1 0.7647059 0.7647059 0.7647059 1 0.7647059 0.7647059 0.7647059 1 0.5803922 0.5803922 0.5803922 1 0.7647059 0.7647059 0.7647059 1 0.5803922 0.5803922 0.5803922 1 1 1 1 1 0.7647059 0.7647059 0.7647059 1 1 1 1 1 0.7647059 0.7647059 0.7647059 1 0.7647059 0.7647059 0.7647059 1 1 1 1 1 1 1 1 1 0.7647059 0.7647059 0.7647059 1 1 1 1 1 0.7647059 0.7647059 0.7647059 1 0.7647059 0.7647059 0.7647059 1 1 1 1 1 1 1 1 1 0.7647059 0.7647059 0.7647059 1 1 1 1 1 0.7647059 0.7647059 0.7647059 1 0.7647059 0.7647059 0.7647059 1 1 1 1 1 1 1 1 1 0.7647059 0.7647059 0.7647059 1 1 1 1 1 0.7647059 0.7647059 0.7647059 1 0.7647059 0.7647059 0.7647059 1 1 1 1 1 1 1 1 1 0.7647059 0.7647059 0.7647059 1 1 1 1 1 0.7647059 0.7647059 0.7647059 1 0.7647059 0.7647059 0.7647059 1 1 1 1 1 1 1 1 1 0.7647059 0.7647059 0.7647059 1 1 1 1 1 0.7647059 0.7647059 0.7647059 1 0.7647059 0.7647059 0.7647059 1 1 1 1 1 0.7647059 0.7647059 0.7647059 1 1 1 1 1 0.7647059 0.7647059 0.7647059 1 1 1 1 1 1 1 1 1 0.7647059 0.7647059 0.7647059 1 0.7647059 0.7647059 0.7647059 1 1 1 1 1 0.7647059 0.7647059 0.7647059 1 1 1 1 1 1 1 1 1 0.7647059 0.7647059 0.7647059 1 0.7647059 0.7647059 0.7647059 1 1 1 1 1 0.7647059 0.7647059 0.7647059 1 1 1 1 1 1 1 1 1 0.7647059 0.7647059 0.7647059 1 0.7647059 0.7647059 0.7647059 1 1 1 1 1 0.7647059 0.7647059 0.7647059 1 1 1 1 1 1 1 1 1 0.7647059 0.7647059 0.7647059 1 1 1 1 1 0.7647059 0.7647059 0.7647059 1 1 1 1 1 0.7647059 0.7647059 0.7647059 1 0.7647059 0.7647059 0.7647059 1 1 1 1 1 0.5803922 0.5803922 0.5803922 1 0.7647059 0.7647059 0.7647059 1 0.5803922 0.5803922 0.5803922 1 0.7647059 0.7647059 0.7647059 1 0.7647059 0.7647059 0.7647059 1 0.5803922 0.5803922 0.5803922 1 0.7647059 0.7647059 0.7647059 1 1 1 1 1 0.7647059 0.7647059 0.7647059 1 1 1 1 1 1 1 1 1 0.7647059 0.7647059 0.7647059 1 0.7647059 0.7647059 0.7647059 1 1 1 1 1 0.7647059 0.7647059 0.7647059 1 1 1 1 1 1 1 1 1 0.7647059 0.7647059 0.7647059 1 0.7647059 0.7647059 0.7647059 1 1 1 1 1 0.7647059 0.7647059 0.7647059 1 1 1 1 1 1 1 1 1 0.7647059 0.7647059 0.7647059 1 0.7647059 0.7647059 0.7647059 1 1 1 1 1 0.7647059 0.7647059 0.7647059 1 1 1 1 1 1 1 1 1 0.7647059 0.7647059 0.7647059 1 0.7647059 0.7647059 0.7647059 1 1 1 1 1 0.7647059 0.7647059 0.7647059 1 1 1 1 1 1 1 1 1 0.7647059 0.7647059 0.7647059 1 0.7647059 0.7647059 0.7647059 1 1 1 1 1 0.7647059 0.7647059 0.7647059 1 1 1 1 1 1 1 1 1 0.7647059 0.7647059 0.7647059 1 0.7647059 0.7647059 0.7647059 1 1 1 1 1 0.7647059 0.7647059 0.7647059 1 1 1 1 1 1 1 1 1 0.7647059 0.7647059 0.7647059 1 0.7647059 0.7647059 0.7647059 1 1 1 1 1 0.7647059 0.7647059 0.7647059 1 1 1 1 1 1 1 1 1 0.7647059 0.7647059 0.7647059 1 0.7647059 0.7647059 0.7647059 1 1 1 1 1 0.7647059 0.7647059 0.7647059 1 1 1 1 1 1 1 1 1 0.7647059 0.7647059 0.7647059 1 0.7647059 0.7647059 0.7647059 1 1 1 1 1 0.7647059 0.7647059 0.7647059 1 1 1 1 1 1 1 1 1 0.7647059 0.7647059 0.7647059 1 0.7647059 0.7647059 0.7647059 1 1 1 1 1 0.7647059 0.7647059 0.7647059 1 1 1 1 1 1 1 1 1 0.7647059 0.7647059 0.7647059 1 0.5803922 0.5803922 0.5803922 1 0.7647059 0.7647059 0.7647059 1 0.5803922 0.5803922 0.5803922 1 0.7647059 0.7647059 0.7647059 1 0.7647059 0.7647059 0.7647059 1 0.5803922 0.5803922 0.5803922 1</float_array>
          <technique_common>
            <accessor source="#polygon0-mesh-colors-polygon0_Colors0-array" count="1056" stride="4">
              <param name="R" type="float"/>
              <param name="G" type="float"/>
              <param name="B" type="float"/>
              <param name="A" type="float"/>
            </accessor>
          </technique_common>
        </source>
        <vertices id="polygon0-mesh-vertices">
          <input semantic="POSITION" source="#polygon0-mesh-positions"/>
        </vertices>
        <triangles material="mat_tire-material" count="352">
          <input semantic="VERTEX" source="#polygon0-mesh-vertices" offset="0"/>
          <input semantic="NORMAL" source="#polygon0-mesh-normals" offset="1"/>
          <input semantic="TEXCOORD" source="#polygon0-mesh-map-0" offset="2" set="0"/>
          <input semantic="COLOR" source="#polygon0-mesh-colors-polygon0_Colors0" offset="3" set="0"/>
          <p>2 0 0 0 1 1 1 1 0 2 2 2 3 3 3 3 1 1 4 4 2 0 5 5 4 4 6 6 3 3 7 7 2 0 8 8 5 5 9 9 3 3 10 10 4 4 11 11 6 6 12 12 5 5 13 13 4 4 14 14 7 7 15 15 5 5 16 16 6 6 17 17 8 8 18 18 7 7 19 19 6 6 20 20 11 9 21 21 10 10 22 22 9 11 23 23 12 12 24 24 10 10 25 25 11 9 26 26 13 13 27 27 12 12 28 28 11 9 29 29 14 14 30 30 12 12 31 31 13 13 32 32 15 15 33 33 14 14 34 34 13 13 35 35 16 16 36 36 14 14 37 37 15 15 38 38 17 17 39 39 16 16 40 40 15 15 41 41 20 18 42 42 19 19 43 43 18 20 44 44 21 21 45 45 19 19 46 46 20 18 47 47 22 22 48 48 21 21 49 49 20 18 50 50 23 23 51 51 21 21 52 52 22 22 53 53 24 24 54 54 23 23 55 55 22 22 56 56 27 25 57 57 26 26 58 58 25 27 59 59 28 28 60 60 26 26 61 61 27 25 62 62 29 29 63 63 28 28 64 64 27 25 65 65 30 30 66 66 28 28 67 67 29 29 68 68 31 31 69 69 30 30 70 70 29 29 71 71 34 32 72 72 33 33 73 73 32 34 74 74 35 35 75 75 33 33 76 76 34 32 77 77 36 36 78 78 35 35 79 79 34 32 80 80 37 37 81 81 35 35 82 82 36 36 83 83 38 38 84 84 37 37 85 85 36 36 86 86 41 39 87 87 40 40 88 88 39 41 89 89 42 42 90 90 40 40 91 91 41 39 92 92 43 43 93 93 42 42 94 94 41 39 95 95 44 44 96 96 42 42 97 97 43 43 98 98 45 45 99 99 44 44 100 100 43 43 101 101 46 46 102 102 45 45 103 103 43 43 104 104 47 47 105 105 45 45 106 106 46 46 107 107 48 48 108 108 47 47 109 109 46 46 110 110 49 49 111 111 47 47 112 112 48 48 113 113 50 50 114 114 49 49 115 115 48 48 116 116 51 51 117 117 50 50 118 118 48 48 119 119 52 52 120 120 50 50 121 121 51 51 122 122 53 53 123 123 52 52 124 124 51 51 125 125 54 54 126 126 52 52 127 127 53 53 128 128 55 55 129 129 54 54 130 130 53 53 131 131 58 56 132 132 57 57 133 133 56 58 134 134 59 59 135 135 57 57 136 136 58 56 137 137 60 60 138 138 59 59 139 139 58 56 140 140 61 61 141 141 59 59 142 142 60 60 143 143 62 62 144 144 61 61 145 145 60 60 146 146 63 63 147 147 17 17 148 148 15 15 149 149 64 64 150 150 17 17 151 151 63 63 152 152 65 65 153 153 64 64 154 154 63 63 155 155 66 66 156 156 64 64 157 157 65 65 158 158 67 67 159 159 66 66 160 160 65 65 161 161 68 68 162 162 8 8 163 163 6 6 164 164 69 69 165 165 8 8 166 166 68 68 167 167 70 70 168 168 69 69 169 169 68 68 170 170 71 71 171 171 69 69 172 172 70 70 173 173 72 72 174 174 71 71 175 175 70 70 176 176 73 73 177 177 72 72 178 178 70 70 179 179 74 74 180 180 72 72 181 181 73 73 182 182 75 75 183 183 74 74 184 184 73 73 185 185 76 76 186 186 74 74 187 187 75 75 188 188 77 77 189 189 76 76 190 190 75 75 191 191 80 78 192 192 79 79 193 193 78 80 194 194 81 81 195 195 79 79 196 196 80 78 197 197 82 82 198 198 81 81 199 199 80 78 200 200 83 83 201 201 81 81 202 202 82 82 203 203 84 84 204 204 83 83 205 205 82 82 206 206 85 85 207 207 84 84 208 208 82 82 209 209 86 86 210 210 84 84 211 211 85 85 212 212 56 58 213 213 86 86 214 214 85 85 215 215 87 87 216 216 86 86 217 217 56 58 218 218 57 57 219 219 87 87 220 220 56 58 221 221 90 88 222 222 89 89 223 223 88 90 224 224 91 91 225 225 89 89 226 226 90 88 227 227 92 92 228 228 91 91 229 229 90 88 230 230 93 93 231 231 91 91 232 232 92 92 233 233 94 94 234 234 93 93 235 235 92 92 236 236 97 95 237 237 96 96 238 238 95 97 239 239 98 98 240 240 96 96 241 241 97 95 242 242 99 99 243 243 98 98 244 244 97 95 245 245 100 100 246 246 98 98 247 247 99 99 248 248 101 101 249 249 100 100 250 250 99 99 251 251 102 102 252 252 94 94 253 253 92 92 254 254 103 103 255 255 94 94 256 256 102 102 257 257 104 104 258 258 103 103 259 259 102 102 260 260 105 105 261 261 103 103 262 262 104 104 263 263 106 106 264 264 105 105 265 265 104 104 266 266 107 107 267 267 106 106 268 268 104 104 269 269 108 108 270 270 106 106 271 271 107 107 272 272 109 109 273 273 108 108 274 274 107 107 275 275 110 110 276 276 108 108 277 277 109 109 278 278 111 111 279 279 110 110 280 280 109 109 281 281 112 112 282 282 111 111 283 283 109 109 284 284 113 113 285 285 111 111 286 286 112 112 287 287 88 90 288 288 113 113 289 289 112 112 290 290 114 114 291 291 113 113 292 292 88 90 293 293 89 89 294 294 114 114 295 295 88 90 296 296 115 115 297 297 31 31 298 298 29 29 299 299 116 116 300 300 31 31 301 301 115 115 302 302 117 117 303 303 116 116 304 304 115 115 305 305 118 118 306 306 116 116 307 307 117 117 308 308 119 119 309 309 118 118 310 310 117 117 311 311 120 120 312 312 119 119 313 313 117 117 314 314 121 121 315 315 119 119 316 316 120 120 317 317 122 122 318 318 121 121 319 319 120 120 320 320 123 123 321 321 121 121 322 322 122 122 323 323 124 124 324 324 123 123 325 325 122 122 326 326 125 125 327 327 124 124 328 328 122 122 329 329 126 126 330 330 124 124 331 331 125 125 332 332 25 27 333 333 126 126 334 334 125 125 335 335 127 127 336 336 126 126 337 337 25 27 338 338 26 26 339 339 127 127 340 340 25 27 341 341 128 128 342 342 101 101 343 343 99 99 344 344 129 129 345 345 101 101 346 346 128 128 347 347 130 130 348 348 129 129 349 349 128 128 350 350 131 131 351 351 129 129 352 352 130 130 353 353 132 132 354 354 131 131 355 355 130 130 356 356 133 133 357 357 24 24 358 358 22 22 359 359 134 134 360 360 24 24 361 361 133 133 362 362 32 34 363 363 134 134 364 364 133 133 365 365 135 135 366 366 134 134 367 367 32 34 368 368 33 33 369 369 135 135 370 370 32 34 371 371 136 136 372 372 132 132 373 373 130 130 374 374 137 137 375 375 132 132 376 376 136 136 377 377 138 138 378 378 137 137 379 379 136 136 380 380 139 139 381 381 137 137 382 382 138 138 383 383 140 140 384 384 139 139 385 385 138 138 386 386 141 141 387 387 140 140 388 388 138 138 389 389 142 142 390 390 140 140 391 391 141 141 392 392 95 97 393 393 142 142 394 394 141 141 395 395 143 143 396 396 142 142 397 397 95 97 398 398 96 96 399 399 143 143 400 400 95 97 401 401 144 144 402 402 35 35 403 403 37 37 404 404 145 145 405 405 35 35 406 406 144 144 407 407 44 44 408 408 145 145 409 409 144 144 410 410 45 45 411 411 145 145 412 412 44 44 413 413 146 146 414 414 37 37 415 415 38 38 416 416 144 144 417 417 37 37 418 418 146 146 419 419 42 42 420 420 144 144 421 421 146 146 422 422 44 44 423 423 144 144 424 424 42 42 425 425 147 147 426 426 140 140 427 427 142 142 428 428 148 148 429 429 140 140 430 430 147 147 431 431 67 67 432 432 148 148 433 433 147 147 434 434 149 149 435 435 148 148 436 436 67 67 437 437 152 150 438 438 151 151 439 439 150 152 440 440 153 153 441 441 151 151 442 442 152 150 443 443 154 154 444 444 153 153 445 445 152 150 446 446 40 40 447 447 153 153 448 448 154 154 449 449 155 155 450 450 150 152 451 451 19 19 452 452 152 150 453 453 150 152 454 454 155 155 455 455 156 156 456 456 152 150 457 457 155 155 458 458 154 154 459 459 152 150 460 460 156 156 461 461 157 157 462 462 89 89 463 463 91 91 464 464 158 158 465 465 89 89 466 466 157 157 467 467 124 124 468 468 158 158 469 469 157 157 470 470 126 126 471 471 158 158 472 472 124 124 473 473 159 159 474 474 23 23 475 475 24 24 476 476 160 160 477 477 23 23 478 478 159 159 479 479 52 52 480 480 160 160 481 481 159 159 482 482 54 54 483 483 160 160 484 484 52 52 485 485 161 161 486 486 12 12 487 487 14 14 488 488 162 162 489 489 12 12 490 490 161 161 491 491 101 101 492 492 162 162 493 493 161 161 494 494 129 129 495 495 162 162 496 496 101 101 497 497 163 163 498 498 134 134 499 499 135 135 500 500 164 164 501 501 134 134 502 502 163 163 503 503 49 49 504 504 164 164 505 505 163 163 506 506 50 50 507 507 164 164 508 508 49 49 509 509 165 165 510 510 135 135 511 511 33 33 512 512 163 163 513 513 135 135 514 514 165 165 515 515 47 47 516 516 163 163 517 517 165 165 518 518 49 49 519 519 163 163 520 520 47 47 521 521 166 166 522 522 94 94 523 523 103 103 524 524 167 167 525 525 94 94 526 526 166 166 527 527 119 119 528 528 167 167 529 529 166 166 530 530 121 121 531 531 167 167 532 532 119 119 533 533 168 168 534 534 111 111 535 535 113 113 536 536 169 169 537 537 111 111 538 538 168 168 539 539 26 26 540 540 169 169 541 541 168 168 542 542 28 28 543 543 169 169 544 544 26 26 545 545 171 170 546 546 170 171 547 547 9 11 548 548 172 172 549 549 170 171 550 550 171 170 551 551 132 132 552 552 172 172 553 553 171 170 554 554 137 137 555 555 172 172 556 556 132 132 557 557 173 173 558 558 96 96 559 559 98 98 560 560 174 174 561 561 96 96 562 562 173 173 563 563 17 17 564 564 174 174 565 565 173 173 566 566 64 64 567 567 174 174 568 568 17 17 569 569 175 175 570 570 106 106 571 571 108 108 572 572 176 176 573 573 106 106 574 574 175 175 575 575 31 31 576 576 176 176 577 577 175 175 578 578 116 116 579 579 176 176 580 580 31 31 581 581 177 177 582 582 0 2 583 583 1 1 584 584 178 178 585 585 0 2 586 586 177 177 587 587 83 83 588 588 178 178 589 589 177 177 590 590 84 84 591 591 178 178 592 592 83 83 593 593 179 179 594 594 1 1 595 595 3 3 596 596 177 177 597 597 1 1 598 598 179 179 599 599 81 81 600 600 177 177 601 601 179 179 602 602 83 83 603 603 177 177 604 604 81 81 605 605 180 180 606 606 5 5 607 607 7 7 608 608 181 181 609 609 5 5 610 610 180 180 611 611 182 182 612 612 181 181 613 613 180 180 614 614 79 79 615 615 181 181 616 616 182 182 617 617 183 183 618 618 7 7 619 619 8 8 620 620 180 180 621 621 7 7 622 622 183 183 623 623 184 184 624 624 180 180 625 625 183 183 626 626 182 182 627 627 180 180 628 628 184 184 629 629 185 185 630 630 71 71 631 631 72 72 632 632 186 186 633 633 71 71 634 634 185 185 635 635 59 59 636 636 186 186 637 637 185 185 638 638 61 61 639 639 186 186 640 640 59 59 641 641 187 187 642 642 74 74 643 643 76 76 644 644 188 188 645 645 74 74 646 646 187 187 647 647 87 87 648 648 188 188 649 649 187 187 650 650 57 57 651 651 188 188 652 652 87 87 653 653 160 160 654 654 21 21 655 655 23 23 656 656 189 189 657 657 21 21 658 658 160 160 659 659 54 54 660 660 189 189 661 661 160 160 662 662 55 55 663 663 189 189 664 664 54 54 665 665 190 190 666 666 67 67 667 667 65 65 668 668 149 149 669 669 67 67 670 670 190 190 671 671 191 191 672 672 149 149 673 673 190 190 674 674 192 192 675 675 149 149 676 676 191 191 677 677 193 193 678 678 76 76 679 679 77 77 680 680 187 187 681 681 76 76 682 682 193 193 683 683 86 86 684 684 187 187 685 685 193 193 686 686 87 87 687 687 187 187 688 688 86 86 689 689 186 186 690 690 69 69 691 691 71 71 692 692 194 194 693 693 69 69 694 694 186 186 695 695 61 61 696 696 194 194 697 697 186 186 698 698 62 62 699 699 194 194 700 700 61 61 701 701 195 195 702 702 77 77 703 703 75 75 704 704 0 2 705 705 77 77 706 706 195 195 707 707 2 0 708 708 0 2 709 709 195 195 710 710 78 80 711 711 184 184 712 712 196 196 713 713 182 182 714 714 184 184 715 715 78 80 716 716 79 79 717 717 182 182 718 718 78 80 719 719 39 41 720 720 156 156 721 721 197 197 722 722 154 154 723 723 156 156 724 724 39 41 725 725 40 40 726 726 154 154 727 727 39 41 728 728 18 20 729 729 151 151 730 730 198 198 731 731 150 152 732 732 151 151 733 733 18 20 734 734 19 19 735 735 150 152 736 736 18 20 737 737 199 199 738 738 132 132 739 739 171 170 740 740 131 131 741 741 132 132 742 742 199 199 743 743 151 151 744 744 146 146 745 745 38 38 746 746 153 153 747 747 146 146 748 748 151 151 749 749 21 21 750 750 155 155 751 751 19 19 752 752 189 189 753 753 155 155 754 754 21 21 755 755 5 5 756 756 179 179 757 757 3 3 758 758 181 181 759 759 179 179 760 760 5 5 761 761 134 134 762 762 159 159 763 763 24 24 764 764 164 164 765 765 159 159 766 766 134 134 767 767 35 35 768 768 165 165 769 769 33 33 770 770 145 145 771 771 165 165 772 772 35 35 773 773 69 69 774 774 183 183 775 775 8 8 776 776 194 194 777 777 183 183 778 778 69 69 779 779 52 52 780 780 164 164 781 781 50 50 782 782 159 159 783 783 164 164 784 784 52 52 785 785 42 42 786 786 153 153 787 787 40 40 788 788 146 146 789 789 153 153 790 790 42 42 791 791 74 74 792 792 185 185 793 793 72 72 794 794 188 188 795 795 185 185 796 796 74 74 797 797 156 156 798 798 189 189 799 799 55 55 800 800 155 155 801 801 189 189 802 802 156 156 803 803 94 94 804 804 200 200 805 805 93 93 806 806 167 167 807 807 200 200 808 808 94 94 809 809 0 2 810 810 193 193 811 811 77 77 812 812 178 178 813 813 193 193 814 814 0 2 815 815 59 59 816 816 188 188 817 817 57 57 818 818 185 185 819 819 188 188 820 820 59 59 821 821 86 86 822 822 178 178 823 823 84 84 824 824 193 193 825 825 178 178 826 826 86 86 827 827 81 81 828 828 181 181 829 829 79 79 830 830 179 179 831 831 181 181 832 832 81 81 833 833 184 184 834 834 194 194 835 835 62 62 836 836 183 183 837 837 194 194 838 838 184 184 839 839 93 93 840 840 157 157 841 841 91 91 842 842 200 200 843 843 157 157 844 844 93 93 845 845 89 89 846 846 201 201 847 847 114 114 848 848 158 158 849 849 201 201 850 850 89 89 851 851 114 114 852 852 168 168 853 853 113 113 854 854 201 201 855 855 168 168 856 856 114 114 857 857 111 111 858 858 202 202 859 859 110 110 860 860 169 169 861 861 202 202 862 862 111 111 863 863 198 198 864 864 38 38 865 865 36 36 866 866 151 151 867 867 38 38 868 868 198 198 869 869 110 110 870 870 175 175 871 871 108 108 872 872 202 202 873 873 175 175 874 874 110 110 875 875 106 106 876 876 203 203 877 877 105 105 878 878 176 176 879 879 203 203 880 880 106 106 881 881 105 105 882 882 166 166 883 883 103 103 884 884 203 203 885 885 166 166 886 886 105 105 887 887 169 169 888 888 30 30 889 889 202 202 890 890 28 28 891 891 30 30 892 892 169 169 893 893 202 202 894 894 31 31 895 895 175 175 896 896 30 30 897 897 31 31 898 898 202 202 899 899 191 191 900 900 170 171 901 901 192 192 902 902 204 204 903 903 170 171 904 904 191 191 905 905 204 204 906 906 9 11 907 907 170 171 908 908 11 9 909 909 9 11 910 910 204 204 911 911 176 176 912 912 118 118 913 913 203 203 914 914 116 116 915 915 118 118 916 916 176 176 917 917 203 203 918 918 119 119 919 919 166 166 920 920 118 118 921 921 119 119 922 922 203 203 923 923 167 167 924 924 123 123 925 925 200 200 926 926 121 121 927 927 123 123 928 928 167 167 929 929 200 200 930 930 124 124 931 931 157 157 932 932 123 123 933 933 124 124 934 934 200 200 935 935 158 158 936 936 127 127 937 937 201 201 938 938 126 126 939 939 127 127 940 940 158 158 941 941 201 201 942 942 26 26 943 943 168 168 944 944 127 127 945 945 26 26 946 946 201 201 947 947 139 139 948 948 172 172 949 949 137 137 950 950 205 205 951 951 172 172 952 952 139 139 953 953 140 140 954 954 205 205 955 955 139 139 956 956 148 148 957 957 205 205 958 958 140 140 959 959 143 143 960 960 147 147 961 961 142 142 962 962 206 206 963 963 147 147 964 964 143 143 965 965 96 96 966 966 206 206 967 967 143 143 968 968 174 174 969 969 206 206 970 970 96 96 971 971 162 162 972 972 131 131 973 973 199 199 974 974 129 129 975 975 131 131 976 976 162 162 977 977 196 196 978 978 62 62 979 979 60 60 980 980 184 184 981 981 62 62 982 982 196 196 983 983 100 100 984 984 173 173 985 985 98 98 986 986 207 207 987 987 173 173 988 988 100 100 989 989 101 101 990 990 207 207 991 991 100 100 992 992 161 161 993 993 207 207 994 994 101 101 995 995 67 67 996 996 206 206 997 997 66 66 998 998 147 147 999 999 206 206 1000 1000 67 67 1001 1001 66 66 1002 1002 174 174 1003 1003 64 64 1004 1004 206 206 1005 1005 174 174 1006 1006 66 66 1007 1007 17 17 1008 1008 207 207 1009 1009 16 16 1010 1010 173 173 1011 1011 207 207 1012 1012 17 17 1013 1013 16 16 1014 1014 161 161 1015 1015 14 14 1016 1016 207 207 1017 1017 161 161 1018 1018 16 16 1019 1019 12 12 1020 1020 199 199 1021 1021 10 10 1022 1022 162 162 1023 1023 199 199 1024 1024 12 12 1025 1025 10 10 1026 1026 171 170 1027 1027 9 11 1028 1028 199 199 1029 1029 171 170 1030 1030 10 10 1031 1031 170 171 1032 1032 205 205 1033 1033 192 192 1034 1034 172 172 1035 1035 205 205 1036 1036 170 171 1037 1037 192 192 1038 1038 148 148 1039 1039 149 149 1040 1040 205 205 1041 1041 148 148 1042 1042 192 192 1043 1043 47 47 1044 1044 145 145 1045 1045 45 45 1046 1046 165 165 1047 1047 145 145 1048 1048 47 47 1049 1049 197 197 1050 1050 55 55 1051 1051 53 53 1052 1052 156 156 1053 1053 55 55 1054 1054 197 197 1055 1055</p>
        </triangles>
      </mesh>
    </geometry>
  </library_geometries>
  <library_controllers>
    <controller id="Armature_polygon2-skin" name="Armature">
      <skin source="#polygon2-mesh">
        <bind_shape_matrix>1 0 0 0 0 1 -1.42109e-14 0 0 1.42109e-14 1 0 0 0 0 1</bind_shape_matrix>
        <source id="Armature_polygon2-skin-joints">
          <Name_array id="Armature_polygon2-skin-joints-array" count="1">se_kart_all</Name_array>
          <technique_common>
            <accessor source="#Armature_polygon2-skin-joints-array" count="1" stride="1">
              <param name="JOINT" type="name"/>
            </accessor>
          </technique_common>
        </source>
        <source id="Armature_polygon2-skin-bind_poses">
          <float_array id="Armature_polygon2-skin-bind_poses-array" count="16">100 0 0 0 0 -1.62921e-5 100 0 0 -100 -1.62921e-5 0 0 0 0 1</float_array>
          <technique_common>
            <accessor source="#Armature_polygon2-skin-bind_poses-array" count="1" stride="16">
              <param name="TRANSFORM" type="float4x4"/>
            </accessor>
          </technique_common>
        </source>
        <source id="Armature_polygon2-skin-weights">
          <float_array id="Armature_polygon2-skin-weights-array" count="553">1 1 1 1 1 1 1 1 1 1 1 1 1 1 1 1 1 1 1 1 1 1 1 1 1 1 1 1 1 1 1 1 1 1 1 1 1 1 1 1 1 1 1 1 1 1 1 1 1 1 1 1 1 1 1 1 1 1 1 1 1 1 1 1 1 1 1 1 1 1 1 1 1 1 1 1 1 1 1 1 1 1 1 1 1 1 1 1 1 1 1 1 1 1 1 1 1 1 1 1 1 1 1 1 1 1 1 1 1 1 1 1 1 1 1 1 1 1 1 1 1 1 1 1 1 1 1 1 1 1 1 1 1 1 1 1 1 1 1 1 1 1 1 1 1 1 1 1 1 1 1 1 1 1 1 1 1 1 1 1 1 1 1 1 1 1 1 1 1 1 1 1 1 1 1 1 1 1 1 1 1 1 1 1 1 1 1 1 1 1 1 1 1 1 1 1 1 1 1 1 1 1 1 1 1 1 1 1 1 1 1 1 1 1 1 1 1 1 1 1 1 1 1 1 1 1 1 1 1 1 1 1 1 1 1 1 1 1 1 1 1 1 1 1 1 1 1 1 1 1 1 1 1 1 1 1 1 1 1 1 1 1 1 1 1 1 1 1 1 1 1 1 1 1 1 1 1 1 1 1 1 1 1 1 1 1 1 1 1 1 1 1 1 1 1 1 1 1 1 1 1 1 1 1 1 1 1 1 1 1 1 1 1 1 1 1 1 1 1 1 1 1 1 1 1 1 1 1 1 1 1 1 1 1 1 1 1 1 1 1 1 1 1 1 1 1 1 1 1 1 1 1 1 1 1 1 1 1 1 1 1 1 1 1 1 1 1 1 1 1 1 1 1 1 1 1 1 1 1 1 1 1 1 1 1 1 1 1 1 1 1 1 1 1 1 1 1 1 1 1 1 1 1 1 1 1 1 1 1 1 1 1 1 1 1 1 1 1 1 1 1 1 1 1 1 1 1 1 1 1 1 1 1 1 1 1 1 1 1 1 1 1 1 1 1 1 1 1 1 1 1 1 1 1 1 1 1 1 1 1 1 1 1 1 1 1 1 1 1 1 1 1 1 1 1 1 1 1 1 1 1 1 1 1 1 1 1 1 1 1 1 1 1 1 1 1 1 1 1 1 1 1 1 1 1 1 1 1 1 1 1 1 1 1 1 1 1 1 1 1 1 1 1 1 1 1 1 1 1 1 1 1 1 1 1 1 1 1 1 1 1 1 1 1 1 1 1 1 1 1 1 1 1</float_array>
          <technique_common>
            <accessor source="#Armature_polygon2-skin-weights-array" count="553" stride="1">
              <param name="WEIGHT" type="float"/>
            </accessor>
          </technique_common>
        </source>
        <joints>
          <input semantic="JOINT" source="#Armature_polygon2-skin-joints"/>
          <input semantic="INV_BIND_MATRIX" source="#Armature_polygon2-skin-bind_poses"/>
        </joints>
        <vertex_weights count="553">
          <input semantic="JOINT" source="#Armature_polygon2-skin-joints" offset="0"/>
          <input semantic="WEIGHT" source="#Armature_polygon2-skin-weights" offset="1"/>
          <vcount>1 1 1 1 1 1 1 1 1 1 1 1 1 1 1 1 1 1 1 1 1 1 1 1 1 1 1 1 1 1 1 1 1 1 1 1 1 1 1 1 1 1 1 1 1 1 1 1 1 1 1 1 1 1 1 1 1 1 1 1 1 1 1 1 1 1 1 1 1 1 1 1 1 1 1 1 1 1 1 1 1 1 1 1 1 1 1 1 1 1 1 1 1 1 1 1 1 1 1 1 1 1 1 1 1 1 1 1 1 1 1 1 1 1 1 1 1 1 1 1 1 1 1 1 1 1 1 1 1 1 1 1 1 1 1 1 1 1 1 1 1 1 1 1 1 1 1 1 1 1 1 1 1 1 1 1 1 1 1 1 1 1 1 1 1 1 1 1 1 1 1 1 1 1 1 1 1 1 1 1 1 1 1 1 1 1 1 1 1 1 1 1 1 1 1 1 1 1 1 1 1 1 1 1 1 1 1 1 1 1 1 1 1 1 1 1 1 1 1 1 1 1 1 1 1 1 1 1 1 1 1 1 1 1 1 1 1 1 1 1 1 1 1 1 1 1 1 1 1 1 1 1 1 1 1 1 1 1 1 1 1 1 1 1 1 1 1 1 1 1 1 1 1 1 1 1 1 1 1 1 1 1 1 1 1 1 1 1 1 1 1 1 1 1 1 1 1 1 1 1 1 1 1 1 1 1 1 1 1 1 1 1 1 1 1 1 1 1 1 1 1 1 1 1 1 1 1 1 1 1 1 1 1 1 1 1 1 1 1 1 1 1 1 1 1 1 1 1 1 1 1 1 1 1 1 1 1 1 1 1 1 1 1 1 1 1 1 1 1 1 1 1 1 1 1 1 1 1 1 1 1 1 1 1 1 1 1 1 1 1 1 1 1 1 1 1 1 1 1 1 1 1 1 1 1 1 1 1 1 1 1 1 1 1 1 1 1 1 1 1 1 1 1 1 1 1 1 1 1 1 1 1 1 1 1 1 1 1 1 1 1 1 1 1 1 1 1 1 1 1 1 1 1 1 1 1 1 1 1 1 1 1 1 1 1 1 1 1 1 1 1 1 1 1 1 1 1 1 1 1 1 1 1 1 1 1 1 1 1 1 1 1 1 1 1 1 1 1 1 1 1 1 1 1 1 1 1 1 1 1 1 1 1 1 1 1 1 1 1 1 1 1 1 1 1 1 1 1 1 1 1 1 1 1 1 1 1 1 1 1 1 1 1 1 1 1 1 1 1 1 1 1 1 </vcount>
          <v>0 0 0 1 0 2 0 3 0 4 0 5 0 6 0 7 0 8 0 9 0 10 0 11 0 12 0 13 0 14 0 15 0 16 0 17 0 18 0 19 0 20 0 21 0 22 0 23 0 24 0 25 0 26 0 27 0 28 0 29 0 30 0 31 0 32 0 33 0 34 0 35 0 36 0 37 0 38 0 39 0 40 0 41 0 42 0 43 0 44 0 45 0 46 0 47 0 48 0 49 0 50 0 51 0 52 0 53 0 54 0 55 0 56 0 57 0 58 0 59 0 60 0 61 0 62 0 63 0 64 0 65 0 66 0 67 0 68 0 69 0 70 0 71 0 72 0 73 0 74 0 75 0 76 0 77 0 78 0 79 0 80 0 81 0 82 0 83 0 84 0 85 0 86 0 87 0 88 0 89 0 90 0 91 0 92 0 93 0 94 0 95 0 96 0 97 0 98 0 99 0 100 0 101 0 102 0 103 0 104 0 105 0 106 0 107 0 108 0 109 0 110 0 111 0 112 0 113 0 114 0 115 0 116 0 117 0 118 0 119 0 120 0 121 0 122 0 123 0 124 0 125 0 126 0 127 0 128 0 129 0 130 0 131 0 132 0 133 0 134 0 135 0 136 0 137 0 138 0 139 0 140 0 141 0 142 0 143 0 144 0 145 0 146 0 147 0 148 0 149 0 150 0 151 0 152 0 153 0 154 0 155 0 156 0 157 0 158 0 159 0 160 0 161 0 162 0 163 0 164 0 165 0 166 0 167 0 168 0 169 0 170 0 171 0 172 0 173 0 174 0 175 0 176 0 177 0 178 0 179 0 180 0 181 0 182 0 183 0 184 0 185 0 186 0 187 0 188 0 189 0 190 0 191 0 192 0 193 0 194 0 195 0 196 0 197 0 198 0 199 0 200 0 201 0 202 0 203 0 204 0 205 0 206 0 207 0 208 0 209 0 210 0 211 0 212 0 213 0 214 0 215 0 216 0 217 0 218 0 219 0 220 0 221 0 222 0 223 0 224 0 225 0 226 0 227 0 228 0 229 0 230 0 231 0 232 0 233 0 234 0 235 0 236 0 237 0 238 0 239 0 240 0 241 0 242 0 243 0 244 0 245 0 246 0 247 0 248 0 249 0 250 0 251 0 252 0 253 0 254 0 255 0 256 0 257 0 258 0 259 0 260 0 261 0 262 0 263 0 264 0 265 0 266 0 267 0 268 0 269 0 270 0 271 0 272 0 273 0 274 0 275 0 276 0 277 0 278 0 279 0 280 0 281 0 282 0 283 0 284 0 285 0 286 0 287 0 288 0 289 0 290 0 291 0 292 0 293 0 294 0 295 0 296 0 297 0 298 0 299 0 300 0 301 0 302 0 303 0 304 0 305 0 306 0 307 0 308 0 309 0 310 0 311 0 312 0 313 0 314 0 315 0 316 0 317 0 318 0 319 0 320 0 321 0 322 0 323 0 324 0 325 0 326 0 327 0 328 0 329 0 330 0 331 0 332 0 333 0 334 0 335 0 336 0 337 0 338 0 339 0 340 0 341 0 342 0 343 0 344 0 345 0 346 0 347 0 348 0 349 0 350 0 351 0 352 0 353 0 354 0 355 0 356 0 357 0 358 0 359 0 360 0 361 0 362 0 363 0 364 0 365 0 366 0 367 0 368 0 369 0 370 0 371 0 372 0 373 0 374 0 375 0 376 0 377 0 378 0 379 0 380 0 381 0 382 0 383 0 384 0 385 0 386 0 387 0 388 0 389 0 390 0 391 0 392 0 393 0 394 0 395 0 396 0 397 0 398 0 399 0 400 0 401 0 402 0 403 0 404 0 405 0 406 0 407 0 408 0 409 0 410 0 411 0 412 0 413 0 414 0 415 0 416 0 417 0 418 0 419 0 420 0 421 0 422 0 423 0 424 0 425 0 426 0 427 0 428 0 429 0 430 0 431 0 432 0 433 0 434 0 435 0 436 0 437 0 438 0 439 0 440 0 441 0 442 0 443 0 444 0 445 0 446 0 447 0 448 0 449 0 450 0 451 0 452 0 453 0 454 0 455 0 456 0 457 0 458 0 459 0 460 0 461 0 462 0 463 0 464 0 465 0 466 0 467 0 468 0 469 0 470 0 471 0 472 0 473 0 474 0 475 0 476 0 477 0 478 0 479 0 480 0 481 0 482 0 483 0 484 0 485 0 486 0 487 0 488 0 489 0 490 0 491 0 492 0 493 0 494 0 495 0 496 0 497 0 498 0 499 0 500 0 501 0 502 0 503 0 504 0 505 0 506 0 507 0 508 0 509 0 510 0 511 0 512 0 513 0 514 0 515 0 516 0 517 0 518 0 519 0 520 0 521 0 522 0 523 0 524 0 525 0 526 0 527 0 528 0 529 0 530 0 531 0 532 0 533 0 534 0 535 0 536 0 537 0 538 0 539 0 540 0 541 0 542 0 543 0 544 0 545 0 546 0 547 0 548 0 549 0 550 0 551 0 552</v>
        </vertex_weights>
      </skin>
    </controller>
    <controller id="Armature_polygon1-skin" name="Armature">
      <skin source="#polygon1-mesh">
        <bind_shape_matrix>1 0 0 0 0 1 -1.42109e-14 0 0 1.42109e-14 1 0 0 0 0 1</bind_shape_matrix>
        <source id="Armature_polygon1-skin-joints">
          <Name_array id="Armature_polygon1-skin-joints-array" count="1">se_kart_all</Name_array>
          <technique_common>
            <accessor source="#Armature_polygon1-skin-joints-array" count="1" stride="1">
              <param name="JOINT" type="name"/>
            </accessor>
          </technique_common>
        </source>
        <source id="Armature_polygon1-skin-bind_poses">
          <float_array id="Armature_polygon1-skin-bind_poses-array" count="16">100 0 0 0 0 -1.62921e-5 100 0 0 -100 -1.62921e-5 0 0 0 0 1</float_array>
          <technique_common>
            <accessor source="#Armature_polygon1-skin-bind_poses-array" count="1" stride="16">
              <param name="TRANSFORM" type="float4x4"/>
            </accessor>
          </technique_common>
        </source>
        <source id="Armature_polygon1-skin-weights">
          <float_array id="Armature_polygon1-skin-weights-array" count="136">1 1 1 1 1 1 1 1 1 1 1 1 1 1 1 1 1 1 1 1 1 1 1 1 1 1 1 1 1 1 1 1 1 1 1 1 1 1 1 1 1 1 1 1 1 1 1 1 1 1 1 1 1 1 1 1 1 1 1 1 1 1 1 1 1 1 1 1 1 1 1 1 1 1 1 1 1 1 1 1 1 1 1 1 1 1 1 1 1 1 1 1 1 1 1 1 1 1 1 1 1 1 1 1 1 1 1 1 1 1 1 1 1 1 1 1 1 1 1 1 1 1 1 1 1 1 1 1 1 1 1 1 1 1 1 1</float_array>
          <technique_common>
            <accessor source="#Armature_polygon1-skin-weights-array" count="136" stride="1">
              <param name="WEIGHT" type="float"/>
            </accessor>
          </technique_common>
        </source>
        <joints>
          <input semantic="JOINT" source="#Armature_polygon1-skin-joints"/>
          <input semantic="INV_BIND_MATRIX" source="#Armature_polygon1-skin-bind_poses"/>
        </joints>
        <vertex_weights count="136">
          <input semantic="JOINT" source="#Armature_polygon1-skin-joints" offset="0"/>
          <input semantic="WEIGHT" source="#Armature_polygon1-skin-weights" offset="1"/>
          <vcount>1 1 1 1 1 1 1 1 1 1 1 1 1 1 1 1 1 1 1 1 1 1 1 1 1 1 1 1 1 1 1 1 1 1 1 1 1 1 1 1 1 1 1 1 1 1 1 1 1 1 1 1 1 1 1 1 1 1 1 1 1 1 1 1 1 1 1 1 1 1 1 1 1 1 1 1 1 1 1 1 1 1 1 1 1 1 1 1 1 1 1 1 1 1 1 1 1 1 1 1 1 1 1 1 1 1 1 1 1 1 1 1 1 1 1 1 1 1 1 1 1 1 1 1 1 1 1 1 1 1 1 1 1 1 1 1 </vcount>
          <v>0 0 0 1 0 2 0 3 0 4 0 5 0 6 0 7 0 8 0 9 0 10 0 11 0 12 0 13 0 14 0 15 0 16 0 17 0 18 0 19 0 20 0 21 0 22 0 23 0 24 0 25 0 26 0 27 0 28 0 29 0 30 0 31 0 32 0 33 0 34 0 35 0 36 0 37 0 38 0 39 0 40 0 41 0 42 0 43 0 44 0 45 0 46 0 47 0 48 0 49 0 50 0 51 0 52 0 53 0 54 0 55 0 56 0 57 0 58 0 59 0 60 0 61 0 62 0 63 0 64 0 65 0 66 0 67 0 68 0 69 0 70 0 71 0 72 0 73 0 74 0 75 0 76 0 77 0 78 0 79 0 80 0 81 0 82 0 83 0 84 0 85 0 86 0 87 0 88 0 89 0 90 0 91 0 92 0 93 0 94 0 95 0 96 0 97 0 98 0 99 0 100 0 101 0 102 0 103 0 104 0 105 0 106 0 107 0 108 0 109 0 110 0 111 0 112 0 113 0 114 0 115 0 116 0 117 0 118 0 119 0 120 0 121 0 122 0 123 0 124 0 125 0 126 0 127 0 128 0 129 0 130 0 131 0 132 0 133 0 134 0 135</v>
        </vertex_weights>
      </skin>
    </controller>
    <controller id="Armature_polygon0-skin" name="Armature">
      <skin source="#polygon0-mesh">
        <bind_shape_matrix>1 0 0 0 0 1 -1.42109e-14 0 0 1.42109e-14 1 0 0 0 0 1</bind_shape_matrix>
        <source id="Armature_polygon0-skin-joints">
          <Name_array id="Armature_polygon0-skin-joints-array" count="1">se_kart_all</Name_array>
          <technique_common>
            <accessor source="#Armature_polygon0-skin-joints-array" count="1" stride="1">
              <param name="JOINT" type="name"/>
            </accessor>
          </technique_common>
        </source>
        <source id="Armature_polygon0-skin-bind_poses">
          <float_array id="Armature_polygon0-skin-bind_poses-array" count="16">100 0 0 0 0 -1.62921e-5 100 0 0 -100 -1.62921e-5 0 0 0 0 1</float_array>
          <technique_common>
            <accessor source="#Armature_polygon0-skin-bind_poses-array" count="1" stride="16">
              <param name="TRANSFORM" type="float4x4"/>
            </accessor>
          </technique_common>
        </source>
        <source id="Armature_polygon0-skin-weights">
          <float_array id="Armature_polygon0-skin-weights-array" count="208">1 1 1 1 1 1 1 1 1 1 1 1 1 1 1 1 1 1 1 1 1 1 1 1 1 1 1 1 1 1 1 1 1 1 1 1 1 1 1 1 1 1 1 1 1 1 1 1 1 1 1 1 1 1 1 1 1 1 1 1 1 1 1 1 1 1 1 1 1 1 1 1 1 1 1 1 1 1 1 1 1 1 1 1 1 1 1 1 1 1 1 1 1 1 1 1 1 1 1 1 1 1 1 1 1 1 1 1 1 1 1 1 1 1 1 1 1 1 1 1 1 1 1 1 1 1 1 1 1 1 1 1 1 1 1 1 1 1 1 1 1 1 1 1 1 1 1 1 1 1 1 1 1 1 1 1 1 1 1 1 1 1 1 1 1 1 1 1 1 1 1 1 1 1 1 1 1 1 1 1 1 1 1 1 1 1 1 1 1 1 1 1 1 1 1 1 1 1 1 1 1 1 1 1 1 1 1 1</float_array>
          <technique_common>
            <accessor source="#Armature_polygon0-skin-weights-array" count="208" stride="1">
              <param name="WEIGHT" type="float"/>
            </accessor>
          </technique_common>
        </source>
        <joints>
          <input semantic="JOINT" source="#Armature_polygon0-skin-joints"/>
          <input semantic="INV_BIND_MATRIX" source="#Armature_polygon0-skin-bind_poses"/>
        </joints>
        <vertex_weights count="208">
          <input semantic="JOINT" source="#Armature_polygon0-skin-joints" offset="0"/>
          <input semantic="WEIGHT" source="#Armature_polygon0-skin-weights" offset="1"/>
          <vcount>1 1 1 1 1 1 1 1 1 1 1 1 1 1 1 1 1 1 1 1 1 1 1 1 1 1 1 1 1 1 1 1 1 1 1 1 1 1 1 1 1 1 1 1 1 1 1 1 1 1 1 1 1 1 1 1 1 1 1 1 1 1 1 1 1 1 1 1 1 1 1 1 1 1 1 1 1 1 1 1 1 1 1 1 1 1 1 1 1 1 1 1 1 1 1 1 1 1 1 1 1 1 1 1 1 1 1 1 1 1 1 1 1 1 1 1 1 1 1 1 1 1 1 1 1 1 1 1 1 1 1 1 1 1 1 1 1 1 1 1 1 1 1 1 1 1 1 1 1 1 1 1 1 1 1 1 1 1 1 1 1 1 1 1 1 1 1 1 1 1 1 1 1 1 1 1 1 1 1 1 1 1 1 1 1 1 1 1 1 1 1 1 1 1 1 1 1 1 1 1 1 1 1 1 1 1 1 1 </vcount>
          <v>0 0 0 1 0 2 0 3 0 4 0 5 0 6 0 7 0 8 0 9 0 10 0 11 0 12 0 13 0 14 0 15 0 16 0 17 0 18 0 19 0 20 0 21 0 22 0 23 0 24 0 25 0 26 0 27 0 28 0 29 0 30 0 31 0 32 0 33 0 34 0 35 0 36 0 37 0 38 0 39 0 40 0 41 0 42 0 43 0 44 0 45 0 46 0 47 0 48 0 49 0 50 0 51 0 52 0 53 0 54 0 55 0 56 0 57 0 58 0 59 0 60 0 61 0 62 0 63 0 64 0 65 0 66 0 67 0 68 0 69 0 70 0 71 0 72 0 73 0 74 0 75 0 76 0 77 0 78 0 79 0 80 0 81 0 82 0 83 0 84 0 85 0 86 0 87 0 88 0 89 0 90 0 91 0 92 0 93 0 94 0 95 0 96 0 97 0 98 0 99 0 100 0 101 0 102 0 103 0 104 0 105 0 106 0 107 0 108 0 109 0 110 0 111 0 112 0 113 0 114 0 115 0 116 0 117 0 118 0 119 0 120 0 121 0 122 0 123 0 124 0 125 0 126 0 127 0 128 0 129 0 130 0 131 0 132 0 133 0 134 0 135 0 136 0 137 0 138 0 139 0 140 0 141 0 142 0 143 0 144 0 145 0 146 0 147 0 148 0 149 0 150 0 151 0 152 0 153 0 154 0 155 0 156 0 157 0 158 0 159 0 160 0 161 0 162 0 163 0 164 0 165 0 166 0 167 0 168 0 169 0 170 0 171 0 172 0 173 0 174 0 175 0 176 0 177 0 178 0 179 0 180 0 181 0 182 0 183 0 184 0 185 0 186 0 187 0 188 0 189 0 190 0 191 0 192 0 193 0 194 0 195 0 196 0 197 0 198 0 199 0 200 0 201 0 202 0 203 0 204 0 205 0 206 0 207</v>
        </vertex_weights>
      </skin>
    </controller>
  </library_controllers>
  <library_visual_scenes>
    <visual_scene id="Scene" name="Scene">
      <node id="Armature" name="Armature" type="NODE">
        <matrix sid="transform">0.01 0 0 0 0 -1.62921e-9 -0.01 0 0 0.01 -1.62921e-9 0 0 0 0 1</matrix>
        <node id="Armature_se_kart_all" name="se_kart_all" sid="se_kart_all" type="JOINT">
          <matrix sid="transform">1 0 0 0 0 1 0 0 0 0 1 0 0 0 0 1</matrix>
          <extra>
            <technique profile="blender">
              <layer sid="layer" type="string">0</layer>
              <tip_x sid="tip_x" type="float">0</tip_x>
              <tip_y sid="tip_y" type="float">1</tip_y>
              <tip_z sid="tip_z" type="float">0</tip_z>
            </technique>
          </extra>
        </node>
        <node id="polygon0" name="polygon0" type="NODE">
          <matrix sid="transform">1 0 0 0 0 1 0 0 0 0 1 0 0 0 0 1</matrix>
          <instance_controller url="#Armature_polygon0-skin">
            <skeleton>#Armature_se_kart_all</skeleton>
            <bind_material>
              <technique_common>
                <instance_material symbol="mat_tire-material" target="#mat_tire-material">
                  <bind_vertex_input semantic="polygon0_UVs0" input_semantic="TEXCOORD" input_set="0"/>
                </instance_material>
              </technique_common>
            </bind_material>
          </instance_controller>
        </node>
        <node id="polygon1" name="polygon1" type="NODE">
          <matrix sid="transform">1 0 0 0 0 1 0 0 0 0 1 0 0 0 0 1</matrix>
          <instance_controller url="#Armature_polygon1-skin">
            <skeleton>#Armature_se_kart_all</skeleton>
            <bind_material>
              <technique_common>
                <instance_material symbol="mat_tire_rim-material" target="#mat_tire_rim-material">
                  <bind_vertex_input semantic="polygon1_UVs0" input_semantic="TEXCOORD" input_set="0"/>
                </instance_material>
              </technique_common>
            </bind_material>
          </instance_controller>
        </node>
        <node id="polygon2" name="polygon2" type="NODE">
          <matrix sid="transform">1 0 0 0 0 1 0 0 0 0 1 0 0 0 0 1</matrix>
          <instance_controller url="#Armature_polygon2-skin">
            <skeleton>#Armature_se_kart_all</skeleton>
            <bind_material>
              <technique_common>
                <instance_material symbol="mat_body-material" target="#mat_body-material">
                  <bind_vertex_input semantic="polygon2_UVs0" input_semantic="TEXCOORD" input_set="0"/>
                </instance_material>
              </technique_common>
            </bind_material>
          </instance_controller>
        </node>
      </node>
    </visual_scene>
  </library_visual_scenes>
  <scene>
    <instance_visual_scene url="#Scene"/>
  </scene>
</COLLADA>