<?xml version="1.0" encoding="utf-8"?>
<COLLADA xmlns="http://www.collada.org/2005/11/COLLADASchema" version="1.4.1" xmlns:xsi="http://www.w3.org/2001/XMLSchema-instance">
  <asset>
    <contributor>
      <author>Blender User</author>
      <authoring_tool>Blender 3.6.5 commit date:2023-10-16, commit time:14:30, hash:cf1e1ed46b7e</authoring_tool>
    </contributor>
    <created>2024-06-05T15:00:40</created>
    <modified>2024-06-05T15:00:40</modified>
    <unit name="meter" meter="1"/>
    <up_axis>Z_UP</up_axis>
  </asset>
  <library_effects>
    <effect id="mat_screen-effect">
      <profile_COMMON>
        <newparam sid="metal_png-surface">
          <surface type="2D">
            <init_from>metal_png</init_from>
          </surface>
        </newparam>
        <newparam sid="metal_png-sampler">
          <sampler2D>
            <source>metal_png-surface</source>
          </sampler2D>
        </newparam>
        <technique sid="common">
          <lambert>
            <emission>
              <color sid="emission">0 0 0 1</color>
            </emission>
            <diffuse>
              <texture texture="metal_png-sampler" texcoord="polygon2_UVs0"/>
            </diffuse>
            <index_of_refraction>
              <float sid="ior">1.45</float>
            </index_of_refraction>
          </lambert>
        </technique>
      </profile_COMMON>
    </effect>
    <effect id="mat_tire-effect">
      <profile_COMMON>
        <newparam sid="tire_dk-kp-wr-wl_png-surface">
          <surface type="2D">
            <init_from>tire_dk-kp-wr-wl_png</init_from>
          </surface>
        </newparam>
        <newparam sid="tire_dk-kp-wr-wl_png-sampler">
          <sampler2D>
            <source>tire_dk-kp-wr-wl_png-surface</source>
          </sampler2D>
        </newparam>
        <technique sid="common">
          <lambert>
            <emission>
              <color sid="emission">0 0 0 1</color>
            </emission>
            <diffuse>
              <texture texture="tire_dk-kp-wr-wl_png-sampler" texcoord="polygon1_UVs0"/>
            </diffuse>
            <index_of_refraction>
              <float sid="ior">1.45</float>
            </index_of_refraction>
          </lambert>
        </technique>
      </profile_COMMON>
    </effect>
    <effect id="mat_body-effect">
      <profile_COMMON>
        <newparam sid="body_wr__fix__png-surface">
          <surface type="2D">
            <init_from>body_wr__fix__png</init_from>
          </surface>
        </newparam>
        <newparam sid="body_wr__fix__png-sampler">
          <sampler2D>
            <source>body_wr__fix__png-surface</source>
          </sampler2D>
        </newparam>
        <technique sid="common">
          <lambert>
            <emission>
              <color sid="emission">0 0 0 1</color>
            </emission>
            <diffuse>
              <texture texture="body_wr__fix__png-sampler" texcoord="polygon0_UVs0"/>
            </diffuse>
            <index_of_refraction>
              <float sid="ior">1.45</float>
            </index_of_refraction>
          </lambert>
        </technique>
      </profile_COMMON>
    </effect>
  </library_effects>
  <library_images>
    <image id="body_wr__fix__png" name="body_wr__fix__png">
      <init_from>body_wr%20(fix).png</init_from>
    </image>
    <image id="metal_png" name="metal_png">
      <init_from>metal.png</init_from>
    </image>
    <image id="tire_dk-kp-wr-wl_png" name="tire_dk-kp-wr-wl_png">
      <init_from>tire_dk-kp-wr-wl.png</init_from>
    </image>
  </library_images>
  <library_materials>
    <material id="mat_screen-material" name="mat_screen">
      <instance_effect url="#mat_screen-effect"/>
    </material>
    <material id="mat_tire-material" name="mat_tire">
      <instance_effect url="#mat_tire-effect"/>
    </material>
    <material id="mat_body-material" name="mat_body">
      <instance_effect url="#mat_body-effect"/>
    </material>
  </library_materials>
  <library_geometries>
    <geometry id="polygon2-mesh" name="polygon2">
      <mesh>
        <source id="polygon2-mesh-positions">
          <float_array id="polygon2-mesh-positions-array" count="51">26.98478 113.49 78.4769 15.08629 102.2245 91.45916 18.76527 119.839 85.47688 8.081738 96.60621 94.41071 0.06182497 118.7933 90.16162 0.06182599 96.10434 97.29341 -7.958088 96.60621 94.41071 28.46271 119.6254 62.48204 22.59714 127.6225 65.72698 14.76713 132.0707 68.81552 0.061827 134.268 70.6755 -18.64161 119.839 85.47688 -14.64348 132.0706 68.81552 -22.47349 127.6225 65.72698 -14.96264 102.2216 91.4512 -26.86113 113.49 78.4769 -28.33906 119.6254 62.48205</float_array>
          <technique_common>
            <accessor source="#polygon2-mesh-positions-array" count="17" stride="3">
              <param name="X" type="float"/>
              <param name="Y" type="float"/>
              <param name="Z" type="float"/>
            </accessor>
          </technique_common>
        </source>
        <source id="polygon2-mesh-normals">
          <float_array id="polygon2-mesh-normals-array" count="51">0.4247015 0.5554023 0.7149525 0.4492117 0.2017768 0.8703418 0.7855891 0.4027156 0.4697553 0.2331638 0.2772834 0.9320669 -5.7593e-6 0.4728838 0.8811249 0 0.2998638 0.9539821 -0.2337568 0.2769765 0.9320096 0.7205014 0.600717 0.3464344 0.8255507 0.4971743 0.2669904 0.3873244 0.7850451 0.4834087 0 0.8059244 0.5920187 -0.4249933 0.5551725 0.7149576 -0.3873244 0.7850451 0.4834087 -0.7204996 0.6007196 0.3464339 -0.4500115 0.201093 0.870087 -0.7856178 0.4026045 0.4698024 -0.8255504 0.4971744 0.2669909</float_array>
          <technique_common>
            <accessor source="#polygon2-mesh-normals-array" count="17" stride="3">
              <param name="X" type="float"/>
              <param name="Y" type="float"/>
              <param name="Z" type="float"/>
            </accessor>
          </technique_common>
        </source>
        <source id="polygon2-mesh-map-0">
          <float_array id="polygon2-mesh-map-0-array" count="108">0.203125 0.5898438 0.2070313 0.5898438 0.2070313 0.5859375 0.2070313 0.5976563 0.2070313 0.5898438 0.203125 0.5898438 0.203125 0.6015625 0.2070313 0.5976563 0.203125 0.5898438 0.2070313 0.6015625 0.2070313 0.5976563 0.203125 0.6015625 0.2070313 0.5976563 0.2070313 0.6015625 0.203125 0.6015625 0.203125 0.5859375 0.2070313 0.5859375 0.203125 0.5859375 0.203125 0.5898438 0.2070313 0.5859375 0.203125 0.5859375 0.1992188 0.5898438 0.203125 0.5898438 0.203125 0.5859375 0.1992188 0.6015625 0.203125 0.5898438 0.1992188 0.5898438 0.1992188 0.6015625 0.203125 0.6015625 0.203125 0.5898438 0.203125 0.5898438 0.203125 0.6015625 0.1992188 0.6015625 0.1992188 0.5898438 0.203125 0.5898438 0.1992188 0.6015625 0.203125 0.5859375 0.203125 0.5898438 0.1992188 0.5898438 0.203125 0.5898438 0.2070313 0.5976563 0.203125 0.6015625 0.2070313 0.5898438 0.2070313 0.5976563 0.203125 0.5898438 0.2070313 0.5859375 0.2070313 0.5898438 0.203125 0.5898438 0.203125 0.5859375 0.2070313 0.5859375 0.203125 0.5898438 0.203125 0.5859375 0.2070313 0.5859375 0.203125 0.5859375</float_array>
          <technique_common>
            <accessor source="#polygon2-mesh-map-0-array" count="54" stride="2">
              <param name="S" type="float"/>
              <param name="T" type="float"/>
            </accessor>
          </technique_common>
        </source>
        <source id="polygon2-mesh-colors-polygon2_Colors0" name="polygon2_Colors0">
          <float_array id="polygon2-mesh-colors-polygon2_Colors0-array" count="216">0.8117647 0.8117647 0.8117647 1 0.7215687 0.7215687 0.7215687 1 0.5019608 0.5019608 0.5019608 1 0.7019608 0.7019608 0.7019608 1 0.7215687 0.7215687 0.7215687 1 0.8117647 0.8117647 0.8117647 1 0.9411765 0.9411765 0.9411765 1 0.7019608 0.7019608 0.7019608 1 0.8117647 0.8117647 0.8117647 1 0.6901961 0.6901961 0.6901961 1 0.7019608 0.7019608 0.7019608 1 0.9411765 0.9411765 0.9411765 1 0.7019608 0.7019608 0.7019608 1 0.6901961 0.6901961 0.6901961 1 0.9411765 0.9411765 0.9411765 1 0.8 0.8 0.8 1 0.5019608 0.5019608 0.5019608 1 0.6509804 0.6509804 0.6509804 1 0.8117647 0.8117647 0.8117647 1 0.5019608 0.5019608 0.5019608 1 0.8 0.8 0.8 1 0.9764706 0.9764706 0.9764706 1 0.8117647 0.8117647 0.8117647 1 0.8 0.8 0.8 1 1 1 1 1 0.8117647 0.8117647 0.8117647 1 0.9764706 0.9764706 0.9764706 1 1 1 1 1 0.9411765 0.9411765 0.9411765 1 0.8117647 0.8117647 0.8117647 1 0.8078432 0.8078432 0.8078432 1 0.9411765 0.9411765 0.9411765 1 1 1 1 1 0.9764706 0.9764706 0.9764706 1 0.8078432 0.8078432 0.8078432 1 1 1 1 1 0.8 0.8 0.8 1 0.8078432 0.8078432 0.8078432 1 0.9764706 0.9764706 0.9764706 1 0.8078432 0.8078432 0.8078432 1 0.7019608 0.7019608 0.7019608 1 0.9411765 0.9411765 0.9411765 1 0.7215687 0.7215687 0.7215687 1 0.7019608 0.7019608 0.7019608 1 0.8078432 0.8078432 0.8078432 1 0.5019608 0.5019608 0.5019608 1 0.7215687 0.7215687 0.7215687 1 0.8078432 0.8078432 0.8078432 1 0.8 0.8 0.8 1 0.5019608 0.5019608 0.5019608 1 0.8078432 0.8078432 0.8078432 1 0.6627451 0.6627451 0.6627451 1 0.5019608 0.5019608 0.5019608 1 0.8 0.8 0.8 1</float_array>
          <technique_common>
            <accessor source="#polygon2-mesh-colors-polygon2_Colors0-array" count="54" stride="4">
              <param name="R" type="float"/>
              <param name="G" type="float"/>
              <param name="B" type="float"/>
              <param name="A" type="float"/>
            </accessor>
          </technique_common>
        </source>
        <vertices id="polygon2-mesh-vertices">
          <input semantic="POSITION" source="#polygon2-mesh-positions"/>
        </vertices>
        <triangles material="mat_screen-material" count="18">
          <input semantic="VERTEX" source="#polygon2-mesh-vertices" offset="0"/>
          <input semantic="NORMAL" source="#polygon2-mesh-normals" offset="1"/>
          <input semantic="TEXCOORD" source="#polygon2-mesh-map-0" offset="2" set="0"/>
          <input semantic="COLOR" source="#polygon2-mesh-colors-polygon2_Colors0" offset="3" set="0"/>
          <p>2 0 0 0 1 1 1 1 0 2 2 2 3 3 3 3 1 1 4 4 2 0 5 5 4 4 6 6 3 3 7 7 2 0 8 8 5 5 9 9 3 3 10 10 4 4 11 11 6 6 12 12 5 5 13 13 4 4 14 14 8 7 15 15 0 2 16 16 7 8 17 17 2 0 18 18 0 2 19 19 8 7 20 20 9 9 21 21 2 0 22 22 8 7 23 23 10 10 24 24 2 0 25 25 9 9 26 26 10 10 27 27 4 4 28 28 2 0 29 29 11 11 30 30 4 4 31 31 10 10 32 32 12 12 33 33 11 11 34 34 10 10 35 35 13 13 36 36 11 11 37 37 12 12 38 38 11 11 39 39 6 6 40 40 4 4 41 41 14 14 42 42 6 6 43 43 11 11 44 44 15 15 45 45 14 14 46 46 11 11 47 47 13 13 48 48 15 15 49 49 11 11 50 50 16 16 51 51 15 15 52 52 13 13 53 53</p>
        </triangles>
      </mesh>
    </geometry>
    <geometry id="polygon1-mesh" name="polygon1">
      <mesh>
        <source id="polygon1-mesh-positions">
          <float_array id="polygon1-mesh-positions-array" count="336">5.8373 20.07968 -39.65208 5.8373 40.99999 -34.18375 16.2037 41 -38.32581 5.8373 61.9203 -39.65208 16.2037 59.33709 -43.23922 5.8373 77.23502 -54.59187 16.2037 72.76077 -56.66291 5.837301 82.84061 -74.99999 16.2037 77.67419 -74.99999 5.8373 77.23502 -95.40811 16.2037 72.76077 -93.33709 3.525291 27.06526 110.8303 3.525291 42.58795 107.995 9.743054 41.31052 105.2555 3.525291 54.73772 97.9264 9.743054 51.92294 96.35062 3.525291 60.25902 83.32241 9.743054 56.66113 83.33256 3.525291 57.67245 68.09613 9.743054 54.25549 69.68948 3.525291 47.67106 56.32745 9.743054 45.35061 59.07707 -3.654018 42.5874 107.9938 -3.654018 27.06539 110.829 3.525291 12.32893 105.6726 -3.654018 12.3297 105.6715 -3.654018 2.328763 93.90331 3.525291 -0.25901 78.6776 3.525291 2.327558 93.90388 9.743054 5.74452 92.31052 9.743054 14.64939 102.9229 9.743054 27.66745 107.6611 5.8373 4.764977 -95.40811 5.8373 -0.840606 -74.99999 16.2037 4.325825 -74.99999 5.8373 4.764961 -54.59187 16.2037 9.239232 -56.66292 16.2037 22.6629 -43.23922 -6.132215 40.99999 -34.18554 -6.132216 20.0806 -39.65363 -6.132216 4.766546 -54.59277 -6.132216 -0.838779 -74.99999 -3.654018 47.67029 56.32853 -3.654018 57.67124 68.09669 -3.654018 60.2577 83.3223 -6.132215 77.23344 -95.40723 -6.132215 82.83878 -74.99999 -6.132215 77.23344 -54.59276 9.743054 3.338875 78.66746 11.74366 17.87226 86.65527 11.74366 35.65526 93.12775 11.74366 42.12775 75.34474 -9.617391 54.25549 69.68948 -9.617391 56.66112 83.33256 -11.66294 42.13175 75.34287 -9.617391 51.92294 96.35062 -11.66294 35.65458 93.12629 -9.617391 41.31052 105.2555 -9.617393 27.66744 107.6611 16.2037 41 -111.6742 16.2037 22.66291 -106.7607 19.53917 41 -93.33709 16.2037 9.239232 -93.33709 19.53917 22.66291 -74.99999 -16.07449 59.33708 -43.23922 -16.07449 40.99999 -38.32581 -19.48488 41 -56.66512 -16.0745 22.6629 -43.23923 -19.48488 22.65533 -74.99999 -16.0745 9.239232 -56.66292 -16.0745 4.32582 -75 5.8373 20.07969 -110.3479 9.743054 18.68948 56.74451 3.525291 5.262282 64.07362 9.743054 8.077068 65.64941 -9.617391 18.68948 56.74451 -11.66294 24.36662 68.91917 -9.617393 8.077068 65.64941 -11.66294 17.86724 86.6576 -9.617393 3.338875 78.66746 -9.617393 5.744515 92.31052 19.53917 41 -56.66291 19.53917 59.33709 -74.99999 -16.07449 41 -111.6742 -19.48488 41 -93.26614 -16.0745 22.66291 -106.7607 -16.0745 9.239232 -93.33709 16.2037 59.33709 -106.7607 5.8373 61.9203 -110.3479 5.8373 40.99999 -115.8163 3.525291 17.41204 54.00504 3.525291 32.93474 51.16975 -3.654018 32.93461 51.17106 9.743054 32.33255 54.33888 -6.132215 61.91939 -110.3464 -16.07449 59.33709 -106.7607 -16.07449 72.76076 -93.33709 -19.48488 59.34315 -74.99999 -16.07449 77.67417 -75 -16.07449 72.76076 -56.66291 -9.617391 45.3506 59.07707 -3.654018 54.73663 97.92564 -9.617393 14.64939 102.9229 -3.654018 -0.25769 78.6777 -6.132215 61.91939 -39.65363 -6.132216 4.766561 -95.40723 -6.132216 20.0806 -110.3464 -6.132215 41 -115.8145 -9.617391 32.33255 54.33888 -3.654018 17.41259 54.00621 11.74366 24.34474 68.87225 -3.654018 5.263366 64.07436</float_array>
          <technique_common>
            <accessor source="#polygon1-mesh-positions-array" count="112" stride="3">
              <param name="X" type="float"/>
              <param name="Y" type="float"/>
              <param name="Z" type="float"/>
            </accessor>
          </technique_common>
        </source>
        <source id="polygon1-mesh-normals">
          <float_array id="polygon1-mesh-normals-array" count="336">0.6405 -0.05944424 0.7656541 0.1918172 0 0.9814307 0.2008255 -0.4829174 0.8523262 0.200791 0.4829349 0.8523244 0.6468942 0.3258132 0.6894736 0.2186138 0.8410164 0.4948732 0.7553822 0.5377889 0.3744075 0.227441 0.9737918 -3.76016e-6 0.640473 0.7656763 0.05945074 0.2185862 0.8410281 -0.4948655 0.7558801 0.5869805 -0.2899989 0.7122256 0.2465248 0.6572369 0.2329582 0.4110177 0.8813597 0.2438416 -0.07684653 0.9667658 0.2438261 0.789982 0.5625631 0.7182067 0.5353324 0.4445204 0.2653094 0.9597893 0.09173589 0.8142207 0.5720068 0.09926193 0.2759559 0.8711193 -0.4062014 0.7122285 0.65723 -0.2465347 0.2653408 0.5466433 -0.7942137 0.8146517 0.3626809 -0.4525543 -0.2418978 0.4100893 0.8793818 -0.2530651 -0.07659655 0.9644123 0.2653437 -0.5466424 0.7942134 -0.2750999 -0.5450388 0.791993 -0.285937 -0.8684703 0.4049687 0.712213 -0.657248 0.2465316 0.2759355 -0.8711246 0.4062039 0.2653437 -0.9597795 -0.09173965 0.8146327 -0.3626624 0.4526031 0.7183977 -0.1123674 0.6864972 0.6404945 -0.7656596 -0.05943435 0.2274765 -0.9737836 0 0.2186436 -0.8410037 -0.4948815 0.2185867 -0.8410279 0.4948656 0.7558808 -0.5869801 0.2899978 0.6471616 -0.4295429 0.6298213 -0.1991914 2.313e-6 0.9799607 -0.2084275 -0.4820739 0.8509775 -0.2266607 -0.8394259 0.4939528 -0.2357808 -0.9718063 3.15253e-7 -0.2859366 0.8684698 -0.4049696 -0.2750964 0.5450419 -0.7919921 -0.2750686 0.9570556 0.09155243 -0.2357811 0.9718062 -2.70084e-7 -0.226661 0.8394265 -0.4939513 -0.2266819 0.8394181 0.4939562 0.9997267 0.02337819 -2.07871e-6 0.8142052 -0.5720345 -0.09922975 0.9999468 3.89665e-6 0.01032108 0.9997268 -0.02337825 2.18302e-6 -0.9990776 -0.0427801 -0.003723382 -0.702638 0.7115026 0.007993817 -0.7993662 0.5250206 -0.2921764 -0.7993596 0.5155521 0.3085941 -0.9990771 -0.01813143 -0.0389412 -0.7026271 0.3488285 0.6201887 -0.7993703 -0.009461343 0.6007643 0.9999469 -2.98023e-6 -0.01030862 0.646901 -0.3257982 -0.6894742 0.6404972 0.05943155 -0.7656574 0.755387 -0.5377865 -0.3744015 0.9997273 0.02335745 -3.76254e-6 -0.9986336 2.91318e-6 -0.05225872 -0.6302146 0.05894112 0.7741805 -0.7379217 0.3782825 0.5589042 -0.7379315 -0.2948764 0.6070461 -0.9986348 0.04523253 0.02612656 -0.6302118 -0.6409679 0.4381704 -0.7379249 -0.6731585 0.0482127 0.2008078 -0.4829285 -0.852324 0.7182071 -0.5353324 -0.4445198 0.2438133 -0.7899856 -0.5625637 0.7122275 -0.2465161 -0.657238 -0.7993578 -0.5155481 -0.3086055 -0.9990776 0.01812332 0.03893131 -0.7026463 -0.3488038 -0.6201807 -0.9990782 0.04276651 0.003731191 -0.7026365 -0.7115042 -0.007990777 -0.7993679 -0.5250178 0.2921771 0.999947 2.95043e-6 0.0103085 0.9997273 -0.02335757 -3.75509e-6 -0.7379193 -0.3782888 -0.5589031 -0.9986349 2.84612e-6 0.05223417 -0.6301929 -0.05897015 -0.7741961 -0.6301924 -0.6999387 -0.3360706 0.2008382 0.4829099 -0.8523275 0.6471701 0.4295589 -0.6298016 0.1918495 7.36298e-7 -0.9814244 -0.2530378 0.07660114 -0.9644191 0.2438175 0.07685291 -0.9667713 0.232944 -0.4110177 -0.8813636 0.718399 0.1123811 -0.6864936 -0.2084231 0.482077 -0.8509768 -0.9986364 -0.04520088 -0.02611899 -0.6301642 0.641014 -0.4381713 -0.7379292 0.2948742 -0.6070501 -0.7379292 0.6731537 -0.04821312 -0.6301969 0.6999386 0.3360624 -0.7026454 0.3626683 -0.6121776 -0.2530602 0.7880291 0.5612224 -0.7026479 -0.3626567 0.6121814 -0.275097 -0.957047 -0.09155696 -0.2084285 0.4820775 0.8509753 -0.226698 -0.8394107 -0.4939613 -0.2084227 -0.4820799 -0.8509752 -0.1992077 1.32248e-7 -0.9799574 -0.7993677 0.009483695 -0.6007674 -0.2418786 -0.41009 -0.8793867 0.9999468 -4.04567e-6 -0.01032108 -0.2530411 -0.7880365 -0.5612208</float_array>
          <technique_common>
            <accessor source="#polygon1-mesh-normals-array" count="112" stride="3">
              <param name="X" type="float"/>
              <param name="Y" type="float"/>
              <param name="Z" type="float"/>
            </accessor>
          </technique_common>
        </source>
        <source id="polygon1-mesh-map-0">
          <float_array id="polygon1-mesh-map-0-array" count="1248">-3.930176 -2.760254 -3.930176 -2.499512 -4.430176 -2.499512 -3.430176 -2.499512 -3.930176 -2.499512 -3.930176 -2.760254 -3.430176 -2.760254 -3.430176 -2.499512 -3.930176 -2.760254 -2.929688 -2.499512 -3.430176 -2.499512 -3.430176 -2.760254 -2.929688 -2.760254 -2.929688 -2.499512 -3.430176 -2.760254 -2.429688 -2.499512 -2.929688 -2.499512 -2.929688 -2.760254 -2.429688 -2.760254 -2.429688 -2.499512 -2.929688 -2.760254 -1.929688 -2.499512 -2.429688 -2.499512 -2.429688 -2.760254 -1.929688 -2.760254 -1.929688 -2.499512 -2.429688 -2.760254 -3.930176 -2.760254 -3.930176 -2.499512 -4.430176 -2.499512 -3.430176 -2.499512 -3.930176 -2.499512 -3.930176 -2.760254 -3.430176 -2.760254 -3.430176 -2.499512 -3.930176 -2.760254 -2.929688 -2.499512 -3.430176 -2.499512 -3.430176 -2.760254 -2.929688 -2.760254 -2.929688 -2.499512 -3.430176 -2.760254 -2.429688 -2.499512 -2.929688 -2.499512 -2.929688 -2.760254 -2.429688 -2.760254 -2.429688 -2.499512 -2.929688 -2.760254 -1.929688 -2.499512 -2.429688 -2.499512 -2.429688 -2.760254 -1.929688 -2.760254 -1.929688 -2.499512 -2.429688 -2.760254 -3.930176 -0.4873047 -3.930176 -0.7456055 -3.430176 -0.7456055 -4.430176 -0.7456055 -3.930176 -0.7456055 -3.930176 -0.4873047 -4.430176 -0.4873047 -4.430176 -0.7456055 -3.930176 -0.4873047 -4.930664 -0.7456055 -4.430176 -0.7456055 -4.430176 -0.4873047 -4.930664 -0.4873047 -4.930664 -0.7456055 -4.430176 -0.4873047 -5.430664 -0.4873047 -4.930664 -0.7456055 -4.930664 -0.4873047 -5.430664 -2.760254 -5.430664 -2.499512 -5.930664 -2.499512 -4.930664 -2.499512 -5.430664 -2.499512 -5.430664 -2.760254 -4.930664 -2.760254 -4.930664 -2.499512 -5.430664 -2.760254 -4.430176 -2.499512 -4.930664 -2.499512 -4.930664 -2.760254 -4.430176 -2.760254 -4.430176 -2.499512 -4.930664 -2.760254 -3.930176 -2.760254 -4.430176 -2.499512 -4.430176 -2.760254 -5.430664 -2.760254 -5.430664 -2.499512 -5.930664 -2.499512 -4.930664 -2.499512 -5.430664 -2.499512 -5.430664 -2.760254 -4.930664 -2.760254 -4.930664 -2.499512 -5.430664 -2.760254 -4.430176 -2.499512 -4.930664 -2.499512 -4.930664 -2.760254 -4.430176 -2.760254 -4.430176 -2.499512 -4.930664 -2.760254 -3.930176 -2.760254 -4.430176 -2.499512 -4.430176 -2.760254 -3.930176 -0.4873047 -3.930176 -0.7456055 -3.430176 -0.7456055 -4.430176 -0.7456055 -3.930176 -0.7456055 -3.930176 -0.4873047 -4.430176 -0.4873047 -4.430176 -0.7456055 -3.930176 -0.4873047 -4.930664 -0.7456055 -4.430176 -0.7456055 -4.430176 -0.4873047 -4.930664 -0.4873047 -4.930664 -0.7456055 -4.430176 -0.4873047 -5.430664 -0.4873047 -4.930664 -0.7456055 -4.930664 -0.4873047 -2.429688 -0.4873047 -1.929688 -0.7456055 -1.929199 -0.4873047 -2.429688 -0.7456055 -1.929688 -0.7456055 -2.429688 -0.4873047 -2.929688 -0.4873047 -2.429688 -0.7456055 -2.429688 -0.4873047 -2.929688 -0.7456055 -2.429688 -0.7456055 -2.929688 -0.4873047 -3.430176 -0.7456055 -2.929688 -0.7456055 -2.929688 -0.4873047 -2.429688 -0.4873047 -1.929688 -0.7456055 -1.929199 -0.4873047 -2.429688 -0.7456055 -1.929688 -0.7456055 -2.429688 -0.4873047 -2.929688 -0.4873047 -2.429688 -0.7456055 -2.429688 -0.4873047 -2.929688 -0.7456055 -2.429688 -0.7456055 -2.929688 -0.4873047 -3.430176 -0.7456055 -2.929688 -0.7456055 -2.929688 -0.4873047 0.4853516 0.6318359 0.4853516 0.5136719 0.2490234 0.5454102 0.7216797 0.5454102 0.4853516 0.5136719 0.4853516 0.6318359 0.7216797 0.75 0.7216797 0.5454102 0.4853516 0.6318359 0.8945313 0.6318359 0.7216797 0.5454102 0.7216797 0.75 0.9580078 0.75 0.8945313 0.6318359 0.7216797 0.75 0.7216797 0.75 0.8945313 0.8681641 0.9580078 0.75 0.7216797 0.9545898 0.8945313 0.8681641 0.7216797 0.75 0.4853516 0.8681641 0.7216797 0.9545898 0.7216797 0.75 0.4853516 0.9863281 0.7216797 0.9545898 0.4853516 0.8681641 0.2490234 0.9545898 0.4853516 0.9863281 0.4853516 0.8681641 0.4853516 0.8681641 0.7216797 0.9545898 0.4853516 0.9863281 0.8945313 0.8681641 0.7216797 0.9545898 0.4853516 0.8681641 0.7216797 0.75 0.8945313 0.8681641 0.4853516 0.8681641 0.9580078 0.75 0.8945313 0.8681641 0.7216797 0.75 0.8945313 0.6318359 0.9580078 0.75 0.7216797 0.75 0.2490234 0.75 0.07568359 0.6318359 0.01220703 0.75 0.2490234 0.5454102 0.07568359 0.6318359 0.2490234 0.75 0.4853516 0.6318359 0.2490234 0.5454102 0.2490234 0.75 0.4853516 0.5136719 0.2490234 0.5454102 0.4853516 0.6318359 0.7216797 0.5454102 0.4853516 0.5136719 0.4853516 0.6318359 0.7216797 0.75 0.9580078 0.75 0.8945313 0.8681641 0.8945313 0.6318359 0.9580078 0.75 0.7216797 0.75 0.4853516 0.6318359 0.8945313 0.6318359 0.7216797 0.75 0.7216797 0.5454102 0.8945313 0.6318359 0.4853516 0.6318359 0.4853516 0.5136719 0.7216797 0.5454102 0.4853516 0.6318359 -6.431152 -2.760254 -6.431152 -2.499512 -6.931152 -2.760254 -5.930664 -2.499512 -6.431152 -2.499512 -6.431152 -2.760254 -5.930664 -2.760254 -5.930664 -2.499512 -6.431152 -2.760254 -5.430664 -2.760254 -5.930664 -2.499512 -5.930664 -2.760254 -6.431152 -2.760254 -6.431152 -2.499512 -6.931152 -2.760254 -5.930664 -2.499512 -6.431152 -2.499512 -6.431152 -2.760254 -5.930664 -2.760254 -5.930664 -2.499512 -6.431152 -2.760254 -5.430664 -2.760254 -5.930664 -2.499512 -5.930664 -2.760254 0.07568359 0.6318359 0.2490234 0.75 0.01220703 0.75 0.4853516 0.6318359 0.2490234 0.75 0.07568359 0.6318359 0.2490234 0.5454102 0.4853516 0.6318359 0.07568359 0.6318359 0.4853516 0.5136719 0.4853516 0.6318359 0.2490234 0.5454102 0.7216797 0.75 0.8945313 0.8681641 0.9580078 0.75 0.7216797 0.9545898 0.8945313 0.8681641 0.7216797 0.75 0.4853516 0.8681641 0.7216797 0.9545898 0.7216797 0.75 0.4853516 0.9863281 0.7216797 0.9545898 0.4853516 0.8681641 0.07568359 0.6318359 0.2490234 0.75 0.01220703 0.75 0.4853516 0.6318359 0.2490234 0.75 0.07568359 0.6318359 0.2490234 0.5454102 0.4853516 0.6318359 0.07568359 0.6318359 0.4853516 0.5136719 0.4853516 0.6318359 0.2490234 0.5454102 -6.931152 -2.760254 -7.431641 -2.499512 -7.431641 -2.760254 -6.931152 -2.499512 -7.431641 -2.499512 -6.931152 -2.760254 -6.431152 -2.499512 -6.931152 -2.499512 -6.931152 -2.760254 -7.431641 -0.4873047 -7.431641 -0.7456055 -6.931152 -0.7456055 -7.931641 -0.7456055 -7.431641 -0.7456055 -7.431641 -0.4873047 -7.931641 -0.4873047 -7.931641 -0.7456055 -7.431641 -0.4873047 -6.931152 -2.760254 -7.431641 -2.499512 -7.431641 -2.760254 -6.931152 -2.499512 -7.431641 -2.499512 -6.931152 -2.760254 -6.431152 -2.499512 -6.931152 -2.499512 -6.931152 -2.760254 -7.431641 -0.4873047 -7.431641 -0.7456055 -6.931152 -0.7456055 -7.931641 -0.7456055 -7.431641 -0.7456055 -7.431641 -0.4873047 -7.931641 -0.4873047 -7.931641 -0.7456055 -7.431641 -0.4873047 0.7216797 0.75 0.7216797 0.5454102 0.4853516 0.6318359 0.8945313 0.6318359 0.7216797 0.5454102 0.7216797 0.75 0.9580078 0.75 0.8945313 0.6318359 0.7216797 0.75 0.4853516 0.8681641 0.2490234 0.9545898 0.07568359 0.8681641 0.4853516 0.9863281 0.2490234 0.9545898 0.4853516 0.8681641 0.7216797 0.9545898 0.4853516 0.9863281 0.4853516 0.8681641 -1.929199 -1.496094 -2.429688 -1.744141 -1.929199 -1.744141 -2.429688 -1.496094 -2.429688 -1.744141 -1.929199 -1.496094 -2.429688 -1.496094 -2.929688 -1.744141 -2.429688 -1.744141 -2.929688 -1.496094 -2.929688 -1.744141 -2.429688 -1.496094 -2.929688 -1.496094 -3.430176 -1.744141 -2.929688 -1.744141 -3.430176 -1.496094 -3.430176 -1.744141 -2.929688 -1.496094 -3.430176 -1.496094 -3.930176 -1.744141 -3.430176 -1.744141 -3.930176 -1.496094 -3.930176 -1.744141 -3.430176 -1.496094 -3.930176 -1.496094 -4.430176 -1.744141 -3.930176 -1.744141 -4.430176 -1.496094 -4.430176 -1.744141 -3.930176 -1.496094 -4.430176 -1.496094 -4.930664 -1.744141 -4.430176 -1.744141 -4.930664 -1.496094 -4.930664 -1.744141 -4.430176 -1.496094 -4.930664 -1.496094 -5.430664 -1.744141 -4.930664 -1.744141 -5.430664 -1.496094 -5.430664 -1.744141 -4.930664 -1.496094 -5.931152 -1.744141 -5.430664 -1.496094 -5.931152 -1.496094 -5.430664 -1.744141 -5.430664 -1.496094 -5.931152 -1.744141 -3.430176 -0.4873047 -3.430176 -0.7456055 -2.929688 -0.4873047 -3.930176 -0.4873047 -3.430176 -0.7456055 -3.430176 -0.4873047 -5.430664 -0.4873047 -5.430664 -0.7456055 -4.930664 -0.7456055 -5.931152 -0.4873047 -5.430664 -0.7456055 -5.430664 -0.4873047 -5.931152 -0.4873047 -5.930664 -0.7456055 -5.430664 -0.7456055 -6.431152 -0.4873047 -5.930664 -0.7456055 -5.931152 -0.4873047 -6.431152 -0.4873047 -6.431152 -0.7456055 -5.930664 -0.7456055 -6.931152 -0.4873047 -6.431152 -0.7456055 -6.431152 -0.4873047 -6.931152 -0.4873047 -6.931152 -0.7456055 -6.431152 -0.7456055 -7.431641 -0.4873047 -6.931152 -0.7456055 -6.931152 -0.4873047 -7.931641 -2.760254 -7.431641 -2.499512 -7.931641 -2.499512 -7.431641 -2.760254 -7.431641 -2.499512 -7.931641 -2.760254 -1.929199 -1.496094 -2.429688 -1.744141 -1.929199 -1.744141 -2.429688 -1.496094 -2.429688 -1.744141 -1.929199 -1.496094 -2.429688 -1.496094 -2.929688 -1.744141 -2.429688 -1.744141 -2.929688 -1.496094 -2.929688 -1.744141 -2.429688 -1.496094 -2.929688 -1.496094 -3.430176 -1.744141 -2.929688 -1.744141 -3.430176 -1.496094 -3.430176 -1.744141 -2.929688 -1.496094 -3.430176 -1.496094 -3.930176 -1.744141 -3.430176 -1.744141 -3.930176 -1.496094 -3.930176 -1.744141 -3.430176 -1.496094 -3.930176 -1.496094 -4.430176 -1.744141 -3.930176 -1.744141 -4.430176 -1.496094 -4.430176 -1.744141 -3.930176 -1.496094 -4.430176 -1.496094 -4.930664 -1.744141 -4.430176 -1.744141 -4.930664 -1.496094 -4.930664 -1.744141 -4.430176 -1.496094 -4.930664 -1.496094 -5.430664 -1.744141 -4.930664 -1.744141 -5.430664 -1.496094 -5.430664 -1.744141 -4.930664 -1.496094 -5.430664 -1.496094 -5.931152 -1.744141 -5.430664 -1.744141 -5.931152 -1.496094 -5.931152 -1.744141 -5.430664 -1.496094 -5.931152 -1.496094 -6.431152 -1.744141 -5.931152 -1.744141 -6.431152 -1.496094 -6.431152 -1.744141 -5.931152 -1.496094 -6.431152 -1.496094 -6.931152 -1.744141 -6.431152 -1.744141 -6.931152 -1.496094 -6.931152 -1.744141 -6.431152 -1.496094 -6.931152 -1.496094 -7.431641 -1.744141 -6.931152 -1.744141 -7.431641 -1.496094 -7.431641 -1.744141 -6.931152 -1.496094 -7.931641 -1.744141 -7.431641 -1.496094 -7.931641 -1.496094 -7.431641 -1.744141 -7.431641 -1.496094 -7.931641 -1.744141 -7.931641 -1.744141 -7.431641 -1.496094 -7.931641 -1.496094 -7.431641 -1.744141 -7.431641 -1.496094 -7.931641 -1.744141 -7.431641 -1.744141 -6.931152 -1.496094 -7.431641 -1.496094 -6.931152 -1.744141 -6.931152 -1.496094 -7.431641 -1.744141 0.2490234 0.5454102 0.2490234 0.75 0.4853516 0.6318359 0.07568359 0.6318359 0.2490234 0.75 0.2490234 0.5454102 0.01220703 0.75 0.2490234 0.75 0.07568359 0.6318359 0.07568359 0.8681641 0.2490234 0.75 0.01220703 0.75 0.2490234 0.9545898 0.2490234 0.75 0.07568359 0.8681641 0.4853516 0.8681641 0.2490234 0.75 0.2490234 0.9545898 -6.431152 -1.744141 -5.931152 -1.496094 -6.431152 -1.496094 -5.931152 -1.744141 -5.931152 -1.496094 -6.431152 -1.744141 0.2490234 0.9545898 0.4853516 0.8681641 0.4853516 0.9863281 0.07568359 0.8681641 0.4853516 0.8681641 0.2490234 0.9545898 0.07568359 0.8681641 0.2490234 0.75 0.4853516 0.8681641 0.01220703 0.75 0.2490234 0.75 0.07568359 0.8681641 -7.931641 -2.760254 -7.431641 -2.499512 -7.931641 -2.499512 -7.431641 -2.760254 -7.431641 -2.499512 -7.931641 -2.760254 0.7216797 0.5454102 0.4853516 0.6318359 0.4853516 0.5136719 0.8945313 0.6318359 0.4853516 0.6318359 0.7216797 0.5454102 -3.430176 -0.4873047 -3.430176 -0.7456055 -2.929688 -0.4873047 -3.930176 -0.4873047 -3.430176 -0.7456055 -3.430176 -0.4873047 -6.931152 -1.744141 -6.431152 -1.496094 -6.931152 -1.496094 -6.431152 -1.744141 -6.431152 -1.496094 -6.931152 -1.744141 0.07568359 0.8681641 0.2490234 0.75 0.01220703 0.75 0.2490234 0.9545898 0.2490234 0.75 0.07568359 0.8681641 0.2490234 0.9545898 0.4853516 0.8681641 0.2490234 0.75 0.4853516 0.9863281 0.4853516 0.8681641 0.2490234 0.9545898 -5.430664 -0.4873047 -5.430664 -0.7456055 -4.930664 -0.7456055 -5.931152 -0.4873047 -5.430664 -0.7456055 -5.430664 -0.4873047 0.2490234 0.75 0.07568359 0.8681641 0.01220703 0.75 0.4853516 0.8681641 0.07568359 0.8681641 0.2490234 0.75 -5.931152 -0.4873047 -5.930664 -0.7456055 -5.430664 -0.7456055 -6.431152 -0.4873047 -5.930664 -0.7456055 -5.931152 -0.4873047 -6.431152 -0.4873047 -6.431152 -0.7456055 -5.930664 -0.7456055 -6.931152 -0.4873047 -6.431152 -0.7456055 -6.431152 -0.4873047 0.4853516 0.8681641 0.8945313 0.8681641 0.7216797 0.9545898 0.7216797 0.75 0.8945313 0.8681641 0.4853516 0.8681641 -6.931152 -0.4873047 -6.931152 -0.7456055 -6.431152 -0.7456055 -7.431641 -0.4873047 -6.931152 -0.7456055 -6.931152 -0.4873047 0.4853516 0.6318359 0.8945313 0.6318359 0.7216797 0.75</float_array>
          <technique_common>
            <accessor source="#polygon1-mesh-map-0-array" count="624" stride="2">
              <param name="S" type="float"/>
              <param name="T" type="float"/>
            </accessor>
          </technique_common>
        </source>
        <source id="polygon1-mesh-colors-polygon1_Colors0" name="polygon1_Colors0">
          <float_array id="polygon1-mesh-colors-polygon1_Colors0-array" count="2496">0.6 0.6 0.6 1 0.8980392 0.8980392 0.8980392 1 0.8980392 0.8980392 0.8980392 1 0.8980392 0.8980392 0.8980392 1 0.8980392 0.8980392 0.8980392 1 0.6 0.6 0.6 1 0.6 0.6 0.6 1 0.8980392 0.8980392 0.8980392 1 0.6 0.6 0.6 1 0.8980392 0.8980392 0.8980392 1 0.8980392 0.8980392 0.8980392 1 0.6 0.6 0.6 1 0.6 0.6 0.6 1 0.8980392 0.8980392 0.8980392 1 0.6 0.6 0.6 1 0.8980392 0.8980392 0.8980392 1 0.8980392 0.8980392 0.8980392 1 0.6 0.6 0.6 1 0.6 0.6 0.6 1 0.8980392 0.8980392 0.8980392 1 0.6 0.6 0.6 1 0.8980392 0.8980392 0.8980392 1 0.8980392 0.8980392 0.8980392 1 0.6 0.6 0.6 1 0.6 0.6 0.6 1 0.8980392 0.8980392 0.8980392 1 0.6 0.6 0.6 1 0.6 0.6 0.6 1 0.8980392 0.8980392 0.8980392 1 0.8980392 0.8980392 0.8980392 1 0.8980392 0.8980392 0.8980392 1 0.8980392 0.8980392 0.8980392 1 0.6 0.6 0.6 1 0.6 0.6 0.6 1 0.8980392 0.8980392 0.8980392 1 0.6 0.6 0.6 1 0.8980392 0.8980392 0.8980392 1 0.8980392 0.8980392 0.8980392 1 0.6 0.6 0.6 1 0.6 0.6 0.6 1 0.8980392 0.8980392 0.8980392 1 0.6 0.6 0.6 1 0.8980392 0.8980392 0.8980392 1 0.8980392 0.8980392 0.8980392 1 0.6 0.6 0.6 1 0.6 0.6 0.6 1 0.8980392 0.8980392 0.8980392 1 0.6 0.6 0.6 1 0.8980392 0.8980392 0.8980392 1 0.8980392 0.8980392 0.8980392 1 0.6 0.6 0.6 1 0.6 0.6 0.6 1 0.8980392 0.8980392 0.8980392 1 0.6 0.6 0.6 1 0.8980392 0.8980392 0.8980392 1 0.8980392 0.8980392 0.8980392 1 0.8980392 0.8980392 0.8980392 1 0.8980392 0.8980392 0.8980392 1 0.8980392 0.8980392 0.8980392 1 0.8980392 0.8980392 0.8980392 1 0.8980392 0.8980392 0.8980392 1 0.8980392 0.8980392 0.8980392 1 0.8980392 0.8980392 0.8980392 1 0.8980392 0.8980392 0.8980392 1 0.8980392 0.8980392 0.8980392 1 0.8980392 0.8980392 0.8980392 1 0.8980392 0.8980392 0.8980392 1 0.8980392 0.8980392 0.8980392 1 0.8980392 0.8980392 0.8980392 1 0.8980392 0.8980392 0.8980392 1 0.8980392 0.8980392 0.8980392 1 0.8980392 0.8980392 0.8980392 1 0.6 0.6 0.6 1 0.8980392 0.8980392 0.8980392 1 0.8980392 0.8980392 0.8980392 1 0.8980392 0.8980392 0.8980392 1 0.8980392 0.8980392 0.8980392 1 0.6 0.6 0.6 1 0.6 0.6 0.6 1 0.8980392 0.8980392 0.8980392 1 0.6 0.6 0.6 1 0.8980392 0.8980392 0.8980392 1 0.8980392 0.8980392 0.8980392 1 0.6 0.6 0.6 1 0.6 0.6 0.6 1 0.8980392 0.8980392 0.8980392 1 0.6 0.6 0.6 1 0.6 0.6 0.6 1 0.8980392 0.8980392 0.8980392 1 0.6 0.6 0.6 1 0.6 0.6 0.6 1 0.8980392 0.8980392 0.8980392 1 0.8980392 0.8980392 0.8980392 1 0.8980392 0.8980392 0.8980392 1 0.8980392 0.8980392 0.8980392 1 0.6 0.6 0.6 1 0.6 0.6 0.6 1 0.8980392 0.8980392 0.8980392 1 0.6 0.6 0.6 1 0.8980392 0.8980392 0.8980392 1 0.8980392 0.8980392 0.8980392 1 0.6 0.6 0.6 1 0.6 0.6 0.6 1 0.8980392 0.8980392 0.8980392 1 0.6 0.6 0.6 1 0.6 0.6 0.6 1 0.8980392 0.8980392 0.8980392 1 0.6 0.6 0.6 1 0.8980392 0.8980392 0.8980392 1 0.8980392 0.8980392 0.8980392 1 0.8980392 0.8980392 0.8980392 1 0.8980392 0.8980392 0.8980392 1 0.8980392 0.8980392 0.8980392 1 0.8980392 0.8980392 0.8980392 1 0.8980392 0.8980392 0.8980392 1 0.8980392 0.8980392 0.8980392 1 0.8980392 0.8980392 0.8980392 1 0.8980392 0.8980392 0.8980392 1 0.8980392 0.8980392 0.8980392 1 0.8980392 0.8980392 0.8980392 1 0.8980392 0.8980392 0.8980392 1 0.8980392 0.8980392 0.8980392 1 0.8980392 0.8980392 0.8980392 1 0.8980392 0.8980392 0.8980392 1 0.8980392 0.8980392 0.8980392 1 0.8980392 0.8980392 0.8980392 1 0.8980392 0.8980392 0.8980392 1 0.8980392 0.8980392 0.8980392 1 0.8980392 0.8980392 0.8980392 1 0.8980392 0.8980392 0.8980392 1 0.8980392 0.8980392 0.8980392 1 0.8980392 0.8980392 0.8980392 1 0.8980392 0.8980392 0.8980392 1 0.8980392 0.8980392 0.8980392 1 0.8980392 0.8980392 0.8980392 1 0.8980392 0.8980392 0.8980392 1 0.8980392 0.8980392 0.8980392 1 0.8980392 0.8980392 0.8980392 1 0.8980392 0.8980392 0.8980392 1 0.8980392 0.8980392 0.8980392 1 0.8980392 0.8980392 0.8980392 1 0.8980392 0.8980392 0.8980392 1 0.8980392 0.8980392 0.8980392 1 0.8980392 0.8980392 0.8980392 1 0.8980392 0.8980392 0.8980392 1 0.8980392 0.8980392 0.8980392 1 0.8980392 0.8980392 0.8980392 1 0.8980392 0.8980392 0.8980392 1 0.8980392 0.8980392 0.8980392 1 0.8980392 0.8980392 0.8980392 1 0.8980392 0.8980392 0.8980392 1 0.8980392 0.8980392 0.8980392 1 0.8980392 0.8980392 0.8980392 1 0.8980392 0.8980392 0.8980392 1 0.8980392 0.8980392 0.8980392 1 0.8980392 0.8980392 0.8980392 1 0.6 0.6 0.6 1 0.6 0.6 0.6 1 0.6 0.6 0.6 1 0.6 0.6 0.6 1 0.6 0.6 0.6 1 0.6 0.6 0.6 1 0.6 0.6 0.6 1 0.6 0.6 0.6 1 0.6 0.6 0.6 1 0.6 0.6 0.6 1 0.6 0.6 0.6 1 0.6 0.6 0.6 1 0.6 0.6 0.6 1 0.6 0.6 0.6 1 0.6 0.6 0.6 1 0.6 0.6 0.6 1 0.6 0.6 0.6 1 0.6 0.6 0.6 1 0.6 0.6 0.6 1 0.6 0.6 0.6 1 0.6 0.6 0.6 1 0.6 0.6 0.6 1 0.6 0.6 0.6 1 0.6 0.6 0.6 1 0.6 0.6 0.6 1 0.6 0.6 0.6 1 0.6 0.6 0.6 1 0.6 0.6 0.6 1 0.6 0.6 0.6 1 0.6 0.6 0.6 1 0.6 0.6 0.6 1 0.6 0.6 0.6 1 0.6 0.6 0.6 1 0.6 0.6 0.6 1 0.6 0.6 0.6 1 0.6 0.6 0.6 1 0.6 0.6 0.6 1 0.6 0.6 0.6 1 0.6 0.6 0.6 1 0.6 0.6 0.6 1 0.6 0.6 0.6 1 0.6 0.6 0.6 1 0.6 0.6 0.6 1 0.6 0.6 0.6 1 0.6 0.6 0.6 1 0.6 0.6 0.6 1 0.6 0.6 0.6 1 0.6 0.6 0.6 1 0.6 0.6 0.6 1 0.6 0.6 0.6 1 0.6 0.6 0.6 1 0.6 0.6 0.6 1 0.6 0.6 0.6 1 0.6 0.6 0.6 1 0.6 0.6 0.6 1 0.6 0.6 0.6 1 0.6 0.6 0.6 1 0.6 0.6 0.6 1 0.6 0.6 0.6 1 0.6 0.6 0.6 1 0.6 0.6 0.6 1 0.6 0.6 0.6 1 0.6 0.6 0.6 1 0.6 0.6 0.6 1 0.6 0.6 0.6 1 0.6 0.6 0.6 1 0.6 0.6 0.6 1 0.6 0.6 0.6 1 0.6 0.6 0.6 1 0.6 0.6 0.6 1 0.6 0.6 0.6 1 0.6 0.6 0.6 1 0.6 0.6 0.6 1 0.6 0.6 0.6 1 0.6 0.6 0.6 1 0.6 0.6 0.6 1 0.8980392 0.8980392 0.8980392 1 0.6 0.6 0.6 1 0.8980392 0.8980392 0.8980392 1 0.8980392 0.8980392 0.8980392 1 0.6 0.6 0.6 1 0.6 0.6 0.6 1 0.8980392 0.8980392 0.8980392 1 0.6 0.6 0.6 1 0.6 0.6 0.6 1 0.8980392 0.8980392 0.8980392 1 0.6 0.6 0.6 1 0.6 0.6 0.6 1 0.8980392 0.8980392 0.8980392 1 0.6 0.6 0.6 1 0.8980392 0.8980392 0.8980392 1 0.8980392 0.8980392 0.8980392 1 0.6 0.6 0.6 1 0.6 0.6 0.6 1 0.8980392 0.8980392 0.8980392 1 0.6 0.6 0.6 1 0.6 0.6 0.6 1 0.8980392 0.8980392 0.8980392 1 0.6 0.6 0.6 1 0.6 0.6 0.6 1 0.6 0.6 0.6 1 0.6 0.6 0.6 1 0.6 0.6 0.6 1 0.6 0.6 0.6 1 0.6 0.6 0.6 1 0.6 0.6 0.6 1 0.6 0.6 0.6 1 0.6 0.6 0.6 1 0.6 0.6 0.6 1 0.6 0.6 0.6 1 0.6 0.6 0.6 1 0.6 0.6 0.6 1 0.6 0.6 0.6 1 0.6 0.6 0.6 1 0.6 0.6 0.6 1 0.6 0.6 0.6 1 0.6 0.6 0.6 1 0.6 0.6 0.6 1 0.6 0.6 0.6 1 0.6 0.6 0.6 1 0.6 0.6 0.6 1 0.6 0.6 0.6 1 0.6 0.6 0.6 1 0.6 0.6 0.6 1 0.6 0.6 0.6 1 0.6 0.6 0.6 1 0.6 0.6 0.6 1 0.6 0.6 0.6 1 0.6 0.6 0.6 1 0.6 0.6 0.6 1 0.6 0.6 0.6 1 0.6 0.6 0.6 1 0.6 0.6 0.6 1 0.6 0.6 0.6 1 0.6 0.6 0.6 1 0.6 0.6 0.6 1 0.8980392 0.8980392 0.8980392 1 0.6 0.6 0.6 1 0.8980392 0.8980392 0.8980392 1 0.8980392 0.8980392 0.8980392 1 0.6 0.6 0.6 1 0.8980392 0.8980392 0.8980392 1 0.8980392 0.8980392 0.8980392 1 0.6 0.6 0.6 1 0.8980392 0.8980392 0.8980392 1 0.8980392 0.8980392 0.8980392 1 0.8980392 0.8980392 0.8980392 1 0.8980392 0.8980392 0.8980392 1 0.8980392 0.8980392 0.8980392 1 0.8980392 0.8980392 0.8980392 1 0.8980392 0.8980392 0.8980392 1 0.8980392 0.8980392 0.8980392 1 0.8980392 0.8980392 0.8980392 1 0.6 0.6 0.6 1 0.8980392 0.8980392 0.8980392 1 0.6 0.6 0.6 1 0.8980392 0.8980392 0.8980392 1 0.8980392 0.8980392 0.8980392 1 0.6 0.6 0.6 1 0.8980392 0.8980392 0.8980392 1 0.8980392 0.8980392 0.8980392 1 0.6 0.6 0.6 1 0.8980392 0.8980392 0.8980392 1 0.8980392 0.8980392 0.8980392 1 0.8980392 0.8980392 0.8980392 1 0.8980392 0.8980392 0.8980392 1 0.8980392 0.8980392 0.8980392 1 0.8980392 0.8980392 0.8980392 1 0.8980392 0.8980392 0.8980392 1 0.8980392 0.8980392 0.8980392 1 0.8980392 0.8980392 0.8980392 1 0.6 0.6 0.6 1 0.6 0.6 0.6 1 0.6 0.6 0.6 1 0.6 0.6 0.6 1 0.6 0.6 0.6 1 0.6 0.6 0.6 1 0.6 0.6 0.6 1 0.6 0.6 0.6 1 0.6 0.6 0.6 1 0.6 0.6 0.6 1 0.6 0.6 0.6 1 0.6 0.6 0.6 1 0.6 0.6 0.6 1 0.6 0.6 0.6 1 0.6 0.6 0.6 1 0.6 0.6 0.6 1 0.6 0.6 0.6 1 0.6 0.6 0.6 1 0.6 0.6 0.6 1 0.8980392 0.8980392 0.8980392 1 0.8980392 0.8980392 0.8980392 1 0.6 0.6 0.6 1 0.8980392 0.8980392 0.8980392 1 0.6 0.6 0.6 1 0.6 0.6 0.6 1 0.8980392 0.8980392 0.8980392 1 0.8980392 0.8980392 0.8980392 1 0.6 0.6 0.6 1 0.8980392 0.8980392 0.8980392 1 0.6 0.6 0.6 1 0.6 0.6 0.6 1 0.8980392 0.8980392 0.8980392 1 0.8980392 0.8980392 0.8980392 1 0.6 0.6 0.6 1 0.8980392 0.8980392 0.8980392 1 0.6 0.6 0.6 1 0.6 0.6 0.6 1 0.8980392 0.8980392 0.8980392 1 0.8980392 0.8980392 0.8980392 1 0.6 0.6 0.6 1 0.8980392 0.8980392 0.8980392 1 0.6 0.6 0.6 1 0.6 0.6 0.6 1 0.8980392 0.8980392 0.8980392 1 0.8980392 0.8980392 0.8980392 1 0.6 0.6 0.6 1 0.8980392 0.8980392 0.8980392 1 0.6 0.6 0.6 1 0.6 0.6 0.6 1 0.8980392 0.8980392 0.8980392 1 0.8980392 0.8980392 0.8980392 1 0.6 0.6 0.6 1 0.8980392 0.8980392 0.8980392 1 0.6 0.6 0.6 1 0.6 0.6 0.6 1 0.8980392 0.8980392 0.8980392 1 0.8980392 0.8980392 0.8980392 1 0.6 0.6 0.6 1 0.8980392 0.8980392 0.8980392 1 0.6 0.6 0.6 1 0.8980392 0.8980392 0.8980392 1 0.6 0.6 0.6 1 0.6 0.6 0.6 1 0.8980392 0.8980392 0.8980392 1 0.6 0.6 0.6 1 0.8980392 0.8980392 0.8980392 1 0.8980392 0.8980392 0.8980392 1 0.8980392 0.8980392 0.8980392 1 0.8980392 0.8980392 0.8980392 1 0.8980392 0.8980392 0.8980392 1 0.8980392 0.8980392 0.8980392 1 0.8980392 0.8980392 0.8980392 1 0.8980392 0.8980392 0.8980392 1 0.8980392 0.8980392 0.8980392 1 0.8980392 0.8980392 0.8980392 1 0.8980392 0.8980392 0.8980392 1 0.8980392 0.8980392 0.8980392 1 0.8980392 0.8980392 0.8980392 1 0.8980392 0.8980392 0.8980392 1 0.8980392 0.8980392 0.8980392 1 0.8980392 0.8980392 0.8980392 1 0.8980392 0.8980392 0.8980392 1 0.8980392 0.8980392 0.8980392 1 0.8980392 0.8980392 0.8980392 1 0.8980392 0.8980392 0.8980392 1 0.8980392 0.8980392 0.8980392 1 0.8980392 0.8980392 0.8980392 1 0.8980392 0.8980392 0.8980392 1 0.8980392 0.8980392 0.8980392 1 0.8980392 0.8980392 0.8980392 1 0.8980392 0.8980392 0.8980392 1 0.8980392 0.8980392 0.8980392 1 0.8980392 0.8980392 0.8980392 1 0.8980392 0.8980392 0.8980392 1 0.8980392 0.8980392 0.8980392 1 0.8980392 0.8980392 0.8980392 1 0.6 0.6 0.6 1 0.8980392 0.8980392 0.8980392 1 0.8980392 0.8980392 0.8980392 1 0.6 0.6 0.6 1 0.8980392 0.8980392 0.8980392 1 0.6 0.6 0.6 1 0.6 0.6 0.6 1 0.8980392 0.8980392 0.8980392 1 0.8980392 0.8980392 0.8980392 1 0.6 0.6 0.6 1 0.8980392 0.8980392 0.8980392 1 0.6 0.6 0.6 1 0.6 0.6 0.6 1 0.8980392 0.8980392 0.8980392 1 0.8980392 0.8980392 0.8980392 1 0.6 0.6 0.6 1 0.8980392 0.8980392 0.8980392 1 0.6 0.6 0.6 1 0.6 0.6 0.6 1 0.8980392 0.8980392 0.8980392 1 0.8980392 0.8980392 0.8980392 1 0.6 0.6 0.6 1 0.8980392 0.8980392 0.8980392 1 0.6 0.6 0.6 1 0.6 0.6 0.6 1 0.8980392 0.8980392 0.8980392 1 0.8980392 0.8980392 0.8980392 1 0.6 0.6 0.6 1 0.8980392 0.8980392 0.8980392 1 0.6 0.6 0.6 1 0.6 0.6 0.6 1 0.8980392 0.8980392 0.8980392 1 0.8980392 0.8980392 0.8980392 1 0.6 0.6 0.6 1 0.8980392 0.8980392 0.8980392 1 0.6 0.6 0.6 1 0.6 0.6 0.6 1 0.8980392 0.8980392 0.8980392 1 0.8980392 0.8980392 0.8980392 1 0.6 0.6 0.6 1 0.8980392 0.8980392 0.8980392 1 0.6 0.6 0.6 1 0.6 0.6 0.6 1 0.8980392 0.8980392 0.8980392 1 0.8980392 0.8980392 0.8980392 1 0.6 0.6 0.6 1 0.8980392 0.8980392 0.8980392 1 0.6 0.6 0.6 1 0.6 0.6 0.6 1 0.8980392 0.8980392 0.8980392 1 0.8980392 0.8980392 0.8980392 1 0.6 0.6 0.6 1 0.8980392 0.8980392 0.8980392 1 0.6 0.6 0.6 1 0.6 0.6 0.6 1 0.8980392 0.8980392 0.8980392 1 0.8980392 0.8980392 0.8980392 1 0.6 0.6 0.6 1 0.8980392 0.8980392 0.8980392 1 0.6 0.6 0.6 1 0.6 0.6 0.6 1 0.8980392 0.8980392 0.8980392 1 0.8980392 0.8980392 0.8980392 1 0.6 0.6 0.6 1 0.8980392 0.8980392 0.8980392 1 0.6 0.6 0.6 1 0.6 0.6 0.6 1 0.8980392 0.8980392 0.8980392 1 0.8980392 0.8980392 0.8980392 1 0.6 0.6 0.6 1 0.8980392 0.8980392 0.8980392 1 0.6 0.6 0.6 1 0.8980392 0.8980392 0.8980392 1 0.6 0.6 0.6 1 0.6 0.6 0.6 1 0.8980392 0.8980392 0.8980392 1 0.6 0.6 0.6 1 0.8980392 0.8980392 0.8980392 1 0.8980392 0.8980392 0.8980392 1 0.6 0.6 0.6 1 0.6 0.6 0.6 1 0.8980392 0.8980392 0.8980392 1 0.6 0.6 0.6 1 0.8980392 0.8980392 0.8980392 1 0.8980392 0.8980392 0.8980392 1 0.6 0.6 0.6 1 0.6 0.6 0.6 1 0.8980392 0.8980392 0.8980392 1 0.6 0.6 0.6 1 0.8980392 0.8980392 0.8980392 1 0.6 0.6 0.6 1 0.6 0.6 0.6 1 0.6 0.6 0.6 1 0.6 0.6 0.6 1 0.6 0.6 0.6 1 0.6 0.6 0.6 1 0.6 0.6 0.6 1 0.6 0.6 0.6 1 0.6 0.6 0.6 1 0.6 0.6 0.6 1 0.6 0.6 0.6 1 0.6 0.6 0.6 1 0.6 0.6 0.6 1 0.6 0.6 0.6 1 0.6 0.6 0.6 1 0.6 0.6 0.6 1 0.6 0.6 0.6 1 0.6 0.6 0.6 1 0.8980392 0.8980392 0.8980392 1 0.6 0.6 0.6 1 0.6 0.6 0.6 1 0.8980392 0.8980392 0.8980392 1 0.6 0.6 0.6 1 0.8980392 0.8980392 0.8980392 1 0.6 0.6 0.6 1 0.6 0.6 0.6 1 0.6 0.6 0.6 1 0.6 0.6 0.6 1 0.6 0.6 0.6 1 0.6 0.6 0.6 1 0.6 0.6 0.6 1 0.6 0.6 0.6 1 0.6 0.6 0.6 1 0.6 0.6 0.6 1 0.6 0.6 0.6 1 0.6 0.6 0.6 1 0.6 0.6 0.6 1 0.8980392 0.8980392 0.8980392 1 0.8980392 0.8980392 0.8980392 1 0.6 0.6 0.6 1 0.8980392 0.8980392 0.8980392 1 0.6 0.6 0.6 1 0.6 0.6 0.6 1 0.6 0.6 0.6 1 0.6 0.6 0.6 1 0.6 0.6 0.6 1 0.6 0.6 0.6 1 0.6 0.6 0.6 1 0.8980392 0.8980392 0.8980392 1 0.8980392 0.8980392 0.8980392 1 0.8980392 0.8980392 0.8980392 1 0.8980392 0.8980392 0.8980392 1 0.8980392 0.8980392 0.8980392 1 0.8980392 0.8980392 0.8980392 1 0.8980392 0.8980392 0.8980392 1 0.6 0.6 0.6 1 0.6 0.6 0.6 1 0.8980392 0.8980392 0.8980392 1 0.6 0.6 0.6 1 0.8980392 0.8980392 0.8980392 1 0.6 0.6 0.6 1 0.6 0.6 0.6 1 0.6 0.6 0.6 1 0.6 0.6 0.6 1 0.6 0.6 0.6 1 0.6 0.6 0.6 1 0.6 0.6 0.6 1 0.6 0.6 0.6 1 0.6 0.6 0.6 1 0.6 0.6 0.6 1 0.6 0.6 0.6 1 0.6 0.6 0.6 1 0.8980392 0.8980392 0.8980392 1 0.8980392 0.8980392 0.8980392 1 0.8980392 0.8980392 0.8980392 1 0.8980392 0.8980392 0.8980392 1 0.8980392 0.8980392 0.8980392 1 0.8980392 0.8980392 0.8980392 1 0.6 0.6 0.6 1 0.6 0.6 0.6 1 0.6 0.6 0.6 1 0.6 0.6 0.6 1 0.6 0.6 0.6 1 0.6 0.6 0.6 1 0.8980392 0.8980392 0.8980392 1 0.8980392 0.8980392 0.8980392 1 0.8980392 0.8980392 0.8980392 1 0.8980392 0.8980392 0.8980392 1 0.8980392 0.8980392 0.8980392 1 0.8980392 0.8980392 0.8980392 1 0.8980392 0.8980392 0.8980392 1 0.8980392 0.8980392 0.8980392 1 0.8980392 0.8980392 0.8980392 1 0.8980392 0.8980392 0.8980392 1 0.8980392 0.8980392 0.8980392 1 0.8980392 0.8980392 0.8980392 1 0.6 0.6 0.6 1 0.6 0.6 0.6 1 0.6 0.6 0.6 1 0.6 0.6 0.6 1 0.6 0.6 0.6 1 0.6 0.6 0.6 1 0.8980392 0.8980392 0.8980392 1 0.8980392 0.8980392 0.8980392 1 0.8980392 0.8980392 0.8980392 1 0.8980392 0.8980392 0.8980392 1 0.8980392 0.8980392 0.8980392 1 0.8980392 0.8980392 0.8980392 1 0.6 0.6 0.6 1 0.6 0.6 0.6 1 0.6 0.6 0.6 1</float_array>
          <technique_common>
            <accessor source="#polygon1-mesh-colors-polygon1_Colors0-array" count="624" stride="4">
              <param name="R" type="float"/>
              <param name="G" type="float"/>
              <param name="B" type="float"/>
              <param name="A" type="float"/>
            </accessor>
          </technique_common>
        </source>
        <vertices id="polygon1-mesh-vertices">
          <input semantic="POSITION" source="#polygon1-mesh-positions"/>
        </vertices>
        <triangles material="mat_tire-material" count="208">
          <input semantic="VERTEX" source="#polygon1-mesh-vertices" offset="0"/>
          <input semantic="NORMAL" source="#polygon1-mesh-normals" offset="1"/>
          <input semantic="TEXCOORD" source="#polygon1-mesh-map-0" offset="2" set="0"/>
          <input semantic="COLOR" source="#polygon1-mesh-colors-polygon1_Colors0" offset="3" set="0"/>
          <p>2 0 0 0 1 1 1 1 0 2 2 2 3 3 3 3 1 1 4 4 2 0 5 5 4 4 6 6 3 3 7 7 2 0 8 8 5 5 9 9 3 3 10 10 4 4 11 11 6 6 12 12 5 5 13 13 4 4 14 14 7 7 15 15 5 5 16 16 6 6 17 17 8 8 18 18 7 7 19 19 6 6 20 20 9 9 21 21 7 7 22 22 8 8 23 23 10 10 24 24 9 9 25 25 8 8 26 26 13 11 27 27 12 12 28 28 11 13 29 29 14 14 30 30 12 12 31 31 13 11 32 32 15 15 33 33 14 14 34 34 13 11 35 35 16 16 36 36 14 14 37 37 15 15 38 38 17 17 39 39 16 16 40 40 15 15 41 41 18 18 42 42 16 16 43 43 17 17 44 44 19 19 45 45 18 18 46 46 17 17 47 47 20 20 48 48 18 18 49 49 19 19 50 50 21 21 51 51 20 20 52 52 19 19 53 53 22 22 54 54 12 12 55 55 14 14 56 56 11 13 57 57 12 12 58 58 22 22 59 59 23 23 60 60 11 13 61 61 22 22 62 62 24 24 63 63 11 13 64 64 23 23 65 65 25 25 66 66 24 24 67 67 23 23 68 68 26 26 69 69 24 24 70 70 25 25 71 71 29 27 72 72 28 28 73 73 27 29 74 74 24 24 75 75 28 28 76 76 29 27 77 77 30 30 78 78 24 24 79 79 29 27 80 80 11 13 81 81 24 24 82 82 30 30 83 83 31 31 84 84 11 13 85 85 30 30 86 86 13 11 87 87 11 13 88 88 31 31 89 89 34 32 90 90 33 33 91 91 32 34 92 92 35 35 93 93 33 33 94 94 34 32 95 95 36 36 96 96 35 35 97 97 34 32 98 98 0 2 99 99 35 35 100 100 36 36 101 101 37 37 102 102 0 2 103 103 36 36 104 104 2 0 105 105 0 2 106 106 37 37 107 107 38 38 108 108 1 1 109 109 3 3 110 110 0 2 111 111 1 1 112 112 38 38 113 113 39 39 114 114 0 2 115 115 38 38 116 116 35 35 117 117 0 2 118 118 39 39 119 119 40 40 120 120 35 35 121 121 39 39 122 122 41 41 123 123 35 35 124 124 40 40 125 125 43 42 126 126 20 20 127 127 42 43 128 128 18 18 129 129 20 20 130 130 43 42 131 131 44 44 132 132 18 18 133 133 43 42 134 134 16 16 135 135 18 18 136 136 44 44 137 137 14 14 138 138 16 16 139 139 44 44 140 140 46 45 141 141 9 9 142 142 45 46 143 143 7 7 144 144 9 9 145 145 46 45 146 146 47 47 147 147 7 7 148 148 46 45 149 149 5 5 150 150 7 7 151 151 47 47 152 152 3 3 153 153 5 5 154 154 47 47 155 155 49 48 156 156 29 27 157 157 48 49 158 158 30 30 159 159 29 27 160 160 49 48 161 161 50 50 162 162 30 30 163 163 49 48 164 164 31 31 165 165 30 30 166 166 50 50 167 167 13 11 168 168 31 31 169 169 50 50 170 170 50 50 171 171 15 15 172 172 13 11 173 173 17 17 174 174 15 15 175 175 50 50 176 176 51 51 177 177 17 17 178 178 50 50 179 179 19 19 180 180 17 17 181 181 51 51 182 182 21 21 183 183 19 19 184 184 51 51 185 185 54 52 186 186 53 53 187 187 52 54 188 188 55 55 189 189 53 53 190 190 54 52 191 191 56 56 192 192 55 55 193 193 54 52 194 194 57 57 195 195 55 55 196 196 56 56 197 197 58 58 198 198 57 57 199 199 56 56 200 200 61 59 201 201 60 60 202 202 59 61 203 203 62 62 204 204 60 60 205 205 61 59 206 206 63 63 207 207 62 62 208 208 61 59 209 209 34 32 210 210 62 62 211 211 63 63 212 212 36 36 213 213 34 32 214 214 63 63 215 215 66 64 216 216 65 65 217 217 64 66 218 218 67 67 219 219 65 65 220 220 66 64 221 221 68 68 222 222 67 67 223 223 66 64 224 224 69 69 225 225 67 67 226 226 68 68 227 227 70 70 228 228 69 69 229 229 68 68 230 230 60 60 231 231 71 71 232 232 59 61 233 233 32 34 234 234 71 71 235 235 60 60 236 236 62 62 237 237 32 34 238 238 60 60 239 239 34 32 240 240 32 34 241 241 62 62 242 242 74 72 243 243 73 73 244 244 72 74 245 245 27 29 246 246 73 73 247 247 74 72 248 248 48 49 249 249 27 29 250 250 74 72 251 251 29 27 252 252 27 29 253 253 48 49 254 254 77 75 255 255 76 76 256 256 75 77 257 257 78 78 258 258 76 76 259 259 77 75 260 260 79 79 261 261 78 78 262 262 77 75 263 263 80 80 264 264 78 78 265 265 79 79 266 266 81 81 267 267 4 4 268 268 2 0 269 269 6 6 270 270 4 4 271 271 81 81 272 272 82 82 273 273 6 6 274 274 81 81 275 275 8 8 276 276 6 6 277 277 82 82 278 278 85 83 279 279 84 84 280 280 83 85 281 281 68 68 282 282 84 84 283 283 85 83 284 284 86 86 285 285 68 68 286 286 85 83 287 287 70 70 288 288 68 68 289 289 86 86 290 290 59 61 291 291 88 87 292 292 87 88 293 293 89 89 294 294 88 87 295 295 59 61 296 296 71 71 297 297 89 89 298 298 59 61 299 299 92 90 300 300 91 91 301 301 90 92 302 302 20 20 303 303 91 91 304 304 92 90 305 305 42 43 306 306 20 20 307 307 92 90 308 308 72 74 309 309 91 91 310 310 93 93 311 311 90 92 312 312 91 91 313 313 72 74 314 314 73 73 315 315 90 92 316 316 72 74 317 317 94 94 318 318 88 87 319 319 89 89 320 320 9 9 321 321 88 87 322 322 94 94 323 323 45 46 324 324 9 9 325 325 94 94 326 326 81 81 327 327 36 36 328 328 63 63 329 329 37 37 330 330 36 36 331 331 81 81 332 332 2 0 333 333 37 37 334 334 81 81 335 335 97 95 336 336 96 96 337 337 95 97 338 338 98 98 339 339 96 96 340 340 97 95 341 341 99 99 342 342 98 98 343 343 97 95 344 344 100 100 345 345 43 42 346 346 42 43 347 347 52 54 348 348 43 42 349 349 100 100 350 350 52 54 351 351 44 44 352 352 43 42 353 353 53 53 354 354 44 44 355 355 52 54 356 356 53 53 357 357 101 101 358 358 44 44 359 359 55 55 360 360 101 101 361 361 53 53 362 362 55 55 363 363 22 22 364 364 101 101 365 365 57 57 366 366 22 22 367 367 55 55 368 368 57 57 369 369 23 23 370 370 22 22 371 371 58 58 372 372 23 23 373 373 57 57 374 374 58 58 375 375 25 25 376 376 23 23 377 377 102 102 378 378 25 25 379 379 58 58 380 380 102 102 381 381 26 26 382 382 25 25 383 383 80 80 384 384 26 26 385 385 102 102 386 386 103 103 387 387 80 80 388 388 79 79 389 389 26 26 390 390 80 80 391 391 103 103 392 392 104 104 393 393 3 3 394 394 47 47 395 395 38 38 396 396 3 3 397 397 104 104 398 398 41 41 399 399 33 33 400 400 35 35 401 401 105 105 402 402 33 33 403 403 41 41 404 404 105 105 405 405 32 34 406 406 33 33 407 407 106 106 408 408 32 34 409 409 105 105 410 410 106 106 411 411 71 71 412 412 32 34 413 413 107 107 414 414 71 71 415 415 106 106 416 416 107 107 417 417 89 89 418 418 71 71 419 419 94 94 420 420 89 89 421 421 107 107 422 422 10 10 423 423 88 87 424 424 9 9 425 425 87 88 426 426 88 87 427 427 10 10 428 428 96 96 429 429 46 45 430 430 45 46 431 431 98 98 432 432 46 45 433 433 96 96 434 434 98 98 435 435 47 47 436 436 46 45 437 437 99 99 438 438 47 47 439 439 98 98 440 440 99 99 441 441 104 104 442 442 47 47 443 443 64 66 444 444 104 104 445 445 99 99 446 446 64 66 447 447 38 38 448 448 104 104 449 449 65 65 450 450 38 38 451 451 64 66 452 452 65 65 453 453 39 39 454 454 38 38 455 455 67 67 456 456 39 39 457 457 65 65 458 458 67 67 459 459 40 40 460 460 39 39 461 461 69 69 462 462 40 40 463 463 67 67 464 464 69 69 465 465 41 41 466 466 40 40 467 467 70 70 468 468 41 41 469 469 69 69 470 470 70 70 471 471 105 105 472 472 41 41 473 473 86 86 474 474 105 105 475 475 70 70 476 476 86 86 477 477 106 106 478 478 105 105 479 479 85 83 480 480 106 106 481 481 86 86 482 482 85 83 483 483 107 107 484 484 106 106 485 485 83 85 486 486 107 107 487 487 85 83 488 488 83 85 489 489 94 94 490 490 107 107 491 491 95 97 492 492 94 94 493 493 83 85 494 494 45 46 495 495 95 97 496 496 96 96 497 497 94 94 498 498 95 97 499 499 45 46 500 500 42 43 501 501 108 108 502 502 100 100 503 503 92 90 504 504 108 108 505 505 42 43 506 506 92 90 507 507 75 77 508 508 108 108 509 509 109 109 510 510 75 77 511 511 92 90 512 512 48 49 513 513 110 110 514 514 49 48 515 515 74 72 516 516 110 110 517 517 48 49 518 518 72 74 519 519 110 110 520 520 74 72 521 521 93 93 522 522 110 110 523 523 72 74 524 524 21 21 525 525 110 110 526 526 93 93 527 527 51 51 528 528 110 110 529 529 21 21 530 530 111 111 531 531 79 79 532 532 77 75 533 533 103 103 534 534 79 79 535 535 111 111 536 536 100 100 537 537 54 52 538 538 52 54 539 539 108 108 540 540 54 52 541 541 100 100 542 542 108 108 543 543 76 76 544 544 54 52 545 545 75 77 546 546 76 76 547 547 108 108 548 548 21 21 549 549 91 91 550 550 20 20 551 551 93 93 552 552 91 91 553 553 21 21 554 554 102 102 555 555 78 78 556 556 80 80 557 557 58 58 558 558 78 78 559 559 102 102 560 560 101 101 561 561 14 14 562 562 44 44 563 563 22 22 564 564 14 14 565 565 101 101 566 566 109 109 567 567 77 75 568 568 75 77 569 569 111 111 570 570 77 75 571 571 109 109 572 572 87 88 573 573 61 59 574 574 59 61 575 575 10 10 576 576 61 59 577 577 87 88 578 578 10 10 579 579 82 82 580 580 61 59 581 581 8 8 582 582 82 82 583 583 10 10 584 584 26 26 585 585 28 28 586 586 24 24 587 587 103 103 588 588 28 28 589 589 26 26 590 590 84 84 591 591 95 97 592 592 83 85 593 593 97 95 594 594 95 97 595 595 84 84 596 596 103 103 597 597 27 29 598 598 28 28 599 599 111 111 600 600 27 29 601 601 103 103 602 602 111 111 603 603 73 73 604 604 27 29 605 605 109 109 606 606 73 73 607 607 111 111 608 608 97 95 609 609 64 66 610 610 99 99 611 611 66 64 612 612 64 66 613 613 97 95 614 614 109 109 615 615 90 92 616 616 73 73 617 617 92 90 618 618 90 92 619 619 109 109 620 620 78 78 621 621 58 58 622 622 56 56 623 623</p>
        </triangles>
      </mesh>
    </geometry>
    <geometry id="polygon0-mesh" name="polygon0">
      <mesh>
        <source id="polygon0-mesh-positions">
          <float_array id="polygon0-mesh-positions-array" count="2217">34.12416 72.54434 -54.66618 33.97435 67.25833 -66.02164 27.82194 66.22655 -57.5643 20.971 68.51833 -61.5396 22.56684 71.06677 -55.03298 23.63557 81.77026 -58.9737 27.6878 76.03705 -53.49405 33.25101 83.42465 -59.34727 36.67469 75.17279 -62.42148 42.43914 88.9495 -102.9476 38.71955 78.30035 -106.064 29.96183 90.48776 -112.1495 30.00764 74.72639 -107.4691 21.40063 78.27392 -106.198 17.49582 88.91142 -103.1405 20.88227 95.67463 -101.4568 29.26108 99.37308 -100.5741 38.2012 95.70108 -101.3229 -27.82194 66.22655 -57.5643 -33.97435 67.25833 -66.02164 -34.12416 72.54434 -54.66618 -36.67469 75.17278 -62.42148 -33.25101 83.42465 -59.34727 -42.43914 88.9495 -102.9476 -38.2012 95.70108 -101.3229 -29.96183 90.48776 -112.1495 -29.26108 99.37306 -100.5741 -20.88227 95.67462 -101.4568 -23.63557 81.77028 -58.9737 -17.49582 88.91142 -103.1405 -20.971 68.51833 -61.5396 -21.40063 78.27392 -106.198 -30.00764 74.72639 -107.4691 -38.71955 78.30035 -106.064 22.86266 50.24949 -53.47672 27.68441 39.62654 -57.74134 22.86266 30.04074 -54.08891 27.68441 27.70799 -63.94574 22.86266 18.34715 -68.14126 27.68441 23.66749 -76.76059 22.86266 20.01505 -86.34637 27.68441 29.87189 -88.67913 22.86266 34.06741 -98.03996 27.68441 42.68673 -92.71964 22.86266 52.27253 -96.37206 27.68441 54.60527 -86.51524 22.86266 63.96612 -82.31972 27.68441 58.64578 -73.70039 22.86266 62.29821 -64.11459 27.68441 52.44138 -61.78185 -7.468067 44.79805 64.84431 -12.81547 34.6226 68.18822 -7.46806 29.0402 59.08323 -12.81548 24.20956 68.64287 -7.46806 13.82399 66.15203 -12.81548 17.16791 76.32747 -7.46806 8.062911 81.9099 -12.81548 17.62255 86.74052 -7.46806 15.13172 97.1261 -12.81547 25.30717 93.78217 -7.46806 30.88957 102.8872 -12.81548 35.72021 93.32752 -7.46806 46.10577 95.81836 -12.81548 42.76186 85.64291 -7.468066 51.86686 80.0605 -12.81548 42.30721 75.22988 7.468059 29.0402 59.08323 12.81547 34.6226 68.18822 7.468066 44.79805 64.84431 12.81547 42.30721 75.22988 7.468065 51.86686 80.0605 12.81547 42.76186 85.64291 7.468059 46.10577 95.81836 12.81547 35.72021 93.32752 7.468059 30.88957 102.8872 12.81547 25.30717 93.78217 7.468059 15.13172 97.1261 12.81547 17.62255 86.74052 7.468059 8.062911 81.9099 12.81548 17.16791 76.32747 7.468059 13.82399 66.15203 12.81547 24.20956 68.64287 -26.27559 53.52967 -79.09502 -31.16714 45.99943 -79.25434 -26.27559 47.18583 -86.67929 -31.16714 41.74849 -81.46725 -26.27559 37.33718 -87.55638 -31.16714 37.17786 -80.02613 -26.27559 29.75291 -81.21254 -31.16714 34.96494 -75.77518 -26.27559 28.87582 -71.36388 -31.16714 36.40606 -71.20454 -26.27559 35.21965 -63.77961 -31.16714 40.65701 -68.99164 -26.27559 45.06831 -62.90252 -31.16714 45.22764 -70.43275 -26.27559 52.65257 -69.24636 -31.16714 47.44054 -74.68372 25.62058 58.81037 -9.335072 28.3392 53.15553 -7.345728 25.62058 51.28686 -1.625252 28.3392 45.90644 -4.289067 25.62058 40.61156 -1.589188 28.3392 38.65736 -7.345727 25.62058 33.03794 -9.248005 28.3392 35.65469 -14.72517 25.62058 33.00251 -20.11527 28.3392 38.65736 -22.10461 25.62058 40.52604 -27.82509 28.3392 45.90644 -25.16127 25.62058 51.20132 -27.86116 28.3392 53.15553 -22.10461 25.62058 58.77493 -20.20233 28.3392 56.15818 -14.72517 26.27559 47.18583 -86.67929 31.16714 45.99943 -79.25435 26.27559 53.52967 -79.09502 31.16714 47.44054 -74.68372 26.27559 52.65257 -69.24636 31.16714 45.22764 -70.43276 26.27559 45.06831 -62.90252 31.16714 40.65701 -68.99165 26.27559 35.21965 -63.77962 31.16714 36.40606 -71.20454 26.27559 28.87582 -71.36388 31.16714 34.96495 -75.77519 26.27559 29.75291 -81.21255 31.16714 37.17786 -80.02614 26.27559 37.33718 -87.55638 31.16714 41.74849 -81.46725 -25.68433 51.28686 -1.625253 -28.40295 53.15553 -7.345728 -25.68433 58.81037 -9.335072 -28.40295 56.15818 -14.72517 -25.68433 58.77493 -20.20232 -28.40295 53.15553 -22.10461 -25.68433 51.20132 -27.86116 -28.40295 45.90644 -25.16128 -25.68433 40.52604 -27.82509 -28.40295 38.65736 -22.10461 -25.68433 33.00251 -20.11527 -28.40295 35.65469 -14.72517 -25.68433 33.03794 -9.248005 -28.40295 38.65736 -7.345727 -25.68433 40.61156 -1.589188 -28.40295 45.90644 -4.289067 -14.8556 87.2003 90.4828 -25.09008 89.46707 84.16706 -23.27145 90.25003 83.75992 -31.99388 96.47702 72.79214 -29.87428 96.70528 72.86449 -35.18655 98.81641 52.92003 -31.62793 98.77962 55.79147 -36.95103 92.66814 34.36031 -32.63689 92.81483 34.64769 -37.35286 79.00642 22.61255 -33.26532 78.04939 24.3254 -37.11848 64.86874 19.75675 -33.35728 64.00077 22.96663 -34.58796 50.11761 20.23428 -28.11678 41.58596 22.57314 -28.95348 34.23839 24.86012 -26.04913 34.11067 24.8102 -14.36407 59.41574 -53.47013 -22.86266 62.29821 -64.11459 -14.36407 69.45467 -72.75473 -22.86266 63.96612 -82.31972 -14.36407 62.91698 -93.48961 -22.86266 52.27253 -96.37207 -14.36407 43.63239 -103.5285 -22.86266 34.06741 -98.03997 -14.36407 22.89752 -96.99085 -22.86266 20.01505 -86.34637 -14.36407 12.8586 -77.70624 -22.86266 18.34715 -68.14126 -14.36407 19.39627 -56.97137 -22.86266 30.04073 -54.08891 16.90384 77.01882 97.03835 9.329256 86.29501 105.4043 16.48918 84.97476 93.53593 9.86044 91.39214 100.4375 0.06182599 94.25884 96.86192 0.06182599 93.08403 106.2385 -9.736788 91.39214 100.4375 -9.205603 86.29501 105.4043 -16.36552 84.97475 93.53593 -16.78019 77.01882 97.03836 -32.77397 83.98373 66.54554 -38.46709 87.59444 52.18441 33.84369 69.8861 -47.81145 27.5484 63.03203 -49.62886 33.03219 63.20944 -41.70053 24.02892 30.79499 -36.03108 28.85926 33.40018 -29.3604 22.55225 27.8584 -29.1372 10.46579 31.36493 39.9348 19.84856 33.42186 -29.37006 23.55112 36.66948 -26.90731 22.03669 63.20554 -41.9022 27.02575 65.23429 -38.79302 27.46712 73.32157 -46.86791 34.10284 81.04903 39.40079 39.95177 81.59766 38.11416 34.13763 65.26119 32.56045 40.14172 65.41429 30.75032 28.25483 43.95649 35.75163 34.55865 43.12395 34.00815 23.1943 28.52806 49.22503 30.24517 27.68479 42.17495 21.52865 20.66549 47.9122 16.96643 13.24994 40.1698 0.06182497 15.01307 53.73587 0.06182497 9.811769 44.79222 -16.84278 13.24994 40.1698 -16.03325 27.82414 77.80974 -13.97534 16.72804 73.06995 -15.92936 31.75341 71.15173 -14.89284 32.16145 60.10799 -13.69745 50.33786 62.26417 -11.19713 45.91228 53.98078 -9.126486 55.7078 60.74972 10e-7 46.24191 51.20039 0 58.09546 58.42921 9.126486 55.7078 60.74972 9.126486 62.88181 72.33098 13.69745 50.3874 62.26417 13.69745 58.1797 79.31318 26.17278 34.11067 24.8102 29.07713 34.23839 24.86012 28.24043 41.58596 22.57314 34.71161 50.11761 20.2324 33.48093 63.85753 22.96663 37.20912 64.86874 19.75675 33.38897 78.04939 24.3254 37.44351 79.00642 22.61255 32.71619 92.81483 34.64769 37.03033 92.66814 34.36031 31.75158 98.77962 55.79146 35.3102 98.81641 52.92002 29.99792 96.70528 72.86449 0.06182599 24.08377 53.68941 -21.405 20.66549 47.9122 -30.12152 27.68479 42.17495 -34.43501 43.12395 34.00814 -39.50133 65.41428 30.75032 -27.46712 73.32157 -46.86791 -22.56684 71.06677 -55.03298 -22.03669 63.20554 -41.9022 -27.5484 63.03203 -49.62886 -19.84856 33.42186 -29.37006 -24.02892 30.79499 -36.03108 -22.55225 27.8584 -29.1372 -28.85926 33.40018 -29.3604 -10.46579 31.36493 39.9348 -23.55112 36.66948 -26.90731 14.4945 115.3966 37.8532 14.4342 118.4512 44.40394 14.05516 79.16232 54.7495 14.00311 82.21701 61.30026 13.40304 46.78729 77.8214 20.68137 82.21701 61.30026 18.60847 46.7873 77.82139 20.73342 79.16233 54.7495 18.64904 43.73264 71.27064 13.4436 43.73262 71.27064 0.06182599 85.46688 109.6924 0.06182396 77.08994 108.2606 0.06182497 69.49754 101.3139 -12.04037 68.41969 92.56675 0.061827 72.02607 92.73978 -20.6944 70.55068 85.28889 -2.683335 90.34172 94.90865 -12.12425 102.2823 96.07314 -10.20226 101.2557 93.89396 -18.14847 111.5152 93.76924 -17.19765 113.0592 90.56909 -26.31237 121.1854 86.31234 -23.32468 121.0562 83.91544 -31.52581 123.8112 77.25194 -28.03146 123.6877 75.60051 -36.41365 121.7594 63.78912 -32.6993 121.6432 62.41557 -14.85086 85.35301 16.00457 -23.39719 77.93916 20.09004 -17.97328 76.11475 -7.011636 -22.91011 67.30168 -13.2051 -17.33796 78.66872 -19.80133 -21.34092 70.6406 -35.00641 -14.92971 87.01176 -37.96497 -18.20178 90.46411 -64.35478 -9.892477 98.67903 -48.89439 -12.25186 102.7516 -79.68098 0 111.5044 -87.41044 -14.4945 115.3966 37.8532 -13.905 79.16233 54.7495 -14.4342 118.4512 44.40394 -13.85276 82.21699 61.30024 -22.17052 118.4512 44.40394 -20.55563 82.21699 61.30024 -22.23081 115.3966 37.8532 -20.60786 79.16232 54.7495 -13.04521 46.7873 77.82139 -13.08627 43.73263 71.27065 -18.35382 43.73263 71.27065 -18.31277 46.78729 77.8214 2.806983 90.34172 94.90864 9.180088 90.12254 93.28058 15.34488 98.27684 90.66217 13.38585 94.92771 93.66893 24.77163 108.3958 82.71553 26.94404 109.1802 84.64775 28.81425 112.3467 76.11795 31.60938 112.8703 77.4762 31.85714 113.9101 64.66183 35.53804 114.4283 65.76671 -13.14784 19.26964 61.60213 -8.518665 27.12591 51.27906 10e-7 32.09474 49.09678 11.19713 45.91228 53.98078 -10.06465 33.5392 108.7025 -9.735991 46.8252 108.4816 -10e-7 32.2879 115.269 10e-7 48.19966 111.6078 9.735989 46.87539 108.4816 9.766241 58.44199 100.0246 12.95424 52.12392 95.2604 9.446383 63.15208 86.65552 16.80978 107.6865 45.49843 66.55569 103.4779 40.89582 14.95065 105.1714 40.10479 66.55569 109.0979 38.27519 14.36519 110.7914 37.48416 66.55569 111.613 43.66885 16.27339 113.3065 42.8778 66.55569 105.993 46.28946 -3.216377 101.1494 74.97352 -3.216377 118.7478 67.56695 -10.14316 98.54144 68.57571 -10.14316 116.1398 61.16914 -17.06995 101.1494 74.97352 -17.06995 118.7478 67.56695 -10.14317 103.7574 81.37134 -10.14317 121.3558 73.96476 -13.62976 105.1714 40.10479 -67.04287 103.4779 40.89582 -15.6472 107.6865 45.49843 -67.04287 105.993 46.28946 -15.07122 113.3065 42.8778 -67.04287 111.613 43.66884 -13.00822 110.7914 37.48416 -67.04287 109.0979 38.2752 -9.05644 90.12254 93.2806 -13.26221 94.92771 93.66894 -26.82039 109.1802 84.64775 -31.65698 117.0123 77.30706 -23.07066 28.52806 49.22503 -28.13118 43.95649 35.75163 -25.42418 48.04961 52.17218 -30.08259 70.54032 45.07744 -25.92579 57.73793 57.46273 -28.82759 78.12749 54.2765 -24.19702 65.87927 67.69936 -27.37103 82.38796 66.65233 30.05526 99.6785 64.86227 28.70782 106.4733 70.5201 44.50059 103.2911 65.19563 41.20703 111.6949 69.46429 52.82388 121.2404 64.26673 41.20703 111.2004 60.67501 30.53176 104.4549 58.73861 -28.61515 106.4599 70.51066 -29.96211 99.64673 64.84117 -43.91045 103.3235 65.19688 -30.0251 104.4486 58.73971 -40.86452 111.2009 60.67046 -29.18954 112.1351 61.21036 -40.86452 111.6723 69.46388 -28.2481 112.2114 67.35471 15.92936 31.75341 71.15173 20.03767 52.58951 65.71146 19.96153 36.91991 74.84863 21.59036 54.97703 70.73009 19.31454 39.48979 81.23697 19.98326 57.28025 76.29707 15.63107 39.29366 86.84464 32.11753 96.47702 72.79214 38.59074 87.59444 52.18441 20.81804 70.55068 85.28889 27.49468 82.38796 66.65233 24.32067 65.87927 67.69936 28.95583 78.11317 54.2462 26.04943 57.73793 57.46273 30.20564 70.55112 45.08495 25.54783 48.04961 52.17218 -8.312346 27.91725 -13.14448 -41.68422 27.91725 -13.14448 -8.312346 22.06295 -12.01353 -41.68422 22.06295 -12.01353 -8.312346 25.38958 -6.43797 -41.68422 25.38958 -6.43797 14.97925 87.2003 90.4828 23.3951 90.25003 83.75992 25.21373 89.46709 84.16706 32.89762 83.98373 66.54555 32.21661 85.78365 52.47896 -10e-7 65.79916 72.17622 0 66.19933 87.28088 -9.446385 63.15209 86.65553 -9.76624 58.44199 100.0246 -12.95424 52.07439 95.2604 0.06182599 96.10434 97.29341 8.081738 96.60621 94.41071 15.08629 102.2245 91.45916 26.98478 113.49 78.4769 31.58574 77.21223 26.63107 25.65798 86.52146 17.5651 23.54675 86.92606 18.92119 14.80022 96.0783 12.3731 13.56718 95.80618 13.90786 0.06182497 100.6763 10.3747 0.06182599 100.1051 11.77787 -22.86266 50.24949 -53.47672 -27.68441 52.44138 -61.78185 -27.68441 58.64578 -73.70039 -27.68441 54.60527 -86.51524 -13.69745 58.18386 79.31317 -15.63107 39.29679 86.84463 -19.98326 57.29115 76.29707 -19.31454 39.52037 81.22437 -21.59036 54.96777 70.7301 -19.96153 36.93215 74.84863 -20.03766 52.6004 65.71143 -31.73349 113.9101 64.66183 -29.57211 112.3467 76.11795 -28.14626 116.6951 75.81811 -24.48288 108.3958 82.71553 -15.22124 98.27686 90.66219 4.797383 77.56789 51.81297 4.03165 113.0161 35.44019 -4.673732 77.5679 51.81297 -4.03165 113.0161 35.44019 -4.609875 81.16539 58.57113 -4.097828 116.4702 42.02799 4.733526 81.16537 58.57112 4.221479 116.4702 42.02799 12.16403 68.41969 92.56674 -27.68441 39.62653 -57.74134 -27.68441 27.70799 -63.94574 -27.68441 29.87189 -88.67913 -27.68441 23.66749 -76.76058 17.66423 87.32825 49.05367 0.06182497 98.98169 39.52866 14.25184 98.99246 35.31249 0.06182497 105.7145 29.77871 19.79729 98.88309 25.47969 0.06182599 105.257 20.54291 10.20697 98.37926 68.25318 3.043646 118.676 67.43484 3.043646 101.0763 74.86945 10.20697 121.373 74.05112 10.20697 103.7733 81.48574 17.37029 118.676 67.43484 17.37029 101.0763 74.86946 10.20697 115.979 60.81856 8.670272 22.06295 -12.01353 42.04214 27.91725 -13.14448 8.670272 27.91725 -13.14448 42.04214 25.38958 -6.43797 8.670272 25.38958 -6.43797 42.04214 22.06295 -12.01353 -34.01398 65.26119 32.56045 -39.82812 81.59766 38.11416 -33.97919 81.04903 39.40079 -32.09296 85.78365 52.47896 -28.33906 119.6254 62.48205 -26.86113 113.49 78.4769 0.06182497 94.94487 92.93449 0.06182599 116.273 82.70071 27.87997 109.351 59.02502 24.07788 111.2843 35.87726 24.07788 103.4625 39.5246 26.2534 114.6433 43.08067 26.2534 106.8215 46.72802 19.77982 117.5179 49.24525 19.77982 109.6961 52.89259 0 107.7973 48.82059 14.61669 19.43148 -8.28574 0.06182599 15.56329 -10.77749 15.49244 13.43816 -3.572317 0.06182497 10 -4.741364 0.06182497 10 21.97889 -16.80958 13.07337 22.67963 25.37899 79.97987 10.20041 13.94696 91.58311 4.848608 -27.68441 42.68673 -92.71964 32.82295 121.6432 62.41557 36.5373 121.7594 63.78912 28.15511 123.6877 75.60052 31.64946 123.8112 77.25195 23.44834 121.0562 83.91544 26.43603 121.1854 86.31235 17.3213 113.0592 90.56909 10e-7 60.59436 102.0591 -9.126487 62.88181 72.33098 -14.96264 102.2216 91.4512 -7.958088 96.60621 94.41071 0 82.91231 -7.750667 0 90.07996 -35.9913 0 104.3642 -50.90233 -12.59419 35.47518 101.4109 -13.49114 40.28571 96.60287 -24.07788 103.4625 39.5246 -24.07788 111.2843 35.87726 -26.2534 106.8215 46.72802 -26.2534 114.6433 43.08067 -19.77982 109.6961 52.89259 -19.77982 117.5179 49.24525 0 115.619 45.17323 -31.46209 77.21223 26.63107 -19.67365 98.88309 25.47969 -29.86111 81.62293 46.60911 -14.12819 98.99246 35.31249 -17.54059 87.32825 49.05367 31.78063 117.0123 77.30706 18.27212 111.5152 93.76924 14.85086 85.35301 16.00457 0.004197955 87.94091 12.26571 17.97328 76.11475 -7.011636 17.38541 78.6675 -19.8014 14.92971 87.01176 -37.96497 23.39719 77.93916 20.09004 22.91011 67.30168 -13.2051 22.73098 61.85882 -1.877276 17.79598 41.61221 -12.38432 -29.99792 96.70528 72.86449 -31.46209 77.21223 26.63106 -23.3951 90.25003 83.75993 0.05329495 69.62339 53.73133 -14.97925 87.20028 90.4828 0 94.25881 96.86192 28.26991 116.6951 75.81811 -21.19937 50.3973 -63.36745 -17.39079 47.26517 -44.22301 -21.27909 47.26517 -44.22301 -15.12728 48.26323 -30.5623 -20.62289 48.26323 -30.5623 -18.62148 56.04861 -14.74411 14.79299 28.48089 -13.40141 18.76486 33.3954 -31.54044 15.19105 33.46881 -32.37954 21.08905 33.87958 -44.06666 17.61069 33.83419 -44.07063 21.15715 27.75354 -65.00503 21.27908 47.26517 -44.22301 20.62289 48.26323 -30.5623 18.62148 56.04861 -14.74411 -27.6878 76.03705 -53.49405 29.98476 81.62293 46.60911 -14.80285 20.43678 84.26331 -16.51469 30.92771 84.58602 -14.50091 28.41298 91.03165 -14.35494 37.83981 92.01179 -25.25534 79.97987 10.20041 -28.37961 64.48249 5.418272 -32.6239 52.42297 13.04572 -27.85202 41.76466 0.835461 -51.60792 121.2486 64.25912 8.518667 27.12591 51.27906 13.14785 19.26964 61.60213 14.89284 32.16145 60.108 13.97534 16.72804 73.06995 16.03325 27.82414 77.80974 12.59418 35.47518 101.4109 13.49114 40.33524 96.60287 28.34028 112.2063 67.35249 29.24495 112.1346 61.21068 21.34092 70.6406 -35.00641 18.20178 90.46411 -64.35477 0 89.60834 -67.89911 0 101.4334 -83.36525 28.50326 64.48249 5.418268 32.74755 52.42297 13.04572 27.97567 41.76466 0.83546 16.51469 30.92771 84.58602 -13.44353 95.80616 13.90786 -23.4231 86.92606 18.92119 -13.23469 18.35734 16.9727 -13.81724 19.96982 -18.00012 -13.75562 33.24939 -1.984491 -13.64319 32.11932 -23.02233 -14.00425 41.10999 -2.830114 -14.83868 56.05141 -19.80734 -21.83191 62.22385 39.88403 -26.86799 35.03971 29.24776 -24.70285 62.07665 5.438847 -23.85314 58.13384 1.988557 24.69401 62.07665 5.438847 23.84429 58.13384 1.988557 22.64182 60.9442 -23.74734 0 41.74258 -12.41051 0 68.81581 -36.69856 -22.64182 60.9442 -23.74735 -14.67658 96.0783 12.3731 -13.82331 91.58311 4.848606 -25.53433 86.52146 17.5651 10.20697 118.7172 68.3133 25.5914 33.38536 -75.94862 25.5914 35.41647 -70.4828 39.04371 41.12355 -75.27161 25.5914 40.44655 -67.53342 25.59139 45.91237 -69.56454 25.59139 48.86175 -74.59463 25.59139 46.83064 -80.06043 25.5914 41.80056 -83.00983 -10.14316 118.7877 68.4164 0.06182497 28.7161 43.11851 -23.56311 66.79927 52.8685 -15.36879 13.43816 -3.572317 -23.75058 27.8197 -1.149935 16.93323 13.07337 22.67963 -11.89233 45.90644 -12.44112 12.25186 102.7516 -79.68098 11.82859 45.90644 -12.44112 35.22049 93.93692 -124.9571 30.14039 88.83492 -125.9272 31.67752 80.28221 -78.75433 25.22498 93.9394 -124.9916 30.33795 97.80753 -124.1241 -30.14039 88.83492 -125.9272 -35.22049 93.93692 -124.9571 -31.67752 80.28221 -78.75433 -30.33795 97.80753 -124.1241 -25.22498 93.9394 -124.9916 10.20697 101.0763 74.86945 14.80285 20.43678 84.26332 14.5009 28.41298 91.03165 14.35494 37.83966 92.01176 -25.5914 35.41647 -70.4828 -25.5914 33.38536 -75.94862 -39.04371 41.12355 -75.27161 -25.5914 36.33473 -80.97871 -25.5914 41.80056 -83.00983 -25.59139 46.83064 -80.06043 -25.59139 48.86175 -74.59462 -25.59139 45.91237 -69.56454 0.06182497 91.83399 4.652654 0.06182497 95.75262 3.289681 23.85676 27.80928 -1.172977 0.06182599 41.58781 22.55032 23.68677 66.79929 52.86851 15.12728 48.26323 -30.5623 13.97545 55.8494 -15.24361 0 75.63577 20.11851 -22.72258 61.85865 -1.879215 9.892477 98.68376 -48.90631 -24.07788 97.95521 41.77028 0 95.41704 36.32718 -26.2534 101.3142 48.9737 0 102.29 51.06626 -19.77982 104.1888 55.13828 0 108.7461 30.43414 21.01217 62.22385 39.88403 26.86799 35.03972 29.24776 20.91049 41.27797 -0.478852 -27.02575 65.23429 -38.79302 -14.75589 28.48089 -13.40141 -13.97545 55.8494 -15.24361 -15.19105 33.46881 -32.37954 -21.15715 27.75354 -65.00502 -21.08905 33.87958 -44.06666 -18.76486 33.3954 -31.54044 -14.51688 38.53299 -45.24213 28.46271 119.6254 62.48204 -27.75632 109.351 59.02503 0.06182497 111.4319 60.28156 0.06182497 98.26736 55.40871 23.3951 90.25003 83.75993 31.58574 77.21223 26.63106 29.99792 96.70526 72.86449 10.32591 101.2557 93.89396 -2.116621 80.75272 107.8526 -7.41416 81.53865 106.5715 -4.174511 86.92249 108.1047 -7.680404 87.81136 106.1151 2.621413 80.75272 107.8539 4.679304 86.92249 108.106 7.918952 81.53865 106.5729 8.185196 87.81136 106.1165 -14.49304 19.43147 -8.28574 12.2479 102.2823 96.07314 -15.48193 27.98809 78.41777 -15.48193 30.84702 84.40922 15.48193 27.98809 78.41777 15.48193 30.84702 84.40922 -15.48193 34.2165 80.40309 15.48193 34.2165 80.40309 -20.89931 41.27798 -0.478852 13.74677 33.24939 -1.984491 14.12807 41.10999 -2.830114 -33.84369 69.8861 -47.81145 -33.03219 63.20944 -41.70053 17.39078 47.26517 -44.22301 22.17052 118.4512 44.40394 22.23081 115.3966 37.8532 0 100.9243 34.08149 0.06182897 80.37871 57.91512 -35.41439 114.4283 65.76671 -31.48574 112.8703 77.4762 -17.61069 33.83419 -44.07063 21.19937 50.3973 -63.36745 14.36407 19.39627 -56.97137 14.36407 12.8586 -77.70625 14.36407 22.89752 -96.99084 14.36407 43.63239 -103.5285 14.36407 62.91698 -93.4896 14.36407 69.45467 -72.75473 14.36407 59.41574 -53.47013 25.5914 36.33473 -80.97871 0 102.892 -67.1279 0 119.3864 -58.39541 -6.051084 101.5081 -59.94022 0 100.7904 -53.34577 0 105.8289 -84.38918 0 121.9453 -76.03284 -5.524656 104.4548 -77.89873 0 103.8342 -71.79534 -17.79598 41.61221 -12.38432 12.48028 18.35735 16.9727 13.60702 19.96982 -18.00012 13.43296 32.11932 -23.02233 24.07788 97.95521 41.77028 26.2534 101.3142 48.9737 6.051084 101.5081 -59.94021 5.524656 104.4548 -77.89872 14.51688 38.53299 -45.24213 10.06465 33.5392 108.7025 14.62848 56.05141 -19.80734 -25.5914 40.44655 -67.53342 19.77982 104.1888 55.13828</float_array>
          <technique_common>
            <accessor source="#polygon0-mesh-positions-array" count="739" stride="3">
              <param name="X" type="float"/>
              <param name="Y" type="float"/>
              <param name="Z" type="float"/>
            </accessor>
          </technique_common>
        </source>
        <source id="polygon0-mesh-normals">
          <float_array id="polygon0-mesh-normals-array" count="3246">-0.03327101 -0.9993103 -0.01649296 0.6085014 -0.7826992 -0.1307979 0.8707913 -0.1495923 0.4683425 -0.7347005 -0.6587216 -0.1621757 -0.9170674 -0.1403787 0.3732041 -0.6876841 0.5286597 0.497604 -0.1211234 0.4823175 0.8675823 0.5525258 0.6002358 0.5783012 0.9838274 -0.05939429 0.1689857 0.9758812 0.1091157 -0.189076 0.6532003 -0.37501 -0.657797 -0.003370106 0.4354025 -0.9002295 -0.02178943 -0.70165 -0.7121886 -0.6353383 -0.3633767 -0.6813976 -0.9459549 0.1411114 -0.2919878 -0.6680305 0.7311374 -0.1384685 -0.02486068 0.9935958 0.1102247 0.6436687 0.7591301 -0.09701645 -0.8707915 -0.1495924 0.4683423 -0.6085084 -0.782695 -0.1307904 0.03327089 -0.9993103 -0.01649302 -0.9838278 -0.0593906 0.1689842 -0.5525325 0.6002389 0.5782915 -0.9758812 0.1091158 -0.1890762 -0.6436685 0.7591301 -0.09701645 -0.00335747 0.4353834 -0.9002389 0.02482903 0.9935964 0.110226 0.6680306 0.7311372 -0.1384685 0.687682 0.5286586 0.4976078 0.9459549 0.1411144 -0.2919867 0.7347186 -0.6586989 -0.1621862 0.6353428 -0.3633736 -0.6813951 0.02180123 -0.7016522 -0.712186 -0.6532111 -0.3750003 -0.6577919 0.6726109 -0.3448554 0.6547284 0.9245958 -0.02209025 0.3803085 0.6688274 0.256704 0.6976912 0.933131 -0.2755573 0.230943 0.6475211 -0.7273841 0.2272198 0.8950154 -0.4443162 -0.03912597 0.6475211 -0.6749929 -0.3536963 0.9331365 -0.2309339 -0.2755463 0.6475206 -0.22722 -0.7273846 0.9311433 0.03240889 -0.3632106 0.6475208 0.3536961 -0.6749932 0.9311209 0.2797888 -0.233949 0.6475207 0.7273843 -0.2272201 0.8950154 0.4443161 0.03912585 0.6470285 0.6789634 0.3469339 0.9331297 0.2309435 0.2755615 -0.8265112 -0.02399212 -0.5624088 -0.9514066 0.1054682 -0.2893129 -0.8265708 0.3806577 -0.414585 -0.9513934 -0.1300125 -0.279191 -0.8265703 -0.4145854 -0.3806582 -0.9514045 -0.2893179 -0.1054731 -0.8265404 -0.5623661 0.02398526 -0.9209004 -0.3533701 0.1645361 -0.8265707 -0.3806577 0.4145848 -0.951407 -0.1054708 0.2893109 -0.8265419 0.0239849 0.5623642 -0.9513935 0.1300127 0.2791901 -0.8265705 0.4145851 0.380658 -0.9514045 0.2893178 0.1054732 -0.8265116 0.5624083 -0.02399194 -0.9208798 0.3534144 -0.1645566 0.8265709 0.3806576 -0.4145847 0.9514069 0.105472 -0.2893109 0.8265407 -0.02398514 -0.5623657 0.9209005 0.3533684 -0.1645391 0.8265413 0.5623649 -0.02398502 0.9514048 0.2893165 0.1054757 0.8266002 0.4145492 0.3806325 0.9514106 0.1300131 0.2791318 0.826542 0.02398478 0.5623641 0.9514071 -0.1054731 0.2893097 0.826571 -0.3806576 0.4145846 0.9209001 -0.3533689 0.1645398 0.8265407 -0.5623659 0.0239852 0.9514047 -0.2893166 -0.1054757 0.8265704 -0.4145852 -0.3806579 0.9513934 -0.13001 -0.279192 -0.7895825 0.323302 -0.5215701 -0.9340538 0.25054 -0.2545062 -0.7971343 0.5760446 -0.1809684 -0.9535015 -0.01006156 -0.3012202 -0.8118385 -0.1566016 -0.5624894 -0.9331336 -0.2309387 -0.2755525 -0.7971349 -0.5352873 -0.2793625 -0.8950116 -0.4443243 -0.03912031 -0.7971338 -0.5760455 0.180968 -0.933122 -0.2755744 0.230959 -0.7971343 -0.2793627 0.535288 -0.9331206 -0.03155589 0.3581764 -0.7971338 0.1809681 0.5760453 -0.933133 0.2309395 0.275554 -0.7971343 0.5352879 0.279363 -0.8950116 0.4443243 0.03911954 0.4253954 0.352596 0.8334956 0.9354026 0.2524795 0.2475401 0.4128646 0.8437812 0.3428938 0.9362552 4.9038e-4 0.3513205 0.4255127 -0.3477818 0.8354561 0.9354202 -0.251755 0.2482106 0.4129574 -0.8417832 0.3476597 0.8971076 -0.4418117 6.14509e-4 0.3998452 -0.8500477 -0.3428451 0.9354028 -0.2524819 -0.247537 0.3937521 -0.359129 -0.8461594 0.9362554 -4.90501e-4 -0.3513197 0.393743 0.3542533 -0.8482164 0.9340437 0.2505595 -0.2545241 0.3998011 0.8481199 -0.3476372 0.8971078 0.4418115 -6.14684e-4 0.7971027 0.576085 -0.180979 0.9340528 0.250541 -0.2545083 0.7895826 0.3233017 -0.5215702 0.8950116 0.4443246 0.03911495 0.7971029 0.5353239 0.2793841 0.9331332 0.2309395 0.275553 0.7971344 0.180968 0.5760446 0.9331207 -0.03155654 0.358176 0.7971346 -0.2793626 0.5352878 0.9331219 -0.2755749 0.2309588 0.7971342 -0.5760448 0.1809683 0.8950113 -0.4443252 -0.03911566 0.797135 -0.5352873 -0.2793623 0.9331333 -0.2309391 -0.2755529 0.8118386 -0.1566013 -0.5624892 0.9534997 -0.01007091 -0.3012254 -0.4128637 0.8437708 0.3429206 -0.9354028 0.2524821 0.2475371 -0.4253956 0.3526006 0.8334937 -0.897108 0.4418109 -6.12117e-4 -0.399802 0.8481152 -0.3476481 -0.9340438 0.2505621 -0.2545208 -0.3937434 0.3542386 -0.8482223 -0.9362552 -4.84742e-4 -0.3513203 -0.3937514 -0.3591516 -0.8461501 -0.9354028 -0.2524786 -0.2475403 -0.3998449 -0.8500509 -0.3428378 -0.8971077 -0.4418116 6.1168e-4 -0.4129576 -0.8417834 0.347659 -0.9354204 -0.2517523 0.248213 -0.4255129 -0.347779 0.8354572 -0.9362553 4.84461e-4 0.3513203 -0.1690685 0.7928903 0.585441 -0.5655885 0.4986579 0.6568484 -0.1990106 0.7744932 0.6004624 -0.6670593 0.5648745 0.4857456 -0.06817179 0.9361332 0.3449743 -0.007488906 0.994979 -0.0998032 -0.007504045 0.9949815 -0.09977662 0.1361531 0.8114462 -0.5683465 0.1361848 0.8114328 -0.5683578 0.3470671 0.40484 -0.8459605 0.3470601 0.4048478 -0.8459596 0.4063182 0.1131578 -0.9066978 0.4062878 0.11316 -0.9067112 0.1756605 -0.1395163 -0.9745146 0.1756517 -0.1395372 -0.9745131 -0.0454728 -0.4572774 -0.8881608 -0.04547196 -0.4572557 -0.888172 -0.4016636 0.9121987 0.08099317 -0.6470282 0.6789643 0.3469322 -0.4263023 0.6070071 0.6706779 -0.6475207 0.7273828 -0.2272248 -0.4016628 0.702275 -0.5877728 -0.6475203 0.3537008 -0.6749912 -0.4016613 0.08099299 -0.9121997 -0.6475203 -0.2272247 -0.7273834 -0.4016636 -0.587772 -0.7022753 -0.6475214 -0.6749904 -0.3537004 -0.4016636 -0.9121989 -0.08099299 -0.647521 -0.7273828 0.2272246 -0.4244325 -0.7105621 0.5612117 -0.6726102 -0.3448526 0.6547307 0.6225537 0.6717056 0.401545 0.6230413 0.2189839 0.7509099 0.7136411 -0.2296281 0.6618062 0.5597937 0.7932457 0.2395675 1.37556e-6 0.999842 0.01778286 -2.62912e-6 0.7653117 0.64366 -0.5597897 0.7932489 0.2395659 -0.6230381 0.2189851 0.7509122 -0.6225541 0.6717067 0.401543 -0.7136415 -0.229627 0.6618061 -0.8446804 -0.489012 0.2176747 -0.9561098 -0.2435914 0.1628413 0.9744291 0.00635755 0.2246054 0.01271551 -0.6551113 -0.7554254 0.9866486 0.05871671 0.1519111 -0.08562344 -0.7092069 -0.6997815 0.9633667 -0.193553 0.1856389 -0.1382986 -0.9572365 -0.25411 -0.05727183 0.9962981 0.06411015 -0.9869057 -0.02106571 -0.1599171 0.1079266 0.8306498 0.5462351 -0.9483152 0.2823455 0.1448425 0.02233415 0.616934 0.7866981 -0.07102364 0.6952188 0.7152808 0.2962375 -0.1558174 0.9423186 0.9573053 -0.1879914 0.2196041 0.322318 -0.6777377 0.6608954 0.971586 -0.1300686 0.1977448 0.2950481 0.3338078 0.8952759 0.908147 -0.04725778 0.4159756 -0.03777444 0.3639917 0.930636 0.8722497 -0.41517 0.2584847 0.4788799 -0.4448928 0.7567989 0.5598707 -0.7820203 0.2738419 5.05894e-6 -0.6306673 0.7760534 -2.80747e-6 -0.8356886 0.5492038 -0.5598707 -0.7820203 0.2738419 -0.9929986 -0.06881791 -0.09601104 -0.9859886 -0.155449 -0.06051588 -0.9853937 -0.1653369 -0.04077905 -0.9544343 -0.05420356 -0.2934575 -0.884292 0.3530899 -0.3055409 -0.6690886 0.2673841 -0.6934164 -0.543995 0.6314094 -0.5526226 5.88741e-7 0.3517659 -0.936088 2.48182e-6 0.7291129 -0.6843934 0.5423131 0.6320989 -0.5534867 0.6274433 0.7424522 -0.234691 0.8835383 0.3541828 -0.3064551 0.891958 0.4518966 0.01415944 -0.1767459 -0.1394153 -0.9743328 0.04534399 -0.4572529 -0.88818 0.04534542 -0.4572765 -0.8881678 -0.1767482 -0.1394191 -0.9743319 -0.4105334 0.1124701 -0.9048829 -0.4105213 0.1124791 -0.9048872 -0.3510861 0.403935 -0.8447337 -0.3510835 0.4039319 -0.8447364 -0.13672 0.8112921 -0.5684301 -0.1367459 0.8112865 -0.5684319 0.007508635 0.9949789 -0.0998035 0.007521092 0.9949808 -0.09978318 0.06817072 0.9361343 0.3449717 1.87303e-5 0.2385645 0.9711267 -0.4788814 -0.4448916 0.7567986 -0.8722534 -0.4151678 0.2584758 -0.8503059 -0.4654632 -0.2456097 -0.9084427 -0.04205346 0.4158886 -0.9456109 -0.260312 -0.195084 -0.9672846 -0.1332365 0.2158907 -0.9640144 -0.06659519 -0.2573742 -0.9699499 0.09197252 -0.2252519 0.9483151 0.2823457 0.1448427 0.9617788 -0.1247605 -0.2437548 0.7682229 0.562465 0.3057236 -0.01271539 -0.6551113 -0.7554255 0.9869056 -0.02106535 -0.1599174 0.08562338 -0.7092071 -0.6997814 0.1382987 -0.9572365 -0.2541099 -0.9633668 -0.193553 0.1856389 0.0571565 0.9963034 0.06413143 -0.107922 0.8306636 0.5462152 -0.7047611 -0.2899047 -0.6475085 -0.6013754 0.7406113 0.2997374 -0.5824697 0.1881408 -0.7907794 -0.7092788 0.3078386 0.6341601 -0.6981963 0.3221314 0.6393382 0.7012886 0.2721878 0.6588689 0.6918992 0.2924669 0.6601051 0.7063226 -0.3279045 -0.6273653 0.6976323 -0.3400166 -0.6306331 -0.6916782 -0.3020549 -0.6560062 -2.41797e-4 0.1347896 0.9908743 2.82128e-7 -0.3780956 0.9257666 6.58983e-7 -0.8840939 0.4673094 -0.1682761 -0.9765104 0.1345754 3.32855e-6 -0.9068235 -0.4215106 -0.5099642 -0.8600595 -0.01530349 0.7248345 0.5507803 0.4138308 0.7248349 0.5507795 0.4138314 0.7390788 0.5458709 0.3946992 0.581976 0.6624308 0.4716879 0.7248499 0.5507862 0.413796 0.7248462 0.5507792 0.4138121 0.5819724 0.6624314 0.4716915 0.3076885 0.8816582 0.3577803 0.3076799 0.881657 0.3577907 0.06908208 0.997184 0.02918577 0.06909 0.9971836 0.02917861 -0.02686005 0.9894372 -0.1424521 -0.02686429 0.9894375 -0.1424493 -0.02686429 0.9894375 -0.1424494 0.06910336 0.9971824 0.02918869 -0.5885625 0.7980121 -0.1295028 -0.8862864 0.442271 -0.1374509 -0.6930251 0.6966149 -0.1855906 -0.9851844 0.1688723 -0.02990001 -0.7476089 0.6517758 0.1275516 -0.9466984 0.319818 0.03845071 -0.655503 0.6949426 0.2955855 -0.8558306 0.4925481 0.1579574 -0.557804 0.7530084 0.3490461 -0.676377 0.7216806 0.14728 -6.09664e-5 0.9829465 0.1838916 0.6005761 0.7418504 0.2982723 0.7042847 -0.2906643 -0.6476863 0.5817177 0.1899731 -0.7908949 0.7097412 0.3071637 0.6339701 -0.6077166 0.7239472 0.3264674 -0.7009651 0.269894 0.6601555 -0.5953235 0.1670632 -0.7859261 -0.7060165 -0.3303083 -0.6264481 0.6927324 -0.3076765 -0.6522707 0.6981734 0.3246666 0.6380797 -0.6975552 -0.3420875 -0.6295975 -0.6917667 0.2904602 0.6611291 0.259379 -0.5794312 -0.7726463 0.03093254 -0.3267087 -0.9446188 0.030918 -0.3267278 -0.9446128 0.2593356 -0.5794772 -0.7726262 0.03091543 -0.3267738 -0.9445968 0.2593384 -0.579468 -0.7726323 0.402887 -0.8337984 -0.377442 0.4028851 -0.8337968 -0.3774474 0.2689027 -0.9483 -0.1685779 0.2689138 -0.9482966 -0.1685793 0.1863873 -0.979543 -0.07586538 0.1864113 -0.9795384 -0.07586455 -0.9353905 -0.1629622 -0.3138278 -0.6882514 -0.03222662 -0.7247561 -3.33414e-7 0.1218475 -0.9925489 0.6683279 0.2676502 -0.694047 -2.43836e-4 0.1347796 0.9908756 -0.7971211 0.1809657 0.5760637 -0.7844682 0.02972573 0.6194562 6.10855e-6 0.4868906 0.8734631 0.7879282 0.1911604 0.5853433 0.6167426 0.5970845 0.5129511 0.9529426 0.2247146 0.2034795 0.6768848 0.7248337 0.1282311 8.45003e-4 -0.9115646 -0.4111562 0.5937276 -0.7346264 -0.328347 -0.001032173 -0.2489562 0.9685143 0.5817301 0.1899564 -0.7908899 -4.95557e-4 0.2393069 -0.9709439 0.6005823 0.7418454 0.2982722 -0.002371847 0.9217634 0.3877455 0.5970389 -0.1954154 0.7780472 -2.51544e-7 -0.3941152 -0.9190611 0.55425 0.7692255 -0.3179609 1 6.54701e-5 7.15349e-6 -1.28895e-5 0.55453 -0.8321638 -1 1.17485e-5 2.76375e-5 -0.5542485 0.7692447 -0.3179172 0 0.3891763 0.9211634 1.20103e-5 0.9807568 0.195234 -0.001046478 -0.248951 0.9685156 -0.5938016 -0.7334713 -0.3307862 8.62414e-4 -0.9115642 -0.411157 -0.5967841 -0.1997526 0.7771407 -0.002384483 0.921748 0.3877824 -0.6010101 0.7367323 0.309859 -4.69435e-4 0.2392978 -0.9709461 -0.5824678 0.1881021 -0.79079 -0.3475151 -0.2430985 0.9056139 -0.226494 -0.2719067 0.93529 -0.2264921 -0.2719063 0.9352906 -0.5054324 -0.2222346 0.8337565 -0.6596714 -0.149051 0.7366258 -0.779667 -0.08094263 0.6209411 -0.8156567 -0.02753323 0.5778806 -0.894714 -0.006775081 0.4465883 -0.9061395 0.02093476 0.4224607 -0.9407787 0.02089363 0.3383771 -0.9713498 -0.1441478 0.1889473 -0.9536135 -0.1613185 0.2541607 -0.9713613 -0.1441559 0.1888821 -0.9451094 -0.1812002 0.2719095 -0.9702645 -0.1166427 0.2120881 -0.9477417 -0.203255 0.245913 -0.9647405 -0.1480691 0.2176035 -0.9502788 -0.2281062 0.2119855 -0.9570595 -0.1690719 0.2354821 0.6058976 -0.7929278 0.06444925 0.09276586 -0.1960865 0.9761888 0.2379111 -0.9630516 0.1262137 0.0305922 0.7297456 0.683034 0.7933759 0.5985476 -0.1108849 0.0871154 0.4658278 -0.8805767 0.2153949 -0.312996 -0.9250074 -0.6224232 -0.7804016 0.05968976 -0.2502511 -0.9607729 0.1195412 0.1258553 0.4710463 0.8730841 -0.2181262 -0.3119478 -0.9247213 -0.08872401 0.4613026 -0.8827956 -0.0402171 0.9145491 -0.4024706 -0.03369128 0.7280738 0.6846703 0.04809391 0.8602758 0.5075557 0.8099143 -0.2585526 -0.5264879 0.7596774 -0.3649794 -0.5382197 0.5350548 -0.3106269 -0.7856383 0.9574444 -0.2699543 -0.1021028 0.9970002 -0.05596929 0.05346155 0.938196 -0.04083138 0.3436878 0.7971267 0.1809723 0.5760537 0.7325339 0.1503235 0.6639254 0.4443679 0.3707197 0.8155391 0.9564123 -0.2428981 0.1620994 0.9572666 0.2737419 0.09330642 0.6670593 0.5648756 0.4857444 0.9638288 0.2550197 -0.07745444 0.9637993 0.1072369 -0.2441133 0.954414 -0.05433392 -0.2934995 0.9396817 -0.2670869 -0.2136892 0.9647432 -0.1480817 0.2175833 0.9503005 -0.2279693 0.2120354 0.9570594 -0.169072 0.2354828 0.9477294 -0.2031795 0.2460228 0.9702774 -0.1166468 0.2120265 0.9450755 -0.1812817 0.271973 0.9695243 -0.1465384 0.1963397 0.9536125 -0.16132 0.2541637 0.9695225 -0.1465298 0.1963552 8.46648e-4 -0.9115827 -0.4111161 -0.7156618 0.5339975 -0.4501942 0 0.7644573 -0.6446744 -0.656547 -0.6884356 -0.3082251 0 0.0886408 0.9960637 -0.7550026 0.05811983 0.6531412 0.5655866 0.4986607 0.656848 0.1690617 0.7928948 0.5854368 0.1990069 0.7745026 0.6004515 0.8446804 -0.4890119 0.2176755 0.2611079 -0.917532 -0.2999296 0.2953411 -0.9490334 0.110042 2.44938e-7 0.9614086 -0.2751249 0 0.9868923 0.1613805 -0.677226 0.7244914 0.1283638 -0.6177967 0.5960153 0.512926 -0.9530798 0.2240058 0.2036182 0.4740453 -0.08526802 0.8763622 0.3866012 -0.09942358 0.9168722 0.3426476 -0.1368663 0.9294409 0.6004962 -0.02301698 0.7992963 0.7449694 -0.007813572 0.6670529 0.9238533 0.07135093 0.3760375 0.9465097 0.06413662 0.3162376 0.9856582 0.1211943 0.1174306 0.4204111 0.7597022 0.496092 0.3994782 0.7573737 0.5165293 0.399466 0.7573744 0.5165376 0.4204004 0.7597019 0.4961013 0.3401691 0.8411769 0.4203646 0.3401566 0.8411866 0.4203554 0.2327197 0.9045284 0.3573094 0.2327243 0.904532 0.3572973 -0.6688283 0.2567055 0.6976898 -0.9331296 0.2309479 0.2755579 -0.8950152 0.4443165 0.03912353 -0.9311209 0.2797886 -0.2339492 -0.7971264 0.1809715 0.5760546 -0.7328466 0.1503407 0.6635763 -0.4440508 0.3707338 0.8157055 -0.9382669 -0.04059529 0.343522 -0.9969925 -0.05609208 0.05347716 -0.9575672 -0.2695916 -0.1019101 -0.8103892 -0.2584334 -0.5258153 -0.7605038 -0.3645676 -0.5373308 0.8859866 -0.06339538 -0.4593569 0.8719514 -0.1414884 -0.4687026 0.9514052 -0.1299804 -0.2791653 0.7894898 -0.0170263 -0.6135276 0.8258123 0.01946026 -0.5636093 0.63642 0.06659281 -0.7684628 0.6364192 0.06659126 -0.7684636 0.5134888 0.06326365 -0.8557611 0.6364228 0.06658327 -0.7684614 0.6364219 0.06659889 -0.7684606 -0.704752 -0.2899091 -0.6475163 0.5594758 0.2691488 -0.7839296 0.7042753 -0.2906425 -0.6477062 -0.561419 0.2704366 -0.7820951 -0.7074134 0.3266634 0.6267834 -0.5798681 0.7787826 0.2392711 0.7100211 0.3273622 0.6234614 0.580697 0.7794961 0.2348977 0.1682803 -0.9765096 0.1345763 0.5099646 -0.8600593 -0.01530438 -0.924596 -0.02209925 0.3803077 -0.9331311 -0.275555 0.2309455 -0.9331369 -0.2309331 -0.2755458 -0.8950156 -0.4443155 -0.03912568 -0.958681 -0.1328133 -0.2515782 -0.7682229 0.562465 0.3057236 0.04796564 -0.7114484 -0.7010995 0.9861167 0.1375141 0.09307926 0.9721543 0.1304925 0.1946479 -0.3463766 0.7817493 0.5185473 0.3816547 0.8258549 0.4150944 -9.2946e-7 0.7863829 0.6177394 0.3042554 0.7316274 0.610041 -1.07564e-5 0.9807578 0.1952284 0.6484194 0.7500064 -0.1305476 6.15526e-5 0.9555938 -0.2946873 0.5070188 0.7579978 -0.4103306 -4.16373e-7 0.8621064 -0.5067275 -1 -4.71213e-7 -4.76271e-7 -0.5542865 0.7692205 -0.3179094 -4.32134e-7 -0.8494027 -0.5277453 4.45545e-6 0.9807526 0.1952549 -4.85079e-7 0.3891334 0.9211815 0.5542418 0.7692483 -0.31792 0.8161297 -0.5351146 0.2181394 -1.94758e-5 0.5545228 -0.8321686 0 0.7644574 -0.6446743 0.7156619 0.5339325 -0.4502713 8.46648e-4 -0.9115826 -0.4111162 0.7550025 0.05812847 0.6531404 0 0.0886411 0.9960637 0.6565471 -0.6884309 -0.308235 -0.3008403 0.3337435 0.8933703 0.04095262 0.3717352 0.9274351 -0.3084481 -0.1572124 0.93816 -0.9551811 -0.1980023 0.2200552 -0.3286616 -0.6782727 0.6572121 -0.2953414 -0.9490334 0.1100413 0.3377664 0.8322538 0.4396219 2.93031e-5 0.6585801 -0.7525106 0.6686239 -0.2230902 0.7093468 0.3747556 -0.783666 -0.4954049 6.23985e-6 -0.8493983 -0.5277523 -0.3747556 -0.7836658 -0.4954053 -0.06640148 -0.976014 0.2073349 0.9716222 0.1047134 0.212098 0.9617772 -0.1247478 -0.2437677 0.9617771 -0.1247476 -0.2437683 0.9716212 0.1046724 0.2121224 0.9617768 -0.124748 -0.2437693 0.9716324 0.10466 0.2120776 0.3014535 0.4491723 0.8410531 0.3014476 0.4491443 0.8410701 -3.00593e-6 0.4868807 0.8734686 0.5258826 -0.7072831 -0.4724385 -1.79492e-5 -0.2358246 -0.9717957 0.3012572 0.1050145 -0.9477426 1.13847e-5 -0.9294713 -0.3688946 1.64649e-5 -0.9999663 -0.008219003 -0.6853741 -0.728146 -0.008119344 -0.4790605 -0.8777807 0.001403868 0.8150759 0.362916 -0.4516007 0.8525652 0.2719208 -0.446309 0.8706561 0.1172608 -0.4777112 0.7675934 0.4774213 -0.4276325 0.5290504 0.6826961 -0.5040158 0.5290545 0.6826719 -0.5040441 -2.73285e-7 0.8317199 -0.5551957 -0.9311434 0.03240597 -0.3632103 -0.0690906 0.9971838 0.02917414 0.02687478 0.9894382 -0.1424421 0.02686369 0.9894375 -0.1424496 -0.06908202 0.997184 0.02918618 -0.3076797 0.8816565 0.357792 -0.3076884 0.8816578 0.3577812 -0.5819721 0.662432 0.4716911 -2.22179e-7 0.8072478 0.5902128 -0.892097 0.4516183 0.01427847 -0.6280818 0.7419348 -0.234619 -0.7448828 -0.007628083 0.6671518 -0.9238376 0.07135283 0.3760756 -0.9465097 0.06413662 0.3162373 -0.6005157 -0.02269977 0.7992908 -0.4741821 -0.08496516 0.8763175 -0.3868356 -0.09918218 0.9167995 -0.3426482 -0.1368662 0.9294406 -1.73077e-4 0.9902886 0.1390271 6.52571e-5 0.833306 0.552812 3.48016e-4 0.7221211 0.6917666 -0.9531666 0.05471664 0.2974554 -0.9704508 0.03806388 0.2382782 -0.9761903 0.02956217 0.2148922 -0.9716268 0.1046772 0.2120945 -0.6916795 -0.302069 -0.6559984 -0.6916698 -0.3020681 -0.656009 -0.971621 0.1046723 0.2121235 -0.301458 0.4491705 0.8410524 -0.3014503 0.4491425 0.8410701 2.62329e-6 0.4868806 0.8734686 -0.9645748 0.2528131 -0.07537418 -0.9571882 0.2736132 0.09448081 -0.6873285 0.6840667 0.2441972 -0.6484194 0.7500064 -0.1305483 -0.8502203 0.5022049 -0.1578472 -0.3816545 0.8258552 0.415094 -0.3042555 0.7316272 0.6100412 0.8947145 -0.006834864 0.4465863 0.9020742 -0.01971381 0.4311305 0.9487856 -0.02637398 0.3148183 0.7796669 -0.08094388 0.620941 0.8156569 -0.02753287 0.5778806 0.6596721 -0.1490485 0.7366256 0.5888068 0.7979282 -0.1289077 6.13829e-5 0.9555972 -0.2946761 0.2426533 0.9112313 -0.3328315 0.7481999 0.6510713 0.1276842 0.6554805 0.6951896 0.2950542 0.8861456 0.4425432 -0.1374831 0.5888294 0.7979093 -0.1289213 0.6930252 0.6966149 -0.1855906 0.9852966 0.1682495 -0.02971076 0.8861481 0.4425311 -0.1375054 0.9921597 -0.1180527 -0.04102087 0.9807729 -0.1950652 0.005849957 -0.9187613 -0.2883352 0.2697043 -0.9381065 -0.1922608 0.2880834 -0.9162589 -0.1735854 0.3610231 0.8503076 -0.4654612 -0.2456076 0.2121458 0.9291502 0.3027772 0.04243755 0.9940297 0.1005196 0.1613205 0.9634671 0.2137912 -0.03303092 0.9780721 0.2056306 -0.1143036 0.9746761 0.1922007 0.4495134 0.8905178 0.07011157 -0.8859917 -0.06341755 -0.4593442 -0.9086539 -0.02789336 -0.4166176 -0.9436056 -0.02576279 -0.3300679 -0.82581 0.01945185 -0.5636129 -0.7894927 -0.01703202 -0.6135235 -0.6364433 0.06659114 -0.7684437 1.82283e-6 0.9999864 0.005234539 4.31901e-7 0.9990043 0.04461508 0 0.9868795 0.1614584 0.002321541 0.9649273 -0.262507 0.002322435 0.9649209 -0.2625306 0.004652917 0.8968101 -0.4423913 0.02002352 -0.9892249 -0.145028 0.02003121 -0.9892272 -0.145012 0.03959798 -0.9665991 -0.2532159 0.006291806 -0.9921962 0.1245279 0.006285369 -0.9921979 0.1245148 0.0122019 -0.9596833 0.2808187 0.9863727 -0.09234493 0.136167 0.9975995 -0.0410192 0.05579209 0.9996778 -0.01391607 0.02123224 0.974729 -0.1290434 0.1823493 0.9747248 -0.1290332 0.1823793 0.9747247 -0.1290326 0.1823797 0.9863747 -0.09233647 0.1361574 0.9747381 -0.1289985 0.1823327 0.974738 -0.1289986 0.1823327 0.974738 -0.1289988 0.1823325 0.121123 0.4823176 0.8675823 0.9170673 -0.1403788 0.3732044 0.6873283 0.684067 0.2441972 0.8502179 0.5022067 -0.1578548 0.7778236 0.5307086 -0.3366586 0.8502328 0.5021817 -0.1578534 -0.9641969 -0.051813 0.2600768 -0.9827208 -0.1254213 0.1361229 -0.9805585 -0.1633377 0.1087477 -0.9726175 -0.0399847 0.2289465 -0.7469998 0.2402273 -0.6199049 -0.9874898 0.0822665 -0.1345217 -0.9186498 0.2750861 -0.283567 -0.9849052 -0.09514456 -0.1446008 -0.6602899 0.01493602 -0.7508623 -0.9556471 -0.2921833 0.03698414 -0.8317846 0.5448026 -0.1064167 0.9544155 -0.05432647 -0.2934957 0.9353899 -0.1629691 -0.3138262 0.6882518 -0.03222864 -0.7247557 0.9859886 -0.1554489 -0.06051564 0.992994 -0.06888383 -0.0960105 0.9853937 -0.1653368 -0.04077905 0.9704331 0.03814888 0.2383362 0.9531215 0.05438607 0.2976605 0.9762079 0.02971148 0.2147921 -0.04888653 0.8609891 0.5062686 0.03857326 0.9141723 -0.4034861 -3.6211e-7 -0.8113126 -0.5846127 0.1815823 -0.7657671 -0.616951 0.1262816 -0.7963949 -0.591446 7.09295e-6 -0.6514998 -0.7586488 -0.1815818 -0.7657672 -0.6169511 -0.2676358 -0.5552959 -0.787412 0.9876382 0.08187407 -0.1336695 0.7477576 0.2404804 -0.6188924 0.9194906 0.2745329 -0.2813693 0.9848934 -0.09527987 -0.1445916 0.9554991 -0.2927291 0.03648567 0.6600172 0.05504506 -0.7492312 0.930282 -0.2270433 0.2881434 0.9028831 -0.4199087 -0.0920816 -0.5070195 0.7579964 -0.4103325 -0.7778235 0.5307082 -0.3366594 -0.9479251 0.01812875 0.3179773 -0.764882 -0.5298205 -0.3663959 -0.7015648 -0.7123292 -0.01985335 -0.7229167 -0.06817436 -0.6875637 -0.7073149 0.0433948 0.7055655 -0.7108305 0.1290861 -0.6914165 -0.4589202 0.2977077 -0.8371156 -0.8527836 0.4438583 -0.2752269 -0.9973812 0.01820152 -0.06999772 -0.8385226 -0.05784916 -0.5417872 0.7109025 0.6378138 -0.2963296 0.6609982 0.2037517 -0.7221957 -1.31279e-5 -0.990152 -0.1399969 0.1023707 -0.643518 -0.7585545 -0.007382571 -0.9996179 0.02663934 2.18768e-6 -0.7546254 -0.6561559 -0.1023707 -0.643518 -0.7585546 -0.5290496 0.6826964 -0.5040161 -0.529055 0.6826719 -0.5040436 -0.7675934 0.4774212 -0.4276323 -0.8149822 0.3632823 -0.4514752 2.77925e-7 0.9241868 -0.3819409 1 2.86583e-7 1.10387e-6 0.4844774 -0.6701385 0.562313 0.5000512 -0.8627007 -0.07547515 0.5000506 -0.07547533 0.862701 0.4844775 0.5623145 0.6701372 0.5000513 0.8627007 0.07547539 0.4844782 0.6701394 -0.5623114 0.5000522 0.07547783 -0.8626999 -1.36992e-7 0.9241671 -0.3819884 0.7569003 -0.4165853 0.5035461 6.58058e-4 0.6021752 0.7983637 0.9825102 7.07924e-4 0.1862078 0.9977226 -0.06590843 0.0143454 -0.9094068 -0.3343557 -0.2473575 -0.5258733 -0.7073346 -0.4723717 -0.9329727 -0.3599474 -6.54e-5 0 -0.999966 -0.008250534 0.4790607 -0.8777808 0.001403868 0.6854811 -0.7280445 -0.008186697 -0.9996367 1.37463e-6 0.02695554 0.2676365 -0.5552963 -0.7874114 4.47035e-7 -0.3940837 -0.9190747 0.9996367 1.79186e-6 0.02695494 0.02429223 0.1437228 0.9893199 0.001711308 -0.2544484 -0.9670849 0.8298869 0.236912 -0.5051341 -0.8508172 0.2392292 -0.4678458 0.01109552 0.885143 -0.465187 -0.02426838 0.1437228 0.9893205 -0.8298881 0.2369115 -0.5051324 0.001662135 -0.2544642 -0.9670808 -0.0111019 0.8851432 -0.4651864 0.8508153 0.2392311 -0.4678481 -1.78881e-6 -0.9260182 0.377479 0.9827209 -0.1254216 0.136122 0.9805583 -0.1633377 0.1087481 0.9641968 -0.05181217 0.2600771 0.9726086 -0.03947216 0.2290731 -1 5.30709e-7 1.09326e-6 -0.5000512 -0.8627007 -0.07547515 -0.4844774 -0.6701385 0.562313 -0.4844793 -0.5623134 -0.6701369 -0.5000522 0.07547789 -0.8626998 -0.4844781 0.6701397 -0.5623112 -0.500051 0.8627007 0.07547593 -0.4844775 0.5623143 0.6701375 0 -0.3598189 -0.9330223 0.006408333 -0.3718962 -0.9282523 -0.2007322 -0.211968 -0.9564394 0 -0.3285148 -0.9444988 -0.006408214 -0.3718968 -0.9282521 0.9329472 -0.360013 -3.64481e-4 0.9308168 -0.3650659 -0.01751881 -0.3478422 0.3509039 -0.8694093 -0.848589 -0.2190005 0.481597 -0.9978418 -0.04624515 -0.04661923 -0.7616882 -0.1960645 -0.6175677 -0.99803 -0.06231063 -0.007310688 -0.9775826 -0.00820434 0.2103924 0.002302885 0.9649295 -0.2624991 0.002322196 0.9649209 -0.2625305 5.51129e-6 0.9999862 0.005255877 0.004612088 0.896812 -0.442388 0.004612803 0.8968121 -0.4423879 0.004612803 0.8968121 -0.4423877 0.002319574 0.9649204 -0.2625327 0.347842 0.3509038 -0.8694093 0.2007322 -0.2119681 -0.9564394 -3.84753e-7 -0.8217362 0.5698683 0.0399999 -0.8276671 0.5597923 0.0800119 -0.8054812 0.5871953 -0.04010194 -0.8276902 0.5597506 -0.08001542 -0.8055171 0.5871454 0.9470476 0.3188763 0.03766816 0.9977222 -0.06591635 0.01434344 0.5578579 0.7529885 0.3490028 0.6764584 0.7216178 0.1472137 6.7096e-7 0.9807524 0.1952559 -0.02922636 0.8775933 -0.4785141 -4.08292e-6 0.8727148 -0.4882306 -0.04578495 0.8594908 -0.5090967 2.46242e-6 0.8863276 -0.4630588 -0.02136796 0.8879306 -0.4594811 -0.02923202 0.8775939 -0.4785127 -4.08851e-6 0.8727157 -0.4882289 -0.04578477 0.859488 -0.5091015 -2.46055e-6 0.8863287 -0.4630566 -0.02136927 0.8879305 -0.4594813 0.9952561 -0.008191883 -0.0969451 0.9798735 0.1703817 0.1040104 0.6232824 0.005983412 -0.781974 -0.02232664 0.6169388 0.7866945 0.586317 0.5881749 0.5570303 0.08532762 0.9107154 -0.4041246 0.09711003 0.9085409 -0.4063535 0.1100148 0.9116387 -0.3959946 0.0729745 0.9100109 -0.4081115 0.06183063 0.9146175 -0.3995645 0.9952569 -0.008179128 -0.09693849 0.9984474 -0.01271373 -0.05423468 0.9990535 -0.03057187 -0.03094285 0.9915318 0.003049135 -0.1298287 0.983354 8.59822e-4 -0.1816979 -0.997597 -0.0410301 0.05582845 -1 -1.29312e-5 0 -1 1.22669e-5 -2.14964e-5 -0.9996767 -0.01391398 0.0212807 -0.9862906 -0.09265953 0.1365468 -0.9748726 -0.1317575 0.17962 -0.9748851 -0.1316553 0.1796276 -0.9748877 -0.1316072 0.1796482 -0.9748877 -0.1316074 0.1796485 -0.9748877 -0.1316073 0.1796482 -0.1396684 0.9194052 0.3676779 -0.9586825 -0.132854 -0.2515509 -0.5182944 -0.0617032 0.8529735 0.6502676 -0.2751284 0.7081359 -0.5585419 0.7844862 0.2694672 -0.5121216 -0.3803883 -0.7700884 -0.6325867 -0.7498509 -0.1937981 0.6685975 -0.223144 0.7093548 3.80352e-5 -0.9727604 0.2318131 -0.02195978 -0.2850672 0.958256 -1.78386e-5 0.03575706 0.9993605 0.1142919 0.9746182 0.1925014 -0.2126585 0.9291374 0.3024566 0.2277502 0.7541221 -0.6159787 -0.1615543 0.963522 0.2133673 4.84334e-7 -0.2276701 0.9737383 4.56295e-7 -0.2276701 0.9737383 -0.2949408 -0.2175423 0.9304221 0.2949417 -0.2175424 0.9304218 -0.6364271 0.06658744 -0.7684574 -0.5134872 0.0632652 -0.855762 -0.3718129 -0.04035097 0.9274304 -0.3718283 -0.04033917 0.9274247 -0.2504497 -0.1227739 0.9603133 -0.4848408 0.04297953 0.8735458 0.3718169 -0.04034978 0.9274289 0.3718413 -0.04033225 0.9274198 0.2504308 -0.1227688 0.9603188 0.484822 0.04298114 0.8735561 0.7107761 -0.2154186 -0.6696209 0.655196 -0.08535176 -0.7506221 -0.3016376 0.1048539 -0.9476395 -0.6685972 -0.2231439 0.7093551 0.02196019 -0.2850672 0.9582561 0.2264506 -0.2718979 0.9353031 0.3475154 -0.2430997 0.9056134 0.2264956 -0.271907 0.9352895 0.5054292 -0.2222362 0.833758 -0.9984809 -0.01330107 -0.05347084 -0.9953065 -0.008597373 -0.09639006 -0.9990637 -0.03181701 -0.02931725 -0.9915318 0.003049254 -0.1298284 -0.9953098 -0.008609652 -0.09635466 -0.9984812 -0.01331371 -0.05345982 -0.724842 0.5507703 0.4138312 -0.7248372 0.5507752 0.413833 -0.7390822 0.5458678 0.3946971 -0.5819751 0.6624316 0.4716879 0.7473576 -0.5778837 -0.327883 -0.6502676 -0.2751283 0.708136 0.3747225 -0.7836368 -0.4954758 0.6685959 -0.2231699 0.7093482 -0.8719567 -0.1414805 -0.4686949 -0.9514024 -0.1300147 -0.2791594 0.9061189 0.02093517 0.4225048 0.9407789 0.02089422 0.3383766 0 -0.9025176 0.4306531 0 -0.1266979 0.9919413 0 -0.9025178 0.4306527 0 -0.1266968 0.9919416 0 0.7652966 0.6436779 0 0.7652977 0.6436767 -2.72969e-7 -0.9786822 -0.2053807 1.40231e-7 -0.9786822 -0.205381 0 0.1069602 0.9942634 0 0.1069603 0.9942633 -0.4902067 0.803233 0.3383995 0.3463513 0.7817412 0.5185766 -0.9721513 0.1305021 0.1946564 -0.4901898 0.8032481 0.3383883 -0.9744287 0.006356954 0.2246071 -0.4656298 0.5922935 0.6575541 -0.4656469 0.5922927 0.6575427 -0.9834088 0.001074373 -0.1814004 -0.9833543 8.61503e-4 -0.1816961 0.5947783 0.1685772 -0.7860157 0.6071887 0.7249537 0.325214 0.06640148 -0.9760137 0.2073356 -9.69623e-7 -0.97276 0.2318149 0.247441 -0.3951862 -0.8846474 -7.73412e-7 -0.4078901 -0.9130311 0.2474424 -0.3951861 -0.884647 -6.63073e-7 -0.4078903 -0.9130311 0 -0.5806837 0.8141292 -0.2493995 -0.2903908 -0.9238361 -8.66014e-7 0.8317362 -0.5551712 -0.1683633 -0.9445482 -0.2819265 -0.1683635 -0.9445474 -0.281929 -0.1683633 -0.9445484 -0.2819259 -0.1683283 -0.944552 -0.2819347 -0.1683281 -0.9445529 -0.2819319 -0.168328 -0.9445536 -0.2819295 -0.02678626 0.9708144 -0.2383313 -0.02678543 0.9708142 -0.2383325 -0.02678543 0.9708143 -0.2383325 -0.02677893 0.9708154 -0.2383282 -0.02677923 0.9708155 -0.2383278 -0.02677887 0.9708154 -0.2383282 0.1683629 -0.9445472 -0.2819299 0.1683627 -0.944548 -0.2819274 0.1683627 -0.9445483 -0.2819269 0.168328 -0.9445533 -0.2819306 0.1683279 -0.9445535 -0.28193 0.1683281 -0.9445527 -0.2819324 -0.1864113 -0.9795382 -0.07586717 -0.2689257 -0.9482895 -0.1686002 -0.1864113 -0.9795383 -0.07586514 -0.2689048 -0.9482985 -0.1685829 -0.2689136 -0.9482962 -0.168582 -0.1863836 -0.9795443 -0.07585728 -0.6686239 -0.2230902 0.7093468 -0.006283462 -0.992197 0.1245225 -0.006291091 -0.9921969 0.1245222 -0.01220118 -0.9596833 0.2808188 -0.02002215 -0.9892251 -0.1450268 -0.006283342 -0.9921975 0.1245176 -0.006284356 -0.9922007 0.1244921 -0.02002793 -0.989224 -0.1450341 -0.02001523 -0.9892239 -0.1450364 -0.03958064 -0.9666187 -0.2531436 -0.02001541 -0.98923 -0.1449952 1 1.18709e-5 -2.17512e-5 0.9975996 -0.04102188 0.05578869 1 1.17287e-5 -2.18297e-5 1 -4.12576e-6 -2.83984e-6 -0.08984065 0.908266 -0.408634 -0.07959371 0.9110698 -0.404496 -0.08986437 0.9082718 -0.4086156 -0.07958245 0.9110745 -0.4044872 -0.9030983 -0.4194485 -0.09206777 -0.9305353 -0.2263238 0.2878919 -0.7066491 -0.5225387 -0.4770749 0.4244329 -0.7105619 0.5612117 0.4016636 -0.9121988 -0.08099317 0.4016641 -0.5877717 -0.7022752 0.4016627 0.08099299 -0.9121992 0.4016632 0.7022749 -0.5877728 0.4016635 0.9121989 0.08099317 0.4263023 0.6070072 0.6706779 -0.0479657 -0.7114484 -0.7010995 -0.7430682 -0.6313418 -0.2219396 -0.9852312 0.1505985 0.08148413 -0.3377684 0.8322538 0.4396206 -0.2611067 -0.9175322 -0.29993 -0.4029018 -0.8337951 -0.3774335 -0.4029001 -0.8337956 -0.3774342 -0.2593124 -0.5794774 -0.7726338 -0.2593353 -0.5794729 -0.7726296 0.4844793 -0.5623134 -0.6701369 -0.3994782 0.757375 0.5165274 -0.4204117 0.7597023 0.4960914 -0.3994659 0.7573759 0.5165355 -0.420399 0.7597038 0.4960998 -0.9469722 0.3151273 0.06275773 3.7706e-7 0.9807472 0.1952819 6.10549e-7 0.4678942 -0.8837846 -0.714289 0.183399 0.6753933 -0.9536982 0.2949893 0.05865943 -7.54089e-7 0.9807481 0.1952775 0 0.4678927 -0.8837854 -0.7328572 0.1503236 0.6635685 -0.3401377 0.8412014 0.4203409 -0.3401599 0.8411852 0.4203557 -0.9921293 -0.1184768 -0.04053121 -0.980771 -0.1950689 0.006029486 -0.2327225 0.9045309 0.3573014 -0.2327278 0.904535 0.3572875 -0.1262817 -0.7963947 -0.5914461 -0.9977221 -0.06591635 0.01434338 0.02678579 0.9708142 -0.2383328 0.02678662 0.9708144 -0.2383316 0.02678579 0.9708142 -0.2383328 0.02677893 0.9708154 -0.2383285 0.02677887 0.9708154 -0.2383285 0.02677923 0.9708154 -0.2383281 -0.2425271 0.9112554 -0.3328579 0.02923202 0.8775942 -0.4785122 0.04578471 0.8594884 -0.5091006 0.7616883 -0.1960648 -0.6175674 0.2493994 -0.2903908 -0.9238362 -0.03095543 -0.3267096 -0.9446178 -0.03091901 -0.3267275 -0.9446128 -2.64339e-7 -0.9786822 -0.2053812 1.30882e-7 -0.9786823 -0.2053806 0.7594905 -0.5403411 -0.3622233 0.9529381 0.2247272 0.2034862 0.8353397 -0.2191587 0.5041599 0.7187287 -0.06983971 -0.6917743 0.02922636 0.8775932 -0.4785144 0.04578495 0.8594906 -0.509097 0 0.9999862 0.005266368 -0.4589979 0.2976635 -0.8370887 -6.31567e-7 0.9999862 0.005266368 3.6147e-7 0.9999862 0.005265831 0.9469721 0.3151272 0.0627591 0.7142879 0.1833993 0.6753944 0.9536983 0.2949892 0.05866044 0.7325218 0.1503345 0.6639363 0.8558392 0.4925525 0.1578971 0.002344369 -0.4617261 0.8870195 0.002408862 -0.4616429 0.8870627 -0.9237269 0.2259064 -0.3093463 -0.9237377 0.225896 -0.3093215 -0.799237 0.3194714 -0.5090761 -0.988968 0.1178068 -0.08979934 -0.8524681 0.2724599 -0.4461658 -0.8705964 0.1184007 -0.4775388 -1.40878e-7 0.7863766 0.6177474 -2.70759e-7 0.7863765 0.6177476 0.9982506 -0.04337936 -0.04017549 0.5182942 -0.0617032 0.8529736 0.7844821 0.02960139 0.6194447 -0.9856554 0.1212143 0.1174336 -0.9238393 0.07133477 0.376075 -0.9864015 0.1007819 0.1298276 -0.9856582 0.121195 0.1174302 0.9225066 0.229048 -0.3106747 0.922506 0.2290566 -0.3106701 0.79903 0.3213004 -0.5082492 0.9880388 0.122511 -0.09365087 0.9225044 0.2290651 -0.3106682 0.9225051 0.2290573 -0.3106722 -0.9020747 -0.01971518 0.4311295 -0.9487856 -0.02636843 0.3148187 0.908654 -0.02789342 -0.4166174 0.9436055 -0.0257622 -0.3300683 -4.52819e-6 0.9990046 0.04460883 -6.42061e-4 0.999986 0.00526756 0 0.9868795 0.1614587 1.39326e-6 0.999005 0.04459816 0.9987853 -0.04785782 -0.01173603 0.7060473 0.1267747 -0.6967248 0.9987879 -0.04779911 -0.01174664 -0.5000506 -0.07547533 0.862701 0.9187089 -0.2883455 0.269872 0.916274 -0.1736046 0.3609756 0.9381076 -0.1922631 0.2880784 -0.2276932 0.7541283 -0.6159923 0.2277063 0.7540677 -0.6160616 0.433839 0.2175956 -0.8743203 -0.4338392 0.2175971 -0.8743199 0.04722875 -0.6056941 -0.7942947 -0.04722827 -0.6056951 -0.7942941 0.0213679 0.8879302 -0.4594816 0.02136933 0.8879308 -0.4594807 0.007381379 -0.9996162 0.02670675 0.961785 -0.1247601 -0.2437306 0.3463824 0.7817332 0.5185677 0.7121304 0.6576175 0.2457836 -0.5372002 -0.3105171 -0.7842162 -0.05895483 0.9163039 -0.3961207 -0.009216904 0.8963699 -0.4432111 -0.9721596 0.1304732 0.1946342 0.9833543 8.62402e-4 -0.1816961 0.9833547 8.60309e-4 -0.1816943 0.9952602 -0.008182823 -0.0969035</float_array>
          <technique_common>
            <accessor source="#polygon0-mesh-normals-array" count="1082" stride="3">
              <param name="X" type="float"/>
              <param name="Y" type="float"/>
              <param name="Z" type="float"/>
            </accessor>
          </technique_common>
        </source>
        <source id="polygon0-mesh-map-0">
          <float_array id="polygon0-mesh-map-0-array" count="7014">0.7401428 0.8869629 0.6921082 0.8869629 0.7401428 0.9059143 0.6921082 0.8869629 0.6921082 0.8869629 0.7401428 0.8869629 0.7401428 0.9057312 0.6921082 0.8869629 0.7401428 0.8869629 0.6921082 0.9530945 0.6921082 0.8869629 0.7401428 0.9057312 0.7401428 0.9530945 0.6921082 0.9530945 0.7401428 0.9057312 0.6921082 0.9530945 0.6921082 0.9530945 0.7401428 0.9530945 0.7401428 0.9059143 0.6921082 0.9530945 0.7401428 0.9530945 0.6921082 0.9117127 0.6921082 0.9530945 0.7401428 0.9059143 0.6921082 0.8869629 0.6921082 0.9117127 0.7401428 0.9059143 0.6791992 0.9152527 0.6921082 0.9117127 0.6921082 0.8869629 0.6791992 0.8922119 0.6791992 0.9152527 0.6921082 0.8869629 0.6584778 0.921875 0.6791992 0.9152527 0.6791992 0.8922119 0.6791992 0.8869629 0.6584778 0.921875 0.6791992 0.8922119 0.6791992 0.8920593 0.6584778 0.921875 0.6791992 0.8869629 0.6921082 0.8869629 0.6791992 0.8920593 0.6791992 0.8869629 0.6791992 0.9150391 0.6791992 0.8920593 0.6921082 0.8869629 0.6921082 0.9530945 0.6791992 0.9150391 0.6921082 0.8869629 0.6791992 0.9468994 0.6791992 0.9150391 0.6921082 0.9530945 0.6791992 0.9530945 0.6791992 0.9468994 0.6921082 0.9530945 0.6584778 0.921875 0.6791992 0.9468994 0.6791992 0.9530945 0.6791992 0.9470215 0.6584778 0.921875 0.6791992 0.9530945 0.6791992 0.9152527 0.6584778 0.921875 0.6791992 0.9470215 0.6921082 0.9530945 0.6791992 0.9152527 0.6791992 0.9470215 0.6921082 0.9117127 0.6791992 0.9152527 0.6921082 0.9530945 0.7401428 0.9059143 0.6921082 0.8869629 0.7401428 0.8869629 0.6921082 0.9117127 0.6921082 0.8869629 0.7401428 0.9059143 0.6921082 0.9530945 0.6921082 0.9117127 0.7401428 0.9059143 0.6791992 0.9152527 0.6921082 0.9117127 0.6921082 0.9530945 0.6791992 0.9470215 0.6791992 0.9152527 0.6921082 0.9530945 0.6584778 0.921875 0.6791992 0.9152527 0.6791992 0.9470215 0.6791992 0.9530945 0.6584778 0.921875 0.6791992 0.9470215 0.6791992 0.9468994 0.6584778 0.921875 0.6791992 0.9530945 0.6921082 0.9530945 0.6791992 0.9468994 0.6791992 0.9530945 0.6791992 0.9150391 0.6791992 0.9468994 0.6921082 0.9530945 0.6921082 0.8869629 0.6791992 0.9150391 0.6921082 0.9530945 0.6791992 0.8920593 0.6791992 0.9150391 0.6921082 0.8869629 0.6791992 0.8869629 0.6791992 0.8920593 0.6921082 0.8869629 0.6584778 0.921875 0.6791992 0.8920593 0.6791992 0.8869629 0.6791992 0.8922119 0.6584778 0.921875 0.6791992 0.8869629 0.6791992 0.9152527 0.6584778 0.921875 0.6791992 0.8922119 0.6921082 0.8869629 0.6791992 0.9152527 0.6791992 0.8922119 0.6921082 0.9117127 0.6791992 0.9152527 0.6921082 0.8869629 0.9946594 0.7772827 0.9944763 0.7866516 0.9926453 0.7866516 0.9959412 0.7797852 0.9944763 0.7866516 0.9946594 0.7772827 0.9995422 0.773407 0.9959412 0.7797852 0.9946594 0.7772827 0.9995422 0.7769165 0.9959412 0.7797852 0.9995422 0.773407 1.004456 0.7772827 0.9995422 0.7769165 0.9995422 0.773407 1.003144 0.7797852 0.9995422 0.7769165 1.004456 0.7772827 1.006469 0.7866516 1.003144 0.7797852 1.004456 0.7772827 1.004638 0.7866516 1.003144 0.7797852 1.006469 0.7866516 1.004456 0.7960205 1.004638 0.7866516 1.006469 0.7866516 1.003144 0.7935486 1.004638 0.7866516 1.004456 0.7960205 0.9995422 0.7998962 1.003144 0.7935486 1.004456 0.7960205 0.9995422 0.7963867 1.003144 0.7935486 0.9995422 0.7998962 0.9946594 0.7960205 0.9995422 0.7963867 0.9995422 0.7998962 0.9959412 0.7935486 0.9995422 0.7963867 0.9946594 0.7960205 0.9926453 0.7866516 0.9959412 0.7935486 0.9946594 0.7960205 0.9944763 0.7866516 0.9959412 0.7935486 0.9926453 0.7866516 0.8324585 0.5194397 0.82901 0.5138245 0.820343 0.5276489 0.8326111 0.4996338 0.82901 0.5138245 0.8324585 0.5194397 0.8374634 0.4996338 0.8326111 0.4996338 0.8324585 0.5194397 0.82901 0.4854736 0.8326111 0.4996338 0.8374634 0.4996338 0.8324585 0.4798584 0.82901 0.4854736 0.8374634 0.4996338 0.820343 0.4795837 0.82901 0.4854736 0.8324585 0.4798584 0.820343 0.4716492 0.820343 0.4795837 0.8324585 0.4798584 0.811676 0.4854736 0.820343 0.4795837 0.820343 0.4716492 0.8082275 0.4798584 0.811676 0.4854736 0.820343 0.4716492 0.8077698 0.4996338 0.811676 0.4854736 0.8082275 0.4798584 0.8032227 0.4996338 0.8077698 0.4996338 0.8082275 0.4798584 0.811676 0.5138245 0.8077698 0.4996338 0.8032227 0.4996338 0.8082275 0.5194397 0.811676 0.5138245 0.8032227 0.4996338 0.820343 0.5196838 0.811676 0.5138245 0.8082275 0.5194397 0.820343 0.5276489 0.820343 0.5196838 0.8082275 0.5194397 0.82901 0.5138245 0.820343 0.5196838 0.820343 0.5276489 0.820343 0.5276489 0.82901 0.5138245 0.8324585 0.5194397 0.820343 0.5196838 0.82901 0.5138245 0.820343 0.5276489 0.8082275 0.5194397 0.820343 0.5196838 0.820343 0.5276489 0.811676 0.5138245 0.820343 0.5196838 0.8082275 0.5194397 0.8032227 0.4996338 0.811676 0.5138245 0.8082275 0.5194397 0.8077698 0.4996338 0.811676 0.5138245 0.8032227 0.4996338 0.8082275 0.4798584 0.8077698 0.4996338 0.8032227 0.4996338 0.811676 0.4854736 0.8077698 0.4996338 0.8082275 0.4798584 0.820343 0.4716492 0.811676 0.4854736 0.8082275 0.4798584 0.820343 0.4795837 0.811676 0.4854736 0.820343 0.4716492 0.8324585 0.4798584 0.820343 0.4795837 0.820343 0.4716492 0.82901 0.4854736 0.820343 0.4795837 0.8324585 0.4798584 0.8374634 0.4996338 0.82901 0.4854736 0.8324585 0.4798584 0.8326111 0.4996338 0.82901 0.4854736 0.8374634 0.4996338 0.8324585 0.5194397 0.8326111 0.4996338 0.8374634 0.4996338 0.82901 0.5138245 0.8326111 0.4996338 0.8324585 0.5194397 0.9114075 0.567749 0.9141846 0.5638428 0.9301453 0.5786743 0.9075623 0.5413513 0.9141846 0.5638428 0.9114075 0.567749 0.903656 0.5413513 0.9075623 0.5413513 0.9114075 0.567749 0.9093323 0.5198059 0.9075623 0.5413513 0.903656 0.5413513 0.9114075 0.5149231 0.9093323 0.5198059 0.903656 0.5413513 0.9222717 0.5115967 0.9093323 0.5198059 0.9114075 0.5149231 0.9301453 0.5039978 0.9222717 0.5115967 0.9114075 0.5149231 0.946106 0.5188294 0.9222717 0.5115967 0.9301453 0.5039978 0.9488831 0.5149231 0.946106 0.5188294 0.9301453 0.5039978 0.9527283 0.5413513 0.946106 0.5188294 0.9488831 0.5149231 0.956665 0.5413513 0.9527283 0.5413513 0.9488831 0.5149231 0.946106 0.5638428 0.9527283 0.5413513 0.956665 0.5413513 0.9488831 0.567749 0.946106 0.5638428 0.956665 0.5413513 0.9301453 0.5731506 0.946106 0.5638428 0.9488831 0.567749 0.9301453 0.5786743 0.9301453 0.5731506 0.9488831 0.567749 0.9141846 0.5638428 0.9301453 0.5731506 0.9301453 0.5786743 0.6538086 0.5740967 0.666565 0.6127319 0.663208 0.6194763 0.6585693 0.5740967 0.666565 0.6127319 0.6538086 0.5740967 0.663208 0.5286865 0.6585693 0.5740967 0.6538086 0.5740967 0.666565 0.5354309 0.6585693 0.5740967 0.663208 0.5286865 0.6859131 0.5098877 0.666565 0.5354309 0.663208 0.5286865 0.6859131 0.5194092 0.666565 0.5354309 0.6859131 0.5098877 0.7086182 0.5286865 0.6859131 0.5194092 0.6859131 0.5098877 0.7052307 0.5354309 0.6859131 0.5194092 0.7086182 0.5286865 0.7180176 0.5740967 0.7052307 0.5354309 0.7086182 0.5286865 0.7132568 0.5740967 0.7052307 0.5354309 0.7180176 0.5740967 0.7086182 0.6194763 0.7132568 0.5740967 0.7180176 0.5740967 0.7052307 0.6127319 0.7132568 0.5740967 0.7086182 0.6194763 0.6859131 0.6382752 0.7052307 0.6127319 0.7086182 0.6194763 0.6859131 0.6287537 0.7052307 0.6127319 0.6859131 0.6382752 0.663208 0.6194763 0.6859131 0.6287537 0.6859131 0.6382752 0.666565 0.6127319 0.6859131 0.6287537 0.663208 0.6194763 0.9301453 0.5786743 0.9141846 0.5638428 0.9114075 0.567749 0.9301453 0.5731506 0.9141846 0.5638428 0.9301453 0.5786743 0.9488831 0.567749 0.9301453 0.5731506 0.9301453 0.5786743 0.946106 0.5638428 0.9301453 0.5731506 0.9488831 0.567749 0.956665 0.5413513 0.946106 0.5638428 0.9488831 0.567749 0.9527283 0.5413513 0.946106 0.5638428 0.956665 0.5413513 0.9488831 0.5149231 0.9527283 0.5413513 0.956665 0.5413513 0.946106 0.5188294 0.9527283 0.5413513 0.9488831 0.5149231 0.9301453 0.5039978 0.946106 0.5188294 0.9488831 0.5149231 0.9222717 0.5115967 0.946106 0.5188294 0.9301453 0.5039978 0.9114075 0.5149231 0.9222717 0.5115967 0.9301453 0.5039978 0.9093323 0.5198059 0.9222717 0.5115967 0.9114075 0.5149231 0.903656 0.5413513 0.9093323 0.5198059 0.9114075 0.5149231 0.9075623 0.5413513 0.9093323 0.5198059 0.903656 0.5413513 0.9114075 0.567749 0.9075623 0.5413513 0.903656 0.5413513 0.9141846 0.5638428 0.9075623 0.5413513 0.9114075 0.567749 0.663208 0.6194763 0.666565 0.6127319 0.6538086 0.5740967 0.6859131 0.6287537 0.666565 0.6127319 0.663208 0.6194763 0.6859131 0.6382752 0.6859131 0.6287537 0.663208 0.6194763 0.7052307 0.6127319 0.6859131 0.6287537 0.6859131 0.6382752 0.7086182 0.6194763 0.7052307 0.6127319 0.6859131 0.6382752 0.7132568 0.5740967 0.7052307 0.6127319 0.7086182 0.6194763 0.7180176 0.5740967 0.7132568 0.5740967 0.7086182 0.6194763 0.7052307 0.5354309 0.7132568 0.5740967 0.7180176 0.5740967 0.7086182 0.5286865 0.7052307 0.5354309 0.7180176 0.5740967 0.6859131 0.5194092 0.7052307 0.5354309 0.7086182 0.5286865 0.6859131 0.5098877 0.6859131 0.5194092 0.7086182 0.5286865 0.666565 0.5354309 0.6859131 0.5194092 0.6859131 0.5098877 0.663208 0.5286865 0.666565 0.5354309 0.6859131 0.5098877 0.6585693 0.5740967 0.666565 0.5354309 0.663208 0.5286865 0.6538086 0.5740967 0.6585693 0.5740967 0.663208 0.5286865 0.666565 0.6127319 0.6585693 0.5740967 0.6538086 0.5740967 0.4586792 0.788971 0.4577332 0.785553 0.461853 0.7878723 0.4587097 0.788971 0.4577332 0.785553 0.4586792 0.788971 0.4568787 0.788971 0.4587097 0.788971 0.4586792 0.788971 0.4582214 0.788971 0.4587097 0.788971 0.4568787 0.788971 0.4578858 0.788971 0.4582214 0.788971 0.4568787 0.788971 0.4567261 0.788971 0.4582214 0.788971 0.4578858 0.788971 0.4567566 0.788971 0.4567261 0.788971 0.4578858 0.788971 0.4602966 0.788971 0.4567261 0.788971 0.4567566 0.788971 0.4567566 0.788971 0.4602966 0.788971 0.4567566 0.788971 0.4570923 0.788971 0.4602966 0.788971 0.4567566 0.788971 0.4668579 0.788971 0.4570923 0.788971 0.4567566 0.788971 0.4587708 0.788971 0.4570923 0.788971 0.4668579 0.788971 0.4613953 0.7225037 0.4587708 0.788971 0.4668579 0.788971 0.4581909 0.788971 0.4587708 0.788971 0.4613953 0.7225037 0.4643555 0.788971 0.4581909 0.788971 0.4613953 0.7225037 0.9995422 0.8024292 0.9946594 0.7960205 0.9937439 0.7977905 0.9995422 0.7998962 0.9946594 0.7960205 0.9995422 0.8024292 1.005371 0.7977905 0.9995422 0.7998962 0.9995422 0.8024292 1.004456 0.7960205 0.9995422 0.7998962 1.005371 0.7977905 1.007782 0.7866516 1.004456 0.7960205 1.005371 0.7977905 1.006469 0.7866516 1.004456 0.7960205 1.007782 0.7866516 1.005371 0.7755127 1.006469 0.7866516 1.007782 0.7866516 1.004456 0.7772827 1.006469 0.7866516 1.005371 0.7755127 0.9995422 0.7878418 1.004456 0.7772827 1.005371 0.7755127 0.9995422 0.773407 1.004456 0.7772827 0.9995422 0.7878418 0.9937439 0.7755127 0.9995422 0.773407 0.9995422 0.7878418 0.9946594 0.7772827 0.9995422 0.773407 0.9937439 0.7755127 0.4586792 0.7747192 0.4718628 0.790741 0.458252 0.7538757 0.4702454 0.7949219 0.4718628 0.790741 0.4586792 0.7747192 0.499939 0.8070068 0.4702454 0.7949219 0.4586792 0.7747192 0.499939 0.8126221 0.4702454 0.7949219 0.499939 0.8070068 0.4702454 0.7949219 0.499939 0.8126221 0.499939 0.8070068 0.4718628 0.790741 0.499939 0.8126221 0.4702454 0.7949219 0.4586792 0.7747192 0.4718628 0.790741 0.4702454 0.7949219 0.458252 0.7538757 0.4718628 0.790741 0.4586792 0.7747192 0.4577332 0.785553 0.458252 0.7538757 0.4586792 0.7747192 0.4572449 0.7225037 0.458252 0.7538757 0.4577332 0.785553 0.4587097 0.788971 0.4572449 0.7225037 0.4577332 0.785553 0.457489 0.7434082 0.4572449 0.7225037 0.4587097 0.788971 0.6455994 0.9151001 0.6455994 0.8953858 0.6520386 0.9151001 0.6407776 0.8953858 0.6455994 0.8953858 0.6455994 0.9151001 0.6407776 0.9151001 0.6407776 0.8953858 0.6455994 0.9151001 0.6324158 0.8953858 0.6407776 0.8953858 0.6407776 0.9151001 0.6272583 0.9240418 0.6324158 0.8953858 0.6407776 0.9151001 0.6407776 0.9151001 0.6324158 0.8953858 0.6272583 0.9240418 0.6407776 0.9705811 0.6407776 0.9151001 0.6272583 0.9240418 0.6455994 0.9151001 0.6407776 0.9151001 0.6407776 0.9705811 0.6455994 0.9705811 0.6455994 0.9151001 0.6407776 0.9705811 0.6541748 0.9705811 0.6455994 0.9151001 0.6455994 0.9705811 0.6455994 0.9151001 0.6541748 0.9705811 0.6455994 0.9705811 0.6520386 0.9151001 0.6541748 0.9705811 0.6455994 0.9151001 0.4568482 0.7225037 0.4624024 0.7225037 0.456665 0.7225037 0.4665222 0.7225037 0.4624024 0.7225037 0.4568482 0.7225037 0.457428 0.7225037 0.4665222 0.7225037 0.4568482 0.7225037 0.4585266 0.7225037 0.4665222 0.7225037 0.457428 0.7225037 0.4585571 0.7225037 0.4585266 0.7225037 0.457428 0.7225037 0.4608765 0.7225037 0.4585266 0.7225037 0.4585571 0.7225037 0.458252 0.7225037 0.4608765 0.7225037 0.4585571 0.7225037 0.4570313 0.788971 0.4608765 0.7225037 0.458252 0.7225037 0.4622803 0.7381592 0.4570313 0.788971 0.458252 0.7225037 0.4622803 0.7225037 0.4570313 0.788971 0.4622803 0.7381592 0.4570313 0.788971 0.4622803 0.7225037 0.4622803 0.7381592 1.004425 0.7797546 1.004272 0.7758789 1.004242 0.7794495 1.005066 0.7771912 1.004272 0.7758789 1.004425 0.7797546 1.004914 0.783905 1.005066 0.7771912 1.004425 0.7797546 1.005523 0.7814942 1.005066 0.7771912 1.004914 0.783905 1.005676 0.7884827 1.005523 0.7814942 1.004914 0.783905 1.006469 0.781189 1.005523 0.7814942 1.005676 0.7884827 1.006256 0.7888489 1.006469 0.781189 1.005676 0.7884827 1.005676 0.7884827 1.006469 0.781189 1.006256 0.7888489 1.005249 0.7924194 1.005676 0.7884827 1.006256 0.7888489 1.004914 0.783905 1.005676 0.7884827 1.005249 0.7924194 1.002136 0.7875671 1.004914 0.783905 1.005249 0.7924194 0.4613953 0.7225037 0.4581909 0.788971 0.4643555 0.788971 0.4587708 0.788971 0.4581909 0.788971 0.4613953 0.7225037 0.4668579 0.788971 0.4587708 0.788971 0.4613953 0.7225037 0.4570923 0.788971 0.4587708 0.788971 0.4668579 0.788971 0.4567566 0.788971 0.4570923 0.788971 0.4668579 0.788971 0.4602966 0.788971 0.4570923 0.788971 0.4567566 0.788971 0.4567566 0.788971 0.4602966 0.788971 0.4567566 0.788971 0.4567261 0.788971 0.4602966 0.788971 0.4567566 0.788971 0.4578858 0.788971 0.4567261 0.788971 0.4567566 0.788971 0.4582214 0.788971 0.4567261 0.788971 0.4578858 0.788971 0.4568787 0.788971 0.4582214 0.788971 0.4578858 0.788971 0.4598389 0.7557373 0.458252 0.7225037 0.4585571 0.7225037 0.4622803 0.7381592 0.458252 0.7225037 0.4598389 0.7557373 0.458252 0.7225037 0.4622803 0.7381592 0.4598389 0.7557373 0.4570313 0.788971 0.4622803 0.7381592 0.458252 0.7225037 0.4608765 0.7225037 0.4570313 0.788971 0.458252 0.7225037 0.4581909 0.788971 0.4570313 0.788971 0.4608765 0.7225037 0.4585266 0.7225037 0.4581909 0.788971 0.4608765 0.7225037 0.4587708 0.788971 0.4581909 0.788971 0.4585266 0.7225037 0.4665222 0.7225037 0.4587708 0.788971 0.4585266 0.7225037 0.4570923 0.788971 0.4587708 0.788971 0.4665222 0.7225037 0.4602966 0.788971 0.4570923 0.788971 0.4665222 0.7225037 0.6455994 0.9151001 0.6584778 0.9151001 0.6541748 0.9705811 0.6455994 0.8953858 0.6584778 0.9151001 0.6455994 0.9151001 0.6407776 0.9151001 0.6455994 0.8953858 0.6455994 0.9151001 0.6407776 0.8953858 0.6455994 0.8953858 0.6407776 0.9151001 0.6324158 0.8953858 0.6407776 0.8953858 0.6407776 0.9151001 0.6407776 0.9151001 0.6407776 0.8953858 0.6324158 0.8953858 0.6272583 0.9240418 0.6407776 0.9151001 0.6324158 0.8953858 0.6407776 0.9705811 0.6407776 0.9151001 0.6272583 0.9240418 0.6407776 0.9151001 0.6407776 0.9705811 0.6272583 0.9240418 0.6455994 0.9151001 0.6407776 0.9705811 0.6407776 0.9151001 0.8756409 0.7726135 0.8771973 0.7651978 0.8756409 0.7651978 0.8771973 0.7726135 0.8771973 0.7651978 0.8756409 0.7726135 0.8771973 0.7829285 0.8771973 0.7726135 0.8756409 0.7726135 0.8616333 0.7726135 0.8771973 0.7726135 0.8771973 0.7829285 0.8616333 0.7829285 0.8616333 0.7726135 0.8771973 0.7829285 0.8756409 0.7726135 0.8616333 0.7726135 0.8616333 0.7829285 0.8756409 0.7829285 0.8756409 0.7726135 0.8616333 0.7829285 0.8756409 0.7726135 0.8756409 0.7726135 0.8756409 0.7829285 0.8756409 0.7829285 0.8756409 0.7726135 0.8756409 0.7829285 0.8771973 0.7829285 0.8756409 0.7726135 0.8756409 0.7829285 0.499939 0.8126221 0.4718628 0.790741 0.4702454 0.7949219 0.499939 0.8009949 0.4718628 0.790741 0.499939 0.8126221 0.4718628 0.790741 0.499939 0.8009949 0.499939 0.8126221 0.499939 0.7509461 0.499939 0.8009949 0.4718628 0.790741 0.458252 0.7538757 0.499939 0.7509461 0.4718628 0.790741 0.499939 0.7085877 0.499939 0.7509461 0.458252 0.7538757 0.4715881 0.7111206 0.499939 0.7085877 0.458252 0.7538757 0.499939 0.7042847 0.499939 0.7085877 0.4715881 0.7111206 0.4575195 0.7225037 0.499939 0.7042847 0.4715881 0.7111206 0.6105652 0.7995606 0.6105042 0.8005371 0.6103821 0.796814 0.6106262 0.7985535 0.6105042 0.8005371 0.6105652 0.7995606 0.6106262 0.7985535 0.6106262 0.7985535 0.6105652 0.7995606 0.611023 0.7973023 0.6106262 0.7985535 0.6106262 0.7985535 0.611023 0.7973023 0.611023 0.7973023 0.6106262 0.7985535 0.6112366 0.7970581 0.611023 0.7973023 0.611023 0.7973023 0.6112366 0.7970581 0.6112366 0.7970581 0.611023 0.7973023 0.6119995 0.7971802 0.6112366 0.7970581 0.6112366 0.7970581 0.6119995 0.7971802 0.6119995 0.7971802 0.6112366 0.7970581 0.4967651 0.6586609 0.4968262 0.603302 0.4701843 0.6547546 0.5307312 0.6158142 0.4968262 0.603302 0.4967651 0.6586609 0.5356751 0.6800537 0.5307312 0.6158142 0.4967651 0.6586609 0.5765991 0.5707092 0.5307312 0.6158142 0.5356751 0.6800537 0.579895 0.6984863 0.5765991 0.5707092 0.5356751 0.6800537 0.68219 0.6910706 0.5765991 0.5707092 0.579895 0.6984863 0.6101379 0.7771607 0.68219 0.6910706 0.579895 0.6984863 0.7313843 0.7833862 0.68219 0.6910706 0.6101379 0.7771607 0.7524414 0.8028565 0.7313843 0.7833862 0.6101379 0.7771607 0.8771973 0.7651978 0.8756409 0.7726135 0.8756409 0.7651978 0.8771973 0.7726135 0.8756409 0.7726135 0.8771973 0.7651978 0.8616333 0.7651978 0.8771973 0.7726135 0.8771973 0.7651978 0.8616333 0.7726135 0.8771973 0.7726135 0.8616333 0.7651978 0.8756409 0.7651978 0.8616333 0.7726135 0.8616333 0.7651978 0.8756409 0.7726135 0.8616333 0.7726135 0.8756409 0.7651978 0.8756409 0.7651978 0.8756409 0.7726135 0.8756409 0.7651978 0.8756409 0.7726135 0.8756409 0.7726135 0.8756409 0.7651978 0.8756409 0.7829285 0.8771973 0.7726135 0.8771973 0.7829285 0.8756409 0.7726135 0.8771973 0.7726135 0.8756409 0.7829285 0.8756409 0.7829285 0.8756409 0.7726135 0.8756409 0.7829285 0.8756409 0.7726135 0.8756409 0.7726135 0.8756409 0.7829285 0.8616333 0.7829285 0.8756409 0.7726135 0.8756409 0.7829285 0.8616333 0.7726135 0.8756409 0.7726135 0.8616333 0.7829285 0.8771973 0.7829285 0.8616333 0.7726135 0.8616333 0.7829285 0.8771973 0.7726135 0.8616333 0.7726135 0.8771973 0.7829285 0.6105957 0.7931519 0.61026 0.7930908 0.6103821 0.796814 0.6105957 0.7931519 0.61026 0.7930908 0.6105957 0.7931519 0.6109619 0.7931824 0.6105957 0.7931519 0.6105957 0.7931519 0.6109619 0.7931824 0.6105957 0.7931519 0.6109619 0.7931824 0.6116943 0.794281 0.6109619 0.7931824 0.6109619 0.7931824 0.6116943 0.794281 0.6109619 0.7931824 0.6116943 0.794281 0.6119995 0.7950134 0.6116943 0.794281 0.6116943 0.794281 0.6119995 0.7950134 0.6116943 0.794281 0.6119995 0.7950134 1.005066 0.7771912 1.004791 0.7733154 1.004272 0.7758789 1.005646 0.7734985 1.004791 0.7733154 1.005066 0.7771912 1.005523 0.7814942 1.005646 0.7734985 1.005066 0.7771912 1.006286 0.776001 1.005646 0.7734985 1.005523 0.7814942 1.006469 0.781189 1.006286 0.776001 1.005523 0.7814942 1.005523 0.7814942 1.006286 0.776001 1.006469 0.781189 1.005676 0.7884827 1.005523 0.7814942 1.006469 0.781189 1.004914 0.783905 1.005523 0.7814942 1.005676 0.7884827 0.9958191 0.7746582 0.9970398 0.7830811 0.9969483 0.7753906 0.9962769 0.7834168 0.9970398 0.7830811 0.9958191 0.7746582 0.9970398 0.7830811 0.9962769 0.7834168 0.9958191 0.7746582 0.9986267 0.7900086 0.9962769 0.7834168 0.9970398 0.7830811 0.9975586 0.7829285 0.9986267 0.7900086 0.9970398 0.7830811 1.001648 0.7932129 0.9986267 0.7900086 0.9975586 0.7829285 1.002136 0.7875671 1.001648 0.7932129 0.9975586 0.7829285 1.005249 0.7924194 1.001648 0.7932129 1.002136 0.7875671 0.9866638 0.738739 0.9866638 0.2691345 1.032043 0.738739 0.9671021 0.2691345 0.9866638 0.2691345 0.9866638 0.738739 0.9671021 0.7387695 0.9671021 0.2691345 0.9866638 0.738739 1.013183 0.269104 0.9671021 0.2691345 0.9671021 0.7387695 1.013183 0.738739 1.013183 0.269104 0.9671021 0.7387695 1.032043 0.269104 1.013183 0.269104 1.013183 0.738739 1.032043 0.738739 1.032043 0.269104 1.013183 0.738739 0.9866638 0.2691345 1.032043 0.269104 1.032043 0.738739 0.9860535 0.5444641 0.9931641 0.5454712 0.9931641 0.5364685 0.9860535 0.5534668 0.9931641 0.5454712 0.9860535 0.5444641 0.9789429 0.5364685 0.9860535 0.5534668 0.9860535 0.5444641 0.9789429 0.5454712 0.9860535 0.5534668 0.9789429 0.5364685 0.9860535 0.5284729 0.9789429 0.5454712 0.9789429 0.5364685 0.9860535 0.5374756 0.9789429 0.5454712 0.9860535 0.5284729 0.9931641 0.5364685 0.9860535 0.5374756 0.9860535 0.5284729 0.9931641 0.5454712 0.9860535 0.5374756 0.9931641 0.5364685 1.032043 0.738739 0.9866638 0.2691345 0.9866638 0.738739 1.032043 0.269104 0.9866638 0.2691345 1.032043 0.738739 1.013183 0.738739 1.032043 0.269104 1.032043 0.738739 1.013183 0.269104 1.032043 0.269104 1.013183 0.738739 0.9671021 0.7387695 1.013183 0.269104 1.013183 0.738739 0.9671021 0.2691345 1.013183 0.269104 0.9671021 0.7387695 0.9866638 0.738739 0.9671021 0.2691345 0.9671021 0.7387695 0.9866638 0.2691345 0.9671021 0.2691345 0.9866638 0.738739 0.6105042 0.8005371 0.61026 0.7930908 0.6103821 0.796814 0.6105957 0.7931519 0.61026 0.7930908 0.6105042 0.8005371 0.6106262 0.7985535 0.6105957 0.7931519 0.6105042 0.8005371 0.6109619 0.7931824 0.6105957 0.7931519 0.6106262 0.7985535 0.611023 0.7973023 0.6109619 0.7931824 0.6106262 0.7985535 0.6114197 0.7965393 0.6109619 0.7931824 0.611023 0.7973023 0.6112366 0.7970581 0.6114197 0.7965393 0.611023 0.7973023 0.6119995 0.7971802 0.6114197 0.7965393 0.6112366 0.7970581 0.768219 0.6157227 0.8093262 0.5584717 0.758728 0.5160217 0.8178406 0.7244568 0.8093262 0.5584717 0.768219 0.6157227 0.7678833 0.68396 0.8178406 0.7244568 0.768219 0.6157227 0.8093567 0.7591858 0.8178406 0.7244568 0.7678833 0.68396 0.7609863 0.7466126 0.8093567 0.7591858 0.7678833 0.68396 0.7981873 0.7948608 0.8093567 0.7591858 0.7609863 0.7466126 0.7500916 0.7926636 0.7981873 0.7948608 0.7609863 0.7466126 0.908844 0.9743347 0.8427124 1.003968 0.8390198 0.9681702 0.8961792 1.02005 0.8427124 1.003968 0.908844 0.9743347 0.9122315 1.002442 0.8961792 1.02005 0.908844 0.9743347 0.897522 0.9923706 0.8961792 1.02005 0.9122315 1.002442 0.908844 0.9743347 0.897522 0.9923706 0.9122315 1.002442 0.8399658 0.9837647 0.897522 0.9923706 0.908844 0.9743347 0.8390198 0.9681702 0.8399658 0.9837647 0.908844 0.9743347 0.908844 0.9743347 0.8390198 0.9681702 0.8427124 1.003968 0.8399658 0.9837647 0.8390198 0.9681702 0.908844 0.9743347 0.897522 0.9923706 0.8399658 0.9837647 0.908844 0.9743347 0.8454285 1.004699 0.8399658 0.9837647 0.897522 0.9923706 0.8961792 1.02005 0.8454285 1.004699 0.897522 0.9923706 0.8426209 1.028412 0.8454285 1.004699 0.8961792 1.02005 0.8427124 1.003968 0.8426209 1.028412 0.8961792 1.02005 1.004486 0.7862549 1.004425 0.7797546 1.004914 0.783905 1.003937 0.7756348 1.004425 0.7797546 1.004486 0.7862549 1.003113 0.7870178 1.003937 0.7756348 1.004486 0.7862549 1.003113 0.7801514 1.003937 0.7756348 1.003113 0.7870178 1.002136 0.7875671 1.003113 0.7801514 1.003113 0.7870178 1.002838 0.7816773 1.003113 0.7801514 1.002136 0.7875671 1.002136 0.7875671 1.002838 0.7816773 1.002136 0.7875671 0.457489 0.7434082 0.4582214 0.788971 0.4587097 0.788971 0.4567261 0.788971 0.4582214 0.788971 0.457489 0.7434082 0.4624024 0.7225037 0.4567261 0.788971 0.457489 0.7434082 0.4602966 0.788971 0.4567261 0.788971 0.4624024 0.7225037 0.4665222 0.7225037 0.4602966 0.788971 0.4624024 0.7225037 0.4570923 0.788971 0.4602966 0.788971 0.4665222 0.7225037 0.4587708 0.788971 0.4570923 0.788971 0.4665222 0.7225037 0.7609863 0.7466126 0.7981873 0.7948608 0.7500916 0.7926636 0.8093872 0.7590637 0.7981873 0.7948608 0.7609863 0.7466126 0.7678833 0.68396 0.8093872 0.7590637 0.7609863 0.7466126 0.8178101 0.7245178 0.8093872 0.7590637 0.7678833 0.68396 0.768219 0.6157227 0.8178101 0.7245178 0.7678833 0.68396 0.8093262 0.5584717 0.8178101 0.7245178 0.768219 0.6157227 0.758728 0.5160217 0.8093262 0.5584717 0.768219 0.6157227 0.9574585 0.7696228 0.8623962 0.7608948 0.9574585 0.7608643 0.8623962 0.7696533 0.8623962 0.7608948 0.9574585 0.7696228 0.9574585 0.7945557 0.8623962 0.7696533 0.9574585 0.7696228 0.8623962 0.7945862 0.8623962 0.7696533 0.9574585 0.7945557 0.9574585 0.7608643 0.8623962 0.7945862 0.9574585 0.7945557 0.8623962 0.7608948 0.8623962 0.7945862 0.9574585 0.7608643 0.4577332 0.785553 0.4586792 0.788971 0.461853 0.7878723 0.4587097 0.788971 0.4586792 0.788971 0.4577332 0.785553 0.4572449 0.7225037 0.4587097 0.788971 0.4577332 0.785553 0.457489 0.7434082 0.4587097 0.788971 0.4572449 0.7225037 0.4575501 0.7225037 0.457489 0.7434082 0.4572449 0.7225037 0.4567871 0.7225037 0.457489 0.7434082 0.4575501 0.7225037 1.005432 0.7940369 1.001648 0.7932129 1.005249 0.7924194 1.001617 0.7948914 1.001648 0.7932129 1.005432 0.7940369 1.001648 0.7932129 1.001617 0.7948914 1.005432 0.7940369 0.9986267 0.7900086 1.001617 0.7948914 1.001648 0.7932129 0.9975586 0.7829285 0.9986267 0.7900086 1.001648 0.7932129 0.9970398 0.7830811 0.9986267 0.7900086 0.9975586 0.7829285 0.883667 0.805603 0.8413086 0.8868103 0.8433838 0.8432922 0.9151001 0.947052 0.8413086 0.8868103 0.883667 0.805603 0.9216004 0.8161316 0.9151001 0.947052 0.883667 0.805603 0.9657288 1.015564 0.9151001 0.947052 0.9216004 0.8161316 0.9581604 0.8546448 0.9657288 1.015564 0.9216004 0.8161316 1.03003 0.8796387 0.9657288 1.015564 0.9581604 0.8546448 0.5907593 0.7550354 0.5895081 0.7512817 0.5895081 0.7550354 0.5907593 0.7512817 0.5895081 0.7512817 0.5907593 0.7550354 0.592041 0.7550354 0.5907593 0.7512817 0.5907593 0.7550354 0.592041 0.7512817 0.5907593 0.7512817 0.592041 0.7550354 0.5934143 0.7550354 0.592041 0.7512817 0.592041 0.7550354 0.5934143 0.7512817 0.592041 0.7512817 0.5934143 0.7550354 0.9946594 0.7960205 0.9926453 0.7866516 0.9937439 0.7977905 0.9959412 0.7935486 0.9926453 0.7866516 0.9946594 0.7960205 0.9995422 0.7963867 0.9959412 0.7935486 0.9946594 0.7960205 1.003144 0.7935486 0.9959412 0.7935486 0.9995422 0.7963867 0.9995422 0.7998962 1.003144 0.7935486 0.9995422 0.7963867 1.004456 0.7960205 1.003144 0.7935486 0.9995422 0.7998962 1.002136 0.7875671 1.002838 0.7816773 1.002136 0.7875671 1.003113 0.7801514 1.002838 0.7816773 1.002136 0.7875671 1.003113 0.7870178 1.003113 0.7801514 1.002136 0.7875671 1.003937 0.7756348 1.003113 0.7801514 1.003113 0.7870178 1.004486 0.7862549 1.003937 0.7756348 1.003113 0.7870178 1.004425 0.7797546 1.003937 0.7756348 1.004486 0.7862549 0.6114197 0.7965393 0.6116943 0.794281 0.6119995 0.7950134 0.6109619 0.7931824 0.6116943 0.794281 0.6114197 0.7965393 0.611023 0.7973023 0.6109619 0.7931824 0.6114197 0.7965393 0.6105957 0.7931519 0.6109619 0.7931824 0.611023 0.7973023 0.6106262 0.7985535 0.6105957 0.7931519 0.611023 0.7973023 0.6105652 0.7995606 0.6105957 0.7931519 0.6106262 0.7985535 0.6180725 0.5629273 0.6452637 0.5629883 0.644989 0.5628967 0.6183472 0.5630493 0.6452637 0.5629883 0.6180725 0.5629273 0.6184387 0.5093079 0.6183472 0.5630493 0.6180725 0.5629273 0.6185608 0.5091248 0.6183472 0.5630493 0.6184387 0.5093079 0.6453552 0.5092774 0.6185608 0.5091248 0.6184387 0.5093079 0.6454773 0.5090637 0.6185608 0.5091248 0.6453552 0.5092774 0.82901 0.4854736 0.811676 0.4854736 0.820343 0.4795837 0.8077698 0.4996338 0.811676 0.4854736 0.82901 0.4854736 0.8326111 0.4996338 0.8077698 0.4996338 0.82901 0.4854736 0.811676 0.5138245 0.8077698 0.4996338 0.8326111 0.4996338 0.82901 0.5138245 0.811676 0.5138245 0.8326111 0.4996338 0.820343 0.5196838 0.811676 0.5138245 0.82901 0.5138245 1.003144 0.7797852 0.9959412 0.7797852 0.9995422 0.7769165 0.9944763 0.7866516 0.9959412 0.7797852 1.003144 0.7797852 1.004638 0.7866516 0.9944763 0.7866516 1.003144 0.7797852 0.9959412 0.7935486 0.9944763 0.7866516 1.004638 0.7866516 1.003144 0.7935486 0.9959412 0.7935486 1.004638 0.7866516 0.9995422 0.7963867 0.9959412 0.7935486 1.003144 0.7935486 0.499939 0.7509461 0.4718628 0.790741 0.499939 0.8009949 0.458252 0.7538757 0.4718628 0.790741 0.499939 0.7509461 0.499939 0.7085877 0.458252 0.7538757 0.499939 0.7509461 0.4715881 0.7111206 0.458252 0.7538757 0.499939 0.7085877 0.499939 0.7042847 0.4715881 0.7111206 0.499939 0.7085877 0.4575195 0.7225037 0.4715881 0.7111206 0.499939 0.7042847 0.9944763 0.7866516 0.9946594 0.7772827 0.9926453 0.7866516 0.9959412 0.7797852 0.9946594 0.7772827 0.9944763 0.7866516 1.003144 0.7797852 0.9959412 0.7797852 0.9944763 0.7866516 0.9995422 0.7769165 0.9959412 0.7797852 1.003144 0.7797852 1.004456 0.7772827 0.9995422 0.7769165 1.003144 0.7797852 0.9995422 0.773407 0.9995422 0.7769165 1.004456 0.7772827 0.6584778 0.9151001 0.6455994 0.9151001 0.6541748 0.9705811 0.6455994 0.8953858 0.6455994 0.9151001 0.6584778 0.9151001 0.6584778 0.8953858 0.6455994 0.8953858 0.6584778 0.9151001 0.6520386 0.9151001 0.6455994 0.8953858 0.6584778 0.8953858 0.6584778 0.9151001 0.6520386 0.9151001 0.6584778 0.8953858 0.6584778 0.9705811 0.6520386 0.9151001 0.6584778 0.9151001 0.9093323 0.5198059 0.946106 0.5188294 0.9222717 0.5115967 0.9527283 0.5413513 0.946106 0.5188294 0.9093323 0.5198059 0.9075623 0.5413513 0.9527283 0.5413513 0.9093323 0.5198059 0.946106 0.5638428 0.9527283 0.5413513 0.9075623 0.5413513 0.9141846 0.5638428 0.946106 0.5638428 0.9075623 0.5413513 0.9301453 0.5731506 0.946106 0.5638428 0.9141846 0.5638428 0.5560608 0.7861633 0.5661926 0.8016968 0.5520325 0.7987366 0.5662537 0.7965698 0.5661926 0.8016968 0.5560608 0.7861633 0.5591126 0.7796936 0.5662537 0.7965698 0.5560608 0.7861633 0.5661926 0.7766419 0.5662537 0.7965698 0.5591126 0.7796936 0.5587769 0.7545471 0.5661926 0.7766419 0.5591126 0.7796936 0.5662232 0.7513123 0.5661926 0.7766419 0.5587769 0.7545471 0.9931641 0.5364685 0.9931641 0.5454712 0.9860535 0.5444641 0.9860535 0.5374756 0.9931641 0.5454712 0.9931641 0.5364685 0.9860535 0.5284729 0.9860535 0.5374756 0.9931641 0.5364685 0.9789429 0.5454712 0.9860535 0.5374756 0.9860535 0.5284729 0.9789429 0.5364685 0.9789429 0.5454712 0.9860535 0.5284729 0.9860535 0.5534668 0.9789429 0.5454712 0.9789429 0.5364685 0.9574585 0.7608643 0.8623962 0.7608948 0.9574585 0.7696228 0.8623962 0.7945862 0.8623962 0.7608948 0.9574585 0.7608643 0.9574585 0.7945557 0.8623962 0.7945862 0.9574585 0.7608643 0.8623962 0.7696533 0.8623962 0.7945862 0.9574585 0.7945557 0.9574585 0.7696228 0.8623962 0.7696533 0.9574585 0.7945557 0.8623962 0.7608948 0.8623962 0.7696533 0.9574585 0.7696228 0.457428 0.7225037 0.4585266 0.7225037 0.4585571 0.7225037 0.4665222 0.7225037 0.4585266 0.7225037 0.457428 0.7225037 0.4568482 0.7225037 0.4665222 0.7225037 0.457428 0.7225037 0.4624024 0.7225037 0.4665222 0.7225037 0.4568482 0.7225037 0.456665 0.7225037 0.4624024 0.7225037 0.4568482 0.7225037 0.4567871 0.7225037 0.4624024 0.7225037 0.456665 0.7225037 0.7052307 0.5354309 0.666565 0.5354309 0.6859131 0.5194092 0.6585693 0.5740967 0.666565 0.5354309 0.7052307 0.5354309 0.7132568 0.5740967 0.6585693 0.5740967 0.7052307 0.5354309 0.666565 0.6127319 0.6585693 0.5740967 0.7132568 0.5740967 0.7052307 0.6127319 0.666565 0.6127319 0.7132568 0.5740967 0.6859131 0.6287537 0.666565 0.6127319 0.7052307 0.6127319 0.4572449 0.7225037 0.4575195 0.7225037 0.4575501 0.7225037 0.458252 0.7538757 0.4575195 0.7225037 0.4572449 0.7225037 0.4577332 0.785553 0.458252 0.7538757 0.4572449 0.7225037 0.4586792 0.7747192 0.458252 0.7538757 0.4577332 0.785553 0.461853 0.7878723 0.4586792 0.7747192 0.4577332 0.785553 0.499939 0.8070068 0.4586792 0.7747192 0.461853 0.7878723 0.995697 0.5274353 0.9624329 0.5599976 0.9724732 0.535553 0.995697 0.5278626 0.995697 0.5274353 0.9724732 0.535553 0.9724732 0.535553 0.995697 0.5274353 0.995697 0.5278626 0.9722595 0.543457 0.9724732 0.535553 0.995697 0.5278626 0.8898316 0.7907105 0.8947144 0.7895813 0.8962708 0.7895813 0.8876343 0.7907105 0.8947144 0.7895813 0.8898316 0.7907105 0.8844605 0.786438 0.8876343 0.7907105 0.8898316 0.7907105 0.8829956 0.786438 0.8876343 0.7907105 0.8844605 0.786438 0.8852844 0.7727966 0.8829956 0.786438 0.8844605 0.786438 0.8201599 1.104309 0.8419495 0.9991455 0.836853 1.111938 0.8201599 0.999115 0.8419495 0.9991455 0.8201599 1.104309 0.7809143 0.9990845 0.8201599 0.999115 0.8201599 1.104309 0.7809143 0.8894043 0.8201599 0.999115 0.7809143 0.9990845 0.7514343 0.8948364 0.7809143 0.8894043 0.7809143 0.9990845 0.5907593 0.7971497 0.5895081 0.7550354 0.5895081 0.7971497 0.5907593 0.7550354 0.5895081 0.7550354 0.5907593 0.7971497 0.592041 0.7971497 0.5907593 0.7550354 0.5907593 0.7971497 0.592041 0.7550354 0.5907593 0.7550354 0.592041 0.7971497 0.5934143 0.7550354 0.592041 0.7550354 0.592041 0.7971497 1.003144 0.7797852 1.006469 0.7866516 1.004456 0.7772827 1.004638 0.7866516 1.006469 0.7866516 1.003144 0.7797852 0.9944763 0.7866516 1.004638 0.7866516 1.003144 0.7797852 0.9959412 0.7935486 1.004638 0.7866516 0.9944763 0.7866516 0.9926453 0.7866516 0.9959412 0.7935486 0.9944763 0.7866516 0.6112366 0.7970581 0.6119995 0.7971802 0.6119995 0.7971802 0.6112366 0.7970581 0.6119995 0.7971802 0.6112366 0.7970581 0.611023 0.7973023 0.6112366 0.7970581 0.6112366 0.7970581 0.611023 0.7973023 0.6112366 0.7970581 0.611023 0.7973023 0.6106262 0.7985535 0.611023 0.7973023 0.611023 0.7973023 0.9962769 0.7834168 0.9986267 0.7900086 0.9970398 0.7830811 0.9981079 0.7911072 0.9986267 0.7900086 0.9962769 0.7834168 0.9986267 0.7900086 0.9981079 0.7911072 0.9962769 0.7834168 1.001617 0.7948914 0.9981079 0.7911072 0.9986267 0.7900086 1.001648 0.7932129 1.001617 0.7948914 0.9986267 0.7900086 1.001648 0.7932129 1.002136 0.7875671 0.9975586 0.7829285 1.005249 0.7924194 1.002136 0.7875671 1.001648 0.7932129 1.005432 0.7940369 1.005249 0.7924194 1.001648 0.7932129 1.006256 0.7888489 1.005249 0.7924194 1.005432 0.7940369 1.005249 0.7924194 1.006256 0.7888489 1.005432 0.7940369 0.9216004 0.8161316 0.9657288 1.015564 0.9581604 0.8546448 0.9151001 0.947052 0.9657288 1.015564 0.9216004 0.8161316 0.883667 0.805603 0.9151001 0.947052 0.9216004 0.8161316 0.8413086 0.8868103 0.9151001 0.947052 0.883667 0.805603 0.8433838 0.8432922 0.8413086 0.8868103 0.883667 0.805603 0.9977417 0.4970093 1.030853 0.5752564 1.028473 0.4968567 1.033203 0.6442566 1.030853 0.5752564 0.9977417 0.4970093 0.9977417 0.6436462 1.033203 0.6442566 0.9977417 0.4970093 1.024018 0.7081604 1.033203 0.6442566 0.9977417 0.6436462 0.9977417 0.7182312 1.024018 0.7081604 0.9977417 0.6436462 0.9970398 0.7830811 0.9985657 0.7770691 0.9969483 0.7753906 1.000183 0.7821045 0.9985657 0.7770691 0.9970398 0.7830811 0.9975586 0.7829285 1.000183 0.7821045 0.9970398 0.7830811 1.002838 0.7816773 1.000183 0.7821045 0.9975586 0.7829285 1.002136 0.7875671 1.002838 0.7816773 0.9975586 0.7829285 0.8876343 0.7545166 0.8962708 0.7556763 0.8947144 0.7556763 0.8898316 0.7545166 0.8962708 0.7556763 0.8876343 0.7545166 0.8829956 0.7587891 0.8898316 0.7545166 0.8876343 0.7545166 0.8844605 0.7587891 0.8898316 0.7545166 0.8829956 0.7587891 0.8873291 0.7727966 0.8844605 0.7587891 0.8829956 0.7587891 0.4624024 0.7225037 0.4602966 0.788971 0.4665222 0.7225037 0.4567261 0.788971 0.4602966 0.788971 0.4624024 0.7225037 0.457489 0.7434082 0.4567261 0.788971 0.4624024 0.7225037 0.4582214 0.788971 0.4567261 0.788971 0.457489 0.7434082 0.4587097 0.788971 0.4582214 0.788971 0.457489 0.7434082 0.5555725 0.7821655 0.5591126 0.7796936 0.5527039 0.7731934 0.5560608 0.7861633 0.5591126 0.7796936 0.5555725 0.7821655 0.5520325 0.7987366 0.5560608 0.7861633 0.5555725 0.7821655 0.5661926 0.8016968 0.5560608 0.7861633 0.5520325 0.7987366 0.6114197 0.7965393 0.6116943 0.794281 0.6119995 0.7950134 0.6109619 0.7931824 0.6116943 0.794281 0.6114197 0.7965393 0.611023 0.7973023 0.6109619 0.7931824 0.6114197 0.7965393 0.6106262 0.7985535 0.6109619 0.7931824 0.611023 0.7973023 1.028473 0.4968567 0.9977417 0.5948792 1.03302 0.5945435 0.9977417 0.4970093 0.9977417 0.5948792 1.028473 0.4968567 1.030853 0.5752564 0.9977417 0.4970093 1.028473 0.4968567 1.033203 0.6442566 0.9977417 0.4970093 1.030853 0.5752564 0.4968262 0.603302 0.4967651 0.6586609 0.4701843 0.6547546 0.5307312 0.6158142 0.4967651 0.6586609 0.4968262 0.603302 0.5311279 0.5877075 0.5307312 0.6158142 0.4968262 0.603302 0.5653992 0.5534973 0.5307312 0.6158142 0.5311279 0.5877075 0.8390808 0.7956543 0.8093567 0.7591858 0.7981873 0.7948608 0.8178406 0.7244568 0.8093567 0.7591858 0.8390808 0.7956543 0.8503723 0.7365723 0.8178406 0.7244568 0.8390808 0.7956543 0.8456421 0.6485901 0.8178406 0.7244568 0.8503723 0.7365723 0.4585266 0.7225037 0.4587708 0.788971 0.4665222 0.7225037 0.4581909 0.788971 0.4587708 0.788971 0.4585266 0.7225037 0.4608765 0.7225037 0.4581909 0.788971 0.4585266 0.7225037 0.4570313 0.788971 0.4581909 0.788971 0.4608765 0.7225037 0.6860046 0.8502197 0.6860046 0.8505859 0.6860046 0.8505859 0.6831055 0.8505249 0.6860046 0.8505859 0.6860046 0.8502197 0.6860046 0.849823 0.6831055 0.8505249 0.6860046 0.8502197 0.6860046 0.8490601 0.6831055 0.8505249 0.6860046 0.849823 0.6114197 0.7965393 0.6112366 0.7970581 0.6119995 0.7971802 0.611023 0.7973023 0.6112366 0.7970581 0.6114197 0.7965393 0.6109619 0.7931824 0.611023 0.7973023 0.6114197 0.7965393 0.6105957 0.7931519 0.611023 0.7973023 0.6109619 0.7931824 0.5842285 0.8208923 0.5842285 0.8208923 0.5899963 0.8195801 0.5783997 0.8183899 0.5842285 0.8208923 0.5842285 0.8208923 0.5783997 0.8183899 0.5783997 0.8183899 0.5842285 0.8208923 0.5735169 0.8134461 0.5783997 0.8183899 0.5783997 0.8183899 0.5782776 0.8297119 0.5782776 0.8297119 0.5725708 0.8302002 0.5839539 0.8303528 0.5782776 0.8297119 0.5782776 0.8297119 0.5839539 0.8303528 0.5839539 0.8303528 0.5782776 0.8297119 0.5898132 0.8327942 0.5839539 0.8303528 0.5839539 0.8303528 0.5783997 0.8183899 0.5839539 0.8303528 0.5842285 0.8208923 0.5782776 0.8297119 0.5839539 0.8303528 0.5783997 0.8183899 0.5735169 0.8134461 0.5782776 0.8297119 0.5783997 0.8183899 0.5725708 0.8302002 0.5782776 0.8297119 0.5735169 0.8134461 0.6921082 0.9530945 0.6791992 0.9530945 0.6791992 0.9470215 0.6921082 0.9530945 0.6791992 0.9530945 0.6921082 0.9530945 0.7401428 0.9530945 0.6921082 0.9530945 0.6921082 0.9530945 0.7401428 0.9057312 0.6921082 0.9530945 0.7401428 0.9530945 0.5555725 0.7821655 0.5560608 0.7861633 0.5520325 0.7987366 0.5591126 0.7796936 0.5560608 0.7861633 0.5555725 0.7821655 0.5527039 0.7731934 0.5591126 0.7796936 0.5555725 0.7821655 0.5535584 0.7609253 0.5591126 0.7796936 0.5527039 0.7731934 1.001435 0.7722473 1.003509 0.7778931 1.003753 0.7727051 1.002838 0.7816773 1.003509 0.7778931 1.001435 0.7722473 1.000916 0.7781067 1.002838 0.7816773 1.001435 0.7722473 1.000183 0.7821045 1.002838 0.7816773 1.000916 0.7781067 0.3811646 1.003479 0.464447 1.015351 0.3811646 1.008026 0.4242859 0.8960571 0.464447 1.015351 0.3811646 1.003479 0.3797302 0.8162232 0.4242859 0.8960571 0.3811646 1.003479 0.4640808 0.8221436 0.4242859 0.8960571 0.3797302 0.8162232 0.8961792 1.02005 0.908844 0.9743347 0.8427124 1.003968 0.9122315 1.002442 0.908844 0.9743347 0.8961792 1.02005 0.897522 0.9923706 0.9122315 1.002442 0.8961792 1.02005 0.908844 0.9743347 0.9122315 1.002442 0.897522 0.9923706 1.005066 0.7771912 1.004791 0.7733154 1.005646 0.7734985 1.004272 0.7758789 1.004791 0.7733154 1.005066 0.7771912 1.004425 0.7797546 1.004272 0.7758789 1.005066 0.7771912 1.004242 0.7794495 1.004272 0.7758789 1.004425 0.7797546 1.000183 0.7821045 0.9970398 0.7830811 0.9985657 0.7770691 0.9975586 0.7829285 0.9970398 0.7830811 1.000183 0.7821045 1.002838 0.7816773 0.9975586 0.7829285 1.000183 0.7821045 1.002136 0.7875671 0.9975586 0.7829285 1.002838 0.7816773 0.8961792 1.02005 0.8426209 1.028412 0.8427124 1.003968 0.8454285 1.004699 0.8426209 1.028412 0.8961792 1.02005 0.897522 0.9923706 0.8454285 1.004699 0.8961792 1.02005 0.8399658 0.9837647 0.8454285 1.004699 0.897522 0.9923706 0.7872009 0.8506165 0.7937622 0.8134155 0.7664795 0.8028259 0.8111878 0.8507691 0.7937622 0.8134155 0.7872009 0.8506165 0.7937622 0.8134155 0.8111878 0.8507691 0.7872009 0.8506165 0.8091736 0.8334351 0.8111878 0.8507691 0.7937622 0.8134155 0.536377 1.015351 0.6228943 1.003479 0.6228943 1.008026 0.578125 0.8960571 0.6228943 1.003479 0.536377 1.015351 0.5367432 0.8221436 0.578125 0.8960571 0.536377 1.015351 0.6243897 0.8162232 0.578125 0.8960571 0.5367432 0.8221436 1.003509 0.7778931 1.003113 0.7801514 1.002838 0.7816773 1.003937 0.7756348 1.003113 0.7801514 1.003509 0.7778931 1.004242 0.7794495 1.003937 0.7756348 1.003509 0.7778931 1.004425 0.7797546 1.003937 0.7756348 1.004242 0.7794495 1.005523 0.7814942 1.005646 0.7734985 1.006286 0.776001 1.005066 0.7771912 1.005646 0.7734985 1.005523 0.7814942 1.004914 0.783905 1.005066 0.7771912 1.005523 0.7814942 1.004425 0.7797546 1.005066 0.7771912 1.004914 0.783905 0.5587769 0.7545471 0.5661926 0.7766419 0.5662232 0.7513123 0.5591126 0.7796936 0.5661926 0.7766419 0.5587769 0.7545471 0.5535584 0.7609253 0.5591126 0.7796936 0.5587769 0.7545471 0.5527039 0.7731934 0.5591126 0.7796936 0.5535584 0.7609253 0.9784546 1.0318 1.004303 0.9624939 0.9481506 0.9912415 1.02243 0.99823 1.004303 0.9624939 0.9784546 1.0318 0.9942932 1.050659 1.02243 0.99823 0.9784546 1.0318 1.005463 1.054229 1.02243 0.99823 0.9942932 1.050659 0.4694214 0.895813 0.529419 0.8815613 0.4693298 0.8817749 0.4807739 0.8993225 0.529419 0.8815613 0.4694214 0.895813 0.4694214 1.101501 0.4807739 0.8993225 0.4694214 0.895813 0.4807739 1.097961 0.4807739 0.8993225 0.4694214 1.101501 0.7434387 0.6314697 0.7060242 0.7179566 0.7067261 0.6335449 0.7434387 0.7605591 0.7060242 0.7179566 0.7434387 0.6314697 0.7060242 0.7179566 0.7434387 0.7605591 0.7434387 0.6314697 0.592041 0.7971497 0.592041 0.7550354 0.5934143 0.7550354 0.5907593 0.7550354 0.592041 0.7550354 0.592041 0.7971497 0.5907593 0.7971497 0.5907593 0.7550354 0.592041 0.7971497 0.8914185 0.6817627 0.8913879 0.7495422 0.9240418 0.6817627 0.8587647 0.6817627 0.8913879 0.7495422 0.8914185 0.6817627 0.8913879 0.6139526 0.8587647 0.6817627 0.8914185 0.6817627 0.5958862 0.5256348 0.5933838 0.5149231 0.5830994 0.512207 0.5966492 0.5073242 0.5933838 0.5149231 0.5958862 0.5256348 0.6018677 0.5141296 0.5966492 0.5073242 0.5958862 0.5256348 0.5958862 0.5256348 0.6076965 0.5420837 0.6018677 0.5141296 0.5958557 0.5472107 0.6076965 0.5420837 0.5958862 0.5256348 0.5836792 0.5407105 0.5958557 0.5472107 0.5958862 0.5256348 0.8914185 0.6817627 0.9240418 0.6817627 0.8913879 0.7495422 0.8913879 0.6139526 0.9240418 0.6817627 0.8914185 0.6817627 0.8587647 0.6817627 0.8913879 0.6139526 0.8914185 0.6817627 0.6881104 0.9938355 0.6889038 0.9845581 0.6911316 0.9873657 0.6885376 0.9861145 0.6889038 0.9845581 0.6881104 0.9938355 0.6883545 0.9868775 0.6885376 0.9861145 0.6881104 0.9938355 0.5367127 0.8117371 0.624176 0.8171387 0.624176 0.8117371 0.5367737 0.8171387 0.624176 0.8171387 0.5367127 0.8117371 0.479065 0.8531799 0.5367737 0.8171387 0.5367127 0.8117371 0.7809143 0.9990845 0.7453308 0.999115 0.7514343 0.8948364 0.7514343 1.102234 0.7453308 0.999115 0.7809143 0.9990845 0.7809143 1.107666 0.7514343 1.102234 0.7809143 0.9990845 0.3667603 0.4356079 0.5647583 0.4252929 0.5647583 0.4253235 0.5647583 0.4313049 0.5647583 0.4252929 0.3667603 0.4356079 0.5647583 0.4398499 0.5647583 0.4313049 0.3667603 0.4356079 0.8111878 0.8507691 0.8091736 0.8334351 0.7937622 0.8134155 0.8160706 0.8508301 0.8091736 0.8334351 0.8111878 0.8507691 0.8091736 0.8334351 0.8160706 0.8508301 0.8111878 0.8507691 0.3667603 0.4356079 0.5647583 0.4253235 0.5647583 0.4252929 0.5647583 0.4313965 0.5647583 0.4253235 0.3667603 0.4356079 0.5647583 0.4399109 0.5647583 0.4313965 0.3667603 0.4356079 0.3667603 0.4356079 0.5647583 0.4459533 0.5647583 0.4399109 0.5647583 0.4459229 0.5647583 0.4459533 0.3667603 0.4356079 0.5647583 0.4398499 0.5647583 0.4459229 0.3667603 0.4356079 0.6407776 0.9151001 0.6407776 0.8953858 0.6324158 0.8953858 0.6455994 0.8953858 0.6407776 0.8953858 0.6407776 0.9151001 0.6455994 0.9151001 0.6455994 0.8953858 0.6407776 0.9151001 0.6407776 0.9151001 0.6407776 0.9705811 0.6272583 0.9240418 0.6455994 0.9705811 0.6407776 0.9705811 0.6407776 0.9151001 0.6455994 0.9151001 0.6455994 0.9705811 0.6407776 0.9151001 0.660614 0.9164124 0.7339783 0.8884277 0.7339783 0.9164124 0.7339783 0.9164124 0.7339783 0.8884277 0.660614 0.9164124 0.7339783 0.9412842 0.7339783 0.9164124 0.660614 0.9164124 0.660614 0.9164124 0.7339783 0.9164124 0.7339783 0.8884277 0.7339783 0.9412842 0.7339783 0.9164124 0.660614 0.9164124 0.7339783 0.9164124 0.7339783 0.9412842 0.660614 0.9164124 0.9860535 0.5444641 0.9789429 0.5364685 0.9860535 0.5364685 0.9860535 0.5534668 0.9789429 0.5364685 0.9860535 0.5444641 0.9931641 0.5454712 0.9860535 0.5534668 0.9860535 0.5444641 1.003509 0.7778931 1.004272 0.7758789 1.004242 0.7794495 1.003753 0.7727051 1.004272 0.7758789 1.003509 0.7778931 1.001435 0.7722473 1.003753 0.7727051 1.003509 0.7778931 1.002838 0.7816773 1.001435 0.7722473 1.003509 0.7778931 1.000916 0.7781067 1.001435 0.7722473 1.002838 0.7816773 1.000183 0.7821045 1.000916 0.7781067 1.002838 0.7816773 1.005249 0.7924194 1.004914 0.783905 1.002136 0.7875671 1.005676 0.7884827 1.004914 0.783905 1.005249 0.7924194 1.006256 0.7888489 1.005676 0.7884827 1.005249 0.7924194 1.004638 0.7866516 1.004456 0.7960205 1.006469 0.7866516 1.003144 0.7935486 1.004456 0.7960205 1.004638 0.7866516 0.9959412 0.7935486 1.003144 0.7935486 1.004638 0.7866516 0.5958862 0.5256348 0.5830994 0.512207 0.5933838 0.5149231 0.5803833 0.5276795 0.5830994 0.512207 0.5958862 0.5256348 0.5836792 0.5407105 0.5803833 0.5276795 0.5958862 0.5256348 0.5958862 0.5256348 0.5958557 0.5472107 0.5836792 0.5407105 0.6076965 0.5420837 0.5958557 0.5472107 0.5958862 0.5256348 0.6018677 0.5141296 0.6076965 0.5420837 0.5958862 0.5256348 0.5934143 0.7512817 0.592041 0.7971497 0.5907593 0.7971497 0.5934143 0.7971497 0.592041 0.7971497 0.5934143 0.7512817 0.592041 0.7971497 0.5934143 0.7971497 0.5934143 0.7512817 0.5367127 0.8117371 0.5367737 0.8171387 0.479065 0.8531799 0.624176 0.8171387 0.5367737 0.8171387 0.5367127 0.8117371 0.624176 0.8117371 0.624176 0.8171387 0.5367127 0.8117371 0.6848755 0.848999 0.6841431 0.8484802 0.6848755 0.8482056 0.6839295 0.8492432 0.6841431 0.8484802 0.6848755 0.848999 0.68396 0.8498535 0.6839295 0.8492432 0.6848755 0.848999 0.6878357 0.9952393 0.6881714 0.9876404 0.6875 0.9927063 0.6883545 0.9868775 0.6881714 0.9876404 0.6878357 0.9952393 0.6885376 0.9861145 0.6883545 0.9868775 0.6878357 0.9952393 0.5783997 0.8183899 0.5783997 0.8183899 0.5842285 0.8208923 0.5735169 0.8134461 0.5783997 0.8183899 0.5783997 0.8183899 0.572815 0.8129883 0.5735169 0.8134461 0.5783997 0.8183899 0.6848755 0.848999 0.684021 0.8504334 0.6848755 0.8504028 0.68396 0.8498535 0.684021 0.8504334 0.6848755 0.848999 0.6839295 0.8492432 0.68396 0.8498535 0.6848755 0.848999 0.5668945 0.7573242 0.5751038 0.7773132 0.5754395 0.756134 0.5586853 0.7780457 0.5751038 0.7773132 0.5668945 0.7573242 0.5583496 0.756134 0.5586853 0.7780457 0.5668945 0.7573242 0.5307312 0.6158142 0.5357056 0.6800537 0.4967651 0.6586609 0.5765991 0.5707092 0.5357056 0.6800537 0.5307312 0.6158142 0.5662537 0.5593872 0.5765991 0.5707092 0.5307312 0.6158142 0.7524414 0.8028565 0.6101379 0.7771607 0.7313843 0.7833862 0.6144104 0.7838745 0.6101379 0.7771607 0.7524414 0.8028565 0.6101379 0.7771607 0.6144104 0.7838745 0.7524414 0.8028565 0.8898316 0.7545166 0.8961487 0.7727966 0.8962708 0.7556763 0.8873291 0.7727966 0.8961487 0.7727966 0.8898316 0.7545166 0.8844605 0.7587891 0.8873291 0.7727966 0.8898316 0.7545166 0.8898316 0.7545166 0.8961487 0.7727966 0.8962708 0.7556763 0.8873291 0.7727966 0.8961487 0.7727966 0.8898316 0.7545166 0.8844605 0.7587891 0.8873291 0.7727966 0.8898316 0.7545166 0.529419 0.8815613 0.4694214 0.895813 0.4693298 0.8817749 0.4807739 0.8993225 0.4694214 0.895813 0.529419 0.8815613 0.5325623 0.9094544 0.4807739 0.8993225 0.529419 0.8815613 0.9977417 0.6436462 1.024018 0.7081604 0.9977417 0.7182312 1.033203 0.6442566 1.024018 0.7081604 0.9977417 0.6436462 0.9977417 0.4970093 1.033203 0.6442566 0.9977417 0.6436462 0.6455994 0.9705811 0.6455994 0.9151001 0.6541748 0.9705811 0.6407776 0.9705811 0.6455994 0.9151001 0.6455994 0.9705811 0.6407776 0.9151001 0.6407776 0.9705811 0.6455994 0.9705811 0.7175293 0.5046997 0.7476502 0.59552 0.7219849 0.5585327 0.7476502 0.4122925 0.7476502 0.59552 0.7175293 0.5046997 0.722229 0.4425964 0.7476502 0.4122925 0.7175293 0.5046997 0.5782776 0.8297119 0.572815 0.8129883 0.5725708 0.8302002 0.5783997 0.8183899 0.572815 0.8129883 0.5782776 0.8297119 0.5842285 0.8208923 0.5783997 0.8183899 0.5782776 0.8297119 0.5839539 0.8303528 0.5899963 0.8195801 0.5898132 0.8327942 0.5842285 0.8208923 0.5899963 0.8195801 0.5839539 0.8303528 0.5783997 0.8183899 0.5842285 0.8208923 0.5839539 0.8303528 0.5782776 0.8297119 0.5783997 0.8183899 0.5839539 0.8303528 0.5735169 0.8134461 0.5783997 0.8183899 0.5782776 0.8297119 0.5725708 0.8302002 0.5735169 0.8134461 0.5782776 0.8297119 0.6183472 0.5630493 0.6184387 0.5093079 0.6180725 0.5629273 0.6185608 0.5091248 0.6184387 0.5093079 0.6183472 0.5630493 0.6454773 0.5090637 0.6185608 0.5091248 0.6183472 0.5630493 0.4585571 0.7225037 0.458252 0.7225037 0.4598389 0.7557373 0.4608765 0.7225037 0.458252 0.7225037 0.4585571 0.7225037 0.4585266 0.7225037 0.4608765 0.7225037 0.4585571 0.7225037 0.6541748 0.9705811 0.6584778 0.9705811 0.6584778 0.9151001 0.6520386 0.9151001 0.6584778 0.9705811 0.6541748 0.9705811 0.6677246 0.815094 0.689148 0.9185791 0.6285706 0.8500671 0.7061768 0.8148804 0.689148 0.9185791 0.6677246 0.815094 0.6845398 0.8489685 0.6845093 0.8507385 0.6832886 0.8496704 0.6851807 0.8471375 0.6845093 0.8507385 0.6845398 0.8489685 0.6851807 0.8471375 0.6844483 0.8493347 0.6845398 0.8489685 0.6846924 0.8475952 0.6844483 0.8493347 0.6851807 0.8471375 0.6860046 0.849823 0.6831055 0.8505249 0.6860046 0.8490601 0.6860046 0.8502197 0.6831055 0.8505249 0.6860046 0.849823 0.6860046 0.8502197 0.6860046 0.8505859 0.6831055 0.8505249 0.6831055 0.8505249 0.6860046 0.8505859 0.6860046 0.8502197 0.624176 0.8171387 0.5367432 0.8225403 0.624176 0.8225403 0.5367737 0.8171387 0.5367432 0.8225403 0.624176 0.8171387 0.8496094 0.8273621 0.8433838 0.8432922 0.883667 0.805603 0.883667 0.805603 0.8433838 0.8432922 0.8496094 0.8273621 0.6106262 0.7985535 0.6105957 0.7931519 0.6105652 0.7995606 0.611023 0.7973023 0.6105957 0.7931519 0.6106262 0.7985535 1.061859 0.6401978 1.069061 0.5890503 1.040222 0.6130066 1.073089 0.6296692 1.069061 0.5890503 1.061859 0.6401978 1.069061 0.5890503 1.061859 0.6401978 1.040222 0.6130066 1.073089 0.6296692 1.061859 0.6401978 1.069061 0.5890503 0.743866 0.8468628 0.7599793 0.8780212 0.743866 0.8780212 0.743866 0.8315735 0.7599793 0.8780212 0.743866 0.8468628 0.8419495 0.9991455 0.8201599 0.8927918 0.836853 0.8851624 0.8201599 0.999115 0.8201599 0.8927918 0.8419495 0.9991455 0.6844483 0.8493347 0.6851807 0.8471375 0.6845398 0.8489685 0.6846924 0.8475952 0.6851807 0.8471375 0.6844483 0.8493347 0.61026 0.7930908 0.6105042 0.8005371 0.6103821 0.796814 0.6105957 0.7931519 0.6105042 0.8005371 0.61026 0.7930908 0.572815 0.8129883 0.5782776 0.8297119 0.5725708 0.8302002 0.5783997 0.8183899 0.5782776 0.8297119 0.572815 0.8129883 0.6105042 0.8005371 0.6105652 0.7995606 0.6103821 0.796814 0.6106262 0.7985535 0.6105652 0.7995606 0.6105042 0.8005371 0.6845093 0.8507385 0.6845398 0.8489685 0.6832886 0.8496704 0.6851807 0.8471375 0.6845398 0.8489685 0.6845093 0.8507385 0.6114197 0.7965393 0.6116943 0.794281 0.6109619 0.7931824 0.6119995 0.7950134 0.6116943 0.794281 0.6114197 0.7965393 0.6112366 0.7970581 0.6114197 0.7965393 0.6119995 0.7971802 0.611023 0.7973023 0.6114197 0.7965393 0.6112366 0.7970581 0.6562805 0.9025269 0.6335144 0.9323731 0.6335144 0.9025269 0.6562805 0.9323731 0.6335144 0.9323731 0.6562805 0.9025269 0.6562805 0.9025269 0.6335144 0.9323731 0.6335144 0.9025269 0.6562805 0.9323731 0.6335144 0.9323731 0.6562805 0.9025269 0.529419 0.8815613 0.5325623 1.087829 0.5325623 0.9094544 0.52771 1.088287 0.5325623 1.087829 0.529419 0.8815613 0.5168152 0.5767822 0.5155335 0.5767822 0.5155335 0.5767822 0.5168152 0.5767822 0.5155335 0.5767822 0.5168152 0.5767822 0.6520386 0.9151001 0.6584778 0.9705811 0.6584778 0.9151001 0.6541748 0.9705811 0.6584778 0.9705811 0.6520386 0.9151001 0.6455994 0.9151001 0.6541748 0.9705811 0.6520386 0.9151001 0.6455994 0.9705811 0.6541748 0.9705811 0.6455994 0.9151001 0.5782776 0.8297119 0.5842285 0.8208923 0.5839539 0.8303528 0.5783997 0.8183899 0.5842285 0.8208923 0.5782776 0.8297119 0.6454773 0.5090637 0.6183472 0.5630493 0.6185608 0.5091248 0.6452637 0.5629883 0.6183472 0.5630493 0.6454773 0.5090637 0.6454773 0.5090637 0.6183472 0.5630493 0.6185608 0.5091248 0.6452637 0.5629883 0.6183472 0.5630493 0.6454773 0.5090637 0.9722595 0.543457 0.995697 0.5278626 0.9724732 0.535553 0.995697 0.543457 0.995697 0.5278626 0.9722595 0.543457 0.8947144 0.7895813 0.8961487 0.7727966 0.8962708 0.7895813 0.8945313 0.7727966 0.8961487 0.7727966 0.8947144 0.7895813 0.8945313 0.7727966 0.8962708 0.7556763 0.8961487 0.7727966 0.8947144 0.7556763 0.8962708 0.7556763 0.8945313 0.7727966 0.6931763 0.998169 0.6981506 0.9967651 0.6937866 0.9967651 0.6990357 0.998169 0.6981506 0.9967651 0.6931763 0.998169 0.8873291 0.7727966 0.8852844 0.7727966 0.8844605 0.786438 0.8829956 0.7587891 0.8852844 0.7727966 0.8873291 0.7727966 0.5934143 0.7971497 0.5934143 0.7550354 0.592041 0.7971497 0.592041 0.7971497 0.5934143 0.7550354 0.5934143 0.7971497 0.6114197 0.7965393 0.6119995 0.7971802 0.6114197 0.7965393 0.6119995 0.7971802 0.6119995 0.7971802 0.6114197 0.7965393 0.4567871 0.7225037 0.4624024 0.7225037 0.457489 0.7434082 0.456665 0.7225037 0.4624024 0.7225037 0.4567871 0.7225037 0.6114197 0.7965393 0.6119995 0.7950134 0.6119995 0.7950134 0.6114197 0.7965393 0.6119995 0.7950134 0.6114197 0.7965393 0.6119995 0.7971802 0.6114197 0.7965393 0.6114197 0.7965393 0.6119995 0.7971802 0.6114197 0.7965393 0.6119995 0.7971802 0.6106262 0.7985535 0.6106262 0.7985535 0.6105652 0.7995606 0.611023 0.7973023 0.6106262 0.7985535 0.6106262 0.7985535 0.6119995 0.7950134 0.6116943 0.794281 0.6119995 0.7950134 0.6116943 0.794281 0.6116943 0.794281 0.6119995 0.7950134 0.9624329 0.5599976 0.9724732 0.535553 0.964447 0.543457 0.995697 0.5274353 0.9724732 0.535553 0.9624329 0.5599976 0.5839539 0.8303528 0.5839539 0.8303528 0.5898132 0.8327942 0.5782776 0.8297119 0.5839539 0.8303528 0.5839539 0.8303528 0.5782776 0.8297119 0.5782776 0.8297119 0.5725708 0.8302002 0.5839539 0.8303528 0.5782776 0.8297119 0.5782776 0.8297119 0.5899963 0.8195801 0.5839539 0.8303528 0.5898132 0.8327942 0.5842285 0.8208923 0.5839539 0.8303528 0.5899963 0.8195801 0.7476502 0.59552 0.7175293 0.5046997 0.7219849 0.5585327 0.7476502 0.4122925 0.7175293 0.5046997 0.7476502 0.59552 1.003937 0.7756348 1.004242 0.7794495 1.003509 0.7778931 1.004425 0.7797546 1.004242 0.7794495 1.003937 0.7756348 0.5591126 0.7796936 0.5662537 0.7965698 0.5661926 0.7766419 0.5560608 0.7861633 0.5662537 0.7965698 0.5591126 0.7796936 0.6455994 0.8953858 0.6455994 0.9151001 0.6520386 0.9151001 0.6407776 0.8953858 0.6455994 0.9151001 0.6455994 0.8953858 0.9937439 0.7755127 0.9995422 0.773407 0.9946594 0.7772827 0.9995422 0.7878418 0.9995422 0.773407 0.9937439 0.7755127 0.9995422 0.7878418 1.004456 0.7772827 0.9995422 0.773407 1.005371 0.7755127 1.004456 0.7772827 0.9995422 0.7878418 1.005371 0.7755127 1.006469 0.7866516 1.004456 0.7772827 1.007782 0.7866516 1.006469 0.7866516 1.005371 0.7755127 1.007782 0.7866516 1.004456 0.7960205 1.006469 0.7866516 1.005371 0.7977905 1.004456 0.7960205 1.007782 0.7866516 1.005371 0.7977905 0.9995422 0.7998962 1.004456 0.7960205 0.9995422 0.8024292 0.9995422 0.7998962 1.005371 0.7977905 0.9995422 0.8024292 0.9946594 0.7960205 0.9995422 0.7998962 0.9937439 0.7977905 0.9946594 0.7960205 0.9995422 0.8024292 0.8646851 0.603363 0.8651123 0.4956055 0.8933411 0.5423584 0.8387756 0.5401001 0.8651123 0.4956055 0.8646851 0.603363 0.6455994 0.8953858 0.6584778 0.8953858 0.6584778 0.9151001 0.6520386 0.9151001 0.6584778 0.8953858 0.6455994 0.8953858 0.8651123 0.4956055 0.8646851 0.603363 0.8933411 0.5423584 0.8387756 0.5401001 0.8646851 0.603363 0.8651123 0.4956055 0.4807739 0.8993225 0.5325623 0.9094544 0.529419 0.8815613 0.4807739 1.097961 0.5325623 0.9094544 0.4807739 0.8993225 0.499939 0.8070068 0.4586792 0.7747192 0.4702454 0.7949219 0.461853 0.7878723 0.4586792 0.7747192 0.499939 0.8070068 0.458252 0.7538757 0.4575195 0.7225037 0.4715881 0.7111206 0.4572449 0.7225037 0.4575195 0.7225037 0.458252 0.7538757 0.4572449 0.7225037 0.4575501 0.7225037 0.4575195 0.7225037 0.457489 0.7434082 0.4575501 0.7225037 0.4572449 0.7225037 0.6116943 0.794281 0.6109619 0.7931824 0.6116943 0.794281 0.6109619 0.7931824 0.6109619 0.7931824 0.6116943 0.794281 0.6105957 0.7931519 0.6109619 0.7931824 0.6105957 0.7931519 0.6109619 0.7931824 0.6109619 0.7931824 0.6105957 0.7931519 0.5803833 0.5276795 0.5958862 0.5256348 0.5830994 0.512207 0.5836792 0.5407105 0.5958862 0.5256348 0.5803833 0.5276795 0.5895081 0.7512817 0.5907593 0.7550354 0.5895081 0.7550354 0.5907593 0.7512817 0.5907593 0.7550354 0.5895081 0.7512817 0.9010925 0.5447388 0.9303894 0.5399475 0.9309387 0.5820313 0.9310913 0.51297 0.9303894 0.5399475 0.9010925 0.5447388 0.9010925 0.5447388 0.9303894 0.5399475 0.9309387 0.5820313 0.9310913 0.51297 0.9303894 0.5399475 0.9010925 0.5447388 0.5907593 0.7512817 0.592041 0.7550354 0.5907593 0.7550354 0.592041 0.7512817 0.592041 0.7550354 0.5907593 0.7512817 0.5647583 0.4313965 0.3667603 0.4356079 0.5647583 0.4253235 0.5647583 0.4399109 0.3667603 0.4356079 0.5647583 0.4313965 0.5647583 0.4459533 0.3667603 0.4356079 0.5647583 0.4399109 0.5647583 0.4459229 0.3667603 0.4356079 0.5647583 0.4459533 0.5307312 0.6158142 0.5311279 0.5877075 0.4968262 0.603302 0.5653992 0.5534973 0.5311279 0.5877075 0.5307312 0.6158142 0.592041 0.7512817 0.5934143 0.7550354 0.592041 0.7550354 0.5934143 0.7512817 0.5934143 0.7550354 0.592041 0.7512817 0.7637634 0.8505249 0.7872009 0.8506165 0.7664795 0.8028259 0.7664795 0.8028259 0.7872009 0.8506165 0.7637634 0.8505249 0.5662537 0.5593872 0.5307312 0.6158142 0.5765991 0.5707092 0.5653992 0.5534973 0.5307312 0.6158142 0.5662537 0.5593872 0.666565 0.5354309 0.7052307 0.5354309 0.6859131 0.5194092 0.6585693 0.5740967 0.7052307 0.5354309 0.666565 0.5354309 0.7052307 0.6127319 0.666565 0.6127319 0.6859131 0.6287537 0.7132568 0.5740967 0.666565 0.6127319 0.7052307 0.6127319 0.6585693 0.5740967 0.7132568 0.5740967 0.7052307 0.5354309 0.666565 0.6127319 0.7132568 0.5740967 0.6585693 0.5740967 0.4567871 0.7225037 0.457489 0.7434082 0.4624024 0.7225037 0.4575501 0.7225037 0.457489 0.7434082 0.4567871 0.7225037 0.6119995 0.7950134 0.6114197 0.7965393 0.6119995 0.7950134 0.6114197 0.7965393 0.6114197 0.7965393 0.6119995 0.7950134 0.3667603 0.4356079 0.5647583 0.4313049 0.5647583 0.4398499 0.5647583 0.4252929 0.5647583 0.4313049 0.3667603 0.4356079 0.9977417 0.5948792 1.028473 0.4968567 1.03302 0.5945435 0.9977417 0.4970093 1.028473 0.4968567 0.9977417 0.5948792 0.6791992 0.9150391 0.6584778 0.921875 0.6791992 0.8920593 0.6791992 0.9468994 0.6584778 0.921875 0.6791992 0.9150391 0.6921082 0.8869629 0.6791992 0.8869629 0.6791992 0.8922119 0.6921082 0.8869629 0.6791992 0.8869629 0.6921082 0.8869629 0.6921082 0.9530945 0.6791992 0.9530945 0.6921082 0.9530945 0.6791992 0.9470215 0.6791992 0.9530945 0.6921082 0.9530945 0.8961487 0.7727966 0.8898316 0.7907105 0.8962708 0.7895813 0.8873291 0.7727966 0.8898316 0.7907105 0.8961487 0.7727966 0.6981506 0.9967651 0.6931763 0.998169 0.6937866 0.9967651 0.6990357 0.998169 0.6931763 0.998169 0.6981506 0.9967651 0.61026 0.7930908 0.6105957 0.7931519 0.6103821 0.796814 0.6105957 0.7931519 0.6105957 0.7931519 0.61026 0.7930908 0.5325623 1.087829 0.529419 0.8815613 0.5325623 0.9094544 0.52771 1.088287 0.529419 0.8815613 0.5325623 1.087829 1.004303 0.9624939 0.9784546 1.0318 0.9481506 0.9912415 1.02243 0.99823 0.9784546 1.0318 1.004303 0.9624939 0.6584778 0.921875 0.6791992 0.9150391 0.6791992 0.8920593 0.6791992 0.9468994 0.6791992 0.9150391 0.6584778 0.921875 0.6791992 0.8869629 0.6921082 0.8869629 0.6791992 0.8922119 0.6921082 0.8869629 0.6921082 0.8869629 0.6791992 0.8869629 0.8961487 0.7727966 0.8898316 0.7907105 0.8962708 0.7895813 0.8873291 0.7727966 0.8898316 0.7907105 0.8961487 0.7727966 0.7401428 0.9057312 0.6921082 0.8869629 0.6921082 0.9530945 0.7401428 0.8869629 0.6921082 0.8869629 0.7401428 0.9057312 0.4693298 1.102234 0.4694214 0.895813 0.4693298 0.8817749 0.4694214 1.101501 0.4694214 0.895813 0.4693298 1.102234 0.958374 0.5449219 0.9303894 0.5399475 0.9310913 0.51297 0.9309387 0.5820313 0.9303894 0.5399475 0.958374 0.5449219 0.958374 0.5449219 0.9303894 0.5399475 0.9310913 0.51297 0.9309387 0.5820313 0.9303894 0.5399475 0.958374 0.5449219 0.68219 0.6910706 0.6101379 0.7771607 0.579895 0.6984863 0.7313843 0.7833862 0.6101379 0.7771607 0.68219 0.6910706 0.811676 0.4854736 0.82901 0.4854736 0.820343 0.4795837 0.8077698 0.4996338 0.82901 0.4854736 0.811676 0.4854736 0.82901 0.5138245 0.811676 0.5138245 0.820343 0.5196838 0.8326111 0.4996338 0.811676 0.5138245 0.82901 0.5138245 0.8326111 0.4996338 0.8077698 0.4996338 0.811676 0.5138245 0.82901 0.4854736 0.8077698 0.4996338 0.8326111 0.4996338 0.5765991 0.5707092 0.579895 0.6984863 0.5357056 0.6800537 0.68219 0.6910706 0.579895 0.6984863 0.5765991 0.5707092 1.004272 0.7758789 1.003509 0.7778931 1.004242 0.7794495 1.003753 0.7727051 1.003509 0.7778931 1.004272 0.7758789 0.5751038 0.7773132 0.5668945 0.7976685 0.5757446 0.7956543 0.5586853 0.7780457 0.5668945 0.7976685 0.5751038 0.7773132 0.457428 0.7225037 0.4567566 0.788971 0.4567566 0.788971 0.4578858 0.788971 0.4567566 0.788971 0.457428 0.7225037 0.5895081 0.7550354 0.5907593 0.7971497 0.5895081 0.7971497 0.5907593 0.7550354 0.5907593 0.7971497 0.5895081 0.7550354 1.003113 0.7801514 1.003509 0.7778931 1.002838 0.7816773 1.003937 0.7756348 1.003509 0.7778931 1.003113 0.7801514 0.459198 0.5658875 0.4631653 0.4325562 0.4620667 0.4325562 0.4633179 0.5658875 0.4631653 0.4325562 0.459198 0.5658875 0.500824 0.565979 0.4620667 0.4325562 0.5006409 0.4325562 0.4677124 0.5657959 0.4620667 0.4325562 0.500824 0.565979 0.6881714 0.9876404 0.6881104 0.9938355 0.6875 0.9927063 0.6883545 0.9868775 0.6881104 0.9938355 0.6881714 0.9876404 0.7061768 0.8148804 0.689148 0.9185791 0.738739 0.8511963 0.6677246 0.815094 0.689148 0.9185791 0.7061768 0.8148804 0.9969483 0.7753906 0.9970398 0.7830811 0.9958191 0.7746582 0.9985657 0.7770691 0.9970398 0.7830811 0.9969483 0.7753906 0.6841431 0.8484802 0.6848755 0.848999 0.6848755 0.8482056 0.6839295 0.8492432 0.6848755 0.848999 0.6841431 0.8484802 1.03003 0.8796387 0.9657288 1.015564 0.9793396 0.9978027 0.9581604 0.8546448 0.9657288 1.015564 1.03003 0.8796387 0.4633179 0.5658875 0.502533 0.4325562 0.4631653 0.4325562 0.5027161 0.5658875 0.502533 0.4325562 0.4633179 0.5658875 0.743866 0.8469238 0.7599793 0.8780212 0.743866 0.8315735 0.743866 0.8780212 0.7599793 0.8780212 0.743866 0.8469238 0.4567566 0.788971 0.457428 0.7225037 0.4567566 0.788971 0.4578858 0.788971 0.457428 0.7225037 0.4567566 0.788971 0.6114197 0.7965393 0.6116943 0.794281 0.6109619 0.7931824 0.6119995 0.7950134 0.6116943 0.794281 0.6114197 0.7965393 0.946106 0.5188294 0.9093323 0.5198059 0.9222717 0.5115967 0.9527283 0.5413513 0.9093323 0.5198059 0.946106 0.5188294 0.9141846 0.5638428 0.946106 0.5638428 0.9301453 0.5731506 0.9075623 0.5413513 0.946106 0.5638428 0.9141846 0.5638428 0.9527283 0.5413513 0.9075623 0.5413513 0.9093323 0.5198059 0.946106 0.5638428 0.9075623 0.5413513 0.9527283 0.5413513 0.6112366 0.7970581 0.6114197 0.7965393 0.6119995 0.7971802 0.611023 0.7973023 0.6114197 0.7965393 0.6112366 0.7970581 0.9959412 0.7797852 0.9995422 0.773407 0.9946594 0.7772827 0.9995422 0.7769165 0.9995422 0.773407 0.9959412 0.7797852 0.5842285 0.8208923 0.5842285 0.8208923 0.5899963 0.8195801 0.5783997 0.8183899 0.5842285 0.8208923 0.5842285 0.8208923 1.02243 0.99823 0.9942932 1.050659 0.9784546 1.0318 1.005463 1.054229 0.9942932 1.050659 1.02243 0.99823 0.4497986 0.4325562 0.5027161 0.5658875 0.4500122 0.5658875 0.502533 0.4325562 0.5027161 0.5658875 0.4497986 0.4325562 0.6407776 0.9151001 0.6455994 0.9151001 0.6407776 0.8953858 0.6455994 0.9705811 0.6455994 0.9151001 0.6407776 0.9151001 0.5966492 0.5073242 0.5958862 0.5256348 0.5933838 0.5149231 0.6018677 0.5141296 0.5958862 0.5256348 0.5966492 0.5073242 0.6878357 0.9952393 0.6889038 0.9845581 0.6885376 0.9861145 0.6911316 0.9873657 0.6889038 0.9845581 0.6878357 0.9952393 0.8093872 0.7590637 0.8390808 0.7956543 0.7981873 0.7948608 0.8178101 0.7245178 0.8390808 0.7956543 0.8093872 0.7590637 0.8456421 0.6485901 0.8178101 0.7245178 0.8093262 0.5584717 0.8503723 0.7365723 0.8178101 0.7245178 0.8456421 0.6485901 0.6911316 0.9873657 0.6931763 0.9849548 0.6889038 0.9845581 0.6889038 0.9845581 0.6931763 0.9849548 0.6911316 0.9873657 0.684021 0.8504334 0.6848755 0.848999 0.6848755 0.8504028 0.68396 0.8498535 0.6848755 0.848999 0.684021 0.8504334 0.8771973 0.7726135 0.8616333 0.7651978 0.8771973 0.7651978 0.8616333 0.7726135 0.8616333 0.7651978 0.8771973 0.7726135 0.8616333 0.7726135 0.8756409 0.7651978 0.8616333 0.7651978 0.8756409 0.7726135 0.8756409 0.7651978 0.8616333 0.7726135 0.8756409 0.7726135 0.8756409 0.7651978 0.8756409 0.7651978 0.8756409 0.7726135 0.8756409 0.7651978 0.8756409 0.7726135 0.624176 0.8171387 0.5367432 0.8225403 0.5367737 0.8171387 0.624176 0.8225403 0.5367432 0.8225403 0.624176 0.8171387 0.9866638 0.2691345 1.013183 0.269104 1.032043 0.269104 0.9671021 0.2691345 1.013183 0.269104 0.9866638 0.2691345 0.4587097 0.788971 0.4568787 0.788971 0.4586792 0.788971 0.4582214 0.788971 0.4568787 0.788971 0.4587097 0.788971 1.013183 0.269104 0.9866638 0.2691345 1.032043 0.269104 0.9671021 0.2691345 0.9866638 0.2691345 1.013183 0.269104 0.6106262 0.7985535 0.6105957 0.7931519 0.6109619 0.7931824 0.6105042 0.8005371 0.6105957 0.7931519 0.6106262 0.7985535 0.6831055 0.8505249 0.6860046 0.8505859 0.6845398 0.8505554 0.6860046 0.8505859 0.6831055 0.8505249 0.6845398 0.8505554 0.8456421 0.6485901 0.8093262 0.5584717 0.8178406 0.7244568 0.6103821 0.796814 0.6105957 0.7931519 0.6105652 0.7995606 0.6103821 0.796814 0.6105652 0.7995606 0.6105957 0.7931519 0.578125 0.8960571 0.6243897 0.8162232 0.6228943 1.003479 0.4660339 0.7494202 0.4682007 0.7512512 0.4702759 0.7387695 0.6931763 0.9952393 0.6911316 0.9873657 0.6878357 0.9952393 0.8178101 0.7245178 0.8503723 0.7365723 0.8390808 0.7956543 0.5934143 0.7512817 0.5907593 0.7971497 0.592041 0.7971497 0.4660339 0.7494202 0.4702759 0.7387695 0.4682007 0.7512512 0.6931763 0.9952393 0.6881104 0.9938355 0.6911316 0.9873657 0.6285706 0.8500671 0.689148 0.9185791 0.6677246 0.815094 0.464447 1.015351 0.4242859 0.8960571 0.4640808 0.8221436 0.9039002 0.776947 0.8973999 0.7811585 0.897583 0.7726746 0.8049011 0.8172302 0.8137207 0.8137817 0.8093872 0.8093262 0.5653992 0.5534973 0.5662537 0.5593872 0.5307312 0.6158142 0.8873291 0.7727966 0.8844605 0.786438 0.8898316 0.7907105 0.9039002 0.776947 0.897583 0.7726746 0.8973999 0.7811585 0.8873291 0.7727966 0.8844605 0.786438 0.8898316 0.7907105 0.8049011 0.8172302 0.8093872 0.8093262 0.8137207 0.8137817 0.7434387 0.6314697 0.7067261 0.6335449 0.7060242 0.7179566 0.5580444 0.7956543 0.5668945 0.7976685 0.5586853 0.7780457 0.6584778 0.9151001 0.6584778 0.9705811 0.6541748 0.9705811 0.6272583 0.9240418 0.6324158 0.8953858 0.6407776 0.9151001 1.004486 0.7862549 1.004914 0.783905 1.004425 0.7797546 0.722229 0.4425964 0.7175293 0.5046997 0.7476502 0.4122925 0.572815 0.8129883 0.5783997 0.8183899 0.5735169 0.8134461 0.689148 0.9185791 0.7061768 0.8148804 0.738739 0.8511963 0.7809143 1.107666 0.7809143 0.9990845 0.8201599 1.104309 0.7809143 0.8894043 0.8201599 0.8927918 0.8201599 0.999115 0.9722595 0.543457 0.995697 0.5278626 0.995697 0.543457 0.4807739 1.097961 0.5325623 1.087829 0.5325623 0.9094544 0.6183472 0.5630493 0.6452637 0.5629883 0.6454773 0.5090637 0.6520386 0.9151001 0.6584778 0.9151001 0.6584778 0.8953858 0.5839539 0.8303528 0.5842285 0.8208923 0.5782776 0.8297119 0.9995422 0.7998962 0.9995422 0.7963867 0.9946594 0.7960205 0.8913879 0.6139526 0.8914185 0.6817627 0.9240418 0.6817627 0.5535584 0.7609253 0.5587769 0.7545471 0.5591126 0.7796936 0.5560608 0.7861633 0.5661926 0.8016968 0.5662537 0.7965698 0.9937439 0.7977905 0.9926453 0.7866516 0.9946594 0.7960205 0.4715881 0.7111206 0.4575195 0.7225037 0.458252 0.7538757 0.4586792 0.7747192 0.461853 0.7878723 0.4577332 0.785553 0.8913879 0.7495422 0.8587647 0.6817627 0.8914185 0.6817627 0.3667603 0.4356079 0.5647583 0.4459229 0.5647583 0.4398499 0.7872009 0.8506165 0.7664795 0.8028259 0.7937622 0.8134155 0.7339783 0.9412842 0.660614 0.9164124 0.7339783 0.9164124 0.7401428 0.9059143 0.7401428 0.9530945 0.6921082 0.9530945 0.6921082 0.8869629 0.6921082 0.8869629 0.7401428 0.8869629 0.7339783 0.8884277 0.7339783 0.9164124 0.660614 0.9164124 0.9981079 0.7911072 1.001617 0.7948914 0.9986267 0.7900086</float_array>
          <technique_common>
            <accessor source="#polygon0-mesh-map-0-array" count="3507" stride="2">
              <param name="S" type="float"/>
              <param name="T" type="float"/>
            </accessor>
          </technique_common>
        </source>
        <source id="polygon0-mesh-colors-polygon0_Colors0" name="polygon0_Colors0">
          <float_array id="polygon0-mesh-colors-polygon0_Colors0-array" count="14028">0.2 0.2 0.2 1 0.4 0.4 0.4 1 0.772549 0.772549 0.772549 1 0.003921568 0.003921568 0.003921568 1 0.4 0.4 0.4 1 0.2 0.2 0.2 1 0.07843136 0.07843136 0.07843136 1 0.003921568 0.003921568 0.003921568 1 0.2 0.2 0.2 1 0.3254902 0.3254902 0.3254902 1 0.003921568 0.003921568 0.003921568 1 0.07843136 0.07843136 0.07843136 1 0.5254902 0.5254902 0.5254902 1 0.3254902 0.3254902 0.3254902 1 0.07843136 0.07843136 0.07843136 1 0.682353 0.682353 0.682353 1 0.3254902 0.3254902 0.3254902 1 0.5254902 0.5254902 0.5254902 1 0.772549 0.772549 0.772549 1 0.682353 0.682353 0.682353 1 0.5254902 0.5254902 0.5254902 1 0.9137255 0.9137255 0.9137255 1 0.682353 0.682353 0.682353 1 0.772549 0.772549 0.772549 1 0.4 0.4 0.4 1 0.9137255 0.9137255 0.9137255 1 0.772549 0.772549 0.772549 1 0.9058824 0.9058824 0.9058824 1 0.9137255 0.9137255 0.9137255 1 0.4 0.4 0.4 1 0.4588235 0.4588235 0.4588235 1 0.9058824 0.9058824 0.9058824 1 0.4 0.4 0.4 1 0.3019608 0.3019608 0.3019608 1 0.9058824 0.9058824 0.9058824 1 0.4588235 0.4588235 0.4588235 1 0.1019608 0.1019608 0.1019608 1 0.3019608 0.3019608 0.3019608 1 0.4588235 0.4588235 0.4588235 1 0.2666667 0.2666667 0.2666667 1 0.3019608 0.3019608 0.3019608 1 0.1019608 0.1019608 0.1019608 1 0.003921568 0.003921568 0.003921568 1 0.2666667 0.2666667 0.2666667 1 0.1019608 0.1019608 0.1019608 1 0.3921568 0.3921568 0.3921568 1 0.2666667 0.2666667 0.2666667 1 0.003921568 0.003921568 0.003921568 1 0.3254902 0.3254902 0.3254902 1 0.3921568 0.3921568 0.3921568 1 0.003921568 0.003921568 0.003921568 1 0.6980392 0.6980392 0.6980392 1 0.3921568 0.3921568 0.3921568 1 0.3254902 0.3254902 0.3254902 1 0.8 0.8 0.8 1 0.6980392 0.6980392 0.6980392 1 0.3254902 0.3254902 0.3254902 1 0.3019608 0.3019608 0.3019608 1 0.6980392 0.6980392 0.6980392 1 0.8 0.8 0.8 1 0.8980392 0.8980392 0.8980392 1 0.3019608 0.3019608 0.3019608 1 0.8 0.8 0.8 1 0.9058824 0.9058824 0.9058824 1 0.3019608 0.3019608 0.3019608 1 0.8980392 0.8980392 0.8980392 1 0.682353 0.682353 0.682353 1 0.9058824 0.9058824 0.9058824 1 0.8980392 0.8980392 0.8980392 1 0.9137255 0.9137255 0.9137255 1 0.9058824 0.9058824 0.9058824 1 0.682353 0.682353 0.682353 1 0.772549 0.772549 0.772549 1 0.4 0.4 0.4 1 0.2 0.2 0.2 1 0.9137255 0.9137255 0.9137255 1 0.4 0.4 0.4 1 0.772549 0.772549 0.772549 1 0.682353 0.682353 0.682353 1 0.9137255 0.9137255 0.9137255 1 0.772549 0.772549 0.772549 1 0.9058824 0.9058824 0.9058824 1 0.9137255 0.9137255 0.9137255 1 0.682353 0.682353 0.682353 1 0.8980392 0.8980392 0.8980392 1 0.9058824 0.9058824 0.9058824 1 0.682353 0.682353 0.682353 1 0.3019608 0.3019608 0.3019608 1 0.9058824 0.9058824 0.9058824 1 0.8980392 0.8980392 0.8980392 1 0.8 0.8 0.8 1 0.3019608 0.3019608 0.3019608 1 0.8980392 0.8980392 0.8980392 1 0.6980392 0.6980392 0.6980392 1 0.3019608 0.3019608 0.3019608 1 0.8 0.8 0.8 1 0.3254902 0.3254902 0.3254902 1 0.6980392 0.6980392 0.6980392 1 0.8 0.8 0.8 1 0.3921568 0.3921568 0.3921568 1 0.6980392 0.6980392 0.6980392 1 0.3254902 0.3254902 0.3254902 1 0.003921568 0.003921568 0.003921568 1 0.3921568 0.3921568 0.3921568 1 0.3254902 0.3254902 0.3254902 1 0.2666667 0.2666667 0.2666667 1 0.3921568 0.3921568 0.3921568 1 0.003921568 0.003921568 0.003921568 1 0.1019608 0.1019608 0.1019608 1 0.2666667 0.2666667 0.2666667 1 0.003921568 0.003921568 0.003921568 1 0.3019608 0.3019608 0.3019608 1 0.2666667 0.2666667 0.2666667 1 0.1019608 0.1019608 0.1019608 1 0.4588235 0.4588235 0.4588235 1 0.3019608 0.3019608 0.3019608 1 0.1019608 0.1019608 0.1019608 1 0.9058824 0.9058824 0.9058824 1 0.3019608 0.3019608 0.3019608 1 0.4588235 0.4588235 0.4588235 1 0.4 0.4 0.4 1 0.9058824 0.9058824 0.9058824 1 0.4588235 0.4588235 0.4588235 1 0.9137255 0.9137255 0.9137255 1 0.9058824 0.9058824 0.9058824 1 0.4 0.4 0.4 1 0.8 0.8 0.8 1 1 1 1 1 0.8 0.8 0.8 1 1 1 1 1 1 1 1 1 0.8 0.8 0.8 1 0.8 0.8 0.8 1 1 1 1 1 0.8 0.8 0.8 1 1 1 1 1 1 1 1 1 0.8 0.8 0.8 1 0.8 0.8 0.8 1 1 1 1 1 0.8 0.8 0.8 1 1 1 1 1 1 1 1 1 0.8 0.8 0.8 1 0.8 0.8 0.8 1 1 1 1 1 0.8 0.8 0.8 1 1 1 1 1 1 1 1 1 0.8 0.8 0.8 1 0.8 0.8 0.8 1 1 1 1 1 0.8 0.8 0.8 1 1 1 1 1 1 1 1 1 0.8 0.8 0.8 1 0.8 0.8 0.8 1 1 1 1 1 0.8 0.8 0.8 1 1 1 1 1 1 1 1 1 0.8 0.8 0.8 1 0.8 0.8 0.8 1 1 1 1 1 0.8 0.8 0.8 1 1 1 1 1 1 1 1 1 0.8 0.8 0.8 1 0.8 0.8 0.8 1 1 1 1 1 0.8 0.8 0.8 1 1 1 1 1 1 1 1 1 0.8 0.8 0.8 1 0.2 0.2 0.2 1 1 1 1 1 0.2 0.2 0.2 1 1 1 1 1 1 1 1 1 0.2 0.2 0.2 1 0.2 0.2 0.2 1 1 1 1 1 0.2 0.2 0.2 1 1 1 1 1 1 1 1 1 0.2 0.2 0.2 1 0.2 0.2 0.2 1 1 1 1 1 0.2 0.2 0.2 1 1 1 1 1 1 1 1 1 0.2 0.2 0.2 1 0.2 0.2 0.2 1 1 1 1 1 0.2 0.2 0.2 1 1 1 1 1 1 1 1 1 0.2 0.2 0.2 1 0.2 0.2 0.2 1 1 1 1 1 0.2 0.2 0.2 1 1 1 1 1 1 1 1 1 0.2 0.2 0.2 1 0.2 0.2 0.2 1 1 1 1 1 0.2 0.2 0.2 1 1 1 1 1 1 1 1 1 0.2 0.2 0.2 1 0.2 0.2 0.2 1 1 1 1 1 0.2 0.2 0.2 1 1 1 1 1 1 1 1 1 0.2 0.2 0.2 1 0.2 0.2 0.2 1 1 1 1 1 0.2 0.2 0.2 1 1 1 1 1 1 1 1 1 0.2 0.2 0.2 1 0.2 0.2 0.2 1 1 1 1 1 0.2 0.2 0.2 1 1 1 1 1 1 1 1 1 0.2 0.2 0.2 1 0.2 0.2 0.2 1 1 1 1 1 0.2 0.2 0.2 1 1 1 1 1 1 1 1 1 0.2 0.2 0.2 1 0.2 0.2 0.2 1 1 1 1 1 0.2 0.2 0.2 1 1 1 1 1 1 1 1 1 0.2 0.2 0.2 1 0.2 0.2 0.2 1 1 1 1 1 0.2 0.2 0.2 1 1 1 1 1 1 1 1 1 0.2 0.2 0.2 1 0.2 0.2 0.2 1 1 1 1 1 0.2 0.2 0.2 1 1 1 1 1 1 1 1 1 0.2 0.2 0.2 1 0.2 0.2 0.2 1 1 1 1 1 0.2 0.2 0.2 1 1 1 1 1 1 1 1 1 0.2 0.2 0.2 1 0.2 0.2 0.2 1 1 1 1 1 0.2 0.2 0.2 1 1 1 1 1 1 1 1 1 0.2 0.2 0.2 1 0.2 0.2 0.2 1 1 1 1 1 0.2 0.2 0.2 1 1 1 1 1 1 1 1 1 0.2 0.2 0.2 1 0.2980392 0.2980392 0.2980392 1 1 1 1 1 0.2980392 0.2980392 0.2980392 1 1 1 1 1 1 1 1 1 0.2980392 0.2980392 0.2980392 1 0.2980392 0.2980392 0.2980392 1 1 1 1 1 0.2980392 0.2980392 0.2980392 1 1 1 1 1 1 1 1 1 0.2980392 0.2980392 0.2980392 1 0.2980392 0.2980392 0.2980392 1 1 1 1 1 0.2980392 0.2980392 0.2980392 1 1 1 1 1 1 1 1 1 0.2980392 0.2980392 0.2980392 1 0.2980392 0.2980392 0.2980392 1 1 1 1 1 0.2980392 0.2980392 0.2980392 1 1 1 1 1 1 1 1 1 0.2980392 0.2980392 0.2980392 1 0.2980392 0.2980392 0.2980392 1 1 1 1 1 0.2980392 0.2980392 0.2980392 1 1 1 1 1 1 1 1 1 0.2980392 0.2980392 0.2980392 1 0.2980392 0.2980392 0.2980392 1 1 1 1 1 0.2980392 0.2980392 0.2980392 1 1 1 1 1 1 1 1 1 0.2980392 0.2980392 0.2980392 1 0.2980392 0.2980392 0.2980392 1 1 1 1 1 0.2980392 0.2980392 0.2980392 1 1 1 1 1 1 1 1 1 0.2980392 0.2980392 0.2980392 1 0.2980392 0.2980392 0.2980392 1 1 1 1 1 0.2980392 0.2980392 0.2980392 1 1 1 1 1 1 1 1 1 0.2980392 0.2980392 0.2980392 1 0.4 0.4 0.4 1 1 1 1 1 0.4 0.4 0.4 1 1 1 1 1 1 1 1 1 0.4 0.4 0.4 1 0.4 0.4 0.4 1 1 1 1 1 0.4 0.4 0.4 1 1 1 1 1 1 1 1 1 0.4 0.4 0.4 1 0.4 0.4 0.4 1 1 1 1 1 0.4 0.4 0.4 1 1 1 1 1 1 1 1 1 0.4 0.4 0.4 1 0.4 0.4 0.4 1 1 1 1 1 0.4 0.4 0.4 1 1 1 1 1 1 1 1 1 0.4 0.4 0.4 1 0.4 0.4 0.4 1 1 1 1 1 0.4 0.4 0.4 1 1 1 1 1 1 1 1 1 0.4 0.4 0.4 1 0.4 0.4 0.4 1 1 1 1 1 0.4 0.4 0.4 1 1 1 1 1 1 1 1 1 0.4 0.4 0.4 1 0.4 0.4 0.4 1 1 1 1 1 0.4 0.4 0.4 1 1 1 1 1 1 1 1 1 0.4 0.4 0.4 1 0.4 0.4 0.4 1 1 1 1 1 0.4 0.4 0.4 1 1 1 1 1 1 1 1 1 0.4 0.4 0.4 1 0.2980392 0.2980392 0.2980392 1 1 1 1 1 0.2980392 0.2980392 0.2980392 1 1 1 1 1 1 1 1 1 0.2980392 0.2980392 0.2980392 1 0.2980392 0.2980392 0.2980392 1 1 1 1 1 0.2980392 0.2980392 0.2980392 1 1 1 1 1 1 1 1 1 0.2980392 0.2980392 0.2980392 1 0.2980392 0.2980392 0.2980392 1 1 1 1 1 0.2980392 0.2980392 0.2980392 1 1 1 1 1 1 1 1 1 0.2980392 0.2980392 0.2980392 1 0.2980392 0.2980392 0.2980392 1 1 1 1 1 0.2980392 0.2980392 0.2980392 1 1 1 1 1 1 1 1 1 0.2980392 0.2980392 0.2980392 1 0.2980392 0.2980392 0.2980392 1 1 1 1 1 0.2980392 0.2980392 0.2980392 1 1 1 1 1 1 1 1 1 0.2980392 0.2980392 0.2980392 1 0.2980392 0.2980392 0.2980392 1 1 1 1 1 0.2980392 0.2980392 0.2980392 1 1 1 1 1 1 1 1 1 0.2980392 0.2980392 0.2980392 1 0.2980392 0.2980392 0.2980392 1 1 1 1 1 0.2980392 0.2980392 0.2980392 1 1 1 1 1 1 1 1 1 0.2980392 0.2980392 0.2980392 1 0.2980392 0.2980392 0.2980392 1 1 1 1 1 0.2980392 0.2980392 0.2980392 1 1 1 1 1 1 1 1 1 0.2980392 0.2980392 0.2980392 1 0.4 0.4 0.4 1 1 1 1 1 0.4 0.4 0.4 1 1 1 1 1 1 1 1 1 0.4 0.4 0.4 1 0.4 0.4 0.4 1 1 1 1 1 0.4 0.4 0.4 1 1 1 1 1 1 1 1 1 0.4 0.4 0.4 1 0.4 0.4 0.4 1 1 1 1 1 0.4 0.4 0.4 1 1 1 1 1 1 1 1 1 0.4 0.4 0.4 1 0.4 0.4 0.4 1 1 1 1 1 0.4 0.4 0.4 1 1 1 1 1 1 1 1 1 0.4 0.4 0.4 1 0.4 0.4 0.4 1 1 1 1 1 0.4 0.4 0.4 1 1 1 1 1 1 1 1 1 0.4 0.4 0.4 1 0.4 0.4 0.4 1 1 1 1 1 0.4 0.4 0.4 1 1 1 1 1 1 1 1 1 0.4 0.4 0.4 1 0.4 0.4 0.4 1 1 1 1 1 0.4 0.4 0.4 1 1 1 1 1 1 1 1 1 0.4 0.4 0.4 1 0.4 0.4 0.4 1 1 1 1 1 0.4 0.4 0.4 1 1 1 1 1 1 1 1 1 0.4 0.4 0.4 1 0.4 0.4 0.4 1 0.7647059 0.7647059 0.7647059 1 0.3019608 0.3019608 0.3019608 1 0.8980392 0.8980392 0.8980392 1 0.7647059 0.7647059 0.7647059 1 0.4 0.4 0.4 1 0.4431372 0.4431372 0.4431372 1 0.8980392 0.8980392 0.8980392 1 0.4 0.4 0.4 1 0.8980392 0.8980392 0.8980392 1 0.8980392 0.8980392 0.8980392 1 0.4431372 0.4431372 0.4431372 1 0.345098 0.345098 0.345098 1 0.8980392 0.8980392 0.8980392 1 0.4431372 0.4431372 0.4431372 1 0.8980392 0.8980392 0.8980392 1 0.8980392 0.8980392 0.8980392 1 0.345098 0.345098 0.345098 1 0.4078431 0.4078431 0.4078431 1 0.8980392 0.8980392 0.8980392 1 0.345098 0.345098 0.345098 1 0.8980392 0.8980392 0.8980392 1 0.8980392 0.8980392 0.8980392 1 0.4078431 0.4078431 0.4078431 1 0.4745098 0.4745098 0.4745098 1 0.8980392 0.8980392 0.8980392 1 0.4078431 0.4078431 0.4078431 1 0.8980392 0.8980392 0.8980392 1 0.8980392 0.8980392 0.8980392 1 0.4745098 0.4745098 0.4745098 1 0.5215687 0.5215687 0.5215687 1 0.8980392 0.8980392 0.8980392 1 0.4745098 0.4745098 0.4745098 1 0.8980392 0.8980392 0.8980392 1 0.8980392 0.8980392 0.8980392 1 0.5215687 0.5215687 0.5215687 1 0.5176471 0.5176471 0.5176471 1 0.8980392 0.8980392 0.8980392 1 0.5215687 0.5215687 0.5215687 1 0.8705883 0.8705883 0.8705883 1 0.8980392 0.8980392 0.8980392 1 0.5176471 0.5176471 0.5176471 1 0.6431373 0.6431373 0.6431373 1 0.8705883 0.8705883 0.8705883 1 0.5176471 0.5176471 0.5176471 1 0.6 0.6 0.6 1 0.8 0.8 0.8 1 0.6 0.6 0.6 1 0.8 0.8 0.8 1 0.8 0.8 0.8 1 0.6 0.6 0.6 1 0.6 0.6 0.6 1 0.8 0.8 0.8 1 0.6 0.6 0.6 1 0.8 0.8 0.8 1 0.8 0.8 0.8 1 0.6 0.6 0.6 1 0.6 0.6 0.6 1 0.8 0.8 0.8 1 0.6 0.6 0.6 1 0.8 0.8 0.8 1 0.8 0.8 0.8 1 0.6 0.6 0.6 1 0.6 0.6 0.6 1 0.8 0.8 0.8 1 0.6 0.6 0.6 1 0.8 0.8 0.8 1 0.8 0.8 0.8 1 0.6 0.6 0.6 1 0.6 0.6 0.6 1 0.8 0.8 0.8 1 0.6 0.6 0.6 1 0.8 0.8 0.8 1 0.8 0.8 0.8 1 0.6 0.6 0.6 1 0.6 0.6 0.6 1 0.8 0.8 0.8 1 0.6 0.6 0.6 1 0.8 0.8 0.8 1 0.8 0.8 0.8 1 0.6 0.6 0.6 1 0.6 0.6 0.6 1 0.9411765 0.9411765 0.9411765 1 0.5019608 0.5019608 0.5019608 1 0.6509804 0.6509804 0.6509804 1 0.9411765 0.9411765 0.9411765 1 0.6 0.6 0.6 1 0.3019608 0.3019608 0.3019608 1 0.6509804 0.6509804 0.6509804 1 0.6 0.6 0.6 1 0.827451 0.827451 0.827451 1 0.6509804 0.6509804 0.6509804 1 0.3019608 0.3019608 0.3019608 1 0.6509804 0.6509804 0.6509804 1 0.827451 0.827451 0.827451 1 0.3019608 0.3019608 0.3019608 1 0.9450981 0.9450981 0.9450981 1 0.827451 0.827451 0.827451 1 0.6509804 0.6509804 0.6509804 1 0.6 0.6 0.6 1 0.9450981 0.9450981 0.9450981 1 0.6509804 0.6509804 0.6509804 1 0.5019608 0.5019608 0.5019608 1 0.9450981 0.9450981 0.9450981 1 0.6 0.6 0.6 1 0.7647059 0.7647059 0.7647059 1 0.5019608 0.5019608 0.5019608 1 0.6 0.6 0.6 1 0.5882353 0.5882353 0.5882353 1 0.5019608 0.5019608 0.5019608 1 0.7647059 0.7647059 0.7647059 1 0.8980392 0.8980392 0.8980392 1 0.5882353 0.5882353 0.5882353 1 0.7647059 0.7647059 0.7647059 1 0.6078432 0.6078432 0.6078432 1 0.5882353 0.5882353 0.5882353 1 0.8980392 0.8980392 0.8980392 1 0.3921568 0.3921568 0.3921568 1 0 0 0 1 0.3294118 0.3294118 0.3294118 1 0 0 0 1 0 0 0 1 0.3921568 0.3921568 0.3921568 1 0.3803921 0.3803921 0.3803921 1 0 0 0 1 0.3921568 0.3921568 0.3921568 1 0 0 0 1 0 0 0 1 0.3803921 0.3803921 0.3803921 1 0 0 0 1 0 0 0 1 0.3803921 0.3803921 0.3803921 1 0 0 0 1 0 0 0 1 0 0 0 1 0 0 0 1 0 0 0 1 0 0 0 1 0 0 0 1 0 0 0 1 0 0 0 1 0 0 0 1 0 0 0 1 0 0 0 1 0.01960784 0.01960784 0.01960784 1 0 0 0 1 0 0 0 1 0.3921568 0.3921568 0.3921568 1 0.01960784 0.01960784 0.01960784 1 0 0 0 1 0.3294118 0.3294118 0.3294118 1 0.01960784 0.01960784 0.01960784 1 0.3921568 0.3921568 0.3921568 1 0.1019608 0.1019608 0.1019608 1 0.6235294 0.6235294 0.6235294 1 0.1019608 0.1019608 0.1019608 1 0.5490196 0.5490196 0.5490196 1 0.6235294 0.6235294 0.6235294 1 0.1019608 0.1019608 0.1019608 1 0.1019608 0.1019608 0.1019608 1 0.5490196 0.5490196 0.5490196 1 0.1019608 0.1019608 0.1019608 1 0.5921569 0.5921569 0.5921569 1 0.5490196 0.5490196 0.5490196 1 0.1019608 0.1019608 0.1019608 1 0.1019608 0.1019608 0.1019608 1 0.5921569 0.5921569 0.5921569 1 0.1019608 0.1019608 0.1019608 1 0.6313726 0.6313726 0.6313726 1 0.5921569 0.5921569 0.5921569 1 0.1019608 0.1019608 0.1019608 1 0.5176471 0.5176471 0.5176471 1 0.6313726 0.6313726 0.6313726 1 0.1019608 0.1019608 0.1019608 1 0.7019608 0.7019608 0.7019608 1 0.6313726 0.6313726 0.6313726 1 0.5176471 0.5176471 0.5176471 1 0.5215687 0.5215687 0.5215687 1 0.7019608 0.7019608 0.7019608 1 0.5176471 0.5176471 0.5176471 1 0.7019608 0.7019608 0.7019608 1 0.7019608 0.7019608 0.7019608 1 0.5215687 0.5215687 0.5215687 1 0.7019608 0.7019608 0.7019608 1 0.7019608 0.7019608 0.7019608 1 0.5215687 0.5215687 0.5215687 1 0.7058824 0.7058824 0.7058824 1 0.5019608 0.5019608 0.5019608 1 0.8705883 0.8705883 0.8705883 1 0.5254902 0.5254902 0.5254902 1 0.5019608 0.5019608 0.5019608 1 0.7058824 0.7058824 0.7058824 1 0.254902 0.254902 0.254902 1 0.5254902 0.5254902 0.5254902 1 0.7058824 0.7058824 0.7058824 1 0.3137255 0.3137255 0.3137255 1 0.5254902 0.5254902 0.5254902 1 0.254902 0.254902 0.254902 1 0.01568627 0.01568627 0.01568627 1 0.3137255 0.3137255 0.3137255 1 0.254902 0.254902 0.254902 1 0.8 0.8 0.8 1 0.3137255 0.3137255 0.3137255 1 0.01568627 0.01568627 0.01568627 1 0.4 0.4 0.4 1 0.8 0.8 0.8 1 0.01568627 0.01568627 0.01568627 1 0.02745097 0.02745097 0.02745097 1 0.8 0.8 0.8 1 0.4 0.4 0.4 1 0.1411765 0.1411765 0.1411765 1 0.02745097 0.02745097 0.02745097 1 0.4 0.4 0.4 1 0.2509804 0.2509804 0.2509804 1 0.02745097 0.02745097 0.02745097 1 0.1411765 0.1411765 0.1411765 1 0.3019608 0.3019608 0.3019608 1 0.2509804 0.2509804 0.2509804 1 0.1411765 0.1411765 0.1411765 1 0.5529412 0.5529412 0.5529412 1 0.8784314 0.8784314 0.8784314 1 0.6431373 0.6431373 0.6431373 1 0.8980392 0.8980392 0.8980392 1 0.8784314 0.8784314 0.8784314 1 0.5529412 0.5529412 0.5529412 1 0.5254902 0.5254902 0.5254902 1 0.8980392 0.8980392 0.8980392 1 0.5529412 0.5529412 0.5529412 1 0.8980392 0.8980392 0.8980392 1 0.8980392 0.8980392 0.8980392 1 0.5254902 0.5254902 0.5254902 1 0.4745098 0.4745098 0.4745098 1 0.8980392 0.8980392 0.8980392 1 0.5254902 0.5254902 0.5254902 1 0.8980392 0.8980392 0.8980392 1 0.8980392 0.8980392 0.8980392 1 0.4745098 0.4745098 0.4745098 1 0.4078431 0.4078431 0.4078431 1 0.8980392 0.8980392 0.8980392 1 0.4745098 0.4745098 0.4745098 1 0.8980392 0.8980392 0.8980392 1 0.8980392 0.8980392 0.8980392 1 0.4078431 0.4078431 0.4078431 1 0.3372549 0.3372549 0.3372549 1 0.8980392 0.8980392 0.8980392 1 0.4078431 0.4078431 0.4078431 1 0.8980392 0.8980392 0.8980392 1 0.8980392 0.8980392 0.8980392 1 0.3372549 0.3372549 0.3372549 1 0.4392157 0.4392157 0.4392157 1 0.8980392 0.8980392 0.8980392 1 0.3372549 0.3372549 0.3372549 1 0 0 0 1 0.5176471 0.5176471 0.5176471 1 0.1019608 0.1019608 0.1019608 1 0.5215687 0.5215687 0.5215687 1 0.5176471 0.5176471 0.5176471 1 0 0 0 1 0.5176471 0.5176471 0.5176471 1 0.5215687 0.5215687 0.5215687 1 0 0 0 1 0.7019608 0.7019608 0.7019608 1 0.5215687 0.5215687 0.5215687 1 0.5176471 0.5176471 0.5176471 1 0.627451 0.627451 0.627451 1 0.7019608 0.7019608 0.7019608 1 0.5176471 0.5176471 0.5176471 1 0.8705883 0.8705883 0.8705883 1 0.7019608 0.7019608 0.7019608 1 0.627451 0.627451 0.627451 1 0.5843138 0.5843138 0.5843138 1 0.8705883 0.8705883 0.8705883 1 0.627451 0.627451 0.627451 1 0.8980392 0.8980392 0.8980392 1 0.8705883 0.8705883 0.8705883 1 0.5843138 0.5843138 0.5843138 1 0.5490196 0.5490196 0.5490196 1 0.8980392 0.8980392 0.8980392 1 0.5843138 0.5843138 0.5843138 1 0.8980392 0.8980392 0.8980392 1 0.8980392 0.8980392 0.8980392 1 0.5490196 0.5490196 0.5490196 1 0.8980392 0.8980392 0.8980392 1 0.8980392 0.8980392 0.8980392 1 0.5490196 0.5490196 0.5490196 1 0 0 0 1 0 0 0 1 0.01960784 0.01960784 0.01960784 1 0 0 0 1 0 0 0 1 0 0 0 1 0 0 0 1 0 0 0 1 0 0 0 1 0 0 0 1 0 0 0 1 0 0 0 1 0 0 0 1 0 0 0 1 0 0 0 1 0.3803921 0.3803921 0.3803921 1 0 0 0 1 0 0 0 1 0 0 0 1 0.3803921 0.3803921 0.3803921 1 0 0 0 1 0 0 0 1 0.3803921 0.3803921 0.3803921 1 0 0 0 1 0 0 0 1 0 0 0 1 0 0 0 1 0 0 0 1 0 0 0 1 0 0 0 1 0 0 0 1 0.5333334 0.5333334 0.5333334 1 0.5254902 0.5254902 0.5254902 1 0 0 0 1 0.5333334 0.5333334 0.5333334 1 0 0 0 1 0.5019608 0.5019608 0.5019608 1 0 0 0 1 0 0 0 1 0 0 0 1 0 0 0 1 0.5019608 0.5019608 0.5019608 1 0.5019608 0.5019608 0.5019608 1 0 0 0 1 0.5019608 0.5019608 0.5019608 1 0 0 0 1 0 0 0 1 0.5019608 0.5019608 0.5019608 1 0.5019608 0.5019608 0.5019608 1 0 0 0 1 0.5019608 0.5019608 0.5019608 1 0 0 0 1 0 0 0 1 0.5019608 0.5019608 0.5019608 1 0.5019608 0.5019608 0.5019608 1 0 0 0 1 0.5019608 0.5019608 0.5019608 1 0.5019608 0.5019608 0.5019608 1 0 0 0 1 0.5019608 0.5019608 0.5019608 1 0.827451 0.827451 0.827451 1 0.9411765 0.9411765 0.9411765 1 0.6509804 0.6509804 0.6509804 1 1 1 1 1 0.9411765 0.9411765 0.9411765 1 0.827451 0.827451 0.827451 1 0.9450981 0.9450981 0.9450981 1 1 1 1 1 0.827451 0.827451 0.827451 1 0.4980392 0.4980392 0.4980392 1 1 1 1 1 0.9450981 0.9450981 0.9450981 1 0.5019608 0.5019608 0.5019608 1 0.4980392 0.4980392 0.4980392 1 0.9450981 0.9450981 0.9450981 1 0.3019608 0.3019608 0.3019608 1 0.4980392 0.4980392 0.4980392 1 0.5019608 0.5019608 0.5019608 1 0.2 0.2 0.2 1 0.3019608 0.3019608 0.3019608 1 0.5019608 0.5019608 0.5019608 1 0.1176471 0.1176471 0.1176471 1 0.3019608 0.3019608 0.3019608 1 0.2 0.2 0.2 1 0.4 0.4 0.4 1 0.1176471 0.1176471 0.1176471 1 0.2 0.2 0.2 1 0.6039216 0.6039216 0.6039216 1 0.6784314 0.6784314 0.6784314 1 0 0 0 1 0.8 0.8 0.8 1 0.6784314 0.6784314 0.6784314 1 0.6039216 0.6039216 0.6039216 1 0.7490196 0.7490196 0.7490196 1 0.8 0.8 0.8 1 0.6039216 0.6039216 0.6039216 1 0.8941177 0.8941177 0.8941177 1 0.8 0.8 0.8 1 0.7490196 0.7490196 0.7490196 1 0.8392157 0.8392157 0.8392157 1 0.8941177 0.8941177 0.8941177 1 0.7490196 0.7490196 0.7490196 1 0.9215686 0.9215686 0.9215686 1 0.8941177 0.8941177 0.8941177 1 0.8392157 0.8392157 0.8392157 1 0.8745098 0.8745098 0.8745098 1 0.9215686 0.9215686 0.9215686 1 0.8392157 0.8392157 0.8392157 1 0.9686275 0.9686275 0.9686275 1 0.9215686 0.9215686 0.9215686 1 0.8745098 0.8745098 0.8745098 1 0.9529412 0.9529412 0.9529412 1 0.9686275 0.9686275 0.9686275 1 0.8745098 0.8745098 0.8745098 1 0.8980392 0.8980392 0.8980392 1 0 0 0 1 0 0 0 1 0.6980392 0.6980392 0.6980392 1 0 0 0 1 0.8980392 0.8980392 0.8980392 1 0.9137255 0.9137255 0.9137255 1 0.6980392 0.6980392 0.6980392 1 0.8980392 0.8980392 0.8980392 1 0.8509804 0.8509804 0.8509804 1 0.6980392 0.6980392 0.6980392 1 0.9137255 0.9137255 0.9137255 1 0.827451 0.827451 0.827451 1 0.8509804 0.8509804 0.8509804 1 0.9137255 0.9137255 0.9137255 1 0.8588235 0.8588235 0.8588235 1 0.8509804 0.8509804 0.8509804 1 0.827451 0.827451 0.827451 1 0.8941177 0.8941177 0.8941177 1 0.8588235 0.8588235 0.8588235 1 0.827451 0.827451 0.827451 1 0.9372549 0.9372549 0.9372549 1 0.8588235 0.8588235 0.8588235 1 0.8941177 0.8941177 0.8941177 1 0.9333333 0.9333333 0.9333333 1 0.9372549 0.9372549 0.9372549 1 0.8941177 0.8941177 0.8941177 1 0.4980392 0.4980392 0.4980392 1 0 0 0 1 0.4784314 0.4784314 0.4784314 1 0 0 0 1 0 0 0 1 0.4980392 0.4980392 0.4980392 1 0.6156863 0.6156863 0.6156863 1 0 0 0 1 0.4980392 0.4980392 0.4980392 1 0 0 0 1 0 0 0 1 0.6156863 0.6156863 0.6156863 1 0.6156863 0.6156863 0.6156863 1 0 0 0 1 0.6156863 0.6156863 0.6156863 1 0 0 0 1 0 0 0 1 0.6156863 0.6156863 0.6156863 1 0.4784314 0.4784314 0.4784314 1 0 0 0 1 0.6156863 0.6156863 0.6156863 1 0 0 0 1 0 0 0 1 0.4784314 0.4784314 0.4784314 1 0.5019608 0.5019608 0.5019608 1 0 0 0 1 0.5019608 0.5019608 0.5019608 1 0 0 0 1 0 0 0 1 0.5019608 0.5019608 0.5019608 1 0.5019608 0.5019608 0.5019608 1 0 0 0 1 0.5019608 0.5019608 0.5019608 1 0 0 0 1 0 0 0 1 0.5019608 0.5019608 0.5019608 1 0.5019608 0.5019608 0.5019608 1 0 0 0 1 0.5019608 0.5019608 0.5019608 1 0 0 0 1 0 0 0 1 0.5019608 0.5019608 0.5019608 1 0.5019608 0.5019608 0.5019608 1 0 0 0 1 0.5019608 0.5019608 0.5019608 1 0 0 0 1 0 0 0 1 0.5019608 0.5019608 0.5019608 1 0.1254902 0.1254902 0.1254902 1 0.07058823 0.07058823 0.07058823 1 0 0 0 1 0.6 0.6 0.6 1 0.07058823 0.07058823 0.07058823 1 0.1254902 0.1254902 0.1254902 1 0.4705882 0.4705882 0.4705882 1 0.6 0.6 0.6 1 0.1254902 0.1254902 0.1254902 1 0.6039216 0.6039216 0.6039216 1 0.6 0.6 0.6 1 0.4705882 0.4705882 0.4705882 1 0.5254902 0.5254902 0.5254902 1 0.6039216 0.6039216 0.6039216 1 0.4705882 0.4705882 0.4705882 1 0.627451 0.627451 0.627451 1 0.6039216 0.6039216 0.6039216 1 0.5254902 0.5254902 0.5254902 1 0.4941176 0.4941176 0.4941176 1 0.627451 0.627451 0.627451 1 0.5254902 0.5254902 0.5254902 1 0.6 0.6 0.6 1 0.627451 0.627451 0.627451 1 0.4941176 0.4941176 0.4941176 1 0.5254902 0.5254902 0.5254902 1 0.5019608 0.5019608 0.5019608 1 0.5019608 0.5019608 0.5019608 1 0.6 0.6 0.6 1 0.5019608 0.5019608 0.5019608 1 0.5254902 0.5254902 0.5254902 1 0.3137255 0.3137255 0.3137255 1 0.6 0.6 0.6 1 0.5254902 0.5254902 0.5254902 1 0.8078432 0.8078432 0.8078432 1 0.6 0.6 0.6 1 0.3137255 0.3137255 0.3137255 1 0.8 0.8 0.8 1 0.8078432 0.8078432 0.8078432 1 0.3137255 0.3137255 0.3137255 1 0.3215686 0.3215686 0.3215686 1 0.8078432 0.8078432 0.8078432 1 0.8 0.8 0.8 1 0.02745097 0.02745097 0.02745097 1 0.3215686 0.3215686 0.3215686 1 0.8 0.8 0.8 1 0.2509804 0.2509804 0.2509804 1 0.3215686 0.3215686 0.3215686 1 0.02745097 0.02745097 0.02745097 1 0.9019608 0.9019608 0.9019608 1 0.8 0.8 0.8 1 0.8 0.8 0.8 1 1 1 1 1 0.8 0.8 0.8 1 0.9019608 0.9019608 0.9019608 1 0.8 0.8 0.8 1 1 1 1 1 0.9019608 0.9019608 0.9019608 1 0.7294118 0.7294118 0.7294118 1 1 1 1 1 0.8 0.8 0.8 1 0.7137255 0.7137255 0.7137255 1 0.7294118 0.7294118 0.7294118 1 0.8 0.8 0.8 1 0.3019608 0.3019608 0.3019608 1 0.7294118 0.7294118 0.7294118 1 0.7137255 0.7137255 0.7137255 1 0.3019608 0.3019608 0.3019608 1 0.3019608 0.3019608 0.3019608 1 0.7137255 0.7137255 0.7137255 1 0.1411765 0.1411765 0.1411765 1 0.3019608 0.3019608 0.3019608 1 0.3019608 0.3019608 0.3019608 1 0 0 0 1 0.6156863 0.6156863 0.6156863 1 0 0 0 1 1 1 1 1 0.6156863 0.6156863 0.6156863 1 0 0 0 1 0 0 0 1 1 1 1 1 0 0 0 1 1 1 1 1 1 1 1 1 0 0 0 1 0 0 0 1 1 1 1 1 0 0 0 1 0.7882353 0.7882353 0.7882353 1 1 1 1 1 0 0 0 1 0 0 0 1 0.7882353 0.7882353 0.7882353 1 0 0 0 1 0.6156863 0.6156863 0.6156863 1 0.7882353 0.7882353 0.7882353 1 0 0 0 1 0.2039216 0.2039216 0.2039216 1 0.9019608 0.9019608 0.9019608 1 0.2 0.2 0.2 1 0.9019608 0.9019608 0.9019608 1 0.9019608 0.9019608 0.9019608 1 0.2039216 0.2039216 0.2039216 1 0.2 0.2 0.2 1 0.9019608 0.9019608 0.9019608 1 0.2039216 0.2039216 0.2039216 1 0.9019608 0.9019608 0.9019608 1 0.9019608 0.9019608 0.9019608 1 0.2 0.2 0.2 1 0.2 0.2 0.2 1 0.9019608 0.9019608 0.9019608 1 0.2 0.2 0.2 1 0.2980392 0.2980392 0.2980392 1 0.9019608 0.9019608 0.9019608 1 0.2 0.2 0.2 1 0.2 0.2 0.2 1 0.2980392 0.2980392 0.2980392 1 0.2 0.2 0.2 1 0.9019608 0.9019608 0.9019608 1 0.2980392 0.2980392 0.2980392 1 0.2 0.2 0.2 1 0 0 0 1 0.6 0.6 0.6 1 0 0 0 1 0.7882353 0.7882353 0.7882353 1 0.6 0.6 0.6 1 0 0 0 1 0 0 0 1 0.7882353 0.7882353 0.7882353 1 0 0 0 1 1 1 1 1 0.7882353 0.7882353 0.7882353 1 0 0 0 1 0 0 0 1 1 1 1 1 0 0 0 1 1 1 1 1 1 1 1 1 0 0 0 1 0 0 0 1 1 1 1 1 0 0 0 1 0.6 0.6 0.6 1 1 1 1 1 0 0 0 1 0.8862745 0.8862745 0.8862745 1 0.4039216 0.4039216 0.4039216 1 0 0 0 1 0.6 0.6 0.6 1 0.4039216 0.4039216 0.4039216 1 0.8862745 0.8862745 0.8862745 1 0.972549 0.972549 0.972549 1 0.6 0.6 0.6 1 0.8862745 0.8862745 0.8862745 1 0.9960784 0.9960784 0.9960784 1 0.6 0.6 0.6 1 0.972549 0.972549 0.972549 1 1 1 1 1 0.9960784 0.9960784 0.9960784 1 0.972549 0.972549 0.972549 1 0.9960784 0.9960784 0.9960784 1 0.9960784 0.9960784 0.9960784 1 1 1 1 1 0.9960784 0.9960784 0.9960784 1 0.9960784 0.9960784 0.9960784 1 1 1 1 1 0.9882353 0.9882353 0.9882353 1 0.9960784 0.9960784 0.9960784 1 0.9960784 0.9960784 0.9960784 1 0.7490196 0.7490196 0.7490196 1 0.6980392 0.6980392 0.6980392 1 0.6980392 0.6980392 0.6980392 1 0.6980392 0.6980392 0.6980392 1 0.6980392 0.6980392 0.6980392 1 0.7490196 0.7490196 0.7490196 1 0.7764706 0.7764706 0.7764706 1 0.6980392 0.6980392 0.6980392 1 0.7490196 0.7490196 0.7490196 1 0.6980392 0.6980392 0.6980392 1 0.6980392 0.6980392 0.6980392 1 0.7764706 0.7764706 0.7764706 1 0.8 0.8 0.8 1 0.6980392 0.6980392 0.6980392 1 0.7764706 0.7764706 0.7764706 1 0.6980392 0.6980392 0.6980392 1 0.6980392 0.6980392 0.6980392 1 0.8 0.8 0.8 1 0.9137255 0.9137255 0.9137255 1 0.6980392 0.6980392 0.6980392 1 0.8 0.8 0.8 1 0.6 0.6 0.6 1 0.6 0.6 0.6 1 0.6 0.6 0.6 1 0.8980392 0.8980392 0.8980392 1 0.6 0.6 0.6 1 0.6 0.6 0.6 1 0.8980392 0.8980392 0.8980392 1 0.8980392 0.8980392 0.8980392 1 0.6 0.6 0.6 1 0.8980392 0.8980392 0.8980392 1 0.8980392 0.8980392 0.8980392 1 0.8980392 0.8980392 0.8980392 1 0.6 0.6 0.6 1 0.8980392 0.8980392 0.8980392 1 0.8980392 0.8980392 0.8980392 1 0.6 0.6 0.6 1 0.8980392 0.8980392 0.8980392 1 0.6 0.6 0.6 1 0.6 0.6 0.6 1 0.6 0.6 0.6 1 0.6 0.6 0.6 1 0.6 0.6 0.6 1 0.6 0.6 0.6 1 0.6 0.6 0.6 1 0.6 0.6 0.6 1 0.6 0.6 0.6 1 0.6 0.6 0.6 1 0.8980392 0.8980392 0.8980392 1 0.6 0.6 0.6 1 0.6 0.6 0.6 1 0.6 0.6 0.6 1 0.6 0.6 0.6 1 0.8980392 0.8980392 0.8980392 1 0.8980392 0.8980392 0.8980392 1 0.6 0.6 0.6 1 0.8980392 0.8980392 0.8980392 1 0.6 0.6 0.6 1 0.6 0.6 0.6 1 0.8980392 0.8980392 0.8980392 1 0.6 0.6 0.6 1 0.6 0.6 0.6 1 0.8980392 0.8980392 0.8980392 1 0.6666667 0.6666667 0.6666667 1 0.3019608 0.3019608 0.3019608 1 0 0 0 1 1 1 1 1 0.3019608 0.3019608 0.3019608 1 0.6666667 0.6666667 0.6666667 1 1 1 1 1 1 1 1 1 0.6666667 0.6666667 0.6666667 1 1 1 1 1 1 1 1 1 1 1 1 1 0.8470588 0.8470588 0.8470588 1 1 1 1 1 1 1 1 1 0.4470588 0.4470588 0.4470588 1 1 1 1 1 0.8470588 0.8470588 0.8470588 1 0.3019608 0.3019608 0.3019608 1 0.4470588 0.4470588 0.4470588 1 0.8470588 0.8470588 0.8470588 1 0.5960785 0.5960785 0.5960785 1 0.8980392 0.8980392 0.8980392 1 0.8980392 0.8980392 0.8980392 1 0.8980392 0.8980392 0.8980392 1 0.8980392 0.8980392 0.8980392 1 0.5960785 0.5960785 0.5960785 1 0.6235294 0.6235294 0.6235294 1 0.8980392 0.8980392 0.8980392 1 0.5960785 0.5960785 0.5960785 1 0.8980392 0.8980392 0.8980392 1 0.8980392 0.8980392 0.8980392 1 0.6235294 0.6235294 0.6235294 1 0.5490196 0.5490196 0.5490196 1 0.8980392 0.8980392 0.8980392 1 0.6235294 0.6235294 0.6235294 1 0.8980392 0.8980392 0.8980392 1 0.8980392 0.8980392 0.8980392 1 0.5490196 0.5490196 0.5490196 1 0.8980392 0.8980392 0.8980392 1 0.8980392 0.8980392 0.8980392 1 0.5490196 0.5490196 0.5490196 1 0.8 0.8 0.8 1 0.6980392 0.6980392 0.6980392 1 0.9137255 0.9137255 0.9137255 1 0.6980392 0.6980392 0.6980392 1 0.6980392 0.6980392 0.6980392 1 0.8 0.8 0.8 1 0.7764706 0.7764706 0.7764706 1 0.6980392 0.6980392 0.6980392 1 0.8 0.8 0.8 1 0.6980392 0.6980392 0.6980392 1 0.6980392 0.6980392 0.6980392 1 0.7764706 0.7764706 0.7764706 1 0.7490196 0.7490196 0.7490196 1 0.6980392 0.6980392 0.6980392 1 0.7764706 0.7764706 0.7764706 1 0.6980392 0.6980392 0.6980392 1 0.6980392 0.6980392 0.6980392 1 0.7490196 0.7490196 0.7490196 1 0.6980392 0.6980392 0.6980392 1 0.6980392 0.6980392 0.6980392 1 0.7490196 0.7490196 0.7490196 1 0 0 0 1 0.8980392 0.8980392 0.8980392 1 0 0 0 1 0.1921569 0.1921569 0.1921569 1 0.8980392 0.8980392 0.8980392 1 0 0 0 1 0 0 0 1 0.1921569 0.1921569 0.1921569 1 0 0 0 1 0.8 0.8 0.8 1 0.1921569 0.1921569 0.1921569 1 0 0 0 1 0 0 0 1 0.8 0.8 0.8 1 0 0 0 1 0.8980392 0.8980392 0.8980392 1 0.8 0.8 0.8 1 0 0 0 1 0.7647059 0.7647059 0.7647059 1 0.4 0.4 0.4 1 0.3019608 0.3019608 0.3019608 1 0.8980392 0.8980392 0.8980392 1 0.4 0.4 0.4 1 0.7647059 0.7647059 0.7647059 1 0.6 0.6 0.6 1 0.8980392 0.8980392 0.8980392 1 0.7647059 0.7647059 0.7647059 1 0.5960785 0.5960785 0.5960785 1 0.8980392 0.8980392 0.8980392 1 0.6 0.6 0.6 1 0.1019608 0.1019608 0.1019608 1 0.5960785 0.5960785 0.5960785 1 0.6 0.6 0.6 1 0.1019608 0.1019608 0.1019608 1 0.5960785 0.5960785 0.5960785 1 0.1019608 0.1019608 0.1019608 1 0.01960784 0.01960784 0.01960784 1 0.3019608 0.3019608 0.3019608 1 0.1411765 0.1411765 0.1411765 1 0.09019607 0.09019607 0.09019607 1 0.3019608 0.3019608 0.3019608 1 0.01960784 0.01960784 0.01960784 1 0.3019608 0.3019608 0.3019608 1 0.09019607 0.09019607 0.09019607 1 0.01960784 0.01960784 0.01960784 1 0.7215687 0.7215687 0.7215687 1 0.09019607 0.09019607 0.09019607 1 0.3019608 0.3019608 0.3019608 1 0.7215687 0.7215687 0.7215687 1 0.7215687 0.7215687 0.7215687 1 0.3019608 0.3019608 0.3019608 1 0.8 0.8 0.8 1 0.7215687 0.7215687 0.7215687 1 0.7215687 0.7215687 0.7215687 1 0.6 0.6 0.6 1 0.7019608 0.7019608 0.7019608 1 0.6901961 0.6901961 0.6901961 1 0.7215687 0.7215687 0.7215687 1 0.7019608 0.7019608 0.7019608 1 0.6 0.6 0.6 1 0.7450981 0.7450981 0.7450981 1 0.7215687 0.7215687 0.7215687 1 0.6 0.6 0.6 1 0.5019608 0.5019608 0.5019608 1 0.7215687 0.7215687 0.7215687 1 0.7450981 0.7450981 0.7450981 1 0.4862745 0.4862745 0.4862745 1 0.5019608 0.5019608 0.5019608 1 0.7450981 0.7450981 0.7450981 1 0.3803921 0.3803921 0.3803921 1 0.5019608 0.5019608 0.5019608 1 0.4862745 0.4862745 0.4862745 1 0.8980392 0.8980392 0.8980392 1 0.1960784 0.1960784 0.1960784 1 0.4196078 0.4196078 0.4196078 1 0.6588236 0.6588236 0.6588236 1 0.1960784 0.1960784 0.1960784 1 0.8980392 0.8980392 0.8980392 1 1 1 1 1 0.6588236 0.6588236 0.6588236 1 0.8980392 0.8980392 0.8980392 1 0.7254902 0.7254902 0.7254902 1 0.6588236 0.6588236 0.6588236 1 1 1 1 1 1 1 1 1 0.7254902 0.7254902 0.7254902 1 1 1 1 1 0.6901961 0.6901961 0.6901961 1 0.7254902 0.7254902 0.7254902 1 1 1 1 1 0.8 0.8 0.8 1 0.8 0.8 0.8 1 0.6 0.6 0.6 1 1 1 1 1 0.8 0.8 0.8 1 0.8 0.8 0.8 1 1 1 1 1 1 1 1 1 0.8 0.8 0.8 1 1 1 1 1 1 1 1 1 1 1 1 1 0.8 0.8 0.8 1 1 1 1 1 1 1 1 1 0.8 0.8 0.8 1 1 1 1 1 0.8 0.8 0.8 1 0.8509804 0.8509804 0.8509804 1 0.4470588 0.4470588 0.4470588 1 0.3019608 0.3019608 0.3019608 1 1 1 1 1 0.4470588 0.4470588 0.4470588 1 0.8509804 0.8509804 0.8509804 1 1 1 1 1 1 1 1 1 0.8509804 0.8509804 0.8509804 1 1 1 1 1 1 1 1 1 1 1 1 1 0.6627451 0.6627451 0.6627451 1 1 1 1 1 1 1 1 1 0.3058823 0.3058823 0.3058823 1 1 1 1 1 0.6627451 0.6627451 0.6627451 1 0.2196078 0.2196078 0.2196078 1 0.1294118 0.1294118 0.1294118 1 0.2509804 0.2509804 0.2509804 1 0.05098038 0.05098038 0.05098038 1 0.1294118 0.1294118 0.1294118 1 0.2196078 0.2196078 0.2196078 1 0.4313725 0.4313725 0.4313725 1 0.05098038 0.05098038 0.05098038 1 0.2196078 0.2196078 0.2196078 1 0.1215686 0.1215686 0.1215686 1 0.05098038 0.05098038 0.05098038 1 0.4313725 0.4313725 0.4313725 1 0.2745098 0.2745098 0.2745098 1 0.1215686 0.1215686 0.1215686 1 0.4313725 0.4313725 0.4313725 1 0.1568627 0.1568627 0.1568627 1 0.1215686 0.1215686 0.1215686 1 0.2745098 0.2745098 0.2745098 1 0 0 0 1 0.7137255 0.7137255 0.7137255 1 0 0 0 1 0.7176471 0.7176471 0.7176471 1 0.7137255 0.7137255 0.7137255 1 0 0 0 1 0 0 0 1 0.7176471 0.7176471 0.7176471 1 0 0 0 1 0.4509804 0.4509804 0.4509804 1 0.7176471 0.7176471 0.7176471 1 0 0 0 1 0 0 0 1 0.4509804 0.4509804 0.4509804 1 0 0 0 1 0.4549019 0.4549019 0.4549019 1 0.4509804 0.4509804 0.4509804 1 0 0 0 1 1 1 1 1 1 1 1 1 1 1 1 1 1 1 1 1 1 1 1 1 1 1 1 1 1 1 1 1 1 1 1 1 1 1 1 1 1 1 1 1 1 1 1 1 1 1 1 1 1 1 1 1 1 1 1 1 1 1 1 1 1 1 1 1 1 1 1 1 1 1 1 1 1 1 1 1 1 1 1 1 1 1 1 1 1 1 1 1 1 1 1 1 1 1 1 1 1 1 1 1 1 1 1 1 1 1 1 1 1 1 1 1 1 1 1 1 1 1 1 1 1 1 1 1 1 1 1 1 1 1 1 1 1 1 1 1 1 1 1 1 1 1 1 1 0.4980392 0.4980392 0.4980392 1 0.9411765 0.9411765 0.9411765 1 1 1 1 1 0.5019608 0.5019608 0.5019608 1 0.9411765 0.9411765 0.9411765 1 0.4980392 0.4980392 0.4980392 1 0.3019608 0.3019608 0.3019608 1 0.5019608 0.5019608 0.5019608 1 0.4980392 0.4980392 0.4980392 1 0.2 0.2 0.2 1 0.5019608 0.5019608 0.5019608 1 0.3019608 0.3019608 0.3019608 1 0.1176471 0.1176471 0.1176471 1 0.2 0.2 0.2 1 0.3019608 0.3019608 0.3019608 1 0.4 0.4 0.4 1 0.2 0.2 0.2 1 0.1176471 0.1176471 0.1176471 1 1 1 1 1 0.8 0.8 0.8 1 0.8 0.8 0.8 1 1 1 1 1 0.8 0.8 0.8 1 1 1 1 1 1 1 1 1 1 1 1 1 1 1 1 1 1 1 1 1 1 1 1 1 1 1 1 1 0.8 0.8 0.8 1 1 1 1 1 1 1 1 1 0.8 0.8 0.8 1 1 1 1 1 0.8 0.8 0.8 1 0 0 0 1 0 0 0 1 0.01960784 0.01960784 0.01960784 1 0 0 0 1 0 0 0 1 0 0 0 1 0 0 0 1 0 0 0 1 0 0 0 1 0.3294118 0.3294118 0.3294118 1 0 0 0 1 0 0 0 1 0.2705882 0.2705882 0.2705882 1 0.3294118 0.3294118 0.3294118 1 0 0 0 1 0.02745097 0.02745097 0.02745097 1 0.3294118 0.3294118 0.3294118 1 0.2705882 0.2705882 0.2705882 1 1 1 1 1 1 1 1 1 1 1 1 1 1 1 1 1 1 1 1 1 1 1 1 1 1 1 1 1 1 1 1 1 1 1 1 1 1 1 1 1 1 1 1 1 1 1 1 1 1 1 1 1 1 1 1 1 1 1 1 1 1 1 1 1 1 1 1 1 1 1 1 1 0.3019608 0.3019608 0.3019608 1 0 0 0 1 0 0 0 1 1 1 1 1 0 0 0 1 0.3019608 0.3019608 0.3019608 1 0.5019608 0.5019608 0.5019608 1 1 1 1 1 0.3019608 0.3019608 0.3019608 1 0.8980392 0.8980392 0.8980392 1 1 1 1 1 0.5019608 0.5019608 0.5019608 1 0.4 0.4 0.4 1 0.8980392 0.8980392 0.8980392 1 0.5019608 0.5019608 0.5019608 1 0.4 0.4 0.4 1 0.8980392 0.8980392 0.8980392 1 0.4 0.4 0.4 1 0.2 0.2 0.2 1 0.9019608 0.9019608 0.9019608 1 0.2039216 0.2039216 0.2039216 1 0.3019608 0.3019608 0.3019608 1 0.9019608 0.9019608 0.9019608 1 0.2 0.2 0.2 1 0.2 0.2 0.2 1 0.3019608 0.3019608 0.3019608 1 0.2 0.2 0.2 1 0.9019608 0.9019608 0.9019608 1 0.3019608 0.3019608 0.3019608 1 0.2 0.2 0.2 1 0.2 0.2 0.2 1 0.9019608 0.9019608 0.9019608 1 0.2 0.2 0.2 1 0.9019608 0.9019608 0.9019608 1 0.9019608 0.9019608 0.9019608 1 0.2 0.2 0.2 1 0 0 0 1 0.8980392 0.8980392 0.8980392 1 0 0 0 1 0.8 0.8 0.8 1 0.8980392 0.8980392 0.8980392 1 0 0 0 1 0 0 0 1 0.8 0.8 0.8 1 0 0 0 1 0.1921569 0.1921569 0.1921569 1 0.8 0.8 0.8 1 0 0 0 1 0 0 0 1 0.1921569 0.1921569 0.1921569 1 0 0 0 1 0.8980392 0.8980392 0.8980392 1 0.1921569 0.1921569 0.1921569 1 0 0 0 1 0.1019608 0.1019608 0.1019608 1 0.5843138 0.5843138 0.5843138 1 0.1019608 0.1019608 0.1019608 1 0.5490196 0.5490196 0.5490196 1 0.5843138 0.5843138 0.5843138 1 0.1019608 0.1019608 0.1019608 1 0.1019608 0.1019608 0.1019608 1 0.5490196 0.5490196 0.5490196 1 0.1019608 0.1019608 0.1019608 1 0.5921569 0.5921569 0.5921569 1 0.5490196 0.5490196 0.5490196 1 0.1019608 0.1019608 0.1019608 1 0.1019608 0.1019608 0.1019608 1 0.5921569 0.5921569 0.5921569 1 0.1019608 0.1019608 0.1019608 1 0.1019608 0.1019608 0.1019608 1 0.5921569 0.5921569 0.5921569 1 0.1019608 0.1019608 0.1019608 1 1 1 1 1 1 1 1 1 1 1 1 1 1 1 1 1 1 1 1 1 1 1 1 1 1 1 1 1 1 1 1 1 1 1 1 1 1 1 1 1 1 1 1 1 1 1 1 1 1 1 1 1 1 1 1 1 1 1 1 1 1 1 1 1 1 1 1 1 1 1 1 1 0.6 0.6 0.6 1 0.4 0.4 0.4 1 0.1019608 0.1019608 0.1019608 1 0.5019608 0.5019608 0.5019608 1 0.4 0.4 0.4 1 0.6 0.6 0.6 1 0.7647059 0.7647059 0.7647059 1 0.5019608 0.5019608 0.5019608 1 0.6 0.6 0.6 1 0.6 0.6 0.6 1 0.5019608 0.5019608 0.5019608 1 0.7647059 0.7647059 0.7647059 1 0.3019608 0.3019608 0.3019608 1 0.6 0.6 0.6 1 0.7647059 0.7647059 0.7647059 1 0.3019608 0.3019608 0.3019608 1 0.6 0.6 0.6 1 0.3019608 0.3019608 0.3019608 1 0.5019608 0.5019608 0.5019608 1 0.5019608 0.5019608 0.5019608 1 0.5019608 0.5019608 0.5019608 1 0.5019608 0.5019608 0.5019608 1 0.5019608 0.5019608 0.5019608 1 0.5019608 0.5019608 0.5019608 1 0.5019608 0.5019608 0.5019608 1 0.5019608 0.5019608 0.5019608 1 0.5019608 0.5019608 0.5019608 1 0.5019608 0.5019608 0.5019608 1 0.5019608 0.5019608 0.5019608 1 0.5019608 0.5019608 0.5019608 1 0.6 0.6 0.6 1 0 0 0 1 0.5490196 0.5490196 0.5490196 1 0 0 0 1 0 0 0 1 0.6 0.6 0.6 1 0.6 0.6 0.6 1 0 0 0 1 0.6 0.6 0.6 1 0 0 0 1 0 0 0 1 0.6 0.6 0.6 1 0 0 0 1 0 0 0 1 0.6 0.6 0.6 1 0.6 0.6 0.6 1 0.2 0.2 0.2 1 0.2 0.2 0.2 1 0.6 0.6 0.6 1 0.2 0.2 0.2 1 0.6 0.6 0.6 1 0.6 0.6 0.6 1 0.6 0.6 0.6 1 0.6 0.6 0.6 1 0.6 0.6 0.6 1 0.6 0.6 0.6 1 0.6 0.6 0.6 1 0.6 0.6 0.6 1 0.6 0.6 0.6 1 0.6 0.6 0.6 1 0.7019608 0.7019608 0.7019608 1 0.6196079 0.6196079 0.6196079 1 0.4470588 0.4470588 0.4470588 1 0.8980392 0.8980392 0.8980392 1 0.6196079 0.6196079 0.6196079 1 0.7019608 0.7019608 0.7019608 1 0.7098039 0.7098039 0.7098039 1 0.8980392 0.8980392 0.8980392 1 0.7019608 0.7019608 0.7019608 1 1 1 1 1 0.8980392 0.8980392 0.8980392 1 0.7098039 0.7098039 0.7098039 1 1 1 1 1 1 1 1 1 0.7098039 0.7098039 0.7098039 1 1 1 1 1 0.8 0.8 0.8 1 0.8 0.8 0.8 1 1 1 1 1 0.8 0.8 0.8 1 1 1 1 1 1 1 1 1 1 1 1 1 1 1 1 1 1 1 1 1 1 1 1 1 1 1 1 1 0.8 0.8 0.8 1 1 1 1 1 1 1 1 1 0.8745098 0.8745098 0.8745098 1 0.9686275 0.9686275 0.9686275 1 0.9529412 0.9529412 0.9529412 1 0.9176471 0.9176471 0.9176471 1 0.9686275 0.9686275 0.9686275 1 0.8745098 0.8745098 0.8745098 1 0.8352941 0.8352941 0.8352941 1 0.9176471 0.9176471 0.9176471 1 0.8745098 0.8745098 0.8745098 1 0.8862745 0.8862745 0.8862745 1 0.9176471 0.9176471 0.9176471 1 0.8352941 0.8352941 0.8352941 1 0.7411765 0.7411765 0.7411765 1 0.8862745 0.8862745 0.8862745 1 0.8352941 0.8352941 0.8352941 1 1 1 1 1 0.7215687 0.7215687 0.7215687 1 0.8 0.8 0.8 1 0.6980392 0.6980392 0.6980392 1 0.7215687 0.7215687 0.7215687 1 1 1 1 1 0.7294118 0.7294118 0.7294118 1 0.6980392 0.6980392 0.6980392 1 1 1 1 1 0.09019607 0.09019607 0.09019607 1 0.6980392 0.6980392 0.6980392 1 0.7294118 0.7294118 0.7294118 1 0.3019608 0.3019608 0.3019608 1 0.09019607 0.09019607 0.09019607 1 0.7294118 0.7294118 0.7294118 1 0.3019608 0.3019608 0.3019608 1 0.3019608 0.3019608 0.3019608 1 0.7215687 0.7215687 0.7215687 1 0.1411765 0.1411765 0.1411765 1 0.3019608 0.3019608 0.3019608 1 0.3019608 0.3019608 0.3019608 1 0.01960784 0.01960784 0.01960784 1 0.1411765 0.1411765 0.1411765 1 0.3019608 0.3019608 0.3019608 1 0.4 0.4 0.4 1 0.1411765 0.1411765 0.1411765 1 0.01960784 0.01960784 0.01960784 1 0.1411765 0.1411765 0.1411765 1 0.4 0.4 0.4 1 0.01960784 0.01960784 0.01960784 1 0.7490196 0.7490196 0.7490196 1 0.5019608 0.5019608 0.5019608 1 0.4823529 0.4823529 0.4823529 1 0.7215687 0.7215687 0.7215687 1 0.5019608 0.5019608 0.5019608 1 0.7490196 0.7490196 0.7490196 1 0.6 0.6 0.6 1 0.7215687 0.7215687 0.7215687 1 0.7490196 0.7490196 0.7490196 1 0.7019608 0.7019608 0.7019608 1 0.7215687 0.7215687 0.7215687 1 0.6 0.6 0.6 1 0.6901961 0.6901961 0.6901961 1 0.7019608 0.7019608 0.7019608 1 0.6 0.6 0.6 1 0.6 0.6 0.6 1 0.8627451 0.8627451 0.8627451 1 0.8980392 0.8980392 0.8980392 1 0.827451 0.827451 0.827451 1 0.8627451 0.8627451 0.8627451 1 0.6 0.6 0.6 1 0.7176471 0.7176471 0.7176471 1 0.827451 0.827451 0.827451 1 0.6 0.6 0.6 1 0.8941177 0.8941177 0.8941177 1 0.827451 0.827451 0.827451 1 0.7176471 0.7176471 0.7176471 1 0.8666667 0.8666667 0.8666667 1 0.8941177 0.8941177 0.8941177 1 0.7176471 0.7176471 0.7176471 1 0.8 0.8 0.8 1 0.8 0.8 0.8 1 0.8 0.8 0.8 1 0.6980392 0.6980392 0.6980392 1 0.8 0.8 0.8 1 0.8 0.8 0.8 1 0.7215687 0.7215687 0.7215687 1 0.6980392 0.6980392 0.6980392 1 0.8 0.8 0.8 1 0.7490196 0.7490196 0.7490196 1 0.6980392 0.6980392 0.6980392 1 0.7215687 0.7215687 0.7215687 1 0.3019608 0.3019608 0.3019608 1 0.7490196 0.7490196 0.7490196 1 0.7215687 0.7215687 0.7215687 1 0 0 0 1 0.5019608 0.5019608 0.5019608 1 0 0 0 1 0.6 0.6 0.6 1 0.5019608 0.5019608 0.5019608 1 0 0 0 1 0 0 0 1 0.6 0.6 0.6 1 0 0 0 1 0.6 0.6 0.6 1 0.6 0.6 0.6 1 0 0 0 1 0.4666666 0.4666666 0.4666666 1 0.6 0.6 0.6 1 0 0 0 1 0.5921569 0.5921569 0.5921569 1 0.8980392 0.8980392 0.8980392 1 0.5490196 0.5490196 0.5490196 1 0.8980392 0.8980392 0.8980392 1 0.8980392 0.8980392 0.8980392 1 0.5921569 0.5921569 0.5921569 1 0.6078432 0.6078432 0.6078432 1 0.8980392 0.8980392 0.8980392 1 0.5921569 0.5921569 0.5921569 1 0.8980392 0.8980392 0.8980392 1 0.8980392 0.8980392 0.8980392 1 0.6078432 0.6078432 0.6078432 1 0.8980392 0.8980392 0.8980392 1 0.8980392 0.8980392 0.8980392 1 0.6078432 0.6078432 0.6078432 1 0.1294118 0.1294118 0.1294118 1 0.5019608 0.5019608 0.5019608 1 0 0 0 1 0.3019608 0.3019608 0.3019608 1 0.5019608 0.5019608 0.5019608 1 0.1294118 0.1294118 0.1294118 1 0 0 0 1 0.3019608 0.3019608 0.3019608 1 0.1294118 0.1294118 0.1294118 1 0 0 0 1 0.3019608 0.3019608 0.3019608 1 0 0 0 1 0.9960784 0.9960784 0.9960784 1 0.9960784 0.9960784 0.9960784 1 0.9764706 0.9764706 0.9764706 1 0.9921569 0.9921569 0.9921569 1 0.9960784 0.9960784 0.9960784 1 0.9960784 0.9960784 0.9960784 1 1 1 1 1 0.9921569 0.9921569 0.9921569 1 0.9960784 0.9960784 0.9960784 1 0.9686275 0.9686275 0.9686275 1 0.9921569 0.9921569 0.9921569 1 1 1 1 1 0.8901961 0.8901961 0.8901961 1 0 0 0 1 0 0 0 1 0.6 0.6 0.6 1 0 0 0 1 0.8901961 0.8901961 0.8901961 1 0.8627451 0.8627451 0.8627451 1 0.6 0.6 0.6 1 0.8901961 0.8901961 0.8901961 1 0.8313726 0.8313726 0.8313726 1 0.6 0.6 0.6 1 0.8627451 0.8627451 0.8627451 1 0 0 0 1 0.8901961 0.8901961 0.8901961 1 0 0 0 1 0.6980392 0.6980392 0.6980392 1 0.8901961 0.8901961 0.8901961 1 0 0 0 1 0.317647 0.317647 0.317647 1 0.6980392 0.6980392 0.6980392 1 0 0 0 1 0 0 0 1 0.6980392 0.6980392 0.6980392 1 0.317647 0.317647 0.317647 1 0.6980392 0.6980392 0.6980392 1 0.6980392 0.6980392 0.6980392 1 0.6980392 0.6980392 0.6980392 1 0.6980392 0.6980392 0.6980392 1 0.6980392 0.6980392 0.6980392 1 0.6980392 0.6980392 0.6980392 1 0.6980392 0.6980392 0.6980392 1 0.6980392 0.6980392 0.6980392 1 0.6980392 0.6980392 0.6980392 1 0.6980392 0.6980392 0.6980392 1 0.6980392 0.6980392 0.6980392 1 0.6980392 0.6980392 0.6980392 1 0.5921569 0.5921569 0.5921569 1 0.8980392 0.8980392 0.8980392 1 0.5490196 0.5490196 0.5490196 1 0.8784314 0.8784314 0.8784314 1 0.8980392 0.8980392 0.8980392 1 0.5921569 0.5921569 0.5921569 1 0.6313726 0.6313726 0.6313726 1 0.8784314 0.8784314 0.8784314 1 0.5921569 0.5921569 0.5921569 1 0.7019608 0.7019608 0.7019608 1 0.8784314 0.8784314 0.8784314 1 0.6313726 0.6313726 0.6313726 1 1 1 1 1 1 1 1 1 1 1 1 1 1 1 1 1 1 1 1 1 1 1 1 1 1 1 1 1 1 1 1 1 1 1 1 1 1 1 1 1 1 1 1 1 1 1 1 1 0.2235294 0.2235294 0.2235294 1 0.4431372 0.4431372 0.4431372 1 0.4901961 0.4901961 0.4901961 1 0.4392157 0.4392157 0.4392157 1 0.4431372 0.4431372 0.4431372 1 0.2235294 0.2235294 0.2235294 1 0.04705882 0.04705882 0.04705882 1 0.4392157 0.4392157 0.4392157 1 0.2235294 0.2235294 0.2235294 1 0.1254902 0.1254902 0.1254902 1 0.4392157 0.4392157 0.4392157 1 0.04705882 0.04705882 0.04705882 1 0.5019608 0.5019608 0.5019608 1 0.1647059 0.1647059 0.1647059 1 0 0 0 1 0.1137255 0.1137255 0.1137255 1 0.1647059 0.1647059 0.1647059 1 0.5019608 0.5019608 0.5019608 1 0.2705882 0.2705882 0.2705882 1 0.1137255 0.1137255 0.1137255 1 0.5019608 0.5019608 0.5019608 1 0 0 0 1 0.1137255 0.1137255 0.1137255 1 0.2705882 0.2705882 0.2705882 1 0.3098039 0.3098039 0.3098039 1 0.4392157 0.4392157 0.4392157 1 0 0 0 1 0.509804 0.509804 0.509804 1 0.4392157 0.4392157 0.4392157 1 0.3098039 0.3098039 0.3098039 1 0.3764706 0.3764706 0.3764706 1 0.509804 0.509804 0.509804 1 0.3098039 0.3098039 0.3098039 1 0 0 0 1 0.509804 0.509804 0.509804 1 0.3764706 0.3764706 0.3764706 1 0.6 0.6 0.6 1 0.6313726 0.6313726 0.6313726 1 0.6980392 0.6980392 0.6980392 1 0.317647 0.317647 0.317647 1 0.6313726 0.6313726 0.6313726 1 0.6 0.6 0.6 1 0 0 0 1 0.317647 0.317647 0.317647 1 0.6 0.6 0.6 1 0 0 0 1 0.317647 0.317647 0.317647 1 0 0 0 1 0.682353 0.682353 0.682353 1 0.8 0.8 0.8 1 0.8980392 0.8980392 0.8980392 1 0.3254902 0.3254902 0.3254902 1 0.8 0.8 0.8 1 0.682353 0.682353 0.682353 1 0.5254902 0.5254902 0.5254902 1 0.3254902 0.3254902 0.3254902 1 0.682353 0.682353 0.682353 1 0.07843136 0.07843136 0.07843136 1 0.3254902 0.3254902 0.3254902 1 0.5254902 0.5254902 0.5254902 1 0.1294118 0.1294118 0.1294118 1 0.3019608 0.3019608 0.3019608 1 0 0 0 1 0.5019608 0.5019608 0.5019608 1 0.3019608 0.3019608 0.3019608 1 0.1294118 0.1294118 0.1294118 1 0 0 0 1 0.5019608 0.5019608 0.5019608 1 0.1294118 0.1294118 0.1294118 1 0.4 0.4 0.4 1 0.5019608 0.5019608 0.5019608 1 0 0 0 1 0.6980392 0.6980392 0.6980392 1 0.9607843 0.9607843 0.9607843 1 0.5019608 0.5019608 0.5019608 1 0.7490196 0.7490196 0.7490196 1 0.9607843 0.9607843 0.9607843 1 0.6980392 0.6980392 0.6980392 1 0.6980392 0.6980392 0.6980392 1 0.7490196 0.7490196 0.7490196 1 0.6980392 0.6980392 0.6980392 1 0.6980392 0.6980392 0.6980392 1 0.7490196 0.7490196 0.7490196 1 0.6980392 0.6980392 0.6980392 1 0.9176471 0.9176471 0.9176471 1 0.5764706 0.5764706 0.5764706 1 0.8078432 0.8078432 0.8078432 1 1 1 1 1 0.5764706 0.5764706 0.5764706 1 0.9176471 0.9176471 0.9176471 1 0.8980392 0.8980392 0.8980392 1 1 1 1 1 0.9176471 0.9176471 0.9176471 1 0.6039216 0.6039216 0.6039216 1 1 1 1 1 0.8980392 0.8980392 0.8980392 1 0.8980392 0.8980392 0.8980392 1 0.6 0.6 0.6 1 0.6 0.6 0.6 1 0.8980392 0.8980392 0.8980392 1 0.6 0.6 0.6 1 0.8980392 0.8980392 0.8980392 1 0.8980392 0.8980392 0.8980392 1 0.8980392 0.8980392 0.8980392 1 0.8980392 0.8980392 0.8980392 1 0.6 0.6 0.6 1 0.8980392 0.8980392 0.8980392 1 0.8980392 0.8980392 0.8980392 1 0.5372549 0.5372549 0.5372549 1 0.5019608 0.5019608 0.5019608 1 0.5921569 0.5921569 0.5921569 1 0.5019608 0.5019608 0.5019608 1 0.5019608 0.5019608 0.5019608 1 0.5372549 0.5372549 0.5372549 1 0.7019608 0.7019608 0.7019608 1 0.5019608 0.5019608 0.5019608 1 0.5372549 0.5372549 0.5372549 1 0.8666667 0.8666667 0.8666667 1 0.5019608 0.5019608 0.5019608 1 0.7019608 0.7019608 0.7019608 1 0.6980392 0.6980392 0.6980392 1 0.8 0.8 0.8 1 0.8 0.8 0.8 1 0.7137255 0.7137255 0.7137255 1 0.8 0.8 0.8 1 0.6980392 0.6980392 0.6980392 1 0.7490196 0.7490196 0.7490196 1 0.7137255 0.7137255 0.7137255 1 0.6980392 0.6980392 0.6980392 1 0.3019608 0.3019608 0.3019608 1 0.7137255 0.7137255 0.7137255 1 0.7490196 0.7490196 0.7490196 1 0.8980392 0.8980392 0.8980392 1 0.6 0.6 0.6 1 0.6 0.6 0.6 1 0.6 0.6 0.6 1 0.6 0.6 0.6 1 0.8980392 0.8980392 0.8980392 1 0.8980392 0.8980392 0.8980392 1 0.6 0.6 0.6 1 0.8980392 0.8980392 0.8980392 1 0.6 0.6 0.6 1 0.6 0.6 0.6 1 0.8980392 0.8980392 0.8980392 1 0.2196078 0.2196078 0.2196078 1 0.4078431 0.4078431 0.4078431 1 0.372549 0.372549 0.372549 1 0.5372549 0.5372549 0.5372549 1 0.4078431 0.4078431 0.4078431 1 0.2196078 0.2196078 0.2196078 1 0.4117647 0.4117647 0.4117647 1 0.5372549 0.5372549 0.5372549 1 0.2196078 0.2196078 0.2196078 1 0.5725491 0.5725491 0.5725491 1 0.5372549 0.5372549 0.5372549 1 0.4117647 0.4117647 0.4117647 1 0.5725491 0.5725491 0.5725491 1 0.9137255 0.9137255 0.9137255 1 0.8 0.8 0.8 1 1 1 1 1 0.9137255 0.9137255 0.9137255 1 0.5725491 0.5725491 0.5725491 1 0.654902 0.654902 0.654902 1 1 1 1 1 0.5725491 0.5725491 0.5725491 1 0.8941177 0.8941177 0.8941177 1 1 1 1 1 0.654902 0.654902 0.654902 1 0.5607843 0.5607843 0.5607843 1 1 1 1 1 0.4470588 0.4470588 0.4470588 1 1 1 1 1 1 1 1 1 0.5607843 0.5607843 0.5607843 1 0.4666666 0.4666666 0.4666666 1 1 1 1 1 0.5607843 0.5607843 0.5607843 1 0.3019608 0.3019608 0.3019608 1 1 1 1 1 0.4666666 0.4666666 0.4666666 1 0.3215686 0.3215686 0.3215686 1 0.5921569 0.5921569 0.5921569 1 0.8078432 0.8078432 0.8078432 1 0.5372549 0.5372549 0.5372549 1 0.5921569 0.5921569 0.5921569 1 0.3215686 0.3215686 0.3215686 1 0.2509804 0.2509804 0.2509804 1 0.5372549 0.5372549 0.5372549 1 0.3215686 0.3215686 0.3215686 1 0.7019608 0.7019608 0.7019608 1 0.5372549 0.5372549 0.5372549 1 0.2509804 0.2509804 0.2509804 1 0.4 0.4 0.4 1 0.8980392 0.8980392 0.8980392 1 0.4 0.4 0.4 1 0.5019608 0.5019608 0.5019608 1 0.8980392 0.8980392 0.8980392 1 0.4 0.4 0.4 1 0.4 0.4 0.4 1 0.5019608 0.5019608 0.5019608 1 0.4 0.4 0.4 1 0 0 0 1 0.5019608 0.5019608 0.5019608 1 0.4 0.4 0.4 1 0.1019608 0.1019608 0.1019608 1 0.6039216 0.6039216 0.6039216 1 0 0 0 1 0.5019608 0.5019608 0.5019608 1 0.6039216 0.6039216 0.6039216 1 0.1019608 0.1019608 0.1019608 1 0 0 0 1 0.5019608 0.5019608 0.5019608 1 0.1019608 0.1019608 0.1019608 1 0 0 0 1 0.5019608 0.5019608 0.5019608 1 0 0 0 1 0.2 0.2 0.2 1 0.3019608 0.3019608 0.3019608 1 0.2 0.2 0.2 1 0.4 0.4 0.4 1 0.3019608 0.3019608 0.3019608 1 0.2 0.2 0.2 1 0.2 0.2 0.2 1 0.4 0.4 0.4 1 0.2 0.2 0.2 1 0.4 0.4 0.4 1 0.4 0.4 0.4 1 0.2 0.2 0.2 1 0 0 0 1 0.3333333 0.3333333 0.3333333 1 0 0 0 1 0.2039216 0.2039216 0.2039216 1 0.3333333 0.3333333 0.3333333 1 0 0 0 1 0.345098 0.345098 0.345098 1 0.2039216 0.2039216 0.2039216 1 0 0 0 1 0.7058824 0.7058824 0.7058824 1 1 1 1 1 1 1 1 1 0.8980392 0.8980392 0.8980392 1 1 1 1 1 0.7058824 0.7058824 0.7058824 1 0.7098039 0.7098039 0.7098039 1 0.8980392 0.8980392 0.8980392 1 0.7058824 0.7058824 0.7058824 1 1 1 1 1 0.9019608 0.9019608 0.9019608 1 0.9019608 0.9019608 0.9019608 1 0.9019608 0.9019608 0.9019608 1 0.9019608 0.9019608 0.9019608 1 1 1 1 1 0.3019608 0.3019608 0.3019608 1 0.9019608 0.9019608 0.9019608 1 1 1 1 1 1 1 1 1 0.2980392 0.2980392 0.2980392 1 0.2980392 0.2980392 0.2980392 1 0.2980392 0.2980392 0.2980392 1 0.2980392 0.2980392 0.2980392 1 1 1 1 1 0.2980392 0.2980392 0.2980392 1 0.2980392 0.2980392 0.2980392 1 1 1 1 1 1 1 1 1 0.2980392 0.2980392 0.2980392 1 0.2980392 0.2980392 0.2980392 1 0.2980392 0.2980392 0.2980392 1 0.2980392 0.2980392 0.2980392 1 1 1 1 1 0.2980392 0.2980392 0.2980392 1 0.2980392 0.2980392 0.2980392 1 1 1 1 1 1 1 1 1 0.9019608 0.9019608 0.9019608 1 0.9019608 0.9019608 0.9019608 1 0.2980392 0.2980392 0.2980392 1 0.9019608 0.9019608 0.9019608 1 1 1 1 1 0.9019608 0.9019608 0.9019608 1 0.2980392 0.2980392 0.2980392 1 1 1 1 1 0 0 0 1 0.4823529 0.4823529 0.4823529 1 0.06274509 0.06274509 0.06274509 1 0.6392157 0.6392157 0.6392157 1 0.4823529 0.4823529 0.4823529 1 0 0 0 1 0.7215687 0.7215687 0.7215687 1 0.6392157 0.6392157 0.6392157 1 0 0 0 1 0.6 0.6 0.6 1 0.9215686 0.9215686 0.9215686 1 0.6 0.6 0.6 1 0.6431373 0.6431373 0.6431373 1 0.9215686 0.9215686 0.9215686 1 0.6 0.6 0.6 1 0.6 0.6 0.6 1 0.6431373 0.6431373 0.6431373 1 0.6 0.6 0.6 1 0.6 0.6 0.6 1 0.6 0.6 0.6 1 0.6 0.6 0.6 1 0.6 0.6 0.6 1 0.6 0.6 0.6 1 0.6 0.6 0.6 1 0.6 0.6 0.6 1 0.6 0.6 0.6 1 0.6 0.6 0.6 1 0 0 0 1 0.4 0.4 0.4 1 0.4 0.4 0.4 1 0.4 0.4 0.4 1 0.4 0.4 0.4 1 0 0 0 1 0.4 0.4 0.4 1 0.4 0.4 0.4 1 0 0 0 1 0.5372549 0.5372549 0.5372549 1 0.5803922 0.5803922 0.5803922 1 0.4078431 0.4078431 0.4078431 1 0.6862745 0.6862745 0.6862745 1 0.5803922 0.5803922 0.5803922 1 0.5372549 0.5372549 0.5372549 1 0.5725491 0.5725491 0.5725491 1 0.6862745 0.6862745 0.6862745 1 0.5372549 0.5372549 0.5372549 1 0 0 0 1 0.4 0.4 0.4 1 0.4 0.4 0.4 1 0.4 0.4 0.4 1 0.4 0.4 0.4 1 0 0 0 1 0.4 0.4 0.4 1 0.4 0.4 0.4 1 0 0 0 1 0 0 0 1 0.4 0.4 0.4 1 0.4 0.4 0.4 1 0.4 0.4 0.4 1 0.4 0.4 0.4 1 0 0 0 1 0.4 0.4 0.4 1 0.4 0.4 0.4 1 0 0 0 1 0 0 0 1 0 0 0 1 0 0 0 1 0 0 0 1 0 0 0 1 0 0 0 1 0 0 0 1 0 0 0 1 0 0 0 1 0.3803921 0.3803921 0.3803921 1 0 0 0 1 0 0 0 1 0 0 0 1 0 0 0 1 0.3803921 0.3803921 0.3803921 1 0.3921568 0.3921568 0.3921568 1 0 0 0 1 0.3803921 0.3803921 0.3803921 1 0 0 0 1 0.4784314 0.4784314 0.4784314 1 0.827451 0.827451 0.827451 1 0.7294118 0.7294118 0.7294118 1 0.4784314 0.4784314 0.4784314 1 0 0 0 1 0.8980392 0.8980392 0.8980392 1 0.7294118 0.7294118 0.7294118 1 0 0 0 1 0 0 0 1 0.827451 0.827451 0.827451 1 0.4784314 0.4784314 0.4784314 1 0.8980392 0.8980392 0.8980392 1 0.827451 0.827451 0.827451 1 0 0 0 1 0.7294118 0.7294118 0.7294118 1 0.8980392 0.8980392 0.8980392 1 0 0 0 1 0.2039216 0.2039216 0.2039216 1 0.2 0.2 0.2 1 0.2 0.2 0.2 1 0.9019608 0.9019608 0.9019608 1 0.2 0.2 0.2 1 0.2039216 0.2039216 0.2039216 1 0.9019608 0.9019608 0.9019608 1 0.9019608 0.9019608 0.9019608 1 0.2039216 0.2039216 0.2039216 1 0.9607843 0.9607843 0.9607843 1 0.5019608 0.5019608 0.5019608 1 0.8666667 0.8666667 0.8666667 1 0.5019608 0.5019608 0.5019608 1 0.5019608 0.5019608 0.5019608 1 0.9607843 0.9607843 0.9607843 1 0.6980392 0.6980392 0.6980392 1 0.5019608 0.5019608 0.5019608 1 0.9607843 0.9607843 0.9607843 1 0.7490196 0.7490196 0.7490196 1 0.6980392 0.6980392 0.6980392 1 0.9607843 0.9607843 0.9607843 1 0.6980392 0.6980392 0.6980392 1 0.6980392 0.6980392 0.6980392 1 0.7490196 0.7490196 0.7490196 1 0.6980392 0.6980392 0.6980392 1 0.6980392 0.6980392 0.6980392 1 0.7490196 0.7490196 0.7490196 1 0.1411765 0.1411765 0.1411765 1 0.254902 0.254902 0.254902 1 0.3019608 0.3019608 0.3019608 1 0.01568627 0.01568627 0.01568627 1 0.254902 0.254902 0.254902 1 0.1411765 0.1411765 0.1411765 1 0.4 0.4 0.4 1 0.01568627 0.01568627 0.01568627 1 0.1411765 0.1411765 0.1411765 1 1 1 1 1 0.8 0.8 0.8 1 0.8 0.8 0.8 1 1 1 1 1 0.8 0.8 0.8 1 1 1 1 1 1 1 1 1 1 1 1 1 1 1 1 1 1 1 1 1 0.2980392 0.2980392 0.2980392 1 0.2980392 0.2980392 0.2980392 1 0.2980392 0.2980392 0.2980392 1 0.2980392 0.2980392 0.2980392 1 1 1 1 1 0.2980392 0.2980392 0.2980392 1 0.2980392 0.2980392 0.2980392 1 1 1 1 1 1 1 1 1 0.2980392 0.2980392 0.2980392 1 0.2980392 0.2980392 0.2980392 1 0.2980392 0.2980392 0.2980392 1 0.2980392 0.2980392 0.2980392 1 1 1 1 1 0.2980392 0.2980392 0.2980392 1 0.2980392 0.2980392 0.2980392 1 1 1 1 1 0 0 0 1 0.3882353 0.3882353 0.3882353 1 0.2980392 0.2980392 0.2980392 1 0.4980392 0.4980392 0.4980392 1 0.3882353 0.3882353 0.3882353 1 0 0 0 1 0.3921568 0.3921568 0.3921568 1 0.4980392 0.4980392 0.4980392 1 0 0 0 1 0.6 0.6 0.6 1 0.6431373 0.6431373 0.6431373 1 0.6 0.6 0.6 1 0.9333333 0.9333333 0.9333333 1 0.6431373 0.6431373 0.6431373 1 0.6 0.6 0.6 1 0.6 0.6 0.6 1 0.9333333 0.9333333 0.9333333 1 0.6 0.6 0.6 1 0 0 0 1 0.2 0.2 0.2 1 0.2 0.2 0.2 1 0.2 0.2 0.2 1 0.2 0.2 0.2 1 0 0 0 1 0.2980392 0.2980392 0.2980392 1 0.2 0.2 0.2 1 0 0 0 1 0 0 0 1 0.8 0.8 0.8 1 0.3215686 0.3215686 0.3215686 1 0.7215687 0.7215687 0.7215687 1 0.8 0.8 0.8 1 0 0 0 1 0.6392157 0.6392157 0.6392157 1 0.7215687 0.7215687 0.7215687 1 0 0 0 1 0.1019608 0.1019608 0.1019608 1 0.254902 0.254902 0.254902 1 0.5019608 0.5019608 0.5019608 1 0 0 0 1 0.254902 0.254902 0.254902 1 0.1019608 0.1019608 0.1019608 1 0 0 0 1 0 0 0 1 0.1019608 0.1019608 0.1019608 1 0 0 0 1 0.2980392 0.2980392 0.2980392 1 0 0 0 1 0.2941176 0.2941176 0.2941176 1 0.2980392 0.2980392 0.2980392 1 0 0 0 1 0.1921569 0.1921569 0.1921569 1 0.2941176 0.2941176 0.2941176 1 0 0 0 1 0 0 0 1 0 0 0 1 0 0 0 1 0 0 0 1 0 0 0 1 0 0 0 1 0 0 0 1 0 0 0 1 0 0 0 1 0.6980392 0.6980392 0.6980392 1 0.9176471 0.9176471 0.9176471 1 0.8901961 0.8901961 0.8901961 1 0.8509804 0.8509804 0.8509804 1 0.9176471 0.9176471 0.9176471 1 0.6980392 0.6980392 0.6980392 1 0.6980392 0.6980392 0.6980392 1 0.8509804 0.8509804 0.8509804 1 0.6980392 0.6980392 0.6980392 1 0.9333333 0.9333333 0.9333333 1 0.8901961 0.8901961 0.8901961 1 0.9372549 0.9372549 0.9372549 1 0.8666667 0.8666667 0.8666667 1 0.8901961 0.8901961 0.8901961 1 0.9333333 0.9333333 0.9333333 1 0.8941177 0.8941177 0.8941177 1 0.8666667 0.8666667 0.8666667 1 0.9333333 0.9333333 0.9333333 1 0.5019608 0.5019608 0.5019608 1 0.1333333 0.1333333 0.1333333 1 0.4509804 0.4509804 0.4509804 1 0.6745098 0.6745098 0.6745098 1 0.1333333 0.1333333 0.1333333 1 0.5019608 0.5019608 0.5019608 1 0.4 0.4 0.4 1 0.6745098 0.6745098 0.6745098 1 0.5019608 0.5019608 0.5019608 1 0.6 0.6 0.6 1 0.6313726 0.6313726 0.6313726 1 0.8509804 0.8509804 0.8509804 1 0.6745098 0.6745098 0.6745098 1 0.6313726 0.6313726 0.6313726 1 0.6 0.6 0.6 1 0.6 0.6 0.6 1 0.6745098 0.6745098 0.6745098 1 0.6 0.6 0.6 1 0.2 0.2 0.2 1 0.2 0.2 0.2 1 0.2 0.2 0.2 1 0.4 0.4 0.4 1 0.2 0.2 0.2 1 0.2 0.2 0.2 1 0.2 0.2 0.2 1 0.4 0.4 0.4 1 0.2 0.2 0.2 1 0.7176471 0.7176471 0.7176471 1 0.8901961 0.8901961 0.8901961 1 0.8666667 0.8666667 0.8666667 1 0.8313726 0.8313726 0.8313726 1 0.8901961 0.8901961 0.8901961 1 0.7176471 0.7176471 0.7176471 1 0.6 0.6 0.6 1 0.8313726 0.8313726 0.8313726 1 0.7176471 0.7176471 0.7176471 1 0 0 0 1 0 0 0 1 0.01960784 0.01960784 0.01960784 1 0 0 0 1 0 0 0 1 0 0 0 1 0.3803921 0.3803921 0.3803921 1 0 0 0 1 0 0 0 1 0.3803921 0.3803921 0.3803921 1 0.2470588 0.2470588 0.2470588 1 0.345098 0.345098 0.345098 1 0.3019608 0.3019608 0.3019608 1 0.2470588 0.2470588 0.2470588 1 0.3803921 0.3803921 0.3803921 1 0.3882353 0.3882353 0.3882353 1 0.3019608 0.3019608 0.3019608 1 0.3803921 0.3803921 0.3803921 1 0.1294118 0.1294118 0.1294118 1 0 0 0 1 0 0 0 1 0.01568627 0.01568627 0.01568627 1 0 0 0 1 0.1294118 0.1294118 0.1294118 1 0 0 0 1 0.01568627 0.01568627 0.01568627 1 0.1294118 0.1294118 0.1294118 1 0.627451 0.627451 0.627451 1 0 0 0 1 0 0 0 1 0.6980392 0.6980392 0.6980392 1 0 0 0 1 0.627451 0.627451 0.627451 1 0.6 0.6 0.6 1 0.6980392 0.6980392 0.6980392 1 0.627451 0.627451 0.627451 1 0.3019608 0.3019608 0.3019608 1 0.6 0.6 0.6 1 0.627451 0.627451 0.627451 1 0 0 0 1 0.6 0.6 0.6 1 0.3019608 0.3019608 0.3019608 1 0 0 0 1 0 0 0 1 0.3019608 0.3019608 0.3019608 1 0.7137255 0.7137255 0.7137255 1 0 0 0 1 0 0 0 1 0.4549019 0.4549019 0.4549019 1 0 0 0 1 0.7137255 0.7137255 0.7137255 1 0.4509804 0.4509804 0.4509804 1 0.4549019 0.4549019 0.4549019 1 0.7137255 0.7137255 0.7137255 1 0.1019608 0.1019608 0.1019608 1 0.5176471 0.5176471 0.5176471 1 0 0 0 1 0.627451 0.627451 0.627451 1 0.5176471 0.5176471 0.5176471 1 0.1019608 0.1019608 0.1019608 1 0.5843138 0.5843138 0.5843138 1 0.627451 0.627451 0.627451 1 0.1019608 0.1019608 0.1019608 1 0.01960784 0.01960784 0.01960784 1 0.02745097 0.02745097 0.02745097 1 0 0 0 1 0.3294118 0.3294118 0.3294118 1 0.02745097 0.02745097 0.02745097 1 0.01960784 0.01960784 0.01960784 1 0.8 0.8 0.8 1 0.6 0.6 0.6 1 0.6 0.6 0.6 1 0.8 0.8 0.8 1 0.6 0.6 0.6 1 0.8 0.8 0.8 1 0.5019608 0.5019608 0.5019608 1 0.5019608 0.5019608 0.5019608 1 0.5019608 0.5019608 0.5019608 1 0.5019608 0.5019608 0.5019608 1 0.5019608 0.5019608 0.5019608 1 0.5019608 0.5019608 0.5019608 1 0.5019608 0.5019608 0.5019608 1 0.5019608 0.5019608 0.5019608 1 0.5019608 0.5019608 0.5019608 1 0.5019608 0.5019608 0.5019608 1 0.5019608 0.5019608 0.5019608 1 0.5019608 0.5019608 0.5019608 1 1 1 1 1 1 1 1 1 1 1 1 1 1 1 1 1 1 1 1 1 1 1 1 1 1 1 1 1 1 1 1 1 1 1 1 1 1 1 1 1 1 1 1 1 1 1 1 1 0.9215686 0.9215686 0.9215686 1 0.6039216 0.6039216 0.6039216 1 0.8980392 0.8980392 0.8980392 1 0.6431373 0.6431373 0.6431373 1 0.6039216 0.6039216 0.6039216 1 0.9215686 0.9215686 0.9215686 1 0.3019608 0.3019608 0.3019608 1 0.6901961 0.6901961 0.6901961 1 0.4 0.4 0.4 1 0.4 0.4 0.4 1 0.6901961 0.6901961 0.6901961 1 0.3019608 0.3019608 0.3019608 1 0.2705882 0.2705882 0.2705882 1 0.1254902 0.1254902 0.1254902 1 0.1647059 0.1647059 0.1647059 1 0.4392157 0.4392157 0.4392157 1 0.1254902 0.1254902 0.1254902 1 0.2705882 0.2705882 0.2705882 1 1 1 1 1 0.8 0.8 0.8 1 0.8 0.8 0.8 1 1 1 1 1 0.8 0.8 0.8 1 1 1 1 1 0.8 0.8 0.8 1 0.9960784 0.9960784 0.9960784 1 0.8 0.8 0.8 1 1 1 1 1 0.9960784 0.9960784 0.9960784 1 0.8 0.8 0.8 1 0.9333333 0.9333333 0.9333333 1 0.2 0.2 0.2 1 0.8941177 0.8941177 0.8941177 1 0.6 0.6 0.6 1 0.2 0.2 0.2 1 0.9333333 0.9333333 0.9333333 1 0.2 0.2 0.2 1 0.6 0.6 0.6 1 0.2 0.2 0.2 1 0.6 0.6 0.6 1 0.6 0.6 0.6 1 0.2 0.2 0.2 1 0.5019608 0.5019608 0.5019608 1 0.5019608 0.5019608 0.5019608 1 0.5019608 0.5019608 0.5019608 1 0.5019608 0.5019608 0.5019608 1 0.5019608 0.5019608 0.5019608 1 0.5019608 0.5019608 0.5019608 1 0.4039216 0.4039216 0.4039216 1 0.8862745 0.8862745 0.8862745 1 0 0 0 1 0.6 0.6 0.6 1 0.8862745 0.8862745 0.8862745 1 0.4039216 0.4039216 0.4039216 1 0 0 0 1 0.1254902 0.1254902 0.1254902 1 0 0 0 1 0.0117647 0.0117647 0.0117647 1 0.1254902 0.1254902 0.1254902 1 0 0 0 1 0.6901961 0.6901961 0.6901961 1 0.5960785 0.5960785 0.5960785 1 0 0 0 1 0.8 0.8 0.8 1 0.5960785 0.5960785 0.5960785 1 0.6901961 0.6901961 0.6901961 1 0.5019608 0.5019608 0.5019608 1 0.5019608 0.5019608 0.5019608 1 0.5019608 0.5019608 0.5019608 1 0.5019608 0.5019608 0.5019608 1 0.5019608 0.5019608 0.5019608 1 0.5019608 0.5019608 0.5019608 1 0.2235294 0.2235294 0.2235294 1 0.1294118 0.1294118 0.1294118 1 0.04705882 0.04705882 0.04705882 1 0.2509804 0.2509804 0.2509804 1 0.1294118 0.1294118 0.1294118 1 0.2235294 0.2235294 0.2235294 1 0.9960784 0.9960784 0.9960784 1 0.9960784 0.9960784 0.9960784 1 0.9882353 0.9882353 0.9882353 1 1 1 1 1 0.9960784 0.9960784 0.9960784 1 0.9960784 0.9960784 0.9960784 1 0.8 0.8 0.8 1 0.8 0.8 0.8 1 0.8 0.8 0.8 1 0.8 0.8 0.8 1 0.8 0.8 0.8 1 0.8 0.8 0.8 1 0.8 0.8 0.8 1 0.8 0.8 0.8 1 0.8 0.8 0.8 1 0.8 0.8 0.8 1 0.8 0.8 0.8 1 0.8 0.8 0.8 1 0.2 0.2 0.2 1 0.2 0.2 0.2 1 0.2 0.2 0.2 1 0.2 0.2 0.2 1 0.2 0.2 0.2 1 0.2 0.2 0.2 1 0 0 0 1 0.1019608 0.1019608 0.1019608 1 0.0862745 0.0862745 0.0862745 1 0 0 0 1 0.1019608 0.1019608 0.1019608 1 0 0 0 1 0.3294118 0.3294118 0.3294118 1 0.02745097 0.02745097 0.02745097 1 0.2705882 0.2705882 0.2705882 1 0.01960784 0.01960784 0.01960784 1 0.02745097 0.02745097 0.02745097 1 0.3294118 0.3294118 0.3294118 1 0.3921568 0.3921568 0.3921568 1 0.01960784 0.01960784 0.01960784 1 0.3294118 0.3294118 0.3294118 1 0 0 0 1 0.01960784 0.01960784 0.01960784 1 0.3921568 0.3921568 0.3921568 1 0.1254902 0.1254902 0.1254902 1 0.003921568 0.003921568 0.003921568 1 0.04705882 0.04705882 0.04705882 1 0 0 0 1 0.003921568 0.003921568 0.003921568 1 0.1254902 0.1254902 0.1254902 1 0.4980392 0.4980392 0.4980392 1 0.6156863 0.6156863 0.6156863 1 0.6156863 0.6156863 0.6156863 1 0.4784314 0.4784314 0.4784314 1 0.6156863 0.6156863 0.6156863 1 0.4980392 0.4980392 0.4980392 1 0.6235294 0.6235294 0.6235294 1 0.5333334 0.5333334 0.5333334 1 0.6196079 0.6196079 0.6196079 1 0.5254902 0.5254902 0.5254902 1 0.5333334 0.5333334 0.5333334 1 0.6235294 0.6235294 0.6235294 1 0.5019608 0.5019608 0.5019608 1 0.5019608 0.5019608 0.5019608 1 0.5019608 0.5019608 0.5019608 1 0.5019608 0.5019608 0.5019608 1 0.5019608 0.5019608 0.5019608 1 0.5019608 0.5019608 0.5019608 1 0 0 0 1 0.2941176 0.2941176 0.2941176 1 0.5490196 0.5490196 0.5490196 1 0 0 0 1 0.2941176 0.2941176 0.2941176 1 0 0 0 1 0 0 0 1 0.5019608 0.5019608 0.5019608 1 0.2941176 0.2941176 0.2941176 1 0 0 0 1 0.5019608 0.5019608 0.5019608 1 0 0 0 1 0.003921568 0.003921568 0.003921568 1 0.3215686 0.3215686 0.3215686 1 0.1176471 0.1176471 0.1176471 1 0 0 0 1 0.3215686 0.3215686 0.3215686 1 0.003921568 0.003921568 0.003921568 1 0.4666666 0.4666666 0.4666666 1 0 0 0 1 0.6 0.6 0.6 1 0 0 0 1 0 0 0 1 0.4666666 0.4666666 0.4666666 1 0.6 0.6 0.6 1 1 1 1 1 0.7098039 0.7098039 0.7098039 1 0.7058824 0.7058824 0.7058824 1 1 1 1 1 0.6 0.6 0.6 1 0.4039216 0.4039216 0.4039216 1 0.5019608 0.5019608 0.5019608 1 0.1019608 0.1019608 0.1019608 1 0.6 0.6 0.6 1 0.5019608 0.5019608 0.5019608 1 0.4039216 0.4039216 0.4039216 1 0.1019608 0.1019608 0.1019608 1 0.6235294 0.6235294 0.6235294 1 0.5960785 0.5960785 0.5960785 1 0.1019608 0.1019608 0.1019608 1 0.6235294 0.6235294 0.6235294 1 0.1019608 0.1019608 0.1019608 1 0.2392157 0.2392157 0.2392157 1 0.6745098 0.6745098 0.6745098 1 0.5921569 0.5921569 0.5921569 1 0.2980392 0.2980392 0.2980392 1 0.6745098 0.6745098 0.6745098 1 0.2392157 0.2392157 0.2392157 1 0.5019608 0.5019608 0.5019608 1 0.4039216 0.4039216 0.4039216 1 0.1019608 0.1019608 0.1019608 1 0.6039216 0.6039216 0.6039216 1 0.4039216 0.4039216 0.4039216 1 0.5019608 0.5019608 0.5019608 1 0.8 0.8 0.8 1 0.7411765 0.7411765 0.7411765 1 0.5960785 0.5960785 0.5960785 1 0.8862745 0.8862745 0.8862745 1 0.7411765 0.7411765 0.7411765 1 0.8 0.8 0.8 1 0.4980392 0.4980392 0.4980392 1 0.627451 0.627451 0.627451 1 0.5960785 0.5960785 0.5960785 1 0.5215687 0.5215687 0.5215687 1 0.627451 0.627451 0.627451 1 0.4980392 0.4980392 0.4980392 1 0.5019608 0.5019608 0.5019608 1 0.5019608 0.5019608 0.5019608 1 0.5019608 0.5019608 0.5019608 1 0.5019608 0.5019608 0.5019608 1 0.5019608 0.5019608 0.5019608 1 0.5019608 0.5019608 0.5019608 1 0.3686274 0.3686274 0.3686274 1 0.509804 0.509804 0.509804 1 0 0 0 1 0.2901961 0.2901961 0.2901961 1 0.509804 0.509804 0.509804 1 0.3686274 0.3686274 0.3686274 1 0.4392157 0.4392157 0.4392157 1 0.2901961 0.2901961 0.2901961 1 0 0 0 1 0.509804 0.509804 0.509804 1 0.2901961 0.2901961 0.2901961 1 0.4392157 0.4392157 0.4392157 1 0 0 0 1 0.6313726 0.6313726 0.6313726 1 0 0 0 1 0.6980392 0.6980392 0.6980392 1 0.6313726 0.6313726 0.6313726 1 0 0 0 1 0.2392157 0.2392157 0.2392157 1 0.3764706 0.3764706 0.3764706 1 0.3254902 0.3254902 0.3254902 1 0.3019608 0.3019608 0.3019608 1 0.3764706 0.3764706 0.3764706 1 0.2392157 0.2392157 0.2392157 1 1 1 1 1 0.4705882 0.4705882 0.4705882 1 0.5607843 0.5607843 0.5607843 1 0.3058823 0.3058823 0.3058823 1 0.4705882 0.4705882 0.4705882 1 1 1 1 1 0.5019608 0.5019608 0.5019608 1 1 1 1 1 0.8980392 0.8980392 0.8980392 1 0.3019608 0.3019608 0.3019608 1 1 1 1 1 0.5019608 0.5019608 0.5019608 1 0 0 0 1 0.3921568 0.3921568 0.3921568 1 0.3294118 0.3294118 0.3294118 1 0 0 0 1 0.3921568 0.3921568 0.3921568 1 0 0 0 1 0.6 0.6 0.6 1 0.8 0.8 0.8 1 0.8 0.8 0.8 1 0.6 0.6 0.6 1 0.8 0.8 0.8 1 0.6 0.6 0.6 1 0.6 0.6 0.6 1 0.8 0.8 0.8 1 0.8 0.8 0.8 1 0.6 0.6 0.6 1 0.8 0.8 0.8 1 0.6 0.6 0.6 1 0.6 0.6 0.6 1 0.8 0.8 0.8 1 0.8 0.8 0.8 1 0.6 0.6 0.6 1 0.8 0.8 0.8 1 0.6 0.6 0.6 1 0.6 0.6 0.6 1 0.8 0.8 0.8 1 0.8 0.8 0.8 1 0.6 0.6 0.6 1 0.8 0.8 0.8 1 0.6 0.6 0.6 1 0.6 0.6 0.6 1 0.8 0.8 0.8 1 0.8 0.8 0.8 1 0.6 0.6 0.6 1 0.8 0.8 0.8 1 0.6 0.6 0.6 1 0.6 0.6 0.6 1 0.8 0.8 0.8 1 0.8 0.8 0.8 1 0.6 0.6 0.6 1 0.8 0.8 0.8 1 0.6 0.6 0.6 1 0.4784314 0.4784314 0.4784314 1 0.8980392 0.8980392 0.8980392 1 0.7294118 0.7294118 0.7294118 1 0.827451 0.827451 0.827451 1 0.8980392 0.8980392 0.8980392 1 0.4784314 0.4784314 0.4784314 1 0 0 0 1 0 0 0 1 0 0 0 1 0.3294118 0.3294118 0.3294118 1 0 0 0 1 0 0 0 1 0.8980392 0.8980392 0.8980392 1 0.4784314 0.4784314 0.4784314 1 0.7294118 0.7294118 0.7294118 1 0.827451 0.827451 0.827451 1 0.4784314 0.4784314 0.4784314 1 0.8980392 0.8980392 0.8980392 1 0.4 0.4 0.4 1 0.2 0.2 0.2 1 0.3019608 0.3019608 0.3019608 1 0.4 0.4 0.4 1 0.2 0.2 0.2 1 0.4 0.4 0.4 1 0.3019608 0.3019608 0.3019608 1 0.6 0.6 0.6 1 0.6509804 0.6509804 0.6509804 1 0.3019608 0.3019608 0.3019608 1 0.6 0.6 0.6 1 0.3019608 0.3019608 0.3019608 1 0.5019608 0.5019608 0.5019608 1 0.4 0.4 0.4 1 0.2 0.2 0.2 1 0.5882353 0.5882353 0.5882353 1 0.4 0.4 0.4 1 0.5019608 0.5019608 0.5019608 1 0.5882353 0.5882353 0.5882353 1 0.1019608 0.1019608 0.1019608 1 0.4 0.4 0.4 1 0.6078432 0.6078432 0.6078432 1 0.1019608 0.1019608 0.1019608 1 0.5882353 0.5882353 0.5882353 1 0.5215687 0.5215687 0.5215687 1 0.6 0.6 0.6 1 0.627451 0.627451 0.627451 1 0.4627451 0.4627451 0.4627451 1 0.6 0.6 0.6 1 0.5215687 0.5215687 0.5215687 1 0.6 0.6 0.6 1 0.4627451 0.4627451 0.4627451 1 0.1215686 0.1215686 0.1215686 1 0.6 0.6 0.6 1 0.4627451 0.4627451 0.4627451 1 0.6 0.6 0.6 1 0.2980392 0.2980392 0.2980392 1 1 1 1 1 0.2980392 0.2980392 0.2980392 1 0.2980392 0.2980392 0.2980392 1 1 1 1 1 0.2980392 0.2980392 0.2980392 1 0.1960784 0.1960784 0.1960784 1 0.8980392 0.8980392 0.8980392 1 0.4235294 0.4235294 0.4235294 1 0.6509804 0.6509804 0.6509804 1 0.8980392 0.8980392 0.8980392 1 0.1960784 0.1960784 0.1960784 1 1 1 1 1 0.8980392 0.8980392 0.8980392 1 0.3019608 0.3019608 0.3019608 1 0 0 0 1 0.8980392 0.8980392 0.8980392 1 1 1 1 1 1 1 1 1 0.8980392 0.8980392 0.8980392 1 0.3019608 0.3019608 0.3019608 1 0 0 0 1 0.8980392 0.8980392 0.8980392 1 1 1 1 1 0.6509804 0.6509804 0.6509804 1 1 1 1 1 0.8980392 0.8980392 0.8980392 1 0.7254902 0.7254902 0.7254902 1 1 1 1 1 0.6509804 0.6509804 0.6509804 1 0.4 0.4 0.4 1 0 0 0 1 0.4 0.4 0.4 1 0.4 0.4 0.4 1 0 0 0 1 0.4 0.4 0.4 1 0.4 0.4 0.4 1 0 0 0 1 0.4 0.4 0.4 1 0.4 0.4 0.4 1 0 0 0 1 0.4 0.4 0.4 1 0.6980392 0.6980392 0.6980392 1 0.317647 0.317647 0.317647 1 0 0 0 1 0 0 0 1 0.317647 0.317647 0.317647 1 0.6980392 0.6980392 0.6980392 1 0.7254902 0.7254902 0.7254902 1 1 1 1 1 1 1 1 1 0.6901961 0.6901961 0.6901961 1 1 1 1 1 0.7254902 0.7254902 0.7254902 1 0.2039216 0.2039216 0.2039216 1 0.2196078 0.2196078 0.2196078 1 0.372549 0.372549 0.372549 1 0.3607843 0.3607843 0.3607843 1 0.2196078 0.2196078 0.2196078 1 0.2039216 0.2039216 0.2039216 1 0.6980392 0.6980392 0.6980392 1 0.6980392 0.6980392 0.6980392 1 0.8509804 0.8509804 0.8509804 1 0 0 0 1 0.6980392 0.6980392 0.6980392 1 0.6980392 0.6980392 0.6980392 1 1 1 1 1 1 1 1 1 1 1 1 1 1 1 1 1 1 1 1 1 1 1 1 1 1 1 1 1 1 1 1 1 1 1 1 1 1 1 1 1 1 1 1 1 1 1 1 1 1 1 1 1 1 1 1 1 1 1 1 1 1 1 1 1 1 1 1 1 1 1 1 1 0.1019608 0.1019608 0.1019608 1 0.6078432 0.6078432 0.6078432 1 0.5921569 0.5921569 0.5921569 1 0.1019608 0.1019608 0.1019608 1 0.6078432 0.6078432 0.6078432 1 0.1019608 0.1019608 0.1019608 1 0.6784314 0.6784314 0.6784314 1 0.2352941 0.2352941 0.2352941 1 0.5725491 0.5725491 0.5725491 1 0.3058823 0.3058823 0.3058823 1 0.2352941 0.2352941 0.2352941 1 0.6784314 0.6784314 0.6784314 1 0 0 0 1 0.4 0.4 0.4 1 0.4 0.4 0.4 1 0.4 0.4 0.4 1 0.4 0.4 0.4 1 0 0 0 1 0 0 0 1 0.8980392 0.8980392 0.8980392 1 0 0 0 1 0.6 0.6 0.6 1 0.8980392 0.8980392 0.8980392 1 0 0 0 1 0.3921568 0.3921568 0.3921568 1 0.3019608 0.3019608 0.3019608 1 0.2666667 0.2666667 0.2666667 1 0.6980392 0.6980392 0.6980392 1 0.3019608 0.3019608 0.3019608 1 0.3921568 0.3921568 0.3921568 1 0.4 0.4 0.4 1 0.1019608 0.1019608 0.1019608 1 0.4588235 0.4588235 0.4588235 1 0.003921568 0.003921568 0.003921568 1 0.1019608 0.1019608 0.1019608 1 0.4 0.4 0.4 1 0.682353 0.682353 0.682353 1 0.8 0.8 0.8 1 0.3254902 0.3254902 0.3254902 1 0.8980392 0.8980392 0.8980392 1 0.8 0.8 0.8 1 0.682353 0.682353 0.682353 1 0.6313726 0.6313726 0.6313726 1 0.6 0.6 0.6 1 0.8235294 0.8235294 0.8235294 1 0.6745098 0.6745098 0.6745098 1 0.6 0.6 0.6 1 0.6313726 0.6313726 0.6313726 1 0.3372549 0.3372549 0.3372549 1 0.003921568 0.003921568 0.003921568 1 0.1176471 0.1176471 0.1176471 1 0 0 0 1 0.003921568 0.003921568 0.003921568 1 0.3372549 0.3372549 0.3372549 1 0.0862745 0.0862745 0.0862745 1 0.1215686 0.1215686 0.1215686 1 0 0 0 1 0.6 0.6 0.6 1 0.1215686 0.1215686 0.1215686 1 0.0862745 0.0862745 0.0862745 1 0.2 0.2 0.2 1 0.2 0.2 0.2 1 0.2 0.2 0.2 1 0.2 0.2 0.2 1 0.2 0.2 0.2 1 0.2 0.2 0.2 1 0.6431373 0.6431373 0.6431373 1 0.05098038 0.05098038 0.05098038 1 0 0 0 1 0.5019608 0.5019608 0.5019608 1 0.05098038 0.05098038 0.05098038 1 0.6431373 0.6431373 0.6431373 1 0.3019608 0.3019608 0.3019608 1 0.3921568 0.3921568 0.3921568 1 0.2666667 0.2666667 0.2666667 1 0.6980392 0.6980392 0.6980392 1 0.3921568 0.3921568 0.3921568 1 0.3019608 0.3019608 0.3019608 1 0.1019608 0.1019608 0.1019608 1 0.4 0.4 0.4 1 0.4588235 0.4588235 0.4588235 1 0.003921568 0.003921568 0.003921568 1 0.4 0.4 0.4 1 0.1019608 0.1019608 0.1019608 1 0.1333333 0.1333333 0.1333333 1 0.5019608 0.5019608 0.5019608 1 0.4235294 0.4235294 0.4235294 1 0.6745098 0.6745098 0.6745098 1 0.5019608 0.5019608 0.5019608 1 0.1333333 0.1333333 0.1333333 1 0.07843136 0.07843136 0.07843136 1 0.003921568 0.003921568 0.003921568 1 0.3254902 0.3254902 0.3254902 1 0.2 0.2 0.2 1 0.003921568 0.003921568 0.003921568 1 0.07843136 0.07843136 0.07843136 1 0.2 0.2 0.2 1 0.2 0.2 0.2 1 0.2 0.2 0.2 1 0.2 0.2 0.2 1 0.2 0.2 0.2 1 0.2 0.2 0.2 1 1 1 1 1 0.8980392 0.8980392 0.8980392 1 0 0 0 1 0.3019608 0.3019608 0.3019608 1 0.8980392 0.8980392 0.8980392 1 1 1 1 1 1 1 1 1 0.8980392 0.8980392 0.8980392 1 0 0 0 1 0.3019608 0.3019608 0.3019608 1 0.8980392 0.8980392 0.8980392 1 1 1 1 1 0.8588235 0.8588235 0.8588235 1 0.8901961 0.8901961 0.8901961 1 0.8313726 0.8313726 0.8313726 1 0.9372549 0.9372549 0.9372549 1 0.8901961 0.8901961 0.8901961 1 0.8588235 0.8588235 0.8588235 1 1 1 1 1 1 1 1 1 1 1 1 1 1 1 1 1 1 1 1 1 1 1 1 1 1 1 1 1 1 1 1 1 1 1 1 1 1 1 1 1 1 1 1 1 1 1 1 1 1 1 1 1 1 1 1 1 1 1 1 1 1 1 1 1 1 1 1 1 1 1 1 1 0.8509804 0.8509804 0.8509804 1 0.8313726 0.8313726 0.8313726 1 0.9176471 0.9176471 0.9176471 1 0.8588235 0.8588235 0.8588235 1 0.8313726 0.8313726 0.8313726 1 0.8509804 0.8509804 0.8509804 1 0.5019608 0.5019608 0.5019608 1 0.9607843 0.9607843 0.9607843 1 0.8705883 0.8705883 0.8705883 1 0.5019608 0.5019608 0.5019608 1 0.9607843 0.9607843 0.9607843 1 0.5019608 0.5019608 0.5019608 1 0 0 0 1 0 0 0 1 0 0 0 1 0 0 0 1 0 0 0 1 0 0 0 1 0 0 0 1 0.3098039 0.3098039 0.3098039 1 0.3764706 0.3764706 0.3764706 1 0 0 0 1 0.3098039 0.3098039 0.3098039 1 0 0 0 1 0.6196079 0.6196079 0.6196079 1 0.7098039 0.7098039 0.7098039 1 0.4470588 0.4470588 0.4470588 1 0.8980392 0.8980392 0.8980392 1 0.7098039 0.7098039 0.7098039 1 0.6196079 0.6196079 0.6196079 1 1 1 1 1 0.5607843 0.5607843 0.5607843 1 0.4470588 0.4470588 0.4470588 1 1 1 1 1 0.5607843 0.5607843 0.5607843 1 1 1 1 1 0 0 0 1 0.6431373 0.6431373 0.6431373 1 0 0 0 1 0.6039216 0.6039216 0.6039216 1 0.6431373 0.6431373 0.6431373 1 0 0 0 1 0.07058823 0.07058823 0.07058823 1 0 0 0 1 0.05098038 0.05098038 0.05098038 1 0 0 0 1 0 0 0 1 0.07058823 0.07058823 0.07058823 1 0.8 0.8 0.8 1 0 0 0 1 0.3372549 0.3372549 0.3372549 1 0.7215687 0.7215687 0.7215687 1 0 0 0 1 0.8 0.8 0.8 1 0.8 0.8 0.8 1 0.6 0.6 0.6 1 0.6 0.6 0.6 1 0.8 0.8 0.8 1 0.6 0.6 0.6 1 0.8 0.8 0.8 1 0.8 0.8 0.8 1 0.8 0.8 0.8 1 0.9019608 0.9019608 0.9019608 1 0.8 0.8 0.8 1 0.8 0.8 0.8 1 0.8 0.8 0.8 1 0.2 0.2 0.2 1 0 0 0 1 0.2 0.2 0.2 1 0.1921569 0.1921569 0.1921569 1 0 0 0 1 0.2 0.2 0.2 1 0.3882353 0.3882353 0.3882353 1 0.5019608 0.5019608 0.5019608 1 0.6627451 0.6627451 0.6627451 1 0.4823529 0.4823529 0.4823529 1 0.5019608 0.5019608 0.5019608 1 0.3882353 0.3882353 0.3882353 1 0.6039216 0.6039216 0.6039216 1 0.5019608 0.5019608 0.5019608 1 0.6431373 0.6431373 0.6431373 1 0.5019608 0.5019608 0.5019608 1 0.5019608 0.5019608 0.5019608 1 0.6039216 0.6039216 0.6039216 1 0.9215686 0.9215686 0.9215686 1 0.2 0.2 0.2 1 0.6 0.6 0.6 1 0.8980392 0.8980392 0.8980392 1 0.2 0.2 0.2 1 0.9215686 0.9215686 0.9215686 1 0.3098039 0.3098039 0.3098039 1 0 0 0 1 0.3764706 0.3764706 0.3764706 1 0 0 0 1 0 0 0 1 0.3098039 0.3098039 0.3098039 1 0.9960784 0.9960784 0.9960784 1 0.9921569 0.9921569 0.9921569 1 0.9960784 0.9960784 0.9960784 1 0.9843137 0.9843137 0.9843137 1 0.9921569 0.9921569 0.9921569 1 0.9960784 0.9960784 0.9960784 1 1 1 1 1 1 1 1 1 1 1 1 1 1 1 1 1 1 1 1 1 1 1 1 1 1 1 1 1 1 1 1 1 1 1 1 1 1 1 1 1 1 1 1 1 1 1 1 1 1 1 1 1 1 1 1 1 1 1 1 1 1 1 1 1 1 1 1 1 1 1 1 1 0.4470588 0.4470588 0.4470588 1 0.2196078 0.2196078 0.2196078 1 0.4980392 0.4980392 0.4980392 1 0.4313725 0.4313725 0.4313725 1 0.2196078 0.2196078 0.2196078 1 0.4470588 0.4470588 0.4470588 1 1 1 1 1 0.8 0.8 0.8 1 0.8 0.8 0.8 1 1 1 1 1 0.8 0.8 0.8 1 1 1 1 1 0.1568627 0.1568627 0.1568627 1 0.5019608 0.5019608 0.5019608 1 0 0 0 1 0.1019608 0.1019608 0.1019608 1 0.5019608 0.5019608 0.5019608 1 0.1568627 0.1568627 0.1568627 1 0.5019608 0.5019608 0.5019608 1 0 0 0 1 0.05098038 0.05098038 0.05098038 1 0 0 0 1 0 0 0 1 0.5019608 0.5019608 0.5019608 1 0 0 0 1 0.5019608 0.5019608 0.5019608 1 0 0 0 1 0.5019608 0.5019608 0.5019608 1 0.5019608 0.5019608 0.5019608 1 0 0 0 1 0.3803921 0.3803921 0.3803921 1 0.3921568 0.3921568 0.3921568 1 0 0 0 1 0 0 0 1 0.3921568 0.3921568 0.3921568 1 0.3803921 0.3803921 0.3803921 1 0.2980392 0.2980392 0.2980392 1 1 1 1 1 0.2980392 0.2980392 0.2980392 1 0.2980392 0.2980392 0.2980392 1 1 1 1 1 0.2980392 0.2980392 0.2980392 1 0 0 0 1 0.4784314 0.4784314 0.4784314 1 0.6392157 0.6392157 0.6392157 1 0.03921568 0.03921568 0.03921568 1 0.4784314 0.4784314 0.4784314 1 0 0 0 1 0.6980392 0.6980392 0.6980392 1 0.6980392 0.6980392 0.6980392 1 0.6980392 0.6980392 0.6980392 1 0.6980392 0.6980392 0.6980392 1 0.6980392 0.6980392 0.6980392 1 0.6980392 0.6980392 0.6980392 1 0.6980392 0.6980392 0.6980392 1 0.6980392 0.6980392 0.6980392 1 0.6980392 0.6980392 0.6980392 1 0.6980392 0.6980392 0.6980392 1 0.6980392 0.6980392 0.6980392 1 0.6980392 0.6980392 0.6980392 1 0.08235293 0.08235293 0.08235293 1 0.02352941 0.02352941 0.02352941 1 0.4784314 0.4784314 0.4784314 1 0.4823529 0.4823529 0.4823529 1 0.02352941 0.02352941 0.02352941 1 0.08235293 0.08235293 0.08235293 1 0.2980392 0.2980392 0.2980392 1 0 0 0 1 0 0 0 1 0.2980392 0.2980392 0.2980392 1 0 0 0 1 0.2980392 0.2980392 0.2980392 1 0 0 0 1 0.6196079 0.6196079 0.6196079 1 0.5333334 0.5333334 0.5333334 1 0 0 0 1 0.6196079 0.6196079 0.6196079 1 0 0 0 1 0 0 0 1 0.6235294 0.6235294 0.6235294 1 0.6196079 0.6196079 0.6196079 1 0 0 0 1 0.6235294 0.6235294 0.6235294 1 0 0 0 1 0 0 0 1 0.5254902 0.5254902 0.5254902 1 0.6235294 0.6235294 0.6235294 1 0 0 0 1 0.5254902 0.5254902 0.5254902 1 0 0 0 1 0.9333333 0.9333333 0.9333333 1 0.654902 0.654902 0.654902 1 0.6431373 0.6431373 0.6431373 1 0.8941177 0.8941177 0.8941177 1 0.654902 0.654902 0.654902 1 0.9333333 0.9333333 0.9333333 1 0.6156863 0.6156863 0.6156863 1 1 1 1 1 0.7882353 0.7882353 0.7882353 1 1 1 1 1 1 1 1 1 0.6156863 0.6156863 0.6156863 1 0.8980392 0.8980392 0.8980392 1 0.4392157 0.4392157 0.4392157 1 0.4 0.4 0.4 1 0.8980392 0.8980392 0.8980392 1 0.4392157 0.4392157 0.4392157 1 0.8980392 0.8980392 0.8980392 1 1 1 1 1 0.6 0.6 0.6 1 0.7882353 0.7882353 0.7882353 1 1 1 1 1 0.6 0.6 0.6 1 1 1 1 1 0.9686275 0.9686275 0.9686275 1 0.6 0.6 0.6 1 0.9921569 0.9921569 0.9921569 1 0.8862745 0.8862745 0.8862745 1 0.6 0.6 0.6 1 0.9686275 0.9686275 0.9686275 1 1 1 1 1 1 1 1 1 1 1 1 1 1 1 1 1 1 1 1 1 1 1 1 1 0.6980392 0.6980392 0.6980392 1 0.6980392 0.6980392 0.6980392 1 0.6980392 0.6980392 0.6980392 1 0 0 0 1 0.1215686 0.1215686 0.1215686 1 0.1568627 0.1568627 0.1568627 1 0 0 0 1 0.1647059 0.1647059 0.1647059 1 0.1254902 0.1254902 0.1254902 1 1 1 1 1 0.8941177 0.8941177 0.8941177 1 0.9137255 0.9137255 0.9137255 1 0.7019608 0.7019608 0.7019608 1 0.6431373 0.6431373 0.6431373 1 0.8784314 0.8784314 0.8784314 1 0.05098038 0.05098038 0.05098038 1 0.05882352 0.05882352 0.05882352 1 0 0 0 1 0.6980392 0.6980392 0.6980392 1 0.6980392 0.6980392 0.6980392 1 0.6980392 0.6980392 0.6980392 1 0 0 0 1 0.2980392 0.2980392 0.2980392 1 0.3921568 0.3921568 0.3921568 1 0.7019608 0.7019608 0.7019608 1 0.8705883 0.8705883 0.8705883 1 0.6431373 0.6431373 0.6431373 1 0.05098038 0.05098038 0.05098038 1 0 0 0 1 0.07058823 0.07058823 0.07058823 1 0.6 0.6 0.6 1 0.6 0.6 0.6 1 0.8 0.8 0.8 1 0.5764706 0.5764706 0.5764706 1 1 1 1 1 0.6039216 0.6039216 0.6039216 1 0.1921569 0.1921569 0.1921569 1 0.8980392 0.8980392 0.8980392 1 0.8 0.8 0.8 1 0.2039216 0.2039216 0.2039216 1 0.372549 0.372549 0.372549 1 0.3333333 0.3333333 0.3333333 1 0 0 0 1 0.6980392 0.6980392 0.6980392 1 0.6980392 0.6980392 0.6980392 1 0.6745098 0.6745098 0.6745098 1 0.4 0.4 0.4 1 0.5019608 0.5019608 0.5019608 1 0.1921569 0.1921569 0.1921569 1 0.8 0.8 0.8 1 0.8980392 0.8980392 0.8980392 1 0.6745098 0.6745098 0.6745098 1 0.6 0.6 0.6 1 0.6 0.6 0.6 1 0.2039216 0.2039216 0.2039216 1 0.345098 0.345098 0.345098 1 0.3607843 0.3607843 0.3607843 1 0 0 0 1 0 0 0 1 0.345098 0.345098 0.345098 1 0 0 0 1 0 0 0 1 0 0 0 1 0 0 0 1 0.02745097 0.02745097 0.02745097 1 0.01960784 0.01960784 0.01960784 1 0 0 0 1 0 0 0 1 0 0 0 1 0.6627451 0.6627451 0.6627451 1 0 0 0 1 0.3019608 0.3019608 0.3019608 1 0.3921568 0.3921568 0.3921568 1 0.3764706 0.3764706 0.3764706 1 0.3019608 0.3019608 0.3019608 1 0 0 0 1 0.1137255 0.1137255 0.1137255 1 0 0 0 1 0.6 0.6 0.6 1 0.8 0.8 0.8 1 0.6 0.6 0.6 1 0.6 0.6 0.6 1 0.6 0.6 0.6 1 0.6 0.6 0.6 1 0.6 0.6 0.6 1 0.6 0.6 0.6 1 0.6 0.6 0.6 1 0.5019608 0.5019608 0.5019608 1 0.5019608 0.5019608 0.5019608 1 0.5019608 0.5019608 0.5019608 1 0.4 0.4 0.4 1 0.2 0.2 0.2 1 0.2 0.2 0.2 1 0.7137255 0.7137255 0.7137255 1 0.7176471 0.7176471 0.7176471 1 0.4509804 0.4509804 0.4509804 1 0.3294118 0.3294118 0.3294118 1 0.2705882 0.2705882 0.2705882 1 0 0 0 1 0.05098038 0.05098038 0.05098038 1 0 0 0 1 0.1294118 0.1294118 0.1294118 1 0.8 0.8 0.8 1 1 1 1 1 0.8 0.8 0.8 1 0.3019608 0.3019608 0.3019608 1 1 1 1 1 0.9019608 0.9019608 0.9019608 1 0.4 0.4 0.4 1 0.4 0.4 0.4 1 0.5019608 0.5019608 0.5019608 1 0.3019608 0.3019608 0.3019608 1 0 0 0 1 1 1 1 1 0.6 0.6 0.6 1 0.8 0.8 0.8 1 0.8 0.8 0.8 1 0.2 0.2 0.2 1 0.4 0.4 0.4 1 0.5019608 0.5019608 0.5019608 1 0.6 0.6 0.6 1 0.3019608 0.3019608 0.3019608 1 0.7647059 0.7647059 0.7647059 1 0.9019608 0.9019608 0.9019608 1 0.9019608 0.9019608 0.9019608 1 1 1 1 1 0 0 0 1 0.4 0.4 0.4 1 0.4 0.4 0.4 1 0.2196078 0.2196078 0.2196078 1 0.3607843 0.3607843 0.3607843 1 0.4117647 0.4117647 0.4117647 1 0.8980392 0.8980392 0.8980392 1 0 0 0 1 0.827451 0.827451 0.827451 1 0.772549 0.772549 0.772549 1 0.5254902 0.5254902 0.5254902 1 0.682353 0.682353 0.682353 1 0.4 0.4 0.4 1 0.003921568 0.003921568 0.003921568 1 0.2 0.2 0.2 1 0.4784314 0.4784314 0.4784314 1 0.7294118 0.7294118 0.7294118 1 0 0 0 1 0.6980392 0.6980392 0.6980392 1 0.09019607 0.09019607 0.09019607 1 0.7215687 0.7215687 0.7215687 1</float_array>
          <technique_common>
            <accessor source="#polygon0-mesh-colors-polygon0_Colors0-array" count="3507" stride="4">
              <param name="R" type="float"/>
              <param name="G" type="float"/>
              <param name="B" type="float"/>
              <param name="A" type="float"/>
            </accessor>
          </technique_common>
        </source>
        <vertices id="polygon0-mesh-vertices">
          <input semantic="POSITION" source="#polygon0-mesh-positions"/>
        </vertices>
        <triangles material="mat_body-material" count="1169">
          <input semantic="VERTEX" source="#polygon0-mesh-vertices" offset="0"/>
          <input semantic="NORMAL" source="#polygon0-mesh-normals" offset="1"/>
          <input semantic="TEXCOORD" source="#polygon0-mesh-map-0" offset="2" set="0"/>
          <input semantic="COLOR" source="#polygon0-mesh-colors-polygon0_Colors0" offset="3" set="0"/>
          <p>2 0 0 0 1 1 1 1 0 2 2 2 3 3 3 3 1 1 4 4 2 0 5 5 4 4 6 6 3 3 7 7 2 0 8 8 5 5 9 9 3 3 10 10 4 4 11 11 6 6 12 12 5 5 13 13 4 4 14 14 7 7 15 15 5 5 16 16 6 6 17 17 0 2 18 18 7 7 19 19 6 6 20 20 8 8 21 21 7 7 22 22 0 2 23 23 1 1 24 24 8 8 25 25 0 2 26 26 9 9 27 27 8 8 28 28 1 1 29 29 10 10 30 30 9 9 31 31 1 1 32 32 11 11 33 33 9 9 34 34 10 10 35 35 12 12 36 36 11 11 37 37 10 10 38 38 13 13 39 39 11 11 40 40 12 12 41 41 3 3 42 42 13 13 43 43 12 12 44 44 14 14 45 45 13 13 46 46 3 3 47 47 5 5 48 48 14 14 49 49 3 3 50 50 15 15 51 51 14 14 52 52 5 5 53 53 16 16 54 54 15 15 55 55 5 5 56 56 11 11 57 57 15 15 58 58 16 16 59 59 17 17 60 60 11 11 61 61 16 16 62 62 9 9 63 63 11 11 64 64 17 17 65 65 7 7 66 66 9 9 67 67 17 17 68 68 8 8 69 69 9 9 70 70 7 7 71 71 20 18 72 72 19 19 73 73 18 20 74 74 21 21 75 75 19 19 76 76 20 18 77 77 22 22 78 78 21 21 79 79 20 18 80 80 23 23 81 81 21 21 82 82 22 22 83 83 24 24 84 84 23 23 85 85 22 22 86 86 25 25 87 87 23 23 88 88 24 24 89 89 26 26 90 90 25 25 91 91 24 24 92 92 27 27 93 93 25 25 94 94 26 26 95 95 28 28 96 96 27 27 97 97 26 26 98 98 29 29 99 99 27 27 100 100 28 28 101 101 30 30 102 102 29 29 103 103 28 28 104 104 31 31 105 105 29 29 106 106 30 30 107 107 32 32 108 108 31 31 109 109 30 30 110 110 25 25 111 111 31 31 112 112 32 32 113 113 33 33 114 114 25 25 115 115 32 32 116 116 23 23 117 117 25 25 118 118 33 33 119 119 19 19 120 120 23 23 121 121 33 33 122 122 21 21 123 123 23 23 124 124 19 19 125 125 36 34 126 126 35 35 127 127 34 36 128 128 37 37 129 129 35 35 130 130 36 34 131 131 38 38 132 132 37 37 133 133 36 34 134 134 39 39 135 135 37 37 136 136 38 38 137 137 40 40 138 138 39 39 139 139 38 38 140 140 41 41 141 141 39 39 142 142 40 40 143 143 42 42 144 144 41 41 145 145 40 40 146 146 43 43 147 147 41 41 148 148 42 42 149 149 44 44 150 150 43 43 151 151 42 42 152 152 45 45 153 153 43 43 154 154 44 44 155 155 46 46 156 156 45 45 157 157 44 44 158 158 47 47 159 159 45 45 160 160 46 46 161 161 48 48 162 162 47 47 163 163 46 46 164 164 49 49 165 165 47 47 166 166 48 48 167 167 34 36 168 168 49 49 169 169 48 48 170 170 35 35 171 171 49 49 172 172 34 36 173 173 52 50 174 174 51 51 175 175 50 52 176 176 53 53 177 177 51 51 178 178 52 50 179 179 54 54 180 180 53 53 181 181 52 50 182 182 55 55 183 183 53 53 184 184 54 54 185 185 56 56 186 186 55 55 187 187 54 54 188 188 57 57 189 189 55 55 190 190 56 56 191 191 58 58 192 192 57 57 193 193 56 56 194 194 59 59 195 195 57 57 196 196 58 58 197 197 60 60 198 198 59 59 199 199 58 58 200 200 61 61 201 201 59 59 202 202 60 60 203 203 62 62 204 204 61 61 205 205 60 60 206 206 63 63 207 207 61 61 208 208 62 62 209 209 64 64 210 210 63 63 211 211 62 62 212 212 65 65 213 213 63 63 214 214 64 64 215 215 50 52 216 216 65 65 217 217 64 64 218 218 51 51 219 219 65 65 220 220 50 52 221 221 68 66 222 222 67 67 223 223 66 68 224 224 69 69 225 225 67 67 226 226 68 66 227 227 70 70 228 228 69 69 229 229 68 66 230 230 71 71 231 231 69 69 232 232 70 70 233 233 72 72 234 234 71 71 235 235 70 70 236 236 73 73 237 237 71 71 238 238 72 72 239 239 74 74 240 240 73 73 241 241 72 72 242 242 75 75 243 243 73 73 244 244 74 74 245 245 76 76 246 246 75 75 247 247 74 74 248 248 77 77 249 249 75 75 250 250 76 76 251 251 78 78 252 252 77 77 253 253 76 76 254 254 79 79 255 255 77 77 256 256 78 78 257 257 80 80 258 258 79 79 259 259 78 78 260 260 81 81 261 261 79 79 262 262 80 80 263 263 66 68 264 264 81 81 265 265 80 80 266 266 67 67 267 267 81 81 268 268 66 68 269 269 84 82 270 270 83 83 271 271 82 84 272 272 85 85 273 273 83 83 274 274 84 82 275 275 86 86 276 276 85 85 277 277 84 82 278 278 87 87 279 279 85 85 280 280 86 86 281 281 88 88 282 282 87 87 283 283 86 86 284 284 89 89 285 285 87 87 286 286 88 88 287 287 90 90 288 288 89 89 289 289 88 88 290 290 91 91 291 291 89 89 292 292 90 90 293 293 92 92 294 294 91 91 295 295 90 90 296 296 93 93 297 297 91 91 298 298 92 92 299 299 94 94 300 300 93 93 301 301 92 92 302 302 95 95 303 303 93 93 304 304 94 94 305 305 96 96 306 306 95 95 307 307 94 94 308 308 97 97 309 309 95 95 310 310 96 96 311 311 82 84 312 312 97 97 313 313 96 96 314 314 83 83 315 315 97 97 316 316 82 84 317 317 100 98 318 318 99 99 319 319 98 100 320 320 101 101 321 321 99 99 322 322 100 98 323 323 102 102 324 324 101 101 325 325 100 98 326 326 103 103 327 327 101 101 328 328 102 102 329 329 104 104 330 330 103 103 331 331 102 102 332 332 105 105 333 333 103 103 334 334 104 104 335 335 106 106 336 336 105 105 337 337 104 104 338 338 107 107 339 339 105 105 340 340 106 106 341 341 108 108 342 342 107 107 343 343 106 106 344 344 109 109 345 345 107 107 346 346 108 108 347 347 110 110 348 348 109 109 349 349 108 108 350 350 111 111 351 351 109 109 352 352 110 110 353 353 112 112 354 354 111 111 355 355 110 110 356 356 113 113 357 357 111 111 358 358 112 112 359 359 98 100 360 360 113 113 361 361 112 112 362 362 99 99 363 363 113 113 364 364 98 100 365 365 116 114 366 366 115 115 367 367 114 116 368 368 117 117 369 369 115 115 370 370 116 114 371 371 118 118 372 372 117 117 373 373 116 114 374 374 119 119 375 375 117 117 376 376 118 118 377 377 120 120 378 378 119 119 379 379 118 118 380 380 121 121 381 381 119 119 382 382 120 120 383 383 122 122 384 384 121 121 385 385 120 120 386 386 123 123 387 387 121 121 388 388 122 122 389 389 124 124 390 390 123 123 391 391 122 122 392 392 125 125 393 393 123 123 394 394 124 124 395 395 126 126 396 396 125 125 397 397 124 124 398 398 127 127 399 399 125 125 400 400 126 126 401 401 128 128 402 402 127 127 403 403 126 126 404 404 129 129 405 405 127 127 406 406 128 128 407 407 114 116 408 408 129 129 409 409 128 128 410 410 115 115 411 411 129 129 412 412 114 116 413 413 132 130 414 414 131 131 415 415 130 132 416 416 133 133 417 417 131 131 418 418 132 130 419 419 134 134 420 420 133 133 421 421 132 130 422 422 135 135 423 423 133 133 424 424 134 134 425 425 136 136 426 426 135 135 427 427 134 134 428 428 137 137 429 429 135 135 430 430 136 136 431 431 138 138 432 432 137 137 433 433 136 136 434 434 139 139 435 435 137 137 436 436 138 138 437 437 140 140 438 438 139 139 439 439 138 138 440 440 141 141 441 441 139 139 442 442 140 140 443 443 142 142 444 444 141 141 445 445 140 140 446 446 143 143 447 447 141 141 448 448 142 142 449 449 144 144 450 450 143 143 451 451 142 142 452 452 145 145 453 453 143 143 454 454 144 144 455 455 130 132 456 456 145 145 457 457 144 144 458 458 131 131 459 459 145 145 460 460 130 132 461 461 148 146 462 462 147 147 463 463 146 148 464 464 149 149 465 465 147 147 466 466 148 146 467 467 150 150 468 468 149 149 469 469 148 146 470 470 151 151 471 471 149 149 472 472 150 150 473 473 152 152 474 474 151 151 475 475 150 150 476 476 153 153 477 477 151 151 478 478 152 152 479 479 154 154 480 480 153 153 481 481 152 152 482 482 155 155 483 483 153 153 484 484 154 154 485 485 156 156 486 486 155 155 487 487 154 154 488 488 157 157 489 489 155 155 490 490 156 156 491 491 158 158 492 492 157 157 493 493 156 156 494 494 159 159 495 495 157 157 496 496 158 158 497 497 160 160 498 498 159 159 499 499 158 158 500 500 161 161 501 501 159 159 502 502 160 160 503 503 162 162 504 504 161 161 505 505 160 160 506 506 165 163 507 507 164 164 508 508 163 165 509 509 166 166 510 510 164 164 511 511 165 163 512 512 167 167 513 513 166 166 514 514 165 163 515 515 168 168 516 516 166 166 517 517 167 167 518 518 169 169 519 519 168 168 520 520 167 167 521 521 170 170 522 522 168 168 523 523 169 169 524 524 171 171 525 525 170 170 526 526 169 169 527 527 172 172 528 528 170 170 529 529 171 171 530 530 173 173 531 531 172 172 532 532 171 171 533 533 174 174 534 534 172 172 535 535 173 173 536 536 175 175 537 537 174 174 538 538 173 173 539 539 176 176 540 540 174 174 541 541 175 175 542 542 179 177 543 543 178 178 544 544 177 179 545 545 180 180 546 546 178 178 547 547 179 177 548 548 181 181 549 549 180 180 550 550 179 177 551 551 182 182 552 552 180 180 553 553 181 181 554 554 183 183 555 555 182 182 556 556 181 181 557 557 184 184 558 558 182 182 559 559 183 183 560 560 185 185 561 561 184 184 562 562 183 183 563 563 186 186 564 564 184 184 565 565 185 185 566 566 147 147 567 567 186 186 568 568 185 185 569 569 187 187 570 570 186 186 571 571 147 147 572 572 149 149 573 573 187 187 574 574 147 147 575 575 188 188 576 576 187 187 577 577 149 149 578 578 191 189 579 579 190 190 580 580 189 191 581 581 192 192 582 582 190 190 583 583 191 189 584 584 193 193 585 585 192 192 586 586 191 189 587 587 194 194 588 588 192 192 589 589 193 193 590 590 195 195 591 591 194 194 592 592 193 193 593 593 196 196 594 594 194 194 595 595 195 195 596 596 197 197 597 597 196 196 598 598 195 195 599 599 198 198 600 600 196 196 601 601 197 197 602 602 199 199 603 603 198 198 604 604 197 197 605 605 200 200 606 606 198 198 607 607 199 199 608 608 191 189 609 609 200 200 610 610 199 199 611 611 189 191 612 612 200 200 613 613 191 189 614 614 203 201 615 615 202 202 616 616 201 203 617 617 204 204 618 618 202 202 619 619 203 201 620 620 205 205 621 621 204 204 622 622 203 201 623 623 206 206 624 624 204 204 625 625 205 205 626 626 207 207 627 627 206 206 628 628 205 205 629 629 208 208 630 630 206 206 631 631 207 207 632 632 209 209 633 633 208 208 634 634 207 207 635 635 210 210 636 636 208 208 637 637 209 209 638 638 211 211 639 639 210 210 640 640 209 209 641 641 212 212 642 642 210 210 643 643 211 211 644 644 213 213 645 645 212 212 646 646 211 211 647 647 216 214 648 648 215 215 649 649 214 216 650 650 217 217 651 651 215 215 652 652 216 214 653 653 218 218 654 654 217 217 655 655 216 214 656 656 219 219 657 657 217 217 658 658 218 218 659 659 220 220 660 660 219 219 661 661 218 218 662 662 221 221 663 663 219 219 664 664 220 220 665 665 222 222 666 666 221 221 667 667 220 220 668 668 223 223 669 669 221 221 670 670 222 222 671 671 224 224 672 672 223 223 673 673 222 222 674 674 225 225 675 675 223 223 676 676 224 224 677 677 226 226 678 678 225 225 679 679 224 224 680 680 229 227 681 681 228 228 682 682 227 229 683 683 230 230 684 684 228 228 685 685 229 227 686 686 231 231 687 687 230 230 688 688 229 227 689 689 232 232 690 690 230 230 691 691 231 231 692 692 233 233 693 693 232 232 694 694 231 231 695 695 234 234 696 696 232 232 697 697 233 233 698 698 235 235 699 699 234 234 700 700 233 233 701 701 236 236 702 702 234 234 703 703 235 235 704 704 237 237 705 705 236 236 706 706 235 235 707 707 238 238 708 708 236 236 709 709 237 237 710 710 239 239 711 711 238 238 712 712 237 237 713 713 240 240 714 714 209 209 715 715 207 207 716 716 211 211 717 717 209 209 718 718 240 240 719 719 241 241 720 720 211 211 721 721 240 240 722 722 213 213 723 723 211 211 724 724 241 241 725 725 242 242 726 726 213 213 727 727 241 241 728 728 161 243 729 729 213 213 730 730 242 242 731 731 243 244 732 732 161 243 733 733 242 242 734 734 159 245 735 735 161 243 736 736 243 244 737 737 244 246 738 738 159 245 739 739 243 244 740 740 157 247 741 741 159 245 742 742 244 246 743 743 155 248 744 744 157 247 745 745 244 246 746 746 247 249 747 747 246 250 748 748 245 251 749 749 248 252 750 750 246 250 751 751 247 249 752 752 249 253 753 753 248 252 754 754 247 249 755 755 250 254 756 756 248 252 757 757 249 253 758 758 251 255 759 759 250 254 760 760 249 253 761 761 252 256 762 762 250 254 763 763 251 255 764 764 253 257 765 765 252 256 766 766 251 255 767 767 254 258 768 768 252 256 769 769 253 257 770 770 249 253 771 771 254 258 772 772 253 257 773 773 247 249 774 774 254 258 775 775 249 253 776 776 257 259 777 777 256 260 778 778 255 261 779 779 258 262 780 780 256 260 781 781 257 259 782 782 259 263 783 783 258 262 784 784 257 259 785 785 260 264 786 786 258 262 787 787 259 263 788 788 261 265 789 789 260 264 790 790 259 263 791 791 262 266 792 792 260 264 793 793 261 265 794 794 263 267 795 795 262 266 796 796 261 265 797 797 257 259 798 798 262 266 799 799 263 267 800 800 264 268 801 801 257 259 802 802 263 267 803 803 259 263 804 804 257 259 805 805 264 268 806 806 182 182 807 807 178 178 808 808 180 180 809 809 265 269 810 810 178 178 811 811 182 182 812 812 184 184 813 813 265 269 814 814 182 182 815 815 266 270 816 816 265 269 817 817 184 184 818 818 186 186 819 819 266 270 820 820 184 184 821 821 267 271 822 822 266 270 823 823 186 186 824 824 268 272 825 825 267 271 826 826 186 186 827 827 269 273 828 828 267 271 829 829 268 272 830 830 270 274 831 831 269 273 832 832 268 272 833 833 273 275 834 834 272 276 835 835 271 277 836 836 274 278 837 837 272 279 838 838 273 280 839 839 275 281 840 840 274 278 841 841 273 280 842 842 276 282 843 843 274 278 844 844 275 281 845 845 277 283 846 846 276 282 847 847 275 281 848 848 278 284 849 849 276 282 850 850 277 283 851 851 279 285 852 852 278 284 853 853 277 283 854 854 280 286 855 855 278 284 856 856 279 285 857 857 281 287 858 858 280 288 859 859 279 289 860 860 284 290 861 861 283 291 862 862 282 292 863 863 285 293 864 864 283 291 865 865 284 290 866 866 286 294 867 867 285 293 868 868 284 290 869 869 287 295 870 870 285 293 871 871 286 294 872 872 288 296 873 873 287 295 874 874 286 294 875 875 289 297 876 876 287 295 877 877 288 296 878 878 290 298 879 879 289 297 880 880 288 296 881 881 291 299 882 882 289 297 883 883 290 298 884 884 292 300 885 885 291 299 886 886 290 298 887 887 295 301 888 888 294 302 889 889 293 303 890 890 296 304 891 891 294 302 892 892 295 301 893 893 297 305 894 894 296 304 895 895 295 301 896 896 298 306 897 897 296 304 898 898 297 305 899 899 299 307 900 900 298 306 901 901 297 305 902 902 300 308 903 903 298 306 904 904 299 307 905 905 293 303 906 906 300 308 907 907 299 307 908 908 294 302 909 909 300 308 910 910 293 303 911 911 302 309 912 912 296 304 913 913 301 310 914 914 294 302 915 915 296 304 916 916 302 309 917 917 303 311 918 918 294 302 919 919 302 309 920 920 300 308 921 921 294 302 922 922 303 311 923 923 304 312 924 924 300 308 925 925 303 311 926 926 298 306 927 927 300 308 928 928 304 312 929 929 301 310 930 930 298 306 931 931 304 312 932 932 296 304 933 933 298 306 934 934 301 310 935 935 307 313 936 936 306 314 937 937 305 315 938 938 308 316 939 939 306 317 940 940 307 318 941 941 309 319 942 942 308 316 943 943 307 318 944 944 310 320 945 945 308 316 946 946 309 319 947 947 311 321 948 948 310 320 949 949 309 319 950 950 312 322 951 951 310 320 952 952 311 321 953 953 313 323 954 954 312 322 955 955 311 321 956 956 314 324 957 957 312 322 958 958 313 323 959 959 217 217 960 960 315 325 961 961 215 215 962 962 316 326 963 963 315 325 964 964 217 217 965 965 219 219 966 966 316 326 967 967 217 217 968 968 317 327 969 969 316 326 970 970 219 219 971 971 221 221 972 972 317 327 973 973 219 219 974 974 318 328 975 975 317 327 976 976 221 221 977 977 223 223 978 978 318 328 979 979 221 221 980 980 225 225 981 981 318 328 982 982 223 223 983 983 321 329 984 984 320 330 985 985 319 331 986 986 322 332 987 987 320 330 988 988 321 329 989 989 323 333 990 990 322 332 991 991 321 329 992 992 324 334 993 993 322 332 994 994 323 333 995 995 325 335 996 996 324 334 997 997 323 333 998 998 326 336 999 999 324 334 1000 1000 325 335 1001 1001 226 226 1002 1002 326 336 1003 1003 325 335 1004 1004 224 224 1005 1005 326 336 1006 1006 226 226 1007 1007 329 337 1008 1008 328 338 1009 1009 327 339 1010 1010 330 340 1011 1011 328 338 1012 1012 329 337 1013 1013 331 341 1014 1014 330 340 1015 1015 329 337 1016 1016 332 342 1017 1017 330 340 1018 1018 331 341 1019 1019 333 343 1020 1020 332 342 1021 1021 331 341 1022 1022 334 344 1023 1023 332 342 1024 1024 333 343 1025 1025 327 339 1026 1026 334 344 1027 1027 333 343 1028 1028 328 338 1029 1029 334 344 1030 1030 327 339 1031 1031 337 345 1032 1032 336 346 1033 1033 335 347 1034 1034 338 348 1035 1035 336 346 1036 1036 337 345 1037 1037 339 349 1038 1038 338 348 1039 1039 337 345 1040 1040 340 350 1041 1041 338 348 1042 1042 339 349 1043 1043 341 351 1044 1044 340 350 1045 1045 339 349 1046 1046 342 352 1047 1047 340 350 1048 1048 341 351 1049 1049 335 347 1050 1050 342 352 1051 1051 341 351 1052 1052 336 346 1053 1053 342 352 1054 1054 335 347 1055 1055 345 353 1056 1056 344 354 1057 1057 343 355 1058 1058 346 356 1059 1059 344 354 1060 1060 345 353 1061 1061 347 357 1062 1062 346 356 1063 1063 345 353 1064 1064 348 358 1065 1065 346 356 1066 1066 347 357 1067 1067 349 359 1068 1068 348 358 1069 1069 347 357 1070 1070 350 360 1071 1071 348 358 1072 1072 349 359 1073 1073 343 355 1074 1074 350 360 1075 1075 349 359 1076 1076 344 354 1077 1077 350 360 1078 1078 343 355 1079 1079 272 361 1080 1080 351 362 1081 1081 271 363 1082 1082 352 364 1083 1083 351 362 1084 1084 272 361 1085 1085 274 365 1086 1086 352 364 1087 1087 272 361 1088 1088 353 366 1089 1089 352 364 1090 1090 274 365 1091 1091 276 367 1092 1092 353 366 1093 1093 274 365 1094 1094 354 368 1095 1095 353 366 1096 1096 276 367 1097 1097 278 369 1098 1098 354 368 1099 1099 276 367 1100 1100 280 370 1101 1101 354 368 1102 1102 278 369 1103 1103 357 371 1104 1104 356 372 1105 1105 355 373 1106 1106 358 374 1107 1107 356 372 1108 1108 357 371 1109 1109 359 375 1110 1110 358 374 1111 1111 357 371 1112 1112 360 376 1113 1113 358 374 1114 1114 359 375 1115 1115 361 377 1116 1116 360 376 1117 1117 359 375 1118 1118 362 378 1119 1119 360 376 1120 1120 361 377 1121 1121 270 379 1122 1122 362 378 1123 1123 361 377 1124 1124 365 380 1125 1125 364 381 1126 1126 363 382 1127 1127 366 383 1128 1128 364 381 1129 1129 365 380 1130 1130 367 384 1131 1131 366 383 1132 1132 365 380 1133 1133 368 385 1134 1134 366 383 1135 1135 367 384 1136 1136 365 380 1137 1137 368 385 1138 1138 367 384 1139 1139 369 386 1140 1140 368 385 1141 1141 365 380 1142 1142 363 382 1143 1143 369 386 1144 1144 365 380 1145 1145 372 387 1146 1146 371 388 1147 1147 370 389 1148 1148 373 390 1149 1149 371 388 1150 1150 372 387 1151 1151 374 391 1152 1152 373 390 1153 1153 372 387 1154 1154 375 392 1155 1155 373 390 1156 1156 374 391 1157 1157 376 393 1158 1158 375 392 1159 1159 374 391 1160 1160 377 394 1161 1161 375 392 1162 1162 376 393 1163 1163 370 389 1164 1164 377 394 1165 1165 376 393 1166 1166 379 395 1167 1167 378 396 1168 1168 225 397 1169 1169 380 398 1170 1170 378 396 1171 1171 379 395 1172 1172 381 399 1173 1173 380 398 1174 1174 379 395 1175 1175 382 400 1176 1176 380 398 1177 1177 381 399 1178 1178 383 401 1179 1179 382 400 1180 1180 381 399 1181 1181 384 402 1182 1182 382 400 1183 1183 383 401 1184 1184 226 403 1185 1185 384 402 1186 1186 383 401 1187 1187 386 404 1188 1188 238 405 1189 1189 385 406 1190 1190 236 407 1191 1191 238 405 1192 1192 386 404 1193 1193 202 202 1194 1194 236 407 1195 1195 386 404 1196 1196 234 408 1197 1197 236 407 1198 1198 202 202 1199 1199 204 204 1200 1200 234 408 1201 1201 202 202 1202 1202 232 409 1203 1203 234 408 1204 1204 204 204 1205 1205 230 410 1206 1206 232 409 1207 1207 204 204 1208 1208 389 411 1209 1209 388 412 1210 1210 387 413 1211 1211 390 414 1212 1212 388 412 1213 1213 389 411 1214 1214 391 415 1215 1215 390 414 1216 1216 389 411 1217 1217 392 416 1218 1218 390 414 1219 1219 391 415 1220 1220 393 417 1221 1221 392 416 1222 1222 391 415 1223 1223 205 418 1224 1224 392 416 1225 1225 393 417 1226 1226 207 419 1227 1227 205 418 1228 1228 393 417 1229 1229 396 420 1230 1230 395 421 1231 1231 394 422 1232 1232 397 423 1233 1233 395 421 1234 1234 396 420 1235 1235 398 424 1236 1236 397 423 1237 1237 396 420 1238 1238 399 425 1239 1239 397 423 1240 1240 398 424 1241 1241 394 422 1242 1242 399 425 1243 1243 398 424 1244 1244 395 421 1245 1245 399 425 1246 1246 394 422 1247 1247 402 426 1248 1248 401 427 1249 1249 400 428 1250 1250 385 406 1251 1251 401 427 1252 1252 402 426 1253 1253 403 429 1254 1254 385 406 1255 1255 402 426 1256 1256 386 404 1257 1257 385 406 1258 1258 403 429 1259 1259 388 430 1260 1260 386 404 1261 1261 403 429 1262 1262 404 431 1263 1263 386 404 1264 1264 388 430 1265 1265 405 432 1266 1266 326 336 1267 1267 224 224 1268 1268 406 433 1269 1269 326 336 1270 1270 405 432 1271 1271 407 434 1272 1272 406 433 1273 1273 405 432 1274 1274 408 435 1275 1275 406 433 1276 1276 407 434 1277 1277 409 436 1278 1278 408 435 1279 1279 407 434 1280 1280 320 330 1281 1281 408 435 1282 1282 409 436 1283 1283 400 437 1284 1284 411 438 1285 1285 410 439 1286 1286 412 440 1287 1287 411 438 1288 1288 400 437 1289 1289 401 441 1290 1290 412 440 1291 1291 400 437 1292 1292 413 442 1293 1293 412 440 1294 1294 401 441 1295 1295 239 443 1296 1296 413 442 1297 1297 401 441 1298 1298 237 444 1299 1299 413 442 1300 1300 239 443 1301 1301 415 445 1302 1302 414 446 1303 1303 233 447 1304 1304 416 448 1305 1305 414 446 1306 1306 415 445 1307 1307 417 449 1308 1308 416 448 1309 1309 415 445 1310 1310 418 450 1311 1311 416 448 1312 1312 417 449 1313 1313 419 451 1314 1314 418 450 1315 1315 417 449 1316 1316 420 452 1317 1317 418 450 1318 1318 419 451 1319 1319 164 164 1320 1320 421 453 1321 1321 163 165 1322 1322 422 454 1323 1323 421 453 1324 1324 164 164 1325 1325 423 455 1326 1326 422 454 1327 1327 164 164 1328 1328 424 456 1329 1329 422 454 1330 1330 423 455 1331 1331 166 166 1332 1332 424 456 1333 1333 423 455 1334 1334 168 168 1335 1335 424 456 1336 1336 166 166 1337 1337 427 457 1338 1338 426 458 1339 1339 425 459 1340 1340 428 460 1341 1341 426 458 1342 1342 427 457 1343 1343 429 461 1344 1344 428 460 1345 1345 427 457 1346 1346 430 462 1347 1347 428 460 1348 1348 429 461 1349 1349 431 463 1350 1350 430 462 1351 1351 429 461 1352 1352 216 464 1353 1353 430 462 1354 1354 431 463 1355 1355 434 465 1356 1356 433 466 1357 1357 432 467 1358 1358 435 468 1359 1359 433 466 1360 1360 434 465 1361 1361 277 469 1362 1362 435 468 1363 1363 434 465 1364 1364 436 470 1365 1365 435 468 1366 1366 277 469 1367 1367 275 471 1368 1368 436 470 1369 1369 277 469 1370 1370 273 472 1371 1371 436 473 1372 1372 275 474 1373 1373 439 475 1374 1374 438 476 1375 1375 437 477 1376 1376 440 478 1377 1377 438 476 1378 1378 439 475 1379 1379 441 479 1380 1380 440 478 1381 1381 439 475 1382 1382 442 480 1383 1383 440 478 1384 1384 441 479 1385 1385 443 481 1386 1386 442 480 1387 1387 441 479 1388 1388 444 482 1389 1389 442 480 1390 1390 443 481 1391 1391 79 79 1392 1392 75 75 1393 1393 77 77 1394 1394 73 73 1395 1395 75 75 1396 1396 79 79 1397 1397 81 81 1398 1398 73 73 1399 1399 79 79 1400 1400 71 71 1401 1401 73 73 1402 1402 81 81 1403 1403 67 67 1404 1404 71 71 1405 1405 81 81 1406 1406 69 69 1407 1407 71 71 1408 1408 67 67 1409 1409 41 41 1410 1410 37 37 1411 1411 39 39 1412 1412 35 35 1413 1413 37 37 1414 1414 41 41 1415 1415 43 43 1416 1416 35 35 1417 1417 41 41 1418 1418 49 49 1419 1419 35 35 1420 1420 43 43 1421 1421 45 45 1422 1422 49 49 1423 1423 43 43 1424 1424 47 47 1425 1425 49 49 1426 1426 45 45 1427 1427 266 270 1428 1428 178 178 1429 1429 265 269 1430 1430 177 179 1431 1431 178 178 1432 1432 266 270 1433 1433 267 271 1434 1434 177 179 1435 1435 266 270 1436 1436 445 483 1437 1437 177 179 1438 1438 267 271 1439 1439 269 273 1440 1440 445 483 1441 1441 267 271 1442 1442 387 484 1443 1443 445 483 1444 1444 269 273 1445 1445 446 485 1446 1446 176 176 1447 1447 421 453 1448 1448 447 486 1449 1449 176 176 1450 1450 446 485 1451 1451 448 487 1452 1452 447 486 1453 1453 446 485 1454 1454 449 488 1455 1455 447 486 1456 1456 448 487 1457 1457 172 172 1458 1458 449 488 1459 1459 448 487 1460 1460 174 174 1461 1461 449 488 1462 1462 172 172 1463 1463 4 489 1464 1464 198 198 1465 1465 200 490 1466 1466 190 190 1467 1467 198 198 1468 1468 4 489 1469 1469 2 491 1470 1470 190 190 1471 1471 4 489 1472 1472 189 492 1473 1473 190 190 1474 1474 2 491 1475 1475 0 493 1476 1476 189 492 1477 1477 2 491 1478 1478 6 494 1479 1479 189 492 1480 1480 0 493 1481 1481 127 127 1482 1482 123 123 1483 1483 125 125 1484 1484 121 121 1485 1485 123 123 1486 1486 127 127 1487 1487 129 129 1488 1488 121 121 1489 1489 127 127 1490 1490 119 119 1491 1491 121 121 1492 1492 129 129 1493 1493 115 115 1494 1494 119 119 1495 1495 129 129 1496 1496 117 117 1497 1497 119 119 1498 1498 115 115 1499 1499 452 495 1500 1500 451 496 1501 1501 450 497 1502 1502 453 498 1503 1503 451 496 1504 1504 452 495 1505 1505 454 499 1506 1506 453 498 1507 1507 452 495 1508 1508 455 500 1509 1509 453 498 1510 1510 454 499 1511 1511 418 501 1512 1512 455 500 1513 1513 454 499 1514 1514 420 502 1515 1515 455 500 1516 1516 418 501 1517 1517 458 503 1518 1518 457 504 1519 1519 456 505 1520 1520 459 506 1521 1521 457 504 1522 1522 458 503 1523 1523 460 507 1524 1524 459 506 1525 1525 458 503 1526 1526 461 508 1527 1527 459 506 1528 1528 460 507 1529 1529 462 509 1530 1530 461 508 1531 1531 460 507 1532 1532 463 510 1533 1533 461 508 1534 1534 462 509 1535 1535 466 511 1536 1536 465 512 1537 1537 464 513 1538 1538 467 514 1539 1539 465 512 1540 1540 466 511 1541 1541 468 515 1542 1542 467 514 1543 1543 466 511 1544 1544 469 516 1545 1545 467 514 1546 1546 468 515 1547 1547 464 513 1548 1548 469 516 1549 1549 468 515 1550 1550 465 512 1551 1551 469 516 1552 1552 464 513 1553 1553 356 517 1554 1554 243 244 1555 1555 355 518 1556 1556 244 246 1557 1557 243 244 1558 1558 356 517 1559 1559 470 519 1560 1560 244 246 1561 1561 356 517 1562 1562 471 520 1563 1563 244 246 1564 1564 470 519 1565 1565 472 521 1566 1566 471 520 1567 1567 470 519 1568 1568 473 522 1569 1569 471 520 1570 1570 472 521 1571 1571 107 107 1572 1572 103 103 1573 1573 105 105 1574 1574 101 101 1575 1575 103 103 1576 1576 107 107 1577 1577 109 109 1578 1578 101 101 1579 1579 107 107 1580 1580 99 99 1581 1581 101 101 1582 1582 109 109 1583 1583 111 111 1584 1584 99 99 1585 1585 109 109 1586 1586 113 113 1587 1587 99 99 1588 1588 111 111 1589 1589 403 429 1590 1590 387 484 1591 1591 388 430 1592 1592 177 179 1593 1593 387 484 1594 1594 403 429 1595 1595 402 426 1596 1596 177 179 1597 1597 403 429 1598 1598 179 177 1599 1599 177 179 1600 1600 402 426 1601 1601 400 523 1602 1602 179 177 1603 1603 402 426 1604 1604 181 181 1605 1605 179 177 1606 1606 400 523 1607 1607 476 524 1608 1608 152 525 1609 1609 475 526 1610 1610 477 527 1611 1611 476 524 1612 1612 475 526 1613 1613 413 528 1614 1614 476 524 1615 1615 477 527 1616 1616 478 529 1617 1617 413 528 1618 1618 477 527 1619 1619 481 530 1620 1620 480 531 1621 1621 479 532 1622 1622 482 533 1623 1623 480 534 1624 1624 481 535 1625 1625 483 536 1626 1626 482 533 1627 1627 481 535 1628 1628 484 537 1629 1629 482 533 1630 1630 483 536 1631 1631 485 538 1632 1632 484 537 1633 1633 483 536 1634 1634 488 539 1635 1635 487 540 1636 1636 486 541 1637 1637 489 542 1638 1638 487 540 1639 1639 488 539 1640 1640 490 543 1641 1641 489 542 1642 1642 488 539 1643 1643 491 544 1644 1644 489 542 1645 1645 490 543 1646 1646 213 545 1647 1647 491 544 1648 1648 490 543 1649 1649 492 546 1650 1650 233 547 1651 1651 231 548 1652 1652 415 549 1653 1653 233 547 1654 1654 492 546 1655 1655 493 550 1656 1656 415 549 1657 1657 492 546 1658 1658 417 551 1659 1659 415 549 1660 1660 493 550 1661 1661 419 552 1662 1662 417 551 1663 1663 493 550 1664 1664 448 487 1665 1665 170 170 1666 1666 172 172 1667 1667 494 553 1668 1668 170 170 1669 1669 448 487 1670 1670 446 485 1671 1671 494 553 1672 1672 448 487 1673 1673 422 454 1674 1674 494 553 1675 1675 446 485 1676 1676 421 453 1677 1677 422 454 1678 1678 446 485 1679 1679 497 554 1680 1680 496 555 1681 1681 495 556 1682 1682 498 557 1683 1683 496 555 1684 1684 497 554 1685 1685 499 558 1686 1686 498 557 1687 1687 497 554 1688 1688 500 559 1689 1689 498 557 1690 1690 499 558 1691 1691 501 560 1692 1692 500 559 1693 1693 499 558 1694 1694 322 332 1695 1695 408 435 1696 1696 320 330 1697 1697 502 561 1698 1698 408 435 1699 1699 322 332 1700 1700 324 334 1701 1701 502 561 1702 1702 322 332 1703 1703 406 433 1704 1704 502 561 1705 1705 324 334 1706 1706 326 336 1707 1707 406 433 1708 1708 324 334 1709 1709 407 434 1710 1710 425 562 1711 1711 409 436 1712 1712 503 563 1713 1713 425 562 1714 1714 407 434 1715 1715 405 432 1716 1716 503 563 1717 1717 407 434 1718 1718 222 222 1719 1719 503 563 1720 1720 405 432 1721 1721 224 224 1722 1722 222 222 1723 1723 405 432 1724 1724 148 564 1725 1725 475 565 1726 1726 150 566 1727 1727 504 567 1728 1728 475 565 1729 1729 148 564 1730 1730 146 568 1731 1731 504 567 1732 1732 148 564 1733 1733 505 569 1734 1734 504 567 1735 1735 146 568 1736 1736 410 570 1737 1737 505 569 1738 1738 146 568 1739 1739 506 571 1740 1740 286 294 1741 1741 284 290 1742 1742 288 296 1743 1743 286 294 1744 1744 506 571 1745 1745 507 572 1746 1746 288 296 1747 1747 506 571 1748 1748 290 298 1749 1749 288 296 1750 1750 507 572 1751 1751 508 573 1752 1752 290 298 1753 1753 507 572 1754 1754 320 330 1755 1755 509 574 1756 1756 319 331 1757 1757 510 575 1758 1758 509 574 1759 1759 320 330 1760 1760 409 436 1761 1761 510 575 1762 1762 320 330 1763 1763 426 576 1764 1764 510 575 1765 1765 409 436 1766 1766 425 562 1767 1767 426 576 1768 1768 409 436 1769 1769 513 577 1770 1770 512 578 1771 1771 511 579 1772 1772 514 580 1773 1773 512 578 1774 1774 513 577 1775 1775 515 581 1776 1776 514 580 1777 1777 513 577 1778 1778 516 582 1779 1779 514 580 1780 1780 515 581 1781 1781 517 583 1782 1782 516 582 1783 1783 515 581 1784 1784 471 520 1785 1785 155 248 1786 1786 244 246 1787 1787 153 584 1788 1788 155 248 1789 1789 471 520 1790 1790 188 188 1791 1791 153 584 1792 1792 471 520 1793 1793 151 585 1794 1794 153 584 1795 1795 188 188 1796 1796 149 149 1797 1797 151 585 1798 1798 188 188 1799 1799 520 586 1800 1800 519 587 1801 1801 518 588 1802 1802 521 589 1803 1803 519 587 1804 1804 520 586 1805 1805 522 590 1806 1806 521 589 1807 1807 520 586 1808 1808 451 496 1809 1809 521 589 1810 1810 522 590 1811 1811 523 591 1812 1812 312 592 1813 1813 314 593 1814 1814 310 594 1815 1815 312 592 1816 1816 523 591 1817 1817 500 595 1818 1818 310 594 1819 1819 523 591 1820 1820 524 596 1821 1821 310 594 1822 1822 500 595 1823 1823 527 597 1824 1824 526 598 1825 1825 525 599 1826 1826 506 571 1827 1827 526 598 1828 1828 527 597 1829 1829 528 600 1830 1830 506 571 1831 1831 527 597 1832 1832 529 601 1833 1833 506 571 1834 1834 528 600 1835 1835 530 602 1836 1836 527 603 1837 1837 525 604 1838 1838 531 605 1839 1839 527 597 1840 1840 530 606 1841 1841 532 607 1842 1842 531 605 1843 1843 530 606 1844 1844 533 608 1845 1845 531 605 1846 1846 532 607 1847 1847 473 609 1848 1848 360 376 1849 1849 362 378 1850 1850 358 374 1851 1851 360 376 1852 1852 473 609 1853 1853 472 610 1854 1854 358 374 1855 1855 473 609 1856 1856 470 611 1857 1857 358 374 1858 1858 472 610 1859 1859 206 206 1860 1860 230 410 1861 1861 204 204 1862 1862 228 612 1863 1863 230 410 1864 1864 206 206 1865 1865 208 208 1866 1866 228 612 1867 1867 206 206 1868 1868 210 210 1869 1869 228 612 1870 1870 208 208 1871 1871 536 613 1872 1872 535 614 1873 1873 534 615 1874 1874 537 616 1875 1875 535 614 1876 1876 536 613 1877 1877 538 617 1878 1878 537 616 1879 1879 536 613 1880 1880 539 618 1881 1881 537 616 1882 1882 538 617 1883 1883 540 619 1884 1884 497 620 1885 1885 495 621 1886 1886 499 622 1887 1887 497 620 1888 1888 540 619 1889 1889 309 623 1890 1890 499 622 1891 1891 540 619 1892 1892 307 624 1893 1893 499 622 1894 1894 309 623 1895 1895 543 625 1896 1896 542 626 1897 1897 541 627 1898 1898 544 628 1899 1899 542 626 1900 1900 543 625 1901 1901 545 629 1902 1902 544 628 1903 1903 543 625 1904 1904 546 630 1905 1905 544 628 1906 1906 545 629 1907 1907 549 631 1908 1908 548 632 1909 1909 547 633 1910 1910 550 634 1911 1911 548 632 1912 1912 549 631 1913 1913 551 635 1914 1914 550 634 1915 1915 549 631 1916 1916 552 636 1917 1917 550 634 1918 1918 551 635 1919 1919 554 637 1920 1920 550 638 1921 1921 553 639 1922 1922 548 640 1923 1923 550 638 1924 1924 554 637 1925 1925 555 641 1926 1926 548 642 1927 1927 554 643 1928 1928 547 644 1929 1929 548 645 1930 1930 555 646 1931 1931 22 22 1932 1932 26 26 1933 1933 24 24 1934 1934 28 28 1935 1935 26 26 1936 1936 22 22 1937 1937 556 647 1938 1938 28 28 1939 1939 22 22 1940 1940 246 648 1941 1941 28 28 1942 1942 556 647 1943 1943 557 649 1944 1944 452 495 1945 1945 450 497 1946 1946 454 499 1947 1947 452 495 1948 1948 557 649 1949 1949 414 650 1950 1950 454 499 1951 1951 557 649 1952 1952 416 651 1953 1953 454 499 1954 1954 414 652 1955 1955 560 653 1956 1956 559 654 1957 1957 558 655 1958 1958 426 576 1959 1959 559 654 1960 1960 560 653 1961 1961 561 656 1962 1962 426 576 1963 1963 560 653 1964 1964 510 575 1965 1965 426 576 1966 1966 561 656 1967 1967 563 657 1968 1968 158 658 1969 1969 562 659 1970 1970 564 660 1971 1971 158 658 1972 1972 563 657 1973 1973 565 661 1974 1974 564 660 1975 1975 563 657 1976 1976 160 662 1977 1977 564 660 1978 1978 565 661 1979 1979 376 393 1980 1980 372 387 1981 1981 370 389 1982 1982 566 663 1983 1983 372 387 1984 1984 376 393 1985 1985 374 391 1986 1986 566 663 1987 1987 376 393 1988 1988 372 387 1989 1989 566 663 1990 1990 374 391 1991 1991 569 664 1992 1992 568 665 1993 1993 567 666 1994 1994 570 667 1995 1995 568 665 1996 1996 569 664 1997 1997 378 668 1998 1998 570 667 1999 1999 569 664 2000 2000 571 669 2001 2001 570 667 2002 2002 378 668 2003 2003 573 670 2004 2004 323 333 2005 2005 572 671 2006 2006 325 335 2007 2007 323 333 2008 2008 573 670 2009 2009 384 672 2010 2010 325 335 2011 2011 573 670 2012 2012 226 226 2013 2013 325 335 2014 2014 384 672 2015 2015 366 383 2016 2016 574 673 2017 2017 364 381 2018 2018 575 674 2019 2019 574 673 2020 2020 366 383 2021 2021 368 385 2022 2022 575 674 2023 2023 366 383 2024 2024 369 386 2025 2025 575 674 2026 2026 368 385 2027 2027 578 675 2028 2028 577 676 2029 2029 576 677 2030 2030 579 678 2031 2031 577 676 2032 2032 578 675 2033 2033 289 679 2034 2034 579 678 2035 2035 578 675 2036 2036 291 680 2037 2037 579 678 2038 2038 289 679 2039 2039 231 681 2040 2040 580 682 2041 2041 492 683 2042 2042 581 684 2043 2043 580 682 2044 2044 231 681 2045 2045 229 685 2046 2046 581 684 2047 2047 231 681 2048 2048 582 686 2049 2049 581 684 2050 2050 229 685 2051 2051 583 687 2052 2052 382 400 2053 2053 384 402 2054 2054 380 398 2055 2055 382 400 2056 2056 583 687 2057 2057 571 688 2058 2058 380 398 2059 2059 583 687 2060 2060 378 396 2061 2061 380 398 2062 2062 571 688 2063 2063 318 328 2064 2064 567 666 2065 2065 317 327 2066 2066 569 664 2067 2067 567 666 2068 2068 318 328 2069 2069 225 225 2070 2070 569 664 2071 2071 318 328 2072 2072 378 668 2073 2073 569 664 2074 2074 225 225 2075 2075 584 689 2076 2076 455 500 2077 2077 420 502 2078 2078 519 587 2079 2079 455 500 2080 2080 584 689 2081 2081 585 690 2082 2082 519 587 2083 2083 584 689 2084 2084 518 588 2085 2085 519 587 2086 2086 585 690 2087 2087 588 691 2088 2088 587 692 2089 2089 586 693 2090 2090 589 694 2091 2091 587 692 2092 2092 588 691 2093 2093 590 695 2094 2094 589 694 2095 2095 588 691 2096 2096 591 696 2097 2097 589 694 2098 2098 590 695 2099 2099 594 697 2100 2100 593 698 2101 2101 592 699 2102 2102 595 700 2103 2103 593 698 2104 2104 594 697 2105 2105 596 701 2106 2106 595 700 2107 2107 594 697 2108 2108 597 702 2109 2109 595 700 2110 2110 596 701 2111 2111 599 703 2112 2112 598 704 2113 2113 533 705 2114 2114 600 706 2115 2115 598 704 2116 2116 599 703 2117 2117 601 707 2118 2118 600 706 2119 2119 599 703 2120 2120 603 708 2121 2121 602 709 2122 2122 419 552 2123 2123 604 710 2124 2124 602 709 2125 2125 603 708 2126 2126 562 711 2127 2127 604 710 2128 2128 603 708 2129 2129 605 712 2130 2130 463 510 2131 2131 457 504 2132 2132 461 508 2133 2133 463 510 2134 2134 605 712 2135 2135 459 506 2136 2136 461 508 2137 2137 605 712 2138 2138 608 713 2139 2139 607 714 2140 2140 606 715 2141 2141 609 716 2142 2142 607 714 2143 2143 608 713 2144 2144 610 717 2145 2145 609 716 2146 2146 608 713 2147 2147 608 713 2148 2148 611 718 2149 2149 610 717 2150 2150 612 719 2151 2151 611 718 2152 2152 608 713 2153 2153 613 720 2154 2154 612 719 2155 2155 608 713 2156 2156 614 721 2157 2157 336 346 2158 2158 338 348 2159 2159 342 352 2160 2160 336 346 2161 2161 614 721 2162 2162 340 350 2163 2163 342 352 2164 2164 614 721 2165 2165 616 722 2166 2166 355 518 2167 2167 615 723 2168 2168 357 724 2169 2169 355 518 2170 2170 616 722 2171 2171 359 725 2172 2172 357 724 2173 2173 616 722 2174 2174 491 544 2175 2175 618 726 2176 2176 617 727 2177 2177 162 728 2178 2178 618 726 2179 2179 491 544 2180 2180 213 545 2181 2181 162 728 2182 2182 491 544 2183 2183 490 543 2184 2184 212 729 2185 2185 213 545 2186 2186 210 730 2187 2187 212 729 2188 2188 490 543 2189 2189 619 731 2190 2190 210 730 2191 2191 490 543 2192 2192 620 732 2193 2193 106 106 2194 2194 104 104 2195 2195 108 108 2196 2196 106 106 2197 2197 620 732 2198 2198 110 110 2199 2199 108 108 2200 2200 620 732 2201 2201 579 678 2202 2202 621 733 2203 2203 577 676 2204 2204 292 734 2205 2205 621 733 2206 2206 579 678 2207 2207 291 680 2208 2208 292 734 2209 2209 579 678 2210 2210 622 735 2211 2211 142 142 2212 2212 140 140 2213 2213 144 144 2214 2214 142 142 2215 2215 622 735 2216 2216 130 132 2217 2217 144 144 2218 2218 622 735 2219 2219 622 735 2220 2220 132 130 2221 2221 130 132 2222 2222 134 134 2223 2223 132 130 2224 2224 622 735 2225 2225 136 136 2226 2226 134 134 2227 2227 622 735 2228 2228 196 196 2229 2229 192 192 2230 2230 194 194 2231 2231 190 190 2232 2232 192 192 2233 2233 196 196 2234 2234 198 198 2235 2235 190 190 2236 2236 196 196 2237 2237 193 193 2238 2238 197 197 2239 2239 195 195 2240 2240 199 199 2241 2241 197 197 2242 2242 193 193 2243 2243 191 189 2244 2244 199 199 2245 2245 193 193 2246 2246 625 736 2247 2247 624 737 2248 2248 623 738 2249 2249 626 739 2250 2250 624 737 2251 2251 625 736 2252 2252 627 740 2253 2253 626 739 2254 2254 625 736 2255 2255 630 741 2256 2256 629 742 2257 2257 628 743 2258 2258 631 744 2259 2259 629 742 2260 2260 630 741 2261 2261 632 745 2262 2262 631 744 2263 2263 630 741 2264 2264 456 505 2265 2265 462 509 2266 2266 633 746 2267 2267 463 510 2268 2268 462 509 2269 2269 456 505 2270 2270 457 504 2271 2271 463 510 2272 2272 456 505 2273 2273 583 747 2274 2274 570 667 2275 2275 571 669 2276 2276 634 748 2277 2277 570 667 2278 2278 583 747 2279 2279 635 749 2280 2280 634 748 2281 2281 583 747 2282 2282 384 672 2283 2283 635 749 2284 2284 583 747 2285 2285 636 750 2286 2286 635 749 2287 2287 384 672 2288 2288 573 670 2289 2289 636 750 2290 2290 384 672 2291 2291 503 563 2292 2292 218 218 2293 2293 425 562 2294 2294 220 220 2295 2295 218 218 2296 2296 503 563 2297 2297 222 222 2298 2298 220 220 2299 2299 503 563 2300 2300 494 553 2301 2301 168 168 2302 2302 170 170 2303 2303 424 456 2304 2304 168 168 2305 2305 494 553 2306 2306 422 454 2307 2307 424 456 2308 2308 494 553 2309 2309 639 751 2310 2310 638 752 2311 2311 637 753 2312 2312 640 754 2313 2313 638 752 2314 2314 639 751 2315 2315 641 755 2316 2316 640 754 2317 2317 639 751 2318 2318 639 751 2319 2319 642 756 2320 2320 641 755 2321 2321 643 757 2322 2322 642 756 2323 2323 639 751 2324 2324 644 758 2325 2325 643 757 2326 2326 639 751 2327 2327 645 759 2328 2328 493 760 2329 2329 492 761 2330 2330 646 762 2331 2331 493 760 2332 2332 645 759 2333 2333 603 763 2334 2334 646 762 2335 2335 645 759 2336 2336 619 731 2337 2337 227 764 2338 2338 210 730 2339 2339 647 765 2340 2340 227 764 2341 2341 619 731 2342 2342 488 539 2343 2343 647 765 2344 2344 619 731 2345 2345 648 766 2346 2346 486 541 2347 2347 487 540 2348 2348 582 686 2349 2349 486 541 2350 2350 648 766 2351 2351 580 682 2352 2352 582 686 2353 2353 648 766 2354 2354 649 767 2355 2355 389 768 2356 2356 387 769 2357 2357 391 770 2358 2358 389 768 2359 2359 649 767 2360 2360 393 771 2361 2361 391 770 2362 2362 649 767 2363 2363 650 772 2364 2364 554 773 2365 2365 553 774 2366 2366 555 775 2367 2367 554 773 2368 2368 650 772 2369 2369 651 776 2370 2370 555 777 2371 2371 650 778 2372 2372 648 779 2373 2373 562 780 2374 2374 645 759 2375 2375 563 657 2376 2376 562 780 2377 2377 648 779 2378 2378 565 661 2379 2379 563 657 2380 2380 648 779 2381 2381 652 781 2382 2382 532 782 2383 2383 530 783 2384 2384 653 784 2385 2385 532 782 2386 2386 652 781 2387 2387 283 785 2388 2388 653 784 2389 2389 652 781 2390 2390 531 605 2391 2391 528 600 2392 2392 527 597 2393 2393 576 786 2394 2394 528 600 2395 2395 531 605 2396 2396 598 787 2397 2397 576 786 2398 2398 531 605 2399 2399 292 300 2400 2400 654 788 2401 2401 621 789 2402 2402 508 790 2403 2403 654 788 2404 2404 292 300 2405 2405 290 298 2406 2406 508 790 2407 2407 292 300 2408 2408 657 791 2409 2409 656 792 2410 2410 655 793 2411 2411 658 794 2412 2412 656 792 2413 2413 657 791 2414 2414 659 795 2415 2415 658 794 2416 2416 657 791 2417 2417 514 796 2418 2418 660 797 2419 2419 512 798 2420 2420 517 799 2421 2421 660 797 2422 2422 514 796 2423 2423 516 800 2424 2424 517 799 2425 2425 514 796 2426 2426 662 801 2427 2427 596 701 2428 2428 661 802 2429 2429 597 702 2430 2430 596 701 2431 2431 662 801 2432 2432 663 803 2433 2433 597 702 2434 2434 662 801 2435 2435 507 572 2436 2436 654 788 2437 2437 508 573 2438 2438 529 601 2439 2439 654 788 2440 2440 507 572 2441 2441 506 571 2442 2442 529 601 2443 2443 507 572 2444 2444 664 804 2445 2445 247 249 2446 2446 245 805 2447 2447 254 258 2448 2448 247 249 2449 2449 664 804 2450 2450 252 256 2451 2451 254 258 2452 2452 664 804 2453 2453 429 806 2454 2454 218 807 2455 2455 431 808 2456 2456 425 809 2457 2457 218 807 2458 2458 429 806 2459 2459 427 810 2460 2460 425 809 2461 2461 429 806 2462 2462 667 811 2463 2463 666 812 2464 2464 665 813 2465 2465 544 814 2466 2466 666 812 2467 2467 667 811 2468 2468 542 815 2469 2469 544 814 2470 2470 667 811 2471 2471 669 816 2472 2472 541 817 2473 2473 668 818 2474 2474 543 819 2475 2475 541 817 2476 2476 669 816 2477 2477 545 820 2478 2478 543 819 2479 2479 669 816 2480 2480 670 821 2481 2481 545 820 2482 2482 669 816 2483 2483 546 822 2484 2484 545 820 2485 2485 670 821 2486 2486 665 823 2487 2487 546 824 2488 2488 670 825 2489 2489 438 476 2490 2490 443 481 2491 2491 437 477 2492 2492 444 482 2493 2493 443 481 2494 2494 438 476 2495 2495 442 480 2496 2496 444 482 2497 2497 438 476 2498 2498 355 518 2499 2499 241 241 2500 2500 240 240 2501 2501 242 242 2502 2502 241 241 2503 2503 355 518 2504 2504 243 244 2505 2505 242 242 2506 2506 355 518 2507 2507 200 826 2508 2508 6 494 2509 2509 4 827 2510 2510 189 492 2511 2511 6 494 2512 2512 200 826 2513 2513 421 453 2514 2514 671 828 2515 2515 163 165 2516 2516 176 176 2517 2517 671 828 2518 2518 421 453 2519 2519 478 829 2520 2520 672 830 2521 2521 413 831 2522 2522 237 832 2523 2523 672 830 2524 2524 478 829 2525 2525 152 833 2526 2526 674 834 2527 2527 673 835 2528 2528 675 836 2529 2529 674 834 2530 2530 152 833 2531 2531 400 837 2532 2532 537 616 2533 2533 539 618 2534 2534 676 838 2535 2535 537 616 2536 2536 400 837 2537 2537 676 838 2538 2538 677 839 2539 2539 537 616 2540 2540 678 840 2541 2541 677 839 2542 2542 676 838 2543 2543 618 726 2544 2544 160 662 2545 2545 565 661 2546 2546 162 728 2547 2547 160 662 2548 2548 618 726 2549 2549 181 841 2550 2550 410 842 2551 2551 146 843 2552 2552 400 844 2553 2553 410 842 2554 2554 181 841 2555 2555 501 845 2556 2556 307 624 2557 2557 679 846 2558 2558 499 622 2559 2559 307 624 2560 2560 501 845 2561 2561 682 847 2562 2562 681 848 2563 2563 680 849 2564 2564 683 850 2565 2565 681 848 2566 2566 682 847 2567 2567 686 851 2568 2568 685 852 2569 2569 684 853 2570 2570 687 854 2571 2571 685 852 2572 2572 686 851 2573 2573 647 855 2574 2574 486 541 2575 2575 582 856 2576 2576 488 539 2577 2577 486 541 2578 2578 647 855 2579 2579 487 540 2580 2580 617 727 2581 2581 688 857 2582 2582 489 542 2583 2583 617 727 2584 2584 487 540 2585 2585 674 834 2586 2586 237 858 2587 2587 478 859 2588 2588 675 836 2589 2589 237 858 2590 2590 674 834 2591 2591 306 860 2592 2592 689 861 2593 2593 305 862 2594 2594 308 863 2595 2595 689 861 2596 2596 306 860 2597 2597 651 864 2598 2598 549 865 2599 2599 547 866 2600 2600 650 867 2601 2601 549 868 2602 2602 651 869 2603 2603 689 870 2604 2604 679 871 2605 2605 305 872 2606 2606 524 873 2607 2607 679 871 2608 2608 689 870 2609 2609 474 874 2610 2610 673 875 2611 2611 475 876 2612 2612 152 877 2613 2613 673 875 2614 2614 474 874 2615 2615 540 619 2616 2616 311 878 2617 2617 309 623 2618 2618 313 879 2619 2619 311 878 2620 2620 540 619 2621 2621 498 880 2622 2622 523 591 2623 2623 496 881 2624 2624 500 595 2625 2625 523 591 2626 2626 498 880 2627 2627 692 882 2628 2628 691 883 2629 2629 690 884 2630 2630 693 885 2631 2631 691 883 2632 2632 692 882 2633 2633 693 885 2634 2634 694 886 2635 2635 691 883 2636 2636 695 887 2637 2637 694 886 2638 2638 693 885 2639 2639 662 888 2640 2640 696 888 2641 2641 663 888 2642 2642 593 889 2643 2643 696 889 2644 2644 662 889 2645 2645 698 890 2646 2646 588 691 2647 2647 697 891 2648 2648 590 695 2649 2649 588 691 2650 2650 698 890 2651 2651 699 892 2652 2652 556 893 2653 2653 20 894 2654 2654 245 895 2655 2655 556 893 2656 2656 699 892 2657 2657 700 896 2658 2658 245 897 2659 2659 699 898 2660 2660 664 804 2661 2661 245 897 2662 2662 700 896 2663 2663 549 868 2664 2664 701 899 2665 2665 551 900 2666 2666 650 867 2667 2667 701 899 2668 2668 549 868 2669 2669 295 301 2670 2670 299 307 2671 2671 297 305 2672 2672 293 303 2673 2673 299 307 2674 2674 295 301 2675 2675 703 901 2676 2676 256 260 2677 2677 702 902 2678 2678 255 261 2679 2679 256 260 2680 2680 703 901 2681 2681 673 903 2682 2682 477 527 2683 2683 475 526 2684 2684 674 904 2685 2685 477 527 2686 2686 673 903 2687 2687 480 905 2688 2688 660 906 2689 2689 479 907 2690 2690 704 908 2691 2691 660 906 2692 2692 480 905 2693 2693 704 908 2694 2694 512 578 2695 2695 660 906 2696 2696 511 579 2697 2697 512 578 2698 2698 704 908 2699 2699 705 909 2700 2700 387 769 2701 2701 269 910 2702 2702 649 767 2703 2703 387 769 2704 2704 705 909 2705 2705 517 583 2706 2706 485 538 2707 2707 483 536 2708 2708 515 581 2709 2709 485 538 2710 2710 517 583 2711 2711 646 911 2712 2712 419 552 2713 2713 493 550 2714 2714 603 708 2715 2715 419 552 2716 2716 646 911 2717 2717 354 912 2718 2718 281 913 2719 2719 434 914 2720 2720 280 915 2721 2721 281 916 2722 2722 354 917 2723 2723 404 431 2724 2724 202 202 2725 2725 386 404 2726 2726 201 203 2727 2727 202 202 2728 2728 404 431 2729 2729 540 918 2730 2730 314 919 2731 2731 313 920 2732 2732 523 921 2733 2733 314 922 2734 2734 540 923 2735 2735 495 924 2736 2736 523 925 2737 2737 540 926 2738 2738 496 927 2739 2739 523 928 2740 2740 495 929 2741 2741 524 873 2742 2742 501 560 2743 2743 679 871 2744 2744 500 559 2745 2745 501 560 2746 2746 524 873 2747 2747 432 930 2748 2748 707 931 2749 2749 706 932 2750 2750 433 933 2751 2751 707 934 2752 2752 432 935 2753 2753 237 832 2754 2754 413 831 2755 2755 672 830 2756 2756 476 524 2757 2757 413 528 2758 2758 237 936 2759 2759 708 937 2760 2760 669 938 2761 2761 668 939 2762 2762 667 940 2763 2763 669 941 2764 2764 708 942 2765 2765 670 943 2766 2766 667 944 2767 2767 665 945 2768 2768 669 941 2769 2769 667 940 2770 2770 670 946 2771 2771 709 947 2772 2772 550 948 2773 2773 552 949 2774 2774 553 639 2775 2775 550 638 2776 2776 709 950 2777 2777 225 951 2778 2778 381 952 2779 2779 379 953 2780 2780 226 954 2781 2781 381 952 2782 2782 225 951 2783 2783 430 462 2784 2784 214 955 2785 2785 559 956 2786 2786 216 464 2787 2787 214 955 2788 2788 430 462 2789 2789 519 587 2790 2790 453 498 2791 2791 455 500 2792 2792 521 589 2793 2793 453 498 2794 2794 519 587 2795 2795 248 252 2796 2796 700 896 2797 2797 699 957 2798 2798 250 254 2799 2799 700 896 2800 2800 248 252 2801 2801 710 958 2802 2802 38 38 2803 2803 36 34 2804 2804 711 959 2805 2805 38 38 2806 2806 710 958 2807 2807 711 959 2808 2808 40 40 2809 2809 38 38 2810 2810 712 960 2811 2811 40 40 2812 2812 711 959 2813 2813 712 960 2814 2814 42 42 2815 2815 40 40 2816 2816 713 961 2817 2817 42 42 2818 2818 712 960 2819 2819 713 961 2820 2820 44 44 2821 2821 42 42 2822 2822 714 962 2823 2823 44 44 2824 2824 713 961 2825 2825 714 962 2826 2826 46 46 2827 2827 44 44 2828 2828 715 963 2829 2829 46 46 2830 2830 714 962 2831 2831 715 963 2832 2832 48 48 2833 2833 46 46 2834 2834 716 964 2835 2835 48 48 2836 2836 715 963 2837 2837 628 743 2838 2838 631 744 2839 2839 632 745 2840 2840 629 742 2841 2841 631 744 2842 2842 628 743 2843 2843 248 252 2844 2844 18 965 2845 2845 246 250 2846 2846 699 966 2847 2847 18 965 2848 2848 248 252 2849 2849 627 740 2850 2850 624 737 2851 2851 626 739 2852 2852 623 738 2853 2853 624 737 2854 2854 627 740 2855 2855 595 700 2856 2856 696 967 2857 2857 593 698 2858 2858 597 702 2859 2859 696 967 2860 2860 595 700 2861 2861 181 181 2862 2862 185 185 2863 2863 183 183 2864 2864 146 968 2865 2865 185 185 2866 2866 181 181 2867 2867 186 186 2868 2868 270 274 2869 2869 268 272 2870 2870 187 187 2871 2871 270 274 2872 2872 186 186 2873 2873 187 187 2874 2874 362 969 2875 2875 270 274 2876 2876 188 188 2877 2877 362 969 2878 2878 187 187 2879 2879 433 933 2880 2880 353 970 2881 2881 707 934 2882 2882 435 971 2883 2883 353 970 2884 2884 433 933 2885 2885 352 972 2886 2886 435 971 2887 2887 436 973 2888 2888 353 970 2889 2889 435 971 2890 2890 352 972 2891 2891 717 974 2892 2892 608 713 2893 2893 606 715 2894 2894 613 720 2895 2895 608 713 2896 2896 717 974 2897 2897 518 975 2898 2898 604 976 2899 2899 156 977 2900 2900 585 978 2901 2901 604 976 2902 2902 518 975 2903 2903 720 979 2904 2904 719 980 2905 2905 718 981 2906 2906 721 982 2907 2907 719 980 2908 2908 720 979 2909 2909 724 983 2910 2910 723 984 2911 2911 722 985 2912 2912 725 986 2913 2913 723 984 2914 2914 724 983 2915 2915 585 978 2916 2916 602 987 2917 2917 604 976 2918 2918 584 988 2919 2919 602 987 2920 2920 585 978 2921 2921 102 102 2922 2922 620 732 2923 2923 104 104 2924 2924 100 98 2925 2925 620 732 2926 2926 102 102 2927 2927 98 100 2928 2928 620 732 2929 2929 100 98 2930 2930 112 112 2931 2931 620 732 2932 2932 98 100 2933 2933 285 293 2934 2934 653 989 2935 2935 283 291 2936 2936 726 990 2937 2937 653 989 2938 2938 285 293 2939 2939 584 988 2940 2940 419 991 2941 2941 602 987 2942 2942 420 992 2943 2943 419 991 2944 2944 584 988 2945 2945 600 706 2946 2946 578 675 2947 2947 576 677 2948 2948 287 993 2949 2949 578 675 2950 2950 600 706 2951 2951 601 994 2952 2952 285 293 2953 2953 287 295 2954 2954 726 990 2955 2955 285 293 2956 2956 601 994 2957 2957 143 143 2958 2958 139 139 2959 2959 141 141 2960 2960 145 145 2961 2961 139 139 2962 2962 143 143 2963 2963 135 135 2964 2964 131 131 2965 2965 133 133 2966 2966 137 137 2967 2967 131 131 2968 2968 135 135 2969 2969 145 145 2970 2970 137 137 2971 2971 139 139 2972 2972 131 131 2973 2973 137 137 2974 2974 145 145 2975 2975 473 522 2976 2976 188 188 2977 2977 471 520 2978 2978 362 969 2979 2979 188 188 2980 2980 473 522 2981 2981 706 995 2982 2982 434 996 2983 2983 432 997 2984 2984 354 998 2985 2985 434 999 2986 2986 706 1000 2987 2987 622 735 2988 2988 138 138 2989 2989 136 136 2990 2990 140 140 2991 2991 138 138 2992 2992 622 735 2993 2993 526 598 2994 2994 284 290 2995 2995 282 1001 2996 2996 506 571 2997 2997 284 290 2998 2998 526 598 2999 2999 14 14 3000 3000 11 11 3001 3001 13 13 3002 3002 15 15 3003 3003 11 11 3004 3004 14 14 3005 3005 1 1 3006 3006 12 12 3007 3007 10 10 3008 3008 3 3 3009 3009 12 12 3010 3010 1 1 3011 3011 7 7 3012 3012 16 16 3013 3013 5 5 3014 3014 17 17 3015 3015 16 16 3016 3016 7 7 3017 3017 660 797 3018 3018 481 1002 3019 3019 479 1003 3020 3020 517 799 3021 3021 481 1002 3022 3022 660 797 3023 3023 270 1004 3024 3024 705 909 3025 3025 269 1005 3026 3026 616 722 3027 3027 705 909 3028 3028 270 1004 3029 3029 351 1006 3030 3030 436 973 3031 3031 271 1007 3032 3032 352 972 3033 3033 436 973 3034 3034 351 1006 3035 3035 663 1008 3036 3036 593 1008 3037 3037 696 1008 3038 3038 662 1009 3039 3039 593 1009 3040 3040 663 1009 3041 3041 728 1010 3042 3042 697 1011 3043 3043 727 1012 3044 3044 729 1013 3045 3045 697 1011 3046 3046 728 1010 3047 3047 25 25 3048 3048 29 29 3049 3049 31 31 3050 3050 27 27 3051 3051 29 29 3052 3052 25 25 3053 3053 32 32 3054 3054 19 19 3055 3055 33 33 3056 3056 30 30 3057 3057 19 19 3058 3058 32 32 3059 3059 656 792 3060 3060 731 1014 3061 3061 730 1015 3062 3062 658 794 3063 3063 731 1014 3064 3064 656 792 3065 3065 246 648 3066 3066 30 30 3067 3067 28 28 3068 3068 18 20 3069 3069 30 30 3070 3070 246 648 3071 3071 661 1016 3072 3072 594 1017 3073 3073 592 1018 3074 3074 596 701 3075 3075 594 697 3076 3076 661 1019 3077 3077 732 1020 3078 3078 719 980 3079 3079 721 1021 3080 3080 718 981 3081 3081 719 980 3082 3082 732 1020 3083 3083 733 1022 3084 3084 723 984 3085 3085 725 1023 3086 3086 722 985 3087 3087 723 984 3088 3088 733 1022 3089 3089 577 1024 3090 3090 654 788 3091 3091 529 601 3092 3092 621 789 3093 3093 654 788 3094 3094 577 1024 3095 3095 59 59 3096 3096 55 55 3097 3097 57 57 3098 3098 61 61 3099 3099 55 55 3100 3100 59 59 3101 3101 51 51 3102 3102 63 63 3103 3103 65 65 3104 3104 53 53 3105 3105 63 63 3106 3106 51 51 3107 3107 53 53 3108 3108 61 61 3109 3109 63 63 3110 3110 55 55 3111 3111 61 61 3112 3112 53 53 3113 3113 576 786 3114 3114 529 601 3115 3115 528 600 3116 3116 577 1024 3117 3117 529 601 3118 3118 576 786 3119 3119 215 215 3120 3120 559 654 3121 3121 214 216 3122 3122 558 655 3123 3123 559 654 3124 3124 215 215 3125 3125 532 1025 3126 3126 599 703 3127 3127 533 705 3128 3128 653 1026 3129 3129 599 703 3130 3130 532 1025 3131 3131 414 1027 3132 3132 235 1028 3133 3133 233 1029 3134 3134 237 1030 3135 3135 235 1028 3136 3136 414 1027 3137 3137 156 1031 3138 3138 562 711 3139 3139 158 1032 3140 3140 604 710 3141 3141 562 711 3142 3142 156 1031 3143 3143 428 460 3144 3144 559 956 3145 3145 426 458 3146 3146 430 462 3147 3147 559 956 3148 3148 428 460 3149 3149 586 693 3150 3150 728 1010 3151 3151 727 1012 3152 3152 587 692 3153 3153 728 1010 3154 3154 586 693 3155 3155 588 1033 3156 3156 727 1012 3157 3157 697 1011 3158 3158 586 1034 3159 3159 727 1012 3160 3160 588 1033 3161 3161 361 1035 3162 3162 616 722 3163 3163 270 1004 3164 3164 359 725 3165 3165 616 722 3166 3166 361 1035 3167 3167 36 34 3168 3168 734 1036 3169 3169 710 958 3170 3170 34 36 3171 3171 734 1036 3172 3172 36 34 3173 3173 735 1037 3174 3174 323 333 3175 3175 321 329 3176 3176 572 671 3177 3177 323 333 3178 3178 735 1037 3179 3179 688 857 3180 3180 648 779 3181 3181 487 540 3182 3182 565 661 3183 3183 648 779 3184 3184 688 857 3185 3185 152 1038 3186 3186 475 1039 3187 3187 474 1040 3188 3188 150 566 3189 3189 475 565 3190 3190 152 1041 3191 3191 587 692 3192 3192 729 1013 3193 3193 728 1010 3194 3194 589 694 3195 3195 729 1013 3196 3196 587 692 3197 3197 618 726 3198 3198 688 857 3199 3199 617 727 3200 3200 565 661 3201 3201 688 857 3202 3202 618 726 3203 3203 154 1042 3204 3204 518 1043 3205 3205 156 1044 3206 3206 152 1045 3207 3207 518 1046 3208 3208 154 1047 3209 3209 354 368 3210 3210 707 1048 3211 3211 353 366 3212 3212 706 1049 3213 3213 707 1048 3214 3214 354 368 3215 3215 91 91 3216 3216 87 87 3217 3217 89 89 3218 3218 93 93 3219 3219 87 87 3220 3220 91 91 3221 3221 83 83 3222 3222 95 95 3223 3223 97 97 3224 3224 85 85 3225 3225 95 95 3226 3226 83 83 3227 3227 93 93 3228 3228 85 85 3229 3229 87 87 3230 3230 95 95 3231 3231 85 85 3232 3232 93 93 3233 3233 279 1050 3234 3234 434 465 3235 3235 281 1051 3236 3236 277 469 3237 3237 434 465 3238 3238 279 1050 3239 3239 447 486 3240 3240 174 174 3241 3241 176 176 3242 3242 449 488 3243 3243 174 174 3244 3244 447 486 3245 3245 701 1052 3246 3246 553 1053 3247 3247 709 1054 3248 3248 650 772 3249 3249 553 774 3250 3250 701 1055 3251 3251 729 1013 3252 3252 698 1056 3253 3253 697 1011 3254 3254 736 1057 3255 3255 698 1058 3256 3256 729 1013 3257 3257 736 1057 3258 3258 589 694 3259 3259 591 696 3260 3260 729 1013 3261 3261 589 694 3262 3262 736 1057 3263 3263 252 256 3264 3264 700 896 3265 3265 250 254 3266 3266 664 804 3267 3267 700 896 3268 3268 252 256 3269 3269 737 1059 3270 3270 639 751 3271 3271 637 753 3272 3272 644 758 3273 3273 639 751 3274 3274 737 1059 3275 3275 649 767 3276 3276 207 207 3277 3277 393 771 3278 3278 615 723 3279 3279 207 207 3280 3280 649 767 3281 3281 390 414 3282 3282 404 1060 3283 3283 388 412 3284 3284 392 416 3285 3285 404 1060 3286 3286 390 414 3287 3287 203 1061 3288 3288 392 416 3289 3289 205 418 3290 3290 201 1062 3291 3291 392 416 3292 3292 203 1061 3293 3293 615 723 3294 3294 240 240 3295 3295 207 207 3296 3296 355 518 3297 3297 240 240 3298 3298 615 723 3299 3299 492 761 3300 3300 648 766 3301 3301 645 759 3302 3302 580 682 3303 3303 648 766 3304 3304 492 761 3305 3305 258 262 3306 3306 702 902 3307 3307 256 260 3308 3308 260 264 3309 3309 702 902 3310 3310 258 262 3311 3311 260 264 3312 3312 703 901 3313 3313 702 902 3314 3314 262 266 3315 3315 703 901 3316 3316 260 264 3317 3317 262 266 3318 3318 255 261 3319 3319 703 901 3320 3320 257 259 3321 3321 255 261 3322 3322 262 266 3323 3323 647 765 3324 3324 229 685 3325 3325 227 764 3326 3326 582 686 3327 3327 229 685 3328 3328 647 765 3329 3329 328 338 3330 3330 332 342 3331 3331 334 344 3332 3332 330 340 3333 3333 332 342 3334 3334 328 338 3335 3335 385 406 3336 3336 239 239 3337 3337 401 427 3338 3338 238 238 3339 3339 239 239 3340 3340 385 406 3341 3341 348 358 3342 3342 344 354 3343 3343 346 356 3344 3344 350 360 3345 3345 344 354 3346 3346 348 358 3347 3347 524 596 3348 3348 308 863 3349 3349 310 594 3350 3350 689 861 3351 3351 308 863 3352 3352 524 596 3353 3353 534 615 3354 3354 535 614 3355 3355 152 1063 3356 3356 677 839 3357 3357 678 840 3358 3358 237 1064 3359 3359 470 611 3360 3360 356 372 3361 3361 358 374 3362 3362 271 1065 3363 3363 436 1065 3364 3364 273 1065 3365 3365 305 1066 3366 3366 679 1066 3367 3367 307 1066 3368 3368 581 684 3369 3369 582 686 3370 3370 580 682 3371 3371 210 1067 3372 3372 227 229 3373 3373 228 228 3374 3374 705 909 3375 3375 615 723 3376 3376 649 767 3377 3377 392 416 3378 3378 201 1062 3379 3379 404 1060 3380 3380 645 759 3381 3381 562 780 3382 3382 603 763 3383 3383 213 1068 3384 3384 161 161 3385 3385 162 162 3386 3386 705 909 3387 3387 616 722 3388 3388 615 723 3389 3389 716 964 3390 3390 734 1036 3391 3391 34 36 3392 3392 158 658 3393 3393 564 660 3394 3394 160 662 3395 3395 469 516 3396 3396 465 512 3397 3397 467 514 3398 3398 600 706 3399 3399 576 677 3400 3400 598 704 3401 3401 533 608 3402 3402 598 787 3403 3403 531 605 3404 3404 658 794 3405 3405 738 1069 3406 3406 731 1014 3407 3407 397 423 3408 3408 399 425 3409 3409 395 421 3410 3410 517 799 3411 3411 483 1070 3412 3412 481 1002 3413 3413 600 706 3414 3414 601 707 3415 3415 287 993 3416 3416 599 703 3417 3417 726 1071 3418 3418 601 707 3419 3419 726 1071 3420 3420 599 703 3421 3421 653 1026 3422 3422 246 1072 3423 3423 556 1073 3424 3424 245 1074 3425 3425 253 257 3426 3426 251 255 3427 3427 249 253 3428 3428 431 463 3429 3429 218 1075 3430 3430 216 464 3431 3431 383 1076 3432 3432 381 952 3433 3433 226 954 3434 3434 666 1077 3435 3435 544 628 3436 3436 546 630 3437 3437 671 828 3438 3438 176 176 3439 3439 175 175 3440 3440 619 731 3441 3441 490 543 3442 3442 488 539 3443 3443 491 544 3444 3444 617 727 3445 3445 489 542 3446 3446 478 529 3447 3447 477 527 3448 3448 674 904 3449 3449 597 702 3450 3450 663 803 3451 3451 696 967 3452 3452 438 476 3453 3453 440 478 3454 3454 442 480 3455 3455 699 966 3456 3456 20 1078 3457 3457 18 965 3458 3458 708 1079 3459 3459 542 1080 3460 3460 667 1081 3461 3461 166 166 3462 3462 423 455 3463 3463 164 164 3464 3464 459 506 3465 3465 605 712 3466 3466 457 504 3467 3467 416 651 3468 3468 418 501 3469 3469 454 499 3470 3470 521 589 3471 3471 451 496 3472 3472 453 498 3473 3473 716 964 3474 3474 34 36 3475 3475 48 48 3476 3476 445 483 3477 3477 387 484 3478 3478 177 179 3479 3479 185 185 3480 3480 146 968 3481 3481 147 147 3482 3482 338 348 3483 3483 340 350 3484 3484 614 721 3485 3485 620 732 3486 3486 112 112 3487 3487 110 110 3488 3488 578 675 3489 3489 287 993 3490 3490 289 679 3491 3491 627 740 3492 3492 625 736 3493 3493 623 738 3494 3494 20 18 3495 3495 556 647 3496 3496 22 22 3497 3497 19 19 3498 3498 30 30 3499 3499 18 20 3500 3500 628 743 3501 3501 632 745 3502 3502 630 741 3503 3503 502 561 3504 3504 406 433 3505 3505 408 435 3506 3506</p>
        </triangles>
      </mesh>
    </geometry>
  </library_geometries>
  <library_controllers>
    <controller id="Armature_polygon2-skin" name="Armature">
      <skin source="#polygon2-mesh">
        <bind_shape_matrix>1 0 0 0 0 1 0 0 0 0 1 0 0 0 0 1</bind_shape_matrix>
        <source id="Armature_polygon2-skin-joints">
          <Name_array id="Armature_polygon2-skin-joints-array" count="1">la_bike_all</Name_array>
          <technique_common>
            <accessor source="#Armature_polygon2-skin-joints-array" count="1" stride="1">
              <param name="JOINT" type="name"/>
            </accessor>
          </technique_common>
        </source>
        <source id="Armature_polygon2-skin-bind_poses">
          <float_array id="Armature_polygon2-skin-bind_poses-array" count="16">100 0 0 0 0 7.54979e-6 100 0 0 -100 7.54979e-6 0 0 0 0 1</float_array>
          <technique_common>
            <accessor source="#Armature_polygon2-skin-bind_poses-array" count="1" stride="16">
              <param name="TRANSFORM" type="float4x4"/>
            </accessor>
          </technique_common>
        </source>
        <source id="Armature_polygon2-skin-weights">
          <float_array id="Armature_polygon2-skin-weights-array" count="17">1 1 1 1 1 1 1 1 1 1 1 1 1 1 1 1 1</float_array>
          <technique_common>
            <accessor source="#Armature_polygon2-skin-weights-array" count="17" stride="1">
              <param name="WEIGHT" type="float"/>
            </accessor>
          </technique_common>
        </source>
        <joints>
          <input semantic="JOINT" source="#Armature_polygon2-skin-joints"/>
          <input semantic="INV_BIND_MATRIX" source="#Armature_polygon2-skin-bind_poses"/>
        </joints>
        <vertex_weights count="17">
          <input semantic="JOINT" source="#Armature_polygon2-skin-joints" offset="0"/>
          <input semantic="WEIGHT" source="#Armature_polygon2-skin-weights" offset="1"/>
          <vcount>1 1 1 1 1 1 1 1 1 1 1 1 1 1 1 1 1 </vcount>
          <v>0 0 0 1 0 2 0 3 0 4 0 5 0 6 0 7 0 8 0 9 0 10 0 11 0 12 0 13 0 14 0 15 0 16</v>
        </vertex_weights>
      </skin>
    </controller>
    <controller id="Armature_polygon1-skin" name="Armature">
      <skin source="#polygon1-mesh">
        <bind_shape_matrix>1 0 0 0 0 1 0 0 0 0 1 0 0 0 0 1</bind_shape_matrix>
        <source id="Armature_polygon1-skin-joints">
          <Name_array id="Armature_polygon1-skin-joints-array" count="1">la_bike_all</Name_array>
          <technique_common>
            <accessor source="#Armature_polygon1-skin-joints-array" count="1" stride="1">
              <param name="JOINT" type="name"/>
            </accessor>
          </technique_common>
        </source>
        <source id="Armature_polygon1-skin-bind_poses">
          <float_array id="Armature_polygon1-skin-bind_poses-array" count="16">100 0 0 0 0 7.54979e-6 100 0 0 -100 7.54979e-6 0 0 0 0 1</float_array>
          <technique_common>
            <accessor source="#Armature_polygon1-skin-bind_poses-array" count="1" stride="16">
              <param name="TRANSFORM" type="float4x4"/>
            </accessor>
          </technique_common>
        </source>
        <source id="Armature_polygon1-skin-weights">
          <float_array id="Armature_polygon1-skin-weights-array" count="112">1 1 1 1 1 1 1 1 1 1 1 1 1 1 1 1 1 1 1 1 1 1 1 1 1 1 1 1 1 1 1 1 1 1 1 1 1 1 1 1 1 1 1 1 1 1 1 1 1 1 1 1 1 1 1 1 1 1 1 1 1 1 1 1 1 1 1 1 1 1 1 1 1 1 1 1 1 1 1 1 1 1 1 1 1 1 1 1 1 1 1 1 1 1 1 1 1 1 1 1 1 1 1 1 1 1 1 1 1 1 1 1</float_array>
          <technique_common>
            <accessor source="#Armature_polygon1-skin-weights-array" count="112" stride="1">
              <param name="WEIGHT" type="float"/>
            </accessor>
          </technique_common>
        </source>
        <joints>
          <input semantic="JOINT" source="#Armature_polygon1-skin-joints"/>
          <input semantic="INV_BIND_MATRIX" source="#Armature_polygon1-skin-bind_poses"/>
        </joints>
        <vertex_weights count="112">
          <input semantic="JOINT" source="#Armature_polygon1-skin-joints" offset="0"/>
          <input semantic="WEIGHT" source="#Armature_polygon1-skin-weights" offset="1"/>
          <vcount>1 1 1 1 1 1 1 1 1 1 1 1 1 1 1 1 1 1 1 1 1 1 1 1 1 1 1 1 1 1 1 1 1 1 1 1 1 1 1 1 1 1 1 1 1 1 1 1 1 1 1 1 1 1 1 1 1 1 1 1 1 1 1 1 1 1 1 1 1 1 1 1 1 1 1 1 1 1 1 1 1 1 1 1 1 1 1 1 1 1 1 1 1 1 1 1 1 1 1 1 1 1 1 1 1 1 1 1 1 1 1 1 </vcount>
          <v>0 0 0 1 0 2 0 3 0 4 0 5 0 6 0 7 0 8 0 9 0 10 0 11 0 12 0 13 0 14 0 15 0 16 0 17 0 18 0 19 0 20 0 21 0 22 0 23 0 24 0 25 0 26 0 27 0 28 0 29 0 30 0 31 0 32 0 33 0 34 0 35 0 36 0 37 0 38 0 39 0 40 0 41 0 42 0 43 0 44 0 45 0 46 0 47 0 48 0 49 0 50 0 51 0 52 0 53 0 54 0 55 0 56 0 57 0 58 0 59 0 60 0 61 0 62 0 63 0 64 0 65 0 66 0 67 0 68 0 69 0 70 0 71 0 72 0 73 0 74 0 75 0 76 0 77 0 78 0 79 0 80 0 81 0 82 0 83 0 84 0 85 0 86 0 87 0 88 0 89 0 90 0 91 0 92 0 93 0 94 0 95 0 96 0 97 0 98 0 99 0 100 0 101 0 102 0 103 0 104 0 105 0 106 0 107 0 108 0 109 0 110 0 111</v>
        </vertex_weights>
      </skin>
    </controller>
    <controller id="Armature_polygon0-skin" name="Armature">
      <skin source="#polygon0-mesh">
        <bind_shape_matrix>1 0 0 0 0 1 0 0 0 0 1 0 0 0 0 1</bind_shape_matrix>
        <source id="Armature_polygon0-skin-joints">
          <Name_array id="Armature_polygon0-skin-joints-array" count="1">la_bike_all</Name_array>
          <technique_common>
            <accessor source="#Armature_polygon0-skin-joints-array" count="1" stride="1">
              <param name="JOINT" type="name"/>
            </accessor>
          </technique_common>
        </source>
        <source id="Armature_polygon0-skin-bind_poses">
          <float_array id="Armature_polygon0-skin-bind_poses-array" count="16">100 0 0 0 0 7.54979e-6 100 0 0 -100 7.54979e-6 0 0 0 0 1</float_array>
          <technique_common>
            <accessor source="#Armature_polygon0-skin-bind_poses-array" count="1" stride="16">
              <param name="TRANSFORM" type="float4x4"/>
            </accessor>
          </technique_common>
        </source>
        <source id="Armature_polygon0-skin-weights">
          <float_array id="Armature_polygon0-skin-weights-array" count="739">1 1 1 1 1 1 1 1 1 1 1 1 1 1 1 1 1 1 1 1 1 1 1 1 1 1 1 1 1 1 1 1 1 1 1 1 1 1 1 1 1 1 1 1 1 1 1 1 1 1 1 1 1 1 1 1 1 1 1 1 1 1 1 1 1 1 1 1 1 1 1 1 1 1 1 1 1 1 1 1 1 1 1 1 1 1 1 1 1 1 1 1 1 1 1 1 1 1 1 1 1 1 1 1 1 1 1 1 1 1 1 1 1 1 1 1 1 1 1 1 1 1 1 1 1 1 1 1 1 1 1 1 1 1 1 1 1 1 1 1 1 1 1 1 1 1 1 1 1 1 1 1 1 1 1 1 1 1 1 1 1 1 1 1 1 1 1 1 1 1 1 1 1 1 1 1 1 1 1 1 1 1 1 1 1 1 1 1 1 1 1 1 1 1 1 1 1 1 1 1 1 1 1 1 1 1 1 1 1 1 1 1 1 1 1 1 1 1 1 1 1 1 1 1 1 1 1 1 1 1 1 1 1 1 1 1 1 1 1 1 1 1 1 1 1 1 1 1 1 1 1 1 1 1 1 1 1 1 1 1 1 1 1 1 1 1 1 1 1 1 1 1 1 1 1 1 1 1 1 1 1 1 1 1 1 1 1 1 1 1 1 1 1 1 1 1 1 1 1 1 1 1 1 1 1 1 1 1 1 1 1 1 1 1 1 1 1 1 1 1 1 1 1 1 1 1 1 1 1 1 1 1 1 1 1 1 1 1 1 1 1 1 1 1 1 1 1 1 1 1 1 1 1 1 1 1 1 1 1 1 1 1 1 1 1 1 1 1 1 1 1 1 1 1 1 1 1 1 1 1 1 1 1 1 1 1 1 1 1 1 1 1 1 1 1 1 1 1 1 1 1 1 1 1 1 1 1 1 1 1 1 1 1 1 1 1 1 1 1 1 1 1 1 1 1 1 1 1 1 1 1 1 1 1 1 1 1 1 1 1 1 1 1 1 1 1 1 1 1 1 1 1 1 1 1 1 1 1 1 1 1 1 1 1 1 1 1 1 1 1 1 1 1 1 1 1 1 1 1 1 1 1 1 1 1 1 1 1 1 1 1 1 1 1 1 1 1 1 1 1 1 1 1 1 1 1 1 1 1 1 1 1 1 1 1 1 1 1 1 1 1 1 1 1 1 1 1 1 1 1 1 1 1 1 1 1 1 1 1 1 1 1 1 1 1 1 1 1 1 1 1 1 1 1 1 1 1 1 1 1 1 1 1 1 1 1 1 1 1 1 1 1 1 1 1 1 1 1 1 1 1 1 1 1 1 1 1 1 1 1 1 1 1 1 1 1 1 1 1 1 1 1 1 1 1 1 1 1 1 1 1 1 1 1 1 1 1 1 1 1 1 1 1 1 1 1 1 1 1 1 1 1 1 1 1 1 1 1 1 1 1 1 1 1 1 1 1 1 1 1 1 1 1 1 1 1 1 1 1 1 1 1 1 1 1 1 1 1 1 1 1 1 1 1 1 1 1 1 1 1 1 1 1 1 1 1 1 1 1 1 1 1 1 1 1 1 1 1 1 1 1 1 1 1 1 1 1 1 1 1 1 1 1 1 1 1 1 1 1 1 1 1 1 1 1 1 1 1 1 1 1 1 1 1 1 1 1 1 1</float_array>
          <technique_common>
            <accessor source="#Armature_polygon0-skin-weights-array" count="739" stride="1">
              <param name="WEIGHT" type="float"/>
            </accessor>
          </technique_common>
        </source>
        <joints>
          <input semantic="JOINT" source="#Armature_polygon0-skin-joints"/>
          <input semantic="INV_BIND_MATRIX" source="#Armature_polygon0-skin-bind_poses"/>
        </joints>
        <vertex_weights count="739">
          <input semantic="JOINT" source="#Armature_polygon0-skin-joints" offset="0"/>
          <input semantic="WEIGHT" source="#Armature_polygon0-skin-weights" offset="1"/>
          <vcount>1 1 1 1 1 1 1 1 1 1 1 1 1 1 1 1 1 1 1 1 1 1 1 1 1 1 1 1 1 1 1 1 1 1 1 1 1 1 1 1 1 1 1 1 1 1 1 1 1 1 1 1 1 1 1 1 1 1 1 1 1 1 1 1 1 1 1 1 1 1 1 1 1 1 1 1 1 1 1 1 1 1 1 1 1 1 1 1 1 1 1 1 1 1 1 1 1 1 1 1 1 1 1 1 1 1 1 1 1 1 1 1 1 1 1 1 1 1 1 1 1 1 1 1 1 1 1 1 1 1 1 1 1 1 1 1 1 1 1 1 1 1 1 1 1 1 1 1 1 1 1 1 1 1 1 1 1 1 1 1 1 1 1 1 1 1 1 1 1 1 1 1 1 1 1 1 1 1 1 1 1 1 1 1 1 1 1 1 1 1 1 1 1 1 1 1 1 1 1 1 1 1 1 1 1 1 1 1 1 1 1 1 1 1 1 1 1 1 1 1 1 1 1 1 1 1 1 1 1 1 1 1 1 1 1 1 1 1 1 1 1 1 1 1 1 1 1 1 1 1 1 1 1 1 1 1 1 1 1 1 1 1 1 1 1 1 1 1 1 1 1 1 1 1 1 1 1 1 1 1 1 1 1 1 1 1 1 1 1 1 1 1 1 1 1 1 1 1 1 1 1 1 1 1 1 1 1 1 1 1 1 1 1 1 1 1 1 1 1 1 1 1 1 1 1 1 1 1 1 1 1 1 1 1 1 1 1 1 1 1 1 1 1 1 1 1 1 1 1 1 1 1 1 1 1 1 1 1 1 1 1 1 1 1 1 1 1 1 1 1 1 1 1 1 1 1 1 1 1 1 1 1 1 1 1 1 1 1 1 1 1 1 1 1 1 1 1 1 1 1 1 1 1 1 1 1 1 1 1 1 1 1 1 1 1 1 1 1 1 1 1 1 1 1 1 1 1 1 1 1 1 1 1 1 1 1 1 1 1 1 1 1 1 1 1 1 1 1 1 1 1 1 1 1 1 1 1 1 1 1 1 1 1 1 1 1 1 1 1 1 1 1 1 1 1 1 1 1 1 1 1 1 1 1 1 1 1 1 1 1 1 1 1 1 1 1 1 1 1 1 1 1 1 1 1 1 1 1 1 1 1 1 1 1 1 1 1 1 1 1 1 1 1 1 1 1 1 1 1 1 1 1 1 1 1 1 1 1 1 1 1 1 1 1 1 1 1 1 1 1 1 1 1 1 1 1 1 1 1 1 1 1 1 1 1 1 1 1 1 1 1 1 1 1 1 1 1 1 1 1 1 1 1 1 1 1 1 1 1 1 1 1 1 1 1 1 1 1 1 1 1 1 1 1 1 1 1 1 1 1 1 1 1 1 1 1 1 1 1 1 1 1 1 1 1 1 1 1 1 1 1 1 1 1 1 1 1 1 1 1 1 1 1 1 1 1 1 1 1 1 1 1 1 1 1 1 1 1 1 1 1 1 1 1 1 1 1 1 1 1 1 1 1 1 1 1 1 1 1 1 1 1 1 1 1 1 1 1 1 1 1 1 1 1 1 1 1 1 1 1 1 1 1 1 1 1 1 1 1 1 1 1 1 1 1 1 1 1 1 1 1 1 1 1 1 1 1 1 1 1 1 1 1 1 1 1 1 1 1 </vcount>
          <v>0 0 0 1 0 2 0 3 0 4 0 5 0 6 0 7 0 8 0 9 0 10 0 11 0 12 0 13 0 14 0 15 0 16 0 17 0 18 0 19 0 20 0 21 0 22 0 23 0 24 0 25 0 26 0 27 0 28 0 29 0 30 0 31 0 32 0 33 0 34 0 35 0 36 0 37 0 38 0 39 0 40 0 41 0 42 0 43 0 44 0 45 0 46 0 47 0 48 0 49 0 50 0 51 0 52 0 53 0 54 0 55 0 56 0 57 0 58 0 59 0 60 0 61 0 62 0 63 0 64 0 65 0 66 0 67 0 68 0 69 0 70 0 71 0 72 0 73 0 74 0 75 0 76 0 77 0 78 0 79 0 80 0 81 0 82 0 83 0 84 0 85 0 86 0 87 0 88 0 89 0 90 0 91 0 92 0 93 0 94 0 95 0 96 0 97 0 98 0 99 0 100 0 101 0 102 0 103 0 104 0 105 0 106 0 107 0 108 0 109 0 110 0 111 0 112 0 113 0 114 0 115 0 116 0 117 0 118 0 119 0 120 0 121 0 122 0 123 0 124 0 125 0 126 0 127 0 128 0 129 0 130 0 131 0 132 0 133 0 134 0 135 0 136 0 137 0 138 0 139 0 140 0 141 0 142 0 143 0 144 0 145 0 146 0 147 0 148 0 149 0 150 0 151 0 152 0 153 0 154 0 155 0 156 0 157 0 158 0 159 0 160 0 161 0 162 0 163 0 164 0 165 0 166 0 167 0 168 0 169 0 170 0 171 0 172 0 173 0 174 0 175 0 176 0 177 0 178 0 179 0 180 0 181 0 182 0 183 0 184 0 185 0 186 0 187 0 188 0 189 0 190 0 191 0 192 0 193 0 194 0 195 0 196 0 197 0 198 0 199 0 200 0 201 0 202 0 203 0 204 0 205 0 206 0 207 0 208 0 209 0 210 0 211 0 212 0 213 0 214 0 215 0 216 0 217 0 218 0 219 0 220 0 221 0 222 0 223 0 224 0 225 0 226 0 227 0 228 0 229 0 230 0 231 0 232 0 233 0 234 0 235 0 236 0 237 0 238 0 239 0 240 0 241 0 242 0 243 0 244 0 245 0 246 0 247 0 248 0 249 0 250 0 251 0 252 0 253 0 254 0 255 0 256 0 257 0 258 0 259 0 260 0 261 0 262 0 263 0 264 0 265 0 266 0 267 0 268 0 269 0 270 0 271 0 272 0 273 0 274 0 275 0 276 0 277 0 278 0 279 0 280 0 281 0 282 0 283 0 284 0 285 0 286 0 287 0 288 0 289 0 290 0 291 0 292 0 293 0 294 0 295 0 296 0 297 0 298 0 299 0 300 0 301 0 302 0 303 0 304 0 305 0 306 0 307 0 308 0 309 0 310 0 311 0 312 0 313 0 314 0 315 0 316 0 317 0 318 0 319 0 320 0 321 0 322 0 323 0 324 0 325 0 326 0 327 0 328 0 329 0 330 0 331 0 332 0 333 0 334 0 335 0 336 0 337 0 338 0 339 0 340 0 341 0 342 0 343 0 344 0 345 0 346 0 347 0 348 0 349 0 350 0 351 0 352 0 353 0 354 0 355 0 356 0 357 0 358 0 359 0 360 0 361 0 362 0 363 0 364 0 365 0 366 0 367 0 368 0 369 0 370 0 371 0 372 0 373 0 374 0 375 0 376 0 377 0 378 0 379 0 380 0 381 0 382 0 383 0 384 0 385 0 386 0 387 0 388 0 389 0 390 0 391 0 392 0 393 0 394 0 395 0 396 0 397 0 398 0 399 0 400 0 401 0 402 0 403 0 404 0 405 0 406 0 407 0 408 0 409 0 410 0 411 0 412 0 413 0 414 0 415 0 416 0 417 0 418 0 419 0 420 0 421 0 422 0 423 0 424 0 425 0 426 0 427 0 428 0 429 0 430 0 431 0 432 0 433 0 434 0 435 0 436 0 437 0 438 0 439 0 440 0 441 0 442 0 443 0 444 0 445 0 446 0 447 0 448 0 449 0 450 0 451 0 452 0 453 0 454 0 455 0 456 0 457 0 458 0 459 0 460 0 461 0 462 0 463 0 464 0 465 0 466 0 467 0 468 0 469 0 470 0 471 0 472 0 473 0 474 0 475 0 476 0 477 0 478 0 479 0 480 0 481 0 482 0 483 0 484 0 485 0 486 0 487 0 488 0 489 0 490 0 491 0 492 0 493 0 494 0 495 0 496 0 497 0 498 0 499 0 500 0 501 0 502 0 503 0 504 0 505 0 506 0 507 0 508 0 509 0 510 0 511 0 512 0 513 0 514 0 515 0 516 0 517 0 518 0 519 0 520 0 521 0 522 0 523 0 524 0 525 0 526 0 527 0 528 0 529 0 530 0 531 0 532 0 533 0 534 0 535 0 536 0 537 0 538 0 539 0 540 0 541 0 542 0 543 0 544 0 545 0 546 0 547 0 548 0 549 0 550 0 551 0 552 0 553 0 554 0 555 0 556 0 557 0 558 0 559 0 560 0 561 0 562 0 563 0 564 0 565 0 566 0 567 0 568 0 569 0 570 0 571 0 572 0 573 0 574 0 575 0 576 0 577 0 578 0 579 0 580 0 581 0 582 0 583 0 584 0 585 0 586 0 587 0 588 0 589 0 590 0 591 0 592 0 593 0 594 0 595 0 596 0 597 0 598 0 599 0 600 0 601 0 602 0 603 0 604 0 605 0 606 0 607 0 608 0 609 0 610 0 611 0 612 0 613 0 614 0 615 0 616 0 617 0 618 0 619 0 620 0 621 0 622 0 623 0 624 0 625 0 626 0 627 0 628 0 629 0 630 0 631 0 632 0 633 0 634 0 635 0 636 0 637 0 638 0 639 0 640 0 641 0 642 0 643 0 644 0 645 0 646 0 647 0 648 0 649 0 650 0 651 0 652 0 653 0 654 0 655 0 656 0 657 0 658 0 659 0 660 0 661 0 662 0 663 0 664 0 665 0 666 0 667 0 668 0 669 0 670 0 671 0 672 0 673 0 674 0 675 0 676 0 677 0 678 0 679 0 680 0 681 0 682 0 683 0 684 0 685 0 686 0 687 0 688 0 689 0 690 0 691 0 692 0 693 0 694 0 695 0 696 0 697 0 698 0 699 0 700 0 701 0 702 0 703 0 704 0 705 0 706 0 707 0 708 0 709 0 710 0 711 0 712 0 713 0 714 0 715 0 716 0 717 0 718 0 719 0 720 0 721 0 722 0 723 0 724 0 725 0 726 0 727 0 728 0 729 0 730 0 731 0 732 0 733 0 734 0 735 0 736 0 737 0 738</v>
        </vertex_weights>
      </skin>
    </controller>
  </library_controllers>
  <library_visual_scenes>
    <visual_scene id="Scene" name="Scene">
      <node id="Armature" name="Armature" type="NODE">
        <matrix sid="transform">0.01 0 0 0 0 7.54979e-10 -0.01 0 0 0.01 7.54979e-10 0 0 0 0 1</matrix>
        <node id="Armature_la_bike_all" name="la_bike_all" sid="la_bike_all" type="JOINT">
          <matrix sid="transform">1 0 0 0 0 1 0 0 0 0 1 0 0 0 0 1</matrix>
          <extra>
            <technique profile="blender">
              <layer sid="layer" type="string">0</layer>
              <tip_x sid="tip_x" type="float">0</tip_x>
              <tip_y sid="tip_y" type="float">1</tip_y>
              <tip_z sid="tip_z" type="float">0</tip_z>
            </technique>
          </extra>
        </node>
        <node id="polygon0" name="polygon0" type="NODE">
          <matrix sid="transform">1 0 0 0 0 1 0 0 0 0 1 0 0 0 0 1</matrix>
          <instance_controller url="#Armature_polygon0-skin">
            <skeleton>#Armature_la_bike_all</skeleton>
            <bind_material>
              <technique_common>
                <instance_material symbol="mat_body-material" target="#mat_body-material">
                  <bind_vertex_input semantic="polygon0_UVs0" input_semantic="TEXCOORD" input_set="0"/>
                </instance_material>
              </technique_common>
            </bind_material>
          </instance_controller>
        </node>
        <node id="polygon1" name="polygon1" type="NODE">
          <matrix sid="transform">1 0 0 0 0 1 0 0 0 0 1 0 0 0 0 1</matrix>
          <instance_controller url="#Armature_polygon1-skin">
            <skeleton>#Armature_la_bike_all</skeleton>
            <bind_material>
              <technique_common>
                <instance_material symbol="mat_tire-material" target="#mat_tire-material">
                  <bind_vertex_input semantic="polygon1_UVs0" input_semantic="TEXCOORD" input_set="0"/>
                </instance_material>
              </technique_common>
            </bind_material>
          </instance_controller>
        </node>
        <node id="polygon2" name="polygon2" type="NODE">
          <matrix sid="transform">1 0 0 0 0 1 0 0 0 0 1 0 0 0 0 1</matrix>
          <instance_controller url="#Armature_polygon2-skin">
            <skeleton>#Armature_la_bike_all</skeleton>
            <bind_material>
              <technique_common>
                <instance_material symbol="mat_screen-material" target="#mat_screen-material">
                  <bind_vertex_input semantic="polygon2_UVs0" input_semantic="TEXCOORD" input_set="0"/>
                </instance_material>
              </technique_common>
            </bind_material>
          </instance_controller>
        </node>
      </node>
    </visual_scene>
  </library_visual_scenes>
  <scene>
    <instance_visual_scene url="#Scene"/>
  </scene>
</COLLADA>