# Blender v2.79 (sub 0) OBJ File: 'untitled.blend'
# www.blender.org
mtllib burns.mtl
o w1Shape.001
v -0.924948 -0.550168 1.232375
v -0.812933 -0.598914 1.434869
v -0.924948 -0.550168 1.423743
v -0.812933 -0.598914 1.221249
v -0.812933 -0.598914 1.221249
v -0.924948 -0.550168 1.232375
v -0.924948 -0.467136 1.059958
v -0.812933 -0.506228 1.028784
v -0.812933 -0.506228 1.627334
v -0.924948 -0.467137 1.596159
v -0.924948 -0.550168 1.423743
v -0.812933 -0.598914 1.434869
v -0.812933 -0.506228 1.028784
v -0.924948 -0.467136 1.059958
v -0.924948 -0.317519 0.940642
v -0.812933 -0.339213 0.895594
v -0.924948 -0.452675 1.254627
v -0.924948 -0.452675 1.401491
v -0.700918 -0.452675 1.401491
v -0.700918 -0.452675 1.254627
v -0.924948 -0.388953 1.122307
v -0.924948 -0.452675 1.254627
v -0.700918 -0.452675 1.254627
v -0.700918 -0.388953 1.122307
v -0.924948 -0.452675 1.401491
v -0.924948 -0.388953 1.533811
v -0.700918 -0.388953 1.533811
v -0.700918 -0.452675 1.401491
v -0.924948 -0.274131 1.030739
v -0.924948 -0.388953 1.122307
v -0.700918 -0.388953 1.122307
v -0.700918 -0.274131 1.030739
v -0.812933 -0.339213 1.760524
v -0.924948 -0.317519 1.715476
v -0.924948 -0.467137 1.596159
v -0.812933 -0.506228 1.627334
v -0.812933 -0.339213 0.895594
v -0.924948 -0.317519 0.940642
v -0.924948 -0.130949 0.898059
v -0.812933 -0.130949 0.848059
v -0.924948 -0.388953 1.533811
v -0.924948 -0.274131 1.625379
v -0.700918 -0.274131 1.625379
v -0.700918 -0.388953 1.533811
v -0.924948 -0.130949 0.998059
v -0.924948 -0.274131 1.030739
v -0.700918 -0.274131 1.030739
v -0.700918 -0.130949 0.998059
v -0.812933 -0.130949 1.808059
v -0.924948 -0.130949 1.758059
v -0.924948 -0.317519 1.715476
v -0.812933 -0.339213 1.760524
v -0.924948 -0.274131 1.625379
v -0.924948 -0.130949 1.658059
v -0.700918 -0.130949 1.658059
v -0.700918 -0.274131 1.625379
v -0.924948 0.012233 1.030739
v -0.924948 -0.130949 0.998059
v -0.700918 -0.130949 0.998059
v -0.700918 0.012233 1.030739
v -0.812933 -0.130949 0.848059
v -0.924948 -0.130949 0.898059
v -0.924948 0.055621 0.940642
v -0.812933 0.077315 0.895594
v -0.924948 -0.130949 1.658059
v -0.924948 0.012233 1.625379
v -0.700918 0.012233 1.625379
v -0.700918 -0.130949 1.658059
v -0.924948 0.127055 1.122307
v -0.924948 0.012233 1.030739
v -0.700918 0.012233 1.030739
v -0.700918 0.127055 1.122307
v -0.812933 0.077315 1.760524
v -0.924948 0.055621 1.715476
v -0.924948 -0.130949 1.758059
v -0.812933 -0.130949 1.808059
v -0.812933 0.077315 0.895594
v -0.924948 0.055621 0.940642
v -0.924948 0.205239 1.059958
v -0.812933 0.244330 1.028784
v -0.924948 0.012233 1.625379
v -0.924948 0.127055 1.533811
v -0.700918 0.127055 1.533811
v -0.700918 0.012233 1.625379
v -0.924948 0.190777 1.254627
v -0.924948 0.127055 1.122307
v -0.700918 0.127055 1.122307
v -0.700918 0.190777 1.254627
v -0.924948 0.127055 1.533811
v -0.924948 0.190777 1.401491
v -0.700918 0.190777 1.401491
v -0.700918 0.127055 1.533811
v -0.924948 0.190777 1.401491
v -0.924948 0.190777 1.254627
v -0.700918 0.190777 1.254627
v -0.700918 0.190777 1.401491
v -0.812933 0.244330 1.627334
v -0.924948 0.205238 1.596160
v -0.924948 0.055621 1.715476
v -0.812933 0.077315 1.760524
v -0.812933 0.244330 1.028784
v -0.924948 0.205239 1.059958
v -0.924948 0.288270 1.232375
v -0.812933 0.337016 1.221249
v -0.812933 0.337016 1.434869
v -0.924948 0.288270 1.423743
v -0.924948 0.205238 1.596160
v -0.812933 0.244330 1.627334
v -0.812933 0.337016 1.221249
v -0.924948 0.288270 1.232375
v -0.924948 0.288270 1.423743
v -0.812933 0.337016 1.434869
v -0.877605 -0.130949 1.428059
v -0.877605 -0.060238 1.398770
v -0.877605 -0.030949 1.328059
v -0.877605 -0.201660 1.398769
v -0.877605 -0.230949 1.328059
v -0.877605 -0.201660 1.257348
v -0.877605 -0.130949 1.228059
v -0.877605 -0.060238 1.257348
v -0.812933 -0.598914 1.434869
v -0.700918 -0.550168 1.423743
v -0.700918 -0.467137 1.596159
v -0.812933 -0.506228 1.627334
v -0.700918 -0.550168 1.423743
v -0.812933 -0.598914 1.434869
v -0.812933 -0.598914 1.221249
v -0.700918 -0.550168 1.232375
v -0.700918 -0.550168 1.232375
v -0.812933 -0.598914 1.221249
v -0.812933 -0.506228 1.028784
v -0.700918 -0.467136 1.059958
v -0.812933 -0.506228 1.627334
v -0.700918 -0.467137 1.596159
v -0.700918 -0.317519 1.715476
v -0.812933 -0.339213 1.760524
v -0.700918 -0.467136 1.059958
v -0.812933 -0.506228 1.028784
v -0.812933 -0.339213 0.895594
v -0.700918 -0.317519 0.940642
v -0.812933 -0.339213 1.760524
v -0.700918 -0.317519 1.715476
v -0.700918 -0.130949 1.758059
v -0.812933 -0.130949 1.808059
v -0.700918 -0.317519 0.940642
v -0.812933 -0.339213 0.895594
v -0.812933 -0.130949 0.848059
v -0.700918 -0.130949 0.898059
v -0.812933 0.252646 1.328059
v -0.812933 0.060849 0.995856
v -0.812933 -0.322747 0.995856
v -0.812933 -0.514544 1.328059
v -0.812933 -0.322747 1.660262
v -0.812933 0.060849 1.660262
v -0.812933 -0.130949 1.808059
v -0.700918 -0.130949 1.758059
v -0.700918 0.055621 1.715476
v -0.812933 0.077315 1.760524
v -0.700918 -0.130949 0.898059
v -0.812933 -0.130949 0.848059
v -0.812933 0.077315 0.895594
v -0.700918 0.055621 0.940642
v -0.812933 0.077315 1.760524
v -0.700918 0.055621 1.715476
v -0.700918 0.205238 1.596160
v -0.812933 0.244330 1.627334
v -0.700918 0.055621 0.940642
v -0.812933 0.077315 0.895594
v -0.812933 0.244330 1.028784
v -0.700918 0.205239 1.059958
v -0.812933 0.244330 1.627334
v -0.700918 0.205238 1.596160
v -0.700918 0.288270 1.423743
v -0.812933 0.337016 1.434869
v -0.700918 0.205239 1.059958
v -0.812933 0.244330 1.028784
v -0.812933 0.337016 1.221249
v -0.700918 0.288270 1.232375
v -0.812933 0.337016 1.434869
v -0.700918 0.288270 1.423743
v -0.700918 0.288270 1.232375
v -0.812933 0.337016 1.221249
v -0.748261 -0.230949 1.328059
v -0.877605 -0.230949 1.328059
v -0.877605 -0.201660 1.257348
v -0.748261 -0.201660 1.257348
v -0.877605 -0.130949 1.228059
v -0.748261 -0.130949 1.228059
v -0.877605 -0.060238 1.257348
v -0.748261 -0.060238 1.257348
v -0.877605 -0.030949 1.328059
v -0.748261 -0.030949 1.328059
v -0.877605 -0.060238 1.398770
v -0.748261 -0.060238 1.398770
v -0.877605 -0.130949 1.428059
v -0.748261 -0.130949 1.428059
v -0.877605 -0.230949 1.328059
v -0.748261 -0.230949 1.328059
v -0.748261 -0.201660 1.398769
v -0.877605 -0.201660 1.398769
v -0.748261 -0.130949 1.428059
v -0.877605 -0.130949 1.428059
v -0.748261 -0.130949 1.228059
v -0.748261 -0.060238 1.257348
v -0.748261 -0.030949 1.328059
v -0.748261 -0.201660 1.257348
v -0.748261 -0.230949 1.328059
v -0.748261 -0.201660 1.398769
v -0.748261 -0.130949 1.428059
v -0.748261 -0.060238 1.398770
v -0.924948 -0.452675 1.401491
v -0.924948 -0.550168 1.423743
v -0.924948 -0.467137 1.596159
v -0.924948 -0.388953 1.533811
v -0.924948 -0.317519 1.715476
v -0.924948 -0.274131 1.625379
v -0.924948 -0.130949 1.758059
v -0.924948 -0.130949 1.658059
v -0.924948 0.055621 1.715476
v -0.924948 0.012233 1.625379
v -0.924948 0.205238 1.596160
v -0.924948 0.127055 1.533811
v -0.924948 0.288270 1.423743
v -0.924948 0.190777 1.401491
v -0.924948 0.288270 1.232375
v -0.924948 0.190777 1.254627
v -0.924948 0.205239 1.059958
v -0.924948 0.127055 1.122307
v -0.924948 0.055621 0.940642
v -0.924948 0.012233 1.030739
v -0.924948 -0.130949 0.898059
v -0.924948 -0.130949 0.998059
v -0.924948 -0.317519 0.940642
v -0.924948 -0.274131 1.030739
v -0.924948 -0.467136 1.059958
v -0.924948 -0.388953 1.122307
v -0.924948 -0.550168 1.232375
v -0.924948 -0.452675 1.254627
v -0.700918 -0.452675 1.401491
v -0.700918 -0.550168 1.423743
v -0.700918 -0.550168 1.232375
v -0.700918 -0.452675 1.254627
v -0.700918 -0.467136 1.059958
v -0.700918 -0.388953 1.122307
v -0.700918 -0.317519 0.940642
v -0.700918 -0.274131 1.030739
v -0.700918 -0.130949 0.898059
v -0.700918 -0.130949 0.998059
v -0.700918 0.055621 0.940642
v -0.700918 0.012233 1.030739
v -0.700918 0.205239 1.059958
v -0.700918 0.127055 1.122307
v -0.700918 0.288270 1.232375
v -0.700918 0.190777 1.254627
v -0.700918 0.288270 1.423743
v -0.700918 0.190777 1.401491
v -0.700918 0.205238 1.596160
v -0.700918 0.127055 1.533811
v -0.700918 0.055621 1.715476
v -0.700918 0.012233 1.625379
v -0.700918 -0.130949 1.758059
v -0.700918 -0.130949 1.658059
v -0.700918 -0.317519 1.715476
v -0.700918 -0.274131 1.625379
v -0.700918 -0.467137 1.596159
v -0.700918 -0.388953 1.533811
vt 0.985232 0.803327
vt 0.946450 1.006664
vt 0.946450 0.803327
vt 0.985232 1.006664
vt 0.946450 1.006664
vt 0.946450 0.803327
vt 0.985232 0.803327
vt 0.985232 1.006664
vt 0.946450 1.006664
vt 0.946450 0.803327
vt 0.985232 0.803327
vt 0.985232 1.006664
vt 0.946450 1.006664
vt 0.946450 0.803327
vt 0.985231 0.803327
vt 0.985232 1.006664
vt 0.499500 0.500500
vt 0.499500 0.499500
vt 0.500500 0.499500
vt 0.500500 0.500500
vt 0.499500 0.500500
vt 0.499500 0.499500
vt 0.500500 0.499500
vt 0.500500 0.500500
vt 0.499500 0.500500
vt 0.499500 0.499500
vt 0.500500 0.499500
vt 0.500500 0.500500
vt 0.499500 0.500500
vt 0.499500 0.499500
vt 0.500500 0.499500
vt 0.500500 0.500500
vt 0.946450 1.006664
vt 0.946450 0.803327
vt 0.985232 0.803327
vt 0.985232 1.006664
vt 0.946450 1.006664
vt 0.946450 0.803327
vt 0.985232 0.803327
vt 0.985232 1.006664
vt 0.499500 0.500500
vt 0.499500 0.499500
vt 0.500500 0.499500
vt 0.500500 0.500500
vt 0.499500 0.500500
vt 0.499500 0.499500
vt 0.500500 0.499500
vt 0.500500 0.500500
vt 0.946450 1.006664
vt 0.946450 0.803327
vt 0.985232 0.803327
vt 0.985232 1.006664
vt 0.499500 0.500500
vt 0.499500 0.499500
vt 0.500500 0.499500
vt 0.500500 0.500500
vt 0.499500 0.500500
vt 0.499500 0.499500
vt 0.500500 0.499500
vt 0.500500 0.500500
vt 0.946450 1.006664
vt 0.946450 0.803327
vt 0.985232 0.803327
vt 0.985232 1.006664
vt 0.499500 0.500500
vt 0.499500 0.499500
vt 0.500500 0.499500
vt 0.500500 0.500500
vt 0.499500 0.500500
vt 0.499500 0.499500
vt 0.500500 0.499500
vt 0.500500 0.500500
vt 0.946450 1.006664
vt 0.946450 0.803327
vt 0.985232 0.803327
vt 0.985232 1.006664
vt 0.946450 1.006664
vt 0.946450 0.803327
vt 0.985232 0.803327
vt 0.985232 1.006664
vt 0.499500 0.500500
vt 0.499500 0.499500
vt 0.500500 0.499500
vt 0.500500 0.500500
vt 0.499500 0.500500
vt 0.499500 0.499500
vt 0.500500 0.499500
vt 0.500500 0.500500
vt 0.499500 0.500500
vt 0.499500 0.499500
vt 0.500500 0.499500
vt 0.500500 0.500500
vt 0.499500 0.500500
vt 0.499500 0.499500
vt 0.500500 0.499500
vt 0.500500 0.500500
vt 0.946450 1.006664
vt 0.946450 0.803327
vt 0.985232 0.803327
vt 0.985232 1.006664
vt 0.946450 1.006664
vt 0.946450 0.803327
vt 0.985232 0.803327
vt 0.985232 1.006664
vt 0.946450 1.006664
vt 0.946450 0.803327
vt 0.985232 0.803327
vt 0.985232 1.006664
vt 0.946450 1.006664
vt 0.946450 0.803327
vt 0.985232 0.803327
vt 0.985232 1.006664
vt 0.192352 0.500000
vt 0.134239 0.569504
vt 0.016932 0.598294
vt 0.134239 0.430496
vt 0.016932 0.401706
vt 0.135447 0.430496
vt 0.191409 0.500000
vt 0.135447 0.569504
vt 0.946450 1.006664
vt 0.946450 0.803327
vt 0.985232 0.803327
vt 0.985232 1.006664
vt 0.985232 0.803327
vt 0.985232 1.006664
vt 0.946450 1.006664
vt 0.946450 0.803327
vt 0.985232 0.803327
vt 0.985232 1.006664
vt 0.946450 1.006664
vt 0.946450 0.803327
vt 0.946450 1.006664
vt 0.946450 0.803327
vt 0.985232 0.803327
vt 0.985232 1.006664
vt 0.985232 0.803327
vt 0.985232 1.006664
vt 0.946450 1.006664
vt 0.946450 0.803328
vt 0.946450 1.006664
vt 0.946450 0.803327
vt 0.985232 0.803327
vt 0.985232 1.006664
vt 0.985232 0.803328
vt 0.985232 1.006664
vt 0.946450 1.006664
vt 0.946450 0.803327
vt 0.014195 0.929618
vt 0.738456 0.714809
vt 0.738456 0.285191
vt 0.014195 0.070382
vt 0.738456 0.285191
vt 0.738456 0.714809
vt 0.946450 1.006664
vt 0.946450 0.803327
vt 0.985232 0.803327
vt 0.985232 1.006664
vt 0.985232 0.803327
vt 0.985232 1.006664
vt 0.946450 1.006664
vt 0.946450 0.803327
vt 0.946450 1.006664
vt 0.946450 0.803327
vt 0.985232 0.803327
vt 0.985232 1.006664
vt 0.985232 0.803327
vt 0.985232 1.006664
vt 0.946450 1.006664
vt 0.946450 0.803327
vt 0.946450 1.006664
vt 0.946450 0.803327
vt 0.985232 0.803327
vt 0.985232 1.006664
vt 0.985232 0.803327
vt 0.985232 1.006664
vt 0.946450 1.006664
vt 0.946450 0.803327
vt 0.946450 1.006664
vt 0.946450 0.803327
vt 0.985232 0.803327
vt 0.985232 1.006664
vt 0.377058 0.491881
vt 0.377058 0.491881
vt 0.377058 0.491881
vt 0.377058 0.491881
vt 0.377058 0.491881
vt 0.377058 0.491881
vt 0.377058 0.491881
vt 0.377058 0.491881
vt 0.377058 0.491881
vt 0.377058 0.491881
vt 0.377058 0.491881
vt 0.377058 0.491881
vt 0.377058 0.491881
vt 0.377058 0.491881
vt 0.671922 0.491881
vt 0.671922 0.491881
vt 0.671922 0.491881
vt 0.671922 0.491881
vt 0.671922 0.491881
vt 0.671922 0.491881
vt 0.192226 0.500000
vt 0.135190 0.569504
vt 0.007561 0.598294
vt 0.135190 0.430496
vt 0.007561 0.401706
vt 0.135334 0.430496
vt 0.192238 0.500000
vt 0.135333 0.569504
vt 0.173874 0.121936
vt 0.224015 0.007371
vt 0.612524 0.104942
vt 0.472032 0.196816
vt 0.881382 0.280759
vt 0.678365 0.331746
vt 0.977335 0.500000
vt 0.752004 0.500000
vt 0.881382 0.719240
vt 0.678365 0.668254
vt 0.612525 0.895058
vt 0.472033 0.803184
vt 0.224016 0.992629
vt 0.173875 0.878064
vt 0.222114 0.992629
vt 0.173829 0.878064
vt 0.612743 0.895058
vt 0.470324 0.803184
vt 0.885286 0.719241
vt 0.679486 0.668254
vt 0.982556 0.500000
vt 0.754134 0.500000
vt 0.885286 0.280760
vt 0.679486 0.331746
vt 0.612743 0.104942
vt 0.470324 0.196816
vt 0.222115 0.007371
vt 0.173830 0.121936
vt 0.739210 0.415873
vt 0.963402 0.390380
vt 0.963402 0.609620
vt 0.739210 0.584127
vt 0.772465 0.807149
vt 0.592677 0.735719
vt 0.428409 0.943843
vt 0.328634 0.840624
vt 0.008009 0.992629
vt 0.008009 0.878064
vt 0.392528 0.943843
vt 0.281581 0.840624
vt 0.775110 0.807149
vt 0.575191 0.735719
vt 0.987427 0.609620
vt 0.738132 0.584127
vt 0.987427 0.390380
vt 0.738132 0.415873
vt 0.775110 0.192851
vt 0.575191 0.264281
vt 0.392527 0.056156
vt 0.281581 0.159376
vt 0.008009 0.007371
vt 0.008009 0.121936
vt 0.428409 0.056157
vt 0.328635 0.159376
vt 0.772465 0.192851
vt 0.592677 0.264281
vn -0.8427 -0.5249 -0.1198
vn 0.0000 -0.9749 0.2225
vn -0.8427 -0.5249 0.1198
vn 0.0000 -0.9749 -0.2225
vn -0.8427 -0.4210 -0.3357
vn 0.0000 -0.7818 -0.6235
vn 0.0000 -0.7818 0.6235
vn -0.8427 -0.4210 0.3357
vn -0.8427 -0.2336 -0.4851
vn 0.0000 -0.4339 -0.9010
vn 0.0000 0.9749 0.2225
vn -0.0000 0.9749 -0.2225
vn 0.0000 0.7818 0.6235
vn -0.0000 0.7818 -0.6235
vn 0.0000 0.4339 0.9010
vn 0.0000 -0.4339 0.9010
vn -0.8427 -0.2336 0.4851
vn -0.8427 -0.0000 -0.5384
vn 0.0000 -0.0000 -1.0000
vn -0.0000 0.4339 -0.9010
vn 0.0000 -0.0000 1.0000
vn -0.8427 -0.0000 0.5384
vn -0.8427 0.2336 -0.4851
vn -0.8427 0.2336 0.4851
vn -0.8427 0.4210 -0.3357
vn -0.8427 0.4210 0.3357
vn -0.8427 0.5249 -0.1198
vn -0.8427 0.5249 0.1198
vn -1.0000 0.0000 0.0000
vn 0.8427 -0.5249 0.1198
vn 0.8427 -0.4210 0.3357
vn 0.8427 -0.5249 -0.1198
vn 0.8427 -0.4210 -0.3357
vn 0.8427 -0.2336 0.4851
vn 0.8427 -0.2336 -0.4851
vn 0.8427 -0.0000 0.5384
vn 0.8427 -0.0000 -0.5384
vn 0.8427 0.0000 0.5385
vn 0.8427 0.2336 0.4851
vn 0.8427 0.2336 -0.4851
vn 0.8427 0.4210 0.3357
vn 0.8427 0.4210 -0.3357
vn 0.8427 0.5249 0.1198
vn 0.8427 0.5249 -0.1198
vn -0.0000 -1.0000 0.0000
vn 0.0000 -0.7071 -0.7071
vn 0.0000 0.7071 -0.7071
vn 0.0000 1.0000 0.0000
vn 0.0000 0.7071 0.7071
vn -0.0001 -0.0000 1.0000
vn 0.0000 -0.7071 0.7071
vn 1.0000 0.0000 0.0000
vn -0.8427 -0.5250 0.1198
vn -0.8427 -0.0000 0.5385
vn -0.8427 0.5250 0.1198
vn -0.8427 0.2337 -0.4851
vn -0.8427 0.0000 -0.5385
vn -0.8427 -0.2337 -0.4851
vn -0.8427 -0.5250 -0.1198
vn 0.8427 -0.5250 -0.1198
vn 0.8427 -0.0000 -0.5385
vn 0.8427 0.2337 -0.4851
vn 0.8427 0.5250 0.1198
vn 0.8427 0.2337 0.4851
vn 0.8427 -0.2337 0.4851
usemtl burns_vWheel_m.001
s 1
f 1/1/1 2/2/2 3/3/3
f 2/2/2 1/1/1 4/4/4
f 5/5/4 6/6/1 7/7/5
f 5/5/4 7/7/5 8/8/6
f 9/9/7 10/10/8 11/11/3
f 9/9/7 11/11/3 12/12/2
f 13/13/6 14/14/5 15/15/9
f 13/13/6 15/15/9 16/16/10
f 17/17/11 18/18/12 19/19/12
f 17/17/11 19/19/12 20/20/11
f 21/21/13 22/22/11 23/23/11
f 21/21/13 23/23/11 24/24/13
f 25/25/12 26/26/14 27/27/14
f 25/25/12 27/27/14 28/28/12
f 29/29/15 30/30/13 31/31/13
f 29/29/15 31/31/13 32/32/15
f 33/33/16 34/34/17 35/35/8
f 33/33/16 35/35/8 36/36/7
f 37/37/10 38/38/9 39/39/18
f 37/37/10 39/39/18 40/40/19
f 41/41/14 42/42/20 43/43/20
f 41/41/14 43/43/20 44/44/14
f 45/45/21 46/46/15 47/47/15
f 45/45/21 47/47/15 48/48/21
f 49/49/21 50/50/22 51/51/17
f 49/49/21 51/51/17 52/52/16
f 53/53/20 54/54/19 55/55/19
f 53/53/20 55/55/19 56/56/20
f 57/57/16 58/58/21 59/59/21
f 57/57/16 59/59/21 60/60/16
f 61/61/19 62/62/18 63/63/23
f 61/61/19 63/63/23 64/64/20
f 65/65/19 66/66/10 67/67/10
f 65/65/19 67/67/10 68/68/19
f 69/69/7 70/70/16 71/71/16
f 69/69/7 71/71/16 72/72/7
f 73/73/15 74/74/24 75/75/22
f 73/73/15 75/75/22 76/76/21
f 77/77/20 78/78/23 79/79/25
f 77/77/20 79/79/25 80/80/14
f 81/81/10 82/82/6 83/83/6
f 81/81/10 83/83/6 84/84/10
f 85/85/2 86/86/7 87/87/7
f 85/85/2 87/87/7 88/88/2
f 89/89/6 90/90/4 91/91/4
f 89/89/6 91/91/4 92/92/6
f 93/93/4 94/94/2 95/95/2
f 93/93/4 95/95/2 96/96/4
f 97/97/13 98/98/26 99/99/24
f 97/97/13 99/99/24 100/100/15
f 101/101/14 102/102/25 103/103/27
f 101/101/14 103/103/27 104/104/12
f 105/105/11 106/106/28 107/107/26
f 105/105/11 107/107/26 108/108/13
f 109/109/12 110/110/27 111/111/28
f 109/109/12 111/111/28 112/112/11
f 113/113/29 114/114/29 115/115/29
f 113/113/29 115/115/29 116/116/29
f 116/116/29 115/115/29 117/117/29
f 117/117/29 115/115/29 118/118/29
f 118/118/29 115/115/29 119/119/29
f 119/119/29 115/115/29 120/120/29
f 121/121/2 122/122/30 123/123/31
f 121/121/2 123/123/31 124/124/7
f 125/125/30 126/126/2 127/127/4
f 125/125/30 127/127/4 128/128/32
f 129/129/32 130/130/4 131/131/6
f 129/129/32 131/131/6 132/132/33
f 133/133/7 134/134/31 135/135/34
f 133/133/7 135/135/34 136/136/16
f 137/137/33 138/138/6 139/139/10
f 137/137/33 139/139/10 140/140/35
f 141/141/16 142/142/34 143/143/36
f 141/141/16 143/143/36 144/144/21
f 145/145/35 146/146/10 147/147/19
f 145/145/35 147/147/19 148/148/37
f 149/149/29 150/150/29 151/151/29
f 149/149/29 151/151/29 152/152/29
f 149/149/29 152/152/29 153/153/29
f 149/149/29 153/153/29 154/154/29
f 155/155/21 156/156/38 157/157/39
f 155/155/21 157/157/39 158/158/15
f 159/159/37 160/160/19 161/161/20
f 159/159/37 161/161/20 162/162/40
f 163/163/15 164/164/39 165/165/41
f 163/163/15 165/165/41 166/166/13
f 167/167/40 168/168/20 169/169/14
f 167/167/40 169/169/14 170/170/42
f 171/171/13 172/172/41 173/173/43
f 171/171/13 173/173/43 174/174/11
f 175/175/42 176/176/14 177/177/12
f 175/175/42 177/177/12 178/178/44
f 179/179/11 180/180/43 181/181/44
f 179/179/11 181/181/44 182/182/12
f 183/183/45 184/184/45 185/185/46
f 183/183/45 185/185/46 186/186/46
f 186/186/46 185/185/46 187/187/19
f 186/186/46 187/187/19 188/188/19
f 188/188/19 187/187/19 189/189/47
f 188/188/19 189/189/47 190/190/47
f 190/190/47 189/189/47 191/191/48
f 190/190/47 191/191/48 192/192/48
f 192/192/48 191/191/48 193/193/49
f 192/192/48 193/193/49 194/194/49
f 194/194/49 193/193/49 195/195/21
f 194/194/49 195/195/21 196/196/50
f 197/197/45 198/198/45 199/199/51
f 197/197/45 199/199/51 200/200/51
f 200/200/51 199/199/51 201/201/21
f 200/200/51 201/201/21 202/202/21
f 203/203/52 204/204/52 205/205/52
f 203/203/52 205/205/52 206/206/52
f 206/206/52 205/205/52 207/207/52
f 207/207/52 205/205/52 208/208/52
f 208/208/52 205/205/52 209/209/52
f 209/209/52 205/205/52 210/210/52
f 211/211/29 212/212/53 213/213/8
f 211/211/29 213/213/8 214/214/29
f 214/214/29 213/213/8 215/215/17
f 214/214/29 215/215/17 216/216/29
f 216/216/29 215/215/17 217/217/54
f 216/216/29 217/217/54 218/218/29
f 218/218/29 217/217/54 219/219/24
f 218/218/29 219/219/24 220/220/29
f 220/220/29 219/219/24 221/221/26
f 220/220/29 221/221/26 222/222/29
f 222/222/29 221/221/26 223/223/55
f 222/222/29 223/223/55 224/224/29
f 224/224/29 223/223/55 225/225/27
f 224/224/29 225/225/27 226/226/29
f 226/226/29 225/225/27 227/227/25
f 226/226/29 227/227/25 228/228/29
f 228/228/29 227/227/25 229/229/56
f 228/228/29 229/229/56 230/230/29
f 230/230/29 229/229/56 231/231/57
f 230/230/29 231/231/57 232/232/29
f 232/232/29 231/231/57 233/233/58
f 232/232/29 233/233/58 234/234/29
f 234/234/29 233/233/58 235/235/5
f 234/234/29 235/235/5 236/236/29
f 236/236/29 235/235/5 237/237/59
f 236/236/29 237/237/59 238/238/29
f 238/238/29 237/237/59 212/212/53
f 238/238/29 212/212/53 211/211/29
f 239/239/52 240/240/30 241/241/60
f 239/239/52 241/241/60 242/242/52
f 242/242/52 241/241/60 243/243/33
f 242/242/52 243/243/33 244/244/52
f 244/244/52 243/243/33 245/245/35
f 244/244/52 245/245/35 246/246/52
f 246/246/52 245/245/35 247/247/61
f 246/246/52 247/247/61 248/248/52
f 248/248/52 247/247/61 249/249/62
f 248/248/52 249/249/62 250/250/52
f 250/250/52 249/249/62 251/251/42
f 250/250/52 251/251/42 252/252/52
f 252/252/52 251/251/42 253/253/44
f 252/252/52 253/253/44 254/254/52
f 254/254/52 253/253/44 255/255/63
f 254/254/52 255/255/63 256/256/52
f 256/256/52 255/255/63 257/257/41
f 256/256/52 257/257/41 258/258/52
f 258/258/52 257/257/41 259/259/64
f 258/258/52 259/259/64 260/260/52
f 260/260/52 259/259/64 261/261/38
f 260/260/52 261/261/38 262/262/52
f 262/262/52 261/261/38 263/263/65
f 262/262/52 263/263/65 264/264/52
f 264/264/52 263/263/65 265/265/31
f 264/264/52 265/265/31 266/266/52
f 266/266/52 265/265/31 240/240/30
f 266/266/52 240/240/30 239/239/52
o wShape0
v 0.924948 -0.452675 -1.614884
v 0.700918 -0.452675 -1.761748
v 0.700918 -0.452675 -1.614884
v 0.924948 -0.452675 -1.761748
v 0.700918 -0.452675 -1.614884
v 0.700918 -0.388953 -1.482564
v 0.924948 -0.388953 -1.482564
v 0.924948 -0.452675 -1.614884
v 0.700918 -0.388953 -1.894068
v 0.700918 -0.452675 -1.761748
v 0.924948 -0.452675 -1.761748
v 0.924948 -0.388953 -1.894068
v 0.700918 -0.388953 -1.482564
v 0.700918 -0.274131 -1.390996
v 0.924948 -0.274131 -1.390996
v 0.924948 -0.388953 -1.482564
v 0.700918 -0.274131 -1.985636
v 0.700918 -0.388953 -1.894068
v 0.924948 -0.388953 -1.894068
v 0.924948 -0.274131 -1.985636
v 0.700918 -0.274131 -1.390996
v 0.700918 -0.130949 -1.358316
v 0.924948 -0.130949 -1.358316
v 0.924948 -0.274131 -1.390996
v 0.700918 -0.130949 -2.018316
v 0.700918 -0.274131 -1.985636
v 0.924948 -0.274131 -1.985636
v 0.924948 -0.130949 -2.018316
v 0.700918 -0.130949 -1.358316
v 0.700918 0.012233 -1.390996
v 0.924948 0.012233 -1.390996
v 0.924948 -0.130949 -1.358316
v 0.700918 0.012233 -1.985636
v 0.700918 -0.130949 -2.018316
v 0.924948 -0.130949 -2.018316
v 0.924948 0.012233 -1.985636
v 0.700918 0.012233 -1.390996
v 0.700918 0.127055 -1.482564
v 0.924948 0.127055 -1.482564
v 0.924948 0.012233 -1.390996
v 0.700918 0.127055 -1.894068
v 0.700918 0.012233 -1.985636
v 0.924948 0.012233 -1.985636
v 0.924948 0.127055 -1.894068
v 0.700918 0.127055 -1.482564
v 0.700918 0.190777 -1.614884
v 0.924948 0.190777 -1.614884
v 0.924948 0.127055 -1.482564
v 0.700918 0.190777 -1.761748
v 0.700918 0.127055 -1.894068
v 0.924948 0.127055 -1.894068
v 0.924948 0.190777 -1.761748
v 0.700918 0.190777 -1.614884
v 0.700918 0.190777 -1.761748
v 0.924948 0.190777 -1.761748
v 0.924948 0.190777 -1.614884
v 0.748261 -0.230949 -1.688316
v 0.877605 -0.230949 -1.688316
v 0.877605 -0.201660 -1.617605
v 0.748261 -0.201660 -1.617605
v 0.877605 -0.130949 -1.588316
v 0.748261 -0.130949 -1.588316
v 0.877605 -0.060238 -1.617605
v 0.748261 -0.060238 -1.617605
v 0.877605 -0.030949 -1.688316
v 0.748261 -0.030949 -1.688316
v 0.877605 -0.060238 -1.759027
v 0.748261 -0.060238 -1.759027
v 0.877605 -0.130949 -1.788316
v 0.748261 -0.130949 -1.788316
v 0.877605 -0.230949 -1.688316
v 0.748261 -0.230949 -1.688316
v 0.748261 -0.201660 -1.759026
v 0.877605 -0.201660 -1.759026
v 0.748261 -0.130949 -1.788316
v 0.877605 -0.130949 -1.788316
v 0.748261 -0.130949 -1.588316
v 0.748261 -0.060238 -1.617605
v 0.748261 -0.030949 -1.688316
v 0.748261 -0.201660 -1.617605
v 0.748261 -0.230949 -1.688316
v 0.748261 -0.201660 -1.759026
v 0.748261 -0.130949 -1.788316
v 0.748261 -0.060238 -1.759027
v 0.812933 -0.598914 -1.795126
v 0.700918 -0.550168 -1.784000
v 0.700918 -0.467137 -1.956416
v 0.812933 -0.506228 -1.987591
v 0.700918 -0.550168 -1.784000
v 0.812933 -0.598914 -1.795126
v 0.812933 -0.598914 -1.581506
v 0.700918 -0.550168 -1.592632
v 0.924948 -0.550168 -1.784000
v 0.812933 -0.598914 -1.795126
v 0.812933 -0.506228 -1.987591
v 0.924948 -0.467137 -1.956416
v 0.700918 -0.550168 -1.592632
v 0.812933 -0.598914 -1.581506
v 0.812933 -0.506228 -1.389041
v 0.700918 -0.467136 -1.420215
v 0.924948 -0.550168 -1.592632
v 0.812933 -0.598914 -1.581506
v 0.812933 -0.598914 -1.795126
v 0.924948 -0.550168 -1.784000
v 0.700918 -0.467136 -1.420215
v 0.812933 -0.506228 -1.389041
v 0.812933 -0.339213 -1.255851
v 0.700918 -0.317519 -1.300899
v 0.924948 -0.467136 -1.420215
v 0.812933 -0.506228 -1.389041
v 0.812933 -0.598914 -1.581506
v 0.924948 -0.550168 -1.592632
v 0.700918 -0.317519 -1.300899
v 0.812933 -0.339213 -1.255851
v 0.812933 -0.130949 -1.208316
v 0.700918 -0.130949 -1.258316
v 0.924948 -0.317519 -1.300899
v 0.812933 -0.339213 -1.255851
v 0.812933 -0.506228 -1.389041
v 0.924948 -0.467136 -1.420215
v 0.812933 0.252646 -1.688316
v 0.812933 0.060849 -1.356113
v 0.812933 -0.322747 -1.356113
v 0.812933 -0.514544 -1.688316
v 0.812933 -0.322747 -2.020519
v 0.812933 0.060849 -2.020519
v 0.700918 -0.130949 -1.258316
v 0.812933 -0.130949 -1.208316
v 0.812933 0.077315 -1.255851
v 0.700918 0.055621 -1.300899
v 0.924948 -0.130949 -1.258316
v 0.812933 -0.130949 -1.208316
v 0.812933 -0.339213 -1.255851
v 0.924948 -0.317519 -1.300899
v 0.700918 0.055621 -1.300899
v 0.812933 0.077315 -1.255851
v 0.812933 0.244330 -1.389041
v 0.700918 0.205239 -1.420215
v 0.924948 0.055621 -1.300899
v 0.812933 0.077315 -1.255851
v 0.812933 -0.130949 -1.208316
v 0.924948 -0.130949 -1.258316
v 0.700918 0.205239 -1.420215
v 0.812933 0.244330 -1.389041
v 0.812933 0.337016 -1.581506
v 0.700918 0.288270 -1.592632
v 0.924948 0.205239 -1.420215
v 0.812933 0.244330 -1.389041
v 0.812933 0.077315 -1.255851
v 0.924948 0.055621 -1.300899
v 0.812933 0.337016 -1.795126
v 0.700918 0.288270 -1.784000
v 0.700918 0.288270 -1.592632
v 0.812933 0.337016 -1.581506
v 0.700918 0.288270 -1.784000
v 0.812933 0.337016 -1.795126
v 0.812933 0.244330 -1.987591
v 0.700918 0.205238 -1.956417
v 0.924948 0.288270 -1.784000
v 0.812933 0.337016 -1.795126
v 0.812933 0.337016 -1.581506
v 0.924948 0.288270 -1.592632
v 0.924948 0.288270 -1.592632
v 0.812933 0.337016 -1.581506
v 0.812933 0.244330 -1.389041
v 0.924948 0.205239 -1.420215
v 0.812933 -0.506228 -1.987591
v 0.700918 -0.467137 -1.956416
v 0.700918 -0.317519 -2.075733
v 0.812933 -0.339213 -2.120781
v 0.924948 -0.467137 -1.956416
v 0.812933 -0.506228 -1.987591
v 0.812933 -0.339213 -2.120781
v 0.924948 -0.317519 -2.075733
v 0.812933 -0.339213 -2.120781
v 0.700918 -0.317519 -2.075733
v 0.700918 -0.130949 -2.118316
v 0.812933 -0.130949 -2.168316
v 0.924948 -0.317519 -2.075733
v 0.812933 -0.339213 -2.120781
v 0.812933 -0.130949 -2.168316
v 0.924948 -0.130949 -2.118316
v 0.812933 -0.130949 -2.168316
v 0.700918 -0.130949 -2.118316
v 0.700918 0.055621 -2.075733
v 0.812933 0.077315 -2.120781
v 0.924948 -0.130949 -2.118316
v 0.812933 -0.130949 -2.168316
v 0.812933 0.077315 -2.120781
v 0.924948 0.055621 -2.075733
v 0.812933 0.077315 -2.120781
v 0.700918 0.055621 -2.075733
v 0.700918 0.205238 -1.956417
v 0.812933 0.244330 -1.987591
v 0.924948 0.055621 -2.075733
v 0.812933 0.077315 -2.120781
v 0.812933 0.244330 -1.987591
v 0.924948 0.205238 -1.956417
v 0.924948 0.205238 -1.956417
v 0.812933 0.244330 -1.987591
v 0.812933 0.337016 -1.795126
v 0.924948 0.288270 -1.784000
v 0.877605 -0.130949 -1.788316
v 0.877605 -0.060238 -1.759027
v 0.877605 -0.030949 -1.688316
v 0.877605 -0.201660 -1.759026
v 0.877605 -0.230949 -1.688316
v 0.877605 -0.201660 -1.617605
v 0.877605 -0.130949 -1.588316
v 0.877605 -0.060238 -1.617605
v 0.700918 -0.452675 -1.761748
v 0.700918 -0.550168 -1.784000
v 0.700918 -0.550168 -1.592632
v 0.700918 -0.452675 -1.614884
v 0.700918 -0.467136 -1.420215
v 0.700918 -0.388953 -1.482564
v 0.700918 -0.317519 -1.300899
v 0.700918 -0.274131 -1.390996
v 0.700918 -0.130949 -1.258316
v 0.700918 -0.130949 -1.358316
v 0.700918 0.055621 -1.300899
v 0.700918 0.012233 -1.390996
v 0.700918 0.205239 -1.420215
v 0.700918 0.127055 -1.482564
v 0.700918 0.288270 -1.592632
v 0.700918 0.190777 -1.614884
v 0.700918 0.288270 -1.784000
v 0.700918 0.190777 -1.761748
v 0.700918 0.205238 -1.956417
v 0.700918 0.127055 -1.894068
v 0.700918 0.055621 -2.075733
v 0.700918 0.012233 -1.985636
v 0.700918 -0.130949 -2.118316
v 0.700918 -0.130949 -2.018316
v 0.700918 -0.317519 -2.075733
v 0.700918 -0.274131 -1.985636
v 0.700918 -0.467137 -1.956416
v 0.700918 -0.388953 -1.894068
v 0.924948 -0.274131 -1.390996
v 0.924948 -0.317519 -1.300899
v 0.924948 -0.467136 -1.420215
v 0.924948 -0.388953 -1.482564
v 0.924948 -0.550168 -1.592632
v 0.924948 -0.452675 -1.614884
v 0.924948 -0.550168 -1.784000
v 0.924948 -0.452675 -1.761748
v 0.924948 -0.467137 -1.956416
v 0.924948 -0.388953 -1.894068
v 0.924948 -0.317519 -2.075733
v 0.924948 -0.274131 -1.985636
v 0.924948 -0.130949 -2.118316
v 0.924948 -0.130949 -2.018316
v 0.924948 0.055621 -2.075733
v 0.924948 0.012233 -1.985636
v 0.924948 0.205238 -1.956417
v 0.924948 0.127055 -1.894068
v 0.924948 0.288270 -1.784000
v 0.924948 0.190777 -1.761748
v 0.924948 0.288270 -1.592632
v 0.924948 0.190777 -1.614884
v 0.924948 0.205239 -1.420215
v 0.924948 0.127055 -1.482564
v 0.924948 0.055621 -1.300899
v 0.924948 0.012233 -1.390996
v 0.924948 -0.130949 -1.258316
v 0.924948 -0.130949 -1.358316
vt 0.499500 0.500500
vt 0.500500 0.499500
vt 0.500500 0.500500
vt 0.499500 0.499500
vt 0.500500 0.499500
vt 0.500500 0.500500
vt 0.499500 0.500500
vt 0.499500 0.499500
vt 0.500500 0.499500
vt 0.500500 0.500500
vt 0.499500 0.500500
vt 0.499500 0.499500
vt 0.500500 0.499500
vt 0.500500 0.500500
vt 0.499500 0.500500
vt 0.499500 0.499500
vt 0.500500 0.499500
vt 0.500500 0.500500
vt 0.499500 0.500500
vt 0.499500 0.499500
vt 0.500500 0.499500
vt 0.500500 0.500500
vt 0.499500 0.500500
vt 0.499500 0.499500
vt 0.500500 0.499500
vt 0.500500 0.500500
vt 0.499500 0.500500
vt 0.499500 0.499500
vt 0.500500 0.499500
vt 0.500500 0.500500
vt 0.499500 0.500500
vt 0.499500 0.499500
vt 0.500500 0.499500
vt 0.500500 0.500500
vt 0.499500 0.500500
vt 0.499500 0.499500
vt 0.500500 0.499500
vt 0.500500 0.500500
vt 0.499500 0.500500
vt 0.499500 0.499500
vt 0.500500 0.499500
vt 0.500500 0.500500
vt 0.499500 0.500500
vt 0.499500 0.499500
vt 0.500500 0.499500
vt 0.500500 0.500500
vt 0.499500 0.500500
vt 0.499500 0.499500
vt 0.500500 0.499500
vt 0.500500 0.500500
vt 0.499500 0.500500
vt 0.499500 0.499500
vt 0.500500 0.499500
vt 0.500500 0.500500
vt 0.499500 0.500500
vt 0.499500 0.499500
vt 0.377058 0.491881
vt 0.377058 0.491881
vt 0.377058 0.491881
vt 0.377058 0.491881
vt 0.377058 0.491881
vt 0.377058 0.491881
vt 0.377058 0.491881
vt 0.377058 0.491881
vt 0.377058 0.491881
vt 0.377058 0.491881
vt 0.377058 0.491881
vt 0.377058 0.491881
vt 0.377058 0.491881
vt 0.377058 0.491881
vt 0.671922 0.491881
vt 0.671922 0.491881
vt 0.671922 0.491881
vt 0.671922 0.491881
vt 0.671922 0.491881
vt 0.671922 0.491881
vt 0.192226 0.500000
vt 0.135190 0.569504
vt 0.007561 0.598294
vt 0.135190 0.430496
vt 0.007561 0.401706
vt 0.135334 0.430496
vt 0.192238 0.500000
vt 0.135333 0.569504
vt 0.946450 1.006664
vt 0.946450 0.803327
vt 0.985232 0.803327
vt 0.985232 1.006664
vt 0.985232 0.803327
vt 0.985232 1.006664
vt 0.946450 1.006664
vt 0.946450 0.803327
vt 0.985232 0.803327
vt 0.985232 1.006664
vt 0.946450 1.006664
vt 0.946450 0.803327
vt 0.985232 0.803327
vt 0.985232 1.006664
vt 0.946450 1.006664
vt 0.946450 0.803327
vt 0.985232 0.803327
vt 0.985232 1.006664
vt 0.946450 1.006664
vt 0.946450 0.803327
vt 0.985232 0.803327
vt 0.985232 1.006664
vt 0.946450 1.006664
vt 0.946450 0.803328
vt 0.985232 0.803327
vt 0.985232 1.006664
vt 0.946450 1.006664
vt 0.946450 0.803327
vt 0.985232 0.803328
vt 0.985232 1.006664
vt 0.946450 1.006664
vt 0.946450 0.803327
vt 0.985231 0.803327
vt 0.985232 1.006664
vt 0.946450 1.006664
vt 0.946450 0.803327
vt 0.014195 0.929618
vt 0.738456 0.714809
vt 0.738456 0.285191
vt 0.014195 0.070382
vt 0.738456 0.285191
vt 0.738456 0.714809
vt 0.985232 0.803327
vt 0.985232 1.006664
vt 0.946450 1.006664
vt 0.946450 0.803327
vt 0.985232 0.803327
vt 0.985232 1.006664
vt 0.946450 1.006664
vt 0.946450 0.803327
vt 0.985232 0.803327
vt 0.985232 1.006664
vt 0.946450 1.006664
vt 0.946450 0.803327
vt 0.985232 0.803327
vt 0.985232 1.006664
vt 0.946450 1.006664
vt 0.946450 0.803327
vt 0.985232 0.803327
vt 0.985232 1.006664
vt 0.946450 1.006664
vt 0.946450 0.803327
vt 0.985232 0.803327
vt 0.985232 1.006664
vt 0.946450 1.006664
vt 0.946450 0.803327
vt 0.946450 1.006664
vt 0.946450 0.803327
vt 0.985232 0.803327
vt 0.985232 1.006664
vt 0.985232 0.803327
vt 0.985232 1.006664
vt 0.946450 1.006664
vt 0.946450 0.803327
vt 0.985232 0.803327
vt 0.985232 1.006664
vt 0.946450 1.006664
vt 0.946450 0.803327
vt 0.985232 0.803327
vt 0.985232 1.006664
vt 0.946450 1.006664
vt 0.946450 0.803327
vt 0.946450 1.006664
vt 0.946450 0.803327
vt 0.985232 0.803327
vt 0.985232 1.006664
vt 0.985232 0.803327
vt 0.985232 1.006664
vt 0.946450 1.006664
vt 0.946450 0.803327
vt 0.946450 1.006664
vt 0.946450 0.803327
vt 0.985232 0.803327
vt 0.985232 1.006664
vt 0.985232 0.803327
vt 0.985232 1.006664
vt 0.946450 1.006664
vt 0.946450 0.803327
vt 0.946450 1.006664
vt 0.946450 0.803327
vt 0.985232 0.803327
vt 0.985232 1.006664
vt 0.985232 0.803327
vt 0.985232 1.006664
vt 0.946450 1.006664
vt 0.946450 0.803327
vt 0.946450 1.006664
vt 0.946450 0.803327
vt 0.985232 0.803327
vt 0.985232 1.006664
vt 0.985232 0.803327
vt 0.985232 1.006664
vt 0.946450 1.006664
vt 0.946450 0.803327
vt 0.985232 0.803327
vt 0.985232 1.006664
vt 0.946450 1.006664
vt 0.946450 0.803327
vt 0.192352 0.500000
vt 0.134239 0.569504
vt 0.016932 0.598294
vt 0.134239 0.430496
vt 0.016932 0.401706
vt 0.135447 0.430496
vt 0.191409 0.500000
vt 0.135447 0.569504
vt 0.739210 0.415873
vt 0.963402 0.390380
vt 0.963402 0.609620
vt 0.739210 0.584127
vt 0.772465 0.807149
vt 0.592677 0.735719
vt 0.428409 0.943843
vt 0.328634 0.840624
vt 0.008009 0.992629
vt 0.008009 0.878064
vt 0.392528 0.943843
vt 0.281581 0.840624
vt 0.775110 0.807149
vt 0.575191 0.735719
vt 0.987427 0.609620
vt 0.738132 0.584127
vt 0.987427 0.390380
vt 0.738132 0.415873
vt 0.775110 0.192851
vt 0.575191 0.264281
vt 0.392527 0.056156
vt 0.281581 0.159376
vt 0.008009 0.007371
vt 0.008009 0.121936
vt 0.428409 0.056157
vt 0.328635 0.159376
vt 0.772465 0.192851
vt 0.592677 0.264281
vt 0.679486 0.331746
vt 0.885286 0.280760
vt 0.612743 0.104942
vt 0.470324 0.196816
vt 0.222115 0.007371
vt 0.173830 0.121936
vt 0.224015 0.007371
vt 0.173874 0.121936
vt 0.612524 0.104942
vt 0.472032 0.196816
vt 0.881382 0.280759
vt 0.678365 0.331746
vt 0.977335 0.500000
vt 0.752004 0.500000
vt 0.881382 0.719240
vt 0.678365 0.668254
vt 0.612525 0.895058
vt 0.472033 0.803184
vt 0.224016 0.992629
vt 0.173875 0.878064
vt 0.222114 0.992629
vt 0.173829 0.878064
vt 0.612743 0.895058
vt 0.470324 0.803184
vt 0.885286 0.719241
vt 0.679486 0.668254
vt 0.982556 0.500000
vt 0.754134 0.500000
vn 0.0000 0.9749 -0.2225
vn 0.0000 0.9749 0.2225
vn -0.0000 0.7818 -0.6235
vn 0.0000 0.7818 0.6235
vn -0.0000 0.4339 -0.9010
vn 0.0000 0.4339 0.9010
vn -0.0000 -0.0000 -1.0000
vn 0.0000 -0.0000 1.0000
vn -0.0000 -0.4339 -0.9010
vn 0.0000 -0.4339 0.9010
vn -0.0000 -0.7818 -0.6235
vn 0.0000 -0.7818 0.6235
vn -0.0000 -0.9749 -0.2225
vn 0.0000 -0.9749 0.2225
vn 0.0000 -1.0000 -0.0000
vn 0.0000 -0.7071 0.7071
vn 0.0000 0.7071 0.7071
vn 0.0000 1.0000 0.0000
vn 0.0000 0.7071 -0.7071
vn 0.0001 -0.0000 -1.0000
vn 0.0000 -0.7071 -0.7071
vn -1.0000 0.0000 0.0000
vn -0.8427 -0.5249 -0.1198
vn -0.8427 -0.4210 -0.3357
vn -0.8427 -0.5249 0.1198
vn 0.8427 -0.5249 -0.1198
vn 0.8427 -0.4210 -0.3357
vn -0.8427 -0.4210 0.3357
vn 0.8427 -0.5249 0.1198
vn -0.8427 -0.2336 0.4851
vn 0.8427 -0.4210 0.3357
vn -0.8427 -0.0000 0.5384
vn 0.8427 -0.2336 0.4851
vn 1.0000 -0.0000 0.0000
vn -0.8427 0.2336 0.4851
vn 0.8427 -0.0000 0.5384
vn -0.8427 0.4210 0.3357
vn 0.8427 0.2336 0.4851
vn -0.8427 0.5249 0.1198
vn 0.8427 0.4210 0.3357
vn -0.8427 0.5249 -0.1198
vn -0.8427 0.4210 -0.3357
vn 0.8427 0.5249 -0.1198
vn 0.8427 0.5249 0.1198
vn -0.8427 -0.2336 -0.4851
vn 0.8427 -0.2336 -0.4851
vn -0.8427 -0.0000 -0.5384
vn 0.8427 -0.0000 -0.5384
vn -0.8427 0.0000 -0.5385
vn -0.8427 0.2336 -0.4851
vn 0.8427 0.2336 -0.4851
vn 0.8427 0.4210 -0.3357
vn -0.8427 -0.0000 0.5385
vn -0.8427 0.2337 0.4851
vn -0.8427 0.5250 -0.1198
vn -0.8427 0.2337 -0.4851
vn -0.8427 -0.2337 -0.4851
vn 0.8427 -0.5250 0.1198
vn 0.8427 -0.2337 -0.4851
vn 0.8427 -0.0000 -0.5385
vn 0.8427 0.5250 -0.1198
vn 0.8427 0.2337 0.4851
vn 0.8427 0.0000 0.5385
usemtl burns_vWheel_m.003
s 1
f 267/267/66 268/268/67 269/269/66
f 268/268/67 267/267/66 270/270/67
f 271/271/66 272/272/68 273/273/68
f 271/271/66 273/273/68 274/274/66
f 275/275/69 276/276/67 277/277/67
f 275/275/69 277/277/67 278/278/69
f 279/279/68 280/280/70 281/281/70
f 279/279/68 281/281/70 282/282/68
f 283/283/71 284/284/69 285/285/69
f 283/283/71 285/285/69 286/286/71
f 287/287/70 288/288/72 289/289/72
f 287/287/70 289/289/72 290/290/70
f 291/291/73 292/292/71 293/293/71
f 291/291/73 293/293/71 294/294/73
f 295/295/72 296/296/74 297/297/74
f 295/295/72 297/297/74 298/298/72
f 299/299/75 300/300/73 301/301/73
f 299/299/75 301/301/73 302/302/75
f 303/303/74 304/304/76 305/305/76
f 303/303/74 305/305/76 306/306/74
f 307/307/77 308/308/75 309/309/75
f 307/307/77 309/309/75 310/310/77
f 311/311/76 312/312/78 313/313/78
f 311/311/76 313/313/78 314/314/76
f 315/315/79 316/316/77 317/317/77
f 315/315/79 317/317/77 318/318/79
f 319/319/78 320/320/79 321/321/79
f 319/319/78 321/321/79 322/322/78
f 323/323/80 324/324/80 325/325/81
f 323/323/80 325/325/81 326/326/81
f 326/326/81 325/325/81 327/327/73
f 326/326/81 327/327/73 328/328/73
f 328/328/73 327/327/73 329/329/82
f 328/328/73 329/329/82 330/330/82
f 330/330/82 329/329/82 331/331/83
f 330/330/82 331/331/83 332/332/83
f 332/332/83 331/331/83 333/333/84
f 332/332/83 333/333/84 334/334/84
f 334/334/84 333/333/84 335/335/72
f 334/334/84 335/335/72 336/336/85
f 337/337/80 338/338/80 339/339/86
f 337/337/80 339/339/86 340/340/86
f 340/340/86 339/339/86 341/341/72
f 340/340/86 341/341/72 342/342/72
f 343/343/87 344/344/87 345/345/87
f 343/343/87 345/345/87 346/346/87
f 346/346/87 345/345/87 347/347/87
f 347/347/87 345/345/87 348/348/87
f 348/348/87 345/345/87 349/349/87
f 349/349/87 345/345/87 350/350/87
f 351/351/78 352/352/88 353/353/89
f 351/351/78 353/353/89 354/354/76
f 355/355/88 356/356/78 357/357/79
f 355/355/88 357/357/79 358/358/90
f 359/359/91 360/360/78 361/361/76
f 359/359/91 361/361/76 362/362/92
f 363/363/90 364/364/79 365/365/77
f 363/363/90 365/365/77 366/366/93
f 367/367/94 368/368/79 369/369/78
f 367/367/94 369/369/78 370/370/91
f 371/371/93 372/372/77 373/373/75
f 371/371/93 373/373/75 374/374/95
f 375/375/96 376/376/77 377/377/79
f 375/375/96 377/377/79 378/378/94
f 379/379/95 380/380/75 381/381/73
f 379/379/95 381/381/73 382/382/97
f 383/383/98 384/384/75 385/385/77
f 383/383/98 385/385/77 386/386/96
f 387/387/99 388/388/99 389/389/99
f 387/387/99 389/389/99 390/390/99
f 387/387/99 390/390/99 391/391/99
f 387/387/99 391/391/99 392/392/99
f 393/393/97 394/394/73 395/395/71
f 393/393/97 395/395/71 396/396/100
f 397/397/101 398/398/73 399/399/75
f 397/397/101 399/399/75 400/400/98
f 401/401/100 402/402/71 403/403/69
f 401/401/100 403/403/69 404/404/102
f 405/405/103 406/406/71 407/407/73
f 405/405/103 407/407/73 408/408/101
f 409/409/102 410/410/69 411/411/67
f 409/409/102 411/411/67 412/412/104
f 413/413/105 414/414/69 415/415/71
f 413/413/105 415/415/71 416/416/103
f 417/417/66 418/418/106 419/419/104
f 417/417/66 419/419/104 420/420/67
f 421/421/106 422/422/66 423/423/68
f 421/421/106 423/423/68 424/424/107
f 425/425/108 426/426/66 427/427/67
f 425/425/108 427/427/67 428/428/109
f 429/429/109 430/430/67 431/431/69
f 429/429/109 431/431/69 432/432/105
f 433/433/76 434/434/89 435/435/110
f 433/433/76 435/435/110 436/436/74
f 437/437/92 438/438/76 439/439/74
f 437/437/92 439/439/74 440/440/111
f 441/441/74 442/442/110 443/443/112
f 441/441/74 443/443/112 444/444/72
f 445/445/111 446/446/74 447/447/72
f 445/445/111 447/447/72 448/448/113
f 449/449/72 450/450/114 451/451/115
f 449/449/72 451/451/115 452/452/70
f 453/453/113 454/454/72 455/455/70
f 453/453/113 455/455/70 456/456/116
f 457/457/70 458/458/115 459/459/107
f 457/457/70 459/459/107 460/460/68
f 461/461/116 462/462/70 463/463/68
f 461/461/116 463/463/68 464/464/117
f 465/465/117 466/466/68 467/467/66
f 465/465/117 467/467/66 468/468/108
f 469/469/99 470/470/99 471/471/99
f 469/469/99 471/471/99 472/472/99
f 472/472/99 471/471/99 473/473/99
f 473/473/99 471/471/99 474/474/99
f 474/474/99 471/471/99 475/475/99
f 475/475/99 471/471/99 476/476/99
f 477/477/87 478/478/88 479/479/90
f 477/477/87 479/479/90 480/480/87
f 480/480/87 479/479/90 481/481/93
f 480/480/87 481/481/93 482/482/87
f 482/482/87 481/481/93 483/483/95
f 482/482/87 483/483/95 484/484/87
f 484/484/87 483/483/95 485/485/118
f 484/484/87 485/485/118 486/486/87
f 486/486/87 485/485/118 487/487/119
f 486/486/87 487/487/119 488/488/87
f 488/488/87 487/487/119 489/489/102
f 488/488/87 489/489/102 490/490/87
f 490/490/87 489/489/102 491/491/104
f 490/490/87 491/491/104 492/492/87
f 492/492/87 491/491/104 493/493/120
f 492/492/87 493/493/120 494/494/87
f 494/494/87 493/493/120 495/495/107
f 494/494/87 495/495/107 496/496/87
f 496/496/87 495/495/107 497/497/121
f 496/496/87 497/497/121 498/498/87
f 498/498/87 497/497/121 499/499/114
f 498/498/87 499/499/114 500/500/87
f 500/500/87 499/499/114 501/501/122
f 500/500/87 501/501/122 502/502/87
f 502/502/87 501/501/122 503/503/89
f 502/502/87 503/503/89 504/504/87
f 504/504/87 503/503/89 478/478/88
f 504/504/87 478/478/88 477/477/87
f 505/505/99 506/506/98 507/507/96
f 505/505/99 507/507/96 508/508/99
f 508/508/99 507/507/96 509/509/123
f 508/508/99 509/509/123 510/510/99
f 510/510/99 509/509/123 511/511/91
f 510/510/99 511/511/91 512/512/99
f 512/512/99 511/511/91 513/513/92
f 512/512/99 513/513/92 514/514/99
f 514/514/99 513/513/92 515/515/124
f 514/514/99 515/515/124 516/516/99
f 516/516/99 515/515/124 517/517/125
f 516/516/99 517/517/125 518/518/99
f 518/518/99 517/517/125 519/519/116
f 518/518/99 519/519/116 520/520/99
f 520/520/99 519/519/116 521/521/117
f 520/520/99 521/521/117 522/522/99
f 522/522/99 521/521/117 523/523/126
f 522/522/99 523/523/126 524/524/99
f 524/524/99 523/523/126 525/525/109
f 524/524/99 525/525/109 526/526/99
f 526/526/99 525/525/109 527/527/105
f 526/526/99 527/527/105 528/528/99
f 528/528/99 527/527/105 529/529/127
f 528/528/99 529/529/127 530/530/99
f 530/530/99 529/529/127 531/531/128
f 530/530/99 531/531/128 532/532/99
f 532/532/99 531/531/128 506/506/98
f 532/532/99 506/506/98 505/505/99
o w2Shape
v -0.924948 -0.550168 -1.784004
v -0.812933 -0.598914 -1.581510
v -0.924948 -0.550168 -1.592636
v -0.812933 -0.598914 -1.795130
v -0.812933 -0.598914 -1.795130
v -0.924948 -0.550168 -1.784004
v -0.924948 -0.467136 -1.956421
v -0.812933 -0.506228 -1.987595
v -0.812933 -0.506228 -1.389045
v -0.924948 -0.467137 -1.420220
v -0.924948 -0.550168 -1.592636
v -0.812933 -0.598914 -1.581510
v -0.812933 -0.506228 -1.987595
v -0.924948 -0.467136 -1.956421
v -0.924948 -0.317519 -2.075737
v -0.812933 -0.339213 -2.120785
v -0.924948 -0.452675 -1.761752
v -0.924948 -0.452675 -1.614888
v -0.700918 -0.452675 -1.614888
v -0.700918 -0.452675 -1.761752
v -0.924948 -0.388953 -1.894072
v -0.924948 -0.452675 -1.761752
v -0.700918 -0.452675 -1.761752
v -0.700918 -0.388953 -1.894072
v -0.924948 -0.452675 -1.614888
v -0.924948 -0.388953 -1.482568
v -0.700918 -0.388953 -1.482568
v -0.700918 -0.452675 -1.614888
v -0.924948 -0.274131 -1.985640
v -0.924948 -0.388953 -1.894072
v -0.700918 -0.388953 -1.894072
v -0.700918 -0.274131 -1.985640
v -0.812933 -0.339213 -1.255855
v -0.924948 -0.317519 -1.300903
v -0.924948 -0.467137 -1.420220
v -0.812933 -0.506228 -1.389045
v -0.812933 -0.339213 -2.120785
v -0.924948 -0.317519 -2.075737
v -0.924948 -0.130949 -2.118320
v -0.812933 -0.130949 -2.168320
v -0.924948 -0.388953 -1.482568
v -0.924948 -0.274131 -1.391000
v -0.700918 -0.274131 -1.391000
v -0.700918 -0.388953 -1.482568
v -0.924948 -0.130949 -2.018320
v -0.924948 -0.274131 -1.985640
v -0.700918 -0.274131 -1.985640
v -0.700918 -0.130949 -2.018320
v -0.812933 -0.130949 -1.208320
v -0.924948 -0.130949 -1.258320
v -0.924948 -0.317519 -1.300903
v -0.812933 -0.339213 -1.255855
v -0.924948 -0.274131 -1.391000
v -0.924948 -0.130949 -1.358320
v -0.700918 -0.130949 -1.358320
v -0.700918 -0.274131 -1.391000
v -0.924948 0.012233 -1.985640
v -0.924948 -0.130949 -2.018320
v -0.700918 -0.130949 -2.018320
v -0.700918 0.012233 -1.985640
v -0.812933 -0.130949 -2.168320
v -0.924948 -0.130949 -2.118320
v -0.924948 0.055621 -2.075737
v -0.812933 0.077315 -2.120785
v -0.924948 -0.130949 -1.358320
v -0.924948 0.012233 -1.391000
v -0.700918 0.012233 -1.391000
v -0.700918 -0.130949 -1.358320
v -0.924948 0.127055 -1.894072
v -0.924948 0.012233 -1.985640
v -0.700918 0.012233 -1.985640
v -0.700918 0.127055 -1.894072
v -0.812933 0.077315 -1.255855
v -0.924948 0.055621 -1.300903
v -0.924948 -0.130949 -1.258320
v -0.812933 -0.130949 -1.208320
v -0.812933 0.077315 -2.120785
v -0.924948 0.055621 -2.075737
v -0.924948 0.205239 -1.956421
v -0.812933 0.244330 -1.987595
v -0.924948 0.012233 -1.391000
v -0.924948 0.127055 -1.482568
v -0.700918 0.127055 -1.482568
v -0.700918 0.012233 -1.391000
v -0.924948 0.190777 -1.761752
v -0.924948 0.127055 -1.894072
v -0.700918 0.127055 -1.894072
v -0.700918 0.190777 -1.761752
v -0.924948 0.127055 -1.482568
v -0.924948 0.190777 -1.614888
v -0.700918 0.190777 -1.614888
v -0.700918 0.127055 -1.482568
v -0.924948 0.190777 -1.614888
v -0.924948 0.190777 -1.761752
v -0.700918 0.190777 -1.761752
v -0.700918 0.190777 -1.614888
v -0.812933 0.244330 -1.389045
v -0.924948 0.205238 -1.420219
v -0.924948 0.055621 -1.300903
v -0.812933 0.077315 -1.255855
v -0.812933 0.244330 -1.987595
v -0.924948 0.205239 -1.956421
v -0.924948 0.288270 -1.784004
v -0.812933 0.337016 -1.795130
v -0.812933 0.337016 -1.581510
v -0.924948 0.288270 -1.592636
v -0.924948 0.205238 -1.420219
v -0.812933 0.244330 -1.389045
v -0.812933 0.337016 -1.795130
v -0.924948 0.288270 -1.784004
v -0.924948 0.288270 -1.592636
v -0.812933 0.337016 -1.581510
v -0.877605 -0.130949 -1.588320
v -0.877605 -0.060238 -1.617609
v -0.877605 -0.030949 -1.688320
v -0.877605 -0.201660 -1.617610
v -0.877605 -0.230949 -1.688320
v -0.877605 -0.201660 -1.759031
v -0.877605 -0.130949 -1.788320
v -0.877605 -0.060238 -1.759031
v -0.812933 -0.598914 -1.581510
v -0.700918 -0.550168 -1.592636
v -0.700918 -0.467137 -1.420220
v -0.812933 -0.506228 -1.389045
v -0.700918 -0.550168 -1.592636
v -0.812933 -0.598914 -1.581510
v -0.812933 -0.598914 -1.795130
v -0.700918 -0.550168 -1.784004
v -0.700918 -0.550168 -1.784004
v -0.812933 -0.598914 -1.795130
v -0.812933 -0.506228 -1.987595
v -0.700918 -0.467136 -1.956421
v -0.812933 -0.506228 -1.389045
v -0.700918 -0.467137 -1.420220
v -0.700918 -0.317519 -1.300903
v -0.812933 -0.339213 -1.255855
v -0.700918 -0.467136 -1.956421
v -0.812933 -0.506228 -1.987595
v -0.812933 -0.339213 -2.120785
v -0.700918 -0.317519 -2.075737
v -0.812933 -0.339213 -1.255855
v -0.700918 -0.317519 -1.300903
v -0.700918 -0.130949 -1.258320
v -0.812933 -0.130949 -1.208320
v -0.700918 -0.317519 -2.075737
v -0.812933 -0.339213 -2.120785
v -0.812933 -0.130949 -2.168320
v -0.700918 -0.130949 -2.118320
v -0.812933 0.252646 -1.688320
v -0.812933 0.060849 -2.020523
v -0.812933 -0.322747 -2.020523
v -0.812933 -0.514544 -1.688320
v -0.812933 -0.322747 -1.356117
v -0.812933 0.060849 -1.356117
v -0.812933 -0.130949 -1.208320
v -0.700918 -0.130949 -1.258320
v -0.700918 0.055621 -1.300903
v -0.812933 0.077315 -1.255855
v -0.700918 -0.130949 -2.118320
v -0.812933 -0.130949 -2.168320
v -0.812933 0.077315 -2.120785
v -0.700918 0.055621 -2.075737
v -0.812933 0.077315 -1.255855
v -0.700918 0.055621 -1.300903
v -0.700918 0.205238 -1.420219
v -0.812933 0.244330 -1.389045
v -0.700918 0.055621 -2.075737
v -0.812933 0.077315 -2.120785
v -0.812933 0.244330 -1.987595
v -0.700918 0.205239 -1.956421
v -0.812933 0.244330 -1.389045
v -0.700918 0.205238 -1.420219
v -0.700918 0.288270 -1.592636
v -0.812933 0.337016 -1.581510
v -0.700918 0.205239 -1.956421
v -0.812933 0.244330 -1.987595
v -0.812933 0.337016 -1.795130
v -0.700918 0.288270 -1.784004
v -0.812933 0.337016 -1.581510
v -0.700918 0.288270 -1.592636
v -0.700918 0.288270 -1.784004
v -0.812933 0.337016 -1.795130
v -0.748261 -0.230949 -1.688320
v -0.877605 -0.230949 -1.688320
v -0.877605 -0.201660 -1.759031
v -0.748261 -0.201660 -1.759031
v -0.877605 -0.130949 -1.788320
v -0.748261 -0.130949 -1.788320
v -0.877605 -0.060238 -1.759031
v -0.748261 -0.060238 -1.759031
v -0.877605 -0.030949 -1.688320
v -0.748261 -0.030949 -1.688320
v -0.877605 -0.060238 -1.617609
v -0.748261 -0.060238 -1.617609
v -0.877605 -0.130949 -1.588320
v -0.748261 -0.130949 -1.588320
v -0.877605 -0.230949 -1.688320
v -0.748261 -0.230949 -1.688320
v -0.748261 -0.201660 -1.617610
v -0.877605 -0.201660 -1.617610
v -0.748261 -0.130949 -1.588320
v -0.877605 -0.130949 -1.588320
v -0.748261 -0.130949 -1.788320
v -0.748261 -0.060238 -1.759031
v -0.748261 -0.030949 -1.688320
v -0.748261 -0.201660 -1.759031
v -0.748261 -0.230949 -1.688320
v -0.748261 -0.201660 -1.617610
v -0.748261 -0.130949 -1.588320
v -0.748261 -0.060238 -1.617609
v -0.924948 -0.452675 -1.614888
v -0.924948 -0.550168 -1.592636
v -0.924948 -0.467137 -1.420220
v -0.924948 -0.388953 -1.482568
v -0.924948 -0.317519 -1.300903
v -0.924948 -0.274131 -1.391000
v -0.924948 -0.130949 -1.258320
v -0.924948 -0.130949 -1.358320
v -0.924948 0.055621 -1.300903
v -0.924948 0.012233 -1.391000
v -0.924948 0.205238 -1.420219
v -0.924948 0.127055 -1.482568
v -0.924948 0.288270 -1.592636
v -0.924948 0.190777 -1.614888
v -0.924948 0.288270 -1.784004
v -0.924948 0.190777 -1.761752
v -0.924948 0.205239 -1.956421
v -0.924948 0.127055 -1.894072
v -0.924948 0.055621 -2.075737
v -0.924948 0.012233 -1.985640
v -0.924948 -0.130949 -2.118320
v -0.924948 -0.130949 -2.018320
v -0.924948 -0.317519 -2.075737
v -0.924948 -0.274131 -1.985640
v -0.924948 -0.467136 -1.956421
v -0.924948 -0.388953 -1.894072
v -0.924948 -0.550168 -1.784004
v -0.924948 -0.452675 -1.761752
v -0.700918 -0.452675 -1.614888
v -0.700918 -0.550168 -1.592636
v -0.700918 -0.550168 -1.784004
v -0.700918 -0.452675 -1.761752
v -0.700918 -0.467136 -1.956421
v -0.700918 -0.388953 -1.894072
v -0.700918 -0.317519 -2.075737
v -0.700918 -0.274131 -1.985640
v -0.700918 -0.130949 -2.118320
v -0.700918 -0.130949 -2.018320
v -0.700918 0.055621 -2.075737
v -0.700918 0.012233 -1.985640
v -0.700918 0.205239 -1.956421
v -0.700918 0.127055 -1.894072
v -0.700918 0.288270 -1.784004
v -0.700918 0.190777 -1.761752
v -0.700918 0.288270 -1.592636
v -0.700918 0.190777 -1.614888
v -0.700918 0.205238 -1.420219
v -0.700918 0.127055 -1.482568
v -0.700918 0.055621 -1.300903
v -0.700918 0.012233 -1.391000
v -0.700918 -0.130949 -1.258320
v -0.700918 -0.130949 -1.358320
v -0.700918 -0.317519 -1.300903
v -0.700918 -0.274131 -1.391000
v -0.700918 -0.467137 -1.420220
v -0.700918 -0.388953 -1.482568
vt 0.985232 0.803327
vt 0.946450 1.006664
vt 0.946450 0.803327
vt 0.985232 1.006664
vt 0.946450 1.006664
vt 0.946450 0.803327
vt 0.985232 0.803327
vt 0.985232 1.006664
vt 0.946450 1.006664
vt 0.946450 0.803327
vt 0.985232 0.803327
vt 0.985232 1.006664
vt 0.946450 1.006664
vt 0.946450 0.803327
vt 0.985231 0.803327
vt 0.985232 1.006664
vt 0.499500 0.500500
vt 0.499500 0.499500
vt 0.500500 0.499500
vt 0.500500 0.500500
vt 0.499500 0.500500
vt 0.499500 0.499500
vt 0.500500 0.499500
vt 0.500500 0.500500
vt 0.499500 0.500500
vt 0.499500 0.499500
vt 0.500500 0.499500
vt 0.500500 0.500500
vt 0.499500 0.500500
vt 0.499500 0.499500
vt 0.500500 0.499500
vt 0.500500 0.500500
vt 0.946450 1.006664
vt 0.946450 0.803327
vt 0.985232 0.803327
vt 0.985232 1.006664
vt 0.946450 1.006664
vt 0.946450 0.803327
vt 0.985232 0.803327
vt 0.985232 1.006664
vt 0.499500 0.500500
vt 0.499500 0.499500
vt 0.500500 0.499500
vt 0.500500 0.500500
vt 0.499500 0.500500
vt 0.499500 0.499500
vt 0.500500 0.499500
vt 0.500500 0.500500
vt 0.946450 1.006664
vt 0.946450 0.803327
vt 0.985232 0.803327
vt 0.985232 1.006664
vt 0.499500 0.500500
vt 0.499500 0.499500
vt 0.500500 0.499500
vt 0.500500 0.500500
vt 0.499500 0.500500
vt 0.499500 0.499500
vt 0.500500 0.499500
vt 0.500500 0.500500
vt 0.946450 1.006664
vt 0.946450 0.803327
vt 0.985232 0.803327
vt 0.985232 1.006664
vt 0.499500 0.500500
vt 0.499500 0.499500
vt 0.500500 0.499500
vt 0.500500 0.500500
vt 0.499500 0.500500
vt 0.499500 0.499500
vt 0.500500 0.499500
vt 0.500500 0.500500
vt 0.946450 1.006664
vt 0.946450 0.803327
vt 0.985232 0.803327
vt 0.985232 1.006664
vt 0.946450 1.006664
vt 0.946450 0.803327
vt 0.985232 0.803327
vt 0.985232 1.006664
vt 0.499500 0.500500
vt 0.499500 0.499500
vt 0.500500 0.499500
vt 0.500500 0.500500
vt 0.499500 0.500500
vt 0.499500 0.499500
vt 0.500500 0.499500
vt 0.500500 0.500500
vt 0.499500 0.500500
vt 0.499500 0.499500
vt 0.500500 0.499500
vt 0.500500 0.500500
vt 0.499500 0.500500
vt 0.499500 0.499500
vt 0.500500 0.499500
vt 0.500500 0.500500
vt 0.946450 1.006664
vt 0.946450 0.803327
vt 0.985232 0.803327
vt 0.985232 1.006664
vt 0.946450 1.006664
vt 0.946450 0.803327
vt 0.985232 0.803327
vt 0.985232 1.006664
vt 0.946450 1.006664
vt 0.946450 0.803327
vt 0.985232 0.803327
vt 0.985232 1.006664
vt 0.946450 1.006664
vt 0.946450 0.803327
vt 0.985232 0.803327
vt 0.985232 1.006664
vt 0.192352 0.500000
vt 0.134239 0.569504
vt 0.016932 0.598294
vt 0.134239 0.430496
vt 0.016932 0.401706
vt 0.135447 0.430496
vt 0.191409 0.500000
vt 0.135447 0.569504
vt 0.946450 1.006664
vt 0.946450 0.803327
vt 0.985232 0.803327
vt 0.985232 1.006664
vt 0.985232 0.803327
vt 0.985232 1.006664
vt 0.946450 1.006664
vt 0.946450 0.803327
vt 0.985232 0.803327
vt 0.985232 1.006664
vt 0.946450 1.006664
vt 0.946450 0.803327
vt 0.946450 1.006664
vt 0.946450 0.803327
vt 0.985232 0.803327
vt 0.985232 1.006664
vt 0.985232 0.803327
vt 0.985232 1.006664
vt 0.946450 1.006664
vt 0.946450 0.803328
vt 0.946450 1.006664
vt 0.946450 0.803327
vt 0.985232 0.803327
vt 0.985232 1.006664
vt 0.985232 0.803328
vt 0.985232 1.006664
vt 0.946450 1.006664
vt 0.946450 0.803327
vt 0.014195 0.929618
vt 0.738456 0.714809
vt 0.738456 0.285191
vt 0.014195 0.070382
vt 0.738456 0.285191
vt 0.738456 0.714809
vt 0.946450 1.006664
vt 0.946450 0.803327
vt 0.985232 0.803327
vt 0.985232 1.006664
vt 0.985232 0.803327
vt 0.985232 1.006664
vt 0.946450 1.006664
vt 0.946450 0.803327
vt 0.946450 1.006664
vt 0.946450 0.803327
vt 0.985232 0.803327
vt 0.985232 1.006664
vt 0.985232 0.803327
vt 0.985232 1.006664
vt 0.946450 1.006664
vt 0.946450 0.803327
vt 0.946450 1.006664
vt 0.946450 0.803327
vt 0.985232 0.803327
vt 0.985232 1.006664
vt 0.985232 0.803327
vt 0.985232 1.006664
vt 0.946450 1.006664
vt 0.946450 0.803327
vt 0.946450 1.006664
vt 0.946450 0.803327
vt 0.985232 0.803327
vt 0.985232 1.006664
vt 0.377058 0.491881
vt 0.377058 0.491881
vt 0.377058 0.491881
vt 0.377058 0.491881
vt 0.377058 0.491881
vt 0.377058 0.491881
vt 0.377058 0.491881
vt 0.377058 0.491881
vt 0.377058 0.491881
vt 0.377058 0.491881
vt 0.377058 0.491881
vt 0.377058 0.491881
vt 0.377058 0.491881
vt 0.377058 0.491881
vt 0.671922 0.491881
vt 0.671922 0.491881
vt 0.671922 0.491881
vt 0.671922 0.491881
vt 0.671922 0.491881
vt 0.671922 0.491881
vt 0.192226 0.500000
vt 0.135190 0.569504
vt 0.007561 0.598294
vt 0.135190 0.430496
vt 0.007561 0.401706
vt 0.135334 0.430496
vt 0.192238 0.500000
vt 0.135333 0.569504
vt 0.173874 0.121936
vt 0.224015 0.007371
vt 0.612524 0.104942
vt 0.472032 0.196816
vt 0.881382 0.280759
vt 0.678365 0.331746
vt 0.977335 0.500000
vt 0.752004 0.500000
vt 0.881382 0.719240
vt 0.678365 0.668254
vt 0.612525 0.895058
vt 0.472033 0.803184
vt 0.224016 0.992629
vt 0.173875 0.878064
vt 0.222114 0.992629
vt 0.173829 0.878064
vt 0.612743 0.895058
vt 0.470324 0.803184
vt 0.885286 0.719241
vt 0.679486 0.668254
vt 0.982556 0.500000
vt 0.754134 0.500000
vt 0.885286 0.280760
vt 0.679486 0.331746
vt 0.612743 0.104942
vt 0.470324 0.196816
vt 0.222115 0.007371
vt 0.173830 0.121936
vt 0.739210 0.415873
vt 0.963402 0.390380
vt 0.963402 0.609620
vt 0.739210 0.584127
vt 0.772465 0.807149
vt 0.592677 0.735719
vt 0.428409 0.943843
vt 0.328634 0.840624
vt 0.008009 0.992629
vt 0.008009 0.878064
vt 0.392528 0.943843
vt 0.281581 0.840624
vt 0.775110 0.807149
vt 0.575191 0.735719
vt 0.987427 0.609620
vt 0.738132 0.584127
vt 0.987427 0.390380
vt 0.738132 0.415873
vt 0.775110 0.192851
vt 0.575191 0.264281
vt 0.392527 0.056156
vt 0.281581 0.159376
vt 0.008009 0.007371
vt 0.008009 0.121936
vt 0.428409 0.056157
vt 0.328635 0.159376
vt 0.772465 0.192851
vt 0.592677 0.264281
vn -0.8427 -0.5249 -0.1198
vn 0.0000 -0.9749 0.2225
vn -0.8427 -0.5249 0.1198
vn 0.0000 -0.9749 -0.2225
vn -0.8427 -0.4210 -0.3357
vn 0.0000 -0.7818 -0.6235
vn 0.0000 -0.7818 0.6235
vn -0.8427 -0.4210 0.3357
vn -0.8427 -0.2336 -0.4851
vn 0.0000 -0.4339 -0.9010
vn 0.0000 0.9749 0.2225
vn -0.0000 0.9749 -0.2225
vn 0.0000 0.7818 0.6235
vn -0.0000 0.7818 -0.6235
vn 0.0000 0.4339 0.9010
vn 0.0000 -0.4339 0.9010
vn -0.8427 -0.2336 0.4851
vn -0.8427 -0.0000 -0.5384
vn 0.0000 -0.0000 -1.0000
vn -0.0000 0.4339 -0.9010
vn 0.0000 -0.0000 1.0000
vn -0.8427 -0.0000 0.5384
vn -0.8427 0.2336 -0.4851
vn -0.8427 0.2336 0.4851
vn -0.8427 0.4210 -0.3357
vn -0.8427 0.4210 0.3357
vn -0.8427 0.5249 -0.1198
vn -0.8427 0.5249 0.1198
vn -1.0000 0.0000 0.0000
vn 0.8427 -0.5249 0.1198
vn 0.8427 -0.4210 0.3357
vn 0.8427 -0.5249 -0.1198
vn 0.8427 -0.4210 -0.3357
vn 0.8427 -0.2336 0.4851
vn 0.8427 -0.2336 -0.4851
vn 0.8427 -0.0000 0.5384
vn 0.8427 -0.0000 -0.5384
vn 0.8427 0.0000 0.5385
vn 0.8427 0.2336 0.4851
vn 0.8427 0.2336 -0.4851
vn 0.8427 0.4210 0.3357
vn 0.8427 0.4210 -0.3357
vn 0.8427 0.5249 0.1198
vn 0.8427 0.5249 -0.1198
vn -0.0000 -1.0000 0.0000
vn 0.0000 -0.7071 -0.7071
vn 0.0000 0.7071 -0.7071
vn 0.0000 1.0000 0.0000
vn 0.0000 0.7071 0.7071
vn -0.0001 -0.0000 1.0000
vn 0.0000 -0.7071 0.7071
vn 1.0000 0.0000 0.0000
vn -0.8427 -0.5250 0.1198
vn -0.8427 -0.0000 0.5385
vn -0.8427 0.5250 0.1198
vn -0.8427 0.2337 -0.4851
vn -0.8427 0.0000 -0.5385
vn -0.8427 -0.2337 -0.4851
vn -0.8427 -0.5250 -0.1198
vn 0.8427 -0.5250 -0.1198
vn 0.8427 -0.0000 -0.5385
vn 0.8427 0.2337 -0.4851
vn 0.8427 0.5250 0.1198
vn 0.8427 0.2337 0.4851
vn 0.8427 -0.2337 0.4851
usemtl burns_vWheel_m.002
s 1
f 533/533/129 534/534/130 535/535/131
f 534/534/130 533/533/129 536/536/132
f 537/537/132 538/538/129 539/539/133
f 537/537/132 539/539/133 540/540/134
f 541/541/135 542/542/136 543/543/131
f 541/541/135 543/543/131 544/544/130
f 545/545/134 546/546/133 547/547/137
f 545/545/134 547/547/137 548/548/138
f 549/549/139 550/550/140 551/551/140
f 549/549/139 551/551/140 552/552/139
f 553/553/141 554/554/139 555/555/139
f 553/553/141 555/555/139 556/556/141
f 557/557/140 558/558/142 559/559/142
f 557/557/140 559/559/142 560/560/140
f 561/561/143 562/562/141 563/563/141
f 561/561/143 563/563/141 564/564/143
f 565/565/144 566/566/145 567/567/136
f 565/565/144 567/567/136 568/568/135
f 569/569/138 570/570/137 571/571/146
f 569/569/138 571/571/146 572/572/147
f 573/573/142 574/574/148 575/575/148
f 573/573/142 575/575/148 576/576/142
f 577/577/149 578/578/143 579/579/143
f 577/577/149 579/579/143 580/580/149
f 581/581/149 582/582/150 583/583/145
f 581/581/149 583/583/145 584/584/144
f 585/585/148 586/586/147 587/587/147
f 585/585/148 587/587/147 588/588/148
f 589/589/144 590/590/149 591/591/149
f 589/589/144 591/591/149 592/592/144
f 593/593/147 594/594/146 595/595/151
f 593/593/147 595/595/151 596/596/148
f 597/597/147 598/598/138 599/599/138
f 597/597/147 599/599/138 600/600/147
f 601/601/135 602/602/144 603/603/144
f 601/601/135 603/603/144 604/604/135
f 605/605/143 606/606/152 607/607/150
f 605/605/143 607/607/150 608/608/149
f 609/609/148 610/610/151 611/611/153
f 609/609/148 611/611/153 612/612/142
f 613/613/138 614/614/134 615/615/134
f 613/613/138 615/615/134 616/616/138
f 617/617/130 618/618/135 619/619/135
f 617/617/130 619/619/135 620/620/130
f 621/621/134 622/622/132 623/623/132
f 621/621/134 623/623/132 624/624/134
f 625/625/132 626/626/130 627/627/130
f 625/625/132 627/627/130 628/628/132
f 629/629/141 630/630/154 631/631/152
f 629/629/141 631/631/152 632/632/143
f 633/633/142 634/634/153 635/635/155
f 633/633/142 635/635/155 636/636/140
f 637/637/139 638/638/156 639/639/154
f 637/637/139 639/639/154 640/640/141
f 641/641/140 642/642/155 643/643/156
f 641/641/140 643/643/156 644/644/139
f 645/645/157 646/646/157 647/647/157
f 645/645/157 647/647/157 648/648/157
f 648/648/157 647/647/157 649/649/157
f 649/649/157 647/647/157 650/650/157
f 650/650/157 647/647/157 651/651/157
f 651/651/157 647/647/157 652/652/157
f 653/653/130 654/654/158 655/655/159
f 653/653/130 655/655/159 656/656/135
f 657/657/158 658/658/130 659/659/132
f 657/657/158 659/659/132 660/660/160
f 661/661/160 662/662/132 663/663/134
f 661/661/160 663/663/134 664/664/161
f 665/665/135 666/666/159 667/667/162
f 665/665/135 667/667/162 668/668/144
f 669/669/161 670/670/134 671/671/138
f 669/669/161 671/671/138 672/672/163
f 673/673/144 674/674/162 675/675/164
f 673/673/144 675/675/164 676/676/149
f 677/677/163 678/678/138 679/679/147
f 677/677/163 679/679/147 680/680/165
f 681/681/157 682/682/157 683/683/157
f 681/681/157 683/683/157 684/684/157
f 681/681/157 684/684/157 685/685/157
f 681/681/157 685/685/157 686/686/157
f 687/687/149 688/688/166 689/689/167
f 687/687/149 689/689/167 690/690/143
f 691/691/165 692/692/147 693/693/148
f 691/691/165 693/693/148 694/694/168
f 695/695/143 696/696/167 697/697/169
f 695/695/143 697/697/169 698/698/141
f 699/699/168 700/700/148 701/701/142
f 699/699/168 701/701/142 702/702/170
f 703/703/141 704/704/169 705/705/171
f 703/703/141 705/705/171 706/706/139
f 707/707/170 708/708/142 709/709/140
f 707/707/170 709/709/140 710/710/172
f 711/711/139 712/712/171 713/713/172
f 711/711/139 713/713/172 714/714/140
f 715/715/173 716/716/173 717/717/174
f 715/715/173 717/717/174 718/718/174
f 718/718/174 717/717/174 719/719/147
f 718/718/174 719/719/147 720/720/147
f 720/720/147 719/719/147 721/721/175
f 720/720/147 721/721/175 722/722/175
f 722/722/175 721/721/175 723/723/176
f 722/722/175 723/723/176 724/724/176
f 724/724/176 723/723/176 725/725/177
f 724/724/176 725/725/177 726/726/177
f 726/726/177 725/725/177 727/727/149
f 726/726/177 727/727/149 728/728/178
f 729/729/173 730/730/173 731/731/179
f 729/729/173 731/731/179 732/732/179
f 732/732/179 731/731/179 733/733/149
f 732/732/179 733/733/149 734/734/149
f 735/735/180 736/736/180 737/737/180
f 735/735/180 737/737/180 738/738/180
f 738/738/180 737/737/180 739/739/180
f 739/739/180 737/737/180 740/740/180
f 740/740/180 737/737/180 741/741/180
f 741/741/180 737/737/180 742/742/180
f 743/743/157 744/744/181 745/745/136
f 743/743/157 745/745/136 746/746/157
f 746/746/157 745/745/136 747/747/145
f 746/746/157 747/747/145 748/748/157
f 748/748/157 747/747/145 749/749/182
f 748/748/157 749/749/182 750/750/157
f 750/750/157 749/749/182 751/751/152
f 750/750/157 751/751/152 752/752/157
f 752/752/157 751/751/152 753/753/154
f 752/752/157 753/753/154 754/754/157
f 754/754/157 753/753/154 755/755/183
f 754/754/157 755/755/183 756/756/157
f 756/756/157 755/755/183 757/757/155
f 756/756/157 757/757/155 758/758/157
f 758/758/157 757/757/155 759/759/153
f 758/758/157 759/759/153 760/760/157
f 760/760/157 759/759/153 761/761/184
f 760/760/157 761/761/184 762/762/157
f 762/762/157 761/761/184 763/763/185
f 762/762/157 763/763/185 764/764/157
f 764/764/157 763/763/185 765/765/186
f 764/764/157 765/765/186 766/766/157
f 766/766/157 765/765/186 767/767/133
f 766/766/157 767/767/133 768/768/157
f 768/768/157 767/767/133 769/769/187
f 768/768/157 769/769/187 770/770/157
f 770/770/157 769/769/187 744/744/181
f 770/770/157 744/744/181 743/743/157
f 771/771/180 772/772/158 773/773/188
f 771/771/180 773/773/188 774/774/180
f 774/774/180 773/773/188 775/775/161
f 774/774/180 775/775/161 776/776/180
f 776/776/180 775/775/161 777/777/163
f 776/776/180 777/777/163 778/778/180
f 778/778/180 777/777/163 779/779/189
f 778/778/180 779/779/189 780/780/180
f 780/780/180 779/779/189 781/781/190
f 780/780/180 781/781/190 782/782/180
f 782/782/180 781/781/190 783/783/170
f 782/782/180 783/783/170 784/784/180
f 784/784/180 783/783/170 785/785/172
f 784/784/180 785/785/172 786/786/180
f 786/786/180 785/785/172 787/787/191
f 786/786/180 787/787/191 788/788/180
f 788/788/180 787/787/191 789/789/169
f 788/788/180 789/789/169 790/790/180
f 790/790/180 789/789/169 791/791/192
f 790/790/180 791/791/192 792/792/180
f 792/792/180 791/791/192 793/793/166
f 792/792/180 793/793/166 794/794/180
f 794/794/180 793/793/166 795/795/193
f 794/794/180 795/795/193 796/796/180
f 796/796/180 795/795/193 797/797/159
f 796/796/180 797/797/159 798/798/180
f 798/798/180 797/797/159 772/772/158
f 798/798/180 772/772/158 771/771/180
o w1Shape
v 0.700918 -0.550168 1.232375
v 0.812933 -0.598914 1.434869
v 0.700918 -0.550168 1.423743
v 0.812933 -0.598914 1.221249
v 0.812933 -0.598914 1.221249
v 0.700918 -0.550168 1.232375
v 0.700918 -0.467136 1.059958
v 0.812933 -0.506228 1.028784
v 0.812933 -0.506228 1.627334
v 0.700918 -0.467137 1.596159
v 0.700918 -0.550168 1.423743
v 0.812933 -0.598914 1.434869
v 0.812933 -0.506228 1.028784
v 0.700918 -0.467136 1.059958
v 0.700918 -0.317519 0.940642
v 0.812933 -0.339213 0.895594
v 0.700918 -0.452675 1.254627
v 0.700918 -0.452675 1.401491
v 0.924948 -0.452675 1.401491
v 0.924948 -0.452675 1.254627
v 0.700918 -0.388953 1.122307
v 0.700918 -0.452675 1.254627
v 0.924948 -0.452675 1.254627
v 0.924948 -0.388953 1.122307
v 0.700918 -0.452675 1.401491
v 0.700918 -0.388953 1.533811
v 0.924948 -0.388953 1.533811
v 0.924948 -0.452675 1.401491
v 0.700918 -0.274131 1.030739
v 0.700918 -0.388953 1.122307
v 0.924948 -0.388953 1.122307
v 0.924948 -0.274131 1.030739
v 0.812933 -0.339213 1.760524
v 0.700918 -0.317519 1.715476
v 0.700918 -0.467137 1.596159
v 0.812933 -0.506228 1.627334
v 0.812933 -0.339213 0.895594
v 0.700918 -0.317519 0.940642
v 0.700918 -0.130949 0.898059
v 0.812933 -0.130949 0.848059
v 0.700918 -0.388953 1.533811
v 0.700918 -0.274131 1.625379
v 0.924948 -0.274131 1.625379
v 0.924948 -0.388953 1.533811
v 0.700918 -0.130949 0.998059
v 0.700918 -0.274131 1.030739
v 0.924948 -0.274131 1.030739
v 0.924948 -0.130949 0.998059
v 0.812933 -0.130949 1.808059
v 0.700918 -0.130949 1.758059
v 0.700918 -0.317519 1.715476
v 0.812933 -0.339213 1.760524
v 0.700918 -0.274131 1.625379
v 0.700918 -0.130949 1.658059
v 0.924948 -0.130949 1.658059
v 0.924948 -0.274131 1.625379
v 0.700918 0.012233 1.030739
v 0.700918 -0.130949 0.998059
v 0.924948 -0.130949 0.998059
v 0.924948 0.012233 1.030739
v 0.812933 -0.130949 0.848059
v 0.700918 -0.130949 0.898059
v 0.700918 0.055621 0.940642
v 0.812933 0.077315 0.895594
v 0.700918 -0.130949 1.658059
v 0.700918 0.012233 1.625379
v 0.924948 0.012233 1.625379
v 0.924948 -0.130949 1.658059
v 0.700918 0.127055 1.122307
v 0.700918 0.012233 1.030739
v 0.924948 0.012233 1.030739
v 0.924948 0.127055 1.122307
v 0.812933 0.077315 1.760524
v 0.700918 0.055621 1.715476
v 0.700918 -0.130949 1.758059
v 0.812933 -0.130949 1.808059
v 0.812933 0.077315 0.895594
v 0.700918 0.055621 0.940642
v 0.700918 0.205239 1.059958
v 0.812933 0.244330 1.028784
v 0.700918 0.012233 1.625379
v 0.700918 0.127055 1.533811
v 0.924948 0.127055 1.533811
v 0.924948 0.012233 1.625379
v 0.700918 0.190777 1.254627
v 0.700918 0.127055 1.122307
v 0.924948 0.127055 1.122307
v 0.924948 0.190777 1.254627
v 0.700918 0.127055 1.533811
v 0.700918 0.190777 1.401491
v 0.924948 0.190777 1.401491
v 0.924948 0.127055 1.533811
v 0.700918 0.190777 1.401491
v 0.700918 0.190777 1.254627
v 0.924948 0.190777 1.254627
v 0.924948 0.190777 1.401491
v 0.812933 0.244330 1.627334
v 0.700918 0.205238 1.596160
v 0.700918 0.055621 1.715476
v 0.812933 0.077315 1.760524
v 0.812933 0.244330 1.028784
v 0.700918 0.205239 1.059958
v 0.700918 0.288270 1.232375
v 0.812933 0.337016 1.221249
v 0.812933 0.337016 1.434869
v 0.700918 0.288270 1.423743
v 0.700918 0.205238 1.596160
v 0.812933 0.244330 1.627334
v 0.812933 0.337016 1.221249
v 0.700918 0.288270 1.232375
v 0.700918 0.288270 1.423743
v 0.812933 0.337016 1.434869
v 0.748261 -0.130949 1.428059
v 0.748261 -0.060238 1.398770
v 0.748261 -0.030949 1.328059
v 0.748261 -0.201660 1.398769
v 0.748261 -0.230949 1.328059
v 0.748261 -0.201660 1.257348
v 0.748261 -0.130949 1.228059
v 0.748261 -0.060238 1.257348
v 0.812933 -0.598914 1.434869
v 0.924948 -0.550168 1.423743
v 0.924948 -0.467137 1.596159
v 0.812933 -0.506228 1.627334
v 0.924948 -0.550168 1.423743
v 0.812933 -0.598914 1.434869
v 0.812933 -0.598914 1.221249
v 0.924948 -0.550168 1.232375
v 0.924948 -0.550168 1.232375
v 0.812933 -0.598914 1.221249
v 0.812933 -0.506228 1.028784
v 0.924948 -0.467136 1.059958
v 0.812933 -0.506228 1.627334
v 0.924948 -0.467137 1.596159
v 0.924948 -0.317519 1.715476
v 0.812933 -0.339213 1.760524
v 0.924948 -0.467136 1.059958
v 0.812933 -0.506228 1.028784
v 0.812933 -0.339213 0.895594
v 0.924948 -0.317519 0.940642
v 0.812933 -0.339213 1.760524
v 0.924948 -0.317519 1.715476
v 0.924948 -0.130949 1.758059
v 0.812933 -0.130949 1.808059
v 0.924948 -0.317519 0.940642
v 0.812933 -0.339213 0.895594
v 0.812933 -0.130949 0.848059
v 0.924948 -0.130949 0.898059
v 0.812933 0.252646 1.328059
v 0.812933 0.060849 0.995856
v 0.812933 -0.322747 0.995856
v 0.812933 -0.514544 1.328059
v 0.812933 -0.322747 1.660262
v 0.812933 0.060849 1.660262
v 0.812933 -0.130949 1.808059
v 0.924948 -0.130949 1.758059
v 0.924948 0.055621 1.715476
v 0.812933 0.077315 1.760524
v 0.924948 -0.130949 0.898059
v 0.812933 -0.130949 0.848059
v 0.812933 0.077315 0.895594
v 0.924948 0.055621 0.940642
v 0.812933 0.077315 1.760524
v 0.924948 0.055621 1.715476
v 0.924948 0.205238 1.596160
v 0.812933 0.244330 1.627334
v 0.924948 0.055621 0.940642
v 0.812933 0.077315 0.895594
v 0.812933 0.244330 1.028784
v 0.924948 0.205239 1.059958
v 0.812933 0.244330 1.627334
v 0.924948 0.205238 1.596160
v 0.924948 0.288270 1.423743
v 0.812933 0.337016 1.434869
v 0.924948 0.205239 1.059958
v 0.812933 0.244330 1.028784
v 0.812933 0.337016 1.221249
v 0.924948 0.288270 1.232375
v 0.812933 0.337016 1.434869
v 0.924948 0.288270 1.423743
v 0.924948 0.288270 1.232375
v 0.812933 0.337016 1.221249
v 0.877605 -0.230949 1.328059
v 0.748261 -0.230949 1.328059
v 0.748261 -0.201660 1.257348
v 0.877605 -0.201660 1.257348
v 0.748261 -0.130949 1.228059
v 0.877605 -0.130949 1.228059
v 0.748261 -0.060238 1.257348
v 0.877605 -0.060238 1.257348
v 0.748261 -0.030949 1.328059
v 0.877605 -0.030949 1.328059
v 0.748261 -0.060238 1.398770
v 0.877605 -0.060238 1.398770
v 0.748261 -0.130949 1.428059
v 0.877605 -0.130949 1.428059
v 0.748261 -0.230949 1.328059
v 0.877605 -0.230949 1.328059
v 0.877605 -0.201660 1.398769
v 0.748261 -0.201660 1.398769
v 0.877605 -0.130949 1.428059
v 0.748261 -0.130949 1.428059
v 0.877605 -0.130949 1.228059
v 0.877605 -0.060238 1.257348
v 0.877605 -0.030949 1.328059
v 0.877605 -0.201660 1.257348
v 0.877605 -0.230949 1.328059
v 0.877605 -0.201660 1.398769
v 0.877605 -0.130949 1.428059
v 0.877605 -0.060238 1.398770
v 0.700918 -0.452675 1.401491
v 0.700918 -0.550168 1.423743
v 0.700918 -0.467137 1.596159
v 0.700918 -0.388953 1.533811
v 0.700918 -0.317519 1.715476
v 0.700918 -0.274131 1.625379
v 0.700918 -0.130949 1.758059
v 0.700918 -0.130949 1.658059
v 0.700918 0.055621 1.715476
v 0.700918 0.012233 1.625379
v 0.700918 0.205238 1.596160
v 0.700918 0.127055 1.533811
v 0.700918 0.288270 1.423743
v 0.700918 0.190777 1.401491
v 0.700918 0.288270 1.232375
v 0.700918 0.190777 1.254627
v 0.700918 0.205239 1.059958
v 0.700918 0.127055 1.122307
v 0.700918 0.055621 0.940642
v 0.700918 0.012233 1.030739
v 0.700918 -0.130949 0.898059
v 0.700918 -0.130949 0.998059
v 0.700918 -0.317519 0.940642
v 0.700918 -0.274131 1.030739
v 0.700918 -0.467136 1.059958
v 0.700918 -0.388953 1.122307
v 0.700918 -0.550168 1.232375
v 0.700918 -0.452675 1.254627
v 0.924948 -0.452675 1.401491
v 0.924948 -0.550168 1.423743
v 0.924948 -0.550168 1.232375
v 0.924948 -0.452675 1.254627
v 0.924948 -0.467136 1.059958
v 0.924948 -0.388953 1.122307
v 0.924948 -0.317519 0.940642
v 0.924948 -0.274131 1.030739
v 0.924948 -0.130949 0.898059
v 0.924948 -0.130949 0.998059
v 0.924948 0.055621 0.940642
v 0.924948 0.012233 1.030739
v 0.924948 0.205239 1.059958
v 0.924948 0.127055 1.122307
v 0.924948 0.288270 1.232375
v 0.924948 0.190777 1.254627
v 0.924948 0.288270 1.423743
v 0.924948 0.190777 1.401491
v 0.924948 0.205238 1.596160
v 0.924948 0.127055 1.533811
v 0.924948 0.055621 1.715476
v 0.924948 0.012233 1.625379
v 0.924948 -0.130949 1.758059
v 0.924948 -0.130949 1.658059
v 0.924948 -0.317519 1.715476
v 0.924948 -0.274131 1.625379
v 0.924948 -0.467137 1.596159
v 0.924948 -0.388953 1.533811
vt 0.985232 0.803327
vt 0.946450 1.006664
vt 0.946450 0.803327
vt 0.985232 1.006664
vt 0.946450 1.006664
vt 0.946450 0.803327
vt 0.985232 0.803327
vt 0.985232 1.006664
vt 0.946450 1.006664
vt 0.946450 0.803327
vt 0.985232 0.803327
vt 0.985232 1.006664
vt 0.946450 1.006664
vt 0.946450 0.803327
vt 0.985231 0.803327
vt 0.985232 1.006664
vt 0.499500 0.500500
vt 0.499500 0.499500
vt 0.500500 0.499500
vt 0.500500 0.500500
vt 0.499500 0.500500
vt 0.499500 0.499500
vt 0.500500 0.499500
vt 0.500500 0.500500
vt 0.499500 0.500500
vt 0.499500 0.499500
vt 0.500500 0.499500
vt 0.500500 0.500500
vt 0.499500 0.500500
vt 0.499500 0.499500
vt 0.500500 0.499500
vt 0.500500 0.500500
vt 0.946450 1.006664
vt 0.946450 0.803327
vt 0.985232 0.803327
vt 0.985232 1.006664
vt 0.946450 1.006664
vt 0.946450 0.803327
vt 0.985232 0.803327
vt 0.985232 1.006664
vt 0.499500 0.500500
vt 0.499500 0.499500
vt 0.500500 0.499500
vt 0.500500 0.500500
vt 0.499500 0.500500
vt 0.499500 0.499500
vt 0.500500 0.499500
vt 0.500500 0.500500
vt 0.946450 1.006664
vt 0.946450 0.803327
vt 0.985232 0.803327
vt 0.985232 1.006664
vt 0.499500 0.500500
vt 0.499500 0.499500
vt 0.500500 0.499500
vt 0.500500 0.500500
vt 0.499500 0.500500
vt 0.499500 0.499500
vt 0.500500 0.499500
vt 0.500500 0.500500
vt 0.946450 1.006664
vt 0.946450 0.803327
vt 0.985232 0.803327
vt 0.985232 1.006664
vt 0.499500 0.500500
vt 0.499500 0.499500
vt 0.500500 0.499500
vt 0.500500 0.500500
vt 0.499500 0.500500
vt 0.499500 0.499500
vt 0.500500 0.499500
vt 0.500500 0.500500
vt 0.946450 1.006664
vt 0.946450 0.803327
vt 0.985232 0.803327
vt 0.985232 1.006664
vt 0.946450 1.006664
vt 0.946450 0.803327
vt 0.985232 0.803327
vt 0.985232 1.006664
vt 0.499500 0.500500
vt 0.499500 0.499500
vt 0.500500 0.499500
vt 0.500500 0.500500
vt 0.499500 0.500500
vt 0.499500 0.499500
vt 0.500500 0.499500
vt 0.500500 0.500500
vt 0.499500 0.500500
vt 0.499500 0.499500
vt 0.500500 0.499500
vt 0.500500 0.500500
vt 0.499500 0.500500
vt 0.499500 0.499500
vt 0.500500 0.499500
vt 0.500500 0.500500
vt 0.946450 1.006664
vt 0.946450 0.803327
vt 0.985232 0.803327
vt 0.985232 1.006664
vt 0.946450 1.006664
vt 0.946450 0.803327
vt 0.985232 0.803327
vt 0.985232 1.006664
vt 0.946450 1.006664
vt 0.946450 0.803327
vt 0.985232 0.803327
vt 0.985232 1.006664
vt 0.946450 1.006664
vt 0.946450 0.803327
vt 0.985232 0.803327
vt 0.985232 1.006664
vt 0.192352 0.500000
vt 0.134239 0.569504
vt 0.016932 0.598294
vt 0.134239 0.430496
vt 0.016932 0.401706
vt 0.135447 0.430496
vt 0.191409 0.500000
vt 0.135447 0.569504
vt 0.946450 1.006664
vt 0.946450 0.803327
vt 0.985232 0.803327
vt 0.985232 1.006664
vt 0.985232 0.803327
vt 0.985232 1.006664
vt 0.946450 1.006664
vt 0.946450 0.803327
vt 0.985232 0.803327
vt 0.985232 1.006664
vt 0.946450 1.006664
vt 0.946450 0.803327
vt 0.946450 1.006664
vt 0.946450 0.803327
vt 0.985232 0.803327
vt 0.985232 1.006664
vt 0.985232 0.803327
vt 0.985232 1.006664
vt 0.946450 1.006664
vt 0.946450 0.803328
vt 0.946450 1.006664
vt 0.946450 0.803327
vt 0.985232 0.803327
vt 0.985232 1.006664
vt 0.985232 0.803328
vt 0.985232 1.006664
vt 0.946450 1.006664
vt 0.946450 0.803327
vt 0.014195 0.929618
vt 0.738456 0.714809
vt 0.738456 0.285191
vt 0.014195 0.070382
vt 0.738456 0.285191
vt 0.738456 0.714809
vt 0.946450 1.006664
vt 0.946450 0.803327
vt 0.985232 0.803327
vt 0.985232 1.006664
vt 0.985232 0.803327
vt 0.985232 1.006664
vt 0.946450 1.006664
vt 0.946450 0.803327
vt 0.946450 1.006664
vt 0.946450 0.803327
vt 0.985232 0.803327
vt 0.985232 1.006664
vt 0.985232 0.803327
vt 0.985232 1.006664
vt 0.946450 1.006664
vt 0.946450 0.803327
vt 0.946450 1.006664
vt 0.946450 0.803327
vt 0.985232 0.803327
vt 0.985232 1.006664
vt 0.985232 0.803327
vt 0.985232 1.006664
vt 0.946450 1.006664
vt 0.946450 0.803327
vt 0.946450 1.006664
vt 0.946450 0.803327
vt 0.985232 0.803327
vt 0.985232 1.006664
vt 0.377058 0.491881
vt 0.377058 0.491881
vt 0.377058 0.491881
vt 0.377058 0.491881
vt 0.377058 0.491881
vt 0.377058 0.491881
vt 0.377058 0.491881
vt 0.377058 0.491881
vt 0.377058 0.491881
vt 0.377058 0.491881
vt 0.377058 0.491881
vt 0.377058 0.491881
vt 0.377058 0.491881
vt 0.377058 0.491881
vt 0.671922 0.491881
vt 0.671922 0.491881
vt 0.671922 0.491881
vt 0.671922 0.491881
vt 0.671922 0.491881
vt 0.671922 0.491881
vt 0.192226 0.500000
vt 0.135190 0.569504
vt 0.007561 0.598294
vt 0.135190 0.430496
vt 0.007561 0.401706
vt 0.135334 0.430496
vt 0.192238 0.500000
vt 0.135333 0.569504
vt 0.173874 0.121936
vt 0.224015 0.007371
vt 0.612524 0.104942
vt 0.472032 0.196816
vt 0.881382 0.280759
vt 0.678365 0.331746
vt 0.977335 0.500000
vt 0.752004 0.500000
vt 0.881382 0.719240
vt 0.678365 0.668254
vt 0.612525 0.895058
vt 0.472033 0.803184
vt 0.224016 0.992629
vt 0.173875 0.878064
vt 0.222114 0.992629
vt 0.173829 0.878064
vt 0.612743 0.895058
vt 0.470324 0.803184
vt 0.885286 0.719241
vt 0.679486 0.668254
vt 0.982556 0.500000
vt 0.754134 0.500000
vt 0.885286 0.280760
vt 0.679486 0.331746
vt 0.612743 0.104942
vt 0.470324 0.196816
vt 0.222115 0.007371
vt 0.173830 0.121936
vt 0.739210 0.415873
vt 0.963402 0.390380
vt 0.963402 0.609620
vt 0.739210 0.584127
vt 0.772465 0.807149
vt 0.592677 0.735719
vt 0.428409 0.943843
vt 0.328634 0.840624
vt 0.008009 0.992629
vt 0.008009 0.878064
vt 0.392528 0.943843
vt 0.281581 0.840624
vt 0.775110 0.807149
vt 0.575191 0.735719
vt 0.987427 0.609620
vt 0.738132 0.584127
vt 0.987427 0.390380
vt 0.738132 0.415873
vt 0.775110 0.192851
vt 0.575191 0.264281
vt 0.392527 0.056156
vt 0.281581 0.159376
vt 0.008009 0.007371
vt 0.008009 0.121936
vt 0.428409 0.056157
vt 0.328635 0.159376
vt 0.772465 0.192851
vt 0.592677 0.264281
vn -0.8427 -0.5249 -0.1198
vn 0.0000 -0.9749 0.2225
vn -0.8427 -0.5249 0.1198
vn 0.0000 -0.9749 -0.2225
vn -0.8427 -0.4210 -0.3357
vn 0.0000 -0.7818 -0.6235
vn 0.0000 -0.7818 0.6235
vn -0.8427 -0.4210 0.3357
vn -0.8427 -0.2336 -0.4851
vn 0.0000 -0.4339 -0.9010
vn 0.0000 0.9749 0.2225
vn -0.0000 0.9749 -0.2225
vn 0.0000 0.7818 0.6235
vn -0.0000 0.7818 -0.6235
vn 0.0000 0.4339 0.9010
vn 0.0000 -0.4339 0.9010
vn -0.8427 -0.2336 0.4851
vn -0.8427 -0.0000 -0.5384
vn 0.0000 -0.0000 -1.0000
vn -0.0000 0.4339 -0.9010
vn 0.0000 -0.0000 1.0000
vn -0.8427 -0.0000 0.5384
vn -0.8427 0.2336 -0.4851
vn -0.8427 0.2336 0.4851
vn -0.8427 0.4210 -0.3357
vn -0.8427 0.4210 0.3357
vn -0.8427 0.5249 -0.1198
vn -0.8427 0.5249 0.1198
vn -1.0000 -0.0000 0.0000
vn 0.8427 -0.5249 0.1198
vn 0.8427 -0.4210 0.3357
vn 0.8427 -0.5249 -0.1198
vn 0.8427 -0.4210 -0.3357
vn 0.8427 -0.2336 0.4851
vn 0.8427 -0.2336 -0.4851
vn 0.8427 -0.0000 0.5384
vn 0.8427 -0.0000 -0.5384
vn 0.8427 0.0000 0.5385
vn 0.8427 0.2336 0.4851
vn 0.8427 0.2336 -0.4851
vn 0.8427 0.4210 0.3357
vn 0.8427 0.4210 -0.3357
vn 0.8427 0.5249 0.1198
vn 0.8427 0.5249 -0.1198
vn -0.0000 -1.0000 0.0000
vn 0.0000 -0.7071 -0.7071
vn 0.0000 0.7071 -0.7071
vn 0.0000 1.0000 0.0000
vn 0.0000 0.7071 0.7071
vn -0.0001 -0.0000 1.0000
vn 0.0000 -0.7071 0.7071
vn 1.0000 0.0000 0.0000
vn -0.8427 -0.5250 0.1198
vn -0.8427 -0.0000 0.5385
vn -0.8427 0.5250 0.1198
vn -0.8427 0.2337 -0.4851
vn -0.8427 0.0000 -0.5385
vn -0.8427 -0.2337 -0.4851
vn -0.8427 -0.5250 -0.1198
vn 0.8427 -0.5250 -0.1198
vn 0.8427 -0.0000 -0.5385
vn 0.8427 0.2337 -0.4851
vn 0.8427 0.5250 0.1198
vn 0.8427 0.2337 0.4851
vn 0.8427 -0.2337 0.4851
usemtl burns_vWheel_m.001
s 1
f 799/799/194 800/800/195 801/801/196
f 800/800/195 799/799/194 802/802/197
f 803/803/197 804/804/194 805/805/198
f 803/803/197 805/805/198 806/806/199
f 807/807/200 808/808/201 809/809/196
f 807/807/200 809/809/196 810/810/195
f 811/811/199 812/812/198 813/813/202
f 811/811/199 813/813/202 814/814/203
f 815/815/204 816/816/205 817/817/205
f 815/815/204 817/817/205 818/818/204
f 819/819/206 820/820/204 821/821/204
f 819/819/206 821/821/204 822/822/206
f 823/823/205 824/824/207 825/825/207
f 823/823/205 825/825/207 826/826/205
f 827/827/208 828/828/206 829/829/206
f 827/827/208 829/829/206 830/830/208
f 831/831/209 832/832/210 833/833/201
f 831/831/209 833/833/201 834/834/200
f 835/835/203 836/836/202 837/837/211
f 835/835/203 837/837/211 838/838/212
f 839/839/207 840/840/213 841/841/213
f 839/839/207 841/841/213 842/842/207
f 843/843/214 844/844/208 845/845/208
f 843/843/214 845/845/208 846/846/214
f 847/847/214 848/848/215 849/849/210
f 847/847/214 849/849/210 850/850/209
f 851/851/213 852/852/212 853/853/212
f 851/851/213 853/853/212 854/854/213
f 855/855/209 856/856/214 857/857/214
f 855/855/209 857/857/214 858/858/209
f 859/859/212 860/860/211 861/861/216
f 859/859/212 861/861/216 862/862/213
f 863/863/212 864/864/203 865/865/203
f 863/863/212 865/865/203 866/866/212
f 867/867/200 868/868/209 869/869/209
f 867/867/200 869/869/209 870/870/200
f 871/871/208 872/872/217 873/873/215
f 871/871/208 873/873/215 874/874/214
f 875/875/213 876/876/216 877/877/218
f 875/875/213 877/877/218 878/878/207
f 879/879/203 880/880/199 881/881/199
f 879/879/203 881/881/199 882/882/203
f 883/883/195 884/884/200 885/885/200
f 883/883/195 885/885/200 886/886/195
f 887/887/199 888/888/197 889/889/197
f 887/887/199 889/889/197 890/890/199
f 891/891/197 892/892/195 893/893/195
f 891/891/197 893/893/195 894/894/197
f 895/895/206 896/896/219 897/897/217
f 895/895/206 897/897/217 898/898/208
f 899/899/207 900/900/218 901/901/220
f 899/899/207 901/901/220 902/902/205
f 903/903/204 904/904/221 905/905/219
f 903/903/204 905/905/219 906/906/206
f 907/907/205 908/908/220 909/909/221
f 907/907/205 909/909/221 910/910/204
f 911/911/222 912/912/222 913/913/222
f 911/911/222 913/913/222 914/914/222
f 914/914/222 913/913/222 915/915/222
f 915/915/222 913/913/222 916/916/222
f 916/916/222 913/913/222 917/917/222
f 917/917/222 913/913/222 918/918/222
f 919/919/195 920/920/223 921/921/224
f 919/919/195 921/921/224 922/922/200
f 923/923/223 924/924/195 925/925/197
f 923/923/223 925/925/197 926/926/225
f 927/927/225 928/928/197 929/929/199
f 927/927/225 929/929/199 930/930/226
f 931/931/200 932/932/224 933/933/227
f 931/931/200 933/933/227 934/934/209
f 935/935/226 936/936/199 937/937/203
f 935/935/226 937/937/203 938/938/228
f 939/939/209 940/940/227 941/941/229
f 939/939/209 941/941/229 942/942/214
f 943/943/228 944/944/203 945/945/212
f 943/943/228 945/945/212 946/946/230
f 947/947/222 948/948/222 949/949/222
f 947/947/222 949/949/222 950/950/222
f 947/947/222 950/950/222 951/951/222
f 947/947/222 951/951/222 952/952/222
f 953/953/214 954/954/231 955/955/232
f 953/953/214 955/955/232 956/956/208
f 957/957/230 958/958/212 959/959/213
f 957/957/230 959/959/213 960/960/233
f 961/961/208 962/962/232 963/963/234
f 961/961/208 963/963/234 964/964/206
f 965/965/233 966/966/213 967/967/207
f 965/965/233 967/967/207 968/968/235
f 969/969/206 970/970/234 971/971/236
f 969/969/206 971/971/236 972/972/204
f 973/973/235 974/974/207 975/975/205
f 973/973/235 975/975/205 976/976/237
f 977/977/204 978/978/236 979/979/237
f 977/977/204 979/979/237 980/980/205
f 981/981/238 982/982/238 983/983/239
f 981/981/238 983/983/239 984/984/239
f 984/984/239 983/983/239 985/985/212
f 984/984/239 985/985/212 986/986/212
f 986/986/212 985/985/212 987/987/240
f 986/986/212 987/987/240 988/988/240
f 988/988/240 987/987/240 989/989/241
f 988/988/240 989/989/241 990/990/241
f 990/990/241 989/989/241 991/991/242
f 990/990/241 991/991/242 992/992/242
f 992/992/242 991/991/242 993/993/214
f 992/992/242 993/993/214 994/994/243
f 995/995/238 996/996/238 997/997/244
f 995/995/238 997/997/244 998/998/244
f 998/998/244 997/997/244 999/999/214
f 998/998/244 999/999/214 1000/1000/214
f 1001/1001/245 1002/1002/245 1003/1003/245
f 1001/1001/245 1003/1003/245 1004/1004/245
f 1004/1004/245 1003/1003/245 1005/1005/245
f 1005/1005/245 1003/1003/245 1006/1006/245
f 1006/1006/245 1003/1003/245 1007/1007/245
f 1007/1007/245 1003/1003/245 1008/1008/245
f 1009/1009/222 1010/1010/246 1011/1011/201
f 1009/1009/222 1011/1011/201 1012/1012/222
f 1012/1012/222 1011/1011/201 1013/1013/210
f 1012/1012/222 1013/1013/210 1014/1014/222
f 1014/1014/222 1013/1013/210 1015/1015/247
f 1014/1014/222 1015/1015/247 1016/1016/222
f 1016/1016/222 1015/1015/247 1017/1017/217
f 1016/1016/222 1017/1017/217 1018/1018/222
f 1018/1018/222 1017/1017/217 1019/1019/219
f 1018/1018/222 1019/1019/219 1020/1020/222
f 1020/1020/222 1019/1019/219 1021/1021/248
f 1020/1020/222 1021/1021/248 1022/1022/222
f 1022/1022/222 1021/1021/248 1023/1023/220
f 1022/1022/222 1023/1023/220 1024/1024/222
f 1024/1024/222 1023/1023/220 1025/1025/218
f 1024/1024/222 1025/1025/218 1026/1026/222
f 1026/1026/222 1025/1025/218 1027/1027/249
f 1026/1026/222 1027/1027/249 1028/1028/222
f 1028/1028/222 1027/1027/249 1029/1029/250
f 1028/1028/222 1029/1029/250 1030/1030/222
f 1030/1030/222 1029/1029/250 1031/1031/251
f 1030/1030/222 1031/1031/251 1032/1032/222
f 1032/1032/222 1031/1031/251 1033/1033/198
f 1032/1032/222 1033/1033/198 1034/1034/222
f 1034/1034/222 1033/1033/198 1035/1035/252
f 1034/1034/222 1035/1035/252 1036/1036/222
f 1036/1036/222 1035/1035/252 1010/1010/246
f 1036/1036/222 1010/1010/246 1009/1009/222
f 1037/1037/245 1038/1038/223 1039/1039/253
f 1037/1037/245 1039/1039/253 1040/1040/245
f 1040/1040/245 1039/1039/253 1041/1041/226
f 1040/1040/245 1041/1041/226 1042/1042/245
f 1042/1042/245 1041/1041/226 1043/1043/228
f 1042/1042/245 1043/1043/228 1044/1044/245
f 1044/1044/245 1043/1043/228 1045/1045/254
f 1044/1044/245 1045/1045/254 1046/1046/245
f 1046/1046/245 1045/1045/254 1047/1047/255
f 1046/1046/245 1047/1047/255 1048/1048/245
f 1048/1048/245 1047/1047/255 1049/1049/235
f 1048/1048/245 1049/1049/235 1050/1050/245
f 1050/1050/245 1049/1049/235 1051/1051/237
f 1050/1050/245 1051/1051/237 1052/1052/245
f 1052/1052/245 1051/1051/237 1053/1053/256
f 1052/1052/245 1053/1053/256 1054/1054/245
f 1054/1054/245 1053/1053/256 1055/1055/234
f 1054/1054/245 1055/1055/234 1056/1056/245
f 1056/1056/245 1055/1055/234 1057/1057/257
f 1056/1056/245 1057/1057/257 1058/1058/245
f 1058/1058/245 1057/1057/257 1059/1059/231
f 1058/1058/245 1059/1059/231 1060/1060/245
f 1060/1060/245 1059/1059/231 1061/1061/258
f 1060/1060/245 1061/1061/258 1062/1062/245
f 1062/1062/245 1061/1061/258 1063/1063/224
f 1062/1062/245 1063/1063/224 1064/1064/245
f 1064/1064/245 1063/1063/224 1038/1038/223
f 1064/1064/245 1038/1038/223 1037/1037/245
o TrunkRotShape
v -0.438347 0.535846 1.569437
v -0.438347 0.681943 1.321719
v -0.438347 0.475591 1.391660
v -0.438347 0.742199 1.499496
v -0.438347 0.802454 1.677273
v -0.438347 0.742199 1.499496
v -0.438347 0.535846 1.569437
v -0.438347 0.596101 1.747213
v -0.411841 0.466365 1.364441
v -0.438347 0.475591 1.391660
v -0.438347 0.681943 1.321719
v -0.411841 0.672718 1.294500
v 0.411841 0.672718 1.294500
v 0.411841 0.466365 1.364441
v -0.438347 0.802454 1.677273
v -0.438347 0.596101 1.747213
v -0.411841 0.605327 1.774433
v -0.411841 0.811679 1.704492
v 0.411841 0.605327 1.774433
v 0.411841 0.811679 1.704492
v 0.438347 0.802454 1.677273
v 0.438347 0.596101 1.747213
v -0.411841 0.672718 1.294500
v -0.438347 0.681943 1.321719
v -0.438347 0.742199 1.499496
v -0.411841 0.742199 1.499496
v 0.411841 0.742199 1.499496
v 0.411841 0.672718 1.294500
v 0.438347 0.742199 1.499496
v 0.438347 0.681943 1.321719
v -0.438347 0.742199 1.499496
v -0.438347 0.802454 1.677273
v -0.411841 0.811679 1.704492
v -0.411841 0.742199 1.499496
v 0.411841 0.811679 1.704492
v 0.411841 0.742199 1.499496
v 0.438347 0.742199 1.499496
v 0.438347 0.802454 1.677273
v 0.438347 0.681943 1.321719
v 0.438347 0.475591 1.391660
v 0.411841 0.466365 1.364441
v 0.411841 0.672718 1.294500
v 0.438347 0.535846 1.569437
v 0.438347 0.475591 1.391660
v 0.438347 0.681943 1.321719
v 0.438347 0.742199 1.499496
v 0.438347 0.535846 1.569437
v 0.438347 0.742199 1.499496
v 0.438347 0.802454 1.677273
v 0.438347 0.596101 1.747213
vt 0.464061 0.825403
vt 0.324830 0.989301
vt 0.324830 0.825403
vt 0.464061 0.989301
vt 0.996843 0.989301
vt 0.854475 0.989301
vt 0.854475 0.825403
vt 0.996843 0.825403
vt 0.969239 0.824414
vt 0.995606 0.824414
vt 0.995606 0.989301
vt 0.969239 0.989301
vt 0.350063 0.989301
vt 0.350063 0.824414
vt 0.323696 0.989301
vt 0.323696 0.824414
vt 0.350063 0.824414
vt 0.350063 0.989301
vt 0.969239 0.824414
vt 0.969239 0.989301
vt 0.995606 0.989301
vt 0.995606 0.824414
vt 0.344071 0.505302
vt 0.323796 0.531701
vt 0.323796 0.704125
vt 0.344071 0.704125
vt 0.974125 0.704125
vt 0.974125 0.505302
vt 0.994400 0.704125
vt 0.994400 0.531701
vt 0.323796 0.704125
vt 0.323796 0.531702
vt 0.344071 0.505302
vt 0.344071 0.704125
vt 0.974125 0.505302
vt 0.974125 0.704125
vt 0.994400 0.704125
vt 0.994400 0.531702
vt 0.969239 0.989301
vt 0.969239 0.824414
vt 0.995606 0.824414
vt 0.995606 0.989301
vt 0.465018 0.825403
vt 0.324830 0.825403
vt 0.324830 0.989301
vt 0.465018 0.989301
vt 0.852562 0.825403
vt 0.852562 0.989301
vt 0.996843 0.989301
vt 0.996843 0.825403
vn -1.0000 -0.0000 0.0000
vn -0.8207 0.3450 -0.4555
vn -0.9314 -0.1168 -0.3447
vn -0.7071 0.6697 -0.2270
vn -0.8207 0.5509 0.1519
vn -0.7071 0.6697 -0.2269
vn -0.9314 0.1168 0.3447
vn -0.4013 -0.2940 -0.8675
vn -0.2712 0.4998 -0.8226
vn 0.2710 0.4998 -0.8227
vn 0.4013 -0.2940 -0.8675
vn -0.8206 0.5509 0.1519
vn -0.4013 0.2940 0.8675
vn -0.2711 0.8970 0.3492
vn 0.4013 0.2940 0.8675
vn 0.2711 0.8970 0.3492
vn 0.8206 0.5509 0.1519
vn 0.9314 0.1168 0.3447
vn -0.2711 0.4998 -0.8226
vn -0.7071 0.6698 -0.2267
vn 0.0000 0.9471 -0.3210
vn 0.2711 0.4998 -0.8226
vn 0.7071 0.6697 -0.2270
vn 0.8207 0.3450 -0.4555
vn -0.8207 0.5509 0.1518
vn 0.7071 0.6696 -0.2272
vn 0.8207 0.5509 0.1518
vn 0.9314 -0.1168 -0.3447
vn 1.0000 0.0000 0.0000
vn 0.7071 0.6697 -0.2269
vn 0.8207 0.5509 0.1519
usemtl burns_vInt_m.001
s 1
f 1065/1065/259 1066/1066/260 1067/1067/261
f 1066/1066/260 1065/1065/259 1068/1068/262
f 1069/1069/263 1070/1070/264 1071/1071/259
f 1069/1069/263 1071/1071/259 1072/1072/265
f 1073/1073/266 1074/1074/261 1075/1075/260
f 1073/1073/266 1075/1075/260 1076/1076/267
f 1073/1073/266 1076/1076/267 1077/1077/268
f 1073/1073/266 1077/1077/268 1078/1078/269
f 1079/1079/270 1080/1080/265 1081/1081/271
f 1079/1079/270 1081/1081/271 1082/1082/272
f 1082/1082/272 1081/1081/271 1083/1083/273
f 1082/1082/272 1083/1083/273 1084/1084/274
f 1084/1084/274 1083/1083/273 1085/1085/275
f 1085/1085/275 1083/1083/273 1086/1086/276
f 1087/1087/277 1088/1088/260 1089/1089/278
f 1087/1087/277 1089/1089/278 1090/1090/279
f 1087/1087/277 1090/1090/279 1091/1091/279
f 1087/1087/277 1091/1091/279 1092/1092/280
f 1092/1092/280 1091/1091/279 1093/1093/281
f 1092/1092/280 1093/1093/281 1094/1094/282
f 1095/1095/264 1096/1096/283 1097/1097/272
f 1095/1095/264 1097/1097/272 1098/1098/279
f 1098/1098/279 1097/1097/272 1099/1099/274
f 1098/1098/279 1099/1099/274 1100/1100/279
f 1100/1100/279 1099/1099/274 1101/1101/284
f 1101/1101/284 1099/1099/274 1102/1102/285
f 1103/1103/282 1104/1104/286 1105/1105/269
f 1103/1103/282 1105/1105/269 1106/1106/280
f 1107/1107/287 1108/1108/286 1109/1109/282
f 1107/1107/287 1109/1109/282 1110/1110/281
f 1111/1111/287 1112/1112/288 1113/1113/289
f 1111/1111/287 1113/1113/289 1114/1114/276
o HoodRotShape
v -0.393907 0.587603 -0.592919
v -0.438400 0.544237 -1.625760
v -0.438400 0.544237 -0.519524
v -0.393907 0.587603 -1.563487
v -0.393907 0.587603 -0.592919
v -0.438400 0.544237 -0.519524
v -0.222398 0.752348 -0.519524
v -0.222398 0.752348 -0.592919
v -0.222398 0.752348 -1.625760
v -0.438400 0.544237 -1.625760
v -0.393907 0.587603 -1.563487
v -0.222398 0.752348 -1.563487
v -0.393907 0.587603 -0.592919
v -0.222398 0.752348 -0.592919
v -0.222398 0.752348 -1.563487
v -0.393907 0.587603 -1.563487
v -0.222398 0.752348 -0.592919
v -0.222398 0.752348 -0.519524
v 0.222398 0.752348 -0.519524
v 0.222398 0.752348 -0.592919
v -0.222398 0.752348 -0.592919
v 0.222398 0.752348 -0.592919
v 0.222398 0.752348 -1.563487
v -0.222398 0.752348 -1.563487
v -0.222398 0.752348 -1.563487
v 0.222398 0.752348 -1.563487
v 0.222398 0.752348 -1.625760
v -0.222398 0.752348 -1.625760
v 0.222398 0.752348 -0.592919
v 0.393907 0.587603 -0.592919
v 0.393907 0.587603 -1.563487
v 0.222398 0.752348 -1.563487
v 0.222398 0.752348 -1.625760
v 0.222398 0.752348 -1.563487
v 0.393907 0.587603 -1.563487
v 0.438400 0.544237 -1.625760
v 0.438400 0.544237 -1.625760
v 0.393907 0.587603 -1.563487
v 0.393907 0.587603 -0.592919
v 0.438400 0.544237 -0.519524
v 0.393907 0.587603 -0.592919
v 0.222398 0.752348 -0.592919
v 0.222398 0.752348 -0.519524
v 0.438400 0.544237 -0.519524
vt 0.963974 0.321885
vt 0.981568 0.563200
vt 0.963973 0.563201
vt 0.981568 0.321884
vt 0.963973 0.321884
vt 0.963973 0.563201
vt 0.981568 0.563201
vt 0.981568 0.321884
vt 0.981568 0.563200
vt 0.963973 0.563200
vt 0.963973 0.321885
vt 0.981568 0.321885
vt 0.992128 0.314495
vt 0.992129 0.314495
vt 0.992129 0.314495
vt 0.992128 0.314495
vt 0.963973 0.321885
vt 0.963974 0.563201
vt 0.981568 0.563201
vt 0.981568 0.321884
vt 0.992129 0.314495
vt 0.992135 0.314495
vt 0.992135 0.314495
vt 0.992129 0.314495
vt 0.963973 0.321885
vt 0.981568 0.321885
vt 0.981568 0.563200
vt 0.963973 0.563200
vt 0.992135 0.314495
vt 0.992136 0.314495
vt 0.992136 0.314495
vt 0.992135 0.314495
vt 0.963973 0.563200
vt 0.963973 0.321885
vt 0.981568 0.321885
vt 0.981568 0.563200
vt 0.963973 0.563201
vt 0.963973 0.321884
vt 0.981568 0.321884
vt 0.981568 0.563200
vt 0.981568 0.321885
vt 0.963973 0.321885
vt 0.963973 0.563200
vt 0.981568 0.563200
vn -0.6980 0.7161 0.0000
vn -0.6934 0.7206 0.0028
vn -0.6933 0.7206 0.0027
vn -0.6933 0.7206 -0.0032
vn -0.6934 0.7206 -0.0032
vn -0.6927 0.7212 0.0000
vn 0.0000 1.0000 0.0000
vn 0.6927 0.7212 0.0000
vn 0.6933 0.7206 -0.0032
vn 0.6934 0.7206 -0.0033
vn 0.6980 0.7161 0.0000
vn 0.6934 0.7206 0.0028
vn 0.6933 0.7206 0.0027
usemtl burns_vTrim_m.001
s 1
f 1115/1115/290 1116/1116/290 1117/1117/290
f 1116/1116/290 1115/1115/290 1118/1118/290
f 1119/1119/291 1120/1120/291 1121/1121/292
f 1119/1119/291 1121/1121/292 1122/1122/292
f 1123/1123/293 1124/1124/293 1125/1125/293
f 1123/1123/293 1125/1125/293 1126/1126/294
f 1127/1127/295 1128/1128/295 1129/1129/295
f 1127/1127/295 1129/1129/295 1130/1130/295
f 1131/1131/296 1132/1132/296 1133/1133/296
f 1131/1131/296 1133/1133/296 1134/1134/296
f 1135/1135/296 1136/1136/296 1137/1137/296
f 1135/1135/296 1137/1137/296 1138/1138/296
f 1139/1139/296 1140/1140/296 1141/1141/296
f 1139/1139/296 1141/1141/296 1142/1142/296
f 1143/1143/297 1144/1144/297 1145/1145/297
f 1143/1143/297 1145/1145/297 1146/1146/297
f 1147/1147/298 1148/1148/298 1149/1149/299
f 1147/1147/298 1149/1149/299 1150/1150/299
f 1151/1151/300 1152/1152/300 1153/1153/300
f 1151/1151/300 1153/1153/300 1154/1154/300
f 1155/1155/301 1156/1156/302 1157/1157/302
f 1155/1155/301 1157/1157/302 1158/1158/301
o burns_vShape
v 0.552100 -0.278639 -0.725449
v -0.552100 -0.278639 0.751640
v -0.552100 -0.278639 -0.725449
v 0.552100 -0.278639 0.751640
v -0.552100 -0.046440 1.854221
v 0.552100 -0.046440 1.854221
v -0.552100 -0.278639 -0.725449
v -0.492306 -0.160915 -1.667373
v 0.492306 -0.160915 -1.667373
v 0.552100 -0.278639 -0.725449
v -0.952858 0.422812 1.067843
v -0.929246 0.283187 0.840141
v -0.952858 0.261000 0.867598
v -0.929246 0.454874 1.052604
v -0.952858 0.480562 1.317542
v -0.929246 0.516148 1.317542
v -0.929246 0.454874 1.582480
v -0.952858 0.422812 1.567242
v -0.929246 0.283187 1.794944
v -0.952858 0.261000 1.767486
v -0.929246 0.043012 1.911068
v -0.960679 -0.009082 1.875714
v -0.893215 0.024805 1.918558
v -0.906695 -0.022604 1.866737
v -0.564653 -0.023502 1.866737
v -0.586747 0.024805 1.918558
v -0.550716 0.043012 1.911068
v -0.550716 0.283187 1.794944
v -0.550716 0.454874 1.582480
v -0.550716 0.516148 1.317542
v -0.550716 0.454874 1.052604
v -0.550716 0.283187 0.840141
v -0.527104 0.422812 1.067843
v -0.527104 0.261000 0.867598
v -0.527104 0.027174 1.913961
v -0.527104 0.261000 1.767486
v -0.527104 0.422812 1.567242
v -0.527104 0.480562 1.317542
v -0.952858 0.140628 -0.945986
v -0.952858 -0.116797 -0.631417
v -0.929246 -0.085970 -0.612323
v -0.929246 0.170156 -0.924812
v -0.550716 -0.085970 -0.612323
v -0.550716 0.170156 -0.924812
v -0.527104 -0.116797 -0.631417
v -0.527104 0.140628 -0.945986
v -0.527104 0.371607 -1.265114
v -0.550716 0.403573 -1.248389
v -0.527104 0.463999 -1.511298
v -0.550716 0.499314 -1.503712
v -0.550716 0.517398 -1.763371
v -0.929246 0.403573 -1.248389
v -0.929246 0.499314 -1.503712
v -0.929246 0.517398 -1.763371
v -0.550716 0.418907 -1.990751
v -0.929246 0.418907 -1.990751
v -0.577183 0.405154 -2.021774
v -0.902779 0.405154 -2.021774
v -0.527104 0.482477 -1.757482
v -0.527104 0.385466 -1.976313
v -0.556873 0.362603 -2.021247
v -0.918992 0.361382 -2.019888
v -0.951363 0.385153 -1.973817
v -0.952858 0.482477 -1.757482
v -0.952858 0.463999 -1.511298
v -0.952858 0.371607 -1.265114
v -0.929246 -0.242653 0.722232
v -0.550716 -0.242653 0.722232
v -0.550716 -0.242653 -0.363167
v -0.929246 -0.242653 -0.363167
v -0.952858 -0.277054 0.756471
v -0.950615 -0.277647 -0.374855
v -0.952858 -0.116797 -0.631417
v -0.929246 -0.085970 -0.612323
v -0.550716 -0.085970 -0.612323
v -0.550716 0.035093 0.722232
v -0.550716 -0.242653 0.722232
v -0.929246 -0.242653 0.722232
v -0.929246 0.035093 0.722232
v -0.952858 -0.277054 0.756471
v -0.952858 0.027175 0.756471
v -0.952858 0.261000 0.867598
v -0.929246 0.283187 0.840141
v -0.550716 0.283187 0.840141
v -0.550716 0.035093 0.722232
v -0.550716 0.283187 0.840141
v -0.527104 0.261000 0.867598
v -0.527104 0.027175 0.756471
v -0.527104 -0.277054 0.756471
v -0.550716 -0.242653 0.722232
v 0.550716 0.283187 0.840141
v 0.527104 0.027175 0.756471
v 0.527104 0.261000 0.867598
v 0.550716 0.035093 0.722232
v 0.527104 0.261000 1.767486
v 0.527104 0.027174 1.878613
v 0.550716 0.043012 1.911068
v 0.550716 0.283187 1.794944
v 0.527104 0.422812 1.567242
v 0.550716 0.454874 1.582480
v 0.527104 0.480562 1.317542
v 0.550716 0.516148 1.317542
v 0.550716 0.454874 1.052604
v 0.527104 0.422812 1.067843
v 0.550716 0.283187 0.840141
v 0.527104 0.261000 0.867598
v 0.586747 0.024805 1.918558
v 0.893215 0.024805 1.918558
v 0.929246 0.043012 1.911068
v 0.929246 0.283187 1.794944
v 0.929246 0.454874 1.582480
v 0.929246 0.516148 1.317542
v 0.929246 0.454874 1.052604
v 0.929246 0.283187 0.840141
v 0.912332 0.000155 1.891455
v 0.956961 0.025372 1.879518
v 0.952858 0.261000 1.767486
v 0.952858 0.422812 1.567242
v 0.952858 0.480562 1.317542
v 0.952858 0.422812 1.067843
v 0.952858 0.261000 0.867598
v 0.550716 -0.242653 -0.363167
v 0.550716 -0.242653 0.722232
v 0.929246 -0.242653 0.722232
v 0.929246 -0.242653 -0.363167
v 0.952858 -0.277054 0.756471
v 0.952858 -0.277054 -0.371556
v 0.952858 -0.116797 -0.631417
v 0.929246 -0.085970 -0.612323
v 0.550716 -0.085970 -0.612323
v 0.586747 0.024805 1.918558
v 0.550716 0.043012 1.911068
v 0.570449 0.001518 1.892213
v 0.586747 0.024805 1.918558
v 0.570449 0.001518 1.892213
v 0.912332 0.000155 1.891455
v 0.893215 0.024805 1.918558
v 0.929062 0.418907 -1.990751
v 0.929062 0.517398 -1.763371
v 0.952674 0.482477 -1.757482
v 0.952674 0.385466 -1.976313
v 0.550716 0.035093 0.722232
v 0.550716 0.283187 0.840141
v 0.929246 0.283187 0.840141
v 0.929246 0.035093 0.722232
v 0.952858 0.261000 0.867598
v 0.952858 0.027175 0.756471
v 0.952858 -0.277054 0.756471
v 0.929246 -0.242653 0.722232
v 0.550716 -0.242653 0.722232
v 0.929246 -0.085970 -0.612323
v 0.952858 -0.116797 -0.631417
v 0.952858 0.140628 -0.945986
v 0.929246 0.170156 -0.924812
v 0.952858 0.371607 -1.265114
v 0.929246 0.403573 -1.248389
v 0.952858 0.463999 -1.511298
v 0.929246 0.499314 -1.503712
v 0.952674 0.482477 -1.757482
v 0.929062 0.517398 -1.763371
v 0.550716 0.499314 -1.503712
v 0.550716 0.517398 -1.763371
v 0.929062 0.418907 -1.990751
v 0.550716 0.418907 -1.990751
v 0.527104 0.463999 -1.511298
v 0.527104 0.371607 -1.265114
v 0.550716 0.403573 -1.248389
v 0.550716 0.170156 -0.924812
v 0.550716 -0.085970 -0.612323
v 0.527104 -0.116797 -0.631417
v 0.527104 0.140628 -0.945986
v 0.577183 0.405154 -2.021774
v 0.902779 0.405154 -2.021774
v 0.952674 0.385466 -1.976313
v 0.929062 0.362620 -2.021247
v 0.556873 0.362603 -2.021247
v 0.527104 0.385466 -1.976313
v 0.527104 0.482477 -1.757482
v 0.492306 0.499264 -1.667373
v -0.492306 -0.160915 -1.667373
v -0.492306 0.499264 -1.667373
v 0.492306 -0.160915 -1.667373
v -0.492306 0.499264 -1.667373
v -0.222473 0.749977 -1.667373
v 0.222473 0.749977 -1.667373
v 0.492306 0.499264 -1.667373
v -0.581025 -0.246110 0.684794
v -0.818479 -0.027689 0.684794
v -0.818479 -0.246110 0.684794
v -0.581025 -0.027689 0.684794
v -0.818479 -0.246110 0.684794
v -0.818479 -0.027689 0.684794
v -0.818479 -0.027689 0.338140
v -0.818479 -0.246110 0.338140
v -0.818479 -0.027689 0.338140
v -0.818479 -0.027689 0.684794
v -0.581025 -0.027689 0.684794
v -0.581025 -0.027689 0.338140
v -0.581025 -0.246110 0.338140
v -0.818479 -0.246110 0.338140
v -0.818479 -0.027689 0.338140
v -0.581025 -0.027689 0.338140
v -0.739710 0.506334 0.257639
v -0.739710 0.533848 0.310301
v -0.683280 0.533848 0.310301
v -0.683280 0.506334 0.257639
v -0.683280 0.344787 0.263202
v -0.739710 0.151884 0.263202
v -0.739710 0.506334 0.257639
v -0.683280 0.506334 0.257639
v -0.739710 0.533848 0.310301
v -0.738748 0.533848 0.583580
v -0.683280 0.533848 0.576399
v -0.683280 0.533848 0.310301
v -0.738748 0.533848 0.583580
v -0.700528 0.552698 0.713127
v -0.653324 0.552698 0.686330
v -0.683280 0.533848 0.576399
v -0.653324 0.552698 0.686330
v -0.700528 0.552698 0.713127
v -0.598734 0.760777 0.813219
v -0.571480 0.760777 0.766804
v 0.682237 0.344787 0.540021
v -0.683280 0.344787 0.540021
v -0.653324 0.344787 0.649952
v 0.652326 0.344787 0.649952
v -0.683280 0.344787 0.263202
v -0.683280 0.344787 0.540021
v 0.682237 0.344787 0.540021
v 0.682237 0.344787 0.263202
v -0.739710 0.151884 0.263202
v -0.683280 0.344787 0.263202
v -0.683280 0.151884 0.263202
v -0.683280 0.344787 0.263202
v -0.683280 0.506334 0.257639
v -0.683280 0.533848 0.310301
v -0.683280 0.344787 0.540021
v -0.683280 0.533848 0.576399
v -0.653324 0.344787 0.649952
v -0.653324 0.552698 0.686330
v -0.571480 0.344787 0.730426
v -0.571480 0.760777 0.766804
v -0.459680 0.344787 0.759882
v -0.459680 0.807897 0.796260
v 0.458978 0.807897 0.796260
v 0.458978 0.344787 0.759882
v 0.570608 0.760777 0.766804
v 0.570608 0.344787 0.730426
v 0.652326 0.552698 0.686330
v 0.652326 0.344787 0.649952
v 0.682237 0.533848 0.576399
v 0.682237 0.344787 0.540021
v 0.682237 0.533848 0.310301
v 0.682237 0.344787 0.263202
v 0.682237 0.506334 0.257639
v 0.652326 0.344787 0.649952
v -0.653324 0.344787 0.649952
v -0.571480 0.344787 0.730426
v 0.570608 0.344787 0.730426
v -0.571480 0.760777 0.766804
v -0.598734 0.760777 0.813219
v -0.466982 0.807897 0.850800
v -0.459680 0.807897 0.796260
v 0.570608 0.344787 0.730426
v -0.571480 0.344787 0.730426
v -0.459680 0.344787 0.759882
v 0.458978 0.344787 0.759882
v -0.552100 0.047661 -0.357243
v -0.552100 0.047661 0.751640
v 0.552100 0.047661 0.751640
v 0.552100 0.047661 -0.357243
v -0.522041 0.279859 -0.625883
v -0.552100 0.047661 -0.357243
v 0.552100 0.047661 -0.357243
v 0.522051 0.279859 -0.625883
v -0.552100 0.101797 0.751640
v -0.552100 0.101797 1.854221
v 0.552100 0.101797 1.854221
v 0.552100 0.101797 0.751640
v -0.491981 0.512057 -0.441882
v -0.522041 0.279859 -0.625883
v 0.522051 0.279859 -0.625883
v 0.492001 0.512057 -0.441882
v -0.222473 0.749977 -0.441882
v -0.491981 0.512057 -0.441882
v 0.492001 0.512057 -0.441882
v 0.222473 0.749977 -0.441882
v -0.475086 0.187106 -1.809473
v -0.293218 0.187106 -1.809473
v -0.384152 0.337312 -1.656296
v -0.566021 0.337312 -1.809473
v -0.475086 0.487518 -1.809473
v -0.293218 0.487518 -1.809473
v -0.202284 0.337312 -1.809473
v -0.293218 0.187106 -1.809473
v -0.459680 0.807897 0.796260
v -0.466982 0.807897 0.850800
v 0.466270 0.807897 0.850800
v 0.458978 0.807897 0.796260
v -0.438347 0.088796 1.749537
v -0.438347 0.088796 1.561826
v -0.411841 0.088159 1.561826
v -0.411841 0.088796 1.778277
v -0.411841 0.466190 1.778277
v -0.438347 0.466190 1.749537
v -0.438347 0.088796 1.749537
v -0.411841 0.088796 1.778277
v 0.411841 0.088796 1.778277
v 0.411841 0.466190 1.778277
v 0.438347 0.088796 1.749537
v 0.438347 0.466190 1.749537
v -0.438347 0.088796 1.749537
v -0.438347 0.466190 1.749537
v -0.438347 0.466190 1.561826
v -0.438347 0.088796 1.561826
v -0.438347 0.088796 1.561826
v -0.438347 0.466190 1.561826
v -0.438347 0.466190 1.374117
v -0.438347 0.088796 1.374117
v -0.438347 0.088796 1.374117
v -0.438347 0.466190 1.374117
v -0.411841 0.466190 1.345376
v -0.411841 0.088796 1.345376
v -0.411841 0.088159 1.561826
v -0.438347 0.088796 1.561826
v -0.438347 0.088796 1.374117
v -0.411841 0.088796 1.345376
v -0.411841 0.088796 1.778277
v -0.411841 0.088159 1.561826
v 0.411841 0.088159 1.561826
v 0.411841 0.088796 1.778277
v -0.411841 0.466190 1.749537
v -0.411841 0.087523 1.749537
v -0.411841 0.088159 1.561826
v -0.411841 0.466190 1.561826
v -0.411841 0.088159 1.561826
v -0.411841 0.088796 1.345376
v 0.411841 0.088796 1.345376
v 0.411841 0.088159 1.561826
v -0.411841 0.466190 1.749537
v -0.411841 0.466190 1.778277
v 0.411841 0.466190 1.778277
v 0.411841 0.466190 1.749537
v -0.438347 0.466190 1.749537
v -0.411841 0.466190 1.778277
v -0.411841 0.466190 1.749537
v -0.438347 0.466190 1.749537
v -0.411841 0.466190 1.749537
v -0.411841 0.466190 1.561826
v -0.438347 0.466190 1.561826
v -0.411841 0.087523 1.749537
v -0.411841 0.466190 1.749537
v 0.411841 0.466190 1.749537
v 0.411841 0.087523 1.749537
v -0.438347 0.466190 1.561826
v -0.411841 0.466190 1.561826
v -0.411841 0.466190 1.374117
v -0.438347 0.466190 1.374117
v -0.411841 0.466190 1.561826
v -0.411841 0.088159 1.561826
v -0.411841 0.087523 1.374117
v -0.411841 0.466190 1.374117
v -0.411841 0.466190 1.374117
v -0.411841 0.087523 1.374117
v 0.411841 0.087523 1.374117
v 0.411841 0.466190 1.374117
v -0.411841 0.466190 1.345376
v -0.411841 0.466190 1.374117
v 0.411841 0.466190 1.374117
v 0.411841 0.466190 1.345376
v -0.438347 0.466190 1.374117
v -0.411841 0.466190 1.374117
v -0.411841 0.466190 1.345376
v -0.324929 0.757916 1.045869
v -0.324929 0.757916 1.111155
v -0.262839 0.757916 1.131329
v -0.224465 0.757916 1.078512
v -0.262839 0.757916 1.025694
v 0.234710 0.757916 1.045869
v 0.234710 0.757916 1.111155
v 0.296801 0.757916 1.131329
v 0.335175 0.757916 1.078512
v 0.296801 0.757916 1.025694
v 0.293667 0.187106 -1.809473
v 0.475536 0.187106 -1.809474
v 0.384602 0.337312 -1.656296
v 0.202733 0.337312 -1.809473
v 0.293667 0.487518 -1.809473
v 0.475536 0.487518 -1.809473
v 0.566470 0.337312 -1.809473
v 0.475536 0.187106 -1.809474
v 0.438347 0.088796 1.374117
v 0.438347 0.088796 1.561826
v 0.411841 0.088159 1.561826
v 0.411841 0.088796 1.345376
v 0.411841 0.088159 1.561826
v 0.438347 0.088796 1.561826
v 0.438347 0.088796 1.749537
v 0.411841 0.088796 1.778277
v 0.411841 0.088796 1.345376
v -0.411841 0.088796 1.345376
v -0.411841 0.466190 1.345376
v 0.411841 0.466190 1.345376
v 0.411841 0.087523 1.749537
v 0.411841 0.466190 1.749537
v 0.411841 0.466190 1.561826
v 0.411841 0.088159 1.561826
v 0.411841 0.088159 1.561826
v 0.411841 0.466190 1.561826
v 0.411841 0.466190 1.374117
v 0.411841 0.087523 1.374117
v 0.411841 0.466190 1.561826
v 0.411841 0.466190 1.749537
v 0.438347 0.466190 1.749537
v 0.438347 0.466190 1.561826
v 0.411841 0.466190 1.374117
v 0.411841 0.466190 1.561826
v 0.438347 0.466190 1.561826
v 0.438347 0.466190 1.374117
v 0.438347 0.466190 1.374117
v 0.411841 0.466190 1.345376
v 0.411841 0.466190 1.374117
v 0.411841 0.466190 1.778277
v 0.438347 0.466190 1.749537
v 0.411841 0.466190 1.749537
v 0.438347 0.466190 1.561826
v 0.438347 0.466190 1.749537
v 0.438347 0.088796 1.749537
v 0.438347 0.088796 1.561826
v 0.438347 0.466190 1.374117
v 0.438347 0.466190 1.561826
v 0.438347 0.088796 1.561826
v 0.438347 0.088796 1.374117
v 0.411841 0.466190 1.345376
v 0.438347 0.466190 1.374117
v 0.438347 0.088796 1.374117
v 0.411841 0.088796 1.345376
v 0.570608 0.760777 0.766804
v 0.458978 0.807897 0.796260
v 0.466270 0.807897 0.850800
v 0.597819 0.760777 0.813219
v 0.818831 -0.027689 0.684794
v 0.581377 -0.027689 0.684794
v 0.581377 -0.246110 0.684794
v 0.818831 -0.246110 0.684794
v 0.581377 -0.027689 0.338140
v 0.581377 -0.027689 0.684794
v 0.818831 -0.027689 0.684794
v 0.818831 -0.027689 0.338140
v 0.581377 -0.246110 0.338140
v 0.581377 -0.027689 0.338140
v 0.818831 -0.027689 0.338140
v 0.818831 -0.246110 0.338140
v 0.570608 0.760777 0.766804
v 0.597819 0.760777 0.813219
v 0.699458 0.552698 0.713127
v 0.652326 0.552698 0.686330
v 0.682237 0.151884 0.263202
v -0.683280 0.151884 0.263202
v -0.683280 0.344787 0.263202
v 0.682237 0.344787 0.263202
v 0.682237 0.344787 0.263202
v 0.682237 0.506334 0.257639
v 0.738581 0.506334 0.257639
v 0.738581 0.151884 0.263202
v 0.682237 0.151884 0.263202
v 0.682237 0.344787 0.263202
v 0.738581 0.151884 0.263202
v 0.738581 0.506334 0.257639
v 0.682237 0.506334 0.257639
v 0.682237 0.533848 0.310301
v 0.738581 0.533848 0.310301
v 0.737621 0.533848 0.583580
v 0.682237 0.533848 0.576399
v 0.652326 0.552698 0.686330
v 0.699458 0.552698 0.713127
v 0.738581 0.533848 0.310301
v 0.682237 0.533848 0.310301
v 0.682237 0.533848 0.576399
v 0.737621 0.533848 0.583580
v 0.818831 -0.027689 0.684794
v 0.818831 -0.246110 0.684794
v 0.818831 -0.246110 0.338140
v 0.818831 -0.027689 0.338140
v -0.823885 0.186980 1.921847
v -0.801196 0.269041 1.921847
v -0.804075 0.186980 1.846738
v -0.787187 0.125905 1.846738
v -0.801196 0.104919 1.921847
v -0.746418 0.100606 1.846738
v -0.746418 0.070928 1.921847
v -0.691641 0.104919 1.921848
v -0.705649 0.125905 1.846739
v -0.668952 0.186980 1.921848
v -0.688762 0.186980 1.846739
v -0.691641 0.269041 1.921848
v -0.705649 0.248056 1.846739
v -0.746418 0.303032 1.921847
v -0.746418 0.273354 1.846738
v -0.787187 0.248056 1.846738
v -0.746418 0.186980 1.799764
v -0.746418 0.186980 1.961305
v -0.823885 0.186980 1.921847
v -0.801196 0.104919 1.921847
v -0.746418 0.070928 1.921847
v -0.691641 0.104919 1.921848
v -0.668952 0.186980 1.921848
v -0.691641 0.269041 1.921848
v -0.746418 0.303032 1.921847
v -0.801196 0.269041 1.921847
v -0.732841 0.499264 -0.599563
v -0.672731 0.397543 -0.599563
v -0.704570 0.499264 -0.515989
v -0.672731 0.600985 -0.599563
v -0.658595 0.564303 -0.515989
v -0.566647 0.564303 -0.515989
v -0.552511 0.600985 -0.599563
v -0.520672 0.499264 -0.515989
v -0.492401 0.499264 -0.599563
v -0.552511 0.397543 -0.599563
v -0.566647 0.434225 -0.515989
v -0.658595 0.434225 -0.515989
v -0.612621 0.499264 -0.462791
v -0.612621 0.499264 -0.627438
v -0.732841 0.499264 -0.599563
v -0.672731 0.600985 -0.599563
v -0.552511 0.600985 -0.599563
v -0.492401 0.499264 -0.599563
v -0.552511 0.397543 -0.599563
v -0.672731 0.397543 -0.599563
v -0.384152 0.337312 -1.846673
v -0.566021 0.337312 -1.809473
v -0.475086 0.487518 -1.809473
v -0.293218 0.487518 -1.809473
v -0.202284 0.337312 -1.809473
v -0.293218 0.187106 -1.809473
v -0.475086 0.187106 -1.809473
v -0.511324 0.807243 0.072727
v -0.511387 0.819330 0.060531
v -0.330379 0.731312 0.013239
v -0.328816 0.758158 0.039838
v -0.511008 0.812673 0.078107
v -0.328968 0.786959 0.010780
v -0.511071 0.824760 0.065912
v -0.330531 0.760113 -0.015820
v -0.142294 0.809454 0.048816
v -0.141978 0.814884 0.054196
v -0.141914 0.802797 0.066391
v -0.142230 0.797367 0.061010
v -0.338193 0.327840 -0.476297
v -0.339760 0.751786 0.027735
v -0.339881 0.774742 0.004573
v -0.339684 0.353982 -0.495735
v -0.311603 0.762509 0.015258
v -0.310861 0.340297 -0.488995
v -0.310016 0.745166 -0.001939
v -0.336072 0.938601 -0.070142
v -0.318917 0.938142 -0.070687
v -0.308453 0.772011 0.024660
v -0.318601 0.943572 -0.065307
v -0.349331 0.773105 0.025958
v -0.335756 0.944031 -0.064762
v -0.350894 0.746260 -0.000642
v -0.334701 0.678555 0.192229
v -0.334385 0.683985 0.197610
v -0.317230 0.683526 0.197065
v -0.317546 0.678096 0.191684
v -0.324929 0.757916 1.045869
v -0.324929 0.706918 1.045869
v -0.324929 0.706918 1.111155
v -0.324929 0.757916 1.111155
v -0.262839 0.706918 1.131329
v -0.262839 0.757916 1.131329
v -0.224465 0.706918 1.078512
v -0.224465 0.757916 1.078512
v -0.262839 0.706918 1.025694
v -0.262839 0.757916 1.025694
v -0.010029 0.152243 -1.779842
v 0.009002 0.164001 -1.786949
v -0.002316 0.154180 -1.802223
v -0.185887 0.004435 -1.797180
v -0.189140 -0.002853 -1.774755
v 0.003649 0.124998 -1.772770
v -0.174851 -0.020967 -1.768301
v -0.162605 -0.030592 -1.786419
v -0.167163 -0.034434 -1.792535
v -0.161390 -0.013719 -1.804237
v -0.167456 -0.030957 -1.905252
v -0.161811 -0.009692 -1.905121
v -0.180588 0.002422 -1.905435
v -0.191181 -0.034232 -1.789296
v -0.189733 -0.032533 -1.905252
v -0.198117 -0.011833 -1.905252
v -0.200752 -0.012291 -1.790152
v -0.180588 0.002422 -1.905435
v -0.161811 -0.009692 -1.905121
v -0.161390 -0.013719 -1.804237
v 0.027049 0.149672 -1.671821
v 0.025049 0.127125 -1.784555
v 0.028964 0.150800 -1.787804
v 0.013082 0.136981 -1.808677
v 0.020453 0.123258 -1.790521
v 0.013082 0.136981 -1.808677
v 0.028964 0.150800 -1.787804
v 0.027049 0.149672 -1.671821
v 0.008099 0.161492 -1.671821
v -0.008958 0.146677 -1.671638
v -0.000255 0.126095 -1.671952
v 0.021664 0.127998 -1.671821
v 0.384602 0.337312 -1.846673
v 0.202733 0.337312 -1.809473
v 0.293667 0.487518 -1.809473
v 0.475536 0.487518 -1.809473
v 0.566470 0.337312 -1.809473
v 0.475536 0.187106 -1.809474
v 0.293667 0.187106 -1.809473
v 0.234710 0.757916 1.045869
v 0.234710 0.706918 1.045869
v 0.234710 0.706918 1.111155
v 0.234710 0.757916 1.111155
v 0.296801 0.706918 1.131329
v 0.296801 0.757916 1.131329
v 0.335175 0.706918 1.078512
v 0.335175 0.757916 1.078512
v 0.296801 0.706918 1.025694
v 0.296801 0.757916 1.025694
v 0.491985 0.499264 -0.599563
v 0.552095 0.397543 -0.599563
v 0.520257 0.499264 -0.515989
v 0.552095 0.600985 -0.599563
v 0.566231 0.564303 -0.515989
v 0.658180 0.564303 -0.515989
v 0.672316 0.600985 -0.599563
v 0.704154 0.499264 -0.515989
v 0.732426 0.499264 -0.599563
v 0.672316 0.397543 -0.599563
v 0.658180 0.434225 -0.515989
v 0.566231 0.434225 -0.515989
v 0.612206 0.499264 -0.462791
v 0.612206 0.499264 -0.627438
v 0.491985 0.499264 -0.599563
v 0.552095 0.600985 -0.599563
v 0.672316 0.600985 -0.599563
v 0.732426 0.499264 -0.599563
v 0.672316 0.397543 -0.599563
v 0.552095 0.397543 -0.599563
v 0.668533 0.186980 1.921847
v 0.691223 0.269041 1.921847
v 0.688344 0.186980 1.846738
v 0.705231 0.125905 1.846738
v 0.691223 0.104919 1.921847
v 0.746000 0.100606 1.846738
v 0.746000 0.070928 1.921847
v 0.800777 0.104919 1.921848
v 0.786769 0.125905 1.846739
v 0.823467 0.186980 1.921848
v 0.803656 0.186980 1.846739
v 0.800777 0.269041 1.921848
v 0.786769 0.248056 1.846739
v 0.746000 0.303032 1.921847
v 0.746000 0.273354 1.846738
v 0.705231 0.248056 1.846738
v 0.746000 0.186980 1.799764
v 0.746000 0.186980 1.961305
v 0.668533 0.186980 1.921847
v 0.691223 0.104919 1.921847
v 0.746000 0.070928 1.921847
v 0.800777 0.104919 1.921848
v 0.823467 0.186980 1.921848
v 0.800777 0.269041 1.921848
v 0.746000 0.303032 1.921847
v 0.691223 0.269041 1.921847
v -0.773866 -0.170838 -1.659354
v 0.773866 -0.170838 -1.659354
v 0.773866 -0.111781 -1.640417
v -0.773866 -0.111781 -1.640417
v 0.773866 -0.075282 -1.689995
v -0.773866 -0.075282 -1.689995
v 0.773866 -0.111781 -1.739572
v -0.773866 -0.111781 -1.739572
v 0.773866 -0.170838 -1.720635
v -0.773866 -0.170838 -1.720635
v -0.773866 -0.111781 1.367119
v 0.773866 -0.111781 1.367119
v 0.773866 -0.075282 1.317542
v -0.773866 -0.075282 1.317542
v 0.773866 -0.111781 1.267964
v -0.773866 -0.111781 1.267964
v 0.773866 -0.170838 1.286901
v -0.773866 -0.170838 1.286901
v 0.773866 -0.170838 1.348182
v -0.773866 -0.170838 1.348182
v -0.514042 0.801326 0.057552
v -0.535543 0.817858 0.074050
v -0.496021 0.903477 -0.014683
v -0.478755 0.877772 -0.021674
v -0.391639 0.954254 -0.072061
v -0.383702 0.954972 -0.041332
v -0.476900 0.909636 0.009898
v -0.512187 0.833190 0.089124
v -0.495108 0.730100 0.160245
v -0.477939 0.722970 0.134512
v -0.458916 0.747705 0.140351
v -0.490687 0.816658 0.072626
v -0.459634 0.883930 0.002907
v -0.385557 0.923108 -0.072904
v -0.262266 0.950792 -0.076168
v -0.268190 0.951881 -0.044999
v -0.275969 0.921106 -0.045402
v -0.377619 0.923826 -0.042175
v -0.270045 0.920017 -0.076571
v -0.193511 0.876810 -0.005540
v -0.176342 0.869680 -0.031273
v -0.157319 0.894415 -0.025435
v -0.476084 0.754834 0.166084
v -0.382382 0.704498 0.211382
v -0.376458 0.703408 0.180213
v -0.384236 0.672633 0.179810
v -0.390160 0.673722 0.210979
v -0.260788 0.670261 0.206872
v -0.266870 0.701407 0.207715
v -0.274808 0.700689 0.176986
v -0.268725 0.669543 0.176143
v -0.175527 0.714879 0.124912
v -0.156405 0.721037 0.149494
v -0.173672 0.746743 0.156484
v -0.192793 0.740584 0.131903
v -0.161740 0.807857 0.062184
v -0.140240 0.791324 0.045686
v -0.116884 0.806656 0.060761
v -0.138385 0.823189 0.077258
v -0.174488 0.901544 0.000299
v -0.952858 -0.116797 -0.631417
v -0.963045 0.120599 -0.961408
v -0.963221 -0.137284 -0.646025
v -0.952858 0.140628 -0.945986
v -0.960679 0.236285 1.750389
v -0.960679 -0.009082 1.875714
v -0.952858 0.261000 1.767486
v -0.952858 0.027175 0.756471
v -0.960679 -0.005002 0.776642
v -0.960679 0.236235 0.883582
v -0.952858 0.261000 0.867598
v -0.960679 -0.303796 0.784650
v -0.952858 -0.277054 0.756471
v -0.950615 -0.277647 -0.374855
v -0.952858 -0.277054 0.756471
v -0.960679 -0.303796 0.784650
v -0.960679 -0.005002 0.776642
v -0.952858 0.027175 0.756471
v -0.960679 0.403271 1.557479
v -0.960679 0.236285 1.750389
v -0.952858 0.261000 1.767486
v -0.952858 0.422812 1.567242
v -0.952858 0.261000 0.867598
v -0.960679 0.236235 0.883582
v -0.960679 0.403271 1.076393
v -0.952858 0.422812 1.067843
v -0.960679 0.403271 1.557479
v -0.952858 0.422812 1.567242
v -0.952858 0.480562 1.317542
v -0.960679 0.462913 1.316935
v -0.952858 0.422812 1.067843
v -0.960679 0.403271 1.076393
v -0.960679 0.462913 1.316935
v -0.952858 0.480562 1.317542
v -0.963100 0.349546 -1.276962
v -0.963045 0.120599 -0.961408
v -0.952858 0.140628 -0.945986
v -0.952858 0.371607 -1.265114
v -0.963252 0.439634 -1.516676
v -0.963100 0.349546 -1.276962
v -0.952858 0.371607 -1.265114
v -0.952858 0.463999 -1.511298
v -0.963314 0.458414 -1.753317
v -0.963252 0.439634 -1.516676
v -0.952858 0.463999 -1.511298
v -0.952858 0.482477 -1.757482
v -0.963314 0.458414 -1.753317
v -0.952858 0.482477 -1.757482
v -0.951363 0.385153 -1.973817
v -0.961705 0.362352 -1.969319
v -0.961705 0.362352 -1.969319
v -0.951363 0.385153 -1.973817
v -0.918992 0.361382 -2.019888
v -0.929334 0.338582 -2.015390
v -0.963221 -0.137284 -0.646025
v -0.950615 -0.277647 -0.374855
v -0.952858 -0.116797 -0.631417
v -0.552529 0.336817 -2.014959
v -0.929334 0.338582 -2.015390
v -0.918992 0.361382 -2.019888
v -0.556873 0.362603 -2.021247
v -0.739710 0.533848 0.310301
v -0.739710 0.506334 0.257639
v -0.739710 0.151884 0.263202
v -0.738748 0.151884 0.547202
v -0.738748 0.533848 0.583580
v -0.700528 0.151884 0.676749
v -0.700528 0.552698 0.713127
v -0.598734 0.151884 0.776841
v -0.598734 0.760777 0.813219
v -0.466982 0.151884 0.814422
v -0.466982 0.807897 0.850800
v 0.466270 0.807897 0.850800
v 0.466270 0.151884 0.814422
v 0.597819 0.760777 0.813219
v 0.597819 0.151884 0.776841
v 0.699458 0.552698 0.713127
v 0.699458 0.151884 0.676749
v 0.737621 0.533848 0.583580
v 0.737621 0.151884 0.547202
v 0.738581 0.533848 0.310301
v 0.738581 0.151884 0.263202
v 0.738581 0.506334 0.257639
v -0.587863 0.114591 -0.176808
v -0.587863 0.114591 0.751640
v -0.587863 0.081575 0.751640
v -0.587863 0.081575 -0.183584
v -0.523158 0.114591 0.751640
v -0.587863 0.114591 0.751640
v -0.587863 0.114591 -0.176808
v -0.523158 0.114591 -0.176808
v -0.552100 0.499264 -0.478492
v -0.587863 0.081575 -0.183584
v -0.523158 0.081575 -0.183584
v -0.492306 0.499264 -0.478492
v -0.587863 0.114591 -0.176808
v -0.587863 0.081575 -0.183584
v -0.552100 0.499264 -0.478492
v -0.552100 0.512057 -0.441882
v -0.579901 -0.101607 -2.196893
v -0.579901 -0.101607 -2.133369
v -0.579901 0.009879 -2.133369
v -0.579901 0.009879 -2.196893
v -0.579901 -0.045864 -2.228653
v -0.579901 -0.101607 -2.133369
v -0.579901 -0.101607 -2.196893
v -0.482780 -0.101607 -2.196893
v -0.482780 -0.101607 -2.133369
v -0.579901 0.009879 -2.133369
v -0.482780 0.009879 -2.133369
v -0.579901 0.009879 -2.196893
v -0.482780 0.009879 -2.196893
v -0.579901 -0.045864 -2.228653
v -0.482780 -0.045864 -2.228653
v -0.579901 -0.101607 -2.196893
v -0.482780 -0.101607 -2.196893
v -0.571663 -0.171948 -1.841013
v -0.571663 -0.204339 -1.851273
v -0.571663 -0.204339 -1.524112
v -0.571663 -0.171985 -1.534476
v -0.571663 -0.171985 -1.534476
v -0.571663 -0.055615 -1.219219
v -0.491018 -0.055615 -1.219219
v -0.491018 -0.171985 -1.534476
v -0.571663 -0.204339 -1.851273
v -0.571663 -0.171948 -1.841013
v -0.571663 -0.055616 -2.142283
v -0.571663 -0.087782 -2.162416
v -0.571663 -0.171948 -1.841013
v -0.571663 -0.171985 -1.534476
v -0.491018 -0.171985 -1.534476
v -0.491018 -0.171948 -1.841013
v -0.491018 -0.087782 -2.162416
v -0.571663 -0.087782 -2.162416
v -0.571663 -0.055616 -2.142283
v -0.491018 -0.055616 -2.142283
v -0.571663 -0.204339 -1.524112
v -0.571663 -0.055615 -1.123220
v -0.571663 -0.055615 -1.219219
v -0.571663 -0.171985 -1.534476
v -0.571663 0.060755 -1.534475
v -0.571663 -0.055615 -1.219219
v -0.571663 0.003856 -1.209592
v -0.571663 0.120414 -1.524111
v -0.571663 -0.055615 -1.219219
v -0.491018 -0.055615 -1.219219
v -0.491018 -0.056843 -0.708286
v -0.571663 -0.056843 -0.708286
v -0.571663 -0.055615 -1.219219
v -0.571663 -0.056843 -0.708286
v -0.571663 0.003856 -0.797190
v -0.571663 0.003856 -1.209592
v -0.571663 -0.056843 -0.708286
v -0.491018 -0.056843 -0.708286
v -0.491018 0.003856 -0.797190
v -0.571663 0.003856 -0.797190
v -0.571663 0.003856 -1.209592
v -0.571663 0.003856 -0.797190
v -0.491018 0.003856 -0.797190
v -0.491018 0.003856 -1.209592
v -0.491018 0.120414 -1.524111
v -0.571663 0.120414 -1.524111
v -0.491018 0.120414 -1.851272
v -0.571663 0.120414 -1.851272
v -0.491018 0.003856 -2.162416
v -0.571663 0.003856 -2.162416
v -0.571663 0.003856 -2.162416
v -0.571663 -0.055616 -2.142283
v -0.571663 0.060718 -1.841011
v -0.571663 0.120414 -1.851272
v -0.571663 0.120414 -1.851272
v -0.571663 0.060718 -1.841011
v -0.571663 0.060755 -1.534475
v -0.571663 0.120414 -1.524111
v -0.556873 0.362603 -2.021247
v -0.527104 0.385466 -1.976313
v -0.517556 0.361496 -1.967750
v -0.552529 0.336817 -2.014959
v -0.236235 0.775751 -0.478492
v -0.552100 0.499264 -0.478492
v -0.552100 0.512057 -0.441882
v -0.236235 0.775751 -0.441882
v -0.492306 0.499264 -0.478492
v -0.552100 0.499264 -0.478492
v -0.236235 0.775751 -0.478492
v -0.222473 0.749977 -0.478492
v -0.236235 0.775751 -0.441882
v -0.552100 0.512057 -0.441882
v -0.491981 0.512057 -0.441882
v -0.222473 0.749977 -0.441882
v -0.523158 0.114591 -0.176808
v -0.587863 0.114591 -0.176808
v -0.552100 0.512057 -0.441882
v -0.491981 0.512057 -0.441882
v -0.552100 0.047661 0.751640
v -0.552100 -0.278639 0.751640
v -0.552100 -0.046440 1.854221
v -0.552100 0.101797 1.854221
v -0.552100 0.101797 0.751640
v -0.552100 -0.278639 0.751640
v -0.552100 0.047661 0.751640
v -0.552100 0.047661 -0.357243
v -0.552100 -0.278639 -0.725449
v -0.492306 0.499264 -1.667373
v -0.492306 -0.160915 -1.667373
v -0.522041 0.279859 -0.625883
v -0.491981 0.512057 -0.441882
v -0.492306 0.499264 -0.478492
v -0.552100 0.101797 1.854221
v -0.552100 -0.046440 1.854221
v 0.552100 -0.046440 1.854221
v 0.552100 0.101797 1.854221
v -0.552100 0.047661 0.751640
v -0.552100 0.086307 0.751640
v -0.552100 0.086307 -0.181830
v -0.552100 0.047661 -0.357243
v -0.522041 0.279859 -0.625883
v -0.552100 0.047661 -0.357243
v -0.552100 0.086307 -0.181830
v -0.527104 0.371607 -1.265114
v -0.516862 0.349546 -1.276962
v -0.516710 0.439634 -1.516676
v -0.527104 0.463999 -1.511298
v -0.516648 0.458414 -1.753317
v -0.517556 0.361496 -1.967750
v -0.527104 0.385466 -1.976313
v -0.527104 0.482477 -1.757482
v -0.527104 0.463999 -1.511298
v -0.516710 0.439634 -1.516676
v -0.516648 0.458414 -1.753317
v -0.527104 0.482477 -1.757482
v -0.523158 0.081575 0.751640
v -0.523158 0.114591 0.751640
v -0.523158 0.114591 -0.176808
v -0.523158 0.081575 -0.183584
v -0.587863 0.081575 0.751640
v -0.523158 0.081575 0.751640
v -0.523158 0.081575 -0.183584
v -0.587863 0.081575 -0.183584
v -0.492306 0.499264 -0.478492
v -0.523158 0.081575 -0.183584
v -0.523158 0.114591 -0.176808
v -0.491981 0.512057 -0.441882
v -0.491981 0.512057 -0.441882
v -0.522041 0.279859 -0.625883
v -0.552100 0.086307 -0.181830
v -0.491018 -0.171985 -1.534476
v -0.491018 -0.204339 -1.524112
v -0.491018 -0.204339 -1.851273
v -0.491018 -0.171948 -1.841013
v -0.571663 -0.171948 -1.841013
v -0.491018 -0.171948 -1.841013
v -0.491018 -0.055616 -2.142283
v -0.571663 -0.055616 -2.142283
v -0.491018 -0.055616 -2.142283
v -0.491018 -0.171948 -1.841013
v -0.491018 -0.204339 -1.851273
v -0.491018 -0.087782 -2.162416
v -0.491018 -0.055616 -2.142283
v -0.571663 -0.055616 -2.142283
v -0.571663 0.003856 -2.162416
v -0.491018 0.003856 -2.162416
v -0.491018 0.060718 -1.841011
v -0.491018 -0.055616 -2.142283
v -0.491018 0.003856 -2.162416
v -0.491018 0.120414 -1.851272
v -0.491018 0.120414 -1.524111
v -0.491018 0.060755 -1.534475
v -0.491018 0.060718 -1.841011
v -0.491018 0.120414 -1.851272
v -0.482780 0.009879 -2.133369
v -0.482780 -0.101607 -2.133369
v -0.482780 -0.101607 -2.196893
v -0.482780 0.009879 -2.196893
v -0.482780 -0.045864 -2.228653
v -0.519871 0.455738 1.078512
v -0.455443 0.181669 1.078512
v -0.455443 0.234011 1.237492
v -0.455443 0.234011 1.237492
v -0.455443 0.371046 1.335748
v -0.455443 0.234011 0.919531
v -0.455443 0.181669 1.078512
v -0.455443 0.371046 0.821276
v -0.455443 0.234011 0.919531
v -0.455443 0.371046 1.335748
v -0.455443 0.540430 1.335748
v -0.455443 0.540430 0.821276
v -0.455443 0.371046 0.821276
v -0.455443 0.540430 1.335748
v -0.455443 0.677465 1.237492
v -0.455443 0.677465 1.237492
v -0.455443 0.729808 1.078512
v -0.455443 0.677465 0.919531
v -0.455443 0.540430 0.821276
v -0.455443 0.729808 1.078512
v -0.455443 0.677465 0.919531
v -0.236235 0.775751 -0.478492
v -0.236235 0.775751 -0.441882
v 0.236235 0.775751 -0.441882
v 0.236235 0.775751 -0.478492
v -0.222473 0.749977 -0.478492
v -0.236235 0.775751 -0.478492
v 0.236235 0.775751 -0.478492
v 0.222473 0.749977 -0.478492
v -0.236235 0.775751 -0.441882
v -0.222473 0.749977 -0.441882
v 0.222473 0.749977 -0.441882
v 0.236235 0.775751 -0.441882
v -0.222473 0.749977 -0.478492
v -0.222398 0.749989 -0.519815
v -0.438400 0.541878 -0.519815
v -0.492306 0.499264 -0.478492
v -0.438400 0.541878 -1.626050
v -0.492306 0.499264 -1.667373
v -0.222473 0.749977 -1.667373
v -0.222398 0.749989 -1.626050
v -0.222398 0.749989 -0.519815
v -0.222473 0.749977 -0.478492
v 0.222473 0.749977 -0.478492
v 0.222398 0.749989 -0.519815
v -0.222473 0.749977 -1.667373
v -0.222398 0.749989 -1.626050
v 0.222398 0.749989 -1.626050
v 0.222473 0.749977 -1.667373
v -0.455443 0.234011 1.237492
v -0.455443 0.181669 1.078512
v 0.000000 0.181669 1.078512
v 0.000000 0.234011 1.237492
v -0.455443 0.234011 1.237492
v 0.000000 0.234011 1.237492
v 0.000000 0.371046 1.335748
v -0.455443 0.371046 1.335748
v 0.000000 0.371046 0.821276
v -0.455443 0.371046 0.821276
v -0.455443 0.540430 0.821276
v 0.000000 0.540430 0.821276
v -0.455443 0.371046 1.335748
v 0.000000 0.371046 1.335748
v 0.000000 0.540430 1.335748
v -0.455443 0.540430 1.335748
v 0.000000 0.540430 0.821276
v -0.455443 0.540430 0.821276
v -0.455443 0.677465 0.919531
v 0.000000 0.677465 0.919531
v -0.455443 0.540430 1.335748
v 0.000000 0.540430 1.335748
v 0.000000 0.677465 1.237492
v -0.455443 0.677465 1.237492
v -0.455443 0.677465 1.237492
v 0.000000 0.677465 1.237492
v 0.000000 0.729808 1.078512
v -0.455443 0.729808 1.078512
v 0.000000 0.677465 0.919531
v -0.455443 0.677465 0.919531
v -0.455443 0.729808 1.078512
v 0.000000 0.729808 1.078512
v 0.236235 0.775751 -0.441882
v 0.222473 0.749977 -0.441882
v 0.492001 0.512057 -0.441882
v 0.552100 0.512057 -0.441882
v 0.438400 0.541878 -0.519815
v 0.222398 0.749989 -0.519815
v 0.222473 0.749977 -0.478492
v 0.492306 0.499264 -0.478492
v 0.438400 0.541878 -1.626050
v 0.492306 0.499264 -1.667373
v 0.222473 0.749977 -1.667373
v 0.222398 0.749989 -1.626050
v 0.000000 0.181669 1.078512
v 0.455443 0.181669 1.078512
v 0.455443 0.234011 1.237492
v 0.000000 0.234011 1.237492
v 0.519871 0.455738 1.078512
v 0.455443 0.181669 1.078512
v 0.455443 0.234011 0.919531
v 0.455443 0.234011 1.237492
v 0.455443 0.181669 1.078512
v 0.455443 0.234011 0.919531
v 0.455443 0.371046 0.821276
v 0.455443 0.371046 0.821276
v 0.455443 0.540430 0.821276
v 0.455443 0.371046 1.335748
v 0.455443 0.234011 1.237492
v 0.455443 0.540430 0.821276
v 0.455443 0.677465 0.919531
v 0.455443 0.540430 1.335748
v 0.455443 0.371046 1.335748
v 0.455443 0.677465 1.237492
v 0.455443 0.540430 1.335748
v 0.455443 0.677465 0.919531
v 0.455443 0.729808 1.078512
v 0.455443 0.729808 1.078512
v 0.455443 0.677465 1.237492
v 0.000000 0.234011 1.237492
v 0.455443 0.234011 1.237492
v 0.455443 0.371046 1.335748
v 0.000000 0.371046 1.335748
v 0.455443 0.540430 0.821276
v 0.455443 0.371046 0.821276
v 0.000000 0.371046 0.821276
v 0.000000 0.540430 0.821276
v 0.000000 0.371046 1.335748
v 0.455443 0.371046 1.335748
v 0.455443 0.540430 1.335748
v 0.000000 0.540430 1.335748
v 0.455443 0.540430 0.821276
v 0.000000 0.540430 0.821276
v 0.000000 0.677465 0.919531
v 0.455443 0.677465 0.919531
v 0.000000 0.540430 1.335748
v 0.455443 0.540430 1.335748
v 0.455443 0.677465 1.237492
v 0.000000 0.677465 1.237492
v 0.000000 0.677465 1.237492
v 0.455443 0.677465 1.237492
v 0.455443 0.729808 1.078512
v 0.000000 0.729808 1.078512
v 0.455443 0.677465 0.919531
v 0.000000 0.677465 0.919531
v 0.000000 0.729808 1.078512
v 0.455443 0.729808 1.078512
v 0.485611 -0.101607 -2.196893
v 0.485611 -0.101607 -2.133369
v 0.485611 0.009879 -2.133369
v 0.485611 0.009879 -2.196893
v 0.485611 -0.045864 -2.228653
v 0.552100 0.512057 -0.441882
v 0.492001 0.512057 -0.441882
v 0.523222 0.114591 -0.176808
v 0.587863 0.114591 -0.176808
v 0.492306 0.499264 -0.478492
v 0.492001 0.512057 -0.441882
v 0.522051 0.279859 -0.625883
v 0.492306 0.499264 -1.667373
v 0.552100 0.047661 -0.357243
v 0.552100 -0.278639 -0.725449
v 0.492306 -0.160915 -1.667373
v 0.552100 0.047661 0.751640
v 0.552100 -0.278639 0.751640
v 0.492306 0.499264 -0.478492
v 0.222473 0.749977 -0.478492
v 0.236235 0.775751 -0.478492
v 0.552100 0.499264 -0.478492
v 0.493849 -0.171948 -1.841013
v 0.493849 -0.204339 -1.851273
v 0.493849 -0.204339 -1.524112
v 0.493849 -0.171985 -1.534476
v 0.493849 -0.171985 -1.534476
v 0.493849 -0.055615 -1.219219
v 0.574494 -0.055615 -1.219219
v 0.574494 -0.171985 -1.534476
v 0.493849 -0.171985 -1.534476
v 0.574494 -0.171985 -1.534476
v 0.574494 -0.171948 -1.841013
v 0.493849 -0.171948 -1.841013
v 0.493849 -0.204339 -1.851273
v 0.493849 -0.171948 -1.841013
v 0.493849 -0.055616 -2.142283
v 0.493849 -0.087782 -2.162416
v 0.493849 -0.055616 -2.142283
v 0.493849 -0.171948 -1.841013
v 0.574494 -0.171948 -1.841013
v 0.574494 -0.055616 -2.142283
v 0.493849 -0.087782 -2.162416
v 0.493849 -0.055616 -2.142283
v 0.574494 -0.055616 -2.142283
v 0.574494 -0.087782 -2.162416
v 0.493849 -0.056843 -0.708286
v 0.493849 -0.055615 -1.219219
v 0.574494 -0.055615 -1.219219
v 0.574494 -0.056843 -0.708286
v 0.493849 0.003856 -0.797190
v 0.493849 -0.056843 -0.708286
v 0.574494 -0.056843 -0.708286
v 0.574494 0.003856 -0.797190
v 0.493849 -0.055616 -2.142283
v 0.493849 0.003856 -2.162416
v 0.574494 0.003856 -2.162416
v 0.574494 -0.055616 -2.142283
v 0.493849 0.003856 -2.162416
v 0.493849 -0.055616 -2.142283
v 0.493849 0.060718 -1.841011
v 0.493849 0.120414 -1.851272
v 0.493849 0.120414 -1.851272
v 0.493849 0.060718 -1.841011
v 0.493849 0.060755 -1.534475
v 0.493849 0.120414 -1.524111
v 0.517417 0.450243 -1.760671
v 0.517369 0.432022 -1.507175
v 0.527104 0.463999 -1.511298
v 0.527104 0.482477 -1.757482
v 0.587863 0.081575 0.751640
v 0.523222 0.081575 0.751640
v 0.523222 0.081575 -0.183584
v 0.587863 0.081575 -0.183584
v 0.523222 0.114591 -0.176808
v 0.523222 0.081575 -0.183584
v 0.523222 0.081575 0.751640
v 0.523222 0.114591 0.751640
v 0.492306 0.499264 -0.478492
v 0.523222 0.081575 -0.183584
v 0.523222 0.114591 -0.176808
v 0.492001 0.512057 -0.441882
v 0.523222 0.081575 -0.183584
v 0.492306 0.499264 -0.478492
v 0.552100 0.499264 -0.478492
v 0.587863 0.081575 -0.183584
v 0.527104 0.385466 -1.976313
v 0.515936 0.354550 -1.980335
v 0.517417 0.450243 -1.760671
v 0.527104 0.482477 -1.757482
v 0.515936 0.354550 -1.980335
v 0.527104 0.385466 -1.976313
v 0.556873 0.362603 -2.021247
v 0.544537 0.321570 -2.015281
v 0.542398 0.034001 1.875188
v 0.527104 0.027174 1.878613
v 0.570449 0.001518 1.892213
v 0.542398 0.034001 1.875188
v 0.527104 0.027174 1.878613
v 0.527104 0.261000 1.767486
v 0.546509 0.272541 1.782166
v 0.546509 0.272541 1.782166
v 0.527104 0.261000 1.767486
v 0.527104 0.422812 1.567242
v 0.546581 0.439527 1.575383
v 0.546626 0.272491 0.853025
v 0.527104 0.261000 0.867598
v 0.527104 0.027175 0.756471
v 0.546661 0.031254 0.738395
v 0.546581 0.439527 1.575383
v 0.527104 0.422812 1.567242
v 0.527104 0.480562 1.317542
v 0.546561 0.499170 1.317542
v 0.546581 0.439527 1.059702
v 0.527104 0.422812 1.067843
v 0.527104 0.261000 0.867598
v 0.546626 0.272491 0.853025
v 0.546561 0.499170 1.317542
v 0.527104 0.480562 1.317542
v 0.527104 0.422812 1.067843
v 0.546581 0.439527 1.059702
v -0.540570 -0.048614 -2.196497
v 0.540570 -0.048614 -2.196497
v 0.540570 -0.048614 -2.154896
v -0.540570 -0.048614 -2.154896
v 0.540570 -0.012586 -2.175696
v -0.540570 -0.012586 -2.175696
v 0.540570 -0.048614 -2.196497
v -0.540570 -0.048614 -2.196497
v 0.929062 0.321570 -2.015281
v 0.544537 0.321570 -2.015281
v 0.556873 0.362603 -2.021247
v 0.929062 0.362620 -2.021247
v 0.552100 0.512057 -0.441882
v 0.552100 0.499264 -0.478492
v 0.236235 0.775751 -0.478492
v 0.236235 0.775751 -0.441882
v 0.552100 0.499264 -0.478492
v 0.552100 0.512057 -0.441882
v 0.587863 0.114591 -0.176808
v 0.587863 0.081575 -0.183584
v 0.552100 -0.046440 1.854221
v 0.552100 -0.278639 0.751640
v 0.552100 0.047661 0.751640
v 0.552100 0.101797 1.854221
v 0.552100 0.101797 0.751640
v 0.552100 0.086307 -0.181830
v 0.552100 0.086307 0.751640
v 0.552100 0.047661 0.751640
v 0.552100 0.047661 -0.357243
v 0.522051 0.279859 -0.625883
v 0.492001 0.512057 -0.441882
v 0.552100 0.086307 -0.181830
v 0.522051 0.279859 -0.625883
v 0.574494 0.003856 -0.797190
v 0.574494 -0.056843 -0.708286
v 0.574494 -0.055615 -1.219219
v 0.574494 0.003856 -1.209592
v 0.493849 0.003856 -0.797190
v 0.574494 0.003856 -0.797190
v 0.574494 0.003856 -1.209592
v 0.493849 0.003856 -1.209592
v 0.493849 0.120414 -1.524111
v 0.574494 0.120414 -1.524111
v 0.493849 0.120414 -1.851272
v 0.574494 0.120414 -1.851272
v 0.493849 0.003856 -2.162416
v 0.574494 0.003856 -2.162416
v 0.574494 0.060718 -1.841011
v 0.574494 -0.055616 -2.142283
v 0.574494 0.003856 -2.162416
v 0.574494 0.120414 -1.851272
v 0.574494 0.120414 -1.524111
v 0.574494 0.060755 -1.534475
v 0.574494 0.060718 -1.841011
v 0.574494 0.120414 -1.851272
v 0.574494 0.060755 -1.534475
v 0.574494 0.120414 -1.524111
v 0.574494 0.003856 -1.209592
v 0.574494 -0.055615 -1.219219
v 0.574494 -0.171985 -1.534476
v 0.574494 -0.204339 -1.524112
v 0.574494 -0.204339 -1.851273
v 0.574494 -0.171948 -1.841013
v 0.574494 -0.055616 -2.142283
v 0.574494 -0.171948 -1.841013
v 0.574494 -0.204339 -1.851273
v 0.574494 -0.087782 -2.162416
v 0.574494 -0.055615 -1.219219
v 0.574494 -0.055615 -1.123220
v 0.574494 -0.204339 -1.524112
v 0.574494 -0.171985 -1.534476
v 0.582732 -0.101607 -2.196893
v 0.485611 -0.101607 -2.196893
v 0.485611 -0.045864 -2.228653
v 0.582732 -0.045864 -2.228653
v 0.485611 0.009879 -2.196893
v 0.582732 0.009879 -2.196893
v 0.485611 0.009879 -2.133369
v 0.582732 0.009879 -2.133369
v 0.582732 -0.101607 -2.133369
v 0.485611 -0.101607 -2.133369
v 0.485611 -0.101607 -2.196893
v 0.582732 -0.101607 -2.196893
v 0.582732 -0.101607 -2.196893
v 0.582732 -0.045864 -2.228653
v 0.582732 0.009879 -2.196893
v 0.582732 0.009879 -2.133369
v 0.582732 -0.101607 -2.133369
v 0.587863 0.081575 0.751640
v 0.587863 0.081575 -0.183584
v 0.587863 0.114591 -0.176808
v 0.587863 0.114591 0.751640
v 0.587863 0.114591 -0.176808
v 0.523222 0.114591 -0.176808
v 0.523222 0.114591 0.751640
v 0.587863 0.114591 0.751640
v 0.963436 0.339846 -1.976755
v 0.929062 0.321570 -2.015281
v 0.929062 0.362620 -2.021247
v 0.952674 0.385466 -1.976313
v 0.963436 0.458878 -1.760664
v 0.963436 0.339846 -1.976755
v 0.952674 0.385466 -1.976313
v 0.952674 0.482477 -1.757482
v 0.963436 0.458878 -1.760664
v 0.952674 0.482477 -1.757482
v 0.952858 0.463999 -1.511298
v 0.963436 0.440656 -1.507167
v 0.963436 -0.323415 -0.366524
v 0.952858 -0.277054 -0.371556
v 0.952858 -0.277054 0.756471
v 0.963622 -0.289585 0.768990
v 0.952858 -0.277054 -0.371556
v 0.963436 -0.323415 -0.366524
v 0.963436 -0.143097 -0.620224
v 0.952858 -0.116797 -0.631417
v 0.952858 -0.116797 -0.631417
v 0.963436 -0.143097 -0.620224
v 0.963436 0.114043 -0.934126
v 0.952858 0.140628 -0.945986
v 0.963436 0.346562 -1.256011
v 0.952858 0.371607 -1.265114
v 0.952858 0.140628 -0.945986
v 0.963436 0.114043 -0.934126
v 0.963436 0.440656 -1.507167
v 0.952858 0.463999 -1.511298
v 0.952858 0.371607 -1.265114
v 0.963436 0.346562 -1.256011
v 0.952858 -0.277054 0.756471
v 0.952858 0.027175 0.756471
v 0.963636 0.021798 0.780302
v 0.963622 -0.289585 0.768990
v 0.963636 0.021798 0.780302
v 0.952858 0.027175 0.756471
v 0.952858 0.261000 0.867598
v 0.963589 0.245871 0.886791
v 0.963436 0.245843 1.748234
v 0.952858 0.261000 1.767486
v 0.956961 0.025372 1.879518
v 0.952858 0.261000 1.767486
v 0.963436 0.245843 1.748234
v 0.963530 0.400832 1.556533
v 0.952858 0.422812 1.567242
v 0.963589 0.245871 0.886791
v 0.952858 0.261000 0.867598
v 0.952858 0.422812 1.067843
v 0.963530 0.400831 1.078552
v 0.952858 0.422812 1.567242
v 0.963530 0.400832 1.556533
v 0.963503 0.456107 1.317542
v 0.952858 0.480562 1.317542
v 0.963530 0.400831 1.078552
v 0.952858 0.422812 1.067843
v 0.952858 0.480562 1.317542
v 0.963503 0.456107 1.317542
v -0.436868 -0.229836 0.940366
v -0.380952 -0.229836 0.940366
v -0.436157 -0.230661 1.962062
v -0.408910 -0.186329 0.940366
v -0.408910 -0.186679 1.957261
v -0.381663 -0.230661 1.962062
v -0.435446 -0.198253 2.040043
v -0.408910 -0.166175 2.008385
v -0.382375 -0.198253 2.040043
v -0.382375 -0.117518 2.073047
v -0.435446 -0.117518 2.073047
v -0.408910 -0.117518 2.028275
v -0.408910 -0.068861 2.008385
v -0.382375 -0.036783 2.040043
v -0.435446 -0.036783 2.040043
v -0.408910 -0.048357 1.957261
v -0.381663 -0.004375 1.962062
v -0.436157 -0.004375 1.962062
v -0.408910 -0.048707 1.842740
v -0.380952 -0.005200 1.842740
v -0.436868 -0.005200 1.842740
v 0.381240 -0.229836 0.940366
v 0.437156 -0.229836 0.940366
v 0.381951 -0.230661 1.962062
v 0.409198 -0.186329 0.940366
v 0.409198 -0.186679 1.957261
v 0.436445 -0.230661 1.962062
v 0.382662 -0.198253 2.040043
v 0.409198 -0.166175 2.008385
v 0.435733 -0.198253 2.040043
v 0.435733 -0.117518 2.073047
v 0.382662 -0.117518 2.073047
v 0.409198 -0.117518 2.028275
v 0.409198 -0.068861 2.008385
v 0.435733 -0.036783 2.040043
v 0.382662 -0.036783 2.040043
v 0.409198 -0.048357 1.957261
v 0.436445 -0.004375 1.962062
v 0.381951 -0.004375 1.962062
v 0.409198 -0.048707 1.842740
v 0.437156 -0.005200 1.842740
v 0.381240 -0.005200 1.842740
v 0.438400 0.541878 -0.519815
v -0.299986 0.337847 -0.620160
v -0.438400 0.541878 -0.519815
v 0.299986 0.337847 -0.620161
v -0.438400 0.541878 -1.626050
v -0.438400 0.541878 -0.519815
v -0.299986 0.337847 -0.620160
v -0.299986 0.337847 -1.626050
v -0.438400 0.541878 -1.626050
v -0.299986 0.337847 -1.626050
v 0.299986 0.337847 -1.626050
v 0.438400 0.541878 -1.626050
v 0.222398 0.749989 -1.626050
v -0.222398 0.749989 -1.626050
v -0.438400 0.541878 -1.626050
v 0.438400 0.541878 -1.626050
v -0.438400 0.541878 -0.519815
v -0.222398 0.749989 -0.519815
v 0.222398 0.749989 -0.519815
v 0.438400 0.541878 -0.519815
v 0.438400 0.541878 -1.626050
v 0.299986 0.337847 -1.626050
v 0.299986 0.337847 -0.620161
v 0.438400 0.541878 -0.519815
v -0.167021 0.621081 -0.704216
v -0.299986 0.337847 -0.620160
v 0.299986 0.337847 -0.620161
v 0.167021 0.621081 -0.704216
v 0.299986 0.337847 -1.626050
v 0.167021 0.621081 -1.541995
v -0.299986 0.337847 -1.626050
v -0.167021 0.621081 -1.541995
v -0.297320 0.047253 1.932598
v -0.480000 0.210479 1.986755
v -0.330000 0.185372 1.894861
v -0.432465 0.009579 2.041645
v -0.480000 0.210479 1.986755
v -0.432465 0.411380 1.931865
v -0.297320 0.323491 1.857124
v -0.432465 0.009579 2.041645
v -0.205752 -0.063510 1.962860
v -0.299275 -0.151531 2.085664
v -0.432465 0.411380 1.931865
v -0.299275 0.572490 1.887847
v -0.205752 0.434254 1.826861
v -0.299275 -0.151531 2.085664
v -0.073432 -0.124979 1.979655
v -0.106810 -0.240940 2.110092
v -0.299275 0.572490 1.887847
v -0.106810 0.661899 1.863419
v -0.073432 0.495723 1.810067
v -0.106810 -0.240940 2.110092
v 0.073432 -0.124979 1.979655
v 0.106810 -0.240940 2.110092
v -0.106810 0.661899 1.863419
v 0.106810 0.661899 1.863419
v 0.073432 0.495723 1.810067
v 0.106810 -0.240940 2.110092
v 0.205752 -0.063510 1.962860
v 0.299275 -0.151531 2.085664
v 0.106810 0.661899 1.863419
v 0.299275 0.572489 1.887847
v 0.205752 0.434254 1.826861
v 0.299275 -0.151531 2.085664
v 0.297320 0.047253 1.932598
v 0.432465 0.009579 2.041646
v 0.299275 0.572489 1.887847
v 0.432465 0.411380 1.931865
v 0.297320 0.323491 1.857124
v 0.432465 0.009579 2.041646
v 0.330000 0.185372 1.894861
v 0.480000 0.210479 1.986755
v 0.432465 0.411380 1.931865
v 0.480000 0.210479 1.986755
v -0.430000 0.235587 2.078650
v -0.480000 0.210479 1.986755
v -0.432465 0.009579 2.041645
v -0.387416 0.055613 2.127822
v -0.387416 0.055613 2.127822
v -0.432465 0.009579 2.041645
v -0.299275 -0.151531 2.085664
v -0.268101 -0.088714 2.167255
v -0.387416 0.415560 2.029478
v -0.432465 0.411380 1.931865
v -0.480000 0.210479 1.986755
v -0.430000 0.235587 2.078650
v -0.432465 0.411380 1.931865
v -0.387416 0.415560 2.029478
v -0.268101 0.559888 1.990044
v -0.299275 0.572490 1.887847
v 0.000000 0.580512 1.885655
v -0.332203 0.395495 1.936205
v -0.332203 0.025463 2.037305
v 0.000000 -0.159553 2.087856
v 0.332203 0.025463 2.037306
v 0.332203 0.395495 1.936205
v -0.330000 0.185372 1.894861
v -0.297320 0.323491 1.857124
v -0.297320 0.373706 2.040913
v -0.330000 0.235587 2.078650
v -0.268101 -0.088714 2.167255
v -0.299275 -0.151531 2.085664
v -0.106810 -0.240940 2.110092
v -0.095684 -0.168810 2.189139
v -0.297320 0.047253 1.932598
v -0.330000 0.185372 1.894861
v -0.330000 0.235587 2.078650
v -0.297320 0.097468 2.116387
v -0.297320 0.323491 1.857124
v -0.205752 0.434254 1.826861
v -0.205752 0.484469 2.010650
v -0.297320 0.373706 2.040913
v -0.299275 0.572490 1.887847
v -0.268101 0.559888 1.990044
v -0.095684 0.639983 1.968161
v -0.106810 0.661899 1.863419
v -0.205752 -0.063510 1.962860
v -0.297320 0.047253 1.932598
v -0.297320 0.097468 2.116387
v -0.205752 -0.013296 2.146649
v -0.205752 0.434254 1.826861
v -0.073432 0.495723 1.810067
v -0.073432 0.545938 1.993856
v -0.205752 0.484469 2.010650
v -0.095684 -0.168810 2.189139
v -0.106810 -0.240940 2.110092
v 0.106810 -0.240940 2.110092
v 0.095684 -0.168810 2.189139
v -0.100000 0.195983 1.933700
v -0.070711 0.264194 1.915063
v 0.000000 0.292448 1.907344
v -0.070711 0.127773 1.952336
v 0.000000 0.099519 1.960056
v 0.070711 0.127773 1.952336
v 0.100000 0.195983 1.933700
v 0.070711 0.264194 1.915063
v -0.106810 0.661899 1.863419
v -0.095684 0.639983 1.968161
v 0.095684 0.639983 1.968161
v 0.106810 0.661899 1.863419
v -0.073432 -0.124979 1.979655
v -0.205752 -0.063510 1.962860
v -0.205752 -0.013296 2.146649
v -0.073432 -0.074764 2.163444
v -0.073432 0.495723 1.810067
v 0.073432 0.495723 1.810067
v 0.073432 0.545938 1.993856
v -0.073432 0.545938 1.993856
v 0.000000 0.321439 2.013455
v -0.070711 0.293185 2.021174
v -0.100000 0.224975 2.039811
v -0.070711 0.156764 2.058447
v 0.000000 0.128511 2.066167
v 0.070711 0.156764 2.058447
v 0.100000 0.224975 2.039811
v 0.070711 0.293185 2.021174
v 0.073432 -0.124979 1.979655
v -0.073432 -0.124979 1.979655
v -0.073432 -0.074764 2.163444
v 0.073432 -0.074764 2.163444
v 0.073432 0.495723 1.810067
v 0.205752 0.434254 1.826861
v 0.205752 0.484469 2.010650
v 0.073432 0.545938 1.993856
v 0.106810 0.661899 1.863419
v 0.095684 0.639983 1.968161
v 0.268101 0.559888 1.990044
v 0.299275 0.572489 1.887847
v 0.095684 -0.168810 2.189139
v 0.106810 -0.240940 2.110092
v 0.299275 -0.151531 2.085664
v 0.268101 -0.088714 2.167255
v 0.205752 -0.063510 1.962860
v 0.073432 -0.124979 1.979655
v 0.073432 -0.074764 2.163444
v 0.205752 -0.013296 2.146649
v 0.205752 0.434254 1.826861
v 0.297320 0.323491 1.857124
v 0.297320 0.373706 2.040913
v 0.205752 0.484469 2.010650
v 0.299275 0.572489 1.887847
v 0.268101 0.559888 1.990044
v 0.387417 0.415560 2.029478
v 0.432465 0.411380 1.931865
v 0.297320 0.047253 1.932598
v 0.205752 -0.063510 1.962860
v 0.205752 -0.013296 2.146649
v 0.297320 0.097467 2.116387
v 0.330000 0.235587 2.078650
v 0.297320 0.373706 2.040913
v 0.297320 0.323491 1.857124
v 0.330000 0.185372 1.894861
v 0.268101 -0.088714 2.167255
v 0.299275 -0.151531 2.085664
v 0.432465 0.009579 2.041646
v 0.387417 0.055613 2.127822
v 0.330000 0.185372 1.894861
v 0.297320 0.047253 1.932598
v 0.297320 0.097467 2.116387
v 0.330000 0.235587 2.078650
v 0.432465 0.411380 1.931865
v 0.387417 0.415560 2.029478
v 0.430000 0.235587 2.078650
v 0.480000 0.210479 1.986755
v 0.480000 0.210479 1.986755
v 0.430000 0.235587 2.078650
v 0.387417 0.055613 2.127822
v 0.432465 0.009579 2.041646
v -0.330000 0.235587 2.078650
v -0.430000 0.235587 2.078650
v -0.387416 0.055613 2.127822
v -0.297320 0.097468 2.116387
v -0.268101 -0.088714 2.167255
v -0.205752 -0.013296 2.146649
v -0.095684 -0.168810 2.189139
v -0.073432 -0.074764 2.163444
v 0.095684 -0.168810 2.189139
v 0.073432 -0.074764 2.163444
v 0.268101 -0.088714 2.167255
v 0.205752 -0.013296 2.146649
v 0.387417 0.055613 2.127822
v 0.297320 0.097467 2.116387
v 0.430000 0.235587 2.078650
v 0.330000 0.235587 2.078650
v 0.387417 0.415560 2.029478
v 0.297320 0.373706 2.040913
v 0.268101 0.559888 1.990044
v 0.205752 0.484469 2.010650
v 0.095684 0.639983 1.968161
v 0.073432 0.545938 1.993856
v -0.095684 0.639983 1.968161
v -0.073432 0.545938 1.993856
v -0.268101 0.559888 1.990044
v -0.205752 0.484469 2.010650
v -0.387416 0.415560 2.029478
v -0.297320 0.373706 2.040913
v -0.100000 0.224975 2.039811
v -0.100000 0.195983 1.933700
v -0.070711 0.127773 1.952336
v -0.070711 0.156764 2.058447
v 0.000000 0.099519 1.960056
v 0.000000 0.128511 2.066167
v 0.070711 0.127773 1.952336
v 0.070711 0.156764 2.058447
v 0.100000 0.195983 1.933700
v 0.100000 0.224975 2.039811
v 0.070711 0.264194 1.915063
v 0.070711 0.293185 2.021174
v 0.000000 0.292448 1.907344
v 0.000000 0.321439 2.013455
v -0.070711 0.264194 1.915063
v -0.070711 0.293185 2.021174
vt 0.966534 0.780120
vt 0.946450 1.006664
vt 0.966534 0.780120
vt 0.985232 1.006664
vt 0.985232 1.006664
vt 0.946450 1.006664
vt 0.966534 0.780120
vt 0.946450 1.006664
vt 0.966534 0.780120
vt 0.985232 1.006664
vt 0.985232 1.006664
vt 0.946450 1.006664
vt 0.966534 0.780120
vt 0.946450 1.006664
vt 0.966534 0.780120
vt 0.985232 1.006664
vt 0.985232 1.006664
vt 0.946450 1.006664
vt 0.966534 0.780120
vt 0.946450 1.006664
vt 0.966534 0.780121
vt 0.985232 1.006664
vt 0.985232 1.006664
vt 0.946450 1.006664
vt 0.966534 0.780121
vt 0.946450 1.006664
vt 0.966534 0.780121
vt 0.985232 1.006664
vt 0.985232 1.006664
vt 0.946450 1.006664
vt 0.966534 0.780121
vt 0.946450 1.006664
vt 0.966534 0.780121
vt 0.985232 1.006664
vt 0.985232 1.006664
vt 0.946450 1.006664
vt 0.966534 0.780121
vt 0.946450 1.006664
vt 0.966534 0.780121
vt 0.985232 1.006664
vt 0.985232 1.006664
vt 0.946450 1.006664
vt 0.985232 0.803327
vt 0.985232 1.006664
vt 0.946450 1.006664
vt 0.946450 0.803327
vt 0.985231 0.803327
vt 0.985232 1.006664
vt 0.946450 1.006664
vt 0.946450 0.803327
vt 0.985232 0.803327
vt 0.985232 1.006664
vt 0.946450 1.006664
vt 0.946450 0.803327
vt 0.946450 1.006664
vt 0.946450 0.803327
vt 0.985232 0.803327
vt 0.985232 1.006664
vt 0.014195 0.929618
vt 0.738456 0.714809
vt 0.738456 0.285191
vt 0.014195 0.070382
vt 0.738456 0.285191
vt 0.738456 0.714809
vt 0.500500 0.499500
vt 0.500500 0.500500
vt 0.499500 0.500500
vt 0.499500 0.499500
vt 0.985232 0.803327
vt 0.985232 1.006664
vt 0.946450 1.006664
vt 0.946450 0.803327
vt 0.500500 0.499500
vt 0.500500 0.500500
vt 0.499500 0.500500
vt 0.499500 0.499500
vt 0.500500 0.499500
vt 0.500500 0.500500
vt 0.499500 0.500500
vt 0.499500 0.499500
vt 0.946450 1.006664
vt 0.946450 0.803327
vt 0.985232 0.803327
vt 0.985232 1.006664
vt 0.500500 0.499500
vt 0.500500 0.500500
vt 0.499500 0.500500
vt 0.499500 0.499500
vt 0.500500 0.499500
vt 0.500500 0.500500
vt 0.499500 0.500500
vt 0.499500 0.499500
vt 0.985232 0.803327
vt 0.985232 1.006664
vt 0.946450 1.006664
vt 0.946450 0.803327
vt 0.595829 0.500000
vt 0.567762 0.569504
vt 0.500000 0.598294
vt 0.567762 0.430496
vt 0.500000 0.401706
vt 0.432239 0.430496
vt 0.404171 0.500000
vt 0.432239 0.569504
vt 0.946450 1.006664
vt 0.946450 0.803327
vt 0.985232 0.803327
vt 0.985232 1.006664
vt 0.500500 0.499500
vt 0.500500 0.500500
vt 0.499500 0.500500
vt 0.499500 0.499500
vt 0.500500 0.499500
vt 0.500500 0.500500
vt 0.499500 0.500500
vt 0.499500 0.499500
vt 0.016932 0.598294
vt 0.135447 0.569504
vt 0.191409 0.500000
vt 0.135447 0.430496
vt 0.016932 0.401706
vt 0.134239 0.430496
vt 0.192352 0.500000
vt 0.134239 0.569504
vt 0.500500 0.499500
vt 0.500500 0.500500
vt 0.499500 0.500500
vt 0.499500 0.499500
vt 0.500500 0.499500
vt 0.500500 0.500500
vt 0.499500 0.500500
vt 0.499500 0.499500
vt 0.946450 1.006664
vt 0.946450 0.803327
vt 0.985232 0.803327
vt 0.985232 1.006664
vt 0.985232 0.803327
vt 0.985232 1.006664
vt 0.946450 1.006664
vt 0.946450 0.803327
vt 0.500500 0.499500
vt 0.500500 0.500500
vt 0.499500 0.500500
vt 0.499500 0.499500
vt 0.500500 0.499500
vt 0.500500 0.500500
vt 0.499500 0.500500
vt 0.499500 0.499500
vt 0.946450 1.006664
vt 0.946450 0.803327
vt 0.985232 0.803327
vt 0.985232 1.006664
vt 0.500500 0.499500
vt 0.500500 0.500500
vt 0.499500 0.500500
vt 0.499500 0.499500
vt 0.499500 0.500500
vt 0.499500 0.499500
vt 0.500500 0.499500
vt 0.500500 0.500500
vt 0.985232 0.803327
vt 0.985232 1.006664
vt 0.946450 1.006664
vt 0.946450 0.803327
vt 0.500500 0.499500
vt 0.500500 0.500500
vt 0.499500 0.500500
vt 0.499500 0.499500
vt 0.946450 1.006664
vt 0.946450 0.803327
vt 0.985232 0.803327
vt 0.985232 1.006664
vt 0.946450 1.006664
vt 0.946450 0.803327
vt 0.985232 0.803327
vt 0.985232 1.006664
vt 0.754134 0.500000
vt 0.982556 0.500000
vt 0.885286 0.280760
vt 0.679486 0.331746
vt 0.612743 0.104942
vt 0.470324 0.196816
vt 0.222115 0.007371
vt 0.173830 0.121936
vt 0.224015 0.007371
vt 0.173874 0.121936
vt 0.612524 0.104942
vt 0.472032 0.196816
vt 0.881382 0.280759
vt 0.678365 0.331746
vt 0.977335 0.500000
vt 0.752004 0.500000
vt 0.881382 0.719240
vt 0.678365 0.668254
vt 0.612525 0.895058
vt 0.472033 0.803184
vt 0.224016 0.992629
vt 0.173875 0.878064
vt 0.222114 0.992629
vt 0.173829 0.878064
vt 0.612743 0.895058
vt 0.470324 0.803184
vt 0.885286 0.719241
vt 0.679486 0.668254
vt 0.377058 0.491881
vt 0.377058 0.491881
vt 0.377058 0.491881
vt 0.377058 0.491881
vt 0.377058 0.491881
vt 0.377058 0.491881
vt 0.377058 0.491881
vt 0.377058 0.491881
vt 0.377058 0.491881
vt 0.377058 0.491881
vt 0.377058 0.491881
vt 0.377058 0.491881
vt 0.377058 0.491881
vt 0.377058 0.491881
vt 0.377058 0.491881
vt 0.377058 0.491881
vt 0.071429 0.477465
vt 0.142857 0.477465
vt 0.071429 0.477465
vt 0.142857 0.477465
vt 0.637008 0.010980
vt 0.783447 0.010980
vt 0.912847 0.079804
vt 0.662469 0.079804
vt 0.458182 0.010980
vt 0.472312 0.079803
vt 0.295785 0.010980
vt 0.295785 0.079803
vt 0.142135 0.079804
vt 0.156264 0.010980
vt 0.001696 0.079804
vt 0.027157 0.010980
vt 0.961767 0.077023
vt 0.961766 0.297282
vt 0.912846 0.307047
vt 0.662467 0.307047
vt 0.472312 0.307047
vt 0.295786 0.307047
vt 0.142135 0.307047
vt 0.001696 0.307047
vt 0.795353 0.311021
vt 0.783445 0.335419
vt 0.637006 0.335419
vt 0.458182 0.335419
vt 0.295786 0.335419
vt 0.156264 0.335419
vt 0.027157 0.335419
vt 0.171311 0.414925
vt 0.644345 0.414926
vt 0.644345 0.635265
vt 0.171311 0.635265
vt 0.667186 0.669076
vt 0.165715 0.669076
vt -0.007640 0.669076
vt 0.005098 0.635265
vt 0.005098 0.414925
vt 0.961767 0.056431
vt 0.912847 0.059379
vt 0.795354 0.041863
vt 0.000000 0.366638
vt 1.000000 0.350000
vt 1.000000 0.650000
vt 0.000000 0.633362
vt 0.977989 0.964551
vt 0.816664 0.964551
vt 0.812486 0.999222
vt 0.967745 0.999222
vt 0.792327 0.414925
vt 0.992541 0.414925
vt 0.992541 0.635265
vt 0.793649 0.635265
vt 0.992360 0.669076
vt 0.795349 0.669076
vt 0.667186 0.669076
vt 0.644345 0.635265
vt 0.644345 0.414926
vt 0.000000 0.964551
vt 0.013547 0.999222
vt 0.236733 0.999222
vt 0.221709 0.964551
vt 0.463152 0.999222
vt 0.451287 0.964551
vt 0.637819 0.999222
vt 0.632437 0.964551
vt 0.812486 0.999222
vt 0.816664 0.964551
vt 0.632437 0.730430
vt 0.816664 0.730430
vt 0.977989 0.964551
vt 0.977989 0.730430
vt 0.637819 0.682457
vt 0.463152 0.682457
vt 0.451287 0.730430
vt 0.221709 0.730430
vt 0.000000 0.730430
vt 0.013547 0.682457
vt 0.236733 0.682457
vt 1.000000 0.719717
vt 1.000000 0.961963
vt 0.967745 0.999222
vt 0.999625 0.977074
vt 0.999625 0.704605
vt 0.967745 0.682457
vt 0.812486 0.682457
vt -0.880035 0.845772
vt -0.896084 0.995825
vt -0.896084 0.845772
vt -0.880035 0.995825
vt -0.784006 0.845772
vt -0.784006 0.995825
vt -0.996753 0.995825
vt -0.996753 0.845772
vt -0.914177 0.927166
vt -0.914177 0.855514
vt -0.873076 0.855514
vt -0.873077 0.927166
vt -0.880035 0.845772
vt -0.896084 0.845772
vt -0.896084 0.995825
vt -0.880035 0.995825
vt 0.063256 0.483750
vt 0.004874 0.483750
vt 0.004874 0.312248
vt 0.063256 0.312248
vt 0.038045 0.310408
vt 0.011512 0.496176
vt 0.060265 0.496177
vt 0.060265 0.310408
vt 0.063256 0.483750
vt 0.004874 0.483750
vt 0.004874 0.312248
vt 0.063256 0.312248
vt 0.063256 0.483750
vt 0.004874 0.483750
vt 0.004874 0.312248
vt 0.063256 0.312248
vt 0.063256 0.312248
vt 0.063256 0.483750
vt 0.004874 0.483750
vt 0.004874 0.312248
vt 0.058374 0.392960
vt 0.010258 0.392960
vt 0.011313 0.353446
vt 0.057320 0.353446
vt 0.010258 0.492463
vt 0.010258 0.392960
vt 0.058374 0.392960
vt 0.058374 0.492463
vt 0.011512 0.496176
vt 0.038045 0.310408
vt 0.011512 0.310408
vt 0.038319 0.311129
vt 0.038319 0.500000
vt 0.038319 0.500000
vt 0.038319 0.311129
vt 0.038319 0.500000
vt 0.038319 0.311129
vt 0.038319 0.500000
vt 0.038319 0.311129
vt 0.038319 0.500000
vt 0.038319 0.311129
vt 0.038319 0.500000
vt 0.038319 0.500000
vt 0.038319 0.311129
vt 0.038319 0.500000
vt 0.038319 0.311129
vt 0.038319 0.500000
vt 0.038319 0.311129
vt 0.038319 0.500000
vt 0.038319 0.311129
vt 0.038319 0.500000
vt 0.038319 0.311129
vt 0.038319 0.500000
vt 0.057320 0.353446
vt 0.011313 0.353446
vt 0.014197 0.324519
vt 0.054441 0.324519
vt 0.063256 0.312248
vt 0.063256 0.483750
vt 0.004874 0.483750
vt 0.004874 0.312248
vt 0.054441 0.324519
vt 0.014197 0.324519
vt 0.018137 0.313931
vt 0.050507 0.313931
vt 0.000000 0.030536
vt 0.000000 0.030536
vt 1.000000 0.030536
vt 1.000000 0.030536
vt 0.027223 0.032033
vt 0.000000 0.032033
vt 1.000000 0.032033
vt 0.972786 0.032033
vt 0.000000 0.030536
vt 0.000000 0.030536
vt 1.000000 0.030536
vt 1.000000 0.030536
vt 0.191784 0.286590
vt 0.168033 0.107122
vt 0.992996 0.107122
vt 0.969253 0.286590
vt 0.404729 0.470480
vt 0.191784 0.286590
vt 0.969253 0.286590
vt 0.756292 0.470480
vt 0.142315 0.827006
vt 0.136043 0.827006
vt 0.154860 0.793404
vt 0.148587 0.827006
vt 0.154860 0.827006
vt 0.161132 0.827006
vt 0.167404 0.827006
vt 0.173676 0.827006
vt 0.063256 0.312248
vt 0.063256 0.483750
vt 0.004874 0.483750
vt 0.004874 0.312248
vt 0.000000 0.000000
vt -0.500000 0.000000
vt -0.500000 0.000000
vt 0.000000 0.000000
vt 0.350063 0.815261
vt 0.323696 0.815261
vt 0.323696 0.504104
vt 0.350063 0.504104
vt 0.969239 0.504104
vt 0.969239 0.815261
vt 0.995606 0.504104
vt 0.995606 0.815261
vt 0.996843 0.508044
vt 0.996843 0.816791
vt 0.854475 0.816791
vt 0.854475 0.508044
vt 0.464061 0.508044
vt 0.464061 0.816791
vt 0.324830 0.816791
vt 0.324830 0.508044
vt -1.000000 0.000000
vt -1.000000 1.000000
vt -1.000000 1.000000
vt -1.000000 0.000000
vt -0.500000 0.000000
vt -0.500000 0.000000
vt -1.000000 0.000000
vt -1.000000 0.000000
vt 0.000000 4.000000
vt 0.000000 3.500000
vt 1.000000 3.500000
vt 1.000000 4.000000
vt 0.556148 0.826239
vt 0.556148 0.502922
vt 0.679820 0.503466
vt 0.679821 0.826239
vt 0.000000 3.500000
vt 0.000000 3.000000
vt 1.000000 3.000000
vt 1.000000 3.500000
vt 0.556148 0.502922
vt 0.556148 0.826239
vt 0.679821 0.826239
vt 0.679820 0.503466
vt 0.679821 0.503194
vt 0.617984 0.826239
vt 0.556148 0.503194
vt 0.679820 0.826239
vt 0.679820 0.503466
vt 0.556148 0.502922
vt 0.556148 0.826239
vt 0.556148 0.502922
vt 0.556148 0.826239
vt 0.679821 0.826239
vt 0.679820 0.503466
vt 0.679821 0.826239
vt 0.679820 0.503466
vt 0.556148 0.502922
vt 0.556148 0.826239
vt 0.679821 0.826239
vt 0.679820 0.503466
vt 0.803492 0.502922
vt 0.803492 0.826239
vt 0.679821 0.826239
vt 0.679820 0.503466
vt 0.556148 0.502922
vt 0.556148 0.826239
vt 0.679821 0.826239
vt 0.679821 0.502922
vt 0.556148 0.502922
vt 0.556148 0.825696
vt 0.556148 0.503194
vt 0.679821 0.503194
vt 0.617984 0.826239
vt 0.155649 0.558379
vt 0.151993 0.558379
vt 0.150487 0.558379
vt 0.154430 0.558379
vt 0.158374 0.558379
vt 0.155649 0.558379
vt 0.151993 0.558379
vt 0.150487 0.558379
vt 0.154430 0.558379
vt 0.158374 0.558379
vt 0.142315 0.827006
vt 0.136043 0.827006
vt 0.154860 0.793404
vt 0.148587 0.827006
vt 0.154860 0.827006
vt 0.161132 0.827006
vt 0.167404 0.827006
vt 0.173676 0.827006
vt 2.000000 0.000000
vt 1.500000 0.000000
vt 1.500000 0.000000
vt 2.000000 0.000000
vt 1.500000 0.000000
vt 1.500000 0.000000
vt 1.000000 0.000000
vt 1.000000 0.000000
vt 1.000000 3.000000
vt 0.000000 3.000000
vt 0.000000 2.000000
vt 1.000000 2.000000
vt 0.556148 0.502922
vt 0.556148 0.826239
vt 0.679821 0.826239
vt 0.679820 0.503466
vt 0.679820 0.503466
vt 0.679821 0.826239
vt 0.803492 0.826239
vt 0.803492 0.502922
vt 0.679820 0.503466
vt 0.556148 0.502922
vt 0.556148 0.826239
vt 0.679820 0.826239
vt 0.679820 0.503466
vt 0.556148 0.502922
vt 0.556148 0.826239
vt 0.679820 0.826239
vt 0.556148 0.503194
vt 0.617984 0.826239
vt 0.679820 0.503194
vt 0.617984 0.826239
vt 0.679821 0.503194
vt 0.556148 0.503194
vt 0.852562 0.816791
vt 0.996843 0.816791
vt 0.996843 0.508044
vt 0.852562 0.508044
vt 0.324830 0.816791
vt 0.465018 0.816791
vt 0.465018 0.508044
vt 0.324830 0.508044
vt 2.000000 1.000000
vt 1.905037 1.000000
vt 2.000000 0.000000
vt 2.000000 0.000000
vt 0.004874 0.312248
vt 0.063256 0.312248
vt 0.063256 0.483750
vt 0.004874 0.483750
vt -0.880035 0.995825
vt -0.896084 0.995825
vt -0.896084 0.845772
vt -0.880035 0.845772
vt -0.914177 0.927166
vt -0.914177 0.855514
vt -0.873076 0.855514
vt -0.873077 0.927166
vt -0.896084 0.845772
vt -0.896084 0.995825
vt -0.880035 0.995825
vt -0.880035 0.845772
vt 0.063256 0.312248
vt 0.063256 0.483750
vt 0.004874 0.483750
vt 0.004874 0.312248
vt 0.011860 0.309643
vt 0.060868 0.309643
vt 0.060868 0.497074
vt 0.011860 0.497074
vt 0.038045 0.310408
vt 0.060265 0.310408
vt 0.060265 0.496176
vt 0.011512 0.496177
vt 0.011512 0.310408
vt 0.038045 0.310408
vt 0.011512 0.496177
vt 0.004874 0.483750
vt 0.004874 0.312248
vt 0.063256 0.312248
vt 0.063256 0.483750
vt 0.004874 0.483750
vt 0.004874 0.312248
vt 0.063256 0.312248
vt 0.063256 0.483750
vt 0.004874 0.483750
vt 0.004874 0.312248
vt 0.063256 0.312248
vt 0.063256 0.483750
vt -0.996753 0.995825
vt -0.996753 0.845772
vt -0.784006 0.845772
vt -0.784006 0.995825
vt 0.265261 0.675125
vt 0.265261 0.682925
vt 0.291596 0.675125
vt 0.291596 0.669320
vt 0.265261 0.667326
vt 0.291596 0.666916
vt 0.265261 0.664095
vt 0.265261 0.667326
vt 0.291596 0.669320
vt 0.265261 0.675125
vt 0.291596 0.675125
vt 0.265261 0.682925
vt 0.291596 0.680930
vt 0.265261 0.686156
vt 0.291596 0.683335
vt 0.291596 0.680930
vt 0.308066 0.675125
vt 0.148208 0.391818
vt 0.077905 0.391818
vt 0.098496 0.312972
vt 0.148208 0.280313
vt 0.197920 0.312972
vt 0.218511 0.391818
vt 0.197920 0.470665
vt 0.148208 0.503324
vt 0.098496 0.470665
vt 0.260698 0.680161
vt 0.260698 0.670926
vt 0.289657 0.680161
vt 0.260698 0.689396
vt 0.289657 0.686066
vt 0.289657 0.686066
vt 0.260698 0.689396
vt 0.289657 0.680161
vt 0.260698 0.680161
vt 0.260698 0.670926
vt 0.289657 0.674256
vt 0.289657 0.674256
vt 0.308091 0.680161
vt 0.152898 0.678950
vt 0.000538 0.678950
vt 0.076718 0.813944
vt 0.229078 0.813944
vt 0.305257 0.678950
vt 0.229078 0.543956
vt 0.076718 0.543956
vt 0.152898 0.678950
vt 0.000538 0.678950
vt 0.076718 0.813944
vt 0.229078 0.813944
vt 0.305257 0.678950
vt 0.229078 0.543956
vt 0.076718 0.543956
vt 0.115472 0.802364
vt 0.115472 0.802364
vt 0.115472 0.802364
vt 0.115472 0.802364
vt 0.115472 0.802364
vt 0.115472 0.802364
vt 0.115472 0.802364
vt 0.115472 0.802364
vt 0.115472 0.802364
vt 0.115472 0.802364
vt 0.115472 0.802364
vt 0.115472 0.802364
vt 0.115472 0.802364
vt 0.115472 0.802364
vt 0.115472 0.802364
vt 0.115472 0.802364
vt 0.115471 0.802364
vt 0.115472 0.802364
vt 0.115471 0.802364
vt 0.115472 0.802364
vt 0.115472 0.802364
vt 0.115472 0.802364
vt 0.115472 0.802364
vt 0.115472 0.802364
vt 0.115472 0.802364
vt 0.115472 0.802364
vt 0.115472 0.802364
vt 0.115472 0.802364
vt 0.115472 0.802364
vt 0.115472 0.802364
vt 0.155649 0.558379
vt 0.156868 0.521425
vt 0.151993 0.521425
vt 0.151993 0.558379
vt 0.150487 0.521425
vt 0.150487 0.558379
vt 0.154430 0.521425
vt 0.154430 0.558379
vt 0.158374 0.521425
vt 0.158374 0.558379
vt 0.487742 0.514794
vt 0.487685 0.514885
vt 0.487685 0.514703
vt 0.487685 0.514430
vt 0.487742 0.514521
vt 0.487799 0.514794
vt 0.487799 0.514521
vt 0.487856 0.514521
vt 0.487856 0.514339
vt 0.487914 0.514430
vt 0.487856 0.514157
vt 0.487914 0.514157
vt 0.487771 0.514112
vt 0.487799 0.514339
vt 0.487799 0.514157
vt 0.487742 0.514157
vt 0.487742 0.514339
vt 0.487685 0.514157
vt 0.487628 0.514157
vt 0.487628 0.514430
vt 0.487914 0.515066
vt 0.487856 0.514885
vt 0.487914 0.514885
vt 0.487914 0.514703
vt 0.487856 0.514703
vt 0.487628 0.514703
vt 0.487628 0.514885
vt 0.487628 0.515066
vt 0.487685 0.515066
vt 0.487742 0.515066
vt 0.487799 0.515066
vt 0.487856 0.515066
vt 0.152898 0.678950
vt 0.000538 0.678950
vt 0.076718 0.813944
vt 0.229078 0.813944
vt 0.305257 0.678950
vt 0.229078 0.543956
vt 0.076718 0.543956
vt 0.155649 0.558379
vt 0.156868 0.521425
vt 0.151993 0.521425
vt 0.151993 0.558379
vt 0.150487 0.521425
vt 0.150487 0.558379
vt 0.154430 0.521425
vt 0.154430 0.558379
vt 0.158374 0.521425
vt 0.158374 0.558379
vt 0.260699 0.680161
vt 0.260699 0.670926
vt 0.289657 0.680161
vt 0.260699 0.689396
vt 0.289657 0.686066
vt 0.289657 0.686066
vt 0.260698 0.689396
vt 0.289657 0.680161
vt 0.260698 0.680161
vt 0.260698 0.670926
vt 0.289657 0.674256
vt 0.289657 0.674256
vt 0.308091 0.680161
vt 0.152898 0.678950
vt 0.000538 0.678950
vt 0.076718 0.813944
vt 0.229078 0.813944
vt 0.305257 0.678950
vt 0.229078 0.543956
vt 0.076718 0.543956
vt 0.265261 0.675125
vt 0.265261 0.682925
vt 0.291596 0.675125
vt 0.291596 0.669320
vt 0.265261 0.667326
vt 0.291596 0.666916
vt 0.265261 0.664095
vt 0.265261 0.667326
vt 0.291596 0.669320
vt 0.265261 0.675125
vt 0.291596 0.675125
vt 0.265261 0.682925
vt 0.291596 0.680930
vt 0.265261 0.686156
vt 0.291596 0.683335
vt 0.291596 0.680930
vt 0.308066 0.675125
vt 0.148208 0.391818
vt 0.077905 0.391818
vt 0.098496 0.312972
vt 0.148208 0.280313
vt 0.197920 0.312972
vt 0.218511 0.391818
vt 0.197920 0.470665
vt 0.148208 0.503324
vt 0.098496 0.470665
vt 0.354557 0.534487
vt 0.355556 0.534487
vt 0.355556 0.535104
vt 0.354557 0.535104
vt 0.355556 0.535486
vt 0.354557 0.535486
vt 0.355556 0.535104
vt 0.354557 0.535104
vt 0.355556 0.534486
vt 0.354557 0.534486
vt 0.354557 0.535104
vt 0.355556 0.535104
vt 0.355556 0.535486
vt 0.354557 0.535486
vt 0.355556 0.535104
vt 0.354557 0.535104
vt 0.355556 0.534486
vt 0.354557 0.534486
vt 0.355556 0.534486
vt 0.354557 0.534486
vt 0.115472 0.802364
vt 0.115472 0.802364
vt 0.115472 0.802364
vt 0.115472 0.802364
vt 0.115472 0.802364
vt 0.115472 0.802364
vt 0.115472 0.802364
vt 0.115472 0.802364
vt 0.115472 0.802364
vt 0.115472 0.802364
vt 0.115472 0.802364
vt 0.115472 0.802364
vt 0.115472 0.802364
vt 0.115472 0.802364
vt 0.115472 0.802364
vt 0.115472 0.802364
vt 0.115472 0.802364
vt 0.115472 0.802364
vt 0.115472 0.802364
vt 0.115472 0.802364
vt 0.115472 0.802364
vt 0.115472 0.802364
vt 0.115472 0.802364
vt 0.115472 0.802364
vt 0.115472 0.802364
vt 0.115472 0.802364
vt 0.115472 0.802364
vt 0.115472 0.802364
vt 0.115472 0.802364
vt 0.115472 0.802364
vt 0.115472 0.802364
vt 0.115472 0.802364
vt 0.115472 0.802364
vt 0.115472 0.802364
vt 0.115472 0.802364
vt 0.115472 0.802364
vt 0.115472 0.802364
vt 0.115472 0.802364
vt 0.115472 0.802364
vt 0.115472 0.802364
vt 0.027495 0.897014
vt 0.890021 0.955321
vt 0.027495 0.955321
vt 0.890021 0.897014
vt 0.890021 0.955321
vt 0.027495 0.926168
vt 0.890021 0.897014
vt 0.890021 0.897014
vt 0.890021 0.955321
vt 0.027495 0.955321
vt 0.027495 0.897014
vt 0.027495 0.955321
vt 0.027495 0.897014
vt 0.890021 0.926168
vt 0.890021 0.897014
vt 0.890021 0.955321
vt 0.027495 0.955321
vt 0.027495 0.897014
vt 0.890021 0.955321
vt 0.027495 0.955321
vt 0.027495 0.897014
vt 0.890021 0.897014
vt 0.890021 0.897014
vt 0.890021 0.955321
vt 0.027495 0.955321
vt 0.027495 0.897014
vt 0.027495 0.955321
vt 0.027495 0.897014
vt 0.890021 0.897014
vt 0.890021 0.955321
vt 0.890021 0.897014
vt 0.890021 0.955321
vt 0.027495 0.955321
vt 0.027495 0.897014
vt 0.890021 0.955321
vt 0.027495 0.955321
vt 0.027495 0.897014
vt 0.890021 0.897014
vt 0.890021 0.955321
vt 0.027495 0.955321
vt 0.027495 0.897014
vt 0.890021 0.897014
vt 0.890021 0.955321
vt 0.027495 0.955321
vt 0.027495 0.897014
vt 0.890021 0.897014
vt 0.027495 0.955321
vt 0.027495 0.897014
vt 0.890021 0.926168
vt 0.505627 0.939160
vt 0.027495 0.955321
vt 0.027495 0.897014
vt 0.890021 0.926168
vt 0.505627 0.939160
vt 0.890021 0.955321
vt 0.027495 0.926168
vt 0.890021 0.897014
vt 0.890021 0.955321
vt 0.379185 0.938055
vt 0.027495 0.926168
vt 0.890021 0.897014
vt 0.976155 0.338153
vt 0.976155 0.416043
vt 0.976155 1.419453
vt 0.976155 1.419453
vt 0.976155 0.338154
vt 0.976155 1.419453
vt 0.976155 0.284791
vt 0.976155 1.419454
vt 0.976155 -0.304260
vt 0.976155 1.419454
vt 0.976155 -0.365396
vt 0.976155 -0.365396
vt 0.976155 1.419454
vt 0.976155 -0.304260
vt 0.976155 1.419454
vt 0.976155 0.284791
vt 0.976155 1.419453
vt 0.976155 0.338154
vt 0.976155 1.419453
vt 0.976155 0.338153
vt 0.976155 1.419453
vt 0.976155 0.416043
vt 0.051110 0.960784
vt 0.897780 0.960784
vt 0.897780 0.887672
vt 0.051110 0.887672
vt 0.897780 0.887672
vt 0.897780 0.960784
vt 0.051110 0.960784
vt 0.051110 0.887672
vt 1.000000 0.960784
vt 0.000000 0.960784
vt 0.000000 0.741135
vt 1.000000 0.741135
vt 0.897780 0.960784
vt 0.897780 0.887672
vt 0.051110 0.887672
vt 0.051110 0.960784
vt 0.407395 0.010759
vt 0.407395 0.010759
vt 0.407395 0.010759
vt 0.407395 0.010759
vt 0.407395 0.010759
vt 0.407395 0.010759
vt 0.407395 0.010759
vt 0.407395 0.010759
vt 0.407395 0.010759
vt 0.407395 0.010759
vt 0.407395 0.010759
vt 0.407395 0.010759
vt 0.407395 0.010759
vt 0.407395 0.010759
vt 0.407395 0.010759
vt 0.407395 0.010759
vt 0.407395 0.010759
vt 0.407395 0.010754
vt 0.407395 0.010754
vt 0.407395 0.010754
vt 0.407395 0.010754
vt 0.407395 0.010754
vt 0.407395 0.010754
vt 0.407395 0.010759
vt 0.407395 0.010759
vt 0.407395 0.010754
vt 0.407395 0.010754
vt 0.407395 0.010754
vt 0.407395 0.010754
vt 0.407395 0.010754
vt 0.407395 0.010754
vt 0.407395 0.010759
vt 0.407395 0.010759
vt 0.407395 0.010759
vt 0.407395 0.010754
vt 0.407395 0.010754
vt 0.407395 0.010759
vt 0.407395 0.010754
vt 0.407395 0.010754
vt 0.407395 0.010754
vt 0.407395 0.010754
vt 0.407395 0.010759
vt 0.407395 0.010759
vt 0.407395 0.010759
vt 0.407395 0.010759
vt 0.407395 0.010759
vt 0.407395 0.010754
vt 0.407395 0.010754
vt 0.407395 0.010759
vt 0.407395 0.010759
vt 0.407395 0.010759
vt 0.407395 0.010759
vt 0.407395 0.010759
vt 0.407395 0.010759
vt 0.407395 0.010754
vt 0.407395 0.010754
vt 0.407395 0.010759
vt 0.407395 0.010759
vt 0.407395 0.010759
vt 0.407395 0.010754
vt 0.407395 0.010754
vt 0.407395 0.010754
vt 0.407395 0.010759
vt 0.407395 0.010754
vt 0.407395 0.010759
vt 0.407395 0.010754
vt 0.407395 0.010759
vt 0.407395 0.010759
vt 0.407395 0.010759
vt 0.407395 0.010759
vt 0.407395 0.010759
vt 0.407395 0.010759
vt 0.407395 0.010759
vt 0.407395 0.010759
vt 0.407395 0.010759
vt 0.027495 0.897014
vt 0.890021 0.897014
vt 0.890021 0.955321
vt 0.027495 0.955321
vt 0.897780 0.887672
vt 0.051110 0.887672
vt 0.051110 0.960784
vt 0.897780 0.960784
vt 1.000000 0.741135
vt 1.000000 0.960784
vt 0.000000 0.960784
vt 0.000000 0.741135
vt 0.897780 0.960784
vt 0.051110 0.960784
vt 0.051110 0.887672
vt 0.897780 0.887672
vt 0.897780 0.887672
vt 0.897780 0.960784
vt 0.051110 0.960784
vt 0.051110 0.887672
vt 0.504823 0.361140
vt 0.504823 0.020051
vt 0.504823 0.262774
vt 0.504823 0.417731
vt 0.504823 0.417731
vt 0.975042 1.204388
vt 0.975042 0.547576
vt 0.975042 0.547576
vt 0.975042 1.085904
vt 0.975042 -0.305403
vt 0.975042 0.967420
vt 0.975042 0.080182
vt 0.975042 -0.331154
vt 0.975042 -0.305403
vt 0.403713 1.000000
vt 0.403713 0.000000
vt 0.559249 0.000000
vt 0.559249 1.000000
vt 0.975042 0.475471
vt 0.975042 0.448231
vt 0.975042 0.448231
vt 0.975042 0.475471
vt 0.975042 0.080182
vt 0.975042 0.547576
vt 0.975042 0.469783
vt 0.890021 0.897014
vt 0.890021 0.955321
vt 0.027495 0.955321
vt 0.027495 0.897014
vt 0.890021 0.955321
vt 0.027495 0.955321
vt 0.027495 0.897014
vt 0.890021 0.897014
vt 0.890021 0.897014
vt 0.890021 0.955321
vt 0.027495 0.955321
vt 0.027495 0.897014
vt 0.000000 0.960784
vt 0.000000 0.741135
vt 1.000000 0.741135
vt 1.000000 0.960784
vt 0.000000 0.960784
vt 0.000000 0.741135
vt 1.000000 0.741135
vt 1.000000 0.960784
vt 1.000000 0.960784
vt 0.000000 0.960784
vt 0.000000 0.741135
vt 1.000000 0.741135
vt 0.975042 -0.331154
vt 0.975042 0.080182
vt 0.975042 0.469783
vt 0.407395 0.010759
vt 0.407395 0.010759
vt 0.407395 0.010759
vt 0.407395 0.010759
vt 0.407395 0.010754
vt 0.407395 0.010759
vt 0.407395 0.010759
vt 0.407395 0.010754
vt 0.407395 0.010759
vt 0.407395 0.010759
vt 0.407395 0.010759
vt 0.407395 0.010759
vt 0.407395 0.010754
vt 0.407395 0.010759
vt 0.407395 0.010759
vt 0.407395 0.010754
vt 0.407395 0.010754
vt 0.407395 0.010754
vt 0.407395 0.010754
vt 0.407395 0.010754
vt 0.407395 0.010754
vt 0.407395 0.010754
vt 0.407395 0.010754
vt 0.407395 0.010754
vt 0.407395 0.010759
vt 0.407395 0.010759
vt 0.407395 0.010759
vt 0.407395 0.010759
vt 0.407395 0.010759
vt 0.585407 0.837903
vt 0.330428 0.028055
vt 0.585407 0.028055
vt 0.330428 0.028055
vt 0.585407 0.028055
vt 0.330428 0.028055
vt 0.585407 0.028055
vt 0.330428 0.028055
vt 0.585407 0.028055
vt 0.330428 0.028055
vt 0.585407 0.028055
vt 0.330428 0.028055
vt 0.585407 0.028055
vt 0.330428 0.028055
vt 0.585407 0.028055
vt 0.330428 0.028055
vt 0.585407 0.028055
vt 0.330428 0.028055
vt 0.585407 0.028055
vt 0.330428 0.028055
vt 0.585407 0.028055
vt 0.897780 0.887672
vt 0.897780 0.960784
vt 0.051110 0.960784
vt 0.051110 0.887672
vt 1.000000 0.741135
vt 1.000000 0.960784
vt 0.000000 0.960784
vt 0.000000 0.741135
vt 0.051110 0.960784
vt 0.051110 0.887672
vt 0.897780 0.887672
vt 0.897780 0.960784
vt 0.017004 1.851854
vt 0.026961 1.851908
vt 0.026961 1.052486
vt 0.017004 0.851909
vt 0.222612 1.052486
vt 0.232568 0.851909
vt 0.232568 1.851855
vt 0.222612 1.851909
vt 0.158245 0.661821
vt 0.158245 0.661821
vt 0.159246 0.661821
vt 0.159246 0.661821
vt 0.158245 0.662321
vt 0.158245 0.662321
vt 0.159246 0.662321
vt 0.159246 0.662321
vt 0.227447 1.000000
vt 0.084666 1.000000
vt 0.084666 0.039219
vt 0.227447 0.039219
vt 0.084666 1.000000
vt 0.084666 0.039219
vt 0.227447 0.039219
vt 0.227447 1.000000
vt 0.227447 0.039219
vt 0.227447 1.000000
vt 0.084666 1.000000
vt 0.084666 0.039219
vt 0.084666 1.000000
vt 0.084666 0.039219
vt 0.227447 0.039219
vt 0.227447 1.000000
vt 0.227447 0.039219
vt 0.227447 1.000000
vt 0.084666 1.000000
vt 0.084666 0.039219
vt 0.084666 1.000000
vt 0.084666 0.039219
vt 0.227447 0.039219
vt 0.227447 1.000000
vt 0.084666 1.000000
vt 0.084666 0.039219
vt 0.227447 0.039219
vt 0.227447 1.000000
vt 0.227447 0.039219
vt 0.227447 1.000000
vt 0.084666 1.000000
vt 0.084666 0.039219
vt 0.051110 0.960784
vt 0.051110 0.887672
vt 0.897780 0.887672
vt 0.897780 0.960784
vt 0.026961 1.052485
vt 0.026961 1.851908
vt 0.017004 1.851854
vt 0.017004 0.851909
vt 0.222612 1.052485
vt 0.232568 0.851909
vt 0.232568 1.851855
vt 0.222612 1.851909
vt 0.084666 0.039219
vt 0.084666 1.000000
vt 0.227447 1.000000
vt 0.227447 0.039219
vt 0.585407 0.837903
vt 0.330428 0.028055
vt 0.585407 0.028055
vt 0.330428 0.028055
vt 0.585407 0.028055
vt 0.330428 0.028055
vt 0.585407 0.028055
vt 0.330428 0.028055
vt 0.585407 0.028055
vt 0.330428 0.028055
vt 0.585407 0.028055
vt 0.330428 0.028055
vt 0.585406 0.028055
vt 0.330428 0.028055
vt 0.585407 0.028055
vt 0.330428 0.028055
vt 0.585407 0.028055
vt 0.330428 0.028055
vt 0.585407 0.028055
vt 0.330428 0.028055
vt 0.585407 0.028055
vt 0.084666 0.039219
vt 0.084666 1.000000
vt 0.227447 1.000000
vt 0.227447 0.039219
vt 0.084666 0.039219
vt 0.227447 0.039219
vt 0.227447 1.000000
vt 0.084666 1.000000
vt 0.084666 0.039219
vt 0.084666 1.000000
vt 0.227447 1.000000
vt 0.227447 0.039219
vt 0.227447 1.000000
vt 0.227447 0.039219
vt 0.084666 0.039219
vt 0.084666 1.000000
vt 0.084666 0.039219
vt 0.084666 1.000000
vt 0.227447 1.000000
vt 0.227447 0.039219
vt 0.084666 0.039219
vt 0.084666 1.000000
vt 0.227447 1.000000
vt 0.227447 0.039219
vt 0.227447 1.000000
vt 0.227447 0.039219
vt 0.084666 0.039219
vt 0.084666 1.000000
vt 0.407395 0.010759
vt 0.407395 0.010759
vt 0.407395 0.010759
vt 0.407395 0.010759
vt 0.407395 0.010759
vt 0.051110 0.960784
vt 0.051110 0.887672
vt 0.897780 0.887672
vt 0.897780 0.960784
vt 0.975042 -0.305403
vt 0.975042 -0.331154
vt 0.975042 0.080182
vt 0.975042 -0.305403
vt 0.975042 0.547576
vt 0.975042 1.085904
vt 0.975042 0.967420
vt 0.975042 0.547576
vt 0.975042 1.204388
vt 0.000000 0.741135
vt 1.000000 0.741135
vt 1.000000 0.960784
vt 0.000000 0.960784
vt 0.407395 0.010759
vt 0.407395 0.010759
vt 0.407395 0.010759
vt 0.407395 0.010759
vt 0.407395 0.010759
vt 0.407395 0.010759
vt 0.407395 0.010754
vt 0.407395 0.010754
vt 0.407395 0.010759
vt 0.407395 0.010754
vt 0.407395 0.010754
vt 0.407395 0.010759
vt 0.407395 0.010759
vt 0.407395 0.010759
vt 0.407395 0.010759
vt 0.407395 0.010759
vt 0.407395 0.010759
vt 0.407395 0.010759
vt 0.407395 0.010754
vt 0.407395 0.010754
vt 0.407395 0.010759
vt 0.407395 0.010759
vt 0.407395 0.010754
vt 0.407395 0.010754
vt 0.407395 0.010754
vt 0.407395 0.010754
vt 0.407395 0.010759
vt 0.407395 0.010759
vt 0.407395 0.010754
vt 0.407395 0.010754
vt 0.407395 0.010759
vt 0.407395 0.010759
vt 0.407395 0.010754
vt 0.407395 0.010754
vt 0.407395 0.010759
vt 0.407395 0.010759
vt 0.407395 0.010754
vt 0.407395 0.010754
vt 0.407395 0.010754
vt 0.407395 0.010754
vt 0.407395 0.010754
vt 0.407395 0.010754
vt 0.407395 0.010754
vt 0.407395 0.010754
vt 0.890021 0.955321
vt 0.027495 0.955321
vt 0.027495 0.897014
vt 0.890021 0.897014
vt 0.000000 0.960784
vt 0.000000 0.741135
vt 1.000000 0.741135
vt 1.000000 0.960784
vt 1.000000 0.741135
vt 1.000000 0.960784
vt 0.000000 0.960784
vt 0.000000 0.741135
vt 1.000000 0.960784
vt 0.000000 0.960784
vt 0.000000 0.741135
vt 1.000000 0.741135
vt 0.000000 0.741135
vt 1.000000 0.741135
vt 1.000000 0.960784
vt 0.000000 0.960784
vt 0.890021 0.897014
vt 0.890021 0.955321
vt 0.027495 0.955321
vt 0.027495 0.897014
vt 0.027495 0.955321
vt 0.027495 0.897014
vt 0.890021 0.897014
vt 0.890021 0.955321
vt 0.027495 0.955321
vt 0.027495 0.897014
vt 0.890021 0.926168
vt 0.027495 0.955321
vt 0.027495 0.897014
vt 0.890021 0.897014
vt 0.890021 0.955321
vt 0.027495 0.955321
vt 0.027495 0.897014
vt 0.890021 0.897014
vt 0.890021 0.955321
vt 0.027495 0.955321
vt 0.027495 0.897014
vt 0.890021 0.897014
vt 0.890021 0.955321
vt 0.027495 0.955321
vt 0.027495 0.897014
vt 0.890021 0.897014
vt 0.890021 0.955321
vt 0.027495 0.955321
vt 0.027495 0.897014
vt 0.890021 0.897014
vt 0.890021 0.955321
vt 0.027495 0.955321
vt 0.027495 0.897014
vt 0.890021 0.897014
vt 0.890021 0.955321
vt 0.499500 0.500490
vt 0.499500 0.499510
vt 0.499521 0.499510
vt 0.499521 0.500490
vt 0.499541 0.499510
vt 0.499541 0.500490
vt 0.499562 0.499510
vt 0.499562 0.500490
vt 0.890021 0.955321
vt 0.027495 0.955321
vt 0.027495 0.897014
vt 0.890021 0.897014
vt 0.051110 0.960784
vt 0.051110 0.887672
vt 0.897780 0.887672
vt 0.897780 0.960784
vt 0.051110 0.887672
vt 0.051110 0.960784
vt 0.897780 0.960784
vt 0.897780 0.887672
vt 0.504823 0.262774
vt 0.504823 0.020051
vt 0.504823 0.361140
vt 0.504823 0.417731
vt 0.504823 0.417731
vt 0.975042 0.469783
vt 0.975042 0.469783
vt 0.975042 0.547576
vt 0.975042 0.547576
vt 0.975042 0.080182
vt 0.975042 -0.331154
vt 0.975042 0.469783
vt 0.975042 0.080182
vt 0.407395 0.010759
vt 0.407395 0.010759
vt 0.407395 0.010759
vt 0.407395 0.010759
vt 0.407395 0.010754
vt 0.407395 0.010759
vt 0.407395 0.010759
vt 0.407395 0.010754
vt 0.407395 0.010754
vt 0.407395 0.010759
vt 0.407395 0.010754
vt 0.407395 0.010759
vt 0.407395 0.010754
vt 0.407395 0.010759
vt 0.407395 0.010759
vt 0.407395 0.010759
vt 0.407395 0.010759
vt 0.407395 0.010759
vt 0.407395 0.010759
vt 0.407395 0.010759
vt 0.407395 0.010759
vt 0.407395 0.010759
vt 0.407395 0.010759
vt 0.407395 0.010759
vt 0.407395 0.010759
vt 0.407395 0.010759
vt 0.407395 0.010754
vt 0.407395 0.010754
vt 0.407395 0.010754
vt 0.407395 0.010754
vt 0.407395 0.010754
vt 0.407395 0.010754
vt 0.407395 0.010754
vt 0.407395 0.010754
vt 0.407395 0.010754
vt 0.407395 0.010754
vt 0.407395 0.010754
vt 0.407395 0.010754
vt 0.407395 0.010759
vt 0.407395 0.010759
vt 0.407395 0.010759
vt 0.407395 0.010759
vt 0.407395 0.010759
vt 0.407395 0.010759
vt 0.407395 0.010759
vt 0.407395 0.010759
vt 0.407395 0.010759
vt 0.407395 0.010759
vt 0.407395 0.010759
vt 0.407395 0.010759
vt 0.407395 0.010759
vt 0.407395 0.010759
vt 0.407395 0.010759
vt 0.407395 0.010759
vt 0.407395 0.010759
vt 0.897780 0.887672
vt 0.051110 0.887672
vt 0.051110 0.960784
vt 0.897780 0.960784
vt 0.051110 0.960784
vt 0.051110 0.887672
vt 0.897780 0.887672
vt 0.897780 0.960784
vt 0.890021 0.955321
vt 0.027495 0.955321
vt 0.027495 0.897014
vt 0.890021 0.897014
vt 0.890021 0.955321
vt 0.027495 0.955321
vt 0.027495 0.897014
vt 0.890021 0.897014
vt 0.027495 0.955321
vt 0.027495 0.897014
vt 0.890021 0.897014
vt 0.890021 0.955321
vt 0.027495 0.955321
vt 0.027495 0.897014
vt 0.890021 0.897014
vt 0.890021 0.955321
vt 0.890021 0.897014
vt 0.890021 0.955321
vt 0.027495 0.955321
vt 0.027495 0.897014
vt 0.890021 0.897014
vt 0.890021 0.955321
vt 0.027495 0.955321
vt 0.027495 0.897014
vt 0.027495 0.955321
vt 0.027495 0.897014
vt 0.890021 0.897014
vt 0.890021 0.955321
vt 0.027495 0.955321
vt 0.027495 0.897014
vt 0.890021 0.897014
vt 0.890021 0.955321
vt 0.027495 0.897014
vt 0.890021 0.897014
vt 0.890021 0.955321
vt 0.027495 0.955321
vt 0.027495 0.955321
vt 0.027495 0.897014
vt 0.890021 0.897014
vt 0.890021 0.955321
vt 0.027495 0.955321
vt 0.027495 0.897014
vt 0.890021 0.926168
vt 0.890021 0.897014
vt 0.890021 0.955321
vt 0.027495 0.955321
vt 0.027495 0.897014
vt 0.027495 0.955321
vt 0.027495 0.897014
vt 0.890021 0.897014
vt 0.890021 0.955321
vt 0.890021 0.897014
vt 0.890021 0.955321
vt 0.027495 0.955321
vt 0.027495 0.897014
vt 0.027495 0.955321
vt 0.027495 0.897014
vt 0.890021 0.897014
vt 0.890021 0.955321
vt 0.541702 0.049941
vt 0.541702 0.049941
vt 0.541703 0.049941
vt 0.541702 0.049941
vt 0.541703 0.049941
vt 0.541703 0.049941
vt 0.541703 0.049941
vt 0.541703 0.049941
vt 0.541703 0.049941
vt 0.541703 0.049941
vt 0.541703 0.049941
vt 0.541703 0.049941
vt 0.541703 0.049941
vt 0.541703 0.049941
vt 0.541703 0.049941
vt 0.541703 0.049941
vt 0.541703 0.049941
vt 0.541703 0.049941
vt 0.541703 0.049941
vt 0.541703 0.049941
vt 0.541703 0.049941
vt 0.541702 0.049941
vt 0.541702 0.049941
vt 0.541703 0.049941
vt 0.541702 0.049941
vt 0.541703 0.049941
vt 0.541703 0.049941
vt 0.541703 0.049941
vt 0.541703 0.049941
vt 0.541703 0.049941
vt 0.541703 0.049941
vt 0.541703 0.049941
vt 0.541703 0.049941
vt 0.541703 0.049941
vt 0.541703 0.049941
vt 0.541703 0.049941
vt 0.541703 0.049941
vt 0.541703 0.049941
vt 0.541703 0.049941
vt 0.541703 0.049941
vt 0.541703 0.049941
vt 0.541703 0.049941
vt 0.219902 1.000000
vt 0.686908 0.000000
vt 0.219902 0.000000
vt 0.686908 1.000000
vt 1.000000 0.000000
vt 1.000000 1.000000
vt 0.219902 0.054152
vt 0.000000 0.054152
vt 0.000000 0.945848
vt 0.219902 0.945848
vt 1.000000 0.114169
vt 0.084244 0.114169
vt 0.000000 0.114168
vt 0.915756 0.114169
vt 0.000000 0.885831
vt 0.000000 0.114168
vt 0.084244 0.114169
vt 0.084244 0.885831
vt 0.000000 0.885831
vt 0.084244 0.885831
vt 0.915756 0.885831
vt 1.000000 0.885831
vt 0.808225 1.000000
vt 0.191775 1.000000
vt 0.000000 0.885831
vt 1.000000 0.885831
vt 0.000000 0.114168
vt 0.191775 0.000001
vt 0.808225 0.000001
vt 1.000000 0.114169
vt 1.000000 0.885831
vt 0.915756 0.885831
vt 0.915756 0.114169
vt 1.000000 0.114169
vt 0.359063 0.090804
vt 0.000000 0.000000
vt 1.000000 0.000001
vt 0.640937 0.090804
vt 1.000000 1.000000
vt 0.640937 0.909196
vt 0.000000 1.000000
vt 0.359063 0.909196
vt 0.156264 0.342649
vt 0.001696 0.311782
vt 0.027157 0.342649
vt 0.142135 0.311782
vt 0.295786 0.342649
vt 0.295786 0.311782
vt 0.472312 0.311782
vt 0.458182 0.342649
vt 0.662467 0.311782
vt 0.637006 0.342649
vt 0.912846 0.311782
vt 0.783445 0.342649
vt 0.961766 0.302259
vt 0.795353 0.315658
vt 0.795354 0.049093
vt 0.961767 0.073615
vt 0.912847 0.076327
vt 0.662469 0.076327
vt 0.472312 0.076326
vt 0.295785 0.076327
vt 0.142135 0.076327
vt 0.001696 0.076327
vt 0.156264 0.018210
vt 0.027157 0.018210
vt 0.783447 0.018210
vt 0.637008 0.018210
vt 0.458182 0.018210
vt 0.295785 0.018210
vt 0.236733 0.999222
vt 0.013547 0.999222
vt 0.000000 0.964551
vt 0.221709 0.964551
vt 0.000000 0.730430
vt 0.221709 0.730430
vt 0.013547 0.682457
vt 0.236733 0.682457
vt 0.463152 0.682457
vt 0.451287 0.730430
vt 0.637819 0.682457
vt 0.632437 0.730430
vt 0.816664 0.730430
vt 0.451287 0.964551
vt 0.632437 0.964551
vt 0.816664 0.964551
vt 0.977989 0.730430
vt 0.977989 0.964551
vt 1.000000 0.719717
vt 1.000000 0.961963
vt 0.812486 0.682457
vt 0.967745 0.682457
vt 0.999625 0.704605
vt 0.999625 0.977074
vt 0.967745 0.999222
vt 0.812486 0.999222
vt 0.637819 0.999222
vt 0.463152 0.999222
vt 0.644345 0.635265
vt 0.644345 0.414926
vt 0.171311 0.414925
vt 0.171311 0.635265
vt 0.667186 0.669076
vt 0.165715 0.669076
vt -0.007640 0.669076
vt 0.005098 0.635265
vt 0.005098 0.414925
vt 0.792327 0.414925
vt 0.644345 0.414926
vt 0.644345 0.635265
vt 0.793649 0.635265
vt 0.667186 0.669076
vt 0.795349 0.669076
vt 0.992360 0.669076
vt 0.992541 0.635265
vt 0.992541 0.414925
vt 0.142857 0.477465
vt 0.071429 0.477465
vt 0.071429 0.477465
vt 0.142857 0.477465
vt 0.214286 0.477465
vt 0.214286 0.477465
vt 1.000000 0.756543
vt 0.000000 0.000000
vt 0.000000 0.756543
vt 1.000000 0.000000
vt 0.000000 0.756543
vt 0.274050 1.000000
vt 0.725950 1.000000
vt 1.000000 0.756543
vn -0.4830 -0.4469 -0.7530
vn -0.9647 -0.0695 -0.2541
vn -0.5361 -0.2225 -0.8143
vn -0.8692 -0.4732 -0.1439
vn -0.9647 -0.0694 -0.2542
vn -0.8692 0.3343 -0.3645
vn -0.4830 0.0019 -0.8756
vn -0.8691 -0.4732 -0.1438
vn -0.3343 -0.6268 -0.7038
vn -0.6015 -0.7970 -0.0554
vn -0.8691 0.3344 -0.3645
vn -0.6015 0.6581 -0.4529
vn -0.3342 0.1818 -0.9248
vn -0.6014 -0.7970 -0.0554
vn -0.1193 -0.7267 -0.6766
vn -0.2147 -0.9767 -0.0063
vn -0.3343 0.1818 -0.9248
vn -0.6014 0.6581 -0.4529
vn -0.2147 0.8378 -0.5020
vn -0.1193 0.2817 -0.9521
vn -0.2146 -0.9767 -0.0063
vn 0.1193 -0.7267 -0.6766
vn 0.2146 -0.9767 -0.0063
vn -0.2146 0.8378 -0.5020
vn 0.2146 0.8378 -0.5020
vn 0.1193 0.2817 -0.9521
vn 0.2147 -0.9767 -0.0063
vn 0.3343 -0.6268 -0.7038
vn 0.6014 -0.7970 -0.0554
vn 0.2147 0.8378 -0.5020
vn 0.6014 0.6581 -0.4529
vn 0.3343 0.1818 -0.9248
vn 0.6015 -0.7970 -0.0554
vn 0.4830 -0.4469 -0.7530
vn 0.8691 -0.4732 -0.1438
vn 0.3342 0.1818 -0.9248
vn 0.6015 0.6581 -0.4529
vn 0.8691 0.3344 -0.3645
vn 0.4830 0.0019 -0.8756
vn 0.8692 -0.4732 -0.1439
vn 0.5361 -0.2225 -0.8143
vn 0.9647 -0.0695 -0.2541
vn 0.8692 0.3343 -0.3645
vn 0.9647 -0.0694 -0.2542
vn -0.5121 0.2264 0.8285
vn -0.4614 0.0120 0.8871
vn -0.3193 -0.1599 0.9341
vn -0.4614 0.4407 0.7700
vn -0.8691 0.3343 -0.3645
vn -0.9647 -0.0694 -0.2541
vn -0.3193 0.6126 0.7230
vn -0.0000 0.2636 0.9646
vn 1.0000 0.0000 -0.0000
vn 0.9010 -0.4185 0.1144
vn -0.1140 -0.2553 0.9601
vn 0.9010 0.4185 -0.1144
vn 0.6235 -0.7542 0.2061
vn -0.1140 0.7080 0.6969
vn 0.6235 0.7542 -0.2061
vn 0.2225 -0.9405 0.2570
vn -0.1139 -0.2553 0.9601
vn 0.1139 -0.2553 0.9601
vn -0.0000 -0.2636 -0.9646
vn -0.1139 0.7080 0.6969
vn 0.1139 0.7080 0.6969
vn 0.2225 0.9405 -0.2570
vn -0.2225 -0.9405 0.2570
vn -0.2225 0.9405 -0.2570
vn -0.6235 -0.7542 0.2061
vn 0.1140 0.7080 0.6969
vn 0.3193 0.6126 0.7230
vn 0.1140 -0.2553 0.9601
vn 0.3193 -0.1599 0.9341
vn -0.6235 0.7542 -0.2061
vn -0.9010 -0.4185 0.1144
vn 0.4614 0.4407 0.7700
vn 0.8691 0.3343 -0.3645
vn -0.9010 0.4185 -0.1144
vn -1.0000 0.0000 -0.0000
vn 0.4614 0.0120 0.8871
vn 0.5122 0.2264 0.8285
vn 0.5121 0.2264 0.8285
vn -0.7071 -0.6821 0.1864
vn 0.0000 -0.9646 0.2636
vn 0.7071 -0.6821 0.1864
vn 0.7071 0.6821 -0.1864
vn -0.0000 0.9646 -0.2636
vn -0.7071 0.6821 -0.1864
vn -0.4753 0.5445 -0.6911
vn -0.8239 0.2433 -0.5119
vn -0.8312 0.3439 -0.4369
vn -0.3122 0.2549 -0.9152
vn -0.8344 0.3426 0.4318
vn -0.7304 -0.1677 0.6621
vn -0.3945 0.1545 0.9058
vn -0.4777 0.5460 0.6882
vn -0.8326 0.4975 0.2433
vn -0.4765 0.7903 0.3852
vn -0.8333 0.5529 0.0000
vn -0.4770 0.8789 0.0000
vn -0.4765 0.7903 -0.3853
vn -0.8326 0.4977 -0.2430
vn -0.4752 0.5445 -0.6911
vn -0.1931 -0.3623 0.9118
vn 0.1787 -0.3474 0.9205
vn 0.3731 0.1668 0.9127
vn 0.4689 0.5488 0.6921
vn 0.4765 0.7903 0.3853
vn 0.4770 0.8789 0.0000
vn 0.4765 0.7903 -0.3853
vn 0.4752 0.5445 -0.6912
vn 0.2333 -0.6502 0.7231
vn 0.7007 -0.1404 0.6995
vn 0.8234 0.3524 0.4448
vn 0.8326 0.4975 0.2433
vn 0.8333 0.5529 0.0000
vn 0.8326 0.4978 -0.2429
vn 0.8312 0.3440 -0.4368
vn 0.0000 0.9609 0.2770
vn 0.0000 1.0000 0.0000
vn 0.4659 0.8848 0.0000
vn 0.4821 0.8422 0.2415
vn 0.8245 0.5659 0.0000
vn 0.8366 0.5269 0.1498
vn 0.8333 0.4496 0.3216
vn 0.4732 0.7155 0.5139
vn -0.3127 0.7634 0.5652
vn -0.1932 -0.3623 0.9118
vn -0.3944 0.1545 0.9058
vn -0.2503 -0.6664 0.7023
vn 0.8318 0.5084 -0.2227
vn -0.3122 0.2548 -0.9152
vn -0.4752 0.5445 -0.6912
vn 0.4752 0.5445 -0.6911
vn 0.4742 0.1936 -0.8588
vn 0.8312 0.3439 -0.4369
vn 0.8300 0.1228 -0.5440
vn 0.8232 0.0000 -0.5677
vn 0.4649 0.0000 -0.8854
vn 0.0000 0.0000 -1.0000
vn 0.8333 0.4497 0.3216
vn 0.8367 0.4340 0.3340
vn 0.4756 0.6972 0.5364
vn 0.8376 0.4814 0.2580
vn 0.4778 0.7743 0.4149
vn 0.8347 0.5381 0.1169
vn 0.4757 0.8595 0.1869
vn 0.8297 0.5569 0.0397
vn 0.3163 0.9423 -0.1099
vn -0.4757 0.8595 0.1871
vn -0.4815 0.8638 -0.1480
vn 0.2613 0.8064 -0.5305
vn -0.4426 0.7547 -0.4843
vn -0.8347 0.5380 0.1172
vn -0.8377 0.4814 0.2580
vn -0.4778 0.7743 0.4149
vn -0.4756 0.6972 0.5364
vn -0.8369 0.4235 0.3468
vn -0.8367 0.4340 0.3340
vn -0.2841 0.4764 -0.8320
vn 0.2834 0.5000 -0.8183
vn 0.7032 0.3387 -0.6251
vn 0.3906 0.1812 -0.9025
vn -0.3870 0.1459 -0.9104
vn -0.7934 0.4062 -0.4534
vn -0.8383 0.5374 -0.0921
vn 0.0000 -0.0000 1.0000
vn -0.5774 0.5773 0.5774
vn -0.7071 0.0002 0.7071
vn -0.0000 0.7071 0.7071
vn -0.7071 0.0000 0.7071
vn -0.5774 0.5774 0.5773
vn -0.5774 0.5773 -0.5774
vn -0.7071 0.0002 -0.7071
vn -0.5774 0.5774 -0.5773
vn -0.5773 0.5774 0.5774
vn -0.0002 0.7071 0.7071
vn -0.0000 0.7071 -0.7071
vn -0.7071 0.0000 -0.7071
vn -0.5773 0.5774 -0.5774
vn -0.0002 0.7071 -0.7071
vn 0.0216 0.5090 -0.8605
vn 0.0000 0.9712 -0.2384
vn 0.0217 0.5090 -0.8605
vn 0.0368 -0.0215 -0.9991
vn 0.0217 0.5089 -0.8605
vn -0.0236 0.9972 -0.0713
vn -0.3558 0.8378 -0.4140
vn -0.4945 0.7799 -0.3837
vn 0.9906 0.0247 -0.1345
vn 0.8386 0.0723 -0.5400
vn 0.4497 0.0868 -0.8889
vn 0.1199 0.0798 -0.9896
vn -0.1201 0.0798 -0.9895
vn -0.4503 0.0868 -0.8887
vn -0.4502 0.0868 -0.8887
vn -0.8389 0.0722 -0.5395
vn -0.9906 0.0246 -0.1343
vn -0.4944 0.7799 -0.3837
vn -0.1683 0.9841 -0.0576
vn -0.1683 0.9840 -0.0576
vn 0.0000 0.7566 0.6539
vn 0.0000 -0.6211 0.7838
vn -0.3201 -0.5745 0.7533
vn 0.3201 -0.5745 0.7533
vn -0.6442 -0.0000 0.7649
vn -0.3201 0.5745 0.7533
vn 0.3201 0.5745 0.7533
vn 0.6442 -0.0000 0.7649
vn 0.3200 -0.5745 0.7534
vn 0.1685 0.9840 -0.0576
vn -0.0129 -0.9999 0.0016
vn -0.4013 -0.0000 0.9160
vn -0.9314 -0.0000 0.3639
vn 0.4013 -0.0000 0.9160
vn 0.9314 0.0000 0.3639
vn -0.9314 -0.0000 -0.3639
vn -0.4013 -0.0000 -0.9159
vn -0.0129 -0.9999 -0.0016
vn 0.0000 -1.0000 0.0029
vn 0.0000 -1.0000 -0.0029
vn 0.0129 -0.9999 -0.0016
vn 0.0129 -0.9999 0.0016
vn 0.0128 -0.9999 0.0016
vn 0.4013 0.0000 -0.9159
vn 0.9314 -0.0000 -0.3639
vn 0.4950 0.7797 -0.3835
vn 0.1686 0.9840 -0.0576
vn 0.5773 0.5774 0.5774
vn 0.0002 0.7071 0.7071
vn 0.7071 0.0000 0.7071
vn 0.0002 0.7071 -0.7071
vn 0.5774 0.5774 0.5773
vn 0.5773 0.5774 -0.5774
vn 0.5774 0.5773 -0.5774
vn 0.7071 0.0002 -0.7071
vn 0.3562 0.8378 -0.4139
vn -0.0369 -0.0215 -0.9991
vn -0.0217 0.5089 -0.8605
vn -0.0217 0.5090 -0.8605
vn 0.0236 0.9972 -0.0713
vn 0.5774 0.5773 0.5774
vn 0.7071 0.0002 0.7071
vn 0.7071 0.0000 -0.7071
vn 0.5774 0.5774 -0.5773
vn -0.9669 -0.0000 -0.2550
vn -0.7657 0.5681 -0.3015
vn -0.8911 0.0615 -0.4496
vn -0.7657 -0.5680 -0.3018
vn -0.7658 -0.5681 -0.3015
vn 0.0000 -0.9300 -0.3675
vn 0.7658 -0.5681 -0.3015
vn 0.7657 -0.5681 -0.3015
vn 0.9669 -0.0000 -0.2550
vn 0.8911 0.0616 -0.4496
vn 0.7658 0.5681 -0.3015
vn 0.6477 0.4687 -0.6007
vn 0.0000 0.9300 -0.3675
vn -0.0000 0.7365 -0.6765
vn -0.6477 0.4687 -0.6007
vn 0.0000 0.3652 -0.9309
vn -0.4539 -0.0000 0.8911
vn -0.3273 -0.2230 0.9182
vn -0.0000 -0.3219 0.9468
vn 0.3274 -0.2230 0.9182
vn 0.4539 0.0000 0.8911
vn 0.3274 0.2230 0.9182
vn -0.0000 0.3219 0.9468
vn -0.3273 0.2230 0.9182
vn -0.9306 0.0000 0.3660
vn -0.4486 -0.7984 0.4016
vn -0.7476 -0.0000 0.6642
vn -0.4486 0.7984 0.4016
vn -0.3577 0.6722 0.6482
vn 0.3577 0.6722 0.6483
vn 0.4486 0.7984 0.4016
vn 0.7476 -0.0000 0.6642
vn 0.9306 0.0000 0.3660
vn 0.4486 -0.7984 0.4016
vn 0.3577 -0.6721 0.6483
vn -0.3577 -0.6722 0.6483
vn -0.2259 0.0000 -0.9742
vn -0.1130 0.1999 -0.9733
vn 0.1130 0.1999 -0.9733
vn 0.2259 0.0000 -0.9742
vn 0.1129 -0.2000 -0.9733
vn -0.1130 -0.1999 -0.9733
vn -0.2004 0.0000 -0.9797
vn -0.1002 0.1816 -0.9783
vn 0.1002 0.1816 -0.9783
vn 0.2004 0.0000 -0.9797
vn 0.1002 -0.1816 -0.9783
vn -0.1002 -0.1816 -0.9783
vn -0.3686 -0.9275 0.0627
vn -0.3737 0.0525 -0.9260
vn -0.0250 -0.9982 0.0552
vn 0.0312 -0.0184 0.9993
vn 0.1990 -0.0227 0.9797
vn 0.0259 0.9993 -0.0275
vn 0.1937 0.9805 -0.0324
vn -0.0305 0.0461 -0.9985
vn 0.3166 0.0341 -0.9480
vn -0.1427 0.9895 -0.0217
vn -0.1374 -0.0137 0.9904
vn 0.3217 -0.9459 0.0408
vn -0.4781 -0.6730 0.5643
vn -0.5216 0.6529 -0.5492
vn 0.9997 0.0203 -0.0154
vn 0.7134 -0.4959 -0.4952
vn -0.7228 -0.1849 -0.6659
vn 0.6682 -0.2221 -0.7100
vn 0.7508 0.4711 0.4630
vn 0.7407 0.3459 0.5760
vn -0.6937 0.5098 0.5089
vn -0.6832 0.3840 0.6212
vn -0.7688 -0.4562 -0.4481
vn -0.7202 -0.6713 -0.1752
vn -0.6844 0.6210 0.3820
vn 0.7394 0.5829 0.3368
vn 0.6708 -0.7085 -0.2193
vn -0.8090 0.0000 -0.5878
vn -0.8090 0.0000 0.5878
vn 0.3090 0.0000 0.9511
vn 0.3090 0.0000 -0.9511
vn -0.7717 0.5915 0.2337
vn -0.0681 0.9687 -0.2387
vn -0.3150 0.7600 -0.5685
vn -0.4499 0.8619 -0.2337
vn -0.6954 0.4407 0.5677
vn -0.0455 -0.8147 0.5780
vn -0.0757 -0.4858 0.8708
vn 0.6057 -0.7943 0.0476
vn 0.5925 -0.8048 0.0359
vn 0.8122 -0.0944 -0.5757
vn 0.3882 -0.4876 -0.7820
vn 0.9068 0.1884 -0.3770
vn 0.0024 -0.0093 -1.0000
vn -0.4770 -0.8006 0.3626
vn -0.3421 -0.5303 -0.7757
vn -0.9217 0.1154 -0.3704
vn -0.9429 0.2332 0.2377
vn -0.0801 0.9953 -0.0551
vn 0.9068 0.1885 -0.3770
vn 0.9211 0.3885 0.0256
vn 0.6917 -0.7214 -0.0346
vn 0.8702 0.3313 -0.3646
vn 0.4903 -0.0105 -0.8715
vn 0.6791 -0.7326 -0.0455
vn 0.4902 -0.0105 -0.8715
vn 0.9211 0.3885 0.0257
vn -0.0289 0.9991 0.0300
vn -0.9689 0.2476 0.0054
vn -0.4943 -0.8693 -0.0055
vn 0.6689 -0.7430 0.0217
vn -0.1001 0.1817 -0.9783
vn -0.4487 0.7984 0.4016
vn 0.4487 -0.7984 0.4016
vn 0.3577 -0.6722 0.6482
vn -0.1129 0.2000 -0.9733
vn -0.1129 -0.2000 -0.9733
vn -0.8911 0.0616 -0.4496
vn 0.7657 0.5681 -0.3015
vn 0.0000 -0.8079 0.5893
vn 0.0000 0.3079 0.9514
vn 0.0000 0.3079 -0.9514
vn 0.0000 -0.8079 -0.5893
vn -0.0413 -0.7098 -0.7032
vn -0.9991 0.0267 0.0317
vn -0.8105 0.4354 -0.3918
vn -0.3123 0.6778 -0.6657
vn 0.0413 0.7098 0.7032
vn -0.8061 -0.3921 0.4431
vn 0.8061 0.3921 -0.4431
vn 0.9991 -0.0267 -0.0317
vn 0.8105 -0.4354 0.3918
vn -0.0413 -0.7097 -0.7032
vn 0.3052 0.6612 -0.6853
vn 0.0413 0.7097 0.7032
vn -0.3052 -0.6612 0.6853
vn 0.3123 -0.6778 0.6657
vn -0.0413 -0.7097 -0.7033
vn -0.9259 0.2925 0.2390
vn -0.9590 0.1289 0.2524
vn -0.9639 0.1111 -0.2420
vn -0.9604 0.2787 -0.0021
vn -0.9500 -0.0041 -0.3124
vn -0.9500 -0.0042 -0.3123
vn -0.9563 0.2242 0.1875
vn -0.9539 0.2301 -0.1925
vn -0.9267 0.3654 0.0875
vn -0.9268 0.3653 0.0875
vn -0.9248 0.3700 -0.0886
vn -0.9259 0.3058 0.2217
vn -0.9230 0.3600 0.1355
vn -0.9231 0.3600 0.1355
vn -0.9183 0.3946 0.0306
vn -0.9117 0.3726 -0.1732
vn -0.8705 0.4777 -0.1184
vn -0.8372 0.3309 -0.4354
vn -0.8569 0.3029 -0.4171
vn -0.4118 0.0473 -0.9100
vn -0.4205 -0.0021 -0.9073
vn -0.9245 0.3192 0.2082
vn -0.0014 -0.2165 -0.9763
vn -0.4118 0.0474 -0.9100
vn 0.2571 0.0121 -0.9663
vn -1.0000 -0.0002 0.0022
vn -1.0000 -0.0002 0.0017
vn -0.9893 -0.0136 0.1455
vn -0.9893 -0.0136 0.1456
vn -0.8462 -0.0414 0.5312
vn -0.4815 -0.0558 0.8747
vn -0.1336 -0.0559 0.9895
vn -0.1335 -0.0559 0.9895
vn 0.1338 -0.0559 0.9894
vn 0.1337 -0.0559 0.9894
vn 0.4820 -0.0558 0.8744
vn 0.8465 -0.0413 0.5307
vn 0.9893 -0.0135 0.1453
vn 1.0000 -0.0002 0.0022
vn 1.0000 -0.0002 0.0017
vn 0.0000 -1.0000 -0.0000
vn 0.0000 0.5768 0.8169
vn 0.9973 -0.0507 0.0535
vn 0.0000 -0.7071 0.7071
vn 0.0000 -0.8646 -0.5025
vn 0.0000 0.8646 -0.5025
vn 0.0002 -0.8646 -0.5025
vn 0.0000 0.9381 -0.3463
vn 0.0000 1.0000 0.0001
vn 0.0000 0.5306 -0.8477
vn 0.0000 -1.0000 -0.0024
vn 0.0000 0.8259 0.5639
vn 0.0000 0.9843 0.1765
vn 0.0000 0.9840 -0.1783
vn 0.0000 0.9364 -0.3508
vn 0.8053 0.0485 -0.5909
vn -0.6442 0.7534 -0.1317
vn -0.6442 0.7534 -0.1316
vn 0.0000 -0.5548 -0.8320
vn -0.9987 0.0483 -0.0167
vn -0.9997 0.0091 -0.0242
vn -0.9955 0.0933 -0.0171
vn -0.9987 0.0181 -0.0485
vn -0.9915 0.1304 -0.0018
vn -0.9908 0.1350 -0.0011
vn -0.9908 0.1351 -0.0011
vn -0.9986 0.0514 -0.0113
vn -0.9945 0.1026 -0.0226
vn 0.9231 0.3600 0.1355
vn 0.9230 0.3600 0.1355
vn 0.9258 0.3442 -0.1560
vn 0.9183 0.3946 0.0306
vn -0.9980 0.0470 -0.0422
vn -0.9908 0.1348 -0.0083
vn 0.0000 0.9329 0.3602
vn 0.0000 -0.3207 -0.9472
vn -0.8031 -0.5817 0.1294
vn -0.6353 -0.6224 0.4573
vn -0.6342 -0.2366 0.7361
vn -0.9732 -0.1851 -0.1362
vn -0.8031 -0.5817 0.1293
vn -0.8017 -0.0582 -0.5948
vn -0.9732 -0.1851 -0.1363
vn -0.6342 -0.2365 0.7361
vn -0.6342 0.2365 0.7361
vn -0.6342 0.2365 -0.7361
vn -0.8017 -0.0583 -0.5948
vn -0.6342 0.2366 0.7361
vn -0.6353 0.6224 0.4573
vn -0.6353 0.6224 0.4572
vn -0.6359 0.7717 -0.0000
vn -0.6353 0.6224 -0.4573
vn -0.6342 0.2366 -0.7361
vn -0.6353 0.6224 -0.4572
vn -0.6848 0.7251 -0.0733
vn -0.6535 0.7560 -0.0367
vn -0.6535 0.7560 0.0367
vn -0.6848 0.7251 0.0733
vn 0.0000 1.0000 0.0003
vn 0.0000 1.0000 -0.0003
vn -0.8030 -0.5817 0.1293
vn 0.0000 -0.9498 0.3127
vn -0.0000 -0.8060 0.5919
vn -0.6353 -0.6224 0.4572
vn -0.0000 -0.3060 0.9520
vn -0.0000 0.3060 -0.9520
vn -0.0000 0.3060 0.9520
vn -0.0000 0.8060 -0.5919
vn -0.0000 0.8060 0.5919
vn -0.6359 0.7718 -0.0000
vn 0.6535 0.7560 -0.0367
vn 0.6848 0.7251 -0.0733
vn 0.6535 0.7560 0.0367
vn 0.6848 0.7251 0.0733
vn 0.8030 -0.5817 0.1293
vn 0.6353 -0.6224 0.4573
vn 0.8031 -0.5817 0.1293
vn 0.9732 -0.1851 -0.1362
vn 0.8031 -0.5817 0.1294
vn 0.9732 -0.1851 -0.1363
vn 0.8017 -0.0582 -0.5948
vn 0.8017 -0.0583 -0.5948
vn 0.6342 0.2365 -0.7361
vn 0.6342 -0.2366 0.7361
vn 0.6342 0.2366 -0.7361
vn 0.6353 0.6224 -0.4573
vn 0.6342 0.2365 0.7361
vn 0.6342 -0.2365 0.7361
vn 0.6353 0.6224 0.4573
vn 0.6342 0.2366 0.7361
vn 0.6353 0.6224 -0.4572
vn 0.6359 0.7717 0.0000
vn 0.6353 0.6224 0.4572
vn 0.6353 -0.6224 0.4572
vn 0.6359 0.7718 -0.0000
vn 0.0000 0.5548 0.8320
vn 0.9908 0.1351 -0.0012
vn 0.9915 0.1304 -0.0018
vn 0.9955 0.0934 -0.0171
vn 0.9987 0.0483 -0.0168
vn 0.9997 0.0091 -0.0242
vn 0.9987 0.0181 -0.0485
vn -0.9569 0.2897 0.0212
vn -0.9980 -0.0469 0.0425
vn 0.0000 -0.5768 -0.8169
vn -0.9354 0.3248 -0.1396
vn -0.9354 0.3249 -0.1396
vn -0.7112 0.2143 -0.6695
vn -0.7112 0.2142 -0.6695
vn -0.0064 0.4599 0.8880
vn 0.4538 -0.3568 -0.8166
vn 0.4537 -0.3569 -0.8166
vn 0.4538 -0.3569 -0.8165
vn 0.6826 -0.5685 -0.4591
vn 0.6827 -0.5685 -0.4591
vn 0.6792 -0.3150 0.6629
vn 0.6793 -0.3149 0.6628
vn 0.6793 -0.3150 0.6629
vn 0.6812 -0.7133 -0.1650
vn 0.6811 -0.7133 -0.1650
vn 0.6817 -0.7128 -0.1649
vn 0.6806 -0.5698 0.4605
vn 0.6805 -0.5699 0.4606
vn 0.6804 -0.5699 0.4607
vn 0.6806 -0.5698 0.4606
vn 0.6814 -0.7131 0.1650
vn 0.6815 -0.7130 0.1649
vn 0.6812 -0.7133 0.1650
vn 0.6811 -0.7133 0.1651
vn 0.0000 -0.5000 -0.8660
vn -0.0003 -0.5000 -0.8660
vn 0.0000 -0.5000 0.8660
vn 0.0000 -0.1438 -0.9896
vn 0.0000 -0.1439 -0.9896
vn 0.6442 0.7534 -0.1317
vn 0.6442 0.7534 -0.1316
vn 0.9973 0.0507 -0.0535
vn 0.9973 0.0507 -0.0536
vn 0.9986 0.0514 -0.0113
vn 0.9945 0.1026 -0.0226
vn 0.9908 0.1348 -0.0083
vn 0.8050 0.0623 -0.5900
vn 0.8050 0.0624 -0.5900
vn 0.9419 0.3007 -0.1494
vn 0.9420 0.3007 -0.1494
vn 0.9097 0.4141 0.0301
vn 0.9097 0.4142 0.0301
vn 0.9385 0.3297 0.1029
vn 0.9458 0.1829 -0.2683
vn 0.9458 0.1829 -0.2684
vn 0.9252 0.3162 0.2097
vn 0.7793 0.4848 0.3969
vn 0.7794 0.4848 0.3969
vn 0.8131 0.4717 0.3411
vn 0.8132 0.4717 0.3410
vn 0.8871 0.4322 0.1621
vn 0.8871 0.4321 0.1620
vn 0.8923 0.0935 -0.4416
vn 0.9157 0.2487 -0.3157
vn 0.9177 0.2518 0.3074
vn 0.9176 0.2518 0.3074
vn 0.9155 0.1856 0.3569
vn 0.9170 0.3586 0.1746
vn 0.9164 0.3598 -0.1754
vn 0.9167 0.3995 0.0000
vn -0.8757 -0.4829 -0.0002
vn 0.8757 -0.4829 -0.0002
vn -0.8806 -0.4642 0.0956
vn 0.0000 1.0000 0.0012
vn 0.0000 0.9819 -0.1896
vn 0.8806 -0.4641 0.0956
vn -0.8919 -0.3166 0.3230
vn -0.0000 0.7094 -0.7048
vn 0.8919 -0.3165 0.3230
vn 0.8921 -0.0000 0.4518
vn -0.8921 0.0000 0.4518
vn -0.0000 -0.7094 -0.7048
vn 0.8919 0.3165 0.3230
vn -0.8919 0.3165 0.3230
vn 0.0000 -0.9827 -0.1854
vn 0.8807 0.4641 0.0949
vn -0.8807 0.4641 0.0949
vn -0.0000 -1.0000 0.0098
vn 0.8757 0.4828 -0.0017
vn -0.8758 0.4827 -0.0017
vn -0.8757 -0.4828 -0.0002
vn -0.8806 -0.4641 0.0956
vn -0.0000 1.0000 0.0014
vn 0.0000 -0.9946 0.1036
vn 0.0000 -0.9785 0.2061
vn 0.0000 -0.9923 -0.1240
vn -0.0000 0.4413 -0.8973
vn 0.8275 0.5614 0.0000
vn -0.8275 0.5614 0.0000
vn -0.4193 0.7918 0.4441
vn -0.6046 0.4738 0.6403
vn 0.6046 0.4738 0.6403
vn 0.4193 0.7918 0.4441
vn 0.6046 0.4738 -0.6403
vn 0.4193 0.7918 -0.4441
vn -0.6046 0.4738 -0.6403
vn -0.4193 0.7918 -0.4441
vn -0.8312 0.3440 -0.4368
vn -0.4765 0.7903 0.3853
vn -0.4852 0.5437 0.6848
vn -0.8436 0.3341 0.4203
vn -0.3181 0.1354 0.9383
vn -0.6230 -0.2209 0.7503
vn -0.0768 -0.3687 0.9264
vn -0.0997 -0.6703 0.7354
vn 0.0426 -0.6545 0.7549
vn 0.0327 -0.3544 0.9345
vn 0.2119 0.1800 0.9606
vn 0.4117 0.5660 0.7142
vn 0.8326 0.4975 -0.2433
vn 0.4378 -0.1167 0.8915
vn 0.7482 0.4117 0.5203
vn 0.8326 0.4978 0.2429
vn -0.8431 0.4354 0.3157
vn -0.4811 0.7108 0.5131
vn -0.4757 0.6971 0.5364
vn 0.3127 0.7634 0.5652
vn 0.8369 0.4235 0.3469
vn 0.8347 0.5381 0.1173
vn 0.4757 0.8595 0.1871
vn 0.4815 0.8639 -0.1480
vn -0.4757 0.8595 0.1870
vn -0.4867 0.8611 -0.1473
vn 0.4426 0.7547 -0.4843
vn -0.4609 0.7392 -0.4911
vn 0.2842 0.4717 -0.8347
vn -0.2994 0.4456 -0.8437
vn 0.8382 0.5375 -0.0921
vn 0.7934 0.4062 -0.4534
vn -0.8347 0.5381 0.1173
vn -0.4776 0.8786 0.0000
vn -0.4963 0.8344 0.2399
vn -0.8393 0.5437 -0.0010
vn -0.8535 0.5010 0.1433
vn -0.4811 0.7109 0.5131
vn -0.4649 0.0000 -0.8854
vn -0.4742 0.1936 -0.8588
vn -0.8232 0.0000 -0.5677
vn -0.8300 0.1223 -0.5441
vn 0.4753 0.5445 -0.6911
vn 0.8300 0.1223 -0.5441
usemtl burns_vWheel_m
s 1
f 2662/1159/303 2663/1160/304 2664/1161/305
f 2663/1160/304 2662/1159/303 2665/1162/306
f 2664/1161/305 2666/1163/307 2667/1164/308
f 2664/1161/305 2667/1164/308 2668/1165/309
f 2669/1166/310 2662/1159/303 2670/1167/311
f 2669/1166/310 2670/1167/311 2671/1168/312
f 2668/1165/309 2672/1169/313 2673/1170/314
f 2668/1165/309 2673/1170/314 2674/1171/315
f 2675/1172/316 2670/1167/311 2676/1173/317
f 2675/1172/316 2676/1173/317 2677/1174/318
f 2674/1171/319 2678/1175/320 2679/1176/321
f 2674/1171/319 2679/1176/321 2680/1177/322
f 2681/1178/323 2676/1173/317 2682/1179/324
f 2681/1178/323 2682/1179/324 2683/1180/325
f 2680/1177/322 2684/1181/326 2685/1182/327
f 2680/1177/322 2685/1182/327 2686/1183/328
f 2687/1184/329 2682/1179/324 2688/1185/330
f 2687/1184/329 2688/1185/330 2689/1186/331
f 2686/1183/328 2690/1187/332 2691/1188/333
f 2686/1183/328 2691/1188/333 2692/1189/334
f 2693/1190/335 2688/1185/330 2694/1191/336
f 2693/1190/335 2694/1191/336 2695/1192/337
f 2692/1189/338 2696/1193/339 2697/1194/340
f 2692/1189/338 2697/1194/340 2698/1195/341
f 2699/1196/342 2694/1191/336 2700/1197/343
f 2699/1196/342 2700/1197/343 2701/1198/344
f 2698/1195/341 2702/1199/345 2703/1200/346
f 2698/1195/341 2703/1200/346 2700/1197/343
f 2704/1201/347 2705/1202/307 2706/1203/310
f 2704/1201/347 2706/1203/310 2707/1204/348
f 2708/1205/348 2709/1206/310 2710/1207/312
f 2708/1205/348 2710/1207/312 2711/1208/349
f 2712/1209/350 2713/1210/351 2714/1211/352
f 2712/1209/350 2714/1211/352 2715/1212/347
f 2716/1213/351 2717/1214/350 2718/1215/353
f 2716/1213/351 2718/1215/353 2719/1216/314
f 2720/1217/354 2721/1218/354 2722/1219/354
f 2720/1217/354 2722/1219/354 2723/1220/354
f 2720/1217/354 2723/1220/354 2724/1221/354
f 2720/1217/354 2724/1221/354 2725/1222/354
f 2726/1223/355 2727/1224/356 2728/1225/356
f 2726/1223/355 2728/1225/356 2729/1226/355
f 2730/1227/349 2731/1228/312 2732/1229/323
f 2730/1227/349 2732/1229/323 2733/1230/357
f 2734/1231/358 2735/1232/355 2736/1233/355
f 2734/1231/358 2736/1233/355 2737/1234/358
f 2738/1235/356 2739/1236/359 2740/1237/359
f 2738/1235/356 2740/1237/359 2741/1238/356
f 2742/1239/314 2743/1240/353 2744/1241/360
f 2742/1239/314 2744/1241/360 2745/1242/326
f 2746/1243/361 2747/1244/358 2748/1245/358
f 2746/1243/361 2748/1245/358 2749/1246/361
f 2750/1247/359 2751/1248/362 2752/1249/362
f 2750/1247/359 2752/1249/362 2753/1250/359
f 2754/1251/363 2755/1252/318 2756/1253/329
f 2754/1251/363 2756/1253/329 2757/1254/364
f 2758/1255/365 2759/1256/365 2760/1257/365
f 2758/1255/365 2760/1257/365 2761/1258/365
f 2761/1258/365 2760/1257/365 2762/1259/365
f 2762/1259/365 2760/1257/365 2763/1260/365
f 2763/1260/365 2760/1257/365 2764/1261/365
f 2764/1261/365 2760/1257/365 2765/1262/365
f 2766/1263/321 2767/1264/366 2768/1265/367
f 2766/1263/321 2768/1265/367 2769/1266/332
f 2770/1267/368 2771/1268/361 2772/1269/361
f 2770/1267/368 2772/1269/361 2773/1270/368
f 2774/1271/362 2775/1272/369 2776/1273/369
f 2774/1271/362 2776/1273/369 2777/1274/362
f 2778/1275/354 2779/1276/354 2780/1277/354
f 2778/1275/354 2780/1277/354 2781/1278/354
f 2778/1275/354 2781/1278/354 2782/1279/354
f 2778/1275/354 2782/1279/354 2783/1280/354
f 2778/1275/354 2783/1280/354 2784/1281/354
f 2778/1275/354 2784/1281/354 2785/1282/354
f 2786/1283/370 2787/1284/368 2788/1285/368
f 2786/1283/370 2788/1285/368 2789/1286/370
f 2790/1287/369 2791/1288/371 2792/1289/371
f 2790/1287/369 2792/1289/371 2793/1290/369
f 2794/1291/327 2795/1292/372 2796/1293/373
f 2794/1291/327 2796/1293/373 2797/1294/339
f 2798/1295/374 2799/1296/325 2800/1297/335
f 2798/1295/374 2800/1297/335 2801/1298/375
f 2802/1299/376 2803/1300/370 2804/1301/370
f 2802/1299/376 2804/1301/370 2805/1302/376
f 2806/1303/371 2807/1304/377 2808/1305/377
f 2806/1303/371 2808/1305/377 2809/1306/371
f 2810/1307/339 2811/1308/373 2812/1309/378
f 2810/1307/339 2812/1309/378 2813/1310/379
f 2814/1311/380 2815/1312/376 2816/1313/376
f 2814/1311/380 2816/1313/376 2817/1314/380
f 2818/1315/381 2819/1316/377 2820/1317/377
f 2818/1315/381 2820/1317/377 2821/1318/381
f 2822/1319/375 2823/1320/335 2824/1321/337
f 2822/1319/375 2824/1321/337 2825/1322/382
f 2826/1323/381 2827/1324/380 2828/1325/380
f 2826/1323/381 2828/1325/380 2829/1326/381
f 2830/1327/379 2831/1328/378 2832/1329/383
f 2830/1327/379 2832/1329/383 2833/1330/344
f 2834/1331/346 2835/1332/384 2836/1333/382
f 2834/1331/346 2836/1333/382 2837/1334/337
f 2838/1335/354 2839/1336/347 2840/1337/348
f 2838/1335/354 2840/1337/348 2841/1338/354
f 2841/1338/354 2840/1337/348 2842/1339/349
f 2841/1338/354 2842/1339/349 2843/1340/354
f 2843/1340/354 2842/1339/349 2844/1341/363
f 2843/1340/354 2844/1341/363 2845/1342/354
f 2845/1342/354 2844/1341/363 2846/1343/364
f 2845/1342/354 2846/1343/364 2847/1344/354
f 2847/1344/354 2846/1343/364 2848/1345/375
f 2847/1344/354 2848/1345/375 2849/1346/354
f 2849/1346/354 2848/1345/375 2850/1347/382
f 2849/1346/354 2850/1347/382 2851/1348/354
f 2851/1348/354 2850/1347/382 2852/1349/384
f 2851/1348/354 2852/1349/384 2853/1350/354
f 2853/1350/354 2852/1349/384 2854/1351/378
f 2853/1350/354 2854/1351/378 2855/1352/354
f 2855/1352/354 2854/1351/378 2856/1353/373
f 2855/1352/354 2856/1353/373 2857/1354/354
f 2857/1354/354 2856/1353/373 2858/1355/367
f 2857/1354/354 2858/1355/367 2859/1356/354
f 2859/1356/354 2858/1355/367 2860/1357/360
f 2859/1356/354 2860/1357/360 2861/1358/354
f 2861/1358/354 2860/1357/360 2862/1359/353
f 2861/1358/354 2862/1359/353 2863/1360/354
f 2863/1360/354 2862/1359/353 2864/1361/350
f 2863/1360/354 2864/1361/350 2865/1362/354
f 2865/1362/354 2864/1361/350 2839/1336/347
f 2865/1362/354 2839/1336/347 2838/1335/354
f 2866/1363/381 2867/1364/381 2868/1365/385
f 2866/1363/381 2868/1365/385 2869/1366/385
f 2869/1366/385 2868/1365/385 2870/1367/386
f 2869/1366/385 2870/1367/386 2871/1368/386
f 2871/1368/386 2870/1367/386 2872/1369/387
f 2871/1368/386 2872/1369/387 2873/1370/387
f 2873/1370/387 2872/1369/387 2874/1371/355
f 2873/1370/387 2874/1371/355 2875/1372/355
f 2875/1372/355 2874/1371/355 2876/1373/388
f 2875/1372/355 2876/1373/388 2877/1374/388
f 2877/1374/388 2876/1373/388 2878/1375/389
f 2877/1374/388 2878/1375/389 2879/1376/389
f 2879/1376/389 2878/1375/389 2880/1377/390
f 2879/1376/389 2880/1377/390 2881/1378/390
f 2881/1378/390 2880/1377/390 2867/1364/381
f 2881/1378/390 2867/1364/381 2866/1363/381
usemtl burns_vDoorPNorm_m
f 1249/1379/391 1250/1380/392 1251/1381/393
f 1250/1380/392 1249/1379/391 1252/1382/394
f 1253/1383/395 1254/1384/396 1255/1385/397
f 1253/1383/395 1255/1385/397 1256/1386/398
f 1253/1383/395 1256/1386/398 1257/1387/399
f 1257/1387/399 1256/1386/398 1258/1388/400
f 1257/1387/399 1258/1388/400 1259/1389/401
f 1259/1389/401 1258/1388/400 1260/1390/402
f 1259/1389/401 1260/1390/402 1261/1391/403
f 1259/1389/401 1261/1391/403 1262/1392/404
f 1262/1392/404 1261/1391/403 1263/1393/405
f 1262/1392/404 1263/1393/405 1264/1394/393
f 1255/1385/397 1265/1395/406 1266/1396/407
f 1255/1385/397 1266/1396/407 1267/1397/408
f 1255/1385/397 1267/1397/408 1256/1386/398
f 1256/1386/398 1267/1397/408 1268/1398/409
f 1256/1386/398 1268/1398/409 1269/1399/410
f 1256/1386/398 1269/1399/410 1258/1388/400
f 1258/1388/400 1269/1399/410 1270/1400/411
f 1258/1388/400 1270/1400/411 1260/1390/402
f 1260/1390/402 1270/1400/411 1271/1401/412
f 1260/1390/402 1271/1401/412 1261/1391/403
f 1261/1391/403 1271/1401/412 1272/1402/413
f 1261/1391/403 1272/1402/413 1263/1393/405
f 1266/1396/407 1273/1403/414 1274/1404/415
f 1266/1396/407 1274/1404/415 1267/1397/408
f 1267/1397/408 1274/1404/415 1275/1405/416
f 1267/1397/408 1275/1405/416 1268/1398/409
f 1268/1398/409 1275/1405/416 1276/1406/417
f 1268/1398/409 1276/1406/417 1269/1399/410
f 1269/1399/410 1276/1406/417 1277/1407/418
f 1269/1399/410 1277/1407/418 1270/1400/411
f 1270/1400/411 1277/1407/418 1271/1401/412
f 1271/1401/412 1277/1407/418 1278/1408/419
f 1271/1401/412 1278/1408/419 1272/1402/413
f 1272/1402/413 1278/1408/419 1279/1409/420
f 1280/1410/421 1281/1411/422 1282/1412/423
f 1280/1410/421 1282/1412/423 1283/1413/424
f 1283/1413/424 1282/1412/423 1284/1414/425
f 1283/1413/424 1284/1414/425 1285/1415/426
f 1283/1413/424 1285/1415/426 1286/1416/427
f 1283/1413/424 1286/1416/427 1287/1417/428
f 1283/1413/424 1287/1417/428 1280/1410/421
f 1280/1410/421 1287/1417/428 1288/1418/429
f 1289/1419/430 1290/1420/431 1254/1384/396
f 1289/1419/430 1254/1384/396 1291/1421/432
f 1292/1422/430 1293/1423/432 1294/1424/414
f 1292/1422/430 1294/1424/414 1295/1425/407
f 1296/1426/433 1297/1427/433 1298/1428/433
f 1296/1426/433 1298/1428/433 1299/1429/433
f 1300/1430/434 1301/1431/435 1302/1432/436
f 1300/1430/434 1302/1432/436 1303/1433/437
f 1303/1433/437 1302/1432/436 1304/1434/438
f 1303/1433/437 1304/1434/438 1305/1435/439
f 1303/1433/437 1305/1435/439 1306/1436/440
f 1303/1433/437 1306/1436/440 1307/1437/441
f 1303/1433/437 1307/1437/441 1308/1438/442
f 1303/1433/437 1308/1438/442 1300/1430/434
f 1309/1439/428 1310/1440/443 1311/1441/444
f 1309/1439/428 1311/1441/444 1312/1442/445
f 1312/1442/445 1311/1441/444 1313/1443/446
f 1312/1442/445 1313/1443/446 1314/1444/447
f 1314/1444/447 1313/1443/446 1315/1445/448
f 1314/1444/447 1315/1445/448 1316/1446/449
f 1316/1446/449 1315/1445/448 1317/1447/450
f 1316/1446/449 1317/1447/450 1318/1448/451
f 1316/1446/449 1318/1448/451 1319/1449/452
f 1319/1449/452 1318/1448/451 1320/1450/453
f 1320/1450/453 1318/1448/451 1321/1451/454
f 1320/1450/453 1321/1451/454 1322/1452/455
f 1319/1449/452 1323/1453/456 1324/1454/457
f 1319/1449/452 1324/1454/457 1325/1455/458
f 1319/1449/452 1325/1455/458 1316/1446/449
f 1316/1446/449 1325/1455/458 1314/1444/447
f 1314/1444/447 1325/1455/458 1326/1456/459
f 1314/1444/447 1326/1456/459 1312/1442/445
f 1312/1442/445 1326/1456/459 1327/1457/429
f 1312/1442/445 1327/1457/429 1309/1439/428
f 1328/1458/460 1327/1457/429 1326/1456/459
f 1328/1458/460 1326/1456/459 1329/1459/461
f 1329/1459/461 1326/1456/459 1324/1454/457
f 1324/1454/457 1326/1456/459 1325/1455/458
f 1322/1452/455 1321/1451/454 1330/1460/462
f 1330/1460/462 1321/1451/454 1331/1461/463
f 1331/1461/463 1321/1451/454 1332/1462/464
f 1331/1461/463 1332/1462/464 1333/1463/465
f 1331/1461/463 1333/1463/465 1330/1460/462
f 1330/1460/462 1333/1463/465 1334/1464/466
f 1330/1460/462 1334/1464/466 1335/1465/467
f 1330/1460/462 1335/1465/467 1322/1452/455
f 1322/1452/455 1335/1465/467 1336/1466/468
f 1322/1452/455 1336/1466/468 1320/1450/453
f 1320/1450/453 1336/1466/468 1323/1453/456
f 1320/1450/453 1323/1453/456 1319/1449/452
usemtl burns_vInt_m
f 1345/1467/469 1346/1468/470 1347/1469/471
f 1346/1468/470 1345/1467/469 1348/1470/472
f 1349/1471/473 1350/1472/474 1351/1473/475
f 1349/1471/473 1351/1473/475 1352/1474/476
f 1353/1475/477 1354/1476/478 1355/1477/479
f 1353/1475/477 1355/1477/479 1356/1478/480
f 1357/1479/442 1358/1480/481 1359/1481/482
f 1357/1479/442 1359/1481/482 1360/1482/483
f 1361/1483/484 1362/1484/485 1363/1485/485
f 1361/1483/484 1363/1485/485 1364/1486/486
f 1365/1487/487 1366/1488/487 1367/1489/488
f 1365/1487/487 1367/1489/488 1368/1490/488
f 1369/1491/485 1370/1492/489 1371/1493/489
f 1369/1491/485 1371/1493/489 1372/1494/485
f 1373/1495/489 1374/1496/490 1375/1497/490
f 1373/1495/489 1375/1497/490 1376/1498/489
f 1377/1499/490 1378/1500/490 1379/1501/491
f 1377/1499/490 1379/1501/491 1380/1502/491
f 1381/1503/422 1382/1504/422 1383/1505/422
f 1381/1503/422 1383/1505/422 1384/1506/422
f 1385/1507/422 1386/1508/422 1387/1509/422
f 1385/1507/422 1387/1509/422 1388/1510/422
f 1389/1511/442 1390/1512/442 1391/1513/442
f 1392/1514/355 1393/1515/355 1394/1516/355
f 1392/1514/355 1394/1516/355 1395/1517/492
f 1395/1517/492 1394/1516/355 1396/1518/492
f 1395/1517/492 1396/1518/492 1397/1519/493
f 1397/1519/493 1396/1518/492 1398/1520/493
f 1397/1519/493 1398/1520/493 1399/1521/494
f 1399/1521/494 1398/1520/493 1400/1522/494
f 1399/1521/494 1400/1522/494 1401/1523/495
f 1401/1523/495 1400/1522/494 1402/1524/495
f 1401/1523/495 1402/1524/495 1403/1525/496
f 1401/1523/495 1403/1525/496 1404/1526/496
f 1404/1526/496 1403/1525/496 1405/1527/497
f 1404/1526/496 1405/1527/497 1406/1528/498
f 1406/1528/498 1405/1527/497 1407/1529/499
f 1406/1528/498 1407/1529/499 1408/1530/499
f 1408/1530/499 1407/1529/499 1409/1531/500
f 1408/1530/499 1409/1531/500 1410/1532/500
f 1410/1532/500 1409/1531/500 1411/1533/381
f 1410/1532/500 1411/1533/381 1412/1534/381
f 1412/1534/381 1411/1533/381 1413/1535/381
f 1414/1536/422 1415/1537/422 1416/1538/422
f 1414/1536/422 1416/1538/422 1417/1539/422
f 1418/1540/501 1419/1541/491 1420/1542/502
f 1418/1540/501 1420/1542/502 1421/1543/503
f 1422/1544/422 1423/1545/422 1424/1546/422
f 1422/1544/422 1424/1546/422 1425/1547/422
f 1426/1548/422 1427/1549/422 1428/1550/422
f 1426/1548/422 1428/1550/422 1429/1551/422
f 1430/1552/504 1431/1553/504 1432/1554/504
f 1430/1552/504 1432/1554/504 1433/1555/504
f 1434/1556/422 1435/1557/422 1436/1558/422
f 1434/1556/422 1436/1558/422 1437/1559/422
f 1438/1560/505 1439/1561/505 1440/1562/505
f 1438/1560/505 1440/1562/505 1441/1563/505
f 1442/1564/469 1443/1565/469 1444/1566/469
f 1442/1564/469 1444/1566/469 1445/1567/469
f 1446/1568/506 1447/1569/507 1448/1570/469
f 1446/1568/506 1448/1570/469 1449/1571/508
f 1449/1571/508 1448/1570/469 1450/1572/509
f 1450/1572/509 1448/1570/469 1451/1573/510
f 1451/1573/510 1448/1570/469 1452/1574/511
f 1452/1574/511 1448/1570/469 1453/1575/512
f 1454/1576/503 1455/1577/503 1456/1578/513
f 1454/1576/503 1456/1578/513 1457/1579/513
f 1458/1580/514 1459/1581/514 1460/1582/514
f 1458/1580/514 1460/1582/514 1461/1583/514
f 1462/1584/515 1463/1585/516 1464/1586/516
f 1462/1584/515 1464/1586/516 1465/1587/515
f 1462/1584/515 1465/1587/515 1466/1588/517
f 1462/1584/515 1466/1588/517 1467/1589/517
f 1467/1589/517 1466/1588/517 1468/1590/518
f 1467/1589/517 1468/1590/518 1469/1591/518
f 1470/1592/516 1471/1593/516 1472/1594/381
f 1470/1592/516 1472/1594/381 1473/1595/381
f 1474/1596/381 1475/1597/381 1476/1598/519
f 1474/1596/381 1476/1598/519 1477/1599/519
f 1478/1600/519 1479/1601/519 1480/1602/520
f 1478/1600/519 1480/1602/520 1481/1603/520
f 1482/1604/521 1483/1605/521 1484/1606/521
f 1482/1604/521 1484/1606/521 1485/1607/521
f 1486/1608/522 1487/1609/522 1488/1610/522
f 1486/1608/522 1488/1610/522 1489/1611/522
f 1490/1612/355 1491/1613/355 1492/1614/355
f 1490/1612/355 1492/1614/355 1493/1615/355
f 1494/1616/523 1495/1617/523 1496/1618/523
f 1494/1616/523 1496/1618/523 1497/1619/523
f 1498/1620/422 1499/1621/422 1500/1622/422
f 1498/1620/422 1500/1622/422 1501/1623/422
f 1502/1624/422 1503/1625/422 1504/1626/422
f 1505/1627/422 1506/1628/422 1507/1629/422
f 1505/1627/422 1507/1629/422 1508/1630/422
f 1509/1631/442 1510/1632/442 1511/1633/442
f 1509/1631/442 1511/1633/442 1512/1634/442
f 1513/1635/422 1514/1636/422 1515/1637/422
f 1513/1635/422 1515/1637/422 1516/1638/422
f 1517/1639/355 1518/1640/355 1519/1641/355
f 1517/1639/355 1519/1641/355 1520/1642/355
f 1521/1643/469 1522/1644/469 1523/1645/469
f 1521/1643/469 1523/1645/469 1524/1646/469
f 1525/1647/422 1526/1648/422 1527/1649/422
f 1525/1647/422 1527/1649/422 1528/1650/422
f 1529/1651/422 1530/1652/422 1531/1653/422
f 1532/1654/422 1533/1655/422 1534/1656/422
f 1532/1654/422 1534/1656/422 1535/1657/422
f 1532/1654/422 1535/1657/422 1536/1658/422
f 1537/1659/422 1538/1660/422 1539/1661/422
f 1537/1659/422 1539/1661/422 1540/1662/422
f 1537/1659/422 1540/1662/422 1541/1663/422
f 1542/1664/506 1543/1665/507 1544/1666/469
f 1542/1664/506 1544/1666/469 1545/1667/508
f 1545/1667/508 1544/1666/469 1546/1668/509
f 1546/1668/509 1544/1666/469 1547/1669/510
f 1547/1669/510 1544/1666/469 1548/1670/511
f 1548/1670/511 1544/1666/469 1549/1671/512
f 1550/1672/524 1551/1673/524 1552/1674/524
f 1550/1672/524 1552/1674/524 1553/1675/524
f 1554/1676/525 1555/1677/525 1556/1678/525
f 1554/1676/525 1556/1678/525 1557/1679/526
f 1558/1680/527 1559/1681/520 1560/1682/520
f 1558/1680/527 1560/1682/520 1561/1683/527
f 1562/1684/381 1563/1685/381 1564/1686/381
f 1562/1684/381 1564/1686/381 1565/1687/381
f 1566/1688/381 1567/1689/381 1568/1690/381
f 1566/1688/381 1568/1690/381 1569/1691/381
f 1570/1692/422 1571/1693/422 1572/1694/422
f 1570/1692/422 1572/1694/422 1573/1695/422
f 1574/1696/422 1575/1697/422 1576/1698/422
f 1574/1696/422 1576/1698/422 1577/1699/422
f 1578/1700/422 1579/1701/422 1580/1702/422
f 1581/1703/422 1582/1704/422 1583/1705/422
f 1584/1706/355 1585/1707/518 1586/1708/518
f 1584/1706/355 1586/1708/518 1587/1709/355
f 1588/1710/528 1589/1711/355 1590/1712/355
f 1588/1710/528 1590/1712/355 1591/1713/528
f 1592/1714/527 1593/1715/528 1594/1716/528
f 1592/1714/527 1594/1716/528 1595/1717/527
f 1596/1718/529 1597/1719/530 1598/1720/513
f 1596/1718/529 1598/1720/513 1599/1721/529
f 1600/1722/531 1601/1723/532 1602/1724/469
f 1600/1722/531 1602/1724/469 1603/1725/533
f 1604/1726/534 1605/1727/472 1606/1728/535
f 1604/1726/534 1606/1728/535 1607/1729/536
f 1608/1730/442 1609/1731/480 1610/1732/537
f 1608/1730/442 1610/1732/537 1611/1733/538
f 1612/1734/529 1613/1735/529 1614/1736/539
f 1612/1734/529 1614/1736/539 1615/1737/539
f 1616/1738/442 1617/1739/442 1618/1740/442
f 1616/1738/442 1618/1740/442 1619/1741/442
f 1620/1742/540 1621/1743/541 1622/1744/541
f 1620/1742/540 1622/1744/541 1623/1745/540
f 1624/1746/442 1625/1747/442 1626/1748/442
f 1627/1749/542 1628/1750/542 1629/1751/485
f 1627/1749/542 1629/1751/485 1630/1752/485
f 1631/1753/543 1632/1754/543 1633/1755/539
f 1631/1753/543 1633/1755/539 1634/1756/539
f 1635/1757/485 1636/1758/485 1637/1759/543
f 1635/1757/485 1637/1759/543 1638/1760/543
f 1639/1761/544 1640/1762/545 1641/1763/546
f 1639/1761/544 1641/1763/546 1642/1764/547
f 1643/1765/548 1644/1766/549 1645/1767/550
f 1643/1765/548 1645/1767/550 1646/1768/551
f 1643/1765/548 1646/1768/551 1647/1769/552
f 1647/1769/552 1646/1768/551 1648/1770/553
f 1647/1769/552 1648/1770/553 1649/1771/553
f 1649/1771/553 1648/1770/553 1650/1772/554
f 1650/1772/554 1648/1770/553 1651/1773/555
f 1650/1772/554 1651/1773/555 1652/1774/556
f 1652/1774/556 1651/1773/555 1653/1775/557
f 1652/1774/556 1653/1775/557 1654/1776/558
f 1654/1776/558 1653/1775/557 1655/1777/559
f 1654/1776/558 1655/1777/559 1656/1778/560
f 1656/1778/560 1655/1777/559 1657/1779/561
f 1656/1778/560 1657/1779/561 1658/1780/562
f 1656/1778/560 1658/1780/562 1644/1766/549
f 1644/1766/549 1658/1780/562 1645/1767/550
f 1645/1767/550 1658/1780/562 1659/1781/563
f 1659/1781/563 1658/1780/562 1657/1779/561
f 1659/1781/563 1657/1779/561 1655/1777/559
f 1659/1781/563 1655/1777/559 1653/1775/557
f 1660/1782/469 1661/1783/564 1662/1784/565
f 1660/1782/469 1662/1784/565 1663/1785/566
f 1660/1782/469 1663/1785/566 1664/1786/567
f 1660/1782/469 1664/1786/567 1665/1787/568
f 1660/1782/469 1665/1787/568 1666/1788/569
f 1660/1782/469 1666/1788/569 1667/1789/570
f 1660/1782/469 1667/1789/570 1668/1790/571
f 1660/1782/469 1668/1790/571 1661/1783/564
f 1669/1791/572 1670/1792/573 1671/1793/574
f 1669/1791/572 1671/1793/574 1672/1794/575
f 1672/1794/575 1671/1793/574 1673/1795/576
f 1672/1794/575 1673/1795/576 1674/1796/577
f 1672/1794/575 1674/1796/577 1675/1797/578
f 1675/1797/578 1674/1796/577 1676/1798/579
f 1675/1797/578 1676/1798/579 1677/1799/580
f 1677/1799/580 1676/1798/579 1678/1800/581
f 1678/1800/581 1676/1798/579 1679/1801/582
f 1678/1800/581 1679/1801/582 1680/1802/583
f 1678/1800/581 1680/1802/583 1670/1792/573
f 1670/1792/573 1680/1802/583 1671/1793/574
f 1671/1793/574 1680/1802/583 1681/1803/469
f 1671/1793/574 1681/1803/469 1673/1795/576
f 1673/1795/576 1681/1803/469 1674/1796/577
f 1674/1796/577 1681/1803/469 1676/1798/579
f 1676/1798/579 1681/1803/469 1679/1801/582
f 1679/1801/582 1681/1803/469 1680/1802/583
f 1682/1804/442 1683/1805/584 1684/1806/585
f 1682/1804/442 1684/1806/585 1685/1807/586
f 1682/1804/442 1685/1807/586 1686/1808/587
f 1682/1804/442 1686/1808/587 1687/1809/588
f 1682/1804/442 1687/1809/588 1688/1810/589
f 1682/1804/442 1688/1810/589 1683/1805/584
f 1689/1811/442 1690/1812/590 1691/1813/591
f 1689/1811/442 1691/1813/591 1692/1814/592
f 1689/1811/442 1692/1814/592 1693/1815/593
f 1689/1811/442 1693/1815/593 1694/1816/594
f 1689/1811/442 1694/1816/594 1695/1817/595
f 1689/1811/442 1695/1817/595 1690/1812/590
f 1696/1818/596 1697/1819/597 1698/1820/598
f 1696/1818/596 1698/1820/598 1699/1821/599
f 1696/1818/596 1699/1821/599 1700/1822/600
f 1700/1822/600 1699/1821/599 1701/1823/601
f 1700/1822/600 1701/1823/601 1702/1824/602
f 1702/1824/602 1701/1823/601 1697/1819/597
f 1697/1819/597 1701/1823/601 1703/1825/603
f 1697/1819/597 1703/1825/603 1698/1820/598
f 1698/1820/598 1703/1825/603 1704/1826/604
f 1704/1826/604 1703/1825/603 1701/1823/601
f 1704/1826/604 1701/1823/601 1705/1827/605
f 1705/1827/605 1701/1823/601 1706/1828/606
f 1706/1828/606 1701/1823/601 1699/1821/599
f 1706/1828/606 1699/1821/599 1707/1829/607
f 1707/1829/607 1699/1821/599 1698/1820/598
f 1707/1829/607 1698/1820/598 1704/1826/604
f 1708/1830/608 1709/1831/608 1710/1832/609
f 1708/1830/608 1710/1832/609 1711/1833/609
f 1711/1833/609 1710/1832/609 1712/1834/610
f 1711/1833/609 1712/1834/610 1713/1835/610
f 1713/1835/610 1712/1834/610 1708/1830/608
f 1708/1830/608 1712/1834/610 1709/1831/608
f 1714/1836/611 1715/1837/612 1716/1838/613
f 1714/1836/611 1716/1838/613 1717/1839/614
f 1717/1839/614 1716/1838/613 1718/1840/615
f 1717/1839/614 1718/1840/615 1719/1841/616
f 1719/1841/616 1718/1840/615 1720/1842/617
f 1719/1841/616 1720/1842/617 1715/1837/612
f 1719/1841/616 1715/1837/612 1721/1843/618
f 1721/1843/618 1715/1837/612 1714/1836/611
f 1721/1843/618 1714/1836/611 1722/1844/619
f 1721/1843/618 1722/1844/619 1719/1841/616
f 1719/1841/616 1722/1844/619 1723/1845/620
f 1719/1841/616 1723/1845/620 1724/1846/621
f 1719/1841/616 1724/1846/621 1717/1839/614
f 1717/1839/614 1724/1846/621 1725/1847/622
f 1717/1839/614 1725/1847/622 1714/1836/611
f 1714/1836/611 1725/1847/622 1722/1844/619
f 1726/1848/623 1727/1849/623 1728/1850/624
f 1726/1848/623 1728/1850/624 1729/1851/624
f 1729/1851/624 1728/1850/624 1730/1852/625
f 1729/1851/624 1730/1852/625 1731/1853/625
f 1731/1853/625 1730/1852/625 1732/1854/355
f 1731/1853/625 1732/1854/355 1733/1855/355
f 1733/1855/355 1732/1854/355 1734/1856/626
f 1733/1855/355 1734/1856/626 1735/1857/626
f 1735/1857/626 1734/1856/626 1727/1849/623
f 1735/1857/626 1727/1849/623 1726/1848/623
f 1736/1858/627 1737/1859/628 1738/1860/629
f 1736/1858/627 1738/1860/629 1739/1861/630
f 1736/1858/627 1739/1861/630 1740/1862/631
f 1736/1858/627 1740/1862/631 1741/1863/632
f 1741/1863/632 1740/1862/631 1742/1864/633
f 1741/1863/632 1742/1864/633 1743/1865/634
f 1743/1865/634 1742/1864/633 1744/1866/635
f 1743/1865/634 1744/1866/635 1745/1867/636
f 1745/1867/636 1744/1866/635 1746/1868/637
f 1745/1867/636 1746/1868/637 1747/1869/638
f 1747/1869/638 1746/1868/637 1748/1870/639
f 1742/1864/633 1740/1862/631 1749/1871/640
f 1742/1864/633 1749/1871/640 1744/1866/635
f 1744/1866/635 1749/1871/640 1750/1872/641
f 1744/1866/635 1750/1872/641 1746/1868/637
f 1748/1870/639 1746/1868/637 1750/1872/641
f 1748/1870/639 1750/1872/641 1751/1873/642
f 1751/1873/642 1750/1872/641 1749/1871/640
f 1751/1873/642 1749/1871/640 1752/1874/643
f 1752/1874/643 1749/1871/640 1740/1862/631
f 1752/1874/643 1740/1862/631 1739/1861/630
f 1752/1874/643 1739/1861/630 1751/1873/642
f 1751/1873/642 1739/1861/630 1753/1875/644
f 1751/1873/642 1753/1875/644 1748/1870/639
f 1748/1870/639 1753/1875/644 1754/1876/645
f 1754/1876/645 1753/1875/644 1755/1877/636
f 1755/1877/636 1753/1875/644 1739/1861/630
f 1756/1878/646 1757/1879/647 1758/1880/648
f 1758/1880/648 1757/1879/647 1759/1881/649
f 1759/1881/649 1757/1879/647 1760/1882/650
f 1759/1881/649 1760/1882/650 1745/1867/636
f 1745/1867/636 1760/1882/650 1743/1865/634
f 1743/1865/634 1760/1882/650 1741/1863/632
f 1741/1863/632 1760/1882/650 1757/1879/647
f 1755/1877/636 1739/1861/630 1738/1860/629
f 1755/1877/636 1738/1860/629 1761/1883/651
f 1761/1883/651 1738/1860/629 1762/1884/648
f 1762/1884/648 1738/1860/629 1737/1859/628
f 1762/1884/648 1737/1859/628 1763/1885/652
f 1763/1885/652 1737/1859/628 1764/1886/653
f 1764/1886/653 1737/1859/628 1736/1858/627
f 1764/1886/653 1736/1858/627 1765/1887/654
f 1765/1887/654 1736/1858/627 1766/1888/655
f 1766/1888/655 1736/1858/627 1741/1863/632
f 1766/1888/655 1741/1863/632 1767/1889/656
f 1767/1889/656 1741/1863/632 1757/1879/647
f 1767/1889/656 1757/1879/647 1756/1878/646
f 1768/1890/442 1769/1891/590 1770/1892/657
f 1768/1890/442 1770/1892/657 1771/1893/592
f 1768/1890/442 1771/1893/592 1772/1894/593
f 1768/1890/442 1772/1894/593 1773/1895/594
f 1768/1890/442 1773/1895/594 1774/1896/595
f 1768/1890/442 1774/1896/595 1769/1891/590
f 1775/1897/623 1776/1898/623 1777/1899/624
f 1775/1897/623 1777/1899/624 1778/1900/624
f 1778/1900/624 1777/1899/624 1779/1901/625
f 1778/1900/624 1779/1901/625 1780/1902/625
f 1780/1902/625 1779/1901/625 1781/1903/355
f 1780/1902/625 1781/1903/355 1782/1904/355
f 1782/1904/355 1781/1903/355 1783/1905/626
f 1782/1904/355 1783/1905/626 1784/1906/626
f 1784/1906/626 1783/1905/626 1776/1898/623
f 1784/1906/626 1776/1898/623 1775/1897/623
f 1785/1907/572 1786/1908/573 1787/1909/574
f 1785/1907/572 1787/1909/574 1788/1910/658
f 1788/1910/658 1787/1909/574 1789/1911/576
f 1788/1910/658 1789/1911/576 1790/1912/577
f 1788/1910/658 1790/1912/577 1791/1913/578
f 1791/1913/578 1790/1912/577 1792/1914/579
f 1791/1913/578 1792/1914/579 1793/1915/580
f 1793/1915/580 1792/1914/579 1794/1916/659
f 1794/1916/659 1792/1914/579 1795/1917/660
f 1794/1916/659 1795/1917/660 1796/1918/583
f 1794/1916/659 1796/1918/583 1786/1908/573
f 1786/1908/573 1796/1918/583 1787/1909/574
f 1787/1909/574 1796/1918/583 1797/1919/469
f 1787/1909/574 1797/1919/469 1789/1911/576
f 1789/1911/576 1797/1919/469 1790/1912/577
f 1790/1912/577 1797/1919/469 1792/1914/579
f 1792/1914/579 1797/1919/469 1795/1917/660
f 1795/1917/660 1797/1919/469 1796/1918/583
f 1798/1920/442 1799/1921/584 1800/1922/661
f 1798/1920/442 1800/1922/661 1801/1923/586
f 1798/1920/442 1801/1923/586 1802/1924/587
f 1798/1920/442 1802/1924/587 1803/1925/588
f 1798/1920/442 1803/1925/588 1804/1926/662
f 1798/1920/442 1804/1926/662 1799/1921/584
f 1805/1927/548 1806/1928/549 1807/1929/663
f 1805/1927/548 1807/1929/663 1808/1930/551
f 1805/1927/548 1808/1930/551 1809/1931/552
f 1809/1931/552 1808/1930/551 1810/1932/553
f 1809/1931/552 1810/1932/553 1811/1933/553
f 1811/1933/553 1810/1932/553 1812/1934/554
f 1812/1934/554 1810/1932/553 1813/1935/555
f 1812/1934/554 1813/1935/555 1814/1936/556
f 1814/1936/556 1813/1935/555 1815/1937/557
f 1814/1936/556 1815/1937/557 1816/1938/664
f 1816/1938/664 1815/1937/557 1817/1939/559
f 1816/1938/664 1817/1939/559 1818/1940/560
f 1818/1940/560 1817/1939/559 1819/1941/561
f 1818/1940/560 1819/1941/561 1820/1942/562
f 1818/1940/560 1820/1942/562 1806/1928/549
f 1806/1928/549 1820/1942/562 1807/1929/663
f 1807/1929/663 1820/1942/562 1821/1943/563
f 1821/1943/563 1820/1942/562 1819/1941/561
f 1821/1943/563 1819/1941/561 1817/1939/559
f 1821/1943/563 1817/1939/559 1815/1937/557
f 1822/1944/469 1823/1945/564 1824/1946/565
f 1822/1944/469 1824/1946/565 1825/1947/566
f 1822/1944/469 1825/1947/566 1826/1948/567
f 1822/1944/469 1826/1948/567 1827/1949/568
f 1822/1944/469 1827/1949/568 1828/1950/569
f 1822/1944/469 1828/1950/569 1829/1951/570
f 1822/1944/469 1829/1951/570 1830/1952/571
f 1822/1944/469 1830/1952/571 1823/1945/564
f 1831/1953/665 1832/1954/665 1833/1955/666
f 1831/1953/665 1833/1955/666 1834/1956/666
f 1834/1956/666 1833/1955/666 1835/1957/422
f 1834/1956/666 1835/1957/422 1836/1958/422
f 1836/1958/422 1835/1957/422 1837/1959/667
f 1836/1958/422 1837/1959/667 1838/1960/667
f 1838/1960/667 1837/1959/667 1839/1961/668
f 1838/1960/667 1839/1961/668 1840/1962/668
f 1840/1962/668 1839/1961/668 1832/1954/665
f 1840/1962/668 1832/1954/665 1831/1953/665
f 1841/1963/666 1842/1964/666 1843/1965/422
f 1841/1963/666 1843/1965/422 1844/1966/422
f 1844/1966/422 1843/1965/422 1845/1967/667
f 1844/1966/422 1845/1967/667 1846/1968/667
f 1846/1968/667 1845/1967/667 1847/1969/668
f 1846/1968/667 1847/1969/668 1848/1970/668
f 1848/1970/668 1847/1969/668 1849/1971/665
f 1848/1970/668 1849/1971/665 1850/1972/665
f 1850/1972/665 1849/1971/665 1842/1964/666
f 1850/1972/665 1842/1964/666 1841/1963/666
f 1851/1973/669 1852/1974/670 1853/1975/671
f 1851/1973/669 1853/1975/671 1854/1976/669
f 1854/1976/669 1853/1975/671 1855/1977/672
f 1855/1977/672 1853/1975/671 1856/1978/673
f 1856/1978/673 1853/1975/671 1857/1979/673
f 1857/1979/673 1853/1975/671 1852/1974/670
f 1857/1979/673 1852/1974/670 1858/1980/673
f 1858/1980/673 1852/1974/670 1859/1981/674
f 1859/1981/674 1852/1974/670 1860/1982/669
f 1860/1982/669 1852/1974/670 1851/1973/669
f 1860/1982/669 1851/1973/669 1861/1983/675
f 1861/1983/675 1851/1973/669 1862/1984/676
f 1862/1984/676 1851/1973/669 1854/1976/669
f 1862/1984/676 1854/1976/669 1863/1985/677
f 1863/1985/677 1854/1976/669 1864/1986/678
f 1864/1986/678 1854/1976/669 1855/1977/672
f 1864/1986/678 1855/1977/672 1865/1987/679
f 1865/1987/679 1855/1977/672 1866/1988/680
f 1866/1988/680 1855/1977/672 1856/1978/673
f 1866/1988/680 1856/1978/673 1867/1989/681
f 1867/1989/681 1856/1978/673 1868/1990/682
f 1868/1990/682 1869/1991/669 1867/1989/681
f 1870/1992/674 1866/1988/680 1867/1989/681
f 1870/1992/674 1867/1989/681 1871/1993/669
f 1871/1993/669 1867/1989/681 1869/1991/669
f 1871/1993/669 1869/1991/669 1872/1994/675
f 1872/1994/675 1869/1991/669 1865/1987/679
f 1865/1987/679 1869/1991/669 1864/1986/678
f 1864/1986/678 1869/1991/669 1868/1990/682
f 1864/1986/678 1868/1990/682 1863/1985/677
f 1868/1990/682 1856/1978/673 1857/1979/673
f 1868/1990/682 1857/1979/673 1863/1985/677
f 1863/1985/677 1857/1979/673 1858/1980/673
f 1863/1985/677 1858/1980/673 1862/1984/676
f 1862/1984/676 1858/1980/673 1873/1995/673
f 1862/1984/676 1873/1995/673 1861/1983/675
f 1861/1983/675 1873/1995/673 1874/1996/673
f 1861/1983/675 1874/1996/673 1875/1997/679
f 1861/1983/675 1875/1997/679 1860/1982/669
f 1860/1982/669 1875/1997/679 1876/1998/678
f 1860/1982/669 1876/1998/678 1859/1981/674
f 1859/1981/674 1876/1998/678 1877/1999/681
f 1859/1981/674 1877/1999/681 1873/1995/673
f 1859/1981/674 1873/1995/673 1858/1980/673
f 1874/1996/673 1873/1995/673 1877/1999/681
f 1874/1996/673 1877/1999/681 1878/2000/682
f 1874/1996/673 1878/2000/682 1879/2001/680
f 1874/1996/673 1879/2001/680 1875/1997/679
f 1875/1997/679 1879/2001/680 1880/2002/672
f 1875/1997/679 1880/2002/672 1876/1998/678
f 1876/1998/678 1880/2002/672 1881/2003/678
f 1876/1998/678 1881/2003/678 1877/1999/681
f 1877/1999/681 1881/2003/678 1878/2000/682
f 1878/2000/682 1881/2003/678 1882/2004/683
f 1878/2000/682 1882/2004/683 1883/2005/677
f 1878/2000/682 1883/2005/677 1879/2001/680
f 1879/2001/680 1883/2005/677 1884/2006/673
f 1879/2001/680 1884/2006/673 1880/2002/672
f 1880/2002/672 1884/2006/673 1885/2007/671
f 1880/2002/672 1885/2007/671 1881/2003/678
f 1881/2003/678 1885/2007/671 1882/2004/683
f 1882/2004/683 1885/2007/671 1886/2008/670
f 1882/2004/683 1886/2008/670 1887/2009/669
f 1882/2004/683 1887/2009/669 1883/2005/677
f 1883/2005/677 1887/2009/669 1888/2010/676
f 1883/2005/677 1888/2010/676 1884/2006/673
f 1884/2006/673 1888/2010/676 1889/2011/680
f 1884/2006/673 1889/2011/680 1885/2007/671
f 1885/2007/671 1889/2011/680 1886/2008/670
f 1886/2008/670 1889/2011/680 1890/2012/680
f 1886/2008/670 1890/2012/680 1870/1992/674
f 1886/2008/670 1870/1992/674 1887/2009/669
f 1887/2009/669 1870/1992/674 1871/1993/669
f 1887/2009/669 1871/1993/669 1888/2010/676
f 1888/2010/676 1871/1993/669 1872/1994/675
f 1888/2010/676 1872/1994/675 1889/2011/680
f 1889/2011/680 1872/1994/675 1890/2012/680
f 1890/2012/680 1872/1994/675 1865/1987/679
f 1890/2012/680 1865/1987/679 1866/1988/680
f 1890/2012/680 1866/1988/680 1870/1992/674
usemtl burns_vTrim_m
f 1891/2013/684 1892/2014/684 1893/2015/684
f 1892/2014/684 1891/2013/684 1894/2016/684
f 1895/2017/685 1896/2018/685 1897/2019/685
f 1898/2020/686 1899/2021/686 1900/2022/686
f 1898/2020/686 1900/2022/686 1901/2023/686
f 1902/2024/687 1903/2025/687 1904/2026/687
f 1905/2027/688 1906/2028/688 1907/2029/689
f 1905/2027/688 1907/2029/689 1908/2030/689
f 1909/2031/690 1910/2032/690 1911/2033/690
f 1909/2031/690 1911/2033/690 1912/2034/690
f 1913/2035/691 1914/2036/691 1915/2037/691
f 1913/2035/691 1915/2037/691 1916/2038/691
f 1917/2039/692 1918/2040/693 1919/2041/692
f 1917/2039/692 1919/2041/692 1920/2042/692
f 1921/2043/694 1922/2044/694 1923/2045/694
f 1921/2043/694 1923/2045/694 1924/2046/694
f 1925/2047/695 1926/2048/695 1927/2049/695
f 1925/2047/695 1927/2049/695 1928/2050/695
f 1929/2051/696 1930/2052/697 1931/2053/697
f 1929/2051/696 1931/2053/697 1932/2054/696
f 1933/2055/698 1934/2056/698 1935/2057/698
f 1933/2055/698 1935/2057/698 1936/2058/698
f 1937/2059/699 1938/2060/700 1939/2061/701
f 1937/2059/699 1939/2061/701 1940/2062/702
f 1941/2063/702 1942/2064/701 1943/2065/703
f 1941/2063/702 1943/2065/703 1944/2066/704
f 1945/2067/705 1946/2068/705 1947/2069/705
f 1948/2070/706 1949/2071/704 1950/2072/707
f 1948/2070/706 1950/2072/707 1951/2073/708
f 1952/2074/709 1953/2075/381 1954/2076/710
f 1952/2074/709 1954/2076/710 1955/2077/711
f 1952/2074/709 1955/2077/711 1956/2078/712
f 1956/2078/712 1955/2077/711 1957/2079/713
f 1956/2078/712 1957/2079/713 1958/2080/713
f 1958/2080/713 1957/2079/713 1959/2081/714
f 1958/2080/713 1959/2081/714 1960/2082/714
f 1960/2082/714 1959/2081/714 1961/2083/715
f 1960/2082/714 1961/2083/715 1962/2084/716
f 1962/2084/716 1961/2083/715 1963/2085/717
f 1963/2085/717 1961/2083/715 1964/2086/718
f 1963/2085/717 1964/2086/718 1965/2087/719
f 1965/2087/719 1964/2086/718 1966/2088/719
f 1965/2087/719 1966/2088/719 1967/2089/720
f 1967/2089/720 1966/2088/719 1968/2090/720
f 1967/2089/720 1968/2090/720 1969/2091/721
f 1969/2091/721 1968/2090/720 1970/2092/721
f 1969/2091/721 1970/2092/721 1971/2093/722
f 1971/2093/722 1970/2092/721 1972/2094/723
f 1971/2093/722 1972/2094/723 1973/2095/355
f 1974/2096/355 1975/2097/355 1976/2098/355
f 1974/2096/355 1976/2098/355 1977/2099/355
f 1978/2100/724 1979/2101/724 1980/2102/724
f 1978/2100/724 1980/2102/724 1981/2103/724
f 1982/2104/725 1983/2105/725 1984/2106/725
f 1982/2104/725 1984/2106/725 1985/2107/725
f 1986/2108/726 1987/2109/726 1988/2110/726
f 1986/2108/726 1988/2110/726 1989/2111/726
f 1990/2112/381 1991/2113/381 1992/2114/381
f 1990/2112/381 1992/2114/381 1993/2115/381
f 1990/2112/381 1993/2115/381 1994/2116/381
f 1995/2117/727 1996/2118/728 1997/2119/728
f 1995/2117/727 1997/2119/728 1998/2120/727
f 1995/2117/727 1998/2120/727 1999/2121/472
f 1999/2121/472 1998/2120/727 2000/2122/472
f 1999/2121/472 2000/2122/472 2001/2123/729
f 2001/2123/729 2000/2122/472 2002/2124/729
f 2001/2123/729 2002/2124/729 2003/2125/442
f 2003/2125/442 2002/2124/729 2004/2126/442
f 2003/2125/442 2004/2126/442 2005/2127/730
f 2005/2127/730 2004/2126/442 2006/2128/728
f 2007/2129/381 2008/2130/381 2009/2131/381
f 2007/2129/381 2009/2131/381 2010/2132/381
f 2011/2133/731 2012/2134/731 2013/2135/731
f 2011/2133/731 2013/2135/731 2014/2136/731
f 2015/2137/381 2016/2138/381 2017/2139/381
f 2015/2137/381 2017/2139/381 2018/2140/381
f 2019/2141/732 2020/2142/732 2021/2143/732
f 2019/2141/732 2021/2143/732 2022/2144/732
f 2023/2145/733 2024/2146/733 2025/2147/733
f 2023/2145/733 2025/2147/733 2026/2148/733
f 2027/2149/381 2028/2150/381 2029/2151/381
f 2027/2149/381 2029/2151/381 2030/2152/381
f 2031/2153/381 2032/2154/381 2033/2155/381
f 2031/2153/381 2033/2155/381 2034/2156/381
f 2035/2157/734 2036/2158/734 2037/2159/734
f 2035/2157/734 2037/2159/734 2038/2160/734
f 2039/2161/381 2040/2162/381 2041/2163/381
f 2039/2161/381 2041/2163/381 2042/2164/381
f 2043/2165/735 2044/2166/735 2045/2167/735
f 2043/2165/735 2045/2167/735 2046/2168/735
f 2047/2169/736 2048/2170/422 2049/2171/422
f 2047/2169/736 2049/2171/422 2050/2172/736
f 2047/2169/736 2050/2172/736 2051/2173/736
f 2047/2169/736 2051/2173/736 2052/2174/736
f 2052/2174/736 2051/2173/736 2053/2175/737
f 2052/2174/736 2053/2175/737 2054/2176/737
f 2054/2176/737 2053/2175/737 2055/2177/738
f 2054/2176/737 2055/2177/738 2056/2178/738
f 2057/2179/381 2058/2180/381 2059/2181/381
f 2057/2179/381 2059/2181/381 2060/2182/381
f 2061/2183/381 2062/2184/381 2063/2185/381
f 2061/2183/381 2063/2185/381 2064/2186/381
f 2065/2187/739 2066/2188/739 2067/2189/739
f 2065/2187/739 2067/2189/739 2068/2190/739
f 2069/2191/740 2070/2192/740 2071/2193/740
f 2069/2191/740 2071/2193/740 2072/2194/741
f 2073/2195/442 2074/2196/442 2075/2197/442
f 2073/2195/442 2075/2197/442 2076/2198/442
f 2077/2199/469 2078/2200/469 2079/2201/469
f 2077/2199/469 2079/2201/469 2080/2202/469
f 2081/2203/742 2082/2204/742 2083/2205/742
f 2081/2203/742 2083/2205/742 2084/2206/742
f 2085/2207/381 2086/2208/381 2087/2209/381
f 2085/2207/381 2087/2209/381 2088/2210/381
f 2085/2207/381 2088/2210/381 2089/2211/381
f 2090/2212/381 2091/2213/381 2092/2214/743
f 2090/2212/381 2092/2214/743 2093/2215/744
f 2093/2215/744 2092/2214/743 2094/2216/745
f 2093/2215/744 2094/2216/745 2095/2217/746
f 2096/2218/747 2097/2219/748 2098/2220/749
f 2096/2218/747 2098/2220/749 2094/2216/745
f 2096/2218/747 2094/2216/745 2092/2214/743
f 2099/2221/469 2100/2222/469 2101/2223/469
f 2099/2221/469 2101/2223/469 2102/2224/469
f 2103/2225/381 2104/2226/381 2105/2227/750
f 2103/2225/381 2105/2227/750 2106/2228/750
f 2107/2229/751 2108/2230/750 2109/2231/750
f 2110/2232/752 2111/2233/752 2112/2234/752
f 2110/2232/752 2112/2234/752 2113/2235/753
f 2114/2236/754 2115/2237/754 2116/2238/754
f 2114/2236/754 2116/2238/754 2117/2239/754
f 2118/2240/755 2119/2241/755 2120/2242/755
f 2118/2240/755 2120/2242/755 2121/2243/755
f 2122/2244/381 2123/2245/381 2124/2246/381
f 2122/2244/381 2124/2246/381 2125/2247/381
f 2126/2248/422 2127/2249/422 2128/2250/422
f 2126/2248/422 2128/2250/422 2129/2251/422
f 2130/2252/756 2131/2253/756 2132/2254/756
f 2130/2252/756 2132/2254/756 2133/2255/756
f 2134/2256/757 2135/2257/757 2136/2258/757
f 2137/2259/355 2138/2260/355 2139/2261/355
f 2137/2259/355 2139/2261/355 2140/2262/355
f 2141/2263/758 2142/2264/758 2143/2265/758
f 2141/2263/758 2143/2265/758 2144/2266/758
f 2145/2267/355 2146/2268/355 2147/2269/355
f 2145/2267/355 2147/2269/355 2148/2270/355
f 2149/2271/759 2150/2272/759 2151/2273/759
f 2149/2271/759 2151/2273/759 2152/2274/759
f 2153/2275/355 2154/2276/355 2155/2277/355
f 2153/2275/355 2155/2277/355 2156/2278/355
f 2157/2279/355 2158/2280/355 2159/2281/355
f 2157/2279/355 2159/2281/355 2160/2282/355
f 2161/2283/355 2162/2284/355 2163/2285/355
f 2161/2283/355 2163/2285/355 2164/2286/355
f 2164/2286/355 2163/2285/355 2165/2287/355
f 2166/2288/381 2167/2289/760 2168/2290/761
f 2166/2288/381 2169/2291/761 2170/2292/762
f 2166/2288/381 2171/2293/763 2172/2294/764
f 2166/2288/381 2173/2295/765 2174/2296/766
f 2166/2288/381 2175/2297/767 2176/2298/768
f 2166/2288/381 2177/2299/769 2178/2300/770
f 2166/2288/381 2179/2301/771 2180/2302/772
f 2166/2288/381 2181/2303/773 2182/2304/774
f 2166/2288/381 2183/2305/775 2184/2306/776
f 2166/2288/381 2185/2307/774 2186/2308/777
f 2187/2309/422 2188/2310/422 2189/2311/422
f 2187/2309/422 2189/2311/422 2190/2312/422
f 2191/2313/442 2192/2314/442 2193/2315/442
f 2191/2313/442 2193/2315/442 2194/2316/442
f 2195/2317/469 2196/2318/469 2197/2319/469
f 2195/2317/469 2197/2319/469 2198/2320/469
f 2199/2321/778 2200/2322/778 2201/2323/779
f 2199/2321/778 2201/2323/779 2202/2324/779
f 2202/2324/779 2201/2323/779 2203/2325/780
f 2202/2324/779 2203/2325/780 2204/2326/780
f 2204/2326/780 2203/2325/780 2205/2327/781
f 2205/2327/781 2203/2325/780 2206/2328/781
f 2207/2329/782 2208/2330/782 2209/2331/782
f 2207/2329/782 2209/2331/782 2210/2332/782
f 2211/2333/783 2212/2334/783 2213/2335/783
f 2211/2333/783 2213/2335/783 2214/2336/783
f 2215/2337/761 2216/2338/784 2217/2339/785
f 2215/2337/761 2217/2339/785 2218/2340/786
f 2219/2341/787 2220/2342/786 2221/2343/788
f 2219/2341/787 2221/2343/788 2222/2344/762
f 2223/2345/442 2224/2346/770 2225/2347/776
f 2223/2345/442 2225/2347/776 2226/2348/789
f 2227/2349/762 2228/2350/788 2229/2351/790
f 2227/2349/762 2229/2351/790 2230/2352/771
f 2231/2353/789 2232/2354/776 2233/2355/777
f 2231/2353/789 2233/2355/777 2234/2356/791
f 2235/2357/768 2236/2358/790 2237/2359/792
f 2235/2357/768 2237/2359/792 2238/2360/773
f 2239/2361/772 2240/2362/792 2241/2363/422
f 2239/2361/772 2241/2363/422 2242/2364/793
f 2243/2365/791 2244/2366/775 2245/2367/793
f 2243/2365/791 2245/2367/793 2246/2368/422
f 2247/2369/469 2248/2370/469 2249/2371/469
f 2247/2369/469 2249/2371/469 2250/2372/469
f 2251/2373/794 2252/2374/795 2253/2375/795
f 2251/2373/794 2253/2375/795 2254/2376/794
f 2251/2373/794 2254/2376/794 2255/2377/796
f 2255/2377/796 2254/2376/794 2256/2378/796
f 2255/2377/796 2256/2378/796 2257/2379/797
f 2255/2377/796 2257/2379/797 2258/2380/797
f 2259/2381/785 2260/2382/798 2261/2383/799
f 2259/2381/785 2261/2383/799 2262/2384/786
f 2263/2385/355 2264/2386/800 2265/2387/801
f 2263/2385/355 2266/2388/799 2267/2389/802
f 2263/2385/355 2268/2390/803 2269/2391/804
f 2263/2385/355 2270/2392/805 2271/2393/806
f 2263/2385/355 2272/2394/807 2273/2395/799
f 2263/2385/355 2274/2396/808 2275/2397/809
f 2263/2385/355 2276/2398/810 2277/2399/811
f 2263/2385/355 2278/2400/812 2279/2401/813
f 2263/2385/355 2280/2402/814 2281/2403/815
f 2263/2385/355 2282/2404/815 2283/2405/816
f 2284/2406/786 2285/2407/817 2286/2408/811
f 2284/2406/786 2286/2408/811 2287/2409/788
f 2288/2410/808 2289/2411/805 2290/2412/442
f 2288/2410/808 2290/2412/442 2291/2413/789
f 2292/2414/788 2293/2415/807 2294/2416/813
f 2292/2414/788 2294/2416/813 2295/2417/790
f 2296/2418/808 2297/2419/789 2298/2420/791
f 2296/2418/808 2298/2420/791 2299/2421/814
f 2300/2422/790 2301/2423/813 2302/2424/816
f 2300/2422/790 2302/2424/816 2303/2425/792
f 2304/2426/792 2305/2427/812 2306/2428/818
f 2304/2426/792 2306/2428/818 2307/2429/422
f 2308/2430/809 2309/2431/791 2310/2432/422
f 2308/2430/809 2310/2432/422 2311/2433/818
f 2312/2434/381 2313/2435/381 2314/2436/381
f 2312/2434/381 2314/2436/381 2315/2437/381
f 2312/2434/381 2315/2437/381 2316/2438/381
f 2317/2439/819 2318/2440/819 2319/2441/819
f 2317/2439/819 2319/2441/819 2320/2442/819
f 2321/2443/820 2322/2444/820 2323/2445/821
f 2321/2443/820 2323/2445/821 2324/2446/822
f 2324/2446/822 2323/2445/821 2325/2447/823
f 2324/2446/822 2325/2447/823 2326/2448/824
f 2324/2446/822 2326/2448/824 2327/2449/825
f 2325/2447/823 2328/2450/355 2329/2451/355
f 2325/2447/823 2329/2451/355 2326/2448/824
f 2330/2452/442 2331/2453/442 2332/2454/442
f 2330/2452/442 2332/2454/442 2333/2455/442
f 2334/2456/381 2335/2457/381 2336/2458/381
f 2334/2456/381 2336/2458/381 2337/2459/381
f 2338/2460/731 2339/2461/731 2340/2462/731
f 2338/2460/731 2340/2462/731 2341/2463/731
f 2342/2464/732 2343/2465/732 2344/2466/732
f 2342/2464/732 2344/2466/732 2345/2467/732
f 2346/2468/381 2347/2469/381 2348/2470/381
f 2346/2468/381 2348/2470/381 2349/2471/381
f 2350/2472/758 2351/2473/758 2352/2474/758
f 2350/2472/758 2352/2474/758 2353/2475/758
f 2354/2476/733 2355/2477/733 2356/2478/733
f 2354/2476/733 2356/2478/733 2357/2479/733
f 2358/2480/734 2359/2481/734 2360/2482/734
f 2358/2480/734 2360/2482/734 2361/2483/734
f 2362/2484/735 2363/2485/735 2364/2486/735
f 2362/2484/735 2364/2486/735 2365/2487/735
f 2366/2488/759 2367/2489/759 2368/2490/759
f 2366/2488/759 2368/2490/759 2369/2491/759
f 2370/2492/381 2371/2493/381 2372/2494/381
f 2370/2492/381 2372/2494/381 2373/2495/381
f 2374/2496/381 2375/2497/381 2376/2498/381
f 2374/2496/381 2376/2498/381 2377/2499/381
f 2378/2500/826 2379/2501/826 2380/2502/826
f 2378/2500/826 2380/2502/826 2381/2503/826
f 2382/2504/724 2383/2505/724 2384/2506/724
f 2382/2504/724 2384/2506/724 2385/2507/724
f 2386/2508/381 2387/2509/381 2388/2510/381
f 2386/2508/381 2388/2510/381 2389/2511/381
f 2390/2512/827 2391/2513/827 2392/2514/827
f 2390/2512/827 2392/2514/827 2393/2515/827
f 2394/2516/828 2395/2517/828 2396/2518/828
f 2394/2516/828 2396/2518/828 2397/2519/828
f 2398/2520/829 2399/2521/830 2400/2522/830
f 2398/2520/829 2400/2522/830 2401/2523/829
f 2402/2524/831 2403/2525/831 2404/2526/831
f 2402/2524/831 2404/2526/831 2405/2527/832
f 2406/2528/833 2407/2529/833 2408/2530/833
f 2409/2531/834 2410/2532/835 2411/2533/835
f 2409/2531/834 2411/2533/835 2412/2534/836
f 2413/2535/837 2414/2536/838 2415/2537/837
f 2413/2535/837 2415/2537/837 2416/2538/837
f 2417/2539/839 2418/2540/840 2419/2541/839
f 2417/2539/839 2419/2541/839 2420/2542/841
f 2421/2543/842 2422/2544/843 2423/2545/844
f 2421/2543/842 2423/2545/844 2424/2546/844
f 2425/2547/845 2426/2548/846 2427/2549/847
f 2425/2547/845 2427/2549/847 2428/2550/848
f 2429/2551/849 2430/2552/850 2431/2553/851
f 2429/2551/849 2431/2553/851 2432/2554/852
f 2433/2555/853 2434/2556/854 2435/2557/855
f 2433/2555/853 2435/2557/855 2436/2558/855
f 2436/2558/855 2435/2557/855 2437/2559/422
f 2436/2558/855 2437/2559/422 2438/2560/422
f 2438/2560/422 2437/2559/422 2439/2561/853
f 2438/2560/422 2439/2561/853 2440/2562/853
f 2441/2563/856 2442/2564/857 2443/2565/857
f 2441/2563/856 2443/2565/857 2444/2566/856
f 2445/2567/858 2446/2568/858 2447/2569/858
f 2445/2567/858 2447/2569/858 2448/2570/859
f 2449/2571/860 2450/2572/860 2451/2573/861
f 2449/2571/860 2451/2573/861 2452/2574/860
f 2453/2575/355 2454/2576/355 2455/2577/355
f 2453/2575/355 2455/2577/355 2456/2578/355
f 2456/2578/355 2455/2577/355 2457/2579/355
f 2458/2580/862 2459/2581/355 2460/2582/355
f 2458/2580/862 2460/2582/355 2461/2583/862
f 2458/2580/862 2461/2583/862 2462/2584/863
f 2463/2585/864 2464/2586/864 2465/2587/864
f 2466/2588/355 2467/2589/355 2468/2590/355
f 2466/2588/355 2468/2590/355 2469/2591/355
f 2470/2592/422 2471/2593/422 2472/2594/736
f 2470/2592/422 2472/2594/736 2473/2595/736
f 2473/2595/736 2472/2594/736 2474/2596/736
f 2474/2596/736 2472/2594/736 2475/2597/736
f 2474/2596/736 2475/2597/736 2476/2598/737
f 2476/2598/737 2475/2597/736 2477/2599/737
f 2476/2598/737 2477/2599/737 2478/2600/738
f 2478/2600/738 2477/2599/737 2479/2601/738
f 2480/2602/355 2481/2603/355 2482/2604/355
f 2480/2602/355 2482/2604/355 2483/2605/355
f 2484/2606/355 2485/2607/355 2486/2608/355
f 2484/2606/355 2486/2608/355 2487/2609/355
f 2488/2610/355 2489/2611/355 2490/2612/355
f 2488/2610/355 2490/2612/355 2491/2613/355
f 2492/2614/355 2493/2615/355 2494/2616/355
f 2492/2614/355 2494/2616/355 2495/2617/355
f 2496/2618/355 2497/2619/355 2498/2620/355
f 2496/2618/355 2498/2620/355 2499/2621/355
f 2500/2622/355 2501/2623/355 2502/2624/355
f 2500/2622/355 2502/2624/355 2503/2625/355
f 2504/2626/728 2505/2627/728 2506/2628/442
f 2504/2626/728 2506/2628/442 2507/2629/442
f 2507/2629/442 2506/2628/442 2508/2630/729
f 2507/2629/442 2508/2630/729 2509/2631/729
f 2509/2631/729 2508/2630/729 2510/2632/472
f 2509/2631/729 2510/2632/472 2511/2633/472
f 2511/2633/472 2510/2632/472 2512/2634/727
f 2512/2634/727 2510/2632/472 2513/2635/727
f 2512/2634/727 2513/2635/727 2514/2636/728
f 2512/2634/727 2514/2636/728 2515/2637/728
f 2516/2638/355 2517/2639/355 2518/2640/355
f 2516/2638/355 2518/2640/355 2519/2641/355
f 2516/2638/355 2519/2641/355 2520/2642/355
f 2521/2643/355 2522/2644/355 2523/2645/355
f 2521/2643/355 2523/2645/355 2524/2646/355
f 2525/2647/422 2526/2648/422 2527/2649/422
f 2525/2647/422 2527/2649/422 2528/2650/422
f 2529/2651/865 2530/2652/866 2531/2653/866
f 2529/2651/865 2531/2653/866 2532/2654/866
f 2533/2655/867 2534/2656/867 2535/2657/868
f 2533/2655/867 2535/2657/868 2536/2658/867
f 2537/2659/869 2538/2660/870 2539/2661/870
f 2537/2659/869 2539/2661/870 2540/2662/870
f 2541/2663/871 2542/2664/871 2543/2665/872
f 2541/2663/871 2543/2665/872 2544/2666/873
f 2545/2667/871 2546/2668/871 2547/2669/874
f 2545/2667/871 2547/2669/874 2548/2670/874
f 2549/2671/875 2550/2672/876 2551/2673/876
f 2549/2671/875 2551/2673/876 2552/2674/876
f 2553/2675/877 2554/2676/878 2555/2677/878
f 2553/2675/877 2555/2677/878 2556/2678/877
f 2557/2679/879 2558/2680/880 2559/2681/879
f 2557/2679/879 2559/2681/879 2560/2682/879
f 2561/2683/873 2562/2684/881 2563/2685/881
f 2561/2683/873 2563/2685/881 2564/2686/872
f 2565/2687/881 2566/2688/881 2567/2689/882
f 2565/2687/881 2567/2689/882 2568/2690/882
f 2569/2691/883 2570/2692/884 2571/2693/885
f 2572/2694/883 2573/2695/883 2574/2696/886
f 2572/2694/883 2574/2696/886 2575/2697/886
f 2576/2698/882 2577/2699/882 2578/2700/887
f 2576/2698/882 2578/2700/887 2579/2701/887
f 2580/2702/886 2581/2703/886 2582/2704/888
f 2580/2702/886 2582/2704/888 2583/2705/888
f 2584/2706/887 2585/2707/887 2586/2708/888
f 2584/2706/887 2586/2708/888 2587/2709/888
f 2588/2710/889 2589/2711/890 2590/2712/891
f 2588/2710/889 2590/2712/891 2591/2713/892
f 2591/2713/892 2590/2712/891 2592/2714/893
f 2591/2713/892 2592/2714/893 2593/2715/894
f 2591/2713/892 2593/2715/894 2589/2711/890
f 2589/2711/890 2593/2715/894 2590/2712/891
f 2590/2712/891 2593/2715/894 2594/2716/895
f 2590/2712/891 2594/2716/895 2592/2714/893
f 2592/2714/893 2594/2716/895 2595/2717/896
f 2592/2714/893 2595/2717/896 2596/2718/897
f 2592/2714/893 2596/2718/897 2593/2715/894
f 2593/2715/894 2596/2718/897 2594/2716/895
f 2594/2716/895 2596/2718/897 2597/2719/898
f 2594/2716/895 2597/2719/898 2598/2720/899
f 2594/2716/895 2598/2720/899 2595/2717/896
f 2595/2717/896 2598/2720/899 2599/2721/442
f 2595/2717/896 2599/2721/442 2596/2718/897
f 2596/2718/897 2599/2721/442 2597/2719/898
f 2597/2719/898 2599/2721/442 2600/2722/900
f 2597/2719/898 2600/2722/900 2601/2723/901
f 2597/2719/898 2601/2723/901 2598/2720/899
f 2598/2720/899 2601/2723/901 2602/2724/902
f 2598/2720/899 2602/2724/902 2599/2721/442
f 2599/2721/442 2602/2724/902 2600/2722/900
f 2600/2722/900 2602/2724/902 2603/2725/903
f 2600/2722/900 2603/2725/903 2601/2723/901
f 2601/2723/901 2603/2725/903 2604/2726/904
f 2601/2723/901 2604/2726/904 2602/2724/902
f 2602/2724/902 2604/2726/904 2605/2727/905
f 2602/2724/902 2605/2727/905 2603/2725/903
f 2603/2725/903 2605/2727/905 2606/2728/906
f 2603/2725/903 2606/2728/906 2604/2726/904
f 2604/2726/904 2606/2728/906 2607/2729/907
f 2604/2726/904 2607/2729/907 2608/2730/908
f 2604/2726/904 2608/2730/908 2605/2727/905
f 2605/2727/905 2608/2730/908 2606/2728/906
f 2609/2731/909 2610/2732/890 2611/2733/910
f 2609/2731/909 2611/2733/910 2612/2734/911
f 2612/2734/911 2611/2733/910 2613/2735/893
f 2612/2734/911 2613/2735/893 2614/2736/894
f 2612/2734/911 2614/2736/894 2610/2732/890
f 2610/2732/890 2614/2736/894 2611/2733/910
f 2611/2733/910 2614/2736/894 2615/2737/895
f 2611/2733/910 2615/2737/895 2613/2735/893
f 2613/2735/893 2615/2737/895 2616/2738/896
f 2613/2735/893 2616/2738/896 2617/2739/897
f 2613/2735/893 2617/2739/897 2614/2736/894
f 2614/2736/894 2617/2739/897 2615/2737/895
f 2615/2737/895 2617/2739/897 2618/2740/898
f 2615/2737/895 2618/2740/898 2619/2741/899
f 2615/2737/895 2619/2741/899 2616/2738/896
f 2616/2738/896 2619/2741/899 2620/2742/442
f 2616/2738/896 2620/2742/442 2617/2739/897
f 2617/2739/897 2620/2742/442 2618/2740/898
f 2618/2740/898 2620/2742/442 2621/2743/900
f 2618/2740/898 2621/2743/900 2622/2744/901
f 2618/2740/898 2622/2744/901 2619/2741/899
f 2619/2741/899 2622/2744/901 2623/2745/902
f 2619/2741/899 2623/2745/902 2620/2742/442
f 2620/2742/442 2623/2745/902 2621/2743/900
f 2621/2743/900 2623/2745/902 2624/2746/903
f 2621/2743/900 2624/2746/903 2622/2744/901
f 2622/2744/901 2624/2746/903 2625/2747/904
f 2622/2744/901 2625/2747/904 2623/2745/902
f 2623/2745/902 2625/2747/904 2626/2748/905
f 2623/2745/902 2626/2748/905 2624/2746/903
f 2624/2746/903 2626/2748/905 2627/2749/906
f 2624/2746/903 2627/2749/906 2625/2747/904
f 2625/2747/904 2627/2749/906 2628/2750/907
f 2625/2747/904 2628/2750/907 2629/2751/908
f 2625/2747/904 2629/2751/908 2626/2748/905
f 2626/2748/905 2629/2751/908 2627/2749/906
usemtl BottomA_m
f 1159/2752/724 1160/2753/912 1161/2754/724
f 1160/2753/912 1159/2752/724 1162/2755/912
f 1160/2753/912 1162/2755/912 1163/2756/913
f 1163/2756/913 1162/2755/912 1164/2757/913
f 1165/2758/914 1166/2759/914 1167/2760/914
f 1165/2758/914 1167/2760/914 1168/2761/914
usemtl engineB_m
f 2630/2762/915 2631/2763/915 2632/2764/915
f 2631/2763/915 2630/2762/915 2633/2765/915
f 2634/2766/916 2635/2767/916 2636/2768/916
f 2634/2766/916 2636/2768/916 2637/2769/916
f 2638/2770/469 2639/2771/469 2640/2772/469
f 2638/2770/469 2640/2772/469 2641/2773/469
f 2642/2774/469 2643/2775/469 2644/2776/469
f 2642/2774/469 2644/2776/469 2645/2777/469
f 2646/2778/442 2647/2779/442 2648/2780/442
f 2646/2778/442 2648/2780/442 2649/2781/442
f 2650/2782/917 2651/2783/917 2652/2784/917
f 2650/2782/917 2652/2784/917 2653/2785/917
f 2654/2786/918 2655/2787/919 2656/2788/920
f 2654/2786/918 2656/2788/920 2657/2789/921
f 2657/2789/921 2656/2788/920 2658/2790/922
f 2657/2789/921 2658/2790/922 2659/2791/923
f 2659/2791/923 2658/2790/922 2660/2792/924
f 2659/2791/923 2660/2792/924 2661/2793/925
f 2661/2793/925 2660/2792/924 2655/2787/919
f 2661/2793/925 2655/2787/919 2654/2786/918
f 2661/2793/925 2654/2786/918 2659/2791/923
f 2659/2791/923 2654/2786/918 2657/2789/921
usemtl burns_vDoorDNorm_m
f 1169/2794/404 1170/2795/435 1171/2796/926
f 1170/2795/435 1169/2794/404 1172/2797/403
f 1172/2797/403 1169/2794/404 1173/2798/401
f 1172/2797/403 1173/2798/401 1174/2799/402
f 1174/2799/402 1173/2798/401 1175/2800/927
f 1175/2800/927 1173/2798/401 1176/2801/399
f 1175/2800/927 1176/2801/399 1177/2802/928
f 1177/2802/928 1176/2801/399 1178/2803/929
f 1177/2802/928 1178/2803/929 1179/2804/930
f 1179/2804/930 1178/2803/929 1180/2805/931
f 1179/2804/930 1180/2805/931 1181/2806/932
f 1181/2806/932 1180/2805/931 1182/2807/933
f 1181/2806/932 1182/2807/933 1183/2808/934
f 1181/2806/932 1183/2808/934 1184/2809/935
f 1181/2806/932 1184/2809/935 1179/2804/930
f 1179/2804/930 1184/2809/935 1185/2810/936
f 1179/2804/930 1185/2810/936 1177/2802/928
f 1177/2802/928 1185/2810/936 1186/2811/937
f 1177/2802/928 1186/2811/937 1175/2800/927
f 1175/2800/927 1186/2811/937 1187/2812/410
f 1175/2800/927 1187/2812/410 1174/2799/402
f 1174/2799/402 1187/2812/410 1188/2813/411
f 1174/2799/402 1188/2813/411 1172/2797/403
f 1172/2797/403 1188/2813/411 1189/2814/412
f 1172/2797/403 1189/2814/412 1170/2795/435
f 1170/2795/435 1189/2814/412 1190/2815/436
f 1190/2815/436 1189/2814/412 1191/2816/938
f 1190/2815/436 1191/2816/938 1192/2817/420
f 1185/2810/936 1184/2809/935 1183/2808/934
f 1185/2810/936 1183/2808/934 1193/2818/939
f 1185/2810/936 1193/2818/939 1186/2811/937
f 1186/2811/937 1193/2818/939 1194/2819/940
f 1186/2811/937 1194/2819/940 1187/2812/410
f 1187/2812/410 1194/2819/940 1195/2820/941
f 1187/2812/410 1195/2820/941 1196/2821/418
f 1187/2812/410 1196/2821/418 1188/2813/411
f 1188/2813/411 1196/2821/418 1189/2814/412
f 1189/2814/412 1196/2821/418 1191/2816/938
f 1197/2822/461 1198/2823/942 1199/2824/943
f 1197/2822/461 1199/2824/943 1200/2825/944
f 1200/2825/944 1199/2824/943 1201/2826/945
f 1200/2825/944 1201/2826/945 1202/2827/445
f 1202/2827/445 1201/2826/945 1203/2828/946
f 1202/2827/445 1203/2828/946 1204/2829/444
f 1202/2827/445 1204/2829/444 1205/2830/446
f 1202/2827/445 1205/2830/446 1206/2831/447
f 1206/2831/447 1205/2830/446 1207/2832/947
f 1206/2831/447 1207/2832/947 1208/2833/948
f 1208/2833/948 1207/2832/947 1209/2834/949
f 1210/2835/458 1200/2825/944 1202/2827/445
f 1210/2835/458 1202/2827/445 1206/2831/447
f 1210/2835/458 1206/2831/447 1211/2836/950
f 1211/2836/950 1206/2831/447 1208/2833/948
f 1211/2836/950 1208/2833/948 1209/2834/949
f 1211/2836/950 1209/2834/949 1212/2837/951
f 1212/2837/951 1209/2834/949 1213/2838/952
f 1212/2837/951 1213/2838/952 1214/2839/953
f 1214/2839/953 1213/2838/952 1215/2840/954
f 1214/2839/953 1215/2840/954 1216/2841/955
f 1209/2834/949 1207/2832/947 1217/2842/956
f 1209/2834/949 1217/2842/956 1213/2838/952
f 1213/2838/952 1217/2842/956 1218/2843/957
f 1213/2838/952 1218/2843/957 1215/2840/954
f 1215/2840/954 1218/2843/957 1219/2844/708
f 1215/2840/954 1219/2844/708 1216/2841/955
f 1216/2841/955 1219/2844/708 1220/2845/703
f 1216/2841/955 1220/2845/703 1221/2846/701
f 1216/2841/955 1221/2846/701 1214/2839/953
f 1214/2839/953 1221/2846/701 1222/2847/700
f 1214/2839/953 1222/2847/700 1212/2837/951
f 1212/2837/951 1222/2847/700 1223/2848/958
f 1212/2837/951 1223/2848/958 1211/2836/950
f 1211/2836/950 1223/2848/958 1224/2849/457
f 1211/2836/950 1224/2849/457 1210/2835/458
f 1210/2835/458 1224/2849/457 1200/2825/944
f 1200/2825/944 1224/2849/457 1197/2822/461
f 1225/2850/959 1226/2851/422 1227/2852/421
f 1225/2850/959 1227/2852/421 1228/2853/960
f 1225/2850/959 1228/2853/960 1229/2854/961
f 1229/2854/961 1228/2853/960 1230/2855/962
f 1230/2855/962 1228/2853/960 1231/2856/942
f 1231/2856/942 1228/2853/960 1232/2857/963
f 1232/2857/963 1228/2853/960 1227/2852/421
f 1232/2857/963 1227/2852/421 1233/2858/945
f 1234/2859/437 1235/2860/441 1236/2861/964
f 1234/2859/437 1236/2861/964 1237/2862/965
f 1237/2862/965 1236/2861/964 1238/2863/966
f 1237/2862/965 1238/2863/966 1239/2864/967
f 1237/2862/965 1239/2864/967 1240/2865/393
f 1237/2862/965 1240/2865/393 1241/2866/435
f 1237/2862/965 1241/2866/435 1242/2867/413
f 1237/2862/965 1242/2867/413 1234/2859/437
f 1243/2868/437 1244/2869/968 1245/2870/438
f 1243/2868/437 1245/2870/438 1246/2871/969
f 1243/2868/437 1246/2871/969 1247/2872/440
f 1243/2868/437 1247/2872/440 1248/2873/441
usemtl burns_vHoodNorm_m
f 1337/2874/442 1338/2875/442 1339/2876/442
f 1338/2875/442 1337/2874/442 1340/2877/442
f 1341/2878/442 1342/2879/442 1343/2880/442
f 1341/2878/442 1343/2880/442 1344/2881/442
