<?xml version="1.0" encoding="utf-8"?>
<COLLADA xmlns="http://www.collada.org/2005/11/COLLADASchema" version="1.4.1" xmlns:xsi="http://www.w3.org/2001/XMLSchema-instance">
  <asset>
    <contributor>
      <author>Blender User</author>
      <authoring_tool>Blender 3.3.1 commit date:2022-10-04, commit time:18:35, hash:b292cfe5a936</authoring_tool>
    </contributor>
    <created>2023-02-04T00:09:49</created>
    <modified>2023-02-04T00:09:49</modified>
    <unit name="meter" meter="1"/>
    <up_axis>Z_UP</up_axis>
  </asset>
  <library_effects>
    <effect id="mat_screen-effect">
      <profile_COMMON>
        <newparam sid="body_bmr_png-surface">
          <surface type="2D">
            <init_from>body_bmr_png</init_from>
          </surface>
        </newparam>
        <newparam sid="body_bmr_png-sampler">
          <sampler2D>
            <source>body_bmr_png-surface</source>
          </sampler2D>
        </newparam>
        <technique sid="common">
          <lambert>
            <emission>
              <color sid="emission">0 0 0 1</color>
            </emission>
            <diffuse>
              <texture texture="body_bmr_png-sampler" texcoord="polygon4_UVs0"/>
            </diffuse>
            <index_of_refraction>
              <float sid="ior">1.45</float>
            </index_of_refraction>
          </lambert>
        </technique>
      </profile_COMMON>
    </effect>
    <effect id="mat_body-effect">
      <profile_COMMON>
        <newparam sid="body_bmr_png-surface">
          <surface type="2D">
            <init_from>body_bmr_png</init_from>
          </surface>
        </newparam>
        <newparam sid="body_bmr_png-sampler">
          <sampler2D>
            <source>body_bmr_png-surface</source>
          </sampler2D>
        </newparam>
        <technique sid="common">
          <lambert>
            <emission>
              <color sid="emission">0 0 0 1</color>
            </emission>
            <diffuse>
              <texture texture="body_bmr_png-sampler" texcoord="polygon3_UVs0"/>
            </diffuse>
            <index_of_refraction>
              <float sid="ior">1.45</float>
            </index_of_refraction>
          </lambert>
        </technique>
      </profile_COMMON>
    </effect>
    <effect id="mat_tire_rim-effect">
      <profile_COMMON>
        <newparam sid="tire_png-surface">
          <surface type="2D">
            <init_from>tire_png</init_from>
          </surface>
        </newparam>
        <newparam sid="tire_png-sampler">
          <sampler2D>
            <source>tire_png-surface</source>
          </sampler2D>
        </newparam>
        <technique sid="common">
          <lambert>
            <emission>
              <color sid="emission">0 0 0 1</color>
            </emission>
            <diffuse>
              <texture texture="tire_png-sampler" texcoord="polygon2_UVs0"/>
            </diffuse>
            <index_of_refraction>
              <float sid="ior">1.45</float>
            </index_of_refraction>
          </lambert>
        </technique>
      </profile_COMMON>
    </effect>
    <effect id="mat_tire-effect">
      <profile_COMMON>
        <newparam sid="tire_png-surface">
          <surface type="2D">
            <init_from>tire_png</init_from>
          </surface>
        </newparam>
        <newparam sid="tire_png-sampler">
          <sampler2D>
            <source>tire_png-surface</source>
          </sampler2D>
        </newparam>
        <technique sid="common">
          <lambert>
            <emission>
              <color sid="emission">0 0 0 1</color>
            </emission>
            <diffuse>
              <texture texture="tire_png-sampler" texcoord="polygon1_UVs0"/>
            </diffuse>
            <index_of_refraction>
              <float sid="ior">1.45</float>
            </index_of_refraction>
          </lambert>
        </technique>
      </profile_COMMON>
    </effect>
    <effect id="mat_chassis-effect">
      <profile_COMMON>
        <newparam sid="body_bmr_png-surface">
          <surface type="2D">
            <init_from>body_bmr_png</init_from>
          </surface>
        </newparam>
        <newparam sid="body_bmr_png-sampler">
          <sampler2D>
            <source>body_bmr_png-surface</source>
          </sampler2D>
        </newparam>
        <technique sid="common">
          <lambert>
            <emission>
              <color sid="emission">0 0 0 1</color>
            </emission>
            <diffuse>
              <texture texture="body_bmr_png-sampler" texcoord="polygon0_UVs0"/>
            </diffuse>
            <index_of_refraction>
              <float sid="ior">1.45</float>
            </index_of_refraction>
          </lambert>
        </technique>
      </profile_COMMON>
    </effect>
  </library_effects>
  <library_images>
    <image id="body_bmr_png" name="body_bmr_png">
      <init_from>body_bmr.png</init_from>
    </image>
    <image id="tire_png" name="tire_png">
      <init_from>tire.png</init_from>
    </image>
  </library_images>
  <library_materials>
    <material id="mat_screen-material" name="mat_screen">
      <instance_effect url="#mat_screen-effect"/>
    </material>
    <material id="mat_body-material" name="mat_body">
      <instance_effect url="#mat_body-effect"/>
    </material>
    <material id="mat_tire_rim-material" name="mat_tire_rim">
      <instance_effect url="#mat_tire_rim-effect"/>
    </material>
    <material id="mat_tire-material" name="mat_tire">
      <instance_effect url="#mat_tire-effect"/>
    </material>
    <material id="mat_chassis-material" name="mat_chassis">
      <instance_effect url="#mat_chassis-effect"/>
    </material>
  </library_materials>
  <library_geometries>
    <geometry id="polygon4-mesh" name="polygon4">
      <mesh>
        <source id="polygon4-mesh-positions">
          <float_array id="polygon4-mesh-positions-array" count="27">-32.75288 55.65499 36.16852 -21.82025 70.46835 28.37202 -12.75751 58.87061 39.53207 -9.093704 75.03139 24.62282 -0.140102 61.0461 39.92753 32.75288 55.655 36.16851 12.53369 58.86551 39.53048 21.82025 70.46835 28.37202 9.093703 75.03139 24.62281</float_array>
          <technique_common>
            <accessor source="#polygon4-mesh-positions-array" count="9" stride="3">
              <param name="X" type="float"/>
              <param name="Y" type="float"/>
              <param name="Z" type="float"/>
            </accessor>
          </technique_common>
        </source>
        <source id="polygon4-mesh-normals">
          <float_array id="polygon4-mesh-normals-array" count="27">-0.14619 0.6511898 0.7447016 -0.1137983 0.641269 0.7588308 -0.2249292 0.578618 0.7839694 -0.04047381 0.7087246 0.7043234 -6.48766e-4 0.7058305 0.7083805 0.1132751 0.6401166 0.7598812 0.144719 0.6505318 0.7455634 0.2223148 0.5775104 0.7855303 0.04046964 0.7080963 0.7049552</float_array>
          <technique_common>
            <accessor source="#polygon4-mesh-normals-array" count="9" stride="3">
              <param name="X" type="float"/>
              <param name="Y" type="float"/>
              <param name="Z" type="float"/>
            </accessor>
          </technique_common>
        </source>
        <source id="polygon4-mesh-map-0">
          <float_array id="polygon4-mesh-map-0-array" count="42">0.3230591 0.3701172 0.322876 0.3772888 0.3225098 0.3701172 0.3240051 0.3772888 0.322876 0.3772888 0.3230591 0.3701172 0.3246155 0.3701172 0.3240051 0.3772888 0.3230591 0.3701172 0.3263245 0.3772888 0.3261414 0.3701172 0.3266907 0.3701172 0.3251953 0.3772888 0.3261414 0.3701172 0.3263245 0.3772888 0.3251953 0.3772888 0.3246155 0.3701172 0.3261414 0.3701172 0.3240051 0.3772888 0.3246155 0.3701172 0.3251953 0.3772888</float_array>
          <technique_common>
            <accessor source="#polygon4-mesh-map-0-array" count="21" stride="2">
              <param name="S" type="float"/>
              <param name="T" type="float"/>
            </accessor>
          </technique_common>
        </source>
        <source id="polygon4-mesh-colors-polygon4_Colors0" name="polygon4_Colors0">
          <float_array id="polygon4-mesh-colors-polygon4_Colors0-array" count="84">0 0.3960784 0.3882353 1 0 0.6039216 0.7098039 1 0 0.3960784 0.3882353 1 0 0.6039216 0.7098039 1 0 0.6039216 0.7098039 1 0 0.3960784 0.3882353 1 0 0.3960784 0.3882353 1 0 0.6039216 0.7098039 1 0 0.3960784 0.3882353 1 0 0.6039216 0.7098039 1 0 0.3960784 0.3882353 1 0 0.3960784 0.3882353 1 0 0.6039216 0.7098039 1 0 0.3960784 0.3882353 1 0 0.6039216 0.7098039 1 0 0.6039216 0.7098039 1 0 0.3960784 0.3882353 1 0 0.3960784 0.3882353 1 0 0.6039216 0.7098039 1 0 0.3960784 0.3882353 1 0 0.6039216 0.7098039 1</float_array>
          <technique_common>
            <accessor source="#polygon4-mesh-colors-polygon4_Colors0-array" count="21" stride="4">
              <param name="R" type="float"/>
              <param name="G" type="float"/>
              <param name="B" type="float"/>
              <param name="A" type="float"/>
            </accessor>
          </technique_common>
        </source>
        <vertices id="polygon4-mesh-vertices">
          <input semantic="POSITION" source="#polygon4-mesh-positions"/>
        </vertices>
        <triangles material="mat_screen-material" count="7">
          <input semantic="VERTEX" source="#polygon4-mesh-vertices" offset="0"/>
          <input semantic="NORMAL" source="#polygon4-mesh-normals" offset="1"/>
          <input semantic="TEXCOORD" source="#polygon4-mesh-map-0" offset="2" set="0"/>
          <input semantic="COLOR" source="#polygon4-mesh-colors-polygon4_Colors0" offset="3" set="0"/>
          <p>2 0 0 0 1 1 1 1 0 2 2 2 3 3 3 3 1 1 4 4 2 0 5 5 4 4 6 6 3 3 7 7 2 0 8 8 7 5 9 9 6 6 10 10 5 7 11 11 8 8 12 12 6 6 13 13 7 5 14 14 8 8 15 15 4 4 16 16 6 6 17 17 3 3 18 18 4 4 19 19 8 8 20 20</p>
        </triangles>
      </mesh>
    </geometry>
    <geometry id="polygon3-mesh" name="polygon3">
      <mesh>
        <source id="polygon3-mesh-positions">
          <float_array id="polygon3-mesh-positions-array" count="780">40.03924 51.60713 -33.70636 37.47853 56.08856 -32.85405 37.46104 57.25062 -42.07822 29.90826 70.04329 -44.30553 34.76378 59.98185 -57.22475 18.3128 75.50159 -61.37227 33.99398 56.58806 -70.08563 18.49413 66.77292 -77.49734 33.04766 47.96583 -85.23408 17.93205 53.69173 -92.56713 15.41308 35.65739 -104.1973 0 56.11141 -94.51056 0 40.51659 -104.4815 -15.41308 35.65739 -104.1973 0 10.40905 -115.3184 -19.64424 10.14334 -110.7098 -48.89375 28.29168 -29.95037 -51.90377 40.35862 -36.43255 -48.58694 45.68712 -32.6352 -52.42488 48.77989 -45.60421 -49.02108 54.87069 -43.68524 -52.14381 51.26804 -56.34367 -49.23632 57.18834 -57.15218 -51.87412 49.05189 -65.46383 -48.08209 55.96775 -68.00597 -51.06548 44.03916 -73.91005 -46.41152 48.82166 -80.92937 -47.37569 32.23369 -91.32847 -41.90401 25.74669 -97.00212 -45.49944 18.03906 -86.96548 -33.00854 10.94155 -103.0302 25.33472 68.97403 -42.79361 21.10969 73.21265 -35.91147 15.14052 75.14303 -46.05975 8.761952 80.34937 -39.18982 0.05289298 78.60964 -46.96727 -8.725459 80.34821 -39.19009 -15.03473 75.13765 -46.06085 -21.04504 73.20818 -35.91193 -25.33471 68.97403 -42.7888 -26.35824 62.55133 -28.54844 -30.7237 57.68074 -37.90656 -34.19474 45.7514 -30.99925 18.27547 78.74017 -49.46875 0 78.60335 -61.97638 0 69.52187 -79.2597 -18.3128 75.50159 -61.37227 -18.49413 66.77292 -77.49734 -33.99398 56.58806 -70.08563 -33.04766 47.96583 -85.23408 41.09217 29.33241 -23.04294 40.81677 43.76539 -28.13945 48.58694 45.68712 -32.6352 49.02108 54.87069 -43.68524 41.24478 60.15115 -57.25528 -12.07099 55.89605 -27.22741 6e-6 68.31824 -32.25002 11.5588 55.89605 -27.22741 26.9811 62.55133 -28.44567 30.72372 57.68074 -37.90656 -37.47853 56.08856 -32.85405 -35.34233 55.77204 40.39138 -40.03924 51.60713 -33.70636 -39.5783 51.23188 40.3877 -40.81677 43.76539 -28.13945 -39.57828 28.94478 40.3877 -41.09217 29.33241 -23.04294 -39.41437 11.01483 -21.65069 0 81.87039 -50.80509 -18.27547 78.74017 -49.46875 -29.90826 70.04329 -44.30553 -34.76378 59.98185 -57.22475 -37.46104 57.25062 -42.07822 30.09829 30.12228 -96.1966 35.36408 31.62554 -95.76837 19.64424 10.14334 -110.7098 41.90401 25.74669 -97.00212 33.00854 10.94155 -103.0302 45.49944 18.03906 -86.96548 -49.47171 31.63964 -81.0873 -11.03887 11.01484 -85.55473 -13.83653 52.48898 -58.82145 -11.07025 9.282279 -22.26538 23.58787 48.93519 5.683076 19.98096 48.2813 5.674036 -19.64771 48.31959 5.651147 -23.99466 48.93519 5.683076 -35.36408 31.62554 -95.76837 -20.99228 68.01824 32.53991 -24.42473 69.22203 29.72831 -10.69498 74.72449 27.47017 -12.40947 76.01902 24.12239 12.41459 76.02651 24.11364 12.38232 72.36128 23.9184 23.16592 66.88692 28.03592 -2.651837 64.36338 14.61616 -1.876583 65.32154 16.19366 -6.916652 66.93656 16.36044 -3.427098 62.69068 15.40913 -7.747895 66.07503 16.10414 33.65958 34.21753 -95.71228 33.65958 49.22476 -95.71228 34.81474 53.07582 -72.53974 36.63209 51.59743 -95.77789 45.74421 52.98219 -72.60271 43.58898 51.59743 -95.93146 46.56149 49.22476 -95.99707 -0.1462399 60.11158 13.34701 -1.692296 59.39353 14.53914 -0.835805 53.20847 12.04723 1.399815 59.39352 14.53914 0.515382 53.20847 12.04723 -31.24403 59.41146 -29.75459 -27.62786 71.5673 -38.41611 -17.9454 79.38641 -42.49258 49.47171 31.63964 -81.0873 11.03887 11.01483 -85.55473 51.06548 44.03916 -73.91005 13.83653 52.48898 -58.82145 51.87412 49.05189 -65.46383 52.14381 51.26804 -56.34367 -10.32728 9.282279 40.46467 -9.87125 19.78174 39.37409 -10.56948 11.01483 93.17239 -10.01532 20.08815 91.3702 10.56948 11.01483 93.17239 10.01532 20.08815 91.3702 46.41152 48.82166 -80.92937 47.37569 32.23369 -91.32847 31.24403 59.41146 -29.75458 32.48849 45.54321 -30.57377 27.62786 71.5673 -38.41611 0 45.53102 -30.64135 17.9454 79.38641 -42.49258 0 83.10608 -44.28692 48.08209 55.96775 -68.00597 49.23632 57.18834 -57.15218 1.640849 65.2253 16.16402 2.359355 64.36338 14.61616 6.555353 67.02565 16.38843 7.479929 65.98602 16.07744 3.077868 62.7869 15.43623 39.41437 11.01483 -21.65069 48.89375 28.29168 -29.95037 51.90377 40.35862 -36.43255 52.42488 48.77989 -45.60421 15.53048 61.45237 37.08961 0 61.77034 39.72026 0 44.49748 26.09915 -15.53048 61.45237 37.0896 -33.21593 44.49747 26.09914 -29.88793 59.48285 34.33421 -41.24478 60.15115 -57.25528 -8.799904 55.49599 12.89407 -0.160214 51.30051 11.64091 -7.109525 57.74475 12.04793 -0.1602129 53.82117 11.06816 -7.109525 56.45005 14.50432 -0.1602129 53.08775 13.54906 8.479476 55.49599 12.89407 6.789098 57.74475 12.04793 6.789098 56.45005 14.50432 10.6133 65.31653 15.67635 8.505441 64.72947 14.31742 8.505441 63.99597 16.75047 4.634453 72.33878 17.91592 3.696361 70.79708 16.1288 3.696361 70.06367 18.56305 -4.954879 72.33878 17.91592 -4.016788 70.79708 16.1288 -4.016789 70.06366 18.56308 -10.93373 64.8341 15.67496 -8.825869 64.72947 14.31742 -8.825869 63.99597 16.75047 11.07025 9.282279 -22.26538 -48.43402 47.81944 54.49646 -40.92313 43.95182 -15.58306 -41.57766 43.24976 54.56581 -46.25399 39.41657 -15.44166 -46.10738 38.21375 59.77838 -36.2006 31.62554 -95.76837 -44.02046 31.62554 -95.94099 -47.04411 32.38448 -73.67832 -46.56149 34.21753 -95.99707 -46.56149 49.22476 -95.99707 30.17815 59.53793 33.43322 24.43995 69.23298 29.71329 35.28901 55.41698 40.3592 29.70867 57.59528 40.1028 39.57828 28.94478 40.3877 39.41437 11.01483 40.08533 10.32728 9.282279 40.46467 -45.74421 52.98219 -72.60271 -43.58897 51.59743 -95.93146 -36.63208 51.59743 -95.77789 32.48849 44.96797 40.18965 0 44.96797 40.12497 -32.48849 44.96797 40.18965 10.38329 74.72785 27.45409 20.72993 68.05749 32.51084 34.19475 45.7514 -30.99925 32.13251 48.78089 5.683076 0 9.357605 40.79189 -13.99579 63.34816 40.38328 0 64.78046 40.36267 -0.01481997 60.49155 14.36465 -1.530706 65.01415 15.81813 0 49.36597 41.84316 1.501065 65.01415 15.81813 -17.93205 53.69173 -92.56713 -10.82633 41.56307 23.21262 10.67531 41.56307 23.21262 -9.302339 39.72298 91.22865 9.151306 39.72298 91.22865 -10.82634 17.44581 23.21262 -9.302332 19.2859 91.22865 9.151306 19.28591 91.22865 10.67531 17.44581 23.21262 9.87125 19.78174 39.37409 29.70136 60.34601 34.47232 13.99579 63.34816 40.38328 14.34442 64.41244 35.19353 0 65.86077 35.4529 35.34233 55.77204 40.39138 39.5783 51.23188 40.3877 36.2006 31.62554 -95.76837 47.04411 32.38448 -73.67832 44.02047 31.62554 -95.94099 46.56149 34.21753 -95.99707 -31.32876 60.38813 42.51335 -29.70978 40.27737 42.16087 31.32878 60.38813 42.51335 29.7098 40.29804 42.16108 -29.70978 39.42659 64.93176 -31.32876 60.16306 65.11292 29.7098 39.44726 64.93196 31.32878 60.16306 65.11292 -48.10444 46.83289 44.31154 -45.39043 54.3422 44.37968 -48.54568 46.69772 53.23697 -45.65955 54.30696 53.25683 -14.34442 64.41244 35.19353 -29.70136 60.34601 34.47232 29.88793 59.48285 34.33421 33.21593 44.49747 26.09914 -12.66325 72.36974 23.92439 -23.41481 66.90385 28.0479 -30.36491 59.54644 33.41049 -35.47693 55.41506 40.36396 -29.97565 57.58411 40.08731 -45.39823 54.17552 54.54686 -49.98769 47.14956 63.67462 -51.51865 43.22204 58.773 -33.65958 34.21753 -95.71228 -34.81474 53.07582 -72.53974 -33.65958 49.22476 -95.71228 -30.09829 30.12228 -96.1966 -32.48849 45.54321 -30.57377 -33.26532 45.10804 5.683076 -39.41437 11.01483 40.08533</float_array>
          <technique_common>
            <accessor source="#polygon3-mesh-positions-array" count="260" stride="3">
              <param name="X" type="float"/>
              <param name="Y" type="float"/>
              <param name="Z" type="float"/>
            </accessor>
          </technique_common>
        </source>
        <source id="polygon3-mesh-normals">
          <float_array id="polygon3-mesh-normals-array" count="789">0.6188272 0.7631461 0.1861748 0.789354 0.601591 0.1225087 0.7091085 0.6114652 0.3511061 0.7518806 0.658029 -0.04090708 0.4380312 0.8874918 -0.1431334 0.4255709 0.8422043 -0.3310306 0.3975639 0.8292281 -0.3928407 0.3957948 0.7619305 -0.5126486 0.3777475 0.6284363 -0.6799814 0.351518 0.592347 -0.7249553 0.3365246 0.3862122 -0.8588314 0 0.6502726 -0.7597009 -3.4461e-7 0.4579572 -0.8889743 -0.3365248 0.3862122 -0.8588313 -1.51325e-7 -0.5446701 -0.8386504 -0.2918276 -0.5873433 -0.7548937 -0.6456658 0.4156538 0.6405838 -0.9271272 -0.3355498 -0.1668578 -0.8799133 -0.4514376 -0.1481785 -0.9360909 -0.2958798 -0.1902342 -0.6081568 0.7238712 0.3258155 -0.8983671 -0.4388312 -0.01907795 -0.6620366 0.7494254 -0.008316099 -0.8874128 -0.4411432 0.133759 -0.5574318 0.7596417 -0.3349844 -0.9349389 -0.2458792 0.2557985 -0.5331013 0.623203 -0.5722072 -0.7452493 0.1914471 -0.6387107 -0.6088252 0.1156595 -0.7848278 -0.7065657 -0.6491767 0.2816641 -0.521101 -0.7093704 -0.4746025 0.4540263 0.8572875 -0.2427312 0.4595393 0.76714 0.4475711 0.7556623 0.6545791 0.02238047 0.2059261 0.9338774 0.2923485 1.86556e-4 0.9423794 -0.3345462 -0.2070779 0.9339424 0.2913252 -0.4531331 0.8571091 -0.2450194 -0.4658635 0.761343 0.4509189 -0.7563621 0.6525757 0.04540365 -0.5033186 0.7347334 0.4547936 -0.8832669 0.4292576 0.1886199 -0.9075704 0.4103676 0.08896416 0.4205166 0.8924369 -0.1634694 0 0.9292134 -0.3695436 0 0.8226698 -0.5685197 -0.425571 0.8422043 -0.3310306 -0.3957948 0.7619305 -0.5126487 -0.3975639 0.8292281 -0.3928406 -0.3777476 0.6284363 -0.6799814 0.6456658 0.4156538 0.6405839 0.8359763 0.2768768 0.4737963 0.9106838 0.03065466 0.4119652 0.6081568 0.7238712 0.3258156 0.1468572 0.9888209 -0.02581322 0.1095713 0.7840542 0.6109445 2.02058e-4 0.4385704 0.8986968 -0.1018533 0.7837914 0.612615 0.5278164 0.7356093 0.4246045 0.8994081 0.4129945 0.1431804 -0.7091086 0.6114651 0.3511062 -0.4520515 0.5660533 0.6893716 -0.7893542 0.6015909 0.1225088 -0.7171683 0.2854469 0.6357592 -0.8359763 0.2768768 0.4737964 -0.7067457 -0.01127928 0.7073779 -0.9106838 0.03065466 0.4119651 -0.5845772 -0.7142941 -0.3847773 0 0.9720768 -0.2346628 -0.4205166 0.8924369 -0.1634695 -0.7518807 0.6580291 -0.04090708 -0.4380311 0.8874918 -0.1431334 -0.6188272 0.7631461 0.1861748 0.1235099 0.524719 -0.842268 0.2072867 0.5066822 -0.8368427 0.2918276 -0.5873432 -0.7548938 0.6088252 0.1156596 -0.7848279 0.5211012 -0.7093703 -0.4746024 0.7065658 -0.6491766 0.2816639 -0.2452155 -0.9409041 0.2336001 -0.8190683 -0.3823798 0.4276833 -0.6092143 -0.7910338 0.05588984 -0.199653 -0.9562214 -0.2139612 -0.112872 0.9390856 0.32462 -0.09900921 0.9636319 0.2482156 0.07843428 0.9673532 0.2409893 -0.07807093 0.9398767 0.3324706 -0.1235099 0.5247189 -0.8422679 -0.1189322 0.898096 0.4234132 -0.6689904 0.7368844 -0.0972284 -0.2458156 0.7456459 0.6193441 -0.2738341 0.823316 -0.4971577 0.283131 0.8215979 -0.4947866 0.2135575 0.05013251 -0.9756434 0.6001202 0.1991408 -0.7747249 -0.4098167 0.8578497 0.3100709 0.1220296 0.7679758 0.6287465 -0.1623791 0.3798676 -0.9106776 -0.7363731 -0.6390069 0.222317 -0.9977503 0.03868663 0.05475181 -0.3520115 0.9347371 -0.04852414 -0.9195645 0.3924611 -0.01938295 -0.9987599 0 0.04978847 -0.3147194 0.9455522 -0.08296304 0.6540756 0.7556852 -0.03354233 0.3181665 0.9441772 -0.0854389 0.9126632 0.4054556 -0.05149382 -0.5286844 -0.813574 -0.2420541 -0.8675349 -0.3816468 0.3189499 -9.34124e-4 0.1097796 -0.9939556 0.8660303 -0.3855468 0.318348 0.5267024 -0.8147591 -0.2423884 -0.4197393 0.6688467 0.6135659 0.54054 0.6856017 0.4876135 -0.273607 0.8270397 0.4910649 0.9349389 -0.2458793 0.2557984 0.2452152 -0.9409042 0.2336001 0.8190681 -0.3823797 0.4276834 0.6092144 -0.7910337 0.0558899 0.8874127 -0.4411433 0.1337588 0.8983671 -0.4388312 -0.01907795 -0.5872556 -0.4970879 0.6387757 -0.9989812 0.0447719 -0.005669474 -0.3504558 -0.9365404 0.008539974 -0.729212 0.1758869 0.661297 0.5872557 -0.497088 0.6387757 0.729212 0.1758869 0.661297 0.5331013 0.6232029 -0.5722073 0.7452493 0.1914474 -0.6387107 0.4197395 0.6688466 0.6135659 -0.6283364 0.6079061 0.4854314 -0.5405401 0.6856021 0.4876127 0 0.8103381 0.5859628 0.2736071 0.8270396 0.4910648 0 0.8971767 0.4416719 0.5574317 0.7596415 -0.3349845 0.6620365 0.7494254 -0.008316099 0.4085898 0.8594244 0.3073176 0.1666431 0.383273 -0.9084778 -0.1184158 0.7489798 0.6519256 0.9990511 0.00637573 0.04308444 0.7290363 -0.6354416 0.2544019 0.8799133 -0.4514375 -0.1481785 0.5845773 -0.7142941 -0.3847773 0.9271272 -0.3355498 -0.1668578 0.936091 -0.2958797 -0.1902341 0 0.575965 -0.8174745 2.22347e-7 0.6192141 -0.7852223 -0.06292909 0.552549 -0.8311014 0.06292915 0.5525489 -0.8311015 0.04074859 0.5132096 -0.8572955 0.1059116 0.4607325 -0.8811971 -0.1468572 0.9888209 -0.02581328 0.2679091 0.4548004 -0.8493417 -0.002116262 -0.9562259 -0.2926218 -0.7816229 -0.5967223 -0.1816268 -0.02698719 0.5130459 -0.8579369 0.1706424 -0.1271307 0.9770972 -0.01698255 -0.04191738 0.9989768 0.7810865 -0.5983659 -0.1785006 -0.2541349 0.4668751 -0.8470202 -0.148803 -0.1204326 0.9815059 0.9617988 0.2712614 0.03688359 -0.301172 0.1960427 -0.9332003 -0.2485228 -0.3588645 0.8996959 0.4368098 0.86194 0.2574039 -0.1128333 0.04838603 -0.9924351 -0.1175077 -0.5045621 0.8553415 -0.4406532 0.8599628 0.2574659 0.1137012 0.04863923 -0.9923237 0.1141518 -0.5056264 0.8551675 -0.9759188 0.2089748 0.06254655 0.2667766 0.2225365 -0.9377142 0.2685542 -0.3279095 0.905734 0.199653 -0.9562214 -0.2139611 0.9961465 -0.08768093 -0.00208199 0.7029331 -0.7112559 -5.59609e-4 -0.5098545 0.8544141 -0.1001257 0.653574 -0.7568596 -0.0022161 0.2568848 -0.8956078 0.3631763 -0.9753671 -0.2204875 0.006659746 -0.360009 -0.9327922 -0.01709634 -7.49866e-4 -0.9994226 0.03396874 -0.9313088 -0.3608139 -0.04977238 -0.9126629 0.4054563 -0.05149388 0.6767669 0.7272223 -0.1146054 0.8330051 0.3198028 -0.4514742 0.5365372 0.7374402 0.4102556 0.2476076 0.7052052 0.6643614 0.7067457 -0.01127922 0.7073779 0.5980876 -0.5670493 0.5663449 0.3504558 -0.9365404 0.008539974 -0.6540755 0.7556853 -0.03354239 -0.3181656 0.9441773 -0.08543896 0.3147195 0.9455522 -0.08296293 -0.6592541 0.7519046 -0.004871964 0 0.9999684 0.007956206 0.6592541 0.7519045 -0.004871964 0.1089193 0.8966248 0.4291859 0.2359414 0.7437641 0.6254172 0.9204307 0.3845408 0.07025521 0.2892712 0.9020671 0.3203077 0 -0.00123763 0.9999992 -0.1237673 0.6388606 0.7593016 0 0.6536954 0.7567579 4.53293e-4 -0.4697887 0.8827788 -0.7505933 0.5458571 0.3723574 -3.23458e-4 -0.9269078 -0.3752891 0.7505024 0.5463612 0.3718004 -0.351518 0.592347 -0.7249553 -0.7077437 0.7056044 0.03494727 0.7056528 0.707695 0.03495699 -0.7056526 0.7076953 0.03495681 0.7077435 0.7056046 0.03494727 -0.9997491 1.92428e-7 0.02240079 -0.9997491 -2.63386e-7 0.02240097 0.9997491 0 0.02240091 0.9997491 0 0.02240091 0.999067 0.04277032 -0.005996763 0.9981728 0.06034398 -0.003121316 0.06099605 -0.9981378 7.22436e-4 0.05945885 -0.9982308 0 0.06538903 0.9720184 0.2256203 0.1833243 0.9603427 0.2100815 0.1237674 0.6388605 0.7593017 0 0.9766377 0.2148929 0.4520514 0.5660533 0.6893717 0.7171683 0.2854469 0.6357592 0.3600096 -0.932792 -0.01709622 0.9753672 -0.2204874 0.006659805 7.49866e-4 -0.9994226 0.03396874 0.931309 -0.3608134 -0.04977226 -2.01019e-6 0.01753026 -0.9998463 2.3701e-4 -0.669573 -0.7427462 0 0.01752412 -0.9998465 2.35469e-4 -0.6693948 -0.7429069 2.43268e-4 -0.7057005 0.7085103 -3.09408e-7 -0.008735716 0.9999619 2.43094e-4 -0.705867 0.7083444 0 -0.008734703 0.9999619 -0.9369776 0.347767 -0.03363329 -0.9372871 0.3468427 -0.03454118 -0.9395393 0.3399417 -0.04129922 -0.9346405 0.3545733 -0.02692681 -0.1833243 0.9603427 0.2100813 -0.06538945 0.9720185 0.2256202 -0.04074877 0.5132097 -0.8572955 -0.105912 0.4607322 -0.8811972 -0.2306127 0.06870043 -0.9706174 -0.6223831 0.2406951 -0.7447853 -0.8332591 0.3480988 -0.4295424 -0.5347995 0.7409632 0.4061565 -0.2495052 0.7075254 0.661177 -0.9748533 0.1423844 0.1714291 -0.8954352 0.428632 -0.1202939 -0.9369191 -0.06371682 0.34369 0.9195645 0.392461 -0.01938277 0.3520114 0.9347372 -0.04852414 0.9987599 0 0.04978847 -0.2072868 0.5066821 -0.8368426 0.6283364 0.6079061 0.4854314 -0.5491908 0.7842109 0.2887955 -0.5980875 -0.5670493 0.5663448</float_array>
          <technique_common>
            <accessor source="#polygon3-mesh-normals-array" count="263" stride="3">
              <param name="X" type="float"/>
              <param name="Y" type="float"/>
              <param name="Z" type="float"/>
            </accessor>
          </technique_common>
        </source>
        <source id="polygon3-mesh-map-0">
          <float_array id="polygon3-mesh-map-0-array" count="2334">0.9874268 0.7231445 0.9311523 0.708374 0.9328613 0.7456055 0.9952393 0.7183838 0.9311523 0.708374 0.9874268 0.7231445 0.8608398 0.5133057 0.9952393 0.7183838 0.9874268 0.7231445 0.9162598 0.7940674 0.9952393 0.7183838 0.8608398 0.5133057 0.7961426 0.5113525 0.9162598 0.7940674 0.8608398 0.5133057 0.8095703 0.7790527 0.9162598 0.7940674 0.7961426 0.5113525 0.6730957 0.4951172 0.8095703 0.7790527 0.7961426 0.5113525 0.6231689 0.7714844 0.8095703 0.7790527 0.6730957 0.4951172 0.4736328 0.7966309 0.6231689 0.7714844 0.6730957 0.4951172 0.5755615 0.9874268 0.6231689 0.7714844 0.4736328 0.7966309 0.5324707 0.9768067 0.5755615 0.9874268 0.4736328 0.7966309 0.4736328 0.7966309 0.5755615 0.9874268 0.5324707 0.9768067 0.480835 0.9602051 0.4736328 0.7966309 0.5324707 0.9768067 0.4697266 0.796875 0.4736328 0.7966309 0.480835 0.9602051 0.9471436 0.7362061 1.02124 0.6325684 0.9628906 0.6508789 0.9869385 0.6010742 1.02124 0.6325684 0.9471436 0.7362061 0.9116211 0.7277832 0.9869385 0.6010742 0.9471436 0.7362061 0.9050293 0.5306396 0.9869385 0.6010742 0.9116211 0.7277832 1.00769 0.6461182 0.9050293 0.5306396 0.9116211 0.7277832 0.8430176 0.5083008 0.9050293 0.5306396 1.00769 0.6461182 0.6038818 0.7320557 0.8430176 0.5083008 1.00769 0.6461182 0.68396 0.5006104 0.8430176 0.5083008 0.6038818 0.7320557 0.5098877 0.7392578 0.68396 0.5006104 0.6038818 0.7320557 0.4796143 0.5332031 0.68396 0.5006104 0.5098877 0.7392578 0.4729004 0.8590088 0.4796143 0.5332031 0.5098877 0.7392578 0.4766846 0.8255615 0.4796143 0.5332031 0.4729004 0.8590088 0.4720459 0.8988037 0.4766846 0.8255615 0.4729004 0.8590088 1.0271 0.2263184 1.039795 0.1837158 1.045044 0.2237549 1.0177 0.1815186 1.039795 0.1837158 1.0271 0.2263184 0.9971924 0.2314453 1.0177 0.1815186 1.0271 0.2263184 0.9813232 0.1815186 1.0177 0.1815186 0.9971924 0.2314453 0.9669189 0.2263184 0.9813232 0.1815186 0.9971924 0.2314453 0.9587402 0.1853027 0.9813232 0.1815186 0.9669189 0.2263184 0.9493408 0.2249756 0.9587402 0.1853027 0.9669189 0.2263184 0.9522705 0.1209717 0.9587402 0.1853027 0.9493408 0.2249756 0.9460449 0.2081299 0.9522705 0.1209717 0.9493408 0.2249756 0.9436035 0.177002 0.9522705 0.1209717 0.9460449 0.2081299 0.9162598 0.7940674 1.010498 0.8563232 0.9952393 0.7183838 0.9251709 1.070923 1.010498 0.8563232 0.9162598 0.7940674 0.7886963 1.011475 0.9251709 1.070923 0.9162598 0.7940674 0.9162598 0.7940674 0.9251709 1.070923 0.7886963 1.011475 0.8095703 0.7790527 0.9162598 0.7940674 0.7886963 1.011475 0.7961426 0.5113525 0.9162598 0.7940674 0.8095703 0.7790527 0.6730957 0.4951172 0.7961426 0.5113525 0.8095703 0.7790527 0.9471436 0.7362061 0.9453125 0.8358154 0.960083 0.8397217 0.9287109 0.854248 0.9453125 0.8358154 0.9471436 0.7362061 0.9116211 0.7277832 0.9287109 0.854248 0.9471436 0.7362061 0.9056396 0.878418 0.9287109 0.854248 0.9116211 0.7277832 0.8878174 0.8560791 0.9056396 0.878418 0.9116211 0.7277832 0.8568115 0.9332275 0.9056396 0.878418 0.8878174 0.8560791 0.5755615 0.9456787 0.8568115 0.9332275 0.8878174 0.8560791 0.9720459 0.06481933 0.9587402 0.1853027 0.9522705 0.1209717 1 0.09069824 0.9587402 0.1853027 0.9720459 0.06481933 1.024536 0.06481933 1 0.09069824 0.9720459 0.06481933 1.039795 0.1837158 1 0.09069824 1.024536 0.06481933 1.046265 0.1190186 1.039795 0.1837158 1.024536 0.06481933 1.045044 0.2237549 1.039795 0.1837158 1.046265 0.1190186 1.052368 0.2087402 1.045044 0.2237549 1.046265 0.1190186 0.425415 0.9462891 0.09863281 1.018677 0.3793945 0.97229 0.09863281 0.9316406 0.09863281 1.018677 0.425415 0.9462891 0.3900146 0.8345947 0.09863281 0.9316406 0.425415 0.9462891 0.09863281 0.6688232 0.09863281 0.9316406 0.3900146 0.8345947 0.3395996 0.6950684 0.09863281 0.6688232 0.3900146 0.8345947 0.3809814 0.5003662 0.09863281 0.6688232 0.3395996 0.6950684 0.9251709 1.070923 1.073608 1.018555 1.010498 0.8563232 1.010498 0.8563232 1.073608 1.018555 0.9251709 1.070923 0.9162598 0.7940674 1.010498 0.8563232 0.9251709 1.070923 0.9952393 0.7183838 1.010498 0.8563232 0.9162598 0.7940674 0.8608398 0.5133057 0.9952393 0.7183838 0.9162598 0.7940674 0.9874268 0.7231445 0.9952393 0.7183838 0.8608398 0.5133057 0.4765625 0.8796387 0.4802246 0.9002686 0.4954834 0.9051514 0.4724121 0.9353027 0.4802246 0.9002686 0.4765625 0.8796387 0.4729004 0.8590088 0.4724121 0.9353027 0.4765625 0.8796387 0.4720459 0.8988037 0.4724121 0.9353027 0.4729004 0.8590088 0.4766846 0.8255615 0.4720459 0.8988037 0.4729004 0.8590088 1.015991 -0.4217529 1.012085 -0.3900146 1.013916 -0.4108887 1.008667 -0.3902588 1.012085 -0.3900146 1.015991 -0.4217529 1.000366 -0.4217529 1.008667 -0.3902588 1.015991 -0.4217529 1.004272 -0.3905029 1.008667 -0.3902588 1.000366 -0.4217529 1.002686 -0.4058838 1.004272 -0.3905029 1.000366 -0.4217529 1.024536 0.06481933 1.041504 8.54492e-4 1.046265 0.1190186 1.032349 8.54492e-4 1.041504 8.54492e-4 1.024536 0.06481933 0.9720459 0.06481933 1.032349 8.54492e-4 1.024536 0.06481933 0.9621582 8.54492e-4 1.032349 8.54492e-4 0.9720459 0.06481933 0.9530029 8.54492e-4 0.9621582 8.54492e-4 0.9720459 0.06481933 0.4729004 0.8590088 0.4724121 0.9353027 0.4720459 0.8988037 0.4765625 0.8796387 0.4724121 0.9353027 0.4729004 0.8590088 0.5098877 0.7392578 0.4765625 0.8796387 0.4729004 0.8590088 0.4954834 0.9051514 0.4765625 0.8796387 0.5098877 0.7392578 0.5755615 0.9456787 0.4954834 0.9051514 0.5098877 0.7392578 0.6381836 -0.1088867 0.619873 -0.1212158 0.6381836 -0.1176758 0.619873 -0.112915 0.619873 -0.1212158 0.6381836 -0.1088867 0.619873 -0.09912109 0.619873 -0.112915 0.6381836 -0.1088867 0.5797119 -0.1044922 0.619873 -0.112915 0.619873 -0.09912109 0.5797119 -0.09912109 0.5797119 -0.1044922 0.619873 -0.09912109 0.7178955 -0.1779785 0.7177734 -0.3796387 0.746582 -0.3834229 0.7635498 -0.383667 0.7177734 -0.3796387 0.7178955 -0.1779785 0.7636719 -0.1763916 0.7635498 -0.383667 0.7178955 -0.1779785 0.746582 -0.3834229 0.7635498 -0.383667 0.7636719 -0.1763916 0.7178955 -0.1779785 0.746582 -0.3834229 0.7636719 -0.1763916 0.5961914 0.5578613 0.6351318 0.5447998 0.6351318 0.52771 0.6351318 0.5584717 0.6351318 0.5447998 0.5961914 0.5578613 0.5961914 0.5537109 0.6351318 0.5584717 0.5961914 0.5578613 0.6351318 0.5584717 0.6351318 0.5584717 0.5961914 0.5537109 0.6351318 0.5447998 0.6351318 0.5584717 0.5961914 0.5537109 0.7178955 -0.1779785 0.7177734 -0.3796387 0.746582 -0.3834229 0.7635498 -0.383667 0.7177734 -0.3796387 0.7178955 -0.1779785 0.7636719 -0.1763916 0.7635498 -0.383667 0.7178955 -0.1779785 0.746582 -0.3834229 0.7635498 -0.383667 0.7636719 -0.1763916 0.7178955 -0.1779785 0.746582 -0.3834229 0.7636719 -0.1763916 0.6345215 0.1237793 0.5802002 0.09094238 0.6345215 0.09094238 0.5802002 0.1237793 0.5802002 0.09094238 0.6345215 0.1237793 0.6345215 0.09094238 0.5802002 0.1237793 0.6345215 0.1237793 0.5802002 0.09094238 0.5802002 0.1237793 0.6345215 0.09094238 1.012085 -0.3900146 1.015991 -0.4217529 1.013916 -0.4108887 1.008667 -0.3902588 1.015991 -0.4217529 1.012085 -0.3900146 1.010376 -0.383667 1.008667 -0.3902588 1.012085 -0.3900146 1.008179 -0.3813477 1.008667 -0.3902588 1.010376 -0.383667 0.979126 -0.4217529 0.9916992 -0.4125977 0.9915771 -0.4217529 0.979126 -0.4122314 0.9916992 -0.4125977 0.979126 -0.4217529 0.979126 -0.4217529 0.979126 -0.4122314 0.979126 -0.4217529 0.979126 -0.4122314 0.979126 -0.4122314 0.979126 -0.4217529 0.5098877 0.7392578 0.4729004 0.8590088 0.4765625 0.8796387 0.4796143 0.5332031 0.4729004 0.8590088 0.5098877 0.7392578 0.68396 0.5006104 0.4796143 0.5332031 0.5098877 0.7392578 0.5050049 0.5075684 0.4796143 0.5332031 0.68396 0.5006104 0.960083 0.8397217 0.9628906 0.6508789 0.9442139 0.8563232 0.9471436 0.7362061 0.9628906 0.6508789 0.960083 0.8397217 0.9453125 0.8358154 0.9471436 0.7362061 0.960083 0.8397217 0.9287109 0.854248 0.9471436 0.7362061 0.9453125 0.8358154 0.5933838 -0.08740234 0.6015625 -0.08605957 0.6019287 -0.08349609 0.6014404 -0.107666 0.6015625 -0.08605957 0.5933838 -0.08740234 0.5882568 -0.0949707 0.6014404 -0.107666 0.5933838 -0.08740234 0.5870361 -0.1075439 0.6014404 -0.107666 0.5882568 -0.0949707 0.8878174 0.8560791 0.6038818 0.7320557 0.5755615 0.9456787 1.00769 0.6461182 0.6038818 0.7320557 0.8878174 0.8560791 0.9116211 0.7277832 1.00769 0.6461182 0.8878174 0.8560791 0.9050293 0.5306396 1.00769 0.6461182 0.9116211 0.7277832 0.7636719 -0.1763916 0.746582 -0.3834229 0.7635498 -0.383667 0.7178955 -0.1779785 0.746582 -0.3834229 0.7636719 -0.1763916 0.7635498 -0.383667 0.7178955 -0.1779785 0.7636719 -0.1763916 0.7177734 -0.3796387 0.7178955 -0.1779785 0.7635498 -0.383667 0.9628906 0.6508789 0.960083 0.8397217 0.9442139 0.8563232 0.9471436 0.7362061 0.960083 0.8397217 0.9628906 0.6508789 1.02124 0.6325684 0.9471436 0.7362061 0.9628906 0.6508789 0.9869385 0.6010742 0.9471436 0.7362061 1.02124 0.6325684 0.3526611 0.2110596 0.3535156 0.4853516 0.2906494 0.4855957 0.2906494 0.4855957 0.3535156 0.4853516 0.3526611 0.2110596 0.2182617 0.2128906 0.2906494 0.4855957 0.3526611 0.2110596 0.2252197 0.482666 0.2906494 0.4855957 0.2182617 0.2128906 0.6038818 0.7320557 0.5755615 0.9456787 0.5098877 0.7392578 0.8878174 0.8560791 0.5755615 0.9456787 0.6038818 0.7320557 1.00769 0.6461182 0.8878174 0.8560791 0.6038818 0.7320557 0.9116211 0.7277832 0.8878174 0.8560791 1.00769 0.6461182 0.07690429 0.2322998 0.006347656 0.3095703 0.08068847 0.3095703 0.002563476 0.2322998 0.006347656 0.3095703 0.07690429 0.2322998 0.07434082 0.2595215 0.002563476 0.2322998 0.07690429 0.2322998 1.2207e-4 0.2595215 0.002563476 0.2322998 0.07434082 0.2595215 0.07690429 0.2322998 0.006347656 0.3095703 0.08068847 0.3095703 0.002563476 0.2322998 0.006347656 0.3095703 0.07690429 0.2322998 0.07434082 0.2595215 0.002563476 0.2322998 0.07690429 0.2322998 1.2207e-4 0.2595215 0.002563476 0.2322998 0.07434082 0.2595215 0.07690429 0.2322998 0.006347656 0.3095703 0.08068847 0.3095703 0.002563476 0.2322998 0.006347656 0.3095703 0.07690429 0.2322998 0.07434082 0.2595215 0.002563476 0.2322998 0.07690429 0.2322998 1.2207e-4 0.2595215 0.002563476 0.2322998 0.07434082 0.2595215 0.07690429 0.2322998 0.006347656 0.3095703 0.08068847 0.3095703 0.002563476 0.2322998 0.006347656 0.3095703 0.07690429 0.2322998 0.07434082 0.2595215 0.002563476 0.2322998 0.07690429 0.2322998 1.2207e-4 0.2595215 0.002563476 0.2322998 0.07434082 0.2595215 0.07690429 0.2322998 0.006347656 0.3095703 0.08068847 0.3095703 0.002563476 0.2322998 0.006347656 0.3095703 0.07690429 0.2322998 0.07434082 0.2595215 0.002563476 0.2322998 0.07690429 0.2322998 1.2207e-4 0.2595215 0.002563476 0.2322998 0.07434082 0.2595215 0.07690429 0.2322998 0.006347656 0.3095703 0.08068847 0.3095703 0.002563476 0.2322998 0.006347656 0.3095703 0.07690429 0.2322998 0.07434082 0.2595215 0.002563476 0.2322998 0.07690429 0.2322998 1.2207e-4 0.2595215 0.002563476 0.2322998 0.07434082 0.2595215 0.07690429 0.2322998 0.006347656 0.3095703 0.08068847 0.3095703 0.002563476 0.2322998 0.006347656 0.3095703 0.07690429 0.2322998 0.07434082 0.2595215 0.002563476 0.2322998 0.07690429 0.2322998 1.2207e-4 0.2595215 0.002563476 0.2322998 0.07434082 0.2595215 0.1826172 0.3491211 0.1431885 0.3218994 0.1734619 0.3218994 0.1347656 0.3491211 0.1431885 0.3218994 0.1826172 0.3491211 0.1729736 0.3789063 0.1347656 0.3491211 0.1826172 0.3491211 0.1461182 0.3779297 0.1347656 0.3491211 0.1729736 0.3789063 1.008667 -0.3902588 1.000366 -0.4217529 1.015991 -0.4217529 1.004272 -0.3905029 1.000366 -0.4217529 1.008667 -0.3902588 1.005981 -0.3840332 1.004272 -0.3905029 1.008667 -0.3902588 0.06713867 0.1791992 0.09350585 0.1585693 0.07006835 0.1295166 0.08215332 -0.02099609 0.09350585 0.1585693 0.06713867 0.1791992 0.03601074 -0.02099609 0.08215332 -0.02099609 0.06713867 0.1791992 0.6141357 0.5262451 0.6351318 0.5255127 0.6351318 0.5255127 0.6351318 0.52771 0.6351318 0.5255127 0.6141357 0.5262451 0.6351318 0.5447998 0.6351318 0.52771 0.6141357 0.5262451 -0.03662109 0.5201416 -0.06152343 0.4741211 -0.07910156 0.5013428 -0.03662109 0.4411621 -0.06152343 0.4741211 -0.03662109 0.5201416 8.54492e-4 0.4411621 -0.03662109 0.4411621 -0.03662109 0.5201416 0.6199951 0.1066895 0.5800781 0.1356201 0.5800781 0.1069336 0.6206055 0.135376 0.5800781 0.1356201 0.6199951 0.1066895 0.6369629 0.1351318 0.6206055 0.135376 0.6199951 0.1066895 0.09863281 0.6688232 0.3395996 0.6950684 0.3900146 0.8345947 0.3809814 0.5003662 0.3395996 0.6950684 0.09863281 0.6688232 0.09863281 0.503418 0.3809814 0.5003662 0.09863281 0.6688232 -0.03649902 0.6821289 0.03808593 0.5213623 0.03808593 0.6821289 -0.03649902 0.5213623 0.03808593 0.5213623 -0.03649902 0.6821289 -0.08496093 0.5213623 -0.03649902 0.5213623 -0.03649902 0.6821289 0.6038818 0.7320557 0.5098877 0.7392578 0.5755615 0.9456787 0.68396 0.5006104 0.5098877 0.7392578 0.6038818 0.7320557 0.8430176 0.5083008 0.68396 0.5006104 0.6038818 0.7320557 0.5961914 0.5537109 0.6351318 0.5447998 0.6141357 0.5262451 0.6351318 0.5584717 0.6351318 0.5447998 0.5961914 0.5537109 0.6351318 0.5584717 0.6351318 0.5584717 0.5961914 0.5537109 0.9987793 -0.3990479 1.006836 -0.4124756 1.006836 -0.3990479 0.9987793 -0.4124756 1.006836 -0.4124756 0.9987793 -0.3990479 0.9907227 -0.4124756 0.9987793 -0.4124756 0.9987793 -0.3990479 0.6381836 -0.09997558 0.619873 -0.09912109 0.6381836 -0.1088867 0.619873 -0.0904541 0.619873 -0.09912109 0.6381836 -0.09997558 0.6381836 -0.09387207 0.619873 -0.0904541 0.6381836 -0.09997558 1.046265 0.1190186 1.055664 0.1757813 1.052368 0.2087402 1.052979 8.54492e-4 1.055664 0.1757813 1.046265 0.1190186 1.041504 8.54492e-4 1.052979 8.54492e-4 1.046265 0.1190186 0.4796143 -0.1143799 0.5682373 0.1226807 0.5319824 0.1351318 0.5709229 -0.03100585 0.5682373 0.1226807 0.4796143 -0.1143799 0.5537109 -0.1287842 0.5709229 -0.03100585 0.4796143 -0.1143799 -0.01635742 -0.04125976 0.1242676 -0.03320312 0.1188965 -0.03625488 0.1242676 -0.03918457 0.1242676 -0.03320312 -0.01635742 -0.04125976 0.1188965 -0.03625488 0.1242676 -0.03918457 -0.01635742 -0.04125976 0.4736328 0.7966309 0.480835 0.9602051 0.5324707 0.9768067 0.4697266 0.796875 0.480835 0.9602051 0.4736328 0.7966309 0.5203857 0.59729 0.4697266 0.796875 0.4736328 0.7966309 0.1625977 0.2059326 0.09484863 0.4228516 0.2254639 0.4228516 0.07763671 0.3417969 0.09484863 0.4228516 0.1625977 0.2059326 0.1210938 0.2062988 0.07763671 0.3417969 0.1625977 0.2059326 0.5755615 0.9874268 0.8095703 0.7790527 0.6231689 0.7714844 0.7886963 1.011475 0.8095703 0.7790527 0.5755615 0.9874268 0.8095703 0.7790527 0.7886963 1.011475 0.5755615 0.9874268 0.6231689 0.7714844 0.8095703 0.7790527 0.5755615 0.9874268 0.6730957 0.4951172 0.8095703 0.7790527 0.6231689 0.7714844 0.4736328 0.7966309 0.6730957 0.4951172 0.6231689 0.7714844 1.065796 0.213623 0.9162598 0.3000488 0.9162598 0.213623 1.065796 0.3000488 0.9162598 0.3000488 1.065796 0.213623 0.9162598 0.213623 1.065796 0.3000488 0.9162598 0.3000488 1.065796 0.213623 1.065796 0.3000488 0.9162598 0.213623 1.065796 0.213623 0.9162598 0.3000488 1.065796 0.3000488 0.9162598 0.213623 0.9162598 0.3000488 1.065796 0.213623 0.9916992 -0.4125977 0.979126 -0.4217529 0.9915771 -0.4217529 0.979126 -0.4122314 0.979126 -0.4217529 0.9916992 -0.4125977 -0.08496093 0.5213623 -0.03649902 0.6821289 -0.03649902 0.5213623 -0.08496093 0.6821289 -0.03649902 0.6821289 -0.08496093 0.5213623 0.6019287 -0.08349609 0.6364746 -0.08630371 0.6362305 -0.08361816 0.6015625 -0.08605957 0.6364746 -0.08630371 0.6019287 -0.08349609 0.5802002 0.1237793 0.6345215 0.09094238 0.6345215 0.1237793 0.5802002 0.09094238 0.6345215 0.09094238 0.5802002 0.1237793 0.6343994 0.1236572 0.5802002 0.09094238 0.5803223 0.1236572 0.6343994 0.09094238 0.5802002 0.09094238 0.6343994 0.1236572 0.5802002 0.1237793 0.6345215 0.09094238 0.6345215 0.1237793 0.5802002 0.09094238 0.6345215 0.09094238 0.5802002 0.1237793 0.09863281 1.018677 0.425415 0.9462891 0.3793945 0.97229 0.09863281 0.9316406 0.425415 0.9462891 0.09863281 1.018677 0.09863281 0.9316406 0.3900146 0.8345947 0.425415 0.9462891 0.09863281 0.6688232 0.3900146 0.8345947 0.09863281 0.9316406 0.6351318 0.5255127 0.6141357 0.5262451 0.6351318 0.5255127 0.6351318 0.52771 0.6141357 0.5262451 0.6351318 0.5255127 0.5802002 0.1237793 0.6345215 0.09094238 0.6345215 0.1237793 0.5802002 0.09094238 0.6345215 0.09094238 0.5802002 0.1237793 0.5802002 0.1237793 0.6345215 0.09094238 0.6345215 0.1237793 0.5802002 0.09094238 0.6345215 0.09094238 0.5802002 0.1237793 -0.06787109 -0.9082031 0.06787109 -0.8272705 -0.06787109 -0.8271484 0.06762695 -0.9083252 0.06787109 -0.8272705 -0.06787109 -0.9082031 0.06909179 -0.9165039 -0.06738281 -0.9074707 0.06872558 -0.9075928 -0.0670166 -0.9163818 -0.06738281 -0.9074707 0.06909179 -0.9165039 0.6141357 0.5262451 0.6351318 0.5447998 0.5961914 0.5537109 0.6351318 0.52771 0.6351318 0.5447998 0.6141357 0.5262451 -0.00793457 0.05603027 0.06774902 0.1352539 0.07006835 0.1295166 -0.006835937 0.09851074 0.06774902 0.1352539 -0.00793457 0.05603027 0.6345215 0.09094238 0.5802002 0.1237793 0.6345215 0.1237793 0.5802002 0.09094238 0.5802002 0.1237793 0.6345215 0.09094238 0.6345215 0.09094238 0.5802002 0.1237793 0.6345215 0.1237793 0.5802002 0.09094238 0.5802002 0.1237793 0.6345215 0.09094238 0.03833007 0.5201416 -0.03649902 0.5213623 -0.03662109 0.5201416 0.03808593 0.5213623 -0.03649902 0.5213623 0.03833007 0.5201416 0.6345215 0.09094238 0.5802002 0.1237793 0.6345215 0.1237793 0.5802002 0.09094238 0.5802002 0.1237793 0.6345215 0.09094238 0.5802002 0.09094238 0.6343994 0.1236572 0.5803223 0.1236572 0.6343994 0.09094238 0.6343994 0.1236572 0.5802002 0.09094238 1.002686 -0.4058838 1.000366 -0.4217529 1.004272 -0.3905029 1.000244 -0.4217529 1.000366 -0.4217529 1.002686 -0.4058838 0.5802002 0.09094238 0.6345215 0.1237793 0.6345215 0.09094238 0.5802002 0.1237793 0.6345215 0.1237793 0.5802002 0.09094238 0.5682373 0.1226807 0.4796143 -0.1143799 0.5319824 0.1351318 0.5709229 -0.03100585 0.4796143 -0.1143799 0.5682373 0.1226807 0.4796143 -0.1143799 0.5709229 -0.03100585 0.5682373 0.1226807 0.5537109 -0.1287842 0.5709229 -0.03100585 0.4796143 -0.1143799 0.9869385 0.6010742 0.9116211 0.7277832 0.9471436 0.7362061 0.9050293 0.5306396 0.9116211 0.7277832 0.9869385 0.6010742 0.2182617 0.2128906 0.2906494 0.4855957 0.2252197 0.482666 0.3526611 0.2110596 0.2906494 0.4855957 0.2182617 0.2128906 0.5797119 -0.1101074 0.619873 -0.112915 0.5797119 -0.1044922 0.5797119 -0.1140137 0.619873 -0.112915 0.5797119 -0.1101074 0.5800781 0.1356201 0.6199951 0.1066895 0.5800781 0.1068115 0.6206055 0.135376 0.6199951 0.1066895 0.5800781 0.1356201 0.03393554 0.3217773 0.08117675 0.3095703 0.01269531 0.3095703 0.07824707 0.3217773 0.08117675 0.3095703 0.03393554 0.3217773 0.03393554 0.3217773 0.08117675 0.3095703 0.01269531 0.3095703 0.07824707 0.3217773 0.08117675 0.3095703 0.03393554 0.3217773 0.03393554 0.3217773 0.08117675 0.3095703 0.01269531 0.3095703 0.07824707 0.3217773 0.08117675 0.3095703 0.03393554 0.3217773 0.03393554 0.3217773 0.08117675 0.3095703 0.01269531 0.3095703 0.07824707 0.3217773 0.08117675 0.3095703 0.03393554 0.3217773 0.03393554 0.3217773 0.08117675 0.3095703 0.01269531 0.3095703 0.07824707 0.3217773 0.08117675 0.3095703 0.03393554 0.3217773 0.637085 0.1352539 0.6199951 0.1066895 0.6206055 0.135376 0.6361084 0.09716796 0.6199951 0.1066895 0.637085 0.1352539 0.03393554 0.3217773 0.08117675 0.3095703 0.01269531 0.3095703 0.07824707 0.3217773 0.08117675 0.3095703 0.03393554 0.3217773 0.07006835 0.1295166 -0.00793457 0.05603027 0.06774902 0.1352539 0.007324218 0.03088378 -0.00793457 0.05603027 0.07006835 0.1295166 0.2041016 0.2062988 0.2254639 0.4228516 0.2432861 0.3448486 0.1625977 0.2059326 0.2254639 0.4228516 0.2041016 0.2062988 0.1999512 0.4814453 0.09484863 0.4228516 0.1196289 0.4814453 0.2254639 0.4228516 0.09484863 0.4228516 0.1999512 0.4814453 0.6351318 0.5447998 0.5961914 0.5578613 0.6351318 0.52771 0.6351318 0.5584717 0.5961914 0.5578613 0.6351318 0.5447998 0.4802246 0.9002686 0.4765625 0.8796387 0.4954834 0.9051514 0.4724121 0.9353027 0.4765625 0.8796387 0.4802246 0.9002686 1.005981 -0.3840332 1.008667 -0.3902588 1.004272 -0.3905029 1.008179 -0.3813477 1.008667 -0.3902588 1.005981 -0.3840332 0.6364746 -0.08630371 0.6019287 -0.08349609 0.6362305 -0.08361816 0.6015625 -0.08605957 0.6019287 -0.08349609 0.6364746 -0.08630371 -0.03674316 1.000244 0.03808593 0.6821289 0.03845214 1.000244 -0.03649902 0.6821289 0.03808593 0.6821289 -0.03674316 1.000244 1.010376 -0.383667 1.008667 -0.3902588 1.008179 -0.3813477 1.012085 -0.3900146 1.008667 -0.3902588 1.010376 -0.383667 -0.06152343 0.4741211 -0.03662109 0.5201416 -0.07910156 0.5013428 -0.03662109 0.4411621 -0.03662109 0.5201416 -0.06152343 0.4741211 0.4954834 0.9051514 0.5098877 0.7392578 0.4765625 0.8796387 0.5755615 0.9456787 0.5098877 0.7392578 0.4954834 0.9051514 0.4796143 0.5332031 0.4766846 0.8255615 0.4729004 0.8590088 0.5050049 0.5075684 0.4766846 0.8255615 0.4796143 0.5332031 0.03393554 0.3217773 0.08117675 0.3095703 0.01269531 0.3095703 0.07824707 0.3217773 0.08117675 0.3095703 0.03393554 0.3217773 8.54492e-4 0.4411621 -0.03662109 0.5201416 -0.03662109 0.4411621 0.03833007 0.5201416 -0.03662109 0.5201416 8.54492e-4 0.4411621 1.00769 0.6461182 0.8430176 0.5083008 0.6038818 0.7320557 0.9050293 0.5306396 0.8430176 0.5083008 1.00769 0.6461182 0.6015625 -0.08605957 0.5933838 -0.08740234 0.6019287 -0.08349609 0.6014404 -0.107666 0.5933838 -0.08740234 0.6015625 -0.08605957 0.9433594 8.54492e-4 0.9522705 0.1209717 0.9436035 0.177002 0.9530029 8.54492e-4 0.9522705 0.1209717 0.9433594 8.54492e-4 0.6014404 -0.107666 0.5882568 -0.0949707 0.5933838 -0.08740234 0.5870361 -0.1075439 0.5882568 -0.0949707 0.6014404 -0.107666 0.5203857 0.59729 0.4736328 0.7966309 0.4697266 0.796875 0.6730957 0.4951172 0.4736328 0.7966309 0.5203857 0.59729 0.5709229 -0.03100585 0.4796143 -0.1143799 0.5682373 0.1226807 0.5537109 -0.1287842 0.4796143 -0.1143799 0.5709229 -0.03100585 1.0177 0.1815186 1 0.09069824 1.039795 0.1837158 0.9813232 0.1815186 1 0.09069824 1.0177 0.1815186 0.9874268 0.7231445 0.9311523 0.708374 0.9952393 0.7183838 0.9328613 0.7456055 0.9311523 0.708374 0.9874268 0.7231445 0.9287109 0.854248 0.9116211 0.7277832 0.9471436 0.7362061 0.9056396 0.878418 0.9116211 0.7277832 0.9287109 0.854248 0.9056396 0.878418 0.8878174 0.8560791 0.9116211 0.7277832 0.8568115 0.9332275 0.8878174 0.8560791 0.9056396 0.878418 0.4796143 0.5332031 0.5050049 0.5075684 0.68396 0.5006104 0.4766846 0.8255615 0.5050049 0.5075684 0.4796143 0.5332031 0.06835937 -0.8236084 -0.06848144 -0.9111328 0.069458 -0.9117432 -0.06750488 -0.8237305 -0.06848144 -0.9111328 0.06835937 -0.8236084 1.013916 -0.4108887 1.015991 -0.4217529 1.015625 -0.4178467 1.005981 -0.3840332 1.008667 -0.3902588 1.008179 -0.3813477 0.4796143 -0.1143799 0.5709229 -0.03100585 0.5537109 -0.1287842 0.8095703 0.7790527 0.7886963 1.011475 0.9162598 0.7940674 0.5203857 0.59729 0.4736328 0.7966309 0.6730957 0.4951172 0.5797119 -0.09912109 0.619873 -0.09912109 0.619873 -0.0904541 0.6199951 0.1066895 0.6363525 0.09704589 0.6369629 0.1351318 0.619873 -0.1212158 0.619873 -0.112915 0.5797119 -0.1140137 -0.1130371 -0.135498 -0.07214355 -0.03173828 -0.1147461 -0.02905273 1.013916 -0.4108887 1.015625 -0.4178467 1.015991 -0.4217529 1.002686 -0.4058838 1.000366 -0.4217529 1.000244 -0.4217529 0.7961426 0.5113525 0.8608398 0.5133057 0.9162598 0.7940674 0.8878174 0.8560791 0.8568115 0.9332275 0.5755615 0.9456787 0.5961914 0.5578613 0.6351318 0.5584717 0.5961914 0.5537109 -0.03649902 0.6821289 -0.08496093 0.6821289 -0.08496093 0.5213623 0.9907227 -0.3990479 0.9907227 -0.4124756 0.9987793 -0.3990479 0.3809814 0.5003662 0.09863281 0.503418 0.09863281 0.6688232 0.9813232 0.1815186 0.9587402 0.1853027 1 0.09069824 0.9530029 8.54492e-4 0.9720459 0.06481933 0.9522705 0.1209717 0.7178955 -0.1779785 0.7177734 -0.3796387 0.746582 -0.3834229 0.4736328 0.7966309 0.6231689 0.7714844 0.5755615 0.9874268</float_array>
          <technique_common>
            <accessor source="#polygon3-mesh-map-0-array" count="1167" stride="2">
              <param name="S" type="float"/>
              <param name="T" type="float"/>
            </accessor>
          </technique_common>
        </source>
        <source id="polygon3-mesh-colors-polygon3_Colors0" name="polygon3_Colors0">
          <float_array id="polygon3-mesh-colors-polygon3_Colors0-array" count="4668">0.7098039 0.6980392 0.7098039 1 0.7098039 0.6980392 0.7098039 1 0.9058824 0.9058824 0.9058824 1 0.8705883 0.8588235 0.8705883 1 0.7098039 0.6980392 0.7098039 1 0.7098039 0.6980392 0.7098039 1 0.7098039 0.6980392 0.7098039 1 0.8705883 0.8588235 0.8705883 1 0.7098039 0.6980392 0.7098039 1 1 1 1 1 0.8705883 0.8588235 0.8705883 1 0.7098039 0.6980392 0.7098039 1 0.7098039 0.6980392 0.7098039 1 1 1 1 1 0.7098039 0.6980392 0.7098039 1 1 1 1 1 1 1 1 1 0.7098039 0.6980392 0.7098039 1 0.7411765 0.7450981 0.7411765 1 1 1 1 1 0.7098039 0.6980392 0.7098039 1 1 1 1 1 1 1 1 1 0.7411765 0.7450981 0.7411765 1 0.7098039 0.6980392 0.7098039 1 1 1 1 1 0.7411765 0.7450981 0.7411765 1 1 1 1 1 1 1 1 1 0.7098039 0.6980392 0.7098039 1 0.8705883 0.8588235 0.8705883 1 1 1 1 1 0.7098039 0.6980392 0.7098039 1 0.7098039 0.6980392 0.7098039 1 1 1 1 1 0.8705883 0.8588235 0.8705883 1 0.2901961 0.3019608 0.2901961 1 0.7098039 0.6980392 0.7098039 1 0.8705883 0.8588235 0.8705883 1 0.2901961 0.3019608 0.2901961 1 0.7098039 0.6980392 0.7098039 1 0.2901961 0.3019608 0.2901961 1 1 1 1 1 0.8078432 0.8117647 0.8078432 1 0.7098039 0.6980392 0.7098039 1 0.8078432 0.8117647 0.8078432 1 0.8078432 0.8117647 0.8078432 1 1 1 1 1 1 1 1 1 0.8078432 0.8117647 0.8078432 1 1 1 1 1 0.8705883 0.8588235 0.8705883 1 0.8078432 0.8117647 0.8078432 1 1 1 1 1 1 1 1 1 0.8705883 0.8588235 0.8705883 1 1 1 1 1 0.8078432 0.8117647 0.8078432 1 0.8705883 0.8588235 0.8705883 1 1 1 1 1 1 1 1 1 0.8078432 0.8117647 0.8078432 1 1 1 1 1 0.8078432 0.8117647 0.8078432 1 0.8078432 0.8117647 0.8078432 1 1 1 1 1 1 1 1 1 0.8078432 0.8117647 0.8078432 1 1 1 1 1 0.9058824 0.9058824 0.9058824 1 0.8078432 0.8117647 0.8078432 1 1 1 1 1 0.8078432 0.8117647 0.8078432 1 0.9058824 0.9058824 0.9058824 1 1 1 1 1 0.3882353 0.3960784 0.3882353 1 0.9058824 0.9058824 0.9058824 1 0.8078432 0.8117647 0.8078432 1 0.4823529 0.4901961 0.4823529 1 0.3882353 0.3960784 0.3882353 1 0.8078432 0.8117647 0.8078432 1 0.2901961 0.3019608 0.2901961 1 1 1 1 1 0.2901961 0.3019608 0.2901961 1 1 1 1 1 1 1 1 1 0.2901961 0.3019608 0.2901961 1 0.2901961 0.3019608 0.2901961 1 1 1 1 1 0.2901961 0.3019608 0.2901961 1 1 1 1 1 1 1 1 1 0.2901961 0.3019608 0.2901961 1 0.2901961 0.3019608 0.2901961 1 1 1 1 1 0.2901961 0.3019608 0.2901961 1 1 1 1 1 1 1 1 1 0.2901961 0.3019608 0.2901961 1 0.2901961 0.3019608 0.2901961 1 1 1 1 1 0.2901961 0.3019608 0.2901961 1 1 1 1 1 1 1 1 1 0.2901961 0.3019608 0.2901961 1 0.2901961 0.3019608 0.2901961 1 1 1 1 1 0.2901961 0.3019608 0.2901961 1 0.2901961 0.3019608 0.2901961 1 1 1 1 1 0.2901961 0.3019608 0.2901961 1 1 1 1 1 0.9686275 0.9529412 0.9686275 1 0.8705883 0.8588235 0.8705883 1 1 1 1 1 0.9686275 0.9529412 0.9686275 1 1 1 1 1 1 1 1 1 1 1 1 1 1 1 1 1 1 1 1 1 1 1 1 1 1 1 1 1 1 1 1 1 1 1 1 1 1 1 1 1 0.7098039 0.6980392 0.7098039 1 1 1 1 1 1 1 1 1 0.7411765 0.7450981 0.7411765 1 0.7098039 0.6980392 0.7098039 1 1 1 1 1 1 1 1 1 0.2901961 0.3019608 0.2901961 1 0.2901961 0.3019608 0.2901961 1 0.2901961 0.3019608 0.2901961 1 0.2901961 0.3019608 0.2901961 1 1 1 1 1 1 1 1 1 0.2901961 0.3019608 0.2901961 1 1 1 1 1 0.2901961 0.3019608 0.2901961 1 0.2901961 0.3019608 0.2901961 1 1 1 1 1 0.9058824 0.9058824 0.9058824 1 0.2901961 0.3019608 0.2901961 1 1 1 1 1 0.2901961 0.3019608 0.2901961 1 0.2901961 0.3019608 0.2901961 1 0.9058824 0.9058824 0.9058824 1 0.2901961 0.3019608 0.2901961 1 0.2901961 0.3019608 0.2901961 1 0.9058824 0.9058824 0.9058824 1 0.7098039 0.6980392 0.7098039 1 1 1 1 1 1 1 1 1 0.9058824 0.9058824 0.9058824 1 1 1 1 1 0.7098039 0.6980392 0.7098039 1 0.7098039 0.6980392 0.7098039 1 0.9058824 0.9058824 0.9058824 1 0.7098039 0.6980392 0.7098039 1 1 1 1 1 0.9058824 0.9058824 0.9058824 1 0.7098039 0.6980392 0.7098039 1 1 1 1 1 1 1 1 1 0.7098039 0.6980392 0.7098039 1 0.2901961 0.3019608 0.2901961 1 1 1 1 1 1 1 1 1 0.2901961 0.3019608 0.2901961 1 0.2901961 0.3019608 0.2901961 1 1 1 1 1 0.9058824 0.9058824 0.9058824 1 0.8078432 0.8117647 0.8078432 1 0.7098039 0.6980392 0.7098039 1 0.9058824 0.9058824 0.9058824 1 0.8078432 0.8117647 0.8078432 1 0.9058824 0.9058824 0.9058824 1 1 1 1 1 0.9058824 0.9058824 0.9058824 1 0.9058824 0.9058824 0.9058824 1 0.8078432 0.8117647 0.8078432 1 0.9058824 0.9058824 0.9058824 1 1 1 1 1 0.9058824 0.9058824 0.9058824 1 0.8078432 0.8117647 0.8078432 1 1 1 1 1 0.5176471 0.509804 0.5176471 1 0.8078432 0.8117647 0.8078432 1 0.9058824 0.9058824 0.9058824 1 1 1 1 1 0.9686275 0.9529412 0.9686275 1 0.9686275 0.9529412 0.9686275 1 0.9686275 0.9529412 0.9686275 1 0.9686275 0.9529412 0.9686275 1 1 1 1 1 1 1 1 1 0.9686275 0.9529412 0.9686275 1 1 1 1 1 0.8705883 0.8588235 0.8705883 1 0.9686275 0.9529412 0.9686275 1 1 1 1 1 0.7098039 0.6980392 0.7098039 1 0.8705883 0.8588235 0.8705883 1 1 1 1 1 0.7098039 0.6980392 0.7098039 1 0.8705883 0.8588235 0.8705883 1 0.7098039 0.6980392 0.7098039 1 0.5176471 0.5254902 0.5176471 1 0.3882353 0.3960784 0.3882353 1 0.3882353 0.3960784 0.3882353 1 0.2901961 0.3019608 0.2901961 1 0.3882353 0.3960784 0.3882353 1 0.5176471 0.5254902 0.5176471 1 0.8078432 0.8117647 0.8078432 1 0.2901961 0.3019608 0.2901961 1 0.5176471 0.5254902 0.5176471 1 0.4823529 0.4901961 0.4823529 1 0.2901961 0.3019608 0.2901961 1 0.8078432 0.8117647 0.8078432 1 0.3882353 0.3960784 0.3882353 1 0.4823529 0.4901961 0.4823529 1 0.8078432 0.8117647 0.8078432 1 0.3529412 0.3490196 0.3529412 1 0.3882353 0.3960784 0.3882353 1 0.2901961 0.3019608 0.2901961 1 0.2901961 0.3019608 0.2901961 1 0.3882353 0.3960784 0.3882353 1 0.3529412 0.3490196 0.3529412 1 0.2901961 0.3019608 0.2901961 1 0.2901961 0.3019608 0.2901961 1 0.3529412 0.3490196 0.3529412 1 0.3882353 0.3960784 0.3882353 1 0.2901961 0.3019608 0.2901961 1 0.2901961 0.3019608 0.2901961 1 0.2901961 0.3019608 0.2901961 1 0.3882353 0.3960784 0.3882353 1 0.2901961 0.3019608 0.2901961 1 0.7098039 0.6980392 0.7098039 1 0.1921569 0.1882353 0.1921569 1 1 1 1 1 0.1921569 0.1882353 0.1921569 1 0.1921569 0.1882353 0.1921569 1 0.7098039 0.6980392 0.7098039 1 0.7098039 0.6980392 0.7098039 1 0.1921569 0.1882353 0.1921569 1 0.7098039 0.6980392 0.7098039 1 0.1921569 0.1882353 0.1921569 1 0.1921569 0.1882353 0.1921569 1 0.7098039 0.6980392 0.7098039 1 0.1921569 0.1882353 0.1921569 1 0.1921569 0.1882353 0.1921569 1 0.7098039 0.6980392 0.7098039 1 0.8078432 0.8117647 0.8078432 1 0.2901961 0.3019608 0.2901961 1 0.4823529 0.4901961 0.4823529 1 0.5176471 0.5254902 0.5176471 1 0.2901961 0.3019608 0.2901961 1 0.8078432 0.8117647 0.8078432 1 1 1 1 1 0.5176471 0.5254902 0.5176471 1 0.8078432 0.8117647 0.8078432 1 0.4196078 0.4117647 0.4196078 1 0.5176471 0.5254902 0.5176471 1 1 1 1 1 0.2901961 0.3019608 0.2901961 1 0.4196078 0.4117647 0.4196078 1 1 1 1 1 0.7098039 0.6980392 0.7098039 1 1 1 1 1 0.7098039 0.6980392 0.7098039 1 1 1 1 1 1 1 1 1 0.7098039 0.6980392 0.7098039 1 1 1 1 1 1 1 1 1 0.7098039 0.6980392 0.7098039 1 0.6117647 0.6039216 0.6117647 1 1 1 1 1 1 1 1 1 0.6117647 0.6039216 0.6117647 1 0.6117647 0.6039216 0.6117647 1 1 1 1 1 0.8078432 0.8117647 0.8078432 1 0.7098039 0.6980392 0.7098039 1 1 1 1 1 0.7098039 0.6980392 0.7098039 1 0.7098039 0.6980392 0.7098039 1 0.8078432 0.8117647 0.8078432 1 0.8078432 0.8117647 0.8078432 1 0.7098039 0.6980392 0.7098039 1 0.8078432 0.8117647 0.8078432 1 1 1 1 1 0.7098039 0.6980392 0.7098039 1 0.8078432 0.8117647 0.8078432 1 0.8078432 0.8117647 0.8078432 1 1 1 1 1 0.8078432 0.8117647 0.8078432 1 0.3882353 0.3960784 0.3882353 1 1 1 1 1 0.4823529 0.4901961 0.4823529 1 1 1 1 1 1 1 1 1 0.3882353 0.3960784 0.3882353 1 0.3882353 0.3960784 0.3882353 1 1 1 1 1 0.3882353 0.3960784 0.3882353 1 1 1 1 1 1 1 1 1 0.3882353 0.3960784 0.3882353 1 1 1 1 1 1 1 1 1 0.3882353 0.3960784 0.3882353 1 0.8078432 0.8117647 0.8078432 1 0.7098039 0.6980392 0.7098039 1 1 1 1 1 0.7098039 0.6980392 0.7098039 1 0.7098039 0.6980392 0.7098039 1 0.8078432 0.8117647 0.8078432 1 0.8078432 0.8117647 0.8078432 1 0.7098039 0.6980392 0.7098039 1 0.8078432 0.8117647 0.8078432 1 1 1 1 1 0.7098039 0.6980392 0.7098039 1 0.8078432 0.8117647 0.8078432 1 0.8078432 0.8117647 0.8078432 1 1 1 1 1 0.8078432 0.8117647 0.8078432 1 1 1 1 1 0.9058824 0.9058824 0.9058824 1 1 1 1 1 0.9058824 0.9058824 0.9058824 1 0.9058824 0.9058824 0.9058824 1 1 1 1 1 1 1 1 1 0.9058824 0.9058824 0.9058824 1 1 1 1 1 0.9058824 0.9058824 0.9058824 1 0.9058824 0.9058824 0.9058824 1 1 1 1 1 0.3882353 0.3960784 0.3882353 1 0.3529412 0.3490196 0.3529412 1 0.2901961 0.3019608 0.2901961 1 0.2901961 0.3019608 0.2901961 1 0.3529412 0.3490196 0.3529412 1 0.3882353 0.3960784 0.3882353 1 0.3882353 0.3960784 0.3882353 1 0.2901961 0.3019608 0.2901961 1 0.3882353 0.3960784 0.3882353 1 0.4509804 0.4431372 0.4509804 1 0.2901961 0.3019608 0.2901961 1 0.3882353 0.3960784 0.3882353 1 0.5176471 0.509804 0.5176471 1 0.2901961 0.3019608 0.2901961 1 0.5176471 0.509804 0.5176471 1 0.2901961 0.3019608 0.2901961 1 0.2901961 0.3019608 0.2901961 1 0.5176471 0.509804 0.5176471 1 0.5176471 0.509804 0.5176471 1 0.2901961 0.3019608 0.2901961 1 0.5176471 0.509804 0.5176471 1 0.2901961 0.3019608 0.2901961 1 0.2901961 0.3019608 0.2901961 1 0.5176471 0.509804 0.5176471 1 1 1 1 1 0.8078432 0.8117647 0.8078432 1 0.5176471 0.5254902 0.5176471 1 0.9058824 0.9058824 0.9058824 1 0.8078432 0.8117647 0.8078432 1 1 1 1 1 0.8078432 0.8117647 0.8078432 1 0.9058824 0.9058824 0.9058824 1 1 1 1 1 0.6470589 0.6509804 0.6470589 1 0.9058824 0.9058824 0.9058824 1 0.8078432 0.8117647 0.8078432 1 0.2901961 0.3019608 0.2901961 1 0.7098039 0.6980392 0.7098039 1 0.2901961 0.3019608 0.2901961 1 1 1 1 1 0.7098039 0.6980392 0.7098039 1 0.2901961 0.3019608 0.2901961 1 0.2901961 0.3019608 0.2901961 1 1 1 1 1 0.2901961 0.3019608 0.2901961 1 0.2901961 0.3019608 0.2901961 1 1 1 1 1 0.2901961 0.3019608 0.2901961 1 1 1 1 1 0.3882353 0.3960784 0.3882353 1 1 1 1 1 0.3882353 0.3960784 0.3882353 1 0.3882353 0.3960784 0.3882353 1 1 1 1 1 1 1 1 1 0.3882353 0.3960784 0.3882353 1 1 1 1 1 1 1 1 1 0.3882353 0.3960784 0.3882353 1 1 1 1 1 0.9058824 0.9058824 0.9058824 1 1 1 1 1 0.2901961 0.3019608 0.2901961 1 1 1 1 1 1 1 1 1 0.9058824 0.9058824 0.9058824 1 1 1 1 1 1 1 1 1 0.9058824 0.9058824 0.9058824 1 0.8705883 0.8588235 0.8705883 1 1 1 1 1 1 1 1 1 0.8078432 0.8117647 0.8078432 1 1 1 1 1 0.7098039 0.6980392 0.7098039 1 0.8078432 0.8117647 0.8078432 1 1 1 1 1 0.8078432 0.8117647 0.8078432 1 0.7098039 0.6980392 0.7098039 1 0.8078432 0.8117647 0.8078432 1 0.8078432 0.8117647 0.8078432 1 0.7098039 0.6980392 0.7098039 1 0.8078432 0.8117647 0.8078432 1 0.7098039 0.6980392 0.7098039 1 0.7098039 0.6980392 0.7098039 1 0.2901961 0.3019608 0.2901961 1 0.2901961 0.3019608 0.2901961 1 1 1 1 1 0.2901961 0.3019608 0.2901961 1 0.7098039 0.6980392 0.7098039 1 0.8078432 0.8117647 0.8078432 1 1 1 1 1 0.7098039 0.6980392 0.7098039 1 0.8078432 0.8117647 0.8078432 1 1 1 1 1 0.8078432 0.8117647 0.8078432 1 0.7098039 0.6980392 0.7098039 1 0.8078432 0.8117647 0.8078432 1 0.8705883 0.8588235 0.8705883 1 0.8705883 0.8588235 0.8705883 1 0.8078432 0.8117647 0.8078432 1 0.7098039 0.6980392 0.7098039 1 0.7098039 0.6980392 0.7098039 1 0.8705883 0.8588235 0.8705883 1 0.7098039 0.6980392 0.7098039 1 0.9058824 0.9058824 0.9058824 1 0.8705883 0.8588235 0.8705883 1 0.7098039 0.6980392 0.7098039 1 1 1 1 1 0.2901961 0.3019608 0.2901961 1 1 1 1 1 0.9058824 0.9058824 0.9058824 1 0.2901961 0.3019608 0.2901961 1 1 1 1 1 1 1 1 1 0.9058824 0.9058824 0.9058824 1 1 1 1 1 1 1 1 1 0.9058824 0.9058824 0.9058824 1 1 1 1 1 0.7098039 0.6980392 0.7098039 1 1 1 1 1 1 1 1 1 0.7098039 0.6980392 0.7098039 1 1 1 1 1 0.7098039 0.6980392 0.7098039 1 0.7098039 0.6980392 0.7098039 1 0.7098039 0.6980392 0.7098039 1 0.7098039 0.6980392 0.7098039 1 0.7098039 0.6980392 0.7098039 1 0.7098039 0.6980392 0.7098039 1 0.7098039 0.6980392 0.7098039 1 0.7098039 0.6980392 0.7098039 1 1 1 1 1 1 1 1 1 0.7098039 0.6980392 0.7098039 1 1 1 1 1 0.7098039 0.6980392 0.7098039 1 0.7098039 0.6980392 0.7098039 1 0.7098039 0.6980392 0.7098039 1 0.7098039 0.6980392 0.7098039 1 0.7098039 0.6980392 0.7098039 1 0.7098039 0.6980392 0.7098039 1 0.7098039 0.6980392 0.7098039 1 0.7098039 0.6980392 0.7098039 1 1 1 1 1 1 1 1 1 0.7098039 0.6980392 0.7098039 1 1 1 1 1 0.7098039 0.6980392 0.7098039 1 0.7098039 0.6980392 0.7098039 1 0.7098039 0.6980392 0.7098039 1 0.7098039 0.6980392 0.7098039 1 0.7098039 0.6980392 0.7098039 1 0.7098039 0.6980392 0.7098039 1 0.7098039 0.6980392 0.7098039 1 0.7098039 0.6980392 0.7098039 1 1 1 1 1 1 1 1 1 0.7098039 0.6980392 0.7098039 1 1 1 1 1 0.7098039 0.6980392 0.7098039 1 0.7098039 0.6980392 0.7098039 1 0.7098039 0.6980392 0.7098039 1 0.7098039 0.6980392 0.7098039 1 0.7098039 0.6980392 0.7098039 1 0.7098039 0.6980392 0.7098039 1 0.7098039 0.6980392 0.7098039 1 0.7098039 0.6980392 0.7098039 1 1 1 1 1 1 1 1 1 0.7098039 0.6980392 0.7098039 1 1 1 1 1 0.7098039 0.6980392 0.7098039 1 0.7098039 0.6980392 0.7098039 1 0.7098039 0.6980392 0.7098039 1 0.7098039 0.6980392 0.7098039 1 0.7098039 0.6980392 0.7098039 1 0.7098039 0.6980392 0.7098039 1 0.7098039 0.6980392 0.7098039 1 0.7098039 0.6980392 0.7098039 1 1 1 1 1 1 1 1 1 0.7098039 0.6980392 0.7098039 1 1 1 1 1 0.7098039 0.6980392 0.7098039 1 0.7098039 0.6980392 0.7098039 1 0.7098039 0.6980392 0.7098039 1 0.7098039 0.6980392 0.7098039 1 0.7098039 0.6980392 0.7098039 1 0.7098039 0.6980392 0.7098039 1 0.7098039 0.6980392 0.7098039 1 0.7098039 0.6980392 0.7098039 1 1 1 1 1 1 1 1 1 0.7098039 0.6980392 0.7098039 1 1 1 1 1 0.7098039 0.6980392 0.7098039 1 0.7098039 0.6980392 0.7098039 1 0.7098039 0.6980392 0.7098039 1 0.7098039 0.6980392 0.7098039 1 0.7098039 0.6980392 0.7098039 1 0.7098039 0.6980392 0.7098039 1 0.7098039 0.6980392 0.7098039 1 0.7098039 0.6980392 0.7098039 1 0.7098039 0.6980392 0.7098039 1 0.7098039 0.6980392 0.7098039 1 0.7098039 0.6980392 0.7098039 1 0.7098039 0.6980392 0.7098039 1 0.7098039 0.6980392 0.7098039 1 0.7098039 0.6980392 0.7098039 1 0.7098039 0.6980392 0.7098039 1 0.7098039 0.6980392 0.7098039 1 0.7098039 0.6980392 0.7098039 1 0.7098039 0.6980392 0.7098039 1 0.7098039 0.6980392 0.7098039 1 0.2901961 0.3019608 0.2901961 1 0.2901961 0.3019608 0.2901961 1 0.3529412 0.3490196 0.3529412 1 0.3882353 0.3960784 0.3882353 1 0.2901961 0.3019608 0.2901961 1 0.2901961 0.3019608 0.2901961 1 0.3882353 0.3960784 0.3882353 1 0.3882353 0.3960784 0.3882353 1 0.2901961 0.3019608 0.2901961 1 0.1921569 0.1882353 0.1921569 1 0.1921569 0.1882353 0.1921569 1 0.9058824 0.9058824 0.9058824 1 0.1921569 0.1882353 0.1921569 1 0.1921569 0.1882353 0.1921569 1 0.1921569 0.1882353 0.1921569 1 0.1921569 0.1882353 0.1921569 1 0.1921569 0.1882353 0.1921569 1 0.1921569 0.1882353 0.1921569 1 0.1921569 0.1882353 0.1921569 1 0.4823529 0.4901961 0.4823529 1 0.4823529 0.4901961 0.4823529 1 0.4823529 0.4901961 0.4823529 1 0.4823529 0.4901961 0.4823529 1 0.1921569 0.1882353 0.1921569 1 1 1 1 1 0.4823529 0.4901961 0.4823529 1 0.1921569 0.1882353 0.1921569 1 0.5176471 0.509804 0.5176471 1 0.3882353 0.3960784 0.3882353 1 0.5176471 0.509804 0.5176471 1 0.4823529 0.4901961 0.4823529 1 0.3882353 0.3960784 0.3882353 1 0.5176471 0.509804 0.5176471 1 0.4823529 0.4901961 0.4823529 1 0.4823529 0.4901961 0.4823529 1 0.5176471 0.509804 0.5176471 1 1 1 1 1 0.6117647 0.6039216 0.6117647 1 0.6117647 0.6039216 0.6117647 1 0.9058824 0.9058824 0.9058824 1 0.6117647 0.6039216 0.6117647 1 1 1 1 1 0.7098039 0.6980392 0.7098039 1 0.9058824 0.9058824 0.9058824 1 1 1 1 1 0.8078432 0.8117647 0.8078432 1 0.9058824 0.9058824 0.9058824 1 1 1 1 1 0.5176471 0.509804 0.5176471 1 0.9058824 0.9058824 0.9058824 1 0.8078432 0.8117647 0.8078432 1 0.5176471 0.509804 0.5176471 1 0.5176471 0.509804 0.5176471 1 0.8078432 0.8117647 0.8078432 1 0.5176471 0.509804 0.5176471 1 0.5176471 0.509804 0.5176471 1 0.5176471 0.509804 0.5176471 1 0.5176471 0.509804 0.5176471 1 0.5176471 0.509804 0.5176471 1 0.5176471 0.509804 0.5176471 1 0.5176471 0.509804 0.5176471 1 0.5176471 0.509804 0.5176471 1 0.5176471 0.509804 0.5176471 1 1 1 1 1 1 1 1 1 0.2901961 0.3019608 0.2901961 1 0.8078432 0.8117647 0.8078432 1 1 1 1 1 1 1 1 1 0.8078432 0.8117647 0.8078432 1 0.8078432 0.8117647 0.8078432 1 1 1 1 1 0.3882353 0.3960784 0.3882353 1 1 1 1 1 0.1921569 0.1882353 0.1921569 1 1 1 1 1 1 1 1 1 0.3882353 0.3960784 0.3882353 1 1 1 1 1 1 1 1 1 0.3882353 0.3960784 0.3882353 1 0.3882353 0.3960784 0.3882353 1 0.3882353 0.3960784 0.3882353 1 0.3882353 0.3960784 0.3882353 1 0.3882353 0.3960784 0.3882353 1 0.3882353 0.3960784 0.3882353 1 0.3882353 0.3960784 0.3882353 1 0.3882353 0.3960784 0.3882353 1 0.3882353 0.3960784 0.3882353 1 0.3882353 0.3960784 0.3882353 1 0.7098039 0.6980392 0.7098039 1 1 1 1 1 0.7098039 0.6980392 0.7098039 1 1 1 1 1 1 1 1 1 0.7098039 0.6980392 0.7098039 1 0.7098039 0.6980392 0.7098039 1 1 1 1 1 0.7098039 0.6980392 0.7098039 1 1 1 1 1 0.2901961 0.3019608 0.2901961 1 0.2901961 0.3019608 0.2901961 1 0.1921569 0.1882353 0.1921569 1 0.2901961 0.3019608 0.2901961 1 1 1 1 1 0.1921569 0.1882353 0.1921569 1 0.1921569 0.1882353 0.1921569 1 1 1 1 1 0.3882353 0.3960784 0.3882353 1 0.8078432 0.8117647 0.8078432 1 0.8078432 0.8117647 0.8078432 1 0.9058824 0.9058824 0.9058824 1 0.8078432 0.8117647 0.8078432 1 0.3882353 0.3960784 0.3882353 1 0.9058824 0.9058824 0.9058824 1 0.9058824 0.9058824 0.9058824 1 0.3882353 0.3960784 0.3882353 1 0.7098039 0.6980392 0.7098039 1 0.8078432 0.8117647 0.8078432 1 0.6117647 0.6039216 0.6117647 1 0.8078432 0.8117647 0.8078432 1 0.8078432 0.8117647 0.8078432 1 0.7098039 0.6980392 0.7098039 1 0.6117647 0.6039216 0.6117647 1 0.8078432 0.8117647 0.8078432 1 0.7098039 0.6980392 0.7098039 1 0.7098039 0.6980392 0.7098039 1 0.2901961 0.3019608 0.2901961 1 0.8705883 0.8588235 0.8705883 1 0.2901961 0.3019608 0.2901961 1 0.2901961 0.3019608 0.2901961 1 0.7098039 0.6980392 0.7098039 1 0.4509804 0.4431372 0.4509804 1 0.2901961 0.3019608 0.2901961 1 0.7098039 0.6980392 0.7098039 1 1 1 1 1 1 1 1 1 1 1 1 1 0.7098039 0.6980392 0.7098039 1 1 1 1 1 1 1 1 1 0.7098039 0.6980392 0.7098039 1 0.7098039 0.6980392 0.7098039 1 1 1 1 1 1 1 1 1 1 1 1 1 1 1 1 1 1 1 1 1 1 1 1 1 1 1 1 1 1 1 1 1 1 1 1 1 1 1 1 1 1 1 1 1 1 1 1 1 1 1 1 1 0.7411765 0.7450981 0.7411765 1 1 1 1 1 1 1 1 1 0.7098039 0.6980392 0.7098039 1 0.7411765 0.7450981 0.7411765 1 1 1 1 1 0.9058824 0.9058824 0.9058824 1 0.9058824 0.9058824 0.9058824 1 0.9058824 0.9058824 0.9058824 1 0.9058824 0.9058824 0.9058824 1 0.9058824 0.9058824 0.9058824 1 0.9058824 0.9058824 0.9058824 1 0.1921569 0.1882353 0.1921569 1 0.9058824 0.9058824 0.9058824 1 0.9058824 0.9058824 0.9058824 1 0.1921569 0.1882353 0.1921569 1 0.9058824 0.9058824 0.9058824 1 0.1921569 0.1882353 0.1921569 1 0.1921569 0.1882353 0.1921569 1 0.9058824 0.9058824 0.9058824 1 0.9058824 0.9058824 0.9058824 1 0.1921569 0.1882353 0.1921569 1 0.9058824 0.9058824 0.9058824 1 0.1921569 0.1882353 0.1921569 1 0.2901961 0.3019608 0.2901961 1 0.5176471 0.509804 0.5176471 1 0.5176471 0.509804 0.5176471 1 0.2901961 0.3019608 0.2901961 1 0.5176471 0.509804 0.5176471 1 0.2901961 0.3019608 0.2901961 1 0.5176471 0.509804 0.5176471 1 0.5176471 0.509804 0.5176471 1 0.5176471 0.509804 0.5176471 1 0.5176471 0.509804 0.5176471 1 0.5176471 0.509804 0.5176471 1 0.5176471 0.509804 0.5176471 1 0.3882353 0.3960784 0.3882353 1 0.2901961 0.3019608 0.2901961 1 0.3882353 0.3960784 0.3882353 1 0.2901961 0.3019608 0.2901961 1 0.2901961 0.3019608 0.2901961 1 0.3882353 0.3960784 0.3882353 1 1 1 1 1 1 1 1 1 1 1 1 1 1 1 1 1 1 1 1 1 1 1 1 1 1 1 1 1 1 1 1 1 0.8078432 0.8117647 0.8078432 1 1 1 1 1 1 1 1 1 1 1 1 1 0.9058824 0.9058824 0.9058824 1 1 1 1 1 1 1 1 1 0.9058824 0.9058824 0.9058824 1 1 1 1 1 0.9058824 0.9058824 0.9058824 1 0.8078432 0.8117647 0.8078432 1 0.9058824 0.9058824 0.9058824 1 0.7098039 0.6980392 0.7098039 1 0.9058824 0.9058824 0.9058824 1 0.9058824 0.9058824 0.9058824 1 0.8078432 0.8117647 0.8078432 1 0.9058824 0.9058824 0.9058824 1 1 1 1 1 0.9058824 0.9058824 0.9058824 1 0.8078432 0.8117647 0.8078432 1 1 1 1 1 0.9058824 0.9058824 0.9058824 1 0.4823529 0.4901961 0.4823529 1 0.1921569 0.1882353 0.1921569 1 0.4823529 0.4901961 0.4823529 1 0.4823529 0.4901961 0.4823529 1 0.1921569 0.1882353 0.1921569 1 0.4823529 0.4901961 0.4823529 1 0.9058824 0.9058824 0.9058824 1 1 1 1 1 1 1 1 1 0.9058824 0.9058824 0.9058824 1 1 1 1 1 0.9058824 0.9058824 0.9058824 1 1 1 1 1 0.8078432 0.8117647 0.8078432 1 0.9058824 0.9058824 0.9058824 1 1 1 1 1 0.8078432 0.8117647 0.8078432 1 1 1 1 1 1 1 1 1 0.3882353 0.3960784 0.3882353 1 1 1 1 1 0.3882353 0.3960784 0.3882353 1 0.3882353 0.3960784 0.3882353 1 1 1 1 1 0.3882353 0.3960784 0.3882353 1 1 1 1 1 0.3882353 0.3960784 0.3882353 1 1 1 1 1 1 1 1 1 0.3882353 0.3960784 0.3882353 1 0.1921569 0.1882353 0.1921569 1 1 1 1 1 0.3882353 0.3960784 0.3882353 1 0.4823529 0.4901961 0.4823529 1 1 1 1 1 0.1921569 0.1882353 0.1921569 1 0.9058824 0.9058824 0.9058824 1 0.9058824 0.9058824 0.9058824 1 0.9058824 0.9058824 0.9058824 1 0.9686275 0.9529412 0.9686275 1 0.9058824 0.9058824 0.9058824 1 0.9058824 0.9058824 0.9058824 1 1 1 1 1 1 1 1 1 1 1 1 1 1 1 1 1 1 1 1 1 1 1 1 1 1 1 1 1 0.9058824 0.9058824 0.9058824 1 1 1 1 1 0.9058824 0.9058824 0.9058824 1 0.9058824 0.9058824 0.9058824 1 1 1 1 1 0.5176471 0.509804 0.5176471 1 0.5176471 0.509804 0.5176471 1 0.5176471 0.509804 0.5176471 1 0.5176471 0.509804 0.5176471 1 0.5176471 0.509804 0.5176471 1 0.5176471 0.509804 0.5176471 1 0.8078432 0.8117647 0.8078432 1 1 1 1 1 0.9058824 0.9058824 0.9058824 1 1 1 1 1 1 1 1 1 0.8078432 0.8117647 0.8078432 1 1 1 1 1 1 1 1 1 0.8078432 0.8117647 0.8078432 1 1 1 1 1 1 1 1 1 1 1 1 1 0.2901961 0.3019608 0.2901961 1 0.2901961 0.3019608 0.2901961 1 0.3882353 0.3960784 0.3882353 1 0.2901961 0.3019608 0.2901961 1 0.2901961 0.3019608 0.2901961 1 0.2901961 0.3019608 0.2901961 1 0.9058824 0.9058824 0.9058824 1 1 1 1 1 1 1 1 1 0.9058824 0.9058824 0.9058824 1 1 1 1 1 0.9058824 0.9058824 0.9058824 1 0.8078432 0.8117647 0.8078432 1 0.3882353 0.3960784 0.3882353 1 0.8078432 0.8117647 0.8078432 1 0.9058824 0.9058824 0.9058824 1 0.3882353 0.3960784 0.3882353 1 0.8078432 0.8117647 0.8078432 1 0.3882353 0.3960784 0.3882353 1 0.7098039 0.6980392 0.7098039 1 0.8078432 0.8117647 0.8078432 1 0.3882353 0.3960784 0.3882353 1 0.7098039 0.6980392 0.7098039 1 0.3882353 0.3960784 0.3882353 1 0.8078432 0.8117647 0.8078432 1 1 1 1 1 1 1 1 1 0.8705883 0.8588235 0.8705883 1 1 1 1 1 0.8078432 0.8117647 0.8078432 1 0.7098039 0.6980392 0.7098039 1 0.8705883 0.8588235 0.8705883 1 0.9058824 0.9058824 0.9058824 1 0.7098039 0.6980392 0.7098039 1 0.8705883 0.8588235 0.8705883 1 0.7098039 0.6980392 0.7098039 1 0.6117647 0.6039216 0.6117647 1 1 1 1 1 0.6117647 0.6039216 0.6117647 1 0.6117647 0.6039216 0.6117647 1 1 1 1 1 0.6117647 0.6039216 0.6117647 1 0.6117647 0.6039216 0.6117647 1 1 1 1 1 0.6117647 0.6039216 0.6117647 1 0.9058824 0.9058824 0.9058824 1 1 1 1 1 0.6117647 0.6039216 0.6117647 1 0.7098039 0.6980392 0.7098039 1 1 1 1 1 1 1 1 1 0.7098039 0.6980392 0.7098039 1 1 1 1 1 0.7098039 0.6980392 0.7098039 1 0.7098039 0.6980392 0.7098039 1 1 1 1 1 1 1 1 1 0.7098039 0.6980392 0.7098039 1 1 1 1 1 0.7098039 0.6980392 0.7098039 1 0.7098039 0.6980392 0.7098039 1 1 1 1 1 1 1 1 1 0.7098039 0.6980392 0.7098039 1 1 1 1 1 0.7098039 0.6980392 0.7098039 1 0.7098039 0.6980392 0.7098039 1 1 1 1 1 1 1 1 1 0.7098039 0.6980392 0.7098039 1 1 1 1 1 0.7098039 0.6980392 0.7098039 1 0.7098039 0.6980392 0.7098039 1 1 1 1 1 1 1 1 1 0.7098039 0.6980392 0.7098039 1 1 1 1 1 0.7098039 0.6980392 0.7098039 1 0.7098039 0.6980392 0.7098039 1 1 1 1 1 0.9058824 0.9058824 0.9058824 1 0.7098039 0.6980392 0.7098039 1 1 1 1 1 0.7098039 0.6980392 0.7098039 1 0.7098039 0.6980392 0.7098039 1 1 1 1 1 1 1 1 1 0.7098039 0.6980392 0.7098039 1 1 1 1 1 0.7098039 0.6980392 0.7098039 1 0.9058824 0.9058824 0.9058824 1 1 1 1 1 0.9058824 0.9058824 0.9058824 1 0.8078432 0.8117647 0.8078432 1 1 1 1 1 0.9058824 0.9058824 0.9058824 1 0.7098039 0.6980392 0.7098039 1 1 1 1 1 0.7098039 0.6980392 0.7098039 1 1 1 1 1 1 1 1 1 0.7098039 0.6980392 0.7098039 1 0.7098039 0.6980392 0.7098039 1 1 1 1 1 0.7098039 0.6980392 0.7098039 1 1 1 1 1 1 1 1 1 0.7098039 0.6980392 0.7098039 1 1 1 1 1 0.3882353 0.3960784 0.3882353 1 0.4823529 0.4901961 0.4823529 1 1 1 1 1 0.3882353 0.3960784 0.3882353 1 1 1 1 1 0.3882353 0.3960784 0.3882353 1 0.5176471 0.5254902 0.5176471 1 0.3882353 0.3960784 0.3882353 1 0.2901961 0.3019608 0.2901961 1 0.5176471 0.5254902 0.5176471 1 0.3882353 0.3960784 0.3882353 1 0.3882353 0.3960784 0.3882353 1 0.2901961 0.3019608 0.2901961 1 0.3882353 0.3960784 0.3882353 1 0.4509804 0.4431372 0.4509804 1 0.2901961 0.3019608 0.2901961 1 0.3882353 0.3960784 0.3882353 1 0.2901961 0.3019608 0.2901961 1 0.3882353 0.3960784 0.3882353 1 0.3882353 0.3960784 0.3882353 1 0.2901961 0.3019608 0.2901961 1 0.3882353 0.3960784 0.3882353 1 0.2901961 0.3019608 0.2901961 1 0.5176471 0.509804 0.5176471 1 0.5176471 0.509804 0.5176471 1 0.5176471 0.509804 0.5176471 1 0.5176471 0.509804 0.5176471 1 0.5176471 0.509804 0.5176471 1 0.5176471 0.509804 0.5176471 1 0.3882353 0.3960784 0.3882353 1 0.2901961 0.3019608 0.2901961 1 0.4509804 0.4431372 0.4509804 1 0.3882353 0.3960784 0.3882353 1 0.2901961 0.3019608 0.2901961 1 0.3882353 0.3960784 0.3882353 1 0.3882353 0.3960784 0.3882353 1 0.5176471 0.509804 0.5176471 1 0.5176471 0.509804 0.5176471 1 0.4823529 0.4901961 0.4823529 1 0.5176471 0.509804 0.5176471 1 0.3882353 0.3960784 0.3882353 1 0.4196078 0.4117647 0.4196078 1 1 1 1 1 0.5176471 0.5254902 0.5176471 1 0.2901961 0.3019608 0.2901961 1 1 1 1 1 0.4196078 0.4117647 0.4196078 1 0.9058824 0.9058824 0.9058824 1 0.3882353 0.3960784 0.3882353 1 0.8078432 0.8117647 0.8078432 1 0.6470589 0.6509804 0.6470589 1 0.3882353 0.3960784 0.3882353 1 0.9058824 0.9058824 0.9058824 1 0.7098039 0.6980392 0.7098039 1 1 1 1 1 1 1 1 1 0.7098039 0.6980392 0.7098039 1 1 1 1 1 0.7098039 0.6980392 0.7098039 1 0.4823529 0.4901961 0.4823529 1 0.5176471 0.509804 0.5176471 1 0.4823529 0.4901961 0.4823529 1 0.5176471 0.509804 0.5176471 1 0.5176471 0.509804 0.5176471 1 0.4823529 0.4901961 0.4823529 1 1 1 1 1 0.8078432 0.8117647 0.8078432 1 1 1 1 1 0.8705883 0.8588235 0.8705883 1 0.8078432 0.8117647 0.8078432 1 1 1 1 1 0.3882353 0.3960784 0.3882353 1 1 1 1 1 1 1 1 1 0.3882353 0.3960784 0.3882353 1 1 1 1 1 0.3882353 0.3960784 0.3882353 1 0.1921569 0.1882353 0.1921569 1 1 1 1 1 0.2901961 0.3019608 0.2901961 1 0.1921569 0.1882353 0.1921569 1 1 1 1 1 0.1921569 0.1882353 0.1921569 1 0.3882353 0.3960784 0.3882353 1 1 1 1 1 1 1 1 1 1 1 1 1 1 1 1 1 0.3882353 0.3960784 0.3882353 1 0.4509804 0.4431372 0.4509804 1 0.7098039 0.6980392 0.7098039 1 0.2901961 0.3019608 0.2901961 1 0.7411765 0.7450981 0.7411765 1 0.7098039 0.6980392 0.7098039 1 0.4509804 0.4431372 0.4509804 1 0.7098039 0.6980392 0.7098039 1 0.3882353 0.3960784 0.3882353 1 0.8078432 0.8117647 0.8078432 1 0.3882353 0.3960784 0.3882353 1 0.3882353 0.3960784 0.3882353 1 0.7098039 0.6980392 0.7098039 1 1 1 1 1 0.9058824 0.9058824 0.9058824 1 1 1 1 1 1 1 1 1 0.9058824 0.9058824 0.9058824 1 1 1 1 1 0.7098039 0.6980392 0.7098039 1 0.7098039 0.6980392 0.7098039 1 0.8705883 0.8588235 0.8705883 1 0.9058824 0.9058824 0.9058824 1 0.7098039 0.6980392 0.7098039 1 0.7098039 0.6980392 0.7098039 1 0.2901961 0.3019608 0.2901961 1 1 1 1 1 1 1 1 1 0.2901961 0.3019608 0.2901961 1 1 1 1 1 0.2901961 0.3019608 0.2901961 1 0.2901961 0.3019608 0.2901961 1 0.9058824 0.9058824 0.9058824 1 1 1 1 1 0.2901961 0.3019608 0.2901961 1 0.9058824 0.9058824 0.9058824 1 0.2901961 0.3019608 0.2901961 1 0.9058824 0.9058824 0.9058824 1 0.6470589 0.6509804 0.6470589 1 0.8078432 0.8117647 0.8078432 1 0.3882353 0.3960784 0.3882353 1 0.6470589 0.6509804 0.6470589 1 0.9058824 0.9058824 0.9058824 1 0.3882353 0.3960784 0.3882353 1 0.3882353 0.3960784 0.3882353 1 0.3882353 0.3960784 0.3882353 1 0.3882353 0.3960784 0.3882353 1 0.3882353 0.3960784 0.3882353 1 0.3882353 0.3960784 0.3882353 1 0.2901961 0.3019608 0.2901961 1 0.5176471 0.509804 0.5176471 1 0.5176471 0.509804 0.5176471 1 0.3882353 0.3960784 0.3882353 1 0.2901961 0.3019608 0.2901961 1 0.4509804 0.4431372 0.4509804 1 0.3882353 0.3960784 0.3882353 1 0.9058824 0.9058824 0.9058824 1 0.9058824 0.9058824 0.9058824 1 1 1 1 1 1 1 1 1 1 1 1 1 0.4509804 0.4431372 0.4509804 1 0.7098039 0.6980392 0.7098039 1 0.7411765 0.7450981 0.7411765 1 0.6117647 0.6039216 0.6117647 1 1 1 1 1 1 1 1 1 1 1 1 1 0.7098039 0.6980392 0.7098039 1 0.7098039 0.6980392 0.7098039 1 1 1 1 1 1 1 1 1 0.6117647 0.6039216 0.6117647 1 0.1921569 0.1882353 0.1921569 1 1 1 1 1 0.8078432 0.8117647 0.8078432 1 0.2901961 0.3019608 0.2901961 1 0.5176471 0.509804 0.5176471 1 0.5176471 0.509804 0.5176471 1 0.2901961 0.3019608 0.2901961 1 0.2901961 0.3019608 0.2901961 1 0.2901961 0.3019608 0.2901961 1 0.7098039 0.6980392 0.7098039 1 0.7098039 0.6980392 0.7098039 1 1 1 1 1 0.9058824 0.9058824 0.9058824 1 0.2901961 0.3019608 0.2901961 1 0.2901961 0.3019608 0.2901961 1 0.3882353 0.3960784 0.3882353 1 1 1 1 1 0.3882353 0.3960784 0.3882353 1 0.5176471 0.509804 0.5176471 1 0.5176471 0.509804 0.5176471 1 0.5176471 0.509804 0.5176471 1 0.3882353 0.3960784 0.3882353 1 0.3882353 0.3960784 0.3882353 1 0.3882353 0.3960784 0.3882353 1 0.5176471 0.509804 0.5176471 1 0.5176471 0.509804 0.5176471 1 0.8078432 0.8117647 0.8078432 1 1 1 1 1 1 1 1 1 0.9058824 0.9058824 0.9058824 1 0.1921569 0.1882353 0.1921569 1 0.7098039 0.6980392 0.7098039 1 1 1 1 1 0.8078432 0.8117647 0.8078432 1 0.7098039 0.6980392 0.7098039 1 1 1 1 1 0.7098039 0.6980392 0.7098039 1 1 1 1 1 1 1 1 1</float_array>
          <technique_common>
            <accessor source="#polygon3-mesh-colors-polygon3_Colors0-array" count="1167" stride="4">
              <param name="R" type="float"/>
              <param name="G" type="float"/>
              <param name="B" type="float"/>
              <param name="A" type="float"/>
            </accessor>
          </technique_common>
        </source>
        <vertices id="polygon3-mesh-vertices">
          <input semantic="POSITION" source="#polygon3-mesh-positions"/>
        </vertices>
        <triangles material="mat_body-material" count="389">
          <input semantic="VERTEX" source="#polygon3-mesh-vertices" offset="0"/>
          <input semantic="NORMAL" source="#polygon3-mesh-normals" offset="1"/>
          <input semantic="TEXCOORD" source="#polygon3-mesh-map-0" offset="2" set="0"/>
          <input semantic="COLOR" source="#polygon3-mesh-colors-polygon3_Colors0" offset="3" set="0"/>
          <p>2 0 0 0 1 1 1 1 0 2 2 2 3 3 3 3 1 1 4 4 2 0 5 5 4 4 6 6 3 3 7 7 2 0 8 8 5 5 9 9 3 3 10 10 4 4 11 11 6 6 12 12 5 5 13 13 4 4 14 14 7 7 15 15 5 5 16 16 6 6 17 17 8 8 18 18 7 7 19 19 6 6 20 20 9 9 21 21 7 7 22 22 8 8 23 23 10 10 24 24 9 9 25 25 8 8 26 26 11 11 27 27 9 9 28 28 10 10 29 29 12 12 30 30 11 11 31 31 10 10 32 32 13 13 33 33 11 11 34 34 12 12 35 35 14 14 36 36 13 13 37 37 12 12 38 38 15 15 39 39 13 13 40 40 14 14 41 41 18 16 42 42 17 17 43 43 16 18 44 44 19 19 45 45 17 17 46 46 18 16 47 47 20 20 48 48 19 19 49 49 18 16 50 50 21 21 51 51 19 19 52 52 20 20 53 53 22 22 54 54 21 21 55 55 20 20 56 56 23 23 57 57 21 21 58 58 22 22 59 59 24 24 60 60 23 23 61 61 22 22 62 62 25 25 63 63 23 23 64 64 24 24 65 65 26 26 66 66 25 25 67 67 24 24 68 68 27 27 69 69 25 25 70 70 26 26 71 71 28 28 72 72 27 27 73 73 26 26 74 74 29 29 75 75 27 27 76 76 28 28 77 77 30 30 78 78 29 29 79 79 28 28 80 80 33 31 81 81 32 32 82 82 31 33 83 83 34 34 84 84 32 32 85 85 33 31 86 86 35 35 87 87 34 34 88 88 33 31 89 89 36 36 90 90 34 34 91 91 35 35 92 92 37 37 93 93 36 36 94 94 35 35 95 95 38 38 96 96 36 36 97 97 37 37 98 98 39 39 99 99 38 38 100 100 37 37 101 101 40 40 102 102 38 38 103 103 39 39 104 104 41 41 105 105 40 40 106 106 39 39 107 107 42 42 108 108 40 40 109 109 41 41 110 110 5 5 111 111 43 43 112 112 3 3 113 113 44 44 114 114 43 43 115 115 5 5 116 116 45 45 117 117 44 44 118 118 5 5 119 119 46 46 120 120 44 44 121 121 45 45 122 122 47 47 123 123 46 46 124 124 45 45 125 125 48 48 126 126 46 46 127 127 47 47 128 128 49 49 129 129 48 48 130 130 47 47 131 131 52 50 132 132 51 51 133 133 50 52 134 134 0 2 135 135 51 51 136 136 52 50 137 137 53 53 138 138 0 2 139 139 52 50 140 140 2 0 141 141 0 2 142 142 53 53 143 143 54 54 144 144 2 0 145 145 53 53 146 146 4 4 147 147 2 0 148 148 54 54 149 149 6 6 150 150 4 4 151 151 54 54 152 152 55 55 153 153 38 38 154 154 40 40 155 155 56 56 156 156 38 38 157 157 55 55 158 158 57 57 159 159 56 56 160 160 55 55 161 161 32 32 162 162 56 56 163 163 57 57 164 164 58 58 165 165 32 32 166 166 57 57 167 167 31 33 168 168 32 32 169 169 58 58 170 170 59 59 171 171 31 33 172 172 58 58 173 173 62 60 174 174 61 61 175 175 60 62 176 176 63 63 177 177 61 61 178 178 62 60 179 179 64 64 180 180 63 63 181 181 62 60 182 182 65 65 183 183 63 63 184 184 64 64 185 185 66 66 186 186 65 65 187 187 64 64 188 188 67 67 189 189 65 65 190 190 66 66 191 191 44 44 192 192 68 68 193 193 43 43 194 194 69 69 195 195 68 68 196 196 44 44 197 197 46 46 198 198 69 69 199 199 44 44 200 200 70 70 201 201 69 69 202 202 46 46 203 203 71 71 204 204 70 70 205 205 46 46 206 206 72 72 207 207 70 70 208 208 71 71 209 209 74 73 210 210 73 74 211 211 8 8 212 212 75 75 213 213 73 74 214 214 74 73 215 215 76 76 216 216 75 75 217 217 74 73 218 218 77 77 219 219 75 75 220 220 76 76 221 221 78 78 222 222 77 77 223 223 76 76 224 224 80 79 225 225 25 25 226 226 79 80 227 227 81 81 228 228 25 25 229 229 80 79 230 230 82 82 231 231 81 81 232 232 80 79 233 233 17 17 234 234 81 81 235 235 82 82 236 236 16 18 237 237 17 17 238 238 82 82 239 239 57 57 240 240 83 83 241 241 58 58 242 242 84 84 243 243 83 83 244 244 57 57 245 245 55 55 246 246 84 84 247 247 57 57 248 248 85 85 249 249 84 84 250 250 55 55 251 251 86 86 252 252 85 85 253 253 55 55 254 254 28 28 255 255 15 15 256 256 30 30 257 257 87 87 258 258 15 15 259 259 28 28 260 260 26 26 261 261 87 87 262 262 28 28 263 263 49 49 264 264 87 87 265 265 26 26 266 266 48 48 267 267 49 49 268 268 26 26 269 269 90 88 270 270 89 89 271 271 88 90 272 272 91 91 273 273 89 89 274 274 90 88 275 275 92 92 276 276 91 91 277 277 90 88 278 278 93 93 279 279 91 91 280 280 92 92 281 281 94 94 282 282 93 93 283 283 92 92 284 284 97 95 285 285 96 96 286 286 95 97 287 287 98 98 288 288 96 96 289 289 97 95 290 290 99 99 291 291 98 98 292 292 97 95 293 293 95 97 294 294 98 98 295 295 99 99 296 296 97 95 297 297 95 97 298 298 99 99 299 299 102 100 300 300 101 101 301 301 100 102 302 302 103 103 303 303 101 101 304 304 102 100 305 305 104 104 306 306 103 103 307 307 102 100 308 308 105 105 309 309 103 103 310 310 104 104 311 311 106 106 312 312 105 105 313 313 104 104 314 314 109 107 315 315 108 108 316 316 107 109 317 317 110 110 318 318 108 108 319 319 109 107 320 320 111 111 321 321 110 110 322 322 109 107 323 323 107 109 324 324 110 110 325 325 111 111 326 326 109 107 327 327 107 109 328 328 111 111 329 329 113 112 330 330 60 62 331 331 112 113 332 332 70 70 333 333 60 62 334 334 113 112 335 335 114 114 336 336 70 70 337 337 113 112 338 338 69 69 339 339 70 70 340 340 114 114 341 341 117 115 342 342 116 116 343 343 115 117 344 344 118 118 345 345 116 116 346 346 117 115 347 347 119 119 348 348 118 118 349 349 117 115 350 350 120 120 351 351 118 118 352 352 119 119 353 353 123 121 354 354 122 122 355 355 121 123 356 356 124 124 357 357 122 122 358 358 123 121 359 359 125 125 360 360 124 124 361 361 123 121 362 362 126 126 363 363 124 124 364 364 125 125 365 365 127 127 366 366 76 76 367 367 74 73 368 368 128 128 369 369 76 76 370 370 127 127 371 371 117 115 372 372 128 128 373 373 127 127 374 374 115 117 375 375 128 128 376 376 117 115 377 377 66 66 378 378 16 18 379 379 67 67 380 380 18 16 381 381 16 18 382 382 66 66 383 383 64 64 384 384 18 16 385 385 66 66 386 386 62 60 387 387 18 16 388 388 64 64 389 389 131 129 390 390 130 130 391 391 129 131 392 392 132 132 393 393 130 130 394 394 131 129 395 395 133 133 396 396 132 132 397 397 131 129 398 398 134 134 399 399 132 132 400 400 133 133 401 401 54 54 402 402 135 135 403 403 6 6 404 404 136 136 405 405 135 135 406 406 54 54 407 407 53 53 408 408 136 136 409 409 54 54 410 410 120 120 411 411 136 136 412 412 53 53 413 413 139 137 414 414 138 138 415 415 137 139 416 416 140 140 417 417 138 138 418 418 139 137 419 419 137 139 420 420 140 140 421 421 139 137 422 422 141 141 423 423 140 140 424 424 137 139 425 425 143 142 426 426 50 52 427 427 142 143 428 428 52 50 429 429 50 52 430 430 143 142 431 431 144 144 432 432 52 50 433 433 143 142 434 434 145 145 435 435 52 50 436 436 144 144 437 437 148 146 438 438 147 147 439 439 146 148 440 440 149 149 441 441 147 147 442 442 148 146 443 443 150 150 444 444 149 149 445 445 148 146 446 446 151 151 447 447 149 149 448 448 150 150 449 449 24 24 450 450 48 48 451 451 26 26 452 452 152 152 453 453 48 48 454 454 24 24 455 455 22 22 456 456 152 152 457 457 24 24 458 458 20 20 459 459 152 152 460 460 22 22 461 461 155 153 462 462 154 154 463 463 153 155 464 464 156 156 465 465 154 154 466 466 155 153 467 467 157 157 468 468 156 156 469 469 155 153 470 470 158 158 471 471 156 156 472 472 157 157 473 473 156 156 474 474 159 159 475 475 154 154 476 476 160 160 477 477 159 159 478 478 156 156 479 479 158 158 480 480 160 160 481 481 156 156 482 482 161 161 483 483 160 160 484 484 158 158 485 485 160 160 486 486 162 162 487 487 159 159 488 488 163 163 489 489 162 162 490 490 160 160 491 491 161 161 492 492 163 163 493 493 160 160 494 494 164 164 495 495 163 163 496 496 161 161 497 497 163 163 498 498 165 165 499 499 162 162 500 500 166 166 501 501 165 165 502 502 163 163 503 503 164 164 504 504 166 166 505 505 163 163 506 506 167 167 507 507 166 166 508 508 164 164 509 509 166 166 510 510 168 168 511 511 165 165 512 512 169 169 513 513 168 168 514 514 166 166 515 515 167 167 516 516 169 169 517 517 166 166 518 518 170 170 519 519 169 169 520 520 167 167 521 521 169 169 522 522 171 171 523 523 168 168 524 524 172 172 525 525 171 171 526 526 169 169 527 527 170 170 528 528 172 172 529 529 169 169 530 530 173 173 531 531 172 172 532 532 170 170 533 533 172 172 534 534 153 155 535 535 171 171 536 536 155 153 537 537 153 155 538 538 172 172 539 539 173 173 540 540 155 153 541 541 172 172 542 542 157 157 543 543 155 153 544 544 173 173 545 545 141 141 546 546 108 108 547 547 110 110 548 548 98 98 549 549 108 108 550 550 141 141 551 551 137 139 552 552 98 98 553 553 141 141 554 554 96 96 555 555 98 98 556 556 137 139 557 557 118 118 558 558 174 174 559 559 116 116 560 560 144 144 561 561 174 174 562 562 118 118 563 563 145 145 564 564 144 144 565 565 118 118 566 566 177 175 567 567 176 176 568 568 175 177 569 569 178 178 570 570 176 176 571 571 177 175 572 572 179 179 573 573 178 178 574 574 177 175 575 575 182 180 576 576 181 181 577 577 180 182 578 578 183 183 579 579 181 181 580 580 182 180 581 581 184 184 582 582 183 183 583 583 182 180 584 584 116 116 585 585 77 77 586 586 78 78 587 587 75 75 588 588 77 77 589 589 116 116 590 590 14 14 591 591 75 75 592 592 116 116 593 593 186 185 594 594 185 186 595 595 94 94 596 596 187 187 597 597 185 186 598 598 186 185 599 599 188 188 600 600 187 187 601 601 186 185 602 602 189 189 603 603 50 52 604 604 51 51 605 605 142 143 606 606 50 52 607 607 189 189 608 608 190 190 609 609 142 143 610 610 189 189 611 611 121 123 612 612 174 174 613 613 191 191 614 614 82 82 615 615 174 174 616 616 121 123 617 617 67 67 618 618 82 82 619 619 121 123 620 620 135 135 621 621 127 127 622 622 6 6 623 623 117 115 624 624 127 127 625 625 135 135 626 626 119 119 627 627 117 115 628 628 135 135 629 629 192 192 630 630 184 184 631 631 182 180 632 632 193 193 633 633 184 184 634 634 192 192 635 635 194 194 636 636 193 193 637 637 192 192 638 638 132 132 639 639 195 195 640 640 130 130 641 641 196 196 642 642 195 195 643 643 132 132 644 644 197 197 645 645 196 196 646 646 132 132 647 647 198 198 648 648 92 92 649 649 90 88 650 650 186 185 651 651 92 92 652 652 198 198 653 653 199 199 654 654 186 185 655 655 198 198 656 656 58 58 657 657 200 200 658 658 59 59 659 659 201 201 660 660 200 200 661 661 58 58 662 662 83 83 663 663 201 201 664 664 58 58 665 665 202 202 666 666 61 61 667 667 63 63 668 668 203 203 669 669 61 61 670 670 202 202 671 671 204 204 672 672 203 203 673 673 202 202 674 674 207 205 675 675 206 206 676 676 205 207 677 677 208 208 678 678 206 206 679 679 207 205 680 680 205 207 681 681 208 208 682 682 207 205 683 683 10 10 684 684 14 14 685 685 12 12 686 686 75 75 687 687 14 14 688 688 10 10 689 689 73 74 690 690 75 75 691 691 10 10 692 692 107 109 693 693 95 97 694 694 138 138 695 695 98 98 696 696 95 97 697 697 107 109 698 698 108 108 699 699 98 98 700 700 107 109 701 701 11 11 702 702 7 7 703 703 9 9 704 704 45 45 705 705 7 7 706 706 11 11 707 707 47 47 708 708 45 45 709 709 11 11 710 710 209 209 711 711 47 47 712 712 11 11 713 713 49 49 714 714 47 47 715 715 209 209 716 716 13 13 717 717 49 49 718 718 209 209 719 719 212 210 720 720 211 211 721 721 210 212 722 722 213 213 723 723 211 211 724 724 212 210 725 725 214 214 726 726 212 210 727 727 210 212 728 728 215 215 729 729 212 210 730 730 214 214 731 731 216 216 732 732 211 211 733 733 213 213 734 734 217 217 735 735 211 211 736 736 216 216 737 737 218 218 738 738 125 218 739 739 191 218 740 740 126 219 741 741 125 219 742 742 218 219 743 743 142 220 744 744 191 220 745 745 174 220 746 746 190 221 747 747 191 221 748 748 142 221 749 749 129 131 750 750 195 195 751 751 219 222 752 752 130 130 753 753 195 195 754 754 129 131 755 755 221 223 756 756 204 204 757 757 220 224 758 758 222 225 759 759 204 204 760 760 221 223 761 761 219 222 762 762 220 224 763 763 223 226 764 764 221 223 765 765 220 224 766 766 219 222 767 767 43 43 768 768 134 134 769 769 133 133 770 770 68 68 771 771 134 134 772 772 43 43 773 773 223 226 774 774 0 2 775 775 1 1 776 776 224 227 777 777 0 2 778 778 223 226 779 779 224 227 780 780 51 51 781 781 0 2 782 782 189 189 783 783 51 51 784 784 224 227 785 785 227 228 786 786 226 229 787 787 225 230 788 788 228 231 789 789 226 229 790 790 227 228 791 791 3 3 792 792 133 133 793 793 131 129 794 794 43 43 795 795 133 133 796 796 3 3 797 797 129 131 798 798 223 226 799 799 1 1 800 800 219 222 801 801 223 226 802 802 129 131 803 803 231 232 804 804 230 233 805 805 229 234 806 806 232 235 807 807 230 233 808 808 231 232 809 809 235 236 810 810 234 237 811 811 233 238 812 812 236 239 813 813 234 237 814 814 235 236 815 815 226 229 816 816 106 106 817 817 104 104 818 818 228 231 819 819 106 106 820 820 226 229 821 821 239 240 822 822 238 241 823 823 237 242 824 824 240 243 825 825 238 241 826 826 239 240 827 827 204 204 828 828 241 244 829 829 203 203 830 830 222 225 831 831 241 244 832 832 204 204 833 833 134 134 834 834 69 69 835 835 114 114 836 836 68 68 837 837 69 69 838 838 134 134 839 839 116 116 840 840 82 82 841 841 80 79 842 842 174 174 843 843 82 82 844 844 116 116 845 845 61 61 846 846 112 113 847 847 60 62 848 848 242 245 849 849 112 113 850 850 61 61 851 851 203 203 852 852 242 245 853 853 61 61 854 854 241 244 855 855 242 245 856 856 203 203 857 857 143 142 858 858 174 174 859 859 144 144 860 860 142 143 861 861 174 174 862 862 143 142 863 863 1 1 864 864 131 129 865 865 129 131 866 866 3 3 867 867 131 129 868 868 1 1 869 869 223 226 870 870 202 202 871 871 224 227 872 872 220 224 873 873 202 202 874 874 223 226 875 875 202 202 876 876 189 189 877 877 224 227 878 878 190 190 879 879 189 189 880 880 202 202 881 881 145 145 882 882 53 53 883 883 52 50 884 884 120 120 885 885 53 53 886 886 145 145 887 887 244 246 888 888 146 148 889 889 243 247 890 890 148 146 891 891 146 148 892 892 244 246 893 893 245 248 894 894 91 91 895 895 93 93 896 896 246 249 897 897 91 91 898 898 245 248 899 899 247 250 900 900 89 89 901 901 246 249 902 902 248 251 903 903 89 89 904 904 247 250 905 905 158 158 906 906 153 155 907 907 154 154 908 908 157 157 909 909 153 155 910 910 158 158 911 911 161 161 912 912 154 154 913 913 159 159 914 914 158 158 915 915 154 154 916 916 161 161 917 917 164 164 918 918 159 159 919 919 162 162 920 920 161 161 921 921 159 159 922 922 164 164 923 923 167 167 924 924 162 162 925 925 165 165 926 926 164 164 927 927 162 162 928 928 167 167 929 929 170 170 930 930 165 165 931 931 168 168 932 932 167 167 933 933 165 165 934 934 170 170 935 935 249 252 936 936 89 89 937 937 248 251 938 938 88 90 939 939 89 89 940 940 249 252 941 941 157 157 942 942 171 171 943 943 153 155 944 944 173 173 945 945 171 171 946 946 157 157 947 947 175 177 948 948 251 253 949 949 250 254 950 950 252 255 951 951 251 253 952 952 175 177 953 953 110 110 954 954 138 138 955 955 141 141 956 956 107 109 957 957 138 138 958 958 110 110 959 959 137 139 960 960 95 97 961 961 96 96 962 962 138 138 963 963 95 97 964 964 137 139 965 965 255 256 966 966 254 257 967 967 253 258 968 968 194 194 969 969 254 257 970 970 255 256 971 971 256 259 972 972 87 87 973 973 49 49 974 974 15 15 975 975 87 87 976 976 256 259 977 977 19 19 978 978 81 81 979 979 17 17 980 980 21 21 981 981 81 81 982 982 19 19 983 983 197 197 984 984 112 113 985 985 242 245 986 986 257 260 987 987 112 113 988 988 197 197 989 989 123 121 990 990 191 191 991 991 125 125 992 992 121 123 993 993 191 191 994 994 123 121 995 995 23 23 996 996 81 81 997 997 21 21 998 998 25 25 999 999 81 81 1000 1000 23 23 1001 1001 30 30 1002 1002 80 79 1003 1003 29 29 1004 1004 15 15 1005 1005 80 79 1006 1006 30 30 1007 1007 8 8 1008 1008 127 127 1009 1009 74 73 1010 1010 6 6 1011 1011 127 127 1012 1012 8 8 1013 1013 128 128 1014 1014 78 78 1015 1015 76 76 1016 1016 115 117 1017 1017 78 78 1018 1018 128 128 1019 1019 173 173 1020 1020 168 168 1021 1021 171 171 1022 1022 170 170 1023 1023 168 168 1024 1024 173 173 1025 1025 14 14 1026 1026 80 79 1027 1027 15 15 1028 1028 116 116 1029 1029 80 79 1030 1030 14 14 1031 1031 136 136 1032 1032 119 119 1033 1033 135 135 1034 1034 120 120 1035 1035 119 119 1036 1036 136 136 1037 1037 257 260 1038 1038 113 112 1039 1039 112 113 1040 1040 132 132 1041 1041 113 112 1042 1042 257 260 1043 1043 258 261 1044 1044 40 40 1045 1045 42 42 1046 1046 86 86 1047 1047 40 40 1048 1048 258 261 1049 1049 132 132 1050 1050 114 114 1051 1051 113 112 1052 1052 134 134 1053 1053 114 114 1054 1054 132 132 1055 1055 256 259 1056 1056 13 13 1057 1057 15 15 1058 1058 49 49 1059 1059 13 13 1060 1060 256 259 1061 1061 65 65 1062 1062 202 202 1063 1063 63 63 1064 1064 259 262 1065 1065 202 202 1066 1066 65 65 1067 1067 34 34 1068 1068 56 56 1069 1069 32 32 1070 1070 36 36 1071 1071 56 56 1072 1072 34 34 1073 1073 72 72 1074 1074 60 62 1075 1075 70 70 1076 1076 62 60 1077 1077 60 62 1078 1078 72 72 1079 1079 62 60 1080 1080 20 20 1081 1081 18 16 1082 1082 72 72 1083 1083 20 20 1084 1084 62 60 1085 1085 72 72 1086 1086 152 152 1087 1087 20 20 1088 1088 71 71 1089 1089 152 152 1090 1090 72 72 1091 1091 27 27 1092 1092 79 80 1093 1093 25 25 1094 1094 29 29 1095 1095 79 80 1096 1096 27 27 1097 1097 235 236 1098 1098 230 233 1099 1099 232 235 1100 1100 233 238 1101 1101 230 233 1102 1102 235 236 1103 1103 115 117 1104 1104 116 116 1105 1105 78 78 1106 1106 145 145 1107 1107 118 118 1108 1108 120 120 1109 1109 202 202 1110 1110 220 224 1111 1111 204 204 1112 1112 7 7 1113 1113 45 45 1114 1114 5 5 1115 1115 73 74 1116 1116 10 10 1117 1117 8 8 1118 1118 94 94 1119 1119 92 92 1120 1120 186 185 1121 1121 186 185 1122 1122 199 199 1123 1123 188 188 1124 1124 89 89 1125 1125 91 91 1126 1126 246 249 1127 1127 179 179 1128 1128 251 253 1129 1129 252 255 1130 1130 79 80 1131 1131 29 29 1132 1132 80 79 1133 1133 16 18 1134 1134 82 82 1135 1135 67 67 1136 1136 48 48 1137 1137 71 71 1138 1138 46 46 1139 1139 152 152 1140 1140 71 71 1141 1141 48 48 1142 1142 254 257 1143 1143 194 194 1144 1144 192 192 1145 1145 121 123 1146 1146 259 262 1147 1147 67 67 1148 1148 257 260 1149 1149 197 197 1150 1150 132 132 1151 1151 67 67 1152 1152 259 262 1153 1153 65 65 1154 1154 36 36 1155 1155 38 38 1156 1156 56 56 1157 1157 86 86 1158 1158 55 55 1159 1159 40 40 1160 1160 140 140 1161 1161 141 141 1162 1162 138 138 1163 1163 13 13 1164 1164 209 209 1165 1165 11 11 1166 1166</p>
        </triangles>
      </mesh>
    </geometry>
    <geometry id="polygon2-mesh" name="polygon2">
      <mesh>
        <source id="polygon2-mesh-positions">
          <float_array id="polygon2-mesh-positions-array" count="216">-49.14064 8.788228 -40.96359 -49.14064 9.142175 -70.81003 -51.5003 23.69676 -55.99997 -49.14064 38.66133 -70.92218 -49.14064 38.48446 -41.48812 -53.45657 38.25192 -46.96341 -53.4511 31.43081 -41.10078 -24.56279 24.02317 -55.99998 -53.4666 23.98061 -38.97524 -53.39519 15.74067 -41.25012 -53.41628 9.607234 -46.93351 -53.4703 6.391077 -55.99999 -53.42805 9.93041 -64.99394 -53.47199 15.89606 -70.39986 -53.56003 23.98382 -72.51215 -53.45826 31.41295 -70.94181 -49.31391 6.647935 73.2212 -49.31391 6.912074 50.94774 -51.07485 17.7737 62.00002 -49.31391 28.94129 50.86404 -49.31391 28.8093 72.82976 -52.53475 28.72471 68.74372 -52.53067 23.54538 73.11881 -30.97223 18.01729 62.00002 -52.54224 17.98553 74.70504 -52.48894 11.83632 73.00737 -52.50469 7.173371 68.76604 -52.545 4.753637 62 -52.51347 7.41652 55.2881 -52.54626 11.95229 51.25383 -52.61196 17.98792 49.6775 -52.53601 23.53205 50.8494 49.14064 9.142175 -70.81003 49.14064 8.788228 -40.96359 51.5003 23.69676 -55.99997 49.14064 38.48446 -41.48812 49.14064 38.66133 -70.92218 53.4511 31.43082 -41.10078 53.45657 38.25192 -46.96341 24.56279 24.02317 -55.99998 53.49393 40.94573 -56.07322 53.43836 38.48745 -64.88677 49.31391 6.912074 50.94774 49.31391 6.647935 73.2212 51.07485 17.7737 62.00002 49.31391 28.8093 72.82976 49.31391 28.94129 50.86404 52.53067 23.54539 73.11881 52.53475 28.72471 68.74372 30.97223 18.01729 62.00002 52.56264 30.75144 61.94536 52.52117 28.90192 55.36808 -53.49393 40.94573 -56.07322 -53.43836 38.48745 -64.88677 -52.56264 30.75144 61.94536 -52.52117 28.90192 55.36808 53.4666 23.98061 -38.97524 53.39519 15.74068 -41.25012 53.41628 9.607234 -46.93351 53.4703 6.391077 -55.99999 53.42805 9.93041 -64.99394 53.47199 15.89606 -70.39986 53.56003 23.98382 -72.51215 53.45826 31.41295 -70.94181 52.54224 17.98553 74.70504 52.48894 11.83633 73.00737 52.50469 7.173371 68.76604 52.545 4.753637 62 52.51347 7.41652 55.2881 52.54626 11.95229 51.25383 52.61196 17.98792 49.6775 52.53601 23.53205 50.8494</float_array>
          <technique_common>
            <accessor source="#polygon2-mesh-positions-array" count="72" stride="3">
              <param name="X" type="float"/>
              <param name="Y" type="float"/>
              <param name="Z" type="float"/>
            </accessor>
          </technique_common>
        </source>
        <source id="polygon2-mesh-normals">
          <float_array id="polygon2-mesh-normals-array" count="216">-1 -4.25069e-4 3.12908e-4 -0.993605 -0.07941693 -0.08026218 -0.9938479 -0.07805752 0.07857066 -0.9938241 0.07855886 -0.078372 -0.993577 0.08055698 0.07946944 -0.9999855 -0.003617763 0.003996491 -0.4989398 -0.408957 -0.7640767 -0.503888 -0.7263729 -0.4674178 -0.5075054 -0.005283236 -0.8616325 -0.5060365 0.4183965 -0.7542357 -0.5082406 0.7214309 -0.4703499 -0.5206794 0.853645 0.01353806 -0.5009614 0.7129901 0.4905946 -0.4963949 0.409608 0.7653845 -0.4947549 0.02020257 0.8687978 -0.4996888 -0.3787809 0.778997 -1 -4.249e-4 3.12804e-4 -0.9936051 -0.07941669 -0.08026236 -0.993848 -0.07805722 0.07857072 -0.9938241 0.07855898 -0.07837218 -0.993577 0.08055716 0.07946938 -0.9999858 -0.003553867 0.003985881 -0.4989812 -0.4059023 -0.7656768 -0.5060975 -0.7231205 -0.470066 -0.5075055 -0.005284488 -0.8616324 -0.506024 0.4151447 -0.7560387 -0.5103229 0.7179448 -0.4734194 -0.5237084 0.8517895 0.01357668 -0.5029525 0.7094225 0.4937191 -0.4963554 0.406323 0.7671591 -0.4947553 0.02020233 0.8687975 -0.4996764 -0.3757712 0.7804611 0.9999999 -4.25106e-4 3.12908e-4 0.9938479 -0.07805758 0.07857066 0.993605 -0.07941693 -0.08026218 0.993577 0.08055692 0.07946944 0.9938241 0.07855886 -0.078372 0.9999855 -0.003617465 0.003996372 0.503888 -0.726373 -0.4674175 0.4989399 -0.4089572 -0.7640767 0.5048729 -0.8631687 -0.006574511 0.5067756 -0.7282998 0.4612569 1 -4.24978e-4 3.12824e-4 0.9938479 -0.07805728 0.07857072 0.993605 -0.07941675 -0.08026236 0.993577 0.0805571 0.07946944 0.9938241 0.07855898 -0.07837218 0.9999858 -0.003553807 0.003985822 0.5060975 -0.7231208 -0.4700656 0.4989814 -0.4059025 -0.7656766 0.5080014 -0.861331 -0.006600856 0.5090073 -0.7251314 0.4637845 -0.5048729 -0.8631687 -0.006574511 -0.5067756 -0.7282998 0.4612569 -0.5080014 -0.861331 -0.006600856 -0.5090073 -0.7251314 0.4637845 0.5075052 -0.005283057 -0.8616326 0.5060365 0.4183964 -0.7542359 0.5082408 0.7214307 -0.47035 0.5206794 0.853645 0.01353806 0.5009615 0.7129901 0.4905945 0.4963949 0.409608 0.7653844 0.4947549 0.02020257 0.8687978 0.4996888 -0.3787809 0.778997 0.5075053 -0.00528413 -0.8616325 0.506024 0.4151445 -0.756039 0.5103231 0.7179445 -0.4734197 0.5237084 0.8517895 0.01357668 0.5029526 0.7094225 0.4937189 0.4963556 0.406323 0.7671589 0.4947553 0.02020233 0.8687975 0.4996764 -0.3757712 0.7804611</float_array>
          <technique_common>
            <accessor source="#polygon2-mesh-normals-array" count="72" stride="3">
              <param name="X" type="float"/>
              <param name="Y" type="float"/>
              <param name="Z" type="float"/>
            </accessor>
          </technique_common>
        </source>
        <source id="polygon2-mesh-map-0">
          <float_array id="polygon2-mesh-map-0-array" count="384">-0.5063477 0.7615967 -0.2977905 0.6606445 -0.7092896 0.661438 -0.2977905 0.8590088 -0.2977905 0.6606445 -0.5063477 0.7615967 -0.7092285 0.859375 -0.2977905 0.8590088 -0.5063477 0.7615967 0.7549438 0.3753052 0.6353149 0.446106 0.6858521 0.4683838 0.5700684 0.4003296 0.6353149 0.446106 0.7549438 0.3753052 0.5557861 0.3613892 0.5700684 0.4003296 0.7549438 0.3753052 0.7549438 0.3753052 0.6687012 0.2895508 0.5557861 0.3613892 0.7727051 0.2766113 0.6687012 0.2895508 0.7549438 0.3753052 0.8406982 0.2887573 0.7727051 0.2766113 0.7549438 0.3753052 0.7549438 0.3753052 0.9329834 0.3394165 0.8406982 0.2887573 0.9674072 0.3753052 0.9329834 0.3394165 0.7549438 0.3753052 0.914917 0.428833 0.9674072 0.3753052 0.7549438 0.3753052 -0.5063477 0.7615967 -0.2977905 0.6606445 -0.7092896 0.661438 -0.2977905 0.8590088 -0.2977905 0.6606445 -0.5063477 0.7615967 -0.7092285 0.859375 -0.2977905 0.8590088 -0.5063477 0.7615967 0.7549438 0.3753052 0.6353149 0.446106 0.6858521 0.4683838 0.5700684 0.4003296 0.6353149 0.446106 0.7549438 0.3753052 0.5557861 0.3613892 0.5700684 0.4003296 0.7549438 0.3753052 0.7549438 0.3753052 0.6687012 0.2895508 0.5557861 0.3613892 0.7727051 0.2766113 0.6687012 0.2895508 0.7549438 0.3753052 0.8406982 0.2887573 0.7727051 0.2766113 0.7549438 0.3753052 0.7549438 0.3753052 0.9329834 0.3394165 0.8406982 0.2887573 0.9674072 0.3753052 0.9329834 0.3394165 0.7549438 0.3753052 0.914917 0.428833 0.9674072 0.3753052 0.7549438 0.3753052 -0.5063477 0.7615967 -0.7092896 0.661438 -0.2977905 0.6606445 -0.7092285 0.859375 -0.7092896 0.661438 -0.5063477 0.7615967 -0.2977905 0.8590088 -0.7092285 0.859375 -0.5063477 0.7615967 0.7549438 0.3753052 0.6858521 0.4683838 0.6353149 0.446106 0.7544556 0.4753418 0.6858521 0.4683838 0.7549438 0.3753052 0.8321533 0.4654541 0.7544556 0.4753418 0.7549438 0.3753052 -0.5063477 0.7615967 -0.7092896 0.661438 -0.2977905 0.6606445 -0.7092285 0.859375 -0.7092896 0.661438 -0.5063477 0.7615967 -0.2977905 0.8590088 -0.7092285 0.859375 -0.5063477 0.7615967 0.7549438 0.3753052 0.6858521 0.4683838 0.6353149 0.446106 0.7544556 0.4753418 0.6858521 0.4683838 0.7549438 0.3753052 0.8321533 0.4654541 0.7544556 0.4753418 0.7549438 0.3753052 0.7544556 0.4753418 0.7549438 0.3753052 0.6858521 0.4683838 0.8321533 0.4654541 0.7549438 0.3753052 0.7544556 0.4753418 0.7544556 0.4753418 0.7549438 0.3753052 0.6858521 0.4683838 0.8321533 0.4654541 0.7549438 0.3753052 0.7544556 0.4753418 0.5700684 0.4003296 0.7549438 0.3753052 0.6353149 0.446106 0.5557861 0.3613892 0.7549438 0.3753052 0.5700684 0.4003296 0.6687012 0.2895508 0.7549438 0.3753052 0.5557861 0.3613892 0.7727051 0.2766113 0.7549438 0.3753052 0.6687012 0.2895508 0.8406982 0.2887573 0.7549438 0.3753052 0.7727051 0.2766113 0.9329834 0.3394165 0.7549438 0.3753052 0.8406982 0.2887573 0.9674072 0.3753052 0.7549438 0.3753052 0.9329834 0.3394165 0.914917 0.428833 0.7549438 0.3753052 0.9674072 0.3753052 0.5700684 0.4003296 0.7549438 0.3753052 0.6353149 0.446106 0.5557861 0.3613892 0.7549438 0.3753052 0.5700684 0.4003296 0.6687012 0.2895508 0.7549438 0.3753052 0.5557861 0.3613892 0.7727051 0.2766113 0.7549438 0.3753052 0.6687012 0.2895508 0.8406982 0.2887573 0.7549438 0.3753052 0.7727051 0.2766113 0.9329834 0.3394165 0.7549438 0.3753052 0.8406982 0.2887573 0.9674072 0.3753052 0.7549438 0.3753052 0.9329834 0.3394165 0.914917 0.428833 0.7549438 0.3753052 0.9674072 0.3753052 -0.5063477 0.7615967 -0.7092896 0.661438 -0.7092285 0.859375 0.914917 0.428833 0.7549438 0.3753052 0.8321533 0.4654541 -0.5063477 0.7615967 -0.7092896 0.661438 -0.7092285 0.859375 0.914917 0.428833 0.7549438 0.3753052 0.8321533 0.4654541 -0.5063477 0.7615967 -0.2977905 0.6606445 -0.2977905 0.8590088 0.914917 0.428833 0.8321533 0.4654541 0.7549438 0.3753052 -0.5063477 0.7615967 -0.2977905 0.6606445 -0.2977905 0.8590088 0.914917 0.428833 0.8321533 0.4654541 0.7549438 0.3753052</float_array>
          <technique_common>
            <accessor source="#polygon2-mesh-map-0-array" count="192" stride="2">
              <param name="S" type="float"/>
              <param name="T" type="float"/>
            </accessor>
          </technique_common>
        </source>
        <source id="polygon2-mesh-colors-polygon2_Colors0" name="polygon2_Colors0">
          <float_array id="polygon2-mesh-colors-polygon2_Colors0-array" count="768">1 0.9843137 1 1 0.7098039 0.6980392 0.7098039 1 0.7098039 0.6980392 0.7098039 1 0.7098039 0.6980392 0.7098039 1 0.7098039 0.6980392 0.7098039 1 1 0.9843137 1 1 0.7098039 0.6980392 0.7098039 1 0.7098039 0.6980392 0.7098039 1 1 0.9843137 1 1 1 1 1 1 0.7098039 0.6980392 0.7098039 1 0.7098039 0.6980392 0.7098039 1 0.7098039 0.6980392 0.7098039 1 0.7098039 0.6980392 0.7098039 1 1 1 1 1 0.7098039 0.6980392 0.7098039 1 0.7098039 0.6980392 0.7098039 1 1 1 1 1 1 1 1 1 0.7098039 0.6980392 0.7098039 1 0.7098039 0.6980392 0.7098039 1 0.7098039 0.6980392 0.7098039 1 0.7098039 0.6980392 0.7098039 1 1 1 1 1 0.7098039 0.6980392 0.7098039 1 0.7098039 0.6980392 0.7098039 1 1 1 1 1 1 1 1 1 0.7098039 0.6980392 0.7098039 1 0.7098039 0.6980392 0.7098039 1 0.7098039 0.6980392 0.7098039 1 0.7098039 0.6980392 0.7098039 1 1 1 1 1 0.7098039 0.6980392 0.7098039 1 0.7098039 0.6980392 0.7098039 1 1 1 1 1 1 0.9843137 1 1 0.7098039 0.6980392 0.7098039 1 0.7098039 0.6980392 0.7098039 1 0.7098039 0.6980392 0.7098039 1 0.7098039 0.6980392 0.7098039 1 1 0.9843137 1 1 0.7098039 0.6980392 0.7098039 1 0.7098039 0.6980392 0.7098039 1 1 0.9843137 1 1 1 1 1 1 0.7098039 0.6980392 0.7098039 1 0.7098039 0.6980392 0.7098039 1 0.7098039 0.6980392 0.7098039 1 0.7098039 0.6980392 0.7098039 1 1 1 1 1 0.7098039 0.6980392 0.7098039 1 0.7098039 0.6980392 0.7098039 1 1 1 1 1 1 1 1 1 0.7098039 0.6980392 0.7098039 1 0.7098039 0.6980392 0.7098039 1 0.7098039 0.6980392 0.7098039 1 0.7098039 0.6980392 0.7098039 1 1 1 1 1 0.7098039 0.6980392 0.7098039 1 0.7098039 0.6980392 0.7098039 1 1 1 1 1 1 1 1 1 0.7098039 0.6980392 0.7098039 1 0.7098039 0.6980392 0.7098039 1 0.7098039 0.6980392 0.7098039 1 0.7098039 0.6980392 0.7098039 1 1 1 1 1 0.7098039 0.6980392 0.7098039 1 0.7098039 0.6980392 0.7098039 1 1 1 1 1 1 0.9843137 1 1 0.7098039 0.6980392 0.7098039 1 0.7098039 0.6980392 0.7098039 1 0.7098039 0.6980392 0.7098039 1 0.7098039 0.6980392 0.7098039 1 1 0.9843137 1 1 0.7098039 0.6980392 0.7098039 1 0.7098039 0.6980392 0.7098039 1 1 0.9843137 1 1 1 1 1 1 0.7098039 0.6980392 0.7098039 1 0.7098039 0.6980392 0.7098039 1 0.7098039 0.6980392 0.7098039 1 0.7098039 0.6980392 0.7098039 1 1 1 1 1 0.7098039 0.6980392 0.7098039 1 0.7098039 0.6980392 0.7098039 1 1 1 1 1 1 0.9843137 1 1 0.7098039 0.6980392 0.7098039 1 0.7098039 0.6980392 0.7098039 1 0.7098039 0.6980392 0.7098039 1 0.7098039 0.6980392 0.7098039 1 1 0.9843137 1 1 0.7098039 0.6980392 0.7098039 1 0.7098039 0.6980392 0.7098039 1 1 0.9843137 1 1 1 1 1 1 0.7098039 0.6980392 0.7098039 1 0.7098039 0.6980392 0.7098039 1 0.7098039 0.6980392 0.7098039 1 0.7098039 0.6980392 0.7098039 1 1 1 1 1 0.7098039 0.6980392 0.7098039 1 0.7098039 0.6980392 0.7098039 1 1 1 1 1 0.7098039 0.6980392 0.7098039 1 1 1 1 1 0.7098039 0.6980392 0.7098039 1 0.7098039 0.6980392 0.7098039 1 1 1 1 1 0.7098039 0.6980392 0.7098039 1 0.7098039 0.6980392 0.7098039 1 1 1 1 1 0.7098039 0.6980392 0.7098039 1 0.7098039 0.6980392 0.7098039 1 1 1 1 1 0.7098039 0.6980392 0.7098039 1 0.7098039 0.6980392 0.7098039 1 1 1 1 1 0.7098039 0.6980392 0.7098039 1 0.7098039 0.6980392 0.7098039 1 1 1 1 1 0.7098039 0.6980392 0.7098039 1 0.7098039 0.6980392 0.7098039 1 1 1 1 1 0.7098039 0.6980392 0.7098039 1 0.7098039 0.6980392 0.7098039 1 1 1 1 1 0.7098039 0.6980392 0.7098039 1 0.7098039 0.6980392 0.7098039 1 1 1 1 1 0.7098039 0.6980392 0.7098039 1 0.7098039 0.6980392 0.7098039 1 1 1 1 1 0.7098039 0.6980392 0.7098039 1 0.7098039 0.6980392 0.7098039 1 1 1 1 1 0.7098039 0.6980392 0.7098039 1 0.7098039 0.6980392 0.7098039 1 1 1 1 1 0.7098039 0.6980392 0.7098039 1 0.7098039 0.6980392 0.7098039 1 1 1 1 1 0.7098039 0.6980392 0.7098039 1 0.7098039 0.6980392 0.7098039 1 1 1 1 1 0.7098039 0.6980392 0.7098039 1 0.7098039 0.6980392 0.7098039 1 1 1 1 1 0.7098039 0.6980392 0.7098039 1 0.7098039 0.6980392 0.7098039 1 1 1 1 1 0.7098039 0.6980392 0.7098039 1 0.7098039 0.6980392 0.7098039 1 1 1 1 1 0.7098039 0.6980392 0.7098039 1 0.7098039 0.6980392 0.7098039 1 1 1 1 1 0.7098039 0.6980392 0.7098039 1 0.7098039 0.6980392 0.7098039 1 1 1 1 1 0.7098039 0.6980392 0.7098039 1 0.7098039 0.6980392 0.7098039 1 1 1 1 1 0.7098039 0.6980392 0.7098039 1 1 0.9843137 1 1 0.7098039 0.6980392 0.7098039 1 0.7098039 0.6980392 0.7098039 1 0.7098039 0.6980392 0.7098039 1 1 1 1 1 0.7098039 0.6980392 0.7098039 1 1 0.9843137 1 1 0.7098039 0.6980392 0.7098039 1 0.7098039 0.6980392 0.7098039 1 0.7098039 0.6980392 0.7098039 1 1 1 1 1 0.7098039 0.6980392 0.7098039 1 1 0.9843137 1 1 0.7098039 0.6980392 0.7098039 1 0.7098039 0.6980392 0.7098039 1 0.7098039 0.6980392 0.7098039 1 0.7098039 0.6980392 0.7098039 1 1 1 1 1 1 0.9843137 1 1 0.7098039 0.6980392 0.7098039 1 0.7098039 0.6980392 0.7098039 1 0.7098039 0.6980392 0.7098039 1 0.7098039 0.6980392 0.7098039 1 1 1 1 1</float_array>
          <technique_common>
            <accessor source="#polygon2-mesh-colors-polygon2_Colors0-array" count="192" stride="4">
              <param name="R" type="float"/>
              <param name="G" type="float"/>
              <param name="B" type="float"/>
              <param name="A" type="float"/>
            </accessor>
          </technique_common>
        </source>
        <vertices id="polygon2-mesh-vertices">
          <input semantic="POSITION" source="#polygon2-mesh-positions"/>
        </vertices>
        <triangles material="mat_tire_rim-material" count="64">
          <input semantic="VERTEX" source="#polygon2-mesh-vertices" offset="0"/>
          <input semantic="NORMAL" source="#polygon2-mesh-normals" offset="1"/>
          <input semantic="TEXCOORD" source="#polygon2-mesh-map-0" offset="2" set="0"/>
          <input semantic="COLOR" source="#polygon2-mesh-colors-polygon2_Colors0" offset="3" set="0"/>
          <p>2 0 0 0 1 1 1 1 0 2 2 2 3 3 3 3 1 1 4 4 2 0 5 5 4 4 6 6 3 3 7 7 2 0 8 8 7 5 9 9 6 6 10 10 5 7 11 11 8 8 12 12 6 6 13 13 7 5 14 14 9 9 15 15 8 8 16 16 7 5 17 17 7 5 18 18 10 10 19 19 9 9 20 20 11 11 21 21 10 10 22 22 7 5 23 23 12 12 24 24 11 11 25 25 7 5 26 26 7 5 27 27 13 13 28 28 12 12 29 29 14 14 30 30 13 13 31 31 7 5 32 32 15 15 33 33 14 14 34 34 7 5 35 35 18 16 36 36 17 17 37 37 16 18 38 38 19 19 39 39 17 17 40 40 18 16 41 41 20 20 42 42 19 19 43 43 18 16 44 44 23 21 45 45 22 22 46 46 21 23 47 47 24 24 48 48 22 22 49 49 23 21 50 50 25 25 51 51 24 24 52 52 23 21 53 53 23 21 54 54 26 26 55 55 25 25 56 56 27 27 57 57 26 26 58 58 23 21 59 59 28 28 60 60 27 27 61 61 23 21 62 62 23 21 63 63 29 29 64 64 28 28 65 65 30 30 66 66 29 29 67 67 23 21 68 68 31 31 69 69 30 30 70 70 23 21 71 71 34 32 72 72 33 33 73 73 32 34 74 74 35 35 75 75 33 33 76 76 34 32 77 77 36 36 78 78 35 35 79 79 34 32 80 80 39 37 81 81 38 38 82 82 37 39 83 83 40 40 84 84 38 38 85 85 39 37 86 86 41 41 87 87 40 40 88 88 39 37 89 89 44 42 90 90 43 43 91 91 42 44 92 92 45 45 93 93 43 43 94 94 44 42 95 95 46 46 96 96 45 45 97 97 44 42 98 98 49 47 99 99 48 48 100 100 47 49 101 101 50 50 102 102 48 48 103 103 49 47 104 104 51 51 105 105 50 50 106 106 49 47 107 107 52 52 108 108 7 5 109 109 5 7 110 110 53 53 111 111 7 5 112 112 52 52 113 113 54 54 114 114 23 21 115 115 21 23 116 116 55 55 117 117 23 21 118 118 54 54 119 119 56 56 120 120 39 37 121 121 37 39 122 122 57 57 123 123 39 37 124 124 56 56 125 125 58 58 126 126 39 37 127 127 57 57 128 128 59 59 129 129 39 37 130 130 58 58 131 131 60 60 132 132 39 37 133 133 59 59 134 134 61 61 135 135 39 37 136 136 60 60 137 137 62 62 138 138 39 37 139 139 61 61 140 140 63 63 141 141 39 37 142 142 62 62 143 143 64 64 144 144 49 47 145 145 47 49 146 146 65 65 147 147 49 47 148 148 64 64 149 149 66 66 150 150 49 47 151 151 65 65 152 152 67 67 153 153 49 47 154 154 66 66 155 155 68 68 156 156 49 47 157 157 67 67 158 158 69 69 159 159 49 47 160 160 68 68 161 161 70 70 162 162 49 47 163 163 69 69 164 164 71 71 165 165 49 47 166 166 70 70 167 167 2 0 168 168 0 2 169 169 4 4 170 170 15 15 171 171 7 5 172 172 53 53 173 173 18 16 174 174 16 18 175 175 20 20 176 176 31 31 177 177 23 21 178 178 55 55 179 179 34 32 180 180 32 34 181 181 36 36 182 182 63 63 183 183 41 41 184 184 39 37 185 185 44 42 186 186 42 44 187 187 46 46 188 188 71 71 189 189 51 51 190 190 49 47 191 191</p>
        </triangles>
      </mesh>
    </geometry>
    <geometry id="polygon1-mesh" name="polygon1">
      <mesh>
        <source id="polygon1-mesh-positions">
          <float_array id="polygon1-mesh-positions-array" count="432">-49.8352 36.16854 61.99998 -29.38804 36.16856 62.00002 -49.8352 33.73442 71.08424 -29.38804 33.73443 71.08428 -49.83521 27.08428 77.73439 -29.38804 27.08429 77.73444 -49.83521 17.99999 80.16855 -29.38804 18.00001 80.16857 -49.83521 8.91572 77.73439 -29.38804 8.91572 77.73444 -49.8352 2.265568 71.08429 -29.38804 2.265568 71.08429 -49.8352 -0.1685619 62 -29.38805 -0.168557 62.00002 -49.8352 2.265568 52.91574 -29.38805 2.265573 52.91574 -49.8352 8.915716 46.26558 -29.38805 8.915716 46.26557 -49.8352 17.99998 43.83146 -29.38805 17.99999 43.83145 -49.8352 27.08427 46.26558 -29.38804 27.08428 46.26557 -49.8352 33.73442 52.91572 -29.38804 33.73443 52.91572 -49.83917 48.34585 -56.00002 -22.43998 48.34588 -55.99998 -49.83917 45.08413 -43.82711 -22.43998 45.08414 -43.82706 -49.83918 36.17294 -34.91592 -22.43998 36.17295 -34.91584 -49.83918 23.99999 -31.65414 -22.43998 24.00001 -31.65412 -49.83918 11.82707 -34.91592 -22.43998 11.82707 -34.91584 -49.83916 2.915859 -43.82705 -22.43998 2.915859 -43.82705 -49.83916 -0.345874 -55.99999 -22.43998 -0.345864 -55.99998 -49.83916 2.915859 -68.1729 -22.43998 2.915864 -68.1729 -49.83916 11.82706 -77.08412 -22.43998 11.82706 -77.08413 -49.83916 23.99998 -80.34584 -22.43998 23.99999 -80.34585 -49.83917 36.17292 -77.08412 -22.43998 36.17294 -77.08413 -49.83917 45.08413 -68.17293 -22.43998 45.08414 -68.17294 22.43998 48.34588 -55.99998 22.43998 45.08414 -43.82706 22.43998 45.08414 -68.17294 22.43998 36.17295 -34.91584 22.43998 36.17294 -77.08413 22.43998 24.00001 -31.65412 22.43998 23.99999 -80.34585 22.43998 11.82706 -77.08413 29.38804 36.16856 62.00002 29.38804 33.73443 71.08428 29.38804 33.73443 52.91572 29.38804 27.08429 77.73444 29.38804 27.08428 46.26557 29.38804 18.00001 80.16857 29.38805 17.99999 43.83145 29.38805 8.915716 46.26557 -53.4666 23.98061 -38.97524 -53.4511 31.43081 -41.10078 -53.45657 38.25192 -46.96341 -53.49393 40.94573 -56.07322 49.8352 33.73442 71.08424 49.8352 36.16854 61.99998 52.56264 30.75144 61.94536 49.8352 33.73442 52.91572 52.52117 28.90192 55.36808 49.8352 27.08427 46.26558 52.53601 23.53205 50.8494 52.61196 17.98792 49.6775 52.545 4.753637 62 52.51347 7.41652 55.2881 49.8352 2.265568 52.91574 52.54626 11.95229 51.25383 49.8352 8.915716 46.26558 49.8352 17.99998 43.83146 -52.54224 17.98553 74.70504 -52.53067 23.54538 73.11881 -52.53475 28.72471 68.74372 -52.56264 30.75144 61.94536 49.83917 48.34585 -56.00002 53.49393 40.94573 -56.07322 49.83917 45.08413 -43.82711 53.45657 38.25192 -46.96341 49.83918 36.17294 -34.91592 53.4511 31.43082 -41.10078 53.4666 23.98061 -38.97524 29.38805 -0.168557 62.00002 29.38805 2.265573 52.91573 29.38804 2.265568 71.08428 29.38804 8.91572 77.73444 22.43998 -0.345864 -55.99998 22.43998 2.915864 -68.17291 22.43998 2.915859 -43.82705 22.43998 11.82707 -34.91584 -53.43836 38.48745 -64.88677 -53.45826 31.41295 -70.94181 -53.56003 23.98382 -72.51215 -53.39519 15.74067 -41.25012 -53.4703 6.391077 -55.99999 -53.42805 9.93041 -64.99394 -53.47199 15.89606 -70.39986 53.56003 23.98382 -72.51215 49.83916 11.82706 -77.08412 53.47199 15.89606 -70.39986 49.83916 2.915859 -68.1729 53.42805 9.93041 -64.99394 53.4703 6.391077 -55.99999 53.39519 15.74068 -41.25012 53.41628 9.607234 -46.93351 49.83916 2.915859 -43.82705 49.83916 -0.345874 -55.99999 -52.48894 11.83632 73.00737 -52.52117 28.90192 55.36808 -52.53601 23.53205 50.8494 -52.61196 17.98792 49.6775 -52.545 4.753637 62 -52.51347 7.41652 55.2881 -52.54626 11.95229 51.25383 53.45826 31.41295 -70.94181 49.83917 36.17292 -77.08412 49.83916 23.99998 -80.34584 49.83521 8.91572 77.73439 52.48894 11.83633 73.00737 49.8352 2.265568 71.08428 52.50469 7.173371 68.76604 52.54224 17.98553 74.70504 49.83521 17.99999 80.16855 49.83521 27.08428 77.73439 49.83918 23.99999 -31.65414 49.8352 -0.1685619 62 -53.41628 9.607234 -46.93351 49.83917 45.08413 -68.17293 53.43836 38.48745 -64.88677 49.83918 11.82707 -34.91592 52.53067 23.54539 73.11881 52.53475 28.72471 68.74372 -52.50469 7.173371 68.76604</float_array>
          <technique_common>
            <accessor source="#polygon1-mesh-positions-array" count="144" stride="3">
              <param name="X" type="float"/>
              <param name="Y" type="float"/>
              <param name="Z" type="float"/>
            </accessor>
          </technique_common>
        </source>
        <source id="polygon1-mesh-normals">
          <float_array id="polygon1-mesh-normals-array" count="432">-0.4916735 0.7543944 0.4349097 0.6532267 0.7571624 6.98995e-7 -0.4892253 0.8721574 3.00578e-4 0.6532263 0.6557222 0.3785814 -0.4956901 0.4343219 0.752101 0.653226 0.3785824 0.655722 -0.4916567 7.77898e-5 0.8707892 0.653226 -1.67288e-7 0.7571631 -0.4960937 -0.4359135 0.7509132 0.6532263 -0.3785812 0.6557223 -0.4896381 -0.7523303 0.4407421 0.653227 -0.6557217 0.3785812 -0.4751589 -0.8799 -3.88637e-7 0.6532261 -0.7571629 -3.74277e-7 -0.4937362 -0.7497854 -0.440507 0.6532268 -0.6557219 -0.378581 -0.5006186 -0.4340184 -0.7490054 0.6532262 -0.378582 -0.6557219 -0.4979274 5.93377e-5 -0.8672187 0.6532263 -3.84655e-7 -0.7571627 -0.4965236 0.4325684 -0.7525616 0.6532266 0.3785808 -0.6557222 -0.49028 0.7549356 -0.4355431 0.6532267 0.655722 -0.378581 -0.4938803 0.7534743 0.4340032 0.6532261 0.757163 3.12317e-7 -0.4921439 0.8705139 2.92024e-4 0.6532266 0.6557219 0.3785815 -0.4961373 0.4346278 0.7516292 0.6532258 0.3785824 0.6557222 -0.4916564 7.77097e-5 0.8707893 0.6532264 -4.24615e-7 0.7571627 -0.4960935 -0.4359134 0.7509135 0.6532261 -0.3785808 0.6557228 -0.4914716 -0.7518872 0.4394561 0.6532268 -0.6557218 0.3785811 -0.478573 -0.8780478 -3.34952e-7 0.6532266 -0.7571625 -2.45391e-7 -0.4954325 -0.7493951 -0.439265 0.653227 -0.6557219 -0.3785805 -0.5006181 -0.4340184 -0.7490057 0.6532266 -0.3785817 -0.6557218 -0.4979268 5.92417e-5 -0.867219 0.6532267 0 -0.7571623 -0.4969753 0.4328786 -0.752085 0.6532264 0.3785809 -0.6557224 -0.4925539 0.7539901 -0.4346144 0.6532267 0.6557217 -0.3785817 -0.6532267 0.6557217 -0.3785817 -0.6532266 0.6557219 0.3785815 -0.6532261 0.757163 3.19753e-7 -0.6532258 0.3785824 0.6557222 -0.6532264 0.3785808 -0.6557224 -0.6532265 -4.62898e-7 0.7571627 -0.6532267 -1.41286e-7 -0.7571623 -0.6532264 -0.3785817 -0.6557219 -0.6532267 0.655722 -0.3785809 -0.6532263 0.6557222 0.3785814 -0.6532267 0.7571624 6.98995e-7 -0.653226 0.3785824 0.655722 -0.6532266 0.3785809 -0.6557222 -0.653226 0 0.7571631 -0.6532264 -2.60264e-7 -0.7571628 -0.6532263 -0.3785818 -0.655722 -0.9045757 0.1936343 0.3798009 -0.8984656 -8.1749e-5 0.439044 -0.9036462 0.3595129 0.2327532 -0.8996452 0.4366217 2.50172e-4 0.8965323 0.4429783 2.40469e-4 0.4892253 0.8721575 3.00572e-4 0.4916737 0.7543943 0.4349097 0.4902801 0.7549356 -0.4355431 0.8998882 0.3688942 -0.2326338 0.4965236 0.4325684 -0.7525616 0.9023514 0.1818091 -0.3907778 0.9027064 -0.003907322 -0.4302396 0.4937365 -0.7497853 -0.4405071 0.900636 -0.3490739 -0.2588478 0.8895484 -0.456833 -0.002684891 0.904627 -0.2106028 -0.3705354 0.5006186 -0.4340183 -0.7490054 0.4979274 5.9316e-5 -0.8672187 -0.9044431 0.192119 0.3808848 -0.8984658 -8.18153e-5 0.4390434 -0.9018293 0.3623813 0.2353377 -0.8965323 0.4429784 2.40458e-4 0.4938804 0.7534742 0.4340033 0.8996453 0.4366214 2.5018e-4 0.4921441 0.8705137 2.92042e-4 0.9036464 0.3595127 0.2327532 0.4961373 0.4346277 0.7516293 0.9045756 0.1936344 0.3798011 0.8984656 -8.21195e-5 0.439044 -0.6532271 -0.6557217 0.3785809 -0.6532264 -0.6557223 -0.378581 -0.6532262 -0.7571628 -2.00775e-7 -0.6532261 -0.3785814 0.6557223 -0.6532268 -0.6557219 0.3785812 -0.6532269 -0.655722 -0.3785808 -0.6532269 -0.7571622 -2.00775e-7 -0.653226 -0.3785808 0.6557227 -0.902509 0.1833018 -0.3897156 -0.9018248 0.3657571 -0.2300733 -0.9027059 -0.003907859 -0.4302405 -0.9000506 -0.2179719 0.3773554 -0.8930623 -0.4499253 -0.002665281 -0.902899 -0.3469453 -0.2537766 -0.9051013 -0.2107625 -0.3692844 0.905101 -0.2107625 -0.3692848 0.5006181 -0.4340183 -0.7490058 0.9027058 -0.003907859 -0.4302406 0.4954324 -0.7493951 -0.439265 0.9028989 -0.3469454 -0.2537767 0.8930623 -0.4499253 -0.002665281 0.4914717 -0.751887 0.4394561 0.8969592 -0.3610334 0.2551847 0.9000508 -0.2179718 0.3773551 0.4785731 -0.8780478 -3.22772e-7 -0.8995603 -0.2178415 0.3785983 -0.9023514 0.1818093 -0.390778 -0.8998881 0.3688943 -0.2326339 -0.9027064 -0.003907263 -0.4302396 -0.8895485 -0.4568328 -0.002684891 -0.900636 -0.3490739 -0.2588478 -0.9046271 -0.2106028 -0.3705354 0.4969754 0.4328784 -0.752085 0.902509 0.1833015 -0.3897157 0.4979268 5.92355e-5 -0.867219 0.4896382 -0.7523303 0.4407421 0.8995603 -0.2178413 0.3785983 0.4960941 -0.4359135 0.7509129 0.8944652 -0.3635864 0.2602635 0.8984659 -8.1985e-5 0.4390434 0.4916567 7.77836e-5 0.8707892 0.4956901 0.4343218 0.7521009 0.4916564 7.75496e-5 0.8707894 0.4751587 -0.8799002 -3.37021e-7 -0.8969589 -0.361034 0.2551847 0.4925539 0.7539901 -0.4346144 0.9018248 0.3657572 -0.2300734 0.4960936 -0.4359136 0.7509133 0.904443 0.192119 0.3808848 0.9018294 0.3623811 0.2353379 -0.8944656 -0.3635861 0.2602623</float_array>
          <technique_common>
            <accessor source="#polygon1-mesh-normals-array" count="144" stride="3">
              <param name="X" type="float"/>
              <param name="Y" type="float"/>
              <param name="Z" type="float"/>
            </accessor>
          </technique_common>
        </source>
        <source id="polygon1-mesh-map-0">
          <float_array id="polygon1-mesh-map-0-array" count="1392">0.2487792 -0.9853516 -0.1660156 -0.753418 -0.1660156 -0.9853516 0.2487792 -0.753418 -0.1660156 -0.753418 0.2487792 -0.9853516 0.6638184 -0.9853516 0.2487792 -0.753418 0.2487792 -0.9853516 0.6638184 -0.753418 0.2487792 -0.753418 0.6638184 -0.9853516 1.07959 -0.9853516 0.6638184 -0.753418 0.6638184 -0.9853516 1.07959 -0.7536621 0.6638184 -0.753418 1.07959 -0.9853516 1.495605 -0.9855957 1.07959 -0.7536621 1.07959 -0.9853516 1.495605 -0.7536621 1.07959 -0.7536621 1.495605 -0.9855957 1.912354 -0.9855957 1.495605 -0.7536621 1.495605 -0.9855957 1.912354 -0.7536621 1.495605 -0.7536621 1.912354 -0.9855957 2.330078 -0.9855957 1.912354 -0.7536621 1.912354 -0.9855957 2.330078 -0.7536621 1.912354 -0.7536621 2.330078 -0.9855957 2.749023 -0.9855957 2.330078 -0.7536621 2.330078 -0.9855957 2.749023 -0.7536621 2.330078 -0.7536621 2.749023 -0.9855957 3.169434 -0.9855957 2.749023 -0.7536621 2.749023 -0.9855957 3.169434 -0.7539063 2.749023 -0.7536621 3.169434 -0.9855957 3.591797 -0.9858398 3.169434 -0.7539063 3.169434 -0.9855957 3.591797 -0.7539063 3.169434 -0.7539063 3.591797 -0.9858398 4.01416 -0.9858398 3.591797 -0.7539063 3.591797 -0.9858398 4.01416 -0.7539063 3.591797 -0.7539063 4.01416 -0.9858398 4.436523 -0.9858398 4.01416 -0.7539063 4.01416 -0.9858398 4.436523 -0.7539063 4.01416 -0.7539063 4.436523 -0.9858398 4.858643 -0.9858398 4.436523 -0.7539063 4.436523 -0.9858398 4.858643 -0.7539063 4.436523 -0.7539063 4.858643 -0.9858398 0.2487792 -0.9853516 -0.1660156 -0.753418 -0.1660156 -0.9853516 0.2487792 -0.753418 -0.1660156 -0.753418 0.2487792 -0.9853516 0.6638184 -0.9853516 0.2487792 -0.753418 0.2487792 -0.9853516 0.6638184 -0.753418 0.2487792 -0.753418 0.6638184 -0.9853516 1.07959 -0.9853516 0.6638184 -0.753418 0.6638184 -0.9853516 1.07959 -0.7536621 0.6638184 -0.753418 1.07959 -0.9853516 1.495605 -0.9855957 1.07959 -0.7536621 1.07959 -0.9853516 1.495605 -0.7536621 1.07959 -0.7536621 1.495605 -0.9855957 1.912354 -0.9855957 1.495605 -0.7536621 1.495605 -0.9855957 1.912354 -0.7536621 1.495605 -0.7536621 1.912354 -0.9855957 2.330078 -0.9855957 1.912354 -0.7536621 1.912354 -0.9855957 2.330078 -0.7536621 1.912354 -0.7536621 2.330078 -0.9855957 2.749023 -0.9855957 2.330078 -0.7536621 2.330078 -0.9855957 2.749023 -0.7536621 2.330078 -0.7536621 2.749023 -0.9855957 3.169434 -0.9855957 2.749023 -0.7536621 2.749023 -0.9855957 3.169434 -0.7539063 2.749023 -0.7536621 3.169434 -0.9855957 3.591797 -0.9858398 3.169434 -0.7539063 3.169434 -0.9855957 3.591797 -0.7539063 3.169434 -0.7539063 3.591797 -0.9858398 4.01416 -0.9858398 3.591797 -0.7539063 3.591797 -0.9858398 4.01416 -0.7539063 3.591797 -0.7539063 4.01416 -0.9858398 4.436523 -0.9858398 4.01416 -0.7539063 4.01416 -0.9858398 4.436523 -0.7539063 4.01416 -0.7539063 4.436523 -0.9858398 4.858643 -0.9858398 4.436523 -0.7539063 4.436523 -0.9858398 4.858643 -0.7539063 4.436523 -0.7539063 4.858643 -0.9858398 1.693848 0.9306641 1.288574 0.9306641 1.491211 0.9562988 1.140381 0.8598633 1.288574 0.9306641 1.693848 0.9306641 1.842285 0.8598633 1.140381 0.8598633 1.693848 0.9306641 1.086182 0.7634277 1.140381 0.8598633 1.842285 0.8598633 1.896484 0.7634277 1.086182 0.7634277 1.842285 0.8598633 1.842285 0.6669922 1.086182 0.7634277 1.896484 0.7634277 1.683838 0.927002 1.305176 0.927002 1.494385 0.9521484 1.166504 0.8583984 1.305176 0.927002 1.683838 0.927002 1.82251 0.8583984 1.166504 0.8583984 1.683838 0.927002 1.115723 0.7646484 1.166504 0.8583984 1.82251 0.8583984 1.873291 0.7646484 1.115723 0.7646484 1.82251 0.8583984 1.82251 0.6708984 1.115723 0.7646484 1.873291 0.7646484 0.1003418 0.8681641 0.2739258 0.815918 0.2419434 0.7634277 0.3618164 0.8671875 0.2739258 0.815918 0.1003418 0.8681641 0.2685547 0.9445801 0.3618164 0.8671875 0.1003418 0.8681641 0.4985352 0.8867188 0.3618164 0.8671875 0.2685547 0.9445801 0.4985352 0.9724121 0.4985352 0.8867188 0.2685547 0.9445801 0.7282715 0.9445801 0.4985352 0.8867188 0.4985352 0.9724121 0.4985352 0.8867188 0.4985352 0.9724121 0.2685547 0.9445801 0.7282715 0.9445801 0.4985352 0.9724121 0.4985352 0.8867188 0.6308594 0.8688965 0.7282715 0.9445801 0.4985352 0.8867188 0.8964844 0.8681641 0.7282715 0.9445801 0.6308594 0.8688965 0.7216797 0.8156738 0.8964844 0.8681641 0.6308594 0.8688965 0.7453613 0.7634277 0.8964844 0.8681641 0.7216797 0.8156738 0.7282715 0.5834961 0.6325684 0.661377 0.4975586 0.6357422 0.713623 0.706543 0.6325684 0.661377 0.7282715 0.5834961 0.8964844 0.6599121 0.713623 0.706543 0.7282715 0.5834961 0.7453613 0.7634277 0.713623 0.706543 0.8964844 0.6599121 0.958252 0.7641602 0.7453613 0.7634277 0.8964844 0.6599121 0.8964844 0.8681641 0.7453613 0.7634277 0.958252 0.7641602 0.1003418 0.8681641 0.2739258 0.815918 0.2419434 0.7634277 0.3618164 0.8671875 0.2739258 0.815918 0.1003418 0.8681641 0.2685547 0.9445801 0.3618164 0.8671875 0.1003418 0.8681641 0.4985352 0.8867188 0.3618164 0.8671875 0.2685547 0.9445801 0.4985352 0.9724121 0.4985352 0.8867188 0.2685547 0.9445801 0.7282715 0.9445801 0.4985352 0.8867188 0.4985352 0.9724121 0.2685547 0.9445801 0.4985352 0.8867188 0.4985352 0.9724121 0.3618164 0.8671875 0.4985352 0.8867188 0.2685547 0.9445801 0.1003418 0.8681641 0.3618164 0.8671875 0.2685547 0.9445801 0.2739258 0.815918 0.3618164 0.8671875 0.1003418 0.8681641 0.2419434 0.7634277 0.2739258 0.815918 0.1003418 0.8681641 1.842285 0.6669922 1.140381 0.6669922 1.288574 0.5961914 1.086182 0.7634277 1.140381 0.6669922 1.842285 0.6669922 1.896484 0.7634277 1.086182 0.7634277 1.842285 0.6669922 1.842285 0.8598633 1.086182 0.7634277 1.896484 0.7634277 1.305176 0.6022949 1.683838 0.6022949 1.494385 0.5771484 1.82251 0.6708984 1.683838 0.6022949 1.305176 0.6022949 1.166504 0.6708984 1.82251 0.6708984 1.305176 0.6022949 1.115723 0.7646484 1.82251 0.6708984 1.166504 0.6708984 1.82251 0.6708984 1.166504 0.6708984 1.305176 0.6022949 1.115723 0.7646484 1.166504 0.6708984 1.82251 0.6708984 1.873291 0.7646484 1.115723 0.7646484 1.82251 0.6708984 1.82251 0.8583984 1.115723 0.7646484 1.873291 0.7646484 1.288574 0.5961914 1.693848 0.5961914 1.491211 0.5703125 1.842285 0.6669922 1.693848 0.5961914 1.288574 0.5961914 1.140381 0.6669922 1.842285 0.6669922 1.288574 0.5961914 1.086182 0.7634277 1.842285 0.6669922 1.140381 0.6669922 0.8964844 0.8681641 0.7216797 0.8156738 0.6308594 0.8688965 0.7453613 0.7634277 0.7216797 0.8156738 0.8964844 0.8681641 0.958252 0.7641602 0.7453613 0.7634277 0.8964844 0.8681641 0.8964844 0.6599121 0.7453613 0.7634277 0.958252 0.7641602 0.1003418 0.6599121 0.276123 0.7053223 0.2685547 0.5834961 0.2419434 0.7634277 0.276123 0.7053223 0.1003418 0.6599121 0.03881835 0.7641602 0.2419434 0.7634277 0.1003418 0.6599121 0.1003418 0.8681641 0.2419434 0.7634277 0.03881835 0.7641602 0.4975586 0.6357422 0.4985352 0.5556641 0.2685547 0.5834961 0.7282715 0.5834961 0.4985352 0.5556641 0.4975586 0.6357422 0.6325684 0.661377 0.7282715 0.5834961 0.4975586 0.6357422 0.713623 0.706543 0.7282715 0.5834961 0.6325684 0.661377 0.713623 0.706543 0.8964844 0.6599121 0.7453613 0.7634277 0.7282715 0.5834961 0.8964844 0.6599121 0.713623 0.706543 0.6325684 0.661377 0.7282715 0.5834961 0.713623 0.706543 0.4975586 0.6357422 0.7282715 0.5834961 0.6325684 0.661377 0.2685547 0.5834961 0.3613281 0.6589355 0.276123 0.7053223 0.4975586 0.6357422 0.3613281 0.6589355 0.2685547 0.5834961 0.4985352 0.5556641 0.4975586 0.6357422 0.2685547 0.5834961 0.7282715 0.5834961 0.4975586 0.6357422 0.4985352 0.5556641 0.1003418 0.6599121 0.276123 0.7053223 0.2685547 0.5834961 0.2419434 0.7634277 0.276123 0.7053223 0.1003418 0.6599121 0.03881835 0.7641602 0.2419434 0.7634277 0.1003418 0.6599121 0.1003418 0.8681641 0.2419434 0.7634277 0.03881835 0.7641602 0.8964844 0.8681641 0.7216797 0.8156738 0.6308594 0.8688965 0.7453613 0.7634277 0.7216797 0.8156738 0.8964844 0.8681641 0.958252 0.7641602 0.7453613 0.7634277 0.8964844 0.8681641 0.8964844 0.6599121 0.7453613 0.7634277 0.958252 0.7641602 0.4975586 0.6357422 0.4985352 0.5556641 0.2685547 0.5834961 0.7282715 0.5834961 0.4985352 0.5556641 0.4975586 0.6357422 0.6325684 0.661377 0.7282715 0.5834961 0.4975586 0.6357422 0.713623 0.706543 0.7282715 0.5834961 0.6325684 0.661377 0.7453613 0.7634277 0.8964844 0.8681641 0.7216797 0.8156738 0.958252 0.7641602 0.8964844 0.8681641 0.7453613 0.7634277 0.8964844 0.6599121 0.958252 0.7641602 0.7453613 0.7634277 0.2685547 0.5834961 0.276123 0.7053223 0.1003418 0.6599121 0.3613281 0.6589355 0.276123 0.7053223 0.2685547 0.5834961 0.4975586 0.6357422 0.3613281 0.6589355 0.2685547 0.5834961 0.2419434 0.7634277 0.1003418 0.6599121 0.276123 0.7053223 0.03881835 0.7641602 0.1003418 0.6599121 0.2419434 0.7634277 0.1003418 0.8681641 0.03881835 0.7641602 0.2419434 0.7634277 1.07959 -0.9853516 0.6638184 -0.753418 1.07959 -0.7536621 0.6638184 -0.9853516 0.6638184 -0.753418 1.07959 -0.9853516 0.6638184 -0.9853516 0.2487792 -0.753418 0.6638184 -0.753418 0.2487792 -0.9853516 0.2487792 -0.753418 0.6638184 -0.9853516 0.2487792 -0.753418 0.6638184 -0.9853516 0.2487792 -0.9853516 0.6638184 -0.753418 0.6638184 -0.9853516 0.2487792 -0.753418 0.6638184 -0.753418 1.07959 -0.9853516 0.6638184 -0.9853516 1.07959 -0.7536621 1.07959 -0.9853516 0.6638184 -0.753418 1.07959 -0.7536621 1.495605 -0.9855957 1.07959 -0.9853516 1.495605 -0.7536621 1.495605 -0.9855957 1.07959 -0.7536621 1.495605 -0.7536621 1.912354 -0.9855957 1.495605 -0.9855957 1.912354 -0.7536621 1.912354 -0.9855957 1.495605 -0.7536621 1.912354 -0.7536621 2.330078 -0.9855957 1.912354 -0.9855957 2.330078 -0.7536621 2.330078 -0.9855957 1.912354 -0.7536621 2.330078 -0.7536621 2.749023 -0.9855957 2.330078 -0.9855957 2.749023 -0.7536621 2.749023 -0.9855957 2.330078 -0.7536621 4.858643 -0.9858398 4.436523 -0.7539063 4.858643 -0.7539063 4.436523 -0.9858398 4.436523 -0.7539063 4.858643 -0.9858398 -0.1660156 -0.753418 0.2487792 -0.9853516 -0.1660156 -0.9853516 0.2487792 -0.753418 0.2487792 -0.9853516 -0.1660156 -0.753418 4.01416 -0.9858398 3.591797 -0.7539063 4.01416 -0.7539063 3.591797 -0.9858398 3.591797 -0.7539063 4.01416 -0.9858398 3.591797 -0.9858398 3.169434 -0.7539063 3.591797 -0.7539063 3.169434 -0.9855957 3.169434 -0.7539063 3.591797 -0.9858398 3.169434 -0.9855957 2.749023 -0.7536621 3.169434 -0.7539063 2.749023 -0.9855957 2.749023 -0.7536621 3.169434 -0.9855957 0.2487792 -0.9853516 -0.1660156 -0.753418 0.2487792 -0.753418 -0.1660156 -0.9853516 -0.1660156 -0.753418 0.2487792 -0.9853516 1.288574 0.9306641 1.693848 0.9306641 1.491211 0.9562988 1.140381 0.8598633 1.693848 0.9306641 1.288574 0.9306641 1.683838 0.6022949 1.305176 0.6022949 1.494385 0.5771484 1.82251 0.6708984 1.305176 0.6022949 1.683838 0.6022949 0.7282715 0.9445801 0.6308594 0.8688965 0.4985352 0.8867188 0.8964844 0.8681641 0.6308594 0.8688965 0.7282715 0.9445801 4.436523 -0.9858398 4.01416 -0.7539063 4.436523 -0.7539063 4.01416 -0.9858398 4.01416 -0.7539063 4.436523 -0.9858398 0.3613281 0.6589355 0.2685547 0.5834961 0.276123 0.7053223 0.4975586 0.6357422 0.2685547 0.5834961 0.3613281 0.6589355 1.305176 0.927002 1.683838 0.927002 1.494385 0.9521484 1.166504 0.8583984 1.683838 0.927002 1.305176 0.927002 0.8964844 0.6599121 0.713623 0.706543 0.7453613 0.7634277 0.7282715 0.5834961 0.713623 0.706543 0.8964844 0.6599121 0.4985352 0.8867188 0.7282715 0.9445801 0.4985352 0.9724121 0.6308594 0.8688965 0.7282715 0.9445801 0.4985352 0.8867188 0.6308594 0.8688965 0.8964844 0.8681641 0.7282715 0.9445801 0.7216797 0.8156738 0.8964844 0.8681641 0.6308594 0.8688965 1.693848 0.5961914 1.288574 0.5961914 1.491211 0.5703125 1.842285 0.6669922 1.288574 0.5961914 1.693848 0.5961914 1.842285 0.8598633 1.140381 0.8598633 1.086182 0.7634277 1.693848 0.9306641 1.140381 0.8598633 1.842285 0.8598633 1.82251 0.8583984 1.166504 0.8583984 1.115723 0.7646484 1.683838 0.927002 1.166504 0.8583984 1.82251 0.8583984 0.03881835 0.7641602 0.2419434 0.7634277 0.1003418 0.8681641 0.1003418 0.6599121 0.2419434 0.7634277 0.03881835 0.7641602 0.1003418 0.6599121 0.276123 0.7053223 0.2419434 0.7634277 0.2685547 0.5834961 0.276123 0.7053223 0.1003418 0.6599121 4.858643 -0.9858398 4.436523 -0.7539063 4.858643 -0.7539063 4.436523 -0.9858398 4.436523 -0.7539063 4.858643 -0.9858398 4.436523 -0.9858398 4.01416 -0.7539063 4.436523 -0.7539063 4.01416 -0.9858398 4.01416 -0.7539063 4.436523 -0.9858398 4.01416 -0.9858398 3.591797 -0.7539063 4.01416 -0.7539063 3.591797 -0.9858398 3.591797 -0.7539063 4.01416 -0.9858398 0.2739258 0.815918 0.1003418 0.8681641 0.2419434 0.7634277 0.3618164 0.8671875 0.1003418 0.8681641 0.2739258 0.815918 0.3618164 0.8671875 0.2685547 0.9445801 0.1003418 0.8681641 0.4985352 0.8867188 0.2685547 0.9445801 0.3618164 0.8671875 3.591797 -0.9858398 3.169434 -0.7539063 3.591797 -0.7539063 3.169434 -0.9855957 3.169434 -0.7539063 3.591797 -0.9858398 0.4985352 0.5556641 0.4975586 0.6357422 0.2685547 0.5834961 0.7282715 0.5834961 0.4975586 0.6357422 0.4985352 0.5556641 3.169434 -0.9855957 2.749023 -0.7536621 3.169434 -0.7539063 2.749023 -0.9855957 2.749023 -0.7536621 3.169434 -0.9855957 2.749023 -0.9855957 2.330078 -0.7536621 2.749023 -0.7536621 2.330078 -0.9855957 2.330078 -0.7536621 2.749023 -0.9855957 2.330078 -0.9855957 1.912354 -0.7536621 2.330078 -0.7536621 1.912354 -0.9855957 1.912354 -0.7536621 2.330078 -0.9855957 0.7282715 0.9445801 0.6308594 0.8688965 0.4985352 0.8867188 0.8964844 0.8681641 0.6308594 0.8688965 0.7282715 0.9445801 1.912354 -0.9855957 1.495605 -0.7536621 1.912354 -0.7536621 1.495605 -0.9855957 1.495605 -0.7536621 1.912354 -0.9855957 0.3613281 0.6589355 0.2685547 0.5834961 0.276123 0.7053223 0.4975586 0.6357422 0.2685547 0.5834961 0.3613281 0.6589355 1.495605 -0.9855957 1.07959 -0.7536621 1.495605 -0.7536621 1.07959 -0.9853516 1.07959 -0.7536621 1.495605 -0.9855957 0.8964844 0.6599121 0.713623 0.706543 0.7453613 0.7634277 0.7282715 0.5834961 0.713623 0.706543 0.8964844 0.6599121</float_array>
          <technique_common>
            <accessor source="#polygon1-mesh-map-0-array" count="696" stride="2">
              <param name="S" type="float"/>
              <param name="T" type="float"/>
            </accessor>
          </technique_common>
        </source>
        <source id="polygon1-mesh-colors-polygon1_Colors0" name="polygon1_Colors0">
          <float_array id="polygon1-mesh-colors-polygon1_Colors0-array" count="2784">0.7098039 0.6980392 0.7098039 1 0.7098039 0.6980392 0.7098039 1 0.7098039 0.6980392 0.7098039 1 0.7098039 0.6980392 0.7098039 1 0.7098039 0.6980392 0.7098039 1 0.7098039 0.6980392 0.7098039 1 0.7098039 0.6980392 0.7098039 1 0.7098039 0.6980392 0.7098039 1 0.7098039 0.6980392 0.7098039 1 0.7098039 0.6980392 0.7098039 1 0.7098039 0.6980392 0.7098039 1 0.7098039 0.6980392 0.7098039 1 0.7098039 0.6980392 0.7098039 1 0.7098039 0.6980392 0.7098039 1 0.7098039 0.6980392 0.7098039 1 0.7098039 0.6980392 0.7098039 1 0.7098039 0.6980392 0.7098039 1 0.7098039 0.6980392 0.7098039 1 0.7098039 0.6980392 0.7098039 1 0.7098039 0.6980392 0.7098039 1 0.7098039 0.6980392 0.7098039 1 0.7098039 0.6980392 0.7098039 1 0.7098039 0.6980392 0.7098039 1 0.7098039 0.6980392 0.7098039 1 0.7098039 0.6980392 0.7098039 1 0.7098039 0.6980392 0.7098039 1 0.7098039 0.6980392 0.7098039 1 0.7098039 0.6980392 0.7098039 1 0.7098039 0.6980392 0.7098039 1 0.7098039 0.6980392 0.7098039 1 0.7098039 0.6980392 0.7098039 1 0.7098039 0.6980392 0.7098039 1 0.7098039 0.6980392 0.7098039 1 0.7098039 0.6980392 0.7098039 1 0.7098039 0.6980392 0.7098039 1 0.7098039 0.6980392 0.7098039 1 0.7098039 0.6980392 0.7098039 1 0.7098039 0.6980392 0.7098039 1 0.7098039 0.6980392 0.7098039 1 0.7098039 0.6980392 0.7098039 1 0.7098039 0.6980392 0.7098039 1 0.7098039 0.6980392 0.7098039 1 0.7098039 0.6980392 0.7098039 1 0.7098039 0.6980392 0.7098039 1 0.7098039 0.6980392 0.7098039 1 0.7098039 0.6980392 0.7098039 1 0.7098039 0.6980392 0.7098039 1 0.7098039 0.6980392 0.7098039 1 0.7098039 0.6980392 0.7098039 1 0.7098039 0.6980392 0.7098039 1 0.7098039 0.6980392 0.7098039 1 0.7098039 0.6980392 0.7098039 1 0.7098039 0.6980392 0.7098039 1 0.7098039 0.6980392 0.7098039 1 0.7098039 0.6980392 0.7098039 1 0.7098039 0.6980392 0.7098039 1 0.7098039 0.6980392 0.7098039 1 0.7098039 0.6980392 0.7098039 1 0.7098039 0.6980392 0.7098039 1 0.7098039 0.6980392 0.7098039 1 0.7098039 0.6980392 0.7098039 1 0.7098039 0.6980392 0.7098039 1 0.7098039 0.6980392 0.7098039 1 0.7098039 0.6980392 0.7098039 1 0.7098039 0.6980392 0.7098039 1 0.7098039 0.6980392 0.7098039 1 0.7098039 0.6980392 0.7098039 1 0.7098039 0.6980392 0.7098039 1 0.7098039 0.6980392 0.7098039 1 0.7098039 0.6980392 0.7098039 1 0.7098039 0.6980392 0.7098039 1 0.7098039 0.6980392 0.7098039 1 0.7098039 0.6980392 0.7098039 1 0.7098039 0.6980392 0.7098039 1 0.7098039 0.6980392 0.7098039 1 0.7098039 0.6980392 0.7098039 1 0.7098039 0.6980392 0.7098039 1 0.7098039 0.6980392 0.7098039 1 0.7098039 0.6980392 0.7098039 1 0.7098039 0.6980392 0.7098039 1 0.7098039 0.6980392 0.7098039 1 0.7098039 0.6980392 0.7098039 1 0.7098039 0.6980392 0.7098039 1 0.7098039 0.6980392 0.7098039 1 0.7098039 0.6980392 0.7098039 1 0.7098039 0.6980392 0.7098039 1 0.7098039 0.6980392 0.7098039 1 0.7098039 0.6980392 0.7098039 1 0.7098039 0.6980392 0.7098039 1 0.7098039 0.6980392 0.7098039 1 0.7098039 0.6980392 0.7098039 1 0.7098039 0.6980392 0.7098039 1 0.7098039 0.6980392 0.7098039 1 0.7098039 0.6980392 0.7098039 1 0.7098039 0.6980392 0.7098039 1 0.7098039 0.6980392 0.7098039 1 0.7098039 0.6980392 0.7098039 1 0.7098039 0.6980392 0.7098039 1 0.7098039 0.6980392 0.7098039 1 0.7098039 0.6980392 0.7098039 1 0.7098039 0.6980392 0.7098039 1 0.7098039 0.6980392 0.7098039 1 0.7098039 0.6980392 0.7098039 1 0.7098039 0.6980392 0.7098039 1 0.7098039 0.6980392 0.7098039 1 0.7098039 0.6980392 0.7098039 1 0.7098039 0.6980392 0.7098039 1 0.7098039 0.6980392 0.7098039 1 0.7098039 0.6980392 0.7098039 1 0.7098039 0.6980392 0.7098039 1 0.7098039 0.6980392 0.7098039 1 0.7098039 0.6980392 0.7098039 1 0.7098039 0.6980392 0.7098039 1 0.7098039 0.6980392 0.7098039 1 0.7098039 0.6980392 0.7098039 1 0.7098039 0.6980392 0.7098039 1 0.7098039 0.6980392 0.7098039 1 0.7098039 0.6980392 0.7098039 1 0.7098039 0.6980392 0.7098039 1 0.7098039 0.6980392 0.7098039 1 0.7098039 0.6980392 0.7098039 1 0.7098039 0.6980392 0.7098039 1 0.7098039 0.6980392 0.7098039 1 0.7098039 0.6980392 0.7098039 1 0.7098039 0.6980392 0.7098039 1 0.7098039 0.6980392 0.7098039 1 0.7098039 0.6980392 0.7098039 1 0.7098039 0.6980392 0.7098039 1 0.7098039 0.6980392 0.7098039 1 0.7098039 0.6980392 0.7098039 1 0.7098039 0.6980392 0.7098039 1 0.7098039 0.6980392 0.7098039 1 0.7098039 0.6980392 0.7098039 1 0.7098039 0.6980392 0.7098039 1 0.7098039 0.6980392 0.7098039 1 0.7098039 0.6980392 0.7098039 1 0.7098039 0.6980392 0.7098039 1 0.7098039 0.6980392 0.7098039 1 0.7098039 0.6980392 0.7098039 1 0.7098039 0.6980392 0.7098039 1 0.7098039 0.6980392 0.7098039 1 0.7098039 0.6980392 0.7098039 1 0.7098039 0.6980392 0.7098039 1 0.7098039 0.6980392 0.7098039 1 0.3882353 0.3960784 0.3882353 1 0.3882353 0.3960784 0.3882353 1 0.3882353 0.3960784 0.3882353 1 0.3882353 0.3960784 0.3882353 1 0.3882353 0.3960784 0.3882353 1 0.3882353 0.3960784 0.3882353 1 0.3882353 0.3960784 0.3882353 1 0.3882353 0.3960784 0.3882353 1 0.3882353 0.3960784 0.3882353 1 0.3882353 0.3960784 0.3882353 1 0.3882353 0.3960784 0.3882353 1 0.3882353 0.3960784 0.3882353 1 0.3882353 0.3960784 0.3882353 1 0.3882353 0.3960784 0.3882353 1 0.3882353 0.3960784 0.3882353 1 0.3882353 0.3960784 0.3882353 1 0.3882353 0.3960784 0.3882353 1 0.3882353 0.3960784 0.3882353 1 0.3882353 0.3960784 0.3882353 1 0.3882353 0.3960784 0.3882353 1 0.3882353 0.3960784 0.3882353 1 0.3882353 0.3960784 0.3882353 1 0.3882353 0.3960784 0.3882353 1 0.3882353 0.3960784 0.3882353 1 0.3882353 0.3960784 0.3882353 1 0.3882353 0.3960784 0.3882353 1 0.3882353 0.3960784 0.3882353 1 0.3882353 0.3960784 0.3882353 1 0.3882353 0.3960784 0.3882353 1 0.3882353 0.3960784 0.3882353 1 0.3882353 0.3960784 0.3882353 1 0.3882353 0.3960784 0.3882353 1 0.3882353 0.3960784 0.3882353 1 0.3882353 0.3960784 0.3882353 1 0.3882353 0.3960784 0.3882353 1 0.3882353 0.3960784 0.3882353 1 0.7098039 0.6980392 0.7098039 1 0.7098039 0.6980392 0.7098039 1 0.7098039 0.6980392 0.7098039 1 0.7098039 0.6980392 0.7098039 1 0.7098039 0.6980392 0.7098039 1 0.7098039 0.6980392 0.7098039 1 0.7098039 0.6980392 0.7098039 1 0.7098039 0.6980392 0.7098039 1 0.7098039 0.6980392 0.7098039 1 0.7098039 0.6980392 0.7098039 1 0.7098039 0.6980392 0.7098039 1 0.7098039 0.6980392 0.7098039 1 0.7098039 0.6980392 0.7098039 1 0.7098039 0.6980392 0.7098039 1 0.7098039 0.6980392 0.7098039 1 0.7098039 0.6980392 0.7098039 1 0.7098039 0.6980392 0.7098039 1 0.7098039 0.6980392 0.7098039 1 0.7098039 0.6980392 0.7098039 1 0.7098039 0.6980392 0.7098039 1 0.7098039 0.6980392 0.7098039 1 0.7098039 0.6980392 0.7098039 1 0.7098039 0.6980392 0.7098039 1 0.7098039 0.6980392 0.7098039 1 0.7098039 0.6980392 0.7098039 1 0.7098039 0.6980392 0.7098039 1 0.7098039 0.6980392 0.7098039 1 0.7098039 0.6980392 0.7098039 1 0.7098039 0.6980392 0.7098039 1 0.7098039 0.6980392 0.7098039 1 0.7098039 0.6980392 0.7098039 1 0.7098039 0.6980392 0.7098039 1 0.7098039 0.6980392 0.7098039 1 0.7098039 0.6980392 0.7098039 1 0.7098039 0.6980392 0.7098039 1 0.7098039 0.6980392 0.7098039 1 0.7098039 0.6980392 0.7098039 1 0.7098039 0.6980392 0.7098039 1 0.7098039 0.6980392 0.7098039 1 0.7098039 0.6980392 0.7098039 1 0.7098039 0.6980392 0.7098039 1 0.7098039 0.6980392 0.7098039 1 0.7098039 0.6980392 0.7098039 1 0.7098039 0.6980392 0.7098039 1 0.7098039 0.6980392 0.7098039 1 0.7098039 0.6980392 0.7098039 1 0.7098039 0.6980392 0.7098039 1 0.7098039 0.6980392 0.7098039 1 0.7098039 0.6980392 0.7098039 1 0.7098039 0.6980392 0.7098039 1 0.7098039 0.6980392 0.7098039 1 0.7098039 0.6980392 0.7098039 1 0.7098039 0.6980392 0.7098039 1 0.7098039 0.6980392 0.7098039 1 0.7098039 0.6980392 0.7098039 1 0.7098039 0.6980392 0.7098039 1 0.7098039 0.6980392 0.7098039 1 0.7098039 0.6980392 0.7098039 1 0.7098039 0.6980392 0.7098039 1 0.7098039 0.6980392 0.7098039 1 0.7098039 0.6980392 0.7098039 1 0.7098039 0.6980392 0.7098039 1 0.7098039 0.6980392 0.7098039 1 0.7098039 0.6980392 0.7098039 1 0.7098039 0.6980392 0.7098039 1 0.7098039 0.6980392 0.7098039 1 0.7098039 0.6980392 0.7098039 1 0.7098039 0.6980392 0.7098039 1 0.7098039 0.6980392 0.7098039 1 0.7098039 0.6980392 0.7098039 1 0.7098039 0.6980392 0.7098039 1 0.7098039 0.6980392 0.7098039 1 0.7098039 0.6980392 0.7098039 1 0.7098039 0.6980392 0.7098039 1 0.7098039 0.6980392 0.7098039 1 0.7098039 0.6980392 0.7098039 1 0.7098039 0.6980392 0.7098039 1 0.7098039 0.6980392 0.7098039 1 0.7098039 0.6980392 0.7098039 1 0.7098039 0.6980392 0.7098039 1 0.7098039 0.6980392 0.7098039 1 0.7098039 0.6980392 0.7098039 1 0.7098039 0.6980392 0.7098039 1 0.7098039 0.6980392 0.7098039 1 0.7098039 0.6980392 0.7098039 1 0.7098039 0.6980392 0.7098039 1 0.7098039 0.6980392 0.7098039 1 0.3882353 0.3960784 0.3882353 1 0.3882353 0.3960784 0.3882353 1 0.3882353 0.3960784 0.3882353 1 0.3882353 0.3960784 0.3882353 1 0.3882353 0.3960784 0.3882353 1 0.3882353 0.3960784 0.3882353 1 0.3882353 0.3960784 0.3882353 1 0.3882353 0.3960784 0.3882353 1 0.3882353 0.3960784 0.3882353 1 0.3882353 0.3960784 0.3882353 1 0.3882353 0.3960784 0.3882353 1 0.3882353 0.3960784 0.3882353 1 0.3882353 0.3960784 0.3882353 1 0.3882353 0.3960784 0.3882353 1 0.3882353 0.3960784 0.3882353 1 0.3882353 0.3960784 0.3882353 1 0.3882353 0.3960784 0.3882353 1 0.3882353 0.3960784 0.3882353 1 0.3882353 0.3960784 0.3882353 1 0.3882353 0.3960784 0.3882353 1 0.3882353 0.3960784 0.3882353 1 0.3882353 0.3960784 0.3882353 1 0.3882353 0.3960784 0.3882353 1 0.3882353 0.3960784 0.3882353 1 0.3882353 0.3960784 0.3882353 1 0.3882353 0.3960784 0.3882353 1 0.3882353 0.3960784 0.3882353 1 0.3882353 0.3960784 0.3882353 1 0.3882353 0.3960784 0.3882353 1 0.3882353 0.3960784 0.3882353 1 0.3882353 0.3960784 0.3882353 1 0.3882353 0.3960784 0.3882353 1 0.3882353 0.3960784 0.3882353 1 0.3882353 0.3960784 0.3882353 1 0.3882353 0.3960784 0.3882353 1 0.3882353 0.3960784 0.3882353 1 0.3882353 0.3960784 0.3882353 1 0.3882353 0.3960784 0.3882353 1 0.3882353 0.3960784 0.3882353 1 0.3882353 0.3960784 0.3882353 1 0.3882353 0.3960784 0.3882353 1 0.3882353 0.3960784 0.3882353 1 0.3882353 0.3960784 0.3882353 1 0.3882353 0.3960784 0.3882353 1 0.3882353 0.3960784 0.3882353 1 0.3882353 0.3960784 0.3882353 1 0.3882353 0.3960784 0.3882353 1 0.3882353 0.3960784 0.3882353 1 0.7098039 0.6980392 0.7098039 1 0.7098039 0.6980392 0.7098039 1 0.7098039 0.6980392 0.7098039 1 0.7098039 0.6980392 0.7098039 1 0.7098039 0.6980392 0.7098039 1 0.7098039 0.6980392 0.7098039 1 0.7098039 0.6980392 0.7098039 1 0.7098039 0.6980392 0.7098039 1 0.7098039 0.6980392 0.7098039 1 0.7098039 0.6980392 0.7098039 1 0.7098039 0.6980392 0.7098039 1 0.7098039 0.6980392 0.7098039 1 0.7098039 0.6980392 0.7098039 1 0.7098039 0.6980392 0.7098039 1 0.7098039 0.6980392 0.7098039 1 0.7098039 0.6980392 0.7098039 1 0.7098039 0.6980392 0.7098039 1 0.7098039 0.6980392 0.7098039 1 0.7098039 0.6980392 0.7098039 1 0.7098039 0.6980392 0.7098039 1 0.7098039 0.6980392 0.7098039 1 0.7098039 0.6980392 0.7098039 1 0.7098039 0.6980392 0.7098039 1 0.7098039 0.6980392 0.7098039 1 0.7098039 0.6980392 0.7098039 1 0.7098039 0.6980392 0.7098039 1 0.7098039 0.6980392 0.7098039 1 0.7098039 0.6980392 0.7098039 1 0.7098039 0.6980392 0.7098039 1 0.7098039 0.6980392 0.7098039 1 0.7098039 0.6980392 0.7098039 1 0.7098039 0.6980392 0.7098039 1 0.7098039 0.6980392 0.7098039 1 0.7098039 0.6980392 0.7098039 1 0.7098039 0.6980392 0.7098039 1 0.7098039 0.6980392 0.7098039 1 0.7098039 0.6980392 0.7098039 1 0.7098039 0.6980392 0.7098039 1 0.7098039 0.6980392 0.7098039 1 0.7098039 0.6980392 0.7098039 1 0.7098039 0.6980392 0.7098039 1 0.7098039 0.6980392 0.7098039 1 0.7098039 0.6980392 0.7098039 1 0.7098039 0.6980392 0.7098039 1 0.7098039 0.6980392 0.7098039 1 0.7098039 0.6980392 0.7098039 1 0.7098039 0.6980392 0.7098039 1 0.7098039 0.6980392 0.7098039 1 0.7098039 0.6980392 0.7098039 1 0.7098039 0.6980392 0.7098039 1 0.7098039 0.6980392 0.7098039 1 0.7098039 0.6980392 0.7098039 1 0.7098039 0.6980392 0.7098039 1 0.7098039 0.6980392 0.7098039 1 0.7098039 0.6980392 0.7098039 1 0.7098039 0.6980392 0.7098039 1 0.7098039 0.6980392 0.7098039 1 0.7098039 0.6980392 0.7098039 1 0.7098039 0.6980392 0.7098039 1 0.7098039 0.6980392 0.7098039 1 0.7098039 0.6980392 0.7098039 1 0.7098039 0.6980392 0.7098039 1 0.7098039 0.6980392 0.7098039 1 0.7098039 0.6980392 0.7098039 1 0.7098039 0.6980392 0.7098039 1 0.7098039 0.6980392 0.7098039 1 0.7098039 0.6980392 0.7098039 1 0.7098039 0.6980392 0.7098039 1 0.7098039 0.6980392 0.7098039 1 0.7098039 0.6980392 0.7098039 1 0.7098039 0.6980392 0.7098039 1 0.7098039 0.6980392 0.7098039 1 0.7098039 0.6980392 0.7098039 1 0.7098039 0.6980392 0.7098039 1 0.7098039 0.6980392 0.7098039 1 0.7098039 0.6980392 0.7098039 1 0.7098039 0.6980392 0.7098039 1 0.7098039 0.6980392 0.7098039 1 0.7098039 0.6980392 0.7098039 1 0.7098039 0.6980392 0.7098039 1 0.7098039 0.6980392 0.7098039 1 0.7098039 0.6980392 0.7098039 1 0.7098039 0.6980392 0.7098039 1 0.7098039 0.6980392 0.7098039 1 0.7098039 0.6980392 0.7098039 1 0.7098039 0.6980392 0.7098039 1 0.7098039 0.6980392 0.7098039 1 0.7098039 0.6980392 0.7098039 1 0.7098039 0.6980392 0.7098039 1 0.7098039 0.6980392 0.7098039 1 0.7098039 0.6980392 0.7098039 1 0.7098039 0.6980392 0.7098039 1 0.7098039 0.6980392 0.7098039 1 0.7098039 0.6980392 0.7098039 1 0.7098039 0.6980392 0.7098039 1 0.7098039 0.6980392 0.7098039 1 0.7098039 0.6980392 0.7098039 1 0.7098039 0.6980392 0.7098039 1 0.7098039 0.6980392 0.7098039 1 0.7098039 0.6980392 0.7098039 1 0.7098039 0.6980392 0.7098039 1 0.7098039 0.6980392 0.7098039 1 0.7098039 0.6980392 0.7098039 1 0.7098039 0.6980392 0.7098039 1 0.7098039 0.6980392 0.7098039 1 0.7098039 0.6980392 0.7098039 1 0.7098039 0.6980392 0.7098039 1 0.7098039 0.6980392 0.7098039 1 0.7098039 0.6980392 0.7098039 1 0.7098039 0.6980392 0.7098039 1 0.7098039 0.6980392 0.7098039 1 0.7098039 0.6980392 0.7098039 1 0.7098039 0.6980392 0.7098039 1 0.7098039 0.6980392 0.7098039 1 0.7098039 0.6980392 0.7098039 1 0.7098039 0.6980392 0.7098039 1 0.7098039 0.6980392 0.7098039 1 0.7098039 0.6980392 0.7098039 1 0.7098039 0.6980392 0.7098039 1 0.7098039 0.6980392 0.7098039 1 0.7098039 0.6980392 0.7098039 1 0.7098039 0.6980392 0.7098039 1 0.7098039 0.6980392 0.7098039 1 0.7098039 0.6980392 0.7098039 1 0.7098039 0.6980392 0.7098039 1 0.7098039 0.6980392 0.7098039 1 0.7098039 0.6980392 0.7098039 1 0.7098039 0.6980392 0.7098039 1 0.7098039 0.6980392 0.7098039 1 0.7098039 0.6980392 0.7098039 1 0.7098039 0.6980392 0.7098039 1 0.7098039 0.6980392 0.7098039 1 0.7098039 0.6980392 0.7098039 1 0.7098039 0.6980392 0.7098039 1 0.7098039 0.6980392 0.7098039 1 0.7098039 0.6980392 0.7098039 1 0.7098039 0.6980392 0.7098039 1 0.7098039 0.6980392 0.7098039 1 0.7098039 0.6980392 0.7098039 1 0.7098039 0.6980392 0.7098039 1 0.7098039 0.6980392 0.7098039 1 0.7098039 0.6980392 0.7098039 1 0.7098039 0.6980392 0.7098039 1 0.7098039 0.6980392 0.7098039 1 0.7098039 0.6980392 0.7098039 1 0.7098039 0.6980392 0.7098039 1 0.7098039 0.6980392 0.7098039 1 0.7098039 0.6980392 0.7098039 1 0.7098039 0.6980392 0.7098039 1 0.7098039 0.6980392 0.7098039 1 0.7098039 0.6980392 0.7098039 1 0.7098039 0.6980392 0.7098039 1 0.7098039 0.6980392 0.7098039 1 0.7098039 0.6980392 0.7098039 1 0.7098039 0.6980392 0.7098039 1 0.7098039 0.6980392 0.7098039 1 0.7098039 0.6980392 0.7098039 1 0.7098039 0.6980392 0.7098039 1 0.7098039 0.6980392 0.7098039 1 0.7098039 0.6980392 0.7098039 1 0.7098039 0.6980392 0.7098039 1 0.7098039 0.6980392 0.7098039 1 0.7098039 0.6980392 0.7098039 1 0.7098039 0.6980392 0.7098039 1 0.7098039 0.6980392 0.7098039 1 0.7098039 0.6980392 0.7098039 1 0.7098039 0.6980392 0.7098039 1 0.7098039 0.6980392 0.7098039 1 0.7098039 0.6980392 0.7098039 1 0.7098039 0.6980392 0.7098039 1 0.7098039 0.6980392 0.7098039 1 0.7098039 0.6980392 0.7098039 1 0.7098039 0.6980392 0.7098039 1 0.7098039 0.6980392 0.7098039 1 0.7098039 0.6980392 0.7098039 1 0.7098039 0.6980392 0.7098039 1 0.7098039 0.6980392 0.7098039 1 0.7098039 0.6980392 0.7098039 1 0.7098039 0.6980392 0.7098039 1 0.7098039 0.6980392 0.7098039 1 0.7098039 0.6980392 0.7098039 1 0.7098039 0.6980392 0.7098039 1 0.7098039 0.6980392 0.7098039 1 0.7098039 0.6980392 0.7098039 1 0.7098039 0.6980392 0.7098039 1 0.7098039 0.6980392 0.7098039 1 0.7098039 0.6980392 0.7098039 1 0.7098039 0.6980392 0.7098039 1 0.7098039 0.6980392 0.7098039 1 0.7098039 0.6980392 0.7098039 1 0.7098039 0.6980392 0.7098039 1 0.7098039 0.6980392 0.7098039 1 0.7098039 0.6980392 0.7098039 1 0.7098039 0.6980392 0.7098039 1 0.7098039 0.6980392 0.7098039 1 0.7098039 0.6980392 0.7098039 1 0.7098039 0.6980392 0.7098039 1 0.7098039 0.6980392 0.7098039 1 0.7098039 0.6980392 0.7098039 1 0.7098039 0.6980392 0.7098039 1 0.7098039 0.6980392 0.7098039 1 0.7098039 0.6980392 0.7098039 1 0.7098039 0.6980392 0.7098039 1 0.7098039 0.6980392 0.7098039 1 0.7098039 0.6980392 0.7098039 1 0.7098039 0.6980392 0.7098039 1 0.7098039 0.6980392 0.7098039 1 0.3882353 0.3960784 0.3882353 1 0.3882353 0.3960784 0.3882353 1 0.3882353 0.3960784 0.3882353 1 0.3882353 0.3960784 0.3882353 1 0.3882353 0.3960784 0.3882353 1 0.3882353 0.3960784 0.3882353 1 0.3882353 0.3960784 0.3882353 1 0.3882353 0.3960784 0.3882353 1 0.3882353 0.3960784 0.3882353 1 0.3882353 0.3960784 0.3882353 1 0.3882353 0.3960784 0.3882353 1 0.3882353 0.3960784 0.3882353 1 0.7098039 0.6980392 0.7098039 1 0.7098039 0.6980392 0.7098039 1 0.7098039 0.6980392 0.7098039 1 0.7098039 0.6980392 0.7098039 1 0.7098039 0.6980392 0.7098039 1 0.7098039 0.6980392 0.7098039 1 0.7098039 0.6980392 0.7098039 1 0.7098039 0.6980392 0.7098039 1 0.7098039 0.6980392 0.7098039 1 0.7098039 0.6980392 0.7098039 1 0.7098039 0.6980392 0.7098039 1 0.7098039 0.6980392 0.7098039 1 0.7098039 0.6980392 0.7098039 1 0.7098039 0.6980392 0.7098039 1 0.7098039 0.6980392 0.7098039 1 0.7098039 0.6980392 0.7098039 1 0.7098039 0.6980392 0.7098039 1 0.7098039 0.6980392 0.7098039 1 0.3882353 0.3960784 0.3882353 1 0.3882353 0.3960784 0.3882353 1 0.3882353 0.3960784 0.3882353 1 0.3882353 0.3960784 0.3882353 1 0.3882353 0.3960784 0.3882353 1 0.3882353 0.3960784 0.3882353 1 0.7098039 0.6980392 0.7098039 1 0.7098039 0.6980392 0.7098039 1 0.7098039 0.6980392 0.7098039 1 0.7098039 0.6980392 0.7098039 1 0.7098039 0.6980392 0.7098039 1 0.7098039 0.6980392 0.7098039 1 0.7098039 0.6980392 0.7098039 1 0.7098039 0.6980392 0.7098039 1 0.7098039 0.6980392 0.7098039 1 0.7098039 0.6980392 0.7098039 1 0.7098039 0.6980392 0.7098039 1 0.7098039 0.6980392 0.7098039 1 0.7098039 0.6980392 0.7098039 1 0.7098039 0.6980392 0.7098039 1 0.7098039 0.6980392 0.7098039 1 0.7098039 0.6980392 0.7098039 1 0.7098039 0.6980392 0.7098039 1 0.7098039 0.6980392 0.7098039 1 0.3882353 0.3960784 0.3882353 1 0.3882353 0.3960784 0.3882353 1 0.3882353 0.3960784 0.3882353 1 0.3882353 0.3960784 0.3882353 1 0.3882353 0.3960784 0.3882353 1 0.3882353 0.3960784 0.3882353 1 0.3882353 0.3960784 0.3882353 1 0.3882353 0.3960784 0.3882353 1 0.3882353 0.3960784 0.3882353 1 0.3882353 0.3960784 0.3882353 1 0.3882353 0.3960784 0.3882353 1 0.3882353 0.3960784 0.3882353 1 0.3882353 0.3960784 0.3882353 1 0.3882353 0.3960784 0.3882353 1 0.3882353 0.3960784 0.3882353 1 0.3882353 0.3960784 0.3882353 1 0.3882353 0.3960784 0.3882353 1 0.3882353 0.3960784 0.3882353 1 0.7098039 0.6980392 0.7098039 1 0.7098039 0.6980392 0.7098039 1 0.7098039 0.6980392 0.7098039 1 0.7098039 0.6980392 0.7098039 1 0.7098039 0.6980392 0.7098039 1 0.7098039 0.6980392 0.7098039 1 0.7098039 0.6980392 0.7098039 1 0.7098039 0.6980392 0.7098039 1 0.7098039 0.6980392 0.7098039 1 0.7098039 0.6980392 0.7098039 1 0.7098039 0.6980392 0.7098039 1 0.7098039 0.6980392 0.7098039 1 0.7098039 0.6980392 0.7098039 1 0.7098039 0.6980392 0.7098039 1 0.7098039 0.6980392 0.7098039 1 0.7098039 0.6980392 0.7098039 1 0.7098039 0.6980392 0.7098039 1 0.7098039 0.6980392 0.7098039 1 0.7098039 0.6980392 0.7098039 1 0.7098039 0.6980392 0.7098039 1 0.7098039 0.6980392 0.7098039 1 0.7098039 0.6980392 0.7098039 1 0.7098039 0.6980392 0.7098039 1 0.7098039 0.6980392 0.7098039 1 0.7098039 0.6980392 0.7098039 1 0.7098039 0.6980392 0.7098039 1 0.7098039 0.6980392 0.7098039 1 0.7098039 0.6980392 0.7098039 1 0.7098039 0.6980392 0.7098039 1 0.7098039 0.6980392 0.7098039 1 0.7098039 0.6980392 0.7098039 1 0.7098039 0.6980392 0.7098039 1 0.7098039 0.6980392 0.7098039 1 0.7098039 0.6980392 0.7098039 1 0.7098039 0.6980392 0.7098039 1 0.7098039 0.6980392 0.7098039 1 0.7098039 0.6980392 0.7098039 1 0.7098039 0.6980392 0.7098039 1 0.7098039 0.6980392 0.7098039 1 0.7098039 0.6980392 0.7098039 1 0.7098039 0.6980392 0.7098039 1 0.7098039 0.6980392 0.7098039 1 0.7098039 0.6980392 0.7098039 1 0.7098039 0.6980392 0.7098039 1 0.7098039 0.6980392 0.7098039 1 0.7098039 0.6980392 0.7098039 1 0.7098039 0.6980392 0.7098039 1 0.7098039 0.6980392 0.7098039 1 0.7098039 0.6980392 0.7098039 1 0.7098039 0.6980392 0.7098039 1 0.7098039 0.6980392 0.7098039 1 0.7098039 0.6980392 0.7098039 1 0.7098039 0.6980392 0.7098039 1 0.7098039 0.6980392 0.7098039 1 0.7098039 0.6980392 0.7098039 1 0.7098039 0.6980392 0.7098039 1 0.7098039 0.6980392 0.7098039 1 0.7098039 0.6980392 0.7098039 1 0.7098039 0.6980392 0.7098039 1 0.7098039 0.6980392 0.7098039 1 0.7098039 0.6980392 0.7098039 1 0.7098039 0.6980392 0.7098039 1 0.7098039 0.6980392 0.7098039 1 0.7098039 0.6980392 0.7098039 1 0.7098039 0.6980392 0.7098039 1 0.7098039 0.6980392 0.7098039 1 0.7098039 0.6980392 0.7098039 1 0.7098039 0.6980392 0.7098039 1 0.7098039 0.6980392 0.7098039 1 0.7098039 0.6980392 0.7098039 1 0.7098039 0.6980392 0.7098039 1 0.7098039 0.6980392 0.7098039 1 0.7098039 0.6980392 0.7098039 1 0.7098039 0.6980392 0.7098039 1 0.7098039 0.6980392 0.7098039 1 0.7098039 0.6980392 0.7098039 1 0.7098039 0.6980392 0.7098039 1 0.7098039 0.6980392 0.7098039 1 0.7098039 0.6980392 0.7098039 1 0.7098039 0.6980392 0.7098039 1 0.7098039 0.6980392 0.7098039 1 0.7098039 0.6980392 0.7098039 1 0.7098039 0.6980392 0.7098039 1 0.7098039 0.6980392 0.7098039 1 0.7098039 0.6980392 0.7098039 1 0.7098039 0.6980392 0.7098039 1 0.7098039 0.6980392 0.7098039 1 0.7098039 0.6980392 0.7098039 1 0.7098039 0.6980392 0.7098039 1 0.7098039 0.6980392 0.7098039 1 0.7098039 0.6980392 0.7098039 1 0.7098039 0.6980392 0.7098039 1 0.7098039 0.6980392 0.7098039 1 0.7098039 0.6980392 0.7098039 1 0.7098039 0.6980392 0.7098039 1 0.7098039 0.6980392 0.7098039 1 0.7098039 0.6980392 0.7098039 1 0.7098039 0.6980392 0.7098039 1 0.7098039 0.6980392 0.7098039 1 0.7098039 0.6980392 0.7098039 1 0.7098039 0.6980392 0.7098039 1 0.7098039 0.6980392 0.7098039 1</float_array>
          <technique_common>
            <accessor source="#polygon1-mesh-colors-polygon1_Colors0-array" count="696" stride="4">
              <param name="R" type="float"/>
              <param name="G" type="float"/>
              <param name="B" type="float"/>
              <param name="A" type="float"/>
            </accessor>
          </technique_common>
        </source>
        <vertices id="polygon1-mesh-vertices">
          <input semantic="POSITION" source="#polygon1-mesh-positions"/>
        </vertices>
        <triangles material="mat_tire-material" count="232">
          <input semantic="VERTEX" source="#polygon1-mesh-vertices" offset="0"/>
          <input semantic="NORMAL" source="#polygon1-mesh-normals" offset="1"/>
          <input semantic="TEXCOORD" source="#polygon1-mesh-map-0" offset="2" set="0"/>
          <input semantic="COLOR" source="#polygon1-mesh-colors-polygon1_Colors0" offset="3" set="0"/>
          <p>2 0 0 0 1 1 1 1 0 2 2 2 3 3 3 3 1 1 4 4 2 0 5 5 4 4 6 6 3 3 7 7 2 0 8 8 5 5 9 9 3 3 10 10 4 4 11 11 6 6 12 12 5 5 13 13 4 4 14 14 7 7 15 15 5 5 16 16 6 6 17 17 8 8 18 18 7 7 19 19 6 6 20 20 9 9 21 21 7 7 22 22 8 8 23 23 10 10 24 24 9 9 25 25 8 8 26 26 11 11 27 27 9 9 28 28 10 10 29 29 12 12 30 30 11 11 31 31 10 10 32 32 13 13 33 33 11 11 34 34 12 12 35 35 14 14 36 36 13 13 37 37 12 12 38 38 15 15 39 39 13 13 40 40 14 14 41 41 16 16 42 42 15 15 43 43 14 14 44 44 17 17 45 45 15 15 46 46 16 16 47 47 18 18 48 48 17 17 49 49 16 16 50 50 19 19 51 51 17 17 52 52 18 18 53 53 20 20 54 54 19 19 55 55 18 18 56 56 21 21 57 57 19 19 58 58 20 20 59 59 22 22 60 60 21 21 61 61 20 20 62 62 23 23 63 63 21 21 64 64 22 22 65 65 0 2 66 66 23 23 67 67 22 22 68 68 1 1 69 69 23 23 70 70 0 2 71 71 26 24 72 72 25 25 73 73 24 26 74 74 27 27 75 75 25 25 76 76 26 24 77 77 28 28 78 78 27 27 79 79 26 24 80 80 29 29 81 81 27 27 82 82 28 28 83 83 30 30 84 84 29 29 85 85 28 28 86 86 31 31 87 87 29 29 88 88 30 30 89 89 32 32 90 90 31 31 91 91 30 30 92 92 33 33 93 93 31 31 94 94 32 32 95 95 34 34 96 96 33 33 97 97 32 32 98 98 35 35 99 99 33 33 100 100 34 34 101 101 36 36 102 102 35 35 103 103 34 34 104 104 37 37 105 105 35 35 106 106 36 36 107 107 38 38 108 108 37 37 109 109 36 36 110 110 39 39 111 111 37 37 112 112 38 38 113 113 40 40 114 114 39 39 115 115 38 38 116 116 41 41 117 117 39 39 118 118 40 40 119 119 42 42 120 120 41 41 121 121 40 40 122 122 43 43 123 123 41 41 124 124 42 42 125 125 44 44 126 126 43 43 127 127 42 42 128 128 45 45 129 129 43 43 130 130 44 44 131 131 46 46 132 132 45 45 133 133 44 44 134 134 47 47 135 135 45 45 136 136 46 46 137 137 24 26 138 138 47 47 139 139 46 46 140 140 25 25 141 141 47 47 142 142 24 26 143 143 50 48 144 144 49 49 145 145 48 50 146 146 51 51 147 147 49 49 148 148 50 48 149 149 52 52 150 150 51 51 151 151 50 48 152 152 53 53 153 153 51 51 154 154 52 52 155 155 54 54 156 156 53 53 157 157 52 52 158 158 55 55 159 159 53 53 160 160 54 54 161 161 58 56 162 162 57 57 163 163 56 58 164 164 59 59 165 165 57 57 166 166 58 56 167 167 60 60 168 168 59 59 169 169 58 56 170 170 61 61 171 171 59 59 172 172 60 60 173 173 62 62 174 174 61 61 175 175 60 60 176 176 63 63 177 177 61 61 178 178 62 62 179 179 28 28 180 180 65 64 181 181 64 65 182 182 66 66 183 183 65 64 184 184 28 28 185 185 26 24 186 186 66 66 187 187 28 28 188 188 67 67 189 189 66 66 190 190 26 24 191 191 24 26 192 192 67 67 193 193 26 24 194 194 46 46 195 195 67 67 196 196 24 26 197 197 70 68 198 198 69 69 199 199 68 70 200 200 71 71 201 201 69 69 202 202 70 68 203 203 72 72 204 204 71 71 205 205 70 68 206 206 73 73 207 207 71 71 208 208 72 72 209 209 74 74 210 210 73 73 211 211 72 72 212 212 75 75 213 213 73 73 214 214 74 74 215 215 78 76 216 216 77 77 217 217 76 78 218 218 79 79 219 219 77 77 220 220 78 76 221 221 80 80 222 222 79 79 223 223 78 76 224 224 75 75 225 225 79 79 226 226 80 80 227 227 81 81 228 228 75 75 229 229 80 80 230 230 73 73 231 231 75 75 232 232 81 81 233 233 4 4 234 234 83 82 235 235 82 83 236 236 84 84 237 237 83 82 238 238 4 4 239 239 2 0 240 240 84 84 241 241 4 4 242 242 85 85 243 243 84 84 244 244 2 0 245 245 0 2 246 246 85 85 247 247 2 0 248 248 22 22 249 249 85 85 250 250 0 2 251 251 88 86 252 252 87 87 253 253 86 88 254 254 89 89 255 255 87 87 256 256 88 86 257 257 90 90 258 258 89 89 259 259 88 86 260 260 91 91 261 261 89 89 262 262 90 90 263 263 92 92 264 264 91 91 265 265 90 90 266 266 41 41 267 267 33 33 268 268 35 35 269 269 31 31 270 270 33 33 271 271 41 41 272 272 43 43 273 273 31 31 274 274 41 41 275 275 45 45 276 276 31 31 277 277 43 43 278 278 95 93 279 279 94 94 280 280 93 95 281 281 63 63 282 282 94 94 283 283 95 93 284 284 96 96 285 285 63 63 286 286 95 93 287 287 61 61 288 288 63 63 289 289 96 96 290 290 17 17 291 291 9 9 292 292 11 11 293 293 7 7 294 294 9 9 295 295 17 17 296 296 19 19 297 297 7 7 298 298 17 17 299 299 21 21 300 300 7 7 301 301 19 19 302 302 99 97 303 303 98 98 304 304 97 99 305 305 55 55 306 306 98 98 307 307 99 97 308 308 100 100 309 309 55 55 310 310 99 97 311 311 53 53 312 312 55 55 313 313 100 100 314 314 44 44 315 315 102 101 316 316 101 102 317 317 103 103 318 318 102 101 319 319 44 44 320 320 42 42 321 321 103 103 322 322 44 44 323 323 40 40 324 324 103 103 325 325 42 42 326 326 32 32 327 327 104 104 328 328 34 34 329 329 64 65 330 330 104 104 331 331 32 32 332 332 30 30 333 333 64 65 334 334 32 32 335 335 28 28 336 336 64 65 337 337 30 30 338 338 105 105 339 339 36 36 340 340 34 34 341 341 38 38 342 342 36 36 343 343 105 105 344 344 106 106 345 345 38 38 346 346 105 105 347 347 107 107 348 348 38 38 349 349 106 106 350 350 110 108 351 351 109 109 352 352 108 110 353 353 111 111 354 354 109 109 355 355 110 108 356 356 112 112 357 357 111 111 358 358 110 108 359 359 113 113 360 360 111 111 361 361 112 112 362 362 116 114 363 363 115 115 364 364 114 116 365 365 113 113 366 366 115 115 367 367 116 114 368 368 117 117 369 369 113 113 370 370 116 114 371 371 111 111 372 372 113 113 373 373 117 117 374 374 8 8 375 375 118 118 376 376 10 10 377 377 82 83 378 378 118 118 379 379 8 8 380 380 6 6 381 381 82 83 382 382 8 8 383 383 4 4 384 384 82 83 385 385 6 6 386 386 20 20 387 387 120 119 388 388 119 120 389 389 121 121 390 390 120 119 391 391 20 20 392 392 18 18 393 393 121 121 394 394 20 20 395 395 16 16 396 396 121 121 397 397 18 18 398 398 122 122 399 399 12 12 400 400 10 10 401 401 14 14 402 402 12 12 403 403 122 122 404 404 123 123 405 405 14 14 406 406 122 122 407 407 124 124 408 408 14 14 409 409 123 123 410 410 108 110 411 411 126 125 412 412 125 126 413 413 127 127 414 414 126 125 415 415 108 110 416 416 109 109 417 417 127 127 418 418 108 110 419 419 130 128 420 420 129 129 421 421 128 130 422 422 131 131 423 423 129 129 424 424 130 128 425 425 76 78 426 426 131 131 427 427 130 128 428 428 132 132 429 429 128 130 430 430 129 129 431 431 133 133 432 432 128 130 433 433 132 132 434 434 134 134 435 435 133 133 436 436 132 132 437 437 135 135 438 438 51 51 439 439 53 53 440 440 90 90 441 441 51 51 442 442 135 135 443 443 90 90 444 444 49 49 445 445 51 51 446 446 88 86 447 447 49 49 448 448 90 90 449 449 57 57 450 450 134 134 451 451 68 70 452 452 59 59 453 453 134 134 454 454 57 57 455 455 59 59 456 456 133 133 457 457 134 134 458 458 61 61 459 459 133 133 460 460 59 59 461 461 61 61 462 462 128 130 463 463 133 133 464 464 96 96 465 465 128 130 466 466 61 61 467 467 96 96 468 468 130 128 469 469 128 130 470 470 95 93 471 471 130 128 472 472 96 96 473 473 95 93 474 474 136 136 475 475 130 128 476 476 93 95 477 477 136 136 478 478 95 93 479 479 93 95 480 480 78 76 481 481 136 136 482 482 94 94 483 483 78 76 484 484 93 95 485 485 69 69 486 486 58 56 487 487 56 58 488 488 71 71 489 489 58 56 490 490 69 69 491 491 56 58 492 492 68 70 493 493 69 69 494 494 57 57 495 495 68 70 496 496 56 58 497 497 73 73 498 498 62 62 499 499 60 60 500 500 81 81 501 501 62 62 502 502 73 73 503 503 81 81 504 504 63 63 505 505 62 62 506 506 80 80 507 507 63 63 508 508 81 81 509 509 80 80 510 510 94 94 511 511 63 63 512 512 78 76 513 513 94 94 514 514 80 80 515 515 88 86 516 516 48 50 517 517 49 49 518 518 86 88 519 519 48 50 520 520 88 86 521 521 27 27 522 522 47 47 523 523 25 25 524 524 29 29 525 525 47 47 526 526 27 27 527 527 15 15 528 528 11 11 529 529 13 13 530 530 17 17 531 531 11 11 532 532 15 15 533 533 46 46 534 534 101 102 535 535 67 67 536 536 44 44 537 537 101 102 538 538 46 46 539 539 71 71 540 540 60 60 541 541 58 56 542 542 73 73 543 543 60 60 544 544 71 71 545 545 137 137 546 546 34 34 547 547 104 104 548 548 105 105 549 549 34 34 550 550 137 137 551 551 3 3 552 552 23 23 553 553 1 1 554 554 5 5 555 555 23 23 556 556 3 3 557 557 40 40 558 558 107 107 559 559 103 103 560 560 38 38 561 561 107 107 562 562 40 40 563 563 87 87 564 564 138 138 565 565 86 88 566 566 139 139 567 567 138 138 568 568 87 87 569 569 139 139 570 570 126 125 571 571 138 138 572 572 125 126 573 573 126 125 574 574 139 139 575 575 39 39 576 576 35 35 577 577 37 37 578 578 41 41 579 579 35 35 580 580 39 39 581 581 45 45 582 582 29 29 583 583 31 31 584 584 47 47 585 585 29 29 586 586 45 45 587 587 21 21 588 588 5 5 589 589 7 7 590 590 23 23 591 591 5 5 592 592 21 21 593 593 135 135 594 594 92 92 595 595 90 90 596 596 140 140 597 597 92 92 598 598 135 135 599 599 140 140 600 600 114 116 601 601 92 92 602 602 116 114 603 603 114 116 604 604 140 140 605 605 86 88 606 606 50 48 607 607 48 50 608 608 138 138 609 609 50 48 610 610 86 88 611 611 138 138 612 612 52 52 613 613 50 48 614 614 126 125 615 615 52 52 616 616 138 138 617 617 126 125 618 618 54 54 619 619 52 52 620 620 127 127 621 621 54 54 622 622 126 125 623 623 141 141 624 624 134 134 625 625 132 132 626 626 142 142 627 627 134 134 628 628 141 141 629 629 142 142 630 630 68 70 631 631 134 134 632 632 70 68 633 633 68 70 634 634 142 142 635 635 127 127 636 636 55 55 637 637 54 54 638 638 109 109 639 639 55 55 640 640 127 127 641 641 136 136 642 642 76 78 643 643 130 128 644 644 78 76 645 645 76 78 646 646 136 136 647 647 109 109 648 648 98 98 649 649 55 55 650 650 111 111 651 651 98 98 652 652 109 109 653 653 111 111 654 654 97 99 655 655 98 98 656 656 117 117 657 657 97 99 658 658 111 111 659 659 117 117 660 660 99 97 661 661 97 99 662 662 116 114 663 663 99 97 664 664 117 117 665 665 22 22 666 666 119 120 667 667 85 85 668 668 20 20 669 669 119 120 670 670 22 22 671 671 116 114 672 672 100 100 673 673 99 97 674 674 140 140 675 675 100 100 676 676 116 114 677 677 143 143 678 678 10 10 679 679 118 118 680 680 122 122 681 681 10 10 682 682 143 143 683 683 140 140 684 684 53 53 685 685 100 100 686 686 135 135 687 687 53 53 688 688 140 140 689 689 16 16 690 690 124 124 691 691 121 121 692 692 14 14 693 693 124 124 694 694 16 16 695 695</p>
        </triangles>
      </mesh>
    </geometry>
    <geometry id="polygon0-mesh" name="polygon0">
      <mesh>
        <source id="polygon0-mesh-positions">
          <float_array id="polygon0-mesh-positions-array" count="1575">9.563652 19.93266 88.30489 15.53845 29.08308 88.60959 0.07042896 33.56377 69.92726 10.10715 47.93888 81.27557 3.248499 54.40932 81.27557 11.16346 48.13883 88.60959 3.282782 55.05823 88.60959 7.821041 46.90722 96.23701 3.555672 52.90622 94.20441 -7.420311 46.9115 96.23701 -4.441784 52.90622 94.20441 -10.73011 48.10634 88.60959 -4.02213 55.05823 88.60959 -9.852869 47.9764 81.27557 -3.987848 54.40932 81.27557 -48.49117 66.37589 -119.4047 -48.49116 88.20622 -119.1856 -47.92799 77.64217 -105.8875 -46.53308 92.55314 -105.8171 -45.70913 83.8224 -97.93549 -39.41755 92.55314 -105.8171 -40.24149 83.8224 -97.93549 -38.06455 77.64188 -105.8877 -37.43665 77.25442 -92.94193 -39.41756 71.14719 -97.94892 -39.41756 73.66805 -93.34377 -46.53308 71.14719 -97.94892 -46.58332 73.66805 -93.34377 -49.25785 77.25572 -92.93792 16.00576 32.028 84.68864 23.18007 24.98735 84.68864 22.84775 27.97885 72.96481 39.88638 27.97886 72.96481 24.42128 42.88837 63.15817 47.62188 41.16338 72.96481 45.56591 48.81879 72.96481 47.17975 51.52944 84.68864 38.59974 55.99053 72.96481 39.47701 58.98202 84.68864 24.13439 55.99053 72.96481 23.26137 58.98202 84.68864 15.66573 51.52945 84.68864 -40.2415 81.5239 -93.22241 -45.70914 81.5239 -93.22241 -46.5331 61.08512 -106.098 -39.41757 61.08511 -106.098 37.43665 77.25442 -92.94193 40.24151 81.5239 -93.22241 35.63627 73.72044 -60.4931 41.06779 80.41118 -57.10229 42.49342 70.25687 -43.10541 47.59655 80.41118 -57.10229 48.52058 70.75748 -43.09502 53.2655 73.68588 -60.5238 53.04565 66.00195 -43.17464 50.11023 62.04604 -76.60885 50.92667 59.83109 -43.18242 40.45414 60.05894 -43.18013 45.70915 81.5239 -93.22241 45.70914 83.8224 -97.93549 49.25787 77.25572 -92.93792 47.928 77.64217 -105.8875 46.53309 71.14719 -97.94892 46.53311 61.08512 -106.098 39.41756 71.14719 -97.94892 39.41758 61.08511 -106.098 38.06456 77.64188 -105.8877 37.45949 66.37788 -119.4047 37.45948 88.2129 -119.1855 -46.53308 93.39903 -119.1334 -39.41755 93.39902 -119.1334 -37.45948 88.2129 -119.1855 -37.45949 66.37788 -119.4047 -39.41757 60.74533 -119.4613 -46.5331 60.74533 -119.4613 37.04433 20.23982 85.53056 39.53703 20.23983 87.75298 25.95179 20.26632 94.85318 28.05786 20.21233 98.35619 8.847455 20.23982 102.4927 9.336704 20.23982 106.3168 -8.878052 20.23982 106.3168 -8.878052 12.69054 106.3168 -29.86937 12.69054 97.49017 -27.14412 12.69054 95.76881 -37.28669 12.69054 85.51773 -15.37112 29.08307 88.60959 -12.35322 29.25737 96.41728 0.08366698 29.87613 99.33466 -7.545132 20.55585 93.89969 7.712473 20.55585 93.89969 -35.63626 73.72044 -60.4931 -41.06778 80.41118 -57.10229 -47.59655 80.41118 -57.10229 -53.26549 73.68588 -60.5238 -48.52058 70.75748 -43.09502 -53.04564 66.00196 -43.17464 39.53707 12.69054 87.75308 28.01719 12.66403 98.22571 9.336705 12.69054 106.3168 -8.388802 12.69054 102.4927 -23.05906 59.02864 84.66789 -39.37966 59.02864 84.66789 -23.93772 56.02894 73.01427 -38.49671 56.02894 73.01427 -24.22647 42.89085 63.26634 -45.50798 48.83754 73.01427 -47.57725 41.16113 73.01427 -47.13226 51.55563 84.66789 -48.80943 41.16112 84.66789 46.58333 73.66805 -93.34377 38.63462 62.04604 -76.60885 39.41756 73.66805 -93.34377 45.13245 59.41641 -37.57877 40.47348 65.70409 -37.40098 45.73947 57.67331 -31.23684 40.84324 63.01962 -28.66917 40.92314 43.95182 -15.58306 45.76008 64.86018 -24.46347 46.39502 49.1341 -13.16717 50.84479 44.04076 -15.58216 51.51867 43.22204 58.773 -22.97722 24.94073 84.66788 -15.75646 32.00069 84.66788 -22.64275 27.94044 73.01427 -15.44977 41.16114 73.01427 -16.64513 48.96656 73.01426 -15.41424 51.55563 84.66789 16.88871 48.94746 72.96481 15.70104 41.16339 72.96481 13.86718 41.16338 84.68864 15.27898 10.46892 -114.742 23.16297 10.46892 -111.0555 19.53451 10.46892 -123.2764 27.47587 10.46892 -119.6409 19.53451 22.59905 -123.2764 27.47587 22.59904 -119.6409 15.279 22.59904 -114.7419 23.16296 22.59904 -111.0555 36.33079 10.46892 -102.0448 41.39967 10.46892 -95.78049 43.7877 10.46892 -107.6493 49.13745 10.46892 -100.9893 43.7877 22.59905 -107.6493 49.13745 22.59904 -100.9893 36.33077 22.59904 -102.0447 41.39967 22.59904 -95.78049 41.78533 20.98512 -99.90151 25.24722 20.31981 -113.0389 45.19251 20.98512 -103.203 28.1209 20.31981 -116.7749 45.19254 11.49807 -103.2031 28.1209 10.83277 -116.7749 41.78534 11.49807 -99.90149 25.26236 10.76329 -112.8547 9.659726 20.98512 -117.7431 10.2231 20.98512 -123.1752 10.2231 11.49807 -123.1752 9.659726 11.49807 -117.7431 -14.54831 11.6614 97.29576 -22.55219 11.6614 94.19593 -17.58288 11.66139 105.9276 -25.50691 11.66139 103.1506 -17.58288 21.85375 105.9276 -25.50691 21.85375 103.1506 -14.54832 21.85375 97.29572 -22.55219 21.85375 94.19593 38.15199 58.15121 63.72684 38.1647 58.27126 54.66339 45.7259 54.09418 63.71523 45.39824 54.17552 54.54686 49.9877 47.14956 63.67462 48.43403 47.81944 54.49646 42.03311 43.01055 44.20309 37.42483 49.18409 44.26154 42.17641 42.78344 53.1021 37.38229 48.78299 52.97575 48.54568 46.69772 53.23697 45.65956 54.30696 53.25683 45.39044 54.34219 44.37968 38.13154 58.19093 44.41106 -6.916552 10.93658 51.74734 -37.40654 17.98964 59.80547 -6.916554 10.93658 72.25265 -37.40654 17.98963 64.19453 -9.467486 17.97255 72.25265 -9.467486 17.97255 51.74734 -6.916552 22.93658 -63.44893 -44.55194 24.04615 -57.2867 -6.916554 22.93658 -48.55107 -44.55195 24.04615 -54.7133 -9.467486 29.97255 -48.55107 -9.467486 29.97255 -63.44893 -31.60972 11.6614 87.42881 -37.12436 11.6614 82.3544 -36.84767 11.66139 94.43884 -42.6773 11.66139 89.03577 -36.84767 21.85375 94.43884 -42.67731 21.85375 89.03577 -31.60971 21.85375 87.42874 -37.12436 21.85375 82.3544 -41.78533 20.98512 -99.90151 -45.1925 20.98512 -103.203 -24.96839 20.31981 -112.6783 -27.00558 20.31981 -116.3706 -9.659719 20.98512 -117.7431 -10.22309 20.98512 -123.1752 -45.13244 59.41641 -37.57877 -45.73946 57.67331 -31.23684 -40.47347 65.70409 -37.40098 -40.84322 63.01962 -28.66917 -45.75798 68.36755 -29.84742 -45.76007 64.86018 -24.46347 -50.19604 63.00738 -28.66884 -50.84478 44.04076 -15.58216 -9.659719 11.49807 -117.7431 -10.22309 11.49807 -123.1752 -24.98352 10.76329 -112.4941 -27.00558 10.83277 -116.3706 -41.78533 11.49807 -99.90151 -45.19253 11.49807 -103.2031 37.04432 12.69054 85.53056 26.00598 12.71632 94.81694 8.847455 12.69054 102.4927 40.2415 83.8224 -97.93549 39.41755 92.55314 -105.8171 46.53309 92.55314 -105.8171 39.41755 93.39902 -119.1334 46.53309 93.39902 -119.1334 47.35692 41.16338 90.04747 44.25276 49.04755 95.30412 46.10222 51.44184 90.03609 39.32768 53.60443 97.93244 39.2346 58.35579 90.02467 31.31739 55.43922 99.28669 23.58692 58.35579 90.02467 44.02047 31.62554 -95.94099 46.56149 34.21753 -95.99707 40.02558 34.21753 -98.34861 46.56149 49.22476 -95.99707 40.02558 49.22476 -98.34861 43.58898 51.59743 -95.93146 36.63209 51.59743 -95.77789 37.36623 48.73813 54.54337 41.57767 43.24976 54.56581 39.41758 60.74533 -119.4613 46.53311 60.74533 -119.4613 48.49118 66.37589 -119.4047 48.49117 88.20622 -119.1856 -39.69234 12.69054 88.04182 -29.86937 20.23982 97.49017 -8.388802 20.23982 102.4927 -17.7577 49.06693 95.2198 -23.10508 53.63631 97.83238 -23.38671 58.40069 89.97196 -31.16722 55.47613 99.17851 -39.13568 58.40069 89.97196 -39.22937 53.63631 97.83238 -46.04776 51.46778 89.9833 22.50712 95.04529 79.3639 -0.813072 95.02456 61.15893 14.36745 90.69223 41.71531 -15.9936 90.69223 41.71531 -0.813072 84.58118 37.25064 -17.97777 84.19763 40.13727 -15.9936 76.40128 44.12062 12.52055 29.25738 96.41728 45.16603 69.44319 -37.42239 37.92957 66.00195 -43.17464 -45.79425 44.24094 -21.90363 -46.25399 39.41657 -15.44166 -46.10738 38.21375 59.77838 -42.1764 42.78345 53.1021 -48.54568 46.69772 53.23697 -37.38228 48.783 52.97575 -45.65955 54.30696 53.25683 -38.15198 58.25565 53.23994 -38.13154 58.19091 44.41106 6.916552 10.93658 51.74734 6.916554 10.93658 72.25265 37.40654 17.98964 59.80547 37.40654 17.98963 64.19453 9.467486 17.97255 72.25265 -41.39966 22.59904 -95.78049 -41.39966 10.46892 -95.78049 -49.13744 22.59904 -100.9893 -49.13744 10.46892 -100.9893 -43.78769 22.59905 -107.6493 -43.78769 10.46892 -107.6493 15.58364 41.16339 90.04747 16.53193 51.44185 90.03609 17.99412 49.04756 95.30412 23.3071 53.60443 97.93244 37.34004 48.79959 63.50576 41.69245 41.2227 63.01842 46.10739 38.21375 59.77838 46.254 39.41657 -15.44166 45.79426 44.24094 -21.90363 -24.13326 95.04529 79.3639 -27.18134 86.28029 80.5858 -24.13326 74.39785 78.76978 36.61447 21.85375 82.39043 36.61446 11.6614 82.39043 42.42344 21.85375 88.54701 42.42344 11.66139 88.54701 37.53332 21.85375 94.29065 37.53331 11.6614 94.29063 50.19605 63.00738 -28.66884 45.758 68.36755 -29.84742 49.55637 65.75586 -37.45644 -50.11022 62.04604 -76.60885 -38.63462 62.04604 -76.60885 -37.92957 66.00195 -43.17464 -40.45412 60.05894 -43.18013 -50.92666 59.83109 -43.18242 -42.4934 70.25687 -43.10541 -45.16602 69.44319 -37.42239 -49.55637 65.75586 -37.45644 -46.56149 34.21753 -95.99707 -40.02557 34.21753 -98.34861 -46.56149 49.22476 -95.99707 -40.02557 49.22476 -98.34861 -43.58897 51.59743 -95.93146 -36.63208 51.59743 -95.77789 -47.14108 32.00069 84.66788 -39.79168 27.94044 73.01427 9.467486 29.97255 -48.55107 44.55195 24.04615 -54.7133 6.916554 22.93658 -48.55107 44.55194 24.04615 -57.2867 6.916552 22.93658 -63.44893 9.467486 29.97255 -63.44893 -41.69244 41.2227 63.01842 -41.57766 43.24976 54.56581 -37.34004 48.79961 63.50576 -37.36623 48.73813 54.54337 47.18851 32.028 84.68864 45.29913 32.54225 90.04747 48.84613 41.16337 84.68864 14.82624 59.05853 76.5645 18.3727 52.51165 76.49878 11.27978 52.51165 76.49878 11.39065 42.63606 76.39963 4.186867 52.51165 76.49878 -8.759587 59.18324 77.35601 -5.020997 52.28167 77.28671 -12.49819 52.28167 77.28671 -12.38132 41.87104 77.1822 -19.97539 52.28167 77.28671 5.084885 12.88497 105.4927 11.83446 12.91073 104.1402 7.371116 12.50218 79.66655 8.436048 17.34452 104.8579 -11.83445 12.91073 104.1402 -5.084877 12.88497 105.4927 -7.371109 12.50218 79.66655 -8.436042 17.34452 104.8579 -44.02046 31.62554 -95.94099 -36.2006 31.62554 -95.76837 -33.65958 34.21753 -95.71228 -33.65958 49.22476 -95.71228 -13.60405 41.16113 84.66789 -0.514367 52.32963 -49.37453 -0.514367 45.06147 -56.04379 -44.61681 24.11665 -56.00069 -0.514367 52.3052 -62.51495 -47.31058 41.16113 89.99465 -45.23947 32.51636 89.99465 -38.17611 24.94073 84.66788 -15.33161 41.16114 89.99465 -17.44591 32.51636 89.99465 -31.20107 40.39949 98.40641 -24.49389 25.97206 89.99465 -37.70049 25.97206 89.99465 -16.28605 51.46779 89.9833 -49.98769 47.14956 63.67462 -45.39823 54.17552 54.54686 -45.72589 54.09418 63.71523 -38.16469 58.27126 54.66339 -38.15198 58.15121 63.72684 -9.396319 19.93265 88.30487 48.10446 46.83294 44.31154 17.68433 32.54225 90.04747 31.35102 40.40383 98.50993 37.80864 26.01586 90.04747 24.68699 26.01586 90.04747 0.514367 33.06147 61.9689 0.514367 40.32963 66.70531 37.34762 18.02936 61.99883 0.514367 40.3052 57.37318 -0.514367 40.32963 66.70531 -0.514367 33.06147 61.9689 -37.34761 18.02936 61.99883 -0.514367 40.3052 57.37318 0.514367 45.06147 -56.04379 0.514367 52.32963 -49.37453 44.61681 24.11665 -56.00069 0.514367 52.3052 -62.51495 -37.28669 20.23982 85.51773 -27.05593 20.23982 94.53777 -39.69231 20.23982 88.0417 -6.995597 71.2576 79.57307 5.583117 71.29075 79.5734 -1.022476 61.31311 79.47324 9.685587 61.19527 79.47205 -1.010122 47.74311 79.33701 -40.92313 43.95182 -15.58306 -48.43402 47.81944 54.49646 -46.395 49.1341 -13.16717 -51.51865 43.22204 58.773 -12.17642 70.45639 64.8361 -12.17642 70.67188 43.19994 12.17643 70.45639 64.8361 12.17643 70.67188 43.19994 -23.80976 64.66214 64.36932 23.80977 64.66214 64.36932 6.052913 72.12453 66.5147 6.052913 72.03814 75.19025 -7.573714 72.12453 66.5147 -7.573714 72.03814 75.19025 23.80977 54.9701 64.27201 23.80977 55.17624 43.57344 23.80977 64.86827 43.67074 -21.22527 31.64418 74.63461 -21.22527 31.73434 65.58189 -18.88523 55.39266 74.1458 -18.88523 55.47557 65.82024 38.2812 24.98735 84.68864 5.583117 71.52956 55.59372 -6.995597 71.49641 55.59338 22.50712 74.39785 78.76978 14.36745 76.40128 44.12062 -22.98082 93.97968 73.98384 21.35629 93.97968 73.98384 -25.28533 84.52417 75.62656 23.76677 84.52417 75.62656 -23.01287 75.05428 75.01186 21.38835 75.05428 75.01186 -1.010122 47.98191 55.35732 9.685587 61.69922 55.49503 10.95613 24.43839 -123.3092 8.372302 26.82876 -124.3889 10.95613 8.786746 -123.1965 8.457098 6.396384 -124.2762 -8.002932 6.396384 -124.2762 -8.137726 26.82876 -124.3889 -11.7229 61.67416 55.49477 -11.7229 61.17024 79.4718 -30.97543 59.51329 54.72094 -28.24494 50.48637 54.48338 -9.954794 70.72643 46.29679 -9.954794 78.33664 46.3732 -9.954794 70.56114 62.89305 -9.954794 78.17137 62.96945 10.48349 70.56114 62.89305 10.48349 78.17137 62.96945 10.48349 70.72643 46.29679 10.48349 78.33664 46.3732 15.77823 58.23692 74.92742 15.77823 58.32003 66.58195 23.29155 36.66052 74.68497 23.29155 36.75068 65.63225 -30.97543 59.1684 63.40475 -28.24494 50.23468 63.15466 30.97544 59.1684 63.40475 28.24495 50.23468 63.15466 11.30195 58.84052 58.73107 -12.47481 58.591 59.05949 -16.23679 59.18324 77.35601 -44.18632 49.06693 95.2198 30.97544 59.51324 54.72094 38.15199 58.25565 53.23994 30.97544 59.51812 44.36791 30.97544 59.303 53.18394 28.24495 50.46539 53.15142 28.24495 50.48637 54.48338 16.35164 84.19763 40.13727 25.55519 86.28029 80.5858 -30.97541 59.51812 44.36791 -30.97541 59.303 53.18394 -42.0331 43.01056 44.20309 -37.42482 49.1841 44.26154 -28.24494 50.46533 53.15141 7.733324 59.05853 76.5645 -45.39043 54.3422 44.37968 -15.27897 10.46892 -114.742 -15.27899 22.59904 -114.7419 -19.5345 10.46892 -123.2764 -19.5345 22.59905 -123.2764 -27.47587 10.46892 -119.6409 -27.47587 22.59904 -119.6409 -23.16297 10.46892 -111.0555 -23.16296 22.59904 -111.0555 -36.33078 10.46892 -102.0448 -36.33076 22.59904 -102.0447 -10.95611 8.786746 -123.1965 -10.95611 24.43839 -123.3092 13.69141 11.6614 97.68425 13.64811 21.85375 97.72663 17.45183 11.66139 106.1867 17.45184 21.85375 106.1867 25.5685 11.66139 102.6581 25.5685 21.85375 102.6581 21.7786 11.6614 93.76702 21.7786 21.85375 93.76702 31.35356 11.6614 87.789 31.35355 21.85375 87.78894 36.2006 31.62554 -95.76837 33.65958 34.21753 -95.71228 33.65958 49.22476 -95.71228 -29.70978 40.27737 42.16087 -31.32876 60.38813 42.51335 -29.70978 39.42659 64.93176 -31.32876 60.16306 65.11292 29.7098 39.44726 64.93196 31.32878 60.16306 65.11292 29.7098 40.29804 42.16108 31.32878 60.38813 42.51335 -23.80976 55.17624 43.57344 -23.80976 64.86827 43.67074 -23.80976 54.9701 64.27201 9.467486 17.97255 51.74734 28.24495 50.52114 44.41848 -28.24494 50.52108 44.41848 -48.10444 46.83289 44.31154</float_array>
          <technique_common>
            <accessor source="#polygon0-mesh-positions-array" count="525" stride="3">
              <param name="X" type="float"/>
              <param name="Y" type="float"/>
              <param name="Z" type="float"/>
            </accessor>
          </technique_common>
        </source>
        <source id="polygon0-mesh-normals">
          <float_array id="polygon0-mesh-normals-array" count="1575">-7.68962e-4 0.01037752 -0.9999459 0.972815 -0.1993275 -0.1178959 0.6313812 -0.7733461 -0.05739146 0.7589165 0.4096615 -0.5061849 0.3080297 0.8069964 -0.5038598 0.8581216 0.4930014 0.1434467 0.3450988 0.9289034 0.1343333 0.5109872 0.3774466 0.7722865 0.3397525 0.7062984 0.6210563 -0.5090395 0.3273218 0.7960774 -0.3347184 0.6960504 0.6351987 -0.8809946 0.4541209 0.1327505 -0.3685263 0.9230473 0.1103269 -0.7776255 0.3912004 -0.4922001 -0.3469487 0.7957426 -0.4964075 -0.9977863 0.01718771 0.06424349 -0.7512043 0.136097 -0.6458869 -0.7505669 -0.1111895 -0.6513725 -0.582122 0.7202193 0.3773834 -0.5989463 0.6799243 0.423044 0.5828344 0.7195764 0.3775104 0.617061 0.6576062 0.432192 0.9969754 0.01685291 0.07586979 0.9949329 0.09803909 -0.02229201 0.6680392 -0.6112797 0.4243357 0.5970106 -0.8008736 -0.04668909 -0.649348 -0.6386069 0.4129511 -0.5026248 -0.8600404 -0.08774435 -0.9889383 0.1188158 -0.08879059 -0.4007118 -0.7420786 -0.5373541 -0.3798202 -0.9247689 0.02321594 -0.8732448 -0.4856882 0.0393784 0.3990188 -0.7065767 -0.5844086 -0.2244603 0.02232998 -0.9742273 0.8079147 -0.07617694 -0.5843551 0.7050414 0.378634 -0.5996274 0.881749 0.4716477 -0.008203268 0.3325849 0.7456085 -0.577456 0.374663 0.9251495 -0.06104344 -0.3117372 0.7974881 -0.5165585 -0.376124 0.9245529 -0.06109511 -0.8822416 0.4701694 -0.02430504 0.4896915 0.8429846 0.2226642 -0.4291561 0.8762325 0.2191842 -0.5742806 -0.728096 0.37427 0.5749124 -0.7275462 0.3743693 -0.9690684 0.2188869 0.1139966 -0.4896913 0.842985 0.2226631 -0.9949329 0.09803974 -0.02229231 -0.430094 0.8457798 0.3157147 -0.4264218 0.8053501 0.4117956 0.4099956 0.8687055 0.2779467 0.4075836 0.8061601 0.4289308 0.9586112 0.2825466 0.03510212 0.9456894 0.1317085 0.2971943 0.6038934 -0.7393568 -0.2977656 0.6074969 -0.7738584 0.1791391 -0.5854486 -0.7979968 0.1430076 0.9889385 0.1188156 -0.08879065 0.5989462 0.6799247 0.4230436 0.429156 0.8762326 0.2191839 0.9977863 0.01718759 0.06424337 0.6493479 -0.6386068 0.4129513 0.5742804 -0.728096 0.3742703 -0.6680397 -0.6112794 0.4243354 -0.5749123 -0.7275462 0.3743696 -0.9969753 0.01685297 0.07586985 -0.7510387 -0.110571 -0.6509339 -0.751712 0.1356669 -0.6453862 -0.4553359 0.6794883 -0.5752956 0.4551877 0.6795648 -0.5753224 0.7517119 0.1356674 -0.6453865 0.7510384 -0.1105706 -0.6509344 0.4645922 -0.6578767 -0.5927498 -0.4645549 -0.6578966 -0.5927569 0.005520939 0.9999235 0.01107156 0.4956239 0.6839157 0.5353657 0.001227557 0.9999984 -0.001381516 0.4049339 0.6603953 0.6323816 8.92884e-4 0.9999994 6.68893e-4 0.1515133 0.6642765 0.7319703 -0.1476244 0.665196 0.73193 -0.1476244 -0.6651957 0.7319301 -0.4089856 -0.668159 0.6215258 0 -1 0 0 -1 0 -0.9739477 -0.1943863 -0.1167902 -0.6833966 -0.1502808 0.7144122 -4.58936e-4 -0.1578682 0.9874601 -0.3320741 -0.7699594 0.5448756 0.3326355 -0.7698265 0.5447208 0.9690684 0.2188864 0.1139966 0.4300939 0.8457797 0.3157149 -0.4099962 0.8687053 0.2779468 -0.9586114 0.2825458 0.03510183 -0.4075835 0.80616 0.4289308 -0.9456894 0.1317101 0.2971937 0.494747 -0.6837821 0.5363464 0.3948093 -0.6821647 0.6154487 0.1519523 -0.664281 0.7318753 0 -1 0 0.310465 0.7962589 -0.519214 -0.3738695 0.9254357 -0.06156575 0.375333 0.9248415 -0.06159126 -0.3311284 0.7443606 -0.5798978 0.2236868 0.02224898 -0.9744072 -0.7029197 0.37859 -0.6021409 -0.8064187 -0.07594209 -0.5864485 -0.8811737 0.4727197 -0.00830543 -0.9961133 -0.02412909 0.08471226 0.5026234 -0.8600412 -0.08774369 -0.5874721 -0.7658852 -0.2613362 -0.5970112 -0.8008732 -0.04668915 0.04316735 -0.7806079 -0.6235286 -0.9288374 0.1858798 0.3204837 -0.03774172 -0.991687 0.123014 -0.9770848 0.1505034 0.1505124 -0.9702411 -0.2259947 -0.08694148 0.01901274 0.7003199 0.713576 0.06705182 0.8760414 0.4775516 0.9691226 -0.2060049 -0.1355115 0.9605975 -0.2059122 0.1866891 0.3992908 -0.7410797 -0.5397849 0.872659 -0.4867262 0.03954565 0.3790835 -0.9250637 0.02351802 0.889841 -0.123191 -0.4393259 0.8015406 0.4034268 -0.4413384 0.8816649 0.4712388 -0.02451592 -0.8032857 0.4034165 -0.4381634 -0.8914878 -0.1233949 -0.4359167 -0.9969667 -0.0422579 0.06535845 -0.2714623 -0.5791177 -0.7687203 0.6262258 -0.7133559 0.3145865 -0.6378936 -0.7013705 -0.3180741 0.771557 -0.5754697 -0.2711727 -0.2714633 0.5791188 -0.7687193 0.7715572 0.5754698 -0.2711721 -0.6378902 0.701376 -0.3180691 0.6262229 0.7133588 0.3145858 0.1014637 -0.5790627 -0.8089447 0.3839882 -0.726067 0.570421 -0.4297062 -0.698908 -0.5717345 0.8102219 -0.5730491 0.1231073 0.1014614 0.5790638 -0.8089444 0.8102217 0.5730493 0.1231076 -0.4297062 0.6989132 -0.571728 0.3839864 0.7260688 0.5704197 0.4383255 0.6817776 -0.5857048 0.008243799 0.9999482 0.005989074 -0.02209502 0.9994959 -0.02280247 0.3643407 0.6637061 -0.6532611 0.4777825 -0.6700289 -0.5681419 0.3596803 -0.6754354 -0.6437524 0.02347034 -0.9995163 0.02040308 0.001983404 -0.9999219 -0.01234632 0.01827853 0.9998268 0.003509402 0.1361215 0.6741968 -0.7258992 0.1155593 -0.6657667 -0.7371572 -0.02342748 -0.9997227 -0.002429604 0.3535345 -0.5774026 0.7359482 -0.6824377 -0.6953938 -0.2251808 0.660444 -0.7140767 0.2321816 -0.73191 -0.5783223 0.3603488 0.3535362 0.5774017 0.735948 -0.7319092 0.5783225 0.3603498 0.6604413 0.7140795 0.2321806 -0.6824368 0.6953949 -0.2251797 0.5250425 0.5427658 0.6555424 0.2441766 0.7087649 -0.6618385 0.2164697 0.6894147 0.6912658 0.5293326 0.5304529 -0.662138 0.7257848 0.09020125 0.6819825 0.6077368 0.6944909 -0.3851473 -0.5462468 -0.4080325 0.7315217 -0.2913187 -0.208011 -0.9337371 -0.5544272 -0.4083192 -0.72518 -0.3113168 -0.2610194 0.9137564 0.6172798 0.2314886 0.7519167 0.5798237 0.5073113 0.6375262 0.5746587 0.5123327 -0.638187 0.2400439 0.6990981 -0.6735287 -0.3228346 -0.7751595 0.5430523 -0.9076565 0.1034489 -0.4067656 -0.322835 -0.7751594 -0.5430521 -0.9076578 0.1034474 0.4067629 -0.2394212 0.5018072 0.8311842 -0.2394218 0.5018069 -0.8311842 -0.1242239 -0.7754561 0.6190608 -0.8880344 -0.06144899 -0.4556522 -0.124224 -0.7754564 -0.6190603 -0.8880446 -0.06145042 0.4556322 -0.2349264 0.5788003 0.7808969 -0.2349265 0.5787997 -0.7808972 0.07439601 -0.5719932 0.8168776 -0.5526058 -0.6954796 -0.4592766 0.5483393 -0.7290077 0.4097217 -0.812724 -0.5802448 0.05287355 0.07439631 0.5719929 0.8168779 -0.8127251 0.5802434 0.05287349 0.5483362 0.7290112 0.4097194 -0.5526047 0.6954817 -0.4592747 -0.005893945 0.9999793 0.002602875 -0.4184538 0.6696845 -0.61353 0.02216386 0.9994927 -0.02287352 -0.3616272 0.6725646 -0.6456645 -0.01954025 0.999804 0.003169596 -0.1520963 0.6701349 -0.7264888 0.9288375 0.1858801 0.3204832 -0.04316812 -0.7806081 -0.6235284 0.03774183 -0.991687 0.1230148 0.977085 0.1505029 0.1505122 -0.04613661 0.9372513 0.3455886 -0.01901346 0.7003197 0.7135761 -0.9828404 0.1601772 0.09147751 -0.9691227 -0.2060045 -0.1355115 0.02395409 -0.99971 -0.002484321 -0.1318705 -0.6617234 -0.7380599 -0.005623102 -0.9999147 -0.01179283 -0.3526526 -0.6838089 -0.6387813 -0.02321398 -0.9995395 0.01954555 -0.4568307 -0.6588495 -0.5976815 -5.33917e-4 -0.9999969 -0.002467811 -0.007912337 -0.9999206 -0.009813606 7.43721e-4 -0.9999998 -9.49281e-5 -0.6170607 0.6576068 0.4321914 -0.5828346 0.7195761 0.3775106 0.582122 0.7202193 0.3773834 -0.4551877 0.6795649 -0.5753223 0.4553359 0.679488 -0.5752958 0.7593098 0.3912759 0.5199537 0.8242116 0.34736 0.4472319 0.8104826 -0.02805626 0.5850905 0.4913114 0.7331945 0.4701477 0.3397591 0.7976686 0.4982858 -9.71421e-4 0.9090421 0.4167034 -0.3361629 0.796458 0.5026422 -0.02262091 -0.2849864 -0.9582647 0.3361375 -0.1189847 -0.9342668 0.2258658 -0.4529782 -0.8624358 0.3354108 0.1356889 -0.932249 -0.02250456 0.3076334 -0.9512388 0.2176321 0.5167095 -0.8280385 -0.2544318 0.5197378 -0.8155594 -0.2978792 -0.2240175 -0.9279462 -0.867412 -0.3418422 -0.3615804 0.4645541 -0.6578972 -0.592757 -0.4645915 -0.6578772 -0.5927498 0.7505668 -0.11119 -0.6513727 0.7512041 0.1360969 -0.645887 -0.4894796 -0.7081306 0.508882 -0.4089865 0.668159 0.6215253 0 1 -4.50703e-7 0.3349655 0.7954785 0.5049872 0.5052345 0.7459053 0.4340085 0.8232144 0.4170221 0.3852409 9.70176e-4 0.9079796 0.4190132 -0.3385704 0.796697 0.5006438 -0.4896222 0.7321606 0.4735092 -0.7572031 0.3914051 0.5229204 0.4548714 0.6906285 -0.5622494 0 0.9933765 -0.1149049 0.6464455 0.7389396 -0.1899383 -0.4548721 0.6906279 -0.5622495 0 -0.03549546 -0.9993699 -0.6741267 -0.06878918 -0.7354056 -0.4576338 -0.7648252 -0.4534466 0.6820644 -0.1549569 0.7146863 -0.02540421 0.9513531 0.3070534 -0.9474564 0.1224784 0.2955087 8.39698e-4 -0.6478417 -0.7617747 -0.394315 -0.8443245 -0.3628115 -0.1946951 -0.9375183 0.2883631 0.3113165 -0.2610186 0.9137567 0.02451848 -0.006029903 0.9996812 0.5462468 -0.408032 0.7315219 -0.2365645 0.4669661 0.8520445 -0.2344456 0.6959028 0.6787891 -0.2400441 0.6990971 -0.6735296 0.9076564 0.1034488 -0.4067656 0.3228345 -0.7751595 0.5430523 0.3228349 -0.7751593 -0.5430522 0.9076578 0.1034475 0.4067628 0.2394211 0.5018072 0.8311842 -0.8102217 0.5730493 0.1231077 -0.383988 -0.7260668 0.5704211 -0.3839863 0.7260687 0.5704199 -0.8102218 -0.5730491 0.1231073 -0.1014611 0.5790638 -0.8089444 -0.1014635 -0.5790627 -0.8089448 -0.8246917 0.417613 0.3814226 -0.7584941 0.4015446 0.5132725 -0.8039258 -0.04257559 0.5932037 -0.5065975 0.7468356 0.4308081 -0.319604 -0.2227001 0.9210092 -0.4575388 -0.6463032 0.6106967 0.06904637 -0.946157 0.3162585 0.04218858 -0.9585352 -0.2818342 -8.39585e-4 -0.6478418 -0.7617745 -0.6464452 0.7389398 -0.1899384 -0.9709571 0.0420053 -0.2355377 -0.6790535 -0.7062184 -0.2003545 0.8119868 0.5833077 -0.02073049 0.5212218 -0.6974716 -0.491794 0.5212218 0.6974728 -0.4917923 0.8119861 -0.5833085 -0.02073049 0.0224359 0.5720051 0.8199433 0.02243578 -0.5720062 0.8199425 0.9828405 0.1601767 0.09147697 0.0461378 0.9372513 0.3455886 0.9178727 0.2003536 0.3425906 -0.6038934 -0.7393568 -0.2977657 0.5874717 -0.7658853 -0.2613362 0.5854494 -0.7979961 0.1430076 0.9474567 0.1224791 0.2955076 -0.6074977 -0.7738579 0.1791386 0.02540302 0.9513531 0.3070535 0.4264223 0.80535 0.4117956 -0.9178725 0.200353 0.3425912 -0.3354102 0.1356889 -0.9322493 0.02262121 -0.2849866 -0.9582647 -0.3361372 -0.1189849 -0.9342668 0.02250486 0.3076332 -0.9512389 -0.2176313 0.5167095 -0.8280386 0.2544316 0.5197365 -0.8155604 -0.8592772 -0.5076712 0.06255006 -0.3975305 -0.7057099 -0.5864665 0.124224 -0.7754562 0.6190608 0.8880446 -0.06145042 0.4556322 0.2349265 0.5788003 0.7808969 0.8880344 -0.06144905 -0.4556522 0.124224 -0.7754564 -0.6190603 0.2349265 0.5787997 -0.7808972 0.6293796 -0.4959292 -0.5982772 0.4575393 -0.6463033 0.6106963 0.3196038 -0.2226992 0.9210096 0.2978802 -0.2240169 -0.927946 0.9961943 -0.0240184 0.08378535 0.6736133 -0.4210306 0.607436 0.8598259 -0.5067783 0.06225073 0 -0.01003867 0.9999496 0.8860837 -0.1299228 0.4449449 0.4577194 0.6851205 0.5666594 0.006660461 -0.9579122 0.2869844 -0.6038461 -0.4471021 0.6599013 0 -0.01003915 0.9999497 0.6059662 -0.4351045 0.6659498 0 0.5548632 0.8319417 0.006688296 -0.9582288 0.2859247 -0.888036 -0.1338345 0.439864 -0.04466807 -0.07386219 -0.9962677 0.8900967 -0.428542 -0.1551761 -0.9270099 -0.3671264 -0.07662105 -0.1086345 0.9770514 -0.1832186 0.0446642 -0.07386374 -0.9962677 0.92701 -0.3671262 -0.07662111 -0.8900966 -0.4285424 -0.155176 0.1086339 0.9770516 -0.1832187 -0.2258653 -0.452979 -0.8624354 0.2644108 -0.4558395 -0.8498809 0.3798516 -0.1199597 -0.9172363 0.3790177 0.1367992 -0.9152222 0.9969092 -0.04241782 0.06612789 -0.8643224 -0.5029382 -3.94456e-4 0.4289712 -0.90328 -0.008300423 -0.4406381 0.516339 0.7343243 -0.4401169 0.5192961 -0.7325495 -0.8080975 -0.02815234 0.5883757 -0.6709949 -0.4208699 0.6104379 -0.3170586 -0.9483578 0.009561061 0.001775622 -0.04689496 0.9988983 0.6815346 -0.4009926 0.6121402 0.8013746 -0.04266697 0.5966393 0.2726662 -0.7646544 0.583915 -0.2899789 -0.7761352 0.5599344 0.7564802 0.4017646 0.5160651 -0.5250428 0.5427656 0.6555421 -0.4039216 0.5205582 -0.7522411 -0.3708601 0.02956175 0.9282181 -0.244179 0.7087635 -0.6618391 -0.2164706 0.689414 0.6912661 -0.6309815 -0.7736558 -0.05761218 0.616262 0.2295674 -0.7533392 -0.001790583 -0.04714661 0.9988865 -0.6840693 -0.401163 0.609194 0.2912328 -0.7772577 0.5577222 -0.2742418 -0.765865 0.581586 0.8814748 -0.4722309 -3.46169e-4 0.4305433 0.5620865 0.7061808 -0.3778399 -0.9258381 -0.007806301 0.4297429 0.5641905 -0.7049896 -0.881475 -0.4722304 -3.45564e-4 0.37784 -0.9258381 -0.007806241 -0.4305434 0.5620865 0.7061807 -0.429743 0.5641904 -0.7049894 0.8643222 -0.5029385 -3.94436e-4 0.4406381 0.516339 0.7343243 -0.4289712 -0.90328 -0.008300423 0.4401169 0.5192961 -0.7325495 -0.4894735 0.7081409 0.5088735 0 1 0 0 1 6.42193e-7 0 -0.01003837 0.9999497 0.4457215 0.6580837 0.6068429 -0.4271908 0.6659991 0.6115173 0.7855597 -0.1209053 0.6068593 0.002255499 -0.830388 0.5571812 -0.06704968 0.8760415 0.4775519 -0.6352636 0.466225 -0.6156902 0.9919347 0.0410676 -0.1199125 -0.9298246 -0.3675819 -0.01760131 0.1759822 0.7004601 0.6916545 -0.1771305 0.7067555 -0.6849244 -0.1759819 0.7004601 0.6916546 0.1771306 0.7067557 -0.6849243 0.6792832 0.4104374 0.6083713 -0.6792832 0.4104374 0.6083713 -0.4719358 0.8815892 0.008778452 0.4593608 0.8882058 0.008844733 0.4586675 0.8885639 0.008848488 -0.461459 0.8871176 0.008833289 0.7070888 0.007098495 -0.7070892 0.707125 -0.007098674 0.7070531 0.6800645 0.4218605 -0.5996215 -0.9398962 0.3414434 0.003399968 -0.9951781 0.09807956 9.76819e-4 -0.9951781 0.09807962 9.76841e-4 -0.9409832 0.3384366 0.003369987 0.3179627 -0.9480553 0.009536325 -0.5332675 0.8459048 0.008424222 0.554447 0.832157 0.0101546 0.4412819 -0.769486 -0.4616944 0.6741585 -0.7161293 -0.1807466 0 0.0535435 0.9985656 0 0.1711671 0.9852421 0 0.1711671 0.985242 0 0.05354869 0.9985653 0 -0.06477475 0.9979 0 -0.06477457 0.9979 0.9913237 -0.1314428 -3.96425e-4 0.002714335 -0.999908 -0.0132935 0.3980745 -0.003617942 -0.917346 0.1377536 -0.005820035 -0.9904494 0.3803029 -0.006659388 -0.9248381 0.1438894 -0.004860818 -0.9895819 -0.130141 -0.006107926 -0.9914768 -0.131061 -0.006332337 -0.9913541 -0.7900285 -0.1008092 0.6047253 -0.9944417 -0.1052029 -0.004264593 -0.003786265 0.01829385 -0.9998255 -0.1041035 0.6911026 -0.71522 -0.7071248 -0.007098197 0.7070532 -0.7071254 0.00709939 -0.7070526 -0.7070884 0.007099807 -0.7070895 -0.7070885 -0.007098615 0.7070894 0.7070883 0.007099688 -0.7070896 0.7070885 -0.007098615 0.7070895 0.7071248 -0.007098257 0.7070532 0.7071253 0.00709927 -0.7070526 0.9443877 0.3288178 0.003274798 0.8899567 0.4560227 0.004541158 0.8893784 0.4571492 0.004552304 0.9443877 0.328818 0.003274977 -0.06007814 0.6607766 0.7481745 0.04383492 -0.01733934 0.9988883 -0.04383462 -0.01733934 0.9988884 0.06007832 0.660778 0.7481731 0.4961614 0.03955262 -0.867329 -0.4850493 0.03777003 -0.8736708 -0.4595155 0.690288 0.5588812 -0.8221736 0.3469092 0.4513145 0.1041008 0.6911009 -0.7152221 0.1168941 0.6697229 -0.7333533 0.2344458 0.6959024 0.6787894 0.09057879 0.6605038 0.7453392 0.004783034 -0.01744323 0.9998365 0.003786444 0.01829391 -0.9998255 0.6690208 -0.06353646 -0.740523 0.973332 0.04942303 -0.2240141 -0.1168954 0.6697236 -0.7333524 -0.09057796 0.6605042 0.7453387 0.2913188 -0.2080106 -0.9337371 0.5544258 -0.4083183 -0.7251815 -0.004782378 -0.01744359 0.9998365 0 0.5506258 0.8347522 -0.260959 0.4945616 -0.8290413 0.2714623 -0.5791178 -0.7687202 0.6378903 0.7013758 -0.3180691 0.6378937 -0.7013704 -0.3180742 0.2714635 0.5791187 -0.7687193 -0.6262257 -0.7133561 0.3145864 -0.7715571 0.5754697 -0.2711722 -0.7715569 -0.5754697 -0.2711728 -0.6262227 0.7133588 0.3145859 0.4297063 0.6989134 -0.5717277 0.4297061 -0.6989083 -0.5717342 -0.3518794 -0.007428586 -0.936016 -0.3481863 -0.006749868 -0.9374011 -0.2955626 -0.5782651 0.7604291 -0.6407427 0.7125502 0.2858689 -0.6373726 -0.7171415 0.281894 -0.2943965 0.5780075 0.761077 0.6605182 -0.6960201 -0.2815526 0.7583401 0.5777277 0.3019125 0.7583406 -0.5777274 0.3019114 0.660966 0.6955177 -0.281743 -0.5063178 0.7155708 0.4812493 -0.5063189 -0.7155677 0.4812527 -0.2644109 -0.4558401 -0.8498804 -0.3798514 -0.1199603 -0.9172363 -0.3790175 0.1367997 -0.9152221 -0.9968788 -0.0789265 -0.001806318 -0.7362953 0.6766349 0.005880057 -0.996775 -0.08019095 -0.002996087 -0.7343944 0.6786894 0.006759166 0.99686 -0.07916575 -0.001797914 0.7347988 0.6782596 0.005907177 0.9969578 -0.07788872 -0.002910077 0.7367137 0.6761713 0.006734073 -0.7071249 -0.007098615 0.7070531 -0.6800646 0.4218601 -0.5996217 -0.7070888 0.007098317 -0.7070893 0.2394217 0.5018069 -0.8311842 -0.006167709 0.006982922 -0.9999566 0.006167769 0.006982922 -0.9999567 -0.009897947 0.01264977 -0.9998711</float_array>
          <technique_common>
            <accessor source="#polygon0-mesh-normals-array" count="525" stride="3">
              <param name="X" type="float"/>
              <param name="Y" type="float"/>
              <param name="Z" type="float"/>
            </accessor>
          </technique_common>
        </source>
        <source id="polygon0-mesh-map-0">
          <float_array id="polygon0-mesh-map-0-array" count="4512">0.7320557 0.2645264 0.805542 0.2232666 0.7873535 0.1391602 0.7905273 0.3966064 0.805542 0.2232666 0.7320557 0.2645264 0.7506104 0.4694824 0.7905273 0.3966064 0.7320557 0.2645264 0.8037109 0.3985596 0.7905273 0.3966064 0.7506104 0.4694824 0.7507324 0.4689941 0.8037109 0.3985596 0.7506104 0.4694824 0.7674561 0.387207 0.8037109 0.3985596 0.7507324 0.4689941 0.7523193 0.4549561 0.7674561 0.387207 0.7507324 0.4689941 0.697998 0.387207 0.7674561 0.387207 0.7523193 0.4549561 0.7058105 0.4549561 0.697998 0.387207 0.7523193 0.4549561 0.6621094 0.3981934 0.697998 0.387207 0.7058105 0.4549561 0.708252 0.4689941 0.6621094 0.3981934 0.7058105 0.4549561 0.6743164 0.3969727 0.6621094 0.3981934 0.708252 0.4689941 0.7084961 0.4694824 0.6743164 0.3969727 0.708252 0.4689941 0.7320557 0.2645264 0.6743164 0.3969727 0.7084961 0.4694824 0.7506104 0.4694824 0.7320557 0.2645264 0.7084961 0.4694824 0.2619629 -0.003417968 0.208374 0.1080322 0.2084961 -0.09216308 0.2657471 0.1661376 0.208374 0.1080322 0.2619629 -0.003417968 0.3040771 0.1154785 0.2657471 0.1661376 0.2619629 -0.003417968 0.2657471 0.1661376 0.2657471 0.1661376 0.3040771 0.1154785 0.3040771 0.1154785 0.2657471 0.1661376 0.3040771 0.1154785 0.2619629 -0.003417968 0.2657471 0.1661376 0.3040771 0.1154785 0.3343506 -0.003051757 0.2619629 -0.003417968 0.3040771 0.1154785 0.3006592 -0.0961914 0.2619629 -0.003417968 0.3343506 -0.003051757 0.3358154 -0.0546875 0.3006592 -0.0961914 0.3343506 -0.003051757 0.3006592 -0.0961914 0.3006592 -0.0961914 0.3358154 -0.0546875 0.3358154 -0.0546875 0.3006592 -0.0961914 0.3358154 -0.0546875 0.3343506 -0.003051757 0.3006592 -0.0961914 0.3358154 -0.0546875 0.5821533 0.1004639 0.5821533 0.1125488 0.5917969 0.1126708 0.5821533 0.1004639 0.5821533 0.1125488 0.5821533 0.1004639 0.6203613 0.0826416 0.5821533 0.1004639 0.5821533 0.1004639 0.6014404 0.100708 0.5821533 0.1004639 0.6203613 0.0826416 0.6094971 0.1009521 0.6014404 0.100708 0.6203613 0.0826416 0.6103516 0.112793 0.6014404 0.100708 0.6094971 0.1009521 0.6258545 0.1015625 0.6103516 0.112793 0.6094971 0.1009521 0.6282959 0.112915 0.6103516 0.112793 0.6258545 0.1015625 0.6258545 0.1015625 0.6282959 0.112915 0.6258545 0.1015625 0.6282959 0.112915 0.6282959 0.112915 0.6258545 0.1015625 0.6103516 0.112793 0.6282959 0.112915 0.6258545 0.1015625 0.3040771 0.1154785 0.3358154 0.1173096 0.3343506 -0.003051757 0.3360596 0.1174316 0.3358154 0.1173096 0.3040771 0.1154785 0.3040771 0.1154785 0.3360596 0.1174316 0.3040771 0.1154785 0.3343506 -0.003051757 0.3360596 0.1174316 0.3040771 0.1154785 0.2619629 -0.003417968 0.3343506 -0.003051757 0.3040771 0.1154785 0.3006592 -0.0961914 0.3343506 -0.003051757 0.2619629 -0.003417968 0.2623291 -0.1317139 0.3006592 -0.0961914 0.2619629 -0.003417968 0.3006592 -0.0961914 0.3006592 -0.0961914 0.2623291 -0.1317139 0.2623291 -0.1317139 0.3006592 -0.0961914 0.2623291 -0.1317139 0.2619629 -0.003417968 0.3006592 -0.0961914 0.2623291 -0.1317139 0.9199219 0.06213378 0.9373779 0.1375732 0.9373779 0.08483886 0.9151611 0.1243896 0.9373779 0.1375732 0.9199219 0.06213378 0.9064941 0.1168213 0.9151611 0.1243896 0.9199219 0.06213378 0.9151611 0.1307373 0.9151611 0.1243896 0.9064941 0.1168213 0.9064941 0.1245117 0.9151611 0.1307373 0.9064941 0.1168213 0.9199219 0.06213378 0.9151611 0.1307373 0.9064941 0.1245117 0.9064941 0.04797363 0.9199219 0.06213378 0.9064941 0.1245117 0.9351807 -0.0447998 0.9199219 0.06213378 0.9064941 0.04797363 0.9064941 -0.05273437 0.9351807 -0.0447998 0.9064941 0.04797363 0.9064941 -0.04992675 0.9351807 -0.0447998 0.9064941 -0.05273437 0.3343506 -0.003051757 0.3040771 0.1154785 0.3360596 0.1174316 0.2619629 -0.003417968 0.3040771 0.1154785 0.3343506 -0.003051757 0.3006592 -0.0961914 0.2619629 -0.003417968 0.3343506 -0.003051757 0.2623291 -0.1317139 0.2619629 -0.003417968 0.3006592 -0.0961914 0.3006592 -0.0961914 0.2623291 -0.1317139 0.3006592 -0.0961914 0.2623291 -0.1317139 0.2623291 -0.1317139 0.3006592 -0.0961914 0.2619629 -0.003417968 0.2623291 -0.1317139 0.3006592 -0.0961914 0.2084961 -0.09313964 0.2623291 -0.1317139 0.2619629 -0.003417968 0.208374 0.1080322 0.2084961 -0.09313964 0.2619629 -0.003417968 0.2657471 0.1661376 0.208374 0.1485596 0.208374 0.1080322 0.208374 0.1485596 0.208374 0.1485596 0.2657471 0.1661376 0.2657471 0.1661376 0.208374 0.1485596 0.2657471 0.1661376 0.208374 0.1080322 0.208374 0.1485596 0.2657471 0.1661376 0.2619629 -0.003417968 0.208374 0.1080322 0.2657471 0.1661376 0.2084961 -0.09313964 0.208374 0.1080322 0.2619629 -0.003417968 0.2623291 -0.1317139 0.2084961 -0.09313964 0.2619629 -0.003417968 0.2086182 -0.1619873 0.2084961 -0.09313964 0.2623291 -0.1317139 0.2086182 -0.1619873 0.2086182 -0.1619873 0.2623291 -0.1317139 0.4702148 0.0279541 0.4732666 0.07458496 0.4702148 0.06469726 0.4732666 0.03259277 0.4732666 0.07458496 0.4702148 0.0279541 0.4702148 -0.06713867 0.4732666 0.03259277 0.4702148 0.0279541 0.4732666 -0.0460205 0.4732666 0.03259277 0.4702148 -0.06713867 0.4732666 -0.0460205 0.4732666 -0.0460205 0.4702148 -0.06713867 0.4594727 -0.0460205 0.4732666 -0.0460205 0.4732666 -0.0460205 0.4468994 0.03259277 0.4594727 -0.0460205 0.4732666 -0.0460205 0.4693604 0.02819824 0.4594727 -0.0460205 0.4468994 0.03259277 0.4693604 0.06469726 0.4693604 0.02819824 0.4468994 0.03259277 0.6590576 0.2232666 0.6621094 0.3981934 0.6743164 0.3969727 0.697998 0.387207 0.6621094 0.3981934 0.6590576 0.2232666 0.6811523 0.2249756 0.697998 0.387207 0.6590576 0.2232666 0.7321777 0.2305908 0.697998 0.387207 0.6811523 0.2249756 0.7011719 0.1448975 0.7321777 0.2305908 0.6811523 0.2249756 0.7630615 0.1448975 0.7321777 0.2305908 0.7011719 0.1448975 0.7873535 0.1391602 0.7630615 0.1448975 0.7011719 0.1448975 0.805542 0.2232666 0.7630615 0.1448975 0.7873535 0.1391602 0.9373779 0.1375732 0.9199219 0.06213378 0.9373779 0.08483886 0.9151611 0.1243896 0.9199219 0.06213378 0.9373779 0.1375732 0.9376221 0.144043 0.9151611 0.1243896 0.9373779 0.1375732 0.9151611 0.1307373 0.9151611 0.1243896 0.9376221 0.144043 0.9199219 0.06213378 0.9151611 0.1307373 0.9376221 0.144043 0.9064941 0.1245117 0.9151611 0.1307373 0.9199219 0.06213378 0.9064941 0.04797363 0.9064941 0.1245117 0.9199219 0.06213378 0.4732666 0.03259277 0.4468994 0.07446289 0.4732666 0.07458496 0.4468994 0.03259277 0.4468994 0.07446289 0.4732666 0.03259277 0.4732666 -0.0460205 0.4468994 0.03259277 0.4732666 0.03259277 0.4594727 -0.0460205 0.4468994 0.03259277 0.4732666 -0.0460205 0.4594727 -0.0460205 0.4594727 -0.0460205 0.4732666 -0.0460205 0.4693604 -0.06713867 0.4594727 -0.0460205 0.4594727 -0.0460205 0.4693604 0.02819824 0.4693604 -0.06713867 0.4594727 -0.0460205 0.6258545 0.1015625 0.6282959 0.112915 0.6282959 0.112915 0.6258545 0.1015625 0.6282959 0.112915 0.6258545 0.1015625 0.6203613 0.0826416 0.6258545 0.1015625 0.6258545 0.1015625 0.6094971 0.1009521 0.6258545 0.1015625 0.6203613 0.0826416 0.6014404 0.100708 0.6094971 0.1009521 0.6203613 0.0826416 0.6103516 0.112793 0.6094971 0.1009521 0.6014404 0.100708 0.6014404 0.1126708 0.6103516 0.112793 0.6014404 0.100708 0.9199219 0.06213378 0.9376221 0.144043 0.9151611 0.1307373 0.9373779 0.08483886 0.9376221 0.144043 0.9199219 0.06213378 0.9351807 -0.0447998 0.9373779 0.08483886 0.9199219 0.06213378 0.9373779 0.00817871 0.9373779 0.08483886 0.9351807 -0.0447998 0.927002 -0.01208496 0.9373779 0.00817871 0.9351807 -0.0447998 0.9373779 0.00817871 0.9373779 0.00817871 0.927002 -0.01208496 0.9373779 0.08483886 0.9373779 0.00817871 0.927002 -0.01208496 0.1304932 -0.02099609 0.1413574 0.1584473 0.1424561 -0.02099609 0.1293945 0.1584473 0.1413574 0.1584473 0.1304932 -0.02099609 0.09350585 0.1585693 0.1293945 0.1584473 0.1304932 -0.02099609 0.1165771 0.1038818 0.1293945 0.1584473 0.09350585 0.1585693 0.09460449 0.1038818 0.1165771 0.1038818 0.09350585 0.1585693 0.09460449 -0.01855468 0.1165771 0.1038818 0.09460449 0.1038818 0.007324218 0.03088378 0.09460449 -0.01855468 0.09460449 0.1038818 0.5821533 0.1004639 0.5917969 0.1126708 0.5821533 0.1125488 0.6014404 0.100708 0.5917969 0.1126708 0.5821533 0.1004639 0.6203613 0.0826416 0.6014404 0.100708 0.5821533 0.1004639 0.6094971 0.1009521 0.6014404 0.100708 0.6203613 0.0826416 0.6258545 0.1015625 0.6094971 0.1009521 0.6203613 0.0826416 0.6103516 0.112793 0.6094971 0.1009521 0.6258545 0.1015625 0.6282959 0.112915 0.6103516 0.112793 0.6258545 0.1015625 0.6203613 0.0826416 0.6258545 0.1015625 0.6094971 0.1009521 0.6258545 0.1015625 0.6258545 0.1015625 0.6203613 0.0826416 0.6094971 0.1009521 0.6258545 0.1015625 0.6203613 0.0826416 0.6103516 0.112793 0.6258545 0.1015625 0.6094971 0.1009521 0.6014404 0.100708 0.6103516 0.112793 0.6094971 0.1009521 0.6014404 0.1126708 0.6103516 0.112793 0.6014404 0.100708 0.5917969 0.1126708 0.6014404 0.1126708 0.6014404 0.100708 0.4493408 0.01708984 0.47229 0.01708984 0.4493408 0.01708984 0.47229 0.01708984 0.47229 0.01708984 0.4493408 0.01708984 0.4493408 0.0559082 0.47229 0.01708984 0.4493408 0.01708984 0.47229 0.0559082 0.47229 0.01708984 0.4493408 0.0559082 0.4493408 0.0559082 0.47229 0.0559082 0.4493408 0.0559082 0.47229 0.0559082 0.47229 0.0559082 0.4493408 0.0559082 0.47229 0.01708984 0.4493408 0.01708984 0.47229 0.01708984 0.4493408 0.01708984 0.4493408 0.01708984 0.47229 0.01708984 0.47229 0.0559082 0.4493408 0.01708984 0.47229 0.01708984 0.4493408 0.0559082 0.4493408 0.01708984 0.47229 0.0559082 0.47229 0.0559082 0.4493408 0.0559082 0.47229 0.0559082 0.4493408 0.0559082 0.4493408 0.0559082 0.47229 0.0559082 0.4732666 0.07409667 0.4702148 0.005126953 0.4702148 0.06396484 0.4732666 0.009887695 0.4702148 0.005126953 0.4732666 0.07409667 0.4468994 0.07409667 0.4732666 0.009887695 0.4732666 0.07409667 0.4468994 0.009887695 0.4732666 0.009887695 0.4468994 0.07409667 0.4692383 0.06396484 0.4468994 0.009887695 0.4468994 0.07409667 0.4692383 0.005371093 0.4468994 0.009887695 0.4692383 0.06396484 0.4732666 0.009887695 0.4702148 -0.06726074 0.4702148 0.005126953 0.4732666 -0.04614257 0.4702148 -0.06726074 0.4732666 0.009887695 0.4468994 0.009887695 0.4732666 -0.04614257 0.4732666 0.009887695 0.4594727 -0.04614257 0.4732666 -0.04614257 0.4468994 0.009887695 0.4692383 0.005371093 0.4594727 -0.04614257 0.4468994 0.009887695 0.4692383 -0.06958007 0.4594727 -0.04614257 0.4692383 0.005371093 0.4493408 0.01708984 0.47229 0.01708984 0.4493408 0.01708984 0.47229 0.01708984 0.47229 0.01708984 0.4493408 0.01708984 0.4493408 0.0559082 0.47229 0.01708984 0.4493408 0.01708984 0.47229 0.0559082 0.47229 0.01708984 0.4493408 0.0559082 0.4493408 0.0559082 0.47229 0.0559082 0.4493408 0.0559082 0.47229 0.0559082 0.47229 0.0559082 0.4493408 0.0559082 -0.006835937 0.09851074 0.06530761 0.1409912 -0.005737304 0.1411133 0.06774902 0.1352539 0.06530761 0.1409912 -0.006835937 0.09851074 -0.00793457 0.05603027 0.06774902 0.1352539 -0.006835937 0.09851074 0.07006835 0.1295166 0.06774902 0.1352539 -0.00793457 0.05603027 0.007324218 0.03088378 0.07006835 0.1295166 -0.00793457 0.05603027 0.09460449 0.1038818 0.07006835 0.1295166 0.007324218 0.03088378 -0.00805664 0.01501464 0.0649414 0.1727295 0.06713867 0.1791992 -0.007080078 0.09057617 0.0649414 0.1727295 -0.00805664 0.01501464 -0.00793457 0.05603027 -0.007080078 0.09057617 -0.00805664 0.01501464 -0.006835937 0.09851074 -0.007080078 0.09057617 -0.00793457 0.05603027 0.06774902 0.1352539 -0.006835937 0.09851074 -0.00793457 0.05603027 0.06530761 0.1409912 -0.006835937 0.09851074 0.06774902 0.1352539 -0.03234863 0.6696777 0.01818847 0.5541992 0.03430175 0.6702881 -0.01489257 0.5539551 0.01818847 0.5541992 -0.03234863 0.6696777 -0.03234863 0.6696777 -0.01489257 0.5539551 -0.03234863 0.6696777 0.01818847 0.5541992 -0.01489257 0.5539551 -0.03234863 0.6696777 0.03430175 0.6702881 0.01818847 0.5541992 -0.03234863 0.6696777 0.03430175 0.6702881 0.01818847 0.5541992 0.03430175 0.6702881 -0.03234863 0.6696777 0.01818847 0.5541992 0.03430175 0.6702881 -0.01489257 0.5539551 0.01818847 0.5541992 -0.03234863 0.6696777 -0.03234863 0.6696777 -0.01489257 0.5539551 -0.03234863 0.6696777 0.01818847 0.5541992 -0.01489257 0.5539551 -0.03234863 0.6696777 0.03430175 0.6702881 0.01818847 0.5541992 -0.03234863 0.6696777 0.03430175 0.6702881 0.01818847 0.5541992 0.03430175 0.6702881 0.47229 0.01708984 0.4493408 0.01708984 0.47229 0.01708984 0.4493408 0.01708984 0.4493408 0.01708984 0.47229 0.01708984 0.47229 0.0559082 0.4493408 0.01708984 0.47229 0.01708984 0.4493408 0.0559082 0.4493408 0.01708984 0.47229 0.0559082 0.47229 0.0559082 0.4493408 0.0559082 0.47229 0.0559082 0.4493408 0.0559082 0.4493408 0.0559082 0.47229 0.0559082 0.4702148 0.005126953 0.4732666 0.07409667 0.4702148 0.06396484 0.4732666 0.009887695 0.4732666 0.07409667 0.4702148 0.005126953 0.4702148 -0.06726074 0.4732666 0.009887695 0.4702148 0.005126953 0.4732666 -0.04614257 0.4732666 0.009887695 0.4702148 -0.06726074 0.4732666 -0.04614257 0.4732666 -0.04614257 0.4702148 -0.06726074 0.4594727 -0.04614257 0.4732666 -0.04614257 0.4732666 -0.04614257 0.1413574 0.1584473 0.1304932 -0.02099609 0.1424561 -0.02099609 0.1293945 0.1584473 0.1304932 -0.02099609 0.1413574 0.1584473 0.1239014 0.1038818 0.1293945 0.1584473 0.1413574 0.1584473 0.1165771 0.1038818 0.1293945 0.1584473 0.1239014 0.1038818 0.1356201 -0.01843261 0.1165771 0.1038818 0.1239014 0.1038818 0.09460449 -0.01855468 0.1165771 0.1038818 0.1356201 -0.01843261 0.4692383 -0.06958007 0.4594727 -0.04614257 0.4692383 -0.06958007 0.4594727 -0.04614257 0.4594727 -0.04614257 0.4692383 -0.06958007 0.4692383 0.005371093 0.4594727 -0.04614257 0.4692383 -0.06958007 0.4468994 0.009887695 0.4594727 -0.04614257 0.4692383 0.005371093 0.4692383 0.06396484 0.4468994 0.009887695 0.4692383 0.005371093 0.4468994 0.07409667 0.4468994 0.009887695 0.4692383 0.06396484 0.4468994 0.03259277 0.4693604 0.06469726 0.4468994 0.07446289 0.4693604 0.02819824 0.4693604 0.06469726 0.4468994 0.03259277 0.4594727 -0.0460205 0.4693604 0.02819824 0.4468994 0.03259277 0.4693604 -0.06713867 0.4693604 0.02819824 0.4594727 -0.0460205 0.4693604 -0.06713867 0.4693604 -0.06713867 0.4594727 -0.0460205 0.3040771 0.1154785 0.3040771 0.1154785 0.3360596 0.1174316 0.2657471 0.1661376 0.3040771 0.1154785 0.3040771 0.1154785 0.2657471 0.1661376 0.2657471 0.1661376 0.3040771 0.1154785 0.208374 0.1485596 0.2657471 0.1661376 0.2657471 0.1661376 0.208374 0.1485596 0.208374 0.1485596 0.2657471 0.1661376 0.6000977 -0.004516601 0.6036377 -0.05664062 0.6120605 -0.05688476 0.5994873 -0.05651855 0.6036377 -0.05664062 0.6000977 -0.004516601 0.5882568 0.04772949 0.5994873 -0.05651855 0.6000977 -0.004516601 0.6202393 -0.05651855 0.5994873 -0.05651855 0.5882568 0.04772949 0.6523438 0.04772949 0.6202393 -0.05651855 0.5882568 0.04772949 0.4732666 0.009887695 0.4468994 0.07409667 0.4732666 0.07409667 0.4468994 0.009887695 0.4468994 0.07409667 0.4732666 0.009887695 0.4732666 -0.04614257 0.4468994 0.009887695 0.4732666 0.009887695 0.4594727 -0.04614257 0.4468994 0.009887695 0.4732666 -0.04614257 0.4594727 -0.04614257 0.4594727 -0.04614257 0.4732666 -0.04614257 0.9194336 0.4251709 0.9197998 0.4984131 0.935791 0.4819336 0.8249512 0.498291 0.9197998 0.4984131 0.9194336 0.4251709 0.8212891 0.4230957 0.8249512 0.498291 0.9194336 0.4251709 0.8101807 0.4750977 0.8249512 0.498291 0.8212891 0.4230957 0.8116455 0.3758545 0.8101807 0.4750977 0.8212891 0.4230957 0.06774902 0.1352539 0.0661621 0.1727295 0.06530761 0.1409912 0.06713867 0.1791992 0.0661621 0.1727295 0.06774902 0.1352539 0.07006835 0.1295166 0.06713867 0.1791992 0.06774902 0.1352539 0.09350585 0.1585693 0.06713867 0.1791992 0.07006835 0.1295166 0.09460449 0.1038818 0.09350585 0.1585693 0.07006835 0.1295166 0.9766846 0.3175049 0.9367676 0.4719238 0.9360352 0.3200684 0.9770509 0.4931641 0.9367676 0.4719238 0.9766846 0.3175049 1.028442 0.3175049 0.9770509 0.4931641 0.9766846 0.3175049 1.02832 0.4931641 0.9770509 0.4931641 1.028442 0.3175049 1.06189 0.4765625 1.02832 0.4931641 1.028442 0.3175049 0.4468994 0.03259277 0.4468994 0.07446289 0.4693604 0.06469726 0.4732666 0.03259277 0.4468994 0.07446289 0.4468994 0.03259277 0.4732666 -0.0460205 0.4732666 0.03259277 0.4468994 0.03259277 0.4702148 -0.06713867 0.4732666 0.03259277 0.4732666 -0.0460205 0.4702148 -0.06713867 0.4702148 -0.06713867 0.4732666 -0.0460205 0.6523438 0.04772949 0.6409912 -0.05651855 0.6365967 -0.05651855 0.6202393 -0.05651855 0.6409912 -0.05651855 0.6523438 0.04772949 0.5882568 0.04772949 0.6202393 -0.05651855 0.6523438 0.04772949 0.5994873 -0.05651855 0.6202393 -0.05651855 0.5882568 0.04772949 0.6000977 -0.004516601 0.5994873 -0.05651855 0.5882568 0.04772949 -0.6601563 -0.0460205 -0.6206055 0.004394531 -0.6602783 0.05163574 -0.5834961 -0.04626464 -0.6206055 0.004394531 -0.6601563 -0.0460205 -0.6192627 -0.01452636 -0.5834961 -0.04626464 -0.6601563 -0.0460205 -0.588623 0.01159667 -0.5834961 -0.04626464 -0.6192627 -0.01452636 -0.5791016 -0.05236816 -0.588623 0.01159667 -0.6192627 -0.01452636 0.7321777 0.2305908 0.7674561 0.387207 0.697998 0.387207 0.7832031 0.2249756 0.7674561 0.387207 0.7321777 0.2305908 0.7630615 0.1448975 0.7832031 0.2249756 0.7321777 0.2305908 0.805542 0.2232666 0.7832031 0.2249756 0.7630615 0.1448975 0.1966553 -0.09399414 0.01245117 -0.0727539 0.1966553 -0.09008789 0.01245117 -0.1132813 0.01245117 -0.0727539 0.1966553 -0.09399414 0.1966553 -0.1132813 0.01245117 -0.1132813 0.1966553 -0.09399414 0.1962891 -0.1517333 0.01245117 -0.1132813 0.1966553 -0.1132813 -0.1248779 -0.1397705 -0.1297607 -0.02770996 -0.1318359 -0.1392822 -0.1217041 -0.02832031 -0.1297607 -0.02770996 -0.1248779 -0.1397705 -0.1164551 -0.1397705 -0.1217041 -0.02832031 -0.1248779 -0.1397705 -0.1130371 -0.135498 -0.1217041 -0.02832031 -0.1164551 -0.1397705 -0.007080078 0.09057617 -0.00793457 0.05603027 -0.00805664 0.01501464 -0.006835937 0.09851074 -0.00793457 0.05603027 -0.007080078 0.09057617 -0.005737304 0.1411133 -0.006835937 0.09851074 -0.007080078 0.09057617 0.06530761 0.1409912 -0.006835937 0.09851074 -0.005737304 0.1411133 0.01818847 0.5541992 -0.03234863 0.6696777 0.03430175 0.6702881 -0.01489257 0.5539551 -0.03234863 0.6696777 0.01818847 0.5541992 -0.03234863 0.6696777 -0.01489257 0.5539551 0.01818847 0.5541992 -0.03234863 0.6696777 -0.01489257 0.5539551 -0.03234863 0.6696777 0.4493408 0.0559082 0.47229 0.01708984 0.47229 0.0559082 0.4493408 0.01708984 0.47229 0.01708984 0.4493408 0.0559082 0.47229 0.0559082 0.4493408 0.01708984 0.4493408 0.0559082 0.47229 0.01708984 0.4493408 0.01708984 0.47229 0.0559082 0.6365967 -0.05651855 0.6400146 -0.004394531 0.6278076 -0.05651855 0.6523438 0.04772949 0.6400146 -0.004394531 0.6365967 -0.05651855 0.6409912 -0.05651855 0.6523438 0.04772949 0.6365967 -0.05651855 0.6202393 -0.05651855 0.6523438 0.04772949 0.6409912 -0.05651855 -0.06958007 -0.1625977 -0.05236816 -0.02612304 -0.03259277 -0.02233886 -0.07214355 -0.03173828 -0.05236816 -0.02612304 -0.06958007 -0.1625977 -0.1057129 -0.1496582 -0.07214355 -0.03173828 -0.06958007 -0.1625977 -0.1130371 -0.135498 -0.07214355 -0.03173828 -0.1057129 -0.1496582 -0.1130371 -0.135498 -0.1147461 -0.02905273 -0.07214355 -0.03173828 -0.1217041 -0.02832031 -0.1147461 -0.02905273 -0.1130371 -0.135498 -0.1164551 -0.1397705 -0.1217041 -0.02832031 -0.1130371 -0.135498 -0.1248779 -0.1397705 -0.1217041 -0.02832031 -0.1164551 -0.1397705 -0.6136475 0.04797363 -0.6582031 -0.04956054 -0.6582031 0.04797363 -0.6136475 -0.04956054 -0.6582031 -0.04956054 -0.6136475 0.04797363 -0.579834 0.04797363 -0.6136475 -0.04956054 -0.6136475 0.04797363 -0.579834 -0.04956054 -0.6136475 -0.04956054 -0.579834 0.04797363 0.4493408 0.0559082 0.47229 0.01708984 0.47229 0.0559082 0.4493408 0.01708984 0.47229 0.01708984 0.4493408 0.0559082 0.47229 0.0559082 0.4493408 0.01708984 0.4493408 0.0559082 0.47229 0.01708984 0.4493408 0.01708984 0.47229 0.0559082 0.1356201 -0.01843261 0.1165771 0.1038818 0.09460449 -0.01855468 0.1239014 0.1038818 0.1165771 0.1038818 0.1356201 -0.01843261 0.1424561 -0.01831054 0.1239014 0.1038818 0.1356201 -0.01843261 0.1424561 0.1038818 0.1239014 0.1038818 0.1424561 -0.01831054 0.9373779 0.00817871 0.9351807 -0.0447998 0.9373779 0.08483886 0.927002 -0.01208496 0.9351807 -0.0447998 0.9373779 0.00817871 0.9373779 0.00817871 0.927002 -0.01208496 0.9373779 0.00817871 0.9373779 0.08483886 0.927002 -0.01208496 0.9373779 0.00817871 0.9064941 -0.04992675 0.927002 -0.01208496 0.9064941 0.04797363 0.9351807 -0.0447998 0.927002 -0.01208496 0.9064941 -0.04992675 0.9064941 -0.05273437 0.9351807 -0.0447998 0.9064941 -0.04992675 0.9064941 0.04797363 0.9351807 -0.0447998 0.9064941 -0.05273437 0.1966553 -0.09008789 0.01245117 -0.0727539 0.1966553 -0.09399414 0.01245117 -0.1132813 0.01245117 -0.0727539 0.1966553 -0.09008789 0.1966553 -0.1132813 0.01245117 -0.1132813 0.1966553 -0.09008789 0.1962891 -0.1517333 0.01245117 -0.1132813 0.1966553 -0.1132813 0.3343506 -0.003051757 0.2619629 -0.003417968 0.3006592 -0.0961914 0.3040771 0.1154785 0.2619629 -0.003417968 0.3343506 -0.003051757 0.3358154 0.1173096 0.3040771 0.1154785 0.3343506 -0.003051757 0.3360596 0.1174316 0.3040771 0.1154785 0.3358154 0.1173096 0.8249512 0.498291 0.9194336 0.4251709 0.9197998 0.4984131 0.8212891 0.4230957 0.9194336 0.4251709 0.8249512 0.498291 0.8101807 0.4750977 0.8212891 0.4230957 0.8249512 0.498291 0.8116455 0.3758545 0.8212891 0.4230957 0.8101807 0.4750977 0.6014404 0.100708 0.5917969 0.1126708 0.6014404 0.1126708 0.5821533 0.1004639 0.5917969 0.1126708 0.6014404 0.100708 0.6203613 0.0826416 0.5821533 0.1004639 0.6014404 0.100708 0.5821533 0.1004639 0.5821533 0.1004639 0.6203613 0.0826416 -0.03234863 0.6696777 -0.01489257 0.5539551 -0.03234863 0.6696777 0.01818847 0.5541992 -0.01489257 0.5539551 -0.03234863 0.6696777 0.03430175 0.6702881 0.01818847 0.5541992 -0.03234863 0.6696777 0.03430175 0.6702881 0.01818847 0.5541992 0.03430175 0.6702881 1.028442 0.4925537 1.06189 0.3344727 1.061401 0.4859619 1.02832 0.3179932 1.06189 0.3344727 1.028442 0.4925537 0.9770509 0.3179932 1.02832 0.3179932 1.028442 0.4925537 0.1239014 0.1038818 0.1424561 -0.01831054 0.1356201 -0.01843261 0.1424561 0.1038818 0.1424561 -0.01831054 0.1239014 0.1038818 0.1413574 0.1584473 0.1424561 0.1038818 0.1239014 0.1038818 0.06713867 0.1791992 -0.00805664 0.01501464 0.03601074 -0.02099609 -0.006103515 0.1494141 -0.00805664 0.01501464 0.06713867 0.1791992 0.0661621 0.1727295 -0.006103515 0.1494141 0.06713867 0.1791992 0.6217041 0.06323242 0.6396484 -0.05310058 0.6396484 0.06323242 0.6217041 -0.05310058 0.6396484 -0.05310058 0.6217041 0.06323242 0.6025391 -0.05310058 0.6217041 -0.05310058 0.6217041 0.06323242 0.2657471 0.1661376 0.2619629 -0.003417968 0.3040771 0.1154785 0.208374 0.1080322 0.2619629 -0.003417968 0.2657471 0.1661376 0.208374 0.1485596 0.208374 0.1080322 0.2657471 0.1661376 0.2619629 -0.003417968 0.2657471 0.1661376 0.3040771 0.1154785 0.208374 0.1080322 0.2657471 0.1661376 0.2619629 -0.003417968 0.2084961 -0.09216308 0.208374 0.1080322 0.2619629 -0.003417968 0.2623291 -0.1317139 0.2084961 -0.09216308 0.2619629 -0.003417968 0.2086182 -0.1619873 0.2084961 -0.09216308 0.2623291 -0.1317139 0.2623291 -0.1317139 0.2086182 -0.1619873 0.2623291 -0.1317139 0.1577148 0.3309326 0.2205811 0.3309326 0.1890869 0.4594727 0.1577148 0.1851807 0.2205811 0.3309326 0.1577148 0.3309326 0.09484863 0.3309326 0.1577148 0.1851807 0.1577148 0.3309326 0.1577148 0.3309326 0.2205811 0.3309326 0.1890869 0.4594727 0.1577148 0.1851807 0.2205811 0.3309326 0.1577148 0.3309326 0.09484863 0.3309326 0.1577148 0.1851807 0.1577148 0.3309326 0.8536377 -0.3093262 0.7733154 -0.1787109 0.7716064 -0.1763916 0.7724609 -0.3085938 0.7733154 -0.1787109 0.8536377 -0.3093262 0.7716064 -0.1763916 0.7724609 -0.3085938 0.8536377 -0.3093262 0.8536377 -0.3093262 0.7716064 -0.1763916 0.7733154 -0.1787109 0.7724609 -0.3085938 0.7716064 -0.1763916 0.8536377 -0.3093262 0.7733154 -0.1787109 0.7724609 -0.3085938 0.8536377 -0.3093262 0.9194336 0.4251709 0.935791 0.4819336 0.9197998 0.4984131 0.9359131 0.3690186 0.935791 0.4819336 0.9194336 0.4251709 0.9202881 0.3518066 0.9359131 0.3690186 0.9194336 0.4251709 0.9199219 0.06213378 0.927002 -0.01208496 0.9373779 0.08483886 0.9064941 0.04797363 0.927002 -0.01208496 0.9199219 0.06213378 0.9064941 0.1168213 0.9064941 0.04797363 0.9199219 0.06213378 0.8253174 0.3497314 0.8212891 0.4230957 0.8116455 0.3758545 0.9194336 0.4251709 0.8212891 0.4230957 0.8253174 0.3497314 0.9202881 0.3518066 0.9194336 0.4251709 0.8253174 0.3497314 0.1239014 0.1038818 0.1293945 0.1584473 0.1165771 0.1038818 0.1413574 0.1584473 0.1293945 0.1584473 0.1239014 0.1038818 0.1424561 0.1038818 0.1413574 0.1584473 0.1239014 0.1038818 0.6014404 0.100708 0.6014404 0.1126708 0.5917969 0.1126708 0.6103516 0.112793 0.6014404 0.1126708 0.6014404 0.100708 0.6094971 0.1009521 0.6103516 0.112793 0.6014404 0.100708 0.08789062 0.02221679 0.161377 0.02331542 0.1610107 0.1153564 0.1616211 -0.06982421 0.161377 0.02331542 0.08789062 0.02221679 0.1610107 0.1153564 0.1616211 -0.06982421 0.08789062 0.02221679 0.6217041 0.06323242 0.6025391 -0.05310058 0.6088867 0.06323242 0.6217041 -0.05310058 0.6025391 -0.05310058 0.6217041 0.06323242 0.6396484 -0.05310058 0.6217041 -0.05310058 0.6217041 0.06323242 0.5821533 0.1004639 0.5821533 0.1125488 0.5917969 0.1126708 0.5821533 0.1125488 0.5821533 0.1125488 0.5821533 0.1004639 0.5821533 0.1004639 0.5821533 0.1125488 0.5821533 0.1004639 0.4195557 0.3444824 0.4610596 0.293457 0.4675293 0.3444824 0.4398193 0.2546387 0.4610596 0.293457 0.4195557 0.3444824 0.4000244 0.2546387 0.4398193 0.2546387 0.4195557 0.3444824 0.4195557 0.3444824 0.3771973 0.293457 0.4000244 0.2546387 0.3709717 0.3444824 0.3771973 0.293457 0.4195557 0.3444824 0.3747559 0.4055176 0.3709717 0.3444824 0.4195557 0.3444824 0.4195557 0.3444824 0.3956299 0.4465332 0.3747559 0.4055176 0.4432373 0.4465332 0.3956299 0.4465332 0.4195557 0.3444824 0.4645996 0.4055176 0.4432373 0.4465332 0.4195557 0.3444824 0.6025391 -0.05310058 0.5834961 0.06323242 0.5834961 -0.05310058 0.6088867 0.06323242 0.5834961 0.06323242 0.6025391 -0.05310058 0.6217041 0.06323242 0.6088867 0.06323242 0.6025391 -0.05310058 0.9766846 0.4925537 0.9770509 0.3179932 1.028442 0.4925537 0.9367676 0.3391113 0.9770509 0.3179932 0.9766846 0.4925537 0.9360352 0.4901123 0.9367676 0.3391113 0.9766846 0.4925537 -0.006835937 0.09851074 0.06774902 0.1352539 -0.00793457 0.05603027 0.06530761 0.1409912 0.06774902 0.1352539 -0.006835937 0.09851074 -0.005737304 0.1411133 0.06530761 0.1409912 -0.006835937 0.09851074 0.927002 -0.01208496 0.9199219 0.06213378 0.9373779 0.08483886 0.9064941 0.04797363 0.9199219 0.06213378 0.927002 -0.01208496 0.9064941 -0.04992675 0.9064941 0.04797363 0.927002 -0.01208496 0.677002 0.1391602 0.6811523 0.2249756 0.6590576 0.2232666 0.7011719 0.1448975 0.6811523 0.2249756 0.677002 0.1391602 0.7873535 0.1391602 0.7011719 0.1448975 0.677002 0.1391602 0.06713867 0.1791992 -0.006103515 0.1494141 0.0661621 0.1727295 -0.00805664 0.01501464 -0.006103515 0.1494141 0.06713867 0.1791992 0.03601074 -0.02099609 -0.00805664 0.01501464 0.06713867 0.1791992 -0.06872558 0.1628417 0.002441406 0.1601563 -0.06127929 0.1392822 0.002929687 0.2032471 0.002441406 0.1601563 -0.06872558 0.1628417 -0.05432128 0.2033691 0.002929687 0.2032471 -0.06872558 0.1628417 0.6014404 0.100708 0.5821533 0.1004639 0.5917969 0.1126708 0.6203613 0.0826416 0.5821533 0.1004639 0.6014404 0.100708 0.6094971 0.1009521 0.6203613 0.0826416 0.6014404 0.100708 0.4197998 0.3444824 0.4677734 0.3444824 0.4613037 0.293457 0.4648438 0.4055176 0.4677734 0.3444824 0.4197998 0.3444824 0.4433594 0.4465332 0.4648438 0.4055176 0.4197998 0.3444824 0.4197998 0.3444824 0.395752 0.4465332 0.4433594 0.4465332 0.3748779 0.4055176 0.395752 0.4465332 0.4197998 0.3444824 0.3710938 0.3444824 0.3748779 0.4055176 0.4197998 0.3444824 0.4197998 0.3444824 0.3773193 0.293457 0.3710938 0.3444824 0.4001465 0.2546387 0.3773193 0.293457 0.4197998 0.3444824 0.4400635 0.2546387 0.4001465 0.2546387 0.4197998 0.3444824 -0.1297607 -0.02770996 -0.1341553 -0.1391602 -0.1311035 -0.02758789 -0.1318359 -0.1392822 -0.1341553 -0.1391602 -0.1297607 -0.02770996 -0.1248779 -0.1397705 -0.1318359 -0.1392822 -0.1297607 -0.02770996 0.01245117 -0.1132813 0.1966553 -0.09008789 0.01245117 -0.0727539 0.1966553 -0.1132813 0.1966553 -0.09008789 0.01245117 -0.1132813 0.1962891 -0.1517333 0.1966553 -0.1132813 0.01245117 -0.1132813 0.6217041 0.06323242 0.6025391 -0.05310058 0.6088867 0.06323242 0.6217041 -0.05310058 0.6025391 -0.05310058 0.6217041 0.06323242 0.6396484 -0.05310058 0.6217041 -0.05310058 0.6217041 0.06323242 0.01245117 -0.1517333 0.1962891 -0.1517333 0.01245117 -0.1132813 0.1962891 -0.1517333 0.1962891 -0.1517333 0.01245117 -0.1517333 0.01245117 -0.1132813 0.1962891 -0.1517333 0.01245117 -0.1517333 0.08789062 0.02221679 0.1610107 0.1153564 0.161377 0.02331542 0.1616211 -0.06982421 0.1610107 0.1153564 0.08789062 0.02221679 0.161377 0.02331542 0.1616211 -0.06982421 0.08789062 0.02221679 0.08789062 0.02221679 0.161377 0.02331542 0.1610107 0.1153564 0.1616211 -0.06982421 0.161377 0.02331542 0.08789062 0.02221679 0.1610107 0.1153564 0.1616211 -0.06982421 0.08789062 0.02221679 0.08789062 0.02221679 0.1610107 0.1153564 0.161377 0.02331542 0.1616211 -0.06982421 0.1610107 0.1153564 0.08789062 0.02221679 0.161377 0.02331542 0.1616211 -0.06982421 0.08789062 0.02221679 0.4732666 0.07458496 0.4702148 0.0279541 0.4702148 0.06469726 0.4732666 0.03259277 0.4702148 0.0279541 0.4732666 0.07458496 0.4468994 0.07446289 0.4732666 0.03259277 0.4732666 0.07458496 0.1546631 0.3215332 0.2011719 0.4658203 0.1132813 0.46521 0.2333984 0.3212891 0.2011719 0.4658203 0.1546631 0.3215332 0.1546631 0.1599121 0.2333984 0.3212891 0.1546631 0.3215332 0.09460449 0.1038818 0.07006835 0.1295166 0.09350585 0.1585693 0.007324218 0.03088378 0.07006835 0.1295166 0.09460449 0.1038818 0.09460449 -0.01855468 0.007324218 0.03088378 0.09460449 0.1038818 0.369751 0.189209 0.4291992 0.189209 0.369751 0.189209 0.4291992 0.189209 0.4291992 0.189209 0.369751 0.189209 0.4058838 0.0883789 0.3928223 0.1882324 0.3885498 0.0883789 0.4017334 0.1882324 0.3928223 0.1882324 0.4058838 0.0883789 0.06713867 0.1791992 0.08215332 -0.02099609 0.03601074 -0.02099609 0.09350585 0.1585693 0.08215332 -0.02099609 0.06713867 0.1791992 0.09350585 0.1585693 0.09460449 -0.02099609 0.08215332 -0.02099609 0.1304932 -0.02099609 0.09460449 -0.02099609 0.09350585 0.1585693 0.5834961 0.06323242 0.6025391 -0.05310058 0.5834961 -0.05310058 0.6088867 0.06323242 0.6025391 -0.05310058 0.5834961 0.06323242 0.5834961 0.06323242 0.6575928 -0.05310058 0.5834961 -0.05310058 0.6573486 0.06323242 0.6575928 -0.05310058 0.5834961 0.06323242 0.6575928 0.06323242 0.6396484 -0.05310058 0.6575928 -0.05310058 0.6396484 0.06323242 0.6396484 -0.05310058 0.6575928 0.06323242 0.6582031 0.06323242 0.6575928 -0.05310058 0.6575928 -0.05310058 0.6577148 0.06323242 0.6575928 -0.05310058 0.6582031 0.06323242 -0.1341553 -0.1391602 -0.1297607 -0.02770996 -0.1311035 -0.02758789 -0.1318359 -0.1392822 -0.1297607 -0.02770996 -0.1341553 -0.1391602 0.9083252 0.2081299 0.9278564 0.3466797 0.9083252 0.3466797 0.9278564 0.2081299 0.9278564 0.3466797 0.9083252 0.2081299 0.1293945 0.1584473 0.09350585 0.1585693 0.1304932 -0.02099609 0.1165771 0.1038818 0.09350585 0.1585693 0.1293945 0.1584473 0.4291992 0.02050781 0.369751 0.08325195 0.369751 0.02050781 0.4291992 0.08325195 0.369751 0.08325195 0.4291992 0.02050781 0.5834961 0.06323242 0.6025391 -0.05310058 0.5834961 -0.05310058 0.6088867 0.06323242 0.6025391 -0.05310058 0.5834961 0.06323242 0.9278564 0.3466797 0.9083252 0.2081299 0.9278564 0.2081299 0.9083252 0.3466797 0.9083252 0.2081299 0.9278564 0.3466797 0.6575928 0.06323242 0.6396484 -0.05310058 0.6575928 -0.05310058 0.6396484 0.06323242 0.6396484 -0.05310058 0.6575928 0.06323242 0.08374023 0.3201904 0.03588867 0.3041992 0.03588867 0.3201904 0.08374023 0.3041992 0.03588867 0.3041992 0.08374023 0.3201904 -0.5787354 0.05163574 -0.6610107 -0.05236816 -0.6612549 0.05163574 -0.5791016 -0.05236816 -0.6610107 -0.05236816 -0.5787354 0.05163574 0.6594238 0.001953125 0.890625 0.09326171 0.6702881 0.09326171 0.9006348 0.001953125 0.890625 0.09326171 0.6594238 0.001953125 0.6665039 -0.09313964 0.9006348 -7.32422e-4 0.6594238 -7.32422e-4 0.8868408 -0.09313964 0.9006348 -7.32422e-4 0.6665039 -0.09313964 0.08374023 0.3201904 0.03588867 0.3041992 0.03588867 0.3201904 0.08374023 0.3041992 0.03588867 0.3041992 0.08374023 0.3201904 0.6490479 0.2011719 0.6314697 0.4831543 0.6490479 0.451416 0.6320801 0.15979 0.6314697 0.4831543 0.6490479 0.2011719 0.6088867 0.06323242 0.6025391 -0.05310058 0.6217041 0.06323242 0.5834961 0.06323242 0.6025391 -0.05310058 0.6088867 0.06323242 0.6575928 -0.05310058 0.5834961 0.06323242 0.5834961 -0.05310058 0.6573486 0.06323242 0.5834961 0.06323242 0.6575928 -0.05310058 0.5008545 0.15979 0.6314697 0.4831543 0.6320801 0.15979 0.4998779 0.4831543 0.6314697 0.4831543 0.5008545 0.15979 0.6396484 0.06323242 0.6396484 -0.05310058 0.6217041 0.06323242 0.6575928 0.06323242 0.6396484 -0.05310058 0.6396484 0.06323242 0.6575928 -0.05310058 0.6582031 0.06323242 0.6575928 -0.05310058 0.6577148 0.06323242 0.6582031 0.06323242 0.6575928 -0.05310058 0.08374023 0.3201904 0.03588867 0.3041992 0.03588867 0.3201904 0.08374023 0.3041992 0.03588867 0.3041992 0.08374023 0.3201904 0.08374023 0.3201904 0.03588867 0.3041992 0.03588867 0.3201904 0.08374023 0.3041992 0.03588867 0.3041992 0.08374023 0.3201904 -0.1057129 -0.1496582 -0.07214355 -0.03173828 -0.1130371 -0.135498 -0.06958007 -0.1625977 -0.07214355 -0.03173828 -0.1057129 -0.1496582 0.6217041 -0.05310058 0.6217041 0.06323242 0.6025391 -0.05310058 0.6396484 -0.05310058 0.6217041 0.06323242 0.6217041 -0.05310058 0.08374023 0.3201904 0.03588867 0.3041992 0.03588867 0.3201904 0.08374023 0.3041992 0.03588867 0.3041992 0.08374023 0.3201904 1.419556 -0.04052734 1.338257 0.05126953 1.338257 -0.04052734 1.419556 0.05126953 1.338257 0.05126953 1.419556 -0.04052734 0.6396484 0.06323242 0.6396484 -0.05310058 0.6217041 0.06323242 0.6575928 0.06323242 0.6396484 -0.05310058 0.6396484 0.06323242 0.8614502 -0.1604004 0.8234863 -0.3214111 0.8614502 -0.3214111 0.8234863 -0.1604004 0.8234863 -0.3214111 0.8614502 -0.1604004 0.8614502 -0.3214111 0.8234863 -0.1604004 0.8614502 -0.1604004 0.8234863 -0.3214111 0.8234863 -0.1604004 0.8614502 -0.3214111 0.8232422 -0.3214111 0.8615723 -0.1604004 0.8232422 -0.1604004 0.8615723 -0.3214111 0.8615723 -0.1604004 0.8232422 -0.3214111 0.8615723 -0.3214111 0.8232422 -0.1604004 0.8615723 -0.1604004 0.8232422 -0.3214111 0.8232422 -0.1604004 0.8615723 -0.3214111 0.9278564 0.3466797 0.9083252 0.2081299 0.9278564 0.2081299 0.9083252 0.3466797 0.9083252 0.2081299 0.9278564 0.3466797 0.9278564 0.3466797 0.9083252 0.2081299 0.9278564 0.2081299 0.9083252 0.3466797 0.9083252 0.2081299 0.9278564 0.3466797 0.9083252 0.2081299 0.9278564 0.3466797 0.9083252 0.3466797 0.9278564 0.2081299 0.9278564 0.3466797 0.9083252 0.2081299 -0.05236816 -0.02612304 -0.06958007 -0.1625977 -0.03259277 -0.02233886 -0.07214355 -0.03173828 -0.06958007 -0.1625977 -0.05236816 -0.02612304 1.338379 -0.03991699 1.4198 0.05102539 1.4198 -0.03991699 1.338379 0.05102539 1.4198 0.05102539 1.338379 -0.03991699 1.419556 -0.04052734 1.338257 0.05126953 1.419556 0.05126953 1.338257 -0.04052734 1.338257 0.05126953 1.419556 -0.04052734 0.09460449 -0.02099609 0.09350585 0.1585693 0.08215332 -0.02099609 0.1304932 -0.02099609 0.09350585 0.1585693 0.09460449 -0.02099609 1.419556 -0.04052734 1.338257 0.05126953 1.338257 -0.04052734 1.419556 0.05126953 1.338257 0.05126953 1.419556 -0.04052734 0.03234863 0.2432861 0.07849121 0.2702637 0.03234863 0.2304688 0.03234863 0.2626953 0.07849121 0.2702637 0.03234863 0.2432861 0.2084961 -0.09216308 0.2623291 -0.1317139 0.2619629 -0.003417968 0.2086182 -0.1619873 0.2623291 -0.1317139 0.2084961 -0.09216308 0.03234863 0.2626953 0.07849121 0.2702637 0.03234863 0.2432861 0.03234863 0.2819824 0.07849121 0.2702637 0.03234863 0.2626953 0.03234863 0.2949219 0.07849121 0.2702637 0.03234863 0.2819824 0.03234863 0.3078613 0.07849121 0.2702637 0.03234863 0.2949219 0.6400146 -0.004394531 0.6365967 -0.05651855 0.6278076 -0.05651855 0.6523438 0.04772949 0.6365967 -0.05651855 0.6400146 -0.004394531 0.6036377 -0.05664062 0.6000977 -0.004516601 0.6120605 -0.05688476 0.5994873 -0.05651855 0.6000977 -0.004516601 0.6036377 -0.05664062 0.9373779 0.08483886 0.9199219 0.06213378 0.9376221 0.144043 0.9351807 -0.0447998 0.9199219 0.06213378 0.9373779 0.08483886 0.9151611 0.1243896 0.9064941 0.1168213 0.9199219 0.06213378 0.9151611 0.1307373 0.9064941 0.1168213 0.9151611 0.1243896 1.338379 -0.03991699 1.4198 0.05102539 1.338379 0.05102539 1.4198 -0.03991699 1.4198 0.05102539 1.338379 -0.03991699 0.1962891 -0.1517333 0.01245117 -0.1517333 0.01245117 -0.1132813 0.1962891 -0.1517333 0.01245117 -0.1517333 0.1962891 -0.1517333 0.1962891 -0.1517333 0.01245117 -0.1132813 0.01245117 -0.1517333 0.1966553 -0.1132813 0.01245117 -0.1132813 0.1962891 -0.1517333 0.1966553 -0.09399414 0.01245117 -0.1132813 0.1966553 -0.1132813 0.01245117 -0.0727539 0.01245117 -0.1132813 0.1966553 -0.09399414 1.338379 -0.03991699 1.4198 0.05102539 1.338379 0.05102539 1.4198 -0.03991699 1.4198 0.05102539 1.338379 -0.03991699 0.9151611 0.1243896 0.9376221 0.144043 0.9373779 0.1375732 0.9151611 0.1307373 0.9376221 0.144043 0.9151611 0.1243896 -0.006835937 0.09851074 -0.005737304 0.1411133 -0.007080078 0.09057617 0.06530761 0.1409912 -0.005737304 0.1411133 -0.006835937 0.09851074 1.338257 0.05126953 1.419556 -0.04052734 1.419556 0.05126953 1.338257 -0.04052734 1.419556 -0.04052734 1.338257 0.05126953 1.338257 0.05126953 1.419556 -0.04052734 1.338257 -0.04052734 1.419556 0.05126953 1.419556 -0.04052734 1.338257 0.05126953 0.3358154 -0.0546875 0.3006592 -0.0961914 0.3343506 -0.003051757 0.3358154 -0.0546875 0.3006592 -0.0961914 0.3358154 -0.0546875 0.2086182 -0.1619873 0.2623291 -0.1317139 0.2084961 -0.09313964 0.2086182 -0.1619873 0.2623291 -0.1317139 0.2086182 -0.1619873 0.3358154 -0.0546875 0.3006592 -0.0961914 0.3006592 -0.0961914 0.3343506 -0.003051757 0.3006592 -0.0961914 0.3358154 -0.0546875 -0.6582031 -0.04956054 -0.6136475 0.04797363 -0.6582031 0.04797363 -0.6136475 -0.04956054 -0.6136475 0.04797363 -0.6582031 -0.04956054 -0.6136475 0.04797363 -0.579834 -0.04956054 -0.579834 0.04797363 -0.6136475 -0.04956054 -0.579834 -0.04956054 -0.6136475 0.04797363 0.0661621 0.1727295 0.06774902 0.1352539 0.06530761 0.1409912 0.06713867 0.1791992 0.06774902 0.1352539 0.0661621 0.1727295 1.4198 0.05102539 1.338379 -0.03991699 1.338379 0.05102539 1.4198 -0.03991699 1.338379 -0.03991699 1.4198 0.05102539 0.0649414 0.1727295 -0.00805664 0.01501464 0.06713867 0.1791992 -0.007080078 0.09057617 -0.00805664 0.01501464 0.0649414 0.1727295 1.419556 -0.04052734 1.338257 0.05126953 1.419556 0.05126953 1.338257 -0.04052734 1.338257 0.05126953 1.419556 -0.04052734 0.1577148 0.3309326 0.1262207 0.4594727 0.09484863 0.3309326 0.1890869 0.4594727 0.1262207 0.4594727 0.1577148 0.3309326 0.002441406 0.1601563 -0.06872558 0.1628417 -0.06127929 0.1392822 0.002929687 0.2032471 -0.06872558 0.1628417 0.002441406 0.1601563 0.1577148 0.3309326 0.1262207 0.4594727 0.09484863 0.3309326 0.1890869 0.4594727 0.1262207 0.4594727 0.1577148 0.3309326 0.7033691 0.293335 0.7618408 0.2287598 0.7614746 0.293335 0.7038574 0.2287598 0.7618408 0.2287598 0.7033691 0.293335 0.7034912 0.2287598 0.7613525 0.2930908 0.7614746 0.2287598 0.7032471 0.2930908 0.7613525 0.2930908 0.7034912 0.2287598 0.7033691 0.293335 0.7618408 0.2287598 0.7614746 0.293335 0.7038574 0.2287598 0.7618408 0.2287598 0.7033691 0.293335 0.47229 0.01708984 0.4493408 0.0559082 0.47229 0.0559082 0.4493408 0.01708984 0.4493408 0.0559082 0.47229 0.01708984 0.7618408 0.2287598 0.7033691 0.293335 0.7614746 0.293335 0.7038574 0.2287598 0.7033691 0.293335 0.7618408 0.2287598 0.7613525 0.2930908 0.7034912 0.2287598 0.7614746 0.2287598 0.7032471 0.2930908 0.7034912 0.2287598 0.7613525 0.2930908 0.47229 0.01708984 0.4493408 0.01708984 0.4493408 0.01708984 0.47229 0.01708984 0.4493408 0.01708984 0.47229 0.01708984 0.4493408 0.0559082 0.47229 0.0559082 0.47229 0.0559082 0.4493408 0.0559082 0.47229 0.0559082 0.4493408 0.0559082 0.47229 0.01708984 0.4493408 0.0559082 0.4493408 0.01708984 0.47229 0.0559082 0.4493408 0.0559082 0.47229 0.01708984 0.7618408 0.2287598 0.7033691 0.293335 0.7614746 0.293335 0.7038574 0.2287598 0.7033691 0.293335 0.7618408 0.2287598 0.6258545 0.1015625 0.6103516 0.112793 0.6282959 0.112915 0.6094971 0.1009521 0.6103516 0.112793 0.6258545 0.1015625 0.4493408 0.01708984 0.47229 0.01708984 0.47229 0.01708984 0.4493408 0.01708984 0.47229 0.01708984 0.4493408 0.01708984 0.4493408 0.0559082 0.47229 0.0559082 0.47229 0.0559082 0.4493408 0.0559082 0.47229 0.0559082 0.4493408 0.0559082 0.4819336 0.451416 0.5008545 0.15979 0.4819336 0.2011719 0.4998779 0.4831543 0.5008545 0.15979 0.4819336 0.451416 0.7618408 0.2287598 0.7033691 0.293335 0.7614746 0.293335 0.7038574 0.2287598 0.7033691 0.293335 0.7618408 0.2287598 0.01818847 0.5541992 -0.03234863 0.6696777 -0.01489257 0.5539551 0.03430175 0.6702881 -0.03234863 0.6696777 0.01818847 0.5541992 0.7613525 0.2930908 0.7034912 0.2287598 0.7614746 0.2287598 0.7032471 0.2930908 0.7034912 0.2287598 0.7613525 0.2930908 0.8037109 0.3985596 0.805542 0.2232666 0.7905273 0.3966064 0.7674561 0.387207 0.805542 0.2232666 0.8037109 0.3985596 0.7084961 0.4694824 0.7507324 0.4689941 0.7506104 0.4694824 0.708252 0.4689941 0.7507324 0.4689941 0.7084961 0.4694824 0.7523193 0.4549561 0.708252 0.4689941 0.7058105 0.4549561 0.7507324 0.4689941 0.708252 0.4689941 0.7523193 0.4549561 0.47229 0.01708984 0.4493408 0.01708984 0.4493408 0.01708984 0.47229 0.01708984 0.4493408 0.01708984 0.47229 0.01708984 0.7320557 0.2645264 0.6590576 0.2232666 0.6743164 0.3969727 0.677002 0.1391602 0.6590576 0.2232666 0.7320557 0.2645264 0.4493408 0.0559082 0.47229 0.0559082 0.47229 0.0559082 0.4493408 0.0559082 0.47229 0.0559082 0.4493408 0.0559082 0.47229 0.01708984 0.4493408 0.0559082 0.4493408 0.01708984 0.47229 0.0559082 0.4493408 0.0559082 0.47229 0.01708984 0.7618408 0.2287598 0.7033691 0.293335 0.7614746 0.293335 0.7038574 0.2287598 0.7033691 0.293335 0.7618408 0.2287598 0.4493408 0.01708984 0.47229 0.01708984 0.47229 0.01708984 0.4493408 0.01708984 0.47229 0.01708984 0.4493408 0.01708984 0.4493408 0.0559082 0.47229 0.0559082 0.47229 0.0559082 0.4493408 0.0559082 0.47229 0.0559082 0.4493408 0.0559082 0.6014404 0.1126708 0.6014404 0.100708 0.6103516 0.112793 0.5917969 0.1126708 0.6014404 0.100708 0.6014404 0.1126708 0.5917969 0.1126708 0.5821533 0.1004639 0.6014404 0.100708 0.5821533 0.1125488 0.5821533 0.1004639 0.5917969 0.1126708 0.7033691 0.293335 0.7618408 0.2287598 0.7614746 0.293335 0.7038574 0.2287598 0.7618408 0.2287598 0.7033691 0.293335 0.7034912 0.2287598 0.7613525 0.2930908 0.7614746 0.2287598 0.7032471 0.2930908 0.7613525 0.2930908 0.7034912 0.2287598 0.7033691 0.293335 0.7618408 0.2287598 0.7614746 0.293335 0.7038574 0.2287598 0.7618408 0.2287598 0.7033691 0.293335 0.47229 0.03076171 0.4493408 0.06970214 0.4493408 0.03076171 0.47229 0.06970214 0.4493408 0.06970214 0.47229 0.03076171 0.9359131 0.3690186 0.9194336 0.4251709 0.935791 0.4819336 0.9202881 0.3518066 0.9194336 0.4251709 0.9359131 0.3690186 0.8212891 0.4230957 0.8253174 0.3497314 0.8116455 0.3758545 0.9194336 0.4251709 0.8253174 0.3497314 0.8212891 0.4230957 0.06933593 -0.8309326 -0.06640625 -0.9034424 0.06982421 -0.9089355 -0.06750488 -0.8339844 -0.06640625 -0.9034424 0.06933593 -0.8309326 0.06970214 -0.9091797 -0.06738281 -0.8342285 0.06921386 -0.8311768 -0.06628417 -0.9036865 -0.06738281 -0.8342285 0.06970214 -0.9091797 0.3664551 -0.05126953 0.4318848 -0.1243896 0.3664551 -0.1243896 0.4318848 -0.05126953 0.4318848 -0.1243896 0.3664551 -0.05126953 0.369751 0.02050781 0.4291992 0.08325195 0.4291992 0.02050781 0.369751 0.08325195 0.4291992 0.08325195 0.369751 0.02050781 0.4058838 0.02062988 0.3885498 0.0883789 0.3885498 0.02062988 0.4058838 0.0883789 0.3885498 0.0883789 0.4058838 0.02062988 0.03430175 0.6702881 0.01818847 0.5541992 0.03430175 0.6702881 -0.03234863 0.6696777 0.01818847 0.5541992 0.03430175 0.6702881 0.4071045 0.02111816 0.4257813 0.09191894 0.4257813 0.02111816 0.4071045 0.09191894 0.4257813 0.09191894 0.4071045 0.02111816 0.369751 0.08325195 0.4291992 0.189209 0.4291992 0.08325195 0.369751 0.189209 0.4291992 0.189209 0.369751 0.08325195 -0.5830078 0.05163574 -0.6206055 0.004394531 -0.5834961 -0.04626464 -0.6602783 0.05163574 -0.6206055 0.004394531 -0.5830078 0.05163574 -0.6549072 0.0135498 -0.6192627 -0.01452636 -0.6601563 -0.0460205 -0.6610107 -0.05236816 -0.6192627 -0.01452636 -0.6549072 0.0135498 0.4291992 0.08325195 0.369751 0.189209 0.369751 0.08325195 0.4291992 0.189209 0.369751 0.189209 0.4291992 0.08325195 0.1546631 0.3215332 0.08081054 0.3209229 0.1546631 0.1599121 0.1132813 0.46521 0.08081054 0.3209229 0.1546631 0.3215332 0.4200439 0.1850586 0.4071045 0.09191894 0.4100342 0.1850586 0.4257813 0.09191894 0.4071045 0.09191894 0.4200439 0.1850586 0.1165771 0.1038818 0.09460449 0.1038818 0.09350585 0.1585693 0.09460449 -0.01855468 0.09460449 0.1038818 0.1165771 0.1038818 1.419556 -0.04052734 1.338257 0.05126953 1.419556 0.05126953 0.07849121 0.2702637 0.03234863 0.2626953 0.03234863 0.2819824 0.07849121 0.2702637 0.03234863 0.2949219 0.03234863 0.3078613 1.338257 -0.04052734 1.338257 0.05126953 1.419556 -0.04052734 1.06189 0.4765625 1.028442 0.3175049 1.061401 0.3242188 1.419556 -0.04052734 1.419556 0.05126953 1.338257 0.05126953 1.338257 -0.04052734 1.419556 -0.04052734 1.338257 0.05126953 0.4702148 -0.06726074 0.4702148 -0.06726074 0.4732666 -0.04614257 0.07006835 0.1295166 0.06774902 0.1352539 -0.00793457 0.05603027 0.4702148 -0.06713867 0.4702148 0.0279541 0.4732666 0.03259277 -0.1217041 -0.02832031 -0.1248779 -0.1397705 -0.1297607 -0.02770996 0.002929687 0.2032471 -0.05432128 0.2033691 -0.06872558 0.1628417 0.06713867 0.1791992 0.07006835 0.1295166 0.06774902 0.1352539 0.06774902 0.1352539 -0.006835937 0.09851074 0.06530761 0.1409912 0.5834961 -0.05310058 0.6025391 -0.05310058 0.5834961 0.06323242 0.6575928 -0.05310058 0.6396484 -0.05310058 0.6575928 0.06323242 0.6396484 0.06323242 0.6217041 0.06323242 0.6396484 -0.05310058 0.6575928 0.06323242 0.6575928 -0.05310058 0.6396484 -0.05310058 -0.1147461 -0.02905273 -0.1217041 -0.02832031 -0.1130371 -0.135498 0.2623291 -0.1317139 0.2086182 -0.1619873 0.2623291 -0.1317139 0.9064941 0.04797363 0.9199219 0.06213378 0.9351807 -0.0447998 0.9064941 0.1245117 0.9064941 0.1168213 0.9151611 0.1307373 0.9199219 0.06213378 0.9064941 0.04797363 0.9064941 0.1168213 0.9064941 -0.04992675 0.927002 -0.01208496 0.9351807 -0.0447998 0.208374 0.1485596 0.2657471 0.1661376 0.208374 0.1080322 0.4675293 0.3444824 0.4645996 0.4055176 0.4195557 0.3444824 0.7674561 0.387207 0.7832031 0.2249756 0.805542 0.2232666 0.5821533 0.1125488 0.5821533 0.1125488 0.5821533 0.1004639 0.4197998 0.3444824 0.4613037 0.293457 0.4400635 0.2546387 0.9202881 0.3518066 0.8253174 0.3497314 0.9194336 0.4251709 -0.5791016 -0.05236816 -0.6192627 -0.01452636 -0.6610107 -0.05236816</float_array>
          <technique_common>
            <accessor source="#polygon0-mesh-map-0-array" count="2256" stride="2">
              <param name="S" type="float"/>
              <param name="T" type="float"/>
            </accessor>
          </technique_common>
        </source>
        <source id="polygon0-mesh-colors-polygon0_Colors0" name="polygon0_Colors0">
          <float_array id="polygon0-mesh-colors-polygon0_Colors0-array" count="9024">0 0 0 1 0.4823529 0.4901961 0.4823529 1 0.1921569 0.1882353 0.1921569 1 0.3882353 0.3960784 0.3882353 1 0.4823529 0.4901961 0.4823529 1 0 0 0 1 0.3882353 0.3960784 0.3882353 1 0.3882353 0.3960784 0.3882353 1 0 0 0 1 0.7098039 0.6980392 0.7098039 1 0.3882353 0.3960784 0.3882353 1 0.3882353 0.3960784 0.3882353 1 0.9058824 0.9058824 0.9058824 1 0.7098039 0.6980392 0.7098039 1 0.3882353 0.3960784 0.3882353 1 1 1 1 1 0.7098039 0.6980392 0.7098039 1 0.9058824 0.9058824 0.9058824 1 1 1 1 1 1 1 1 1 0.9058824 0.9058824 0.9058824 1 1 1 1 1 1 1 1 1 1 1 1 1 1 1 1 1 1 1 1 1 1 1 1 1 0.7098039 0.6980392 0.7098039 1 1 1 1 1 1 1 1 1 0.9058824 0.9058824 0.9058824 1 0.7098039 0.6980392 0.7098039 1 1 1 1 1 0.3882353 0.3960784 0.3882353 1 0.7098039 0.6980392 0.7098039 1 0.9058824 0.9058824 0.9058824 1 0.3882353 0.3960784 0.3882353 1 0.3882353 0.3960784 0.3882353 1 0.9058824 0.9058824 0.9058824 1 0 0 0 1 0.3882353 0.3960784 0.3882353 1 0.3882353 0.3960784 0.3882353 1 0.3882353 0.3960784 0.3882353 1 0 0 0 1 0.3882353 0.3960784 0.3882353 1 1 1 1 1 0.9058824 0.9058824 0.9058824 1 0.9058824 0.9058824 0.9058824 1 0.9058824 0.9058824 0.9058824 1 0.9058824 0.9058824 0.9058824 1 1 1 1 1 0.8705883 0.8588235 0.8705883 1 0.9058824 0.9058824 0.9058824 1 1 1 1 1 0.9058824 0.9058824 0.9058824 1 0.9058824 0.9058824 0.9058824 1 0.8705883 0.8588235 0.8705883 1 0.8705883 0.8588235 0.8705883 1 0.9058824 0.9058824 0.9058824 1 0.8705883 0.8588235 0.8705883 1 1 1 1 1 0.9058824 0.9058824 0.9058824 1 0.8705883 0.8588235 0.8705883 1 0.5803922 0.5725491 0.5803922 1 1 1 1 1 0.8705883 0.8588235 0.8705883 1 0.2901961 0.3019608 0.2901961 1 1 1 1 1 0.5803922 0.5725491 0.5803922 1 0.4823529 0.4901961 0.4823529 1 0.2901961 0.3019608 0.2901961 1 0.5803922 0.5725491 0.5803922 1 0.2901961 0.3019608 0.2901961 1 0.2901961 0.3019608 0.2901961 1 0.4823529 0.4901961 0.4823529 1 0.4823529 0.4901961 0.4823529 1 0.2901961 0.3019608 0.2901961 1 0.4823529 0.4901961 0.4823529 1 0.6117647 0.6039216 0.6117647 1 0.2901961 0.3019608 0.2901961 1 0.4823529 0.4901961 0.4823529 1 0.4509804 0.4431372 0.4509804 1 0.4509804 0.4431372 0.4509804 1 0.7411765 0.7294118 0.7411765 1 0.4509804 0.4431372 0.4509804 1 0.4509804 0.4431372 0.4509804 1 0.4509804 0.4431372 0.4509804 1 1 1 1 1 0.4509804 0.4431372 0.4509804 1 0.4509804 0.4431372 0.4509804 1 1 1 1 1 0.4509804 0.4431372 0.4509804 1 1 1 1 1 1 1 1 1 1 1 1 1 1 1 1 1 1 1 1 1 1 1 1 1 1 1 1 1 1 1 1 1 1 1 1 1 1 1 1 1 1 1 1 1 1 1 1 1 1 1 1 1 1 1 1 1 1 1 1 1 1 1 1 1 1 1 1 1 1 1 1 1 1 1 1 1 1 1 1 1 1 1 1 1 1 1 1 1 0.8705883 0.8588235 0.8705883 1 0.8078432 0.8117647 0.8078432 1 0.5803922 0.5725491 0.5803922 1 0.8078432 0.8117647 0.8078432 1 0.8078432 0.8117647 0.8078432 1 0.8705883 0.8588235 0.8705883 1 0.8705883 0.8588235 0.8705883 1 0.8078432 0.8117647 0.8078432 1 0.8705883 0.8588235 0.8705883 1 0.6117647 0.6039216 0.6117647 1 0.8078432 0.8117647 0.8078432 1 0.8705883 0.8588235 0.8705883 1 1 1 1 1 0.6117647 0.6039216 0.6117647 1 0.8705883 0.8588235 0.8705883 1 0.2901961 0.3019608 0.2901961 1 0.6117647 0.6039216 0.6117647 1 1 1 1 1 0.3882353 0.3960784 0.3882353 1 0.2901961 0.3019608 0.2901961 1 1 1 1 1 0.2901961 0.3019608 0.2901961 1 0.2901961 0.3019608 0.2901961 1 0.3882353 0.3960784 0.3882353 1 0.3882353 0.3960784 0.3882353 1 0.2901961 0.3019608 0.2901961 1 0.3882353 0.3960784 0.3882353 1 1 1 1 1 0.2901961 0.3019608 0.2901961 1 0.3882353 0.3960784 0.3882353 1 1 1 1 1 0.7098039 0.6980392 0.7098039 1 0.4509804 0.4588235 0.4509804 1 0.9686275 0.9529412 0.9686275 1 0.7098039 0.6980392 0.7098039 1 1 1 1 1 0.7098039 0.6980392 0.7098039 1 0.9686275 0.9529412 0.9686275 1 1 1 1 1 0.9686275 0.9529412 0.9686275 1 0.9686275 0.9529412 0.9686275 1 0.7098039 0.6980392 0.7098039 1 0.7098039 0.6980392 0.7098039 1 0.9686275 0.9529412 0.9686275 1 0.7098039 0.6980392 0.7098039 1 1 1 1 1 0.9686275 0.9529412 0.9686275 1 0.7098039 0.6980392 0.7098039 1 0.6117647 0.6039216 0.6117647 1 1 1 1 1 0.7098039 0.6980392 0.7098039 1 0.3882353 0.3960784 0.3882353 1 1 1 1 1 0.6117647 0.6039216 0.6117647 1 0.1921569 0.1882353 0.1921569 1 0.3882353 0.3960784 0.3882353 1 0.6117647 0.6039216 0.6117647 1 0.1921569 0.1882353 0.1921569 1 0.3882353 0.3960784 0.3882353 1 0.1921569 0.1882353 0.1921569 1 0.6117647 0.6039216 0.6117647 1 0.8705883 0.8588235 0.8705883 1 0.8078432 0.8117647 0.8078432 1 1 1 1 1 0.8705883 0.8588235 0.8705883 1 0.6117647 0.6039216 0.6117647 1 0.2901961 0.3019608 0.2901961 1 1 1 1 1 0.6117647 0.6039216 0.6117647 1 0.3882353 0.3960784 0.3882353 1 1 1 1 1 0.2901961 0.3019608 0.2901961 1 0.2901961 0.3019608 0.2901961 1 0.3882353 0.3960784 0.3882353 1 0.2901961 0.3019608 0.2901961 1 0.3882353 0.3960784 0.3882353 1 0.3882353 0.3960784 0.3882353 1 0.2901961 0.3019608 0.2901961 1 1 1 1 1 0.3882353 0.3960784 0.3882353 1 0.2901961 0.3019608 0.2901961 1 0.9058824 0.9058824 0.9058824 1 0.3882353 0.3960784 0.3882353 1 1 1 1 1 0.9058824 0.9058824 0.9058824 1 0.9058824 0.9058824 0.9058824 1 1 1 1 1 0.9058824 0.9058824 0.9058824 1 0.9058824 0.9058824 0.9058824 1 0.9058824 0.9058824 0.9058824 1 0.9058824 0.9058824 0.9058824 1 0.9058824 0.9058824 0.9058824 1 0.9058824 0.9058824 0.9058824 1 0.9058824 0.9058824 0.9058824 1 0.9058824 0.9058824 0.9058824 1 0.9058824 0.9058824 0.9058824 1 0.9058824 0.9058824 0.9058824 1 0.9058824 0.9058824 0.9058824 1 0.9058824 0.9058824 0.9058824 1 1 1 1 1 0.9058824 0.9058824 0.9058824 1 0.9058824 0.9058824 0.9058824 1 0.9058824 0.9058824 0.9058824 1 0.9058824 0.9058824 0.9058824 1 1 1 1 1 0.3882353 0.3960784 0.3882353 1 0.9058824 0.9058824 0.9058824 1 1 1 1 1 0.9058824 0.9058824 0.9058824 1 0.9058824 0.9058824 0.9058824 1 0.3882353 0.3960784 0.3882353 1 0.9058824 0.9058824 0.9058824 1 0.9058824 0.9058824 0.9058824 1 0.3882353 0.3960784 0.3882353 1 0.4823529 0.4901961 0.4823529 1 1 1 1 1 0.4823529 0.4901961 0.4823529 1 1 1 1 1 1 1 1 1 0.4823529 0.4901961 0.4823529 1 0.4823529 0.4901961 0.4823529 1 1 1 1 1 0.4823529 0.4901961 0.4823529 1 1 1 1 1 1 1 1 1 0.4823529 0.4901961 0.4823529 1 1 1 1 1 1 1 1 1 0.4823529 0.4901961 0.4823529 1 0.3882353 0.3960784 0.3882353 1 1 1 1 1 1 1 1 1 0.3882353 0.3960784 0.3882353 1 0.3882353 0.3960784 0.3882353 1 1 1 1 1 0.1921569 0.1882353 0.1921569 1 0.3882353 0.3960784 0.3882353 1 0.3882353 0.3960784 0.3882353 1 0.1921569 0.1882353 0.1921569 1 0.1921569 0.1882353 0.1921569 1 0.3882353 0.3960784 0.3882353 1 0.4823529 0.4901961 0.4823529 1 0.7098039 0.6980392 0.7098039 1 0.3882353 0.3960784 0.3882353 1 1 1 1 1 0.7098039 0.6980392 0.7098039 1 0.4823529 0.4901961 0.4823529 1 0.8078432 0.8117647 0.8078432 1 1 1 1 1 0.4823529 0.4901961 0.4823529 1 0.8078432 0.8117647 0.8078432 1 1 1 1 1 0.8078432 0.8117647 0.8078432 1 0.4823529 0.4901961 0.4823529 1 0.8078432 0.8117647 0.8078432 1 0.8078432 0.8117647 0.8078432 1 0.3882353 0.3960784 0.3882353 1 0.8078432 0.8117647 0.8078432 1 0.4823529 0.4901961 0.4823529 1 0.1921569 0.1882353 0.1921569 1 0.3882353 0.3960784 0.3882353 1 0.4823529 0.4901961 0.4823529 1 0.4823529 0.4901961 0.4823529 1 0.3882353 0.3960784 0.3882353 1 0.1921569 0.1882353 0.1921569 1 0.7098039 0.6980392 0.7098039 1 1 1 1 1 0.4509804 0.4588235 0.4509804 1 0.9686275 0.9529412 0.9686275 1 1 1 1 1 0.7098039 0.6980392 0.7098039 1 0.7098039 0.6980392 0.7098039 1 0.9686275 0.9529412 0.9686275 1 0.7098039 0.6980392 0.7098039 1 0.9686275 0.9529412 0.9686275 1 0.9686275 0.9529412 0.9686275 1 0.7098039 0.6980392 0.7098039 1 1 1 1 1 0.9686275 0.9529412 0.9686275 1 0.7098039 0.6980392 0.7098039 1 0.7098039 0.6980392 0.7098039 1 0.9686275 0.9529412 0.9686275 1 1 1 1 1 0.6117647 0.6039216 0.6117647 1 0.7098039 0.6980392 0.7098039 1 1 1 1 1 1 1 1 1 0.3882353 0.3960784 0.3882353 1 1 1 1 1 0.3882353 0.3960784 0.3882353 1 0.3882353 0.3960784 0.3882353 1 1 1 1 1 1 1 1 1 0.3882353 0.3960784 0.3882353 1 1 1 1 1 0.3882353 0.3960784 0.3882353 1 0.3882353 0.3960784 0.3882353 1 1 1 1 1 0.3882353 0.3960784 0.3882353 1 0.3882353 0.3960784 0.3882353 1 1 1 1 1 0.1921569 0.1882353 0.1921569 1 0.3882353 0.3960784 0.3882353 1 0.3882353 0.3960784 0.3882353 1 0.1921569 0.1882353 0.1921569 1 0.1921569 0.1882353 0.1921569 1 0.3882353 0.3960784 0.3882353 1 1 1 1 1 1 1 1 1 1 1 1 1 1 1 1 1 1 1 1 1 1 1 1 1 1 1 1 1 1 1 1 1 1 1 1 1 1 1 1 1 1 1 1 1 1 1 1 1 1 1 1 1 1 1 1 1 1 1 1 1 1 1 1 1 1 1 1 1 1 1 1 1 1 1 1 1 1 1 1 1 1 1 1 1 1 1 1 1 0.7098039 0.6980392 0.7098039 1 0.9686275 0.9529412 0.9686275 1 0.4823529 0.4901961 0.4823529 1 0.7098039 0.6980392 0.7098039 1 1 1 1 1 0.3882353 0.3960784 0.3882353 1 0.4823529 0.4901961 0.4823529 1 1 1 1 1 0.4823529 0.4901961 0.4823529 1 0.4823529 0.4901961 0.4823529 1 0.3882353 0.3960784 0.3882353 1 0.4823529 0.4901961 0.4823529 1 0.4823529 0.4901961 0.4823529 1 0.3882353 0.3960784 0.3882353 1 0.4823529 0.4901961 0.4823529 1 0.4823529 0.4901961 0.4823529 1 0.4823529 0.4901961 0.4823529 1 0.4509804 0.4588235 0.4509804 1 0.4823529 0.4901961 0.4823529 1 0.4823529 0.4901961 0.4823529 1 0.1921569 0.1882353 0.1921569 1 0.4823529 0.4901961 0.4823529 1 0.1921569 0.1882353 0.1921569 1 0.8078432 0.8117647 0.8078432 1 0.4823529 0.4901961 0.4823529 1 0.1921569 0.1882353 0.1921569 1 0.1921569 0.1882353 0.1921569 1 0.8078432 0.8117647 0.8078432 1 0.1921569 0.1882353 0.1921569 1 1 1 1 1 0.8078432 0.8117647 0.8078432 1 0.1921569 0.1882353 0.1921569 1 1 1 1 1 1 1 1 1 0.1921569 0.1882353 0.1921569 1 0.9058824 0.9058824 0.9058824 1 1 1 1 1 1 1 1 1 0.8078432 0.8117647 0.8078432 1 0.9058824 0.9058824 0.9058824 1 1 1 1 1 0.4509804 0.4431372 0.4509804 1 0.7411765 0.7294118 0.7411765 1 0.4509804 0.4431372 0.4509804 1 1 1 1 1 0.7411765 0.7294118 0.7411765 1 0.4509804 0.4431372 0.4509804 1 1 1 1 1 1 1 1 1 0.4509804 0.4431372 0.4509804 1 1 1 1 1 1 1 1 1 1 1 1 1 1 1 1 1 1 1 1 1 1 1 1 1 1 1 1 1 1 1 1 1 1 1 1 1 1 1 1 1 1 1 1 1 1 1 1 1 1 1 1 1 1 1 1 1 1 1 1 1 1 1 1 1 1 1 1 1 1 1 1 1 1 1 1 1 1 1 1 1 1 1 1 1 1 1 1 1 1 1 1 1 1 1 1 1 1 1 1 1 1 1 1 1 1 1 1 1 1 1 1 1 1 1 1 1 1 1 1 1 0.7411765 0.7294118 0.7411765 1 1 1 1 1 1 1 1 1 0.5176471 0.509804 0.5176471 1 0.1921569 0.1882353 0.1921569 1 0.1921569 0.1882353 0.1921569 1 0.5176471 0.509804 0.5176471 1 0.1921569 0.1882353 0.1921569 1 0.5176471 0.509804 0.5176471 1 1 1 1 1 0.5176471 0.509804 0.5176471 1 0.5176471 0.509804 0.5176471 1 1 1 1 1 0.5176471 0.509804 0.5176471 1 1 1 1 1 0.4823529 0.4901961 0.4823529 1 1 1 1 1 1 1 1 1 0.4823529 0.4901961 0.4823529 1 1 1 1 1 0.4823529 0.4901961 0.4823529 1 0.5176471 0.509804 0.5176471 1 0.1921569 0.1882353 0.1921569 1 0.1921569 0.1882353 0.1921569 1 0.5176471 0.509804 0.5176471 1 0.1921569 0.1882353 0.1921569 1 0.5176471 0.509804 0.5176471 1 1 1 1 1 0.5176471 0.509804 0.5176471 1 0.5176471 0.509804 0.5176471 1 1 1 1 1 0.5176471 0.509804 0.5176471 1 1 1 1 1 0.4823529 0.4901961 0.4823529 1 1 1 1 1 1 1 1 1 0.2901961 0.3019608 0.2901961 1 1 1 1 1 0.4823529 0.4901961 0.4823529 1 1 1 1 1 0.4823529 0.4901961 0.4823529 1 0.4823529 0.4901961 0.4823529 1 1 1 1 1 0.4823529 0.4901961 0.4823529 1 1 1 1 1 0.3882353 0.3960784 0.3882353 1 1 1 1 1 1 1 1 1 0.5176471 0.509804 0.5176471 1 1 1 1 1 0.3882353 0.3960784 0.3882353 1 0.1921569 0.1882353 0.1921569 1 0.5176471 0.509804 0.5176471 1 0.3882353 0.3960784 0.3882353 1 0.1921569 0.1882353 0.1921569 1 0.5176471 0.509804 0.5176471 1 0.1921569 0.1882353 0.1921569 1 1 1 1 1 0.4823529 0.4901961 0.4823529 1 0.4823529 0.4901961 0.4823529 1 1 1 1 1 0.4823529 0.4901961 0.4823529 1 1 1 1 1 0.5176471 0.509804 0.5176471 1 1 1 1 1 1 1 1 1 0.5176471 0.509804 0.5176471 1 1 1 1 1 0.5176471 0.509804 0.5176471 1 0.1921569 0.1882353 0.1921569 1 0.5176471 0.509804 0.5176471 1 0.5176471 0.509804 0.5176471 1 0.1921569 0.1882353 0.1921569 1 0.5176471 0.509804 0.5176471 1 0.1921569 0.1882353 0.1921569 1 0.3882353 0.3960784 0.3882353 1 0.1921569 0.1882353 0.1921569 1 0.1921569 0.1882353 0.1921569 1 0.3882353 0.3960784 0.3882353 1 0.1921569 0.1882353 0.1921569 1 0.3882353 0.3960784 0.3882353 1 1 1 1 1 0.3882353 0.3960784 0.3882353 1 0.3882353 0.3960784 0.3882353 1 1 1 1 1 0.3882353 0.3960784 0.3882353 1 1 1 1 1 0.4823529 0.4901961 0.4823529 1 1 1 1 1 1 1 1 1 0.6117647 0.6039216 0.6117647 1 1 1 1 1 0.4823529 0.4901961 0.4823529 1 1 1 1 1 0.9058824 0.9058824 0.9058824 1 1 1 1 1 0.9058824 0.9058824 0.9058824 1 0.9058824 0.9058824 0.9058824 1 1 1 1 1 1 1 1 1 0.9058824 0.9058824 0.9058824 1 1 1 1 1 0.9058824 0.9058824 0.9058824 1 0.9058824 0.9058824 0.9058824 1 1 1 1 1 0.8078432 0.8117647 0.8078432 1 0.9058824 0.9058824 0.9058824 1 1 1 1 1 1 1 1 1 0.9058824 0.9058824 0.9058824 1 0.8078432 0.8117647 0.8078432 1 0.1921569 0.1882353 0.1921569 1 0.1921569 0.1882353 0.1921569 1 0.1921569 0.1882353 0.1921569 1 0.1921569 0.1882353 0.1921569 1 0.1921569 0.1882353 0.1921569 1 0.1921569 0.1882353 0.1921569 1 0.9058824 0.9058824 0.9058824 1 0.1921569 0.1882353 0.1921569 1 0.1921569 0.1882353 0.1921569 1 0.9686275 0.9529412 0.9686275 1 0.1921569 0.1882353 0.1921569 1 0.9058824 0.9058824 0.9058824 1 0.9058824 0.9058824 0.9058824 1 0.9686275 0.9529412 0.9686275 1 0.9058824 0.9058824 0.9058824 1 0.9058824 0.9058824 0.9058824 1 0.9686275 0.9529412 0.9686275 1 0.9058824 0.9058824 0.9058824 1 0.09411764 0.09411764 0.09411764 1 0 0 0 1 0.09411764 0.09411764 0.09411764 1 0 0 0 1 0 0 0 1 0.09411764 0.09411764 0.09411764 1 0.09411764 0.09411764 0.09411764 1 0 0 0 1 0.09411764 0.09411764 0.09411764 1 0 0 0 1 0 0 0 1 0.09411764 0.09411764 0.09411764 1 0.09411764 0.09411764 0.09411764 1 0 0 0 1 0.09411764 0.09411764 0.09411764 1 0.09411764 0.09411764 0.09411764 1 0 0 0 1 0.09411764 0.09411764 0.09411764 1 0.09411764 0.09411764 0.09411764 1 0 0 0 1 0.09411764 0.09411764 0.09411764 1 0 0 0 1 0 0 0 1 0.09411764 0.09411764 0.09411764 1 0.09411764 0.09411764 0.09411764 1 0 0 0 1 0.09411764 0.09411764 0.09411764 1 0 0 0 1 0 0 0 1 0.09411764 0.09411764 0.09411764 1 0.09411764 0.09411764 0.09411764 1 0 0 0 1 0.09411764 0.09411764 0.09411764 1 0.09411764 0.09411764 0.09411764 1 0 0 0 1 0.09411764 0.09411764 0.09411764 1 0.3882353 0.3960784 0.3882353 1 0.1921569 0.1882353 0.1921569 1 0.1921569 0.1882353 0.1921569 1 0.3882353 0.3960784 0.3882353 1 0.1921569 0.1882353 0.1921569 1 0.3882353 0.3960784 0.3882353 1 1 1 1 1 0.3882353 0.3960784 0.3882353 1 0.3882353 0.3960784 0.3882353 1 1 1 1 1 0.3882353 0.3960784 0.3882353 1 1 1 1 1 0.4823529 0.4901961 0.4823529 1 1 1 1 1 1 1 1 1 0.1921569 0.1882353 0.1921569 1 1 1 1 1 0.4823529 0.4901961 0.4823529 1 0.4823529 0.4901961 0.4823529 1 1 1 1 1 0.4823529 0.4901961 0.4823529 1 1 1 1 1 1 1 1 1 0.4823529 0.4901961 0.4823529 1 0.4823529 0.4901961 0.4823529 1 1 1 1 1 0.4823529 0.4901961 0.4823529 1 1 1 1 1 1 1 1 1 0.4823529 0.4901961 0.4823529 1 1 1 1 1 1 1 1 1 0.4823529 0.4901961 0.4823529 1 0.5176471 0.509804 0.5176471 1 1 1 1 1 1 1 1 1 0.4823529 0.4901961 0.4823529 1 0.1921569 0.1882353 0.1921569 1 0.1921569 0.1882353 0.1921569 1 0.8078432 0.8117647 0.8078432 1 0.1921569 0.1882353 0.1921569 1 0.4823529 0.4901961 0.4823529 1 1 1 1 1 0.8078432 0.8117647 0.8078432 1 0.4823529 0.4901961 0.4823529 1 1 1 1 1 0.8078432 0.8117647 0.8078432 1 1 1 1 1 0.8078432 0.8117647 0.8078432 1 1 1 1 1 1 1 1 1 0.9058824 0.9058824 0.9058824 1 1 1 1 1 0.8078432 0.8117647 0.8078432 1 0.1921569 0.1882353 0.1921569 1 0.5176471 0.509804 0.5176471 1 0.1921569 0.1882353 0.1921569 1 0.5176471 0.509804 0.5176471 1 0.5176471 0.509804 0.5176471 1 0.1921569 0.1882353 0.1921569 1 0.1921569 0.1882353 0.1921569 1 0.5176471 0.509804 0.5176471 1 0.1921569 0.1882353 0.1921569 1 0.5176471 0.509804 0.5176471 1 0.5176471 0.509804 0.5176471 1 0.1921569 0.1882353 0.1921569 1 0.1921569 0.1882353 0.1921569 1 0.5176471 0.509804 0.5176471 1 0.1921569 0.1882353 0.1921569 1 0.3882353 0.3960784 0.3882353 1 0.5176471 0.509804 0.5176471 1 0.1921569 0.1882353 0.1921569 1 0.3882353 0.3960784 0.3882353 1 0.1921569 0.1882353 0.1921569 1 0.3882353 0.3960784 0.3882353 1 0.1921569 0.1882353 0.1921569 1 0.1921569 0.1882353 0.1921569 1 0.3882353 0.3960784 0.3882353 1 0.3882353 0.3960784 0.3882353 1 0.1921569 0.1882353 0.1921569 1 0.3882353 0.3960784 0.3882353 1 0.1921569 0.1882353 0.1921569 1 0.1921569 0.1882353 0.1921569 1 0.3882353 0.3960784 0.3882353 1 0.1921569 0.1882353 0.1921569 1 0.1921569 0.1882353 0.1921569 1 0.3882353 0.3960784 0.3882353 1 0.8705883 0.8588235 0.8705883 1 0.8705883 0.8588235 0.8705883 1 0.8078432 0.8117647 0.8078432 1 0.9058824 0.9058824 0.9058824 1 0.8705883 0.8588235 0.8705883 1 0.8705883 0.8588235 0.8705883 1 0.9058824 0.9058824 0.9058824 1 0.9058824 0.9058824 0.9058824 1 0.8705883 0.8588235 0.8705883 1 0.9058824 0.9058824 0.9058824 1 0.9058824 0.9058824 0.9058824 1 0.9058824 0.9058824 0.9058824 1 0.9058824 0.9058824 0.9058824 1 0.9058824 0.9058824 0.9058824 1 0.9058824 0.9058824 0.9058824 1 1 1 1 1 1 1 1 1 1 1 1 1 1 1 1 1 1 1 1 1 1 1 1 1 1 1 1 1 1 1 1 1 1 1 1 1 1 1 1 1 1 1 1 1 1 1 1 1 1 1 1 1 1 1 1 1 1 1 1 1 1 1 1 1 0.3882353 0.3960784 0.3882353 1 1 1 1 1 0.5176471 0.509804 0.5176471 1 0.3882353 0.3960784 0.3882353 1 1 1 1 1 1 1 1 1 0.5176471 0.509804 0.5176471 1 1 1 1 1 0.5176471 0.509804 0.5176471 1 0.5176471 0.509804 0.5176471 1 1 1 1 1 0.5176471 0.509804 0.5176471 1 0.5176471 0.509804 0.5176471 1 1 1 1 1 0.8078432 0.8117647 0.8078432 1 0.8078432 0.8117647 0.8078432 1 0.8078432 0.8117647 0.8078432 1 1 1 1 1 0.8078432 0.8117647 0.8078432 1 0.8078432 0.8117647 0.8078432 1 1 1 1 1 1 1 1 1 0.8078432 0.8117647 0.8078432 1 1 1 1 1 1 1 1 1 1 1 1 1 1 1 1 1 1 1 1 1 1 1 1 1 0.9058824 0.9058824 0.9058824 1 0.1921569 0.1882353 0.1921569 1 0.9058824 0.9058824 0.9058824 1 0.1921569 0.1882353 0.1921569 1 0.1921569 0.1882353 0.1921569 1 0.9058824 0.9058824 0.9058824 1 0.9058824 0.9058824 0.9058824 1 0.1921569 0.1882353 0.1921569 1 0.9058824 0.9058824 0.9058824 1 0.1921569 0.1882353 0.1921569 1 0.1921569 0.1882353 0.1921569 1 0.9058824 0.9058824 0.9058824 1 1 1 1 1 0.1921569 0.1882353 0.1921569 1 0.9058824 0.9058824 0.9058824 1 0.9058824 0.9058824 0.9058824 1 0.9058824 0.9058824 0.9058824 1 0.9058824 0.9058824 0.9058824 1 0.9058824 0.9058824 0.9058824 1 0.9058824 0.9058824 0.9058824 1 0.9058824 0.9058824 0.9058824 1 0.9058824 0.9058824 0.9058824 1 0.9058824 0.9058824 0.9058824 1 0.9058824 0.9058824 0.9058824 1 0.9058824 0.9058824 0.9058824 1 0.9058824 0.9058824 0.9058824 1 0.9058824 0.9058824 0.9058824 1 0.9058824 0.9058824 0.9058824 1 0.9058824 0.9058824 0.9058824 1 0.9058824 0.9058824 0.9058824 1 0.3882353 0.3960784 0.3882353 1 0.3882353 0.3960784 0.3882353 1 0.1921569 0.1882353 0.1921569 1 1 1 1 1 0.3882353 0.3960784 0.3882353 1 0.3882353 0.3960784 0.3882353 1 1 1 1 1 1 1 1 1 0.3882353 0.3960784 0.3882353 1 0.4823529 0.4901961 0.4823529 1 1 1 1 1 1 1 1 1 0.4823529 0.4901961 0.4823529 1 0.4823529 0.4901961 0.4823529 1 1 1 1 1 1 1 1 1 1 1 1 1 1 1 1 1 1 1 1 1 1 1 1 1 1 1 1 1 1 1 1 1 1 1 1 1 1 1 1 1 1 1 1 1 1 1 1 1 1 1 1 1 1 1 1 1 1 1 1 1 1 1 1 1 0.9058824 0.9058824 0.9058824 1 1 1 1 1 1 1 1 1 0.9058824 0.9058824 0.9058824 1 1 1 1 1 0.9058824 0.9058824 0.9058824 1 0.8078432 0.8117647 0.8078432 1 0.9058824 0.9058824 0.9058824 1 0.9058824 0.9058824 0.9058824 1 0.8078432 0.8117647 0.8078432 1 0.9058824 0.9058824 0.9058824 1 0.8078432 0.8117647 0.8078432 1 0.3882353 0.3960784 0.3882353 1 0.8078432 0.8117647 0.8078432 1 0.8078432 0.8117647 0.8078432 1 0.8078432 0.8117647 0.8078432 1 1 1 1 1 1 1 1 1 0.8078432 0.8117647 0.8078432 1 1 1 1 1 0.8078432 0.8117647 0.8078432 1 0.3882353 0.3960784 0.3882353 1 0.8078432 0.8117647 0.8078432 1 0.8078432 0.8117647 0.8078432 1 0.4823529 0.4901961 0.4823529 1 0.8078432 0.8117647 0.8078432 1 0.3882353 0.3960784 0.3882353 1 1 1 1 1 1 1 1 1 1 1 1 1 0.8078432 0.8117647 0.8078432 1 1 1 1 1 1 1 1 1 0.8078432 0.8117647 0.8078432 1 0.8078432 0.8117647 0.8078432 1 1 1 1 1 0.1921569 0.1882353 0.1921569 1 0.8078432 0.8117647 0.8078432 1 0.8078432 0.8117647 0.8078432 1 0.1921569 0.1882353 0.1921569 1 0.8078432 0.8117647 0.8078432 1 0.1921569 0.1882353 0.1921569 1 0.9058824 0.9058824 0.9058824 1 0.8078432 0.8117647 0.8078432 1 0.1921569 0.1882353 0.1921569 1 0.1921569 0.1882353 0.1921569 1 0.9058824 0.9058824 0.9058824 1 0.1921569 0.1882353 0.1921569 1 0.1921569 0.1882353 0.1921569 1 0.9058824 0.9058824 0.9058824 1 0.1921569 0.1882353 0.1921569 1 0.1921569 0.1882353 0.1921569 1 0.9058824 0.9058824 0.9058824 1 0.1921569 0.1882353 0.1921569 1 0.9686275 0.9529412 0.9686275 1 0.9058824 0.9058824 0.9058824 1 0.1921569 0.1882353 0.1921569 1 1 1 1 1 0.9686275 0.9529412 0.9686275 1 0.1921569 0.1882353 0.1921569 1 0.9058824 0.9058824 0.9058824 1 0.9686275 0.9529412 0.9686275 1 1 1 1 1 0 0 0 1 0.09411764 0.09411764 0.09411764 1 0.09411764 0.09411764 0.09411764 1 0 0 0 1 0.09411764 0.09411764 0.09411764 1 0 0 0 1 0.09411764 0.09411764 0.09411764 1 0 0 0 1 0 0 0 1 0.09411764 0.09411764 0.09411764 1 0 0 0 1 0.09411764 0.09411764 0.09411764 1 1 1 1 1 0.1921569 0.1882353 0.1921569 1 0.2901961 0.3019608 0.2901961 1 0.5176471 0.509804 0.5176471 1 0.1921569 0.1882353 0.1921569 1 1 1 1 1 1 1 1 1 0.5176471 0.509804 0.5176471 1 1 1 1 1 0.5176471 0.509804 0.5176471 1 0.5176471 0.509804 0.5176471 1 1 1 1 1 1 1 1 1 1 1 1 1 1 1 1 1 1 1 1 1 1 1 1 1 1 1 1 1 1 1 1 1 1 1 1 1 1 1 1 1 1 1 1 1 1 1 1 1 1 1 1 1 0.1921569 0.1882353 0.1921569 1 1 1 1 1 1 1 1 1 1 1 1 1 1 1 1 1 0.1921569 0.1882353 0.1921569 1 0.1921569 0.1882353 0.1921569 1 1 1 1 1 0.1921569 0.1882353 0.1921569 1 0.1921569 0.1882353 0.1921569 1 1 1 1 1 0.1921569 0.1882353 0.1921569 1 0.1921569 0.1882353 0.1921569 1 0.8078432 0.8117647 0.8078432 1 1 1 1 1 0.9058824 0.9058824 0.9058824 1 0.8078432 0.8117647 0.8078432 1 0.1921569 0.1882353 0.1921569 1 0.1921569 0.1882353 0.1921569 1 0.9058824 0.9058824 0.9058824 1 0.1921569 0.1882353 0.1921569 1 0.1921569 0.1882353 0.1921569 1 0.9058824 0.9058824 0.9058824 1 0.1921569 0.1882353 0.1921569 1 0.8078432 0.8117647 0.8078432 1 1 1 1 1 0.9058824 0.9058824 0.9058824 1 0.8078432 0.8117647 0.8078432 1 1 1 1 1 0.8078432 0.8117647 0.8078432 1 0.3882353 0.3960784 0.3882353 1 0.8078432 0.8117647 0.8078432 1 0.8078432 0.8117647 0.8078432 1 0.3882353 0.3960784 0.3882353 1 0.8078432 0.8117647 0.8078432 1 0.3882353 0.3960784 0.3882353 1 1 1 1 1 0.1921569 0.1882353 0.1921569 1 0.1921569 0.1882353 0.1921569 1 0.3882353 0.3960784 0.3882353 1 0.1921569 0.1882353 0.1921569 1 1 1 1 1 1 1 1 1 0.3882353 0.3960784 0.3882353 1 1 1 1 1 0.3882353 0.3960784 0.3882353 1 0.3882353 0.3960784 0.3882353 1 1 1 1 1 0.8078432 0.8117647 0.8078432 1 1 1 1 1 0.9058824 0.9058824 0.9058824 1 1 1 1 1 1 1 1 1 0.8078432 0.8117647 0.8078432 1 0.4823529 0.4901961 0.4823529 1 1 1 1 1 0.8078432 0.8117647 0.8078432 1 0.7098039 0.6980392 0.7098039 1 1 1 1 1 0.4823529 0.4901961 0.4823529 1 0.4823529 0.4901961 0.4823529 1 0.3882353 0.3960784 0.3882353 1 0.4823529 0.4901961 0.4823529 1 0.4823529 0.4901961 0.4823529 1 0.3882353 0.3960784 0.3882353 1 0.4823529 0.4901961 0.4823529 1 0.4823529 0.4901961 0.4823529 1 0.4823529 0.4901961 0.4823529 1 0.4823529 0.4901961 0.4823529 1 0.4509804 0.4588235 0.4509804 1 0.4823529 0.4901961 0.4823529 1 0.4823529 0.4901961 0.4823529 1 0.1921569 0.1882353 0.1921569 1 0.4823529 0.4901961 0.4823529 1 0.4823529 0.4901961 0.4823529 1 0.3882353 0.3960784 0.3882353 1 0.4823529 0.4901961 0.4823529 1 0.1921569 0.1882353 0.1921569 1 0.1921569 0.1882353 0.1921569 1 0.3882353 0.3960784 0.3882353 1 0.1921569 0.1882353 0.1921569 1 0.6117647 0.6039216 0.6117647 1 0.3882353 0.3960784 0.3882353 1 0.1921569 0.1882353 0.1921569 1 1 1 1 1 1 1 1 1 1 1 1 1 0.8078432 0.8117647 0.8078432 1 1 1 1 1 1 1 1 1 0.9058824 0.9058824 0.9058824 1 0.8078432 0.8117647 0.8078432 1 1 1 1 1 0.1921569 0.1882353 0.1921569 1 0.8078432 0.8117647 0.8078432 1 0.9058824 0.9058824 0.9058824 1 0.5803922 0.5725491 0.5803922 1 1 1 1 1 0.2901961 0.3019608 0.2901961 1 0.8705883 0.8588235 0.8705883 1 1 1 1 1 0.5803922 0.5725491 0.5803922 1 0.8078432 0.8117647 0.8078432 1 0.8705883 0.8588235 0.8705883 1 0.5803922 0.5725491 0.5803922 1 0.8078432 0.8117647 0.8078432 1 0.8705883 0.8588235 0.8705883 1 0.8078432 0.8117647 0.8078432 1 1 1 1 1 0.8078432 0.8117647 0.8078432 1 0.8078432 0.8117647 0.8078432 1 1 1 1 1 0.8078432 0.8117647 0.8078432 1 1 1 1 1 1 1 1 1 1 1 1 1 1 1 1 1 1 1 1 1 1 1 1 1 1 1 1 1 1 1 1 1 0.7411765 0.7294118 0.7411765 1 1 1 1 1 0.4509804 0.4431372 0.4509804 1 0.7411765 0.7294118 0.7411765 1 1 1 1 1 1 1 1 1 0.4509804 0.4431372 0.4509804 1 1 1 1 1 0.4509804 0.4431372 0.4509804 1 0.4509804 0.4431372 0.4509804 1 1 1 1 1 0.09411764 0.09411764 0.09411764 1 0 0 0 1 0.09411764 0.09411764 0.09411764 1 0 0 0 1 0 0 0 1 0.09411764 0.09411764 0.09411764 1 0.09411764 0.09411764 0.09411764 1 0 0 0 1 0.09411764 0.09411764 0.09411764 1 0.09411764 0.09411764 0.09411764 1 0 0 0 1 0.09411764 0.09411764 0.09411764 1 0.9058824 0.9058824 0.9058824 1 0.9058824 0.9058824 0.9058824 1 0.9058824 0.9058824 0.9058824 1 0.9058824 0.9058824 0.9058824 1 0.9058824 0.9058824 0.9058824 1 0.9058824 0.9058824 0.9058824 1 0.9058824 0.9058824 0.9058824 1 0.9058824 0.9058824 0.9058824 1 0.9058824 0.9058824 0.9058824 1 1 1 1 1 0.4823529 0.4901961 0.4823529 1 0.8078432 0.8117647 0.8078432 1 0.7098039 0.6980392 0.7098039 1 0.4823529 0.4901961 0.4823529 1 1 1 1 1 0.4823529 0.4901961 0.4823529 1 0.7098039 0.6980392 0.7098039 1 1 1 1 1 0.1921569 0.1882353 0.1921569 1 0.1921569 0.1882353 0.1921569 1 0.1921569 0.1882353 0.1921569 1 0.1921569 0.1882353 0.1921569 1 0.1921569 0.1882353 0.1921569 1 0.1921569 0.1882353 0.1921569 1 0.1921569 0.1882353 0.1921569 1 0.1921569 0.1882353 0.1921569 1 0.1921569 0.1882353 0.1921569 1 1 1 1 1 0.8392157 0.827451 0.8392157 1 0.7411765 0.7294118 0.7411765 1 1 1 1 1 0.8392157 0.827451 0.8392157 1 1 1 1 1 1 1 1 1 1 1 1 1 1 1 1 1 0.9058824 0.9058824 0.9058824 1 1 1 1 1 0.8705883 0.8588235 0.8705883 1 0.9058824 0.9058824 0.9058824 1 1 1 1 1 0.9058824 0.9058824 0.9058824 1 0.9058824 0.9058824 0.9058824 1 0.9058824 0.9058824 0.9058824 1 0.9058824 0.9058824 0.9058824 1 1 1 1 1 0.9058824 0.9058824 0.9058824 1 0.8705883 0.8588235 0.8705883 1 0.9058824 0.9058824 0.9058824 1 0.9058824 0.9058824 0.9058824 1 1 1 1 1 0.9058824 0.9058824 0.9058824 1 0.9058824 0.9058824 0.9058824 1 1 1 1 1 0.3882353 0.3960784 0.3882353 1 0.9058824 0.9058824 0.9058824 1 1 1 1 1 0.9058824 0.9058824 0.9058824 1 0.9058824 0.9058824 0.9058824 1 0.3882353 0.3960784 0.3882353 1 0.3882353 0.3960784 0.3882353 1 0.9058824 0.9058824 0.9058824 1 0.3882353 0.3960784 0.3882353 1 1 1 1 1 0.8078432 0.8117647 0.8078432 1 0.8078432 0.8117647 0.8078432 1 0.2901961 0.3019608 0.2901961 1 0.8078432 0.8117647 0.8078432 1 1 1 1 1 0.8078432 0.8117647 0.8078432 1 0.2901961 0.3019608 0.2901961 1 1 1 1 1 1 1 1 1 0.8078432 0.8117647 0.8078432 1 0.8078432 0.8117647 0.8078432 1 0.2901961 0.3019608 0.2901961 1 0.8078432 0.8117647 0.8078432 1 1 1 1 1 0.8078432 0.8117647 0.8078432 1 0.2901961 0.3019608 0.2901961 1 1 1 1 1 0.7098039 0.6980392 0.7098039 1 0.3529412 0.3490196 0.3529412 1 0.3529412 0.3490196 0.3529412 1 0.6117647 0.6039216 0.6117647 1 0.3529412 0.3490196 0.3529412 1 0.7098039 0.6980392 0.7098039 1 0.3529412 0.3490196 0.3529412 1 0.6117647 0.6039216 0.6117647 1 0.7098039 0.6980392 0.7098039 1 0.7098039 0.6980392 0.7098039 1 0.3529412 0.3490196 0.3529412 1 0.3529412 0.3490196 0.3529412 1 0.6117647 0.6039216 0.6117647 1 0.3529412 0.3490196 0.3529412 1 0.7098039 0.6980392 0.7098039 1 0.3529412 0.3490196 0.3529412 1 0.6117647 0.6039216 0.6117647 1 0.7098039 0.6980392 0.7098039 1 0.8078432 0.8117647 0.8078432 1 0.8078432 0.8117647 0.8078432 1 0.8078432 0.8117647 0.8078432 1 0.8078432 0.8117647 0.8078432 1 0.8078432 0.8117647 0.8078432 1 0.8078432 0.8117647 0.8078432 1 0.8078432 0.8117647 0.8078432 1 0.8078432 0.8117647 0.8078432 1 0.8078432 0.8117647 0.8078432 1 1 1 1 1 0.4823529 0.4901961 0.4823529 1 0.4509804 0.4588235 0.4509804 1 0.4823529 0.4901961 0.4823529 1 0.4823529 0.4901961 0.4823529 1 1 1 1 1 0.7098039 0.6980392 0.7098039 1 0.4823529 0.4901961 0.4823529 1 1 1 1 1 1 1 1 1 1 1 1 1 1 1 1 1 0.8078432 0.8117647 0.8078432 1 1 1 1 1 1 1 1 1 0.8078432 0.8117647 0.8078432 1 0.8078432 0.8117647 0.8078432 1 1 1 1 1 1 1 1 1 0.8078432 0.8117647 0.8078432 1 1 1 1 1 0.4823529 0.4901961 0.4823529 1 0.8078432 0.8117647 0.8078432 1 1 1 1 1 0.7098039 0.6980392 0.7098039 1 0.4823529 0.4901961 0.4823529 1 1 1 1 1 1 1 1 1 1 1 1 1 0.7411765 0.7294118 0.7411765 1 1 1 1 1 1 1 1 1 1 1 1 1 1 1 1 1 1 1 1 1 1 1 1 1 0 0 0 1 0.1921569 0.1882353 0.1921569 1 0.1921569 0.1882353 0.1921569 1 0.1921569 0.1882353 0.1921569 1 0.1921569 0.1882353 0.1921569 1 0 0 0 1 0.1921569 0.1882353 0.1921569 1 0.1921569 0.1882353 0.1921569 1 0 0 0 1 1 1 1 1 1 1 1 1 1 1 1 1 1 1 1 1 1 1 1 1 1 1 1 1 0.8392157 0.827451 0.8392157 1 1 1 1 1 1 1 1 1 0.4509804 0.4431372 0.4509804 1 0.4509804 0.4431372 0.4509804 1 0.7411765 0.7294118 0.7411765 1 0.4509804 0.4431372 0.4509804 1 0.4509804 0.4431372 0.4509804 1 0.4509804 0.4431372 0.4509804 1 0.4509804 0.4431372 0.4509804 1 0.4509804 0.4431372 0.4509804 1 0.4509804 0.4431372 0.4509804 1 1 1 1 1 0.8392157 0.827451 0.8392157 1 1 1 1 1 0.6470589 0.6509804 0.6470589 1 0.8392157 0.827451 0.8392157 1 1 1 1 1 0.6470589 0.6509804 0.6470589 1 0.6470589 0.6509804 0.6470589 1 1 1 1 1 1 1 1 1 0.8392157 0.827451 0.8392157 1 0.6470589 0.6509804 0.6470589 1 1 1 1 1 0.8392157 0.827451 0.8392157 1 1 1 1 1 0.9058824 0.9058824 0.9058824 1 1 1 1 1 1 1 1 1 1 1 1 1 0.8078432 0.8117647 0.8078432 1 0.9058824 0.9058824 0.9058824 1 0.8078432 0.8117647 0.8078432 1 0.8078432 0.8117647 0.8078432 1 1 1 1 1 0.9058824 0.9058824 0.9058824 1 0.8078432 0.8117647 0.8078432 1 1 1 1 1 1 1 1 1 1 1 1 1 1 1 1 1 1 1 1 1 1 1 1 1 1 1 1 1 1 1 1 1 1 1 1 1 1 1 1 1 0.9058824 0.9058824 0.9058824 1 0.9058824 0.9058824 0.9058824 1 0.9058824 0.9058824 0.9058824 1 0.9058824 0.9058824 0.9058824 1 0.9058824 0.9058824 0.9058824 1 0.9058824 0.9058824 0.9058824 1 0.9058824 0.9058824 0.9058824 1 0.9058824 0.9058824 0.9058824 1 0.9058824 0.9058824 0.9058824 1 1 1 1 1 0.9058824 0.9058824 0.9058824 1 1 1 1 1 0.9058824 0.9058824 0.9058824 1 0.9058824 0.9058824 0.9058824 1 1 1 1 1 1 1 1 1 0.9058824 0.9058824 0.9058824 1 1 1 1 1 0.4823529 0.4901961 0.4823529 1 1 1 1 1 0.4509804 0.4588235 0.4509804 1 0.4823529 0.4901961 0.4823529 1 1 1 1 1 0.4823529 0.4901961 0.4823529 1 0.1921569 0.1882353 0.1921569 1 0.4823529 0.4901961 0.4823529 1 0.4823529 0.4901961 0.4823529 1 0.1921569 0.1882353 0.1921569 1 0.8078432 0.8117647 0.8078432 1 0.4823529 0.4901961 0.4823529 1 0.4823529 0.4901961 0.4823529 1 0.8078432 0.8117647 0.8078432 1 0.1921569 0.1882353 0.1921569 1 0.1921569 0.1882353 0.1921569 1 0.4823529 0.4901961 0.4823529 1 0.1921569 0.1882353 0.1921569 1 0.1921569 0.1882353 0.1921569 1 0.1921569 0.1882353 0.1921569 1 0.1921569 0.1882353 0.1921569 1 0.1921569 0.1882353 0.1921569 1 0.1921569 0.1882353 0.1921569 1 0.1921569 0.1882353 0.1921569 1 0.1921569 0.1882353 0.1921569 1 0.1921569 0.1882353 0.1921569 1 0.1921569 0.1882353 0.1921569 1 0.9058824 0.9058824 0.9058824 1 0.1921569 0.1882353 0.1921569 1 0.9058824 0.9058824 0.9058824 1 0.1921569 0.1882353 0.1921569 1 0.1921569 0.1882353 0.1921569 1 0.9058824 0.9058824 0.9058824 1 0.9058824 0.9058824 0.9058824 1 0.1921569 0.1882353 0.1921569 1 0.9058824 0.9058824 0.9058824 1 1 1 1 1 0.4509804 0.4431372 0.4509804 1 0.7411765 0.7294118 0.7411765 1 1 1 1 1 0.4509804 0.4431372 0.4509804 1 1 1 1 1 1 1 1 1 1 1 1 1 1 1 1 1 1 1 1 1 1 1 1 1 0.8392157 0.827451 0.8392157 1 0.9058824 0.9058824 0.9058824 1 1 1 1 1 1 1 1 1 0.8078432 0.8117647 0.8078432 1 0.9058824 0.9058824 0.9058824 1 1 1 1 1 1 1 1 1 0.8078432 0.8117647 0.8078432 1 0.8078432 0.8117647 0.8078432 1 0.9058824 0.9058824 0.9058824 1 0.8078432 0.8117647 0.8078432 1 1 1 1 1 1 1 1 1 0.9058824 0.9058824 0.9058824 1 1 1 1 1 1 1 1 1 0.8392157 0.827451 0.8392157 1 1 1 1 1 0.6470589 0.6509804 0.6470589 1 0.8392157 0.827451 0.8392157 1 1 1 1 1 0.6470589 0.6509804 0.6470589 1 0.6470589 0.6509804 0.6470589 1 1 1 1 1 0.8078432 0.8117647 0.8078432 1 0.1921569 0.1882353 0.1921569 1 0.4823529 0.4901961 0.4823529 1 0.1921569 0.1882353 0.1921569 1 0.1921569 0.1882353 0.1921569 1 0.8078432 0.8117647 0.8078432 1 0.1921569 0.1882353 0.1921569 1 0.1921569 0.1882353 0.1921569 1 0.8078432 0.8117647 0.8078432 1 0.8078432 0.8117647 0.8078432 1 1 1 1 1 1 1 1 1 0.9058824 0.9058824 0.9058824 1 1 1 1 1 0.8078432 0.8117647 0.8078432 1 0.1921569 0.1882353 0.1921569 1 0.9058824 0.9058824 0.9058824 1 0.8078432 0.8117647 0.8078432 1 1 1 1 1 1 1 1 1 1 1 1 1 1 1 1 1 1 1 1 1 1 1 1 1 0.8392157 0.827451 0.8392157 1 1 1 1 1 1 1 1 1 0.1921569 0.1882353 0.1921569 1 0.1921569 0.1882353 0.1921569 1 0.8078432 0.8117647 0.8078432 1 0.1921569 0.1882353 0.1921569 1 0.1921569 0.1882353 0.1921569 1 0.1921569 0.1882353 0.1921569 1 0.8078432 0.8117647 0.8078432 1 0.1921569 0.1882353 0.1921569 1 0.1921569 0.1882353 0.1921569 1 0 0 0 1 0.1921569 0.1882353 0.1921569 1 0.1921569 0.1882353 0.1921569 1 0.1921569 0.1882353 0.1921569 1 0.1921569 0.1882353 0.1921569 1 0 0 0 1 0.1921569 0.1882353 0.1921569 1 0.1921569 0.1882353 0.1921569 1 0 0 0 1 0 0 0 1 0.1921569 0.1882353 0.1921569 1 0.1921569 0.1882353 0.1921569 1 0.1921569 0.1882353 0.1921569 1 0.1921569 0.1882353 0.1921569 1 0 0 0 1 0.1921569 0.1882353 0.1921569 1 0.1921569 0.1882353 0.1921569 1 0 0 0 1 0 0 0 1 0.1921569 0.1882353 0.1921569 1 0.1921569 0.1882353 0.1921569 1 0.1921569 0.1882353 0.1921569 1 0.1921569 0.1882353 0.1921569 1 0 0 0 1 0.1921569 0.1882353 0.1921569 1 0.1921569 0.1882353 0.1921569 1 0 0 0 1 1 1 1 1 0.4823529 0.4901961 0.4823529 1 0.4823529 0.4901961 0.4823529 1 1 1 1 1 0.4823529 0.4901961 0.4823529 1 1 1 1 1 0.3882353 0.3960784 0.3882353 1 1 1 1 1 1 1 1 1 1 1 1 1 0.9058824 0.9058824 0.9058824 1 0.9058824 0.9058824 0.9058824 1 1 1 1 1 0.9058824 0.9058824 0.9058824 1 1 1 1 1 0.4823529 0.4901961 0.4823529 1 1 1 1 1 1 1 1 1 1 1 1 1 0.9058824 0.9058824 0.9058824 1 0.1921569 0.1882353 0.1921569 1 0.8078432 0.8117647 0.8078432 1 0.9058824 0.9058824 0.9058824 1 1 1 1 1 0.9058824 0.9058824 0.9058824 1 0.8078432 0.8117647 0.8078432 1 1 1 1 1 0.6117647 0.6039216 0.6117647 1 0.6117647 0.6039216 0.6117647 1 0.6117647 0.6039216 0.6117647 1 0.6117647 0.6039216 0.6117647 1 0.6117647 0.6039216 0.6117647 1 0.6117647 0.6039216 0.6117647 1 0.8078432 0.8117647 0.8078432 1 0.6117647 0.6039216 0.6117647 1 0.8078432 0.8117647 0.8078432 1 0.6117647 0.6039216 0.6117647 1 0.6117647 0.6039216 0.6117647 1 0.8078432 0.8117647 0.8078432 1 0.1921569 0.1882353 0.1921569 1 0.1921569 0.1882353 0.1921569 1 0.1921569 0.1882353 0.1921569 1 0.1921569 0.1882353 0.1921569 1 0.1921569 0.1882353 0.1921569 1 0.1921569 0.1882353 0.1921569 1 0.1921569 0.1882353 0.1921569 1 0.1921569 0.1882353 0.1921569 1 0.1921569 0.1882353 0.1921569 1 0.1921569 0.1882353 0.1921569 1 0.1921569 0.1882353 0.1921569 1 0.1921569 0.1882353 0.1921569 1 1 1 1 1 1 1 1 1 1 1 1 1 1 1 1 1 1 1 1 1 1 1 1 1 1 1 1 1 1 1 1 1 1 1 1 1 1 1 1 1 1 1 1 1 1 1 1 1 0.4509804 0.4431372 0.4509804 1 0.8392157 0.827451 0.8392157 1 0.6470589 0.6509804 0.6470589 1 0.7411765 0.7294118 0.7411765 1 0.8392157 0.827451 0.8392157 1 0.4509804 0.4431372 0.4509804 1 0.4509804 0.4431372 0.4509804 1 0.6470589 0.6509804 0.6470589 1 0.6470589 0.6509804 0.6470589 1 0.4509804 0.4431372 0.4509804 1 0.6470589 0.6509804 0.6470589 1 0.4509804 0.4431372 0.4509804 1 0.1921569 0.1882353 0.1921569 1 0.8078432 0.8117647 0.8078432 1 0.4823529 0.4901961 0.4823529 1 0.1921569 0.1882353 0.1921569 1 0.8078432 0.8117647 0.8078432 1 0.1921569 0.1882353 0.1921569 1 0.4823529 0.4901961 0.4823529 1 1 1 1 1 0.4823529 0.4901961 0.4823529 1 1 1 1 1 1 1 1 1 0.4823529 0.4901961 0.4823529 1 0.8078432 0.8117647 0.8078432 1 0.1921569 0.1882353 0.1921569 1 0.1921569 0.1882353 0.1921569 1 1 1 1 1 0.1921569 0.1882353 0.1921569 1 0.8078432 0.8117647 0.8078432 1 0.1921569 0.1882353 0.1921569 1 0.8078432 0.8117647 0.8078432 1 0.1921569 0.1882353 0.1921569 1 0.7098039 0.6980392 0.7098039 1 0.8078432 0.8117647 0.8078432 1 0.1921569 0.1882353 0.1921569 1 1 1 1 1 1 1 1 1 1 1 1 1 1 1 1 1 1 1 1 1 1 1 1 1 1 1 1 1 0.4823529 0.4901961 0.4823529 1 0.9058824 0.9058824 0.9058824 1 0.4823529 0.4901961 0.4823529 1 0.4823529 0.4901961 0.4823529 1 1 1 1 1 0.4509804 0.4431372 0.4509804 1 0.8392157 0.827451 0.8392157 1 0.6470589 0.6509804 0.6470589 1 0.7411765 0.7294118 0.7411765 1 0.8392157 0.827451 0.8392157 1 0.4509804 0.4431372 0.4509804 1 0.1921569 0.1882353 0.1921569 1 0.9058824 0.9058824 0.9058824 1 0.1921569 0.1882353 0.1921569 1 0.9058824 0.9058824 0.9058824 1 0.9058824 0.9058824 0.9058824 1 0.1921569 0.1882353 0.1921569 1 0.3882353 0.3960784 0.3882353 1 0.3882353 0.3960784 0.3882353 1 0.3882353 0.3960784 0.3882353 1 0.3882353 0.3960784 0.3882353 1 0.3882353 0.3960784 0.3882353 1 0.3882353 0.3960784 0.3882353 1 1 1 1 1 0.2901961 0.3019608 0.2901961 1 0.2901961 0.3019608 0.2901961 1 1 1 1 1 0.2901961 0.3019608 0.2901961 1 1 1 1 1 0.9058824 0.9058824 0.9058824 1 1 1 1 1 1 1 1 1 0.9058824 0.9058824 0.9058824 1 1 1 1 1 0.9058824 0.9058824 0.9058824 1 0.1921569 0.1882353 0.1921569 1 0.4823529 0.4901961 0.4823529 1 0.1921569 0.1882353 0.1921569 1 1 1 1 1 0.4823529 0.4901961 0.4823529 1 0.1921569 0.1882353 0.1921569 1 0.7098039 0.6980392 0.7098039 1 1 1 1 1 1 1 1 1 0.7098039 0.6980392 0.7098039 1 1 1 1 1 0.7098039 0.6980392 0.7098039 1 1 1 1 1 1 1 1 1 1 1 1 1 1 1 1 1 1 1 1 1 1 1 1 1 1 1 1 1 1 1 1 1 1 1 1 1 1 1 1 1 1 1 1 1 1 1 1 1 0.7098039 0.6980392 0.7098039 1 1 1 1 1 0.7098039 0.6980392 0.7098039 1 1 1 1 1 1 1 1 1 0.7098039 0.6980392 0.7098039 1 0.7411765 0.7294118 0.7411765 1 0.8392157 0.827451 0.8392157 1 1 1 1 1 0.4509804 0.4431372 0.4509804 1 0.8392157 0.827451 0.8392157 1 0.7411765 0.7294118 0.7411765 1 0.6470589 0.6509804 0.6470589 1 0.4509804 0.4431372 0.4509804 1 0.6470589 0.6509804 0.6470589 1 0.4509804 0.4431372 0.4509804 1 0.4509804 0.4431372 0.4509804 1 0.6470589 0.6509804 0.6470589 1 0.1921569 0.1882353 0.1921569 1 1 1 1 1 0.1921569 0.1882353 0.1921569 1 0.4823529 0.4901961 0.4823529 1 1 1 1 1 0.1921569 0.1882353 0.1921569 1 0.1921569 0.1882353 0.1921569 1 0.9058824 0.9058824 0.9058824 1 0.1921569 0.1882353 0.1921569 1 1 1 1 1 0.9058824 0.9058824 0.9058824 1 0.1921569 0.1882353 0.1921569 1 0.1921569 0.1882353 0.1921569 1 1 1 1 1 0.1921569 0.1882353 0.1921569 1 0.1921569 0.1882353 0.1921569 1 1 1 1 1 0.1921569 0.1882353 0.1921569 1 1 1 1 1 1 1 1 1 1 1 1 1 0.8392157 0.827451 0.8392157 1 1 1 1 1 1 1 1 1 0.1921569 0.1882353 0.1921569 1 1 1 1 1 0.1921569 0.1882353 0.1921569 1 0.9058824 0.9058824 0.9058824 1 1 1 1 1 0.1921569 0.1882353 0.1921569 1 0.1921569 0.1882353 0.1921569 1 0.9058824 0.9058824 0.9058824 1 0.1921569 0.1882353 0.1921569 1 0.1921569 0.1882353 0.1921569 1 0.9058824 0.9058824 0.9058824 1 0.1921569 0.1882353 0.1921569 1 0.7411765 0.7294118 0.7411765 1 0.8392157 0.827451 0.8392157 1 1 1 1 1 0.4509804 0.4431372 0.4509804 1 0.8392157 0.827451 0.8392157 1 0.7411765 0.7294118 0.7411765 1 0.3882353 0.3960784 0.3882353 1 0.1921569 0.1882353 0.1921569 1 0.3882353 0.3960784 0.3882353 1 0.1921569 0.1882353 0.1921569 1 0.1921569 0.1882353 0.1921569 1 0.3882353 0.3960784 0.3882353 1 0.3882353 0.3960784 0.3882353 1 0.1921569 0.1882353 0.1921569 1 0.3882353 0.3960784 0.3882353 1 0.1921569 0.1882353 0.1921569 1 0.1921569 0.1882353 0.1921569 1 0.3882353 0.3960784 0.3882353 1 0.1921569 0.1882353 0.1921569 1 0.3882353 0.3960784 0.3882353 1 0.1921569 0.1882353 0.1921569 1 0.3882353 0.3960784 0.3882353 1 0.3882353 0.3960784 0.3882353 1 0.1921569 0.1882353 0.1921569 1 0.3882353 0.3960784 0.3882353 1 0.1921569 0.1882353 0.1921569 1 0.3882353 0.3960784 0.3882353 1 0.1921569 0.1882353 0.1921569 1 0.1921569 0.1882353 0.1921569 1 0.3882353 0.3960784 0.3882353 1 1 1 1 1 0.4823529 0.4901961 0.4823529 1 1 1 1 1 0.4823529 0.4901961 0.4823529 1 0.4823529 0.4901961 0.4823529 1 1 1 1 1 1 1 1 1 0.4823529 0.4901961 0.4823529 1 1 1 1 1 0.4823529 0.4901961 0.4823529 1 0.4823529 0.4901961 0.4823529 1 1 1 1 1 0.4823529 0.4901961 0.4823529 1 1 1 1 1 0.4823529 0.4901961 0.4823529 1 1 1 1 1 1 1 1 1 0.4823529 0.4901961 0.4823529 1 1 1 1 1 0.1921569 0.1882353 0.1921569 1 1 1 1 1 1 1 1 1 0.1921569 0.1882353 0.1921569 1 1 1 1 1 0.1921569 0.1882353 0.1921569 1 1 1 1 1 0.1921569 0.1882353 0.1921569 1 0.9058824 0.9058824 0.9058824 1 1 1 1 1 0.1921569 0.1882353 0.1921569 1 0.1921569 0.1882353 0.1921569 1 1 1 1 1 0.1921569 0.1882353 0.1921569 1 0.1921569 0.1882353 0.1921569 1 1 1 1 1 0.1921569 0.1882353 0.1921569 1 0.1921569 0.1882353 0.1921569 1 0.1921569 0.1882353 0.1921569 1 0.1921569 0.1882353 0.1921569 1 0.1921569 0.1882353 0.1921569 1 0.1921569 0.1882353 0.1921569 1 0.1921569 0.1882353 0.1921569 1 0.1921569 0.1882353 0.1921569 1 1 1 1 1 0.1921569 0.1882353 0.1921569 1 0.1921569 0.1882353 0.1921569 1 1 1 1 1 0.1921569 0.1882353 0.1921569 1 0.8078432 0.8117647 0.8078432 1 0.1921569 0.1882353 0.1921569 1 0.8078432 0.8117647 0.8078432 1 0.2901961 0.3019608 0.2901961 1 0.1921569 0.1882353 0.1921569 1 0.8078432 0.8117647 0.8078432 1 0.9058824 0.9058824 0.9058824 1 0.3882353 0.3960784 0.3882353 1 1 1 1 1 0.9058824 0.9058824 0.9058824 1 0.3882353 0.3960784 0.3882353 1 0.9058824 0.9058824 0.9058824 1 0.2901961 0.3019608 0.2901961 1 0.1921569 0.1882353 0.1921569 1 0.8078432 0.8117647 0.8078432 1 0.8078432 0.8117647 0.8078432 1 0.1921569 0.1882353 0.1921569 1 0.2901961 0.3019608 0.2901961 1 0.8078432 0.8117647 0.8078432 1 0.1921569 0.1882353 0.1921569 1 0.8078432 0.8117647 0.8078432 1 0.8078432 0.8117647 0.8078432 1 0.1921569 0.1882353 0.1921569 1 0.8078432 0.8117647 0.8078432 1 1 1 1 1 1 1 1 1 1 1 1 1 1 1 1 1 1 1 1 1 1 1 1 1 1 1 1 1 1 1 1 1 1 1 1 1 1 1 1 1 1 1 1 1 1 1 1 1 0.4823529 0.4901961 0.4823529 1 1 1 1 1 0.7098039 0.6980392 0.7098039 1 0.3882353 0.3960784 0.3882353 1 1 1 1 1 0.4823529 0.4901961 0.4823529 1 0.9686275 0.9529412 0.9686275 1 0.7098039 0.6980392 0.7098039 1 1 1 1 1 0.9686275 0.9529412 0.9686275 1 0.7098039 0.6980392 0.7098039 1 0.9686275 0.9529412 0.9686275 1 0.1921569 0.1882353 0.1921569 1 1 1 1 1 0.9058824 0.9058824 0.9058824 1 0.1921569 0.1882353 0.1921569 1 1 1 1 1 0.1921569 0.1882353 0.1921569 1 0.1921569 0.1882353 0.1921569 1 0.1921569 0.1882353 0.1921569 1 0.8078432 0.8117647 0.8078432 1 0.1921569 0.1882353 0.1921569 1 0.1921569 0.1882353 0.1921569 1 0.1921569 0.1882353 0.1921569 1 0.1921569 0.1882353 0.1921569 1 0.8078432 0.8117647 0.8078432 1 0.1921569 0.1882353 0.1921569 1 0.8078432 0.8117647 0.8078432 1 0.8078432 0.8117647 0.8078432 1 0.1921569 0.1882353 0.1921569 1 1 1 1 1 0.8078432 0.8117647 0.8078432 1 0.8078432 0.8117647 0.8078432 1 1 1 1 1 0.8078432 0.8117647 0.8078432 1 1 1 1 1 0.1921569 0.1882353 0.1921569 1 1 1 1 1 0.9058824 0.9058824 0.9058824 1 0.1921569 0.1882353 0.1921569 1 1 1 1 1 0.1921569 0.1882353 0.1921569 1 0.9686275 0.9529412 0.9686275 1 0.7098039 0.6980392 0.7098039 1 0.7098039 0.6980392 0.7098039 1 0.9686275 0.9529412 0.9686275 1 0.7098039 0.6980392 0.7098039 1 0.9686275 0.9529412 0.9686275 1 0.9686275 0.9529412 0.9686275 1 1 1 1 1 0.1921569 0.1882353 0.1921569 1 0.9058824 0.9058824 0.9058824 1 1 1 1 1 0.9686275 0.9529412 0.9686275 1 1 1 1 1 0.1921569 0.1882353 0.1921569 1 0.1921569 0.1882353 0.1921569 1 0.1921569 0.1882353 0.1921569 1 0.1921569 0.1882353 0.1921569 1 1 1 1 1 0.9058824 0.9058824 0.9058824 1 0.1921569 0.1882353 0.1921569 1 0.1921569 0.1882353 0.1921569 1 0.1921569 0.1882353 0.1921569 1 0.1921569 0.1882353 0.1921569 1 0.9058824 0.9058824 0.9058824 1 0.4823529 0.4901961 0.4823529 1 0.2901961 0.3019608 0.2901961 1 0.6117647 0.6039216 0.6117647 1 0.4823529 0.4901961 0.4823529 1 0.2901961 0.3019608 0.2901961 1 0.4823529 0.4901961 0.4823529 1 0.9058824 0.9058824 0.9058824 1 0.3882353 0.3960784 0.3882353 1 0.9058824 0.9058824 0.9058824 1 0.9058824 0.9058824 0.9058824 1 0.3882353 0.3960784 0.3882353 1 0.9058824 0.9058824 0.9058824 1 0.4823529 0.4901961 0.4823529 1 0.2901961 0.3019608 0.2901961 1 0.2901961 0.3019608 0.2901961 1 0.5803922 0.5725491 0.5803922 1 0.2901961 0.3019608 0.2901961 1 0.4823529 0.4901961 0.4823529 1 1 1 1 1 0.8078432 0.8117647 0.8078432 1 0.9058824 0.9058824 0.9058824 1 0.8078432 0.8117647 0.8078432 1 0.8078432 0.8117647 0.8078432 1 1 1 1 1 0.8078432 0.8117647 0.8078432 1 0.3882353 0.3960784 0.3882353 1 0.3882353 0.3960784 0.3882353 1 0.8078432 0.8117647 0.8078432 1 0.3882353 0.3960784 0.3882353 1 0.8078432 0.8117647 0.8078432 1 0.1921569 0.1882353 0.1921569 1 0.9058824 0.9058824 0.9058824 1 0.9058824 0.9058824 0.9058824 1 0.1921569 0.1882353 0.1921569 1 0.9058824 0.9058824 0.9058824 1 0.1921569 0.1882353 0.1921569 1 1 1 1 1 0.1921569 0.1882353 0.1921569 1 0.9058824 0.9058824 0.9058824 1 0.1921569 0.1882353 0.1921569 1 0.1921569 0.1882353 0.1921569 1 1 1 1 1 0.1921569 0.1882353 0.1921569 1 0.1921569 0.1882353 0.1921569 1 0.1921569 0.1882353 0.1921569 1 0.1921569 0.1882353 0.1921569 1 0.1921569 0.1882353 0.1921569 1 0.1921569 0.1882353 0.1921569 1 0.1921569 0.1882353 0.1921569 1 1 1 1 1 0.1921569 0.1882353 0.1921569 1 0.1921569 0.1882353 0.1921569 1 1 1 1 1 0.1921569 0.1882353 0.1921569 1 1 1 1 1 0.8078432 0.8117647 0.8078432 1 0.8078432 0.8117647 0.8078432 1 0.8078432 0.8117647 0.8078432 1 0.8078432 0.8117647 0.8078432 1 1 1 1 1 0.1921569 0.1882353 0.1921569 1 0.9058824 0.9058824 0.9058824 1 0.9058824 0.9058824 0.9058824 1 0.1921569 0.1882353 0.1921569 1 0.9058824 0.9058824 0.9058824 1 0.1921569 0.1882353 0.1921569 1 1 1 1 1 0.8078432 0.8117647 0.8078432 1 0.8078432 0.8117647 0.8078432 1 0.8078432 0.8117647 0.8078432 1 0.8078432 0.8117647 0.8078432 1 1 1 1 1 0.4823529 0.4901961 0.4823529 1 0.5176471 0.509804 0.5176471 1 0.1921569 0.1882353 0.1921569 1 1 1 1 1 0.5176471 0.509804 0.5176471 1 0.4823529 0.4901961 0.4823529 1 1 1 1 1 0.1921569 0.1882353 0.1921569 1 0.5176471 0.509804 0.5176471 1 0.4823529 0.4901961 0.4823529 1 0.1921569 0.1882353 0.1921569 1 1 1 1 1 0.4823529 0.4901961 0.4823529 1 0.5176471 0.509804 0.5176471 1 0.1921569 0.1882353 0.1921569 1 1 1 1 1 0.5176471 0.509804 0.5176471 1 0.4823529 0.4901961 0.4823529 1 0.1921569 0.1882353 0.1921569 1 1 1 1 1 0.2901961 0.3019608 0.2901961 1 0.5176471 0.509804 0.5176471 1 1 1 1 1 0.1921569 0.1882353 0.1921569 1 0.5176471 0.509804 0.5176471 1 0.4823529 0.4901961 0.4823529 1 0.1921569 0.1882353 0.1921569 1 1 1 1 1 0.4823529 0.4901961 0.4823529 1 0.5176471 0.509804 0.5176471 1 0.1921569 0.1882353 0.1921569 1 1 1 1 1 0.5176471 0.509804 0.5176471 1 0.4823529 0.4901961 0.4823529 1 1 1 1 1 0.1921569 0.1882353 0.1921569 1 0.1921569 0.1882353 0.1921569 1 0.5176471 0.509804 0.5176471 1 0.1921569 0.1882353 0.1921569 1 0.5176471 0.509804 0.5176471 1 0.5176471 0.509804 0.5176471 1 0.1921569 0.1882353 0.1921569 1 0.4823529 0.4901961 0.4823529 1 1 1 1 1 0.4823529 0.4901961 0.4823529 1 1 1 1 1 1 1 1 1 0.4823529 0.4901961 0.4823529 1 0.5176471 0.509804 0.5176471 1 1 1 1 1 0.5176471 0.509804 0.5176471 1 1 1 1 1 1 1 1 1 0.5176471 0.509804 0.5176471 1 0.5176471 0.509804 0.5176471 1 0.4823529 0.4901961 0.4823529 1 0.1921569 0.1882353 0.1921569 1 1 1 1 1 0.4823529 0.4901961 0.4823529 1 0.5176471 0.509804 0.5176471 1 1 1 1 1 1 1 1 1 1 1 1 1 1 1 1 1 1 1 1 1 1 1 1 1 0.1921569 0.1882353 0.1921569 1 0.5176471 0.509804 0.5176471 1 0.1921569 0.1882353 0.1921569 1 0.5176471 0.509804 0.5176471 1 0.5176471 0.509804 0.5176471 1 0.1921569 0.1882353 0.1921569 1 1 1 1 1 0.4823529 0.4901961 0.4823529 1 1 1 1 1 0.2901961 0.3019608 0.2901961 1 0.4823529 0.4901961 0.4823529 1 1 1 1 1 1 1 1 1 0.7098039 0.6980392 0.7098039 1 0.7098039 0.6980392 0.7098039 1 1 1 1 1 0.7098039 0.6980392 0.7098039 1 1 1 1 1 0.3882353 0.3960784 0.3882353 1 0.4823529 0.4901961 0.4823529 1 0.1921569 0.1882353 0.1921569 1 1 1 1 1 0.4823529 0.4901961 0.4823529 1 0.3882353 0.3960784 0.3882353 1 0 0 0 1 0.09411764 0.09411764 0.09411764 1 0 0 0 1 0.09411764 0.09411764 0.09411764 1 0.09411764 0.09411764 0.09411764 1 0 0 0 1 0.1921569 0.1882353 0.1921569 1 1 1 1 1 0.3882353 0.3960784 0.3882353 1 0.4823529 0.4901961 0.4823529 1 1 1 1 1 0.1921569 0.1882353 0.1921569 1 0.7098039 0.6980392 0.7098039 1 0.4823529 0.4901961 0.4823529 1 0.3882353 0.3960784 0.3882353 1 1 1 1 1 0.4823529 0.4901961 0.4823529 1 0.7098039 0.6980392 0.7098039 1 0.3882353 0.3960784 0.3882353 1 0.9058824 0.9058824 0.9058824 1 0.3882353 0.3960784 0.3882353 1 0.9058824 0.9058824 0.9058824 1 0.9058824 0.9058824 0.9058824 1 0.3882353 0.3960784 0.3882353 1 1 1 1 1 0.9058824 0.9058824 0.9058824 1 1 1 1 1 0.9058824 0.9058824 0.9058824 1 0.9058824 0.9058824 0.9058824 1 1 1 1 1 0.1921569 0.1882353 0.1921569 1 0.3882353 0.3960784 0.3882353 1 0.1921569 0.1882353 0.1921569 1 0.3882353 0.3960784 0.3882353 1 0.3882353 0.3960784 0.3882353 1 0.1921569 0.1882353 0.1921569 1 0 0 0 1 0.4823529 0.4901961 0.4823529 1 0.3882353 0.3960784 0.3882353 1 0.1921569 0.1882353 0.1921569 1 0.4823529 0.4901961 0.4823529 1 0 0 0 1 0.4823529 0.4901961 0.4823529 1 1 1 1 1 0.4823529 0.4901961 0.4823529 1 1 1 1 1 1 1 1 1 0.4823529 0.4901961 0.4823529 1 0.3882353 0.3960784 0.3882353 1 1 1 1 1 0.3882353 0.3960784 0.3882353 1 1 1 1 1 1 1 1 1 0.3882353 0.3960784 0.3882353 1 0.3882353 0.3960784 0.3882353 1 0.4823529 0.4901961 0.4823529 1 0.1921569 0.1882353 0.1921569 1 1 1 1 1 0.4823529 0.4901961 0.4823529 1 0.3882353 0.3960784 0.3882353 1 0.1921569 0.1882353 0.1921569 1 0.3882353 0.3960784 0.3882353 1 0.1921569 0.1882353 0.1921569 1 0.3882353 0.3960784 0.3882353 1 0.3882353 0.3960784 0.3882353 1 0.1921569 0.1882353 0.1921569 1 1 1 1 1 0.4823529 0.4901961 0.4823529 1 1 1 1 1 0.1921569 0.1882353 0.1921569 1 0.4823529 0.4901961 0.4823529 1 1 1 1 1 1 1 1 1 1 1 1 1 1 1 1 1 0.7411765 0.7294118 0.7411765 1 1 1 1 1 1 1 1 1 0.7411765 0.7294118 0.7411765 1 0.4509804 0.4431372 0.4509804 1 1 1 1 1 0.4509804 0.4431372 0.4509804 1 0.4509804 0.4431372 0.4509804 1 0.7411765 0.7294118 0.7411765 1 0.4823529 0.4901961 0.4823529 1 0.3882353 0.3960784 0.3882353 1 0.1921569 0.1882353 0.1921569 1 1 1 1 1 0.3882353 0.3960784 0.3882353 1 0.4823529 0.4901961 0.4823529 1 1 1 1 1 0.1921569 0.1882353 0.1921569 1 0.3882353 0.3960784 0.3882353 1 0.6117647 0.6039216 0.6117647 1 0.1921569 0.1882353 0.1921569 1 1 1 1 1 0.4823529 0.4901961 0.4823529 1 0.3882353 0.3960784 0.3882353 1 0.3882353 0.3960784 0.3882353 1 1 1 1 1 0.3882353 0.3960784 0.3882353 1 0.4823529 0.4901961 0.4823529 1 1 1 1 1 0.1921569 0.1882353 0.1921569 1 0.3882353 0.3960784 0.3882353 1 0.1921569 0.1882353 0.1921569 1 0.1921569 0.1882353 0.1921569 1 1 1 1 1 0.8078432 0.8117647 0.8078432 1 0.8078432 0.8117647 0.8078432 1 0.8078432 0.8117647 0.8078432 1 0.8078432 0.8117647 0.8078432 1 0.8078432 0.8117647 0.8078432 1 0.8078432 0.8117647 0.8078432 1 1 1 1 1 1 1 1 1 1 1 1 1 0.8078432 0.8117647 0.8078432 1 1 1 1 1 1 1 1 1 0.3882353 0.3960784 0.3882353 1 1 1 1 1 0.3882353 0.3960784 0.3882353 1 1 1 1 1 1 1 1 1 0.3882353 0.3960784 0.3882353 1 0.3882353 0.3960784 0.3882353 1 1 1 1 1 0.3882353 0.3960784 0.3882353 1 1 1 1 1 1 1 1 1 0.3882353 0.3960784 0.3882353 1 1 1 1 1 1 1 1 1 1 1 1 1 1 1 1 1 1 1 1 1 1 1 1 1 0.1921569 0.1882353 0.1921569 1 0.7098039 0.6980392 0.7098039 1 0.1921569 0.1882353 0.1921569 1 0.8078432 0.8117647 0.8078432 1 0.7098039 0.6980392 0.7098039 1 0.1921569 0.1882353 0.1921569 1 0.1921569 0.1882353 0.1921569 1 0.8078432 0.8117647 0.8078432 1 0.1921569 0.1882353 0.1921569 1 0.8078432 0.8117647 0.8078432 1 0.8078432 0.8117647 0.8078432 1 0.1921569 0.1882353 0.1921569 1 0.09411764 0.09411764 0.09411764 1 0 0 0 1 0.09411764 0.09411764 0.09411764 1 0.09411764 0.09411764 0.09411764 1 0 0 0 1 0.09411764 0.09411764 0.09411764 1 0.1921569 0.1882353 0.1921569 1 0.7098039 0.6980392 0.7098039 1 0.1921569 0.1882353 0.1921569 1 0.7098039 0.6980392 0.7098039 1 0.7098039 0.6980392 0.7098039 1 0.1921569 0.1882353 0.1921569 1 0.8078432 0.8117647 0.8078432 1 0.6117647 0.6039216 0.6117647 1 0.7098039 0.6980392 0.7098039 1 0.6117647 0.6039216 0.6117647 1 0.6117647 0.6039216 0.6117647 1 0.8078432 0.8117647 0.8078432 1 1 1 1 1 1 1 1 1 0.9058824 0.9058824 0.9058824 1 1 1 1 1 1 1 1 1 1 1 1 1 0.8078432 0.8117647 0.8078432 1 0.8078432 0.8117647 0.8078432 1 0.9058824 0.9058824 0.9058824 1 0.3882353 0.3960784 0.3882353 1 0.8078432 0.8117647 0.8078432 1 0.8078432 0.8117647 0.8078432 1 0.7098039 0.6980392 0.7098039 1 0.6117647 0.6039216 0.6117647 1 0.8078432 0.8117647 0.8078432 1 0.6117647 0.6039216 0.6117647 1 0.6117647 0.6039216 0.6117647 1 0.7098039 0.6980392 0.7098039 1 1 1 1 1 1 1 1 1 0.4823529 0.4901961 0.4823529 1 0.9058824 0.9058824 0.9058824 1 1 1 1 1 1 1 1 1 0.6117647 0.6039216 0.6117647 1 0.7098039 0.6980392 0.7098039 1 0.6117647 0.6039216 0.6117647 1 0.7098039 0.6980392 0.7098039 1 0.7098039 0.6980392 0.7098039 1 0.6117647 0.6039216 0.6117647 1 1 1 1 1 1 1 1 1 0.1921569 0.1882353 0.1921569 1 0.9058824 0.9058824 0.9058824 1 1 1 1 1 1 1 1 1 0.1921569 0.1882353 0.1921569 1 0.9058824 0.9058824 0.9058824 1 0.1921569 0.1882353 0.1921569 1 0.1921569 0.1882353 0.1921569 1 0.2901961 0.3019608 0.2901961 1 0.8078432 0.8117647 0.8078432 1 0.1921569 0.1882353 0.1921569 1 0.8078432 0.8117647 0.8078432 1 0.8078432 0.8117647 0.8078432 1 0.1921569 0.1882353 0.1921569 1 0.9058824 0.9058824 0.9058824 1 0.1921569 0.1882353 0.1921569 1 0.9058824 0.9058824 0.9058824 1 0.9058824 0.9058824 0.9058824 1 0.9058824 0.9058824 0.9058824 1 0.1921569 0.1882353 0.1921569 1 0.1921569 0.1882353 0.1921569 1 0.9058824 0.9058824 0.9058824 1 0.1921569 0.1882353 0.1921569 1 0.1921569 0.1882353 0.1921569 1 0.9058824 0.9058824 0.9058824 1 0.4823529 0.4901961 0.4823529 1 0.4823529 0.4901961 0.4823529 1 1 1 1 1 0.9058824 0.9058824 0.9058824 1 0.9058824 0.9058824 0.9058824 1 0.9058824 0.9058824 0.9058824 1 0.4823529 0.4901961 0.4823529 1 0.4823529 0.4901961 0.4823529 1 1 1 1 1 0.9058824 0.9058824 0.9058824 1 0.1921569 0.1882353 0.1921569 1 0.8078432 0.8117647 0.8078432 1 0.1921569 0.1882353 0.1921569 1 0.9058824 0.9058824 0.9058824 1 0.9058824 0.9058824 0.9058824 1 0.1921569 0.1882353 0.1921569 1 0.9058824 0.9058824 0.9058824 1 0.9058824 0.9058824 0.9058824 1 0.9058824 0.9058824 0.9058824 1 0.9686275 0.9529412 0.9686275 1 0.9058824 0.9058824 0.9058824 1 1 1 1 1 1 1 1 1 1 1 1 1 0.6470589 0.6509804 0.6470589 1 0.8392157 0.827451 0.8392157 1 0.4509804 0.4431372 0.4509804 1 0.7411765 0.7294118 0.7411765 1 1 1 1 1 0.8392157 0.827451 0.8392157 1 0.4509804 0.4431372 0.4509804 1 0.6470589 0.6509804 0.6470589 1 0.8392157 0.827451 0.8392157 1 0.8078432 0.8117647 0.8078432 1 0.9058824 0.9058824 0.9058824 1 0.1921569 0.1882353 0.1921569 1 0.3882353 0.3960784 0.3882353 1 0.9058824 0.9058824 0.9058824 1 0.3882353 0.3960784 0.3882353 1 0.6117647 0.6039216 0.6117647 1 1 1 1 1 0.3882353 0.3960784 0.3882353 1 0.7098039 0.6980392 0.7098039 1 0.7098039 0.6980392 0.7098039 1 0.9686275 0.9529412 0.9686275 1 1 1 1 1 0.4823529 0.4901961 0.4823529 1 0.7098039 0.6980392 0.7098039 1 0.1921569 0.1882353 0.1921569 1 0.4823529 0.4901961 0.4823529 1 0.3882353 0.3960784 0.3882353 1 0.9058824 0.9058824 0.9058824 1 0.9058824 0.9058824 0.9058824 1 0.9058824 0.9058824 0.9058824 1 1 1 1 1 0.9058824 0.9058824 0.9058824 1 1 1 1 1 1 1 1 1 0.8078432 0.8117647 0.8078432 1 0.4823529 0.4901961 0.4823529 1 0.4509804 0.4431372 0.4509804 1 0.4509804 0.4431372 0.4509804 1 0.4509804 0.4431372 0.4509804 1 1 1 1 1 0.8392157 0.827451 0.8392157 1 0.6470589 0.6509804 0.6470589 1 0.8078432 0.8117647 0.8078432 1 1 1 1 1 0.8078432 0.8117647 0.8078432 1 0.3882353 0.3960784 0.3882353 1 0.8078432 0.8117647 0.8078432 1 0.3882353 0.3960784 0.3882353 1</float_array>
          <technique_common>
            <accessor source="#polygon0-mesh-colors-polygon0_Colors0-array" count="2256" stride="4">
              <param name="R" type="float"/>
              <param name="G" type="float"/>
              <param name="B" type="float"/>
              <param name="A" type="float"/>
            </accessor>
          </technique_common>
        </source>
        <vertices id="polygon0-mesh-vertices">
          <input semantic="POSITION" source="#polygon0-mesh-positions"/>
        </vertices>
        <triangles material="mat_chassis-material" count="752">
          <input semantic="VERTEX" source="#polygon0-mesh-vertices" offset="0"/>
          <input semantic="NORMAL" source="#polygon0-mesh-normals" offset="1"/>
          <input semantic="TEXCOORD" source="#polygon0-mesh-map-0" offset="2" set="0"/>
          <input semantic="COLOR" source="#polygon0-mesh-colors-polygon0_Colors0" offset="3" set="0"/>
          <p>2 0 0 0 1 1 1 1 0 2 2 2 3 3 3 3 1 1 4 4 2 0 5 5 4 4 6 6 3 3 7 7 2 0 8 8 5 5 9 9 3 3 10 10 4 4 11 11 6 6 12 12 5 5 13 13 4 4 14 14 7 7 15 15 5 5 16 16 6 6 17 17 8 8 18 18 7 7 19 19 6 6 20 20 9 9 21 21 7 7 22 22 8 8 23 23 10 10 24 24 9 9 25 25 8 8 26 26 11 11 27 27 9 9 28 28 10 10 29 29 12 12 30 30 11 11 31 31 10 10 32 32 13 13 33 33 11 11 34 34 12 12 35 35 14 14 36 36 13 13 37 37 12 12 38 38 2 0 39 39 13 13 40 40 14 14 41 41 4 4 42 42 2 0 43 43 14 14 44 44 17 15 45 45 16 16 46 46 15 17 47 47 18 18 48 48 16 16 49 49 17 15 50 50 19 19 51 51 18 18 52 52 17 15 53 53 20 20 54 54 18 18 55 55 19 19 56 56 21 21 57 57 20 20 58 58 19 19 59 59 22 22 60 60 20 20 61 61 21 21 62 62 23 23 63 63 22 22 64 64 21 21 65 65 24 24 66 66 22 22 67 67 23 23 68 68 25 25 69 69 24 24 70 70 23 23 71 71 26 26 72 72 24 24 73 73 25 25 74 74 27 27 75 75 26 26 76 76 25 25 77 77 28 28 78 78 26 26 79 79 27 27 80 80 31 29 81 81 30 30 82 82 29 31 83 83 32 32 84 84 30 30 85 85 31 29 86 86 33 33 87 87 32 32 88 88 31 29 89 89 34 34 90 90 32 32 91 91 33 33 92 92 35 35 93 93 34 34 94 94 33 33 95 95 36 36 96 96 34 34 97 97 35 35 98 98 37 37 99 99 36 36 100 100 35 35 101 101 38 38 102 102 36 36 103 103 37 37 104 104 39 39 105 105 38 38 106 106 37 37 107 107 40 40 108 108 38 38 109 109 39 39 110 110 41 41 111 111 40 40 112 112 39 39 113 113 21 21 114 114 42 42 115 115 23 23 116 116 43 43 117 117 42 42 118 118 21 21 119 119 19 19 120 120 43 43 121 121 21 21 122 122 28 28 123 123 43 43 124 124 19 19 125 125 17 15 126 126 28 28 127 127 19 19 128 128 26 26 129 129 28 28 130 130 17 15 131 131 44 44 132 132 26 26 133 133 17 15 134 134 24 24 135 135 26 26 136 136 44 44 137 137 45 45 138 138 24 24 139 139 44 44 140 140 22 22 141 141 24 24 142 142 45 45 143 143 48 46 144 144 47 47 145 145 46 48 146 146 49 49 147 147 47 47 148 148 48 46 149 149 50 50 150 150 49 49 151 151 48 46 152 152 51 51 153 153 49 49 154 154 50 50 155 155 52 52 156 156 51 51 157 157 50 50 158 158 53 53 159 159 51 51 160 160 52 52 161 161 54 54 162 162 53 53 163 163 52 52 164 164 55 55 165 165 53 53 166 166 54 54 167 167 56 56 168 168 55 55 169 169 54 54 170 170 57 57 171 171 55 55 172 172 56 56 173 173 60 58 174 174 59 59 175 175 58 60 176 176 61 61 177 177 59 59 178 178 60 58 179 179 62 62 180 180 61 61 181 181 60 58 182 182 63 63 183 183 61 61 184 184 62 62 185 185 64 64 186 186 63 63 187 187 62 62 188 188 65 65 189 189 63 63 190 190 64 64 191 191 66 66 192 192 65 65 193 193 64 64 194 194 67 67 195 195 65 65 196 196 66 66 197 197 68 68 198 198 67 67 199 199 66 66 200 200 18 18 201 201 69 69 202 202 16 16 203 203 70 70 204 204 69 69 205 205 18 18 206 206 20 20 207 207 70 70 208 208 18 18 209 209 71 71 210 210 70 70 211 211 20 20 212 212 22 22 213 213 71 71 214 214 20 20 215 215 72 72 216 216 71 71 217 217 22 22 218 218 45 45 219 219 72 72 220 220 22 22 221 221 73 73 222 222 72 72 223 223 45 45 224 224 74 74 225 225 73 73 226 226 45 45 227 227 77 75 228 228 76 76 229 229 75 77 230 230 78 78 231 231 76 76 232 232 77 75 233 233 79 79 234 234 78 78 235 235 77 75 236 236 80 80 237 237 78 78 238 238 79 79 239 239 81 81 240 240 80 80 241 241 79 79 242 242 82 82 243 243 80 80 244 244 81 81 245 245 83 83 246 246 82 82 247 247 81 81 248 248 84 84 249 249 82 82 250 250 83 83 251 251 85 85 252 252 84 84 253 253 83 83 254 254 86 86 255 255 11 11 256 256 13 13 257 257 9 9 258 258 11 11 259 259 86 86 260 260 87 87 261 261 9 9 262 262 86 86 263 263 88 88 264 264 9 9 265 265 87 87 266 266 89 89 267 267 88 88 268 268 87 87 269 269 90 90 270 270 88 88 271 271 89 89 272 272 0 2 273 273 90 90 274 274 89 89 275 275 1 1 276 276 90 90 277 277 0 2 278 278 42 42 279 279 91 91 280 280 23 23 281 281 92 92 282 282 91 91 283 283 42 42 284 284 43 43 285 285 92 92 286 286 42 42 287 287 93 93 288 288 92 92 289 289 43 43 290 290 94 94 291 291 93 93 292 292 43 43 293 293 95 95 294 294 93 93 295 295 94 94 296 296 96 96 297 297 95 95 298 298 94 94 299 299 78 78 300 300 97 97 301 301 76 76 302 302 98 98 303 303 97 97 304 304 78 78 305 305 80 80 306 306 98 98 307 307 78 78 308 308 99 99 309 309 98 98 310 310 80 80 311 311 82 82 312 312 99 99 313 313 80 80 314 314 100 100 315 315 99 99 316 316 82 82 317 317 84 84 318 318 100 100 319 319 82 82 320 320 103 101 321 321 102 102 322 322 101 103 323 323 104 104 324 324 102 102 325 325 103 101 326 326 105 105 327 327 104 104 328 328 103 101 329 329 106 106 330 330 104 104 331 331 105 105 332 332 107 107 333 333 106 106 334 334 105 105 335 335 108 108 336 336 106 106 337 337 107 107 338 338 109 109 339 339 108 108 340 340 107 107 341 341 53 53 342 342 58 60 343 343 51 51 344 344 60 58 345 345 58 60 346 346 53 53 347 347 55 55 348 348 60 58 349 349 53 53 350 350 110 110 351 351 60 58 352 352 55 55 353 353 111 111 354 354 110 110 355 355 55 55 356 356 112 112 357 357 110 110 358 358 111 111 359 359 46 48 360 360 112 112 361 361 111 111 362 362 115 113 363 363 114 114 364 364 113 115 365 365 116 116 366 366 114 114 367 367 115 113 368 368 117 117 369 369 116 116 370 370 115 113 371 371 118 118 372 372 116 116 373 373 117 117 374 374 119 119 375 375 118 118 376 376 117 117 377 377 120 120 378 378 118 118 379 379 119 119 380 380 121 121 381 381 120 120 382 382 119 119 383 383 124 122 384 384 123 123 385 385 122 124 386 386 125 125 387 387 123 123 388 388 124 122 389 389 105 105 390 390 125 125 391 391 124 122 392 392 126 126 393 393 125 125 394 394 105 105 395 395 103 101 396 396 126 126 397 397 105 105 398 398 127 127 399 399 126 126 400 400 103 101 401 401 101 103 402 402 127 127 403 403 103 101 404 404 33 33 405 405 37 37 406 406 35 35 407 407 39 39 408 408 37 37 409 409 33 33 410 410 128 128 411 411 39 39 412 412 33 33 413 413 41 41 414 414 39 39 415 415 128 128 416 416 129 129 417 417 41 41 418 418 128 128 419 419 130 130 420 420 41 41 421 421 129 129 422 422 29 31 423 423 130 130 424 424 129 129 425 425 133 131 426 426 132 132 427 427 131 133 428 428 134 134 429 429 132 132 430 430 133 131 431 431 135 135 432 432 134 134 433 433 133 131 434 434 136 136 435 435 134 134 436 436 135 135 437 437 137 137 438 438 136 136 439 439 135 135 440 440 138 138 441 441 136 136 442 442 137 137 443 443 141 139 444 444 140 140 445 445 139 141 446 446 142 142 447 447 140 140 448 448 141 139 449 449 143 143 450 450 142 142 451 451 141 139 452 452 144 144 453 453 142 142 454 454 143 143 455 455 145 145 456 456 144 144 457 457 143 143 458 458 146 146 459 459 144 144 460 460 145 145 461 461 149 147 462 462 148 148 463 463 147 149 464 464 150 150 465 465 148 148 466 466 149 147 467 467 151 151 468 468 150 150 469 469 149 147 470 470 152 152 471 471 150 150 472 472 151 151 473 473 153 153 474 474 152 152 475 475 151 151 476 476 154 154 477 477 152 152 478 478 153 153 479 479 150 150 480 480 155 155 481 481 148 148 482 482 156 156 483 483 155 155 484 484 150 150 485 485 152 152 486 486 156 156 487 487 150 150 488 488 157 157 489 489 156 156 490 490 152 152 491 491 154 154 492 492 157 157 493 493 152 152 494 494 158 158 495 495 157 157 496 496 154 154 497 497 161 159 498 498 160 160 499 499 159 161 500 500 162 162 501 501 160 160 502 502 161 159 503 503 163 163 504 504 162 162 505 505 161 159 506 506 164 164 507 507 162 162 508 508 163 163 509 509 165 165 510 510 164 164 511 511 163 163 512 512 166 166 513 513 164 164 514 514 165 165 515 515 169 167 516 516 168 168 517 517 167 169 518 518 170 170 519 519 168 168 520 520 169 167 521 521 171 171 522 522 170 170 523 523 169 167 524 524 172 172 525 525 170 170 526 526 171 171 527 527 121 121 528 528 172 172 529 529 171 171 530 530 119 119 531 531 172 172 532 532 121 121 533 533 175 173 534 534 174 174 535 535 173 175 536 536 176 176 537 537 174 174 538 538 175 173 539 539 177 177 540 540 176 176 541 541 175 173 542 542 178 178 543 543 176 176 544 544 177 177 545 545 179 179 546 546 178 178 547 547 177 177 548 548 180 180 549 549 178 178 550 550 179 179 551 551 183 181 552 552 182 182 553 553 181 183 554 554 184 184 555 555 182 182 556 556 183 181 557 557 185 185 558 558 184 184 559 559 183 181 560 560 182 182 561 561 184 184 562 562 185 185 563 563 186 186 564 564 182 182 565 565 185 185 566 566 181 183 567 567 182 182 568 568 186 186 569 569 189 187 570 570 188 188 571 571 187 189 572 572 190 190 573 573 188 188 574 574 189 187 575 575 191 191 576 576 190 190 577 577 189 187 578 578 188 188 579 579 190 190 580 580 191 191 581 581 192 192 582 582 188 188 583 583 191 191 584 584 187 189 585 585 188 188 586 586 192 192 587 587 195 193 588 588 194 194 589 589 193 195 590 590 196 196 591 591 194 194 592 592 195 193 593 593 197 197 594 594 196 196 595 595 195 193 596 596 198 198 597 597 196 196 598 598 197 197 599 599 199 199 600 600 198 198 601 601 197 197 602 602 200 200 603 603 198 198 604 604 199 199 605 605 203 201 606 606 202 202 607 607 201 203 608 608 204 204 609 609 202 202 610 610 203 201 611 611 205 205 612 612 204 204 613 613 203 201 614 614 206 206 615 615 204 204 616 616 205 205 617 617 156 156 618 618 206 206 619 619 205 205 620 620 157 157 621 621 206 206 622 622 156 156 623 623 209 207 624 624 208 208 625 625 207 209 626 626 210 210 627 627 208 208 628 628 209 207 629 629 211 211 630 630 210 210 631 631 209 207 632 632 212 212 633 633 210 210 634 634 211 211 635 635 213 213 636 636 212 212 637 637 211 211 638 638 214 214 639 639 212 212 640 640 213 213 641 641 215 215 642 642 157 157 643 643 158 158 644 644 216 216 645 645 157 157 646 646 215 215 647 647 217 217 648 648 216 216 649 649 215 215 650 650 218 218 651 651 216 216 652 652 217 217 653 653 219 219 654 654 218 218 655 655 217 217 656 656 220 220 657 657 218 218 658 658 219 219 659 659 98 98 660 660 221 221 661 661 97 97 662 662 222 222 663 663 221 221 664 664 98 98 665 665 99 99 666 666 222 222 667 667 98 98 668 668 223 223 669 669 222 222 670 670 99 99 671 671 100 100 672 672 223 223 673 673 99 99 674 674 59 59 675 675 224 224 676 676 58 60 677 677 225 225 678 678 224 224 679 679 59 59 680 680 226 226 681 681 225 225 682 682 59 59 683 683 227 227 684 684 225 225 685 685 226 226 686 686 228 228 687 687 227 227 688 688 226 226 689 689 231 229 690 690 230 230 691 691 229 231 692 692 232 232 693 693 230 230 694 694 231 229 695 695 233 233 696 696 232 232 697 697 231 229 698 698 234 234 699 699 232 232 700 700 233 233 701 701 235 235 702 702 234 234 703 703 233 233 704 704 204 204 705 705 220 220 706 706 202 202 707 707 218 218 708 708 220 220 709 709 204 204 710 710 206 206 711 711 218 218 712 712 204 204 713 713 216 216 714 714 218 218 715 715 206 206 716 716 157 157 717 717 216 216 718 718 206 206 719 719 238 236 720 720 237 237 721 721 236 238 722 722 239 239 723 723 237 237 724 724 238 236 725 725 240 240 726 726 239 239 727 727 238 236 728 728 241 241 729 729 239 239 730 730 240 240 731 731 242 242 732 732 241 241 733 733 240 240 734 734 170 170 735 735 243 243 736 736 168 168 737 737 244 244 738 738 243 243 739 739 170 170 740 740 172 172 741 741 244 244 742 742 170 170 743 743 117 117 744 744 244 244 745 745 172 172 746 746 119 119 747 747 117 117 748 748 172 172 749 749 67 67 750 750 246 245 751 751 245 246 752 752 247 247 753 753 246 245 754 754 67 67 755 755 68 68 756 756 247 247 757 757 67 67 758 758 248 248 759 759 247 247 760 760 68 68 761 761 228 228 762 762 248 248 763 763 68 68 764 764 83 83 765 765 249 249 766 766 85 85 767 767 250 250 768 768 249 249 769 769 83 83 770 770 81 81 771 771 250 250 772 772 83 83 773 773 251 251 774 774 250 250 775 775 81 81 776 776 79 79 777 777 251 251 778 778 81 81 779 779 254 252 780 780 253 253 781 781 252 254 782 782 255 255 783 783 253 253 784 784 254 252 785 785 256 256 786 786 255 255 787 787 254 252 788 788 257 257 789 789 255 255 790 790 256 256 791 791 258 258 792 792 257 257 793 793 256 256 794 794 261 259 795 795 260 260 796 796 259 261 797 797 262 262 798 798 260 260 799 799 261 259 800 800 263 263 801 801 262 262 802 802 261 259 803 803 264 264 804 804 262 262 805 805 263 263 806 806 265 265 807 807 264 264 808 808 263 263 809 809 88 88 810 810 7 7 811 811 9 9 812 812 266 266 813 813 7 7 814 814 88 88 815 815 90 90 816 816 266 266 817 817 88 88 818 818 1 1 819 819 266 266 820 820 90 90 821 821 50 50 822 822 267 267 823 823 52 52 824 824 114 114 825 825 267 267 826 826 50 50 827 827 268 268 828 828 114 114 829 829 50 50 830 830 57 57 831 831 114 114 832 832 268 268 833 833 269 269 834 834 213 213 835 835 208 208 836 836 214 214 837 837 213 213 838 838 269 269 839 839 270 270 840 840 214 214 841 841 269 269 842 842 271 271 843 843 214 214 844 844 270 270 845 845 274 272 846 846 273 273 847 847 272 274 848 848 275 275 849 849 273 273 850 850 274 272 851 851 276 276 852 852 275 275 853 853 274 272 854 854 277 277 855 855 275 275 856 856 276 276 857 857 280 278 858 858 279 279 859 859 278 280 860 860 281 281 861 861 279 279 862 862 280 278 863 863 282 282 864 864 281 281 865 865 280 278 866 866 279 279 867 867 281 281 868 868 282 282 869 869 285 283 870 870 284 284 871 871 283 285 872 872 286 286 873 873 284 284 874 874 285 283 875 875 287 287 876 876 286 286 877 877 285 283 878 878 288 288 879 879 286 286 880 880 287 287 881 881 291 289 882 882 290 290 883 883 289 291 884 884 235 235 885 885 290 290 886 886 291 289 887 887 292 292 888 888 235 235 889 889 291 289 890 890 234 234 891 891 235 235 892 892 292 292 893 893 293 293 894 894 169 167 895 895 167 169 896 896 171 171 897 897 169 167 898 898 293 293 899 899 294 294 900 900 171 171 901 901 293 293 902 902 295 295 903 903 171 171 904 904 294 294 905 905 295 295 906 906 121 121 907 907 171 171 908 908 120 120 909 909 121 121 910 910 295 295 911 911 296 296 912 912 120 120 913 913 295 295 914 914 297 297 915 915 120 120 916 916 296 296 917 917 264 264 918 918 298 298 919 919 262 262 920 920 299 299 921 921 298 298 922 922 264 264 923 923 265 265 924 924 299 299 925 925 264 264 926 926 300 300 927 927 299 299 928 928 265 265 929 929 303 301 930 930 302 302 931 931 301 303 932 932 304 304 933 933 302 302 934 934 303 301 935 935 305 305 936 936 304 304 937 937 303 301 938 938 306 306 939 939 304 304 940 940 305 305 941 941 307 307 942 942 118 118 943 943 120 120 944 944 308 308 945 945 118 118 946 946 307 307 947 947 309 309 948 948 308 308 949 949 307 307 950 950 267 267 951 951 308 308 952 952 309 309 953 953 27 27 954 954 310 310 955 955 28 28 956 956 311 311 957 957 310 310 958 958 27 27 959 959 25 25 960 960 311 311 961 961 27 27 962 962 23 23 963 963 311 311 964 964 25 25 965 965 313 312 966 966 311 311 967 967 312 313 968 968 310 310 969 969 311 311 970 970 313 312 971 971 314 314 972 972 310 310 973 973 313 312 974 974 96 96 975 975 310 310 976 976 314 314 977 977 95 95 978 978 316 315 979 979 315 316 980 980 317 317 981 981 316 315 982 982 95 95 983 983 96 96 984 984 317 317 985 985 95 95 986 986 314 314 987 987 317 317 988 988 96 96 989 989 46 48 990 990 66 66 991 991 64 64 992 992 224 224 993 993 66 66 994 994 46 48 995 995 47 47 996 996 224 224 997 997 46 48 998 998 58 60 999 999 224 224 1000 1000 47 47 1001 1001 320 318 1002 1002 319 319 1003 1003 318 320 1004 1004 321 321 1005 1005 319 319 1006 1006 320 318 1007 1007 322 322 1008 1008 321 321 1009 1009 320 318 1010 1010 323 323 1011 1011 321 321 1012 1012 322 322 1013 1013 107 107 1014 1014 324 324 1015 1015 109 109 1016 1016 325 325 1017 1017 324 324 1018 1018 107 107 1019 1019 105 105 1020 1020 325 325 1021 1021 107 107 1022 1022 124 122 1023 1023 325 325 1024 1024 105 105 1025 1025 328 326 1026 1026 327 327 1027 1027 326 328 1028 1028 329 329 1029 1029 327 327 1030 1030 328 326 1031 1031 330 330 1032 1032 329 329 1033 1033 328 326 1034 1034 331 331 1035 1035 329 329 1036 1036 330 330 1037 1037 71 71 1038 1038 69 69 1039 1039 70 70 1040 1040 16 16 1041 1041 69 69 1042 1042 71 71 1043 1043 15 17 1044 1044 16 16 1045 1045 71 71 1046 1046 211 211 1047 1047 317 317 1048 1048 213 213 1049 1049 316 315 1050 1050 317 317 1051 1051 211 211 1052 1052 209 207 1053 1053 316 315 1054 1054 211 211 1055 1055 333 332 1056 1056 332 333 1057 1057 271 271 1058 1058 334 334 1059 1059 332 333 1060 1060 333 332 1061 1061 335 335 1062 1062 334 334 1063 1063 333 332 1064 1064 338 336 1065 1065 337 337 1066 1066 336 338 1067 1067 229 231 1068 1068 337 337 1069 1069 338 336 1070 1070 231 229 1071 1071 229 231 1072 1072 338 336 1073 1073 225 225 1074 1074 66 66 1075 1075 224 224 1076 1076 68 68 1077 1077 66 66 1078 1078 225 225 1079 1079 227 227 1080 1080 68 68 1081 1081 225 225 1082 1082 61 61 1083 1083 226 226 1084 1084 59 59 1085 1085 248 248 1086 1086 226 226 1087 1087 61 61 1088 1088 247 247 1089 1089 248 248 1090 1090 61 61 1091 1091 63 63 1092 1092 247 247 1093 1093 61 61 1094 1094 246 245 1095 1095 247 247 1096 1096 63 63 1097 1097 65 65 1098 1098 246 245 1099 1099 63 63 1100 1100 341 339 1101 1101 340 340 1102 1102 339 341 1103 1103 342 342 1104 1104 340 340 1105 1105 341 339 1106 1106 343 343 1107 1107 342 342 1108 1108 341 339 1109 1109 346 344 1110 1110 345 345 1111 1111 344 346 1112 1112 347 347 1113 1113 345 345 1114 1114 346 344 1115 1115 348 348 1116 1116 347 347 1117 1117 346 344 1118 1118 351 349 1119 1119 350 350 1120 1120 349 351 1121 1121 352 352 1122 1122 350 350 1123 1123 351 349 1124 1124 349 351 1125 1125 352 352 1126 1126 351 349 1127 1127 355 353 1128 1128 354 354 1129 1129 353 355 1130 1130 356 356 1131 1131 354 354 1132 1132 355 353 1133 1133 353 355 1134 1134 356 356 1135 1135 355 353 1136 1136 319 319 1137 1137 357 357 1138 1138 318 320 1139 1139 358 358 1140 1140 357 357 1141 1141 319 319 1142 1142 359 359 1143 1143 358 358 1144 1144 319 319 1145 1145 91 91 1146 1146 311 311 1147 1147 23 23 1148 1148 312 313 1149 1149 311 311 1150 1150 91 91 1151 1151 315 316 1152 1152 312 313 1153 1153 91 91 1154 1154 360 360 1155 1155 321 321 1156 1156 323 323 1157 1157 319 319 1158 1158 321 321 1159 1159 360 360 1160 1160 359 359 1161 1161 319 319 1162 1162 360 360 1163 1163 308 308 1164 1164 116 116 1165 1165 118 118 1166 1166 114 114 1167 1167 116 116 1168 1168 308 308 1169 1169 267 267 1170 1170 114 114 1171 1171 308 308 1172 1172 125 125 1173 1173 361 361 1174 1174 123 123 1175 1175 127 127 1176 1176 361 361 1177 1177 125 125 1178 1178 126 126 1179 1179 127 127 1180 1180 125 125 1181 1181 364 362 1182 1182 363 363 1183 1183 362 364 1184 1184 365 365 1185 1185 363 363 1186 1186 364 362 1187 1187 362 364 1188 1188 365 365 1189 1189 364 362 1190 1190 109 109 1191 1191 258 258 1192 1192 108 108 1193 1193 366 366 1194 1194 258 258 1195 1195 109 109 1196 1196 367 367 1197 1197 366 366 1198 1198 109 109 1199 1199 325 325 1200 1200 368 368 1201 1201 324 324 1202 1202 122 124 1203 1203 368 368 1204 1204 325 325 1205 1205 124 122 1206 1206 122 124 1207 1207 325 325 1208 1208 371 369 1209 1209 370 370 1210 1210 369 371 1211 1211 372 372 1212 1212 370 370 1213 1213 371 369 1214 1214 373 373 1215 1215 372 372 1216 1216 371 369 1217 1217 371 369 1218 1218 367 367 1219 1219 373 373 1220 1220 366 366 1221 1221 367 367 1222 1222 371 369 1223 1223 258 258 1224 1224 366 366 1225 1225 371 369 1226 1226 371 369 1227 1227 256 256 1228 1228 258 258 1229 1229 254 252 1230 1230 256 256 1231 1231 371 369 1232 1232 374 374 1233 1233 254 252 1234 1234 371 369 1235 1235 374 374 1236 1236 101 103 1237 1237 254 252 1238 1238 127 127 1239 1239 101 103 1240 1240 374 374 1241 1241 361 361 1242 1242 127 127 1243 1243 374 374 1244 1244 72 72 1245 1245 15 17 1246 1246 71 71 1247 1247 74 74 1248 1248 15 17 1249 1249 72 72 1250 1250 73 73 1251 1251 74 74 1252 1252 72 72 1253 1253 377 375 1254 1254 376 376 1255 1255 375 377 1256 1256 378 378 1257 1257 376 376 1258 1258 377 375 1259 1259 379 379 1260 1260 378 378 1261 1261 377 375 1262 1262 111 111 1263 1263 48 46 1264 1264 46 48 1265 1265 268 268 1266 1266 48 46 1267 1267 111 111 1268 1268 57 57 1269 1269 268 268 1270 1270 111 111 1271 1271 380 380 1272 1272 87 87 1273 1273 86 86 1274 1274 89 89 1275 1275 87 87 1276 1276 380 380 1277 1277 0 2 1278 1278 89 89 1279 1279 380 380 1280 1280 244 244 1281 1281 293 293 1282 1282 243 243 1283 1283 294 294 1284 1284 293 293 1285 1285 244 244 1286 1286 295 295 1287 1287 294 294 1288 1288 244 244 1289 1289 179 179 1290 1290 174 174 1291 1291 180 180 1292 1292 173 175 1293 1293 174 174 1294 1294 179 179 1295 1295 381 381 1296 1296 173 175 1297 1297 179 179 1298 1298 129 129 1299 1299 31 29 1300 1300 29 31 1301 1301 33 33 1302 1302 31 29 1303 1303 129 129 1304 1304 128 128 1305 1305 33 33 1306 1306 129 129 1307 1307 383 382 1308 1308 289 291 1309 1309 382 383 1310 1310 290 290 1311 1311 289 291 1312 1312 383 382 1313 1313 235 235 1314 1314 290 290 1315 1315 383 382 1316 1316 383 382 1317 1317 233 233 1318 1318 235 235 1319 1319 231 229 1320 1320 233 233 1321 1321 383 382 1322 1322 229 231 1323 1323 231 229 1324 1324 383 382 1325 1325 383 382 1326 1326 337 337 1327 1327 229 231 1328 1328 384 384 1329 1329 337 337 1330 1330 383 382 1331 1331 385 385 1332 1332 384 384 1333 1333 383 382 1334 1334 307 307 1335 1335 113 115 1336 1336 309 309 1337 1337 115 113 1338 1338 113 115 1339 1339 307 307 1340 1340 297 297 1341 1341 115 113 1342 1342 307 307 1343 1343 309 309 1344 1344 52 52 1345 1345 267 267 1346 1346 54 54 1347 1347 52 52 1348 1348 309 309 1349 1349 56 56 1350 1350 54 54 1351 1351 309 309 1352 1352 130 130 1353 1353 290 290 1354 1354 41 41 1355 1355 289 291 1356 1356 290 290 1357 1357 130 130 1358 1358 382 383 1359 1359 289 291 1360 1360 130 130 1361 1361 113 115 1362 1362 56 56 1363 1363 309 309 1364 1364 57 57 1365 1365 56 56 1366 1366 113 115 1367 1367 114 114 1368 1368 57 57 1369 1369 113 115 1370 1370 388 386 1371 1371 387 387 1372 1372 386 388 1373 1373 389 389 1374 1374 387 387 1375 1375 388 386 1376 1376 386 388 1377 1377 389 389 1378 1378 388 386 1379 1379 392 390 1380 1380 391 391 1381 1381 390 392 1382 1382 393 393 1383 1383 391 391 1384 1384 392 390 1385 1385 390 392 1386 1386 393 393 1387 1387 392 390 1388 1388 396 394 1389 1389 395 395 1390 1390 394 396 1391 1391 397 397 1392 1392 395 395 1393 1393 396 394 1394 1394 394 396 1395 1395 397 397 1396 1396 396 394 1397 1397 400 398 1398 1398 399 399 1399 1399 398 400 1400 1400 250 250 1401 1401 399 399 1402 1402 400 398 1403 1403 249 249 1404 1404 250 250 1405 1405 400 398 1406 1406 403 401 1407 1407 402 402 1408 1408 401 403 1409 1409 404 404 1410 1410 402 402 1411 1411 403 401 1412 1412 405 405 1413 1413 404 404 1414 1414 403 401 1415 1415 408 406 1416 1416 407 407 1417 1417 406 408 1418 1418 409 409 1419 1419 407 407 1420 1420 408 406 1421 1421 214 214 1422 1422 409 409 1423 1423 408 406 1424 1424 412 410 1425 1425 411 411 1426 1426 410 412 1427 1427 413 413 1428 1428 411 411 1429 1429 412 410 1430 1430 415 414 1431 1431 410 412 1432 1432 414 415 1433 1433 412 410 1434 1434 410 412 1435 1435 415 414 1436 1436 244 244 1437 1437 296 296 1438 1438 295 295 1439 1439 117 117 1440 1440 296 296 1441 1441 244 244 1442 1442 117 117 1443 1443 297 297 1444 1444 296 296 1445 1445 115 113 1446 1446 297 297 1447 1447 117 117 1448 1448 102 102 1449 1449 258 258 1450 1450 256 256 1451 1451 108 108 1452 1452 258 258 1453 1453 102 102 1454 1454 101 103 1455 1455 256 256 1456 1456 254 252 1457 1457 102 102 1458 1458 256 256 1459 1459 101 103 1460 1460 122 124 1461 1461 370 370 1462 1462 372 372 1463 1463 123 123 1464 1464 370 370 1465 1465 122 124 1466 1466 368 368 1467 1467 372 372 1468 1468 373 373 1469 1469 122 124 1470 1470 372 372 1471 1471 368 368 1472 1472 207 209 1473 1473 213 213 1474 1474 317 317 1475 1475 208 208 1476 1476 213 213 1477 1477 207 209 1478 1478 418 416 1479 1479 417 417 1480 1480 416 418 1481 1481 419 419 1482 1482 417 417 1483 1483 418 416 1484 1484 210 210 1485 1485 406 408 1486 1486 208 208 1487 1487 212 212 1488 1488 406 408 1489 1489 210 210 1490 1490 421 420 1491 1491 415 414 1492 1492 420 421 1493 1493 422 422 1494 1494 415 414 1495 1495 421 420 1496 1496 40 40 1497 1497 290 290 1498 1498 235 235 1499 1499 41 41 1500 1500 290 290 1501 1501 40 40 1502 1502 425 423 1503 1503 424 424 1504 1504 423 425 1505 1505 426 426 1506 1506 424 424 1507 1507 425 423 1508 1508 427 427 1509 1509 337 337 1510 1510 384 384 1511 1511 336 338 1512 1512 337 337 1513 1513 427 427 1514 1514 429 428 1515 1515 402 402 1516 1516 428 429 1517 1517 401 403 1518 1518 402 402 1519 1519 429 428 1520 1520 300 300 1521 1521 431 430 1522 1522 430 431 1523 1523 265 265 1524 1524 431 430 1525 1525 300 300 1526 1526 434 432 1527 1527 433 433 1528 1528 432 434 1529 1529 435 435 1530 1530 433 433 1531 1531 434 432 1532 1532 436 436 1533 1533 435 435 1534 1534 434 432 1535 1535 437 437 1536 1536 435 435 1537 1537 436 436 1538 1538 439 438 1539 1539 405 405 1540 1540 438 439 1541 1541 404 404 1542 1542 405 405 1543 1543 439 438 1544 1544 442 440 1545 1545 441 441 1546 1546 440 442 1547 1547 443 443 1548 1548 441 441 1549 1549 442 440 1550 1550 36 36 1551 1551 231 229 1552 1552 338 336 1553 1553 38 38 1554 1554 231 229 1555 1555 36 36 1556 1556 233 233 1557 1557 40 40 1558 1558 235 235 1559 1559 38 38 1560 1560 40 40 1561 1561 233 233 1562 1562 444 444 1563 1563 441 441 1564 1564 443 443 1565 1565 445 445 1566 1566 441 441 1567 1567 444 444 1568 1568 29 31 1569 1569 382 383 1570 1570 130 130 1571 1571 30 30 1572 1572 382 383 1573 1573 29 31 1574 1574 385 385 1575 1575 427 427 1576 1576 384 384 1577 1577 30 30 1578 1578 427 427 1579 1579 385 385 1580 1580 438 439 1581 1581 447 446 1582 1582 446 447 1583 1583 405 405 1584 1584 447 446 1585 1585 438 439 1586 1586 446 447 1587 1587 401 403 1588 1588 429 428 1589 1589 447 446 1590 1590 401 403 1591 1591 446 447 1592 1592 332 333 1593 1593 375 377 1594 1594 271 271 1595 1595 334 334 1596 1596 375 377 1597 1597 332 333 1598 1598 369 371 1599 1599 361 361 1600 1600 374 374 1601 1601 370 370 1602 1602 361 361 1603 1603 369 371 1604 1604 428 429 1605 1605 404 404 1606 1606 439 438 1607 1607 402 402 1608 1608 404 404 1609 1609 428 429 1610 1610 449 448 1611 1611 378 378 1612 1612 448 449 1613 1613 335 335 1614 1614 378 378 1615 1615 449 448 1616 1616 324 324 1617 1617 367 367 1618 1618 109 109 1619 1619 368 368 1620 1620 367 367 1621 1621 324 324 1622 1622 452 450 1623 1623 451 451 1624 1624 450 452 1625 1625 453 453 1626 1626 451 451 1627 1627 452 450 1628 1628 456 454 1629 1629 455 455 1630 1630 454 456 1631 1631 457 457 1632 1632 455 455 1633 1633 456 454 1634 1634 457 457 1635 1635 450 452 1636 1636 451 451 1637 1637 456 454 1638 1638 450 452 1639 1639 457 457 1640 1640 454 456 1641 1641 453 453 1642 1642 452 450 1643 1643 455 455 1644 1644 453 453 1645 1645 454 456 1646 1646 460 458 1647 1647 459 459 1648 1648 458 460 1649 1649 461 461 1650 1650 459 459 1651 1651 460 458 1652 1652 458 460 1653 1653 416 418 1654 1654 417 417 1655 1655 459 459 1656 1656 416 418 1657 1657 458 460 1658 1658 426 426 1659 1659 419 419 1660 1660 418 416 1661 1661 425 423 1662 1662 419 419 1663 1663 426 426 1664 1664 377 375 1665 1665 334 334 1666 1666 379 379 1667 1667 375 377 1668 1668 334 334 1669 1669 377 375 1670 1670 448 449 1671 1671 379 379 1672 1672 462 462 1673 1673 378 378 1674 1674 379 379 1675 1675 448 449 1676 1676 463 463 1677 1677 379 379 1678 1678 334 334 1679 1679 462 462 1680 1680 379 379 1681 1681 463 463 1682 1682 269 269 1683 1683 406 408 1684 1684 270 270 1685 1685 208 208 1686 1686 406 408 1687 1687 269 269 1688 1688 465 464 1689 1689 167 169 1690 1690 464 465 1691 1691 293 293 1692 1692 167 169 1693 1693 465 464 1694 1694 340 340 1695 1695 466 466 1696 1696 339 341 1697 1697 342 342 1698 1698 466 466 1699 1699 340 340 1700 1700 15 17 1701 1701 44 44 1702 1702 17 15 1703 1703 74 74 1704 1704 44 44 1705 1705 15 17 1706 1706 347 347 1707 1707 467 467 1708 1708 345 345 1709 1709 348 348 1710 1710 467 467 1711 1711 347 347 1712 1712 468 468 1713 1713 467 467 1714 1714 348 348 1715 1715 344 346 1716 1716 467 467 1717 1717 468 468 1718 1718 374 374 1719 1719 252 254 1720 1720 369 371 1721 1721 254 252 1722 1722 252 254 1723 1723 374 374 1724 1724 469 469 1725 1725 258 258 1726 1726 366 366 1727 1727 257 257 1728 1728 258 258 1729 1729 469 469 1730 1730 28 28 1731 1731 94 94 1732 1732 43 43 1733 1733 310 310 1734 1734 94 94 1735 1735 28 28 1736 1736 92 92 1737 1737 315 316 1738 1738 91 91 1739 1739 93 93 1740 1740 315 316 1741 1741 92 92 1742 1742 470 470 1743 1743 167 169 1744 1744 168 168 1745 1745 464 465 1746 1746 167 169 1747 1747 470 470 1748 1748 314 314 1749 1749 207 209 1750 1750 317 317 1751 1751 313 312 1752 1752 207 209 1753 1753 314 314 1754 1754 313 312 1755 1755 209 207 1756 1756 207 209 1757 1757 312 313 1758 1758 209 207 1759 1759 313 312 1760 1760 315 316 1761 1761 209 207 1762 1762 312 313 1763 1763 316 315 1764 1764 209 207 1765 1765 315 316 1766 1766 472 471 1767 1767 471 472 1768 1768 180 180 1769 1769 473 473 1770 1770 471 472 1771 1771 472 471 1772 1772 49 49 1773 1773 58 60 1774 1774 47 47 1775 1775 51 51 1776 1776 58 60 1777 1777 49 49 1778 1778 178 178 1779 1779 471 472 1780 1780 176 176 1781 1781 180 180 1782 1782 471 472 1783 1783 178 178 1784 1784 471 472 1785 1785 474 474 1786 1786 176 176 1787 1787 473 473 1788 1788 474 474 1789 1789 471 472 1790 1790 168 168 1791 1791 475 475 1792 1792 470 470 1793 1793 243 243 1794 1794 475 475 1795 1795 168 168 1796 1796 110 110 1797 1797 62 62 1798 1798 60 58 1799 1799 112 112 1800 1800 62 62 1801 1801 110 110 1802 1802 245 246 1803 1803 65 65 1804 1804 67 67 1805 1805 246 245 1806 1806 65 65 1807 1807 245 246 1808 1808 112 112 1809 1809 64 64 1810 1810 62 62 1811 1811 46 48 1812 1812 64 64 1813 1813 112 112 1814 1814 259 261 1815 1815 476 476 1816 1816 261 259 1817 1817 477 477 1818 1818 476 476 1819 1819 259 261 1820 1820 476 476 1821 1821 430 431 1822 1822 431 430 1823 1823 477 477 1824 1824 430 431 1825 1825 476 476 1826 1826 335 335 1827 1827 376 376 1828 1828 378 378 1829 1829 333 332 1830 1830 376 376 1831 1831 335 335 1832 1832 276 276 1833 1833 478 478 1834 1834 277 277 1835 1835 479 479 1836 1836 478 478 1837 1837 276 276 1838 1838 481 480 1839 1839 272 274 1840 1840 480 481 1841 1841 274 272 1842 1842 272 274 1843 1843 481 480 1844 1844 482 482 1845 1845 276 276 1846 1846 274 272 1847 1847 479 479 1848 1848 276 276 1849 1849 482 482 1850 1850 341 339 1851 1851 483 483 1852 1852 343 343 1853 1853 339 341 1854 1854 483 483 1855 1855 341 339 1856 1856 481 480 1857 1857 484 484 1858 1858 277 277 1859 1859 480 481 1860 1860 484 484 1861 1861 481 480 1862 1862 346 344 1863 1863 468 468 1864 1864 348 348 1865 1865 344 346 1866 1866 468 468 1867 1867 346 344 1868 1868 137 137 1869 1869 133 131 1870 1870 131 133 1871 1871 135 135 1872 1872 133 131 1873 1873 137 137 1874 1874 136 136 1875 1875 132 132 1876 1876 134 134 1877 1877 138 138 1878 1878 132 132 1879 1879 136 136 1880 1880 145 145 1881 1881 141 139 1882 1882 139 141 1883 1883 143 143 1884 1884 141 139 1885 1885 145 145 1886 1886 140 140 1887 1887 144 144 1888 1888 146 146 1889 1889 142 142 1890 1890 144 144 1891 1891 140 140 1892 1892 487 485 1893 1893 486 486 1894 1894 485 487 1895 1895 488 488 1896 1896 486 486 1897 1897 487 485 1898 1898 491 489 1899 1899 490 490 1900 1900 489 491 1901 1901 492 492 1902 1902 490 490 1903 1903 491 489 1904 1904 491 489 1905 1905 487 485 1906 1906 485 487 1907 1907 489 491 1908 1908 487 485 1909 1909 491 489 1910 1910 486 486 1911 1911 490 490 1912 1912 492 492 1913 1913 488 488 1914 1914 490 490 1915 1915 486 486 1916 1916 489 491 1917 1917 488 488 1918 1918 487 485 1919 1919 490 490 1920 1920 488 488 1921 1921 489 491 1922 1922 288 288 1923 1923 494 493 1924 1924 493 494 1925 1925 287 287 1926 1926 494 493 1927 1927 288 288 1928 1928 104 104 1929 1929 108 108 1930 1930 102 102 1931 1931 106 106 1932 1932 108 108 1933 1933 104 104 1934 1934 284 284 1935 1935 288 288 1936 1936 493 494 1937 1937 286 286 1938 1938 288 288 1939 1939 284 284 1940 1940 285 283 1941 1941 494 493 1942 1942 287 287 1943 1943 283 285 1944 1944 494 493 1945 1945 285 283 1946 1946 496 495 1947 1947 444 444 1948 1948 495 496 1949 1949 445 445 1950 1950 444 444 1951 1951 496 495 1952 1952 499 497 1953 1953 498 498 1954 1954 497 499 1955 1955 500 500 1956 1956 498 498 1957 1957 499 497 1958 1958 329 329 1959 1959 326 328 1960 1960 327 327 1961 1961 331 331 1962 1962 326 328 1963 1963 329 329 1964 1964 503 501 1965 1965 502 502 1966 1966 501 503 1967 1967 504 504 1968 1968 502 502 1969 1969 503 501 1970 1970 5 5 1971 1971 1 1 1972 1972 3 3 1973 1973 7 7 1974 1974 1 1 1975 1975 5 5 1976 1976 14 14 1977 1977 6 6 1978 1978 4 4 1979 1979 12 12 1980 1980 6 6 1981 1981 14 14 1982 1982 8 8 1983 1983 12 12 1984 1984 10 10 1985 1985 6 6 1986 1986 12 12 1987 1987 8 8 1988 1988 503 501 1989 1989 499 497 1990 1990 497 499 1991 1991 501 503 1992 1992 499 497 1993 1993 503 501 1994 1994 2 0 1995 1995 86 86 1996 1996 13 13 1997 1997 380 380 1998 1998 86 86 1999 1999 2 0 2000 2000 498 498 2001 2001 502 502 2002 2002 504 504 2003 2003 500 500 2004 2004 502 502 2005 2005 498 498 2006 2006 501 503 2007 2007 500 500 2008 2008 499 497 2009 2009 502 502 2010 2010 500 500 2011 2011 501 503 2012 2012 306 306 2013 2013 506 505 2014 2014 505 506 2015 2015 305 305 2016 2016 506 505 2017 2017 306 306 2018 2018 302 302 2019 2019 306 306 2020 2020 505 506 2021 2021 304 304 2022 2022 306 306 2023 2023 302 302 2024 2024 303 301 2025 2025 506 505 2026 2026 305 305 2027 2027 301 303 2028 2028 506 505 2029 2029 303 301 2030 2030 338 336 2031 2031 34 34 2032 2032 36 36 2033 2033 336 338 2034 2034 34 34 2035 2035 338 336 2036 2036 336 338 2037 2037 32 32 2038 2038 34 34 2039 2039 427 427 2040 2040 32 32 2041 2041 336 338 2042 2042 165 165 2043 2043 161 159 2044 2044 159 161 2045 2045 163 163 2046 2046 161 159 2047 2047 165 165 2048 2048 164 164 2049 2049 160 160 2050 2050 162 162 2051 2051 166 166 2052 2052 160 160 2053 2053 164 164 2054 2054 199 199 2055 2055 195 193 2056 2056 193 195 2057 2057 197 197 2058 2058 195 193 2059 2059 199 199 2060 2060 198 198 2061 2061 194 194 2062 2062 196 196 2063 2063 200 200 2064 2064 194 194 2065 2065 198 198 2066 2066 507 507 2067 2067 238 236 2068 2068 236 238 2069 2069 508 508 2070 2070 238 236 2071 2071 507 507 2072 2072 240 240 2073 2073 509 509 2074 2074 242 242 2075 2075 238 236 2076 2076 509 509 2077 2077 240 240 2078 2078 512 510 2079 2079 511 511 2080 2080 510 512 2081 2081 513 513 2082 2082 511 511 2083 2083 512 510 2084 2084 516 514 2085 2085 515 515 2086 2086 514 516 2087 2087 517 517 2088 2088 515 515 2089 2089 516 514 2090 2090 515 515 2091 2091 511 511 2092 2092 513 513 2093 2093 517 517 2094 2094 511 511 2095 2095 515 515 2096 2096 520 518 2097 2097 519 519 2098 2098 518 520 2099 2099 414 415 2100 2100 519 519 2101 2101 520 518 2102 2102 420 421 2103 2103 414 415 2104 2104 520 518 2105 2105 415 414 2106 2106 414 415 2107 2107 420 421 2108 2108 521 521 2109 2109 280 278 2110 2110 278 280 2111 2111 282 282 2112 2112 280 278 2113 2113 521 521 2114 2114 518 520 2115 2115 422 422 2116 2116 421 420 2117 2117 519 519 2118 2118 422 422 2119 2119 518 520 2120 2120 414 415 2121 2121 411 411 2122 2122 519 519 2123 2123 410 412 2124 2124 411 411 2125 2125 414 415 2126 2126 298 298 2127 2127 260 260 2128 2128 262 262 2129 2129 259 261 2130 2130 260 260 2131 2131 298 298 2132 2132 476 476 2133 2133 263 263 2134 2134 261 259 2135 2135 431 430 2136 2136 263 263 2137 2137 476 476 2138 2138 422 422 2139 2139 412 410 2140 2140 415 414 2141 2141 413 413 2142 2142 412 410 2143 2143 422 422 2144 2144 403 401 2145 2145 447 446 2146 2146 405 405 2147 2147 401 403 2148 2148 447 446 2149 2149 403 401 2150 2150 413 413 2151 2151 519 519 2152 2152 411 411 2153 2153 422 422 2154 2154 519 519 2155 2155 413 413 2156 2156 212 212 2157 2157 408 406 2158 2158 406 408 2159 2159 214 214 2160 2160 408 406 2161 2161 212 212 2162 2162 522 522 2163 2163 180 180 2164 2164 174 174 2165 2165 466 466 2166 2166 342 342 2167 2167 343 343 2168 2168 466 466 2169 2169 483 483 2170 2170 339 341 2171 2171 472 471 2172 2172 180 180 2173 2173 522 522 2174 2174 228 228 2175 2175 68 68 2176 2176 227 227 2177 2177 523 523 2178 2178 481 480 2179 2179 277 277 2180 2180 478 478 2181 2181 523 523 2182 2182 277 277 2183 2183 205 205 2184 2184 155 155 2185 2185 156 156 2186 2186 381 381 2187 2187 179 179 2188 2188 177 177 2189 2189 251 251 2190 2190 399 399 2191 2191 250 250 2192 2192 120 120 2193 2193 297 297 2194 2194 307 307 2195 2195 480 481 2196 2196 524 524 2197 2197 484 484 2198 2198 333 332 2199 2199 407 407 2200 2200 376 376 2201 2201 484 484 2202 2202 275 275 2203 2203 277 277 2204 2204 233 233 2205 2205 231 229 2206 2206 38 38 2207 2207 385 385 2208 2208 382 383 2209 2209 30 30 2210 2210 123 123 2211 2211 361 361 2212 2212 370 370 2213 2213 368 368 2214 2214 373 373 2215 2215 367 367 2216 2216 409 409 2217 2217 214 214 2218 2218 271 271 2219 2219 44 44 2220 2220 74 74 2221 2221 45 45 2222 2222 96 96 2223 2223 94 94 2224 2224 310 310 2225 2225 95 95 2226 2226 315 316 2227 2227 93 93 2228 2228 48 46 2229 2229 268 268 2230 2230 50 50 2231 2231 57 57 2232 2232 111 111 2233 2233 55 55 2234 2234 228 228 2235 2235 226 226 2236 2236 248 248 2237 2237 369 371 2238 2238 374 374 2239 2239 371 369 2240 2240 7 7 2241 2241 266 266 2242 2242 1 1 2243 2243 427 427 2244 2244 30 30 2245 2245 32 32 2246 2246 383 382 2247 2247 382 383 2248 2248 385 385 2249 2249 508 508 2250 2250 509 509 2251 2251 238 236 2252 2252 265 265 2253 2253 263 263 2254 2254 431 430 2255 2255</p>
        </triangles>
      </mesh>
    </geometry>
  </library_geometries>
  <library_controllers>
    <controller id="Armature_polygon4-skin" name="Armature">
      <skin source="#polygon4-mesh">
        <bind_shape_matrix>1 0 0 0 0 1 -1.42109e-14 0 0 1.42109e-14 1 0 0 0 0 1</bind_shape_matrix>
        <source id="Armature_polygon4-skin-joints">
          <Name_array id="Armature_polygon4-skin-joints-array" count="1">sb_kart_all</Name_array>
          <technique_common>
            <accessor source="#Armature_polygon4-skin-joints-array" count="1" stride="1">
              <param name="JOINT" type="name"/>
            </accessor>
          </technique_common>
        </source>
        <source id="Armature_polygon4-skin-bind_poses">
          <float_array id="Armature_polygon4-skin-bind_poses-array" count="16">100 0 0 0 0 -1.62921e-5 100 0 0 -100 -1.62921e-5 0 0 0 0 1</float_array>
          <technique_common>
            <accessor source="#Armature_polygon4-skin-bind_poses-array" count="1" stride="16">
              <param name="TRANSFORM" type="float4x4"/>
            </accessor>
          </technique_common>
        </source>
        <source id="Armature_polygon4-skin-weights">
          <float_array id="Armature_polygon4-skin-weights-array" count="9">1 1 1 1 1 1 1 1 1</float_array>
          <technique_common>
            <accessor source="#Armature_polygon4-skin-weights-array" count="9" stride="1">
              <param name="WEIGHT" type="float"/>
            </accessor>
          </technique_common>
        </source>
        <joints>
          <input semantic="JOINT" source="#Armature_polygon4-skin-joints"/>
          <input semantic="INV_BIND_MATRIX" source="#Armature_polygon4-skin-bind_poses"/>
        </joints>
        <vertex_weights count="9">
          <input semantic="JOINT" source="#Armature_polygon4-skin-joints" offset="0"/>
          <input semantic="WEIGHT" source="#Armature_polygon4-skin-weights" offset="1"/>
          <vcount>1 1 1 1 1 1 1 1 1 </vcount>
          <v>0 0 0 1 0 2 0 3 0 4 0 5 0 6 0 7 0 8</v>
        </vertex_weights>
      </skin>
    </controller>
    <controller id="Armature_polygon3-skin" name="Armature">
      <skin source="#polygon3-mesh">
        <bind_shape_matrix>1 0 0 0 0 1 -1.42109e-14 0 0 1.42109e-14 1 0 0 0 0 1</bind_shape_matrix>
        <source id="Armature_polygon3-skin-joints">
          <Name_array id="Armature_polygon3-skin-joints-array" count="1">sb_kart_all</Name_array>
          <technique_common>
            <accessor source="#Armature_polygon3-skin-joints-array" count="1" stride="1">
              <param name="JOINT" type="name"/>
            </accessor>
          </technique_common>
        </source>
        <source id="Armature_polygon3-skin-bind_poses">
          <float_array id="Armature_polygon3-skin-bind_poses-array" count="16">100 0 0 0 0 -1.62921e-5 100 0 0 -100 -1.62921e-5 0 0 0 0 1</float_array>
          <technique_common>
            <accessor source="#Armature_polygon3-skin-bind_poses-array" count="1" stride="16">
              <param name="TRANSFORM" type="float4x4"/>
            </accessor>
          </technique_common>
        </source>
        <source id="Armature_polygon3-skin-weights">
          <float_array id="Armature_polygon3-skin-weights-array" count="260">1 1 1 1 1 1 1 1 1 1 1 1 1 1 1 1 1 1 1 1 1 1 1 1 1 1 1 1 1 1 1 1 1 1 1 1 1 1 1 1 1 1 1 1 1 1 1 1 1 1 1 1 1 1 1 1 1 1 1 1 1 1 1 1 1 1 1 1 1 1 1 1 1 1 1 1 1 1 1 1 1 1 1 1 1 1 1 1 1 1 1 1 1 1 1 1 1 1 1 1 1 1 1 1 1 1 1 1 1 1 1 1 1 1 1 1 1 1 1 1 1 1 1 1 1 1 1 1 1 1 1 1 1 1 1 1 1 1 1 1 1 1 1 1 1 1 1 1 1 1 1 1 1 1 1 1 1 1 1 1 1 1 1 1 1 1 1 1 1 1 1 1 1 1 1 1 1 1 1 1 1 1 1 1 1 1 1 1 1 1 1 1 1 1 1 1 1 1 1 1 1 1 1 1 1 1 1 1 1 1 1 1 1 1 1 1 1 1 1 1 1 1 1 1 1 1 1 1 1 1 1 1 1 1 1 1 1 1 1 1 1 1 1 1 1 1 1 1 1 1 1 1 1 1 1 1 1 1 1 1</float_array>
          <technique_common>
            <accessor source="#Armature_polygon3-skin-weights-array" count="260" stride="1">
              <param name="WEIGHT" type="float"/>
            </accessor>
          </technique_common>
        </source>
        <joints>
          <input semantic="JOINT" source="#Armature_polygon3-skin-joints"/>
          <input semantic="INV_BIND_MATRIX" source="#Armature_polygon3-skin-bind_poses"/>
        </joints>
        <vertex_weights count="260">
          <input semantic="JOINT" source="#Armature_polygon3-skin-joints" offset="0"/>
          <input semantic="WEIGHT" source="#Armature_polygon3-skin-weights" offset="1"/>
          <vcount>1 1 1 1 1 1 1 1 1 1 1 1 1 1 1 1 1 1 1 1 1 1 1 1 1 1 1 1 1 1 1 1 1 1 1 1 1 1 1 1 1 1 1 1 1 1 1 1 1 1 1 1 1 1 1 1 1 1 1 1 1 1 1 1 1 1 1 1 1 1 1 1 1 1 1 1 1 1 1 1 1 1 1 1 1 1 1 1 1 1 1 1 1 1 1 1 1 1 1 1 1 1 1 1 1 1 1 1 1 1 1 1 1 1 1 1 1 1 1 1 1 1 1 1 1 1 1 1 1 1 1 1 1 1 1 1 1 1 1 1 1 1 1 1 1 1 1 1 1 1 1 1 1 1 1 1 1 1 1 1 1 1 1 1 1 1 1 1 1 1 1 1 1 1 1 1 1 1 1 1 1 1 1 1 1 1 1 1 1 1 1 1 1 1 1 1 1 1 1 1 1 1 1 1 1 1 1 1 1 1 1 1 1 1 1 1 1 1 1 1 1 1 1 1 1 1 1 1 1 1 1 1 1 1 1 1 1 1 1 1 1 1 1 1 1 1 1 1 1 1 1 1 1 1 1 1 1 1 1 1 </vcount>
          <v>0 0 0 1 0 2 0 3 0 4 0 5 0 6 0 7 0 8 0 9 0 10 0 11 0 12 0 13 0 14 0 15 0 16 0 17 0 18 0 19 0 20 0 21 0 22 0 23 0 24 0 25 0 26 0 27 0 28 0 29 0 30 0 31 0 32 0 33 0 34 0 35 0 36 0 37 0 38 0 39 0 40 0 41 0 42 0 43 0 44 0 45 0 46 0 47 0 48 0 49 0 50 0 51 0 52 0 53 0 54 0 55 0 56 0 57 0 58 0 59 0 60 0 61 0 62 0 63 0 64 0 65 0 66 0 67 0 68 0 69 0 70 0 71 0 72 0 73 0 74 0 75 0 76 0 77 0 78 0 79 0 80 0 81 0 82 0 83 0 84 0 85 0 86 0 87 0 88 0 89 0 90 0 91 0 92 0 93 0 94 0 95 0 96 0 97 0 98 0 99 0 100 0 101 0 102 0 103 0 104 0 105 0 106 0 107 0 108 0 109 0 110 0 111 0 112 0 113 0 114 0 115 0 116 0 117 0 118 0 119 0 120 0 121 0 122 0 123 0 124 0 125 0 126 0 127 0 128 0 129 0 130 0 131 0 132 0 133 0 134 0 135 0 136 0 137 0 138 0 139 0 140 0 141 0 142 0 143 0 144 0 145 0 146 0 147 0 148 0 149 0 150 0 151 0 152 0 153 0 154 0 155 0 156 0 157 0 158 0 159 0 160 0 161 0 162 0 163 0 164 0 165 0 166 0 167 0 168 0 169 0 170 0 171 0 172 0 173 0 174 0 175 0 176 0 177 0 178 0 179 0 180 0 181 0 182 0 183 0 184 0 185 0 186 0 187 0 188 0 189 0 190 0 191 0 192 0 193 0 194 0 195 0 196 0 197 0 198 0 199 0 200 0 201 0 202 0 203 0 204 0 205 0 206 0 207 0 208 0 209 0 210 0 211 0 212 0 213 0 214 0 215 0 216 0 217 0 218 0 219 0 220 0 221 0 222 0 223 0 224 0 225 0 226 0 227 0 228 0 229 0 230 0 231 0 232 0 233 0 234 0 235 0 236 0 237 0 238 0 239 0 240 0 241 0 242 0 243 0 244 0 245 0 246 0 247 0 248 0 249 0 250 0 251 0 252 0 253 0 254 0 255 0 256 0 257 0 258 0 259</v>
        </vertex_weights>
      </skin>
    </controller>
    <controller id="Armature_polygon2-skin" name="Armature">
      <skin source="#polygon2-mesh">
        <bind_shape_matrix>1 0 0 0 0 1 -1.42109e-14 0 0 1.42109e-14 1 0 0 0 0 1</bind_shape_matrix>
        <source id="Armature_polygon2-skin-joints">
          <Name_array id="Armature_polygon2-skin-joints-array" count="1">sb_kart_all</Name_array>
          <technique_common>
            <accessor source="#Armature_polygon2-skin-joints-array" count="1" stride="1">
              <param name="JOINT" type="name"/>
            </accessor>
          </technique_common>
        </source>
        <source id="Armature_polygon2-skin-bind_poses">
          <float_array id="Armature_polygon2-skin-bind_poses-array" count="16">100 0 0 0 0 -1.62921e-5 100 0 0 -100 -1.62921e-5 0 0 0 0 1</float_array>
          <technique_common>
            <accessor source="#Armature_polygon2-skin-bind_poses-array" count="1" stride="16">
              <param name="TRANSFORM" type="float4x4"/>
            </accessor>
          </technique_common>
        </source>
        <source id="Armature_polygon2-skin-weights">
          <float_array id="Armature_polygon2-skin-weights-array" count="72">1 1 1 1 1 1 1 1 1 1 1 1 1 1 1 1 1 1 1 1 1 1 1 1 1 1 1 1 1 1 1 1 1 1 1 1 1 1 1 1 1 1 1 1 1 1 1 1 1 1 1 1 1 1 1 1 1 1 1 1 1 1 1 1 1 1 1 1 1 1 1 1</float_array>
          <technique_common>
            <accessor source="#Armature_polygon2-skin-weights-array" count="72" stride="1">
              <param name="WEIGHT" type="float"/>
            </accessor>
          </technique_common>
        </source>
        <joints>
          <input semantic="JOINT" source="#Armature_polygon2-skin-joints"/>
          <input semantic="INV_BIND_MATRIX" source="#Armature_polygon2-skin-bind_poses"/>
        </joints>
        <vertex_weights count="72">
          <input semantic="JOINT" source="#Armature_polygon2-skin-joints" offset="0"/>
          <input semantic="WEIGHT" source="#Armature_polygon2-skin-weights" offset="1"/>
          <vcount>1 1 1 1 1 1 1 1 1 1 1 1 1 1 1 1 1 1 1 1 1 1 1 1 1 1 1 1 1 1 1 1 1 1 1 1 1 1 1 1 1 1 1 1 1 1 1 1 1 1 1 1 1 1 1 1 1 1 1 1 1 1 1 1 1 1 1 1 1 1 1 1 </vcount>
          <v>0 0 0 1 0 2 0 3 0 4 0 5 0 6 0 7 0 8 0 9 0 10 0 11 0 12 0 13 0 14 0 15 0 16 0 17 0 18 0 19 0 20 0 21 0 22 0 23 0 24 0 25 0 26 0 27 0 28 0 29 0 30 0 31 0 32 0 33 0 34 0 35 0 36 0 37 0 38 0 39 0 40 0 41 0 42 0 43 0 44 0 45 0 46 0 47 0 48 0 49 0 50 0 51 0 52 0 53 0 54 0 55 0 56 0 57 0 58 0 59 0 60 0 61 0 62 0 63 0 64 0 65 0 66 0 67 0 68 0 69 0 70 0 71</v>
        </vertex_weights>
      </skin>
    </controller>
    <controller id="Armature_polygon1-skin" name="Armature">
      <skin source="#polygon1-mesh">
        <bind_shape_matrix>1 0 0 0 0 1 -1.42109e-14 0 0 1.42109e-14 1 0 0 0 0 1</bind_shape_matrix>
        <source id="Armature_polygon1-skin-joints">
          <Name_array id="Armature_polygon1-skin-joints-array" count="1">sb_kart_all</Name_array>
          <technique_common>
            <accessor source="#Armature_polygon1-skin-joints-array" count="1" stride="1">
              <param name="JOINT" type="name"/>
            </accessor>
          </technique_common>
        </source>
        <source id="Armature_polygon1-skin-bind_poses">
          <float_array id="Armature_polygon1-skin-bind_poses-array" count="16">100 0 0 0 0 -1.62921e-5 100 0 0 -100 -1.62921e-5 0 0 0 0 1</float_array>
          <technique_common>
            <accessor source="#Armature_polygon1-skin-bind_poses-array" count="1" stride="16">
              <param name="TRANSFORM" type="float4x4"/>
            </accessor>
          </technique_common>
        </source>
        <source id="Armature_polygon1-skin-weights">
          <float_array id="Armature_polygon1-skin-weights-array" count="144">1 1 1 1 1 1 1 1 1 1 1 1 1 1 1 1 1 1 1 1 1 1 1 1 1 1 1 1 1 1 1 1 1 1 1 1 1 1 1 1 1 1 1 1 1 1 1 1 1 1 1 1 1 1 1 1 1 1 1 1 1 1 1 1 1 1 1 1 1 1 1 1 1 1 1 1 1 1 1 1 1 1 1 1 1 1 1 1 1 1 1 1 1 1 1 1 1 1 1 1 1 1 1 1 1 1 1 1 1 1 1 1 1 1 1 1 1 1 1 1 1 1 1 1 1 1 1 1 1 1 1 1 1 1 1 1 1 1 1 1 1 1 1 1</float_array>
          <technique_common>
            <accessor source="#Armature_polygon1-skin-weights-array" count="144" stride="1">
              <param name="WEIGHT" type="float"/>
            </accessor>
          </technique_common>
        </source>
        <joints>
          <input semantic="JOINT" source="#Armature_polygon1-skin-joints"/>
          <input semantic="INV_BIND_MATRIX" source="#Armature_polygon1-skin-bind_poses"/>
        </joints>
        <vertex_weights count="144">
          <input semantic="JOINT" source="#Armature_polygon1-skin-joints" offset="0"/>
          <input semantic="WEIGHT" source="#Armature_polygon1-skin-weights" offset="1"/>
          <vcount>1 1 1 1 1 1 1 1 1 1 1 1 1 1 1 1 1 1 1 1 1 1 1 1 1 1 1 1 1 1 1 1 1 1 1 1 1 1 1 1 1 1 1 1 1 1 1 1 1 1 1 1 1 1 1 1 1 1 1 1 1 1 1 1 1 1 1 1 1 1 1 1 1 1 1 1 1 1 1 1 1 1 1 1 1 1 1 1 1 1 1 1 1 1 1 1 1 1 1 1 1 1 1 1 1 1 1 1 1 1 1 1 1 1 1 1 1 1 1 1 1 1 1 1 1 1 1 1 1 1 1 1 1 1 1 1 1 1 1 1 1 1 1 1 </vcount>
          <v>0 0 0 1 0 2 0 3 0 4 0 5 0 6 0 7 0 8 0 9 0 10 0 11 0 12 0 13 0 14 0 15 0 16 0 17 0 18 0 19 0 20 0 21 0 22 0 23 0 24 0 25 0 26 0 27 0 28 0 29 0 30 0 31 0 32 0 33 0 34 0 35 0 36 0 37 0 38 0 39 0 40 0 41 0 42 0 43 0 44 0 45 0 46 0 47 0 48 0 49 0 50 0 51 0 52 0 53 0 54 0 55 0 56 0 57 0 58 0 59 0 60 0 61 0 62 0 63 0 64 0 65 0 66 0 67 0 68 0 69 0 70 0 71 0 72 0 73 0 74 0 75 0 76 0 77 0 78 0 79 0 80 0 81 0 82 0 83 0 84 0 85 0 86 0 87 0 88 0 89 0 90 0 91 0 92 0 93 0 94 0 95 0 96 0 97 0 98 0 99 0 100 0 101 0 102 0 103 0 104 0 105 0 106 0 107 0 108 0 109 0 110 0 111 0 112 0 113 0 114 0 115 0 116 0 117 0 118 0 119 0 120 0 121 0 122 0 123 0 124 0 125 0 126 0 127 0 128 0 129 0 130 0 131 0 132 0 133 0 134 0 135 0 136 0 137 0 138 0 139 0 140 0 141 0 142 0 143</v>
        </vertex_weights>
      </skin>
    </controller>
    <controller id="Armature_polygon0-skin" name="Armature">
      <skin source="#polygon0-mesh">
        <bind_shape_matrix>1 0 0 0 0 1 -1.42109e-14 0 0 1.42109e-14 1 0 0 0 0 1</bind_shape_matrix>
        <source id="Armature_polygon0-skin-joints">
          <Name_array id="Armature_polygon0-skin-joints-array" count="1">sb_kart_all</Name_array>
          <technique_common>
            <accessor source="#Armature_polygon0-skin-joints-array" count="1" stride="1">
              <param name="JOINT" type="name"/>
            </accessor>
          </technique_common>
        </source>
        <source id="Armature_polygon0-skin-bind_poses">
          <float_array id="Armature_polygon0-skin-bind_poses-array" count="16">100 0 0 0 0 -1.62921e-5 100 0 0 -100 -1.62921e-5 0 0 0 0 1</float_array>
          <technique_common>
            <accessor source="#Armature_polygon0-skin-bind_poses-array" count="1" stride="16">
              <param name="TRANSFORM" type="float4x4"/>
            </accessor>
          </technique_common>
        </source>
        <source id="Armature_polygon0-skin-weights">
          <float_array id="Armature_polygon0-skin-weights-array" count="525">1 1 1 1 1 1 1 1 1 1 1 1 1 1 1 1 1 1 1 1 1 1 1 1 1 1 1 1 1 1 1 1 1 1 1 1 1 1 1 1 1 1 1 1 1 1 1 1 1 1 1 1 1 1 1 1 1 1 1 1 1 1 1 1 1 1 1 1 1 1 1 1 1 1 1 1 1 1 1 1 1 1 1 1 1 1 1 1 1 1 1 1 1 1 1 1 1 1 1 1 1 1 1 1 1 1 1 1 1 1 1 1 1 1 1 1 1 1 1 1 1 1 1 1 1 1 1 1 1 1 1 1 1 1 1 1 1 1 1 1 1 1 1 1 1 1 1 1 1 1 1 1 1 1 1 1 1 1 1 1 1 1 1 1 1 1 1 1 1 1 1 1 1 1 1 1 1 1 1 1 1 1 1 1 1 1 1 1 1 1 1 1 1 1 1 1 1 1 1 1 1 1 1 1 1 1 1 1 1 1 1 1 1 1 1 1 1 1 1 1 1 1 1 1 1 1 1 1 1 1 1 1 1 1 1 1 1 1 1 1 1 1 1 1 1 1 1 1 1 1 1 1 1 1 1 1 1 1 1 1 1 1 1 1 1 1 1 1 1 1 1 1 1 1 1 1 1 1 1 1 1 1 1 1 1 1 1 1 1 1 1 1 1 1 1 1 1 1 1 1 1 1 1 1 1 1 1 1 1 1 1 1 1 1 1 1 1 1 1 1 1 1 1 1 1 1 1 1 1 1 1 1 1 1 1 1 1 1 1 1 1 1 1 1 1 1 1 1 1 1 1 1 1 1 1 1 1 1 1 1 1 1 1 1 1 1 1 1 1 1 1 1 1 1 1 1 1 1 1 1 1 1 1 1 1 1 1 1 1 1 1 1 1 1 1 1 1 1 1 1 1 1 1 1 1 1 1 1 1 1 1 1 1 1 1 1 1 1 1 1 1 1 1 1 1 1 1 1 1 1 1 1 1 1 1 1 1 1 1 1 1 1 1 1 1 1 1 1 1 1 1 1 1 1 1 1 1 1 1 1 1 1 1 1 1 1 1 1 1 1 1 1 1 1 1 1 1 1 1 1 1 1 1 1 1 1 1 1 1 1 1 1 1 1 1 1 1 1 1 1 1 1 1 1 1 1 1 1 1 1 1 1 1 1 1 1 1 1 1 1 1 1 1 1 1</float_array>
          <technique_common>
            <accessor source="#Armature_polygon0-skin-weights-array" count="525" stride="1">
              <param name="WEIGHT" type="float"/>
            </accessor>
          </technique_common>
        </source>
        <joints>
          <input semantic="JOINT" source="#Armature_polygon0-skin-joints"/>
          <input semantic="INV_BIND_MATRIX" source="#Armature_polygon0-skin-bind_poses"/>
        </joints>
        <vertex_weights count="525">
          <input semantic="JOINT" source="#Armature_polygon0-skin-joints" offset="0"/>
          <input semantic="WEIGHT" source="#Armature_polygon0-skin-weights" offset="1"/>
          <vcount>1 1 1 1 1 1 1 1 1 1 1 1 1 1 1 1 1 1 1 1 1 1 1 1 1 1 1 1 1 1 1 1 1 1 1 1 1 1 1 1 1 1 1 1 1 1 1 1 1 1 1 1 1 1 1 1 1 1 1 1 1 1 1 1 1 1 1 1 1 1 1 1 1 1 1 1 1 1 1 1 1 1 1 1 1 1 1 1 1 1 1 1 1 1 1 1 1 1 1 1 1 1 1 1 1 1 1 1 1 1 1 1 1 1 1 1 1 1 1 1 1 1 1 1 1 1 1 1 1 1 1 1 1 1 1 1 1 1 1 1 1 1 1 1 1 1 1 1 1 1 1 1 1 1 1 1 1 1 1 1 1 1 1 1 1 1 1 1 1 1 1 1 1 1 1 1 1 1 1 1 1 1 1 1 1 1 1 1 1 1 1 1 1 1 1 1 1 1 1 1 1 1 1 1 1 1 1 1 1 1 1 1 1 1 1 1 1 1 1 1 1 1 1 1 1 1 1 1 1 1 1 1 1 1 1 1 1 1 1 1 1 1 1 1 1 1 1 1 1 1 1 1 1 1 1 1 1 1 1 1 1 1 1 1 1 1 1 1 1 1 1 1 1 1 1 1 1 1 1 1 1 1 1 1 1 1 1 1 1 1 1 1 1 1 1 1 1 1 1 1 1 1 1 1 1 1 1 1 1 1 1 1 1 1 1 1 1 1 1 1 1 1 1 1 1 1 1 1 1 1 1 1 1 1 1 1 1 1 1 1 1 1 1 1 1 1 1 1 1 1 1 1 1 1 1 1 1 1 1 1 1 1 1 1 1 1 1 1 1 1 1 1 1 1 1 1 1 1 1 1 1 1 1 1 1 1 1 1 1 1 1 1 1 1 1 1 1 1 1 1 1 1 1 1 1 1 1 1 1 1 1 1 1 1 1 1 1 1 1 1 1 1 1 1 1 1 1 1 1 1 1 1 1 1 1 1 1 1 1 1 1 1 1 1 1 1 1 1 1 1 1 1 1 1 1 1 1 1 1 1 1 1 1 1 1 1 1 1 1 1 1 1 1 1 1 1 1 1 1 1 1 1 1 1 1 1 1 1 1 1 1 1 1 1 1 1 1 1 1 1 1 1 1 1 1 1 1 1 1 1 1 1 1 1 1 1 1 1 1 1 1 1 1 1 1 </vcount>
          <v>0 0 0 1 0 2 0 3 0 4 0 5 0 6 0 7 0 8 0 9 0 10 0 11 0 12 0 13 0 14 0 15 0 16 0 17 0 18 0 19 0 20 0 21 0 22 0 23 0 24 0 25 0 26 0 27 0 28 0 29 0 30 0 31 0 32 0 33 0 34 0 35 0 36 0 37 0 38 0 39 0 40 0 41 0 42 0 43 0 44 0 45 0 46 0 47 0 48 0 49 0 50 0 51 0 52 0 53 0 54 0 55 0 56 0 57 0 58 0 59 0 60 0 61 0 62 0 63 0 64 0 65 0 66 0 67 0 68 0 69 0 70 0 71 0 72 0 73 0 74 0 75 0 76 0 77 0 78 0 79 0 80 0 81 0 82 0 83 0 84 0 85 0 86 0 87 0 88 0 89 0 90 0 91 0 92 0 93 0 94 0 95 0 96 0 97 0 98 0 99 0 100 0 101 0 102 0 103 0 104 0 105 0 106 0 107 0 108 0 109 0 110 0 111 0 112 0 113 0 114 0 115 0 116 0 117 0 118 0 119 0 120 0 121 0 122 0 123 0 124 0 125 0 126 0 127 0 128 0 129 0 130 0 131 0 132 0 133 0 134 0 135 0 136 0 137 0 138 0 139 0 140 0 141 0 142 0 143 0 144 0 145 0 146 0 147 0 148 0 149 0 150 0 151 0 152 0 153 0 154 0 155 0 156 0 157 0 158 0 159 0 160 0 161 0 162 0 163 0 164 0 165 0 166 0 167 0 168 0 169 0 170 0 171 0 172 0 173 0 174 0 175 0 176 0 177 0 178 0 179 0 180 0 181 0 182 0 183 0 184 0 185 0 186 0 187 0 188 0 189 0 190 0 191 0 192 0 193 0 194 0 195 0 196 0 197 0 198 0 199 0 200 0 201 0 202 0 203 0 204 0 205 0 206 0 207 0 208 0 209 0 210 0 211 0 212 0 213 0 214 0 215 0 216 0 217 0 218 0 219 0 220 0 221 0 222 0 223 0 224 0 225 0 226 0 227 0 228 0 229 0 230 0 231 0 232 0 233 0 234 0 235 0 236 0 237 0 238 0 239 0 240 0 241 0 242 0 243 0 244 0 245 0 246 0 247 0 248 0 249 0 250 0 251 0 252 0 253 0 254 0 255 0 256 0 257 0 258 0 259 0 260 0 261 0 262 0 263 0 264 0 265 0 266 0 267 0 268 0 269 0 270 0 271 0 272 0 273 0 274 0 275 0 276 0 277 0 278 0 279 0 280 0 281 0 282 0 283 0 284 0 285 0 286 0 287 0 288 0 289 0 290 0 291 0 292 0 293 0 294 0 295 0 296 0 297 0 298 0 299 0 300 0 301 0 302 0 303 0 304 0 305 0 306 0 307 0 308 0 309 0 310 0 311 0 312 0 313 0 314 0 315 0 316 0 317 0 318 0 319 0 320 0 321 0 322 0 323 0 324 0 325 0 326 0 327 0 328 0 329 0 330 0 331 0 332 0 333 0 334 0 335 0 336 0 337 0 338 0 339 0 340 0 341 0 342 0 343 0 344 0 345 0 346 0 347 0 348 0 349 0 350 0 351 0 352 0 353 0 354 0 355 0 356 0 357 0 358 0 359 0 360 0 361 0 362 0 363 0 364 0 365 0 366 0 367 0 368 0 369 0 370 0 371 0 372 0 373 0 374 0 375 0 376 0 377 0 378 0 379 0 380 0 381 0 382 0 383 0 384 0 385 0 386 0 387 0 388 0 389 0 390 0 391 0 392 0 393 0 394 0 395 0 396 0 397 0 398 0 399 0 400 0 401 0 402 0 403 0 404 0 405 0 406 0 407 0 408 0 409 0 410 0 411 0 412 0 413 0 414 0 415 0 416 0 417 0 418 0 419 0 420 0 421 0 422 0 423 0 424 0 425 0 426 0 427 0 428 0 429 0 430 0 431 0 432 0 433 0 434 0 435 0 436 0 437 0 438 0 439 0 440 0 441 0 442 0 443 0 444 0 445 0 446 0 447 0 448 0 449 0 450 0 451 0 452 0 453 0 454 0 455 0 456 0 457 0 458 0 459 0 460 0 461 0 462 0 463 0 464 0 465 0 466 0 467 0 468 0 469 0 470 0 471 0 472 0 473 0 474 0 475 0 476 0 477 0 478 0 479 0 480 0 481 0 482 0 483 0 484 0 485 0 486 0 487 0 488 0 489 0 490 0 491 0 492 0 493 0 494 0 495 0 496 0 497 0 498 0 499 0 500 0 501 0 502 0 503 0 504 0 505 0 506 0 507 0 508 0 509 0 510 0 511 0 512 0 513 0 514 0 515 0 516 0 517 0 518 0 519 0 520 0 521 0 522 0 523 0 524</v>
        </vertex_weights>
      </skin>
    </controller>
  </library_controllers>
  <library_visual_scenes>
    <visual_scene id="Scene" name="Scene">
      <node id="Armature" name="Armature" type="NODE">
        <matrix sid="transform">0.01 0 0 0 0 -1.62921e-9 -0.01 0 0 0.01 -1.62921e-9 0 0 0 0 1</matrix>
        <node id="Armature_sb_kart_all" name="sb_kart_all" sid="sb_kart_all" type="JOINT">
          <matrix sid="transform">1 0 0 0 0 1 0 0 0 0 1 0 0 0 0 1</matrix>
          <extra>
            <technique profile="blender">
              <layer sid="layer" type="string">0</layer>
              <tip_x sid="tip_x" type="float">0</tip_x>
              <tip_y sid="tip_y" type="float">1</tip_y>
              <tip_z sid="tip_z" type="float">0</tip_z>
            </technique>
          </extra>
        </node>
        <node id="polygon0" name="polygon0" type="NODE">
          <matrix sid="transform">1 0 0 0 0 1 0 0 0 0 1 0 0 0 0 1</matrix>
          <instance_controller url="#Armature_polygon0-skin">
            <skeleton>#Armature_sb_kart_all</skeleton>
            <bind_material>
              <technique_common>
                <instance_material symbol="mat_chassis-material" target="#mat_chassis-material">
                  <bind_vertex_input semantic="polygon0_UVs0" input_semantic="TEXCOORD" input_set="0"/>
                </instance_material>
              </technique_common>
            </bind_material>
          </instance_controller>
        </node>
        <node id="polygon1" name="polygon1" type="NODE">
          <matrix sid="transform">1 0 0 0 0 1 0 0 0 0 1 0 0 0 0 1</matrix>
          <instance_controller url="#Armature_polygon1-skin">
            <skeleton>#Armature_sb_kart_all</skeleton>
            <bind_material>
              <technique_common>
                <instance_material symbol="mat_tire-material" target="#mat_tire-material">
                  <bind_vertex_input semantic="polygon1_UVs0" input_semantic="TEXCOORD" input_set="0"/>
                </instance_material>
              </technique_common>
            </bind_material>
          </instance_controller>
        </node>
        <node id="polygon2" name="polygon2" type="NODE">
          <matrix sid="transform">1 0 0 0 0 1 0 0 0 0 1 0 0 0 0 1</matrix>
          <instance_controller url="#Armature_polygon2-skin">
            <skeleton>#Armature_sb_kart_all</skeleton>
            <bind_material>
              <technique_common>
                <instance_material symbol="mat_tire_rim-material" target="#mat_tire_rim-material">
                  <bind_vertex_input semantic="polygon2_UVs0" input_semantic="TEXCOORD" input_set="0"/>
                </instance_material>
              </technique_common>
            </bind_material>
          </instance_controller>
        </node>
        <node id="polygon3" name="polygon3" type="NODE">
          <matrix sid="transform">1 0 0 0 0 1 0 0 0 0 1 0 0 0 0 1</matrix>
          <instance_controller url="#Armature_polygon3-skin">
            <skeleton>#Armature_sb_kart_all</skeleton>
            <bind_material>
              <technique_common>
                <instance_material symbol="mat_body-material" target="#mat_body-material">
                  <bind_vertex_input semantic="polygon3_UVs0" input_semantic="TEXCOORD" input_set="0"/>
                </instance_material>
              </technique_common>
            </bind_material>
          </instance_controller>
        </node>
        <node id="polygon4" name="polygon4" type="NODE">
          <matrix sid="transform">1 0 0 0 0 1 0 0 0 0 1 0 0 0 0 1</matrix>
          <instance_controller url="#Armature_polygon4-skin">
            <skeleton>#Armature_sb_kart_all</skeleton>
            <bind_material>
              <technique_common>
                <instance_material symbol="mat_screen-material" target="#mat_screen-material">
                  <bind_vertex_input semantic="polygon4_UVs0" input_semantic="TEXCOORD" input_set="0"/>
                </instance_material>
              </technique_common>
            </bind_material>
          </instance_controller>
        </node>
      </node>
    </visual_scene>
  </library_visual_scenes>
  <scene>
    <instance_visual_scene url="#Scene"/>
  </scene>
</COLLADA>