<?xml version="1.0" encoding="utf-8"?>
<COLLADA xmlns="http://www.collada.org/2005/11/COLLADASchema" version="1.4.1" xmlns:xsi="http://www.w3.org/2001/XMLSchema-instance">
  <asset>
    <contributor>
      <author>ziell</author>
      <authoring_tool>OpenCOLLADA for 3ds Max;  Version: 1.6;  Revision: 63</authoring_tool>
    </contributor>
    <created>2019-02-01T18:53:02</created>
    <modified>2019-02-01T18:53:02</modified>
    <unit name="inch" meter="0.0254"/>
    <up_axis>Z_UP</up_axis>
  </asset>
  <library_effects>
    <effect id="body_m">
      <profile_COMMON>
        <newparam sid="pc52_body_alb_png-surface">
          <surface type="2D">
            <init_from>pc52_body_alb_png</init_from>
          </surface>
        </newparam>
        <newparam sid="pc52_body_alb_png-sampler">
          <sampler2D>
            <source>pc52_body_alb_png-surface</source>
          </sampler2D>
        </newparam>
        <newparam sid="pc52_body_rgh_png-surface">
          <surface type="2D">
            <init_from>pc52_body_rgh_png</init_from>
          </surface>
        </newparam>
        <newparam sid="pc52_body_rgh_png-sampler">
          <sampler2D>
            <source>pc52_body_rgh_png-surface</source>
          </sampler2D>
        </newparam>
        <newparam sid="pc52_body_nml_png-surface">
          <surface type="2D">
            <init_from>pc52_body_nml_png</init_from>
          </surface>
        </newparam>
        <newparam sid="pc52_body_nml_png-sampler">
          <sampler2D>
            <source>pc52_body_nml_png-surface</source>
          </sampler2D>
        </newparam>
        <technique sid="common">
          <blinn>
            <emission>
              <color>0 0 0 1</color>
            </emission>
            <ambient>
              <color>0.588 0.588 0.588 1</color>
            </ambient>
            <diffuse>
              <texture texture="pc52_body_alb_png-sampler" texcoord="CHANNEL1"/>
            </diffuse>
            <specular>
              <color>0 0 0 1</color>
            </specular>
            <shininess>
              <float>10</float>
            </shininess>
            <reflective>
              <color>0 0 0 1</color>
            </reflective>
            <transparent opaque="A_ONE">
              <texture texture="pc52_body_alb_png-sampler" texcoord="CHANNEL1"/>
            </transparent>
            <transparency>
              <float>1</float>
            </transparency>
          </blinn>
          <extra>
            <technique profile="OpenCOLLADA3dsMax">
              <gloss>
                <texture texture="pc52_body_rgh_png-sampler" texcoord="CHANNEL1"/>
              </gloss>
              <bump bumptype="HEIGHTFIELD">
                <texture texture="pc52_body_nml_png-sampler" texcoord="CHANNEL1"/>
              </bump>
            </technique>
          </extra>
        </technique>
      </profile_COMMON>
      <extra>
        <technique profile="OpenCOLLADA3dsMax">
          <extended_shader>
            <opacity_type sid="opacity_type" type="int">0</opacity_type>
            <falloff_type sid="falloff_type" type="int">0</falloff_type>
            <falloff sid="falloff" type="float">0</falloff>
            <index_of_refraction sid="index_of_refraction" type="float">1.5</index_of_refraction>
            <wire_size sid="wire_size" type="float">1</wire_size>
            <wire_units sid="wire_units" type="int">0</wire_units>
            <apply_reflection_dimming sid="apply_reflection_dimming" type="bool">0</apply_reflection_dimming>
            <dim_level sid="dim_level" type="float">0</dim_level>
            <reflection_level sid="reflection_level" type="float">3</reflection_level>
          </extended_shader>
          <shader>
            <ambient_diffuse_texture_lock sid="ambient_diffuse_texture_lock" type="bool">1</ambient_diffuse_texture_lock>
            <ambient_diffuse_lock sid="ambient_diffuse_lock" type="bool">1</ambient_diffuse_lock>
            <diffuse_specular_lock sid="diffuse_specular_lock" type="bool">0</diffuse_specular_lock>
            <use_self_illum_color sid="use_self_illum_color" type="bool">0</use_self_illum_color>
            <self_illumination sid="self_illumination" type="float">0</self_illumination>
            <specular_level sid="specular_level" type="float">0</specular_level>
            <soften sid="soften" type="float">0.1</soften>
          </shader>
        </technique>
      </extra>
    </effect>
  </library_effects>
  <library_materials>
    <material id="body_m-material" name="body_m">
      <instance_effect url="#body_m"/>
    </material>
  </library_materials>
  <library_geometries>
    <geometry id="geom-heiho_body__body_m" name="heiho_body__body_m">
      <mesh>
        <source id="geom-heiho_body__body_m-positions">
          <float_array id="geom-heiho_body__body_m-positions-array" count="8250">0 0.3534345 0.371299 0 0.3536028 0.4121411 0.1212622 0.3366244 0.4121411 0.1220575 0.3369303 0.3712989 0.2375506 0.26596 0.4121411 0.2381217 0.2666859 0.3712989 0.312913 0.150926 0.371 0.3156245 0.1508085 0.4121411 0.3430535 3.02798e-6 0.3712989 0.3427962 -2.56465e-5 0.4121411 0.3095998 -0.1424534 0.4121411 0.3094302 -0.1431697 0.3712989 0.2407558 -0.2547106 0.4121411 0.2413346 -0.2550105 0.3712989 0.1240199 -0.321807 0.3712989 0.1211559 -0.3215648 0.4121411 0 -0.3377157 0.371299 0 -0.3373945 0.4121411 -0.1211559 -0.3215648 0.4121411 -0.1240199 -0.321807 0.3712989 -0.2407558 -0.2547106 0.4121411 -0.2413346 -0.2550105 0.3712989 -0.3094302 -0.1431697 0.3712989 -0.3095998 -0.1424534 0.4121411 -0.3430535 3.02798e-6 0.3712989 -0.3427962 -2.56465e-5 0.4121411 -0.3156245 0.1508085 0.4121411 -0.312913 0.150926 0.371 -0.2375506 0.26596 0.4121411 -0.2381217 0.2666859 0.3712989 -0.1220575 0.3369303 0.3712989 -0.1212622 0.3366244 0.4121411 0 0.3534345 0.371299 0 0.3536028 0.4121411 0.1777954 -0.2386797 0.02903268 0.1777954 -0.2386793 -5.01871e-5 0.253773 -0.2206262 0.02903339 0.253773 -0.2206257 -5.02479e-5 0.3104571 -0.1708463 0.02903488 0.3104571 -0.1708459 -5.03899e-5 0.3284556 -0.1017305 0.02903679 0.3284556 -0.1017303 -5.05701e-5 0.3170203 -0.01323303 0.02903832 0.3170203 -0.01323242 -5.07094e-5 0.3030436 0.06930289 0.02904015 0.3030436 0.06930345 -5.08918e-5 0.3017379 0.1365388 0.02904215 0.3017379 0.1365394 -5.10514e-5 0.2810214 0.1946836 0.0290439 0.2810214 0.1946841 -5.12004e-5 0.2382976 0.2352006 0.02904487 0.2382977 0.2352011 -5.12749e-5 0.1777954 0.2475991 0.02904509 0.1777954 0.2475996 -5.12898e-5 0.1777954 0.2475991 0.02904509 0.1777954 0.2475996 -5.12898e-5 0.117854 0.2352006 0.02904485 0.1178542 0.2352011 -5.12749e-5 0.07506327 0.1946836 0.0290439 0.07506327 0.1946841 -5.12004e-5 0.05435364 0.1365388 0.02904215 0.05435364 0.1365394 -5.10514e-5 0.06008148 0.06930289 0.02904015 0.06008148 0.06930345 -5.08918e-5 0.05315808 -0.01323303 0.02903832 0.05315808 -0.01323242 -5.07094e-5 0.04195542 -0.1017305 0.02903678 0.04195542 -0.1017303 -5.05701e-5 0.0597179 -0.1708459 -5.03899e-5 0.0597179 -0.1708463 0.02903488 0.1080457 -0.2206262 0.02903339 0.1080457 -0.2206257 -5.02478e-5 0.1777954 -0.2386797 0.02903268 0.1777954 -0.2386793 -5.01871e-5 -0.2382977 0.2352011 -5.13196e-5 -0.1777954 0.2475996 -5.13345e-5 -0.1178542 0.2352011 -5.13196e-5 -0.2810214 0.1946841 -5.12302e-5 -0.07506327 0.1946841 -5.12302e-5 -0.3017379 0.1365394 -5.10961e-5 -0.05435364 0.1365394 -5.10961e-5 -0.06008148 0.06930345 -5.09281e-5 -0.3030436 0.06930345 -5.09281e-5 -0.05315808 -0.01323243 -5.07364e-5 -0.3170203 -0.01323242 -5.07364e-5 -0.04195542 -0.1017303 -5.05797e-5 -0.3284556 -0.1017303 -5.05797e-5 -0.3104571 -0.1708459 -5.03934e-5 -0.0597179 -0.1708459 -5.03934e-5 -0.253773 -0.2206257 -5.02489e-5 -0.1080457 -0.2206257 -5.02488e-5 -0.1777954 -0.2386793 -5.01871e-5 -0.1777954 -0.2386797 0.02903268 -0.1777954 -0.2386793 -5.01871e-5 -0.1080457 -0.2206257 -5.02488e-5 -0.1080457 -0.2206262 0.02903339 -0.0597179 -0.1708459 -5.03934e-5 -0.0597179 -0.1708463 0.02903487 -0.04195542 -0.1017305 0.02903677 -0.04195542 -0.1017303 -5.05797e-5 -0.05315808 -0.01323243 -5.07364e-5 -0.05315808 -0.01323303 0.0290383 -0.06008148 0.06930345 -5.09281e-5 -0.06008148 0.06930289 0.02904011 -0.05435364 0.1365394 -5.10961e-5 -0.05435364 0.1365389 0.02904211 -0.07506327 0.1946841 -5.12302e-5 -0.07506327 0.1946836 0.02904385 -0.1178542 0.2352011 -5.13196e-5 -0.117854 0.2352006 0.02904482 -0.1777954 0.2475996 -5.13345e-5 -0.1777954 0.2475991 0.02904506 -0.1777954 0.2475991 0.02904506 -0.1777954 0.2475996 -5.13345e-5 -0.2382977 0.2352011 -5.13196e-5 -0.2382976 0.2352006 0.02904481 -0.2810214 0.1946841 -5.12302e-5 -0.2810214 0.1946836 0.02904385 -0.3017379 0.1365394 -5.10961e-5 -0.3017379 0.1365389 0.02904211 -0.3030436 0.06930345 -5.09281e-5 -0.3030436 0.06930289 0.02904011 -0.3170203 -0.01323242 -5.07364e-5 -0.3170203 -0.01323303 0.0290383 -0.3284556 -0.1017303 -5.05797e-5 -0.3284556 -0.1017305 0.02903678 -0.3104571 -0.1708459 -5.03934e-5 -0.3104571 -0.1708463 0.02903487 -0.253773 -0.2206257 -5.02489e-5 -0.253773 -0.2206262 0.02903339 -0.1777954 -0.2386793 -5.01871e-5 -0.1777954 -0.2386797 0.02903268 0.253773 -0.2206257 -5.02479e-5 0.1777954 -0.2386793 -5.01871e-5 0.1080457 -0.2206257 -5.02478e-5 0.0597179 -0.1708459 -5.03899e-5 0.3104571 -0.1708459 -5.03899e-5 0.04195542 -0.1017303 -5.05701e-5 0.3284556 -0.1017303 -5.05701e-5 0.3170203 -0.01323242 -5.07094e-5 0.05315808 -0.01323242 -5.07094e-5 0.3030436 0.06930345 -5.08918e-5 0.06008148 0.06930345 -5.08918e-5 0.3017379 0.1365394 -5.10514e-5 0.05435364 0.1365394 -5.10514e-5 0.07506327 0.1946841 -5.12004e-5 0.2810214 0.1946841 -5.12004e-5 0.1178542 0.2352011 -5.12749e-5 0.2382977 0.2352011 -5.12749e-5 0.1777954 0.2475996 -5.12898e-5 0.2698722 -0.2457662 0.7444977 0.3237607 -0.1470581 0.7367209 0.2910105 -0.2469673 0.7651821 0.340719 -0.1482655 0.7589067 0.2923732 -0.2419518 0.8236808 0.3538035 -0.004347025 0.7267116 0.3451248 -0.1460626 0.8179209 0.2875051 -0.2342101 0.8821796 0.3728712 -0.002175409 0.7487619 0.3253799 -0.1352131 0.8996893 0.2615381 -0.222667 0.9031619 0.3406073 -0.1400718 0.8766525 0.3563952 0.005756497 0.8889456 0.3740716 0.003864527 0.8671095 0.3783626 8.49843e-4 0.807948 0.3403351 0.1430905 0.856683 0.3239344 0.1393982 0.878543 0.3432413 0.1420598 0.7969831 0.2617215 0.2517965 0.848789 0.2494975 0.2414376 0.8712026 0.1359948 0.3179529 0.8654403 0.337273 0.1373678 0.7375419 0.3195764 0.1296513 0.7156787 0.2644778 0.2553515 0.7887903 0.1422689 0.3387941 0.8438047 0 0.3471153 0.8639605 0.2603961 0.2523158 0.7292621 0.2450146 0.2429575 0.7077677 0.144235 0.3424365 0.7838213 0.142472 0.3372366 0.7244368 0.1355445 0.3176782 0.7035482 0 0.3486099 0.7018299 0 0.3714168 0.8421757 0 0.3757949 0.7820755 0 0.3704686 0.7226198 -0.142472 0.3372366 0.7244368 -0.1355445 0.3176782 0.7035482 -0.2450146 0.2429575 0.7077677 -0.144235 0.3424365 0.7838213 -0.1422689 0.3387941 0.8438047 -0.1359948 0.3179529 0.8654403 -0.2603961 0.2523158 0.7292621 -0.3195764 0.1296513 0.7156787 -0.2644778 0.2553515 0.7887903 -0.2617215 0.2517965 0.848789 -0.2494975 0.2414376 0.8712026 -0.3239344 0.1393982 0.878543 -0.337273 0.1373678 0.7375419 -0.3538035 -0.004347025 0.7267116 -0.3432413 0.1420598 0.7969831 -0.3403351 0.1430905 0.856683 -0.3563952 0.005756497 0.8889456 -0.3728712 -0.002175409 0.7487619 -0.3783626 8.49843e-4 0.807948 -0.3740716 0.003864527 0.8671095 -0.340719 -0.1482655 0.7589067 -0.3237607 -0.1470581 0.7367209 -0.2698722 -0.2457662 0.7444977 -0.2910105 -0.2469673 0.7651821 -0.2923732 -0.2419518 0.8236808 -0.3451248 -0.1460626 0.8179209 -0.2875051 -0.2342101 0.8821796 -0.3406073 -0.1400718 0.8766525 -0.3253799 -0.1352131 0.8996893 -0.2615381 -0.222667 0.9031619 0.1185031 0.09750657 0.2255526 0.1361644 0.1367109 0.2255536 0.08326107 0.09838645 0.2666485 0.1113669 0.1627777 0.2666501 0.0484305 0.1003793 0.2544817 0.1777954 0.1538454 0.2255541 0.08686166 0.1885696 0.2544839 0.03498295 0.1008799 0.2303313 0.1777954 0.1901523 0.2666508 0.05734083 0.09978857 0.2063073 0.08941213 0.1856395 0.2063095 0.07738931 0.1982865 0.2303337 0.1777954 0.2221373 0.2063104 0.1777954 0.2260619 0.2544848 0.1777954 0.2396969 0.2303348 0.278802 0.1982865 0.2303337 0.2666343 0.1856395 0.2063095 0.2692913 0.1885696 0.2544839 0.3206079 0.1008799 0.2303313 0.29825 0.09978856 0.2063073 0.244657 0.1627777 0.2666501 0.2197316 0.1367109 0.2255536 0.3071604 0.1003793 0.2544816 0.2723298 0.09838644 0.2666485 0.2339233 0.09750657 0.2255539 0.2201217 0.05081753 0.2255515 0.2452786 0.02574632 0.2666467 0.1777954 0.03236701 0.225551 0.2701417 0.001001805 0.2544792 0.2797408 -0.008810624 0.2303285 0.2598117 0.009351328 0.206305 0.1777955 -0.04791471 0.2303276 0.1777954 -0.02373698 0.2063042 0.1008453 0.00930348 0.206305 0.1777954 -0.0346989 0.2544782 0.081609 -0.008844346 0.2303285 0.05734083 0.09978857 0.2063073 0.03498295 0.1008799 0.2303313 0.0484305 0.1003793 0.2544817 0.09066555 9.75788e-4 0.2544792 0.08326107 0.09838645 0.2666485 0.1777954 -0.003664821 0.266646 0.1141239 0.02573289 0.2666467 0.1185031 0.09750657 0.2255526 0.1378594 0.05081753 0.2255515 -0.1185031 0.09750657 0.2255526 -0.08326107 0.09838644 0.2666485 -0.1361644 0.1367109 0.2255536 -0.1113669 0.1627777 0.2666501 -0.0484305 0.1003793 0.2544817 -0.1777954 0.1538454 0.2255541 -0.08686166 0.1885696 0.2544839 -0.03498295 0.1008799 0.2303313 -0.1777954 0.1901523 0.2666508 -0.05734083 0.09978856 0.2063073 -0.08941213 0.1856395 0.2063095 -0.07738931 0.1982865 0.2303337 -0.1777954 0.2221373 0.2063103 -0.1777954 0.2260619 0.2544848 -0.1777954 0.2396969 0.2303347 -0.278802 0.1982865 0.2303337 -0.2666343 0.1856395 0.2063095 -0.2692913 0.1885696 0.2544839 -0.3206079 0.1008799 0.2303313 -0.29825 0.09978855 0.2063073 -0.244657 0.1627777 0.2666501 -0.2197316 0.1367109 0.2255536 -0.3071604 0.1003793 0.2544816 -0.2723298 0.09838644 0.2666485 -0.2339233 0.09750655 0.2255539 -0.2201217 0.05081752 0.2255515 -0.2452786 0.02574632 0.2666467 -0.1777954 0.03236701 0.225551 -0.2701417 0.001001775 0.2544792 -0.2797408 -0.008810639 0.2303285 -0.2598117 0.009351313 0.206305 -0.1777955 -0.04791471 0.2303275 -0.1777954 -0.023737 0.2063042 -0.1008453 0.009303465 0.206305 -0.1777954 -0.0346989 0.2544782 -0.081609 -0.008844361 0.2303285 -0.05734083 0.09978856 0.2063073 -0.03498295 0.1008799 0.2303313 -0.0484305 0.1003793 0.2544817 -0.09066555 9.75758e-4 0.2544792 -0.08326107 0.09838644 0.2666485 -0.1777954 -0.003664851 0.266646 -0.1141239 0.02573287 0.2666467 -0.1185031 0.09750657 0.2255526 -0.1378594 0.05081752 0.2255515 0.2201217 0.05081753 0.2255515 0.2339233 0.09750657 0.2255539 0.1777954 0.03236701 0.225551 0.1378594 0.05081753 0.2255515 0.1185031 0.09750657 0.2255526 0.1361644 0.1367109 0.2255536 0.1777954 0.1538454 0.2255541 0.2197316 0.1367109 0.2255536 -0.2201217 0.05081752 0.2255515 -0.1777954 0.03236701 0.225551 -0.2339233 0.09750655 0.2255539 -0.1378594 0.05081752 0.2255515 -0.1185031 0.09750657 0.2255526 -0.1361644 0.1367109 0.2255536 -0.1777954 0.1538454 0.2255541 -0.2197316 0.1367109 0.2255536 0 0.3536028 0.4121411 0 0.3782102 0.420772 0.1212622 0.3366244 0.4121411 0.1323266 0.3546083 0.4180278 0.2375506 0.26596 0.4121411 0.1382479 0.3698617 0.4521002 0 0.3925535 0.4521002 0 0.3782949 0.5059888 0.251256 0.2874882 0.4161639 0.1364364 0.3538767 0.5059888 0 0.3649007 0.5698313 0.2600161 0.2985541 0.4463141 0.339487 0.1610975 0.4140935 0.3156245 0.1508085 0.4121411 0.1400541 0.3373254 0.5698312 0 0.3559896 0.6340084 0.3752191 4.29094e-6 0.4118713 0.3427962 -2.56465e-5 0.4121411 0.1398174 0.3285432 0.635224 0 0.3440601 0.670327 0.2543549 0.2820701 0.5030397 0.2549938 0.2635929 0.5696234 0.3531196 0.1611651 0.439856 0.3573539 0.1523455 0.4820883 0.3338206 0.1868096 0.5710716 0.2536272 0.253757 0.6389414 0.1366467 0.3168746 0.6712924 0 0.3486099 0.7018299 0.1355445 0.3176782 0.7035482 0.2461406 0.2446556 0.6754617 0.2450146 0.2429575 0.7077677 0.3276895 0.1465176 0.6609957 0.3201974 0.1329024 0.6849145 0.3195764 0.1296513 0.7156787 0.3547906 0.1600766 0.5741783 0.353543 0.1280848 0.6520719 0.3634419 0.1307281 0.4961466 0.3516697 -0.00379927 0.6999696 0.363584 -0.003661326 0.6822737 0.3538035 -0.004347025 0.7267116 0.3523099 -0.1252516 0.6559283 0.3218695 -0.1438668 0.7043441 0.3237607 -0.1470581 0.7367209 0.2698722 -0.2457662 0.7444977 0.329362 -0.1554553 0.6719729 0.3537216 -0.166614 0.5724163 0.2709105 -0.2496713 0.6466197 0.146515 -0.3166075 0.6422052 0.3326064 -0.1943212 0.5689415 0.1463037 -0.3162858 0.5649324 0 -0.3422709 0.5640088 0.2691615 -0.2556032 0.5696018 0.3558711 -0.1588786 0.4804445 0.3657127 -0.1265874 0.4979122 0.2724891 -0.2674075 0.493211 0.1452472 -0.3190432 0.5015566 0.3902453 -3.88563e-4 0.4537139 0.3876238 2.92635e-4 0.4763538 0.387777 -6.07959e-4 0.4333941 0.3546938 -0.1513774 0.4375297 0.338902 -0.1486566 0.4135996 0.3095998 -0.1424534 0.4121411 0.263747 -0.270708 0.4192735 0.2407558 -0.2547106 0.4121411 0.1211559 -0.3215648 0.4121411 0.2724875 -0.2837706 0.4467408 0.1362607 -0.346188 0.4318191 0 -0.3714571 0.4402759 0 -0.3373945 0.4121411 0.1433238 -0.3523026 0.4623831 -0.1211559 -0.3215648 0.4121411 0.1442855 -0.3356729 0.4819698 0 -0.3697936 0.4725196 0 -0.3372815 0.4994802 0 -0.3535376 0.4859999 -0.1442855 -0.3356729 0.4819698 -0.1433238 -0.3523026 0.4623831 -0.1362607 -0.346188 0.4318191 -0.2724875 -0.2837706 0.4467408 -0.263747 -0.270708 0.4192735 -0.2407558 -0.2547106 0.4121411 -0.3095998 -0.1424534 0.4121411 -0.338902 -0.1486566 0.4135996 -0.3427962 -2.56465e-5 0.4121411 -0.3546938 -0.1513774 0.4375297 -0.3752191 4.29094e-6 0.4118713 -0.3156245 0.1508085 0.4121411 -0.2724891 -0.2674075 0.493211 -0.339487 0.1610975 0.4140935 -0.2375506 0.26596 0.4121411 -0.1452472 -0.3190432 0.5015566 -0.1463037 -0.3162858 0.5649324 -0.146515 -0.3166075 0.6422052 -0.2691615 -0.2556032 0.5696018 -0.2709105 -0.2496713 0.6466197 -0.2698722 -0.2457662 0.7444977 -0.3326064 -0.1943212 0.5689415 -0.3218695 -0.1438668 0.7043441 -0.3237607 -0.1470581 0.7367209 -0.3538035 -0.004347025 0.7267116 -0.329362 -0.1554553 0.6719729 -0.3516697 -0.00379927 0.6999696 -0.3195764 0.1296513 0.7156787 -0.3537216 -0.166614 0.5724163 -0.3523099 -0.1252516 0.6559283 -0.363584 -0.003661326 0.6822737 -0.353543 0.1280848 0.6520719 -0.3558711 -0.1588786 0.4804445 -0.3657127 -0.1265874 0.4979122 -0.3902453 -3.88563e-4 0.4537139 -0.3876238 2.92635e-4 0.4763538 -0.3634419 0.1307281 0.4961466 -0.387777 -6.07959e-4 0.4333941 -0.3573539 0.1523455 0.4820883 -0.3547906 0.1600766 0.5741783 -0.3531196 0.1611651 0.439856 -0.2600161 0.2985541 0.4463141 -0.3338206 0.1868096 0.5710716 -0.251256 0.2874882 0.4161639 -0.1323266 0.3546083 0.4180278 -0.1212622 0.3366244 0.4121411 0 0.3536028 0.4121411 0 0.3782102 0.420772 -0.1382479 0.3698617 0.4521002 0 0.3925535 0.4521002 0 0.3782949 0.5059888 -0.1364364 0.3538767 0.5059888 0 0.3649007 0.5698313 -0.2543549 0.2820701 0.5030397 -0.1400541 0.3373254 0.5698312 0 0.3559896 0.6340084 -0.2549938 0.2635929 0.5696234 -0.1398174 0.3285432 0.635224 0 0.3440601 0.670327 -0.2536272 0.253757 0.6389414 -0.1366467 0.3168746 0.6712924 0 0.3486099 0.7018299 -0.1355445 0.3176782 0.7035482 -0.2461406 0.2446556 0.6754617 -0.2450146 0.2429575 0.7077677 -0.3276895 0.1465176 0.6609957 -0.3201974 0.1329024 0.6849145 0 0.369073 0.3566159 0 0.3534345 0.371299 0.1253283 0.353104 0.3566158 0.1220575 0.3369303 0.3712989 -2.0178e-9 0.384883 0.3084128 0.2478735 0.2821919 0.3566159 0.2381217 0.2666859 0.3712989 0.1297765 0.362065 0.3084128 0.3260987 0.1601948 0.3566159 0.312913 0.150926 0.371 0.260815 0.2867791 0.3084128 0.1369247 0.385924 0.2777256 -3.90011e-9 0.4089085 0.2777256 -5.00299e-9 0.4185333 0.2147394 0.3558678 -9.07561e-5 0.3566158 0.3430535 3.02798e-6 0.3712989 0.145521 0.3971775 0.2147394 -4.22709e-9 0.392396 0.1811653 0.1386841 0.3736014 0.1811653 -9.31776e-10 0.336659 0.2954898 0.295307 0.3131269 0.2147394 0.1354397 0.3131569 0.2953607 0 0.3230226 0.3458077 0.1556927 0.2923071 0.346 0.2797682 0.2947099 0.1811653 0.278407 0.1918594 0.2967021 0.2699421 0.1742286 0.346 0.3644269 0.1596602 0.1811653 0.3329977 -4.50037e-4 0.2950208 0.3066331 1.35836e-4 0.346 0.2669978 -0.1811912 0.346 0.3857129 0.1706695 0.2147394 0.266381 -0.1925776 0.2947622 0.1382451 -0.2900993 0.346 0.3972943 -8.6417e-4 0.1811653 0.1283261 -0.2991622 0.2923316 0 -0.323942 0.346 0.354596 -0.1622229 0.1811653 0.2568901 -0.3032999 0.1811653 0.376973 -0.173264 0.2147394 0.4206165 -0.001012016 0.2147394 0.4004964 -6.13576e-4 0.2777255 0.2742822 -0.3208965 0.2147394 0.3671536 0.1681468 0.2777255 0.3619273 -0.1653197 0.2777255 0.2793529 0.3049386 0.2777255 0.3442659 0.1596283 0.3084128 0.3705044 -3.02075e-4 0.3098438 0.3371014 -0.1531769 0.3096039 0.3251087 -0.1493823 0.3566159 0.3094302 -0.1431697 0.3712989 0.2413346 -0.2550105 0.3712989 0.2436076 -0.2689307 0.3566159 0.1240199 -0.321807 0.3712989 0.2479328 -0.2830203 0.3084127 0.1318212 -0.3352589 0.3489393 0.2625228 -0.3037442 0.2777255 0.1320998 -0.3437586 0.3015482 0 -0.3584446 0.3411833 0 -0.3377157 0.371299 -0.1240199 -0.321807 0.3712989 0.1345562 -0.3689106 0.2732604 -1.24402e-8 -0.3665973 0.2965787 0.1434459 -0.3862395 0.2147394 -1.99397e-8 -0.3940789 0.2669962 0.1367065 -0.3641407 0.1811653 -2.42952e-8 -0.4125349 0.2147394 -8.71193e-9 -0.3281593 0.2923316 -2.34378e-8 -0.3886089 0.1811653 -0.143446 -0.3862394 0.2147394 -0.1367066 -0.3641407 0.1811653 -0.1283261 -0.2991622 0.2923316 -0.1382451 -0.2900993 0.346 -0.2568901 -0.3032999 0.1811653 -0.266381 -0.1925776 0.2947622 -0.2669978 -0.1811912 0.346 -0.1345562 -0.3689106 0.2732604 -0.3329977 -4.5004e-4 0.2950208 -0.3066331 1.35836e-4 0.346 -0.2699421 0.1742286 0.346 -0.354596 -0.1622229 0.1811653 -0.278407 0.1918594 0.2967021 -0.1556927 0.2923071 0.346 -0.3972942 -8.64173e-4 0.1811653 -0.1354397 0.313157 0.2953607 0 0.3230226 0.3458077 -9.31776e-10 0.336659 0.2954898 -0.3644268 0.1596602 0.1811653 -0.2797682 0.2947099 0.1811653 -0.1386841 0.3736014 0.1811654 -4.22709e-9 0.392396 0.1811653 -0.3857129 0.1706695 0.2147394 -0.145521 0.3971775 0.2147394 -5.00299e-9 0.4185333 0.2147394 -0.295307 0.3131269 0.2147395 -0.1369248 0.385924 0.2777256 -3.90011e-9 0.4089085 0.2777256 -2.0178e-9 0.384883 0.3084128 -0.4206165 -0.001012018 0.2147394 -0.3671536 0.1681469 0.2777255 -0.3769729 -0.173264 0.2147394 -0.4004964 -6.13581e-4 0.2777255 -0.2742822 -0.3208964 0.2147394 -0.3619273 -0.1653197 0.2777255 -0.2625228 -0.3037442 0.2777255 -0.1320998 -0.3437586 0.3015482 -0.2479328 -0.2830203 0.3084127 -0.1312614 -0.335382 0.3489393 -0.2436076 -0.2689307 0.3566159 -0.2413346 -0.2550105 0.3712989 -0.3371014 -0.1531769 0.3096039 -0.3251087 -0.1493823 0.3566159 -0.3094302 -0.1431697 0.3712989 -0.3430535 3.02798e-6 0.3712989 -0.3705044 -3.02078e-4 0.3098438 -0.3558678 -9.07565e-5 0.3566158 -0.312913 0.150926 0.371 -0.3442659 0.1596283 0.3084128 -0.3260987 0.1601948 0.3566159 -0.2381217 0.2666859 0.3712989 -0.2793529 0.3049387 0.2777255 -0.260815 0.2867792 0.3084128 -0.1297765 0.3620651 0.3084128 -0.2478735 0.2821919 0.3566159 -0.1220575 0.3369303 0.3712989 -0.1253283 0.353104 0.3566158 0 0.369073 0.3566159 0 0.3534345 0.371299 0 0.3471153 0.8639605 -0.1359948 0.3179529 0.8654403 -0.1303338 0.3210515 0.8993227 0 0.3481027 0.896295 -0.2494975 0.2414376 0.8712026 -0.123549 0.3187811 0.9354941 0 0.3421333 0.9295177 -0.2369428 0.2439663 0.9150897 -0.1125887 0.3082995 0.9672054 0 0.3295045 0.9585136 -0.2271148 0.2496983 0.9574191 -0.2122124 0.2539871 0.9867181 -0.1045104 0.3002142 0.9893311 1.05126e-15 0.3170086 0.9811246 -0.267601 0.1772297 1.020832 -0.09397805 0.30162 1.002073 2.24495e-15 0.3146352 0.9937205 -0.1974928 0.2589064 1.008886 -0.08320083 0.3247662 1.010915 7.64836e-15 0.3346407 1.001618 -0.1785961 0.272946 1.021079 -0.07139482 0.3555561 1.023554 1.08121e-14 0.3602275 1.013976 1.26058e-14 0.392508 1.026019 -0.1565625 0.3075215 1.02915 -0.1315743 0.3455482 1.039231 -0.1004101 0.3840167 1.045994 -0.166536 0.3315845 1.062886 -0.1993021 0.2804087 1.054109 -0.06610598 0.4466814 1.059207 1.53759e-14 0.4466814 1.045886 -0.1530466 0.3695909 1.11069 -0.04444953 0.497806 1.07748 1.6628e-14 0.497806 1.065084 -0.1050176 0.4466814 1.110582 -0.02844952 0.5164973 1.085665 1.69533e-14 0.5204174 1.083205 1.73755e-14 0.5350826 1.109825 -0.06380366 0.497806 1.110778 -0.03169929 0.528775 1.110723 -0.02840673 0.5210174 1.140909 1.78085e-14 0.5259795 1.14221 -0.04643966 0.497806 1.153837 1.8069e-14 0.497806 1.166488 -0.07035327 0.4455371 1.169384 1.73201e-14 0.4449933 1.190401 0.02840673 0.5210174 1.140909 1.73755e-14 0.5350826 1.109825 0.04643966 0.497806 1.153837 0.03169929 0.528775 1.110723 0.06380366 0.497806 1.110778 0.02844952 0.5164973 1.085665 1.69533e-14 0.5204174 1.083205 1.6628e-14 0.497806 1.065084 0.04444953 0.497806 1.07748 1.53759e-14 0.4466814 1.045886 0.1050176 0.4466814 1.110582 0.06610598 0.4466814 1.059207 1.26058e-14 0.392508 1.026019 0.07035327 0.4455371 1.169384 0.1004101 0.3840167 1.045994 0.1530466 0.3695909 1.11069 1.46512e-14 0.3456288 1.215827 0.09874354 0.3537822 1.186107 0.07139482 0.3555561 1.023554 1.08121e-14 0.3602275 1.013976 7.64836e-15 0.3346407 1.001618 0.1315743 0.3455482 1.039231 0.08320083 0.3247662 1.010915 2.24495e-15 0.3146352 0.9937205 0.166536 0.3315845 1.062886 0.1565625 0.3075215 1.02915 0.09397805 0.30162 1.002073 1.05126e-15 0.3170086 0.9811246 0.1993021 0.2804087 1.054109 0.1045104 0.3002142 0.9893311 0 0.3295045 0.9585136 0.1785961 0.272946 1.021079 0.1974928 0.2589064 1.008886 0.1125887 0.3082995 0.9672054 0 0.3421333 0.9295177 0.2122124 0.2539871 0.9867181 0.123549 0.3187811 0.9354941 0 0.3481027 0.896295 0.267601 0.1772297 1.020832 0.1303338 0.3210515 0.8993227 0 0.3471153 0.8639605 0.1359948 0.3179529 0.8654403 0.2494975 0.2414376 0.8712026 0.2271148 0.2496983 0.9574191 0.2369428 0.2439663 0.9150897 0.30831 0.1439038 0.9332289 0.3239344 0.1393982 0.878543 0.28745 0.1586186 0.9856265 0.335353 0.02134722 0.9562162 0.3563952 0.005756497 0.8889456 0.3076449 0.05440086 1.019575 0.3090525 -0.1094557 0.9762181 0.3253799 -0.1352131 0.8996893 0.2846095 -0.06775475 1.056714 0.2910981 0.08973062 1.057833 0.2675753 -0.02590632 1.104431 0.2504296 -0.1996323 0.9909353 0.2615381 -0.222667 0.9031619 0.134625 -0.2285366 1.101056 0.2292238 -0.1603597 1.081641 0.2080485 -0.1037215 1.135056 0.1217586 -0.1690314 1.157559 0 -0.1934149 1.166434 0 -0.2603574 1.110082 -0.134625 -0.2285366 1.101056 0.1147868 -0.09405655 1.197758 3.29807e-16 -0.1133877 1.207529 -0.1217586 -0.1690314 1.157559 0.1915228 -0.0442115 1.172261 3.27371e-15 -0.01708872 1.22743 0.2474823 0.02524679 1.138108 0.104417 -0.002419627 1.216676 0.1749046 0.03332225 1.192827 0.2710694 0.1286554 1.082821 0.2272341 0.08778737 1.152594 0.2466589 0.2056428 1.037384 0.2496678 0.1683117 1.096493 0.2234249 0.2364935 1.046353 0.2195239 0.2270468 1.106162 0.1996037 0.1686337 1.1606 0.183783 0.3030399 1.109534 0.1670454 0.2713901 1.161586 0.127692 0.2503502 1.199504 0.1563146 0.1304011 1.201204 0.07336492 0.2368685 1.219566 0.0913111 0.1073466 1.224609 1.27015e-14 0.2296372 1.23199 8.96678e-15 0.09665401 1.236644 -0.07336492 0.2368685 1.219566 -0.0913111 0.1073466 1.224609 -0.104417 -0.002419627 1.216676 -0.1147868 -0.09405655 1.197758 -0.1749046 0.03332225 1.192827 -0.1915228 -0.0442115 1.172261 -0.2080485 -0.1037215 1.135056 -0.1563146 0.1304011 1.201204 -0.2474823 0.02524679 1.138108 -0.2272341 0.08778737 1.152594 -0.127692 0.2503502 1.199504 -0.2675753 -0.02590632 1.104431 -0.1996037 0.1686337 1.1606 -0.09874354 0.3537822 1.186107 -0.1670454 0.2713901 1.161586 -0.183783 0.3030399 1.109534 -0.2195239 0.2270468 1.106162 -0.2234249 0.2364935 1.046353 -0.2496678 0.1683117 1.096493 -0.2466589 0.2056428 1.037384 -0.2710694 0.1286554 1.082821 -0.2910981 0.08973062 1.057833 -0.28745 0.1586186 0.9856265 -0.3076449 0.05440086 1.019575 -0.30831 0.1439038 0.9332289 -0.3239344 0.1393982 0.878543 -0.335353 0.02134722 0.9562162 -0.3563952 0.005756497 0.8889456 -0.2846095 -0.06775475 1.056714 -0.3090525 -0.1094557 0.9762181 -0.3253799 -0.1352131 0.8996893 -0.2292238 -0.1603597 1.081641 -0.2504296 -0.1996323 0.9909353 -0.2615381 -0.222667 0.9031619 0 -0.3344271 0.4852841 0 -0.3164416 0.4909659 0.08722458 -0.3274823 0.4932686 -0.08722458 -0.3274823 0.4932686 0.1165724 -0.3040107 0.5136204 -0.1165727 -0.3040107 0.5136204 0.1599149 -0.3158154 0.5263775 -0.1599149 -0.3158154 0.5263775 0.2156583 -0.275679 0.5808183 -0.2156583 -0.275679 0.5808183 0.2286667 -0.293791 0.5838366 -0.2286667 -0.293791 0.5838366 0.2747699 -0.2722428 0.6440728 -0.2747699 -0.2722428 0.6440728 0.2625138 -0.2490714 0.6764724 -0.2625141 -0.2490714 0.6764724 0.2981117 -0.2539915 0.7132617 -0.2981117 -0.2539915 0.7132617 0.2860353 -0.2201274 0.7985995 -0.2860356 -0.2201274 0.7985995 0.311015 -0.2333221 0.8022704 -0.311015 -0.2333221 0.8022704 0.3051883 -0.2167631 0.9044336 -0.3051883 -0.2167631 0.9044336 0.2618943 -0.1975443 0.9475678 -0.2618943 -0.1975443 0.9475678 0.2720886 -0.2067106 1.001762 -0.2720886 -0.2067106 1.001762 0.2015079 -0.1908898 1.053873 -0.2015079 -0.1908898 1.053873 0.2233248 -0.2045795 1.071906 -0.2233248 -0.2045795 1.071906 0.1626214 -0.2059159 1.121086 -0.1626217 -0.2059159 1.121086 0.1049053 -0.1920131 1.122655 -0.1049056 -0.1920131 1.122655 0.07353251 -0.2112054 1.155259 -0.07353251 -0.2112054 1.155259 0 -0.1980106 1.151567 0 -0.2137671 1.167654 0.1556927 0.2923071 0.346 0 0.1692254 0.2608016 0 0.3230226 0.3458077 -0.1556927 0.2923071 0.346 0.2699421 0.1742286 0.346 -0.2699421 0.1742286 0.346 0.1815902 -3.29643e-4 0.2674133 0.3066331 1.35836e-4 0.346 0.2669978 -0.1811912 0.346 -0.1815902 -3.29643e-4 0.2674133 -0.3066331 1.35836e-4 0.346 -0.2669978 -0.1811912 0.346 0 -3.55616e-4 0.2392156 0 -0.1678481 0.2615086 0.1382451 -0.2900993 0.346 -0.1382451 -0.2900993 0.346 0 -0.323942 0.346 0.6487237 9.92417e-5 0.5378845 0.6245593 9.92417e-5 0.5224487 0.6487235 0.03400433 0.5462936 0.6619998 9.91225e-5 0.576324 0.6245593 0.05233833 0.5352935 0.5839081 9.91225e-5 0.5085528 0.6487235 0.04929966 0.5762416 0.5839081 0.07025856 0.526259 0.5266281 9.90297e-5 0.4987281 0.6245591 0.07691902 0.5763088 0.5266281 0.0835635 0.520226 0.4780677 -2.25545e-4 0.4933383 0.5839081 0.1014487 0.5763801 0.4780677 0.09370276 0.5149801 0.435417 -6.19225e-5 0.4893511 0.5266281 0.1188798 0.5766612 0.4323547 0.1003834 0.5104834 0.3981461 -4.11048e-5 0.4855874 0.4780675 0.1273622 0.5765821 0.3893044 0.1112738 0.5052149 0.3876238 2.92635e-4 0.4763538 0.3634419 0.1307281 0.4961466 0.4290873 0.1338314 0.575662 0.3815849 0.1436702 0.5751314 0.3547906 0.1600766 0.5741783 0.4780678 0.08940256 0.6374576 0.4298519 0.09559363 0.6400555 0.3844507 0.1070651 0.6430317 0.353543 0.1280848 0.6520719 0.5266282 0.08155288 0.6328856 0.3896455 -0.00269092 0.6720769 0.363584 -0.003661326 0.6822737 0.4327148 -0.001247621 0.667869 0.4780677 -2.25768e-4 0.6629258 0.3835123 -0.1082335 0.6468778 0.3523099 -0.1252516 0.6559283 0.4294266 -0.09619959 0.641798 0.3797806 -0.1460101 0.5738099 0.3537216 -0.166614 0.5724163 0.3657127 -0.1265874 0.4979122 0.4290873 -0.1342902 0.5752958 0.3894562 -0.1094525 0.5052149 0.3876238 2.92635e-4 0.4763538 0.3981461 -4.11048e-5 0.4855874 0.4324235 -0.09952308 0.5104834 0.435417 -6.19225e-5 0.4893511 0.4780675 -0.1278133 0.5765821 0.4780676 -0.09415382 0.5149802 0.4780677 -2.25545e-4 0.4933383 0.4780677 -0.08985367 0.6374576 0.5266284 -0.1186813 0.5766613 0.5266281 -0.08336505 0.520226 0.5266281 9.90297e-5 0.4987281 0.5266281 -0.08135456 0.6328856 0.5839083 -0.1012502 0.5763801 0.5839081 -0.07006007 0.526259 0.5839081 9.91225e-5 0.5085528 0.5266279 9.909e-5 0.6566441 0.6245592 -0.05213988 0.5352935 0.6245593 9.92417e-5 0.5224487 0.6245592 -0.0767206 0.5763088 0.5839081 -0.06907988 0.6252016 0.6487237 -0.03380591 0.5462936 0.6487237 9.92417e-5 0.5378845 0.6487235 -0.04910147 0.5762415 0.6245593 -0.05213988 0.6143467 0.6487237 -0.03380609 0.6011645 0.6487235 9.91821e-5 0.6126008 0.5839081 9.91225e-5 0.6462959 0.6245593 9.91821e-5 0.631314 0.5839081 0.0692783 0.6252015 0.6245592 0.0523383 0.6143467 0.6487235 0.03400433 0.6011645 -0.6487237 9.92417e-5 0.5378845 -0.6487235 0.03400433 0.5462936 -0.6245593 9.92417e-5 0.5224487 -0.6619998 9.91225e-5 0.576324 -0.6245593 0.05233833 0.5352935 -0.5839081 9.91225e-5 0.5085528 -0.6487235 0.04929966 0.5762416 -0.5839081 0.07025856 0.526259 -0.5266281 9.90297e-5 0.4987281 -0.6245591 0.07691902 0.5763088 -0.5266281 0.0835635 0.520226 -0.4780677 -2.25545e-4 0.4933383 -0.5839081 0.1014487 0.5763801 -0.4780677 0.09370276 0.5149801 -0.435417 -6.19225e-5 0.4893512 -0.5266281 0.1188798 0.5766612 -0.4323547 0.1003834 0.5104834 -0.3981461 -4.11048e-5 0.4855875 -0.4780675 0.1273622 0.5765821 -0.3893044 0.1112738 0.5052149 -0.3876238 2.92635e-4 0.4763538 -0.3634419 0.1307281 0.4961466 -0.4290873 0.1338314 0.575662 -0.3815849 0.1436702 0.5751314 -0.3547906 0.1600766 0.5741783 -0.4780678 0.08940256 0.6374576 -0.4298519 0.09559363 0.6400555 -0.3844507 0.1070651 0.6430317 -0.353543 0.1280848 0.6520719 -0.5266282 0.08155288 0.6328856 -0.3896455 -0.00269092 0.6720771 -0.363584 -0.003661326 0.6822737 -0.4327148 -0.001247621 0.667869 -0.4780677 -2.25768e-4 0.6629258 -0.3835123 -0.1082335 0.6468778 -0.3523099 -0.1252516 0.6559283 -0.4294266 -0.09619959 0.641798 -0.3797807 -0.1460101 0.5738099 -0.3537216 -0.166614 0.5724163 -0.3657127 -0.1265874 0.4979122 -0.4290873 -0.1342902 0.5752958 -0.3894562 -0.1094525 0.5052149 -0.3876238 2.92635e-4 0.4763538 -0.3981461 -4.11048e-5 0.4855875 -0.4324235 -0.09952308 0.5104834 -0.435417 -6.19225e-5 0.4893512 -0.4780675 -0.1278133 0.5765821 -0.4780676 -0.09415382 0.5149802 -0.4780677 -2.25545e-4 0.4933383 -0.4780677 -0.08985367 0.6374576 -0.5266284 -0.1186813 0.5766613 -0.5266281 -0.08336505 0.520226 -0.5266281 9.90297e-5 0.4987281 -0.5266281 -0.08135456 0.6328856 -0.5839083 -0.1012502 0.5763801 -0.5839081 -0.07006007 0.526259 -0.5839081 9.91225e-5 0.5085528 -0.5266279 9.909e-5 0.6566441 -0.6245592 -0.05213988 0.5352935 -0.6245593 9.92417e-5 0.5224487 -0.5839081 0.0692783 0.6252015 -0.6487237 -0.03380591 0.5462936 -0.6487237 9.92417e-5 0.5378845 -0.6245592 0.0523383 0.6143467 -0.6487235 -0.04910147 0.5762415 -0.6245592 -0.0767206 0.5763088 -0.6487235 0.03400433 0.6011645 -0.5839081 -0.06907988 0.6252016 -0.6245593 -0.05213988 0.6143467 -0.5839081 9.91225e-5 0.6462959 -0.6487237 -0.03380609 0.6011645 -0.6245593 9.91821e-5 0.631314 -0.6487235 9.91821e-5 0.6126008 0.1825418 -0.4150685 0.8210593 0.2141841 -0.4000397 0.8341596 0.2025098 -0.3983204 0.865642 0.2117804 -0.3815717 0.9172977 0.2042405 -0.4146095 0.7460253 0.1540393 -0.4321044 0.7930867 0.2882372 -0.3253861 0.8204437 0.1151827 -0.448513 0.7535473 0.1184787 -0.4446319 0.7877461 0.08380046 -0.4505092 0.8006066 0.27713 -0.3380648 0.7314307 0.2527755 -0.3469064 0.6561278 0.2981117 -0.2539915 0.7132617 0.311015 -0.2333221 0.8022704 0.2747699 -0.2722428 0.6440728 0.3051883 -0.2167631 0.9044336 0.2125857 -0.350622 0.5891154 0.2286667 -0.293791 0.5838366 0.1599149 -0.3158154 0.5263775 0.2799602 -0.3056935 0.9226619 0.2720886 -0.2067106 1.001762 0.203795 -0.3651305 0.9686679 0.2481027 -0.2848037 1.019357 0.2233248 -0.2045795 1.071906 0.1842646 -0.3517891 1.014231 0.2000173 -0.2631466 1.086101 0.1626214 -0.2059159 1.121086 0.1483981 -0.3028896 1.09517 0.1561465 -0.3475914 1.045289 0.1201029 -0.3518734 1.058789 0.144771 -0.2467558 1.130631 0.07353251 -0.2112054 1.155259 0.07953651 -0.3301276 1.099603 0.08507794 -0.3658378 1.053878 0.07421725 -0.2890267 1.13252 0.07069167 -0.2438062 1.160672 0 -0.2137671 1.167654 0 -0.3414639 1.101711 0 -0.2430838 1.169778 0 -0.2941277 1.140665 -0.07069167 -0.2438062 1.160672 -0.07353251 -0.2112054 1.155259 -0.07421725 -0.2890267 1.13252 -0.144771 -0.2467558 1.130631 -0.1626217 -0.2059159 1.121086 -0.07953651 -0.3301276 1.099603 -0.2000173 -0.2631466 1.086101 -0.2233248 -0.2045795 1.071906 -0.1483981 -0.3028896 1.09517 -0.2481027 -0.2848037 1.019357 -0.2720886 -0.2067106 1.001762 -0.1842646 -0.3517891 1.014231 -0.1561465 -0.3475914 1.045289 -0.1201029 -0.3518734 1.058789 -0.203795 -0.3651305 0.9686679 -0.08507794 -0.3658378 1.053878 -0.2799602 -0.3056935 0.9226619 -0.2117804 -0.3815717 0.9172977 -0.3051883 -0.2167631 0.9044336 0 -0.3704489 1.067263 -0.05699044 -0.3875699 1.028503 0.05699044 -0.3875699 1.028503 0 -0.3934649 1.03213 -0.03852605 -0.4095789 0.9864101 0.03852605 -0.4095789 0.9864101 0 -0.4144196 0.9886411 -0.03288908 -0.4282196 0.9360485 0.03288908 -0.4282196 0.9360485 0 -0.4325619 0.9367685 0 -0.4456779 0.8832272 -0.03955939 -0.4416655 0.8821334 0.03955939 -0.4416655 0.8821334 0 -0.4539132 0.8388506 -0.05698298 -0.4499424 0.8335792 0.05698298 -0.4499424 0.8335792 0 -0.4594243 0.7976512 -0.08380046 -0.4505092 0.8006066 -0.1151827 -0.448513 0.7535473 -0.1184787 -0.4446319 0.7877461 -0.1540393 -0.4321044 0.7930867 0 -0.4620729 0.7564518 -0.2042405 -0.4146095 0.7460253 -0.1825418 -0.4150685 0.8210593 -0.1048235 -0.447094 0.6730752 -0.2141841 -0.4000397 0.8341596 -0.2025098 -0.3983204 0.865642 -0.1848717 -0.4162437 0.6671796 -0.2882372 -0.3253861 0.8204437 -0.311015 -0.2333221 0.8022704 -0.2981117 -0.2539915 0.7132617 -0.27713 -0.3380648 0.7314307 -0.2747699 -0.2722428 0.6440728 -0.2527755 -0.3469064 0.6561278 -0.2125857 -0.350622 0.5891154 -0.2286667 -0.293791 0.5838366 -0.1599149 -0.3158154 0.5263775 -0.1556086 -0.4051638 0.5980039 -0.1465472 -0.3491603 0.5291222 -0.08722458 -0.3274823 0.4932686 -0.1076121 -0.3791863 0.5320049 -0.07270259 -0.3550792 0.4973748 0 -0.3344271 0.4852841 -0.08788349 -0.4292279 0.6030385 -0.06049551 -0.3967323 0.53684 0 -0.3616867 0.4892389 0.07270259 -0.3550792 0.4973748 0.08722458 -0.3274823 0.4932686 -0.02074516 -0.432068 0.5943787 -0.02457762 -0.4402961 0.6123973 -0.01203519 -0.4287376 0.5841404 -0.02003247 -0.4468515 0.6311035 -0.01079497 -0.4499506 0.6402751 0 -0.4047608 0.5395645 0 -0.4276448 0.5811739 0.01203519 -0.4287376 0.5841404 0 -0.4587072 0.6754227 0 -0.4510218 0.6436367 0.01079497 -0.4499506 0.6402751 0.1048235 -0.447094 0.6730752 0.02003247 -0.4468515 0.6311035 0.02457762 -0.4402961 0.6123973 0.1848717 -0.4162437 0.6671796 0.08788295 -0.4292279 0.6030385 0.02074516 -0.432068 0.5943787 0.1556081 -0.4051638 0.5980039 0.1465472 -0.3491603 0.5291222 0.1076118 -0.3791863 0.5320049 0.06049551 -0.3967323 0.53684 0.07972758 -0.3368018 0.3644426 0.07524797 -0.3098362 0.3643098 0.07524796 -0.3098362 0.4139575 0.06195205 -0.3160519 0.3529671 0.07972758 -0.3368018 0.4138247 0.06195204 -0.3160519 0.4253003 0.06643166 -0.3430175 0.3531576 0 -0.3235396 0.351463 0.06699162 -0.3463882 0.3640651 0.06643166 -0.3430175 0.4251098 0 -0.3235396 0.4268044 0.06699161 -0.3463882 0.4142022 0 -0.3551908 0.4154004 0 -0.3551907 0.3628668 0 -0.351674 0.4268044 -0.06643166 -0.3430175 0.4251098 -0.06195204 -0.3160519 0.4253003 0 -0.351674 0.351463 -0.07972758 -0.3368018 0.4138247 -0.07524796 -0.3098362 0.4139575 -0.06643166 -0.3430175 0.3531576 -0.06195205 -0.3160519 0.3529671 -0.06699162 -0.3463882 0.3640651 -0.07972758 -0.3368018 0.3644426 -0.07524797 -0.3098362 0.3643098 -0.06699161 -0.3463882 0.4142022 0 -0.4510218 0.6436367 0 -0.4311702 0.6420639 0.01079497 -0.4499506 0.6402751 -0.01079497 -0.4499506 0.6402751 0.01015336 -0.4297394 0.6389009 0.02003247 -0.4468515 0.6311035 -0.01015364 -0.4297394 0.6389009 -0.02003247 -0.4468515 0.6311035 0.0163354 -0.4268434 0.6305282 0.02457762 -0.4402961 0.6123973 -0.0163354 -0.4268434 0.6305282 -0.02457762 -0.4402961 0.6123973 0.02057944 -0.4212162 0.6130301 0.02074516 -0.432068 0.5943787 -0.02057944 -0.4212162 0.6130301 -0.02074516 -0.432068 0.5943787 0.01757611 -0.4141059 0.5957584 0.01203519 -0.4287376 0.5841404 -0.01757611 -0.4141059 0.5957584 -0.01203519 -0.4287376 0.5841404 0.009368586 -0.4104376 0.5866007 0 -0.4276448 0.5811739 -0.009368875 -0.4104376 0.5866007 0 -0.4093502 0.5839499 0 -0.4211736 0.6126909 0.1777954 0.2475991 0.02904509 0.1777954 0.2737595 0.0621281 0.2382976 0.2352006 0.02904487 0.117854 0.2352006 0.02904485 0.2508729 0.2532689 0.0621281 0.2810214 0.1946836 0.0290439 0.1051063 0.2532689 0.0621281 0.07506327 0.1946836 0.0290439 0.1777954 0.2726276 0.1211559 0.3032679 0.207027 0.06212808 0.3017379 0.1365388 0.02904215 0.2571131 0.2504183 0.1211556 0.09783466 0.2504183 0.1211556 0.05264097 0.207027 0.06212808 0.05435364 0.1365388 0.02904215 0.1777954 0.2488711 0.1696295 0.0350989 0.1433481 0.06212805 0.04407547 0.2043788 0.1211541 0.1018962 0.2309865 0.169629 0.03920037 0.07255751 0.06212801 0.06008148 0.06930289 0.02904015 0.05315808 -0.01323303 0.02903832 0.02751333 0.1406589 0.1188052 0.05561907 0.1878692 0.1696279 0.03092792 -0.01313455 0.0621213 0.04195542 -0.1017305 0.02903678 0.02952729 0.07255591 0.1199842 0.03715854 0.1103889 0.1704213 0.08941213 0.1856395 0.2063095 0.1777954 0.2221373 0.2063104 0.05734083 0.09978857 0.2063073 0.252487 0.2309865 0.169629 0.2666343 0.1856395 0.2063095 0.05353265 0.01285169 0.1818925 0.1008453 0.00930348 0.206305 0.3109043 0.2043788 0.1211541 0.2989837 0.1878692 0.1696279 0.3190252 0.1105277 0.1712171 0.29825 0.09978856 0.2063073 0.3294079 0.141002 0.1189414 0.3208433 0.143348 0.06212805 0.3238182 0.0725575 0.06212801 0.3030436 0.06930289 0.02904015 0.3170203 -0.01323303 0.02903832 0.3330283 0.07255591 0.1199842 0.3391787 -0.01313455 0.0621213 0.3284556 -0.1017305 0.02903679 0.3084649 0.01285168 0.1818924 0.2598117 0.009351328 0.206305 0.3447132 -0.01323684 0.1194357 0.3467303 -0.1040042 0.06212794 0.255406 -0.006650438 0.1976205 0.1777954 -0.02373698 0.2063042 0.3296101 -0.05034865 0.1739169 0.3561502 -0.1052622 0.119822 0.3302224 -0.1764683 0.0621279 0.3104571 -0.1708463 0.02903488 0.3312525 -0.1114474 0.1819995 0.2742517 -0.2434267 0.06212786 0.253773 -0.2206262 0.02903339 0.336669 -0.1797595 0.1198201 0.2764442 -0.2538828 0.1198179 0.1777955 -0.2708262 0.06209646 0.1777954 -0.2386797 0.02903268 0.1080457 -0.2206262 0.02903339 0.3180376 -0.1790967 0.1743282 0.08916385 -0.2434267 0.06212786 0.0597179 -0.1708463 0.02903488 0.1778597 -0.2801571 0.119817 0.03988277 -0.1764683 0.0621279 0.08543052 -0.2538828 0.1198179 0.02360195 -0.1040042 0.06212794 0.03332315 -0.1797595 0.1198201 0.02528627 -0.01323684 0.1194357 0.01407094 -0.1052622 0.119822 0.04038768 -0.05034865 0.1739169 0.03896878 -0.1114474 0.1819995 0.1028145 -0.004620646 0.195378 0.1103015 -0.06006873 0.2105943 0.1777954 -0.02465874 0.2045541 0.1081957 -0.1179529 0.2252124 0.2530658 -0.06006873 0.2105943 0.1777954 -0.06513916 0.219592 0.2552091 -0.1179529 0.2252124 0.1777954 -0.1209742 0.2365856 0.25673 -0.1765828 0.2228167 0.1076714 -0.1765828 0.2228167 0.1777954 -0.1824744 0.2347803 0.2531615 -0.2166921 0.1991004 0.1777954 -0.2313059 0.2143313 0.2586849 -0.2457502 0.1717243 0.1777954 -0.2644127 0.1758003 0.1027275 -0.2457501 0.1717242 0.1045582 -0.2166921 0.1991004 0.05195986 -0.1790967 0.1743282 -0.1777954 0.2475991 0.02904506 -0.2382976 0.2352006 0.02904481 -0.1777954 0.2737595 0.06212807 -0.117854 0.2352006 0.02904482 -0.2508729 0.2532689 0.06212807 -0.2810214 0.1946836 0.02904385 -0.1051063 0.2532689 0.06212807 -0.07506327 0.1946836 0.02904385 -0.1777954 0.2726276 0.1211559 -0.3032679 0.207027 0.06212805 -0.3017379 0.1365389 0.02904211 -0.05264097 0.207027 0.06212805 -0.05435364 0.1365389 0.02904211 -0.09783466 0.2504184 0.1211556 -0.0350989 0.1433481 0.06212801 -0.04407547 0.2043788 0.1211541 -0.03920037 0.07255751 0.06212798 -0.06008148 0.06930289 0.02904011 -0.05315808 -0.01323303 0.0290383 -0.02751333 0.1406589 0.1188052 -0.03092792 -0.01313456 0.06212128 -0.04195542 -0.1017305 0.02903677 -0.02952729 0.07255591 0.1199842 -0.05561907 0.1878692 0.1696279 -0.02360195 -0.1040042 0.06212793 -0.03715854 0.1103889 0.1704213 -0.1018962 0.2309865 0.169629 -0.08941213 0.1856395 0.2063095 -0.05734083 0.09978856 0.2063073 -0.1777954 0.2221373 0.2063103 -0.05353265 0.01285167 0.1818924 -0.1008453 0.009303465 0.206305 -0.1777954 0.2488711 0.1696294 -0.252487 0.2309865 0.169629 -0.2666343 0.1856395 0.2063095 -0.2571131 0.2504183 0.1211555 -0.3109043 0.2043788 0.1211541 -0.2989837 0.1878692 0.1696279 -0.3190252 0.1105277 0.1712171 -0.29825 0.09978855 0.2063073 -0.3294079 0.141002 0.1189414 -0.3208433 0.143348 0.06212801 -0.3238182 0.0725575 0.06212798 -0.3030436 0.06930289 0.02904011 -0.3170203 -0.01323303 0.0290383 -0.3330283 0.07255591 0.1199842 -0.3391787 -0.01313456 0.06212128 -0.3284556 -0.1017305 0.02903678 -0.3084649 0.01285167 0.1818924 -0.2598117 0.009351313 0.206305 -0.3447132 -0.01323684 0.1194357 -0.3467303 -0.1040042 0.06212793 -0.255406 -0.006650449 0.1976205 -0.1777954 -0.023737 0.2063042 -0.3296101 -0.05034865 0.1739169 -0.3561502 -0.1052622 0.119822 -0.3302224 -0.1764683 0.0621279 -0.3104571 -0.1708463 0.02903487 -0.3312525 -0.1114474 0.1819995 -0.2742517 -0.2434267 0.06212786 -0.253773 -0.2206262 0.02903339 -0.336669 -0.1797595 0.1198201 -0.2764442 -0.2538828 0.1198179 -0.1777955 -0.2708262 0.06209646 -0.1777954 -0.2386797 0.02903268 -0.1080457 -0.2206262 0.02903339 -0.3180376 -0.1790967 0.1743282 -0.08916385 -0.2434267 0.06212786 -0.0597179 -0.1708463 0.02903487 -0.1778597 -0.2801571 0.119817 -0.03988277 -0.1764683 0.0621279 -0.08543052 -0.2538828 0.1198179 -0.2586849 -0.2457502 0.1717243 -0.1777954 -0.2644127 0.1758003 -0.2531615 -0.2166921 0.1991004 -0.1027275 -0.2457501 0.1717242 -0.1777954 -0.2313059 0.2143313 -0.25673 -0.1765828 0.2228167 -0.1045582 -0.2166921 0.1991004 -0.2552091 -0.1179529 0.2252124 -0.05195986 -0.1790967 0.1743282 -0.1076714 -0.1765828 0.2228167 -0.1777954 -0.1824744 0.2347803 -0.1777954 -0.1209743 0.2365855 -0.03332315 -0.1797595 0.1198201 -0.03896878 -0.1114474 0.1819995 -0.01407094 -0.1052622 0.119822 -0.1081957 -0.1179529 0.2252124 -0.02528627 -0.01323684 0.1194357 -0.04038768 -0.05034865 0.1739169 -0.1028145 -0.004620657 0.195378 -0.1103015 -0.06006874 0.2105942 -0.1777954 -0.02465875 0.2045541 -0.1777954 -0.06513917 0.219592 -0.2530658 -0.06006874 0.2105942 0.08380046 -0.4505092 0.8006066 0.08070679 -0.4298301 0.7986979 0.05698298 -0.4499424 0.8335792 0.1184787 -0.4446319 0.7877461 0.05444535 -0.4287538 0.8311468 0.03955939 -0.4416655 0.8821334 0.1132126 -0.4239078 0.7862693 0.1540393 -0.4321044 0.7930867 0.148009 -0.4122254 0.7916191 0.1825418 -0.4150685 0.8210593 0.1746143 -0.3957121 0.8194472 0.2025098 -0.3983204 0.865642 0.1932071 -0.3789621 0.8622605 0.2117804 -0.3815717 0.9172977 0.03718535 -0.4200195 0.8769015 0.2012156 -0.3609709 0.9110559 0.203795 -0.3651305 0.9686679 0.02951713 -0.4065369 0.9285892 0.03288908 -0.4282196 0.9360485 0.1948542 -0.3461124 0.9605968 0.03545044 -0.3884341 0.9777114 0.03852605 -0.4095789 0.9864101 0.1763262 -0.334314 1.004346 0.05355766 -0.366564 1.016046 0.05699044 -0.3875699 1.028503 0.1842646 -0.3517891 1.014231 0.08130632 -0.34876 1.041396 0.08507794 -0.3658378 1.053878 0.1201029 -0.3518734 1.058789 0.1503923 -0.3308868 1.035065 0.1561465 -0.3475914 1.045289 0.1159562 -0.3359597 1.048075 -0.08380046 -0.4505092 0.8006066 -0.05698298 -0.4499424 0.8335792 -0.08070679 -0.4298301 0.7986979 -0.1184787 -0.4446319 0.7877461 -0.05444535 -0.4287538 0.8311468 -0.03955939 -0.4416655 0.8821334 -0.1132126 -0.4239078 0.7862693 -0.1540393 -0.4321044 0.7930867 -0.148009 -0.4122254 0.7916191 -0.1825418 -0.4150685 0.8210593 -0.1746143 -0.3957121 0.8194472 -0.2025098 -0.3983204 0.865642 -0.1932071 -0.3789621 0.8622605 -0.2117804 -0.3815717 0.9172977 -0.03718535 -0.4200195 0.8769015 -0.2012156 -0.3609709 0.9110559 -0.203795 -0.3651305 0.9686679 -0.02951713 -0.4065369 0.9285892 -0.03288908 -0.4282196 0.9360485 -0.1948542 -0.3461124 0.9605968 -0.03545044 -0.3884341 0.9777114 -0.03852605 -0.4095789 0.9864101 -0.1763262 -0.334314 1.004346 -0.05355766 -0.366564 1.016046 -0.05699044 -0.3875699 1.028503 -0.1842646 -0.3517891 1.014231 -0.08130632 -0.34876 1.041396 -0.08507794 -0.3658378 1.053878 -0.1201029 -0.3518734 1.058789 -0.1503923 -0.3308868 1.035065 -0.1561465 -0.3475914 1.045289 -0.1159562 -0.3359597 1.048075 0.02509471 -0.4075941 0.5781806 0.02719191 -0.4358572 0.648742 -0.02725514 -0.4359303 0.648972 -0.02478992 -0.4077248 0.5784424 0.1773331 -0.2433371 0.02903268 0.1773331 -0.2433366 -5.01871e-5 0.2744211 -0.2083479 0.02903339 0.2744211 -0.2083474 -5.02467e-5 0.3260025 -0.1362884 0.02903583 0.3260025 -0.1362881 -5.04798e-5 0.3147556 0.01280602 0.02903923 0.3147556 0.0128066 -5.08008e-5 0.3008839 0.1551322 0.02904302 0.3008839 0.1551327 -5.11259e-5 0.2619638 0.2199625 0.02904485 0.261964 0.219963 -5.12749e-5 0.1777954 0.2475991 0.02904509 0.1777954 0.2475996 -5.12898e-5 0.1777954 0.2475991 0.02904509 0.1777954 0.2475996 -5.12898e-5 0.0941877 0.2199625 0.02904485 0.09418793 0.219963 -5.12749e-5 0.05523355 0.1551322 0.02904302 0.05523355 0.1551327 -5.11259e-5 0.05331159 0.01280602 0.02903923 0.05331159 0.0128066 -5.08008e-5 0.04429679 -0.1362884 0.02903583 0.04429679 -0.1362881 -5.04798e-5 0.0867779 -0.2083479 0.02903339 0.08677788 -0.2083474 -5.02467e-5 0.1773331 -0.2433371 0.02903268 0.1773331 -0.2433366 -5.01871e-5 -0.08544653 -0.3129441 0.4216783 -0.08544652 -0.3129441 0.356589 -0.07286058 -0.3427725 0.3542391 -0.07286057 -0.3427726 0.4240282 0 -0.3545369 0.3525674 0 -0.3545369 0.4256999 0.07286057 -0.3427726 0.4240282 0.07286058 -0.3427725 0.3542391 0.08544653 -0.3129441 0.4216783 0.08544652 -0.3129441 0.356589 -0.261964 0.219963 -5.13196e-5 -0.1777954 0.2475996 -5.13345e-5 -0.09418793 0.219963 -5.13196e-5 -0.3008839 0.1551327 -5.11706e-5 -0.05523355 0.1551327 -5.11706e-5 -0.05331159 0.0128066 -5.08308e-5 -0.3147556 0.0128066 -5.08308e-5 -0.04429679 -0.1362881 -5.04867e-5 -0.3260025 -0.1362881 -5.04867e-5 -0.2744211 -0.2083474 -5.02467e-5 -0.08677788 -0.2083474 -5.02467e-5 -0.1773331 -0.2433366 -5.01871e-5 -0.1773331 -0.2433371 0.02903268 -0.1773331 -0.2433366 -5.01871e-5 -0.08677788 -0.2083474 -5.02467e-5 -0.0867779 -0.2083479 0.02903339 -0.04429679 -0.1362881 -5.04867e-5 -0.04429679 -0.1362884 0.02903582 -0.05331159 0.0128066 -5.08308e-5 -0.05331159 0.01280602 0.0290392 -0.05523355 0.1551327 -5.11706e-5 -0.05523355 0.1551322 0.02904299 -0.09418793 0.219963 -5.13196e-5 -0.0941877 0.2199625 0.02904482 -0.1777954 0.2475996 -5.13345e-5 -0.1777954 0.2475991 0.02904506 -0.1777954 0.2475991 0.02904506 -0.1777954 0.2475996 -5.13345e-5 -0.261964 0.219963 -5.13196e-5 -0.2619638 0.2199625 0.02904482 -0.3008839 0.1551327 -5.11706e-5 -0.3008839 0.1551322 0.02904299 -0.3147556 0.0128066 -5.08308e-5 -0.3147556 0.01280602 0.0290392 -0.3260025 -0.1362881 -5.04867e-5 -0.3260025 -0.1362884 0.02903582 -0.2744211 -0.2083474 -5.02467e-5 -0.2744211 -0.2083479 0.02903339 -0.1773331 -0.2433366 -5.01871e-5 -0.1773331 -0.2433371 0.02903268 0.2744211 -0.2083474 -5.02467e-5 0.1773331 -0.2433366 -5.01871e-5 0.08677788 -0.2083474 -5.02467e-5 0.04429679 -0.1362881 -5.04798e-5 0.3260025 -0.1362881 -5.04798e-5 0.3147556 0.0128066 -5.08008e-5 0.05331159 0.0128066 -5.08008e-5 0.3008839 0.1551327 -5.11259e-5 0.05523355 0.1551327 -5.11259e-5 0.09418793 0.219963 -5.12749e-5 0.261964 0.219963 -5.12749e-5 0.1777954 0.2475996 -5.12898e-5 0.1233074 -0.1993487 1.137558 -0.123308 -0.1993487 1.137558 0 -0.2045182 1.16772 -0.227843 -0.1967574 1.06863 0.2278424 -0.1967574 1.06863 -0.2940096 -0.203769 0.9522776 0.294009 -0.203769 0.9522776 -0.3118297 -0.2261913 0.8000857 0.3118291 -0.2261913 0.8000857 -0.2886033 -0.2560102 0.6753401 0.2886027 -0.2560102 0.6753401 -0.2344849 -0.2844116 0.5762684 0.2344843 -0.2844116 0.5762684 -0.1283751 -0.3135096 0.5046846 0.1283746 -0.3135096 0.5046846 0 -0.3264116 0.4817611 0 0.3585711 0.371 0 0.3587435 0.412 0.1848893 0.299955 0.412 0.1855933 0.3004837 0.371 0.3034753 0.1829882 0.371 0.3061055 0.182845 0.412 0.3443049 1.1355e-5 0.371 0.3440433 1.1355e-5 0.412 0.3002684 -0.1731477 0.412 0.3000997 -0.1740173 0.371 0.1872183 -0.2907654 0.371 0.1854541 -0.2904876 0.412 0 -0.3427296 0.371 0 -0.3424004 0.412 -0.1854541 -0.2904876 0.412 -0.1872183 -0.2907654 0.371 -0.3002684 -0.1731477 0.412 -0.3000997 -0.1740173 0.371 -0.3443049 1.1355e-5 0.371 -0.3440434 1.1355e-5 0.412 -0.3061055 0.182845 0.412 -0.3034754 0.1829882 0.371 -0.1848893 0.299955 0.412 -0.1855933 0.3004837 0.371 0 0.3585711 0.371 0 0.3587435 0.412 0.3228664 -0.1585112 0.7382608 0.2429415 -0.271498 0.7463896 0.2122417 -0.2848616 0.6933514 0.3389629 -0.1374563 0.6720435 0.1999551 -0.294167 0.5649098 0.3536161 0 0.7267116 0.343164 -0.1804676 0.5706789 0.2035666 -0.2929602 0.5011344 0 -0.3372815 0.4994802 0.3750785 -0.1460101 0.5738099 0.3607919 -0.142733 0.4891783 0.3788101 -0.1082335 0.6468778 0.3847541 -0.1094525 0.5052149 0.3576269 0 0.6911216 0.3849434 0 0.6731219 0.3375911 0.1333504 0.6621465 0.3143117 0.1423232 0.7156787 0.3810703 0.1089301 0.6453787 0.195876 0.2809397 0.6722654 0.1959879 0.2816053 0.7056578 0.3443055 0.1734431 0.572625 0.3782459 0.146056 0.5753446 0 0.3455459 0.6689957 0 0.3516656 0.7018298 0.1982875 0.3000872 0.6138551 0 0.3638436 0.6125035 0 0.3762429 0.5144183 0.2074438 0.3093029 0.5132593 0.3603979 0.1415368 0.4891174 0.3861109 0.1125178 0.5037929 0.3944499 -7.10868e-6 0.484071 0.2094145 0.3300106 0.4425038 0 0.3965834 0.4487281 0 0.3587435 0.412 0.1848893 0.299955 0.412 0.3463033 0.1908655 0.4236735 0.3061055 0.182845 0.412 0.3440433 1.1355e-5 0.412 0.3826873 1.1355e-5 0.4214312 0.3889345 0 0.4650338 0.3467979 -0.1776783 0.4285043 0.3002684 -0.1731477 0.412 0.207178 -0.3092948 0.4746719 0.2102293 -0.3177505 0.4400541 0.1854541 -0.2904876 0.412 0 -0.3424004 0.412 0 -0.3706254 0.4563977 0 -0.3567107 0.4829711 -0.2102293 -0.3177505 0.4400541 -0.1854541 -0.2904876 0.412 -0.3002684 -0.1731477 0.412 -0.2071781 -0.3092948 0.4746719 -0.3467979 -0.1776783 0.4285043 -0.3440434 1.1355e-5 0.412 -0.2035666 -0.2929602 0.5011344 -0.1999552 -0.294167 0.5649098 -0.3607919 -0.142733 0.4891783 -0.3826873 1.1355e-5 0.4214312 -0.343164 -0.1804676 0.5706789 -0.3389629 -0.1374563 0.6720435 -0.2122417 -0.2848616 0.6933514 -0.3750785 -0.1460101 0.5738099 -0.3228664 -0.1585112 0.7382608 -0.2429415 -0.271498 0.7463896 -0.3536161 0 0.7267116 -0.3847541 -0.1094525 0.5052149 -0.3788102 -0.1082335 0.6468778 -0.3889345 0 0.4650338 -0.3944499 -7.10861e-6 0.484071 -0.3576269 0 0.6911216 -0.3849434 0 0.6731219 -0.3375911 0.1333504 0.6621465 -0.3143117 0.1423232 0.7156787 -0.3810703 0.1089301 0.6453787 -0.195876 0.2809397 0.6722654 -0.1959879 0.2816053 0.7056578 -0.3443056 0.1734431 0.572625 -0.3782459 0.146056 0.5753446 0 0.3455459 0.6689957 0 0.3516656 0.7018298 -0.1982875 0.3000872 0.6138551 0 0.3638436 0.6125035 0 0.3762429 0.5144183 -0.2074438 0.3093029 0.5132593 -0.3603979 0.1415368 0.4891174 -0.3861109 0.1125178 0.5037929 -0.2094145 0.3300106 0.4425038 0 0.3965834 0.4487281 -0.3463033 0.1908655 0.4236735 -0.3061055 0.182845 0.412 -0.1848893 0.299955 0.412 0 0.3587435 0.412 -1.70226e-9 0.3848628 0.3174027 0 0.3585711 0.371 0.1855933 0.3004837 0.371 0.2025048 0.3212756 0.3160161 0.3034753 0.1829882 0.371 0.2157232 0.3453891 0.278 -3.95095e-9 0.41098 0.278 0.3229454 0.1935765 0.3178462 0.3716943 3.24261e-4 0.3183924 0.3443049 1.1355e-5 0.371 0.3543686 0.1986267 0.278 0.2246681 0.3551522 0.2147394 -5.17978e-9 0.4244889 0.2147394 0.3728557 0.2021632 0.2147394 0.2092262 0.3341557 0.181 -4.22709e-9 0.392396 0.181 0 0.3008314 0.3414408 0.1554641 0.2725934 0.3414408 0.2626298 0.1633198 0.3414408 0.349232 0.189123 0.181 0.2924521 -1.33968e-6 0.3414408 0.4231689 1.13424e-5 0.2147394 0.3972942 1.13431e-5 0.181 0.3382323 -0.1921357 0.181 0.2600828 -0.1634615 0.3414408 0.3606093 -0.2052136 0.2147394 0.4034514 0.001795832 0.278 0.1990851 -0.3363714 0.181 0.1473304 -0.2656429 0.3414408 0.3442515 -0.1998014 0.278 0.3186995 -0.1832415 0.3160161 0.3000997 -0.1740173 0.371 0.211094 -0.3402523 0.2752109 0.1942725 -0.3107739 0.3433349 0.1872183 -0.2907654 0.371 0.1995737 -0.3163438 0.3063697 0 -0.3427296 0.371 -9.90923e-9 -0.366228 0.2962651 0 -0.3595331 0.3417334 -0.1942726 -0.3107739 0.3433349 -0.1872183 -0.2907654 0.371 -0.3000997 -0.1740173 0.371 -0.3186996 -0.1832415 0.3160161 -0.3443049 1.1355e-5 0.371 -0.1995737 -0.3163438 0.3063697 -0.3716944 3.24257e-4 0.3183924 -0.3034754 0.1829882 0.371 -0.3442515 -0.1998014 0.278 -0.211094 -0.3402523 0.2752109 -1.99649e-8 -0.394779 0.2683885 -0.3606093 -0.2052136 0.2147394 0.2152898 -0.3591296 0.2142162 -0.2152898 -0.3591295 0.2142162 -2.43632e-8 -0.4171185 0.2147394 -2.35033e-8 -0.3931926 0.181 0 -0.3013577 0.3414408 -0.1473304 -0.2656429 0.3414408 -0.1990851 -0.3363713 0.181 -0.2600828 -0.1634615 0.3414408 -0.3382323 -0.1921357 0.181 -0.2924522 -1.33968e-6 0.3414408 -0.3972942 1.13405e-5 0.181 -0.4231689 1.13399e-5 0.2147394 -0.349232 0.189123 0.181 -0.2626298 0.1633198 0.3414408 -0.4034514 0.001795827 0.278 -0.3543686 0.1986268 0.278 -0.3728557 0.2021632 0.2147394 -0.3229455 0.1935765 0.3178462 -0.2157232 0.3453891 0.278 -0.2025048 0.3212756 0.3160161 -0.1855933 0.3004837 0.371 -1.70226e-9 0.3848628 0.3174027 0 0.3585711 0.371 -3.95095e-9 0.41098 0.278 -0.2246681 0.3551522 0.2147394 -5.17978e-9 0.4244889 0.2147394 -0.2092262 0.3341557 0.181 -4.22709e-9 0.392396 0.181 -0.1554641 0.2725934 0.3414408 0 0.3008314 0.3414408 0.0803484 0.0321734 0.206305 0.05764666 0.01989666 0.2367685 0.07739829 0.1514142 0.2063095 0.05239784 0.1695239 0.2367736 0.09364607 0.1445684 0.2666501 0.09713043 0.04420526 0.2666466 0.1775679 0.2377084 0.2367746 0.1776007 0.2221373 0.2063103 0.178217 0.0936296 0.1900131 0.2783789 0.1514142 0.2063095 0.1776007 0.1901523 0.2666508 0.2621027 0.1445684 0.2666501 0.3034984 0.1695239 0.2367736 0.3046689 0.01991929 0.2367685 0.2812558 0.03220844 0.206305 0.2628883 0.04421511 0.2666467 0.1777694 -0.0461358 0.2367675 0.1776007 -0.02373698 0.2063042 0.0803484 0.0321734 0.206305 0.05764666 0.01989666 0.2367685 0.1776007 -0.003664821 0.266646 0.09713043 0.04420526 0.2666466 -0.0803484 0.03217338 0.206305 -0.07739829 0.1514142 0.2063094 -0.05764666 0.01989664 0.2367685 -0.05239784 0.1695239 0.2367736 -0.09364607 0.1445684 0.2666501 -0.09713043 0.04420525 0.2666466 -0.1775679 0.2377084 0.2367746 -0.1776007 0.2221373 0.2063103 -0.178217 0.09362959 0.1900131 -0.2783789 0.1514142 0.2063095 -0.1776007 0.1901523 0.2666508 -0.2621027 0.1445684 0.2666501 -0.3034984 0.1695239 0.2367736 -0.3046689 0.01991928 0.2367684 -0.2812558 0.03220843 0.206305 -0.2628883 0.04421511 0.2666467 -0.1777694 -0.04613583 0.2367675 -0.1776007 -0.023737 0.2063042 -0.0803484 0.03217338 0.206305 -0.05764666 0.01989664 0.2367685 -0.1776007 -0.003664851 0.2666459 -0.09713043 0.04420525 0.2666466 -0.2429415 -0.271498 0.7463896 -0.2468248 -0.2671638 0.768918 -0.3366703 -0.1643971 0.7609491 -0.3228664 -0.1585112 0.7382608 -0.2545738 -0.2454252 0.8860343 -0.3735946 0.001623333 0.7494121 -0.3536161 0 0.7267116 -0.3354164 -0.153703 0.8778455 -0.254565 -0.23889 0.9064606 -0.321304 -0.1425052 0.8980021 -0.3733207 0.008117318 0.8668284 -0.3533658 0.009741008 0.8872329 -0.3330105 0.1518209 0.7377995 -0.3143117 0.1423232 0.7156787 -0.334453 0.158514 0.8565803 -0.3153688 0.1585976 0.8772745 -0.2063979 0.2955015 0.7283894 -0.1959879 0.2816053 0.7056578 -0.2060356 0.2962958 0.847442 -0.1974805 0.2870268 0.8676522 0 0.3516656 0.7018298 0 0.3525081 0.8639606 0 0.3721703 0.7262131 0 0.3751139 0.8414458 0.2063979 0.2955015 0.7283894 0.1959879 0.2816053 0.7056578 0.3143117 0.1423232 0.7156787 0.2060358 0.2962957 0.8474416 0.1974805 0.2870268 0.8676522 0.3153687 0.1585976 0.8772745 0.3328246 0.1518209 0.7377995 0.3536161 0 0.7267116 0.334453 0.158514 0.8565803 0.3533657 0.009741008 0.8872329 0.3735945 0.001623333 0.7494121 0.3228664 -0.1585112 0.7382608 0.3733207 0.008117318 0.8668284 0.321304 -0.1425052 0.8980021 0.3366702 -0.1643971 0.7609491 0.2429415 -0.271498 0.7463896 0.2468248 -0.2671638 0.768918 0.2545738 -0.2454252 0.8860343 0.3354163 -0.153703 0.8778455 0.2545649 -0.23889 0.9064606 0.2545649 -0.23889 0.9064606 0.321304 -0.1425052 0.8980021 0.291445 -0.08839786 1.038122 0.3533657 0.009741008 0.8872329 0.1819244 -0.2163715 1.072169 0.3176304 0.04352784 1.008515 0.3153687 0.1585976 0.8772745 0.1700123 -0.1279202 1.156983 0.2815706 0.1779444 0.9673901 0.1974805 0.2870268 0.8676522 0.2552649 0.02781403 1.131175 0.2729915 0.1238514 1.081173 0.1825402 0.2876632 0.9432383 0 0.3525081 0.8639606 0 0.3458079 0.9295176 0.2335796 0.2229715 1.02686 0.1510016 0.2826694 0.9970359 1.94481e-15 0.3170085 0.9906403 0.2086522 0.2672102 1.072102 0.1420869 0.3100696 1.020738 1.01657e-14 0.3555042 1.010808 0.2109902 0.2150533 1.137721 0.1230123 0.3640755 1.043754 0.1699349 0.3273703 1.120416 0.07465313 0.4378964 1.056829 1.61341e-14 0.4378964 1.04297 0.1114604 0.4378964 1.110277 0.03966095 0.5108939 1.081607 1.67448e-14 0.5108939 1.070546 1.73755e-14 0.5350826 1.109825 0.05693004 0.5108939 1.111318 0.04143668 0.5108939 1.149737 1.80306e-14 0.5108939 1.161026 0.07613213 0.4367058 1.171452 1.82654e-14 0.4361401 1.193317 0.1126052 0.2805158 1.20399 -0.04143671 0.5108939 1.149737 1.73755e-14 0.5350826 1.109825 0.1401876 0.1185334 1.215408 1.33501e-14 0.2696475 1.23105 0.1564096 -0.02113835 1.201592 9.37308e-15 0.1069883 1.242024 2.24081e-15 -0.05554768 1.230176 0 -0.1814481 1.179129 0 -0.2687362 1.103141 -0.1819244 -0.2163715 1.072169 -0.1700123 -0.1279202 1.156983 -0.1564097 -0.02113835 1.201592 -0.1401876 0.1185334 1.215408 -0.2552649 0.02781403 1.131175 -0.291445 -0.08839786 1.038122 -0.254565 -0.23889 0.9064606 -0.321304 -0.1425052 0.8980021 -0.3533658 0.009741008 0.8872329 -0.3176305 0.04352784 1.008515 -0.3153688 0.1585976 0.8772745 -0.2815706 0.1779444 0.9673901 -0.1974805 0.2870268 0.8676522 -0.2729915 0.1238514 1.081173 -0.1825403 0.2876632 0.9432383 0 0.3525081 0.8639606 0 0.3458079 0.9295176 -0.2335796 0.2229715 1.02686 -0.1510016 0.2826694 0.9970359 1.94481e-15 0.3170085 0.9906403 -0.2086522 0.2672102 1.072102 -0.1420869 0.3100695 1.020738 1.01657e-14 0.3555042 1.010808 -0.2109902 0.2150533 1.137721 -0.1230123 0.3640755 1.043754 -0.1699349 0.3273703 1.120416 -0.1126053 0.2805158 1.20399 -0.07613216 0.4367058 1.171452 -0.1114605 0.4378964 1.110277 -0.05693007 0.5108939 1.111318 -0.07465316 0.4378964 1.056829 1.61341e-14 0.4378964 1.04297 -0.03966098 0.5108939 1.081607 1.67448e-14 0.5108939 1.070546 0 -0.4510218 0.6436367 0 -0.4311702 0.6420639 0.01769348 -0.4482151 0.6356561 -0.01769406 -0.4482151 0.6356561 0.01520329 -0.4286684 0.6346814 -0.01520387 -0.4286684 0.6346814 0.02569213 -0.4402771 0.612331 -0.02569271 -0.4402771 0.612331 0.02124904 -0.4218185 0.6129638 -0.02124962 -0.4218185 0.6129638 0.01888605 -0.4306985 0.5911584 -0.01888663 -0.4306985 0.5911584 0.01564352 -0.4117993 0.5930784 -0.0156441 -0.4117993 0.5930784 0 -0.4268811 0.5811739 0 -0.4070986 0.5839499 0.1184787 -0.4446318 0.7877461 0.1638482 -0.4276006 0.7985461 0.1132126 -0.4239077 0.7862692 0.06910565 -0.4520141 0.8106123 0.1582083 -0.4077216 0.7970785 0.1944483 -0.4051347 0.846199 0.06595184 -0.4313351 0.8087035 0.03978263 -0.4251555 0.8539016 0.04239553 -0.4456259 0.862758 0.1862104 -0.387082 0.8417326 0.03007625 -0.4068095 0.9275673 0.03230752 -0.4273993 0.9341158 0.04374271 -0.4009804 1.003324 0.2020702 -0.3611228 0.9115186 0.2108803 -0.3812378 0.9188973 0.1978656 -0.3576491 0.9926755 0.04020653 -0.381218 0.9934022 0.1897153 -0.338746 0.9823846 0.07002362 -0.3536774 1.036249 0.07417894 -0.3687856 1.048074 0.1595764 -0.3287965 1.02831 0.1651012 -0.3455009 1.038534 0.1159562 -0.3348682 1.049166 0.1201029 -0.3507819 1.05988 -0.1184793 -0.4446318 0.7877461 -0.1132132 -0.4239077 0.7862692 -0.1638488 -0.4276006 0.7985461 -0.06910623 -0.4520141 0.8106123 -0.1582088 -0.4077216 0.7970785 -0.1944489 -0.4051347 0.846199 -0.06595242 -0.4313351 0.8087035 -0.04239611 -0.4456259 0.862758 -0.1862109 -0.387082 0.8417326 -0.03978322 -0.4251553 0.8539016 -0.03007683 -0.4068095 0.9275673 -0.03230811 -0.4273993 0.9341158 -0.04374329 -0.4009804 1.003324 -0.2020708 -0.3611228 0.9115186 -0.2108809 -0.3812378 0.9188973 -0.1978661 -0.3576491 0.9926755 -0.04020711 -0.381218 0.9934022 -0.1897159 -0.338746 0.9823846 -0.0700242 -0.3536774 1.036249 -0.07417952 -0.3687856 1.048074 -0.159577 -0.3287965 1.02831 -0.1651018 -0.3455009 1.038534 -0.1159568 -0.3348682 1.049166 -0.1201035 -0.3507819 1.05988 0.2924521 -1.33968e-6 0.3414408 0.2600828 -0.1634615 0.3414408 0 -1.21742e-5 0.2325412 0.2626298 0.1633198 0.3414408 0.1473304 -0.2656429 0.3414408 0.1554641 0.2725934 0.3414408 0 -0.3013577 0.3414408 0 0.3008314 0.3414408 -0.1473304 -0.2656429 0.3414408 -0.1554641 0.2725934 0.3414408 -0.2600828 -0.1634615 0.3414408 -0.2626298 0.1633198 0.3414408 -0.2924522 -1.33968e-6 0.3414408 0.4939885 1.37765e-6 0.4948764 0.4697083 -0.09575549 0.5139033 0.3944499 -7.10868e-6 0.484071 0.3847541 -0.1094525 0.5052149 0.5182687 -0.08428224 0.5195946 0.6014119 -2.80142e-6 0.5127556 0.4697082 -0.129989 0.5765556 0.3750785 -0.1460101 0.5738099 0.3788101 -0.1082335 0.6468778 0.518269 -0.1199866 0.57665 0.4697083 -0.09138203 0.6384692 0.3849434 0 0.6731219 0.6014119 -0.0932681 0.5763255 0.4939885 1.37765e-6 0.6609418 0.5182687 -0.08224966 0.6334922 0.3810703 0.1089301 0.6453787 0.6014119 -0.06411839 0.5288123 0.6433502 -0.03844225 0.5445033 0.6433502 0 0.5349942 0.6619998 0 0.576324 0.6433501 -0.05628318 0.5762527 0.6014119 -0.06354439 0.6217591 0.6433502 -0.03844231 0.6044218 0.6014119 -2.80142e-6 0.6416254 0.6433501 0 0.6171297 0.6433501 0.03864068 0.6044218 0.6433501 0.05648142 0.5762528 0.6014119 0.06374282 0.6217591 0.5182688 0.08244798 0.6334922 0.4697084 0.09093091 0.6384692 0.6014119 0.09346652 0.5763255 0.5182687 0.1201851 0.5766498 0.4697081 0.1295379 0.5765557 0.3782459 0.146056 0.5753446 0.3861109 0.1125178 0.5037929 0.4697083 0.09530443 0.5139032 0.3944499 -7.10868e-6 0.484071 0.4939885 1.37765e-6 0.4948764 0.5182687 0.08448069 0.5195946 0.6014119 -2.80142e-6 0.5127556 0.6014119 0.06431687 0.5288123 0.6433501 0.03864068 0.5445033 0.6433502 0 0.5349942 -0.3750785 -0.1460101 0.5738099 -0.3788102 -0.1082335 0.6468778 -0.4697083 -0.129989 0.5765556 -0.3847541 -0.1094525 0.5052149 -0.4697083 -0.09138203 0.6384692 -0.3849434 0 0.6731219 -0.4697083 -0.09575549 0.5139033 -0.3944499 -7.10861e-6 0.484071 -0.4939886 1.37765e-6 0.4948764 -0.5182691 -0.1199866 0.57665 -0.5182688 -0.08428224 0.5195946 -0.6014119 -2.80142e-6 0.5127556 -0.5182687 -0.08224966 0.6334922 -0.6014119 -0.0932681 0.5763255 -0.6014119 -0.06411839 0.5288123 -0.6433502 -0.03844225 0.5445033 -0.6433502 0 0.5349942 -0.6619998 0 0.576324 -0.6433501 -0.05628318 0.5762527 -0.6014119 -0.06354439 0.6217591 -0.6433502 -0.03844231 0.6044218 -0.6014119 -2.80142e-6 0.6416254 -0.4939885 1.37765e-6 0.6609418 -0.3810703 0.1089301 0.6453787 -0.6433501 0 0.6171297 -0.6433501 0.03864068 0.6044218 -0.5182689 0.08244798 0.6334922 -0.6014119 0.06374282 0.6217591 -0.6433501 0.05648142 0.5762528 -0.4697085 0.09093091 0.6384692 -0.6014119 0.09346652 0.5763255 -0.5182687 0.1201851 0.5766498 -0.4697082 0.1295379 0.5765557 -0.3782459 0.146056 0.5753446 -0.3861109 0.1125178 0.5037929 -0.4697083 0.09530443 0.5139032 -0.3944499 -7.10861e-6 0.484071 -0.4939886 1.37765e-6 0.4948764 -0.5182687 0.08448069 0.5195946 -0.6014119 -2.80142e-6 0.5127556 -0.6014119 0.06431687 0.5288123 -0.6433501 0.03864068 0.5445033 -0.6433502 0 0.5349942 0.3260025 -0.1362884 0.02903583 0.3147556 0.01280602 0.02903923 0.3390586 0.01154576 0.08631846 0.3008839 0.1551322 0.02904302 0.350109 -0.1413735 0.08637563 0.2744211 -0.2083479 0.02903339 0.3261494 0.1633742 0.08645502 0.2619638 0.2199625 0.02904485 0.2913349 -0.2340478 0.08637401 0.1773331 -0.2433371 0.02903268 0.2722936 0.2400864 0.08704299 0.1777954 0.2475991 0.02904509 0.3106676 0.1639999 0.1604302 0.3265054 0.00756892 0.1678021 0.3335011 -0.145272 0.1689661 0.2792441 -0.2311432 0.1665645 0.2783789 0.1514142 0.2063095 0.1773673 -0.2778203 0.08635786 0.2605615 0.2300743 0.1616769 0.2812558 0.03220844 0.206305 0.1776007 0.2221373 0.2063103 0.255276 -0.04606649 0.2073692 0.1776007 -0.02373698 0.2063042 0.1777954 0.2584146 0.1609953 0.262742 -0.1472678 0.223931 0.1777954 0.2777017 0.08535257 0.09381814 0.2300731 0.1616747 0.07739829 0.1514142 0.2063095 0.08316977 0.2400864 0.08704299 0.0941877 0.2199625 0.02904485 0.04393507 0.164 0.1604302 0.02930572 0.1633742 0.08645502 0.05523355 0.1551322 0.02904302 0.02698238 0.01154577 0.08631846 0.05331159 0.01280602 0.02903923 0.04429679 -0.1362884 0.02903583 0.03627997 0.007182188 0.1653632 0.0803484 0.0321734 0.206305 0.02005367 -0.1413735 0.08637563 0.0867779 -0.2083479 0.02903339 0.1055172 -0.04513638 0.2057811 0.07083319 -0.2340478 0.086374 0.03660496 -0.145272 0.1689661 0.1007639 -0.1472678 0.223931 0.08147852 -0.2311431 0.1665645 0.1773331 -0.1517243 0.2396276 0.1773331 -0.2329965 0.2154583 0.1773331 -0.270686 0.1688567 0.1201029 -0.3507819 1.05988 0.1651012 -0.3455009 1.038534 0.1126375 -0.3090705 1.108453 0.07417894 -0.3687856 1.048074 0.2000173 -0.2647729 1.086914 0.1978656 -0.3576491 0.9926755 0 -0.3206329 1.124025 0.2649334 -0.2981295 0.9713548 0.2108803 -0.3812378 0.9188973 0.1089856 -0.2446052 1.142558 0.2278424 -0.1967574 1.06863 0.1233074 -0.1993487 1.137558 0.294009 -0.203769 0.9522776 0 -0.2045182 1.16772 0.2890503 -0.3286386 0.8212568 0.3118291 -0.2261913 0.8000857 0.1944483 -0.4051347 0.846199 0.2886027 -0.2560102 0.6753401 0 -0.2418172 1.167225 -0.1089861 -0.2446052 1.142558 -0.123308 -0.1993487 1.137558 -0.1126381 -0.3090705 1.108453 -0.2000179 -0.2647729 1.086914 -0.227843 -0.1967574 1.06863 -0.07417952 -0.3687856 1.048074 -0.1201035 -0.3507819 1.05988 -0.1651018 -0.3455009 1.038534 -0.1978661 -0.3576491 0.9926755 0 -0.3830676 1.051923 -0.04374329 -0.4009804 1.003324 0.04374271 -0.4009804 1.003324 0 -0.433375 0.9367684 -0.03230811 -0.4273993 0.9341158 0.03230752 -0.4273993 0.9341158 -0.04239611 -0.4456259 0.862758 0.04239553 -0.4456259 0.862758 0 -0.4594243 0.8261649 -0.06910623 -0.4520141 0.8106123 0.06910565 -0.4520141 0.8106123 0 -0.461606 0.7159372 -0.1184793 -0.4446318 0.7877461 0.1184787 -0.4446318 0.7877461 -0.1605281 -0.433965 0.7099568 -0.1638488 -0.4276006 0.7985461 -0.1944489 -0.4051347 0.846199 0.1605275 -0.433965 0.7099568 0.1638482 -0.4276006 0.7985461 0.2673921 -0.3457381 0.6945923 0.2344843 -0.2844116 0.5762684 0.2192464 -0.3538744 0.5899285 0.1283746 -0.3135096 0.5046846 0.1136077 -0.3521197 0.5120326 0 -0.3264116 0.4817611 0.1410479 -0.4171958 0.6080836 0.02569213 -0.4402771 0.612331 0.01769348 -0.4482151 0.6356561 0.01888605 -0.4306985 0.5911584 0 -0.4510218 0.6436367 -0.01769406 -0.4482151 0.6356561 -0.02569271 -0.4402771 0.612331 0 -0.4013821 0.5349287 0 -0.4268811 0.5811739 -0.01888663 -0.4306985 0.5911584 -0.1410485 -0.4171958 0.6080836 0 -0.3616867 0.488023 -0.1136083 -0.3521197 0.5120326 -0.1283751 -0.3135096 0.5046846 -0.219247 -0.3538744 0.5899285 -0.2344849 -0.2844116 0.5762684 -0.2673927 -0.3457381 0.6945923 -0.2886033 -0.2560102 0.6753401 -0.2890509 -0.3286386 0.8212568 -0.3118297 -0.2261913 0.8000857 -0.2108809 -0.3812378 0.9188973 -0.2940096 -0.203769 0.9522776 -0.264934 -0.2981295 0.9713548 -0.3147556 0.01280602 0.0290392 -0.3260025 -0.1362884 0.02903582 -0.3390586 0.01154576 0.08631843 -0.3008839 0.1551322 0.02904299 -0.350109 -0.1413735 0.08637562 -0.2744211 -0.2083479 0.02903339 -0.3261494 0.1633742 0.08645499 -0.2619638 0.2199625 0.02904482 -0.2913349 -0.2340478 0.08637401 -0.1773331 -0.2433371 0.02903268 -0.2722936 0.2400864 0.08704293 -0.1777954 0.2475991 0.02904506 -0.3106676 0.1639999 0.1604302 -0.3265054 0.007568911 0.1678021 -0.3335011 -0.145272 0.1689661 -0.2792441 -0.2311432 0.1665645 -0.2783789 0.1514142 0.2063095 -0.1773673 -0.2778203 0.08635786 -0.2605615 0.2300743 0.1616769 -0.2812558 0.03220843 0.206305 -0.1776007 0.2221373 0.2063103 -0.255276 -0.04606651 0.2073691 -0.1776007 -0.023737 0.2063042 -0.1777954 0.2584146 0.1609952 -0.09381814 0.2300731 0.1616747 -0.07739829 0.1514142 0.2063094 -0.1777954 0.2777018 0.08535257 -0.08316977 0.2400864 0.08704296 -0.0941877 0.2199625 0.02904482 -0.04393507 0.164 0.1604302 -0.02930572 0.1633742 0.08645499 -0.05523355 0.1551322 0.02904299 -0.02698238 0.01154576 0.08631843 -0.05331159 0.01280602 0.0290392 -0.04429679 -0.1362884 0.02903582 -0.03627997 0.007182179 0.1653631 -0.0803484 0.03217338 0.206305 -0.02005367 -0.1413735 0.08637562 -0.0867779 -0.2083479 0.02903339 -0.1055172 -0.04513639 0.2057811 -0.07083319 -0.2340478 0.086374 -0.03660496 -0.145272 0.1689661 -0.1007639 -0.1472678 0.223931 -0.1773331 -0.1517243 0.2396276 -0.08147852 -0.2311431 0.1665645 -0.1773331 -0.2329965 0.2154583 -0.1773331 -0.270686 0.1688567 -0.262742 -0.1472678 0.223931 -0.02135797 -0.4333944 0.6472778 0.02244242 -0.40872 0.5814395 0.02135795 -0.4333944 0.6472778 -0.02244243 -0.40872 0.5814395 0.07286057 -0.3427726 0.4240282 0.07286058 -0.3427725 0.3542391 0.07963508 -0.3129442 0.4254296 0.07963508 -0.3129442 0.3528376 0.1780644 0.231941 0.2571647 0.04478833 0.09932905 0.2571617 0.1795318 -0.03882119 0.2571585 0.3076627 0.09932905 0.2571617 -0.07286057 -0.3427726 0.4240282 -0.07963508 -0.3129442 0.4254296 -0.07286058 -0.3427725 0.3542391 -0.07963508 -0.3129442 0.3528376 -0.1795318 -0.03882122 0.2571585 -0.04478833 0.09932905 0.2571617 -0.1780644 0.2318991 0.2571647 -0.3076627 0.09932905 0.2571617 0 -0.2103159 1.176712 0.1212087 -0.2009948 1.149131 -0.1212087 -0.2009948 1.149131 0.2422341 -0.1984882 1.059955 -0.2422341 -0.1984882 1.059955 0.3070321 -0.210264 0.9102025 -0.3070321 -0.210264 0.9102025 0.3109632 -0.2338583 0.7703485 -0.3109632 -0.2338585 0.7703485 0.2850978 -0.2615174 0.6596327 -0.2850978 -0.2615174 0.6596327 0.2324324 -0.2906632 0.5732007 -0.2324325 -0.2906632 0.5732007 0.1450877 -0.3123426 0.5070064 -0.1450877 -0.3123426 0.5070064 0 -0.3285294 0.4768741 -0.3454305 -0.1501046 0.8991506 -0.2863519 -0.2699844 0.7441131 -0.2798255 -0.246899 0.9062672 -0.3449526 -0.1628906 0.7370038 -0.3798655 0.003138304 0.8892481 -0.3776161 -7.94649e-4 0.7274226 -0.3275305 0.1820801 0.8765768 -0.3223561 0.1734857 0.7153887 -0.1856553 0.3200456 0.8686963 -0.1829048 0.3202441 0.7060192 0 0.3781937 0.8656541 0 0.3775061 0.7027785 0.1829048 0.3202441 0.7060192 0.1856553 0.3200456 0.8686963 0.3223562 0.1734857 0.7153886 0.3275305 0.1820801 0.8765768 0.3776161 -7.94649e-4 0.7274226 0.3798655 0.003138304 0.8892481 0.3449526 -0.1628906 0.7370038 0.3454305 -0.1501046 0.8991506 0.2863519 -0.2699844 0.7441131 0.2798255 -0.246899 0.9062672 0.08741358 -0.2325588 0 0.2740013 -0.2325588 0 0.0836103 -0.2347616 0.0290743 0.2781935 -0.2347616 0.0290743 0.3301234 -0.1046959 3.60427e-9 0.33645 -0.1054491 0.02934356 0.2850191 0.2401236 0.02907431 0.2815312 0.2401188 1.49012e-8 0.0746977 0.2401188 1.49012e-8 0.07088116 0.2401236 0.02907431 0 0.3560353 0.371 0 0.3554115 0.412 0.1737808 0.3072113 0.412 0.1765263 0.3066158 0.371 0.3021813 0.1782843 0.371 0.3022629 0.1750004 0.412 0.3447625 -2.70293e-4 0.371 0.3420428 -4.13994e-4 0.412 0.2936395 -0.1687445 0.412 0.2978059 -0.1719041 0.371 0.1828013 -0.2935868 0.371 0.177242 -0.2907716 0.412 0 -0.3406243 0.371 0 -0.3386221 0.412 -0.177242 -0.2907716 0.412 -0.1828013 -0.2935868 0.371 -0.2936395 -0.1687445 0.412 -0.2978058 -0.171904 0.371 -0.3447625 -2.7029e-4 0.371 -0.3420428 -4.13999e-4 0.412 -0.3022629 0.1750004 0.412 -0.3021813 0.1782843 0.371 -0.1737808 0.3072113 0.412 -0.1765263 0.3066158 0.371 0 0.3560353 0.371 0 0.3554115 0.412 0.07286057 -0.3427726 0.4240282 0 -0.3545369 0.4256999 0.07286058 -0.3427725 0.3542391 0 -0.3545369 0.3525674 -0.07286058 -0.3427725 0.3542391 -0.07286057 -0.3427726 0.4240282 0.08741358 -0.2325588 0 0.03788838 -0.1046959 3.60427e-9 0.2740013 -0.2325588 0 0.3301234 -0.1046959 3.60427e-9 0.2815312 0.2401188 1.49012e-8 0.0746977 0.2401188 1.49012e-8 0.05427659 0.09792531 0.2062598 0.04478833 0.09932905 0.2571617 0.1778296 0.221949 0.2091738 0.1780644 0.231941 0.2571647 0.3076627 0.09932905 0.2571617 0.2984874 0.09792531 0.2062598 0.179082 -0.02841924 0.2092112 0.1795318 -0.03882119 0.2571585 0.04478833 0.09932905 0.2571617 0.05427659 0.09792531 0.2062598 -0.07469776 0.2401188 -2.98023e-8 -0.03788838 -0.1046959 -5.96046e-9 -0.2815312 0.2401188 -2.98023e-8 -0.3301234 -0.1046959 -5.96046e-9 -0.2740013 -0.232559 0 -0.08741358 -0.232559 0 -0.05427659 0.0979253 0.2062598 -0.04478833 0.09932905 0.2571617 -0.1790821 -0.02841926 0.2092112 -0.1795318 -0.03882122 0.2571585 -0.3076627 0.09932905 0.2571617 -0.2984874 0.09792524 0.2062598 -0.1778296 0.2219423 0.2091752 -0.1780644 0.2318991 0.2571647 -0.04478833 0.09932905 0.2571617 -0.05427659 0.0979253 0.2062598 0.0746977 0.2401188 1.49012e-8 0.03788838 -0.1046959 3.60427e-9 0.07088116 0.2401236 0.02907431 0.0336871 -0.105 0.02874422 0.0836103 -0.2347616 0.0290743 0.08741358 -0.2325588 0 -0.07469776 0.2401188 -2.98023e-8 -0.07088121 0.2401236 0.02907428 -0.03788838 -0.1046959 -5.96046e-9 -0.0336871 -0.105 0.02874422 -0.0836103 -0.2347617 0.0290743 -0.08741358 -0.232559 0 -0.2740013 -0.232559 0 -0.2781935 -0.2347617 0.0290743 -0.2850191 0.2401236 0.02907428 -0.07088121 0.2401236 0.02907428 -0.07469776 0.2401188 -2.98023e-8 -0.2815312 0.2401188 -2.98023e-8 -0.3301234 -0.1046959 -5.96046e-9 -0.33645 -0.1054491 0.02934355 -0.2781935 -0.2347617 0.0290743 -0.2740013 -0.232559 0 0 0.3534665 0.6665683 0 0.3775061 0.7027785 0.1829048 0.3202441 0.7060192 0.1848802 0.2958734 0.6690663 0.3223562 0.1734857 0.7153886 0.1931765 0.3155351 0.5510094 0 0.3744556 0.5518385 0.3277797 0.1938372 0.579041 0.3629398 0.1112869 0.6562501 0.3776161 -7.94649e-4 0.7274226 0.3659472 -0.004104713 0.6918296 0.3551522 -0.1160266 0.6582824 0.3449526 -0.1628906 0.7370038 0.2738443 -0.2533268 0.6430535 0.2863519 -0.2699844 0.7441131 0.3662439 -0.1675367 0.5748319 0.1533012 -0.3061512 0.6464105 0.199658 -0.2960417 0.5003114 0 -0.3372815 0.4994802 0.3530466 -0.1720994 0.4960522 0.3753465 -0.1057334 0.4930086 0.3454688 -0.1861119 0.4307699 0 -0.3745826 0.4490502 0.2093649 -0.3181686 0.4335914 0.177242 -0.2907716 0.412 0 -0.3386221 0.412 0.2936395 -0.1687445 0.412 -0.2093649 -0.3181686 0.4335911 -0.177242 -0.2907716 0.412 0.3875396 -5.22435e-4 0.4290515 0.3420428 -4.13994e-4 0.412 0.39079 0.001211911 0.4721533 0.3022629 0.1750004 0.412 0.3781577 0.113413 0.4952552 0.3472924 0.1952626 0.4419177 0.1737808 0.3072113 0.412 0.2026594 0.3371398 0.4476268 0 0.3554115 0.412 0 0.3977127 0.4518125 -0.3454688 -0.1861119 0.4307699 -0.2936395 -0.1687445 0.412 -0.199658 -0.2960417 0.5003114 -0.1533012 -0.3061512 0.6464105 -0.3875396 -5.22435e-4 0.4290515 -0.3420428 -4.13999e-4 0.412 -0.3022629 0.1750004 0.412 -0.2738443 -0.2533268 0.6430535 -0.2863519 -0.2699844 0.7441131 -0.3449526 -0.1628906 0.7370038 -0.3551522 -0.1160265 0.6582824 -0.3776161 -7.94649e-4 0.7274226 -0.3662442 -0.1675367 0.5748319 -0.3659472 -0.004104713 0.6918296 -0.3629398 0.1112869 0.6562501 -0.3223561 0.1734857 0.7153887 -0.3278164 0.1937995 0.5790418 -0.3530469 -0.1720994 0.4960521 -0.3753468 -0.1057334 0.4930086 -0.3907902 0.001211917 0.4721533 -0.3780955 0.1134823 0.4950482 -0.3472924 0.1952626 0.4419177 -0.1737808 0.3072113 0.412 -0.1848803 0.2958734 0.6690663 -0.1829048 0.3202441 0.7060192 -0.1931766 0.3155351 0.5510094 -0.2026596 0.3371398 0.4476268 0 0.3554115 0.412 0 0.3977127 0.4518125 0 0.3744556 0.5518385 0 0.3534665 0.6665683 0 0.3775061 0.7027785 0.39079 0.001211911 0.4721533 0.3781577 0.113413 0.4952552 0.418491 6.23812e-4 0.4828745 0.3787603 0.1546677 0.5788876 0.3277797 0.1938372 0.579041 0.3629398 0.1112869 0.6562501 0.4653345 0.13892 0.5727967 0.4858497 4.22358e-4 0.4852495 0.4008802 -0.00301134 0.6778085 0.3659472 -0.004104713 0.6918296 0.3551522 -0.1160266 0.6582824 0.4861002 -1.40702e-4 0.6731017 0.5073915 0.1313653 0.5740958 0.6406392 0.07573146 0.5715533 0.6402624 -1.93655e-4 0.5162962 0.6691526 1.04249e-4 0.5704364 0.6404412 -5.16772e-5 0.6341716 0.6406336 -0.07551438 0.5715505 0.6402624 -1.93655e-4 0.5162962 0.4858497 4.22358e-4 0.4852495 0.5073773 -0.1307006 0.5741779 0.4651634 -0.1381736 0.5730004 0.418491 6.23812e-4 0.4828745 0.4056709 -0.1479297 0.5730339 0.3662439 -0.1675367 0.5748319 0.3753465 -0.1057334 0.4930086 0.39079 0.001211911 0.4721533 -0.4184844 6.18671e-4 0.4828689 -0.3780955 0.1134823 0.4950482 -0.3907902 0.001211917 0.4721533 -0.3903976 0.1457835 0.5788814 -0.3278164 0.1937995 0.5790418 -0.3629398 0.1112869 0.6562501 -0.465053 0.1389618 0.5727779 -0.4857759 4.4531e-4 0.4852392 -0.4008737 -0.00301612 0.6778128 -0.3659472 -0.004104713 0.6918296 -0.3551522 -0.1160265 0.6582824 -0.4860696 -1.28098e-4 0.673107 -0.5073916 0.1313653 0.5740958 -0.6406392 0.07573149 0.5715533 -0.6402624 -1.93596e-4 0.5162963 -0.6691526 1.04249e-4 0.5704364 -0.6404413 -5.16176e-5 0.6341716 -0.6406336 -0.07551432 0.5715504 -0.6402624 -1.93596e-4 0.5162963 -0.4857759 4.4531e-4 0.4852392 -0.5073773 -0.1307005 0.5741779 -0.465163 -0.1381736 0.5730003 -0.4184844 6.18671e-4 0.4828689 -0.4056708 -0.1479297 0.5730339 -0.3662442 -0.1675367 0.5748319 -0.3753468 -0.1057334 0.4930086 -0.3907902 0.001211917 0.4721533 -4.53201e-9 0.4026678 0.1811655 0.2298812 0.2307378 0.2691199 0 0.3486971 0.2522894 0.2048952 0.3428876 0.1811652 0.2164932 0.3645811 0.2207363 -5.24921e-9 0.429657 0.2207363 0.3452626 0.2027147 0.1811652 0.3164737 -7.31553e-4 0.2691199 0.3659363 0.2164416 0.2207363 0.188643 0.3337856 0.3381286 -2.5169e-9 0.3781878 0.3381286 0 0.3560353 0.371 0.1765263 0.3066158 0.371 0.3187437 0.1907009 0.3381286 0.3021813 0.1782843 0.371 0.4227036 -0.001114354 0.2207363 0.3621702 -1.80313e-4 0.3381286 0.3447625 -2.70293e-4 0.371 0.3985446 -9.89977e-4 0.1811652 0.3677363 -0.197247 0.2207363 0.3157505 -0.1795675 0.3362498 0.2978059 -0.1719041 0.371 0.1828013 -0.2935868 0.371 0.3453536 -0.1844006 0.1811652 0.2272023 -0.2308265 0.2691199 0.2045926 -0.3631139 0.2207363 0.1891673 -0.3154321 0.3283767 0 -0.3406243 0.371 0.1920985 -0.3426466 0.1811652 -2.44985e-8 -0.4201916 0.2207363 -1.70299e-8 -0.3651928 0.3222772 -2.35403e-8 -0.3955195 0.1811655 0 -0.3429463 0.2691199 -0.2272023 -0.2308265 0.2691199 -0.1891673 -0.3154321 0.3283767 -0.1828013 -0.2935868 0.371 -0.1920985 -0.3426465 0.1811652 -0.2045926 -0.3631139 0.2207363 -0.315751 -0.1795675 0.3362497 -0.2978058 -0.171904 0.371 -0.3447625 -2.7029e-4 0.371 -0.3453536 -0.1844006 0.1811652 -0.3164737 -7.31556e-4 0.2691199 -0.3677363 -0.197247 0.2207363 -0.3621702 -1.80316e-4 0.3381286 -0.3021813 0.1782843 0.371 -0.3985446 -9.89982e-4 0.1811652 -0.4227037 -0.001114354 0.2207363 -0.3187437 0.1907009 0.3381286 -0.1765263 0.3066158 0.371 -0.3452626 0.2027147 0.1811652 -0.2298812 0.2307378 0.2691199 -0.3659363 0.2164416 0.2207363 -0.188643 0.3337857 0.3381286 0 0.3560353 0.371 -2.5169e-9 0.3781878 0.3381286 -5.24921e-9 0.429657 0.2207363 -0.2164932 0.3645811 0.2207363 -4.53201e-9 0.4026678 0.1811655 0 0.3486971 0.2522894 -0.2048952 0.3428876 0.1811652 0.1856553 0.3200456 0.8686963 0 0.3781937 0.8656541 0.1740143 0.2924787 0.9563655 0.3275305 0.1820801 0.8765768 0 0.3393562 0.9437218 0.2982021 0.1560651 0.9842561 0.3798655 0.003138304 0.8892481 0.1461425 0.2843537 1.010021 2.12253e-15 0.3117869 0.992198 1.64739e-14 0.4899745 1.055895 0.2400457 0.2156673 1.075718 0.0846776 0.4797961 1.108367 1.74924e-14 0.5542105 1.114012 0.2302332 0.1026044 1.161451 0.1248151 0.2847757 1.196693 1.82693e-14 0.4762554 1.185129 0.2956344 0.001701832 1.068709 0.3454305 -0.1501046 0.8991506 0.1351458 0.02181342 1.21398 0.2393212 -0.1765981 1.056135 0.2798255 -0.246899 0.9062672 0.1461394 -0.2492418 1.069947 0.1571547 -0.1323246 1.171919 0 -0.2827451 1.123866 1.3198e-14 0.2540579 1.233501 4.19268e-15 3.96535e-4 1.233253 0 -0.1623788 1.190206 -0.1571547 -0.1323246 1.171919 -0.1461394 -0.2492418 1.069947 -0.1351458 0.02181341 1.21398 -0.1248151 0.2847757 1.196693 -0.2302332 0.1026044 1.161451 -0.2393212 -0.1765981 1.056135 -0.2798255 -0.246899 0.9062672 -0.3454305 -0.1501046 0.8991506 -0.2956344 0.001701832 1.068709 -0.3798655 0.003138304 0.8892481 -0.2982021 0.1560651 0.9842561 -0.3275305 0.1820801 0.8765768 -0.2400457 0.2156673 1.075719 -0.1740143 0.2924787 0.9563655 -0.1856553 0.3200456 0.8686963 0 0.3781937 0.8656541 0 0.3393562 0.9437218 -0.1461425 0.2843537 1.010021 2.12253e-15 0.3117869 0.992198 1.64739e-14 0.4899745 1.055895 -0.0846776 0.4797961 1.108367 0 -0.4105735 0.5817766 0 -0.4293513 0.579565 0.0208374 -0.4154325 0.5954471 -0.02083743 -0.4154325 0.5954471 0.02359264 -0.4344606 0.5929766 -0.02359265 -0.4344606 0.5929766 0.01935497 -0.4285822 0.6302271 -0.01935498 -0.4285822 0.6302271 0.02270938 -0.4491274 0.6309586 -0.0227094 -0.4491274 0.6309586 0 -0.4347157 0.6469975 0 -0.4550672 0.6473117 0.2298812 0.2307378 0.2691199 0.3164737 -7.31553e-4 0.2691199 0 0.001525015 0.2128921 0 0.3486971 0.2522894 0.2272023 -0.2308265 0.2691199 -0.2298812 0.2307378 0.2691199 0 -0.3429463 0.2691199 -0.3164737 -7.31556e-4 0.2691199 -0.2272023 -0.2308265 0.2691199 -0.1240314 -0.444423 0.7849784 -0.1180336 -0.4233458 0.7850634 -0.1809789 -0.4164531 0.8178397 -0.05891573 -0.4514692 0.8306527 -0.1727631 -0.3957565 0.8143798 -0.2109502 -0.3783672 0.9181955 -0.05483187 -0.4300109 0.8268217 -0.03141638 -0.4295287 0.9344006 -0.1991444 -0.3594916 0.9129164 -0.1789347 -0.3481778 1.022775 -0.03195232 -0.4086434 0.9288571 -0.05844095 -0.383374 1.031934 -0.0589205 -0.3652685 1.020862 -0.1689525 -0.3315991 1.011817 -0.1107874 -0.3388939 1.044395 -0.1184741 -0.3541794 1.061533 0.1240314 -0.444423 0.7849784 0.1809787 -0.4164531 0.8178397 0.1180336 -0.4233458 0.7850634 0.05891573 -0.4514692 0.8306527 0.1727629 -0.3957565 0.8143798 0.21095 -0.3783672 0.9181955 0.05483183 -0.4300109 0.8268217 0.03141635 -0.4295287 0.9344006 0.1991444 -0.3594916 0.9129164 0.1789347 -0.3481778 1.022775 0.0319523 -0.4086434 0.9288571 0.05844091 -0.383374 1.031934 0.0589205 -0.3652685 1.020862 0.1689525 -0.3315991 1.011817 0.1107874 -0.3388939 1.044395 0.1184741 -0.3541794 1.061533 0.3109632 -0.2338583 0.7703485 0.3070321 -0.210264 0.9102025 0.2732286 -0.3236895 0.9249554 0.2422341 -0.1984882 1.059955 0.2718885 -0.3518403 0.7932701 0.2850978 -0.2615174 0.6596327 0.2152736 -0.292696 1.058001 0.1212087 -0.2009948 1.149131 0.21095 -0.3783672 0.9181955 0.1789347 -0.3481778 1.022775 0.1809787 -0.4164531 0.8178397 0.1184741 -0.3541794 1.061533 0.2460876 -0.3686299 0.6787839 0.2324324 -0.2906632 0.5732007 0.1103691 -0.2727995 1.138443 0 -0.2103159 1.176712 0.2007271 -0.3687661 0.5867805 0.1450877 -0.3123426 0.5070064 0.109884 -0.4488158 0.6833916 0.1240314 -0.444423 0.7849784 0.09671837 -0.3784577 0.5210197 0.05891573 -0.4514692 0.8306527 0 -0.3285294 0.4768741 0.08134025 -0.4188764 0.5732746 0 -0.3841712 0.5099306 -0.09671837 -0.3784577 0.5210197 -0.1450877 -0.3123426 0.5070064 0 -0.4293513 0.579565 -0.2007271 -0.3687661 0.5867805 0.02359264 -0.4344606 0.5929766 0.02270938 -0.4491274 0.6309586 -0.2324325 -0.2906632 0.5732007 0 -0.4550672 0.6473117 -0.2460876 -0.3686299 0.6787839 -0.2850978 -0.2615174 0.6596327 0 -0.4640911 0.7422352 -0.2718887 -0.3518403 0.7932701 -0.3109632 -0.2338585 0.7703485 0 -0.4451356 0.9011817 0.03141635 -0.4295287 0.9344006 -0.2732289 -0.3236895 0.9249554 -0.3070321 -0.210264 0.9102025 -0.2422341 -0.1984882 1.059955 -0.2109502 -0.3783672 0.9181955 -0.1809789 -0.4164531 0.8178397 -0.1789347 -0.3481778 1.022775 -0.109884 -0.4488158 0.6833916 -0.1240314 -0.444423 0.7849784 -0.2152736 -0.292696 1.058001 -0.1184741 -0.3541794 1.061533 -0.1212087 -0.2009948 1.149131 -0.05891573 -0.4514692 0.8306527 -0.1103691 -0.2727995 1.138443 -0.03141638 -0.4295287 0.9344006 -0.0227094 -0.4491274 0.6309586 0 -0.3725672 1.060027 -0.05844095 -0.383374 1.031934 0.05844091 -0.383374 1.031934 0 -0.2751274 1.155298 -0.08134025 -0.4188764 0.5732746 -0.02359265 -0.4344606 0.5929766 0.0836103 -0.2347616 0.0290743 0.01482077 -0.1078984 0.1271648 0.0336871 -0.105 0.02874422 0.07088116 0.2401236 0.02907431 0.05842873 -0.2435724 0.1266504 0.1787419 -0.292165 0.1266504 0.2781935 -0.2347616 0.0290743 0.04833138 -0.05472165 0.1846405 0.3050685 -0.2435724 0.1266504 0.1782848 -0.1984092 0.2347326 0.3591432 -0.1084621 0.1279967 0.33645 -0.1054491 0.02934356 0.2850191 0.2401236 0.02907431 0.3180528 -0.05472165 0.1846405 0.179082 -0.02841924 0.2092112 0.05427659 0.09792531 0.2062598 0.2984874 0.09792531 0.2062598 0.04884893 0.230168 0.1266504 0.1778296 0.221949 0.2091738 0.1772604 0.2732815 0.1266504 0.3056643 0.230168 0.1266504 -0.01482077 -0.1078984 0.1271648 -0.0836103 -0.2347617 0.0290743 -0.0336871 -0.105 0.02874422 -0.07088121 0.2401236 0.02907428 -0.05842873 -0.2435724 0.1266504 -0.1787419 -0.2921672 0.1266504 -0.2781935 -0.2347617 0.0290743 -0.04833138 -0.05472166 0.1846405 -0.3050685 -0.2435724 0.1266504 -0.1782848 -0.1984092 0.2347326 -0.3591432 -0.1084621 0.1279967 -0.33645 -0.1054491 0.02934355 -0.2850191 0.2401236 0.02907428 -0.3180528 -0.05472166 0.1846405 -0.1790821 -0.02841926 0.2092112 -0.05427659 0.0979253 0.2062598 -0.2984874 0.09792524 0.2062598 -0.04884893 0.230168 0.1266504 -0.1778296 0.2219423 0.2091752 -0.1772604 0.2732816 0.1266504 -0.3056643 0.230168 0.1266504</float_array>
          <technique_common>
            <accessor source="#geom-heiho_body__body_m-positions-array" count="2750" stride="3">
              <param name="X" type="float"/>
              <param name="Y" type="float"/>
              <param name="Z" type="float"/>
            </accessor>
          </technique_common>
        </source>
        <source id="geom-heiho_body__body_m-normals">
          <float_array id="geom-heiho_body__body_m-normals-array" count="4185">0 0.9999924 0.003913042 0 0.9999924 0.003913042 0.3425041 0.9394431 0.01174207 0.3465877 0.9379441 0.01174803 0.6952575 0.7187581 0.001958014 0.6942797 0.7197027 0.001955034 0.9311595 0.3638557 -0.02347226 0.931159 0.3638567 -0.0234753 0.9997838 -0.01565218 -0.01369714 0.9997838 -0.01565218 -0.01369714 0.9291338 -0.3696973 0.005868069 0.9291334 -0.3696983 0.005868086 0.6911344 -0.722461 0.0195801 0.6911344 -0.722461 0.0195801 0.3325512 -0.9428824 0.01956224 0.3167538 -0.9483063 0.01955329 0 -0.9999311 0.01174212 0 -0.9999311 0.01174209 -0.3167538 -0.9483063 0.01955329 -0.3325512 -0.9428824 0.01956224 -0.6911344 -0.722461 0.0195801 -0.6921553 -0.7214838 0.01955329 -0.9291334 -0.3696983 0.005868086 -0.9291338 -0.3696973 0.005868069 -0.9997838 -0.01565218 -0.01369714 -0.9997838 -0.01565218 -0.01369714 -0.931159 0.3638567 -0.0234753 -0.9311595 0.3638557 -0.02347226 -0.6952575 0.7187581 0.001958014 -0.6942797 0.7197027 0.001955034 -0.3465877 0.9379441 0.01174803 -0.3425041 0.9394431 0.01174207 0 0.9999924 0.003913042 0 0.9999924 0.003913042 0 -0.9999999 0 0 -1 0 0.4557999 -0.8900824 0 0.4557999 -0.8900824 7.27596e-10 0.8467885 -0.5319299 0 0.8467878 -0.5319309 1.09139e-9 0.9991567 -0.04106094 0 0.9991567 -0.04106094 3.63798e-10 0.9891508 0.1469035 0 0.9891508 0.1469041 -2.91039e-9 0.9948018 0.1018301 0 0.9948019 0.1018294 -2.54659e-9 0.9857504 0.1682028 -0.001956522 0.9857504 0.1682028 -0.001956522 0.8415601 0.5401636 0 0.8415601 0.5401636 0 0.4557999 0.8900824 0 0.4557999 0.8900824 0 0 1 1.49012e-6 0 1 0 0 1 1.49012e-6 0 1 0 -0.4581443 0.8888778 0 -0.4581443 0.8888778 0 -0.8406696 0.5415483 0 -0.8406696 0.5415483 0 -0.9928398 0.1194537 0 -0.9928398 0.1194537 0 -0.9999694 0.007827581 0 -0.9999694 0.007826836 0 -0.9943976 0.1057037 0 -0.9943976 0.1057037 -1.45519e-9 -0.9991567 -0.04106089 0 -0.9991567 -0.04106091 3.63798e-10 -0.874434 -0.4851445 1.09139e-9 -0.8744346 -0.4851434 0 -0.4988753 -0.8666739 0 -0.4988753 -0.8666739 3.63798e-10 0 -1 0 0 -1 0 0 0 -1 0 0 -1 0 0 -1 0 0 -1 0 0 -1 0 0 -1 0 0 -1 0 0 -1 0 0 -1 0 0 -1 0 0 -1 0 0 -1 0 0 -1 0 0 -1 0 0 -1 0 0 -1 0 0 -1 0 0 -1 0 -1 0 0 -1 0 0.4988753 -0.8666739 0 0.4988753 -0.8666739 0 0.874434 -0.4851445 0 0.8744346 -0.4851434 0 0.9991567 -0.04106089 0 0.9991567 -0.04106165 0 0.9943976 0.1057037 0 0.9943976 0.1057037 0 0.9999694 0.007826836 0 0.9999694 0.007827581 0 0.9928398 0.1194537 0 0.9928398 0.1194537 0 0.8406703 0.5415472 0 0.840669 0.5415493 0 0.4581443 0.8888778 0 0.4581443 0.8888778 0 0 1 1.49012e-6 0 0.9999999 -1.49011e-6 0 1 -1.49011e-6 0 1 1.49012e-6 -0.4557999 0.8900824 0 -0.4557999 0.8900824 0 -0.8415601 0.5401636 0 -0.8415601 0.5401636 0 -0.9857507 0.1682014 -0.001956523 -0.9857507 0.1682014 -0.001956523 -0.9948019 0.1018294 0 -0.9948018 0.1018301 0 -0.9891508 0.1469039 0 -0.9891508 0.1469035 0 -0.9991566 -0.04106168 0 -0.9991567 -0.04106094 0 -0.8467878 -0.5319309 0 -0.8467885 -0.5319299 0 -0.4557999 -0.8900824 0 -0.4557999 -0.8900824 0 0 -1 0 0 -0.9999999 0 0 0 -1 0 0 -1 0 0 -1 0 0 -1 0 0 -1 0 0 -1 0 0 -1 0 0 -1 0 0 -1 0 0 -1 0 0 -1 0 0 -1 0 0 -1 0 0 -1 0 0 -1 0 0 -1 0 0 -1 0 -1.49012e-6 -1 0.6748402 -0.3970798 -0.6220275 0.7249894 -0.2970309 -0.6214203 0.8510311 -0.4636596 -0.2465075 0.9147739 -0.3271254 -0.237018 0.8789589 -0.4737372 0.05481236 0.7638234 -0.03721197 -0.6443516 0.9432673 -0.3307343 0.02935529 0.8184907 -0.4582029 0.3465877 0.9638374 -0.005877049 -0.2664261 0.7121285 -0.2465066 0.6573489 0.6105298 -0.3581043 0.7064097 0.905315 -0.310903 0.2893858 0.7889716 0.0450313 0.6127774 0.970906 0.01761913 0.238812 0.9999349 0.005871065 -0.009781136 0.8856356 0.4105569 0.2170086 0.7101609 0.3736666 0.5966948 0.9130954 0.4066899 -0.02933144 0.6811073 0.6948075 0.2309449 0.528632 0.5873679 0.6128191 0.2876894 0.6673611 0.6869236 0.8826038 0.3718281 -0.2876706 0.7050422 0.2643886 -0.6580382 0.7099237 0.7040586 -0.01760124 0.389876 0.8796755 0.2723379 0 0.6832235 0.7302094 0.6951078 0.6637795 -0.2760833 0.5479257 0.5146604 -0.6594712 0.4148207 0.9098696 -0.007826105 0.3991054 0.8725526 -0.2817214 0.3109827 0.6552159 -0.6884634 0 0.6952566 -0.7187617 0 0.9565776 0.2914779 0 0.9999311 -0.01174209 0 0.9547577 -0.297385 -0.3991054 0.8725526 -0.2817214 -0.3109827 0.6552159 -0.6884634 -0.5479257 0.5146604 -0.6594712 -0.4148207 0.9098696 -0.007826105 -0.389876 0.8796755 0.2723379 -0.2876894 0.6673611 0.6869236 -0.6951078 0.6637795 -0.2760833 -0.7050422 0.2643886 -0.6580382 -0.7099237 0.7040586 -0.01760124 -0.6811073 0.6948075 0.2309449 -0.528632 0.5873679 0.6128191 -0.7101609 0.3736666 0.5966948 -0.8826038 0.3718281 -0.2876706 -0.7638234 -0.03721197 -0.6443516 -0.9130954 0.4066899 -0.02933144 -0.8856356 0.4105569 0.2170086 -0.7889716 0.0450313 0.6127774 -0.9638374 -0.005877049 -0.2664261 -0.9999349 0.005871065 -0.009781136 -0.970906 0.01761913 0.238812 -0.9147739 -0.3271254 -0.237018 -0.7249894 -0.2970309 -0.6214203 -0.6748402 -0.3970798 -0.6220275 -0.8510311 -0.4636596 -0.2465075 -0.8789589 -0.4737372 0.05481236 -0.9432673 -0.3307343 0.02935529 -0.8184907 -0.4582029 0.3465877 -0.905315 -0.310903 0.2893858 -0.7121285 -0.2465066 0.6573489 -0.6105298 -0.3581043 0.7064097 0.7587489 0.01564472 0.6511953 0.5241336 -0.5417348 0.6571205 0.1310109 -0.00195503 0.991379 0.09010059 -0.09793488 0.9911058 -0.6871908 -0.01370608 0.7263477 0 -0.7497799 0.6616873 -0.4717677 0.4854715 0.7360386 -0.9883022 -0.02348424 -0.1506895 0 -0.1310111 0.991381 -0.9644265 -0.01173765 -0.2640905 -0.7141954 0.6868018 -0.1350119 -0.6962466 0.7118928 -0.09192082 0 0.99521 -0.09776057 0 0.6751022 0.7377242 0 0.9976535 -0.06846487 0.6962473 0.711892 -0.09192073 0.7120547 0.6866245 -0.1467138 0.4717692 0.4854738 0.7360361 0.9885727 -0.001956522 -0.1507327 0.9685088 0.01565291 -0.248487 -0.0899758 -0.09193232 0.9916919 -0.5245785 -0.528493 0.6674672 0.6832179 0.003914533 0.7302042 -0.1351113 -0.001958006 0.9908285 -0.747943 -0.003916026 0.6637514 -0.5593833 0.4948388 0.665 -0.10183 0.08812245 0.990891 0.001958008 0.7516039 0.6596118 0.4991623 -0.4756721 0.7242743 0.710001 -0.6787056 -0.1877694 0.6560632 -0.6168954 -0.4347658 0.001959505 -0.9813988 -0.1919703 -0.007824603 -0.8353208 -0.5497071 -0.6495224 -0.6240891 -0.4343197 0 -0.6942789 0.7197061 -0.7083442 -0.6809499 -0.1858919 -0.9644265 -0.01173765 -0.2640905 -0.9883022 -0.02348424 -0.1506895 -0.6871908 -0.01370608 0.7263477 -0.5032797 -0.4797806 0.7186934 0.1310109 -0.00195503 0.991379 -0.00195503 0.1310108 0.991379 0.1115317 0.1056614 0.9881277 0.7587489 0.01564472 0.6511953 0.5657634 0.514864 0.6440706 -0.7587489 0.01564472 0.6511953 -0.1310109 -0.00195503 0.991379 -0.5241325 -0.5417338 0.6571222 -0.0901006 -0.0979334 0.9911059 0.6871908 -0.01370459 0.7263477 0 -0.7497808 0.6616864 0.4717683 0.4854737 0.7360367 0.9883018 -0.02348274 -0.1506924 0 -0.1310111 0.991381 0.9644265 -0.01173765 -0.2640905 0.7141947 0.6868026 -0.1350118 0.6962473 0.7118921 -0.09192092 0 0.99521 -0.09776057 0 0.6751015 0.737725 0 0.9976534 -0.06846784 -0.6962481 0.7118914 -0.09192083 -0.7120547 0.6866245 -0.1467138 -0.4717668 0.4854728 0.7360383 -0.9885727 -0.001958012 -0.1507327 -0.9685088 0.01565291 -0.248487 0.08997609 -0.09193112 0.991692 0.5245785 -0.528493 0.6674672 -0.6832179 0.003914533 0.7302042 0.1351117 -0.001958012 0.9908285 0.747943 -0.003916026 0.6637514 0.5593833 0.4948388 0.665 0.10183 0.08812245 0.990891 -0.00195801 0.7516034 0.6596125 -0.4991623 -0.4756721 0.7242743 -0.710001 -0.6787056 -0.1877694 -0.6560632 -0.6168954 -0.4347658 -0.001959499 -0.9813989 -0.1919698 0.007824603 -0.8353208 -0.5497071 0.6495224 -0.6240891 -0.4343197 0 -0.6942803 0.7197047 0.7083442 -0.6809499 -0.1858919 0.9644265 -0.01173765 -0.2640905 0.9883018 -0.02348274 -0.1506924 0.6871908 -0.01370459 0.7263477 0.5032815 -0.4797793 0.718693 -0.1310109 -0.00195503 0.991379 0.00195503 0.1310108 0.991379 -0.1115313 0.105661 0.9881277 -0.7587489 0.01564472 0.6511953 -0.5657645 0.514865 0.6440688 0 -1.49012e-6 1 0 -1.49012e-6 1 0 1.49011e-6 1 0 -1.49012e-6 1 0 1.49011e-6 1 0 0 1 0 0 1 0 0 0.9999999 0 0 1 0 0 1 0 0 1 0 0 1 0 0 1 0 0 1 0 0 1 0 0 1 0 0.3132892 -0.9496577 0 0.7616015 -0.6480457 0.06852087 0.2525453 -0.9651559 0.24082 0.695048 -0.6774319 0.09782494 0.1193468 -0.9880216 0.3407669 0.9400479 0.01371204 0 0.9999828 0.00587105 0 0.9690971 0.2466798 0.4737954 0.5305719 -0.7028595 0.3445223 0.9063303 0.244683 0 0.983682 0.1799166 0.643479 0.7647415 -0.03324743 0.5637282 0.2799076 -0.7770857 0.05672867 0.03912296 -0.9976228 0.3677406 0.9134871 0.1740929 0 0.9798973 0.1995027 0.5364872 0.005873911 -0.843888 0.02347826 0 -0.9997244 0.3677313 0.909547 0.1936438 0 0.9897523 0.1427952 0.610585 0.7632261 0.2113574 0.5809063 0.7980132 0.160384 0.8907437 0.3817482 -0.2466657 0.8966793 0.4424686 -0.01370612 0.7691499 0.6262776 0.1272201 0.6105832 0.7632274 0.2113578 0.3756455 0.9117202 0.1663032 0 0.9961146 -0.08806602 0.3833802 0.9232405 -0.02542735 0.6596701 0.7301393 0.1781349 0.7120354 0.7002991 0.05086062 0.7360179 0.5206944 0.4326141 0.8961654 0.4089493 0.172186 0.9205604 0.3897694 0.02546309 0.7356376 0.6612927 0.1467288 0.6519339 0.4698614 0.5951576 0.9138658 0.3874636 -0.1213314 0.9552217 0.013702 0.2955737 0.625553 0.01759373 0.7799833 0.9987528 -0.009791734 -0.04895923 0.7277099 -0.4557995 0.5125283 0.9429217 -0.3266975 0.06455779 0.9484368 -0.3050636 -0.08604515 0.7336625 -0.6788799 0.02934936 0.8181478 -0.4717033 0.3288315 0.783044 -0.6107761 0.1174509 0.6417774 -0.7630852 0.07630613 0.3794656 -0.9251872 0.005865122 0.7989671 -0.5933505 0.09791251 0.2796236 -0.9601077 0.001955025 0 -0.9998775 -0.01565214 0.5345972 -0.84008 0.09204151 0.8887197 -0.4541514 -0.06264168 0.8937289 -0.4126394 -0.176004 0.6224186 -0.767258 0.1546294 0.2388566 -0.9515135 0.1938283 0.9985941 -0.003916049 -0.05286329 0.9549766 -0.04305226 -0.2935409 0.9601079 0.001955409 -0.2796231 0.885638 -0.3546474 -0.2997843 0.4987681 -0.2386269 -0.8332392 0.07044405 -0.05479032 -0.9960099 0.4674551 -0.4400698 -0.766697 0.1253043 -0.1488005 -0.9808962 0.1153581 -0.5865663 -0.8016437 0.686865 -0.7181754 -0.111538 0.2096069 -0.7600713 -0.615107 0 -0.8299348 -0.5578605 0 -0.6201516 -0.7844819 0.3229737 -0.9336889 0.1546383 -0.1153581 -0.5865663 -0.8016437 0.236698 -0.7413955 0.6279385 0 -0.9314157 0.363957 0 -0.9806561 0.1957384 0 -0.6872541 0.7264171 -0.236698 -0.7413955 0.6279385 -0.3229737 -0.9336889 0.1546383 -0.2096069 -0.7600713 -0.615107 -0.686865 -0.7181754 -0.111538 -0.4674551 -0.4400698 -0.766697 -0.1253043 -0.1488005 -0.9808962 -0.07044405 -0.05479032 -0.9960099 -0.4987681 -0.2386269 -0.8332392 -0.02347826 0 -0.9997244 -0.885638 -0.3546474 -0.2997843 -0.5364872 0.005873911 -0.843888 -0.05672867 0.03912296 -0.9976228 -0.6224186 -0.767258 0.1546294 -0.5637282 0.2799076 -0.7770857 -0.09782494 0.1193468 -0.9880216 -0.2388566 -0.9515135 0.1938283 -0.2796236 -0.9601077 0.001955025 -0.3794656 -0.9251872 0.005865122 -0.5345972 -0.84008 0.09204151 -0.6417774 -0.7630852 0.07630613 -0.7336625 -0.6788799 0.02934936 -0.7989671 -0.5933505 0.09791251 -0.9429217 -0.3266975 0.06455779 -0.9484368 -0.3050636 -0.08604515 -0.9987528 -0.009791734 -0.04895923 -0.8181478 -0.4717033 0.3288315 -0.9552217 0.013702 0.2955737 -0.9205604 0.3897694 0.02546309 -0.783044 -0.6107761 0.1174509 -0.7277099 -0.4557995 0.5125283 -0.625553 0.01759373 0.7799833 -0.6519339 0.4698614 0.5951576 -0.8887197 -0.4541514 -0.06264168 -0.8937284 -0.4126391 -0.1760068 -0.9985941 -0.003916049 -0.05286329 -0.9549774 -0.0430523 -0.2935382 -0.9138662 0.3874637 -0.1213285 -0.9601079 0.001955409 -0.2796231 -0.8966793 0.4424686 -0.01370612 -0.7356376 0.6612927 0.1467288 -0.8907437 0.3817482 -0.2466657 -0.643479 0.7647415 -0.03324743 -0.7691499 0.6262776 0.1272201 -0.4737954 0.5305719 -0.7028595 -0.24082 0.695048 -0.6774319 -0.06852087 0.2525453 -0.9651559 0 0.3132892 -0.9496577 0 0.7616015 -0.6480457 -0.3407669 0.9400479 0.01371204 0 0.9999828 0.00587105 0 0.9690971 0.2466798 -0.3445223 0.9063303 0.244683 0 0.983682 0.1799166 -0.610585 0.7632261 0.2113574 -0.3677406 0.9134871 0.1740929 0 0.9798973 0.1995027 -0.5809063 0.7980132 0.160384 -0.3677313 0.909547 0.1936438 0 0.9897523 0.1427952 -0.6105832 0.7632274 0.2113578 -0.3756455 0.9117202 0.1663032 0 0.9961146 -0.08806602 -0.3833802 0.9232405 -0.02542735 -0.6596701 0.7301393 0.1781349 -0.7120354 0.7002991 0.05086062 -0.7360179 0.5206944 0.4326141 -0.8961654 0.4089493 0.172186 0 0.9142146 0.4052305 0 0.6832248 0.7302082 0.3093784 0.8674384 0.3896611 0.2289548 0.6164162 0.7533996 -1.34325e-8 0.8979198 0.4401593 0.6198553 0.6746081 0.4008531 0.46195 0.4580354 0.7594774 0.3128785 0.8447763 0.4341198 0.8377905 0.3406001 0.4267303 0.6515689 0.2387124 0.7200517 0.6202099 0.6397721 0.453907 0.2797132 0.8802159 0.3833807 -2.30739e-8 0.9401363 0.3407989 -2.94055e-8 0.9905661 -0.1370359 0.9087732 -0.009792813 0.4171755 0.7119682 -0.005867862 0.7021872 0.3014184 0.9355729 -0.1839842 0 0 -1 0 0 -1 9.81068e-9 -0.9124337 -0.4092246 0.6717685 0.7050637 -0.2271832 -0.3264885 -0.850435 -0.4125113 0 -0.9565796 -0.2914716 -0.5260532 -0.8174339 -0.2346697 0 0 -1 -0.7825106 -0.4303813 -0.4499435 -0.8438625 -0.4424904 -0.3034774 0 0 -1 -0.878312 0.02738621 -0.477303 -0.9474795 0.02153366 -0.3190908 -0.8438227 0.4972903 -0.2016573 0.9382934 0.3323112 -0.09578437 -0.7761927 0.4750998 -0.4144937 -0.4854887 0.8691783 -0.09396701 0 0 -1 -0.3503518 0.855327 -0.3816666 0 0.9948017 -0.1018316 0 0 -1 0 0 -1 0.9167147 -0.3800072 -0.1234037 0.9990784 -0.02150661 -0.03714711 0.9034792 -0.01760021 0.4282704 0.6576487 -0.7241915 -0.2074721 0.8446882 0.2991605 0.4438525 0.8319904 -0.3347512 0.4424179 0.6069289 0.6480411 0.4600872 0.8198088 0.3071821 0.483273 0.8700811 -0.01368666 0.4927185 0.8101134 -0.3483102 0.471589 0.8506944 -0.3617906 0.3813484 0.6692082 -0.2739459 0.6907344 0.5739375 -0.4681616 0.6718783 0.6906518 -0.6260867 0.3619608 0.2388886 -0.7891145 0.5658892 0.6125563 -0.6223419 0.4873044 0.2739483 -0.9177237 0.287638 0.5793828 -0.6518112 0.4893442 0.250461 -0.8550949 0.4539626 0 -0.9618182 0.2736893 0 -0.8235281 0.5672756 -0.2407338 -0.7887433 0.5656249 0.2406755 -0.8472599 0.4735249 -1.00084e-8 -0.8979208 0.4401568 0.291769 -0.9497218 -0.1135751 -1.63474e-8 -0.8908762 0.4542461 0 0 -1 -1.40925e-8 -0.9988006 -0.04896222 7.05186e-9 0.9201549 -0.3915545 1.49596e-8 0 -1 -0.2917695 -0.9497217 -0.1135747 0 0 -1 0.3503518 0.855327 -0.3816666 0.4854887 0.8691783 -0.09396701 0 0 -1 0.7761927 0.4750998 -0.4144937 0.8438227 0.4972903 -0.2016573 -0.2406787 -0.8472571 0.4735284 0.878312 0.0273862 -0.477303 0.9474795 0.02153366 -0.3190908 0.8438625 -0.4424904 -0.3034774 0 0 -1 0.7825106 -0.4303813 -0.4499435 0.5260532 -0.8174339 -0.2346697 0 3.49246e-8 -1 0.3264863 -0.8504362 -0.4125105 0 -0.9565796 -0.2914716 9.81068e-9 -0.9124337 -0.4092246 0 0 -1 0 0 -1 0 0 -1 0 0 -1 -0.9382928 0.3323132 -0.09578492 -0.301418 0.9355733 -0.1839833 -2.94055e-8 0.9905661 -0.1370359 -0.6717676 0.7050627 -0.2271888 -0.2797134 0.8802151 0.383382 -2.30739e-8 0.9401363 0.3407989 -1.34325e-8 0.8979198 0.4401593 -0.9990784 -0.02150656 -0.03714711 -0.844689 0.2991598 0.4438513 -0.9167153 -0.380006 -0.1234038 -0.9034787 -0.01760024 0.4282715 -0.6576459 -0.7241944 -0.2074713 -0.8319904 -0.3347512 0.4424179 -0.579385 -0.6518078 0.4893461 -0.250461 -0.8550949 0.4539626 -0.6125541 -0.6223443 0.4873039 -0.2721357 -0.9182135 0.2877954 -0.6906518 -0.6260867 0.3619608 -0.5739375 -0.4681616 0.6718783 -0.8101134 -0.3483102 0.471589 -0.8506944 -0.3617906 0.3813484 -0.6692082 -0.2739459 0.6907344 -0.7119682 -0.005867862 0.7021872 -0.8700805 -0.01368669 0.4927197 -0.9087732 -0.00979281 0.4171755 -0.6515689 0.2387124 0.7200517 -0.8198091 0.3071807 0.4832733 -0.8377905 0.3406001 0.4267303 -0.46195 0.4580354 0.7594774 -0.6069281 0.6480405 0.4600889 -0.6202099 0.6397721 0.453907 -0.3128788 0.8447744 0.4341233 -0.6198553 0.6746081 0.4008531 -0.2289548 0.6164162 0.7533996 -0.3093784 0.8674384 0.3896611 0 0.9142146 0.4052305 0 0.6832248 0.7302082 0 0.9990752 -0.04299853 -0.3499855 0.9365511 -0.01955631 -0.3268871 0.9434726 0.05481223 0 0.9989849 0.04504942 -0.737597 0.6554245 0.1623869 -0.2796684 0.9289662 0.2425025 0 0.9696814 0.2443724 -0.7323737 0.6677549 0.1331624 -0.2193961 0.8873802 0.4054895 0 0.9159796 0.401225 -0.7145683 0.6871591 0.1311662 -0.5969053 0.7671722 0.2348425 -0.2211714 0.9101307 0.3503504 5.42399e-16 0.9395088 0.3425249 -0.8432871 0.4871908 0.2269627 -0.2874887 0.7216527 -0.6297362 -9.97656e-16 0.77317 -0.6341989 -0.5698776 0.8127102 0.1214148 -0.2308496 0.4225744 -0.8764355 -5.86627e-15 0.4148347 -0.9098969 -0.5695539 0.6126125 -0.5480095 -0.2133677 0.4345675 -0.8750002 -8.23615e-15 0.4028721 -0.9152563 -9.8595e-15 0.3425283 -0.9395075 -0.4794209 0.487247 -0.7298945 -0.4338903 0.4925262 -0.754425 -0.5418701 0.4734038 -0.6944535 -0.7441472 0.5698576 -0.348579 -0.8203725 0.5149351 -0.2486581 -0.4504369 0.4210599 -0.7872834 -1.16508e-14 0.348334 -0.9373705 -0.8419725 0.5247655 0.1253129 -0.4151574 0.5032826 -0.7578595 -1.15729e-14 0.4267461 -0.9043714 -0.8234886 0.541821 -0.1682162 -0.3772258 0.723177 -0.5785463 -7.06701e-15 0.7543971 -0.6564183 1.73456e-15 0.9961163 -0.08804829 -0.745968 0.6656941 -0.01957415 -0.4917061 0.8697884 -0.04115112 -0.454019 0.7925751 0.4070521 9.07629e-15 0.892853 0.4503485 -0.4731281 0.5220063 0.7096896 1.41013e-14 0.4346384 0.9006051 -0.4363868 0.3385416 0.8336403 1.3727e-14 0.2938055 0.9558653 0.454019 0.7925751 0.4070521 1.73456e-15 0.9961163 -0.08804829 0.4731281 0.5220063 0.7096896 0.4917061 0.8697884 -0.04115112 0.745968 0.6656941 -0.01957415 0.3772258 0.723177 -0.5785463 -7.06701e-15 0.7543971 -0.6564183 -1.15729e-14 0.4267461 -0.9043714 0.4151574 0.5032826 -0.7578595 -1.16508e-14 0.348334 -0.9373705 0.8234886 0.541821 -0.1682162 0.4504369 0.4210599 -0.7872834 -9.8595e-15 0.3425283 -0.9395075 0.4363868 0.3385416 0.8336403 0.5418701 0.4734038 -0.6944535 0.8419725 0.5247655 0.1253129 1.16155e-14 0.22915 0.9733911 0.4559928 0.2896425 0.8415331 0.2133677 0.4345675 -0.8750002 -8.23615e-15 0.4028721 -0.9152563 -5.86627e-15 0.4148347 -0.9098969 0.4338903 0.4925262 -0.754425 0.2308496 0.4225744 -0.8764355 -9.97656e-16 0.77317 -0.6341989 0.7441472 0.5698576 -0.348579 0.4794209 0.487247 -0.7298945 0.2874887 0.7216527 -0.6297362 5.42399e-16 0.9395088 0.3425249 0.8203725 0.5149351 -0.2486581 0.2211714 0.9101307 0.3503504 0 0.9159796 0.401225 0.5695539 0.6126125 -0.5480095 0.5698776 0.8127102 0.1214148 0.2193961 0.8873802 0.4054895 0 0.9696814 0.2443724 0.5969053 0.7671722 0.2348425 0.2796684 0.9289662 0.2425025 0 0.9989849 0.04504942 0.8432871 0.4871908 0.2269627 0.3268871 0.9434726 0.05481223 0 0.9990752 -0.04299853 0.3499855 0.9365511 -0.01955631 0.737597 0.6554245 0.1623869 0.7145683 0.6871591 0.1311662 0.7323737 0.6677549 0.1331624 0.8905284 0.3953527 0.2250677 0.8941578 0.3893622 0.221086 0.8807511 0.4208074 0.2172523 0.9522313 0.05083677 0.3011165 0.9606319 -0.001955036 0.2778178 0.9333913 0.09392505 0.3463508 0.9018561 -0.266057 0.3403958 0.9084095 -0.2936608 0.2975828 0.8547757 -0.217116 0.4714015 0.910038 0.07828502 0.4070654 0.8164103 -0.1487975 0.5579727 0.661864 -0.669699 0.3368075 0.7123915 -0.6517229 0.2602994 0.3794963 -0.6201115 0.686618 0.6595226 -0.4951262 0.5655794 0.6099988 -0.3714683 0.6999378 0.3228508 -0.5204701 0.7904924 0 -0.5717537 0.8204253 0 -0.6554492 0.7552394 -0.3794963 -0.6201115 0.686618 0.2738143 -0.3129299 0.9094508 2.41929e-16 -0.3408005 0.9401357 -0.3228508 -0.5204701 0.7904924 0.5301957 -0.2308604 0.8158407 2.57246e-15 -0.137036 0.990566 0.7666513 -0.02738043 0.6414796 0.2251604 -0.117475 0.9672138 0.4307089 -0.05873326 0.9005778 0.8534111 0.1898635 0.4854291 0.7164111 0.1213594 0.6870422 0.8416891 0.5167573 0.1565933 0.8319249 0.3131967 0.4580492 0.8535369 0.5207344 -0.01761913 0.8498358 0.3505087 0.3936026 0.6773934 0.1899066 0.7106854 0.8650973 0.4149333 0.2818456 0.6870551 0.2681672 0.6753086 0.4619369 0.1565872 0.8729804 0.4342694 0.07238021 0.8978704 0.2252095 0.09791737 0.9693776 0.2171367 0.003911555 0.9761333 1.00425e-14 0.07041235 0.9975179 7.10879e-15 -0.01565363 0.9998776 -0.2252095 0.09791737 0.9693776 -0.2171367 0.003911555 0.9761333 -0.2251604 -0.117475 0.9672138 -0.2738143 -0.3129299 0.9094508 -0.4307089 -0.05873326 0.9005778 -0.5301957 -0.2308604 0.8158407 -0.6099988 -0.3714683 0.6999378 -0.4342694 0.07238021 0.8978704 -0.7666513 -0.02738043 0.6414796 -0.7164111 0.1213594 0.6870422 -0.4619369 0.1565872 0.8729804 -0.8164103 -0.1487975 0.5579727 -0.6773934 0.1899066 0.7106854 -0.4559928 0.2896425 0.8415331 -0.6870551 0.2681672 0.6753086 -0.8650973 0.4149333 0.2818456 -0.8498358 0.3505087 0.3936026 -0.8535369 0.5207344 -0.01761913 -0.8319249 0.3131967 0.4580492 -0.8416891 0.5167573 0.1565933 -0.8534111 0.1898635 0.4854291 -0.910038 0.07828502 0.4070654 -0.8807511 0.4208074 0.2172523 -0.9333913 0.09392505 0.3463508 -0.8905284 0.3953527 0.2250677 -0.8941578 0.3893622 0.221086 -0.9522313 0.05083677 0.3011165 -0.9606319 -0.001955036 0.2778178 -0.8547757 -0.217116 0.4714015 -0.9018561 -0.266057 0.3403958 -0.9084095 -0.2936608 0.2975828 -0.6595226 -0.4951262 0.5655794 -0.661864 -0.669699 0.3368075 -0.7123915 -0.6517229 0.2602994 0 0.1526417 -0.9882816 0 0.4874729 -0.8731382 0.244553 0.07825506 -0.966473 -0.244553 0.07825506 -0.966473 0.3052819 0.4148716 -0.8571374 -0.3052819 0.4148716 -0.8571374 0.5796849 -0.01566414 -0.8146902 -0.5796849 -0.01566414 -0.8146902 0.4838014 0.5464845 -0.6835869 -0.4838014 0.5464845 -0.6835869 0.6985989 0.1252355 -0.7044684 -0.6985989 0.1252355 -0.7044684 0.9080309 -0.009781143 -0.418789 -0.9080309 -0.009781143 -0.418789 0.4853381 0.7828019 -0.3894459 -0.4853381 0.7828019 -0.3894459 0.9739627 0.04107351 -0.2229569 -0.9739627 0.04107351 -0.2229569 0.4092475 0.8948548 -0.1781889 -0.4092475 0.8948548 -0.1781889 0.9928172 0.1116157 -0.04308226 -0.9928172 0.1116157 -0.04308226 0.9797264 0.1251521 0.1564387 -0.9797264 0.1251521 0.1564387 0.3935904 0.9183657 0.04112156 -0.3935904 0.9183657 0.04112156 0.8922042 0.1643539 0.4206658 -0.8922042 0.1643539 0.4206658 0.2856856 0.9255428 0.2485042 -0.2856856 0.9255428 0.2485042 0.7144372 0.348412 0.6067855 -0.7144372 0.348412 0.6067855 0.4935971 0.4465824 0.7462749 -0.4935971 0.4465824 0.7462749 0.1935843 0.8193063 0.5396873 -0.1935843 0.8193063 0.5396873 0.2328483 0.4128677 0.8805237 -0.2328483 0.4128677 0.8805237 0 0.7783796 0.627794 0 0.4697812 0.8827829 0.2584847 0.30548 -0.9164429 0 0.2878865 -0.9576645 0 0.4836442 -0.8752648 -0.2584847 0.30548 -0.9164429 0.3132734 0.256494 -0.914369 -0.3132734 0.256494 -0.914369 0.3132863 -0.003916023 -0.9496506 0.5319263 -0.003911226 -0.8467816 0.305465 -0.2721743 -0.9124759 -0.3132863 -0.003916023 -0.9496506 -0.5319263 -0.003911226 -0.8467816 -0.305465 -0.2721743 -0.9124759 0 -0.001956524 -0.9999982 0 -0.2955971 -0.9553128 0.2523599 -0.3188727 -0.9135835 -0.2523599 -0.3188727 -0.9135835 0 -0.4759668 -0.8794633 0.6962663 0 -0.7177836 0.3858683 0 -0.922554 0.7494139 0.3717714 -0.5478731 0.9999924 0 0.003916022 0.4750272 0.4926226 -0.7291586 0.2212823 0 -0.9752098 0.8122768 0.583269 0.001955038 0.2814722 0.5336247 -0.7975075 0.150734 0 -0.9885744 0.575297 0.8179352 0.003916019 0.191802 0.5421414 -0.8181044 0.1213137 -0.03326432 -0.9920567 0.3656335 0.9307076 0.009775183 0.1643246 0.5458059 -0.8216407 0.1154962 -0.07438698 -0.9905187 0.2466204 0.9688731 0.02152922 0.1860488 0.518981 -0.8342928 0.2760268 -0.08613606 -0.9572825 0.1820623 0.9827237 0.03327726 0.4011041 0.5126297 -0.7591616 0.9549766 -0.04305226 -0.2935409 0.9138658 0.3874636 -0.1213314 0.1800657 0.9825324 0.04697444 0.3755091 0.9250816 0.05671976 0.7356376 0.6612927 0.1467288 0.1388932 0.5614514 0.8157701 0.1506889 0.5636247 0.8121699 0.3641617 0.5442883 0.7557358 0.6519339 0.4698614 0.5951576 0.1877178 0.5533797 0.8115005 0.2212464 0.01762129 0.9750587 0.625553 0.01759373 0.7799833 0.1056914 0.0137011 0.9943046 0.1252356 0.005870487 0.9921097 0.3638783 -0.6377661 0.6788572 0.7277099 -0.4557995 0.5125283 0.1781518 -0.661714 0.7282833 0.450453 -0.8911145 0.05483625 0.783044 -0.6107761 0.1174509 0.8937289 -0.4126394 -0.176004 0.213271 -0.9763581 0.03522032 0.3818354 -0.5561033 -0.7382078 0.9549766 -0.04305226 -0.2935409 0.2760268 -0.08613606 -0.9572825 0.1643283 -0.5458083 -0.8216383 0.1154962 -0.07438698 -0.9905187 0.1820324 -0.9825889 0.03719326 0.1527073 -0.5540541 -0.8183547 0.1213137 -0.03326432 -0.9920567 0.1488384 -0.6110252 0.7774931 0.2526043 -0.9673299 0.02154111 0.1938938 -0.5405512 -0.8186633 0.150734 0 -0.9885744 0.1916944 -0.5516137 0.8117731 0.3656325 -0.9307079 0.009775154 0.2814713 -0.5336289 -0.797505 0.2212823 0 -0.9752098 0.1605866 0 0.9870217 0.4750272 -0.4926226 -0.7291586 0.3858683 0 -0.922554 0.575297 -0.8179352 0.003916019 0.289673 -0.5421586 0.7887672 0.749418 -0.3717675 -0.5478701 0.6962663 0 -0.7177836 0.8122739 -0.5832729 0.001955031 0.4872026 -0.4969837 0.7180814 0.7554103 -0.3737861 0.5381814 0.7226003 0 0.6912661 0.2466791 0 0.9690973 0.4385764 0 0.8986939 0.2896739 0.5421544 0.7887697 0.4872026 0.4969837 0.7180814 0.7554086 0.3737912 0.5381803 -0.6962663 0 -0.7177836 -0.7494139 0.3717714 -0.5478731 -0.3858683 0 -0.922554 -0.9999924 0 0.003916022 -0.4750272 0.4926226 -0.7291586 -0.2212823 0 -0.9752098 -0.8122768 0.583269 0.001955038 -0.2814722 0.5336247 -0.7975075 -0.150734 0 -0.9885744 -0.575297 0.8179352 0.003916019 -0.191802 0.5421414 -0.8181044 -0.1213133 -0.03326422 -0.9920568 -0.3656335 0.9307076 0.009775183 -0.1643246 0.5458059 -0.8216407 -0.1154956 -0.07438654 -0.9905187 -0.2466204 0.9688731 0.02152922 -0.1860488 0.518981 -0.8342928 -0.276024 -0.08613613 -0.9572834 -0.1820623 0.9827237 0.03327726 -0.4011041 0.5126297 -0.7591616 -0.9549774 -0.0430523 -0.2935382 -0.9138662 0.3874637 -0.1213285 -0.1800657 0.9825324 0.04697444 -0.375509 0.9250812 0.05672569 -0.7356376 0.6612927 0.1467288 -0.1388932 0.5614514 0.8157701 -0.1506889 0.5636247 0.8121699 -0.3641658 0.5442907 0.7557321 -0.6519339 0.4698614 0.5951576 -0.1877178 0.5533797 0.8115005 -0.2212461 0.01762152 0.9750588 -0.625553 0.01759373 0.7799833 -0.1056914 0.0137011 0.9943046 -0.1252356 0.005870487 0.9921097 -0.3638783 -0.6377661 0.6788572 -0.7277099 -0.4557995 0.5125283 -0.1781518 -0.661714 0.7282833 -0.4504501 -0.891116 0.05483626 -0.783044 -0.6107761 0.1174509 -0.8937284 -0.4126391 -0.1760068 -0.213271 -0.9763581 0.03522032 -0.3818354 -0.5561033 -0.7382078 -0.9549774 -0.0430523 -0.2935382 -0.276024 -0.08613613 -0.9572834 -0.1643283 -0.5458083 -0.8216383 -0.1154956 -0.07438654 -0.9905187 -0.1820324 -0.9825889 0.03719326 -0.1527073 -0.5540541 -0.8183547 -0.1213133 -0.03326422 -0.9920568 -0.1488384 -0.6110252 0.7774931 -0.2526043 -0.9673299 0.02154111 -0.1938938 -0.5405512 -0.8186633 -0.150734 0 -0.9885744 -0.1916944 -0.5516137 0.8117731 -0.3656325 -0.9307079 0.009775154 -0.2814713 -0.5336289 -0.797505 -0.2212823 0 -0.9752098 -0.1605866 0 0.9870217 -0.4750272 -0.4926226 -0.7291586 -0.3858683 0 -0.922554 -0.2896739 0.5421544 0.7887697 -0.749418 -0.3717675 -0.5478701 -0.6962663 0 -0.7177836 -0.4872026 0.4969837 0.7180814 -0.8122739 -0.5832729 0.001955031 -0.575297 -0.8179352 0.003916019 -0.7554086 0.3737912 0.5381803 -0.289673 -0.5421586 0.7887672 -0.4872026 -0.4969837 0.7180814 -0.2466791 0 0.9690973 -0.7554103 -0.3737861 0.5381814 -0.4385764 0 0.8986939 -0.7226003 0 0.6912661 0.3989704 -0.9094247 0.117343 0.6892049 -0.7205316 0.07635961 0.4111927 -0.888958 0.2016788 0.7117523 -0.6667759 0.2209493 0.6103685 -0.7903545 -0.05282144 0.3799519 -0.9224631 0.06854518 0.8906852 -0.4521867 0.0469806 0.2290057 -0.9727873 -0.03523222 0.2623496 -0.9612936 0.08418576 0.1057155 -0.9925427 0.06068983 0.8499101 -0.5169938 -0.1018347 0.7823656 -0.5593941 -0.273829 0.9739627 0.04107351 -0.2229569 0.9928172 0.1116157 -0.04308226 0.9080309 -0.009781142 -0.418789 0.9797264 0.1251521 0.1564387 0.6541327 -0.5483747 -0.5209565 0.6985989 0.1252355 -0.7044684 0.5796849 -0.01566414 -0.8146902 0.8990462 -0.3643166 0.2428777 0.8922042 0.1643539 0.4206658 0.6828662 -0.6300294 0.3698065 0.7908756 -0.3621583 0.4933125 0.7144371 0.348412 0.6067855 0.5771683 -0.5947799 0.5595657 0.6553946 -0.354111 0.6671307 0.4935971 0.4465824 0.7462749 0.4711175 -0.5708191 0.6724685 0.4795461 -0.6145991 0.6263413 0.2937278 -0.6971135 0.6540312 0.4582693 -0.1645085 0.8734565 0.2328483 0.4128677 0.8805237 0.1800933 -0.6655579 0.7242922 0.1487021 -0.7885205 0.5967606 0.1799624 -0.5555402 0.8117812 0.2272031 -0.2311236 0.9460236 0 0.4697812 0.8827829 0 -0.6730585 0.7395893 0 -0.2938136 0.9558628 0 -0.5708336 0.8210658 -0.2272031 -0.2311236 0.9460236 -0.2328483 0.4128677 0.8805237 -0.1799624 -0.5555402 0.8117812 -0.4582693 -0.1645085 0.8734565 -0.4935971 0.4465824 0.7462749 -0.1800933 -0.6655579 0.7242922 -0.6553946 -0.354111 0.6671307 -0.7144371 0.348412 0.6067855 -0.4711175 -0.5708191 0.6724685 -0.7908756 -0.3621583 0.4933125 -0.8922042 0.1643539 0.4206658 -0.5771683 -0.5947799 0.5595657 -0.4795461 -0.6145991 0.6263413 -0.2937278 -0.6971135 0.6540312 -0.6828662 -0.6300294 0.3698065 -0.1487021 -0.7885205 0.5967606 -0.8990462 -0.3643166 0.2428777 -0.7117523 -0.6667759 0.2209493 -0.9797264 0.1251521 0.1564387 0 -0.8049097 0.5933975 -0.1271752 -0.8491451 0.5126199 0.1271752 -0.8491451 0.5126199 0 -0.8666726 0.4988773 -0.1290275 -0.9129726 0.3870829 0.1290275 -0.9129726 0.3870829 0 -0.9235427 0.3834957 -0.12529 -0.9494687 0.2877702 0.12529 -0.9494687 0.2877702 0 -0.957665 0.2878854 0 -0.9761407 0.2171387 -0.1038008 -0.9714187 0.2134741 0.1038008 -0.9714187 0.2134741 0 -0.9882807 0.1526475 -0.09197631 -0.986294 0.136984 0.09197631 -0.986294 0.136984 0 -0.9962847 0.08612163 -0.1057155 -0.9925427 0.06068983 -0.2290057 -0.9727873 -0.03523222 -0.2623496 -0.9612936 0.08418576 -0.3799519 -0.9224631 0.06854518 0 -0.9998775 -0.01565214 -0.6103685 -0.7903545 -0.05282144 -0.3989704 -0.9094247 0.117343 -0.2369361 -0.9634086 -0.1253189 -0.6892049 -0.7205316 0.07635961 -0.4111927 -0.888958 0.2016788 -0.5267071 -0.8243193 -0.2075506 -0.8906852 -0.4521867 0.0469806 -0.9928172 0.1116157 -0.04308226 -0.9739627 0.04107351 -0.2229569 -0.8499101 -0.5169938 -0.1018347 -0.9080309 -0.009781142 -0.418789 -0.7823656 -0.5593941 -0.273829 -0.6541327 -0.5483747 -0.5209565 -0.6985989 0.1252355 -0.7044684 -0.5796849 -0.01566414 -0.8146902 -0.4483864 -0.783195 -0.4307612 -0.5267212 -0.4836481 -0.6990346 -0.244553 0.07825506 -0.966473 -0.3519741 -0.7293724 -0.586626 -0.2211584 -0.4188325 -0.8807203 0 0.1526417 -0.9882816 -0.23857 -0.8897492 -0.3891412 -0.1780487 -0.8080658 -0.561541 0 -0.475969 -0.879462 0.2211584 -0.4188325 -0.8807203 0.244553 0.07825506 -0.966473 -0.107716 -0.8832709 -0.456322 -0.1233313 -0.9396639 -0.3190943 -0.09972364 -0.8720965 -0.4790648 -0.1291903 -0.9552189 -0.2662081 -0.09779732 -0.9721014 -0.2132006 0 -0.8210658 -0.5708336 0 -0.8709998 -0.4912837 0.09972364 -0.8720965 -0.4790648 0 -0.9976534 -0.06846764 0 -0.9769642 -0.213403 0.09779732 -0.9721014 -0.2132006 0.2369361 -0.9634086 -0.1253189 0.1291903 -0.9552189 -0.2662081 0.1233313 -0.9396639 -0.3190943 0.5267071 -0.8243193 -0.2075506 0.23857 -0.8897492 -0.3891412 0.107716 -0.8832709 -0.456322 0.4483864 -0.783195 -0.4307612 0.5267212 -0.4836481 -0.6990346 0.3519741 -0.7293724 -0.586626 0.1780487 -0.8080658 -0.561541 0.9646821 -0.1741528 -0.197634 0.966575 0.1584858 -0.2015322 0.9665748 0.1584859 0.2015324 0.1703843 0.0235021 -0.9850975 0.9646811 -0.1741556 0.1976368 0.1703851 0.02350217 0.9850973 0.1798751 -0.3069613 -0.9345692 0 -0.001960991 -0.9999982 0.3969973 -0.8741762 -0.2796589 0.1798751 -0.3069613 0.9345692 0 -0.001955037 0.9999982 0.396997 -0.8741755 0.2796617 0 -0.958896 0.2837578 0 -0.9588973 -0.2837535 0 -0.3737521 0.9275287 -0.1798751 -0.3069613 0.9345692 -0.1703851 0.02350217 0.9850973 0 -0.373751 -0.927529 -0.9646811 -0.1741556 0.1976368 -0.9665748 0.1584859 0.2015324 -0.1798751 -0.3069613 -0.9345692 -0.1703843 0.0235021 -0.9850975 -0.3969973 -0.8741762 -0.2796589 -0.9646821 -0.1741528 -0.197634 -0.966575 0.1584858 -0.2015322 -0.396997 -0.8741755 0.2796617 0 -0.07834458 -0.9969264 0 -0.4480002 -0.8940334 -0.5089533 -0.09591576 -0.8554336 0.5089533 -0.09591576 -0.8554336 -0.436365 -0.4539789 -0.7768454 -0.8636333 -0.15471 -0.4797941 0.436365 -0.4539789 -0.7768454 0.8636333 -0.15471 -0.4797941 -0.7490982 -0.4694057 -0.4674507 -0.9701349 -0.1916825 -0.148648 0.7490982 -0.4694057 -0.4674507 0.9701349 -0.1916825 -0.148648 -0.8290705 -0.5259927 -0.1896678 -0.9420761 -0.1993539 0.2697233 0.8290705 -0.5259927 -0.1896678 0.9420761 -0.1993539 0.2697233 -0.7837928 -0.6020181 0.1524566 -0.5991073 -0.1840414 0.7792299 0.7837928 -0.6020181 0.1524566 0.5991073 -0.1840414 0.7792299 -0.477735 -0.6833104 0.5521379 0 -0.1605924 0.9870209 0.477735 -0.6833104 0.5521379 0 -0.7041652 0.7100362 0 -0.9380085 -0.3466123 0 0.8138654 -0.5810534 0 0.9795138 -0.2013774 0.3696486 0.7236494 -0.5828305 -0.3701715 0.7227151 -0.5836574 0.4445226 0.8675041 -0.2232403 0.6279343 0.5066494 -0.5907664 -0.4441304 0.8667405 -0.2269565 -0.62602 0.5066864 -0.5927628 0 0.9790455 0.2036424 0.7939196 0.5592649 -0.2385678 0.8415319 0.09198195 -0.5323191 0.4540977 0.8729661 0.1781165 -0.4520813 0.8748057 0.1741768 -0.7945265 0.5557775 -0.2446204 -0.8481818 0.02938211 -0.5288898 0 0.8860619 0.463567 -0.9606312 0.09195506 -0.262168 -0.8232054 0.5611869 0.08603636 -0.3990551 0.7805046 0.4812149 -0.9520028 0.01762957 -0.3055812 -0.8461012 0.01762808 -0.5327306 -0.8422506 0.0822663 -0.5327722 -0.9930016 0.117515 -0.01175255 -0.7535442 0.4638701 0.4658282 -0.9508669 0.08608659 -0.2973906 -0.8538832 -0.03916994 -0.5189887 -0.9999005 -0.007826834 0.01174062 -0.9233279 0.05868603 0.3795015 -0.7141954 0.6868019 -0.135012 0 0.99521 -0.09776057 -0.9644265 -0.01173765 -0.2640905 0.3990563 0.7805054 0.4812124 0.7120547 0.6866245 -0.1467138 -0.7552945 -0.07044205 0.6515889 -0.6495224 -0.6240891 -0.4343197 0.8181418 0.5676102 0.09199227 0.7490617 0.475254 0.4615627 0.9068828 0.09989452 0.4093712 0.9685088 0.01565291 -0.248487 0.9857504 0.1682028 -0.001956522 0.9534916 0.1448839 -0.264315 0.9468454 0.1017279 -0.305181 0.8399277 0.09397788 -0.5344995 0.8395941 0.1174252 -0.5303707 0.9962348 0.07633291 0.04110199 0.9483916 0.1251483 -0.2913611 0.8544121 -0.03910365 -0.5181224 0.7206605 -0.007833152 0.6932439 0.6560632 -0.6168954 -0.4347658 0.9874476 0.1349188 0.08212413 0.9570549 -0.04892966 -0.2857477 0.229046 0.06851828 0.9710011 -0.007824603 -0.8353208 -0.5497071 0.7986905 0.1311578 0.5872743 0.9934143 -0.05279937 0.1016872 0.8821362 -0.3774985 -0.2816569 0.7638766 -0.3584332 -0.5366732 0.820715 -0.03917505 0.5699932 0.4066313 -0.8406315 -0.3577566 0.272152 -0.6872346 -0.6735294 0.9163554 -0.3896458 0.09202655 0.4437421 -0.8953013 0.03909621 0 -0.9291493 -0.3697047 0 -0.7386984 -0.6740363 -0.3013933 -0.6771553 -0.6712846 0.7948022 -0.3641223 0.4854939 -0.4327673 -0.8263699 -0.3603129 -0.7775368 -0.3309906 -0.534679 0 -0.9997244 0.02347826 -0.8920738 -0.3501787 -0.2856206 -0.4756379 -0.8788546 0.03718954 -0.9565187 -0.04890189 -0.2875425 -0.9280993 -0.3602757 0.0939846 -0.9938476 0.08999408 0.06456077 -0.99361 -0.05280972 0.09975137 -0.8143005 0.1115746 0.5696191 -0.8340477 -0.04111528 0.5501582 -0.2621443 0.03325707 0.9644555 -0.2309892 0.2525222 0.9396151 -0.009782597 0.1662941 0.9860277 -0.285912 0.1116225 0.9517326 0.2135279 0.2507451 0.9442102 -0.001955029 0.2778197 0.9606313 0.2584341 0.1135529 0.9593318 0 0.1115055 0.9937639 0.3265172 -0.1857429 0.9267612 -0.3503469 -0.1761525 0.9199062 0 -0.1488193 0.9888645 0.3973334 -0.5402147 0.7418183 0 -0.5946655 0.8039733 0.3835442 -0.8355757 0.3933283 0 -0.9282059 0.3720671 -0.408769 -0.8273162 0.3852996 -0.4420363 -0.5163611 0.733468 -0.8161227 -0.3366265 0.4697089 0 0.813865 -0.5810539 -0.369649 0.7236487 -0.5828312 0 0.9795138 -0.2013774 0.3701715 0.7227151 -0.5836574 -0.4445226 0.8675041 -0.2232403 -0.6279344 0.506651 -0.590765 0.4441304 0.8667405 -0.2269565 0.6260206 0.5066869 -0.5927619 0 0.9790455 0.2036424 -0.7939196 0.5592649 -0.2385678 -0.8415319 0.09198195 -0.5323191 0.7945265 0.5557775 -0.2446204 0.8481818 0.02938211 -0.5288898 0.4520813 0.8748057 0.1741768 0.9606312 0.09195506 -0.262168 0.8232056 0.561187 0.0860334 0.9520028 0.01762957 -0.3055812 0.8461012 0.01762808 -0.5327308 0.8422506 0.0822663 -0.5327722 0.9930018 0.1175136 -0.01175255 0.9508669 0.08608679 -0.2973906 0.8538832 -0.0391692 -0.5189887 0.9999005 -0.007826834 0.01174062 0.7535442 0.4638701 0.4658282 0.9565187 -0.04890189 -0.2875425 0.923327 0.05868597 0.3795041 0.3990557 0.7805056 0.4812126 0.7141947 0.6868026 -0.1350118 0.9644265 -0.01173765 -0.2640905 0 0.99521 -0.09776057 0.7552938 -0.0704418 0.6515897 0.6495224 -0.6240891 -0.4343197 0 0.886061 0.4635688 -0.3990557 0.7805043 0.4812147 -0.7120547 0.6866245 -0.1467138 -0.4540977 0.8729661 0.1781165 -0.8181425 0.5676093 0.09199235 -0.7490602 0.4752545 0.4615648 -0.9068828 0.09989452 0.4093712 -0.9685088 0.01565291 -0.248487 -0.9857503 0.1682043 -0.001956522 -0.9534916 0.1448839 -0.264315 -0.9468452 0.1017279 -0.3051813 -0.8399277 0.09397788 -0.5344995 -0.8395941 0.1174252 -0.5303707 -0.9962348 0.07633291 0.04110199 -0.9483916 0.1251483 -0.2913611 -0.8544122 -0.0391029 -0.5181223 -0.7206613 -0.007833347 0.6932431 -0.6560632 -0.6168954 -0.4347658 -0.9874475 0.1349188 0.08212337 -0.9570551 -0.04892892 -0.2857474 -0.2290457 0.06851819 0.9710013 0.007824603 -0.8353208 -0.5497071 -0.7986912 0.1311579 0.5872734 -0.9934142 -0.05279937 0.1016879 -0.8821362 -0.3774985 -0.2816569 -0.7638766 -0.3584332 -0.5366732 -0.8207143 -0.03917501 0.5699942 -0.4066318 -0.840631 -0.3577571 -0.272152 -0.6872345 -0.6735295 -0.9163553 -0.3896458 0.09202728 -0.4437421 -0.8953013 0.03909621 0 -0.9291493 -0.3697047 0 -0.7386984 -0.6740363 0.3013932 -0.6771551 -0.6712846 -0.7948017 -0.3641221 0.4854951 0.4327677 -0.8263692 -0.3603137 0.7775368 -0.3309906 -0.534679 0 -0.9997244 0.02347826 0.8920735 -0.35018 -0.2856204 0.4756379 -0.8788546 0.03718954 -0.3835442 -0.8355757 0.3933283 0 -0.9282059 0.3720671 -0.3973334 -0.5402147 0.7418183 0.408769 -0.8273162 0.3852996 0 -0.5946655 0.8039733 -0.3265172 -0.1857429 0.9267612 0.4420363 -0.5163611 0.733468 -0.2584337 0.1135535 0.9593319 0.8161226 -0.3366249 0.4697102 0.3503469 -0.1761525 0.9199062 0 -0.1488193 0.9888645 0 0.1115053 0.9937638 0.9280993 -0.3602757 0.0939846 0.8340477 -0.04111528 0.5501582 0.9936098 -0.05280971 0.09975284 0.2859115 0.1116223 0.9517327 0.9938476 0.08999408 0.06456077 0.8142998 0.1115745 0.5696201 0.2621443 0.03325707 0.9644555 0.2309886 0.2525215 0.9396154 0.009782596 0.1662943 0.9860277 0.001955034 0.2778208 0.9606309 -0.2135273 0.2507444 0.9442105 0.5864039 0.1622492 0.7936031 0.4286662 -0.7594633 0.4893474 0.870849 0.1682999 0.4618412 0.08418031 0.0881075 0.9925476 0.4288912 -0.8382039 0.336848 0.9670293 0.1605096 0.1977148 0.1565582 -0.211352 0.9647902 -0.4206887 -0.07631791 0.9039893 0.0958021 -0.8426687 0.5298411 -0.750669 -0.2443614 0.613827 0.1156004 -0.9247969 0.3624741 -0.8604729 -0.3422431 0.3774336 0.1291015 -0.9369611 0.3247102 -0.9005663 -0.4091738 0.1468241 0.4109701 -0.861076 0.2994192 0.129108 -0.9428718 0.3071221 -0.8772424 -0.4699575 -0.09790633 0.4107595 -0.8665073 0.2836224 0.9917001 0.1251817 -0.02933742 0.1253231 -0.9457993 0.2995964 0.4229684 -0.865523 0.268268 0.9626204 0.02152327 -0.2699975 0.109522 -0.9544014 0.27771 0.4329048 -0.8697199 0.2370251 0.8517229 -0.1527311 -0.5012398 -0.7695023 -0.5325895 -0.352441 0.4286966 -0.9024213 0.04307007 0.5776668 -0.3759744 -0.7245305 0.06651263 -0.5516632 -0.8314108 0.08226454 -0.9930455 0.08422106 -0.4616863 -0.5868819 -0.6651431 0.135008 -0.7924425 -0.5948176 -0.5864039 0.1622492 0.7936031 -0.870849 0.1682999 0.4618412 -0.4286662 -0.7594633 0.4893474 -0.08418031 0.0881075 0.9925476 -0.4288912 -0.8382039 0.336848 -0.9670293 0.1605096 0.1977148 -0.1565582 -0.211352 0.9647902 0.4206887 -0.07631791 0.9039893 -0.0958021 -0.8426687 0.5298411 0.750669 -0.2443614 0.613827 -0.1156004 -0.9247969 0.3624741 0.8604729 -0.3422431 0.3774336 -0.1291015 -0.9369611 0.3247102 0.9005663 -0.4091738 0.1468241 -0.4109701 -0.861076 0.2994192 -0.129108 -0.9428718 0.3071221 0.8772424 -0.4699575 -0.09790633 -0.4107595 -0.8665073 0.2836224 -0.9917001 0.1251817 -0.02933742 -0.1253231 -0.9457993 0.2995964 -0.4229684 -0.865523 0.268268 -0.9626204 0.02152327 -0.2699975 -0.109522 -0.9544014 0.27771 -0.4329048 -0.8697199 0.2370251 -0.8517229 -0.1527311 -0.5012398 0.7695023 -0.5325895 -0.352441 -0.4286966 -0.9024213 0.04307007 -0.5776668 -0.3759744 -0.7245305 -0.06651263 -0.5516632 -0.8314108 -0.08226454 -0.9930455 0.08422106 0.4616863 -0.5868819 -0.6651431 -0.135008 -0.7924425 -0.5948176</float_array>
          <technique_common>
            <accessor source="#geom-heiho_body__body_m-normals-array" count="1395" stride="3">
              <param name="X" type="float"/>
              <param name="Y" type="float"/>
              <param name="Z" type="float"/>
            </accessor>
          </technique_common>
        </source>
        <source id="geom-heiho_body__body_m-map-2">
          <float_array id="geom-heiho_body__body_m-map-2-array" count="8250">1 1 1 1 1 1 1 1 1 1 1 1 1 1 1 1 1 1 1 1 1 1 1 1 1 1 1 1 1 1 1 1 1 1 1 1 1 1 1 1 1 1 1 1 1 1 1 1 1 1 1 1 1 1 1 1 1 1 1 1 1 1 1 1 1 1 1 1 1 1 1 1 1 1 1 1 1 1 1 1 1 1 1 1 1 1 1 1 1 1 1 1 1 1 1 1 1 1 1 1 1 1 1 1 1 1 1 1 1 1 1 1 1 1 1 1 1 1 1 1 1 1 1 1 1 1 1 1 1 1 1 1 1 1 1 1 1 1 1 1 1 1 1 1 1 1 1 1 1 1 1 1 1 1 1 1 1 1 1 1 1 1 1 1 1 1 1 1 1 1 1 1 1 1 1 1 1 1 1 1 1 1 1 1 1 1 1 1 1 1 1 1 1 1 1 1 1 1 1 1 1 1 1 1 1 1 1 1 1 1 1 1 1 1 1 1 1 1 1 1 1 1 1 1 1 1 1 1 1 1 1 1 1 1 1 1 1 1 1 1 1 1 1 1 1 1 1 1 1 1 1 1 1 1 1 1 1 1 1 1 1 1 1 1 1 1 1 1 1 1 1 1 1 1 1 1 1 1 1 1 1 1 1 1 1 1 1 1 1 1 1 1 1 1 1 1 1 1 1 1 1 1 1 1 1 1 1 1 1 1 1 1 1 1 1 1 1 1 1 1 1 1 1 1 1 1 1 1 1 1 1 1 1 1 1 1 1 1 1 1 1 1 1 1 1 1 1 1 1 1 1 1 1 1 1 1 1 1 1 1 1 1 1 1 1 1 1 1 1 1 1 1 1 1 1 1 1 1 1 1 1 1 1 1 1 1 1 1 1 1 1 1 1 1 1 1 1 1 1 1 1 1 1 1 1 1 1 1 1 1 1 1 1 1 1 1 1 1 1 1 1 1 1 1 1 1 1 1 1 1 1 1 1 1 1 1 1 1 1 1 1 1 1 1 1 1 1 1 1 1 1 1 1 1 1 1 1 1 1 1 1 1 1 1 1 1 1 1 1 1 1 1 1 1 1 1 1 1 1 1 1 1 1 1 1 1 1 1 1 1 1 1 1 1 1 1 1 1 1 1 1 1 1 1 1 1 1 1 1 1 1 1 1 1 1 1 1 1 1 1 1 1 1 1 1 1 1 1 1 1 1 1 1 1 1 1 1 1 1 1 1 1 1 1 1 1 1 1 1 1 1 1 1 1 1 1 1 1 1 1 1 1 1 1 1 1 1 1 1 1 1 1 1 1 1 1 1 1 1 1 1 1 1 1 1 1 1 1 1 1 1 1 1 1 1 1 1 1 1 1 1 1 1 1 1 1 1 1 1 1 1 1 1 1 1 1 1 1 1 1 1 1 1 1 1 1 1 1 1 1 1 1 1 1 1 1 1 1 1 1 1 1 1 1 1 0 0 0 0 0 0 1 1 1 1 1 1 1 1 1 0 0 0 1 1 1 1 1 1 1 1 1 1 1 1 1 1 1 1 1 1 1 1 1 1 1 1 1 1 1 1 1 1 1 1 1 1 1 1 1 1 1 1 1 1 1 1 1 0 0 0 1 1 1 1 1 1 0 0 0 0 0 0 1 1 1 0 0 0 1 1 1 1 1 1 1 1 1 1 1 1 1 1 1 1 1 1 1 1 1 1 1 1 1 1 1 1 1 1 1 1 1 1 1 1 1 1 1 1 1 1 1 1 1 0 0 0 0 0 0 0 0 0 1 1 1 0 0 0 1 1 1 1 1 1 0 0 0 1 1 1 1 1 1 1 1 1 1 1 1 1 1 1 1 1 1 1 1 1 1 1 1 1 1 1 1 1 1 1 1 1 1 1 1 1 1 1 1 1 1 1 1 1 0 0 0 1 1 1 1 1 1 0 0 0 0 0 0 1 1 1 0 0 0 1 1 1 1 1 1 1 1 1 1 1 1 1 1 1 1 1 1 1 1 1 1 1 1 1 1 1 1 1 1 1 1 1 1 1 1 1 1 1 1 1 1 1 1 1 0 0 0 0 0 0 1 1 1 1 1 1 1 1 1 1 1 1 1 1 1 1 1 1 1 1 1 1 1 1 1 1 1 1 1 1 1 1 1 1 1 1 1 1 1 1 1 1 1 1 1 1 1 1 0 0 0 0 0 0 0 0 0 0 0 0 0 0 0 1 1 1 1 1 1 1 1 1 0 0 0 1 1 1 1 1 1 1 1 1 0 0 0 0 0 0 1 1 1 1 1 1 0 0 0 0 0 0 1 1 1 1 1 1 1 1 1 1 1 1 1 1 1 1 1 1 1 1 1 1 1 1 1 1 1 1 1 1 1 1 1 1 1 1 1 1 1 1 1 1 1 1 1 1 1 1 1 1 1 1 1 1 1 1 1 1 1 1 1 1 1 1 1 1 1 1 1 1 1 1 1 1 1 1 1 1 1 1 1 1 1 1 1 1 1 1 1 1 1 1 1 1 1 1 1 1 1 1 1 1 1 1 1 1 1 1 1 1 1 1 1 1 1 1 1 1 1 1 1 1 1 1 1 1 0 0 0 0 0 0 0 0 0 0 0 0 0 0 0 1 1 1 0 0 0 0 0 0 0 0 0 1 1 1 0 0 0 1 1 1 1 1 1 1 1 1 1 1 1 1 1 1 1 1 1 0 0 0 1 1 1 0 0 0 0 0 0 0 0 0 0 0 0 0 0 0 1 1 1 0 0 0 0 0 0 1 1 1 0 0 0 0 0 0 1 1 1 1 1 1 1 1 1 1 1 1 1 1 1 1 1 1 1 1 1 1 1 1 1 1 1 1 1 1 1 1 1 1 1 1 1 1 1 1 1 1 1 1 1 1 1 1 1 1 1 1 1 1 1 1 1 1 1 1 1 1 1 1 1 1 1 1 1 1 1 1 1 1 1 1 1 1 1 1 1 1 1 1 0 0 0 0 0 0 0 0 0 0 0 0 0 0 0 1 1 1 1 1 1 1 1 1 1 1 1 1 1 1 1 1 1 1 1 1 1 1 1 1 1 1 1 1 1 1 1 1 1 1 1 1 1 1 1 1 1 1 1 1 1 1 1 1 1 1 1 1 1 1 1 1 1 1 1 0 0 0 1 1 1 0 0 0 1 1 1 1 1 1 0 0 0 1 1 1 1 1 1 0 0 0 1 1 1 1 1 1 1 1 1 1 1 1 1 1 1 0 0 0 1 1 1 0 0 0 0 0 0 0 0 0 1 1 1 0 0 0 0 0 0 0 0 0 0 0 0 0 0 0 0 0 0 0 0 0 0 0 0 0 0 0 0 0 0 1 1 1 0 0 0 0 0 0 0 0 0 0 0 0 0 0 0 0 0 0 0 0 0 1 1 1 1 1 1 1 1 1 1 1 1 1 1 1 1 1 1 1 1 1 1 1 1 1 1 1 1 1 1 1 1 1 0 0 0 0 0 0 1 1 1 0 0 0 1 1 1 1 1 1 1 1 1 1 1 1 1 1 1 0 0 0 0 0 0 1 1 1 1 1 1 1 1 1 1 1 1 0 0 0 1 1 1 0 0 0 0 0 0 1 1 1 0 0 0 0 0 0 0 0 0 0 0 0 0 0 0 0 0 0 1 1 1 0 0 0 0 0 0 0 0 0 0 0 0 0 0 0 0 0 0 0 0 0 0 0 0 0 0 0 0 0 0 0 0 0 0 0 0 0 0 0 0 0 0 1 1 1 1 1 1 1 1 1 1 1 1 1 1 1 1 1 1 1 1 1 1 1 1 1 1 1 1 1 1 1 1 1 1 1 1 1 1 1 1 1 1 1 1 1 1 1 1 1 1 1 1 1 1 0 0 0 1 1 1 1 1 1 0 0 0 0 0 0 1 1 1 1 1 1 0 0 0 1 1 1 1 1 1 0 0 0 1 1 1 1 1 1 1 1 1 1 1 1 0 0 0 1 1 1 1 1 1 0 0 0 1 1 1 1 1 1 1 1 1 1 1 1 1 1 1 1 1 1 1 1 1 1 1 1 1 1 1 1 1 1 1 1 1 1 1 1 1 1 1 1 1 1 1 1 1 1 1 1 1 1 1 1 1 1 1 1 1 1 1 1 1 1 1 1 1 1 1 1 1 1 1 1 1 1 1 1 1 1 1 1 1 1 1 1 1 1 1 1 1 1 1 1 1 1 1 1 1 1 1 1 1 1 1 1 1 1 1 1 1 1 1 1 1 1 1 1 1 1 1 1 1 1 1 1 1 1 1 1 1 1 1 1 1 1 1 1 1 1 1 1 1 1 1 1 1 1 1 1 1 1 1 1 1 1 1 1 1 1 1 1 1 1 1 1 1 1 1 1 1 1 1 1 1 1 1 1 1 1 1 1 1 1 1 1 1 1 1 1 1 1 1 1 1 1 1 1 1 1 1 1 1 1 1 1 1 1 1 1 1 1 1 1 1 1 1 1 1 1 1 1 1 1 1 1 1 1 1 1 1 1 1 1 1 1 1 1 1 1 1 1 1 1 1 1 1 1 1 1 1 1 1 1 1 1 1 1 1 1 1 1 1 1 1 1 1 1 1 1 1 1 1 1 1 1 1 1 1 1 1 1 1 1 1 1 1 1 1 1 1 1 1 1 1 1 1 1 1 1 1 1 1 1 1 1 1 1 1 1 1 1 1 1 1 1 1 1 1 1 1 1 1 1 1 1 1 1 1 1 1 1 1 1 1 1 1 1 1 1 1 1 1 1 1 1 1 1 1 1 1 1 1 1 1 1 1 1 1 1 1 1 1 1 1 1 1 1 1 1 1 1 1 1 1 1 1 1 1 1 1 1 1 1 1 1 1 1 1 1 1 1 1 1 1 1 1 1 1 1 1 1 1 1 1 1 1 1 1 1 1 1 1 1 1 1 1 1 1 1 1 1 1 1 1 1 1 1 1 1 1 1 1 1 1 1 1 1 1 1 1 1 1 1 1 1 1 1 1 1 1 1 1 1 1 1 1 1 1 1 1 1 1 1 1 1 1 1 1 1 1 1 1 1 1 1 1 1 1 1 1 1 1 1 1 1 1 1 1 1 1 1 1 1 1 1 1 1 1 1 1 1 1 1 1 1 1 1 1 1 1 1 1 1 1 1 1 1 1 1 1 1 1 1 1 1 1 1 1 1 1 1 1 1 1 1 1 1 1 1 1 1 1 1 1 1 1 1 1 1 1 1 1 1 1 1 1 1 1 1 1 1 1 1 1 1 1 1 1 1 1 1 1 1 1 1 1 1 1 1 1 1 1 1 1 1 1 1 1 1 1 1 1 1 1 1 1 1 1 1 1 1 1 1 1 1 1 1 1 1 1 1 1 1 1 1 1 1 1 1 1 1 1 1 1 1 0 0 0 0 0 0 0 0 0 0 0 0 0 0 0 0 0 0 0 0 0 0 0 0 0 0 0 0 0 0 0 0 0 0 0 0 0 0 0 0 0 0 0 0 0 0 0 0 0 0 0 1 1 1 1 1 1 1 1 1 1 1 1 1 1 1 1 1 1 1 1 1 1 1 1 1 1 1 1 1 1 1 1 1 1 1 1 1 1 1 1 1 1 1 1 1 1 1 1 1 1 1 1 1 1 1 1 1 1 1 1 1 1 1 1 1 1 1 1 1 1 1 1 1 1 1 1 1 1 1 1 1 1 1 1 1 1 1 1 1 1 1 1 1 1 1 1 1 1 1 1 1 1 1 1 1 1 1 1 1 1 1 1 1 1 1 1 1 1 1 1 1 1 1 1 1 1 1 1 1 1 1 1 1 1 1 1 1 1 1 1 1 1 1 1 1 1 1 1 1 1 1 1 1 1 1 1 1 1 1 1 1 1 1 1 1 1 1 1 1 1 1 1 1 1 1 1 1 1 1 1 1 1 1 1 1 1 1 1 1 1 1 1 1 1 1 1 1 1 1 1 1 1 1 1 1 1 1 1 1 1 1 1 1 1 1 1 1 1 1 1 1 1 1 1 1 1 1 1 1 1 1 1 1 1 1 1 1 1 1 1 1 1 1 1 1 1 1 1 1 1 1 1 1 1 1 1 1 1 1 1 1 1 1 1 1 1 1 1 1 1 1 1 1 1 1 1 1 1 1 1 1 1 1 1 1 1 1 1 1 1 1 1 1 1 1 1 1 1 1 1 1 1 1 1 1 1 1 1 1 1 1 1 1 1 1 1 1 1 1 1 1 1 1 1 1 1 1 1 1 1 1 1 1 1 1 1 1 1 1 1 1 1 1 1 1 1 1 1 1 1 1 1 1 1 1 1 1 1 1 1 1 1 1 1 1 1 1 1 1 1 1 1 1 1 1 1 1 1 1 1 1 1 1 1 1 1 1 1 1 1 1 1 1 1 1 1 1 1 1 1 1 1 1 1 1 1 1 1 1 1 1 1 1 1 1 1 1 1 1 1 1 1 1 1 1 1 1 1 1 1 1 1 1 1 1 1 1 1 1 1 1 1 1 1 1 1 1 1 1 1 1 1 1 1 1 1 1 1 1 1 1 1 1 1 1 1 1 1 1 1 1 1 1 1 1 1 1 1 1 1 1 1 1 1 1 1 1 1 1 1 1 1 1 1 1 1 1 1 1 1 1 1 1 1 1 1 1 1 1 1 1 1 1 1 1 1 1 1 1 1 1 1 1 1 1 1 1 1 1 1 1 1 1 1 1 1 1 1 1 1 1 1 1 1 1 1 1 1 1 1 1 1 1 1 1 1 1 1 1 1 1 1 1 1 1 1 1 1 1 1 1 1 1 1 1 1 1 1 1 1 1 1 1 1 1 1 1 1 1 1 1 1 1 1 1 1 1 1 1 1 1 1 1 1 1 1 1 1 1 1 1 1 1 1 1 1 1 1 1 1 1 1 1 1 1 1 1 1 1 1 1 1 1 1 1 1 1 1 1 1 1 1 1 1 1 1 1 1 1 1 1 1 1 1 1 1 1 1 1 1 1 1 1 1 1 1 1 1 1 1 1 1 1 1 1 1 1 1 1 1 1 1 1 1 1 1 1 1 1 1 1 1 1 1 1 1 1 1 1 1 1 1 1 1 1 1 1 1 1 1 1 1 1 1 1 1 1 1 1 1 1 1 1 1 1 1 1 1 1 1 1 1 1 1 1 1 1 1 1 1 1 1 1 1 1 1 1 1 1 1 1 1 1 1 1 1 1 1 1 1 1 1 1 1 1 1 1 1 1 1 1 1 1 1 1 1 1 1 1 1 1 1 1 1 1 1 1 1 1 1 1 1 1 1 1 1 1 1 1 1 1 1 1 1 1 1 1 1 1 1 1 1 1 1 1 1 1 1 1 1 1 1 1 1 1 1 1 1 1 1 1 1 1 1 1 1 1 1 1 1 1 1 1 1 1 1 1 1 1 1 1 1 1 1 1 1 1 1 1 1 1 1 1 1 1 1 1 1 1 1 1 1 1 1 1 1 1 1 1 1 1 1 1 1 1 1 1 1 1 1 1 1 1 1 1 1 1 1 1 1 1 1 1 0 0 0 1 1 1 1 1 1 0 0 0 1 1 1 0 0 0 1 1 1 0 0 0 1 1 1 0 0 0 1 1 1 0 0 0 1 1 1 0 0 0 1 1 1 0 0 0 1 1 1 0 0 0 1 1 1 0 0 0 1 1 1 0 0 0 0 0 0 0 0 0 1 1 1 1 1 1 1 1 1 1 1 1 1 1 1 1 1 1 1 1 1 1 1 1 1 1 1 1 1 1 1 1 1 1 1 1 1 1 1 1 1 1 1 1 1 1 1 1 1 1 1 1 1 1 1 1 1 1 1 1 1 1 1 1 1 1 1 1 1 1 1 1 1 1 1 1 1 1 1 1 1 1 1 1 1 1 1 1 1 1 1 1 1 1 1 1 1 1 1 1 1 1 1 1 1 1 1 1 1 1 1 1 1 1 1 1 1 1 1 1 1 1 1 1 1 1 1 1 1 1 1 1 1 1 1 1 1 1 1 1 1 1 1 1 1 1 1 1 1 1 1 1 1 1 1 1 1 1 1 1 1 1 1 1 1 1 1 1 1 1 1 1 1 1 1 1 1 1 1 1 1 1 1 1 1 1 1 1 1 1 1 1 1 1 1 1 1 1 1 1 1 1 1 1 1 1 1 1 1 1 1 1 1 1 1 1 1 1 1 1 1 1 1 1 1 1 1 1 1 1 1 1 1 1 1 1 1 1 1 1 1 1 1 1 1 1 1 1 1 1 1 1 1 1 1 1 1 1 1 1 1 1 1 1 1 1 1 1 1 1 1 1 1 1 1 1 1 1 1 1 1 1 1 1 1 1 1 1 1 1 1 1 1 1 1 1 1 1 1 1 1 1 1 1 1 1 1 1 1 1 1 1 1 1 1 1 1 1 1 1 1 1 1 1 1 1 1 1 1 1 1 1 1 1 1 1 1 1 1 1 1 1 1 1 1 1 1 1 1 1 1 1 1 1 1 1 1 1 1 1 1 1 1 1 1 1 1 1 1 1 1 1 1 1 1 1 1 1 1 1 1 1 1 1 1 1 1 1 1 1 1 1 1 1 1 1 1 1 1 1 1 1 1 1 1 1 1 1 1 1 1 1 1 1 1 1 1 1 1 1 1 1 1 1 1 1 1 1 1 1 1 1 1 1 1 1 1 1 1 1 1 1 1 1 1 1 1 1 1 1 1 1 1 1 1 1 1 1 1 1 1 1 1 1 1 1 1 1 1 1 1 1 1 1 1 1 1 1 1 1 1 1 1 1 1 1 1 1 1 1 1 1 1 1 1 1 1 1 1 1 1 1 1 1 1 1 1 1 1 1 1 1 1 1 1 1 1 1 1 1 1 1 1 1 1 1 1 1 1 1 1 1 1 1 1 1 1 1 1 1 1 1 1 1 1 1 1 1 1 1 1 1 1 1 1 1 1 1 1 1 1 1 1 1 1 1 1 1 1 1 1 1 1 0 0 0 1 1 1 1 1 1 0 0 0 1 1 1 0 0 0 1 1 1 0 0 0 1 1 1 0 0 0 1 1 1 0 0 0 1 1 1 0 0 0 0 0 0 1 1 1 0 0 0 1 1 1 0 0 0 0 0 0 1 1 1 0 0 0 0 0 0 1 1 1 1 1 1 0 0 0 1 1 1 1 1 1 0 0 0 1 1 1 0 0 0 1 1 1 1 1 1 0 0 0 1 1 1 0 0 0 1 1 1 0 0 0 1 1 1 0 0 0 1 1 1 0 0 0 1 1 1 0 0 0 1 1 1 0 0 0 0 0 0 1 1 1 0 0 0 1 1 1 0 0 0 0 0 0 1 1 1 0 0 0 0 0 0 1 1 1 1 1 1 0 0 0 1 1 1 1 1 1 0 0 0 1 1 1 0 0 0 1 1 1 1 1 1 1 1 1 1 1 1 1 1 1 1 1 1 1 1 1 1 1 1 1 1 1 1 1 1 1 1 1 1 1 1 1 1 1 1 1 1 1 1 1 1 1 1 1 1 1 1 1 1 1 1 1 1 1 1 1 1 1 1 1 1 1 1 1 1 1 1 1 1 1 1 1 1 1 1 1 1 1 1 1 1 1 1 1 1 1 1 1 1 1 1 1 1 1 1 1 1 1 1 1 1 1 1 1 1 1 1 1 1 1 1 1 1 1 1 1 1 1 1 1 1 1 1 1 1 1 1 1 1 1 1 1 1 1 1 1 1 1 1 1 1 1 1 1 1 1 1 1 1 1 1 1 1 1 1 1 1 1 1 1 1 1 1 1 1 1 1 1 1 1 1 1 1 1 1 1 1 1 1 1 1 1 1 1 1 1 1 1 1 1 1 1 1 1 1 1 1 1 1 1 1 1 1 1 1 1 1 1 1 1 1 1 1 1 1 1 1 1 1 1 1 1 1 1 1 1 1 1 1 1 1 1 1 1 1 1 1 1 1 1 1 1 1 1 1 1 1 1 1 1 1 1 1 1 1 1 1 1 1 1 1 1 1 1 1 1 1 1 1 1 1 1 1 1 1 1 1 1 1 1 1 1 1 1 1 1 1 1 1 1 1 1 1 1 1 1 1 1 1 1 1 1 1 1 1 1 1 1 1 1 1 1 1 1 1 1 1 1 1 1 1 1 1 1 1 1 1 1 1 1 1 1 1 1 1 1 1 1 1 1 1 1 1 1 1 1 1 1 1 1 1 1 1 1 1 1 1 1 1 1 1 1 1 1 1 1 1 1 1 1 1 1 1 1 1 1 1 1 1 1 1 1 1 1 1 1 1 1 1 1 1 1 1 1 1 1 1 1 1 1 1 1 1 1 1 1 1 1 1 1 1 1 1 1 1 1 1 1 1 1 1 1 1 1 1 1 1 1 1 1 1 1 1 1 1 1 1 1 1 1 1 1 1 1 1 1 1 1 1 1 1 1 1 1 1 1 1 1 1 1 1 1 1 1 1 1 1 1 1 1 1 1 1 1 1 1 1 1 1 1 1 1 1 1 1 1 1 1 1 1 1 1 1 1 1 1 1 1 1 1 1 1 1 1 1 1 1 1 1 1 1 1 1 1 1 1 1 1 1 1 1 1 1 1 1 1 1 1 1 1 1 1 1 1 1 1 1 1 1 1 1 1 1 1 1 1 1 1 1 1 1 1 1 1 1 1 1 1 1 1 1 1 1 1 1 1 1 1 1 1 1 1 1 1 1 1 1 1 1 1 1 1 1 1 1 1 1 1 1 1 1 1 1 1 1 1 1 1 1 1 1 1 1 1 1 1 1 1 1 1 1 1 1 1 1 1 1 1 1 1 1 1 1 1 1 1 1 1 1 1 1 1 1 1 1 1 1 1 1 1 1 1 1 1 1 1 1 1 1 1 1 1 1 1 1 1 1 1 1 1 1 1 1 1 1 1 1 1 1 1 1 1 1 1 1 1 1 1 1 1 1 1 1 1 1 1 1 1 1 1 1 1 1 1 1 1 1 1 1 1 1 1 1 1 1 1 1 1 1 1 1 1 1 1 1 1 1 1 1 1 1 1 1 1 1 1 1 1 1 1 1 1 1 1 1 1 1 1 1 1 1 1 1 1 1 1 1 1 1 1 1 1 1 1 1 1 1 1 1 1 1 1 1 1 1 1 1 1 1 1 1 1 1 1 1 1 1 1 1 1 1 1 1 1 1 1 1 1 1 1 1 1 1 1 1 1 1 1 1 1 1 1 1 1 1 1 1 1 1 1 1 1 1 1 1 1 1 1 1 1 1 1 1 1 1 1 1 1 1 1 1 1 1 1 1 1 1 1 1 1 1 1 1 1 1 1 1 1 1 1 1 1 1 1 1 1 1 1 1 1 1 1 1 1 1 1 1 1 1 1 1 1 1 1 1 1 1 1 1 1 1 1 1 1 1 1 1 1 1 1 1 1 1 1 1 1 1 1 1 1 1 1 1 1 1 1 1 1 1 1 1 1 1 1 1 1 1 1 1 1 1 1 1 1 1 1 1 1 1 1 1 1 1 1 1 1 1 1 1 1 1 1 1 1 1 1 1 1 1 1 1 1 1 1 1 1 1 1 1 1 1 1 1 1 1 1 1 1 1 1 1 1 1 1 1 1 1 1 1 1 1 1 1 1 1 1 1 1 1 1 1 1 1 1 1 1 1 1 1 1 1 1 1 1 1 1 1 1 1 1 1 1 1 1 1 1 1 1 1 1 1 1 1 1 1 1 1 1 1 1 1 1 1 1 1 1 1 1 1 1 1 1 1 1 1 1 1 1 1 1 1 1 1 1 1 1 1 1 1 1 1 1 1 1 1 1 1 1 1 1 1 1 1 1 1 1 1 1 1 1 1 1 1 1 1 1 1 1 1 1 1 1 1 1 1 1 1 1 1 1 1 1 1 1 1 1 1 1 1 1 1 1 1 1 1 1 1 1 1 1 1 1 1 1 1 1 1 1 1 1 1 1 1 1 1 1 1 1 1 1 1 1 1 1 1 1 1 1 1 1 1 1 1 1 1 1 1 1 1 1 1 1 1 1 1 1 1 1 1 1 1 1 1 1 1 1 1 1 1 1 1 1 1 1 1 1 1 1 1 1 1 1 1 1 1 1 1 1 1 1 1 1 1 1 1 1 1 1 1 1 1 1 1 1 1 1 1 1 1 1 1 1 1 1 1 1 1 1 1 1 1 1 1 1 1 1 1 1 1 1 1 1 1 1 1 1 1 1 1 1 1 1 1 1 1 1 1 1 1 1 1 1 1 1 1 1 1 1 1 1 1 1 1 1 1 1 1 1 1 1 1 1 1 1 1 1 1 1 1 1 1 1 1 1 1 1 1 1 1 1 1 1 1 1 1 1 1 1 1 1 1 1 1 1 1 1 1 1 1 1 1 1 1 1 1 1 1 1 1 1 1 1 1 1 1 1 1 1 1 1 1 1 1 1 1 1 1 1 1 1 1 1 1 1 1 1 1 1 1 1 1 1 1 1 1 1 1 1 1 1 1 1 1 1 1 1 1 1 1 1 1 1 1 1 1 1 1 1 1 1 1 1 1 1 1 1 1 1 1 1 1 1 1 1 1 1 1 1 1 1 1 1 1 1 1 1 1 1 1 1 1 1 1 1 1 1 1 1 1 1 1 1 1 1 1 1 1 1 1 1 1 1 1 1 1 1 1 1 1 1 1 1 1 1 1 1 1 1 1 1 1 1 1 1 1 1 1 1 1 1 1 1 1 1 1 1 1 1 1 1 1 1 1 1 1 1 1 1 1 1 1 1 1 1 1 1 1 1 1 1 1 1 1 1 1 1 1 1 1 1 1 1 1 1 1 1 1 1 1 1 1 1 1 1 1 1 1 1 1 1 1 1 1 1 1 1 1 1 1 1 1 1 1 1 1 1 1 1 1 1 1 1 1 1 1 1 1 1 1 1 1 1 1 1 1 1 1 1 1 1 1 1 1 1 1 1 1 1 1 1 1 1 1 1 1 1 1 1 1 1 1 1 1 1 1 1 1 1 1 1 1 1 1 1 1 1 1 1 1 1 1 1 1 1 1 1 1 1 1 1 1 1 1 1 1 1 1 1 1 1 1 1 1 1 1 1 1 1 1 1 1 1 1 1 1 1 1 1 1 1 1 1 1 1 1 1 1 1 1 1 1 1 1 1 1 1 1 1 1 1 1 1 1 1 1 1 1 1 1 1 1 1 1 1 1 1 1 1 1 1 1 1 1 1 1 1 1 1 1 1 1 1 1 1 1 1 1 1 1 1 1 1 1 1 1 1 1 1 1 1 1 1 1 1 1 1 1 1 1 1 1 1 1 1 1 1 1 1 1 1 1 1 1 1 1 1 1 1 1 1 1 1 1 1 1 1 1 1 1 1 1 1 1 1 1 1 1 1 1 1 1 1 1 1 1 1 1 1 1 1 1 1 1 1 1 1 1 1 1 1 1 1 1 1 1 1 1 1 1 1 1 1 1 1 1 1 1 1 1 1 1 1 1 1 1 1 1 1 1 1 1 1 1 1 1 1 1 1 1 1 1 1 1 1 1 1 1 1 1 1 1 1 1 1 1 1 1 1 1 1 1 1 1 1 1 1 1 1 1 1 1 1 1 1 1 1 1 1 1 1 1 1 1 1 1 1 1 1 1 1 1 1 1 1 1 1 1 1 1 1 1 1 1 1 1 1 1 1 1 1 1 1 1 1 1 1 1 1 1 1 1 1 1 1 1 1 1 1 1 1 1 1 1 1 1 1 1 1 1 1 1 1 1 1 1 1 1 1 1 1 1 1 1 1 1 1 1 1 1 1 1 1 1 1 1 1 1 1 1 1 1 1 1 1 1 1 1 1 1 1 1 1 1 1 1 1 1 1 1 1 1 1 1 1 1 1 1 1 1 1 1 1 1 1 1 1 1 1 1 1 1 1 1 1 1 1 1 1 1 1 1 1 1 1 1 1 1 1 1 1 1 1 1 1 1 1 1 1 1 1 1 1 1 1 1 1 1 1 1 1 1 1 1 1 1 1 1 1 1 1 1 1 1 1 1 1 1 1 1 1 1 1 1 1 1 1 1 1 1 1 1 1 1 1 1 1 1 1 1 1 1 1 1 1 1 1 1 1 1 1 1 1 1 1 1 1 1 1 1 1 1 1 1 1 1 1 1 1 1 1 1 1 1 1 1 1 1 1 1 1 1 1 1 1 1 1 1 1 1 1 1 1 1 1 1 1 1 1 1 1 1 1 1 1 1 1 1 1 1 1 1 1 1 1 1 1 1 1 1 1 1 1 1 1 1 1 1 1 1 1 1 1 1 1 1 1 1 1 1 1 1 1 1 1 1 1 1 1 1 1 1 1 1 1 1 1 1 1 1 1 1 1 1 1 1 1 1 1 1 1 1 1 1 1 1 1 1 1 1 1 1 1 1 1 1 1 1 1 1 1 1 1 1 1 1 1 1 1 1 1 1 1 1 1 1 1 1 1 1 1 1 1 1 1 1 1 1 1 1 1 1 1 1 1 1 1 1 1 1 1 1 1 1 1 1 1 1 1 1 1 1 1 1 1 1 1 1 1 1 1 1 1 1 1 1 1 1 1 1 1 1 1 1 1 1 1 1 1 1 1 1 1 1 1 1 1 1 1 1 1 1 1 1 1 1 1 1 1 1 1 1 1 1 1 1 1 1 1 1 1 1 1 1 1 1 1 1 1 1 1 1 1 1 1 1 1 1 1 1 1 1 1 1 1 1 1 1 1 1 1 1 1 1 1 1 1 1 1 1 1 1 1 1 1 1 1 1 1 1 1 1 1 1 1 1 1 1 1 1 1 1 1 1 1 1 1 1 1 1 1 1 1 1 1 1 1 1 1 1 1 1 1 1 1 1 1 1 1 1 1 1 1 1 1 1 1 1 1 1 1 1 1 1 1 1 1 1 1 1 1 1 1 1 1 1 1 1 1 1 1 1 1 1 1 1 1 1 1 1 1 1 1 1 1 1 1 1 1 1 1 1 1 1 1 1 1 1 1 1 1 1 1 1 1 1 1 1 1 1 1 1 1 1 1 1 1 1 1 1 1 1 1 1 1 1 1 1 1 1 1 1 1 1 1 1 1 1 1 1 1 1 1 1 1 1 1 1 1 1 1 1 1 1 1 1 1 1 1 1 1 1 1 1 1 1 1 1 1 1 1 1 1 1 1 1 1 1 1 1 1 1 1 1 1 1 1 1 1 1 1 1 1 1 1 1 1 1 1 1 1 1 1 1 1 1 1 1 1 1 1 1 1 1 1 1 1 1 1 1 1 1 1 1 1 1 1 1 1 1 1 1 1 1 1 1 1 1 1 1 1 1 1 1 1 1 1 1 1 1 1 1 1 1 1 1 1 1 1 1 1 1 1 1 1 1 1 1 1 1 1 1 1 1 1 1 1 1 1 1 1 1 1 1 1 1 1 1 1 1 1 1 1 1 1 1 1 1 1 1 1 1 1 1 1 1 1 1 1 1 1 1 1 1 1 1 1 1 1 1 1 1 1 1 1 1 1 1 1 1 1 1 1 1 1 1 1 1 1 1 1 1 1 1 1 1 1 1 1 1 1 1 1 1 1 1 1 1 1 1 1 1 1 1 1 1 1 1 1 1 1 1 1 1 1 1 1 1 1 1 1 1 1 1 1 1 1 1 1 1 1 1 1 1 1 1 1 1 1 1 1 1 1 1 1 1 1 1 1 1 1 1 1 1 1 1 1 1 1 1 1 1 1 1 1 1 1 1 1 1 1 1 1 1 1 1 1 1 1 1 1 1 1 1 1 1 1 1 1 1 1 1 1 1 1 1 1 1 1 1 1 1 1 1 1 1 1 1 1 1 1 1 1 1 1 1 1 1 1 1 1 1 1 1 1 1 1 1 1 1 1 1 1 1 1 1 1 1 1 1 1 1 1 1 1 1 1 1 1 1 1 1 1 1 1 1 1 1 1 1 1 1 1 1 1 1 1 1 1 1 1 1 1 1 1 1 1 1 1 1 1 1 1 1 1 1 1 1 1 1 1 1 1 1 1 1 1 1 1 1 1 1 1 1 1 1 1 1 1 1 1 1 1 1 1 1 1 1 1 1 1 1 1 1 1 1 1 1 1 1 1 1 1 1 1 1 1 1 1 1 1 1 1 1 1 1 1 1 1 1 1 1 1 1 1 1 1 1 1 1 1 1 1 1 1 1 1 1 1 1 1 1 1 1 1 1 1 1 1 1 1 1 1 1 1 1 1 1 1 1 1 1 1 1 1 1 1 1 1 1 1 1 1 1 1 1 1 1 1 1 1 1 1 1 1 1 1 1 1 1 1 1 1 1 1 1 1 1 1 1 1 1 1 1 1 1 1 1 1 1 1 1 1 1 1 1 1 1 1 1 1 1 1 1 1 1 1 1 1 1 1 1 1 1 1 1 1 1 1 1 1 1 1 1 1 1 1 1 1 1 1 1 1 1 1 1 1 1 1 1 1 1 1 1 1 1 1 1 1 1 1 1 1 1 1 1 1 1 1 1 1 1 1 1 1 1 1 1 1 1 1 1 1 1 1 1 1 1 1 1 1 1 1 1 1 1 1 1 1 1 1 1 1 1 1 1 1 1 1 1 1 1 1 1 1 1 1 1 1 1 1 1 1 1 1 1 1 1 1 1 1 1 1 1 1 1 1 1 1 1 1 1 1 1 1 1 1 1 1 1 1 1 1 1 1 1 1 1 1 1 1 1 1 1 1 1 1 1 1 1 1 1 1 1 1 1 1 1 1 1 1 1 1 1 1 1 1 1 1 1 1 1 1 1 1 1 1 1 1 1 1 1 1 1 1 1 1 1 1 1 1 1 1 1 1 1 1 1 1 1 1 1 1 1 1 1 1 1 1 1 1 1 1 1 1 1 1 1 1 1 1 1 1 1 1 1 1 1 1 1 1 1 1 1 1 1 1 1 1 1 1 1 1 1 1 1 1 1 1 1 1 1 1 1 1 1 1 1 1 1 1 1 1 1 1 1 1 1 1 1 1 1 1 1 1 1 1 1 1 1 1 1 1 1 1 1 1 1 1 1 1 1 1 1 1 1 1 1 1 1 1 1 1 1 1 1 1 1 1 1 1 1 1 1 1 1 1 1 1 1 1 1 1 1 1 1 1 1 1 1 1 1 1 1 1 1 1 1 1 1 1 1 1 1 1 1 1 1 1 1 1 1 1 1 1 1 1 1 1 1 1 1 1 1 1 1 1 1 1 1 1 1 1 1 1 1 1 1 1 1 1 1 1 1 1 1 1 1 1 1 1 1 1 1 1 1 1 1 1 1 1 1 1 1 1 1 1 1 1 1 1 1 1 1 1 1 1 1 1 1 1 1 1 1 1 1 1 1 1 1 1 1 1 1 1 1 1 1 1 1 1 1 1 1 1 1 1 1 1 1 1 1 1 1 1 1 1 1 1 1 1 1 1 1 1 1 1 1 1 1 1 1 1 1 1 1 1 1 1 1 1 1 1 1 1 1 1 1 1 1 1 1 1 1 1 1 1 1 1 1 1 1 1 1 1 1 1 1 1 1 1 1 1 1 1 1 1 1 1 1 1 1 1 1 1 1 1 1 1 1 1 1 1 1 1 1 1 1 1 1 1 1 1 1 1 1 1 1 1 1 1 1 1 1 1 1 1 1 1 1 1 1 1 1 1 1 1 1 1 1 1 1 1 1 1 1 1 1 1 1 1 1 1 1 1 1 1 1 1 1 1 1 1 1 1 1 1 1 1 1 1 1 1 1 1 1 1 1 1 1 1 1 1 1 1 1 1 1 1 1 1 1 1 1 1 1 1 1 1 1 1 1 1 1 1 1 1 1 1 1 1 1 1 1 1 1 1 1 1 1 1 1 1 1 1 1 1 1 1 1 1 1 1 1 1 1 1 1 1 1 1 1 1 1 1 1 1 1 1 1 1 1 1 1 1 1 1 1 1 1 1 1 1 1 1 1 1 1 1 1 1 1 1 1 1 1 1 1 1 1 1 1 1 1 1 1 1 1 1 1 1 1 1 1 1 1 1 1 1 1 1 1 1 1 1 1 1 1 1 1 1 1 1 1 1 1 1 1 1 1 1 1 1 1 1 1 1 1 1 1 1 1 1 1 1 1 1 1 1 1 1 1 1 1 1 1 1 1 1 1 1 1 1 1 1 1 1 1 1 1 1 1 1 1 1 1 1 1 1 1 1 1 1 1 1 1 1 1 1 1 1 1 1 1 1 1 1 1 1 1 1 1 1 1 1 1 1 1 1 1 1 1 1 1 1 1 1 1 1 1 1 1 1 1 1 1 1 1 1 1 1 1 1 1 1 1 1 1 1 1 1 1 1 1 1 1 1 1 1 1 1 1 1 1 1 1 1 1 1 1 1 1 1 1 1 1 1 1 1 1 1 1 1 1 1 1 1 1 1 1 1 1 1 1 1 1 1 1 1 1 1 1 1 1 1 1 1 1 1 1 1 1 1 1 1 1 1 1 1 1 1 1 1 1 1 1 1 1 1 1 1 1 1 1 1 1 1 1 1 1 1</float_array>
          <technique_common>
            <accessor source="#geom-heiho_body__body_m-map-2-array" count="2750" stride="3">
              <param name="R" type="float"/>
              <param name="G" type="float"/>
              <param name="B" type="float"/>
            </accessor>
          </technique_common>
        </source>
        <source id="geom-heiho_body__body_m-map1">
          <float_array id="geom-heiho_body__body_m-map1-array" count="8250">0.8714885 0.01376367 0 0.871046 0.02893108 0 0.8244449 0.02893108 0 0.8245518 0.01376367 0 0.7709621 0.02893108 0 0.7711757 0.01376367 0 0.7167925 0.01376367 0 0.71635 0.02893108 0 0.65626 0.01376367 0 0.6562295 0.02893108 0 0.5986724 0.02893108 0 0.5983978 0.01376367 0 0.5465934 0.02893108 0 0.5469749 0.01376367 0 0.4937667 0.01376367 0 0.4928054 0.02893108 0 0.4450446 0.01376367 0 0.4450446 0.02893108 0 0.3972686 0.02893108 0 0.3963226 0.01376367 0 0.3434806 0.02893108 0 0.3430991 0.01376367 0 0.2916915 0.01376367 0 0.2914168 0.02893108 0 0.2338292 0.01376367 0 0.2338598 0.02893108 0 0.173724 0.02893108 0 0.1732814 0.01376367 0 0.1191119 0.02893108 0 0.1188983 0.01376367 0 0.06552224 0.01376367 0 0.06562905 0.02893108 0 0.01858549 0.01376367 0 0.01904326 0.02893108 0 0.0277409 0.9863431 0 0.0277409 0.9710994 0 0.04905776 0.9863431 0 0.04905776 0.9710994 0 0.07348745 0.9863431 0 0.07348745 0.9710994 0 0.09983978 0.9863431 0 0.09983978 0.9710994 0 0.1335622 0.9863431 0 0.1335622 0.9710994 0 0.1650263 0.9863431 0 0.1650263 0.9710994 0 0.1906615 0.9863431 0 0.1906615 0.9710994 0 0.2128176 0.9863431 0 0.2128176 0.9710994 0 0.2338292 0.9863431 0 0.2338292 0.9710994 0 0.2528725 0.9863431 0 0.2528725 0.9710994 0 0.2528725 0.9863431 0 0.2528725 0.9710994 0 0.2338292 0.9863431 0 0.2338292 0.9710994 0 0.2128176 0.9863431 0 0.2128176 0.9710994 0 0.1906615 0.9863431 0 0.1906615 0.9710994 0 0.1650263 0.9863431 0 0.1650263 0.9710994 0 0.1335622 0.9863431 0 0.1335622 0.9710994 0 0.09983978 0.9863431 0 0.09983978 0.9710994 0 0.07348745 0.9710994 0 0.07348745 0.9863431 0 0.04905776 0.9863431 0 0.04905776 0.9710994 0 0.0277409 0.9863431 0 0.0277409 0.9710994 0 0.9628595 0.8764935 0 0.9497826 0.8738079 0 0.9368124 0.8764935 0 0.9721065 0.8852522 0 0.9275501 0.8852522 0 0.9765927 0.8978409 0 0.9230793 0.8978409 0 0.9243153 0.9123827 0 0.9768673 0.9123827 0 0.9228199 0.9302357 0 0.9799039 0.9302357 0 0.9203937 0.9493858 0 0.9823758 0.9493858 0 0.9784695 0.9643397 0 0.924239 0.9643397 0 0.9662165 0.9750973 0 0.9346914 0.9750973 0 0.9497826 0.9790036 0 0.0277409 0.9863431 0 0.0277409 0.9710994 0 0.04905776 0.9710994 0 0.04905776 0.9863431 0 0.07348745 0.9710994 0 0.07348745 0.9863431 0 0.09983978 0.9863431 0 0.09983978 0.9710994 0 0.1335622 0.9710994 0 0.1335622 0.9863431 0 0.1650263 0.9710994 0 0.1650263 0.9863431 0 0.1906615 0.9710994 0 0.1906615 0.9863431 0 0.2128176 0.9710994 0 0.2128176 0.9863431 0 0.2338292 0.9710994 0 0.2338292 0.9863431 0 0.2528725 0.9710994 0 0.2528725 0.9863431 0 0.2528725 0.9863431 0 0.2528725 0.9710994 0 0.2338292 0.9710994 0 0.2338292 0.9863431 0 0.2128176 0.9710994 0 0.2128176 0.9863431 0 0.1906615 0.9710994 0 0.1906615 0.9863431 0 0.1650263 0.9710994 0 0.1650263 0.9863431 0 0.1335622 0.9710994 0 0.1335622 0.9863431 0 0.09983978 0.9710994 0 0.09983978 0.9863431 0 0.07348745 0.9710994 0 0.07348745 0.9863431 0 0.04905776 0.9710994 0 0.04905776 0.9863431 0 0.0277409 0.9710994 0 0.0277409 0.9863431 0 0.9662165 0.9750973 0 0.9497826 0.9790036 0 0.9346914 0.9750973 0 0.924239 0.9643397 0 0.9784695 0.9643397 0 0.9203937 0.9493858 0 0.9823758 0.9493858 0 0.9799039 0.9302357 0 0.9228199 0.9302357 0 0.9768673 0.9123827 0 0.9243153 0.9123827 0 0.9765927 0.8978409 0 0.9230793 0.8978409 0 0.9275501 0.8852522 0 0.9721065 0.8852522 0 0.9368124 0.8764935 0 0.9628595 0.8764935 0 0.9497826 0.8738079 0 0.6233158 0.4235294 0 0.5814603 0.4235294 0 0.6205081 0.4130617 0 0.5801023 0.4130617 0 0.6196689 0.3913176 0 0.5260243 0.4235294 0 0.5797665 0.3913176 0 0.618265 0.3693904 0 0.5256581 0.4130617 0 0.5792019 0.3564813 0 0.6191654 0.3564813 0 0.5787442 0.3693904 0 0.5244983 0.3564813 0 0.5250477 0.3693904 0 0.525475 0.3913176 0 0.4731517 0.3693904 0 0.4720989 0.3564813 0 0.4732586 0.3913176 0 0.4243686 0.3693904 0 0.4240482 0.3564813 0 0.371725 0.3564813 0 0.4733501 0.4130617 0 0.4730907 0.4235294 0 0.4238041 0.3913176 0 0.3706264 0.3693904 0 0.3177691 0.3564813 0 0.4231327 0.4130617 0 0.4214237 0.4235294 0 0.3707332 0.3913176 0 0.3707179 0.4130617 0 0.3712673 0.4235294 0 0.3183032 0.4235294 0 0.3178607 0.3693904 0 0.3180438 0.3913176 0 0.3182116 0.4130617 0 0.2657053 0.4130617 0 0.2653239 0.4235294 0 0.2151522 0.4235294 0 0.2653391 0.3913176 0 0.265095 0.3693904 0 0.2638285 0.3564813 0 0.2132906 0.4130617 0 0.1634852 0.4235294 0 0.2122682 0.3913176 0 0.2113527 0.3693904 0 0.2115206 0.3564813 0 0.1634699 0.3564813 0 0.1630732 0.4130617 0 0.1105364 0.4235294 0 0.1628138 0.3913176 0 0.1625696 0.3693904 0 0.1110399 0.3564813 0 0.11075 0.4130617 0 0.1105821 0.3913176 0 0.1106584 0.3693904 0 0.05627527 0.4130617 0 0.05506981 0.4235294 0 0.01321431 0.4235294 0 0.01585412 0.4130617 0 0.01635767 0.3913176 0 0.05627527 0.3913176 0 0.01741054 0.3693904 0 0.05694667 0.3693904 0 0.05633631 0.3564813 0 0.0163119 0.3564813 0 0.9796292 0.7916381 0 0.9596246 0.7916381 0 0.9796292 0.7797666 0 0.9596246 0.7797666 0 0.9796292 0.7679102 0 0.9383841 0.7916381 0 0.9596246 0.7679102 0 0.9796292 0.755459 0 0.9383841 0.7797666 0 0.9796292 0.7405661 0 0.9596246 0.7405661 0 0.9596246 0.755459 0 0.9383841 0.7405661 0 0.9383841 0.7679102 0 0.9383841 0.755459 0 0.9176013 0.755459 0 0.9176013 0.7405661 0 0.9176013 0.7679102 0 0.8959334 0.755459 0 0.8959334 0.7405661 0 0.9176013 0.7797666 0 0.9176013 0.7916381 0 0.8959334 0.7679102 0 0.8959334 0.7797666 0 0.8959334 0.7916381 0 0.8746014 0.7916381 0 0.8746014 0.7797666 0 0.8541543 0.7916381 0 0.8746014 0.7679102 0 0.8746014 0.755459 0 0.8746014 0.7405661 0 0.8541543 0.755459 0 0.8541543 0.7405661 0 0.8335088 0.7405661 0 0.8541543 0.7679102 0 0.8335088 0.755459 0 0.8116121 0.7405661 0 0.8116121 0.755459 0 0.8116121 0.7679102 0 0.8335088 0.7679102 0 0.8116121 0.7797666 0 0.8541543 0.7797666 0 0.8335088 0.7797666 0 0.8116121 0.7916381 0 0.8335088 0.7916381 0 0.9796292 0.7916381 0 0.9796292 0.7797666 0 0.9596246 0.7916381 0 0.9596246 0.7797666 0 0.9796292 0.7679102 0 0.9383841 0.7916381 0 0.9596246 0.7679102 0 0.9796292 0.755459 0 0.9383841 0.7797666 0 0.9796292 0.7405661 0 0.9596246 0.7405661 0 0.9596246 0.755459 0 0.9383841 0.7405661 0 0.9383841 0.7679102 0 0.9383841 0.755459 0 0.9176013 0.755459 0 0.9176013 0.7405661 0 0.9176013 0.7679102 0 0.8959334 0.755459 0 0.8959334 0.7405661 0 0.9176013 0.7797666 0 0.9176013 0.7916381 0 0.8959334 0.7679102 0 0.8959334 0.7797666 0 0.8959334 0.7916381 0 0.8746014 0.7916381 0 0.8746014 0.7797666 0 0.8541543 0.7916381 0 0.8746014 0.7679102 0 0.8746014 0.755459 0 0.8746014 0.7405661 0 0.8541543 0.755459 0 0.8541543 0.7405661 0 0.8335088 0.7405661 0 0.8541543 0.7679102 0 0.8335088 0.755459 0 0.8116121 0.7405661 0 0.8116121 0.755459 0 0.8116121 0.7679102 0 0.8335088 0.7679102 0 0.8116121 0.7797666 0 0.8541543 0.7797666 0 0.8335088 0.7797666 0 0.8116121 0.7916381 0 0.8335088 0.7916381 0 0.04042115 0.6110933 0 0.04272526 0.617731 0 0.03419547 0.6087129 0 0.02856489 0.6116426 0 0.02609293 0.6184939 0 0.02890059 0.6240177 0 0.03500419 0.626215 0 0.04093996 0.6234684 0 0.04042115 0.6110933 0 0.03419547 0.6087129 0 0.04272526 0.617731 0 0.02856489 0.6116426 0 0.02609293 0.6184939 0 0.02890059 0.6240177 0 0.03500419 0.626215 0 0.04093996 0.6234684 0 0.871046 0.2101625 0 0.8724498 0.219913 0 0.8244449 0.209186 0 0.8228886 0.2171359 0 0.7709621 0.2077668 0 0.822736 0.2314641 0 0.8734112 0.2331121 0 0.8718547 0.2548409 0 0.7727169 0.2171054 0 0.8208438 0.2525826 0 0.8692302 0.2801404 0 0.7732967 0.2292363 0 0.7166399 0.2159304 0 0.71635 0.2066377 0 0.8162509 0.2773022 0 0.8664683 0.3049821 0 0.6563516 0.2168765 0 0.6562295 0.205066 0 0.8134737 0.3024033 0 0.8644236 0.3193256 0 0.7708552 0.2506599 0 0.7660487 0.2757763 0 0.7150072 0.2264744 0 0.7119707 0.2418402 0 0.7268025 0.2741436 0 0.7627527 0.301915 0 0.8119631 0.3167925 0 0.8641031 0.3312734 0 0.8117342 0.329015 0 0.7616693 0.3161975 0 0.7608911 0.3282368 0 0.7135729 0.3076982 0 0.7096208 0.3172198 0 0.7082627 0.3283436 0 0.7143816 0.2745861 0 0.7031357 0.3007706 0 0.7037919 0.2472724 0 0.6549478 0.3210498 0 0.6548562 0.3130693 0 0.6545968 0.3308156 0 0.6096895 0.3036851 0 0.5994354 0.3241932 0 0.5985199 0.3362631 0 0.5558556 0.3399252 0 0.5962921 0.311574 0 0.5959411 0.2740215 0 0.5541466 0.3025101 0 0.5008774 0.3003128 0 0.583154 0.2729381 0 0.5005264 0.2711681 0 0.4450446 0.271107 0 0.551339 0.2731975 0 0.5987945 0.2410315 0 0.6108644 0.2479438 0 0.5500877 0.2440528 0 0.4997025 0.2471351 0 0.6562753 0.2335851 0 0.6565652 0.2420386 0 0.656199 0.2260319 0 0.6015412 0.2254673 0 0.6006714 0.2149691 0 0.5986724 0.2042267 0 0.5487907 0.2142214 0 0.5465934 0.2039826 0 0.4928054 0.2032197 0 0.5472801 0.2259403 0 0.4946822 0.2162814 0 0.4450446 0.2191043 0 0.4450446 0.203006 0 0.4959487 0.2282597 0 0.3972686 0.2032197 0 0.4978103 0.2377203 0 0.4450446 0.2311742 0 0.4450446 0.2469215 0 0.4450446 0.2390783 0 0.3922637 0.2377203 0 0.3941253 0.2282597 0 0.3953918 0.2162814 0 0.3427939 0.2259403 0 0.3412833 0.2142214 0 0.3434806 0.2039826 0 0.2914168 0.2042267 0 0.2894026 0.2149691 0 0.2338598 0.205066 0 0.2885329 0.2254673 0 0.2337224 0.2168765 0 0.173724 0.2066377 0 0.3399863 0.2440528 0 0.1734493 0.2159304 0 0.1191119 0.2077668 0 0.3903716 0.2471351 0 0.3895476 0.2711681 0 0.3891966 0.3003128 0 0.338735 0.2731975 0 0.3359426 0.3025101 0 0.3342184 0.3399252 0 0.30692 0.2729381 0 0.2906386 0.3241932 0 0.2915541 0.3362631 0 0.2354772 0.3308156 0 0.2937819 0.311574 0 0.2351415 0.3210498 0 0.1818112 0.3283436 0 0.2941329 0.2740215 0 0.2803998 0.3036851 0 0.2352331 0.3130693 0 0.1869383 0.3007706 0 0.2912795 0.2410315 0 0.2792096 0.2479438 0 0.2337987 0.2335851 0 0.2335088 0.2420386 0 0.1862821 0.2472724 0 0.2338903 0.2260319 0 0.1781033 0.2418402 0 0.1757076 0.2745861 0 0.175082 0.2264744 0 0.1167773 0.2292363 0 0.1632715 0.2741436 0 0.1173571 0.2171054 0 0.06718548 0.2171359 0 0.06562905 0.209186 0 0.01904326 0.2101625 0 0.01762417 0.219913 0 0.06733806 0.2314641 0 0.01667811 0.2331121 0 0.01821927 0.2548409 0 0.06923018 0.2525826 0 0.02084382 0.2801404 0 0.1192187 0.2506599 0 0.07382315 0.2773022 0 0.02360571 0.3049821 0 0.1240253 0.2757763 0 0.07660029 0.3024033 0 0.02565042 0.3193256 0 0.1273213 0.301915 0 0.07811093 0.3167925 0 0.02597086 0.3312734 0 0.07833982 0.329015 0 0.1284047 0.3161975 0 0.1291829 0.3282368 0 0.1765011 0.3076982 0 0.1804532 0.3172198 0 0.8728465 0.1905394 0 0.8714885 0.1985657 0 0.8257877 0.1893492 0 0.8245518 0.1975281 0 0.875349 0.1708858 0 0.7727779 0.1882505 0 0.7711757 0.1966125 0 0.8262761 0.1707485 0 0.7182269 0.1877012 0 0.7167925 0.1953918 0 0.7707484 0.1701076 0 0.8273289 0.1561303 0 0.8775159 0.155642 0 0.8778973 0.1299153 0 0.6562753 0.186923 0 0.65626 0.1939574 0 0.8254368 0.1325551 0 0.8751049 0.1131456 0 0.8238804 0.1173114 0 0.8634165 0.06375217 0 0.7681697 0.1330281 0 0.8112612 0.06987107 0 0.858732 0.04293889 0 0.8013428 0.04910356 0 0.7672694 0.1183947 0 0.7373922 0.06890976 0 0.7353017 0.04725718 0 0.7129168 0.1167468 0 0.6567941 0.06671244 0 0.6574349 0.04455632 0 0.5778897 0.04263371 0 0.7136034 0.1316091 0 0.5732052 0.0638895 0 0.5081865 0.04052794 0 0.6564889 0.1151598 0 0.5000687 0.06199741 0 0.4450446 0.03900206 0 0.5987945 0.1134966 0 0.5401846 0.1130236 0 0.5985504 0.1286488 0 0.6565347 0.1297932 0 0.6563973 0.1530938 0 0.5404593 0.1282063 0 0.7150835 0.1548486 0 0.5988403 0.1519493 0 0.7704433 0.1556878 0 0.7153582 0.1690547 0 0.6562753 0.1689326 0 0.5991302 0.1673457 0 0.5984893 0.1850919 0 0.5983978 0.193225 0 0.5469749 0.1924163 0 0.5440299 0.1854581 0 0.4937667 0.1917296 0 0.5418021 0.1666285 0 0.4946364 0.1815823 0 0.5409323 0.1519951 0 0.4938277 0.1633326 0 0.4450446 0.178317 0 0.4450446 0.1918517 0 0.3963226 0.1917296 0 0.4919051 0.1490654 0 0.4450446 0.1610895 0 0.4929579 0.125948 0 0.4450446 0.14551 0 0.4935073 0.1106584 0 0.4450446 0.1235828 0 0.4450446 0.05972379 0 0.4450446 0.1076829 0 0.397116 0.125948 0 0.396582 0.1106584 0 0.3900054 0.06199741 0 0.3818876 0.04052794 0 0.3498894 0.1130236 0 0.3168688 0.0638895 0 0.3121843 0.04263371 0 0.3981689 0.1490654 0 0.2332952 0.06671244 0 0.232639 0.04455632 0 0.1547723 0.04725718 0 0.2912795 0.1134966 0 0.1526818 0.06890976 0 0.08873121 0.04910356 0 0.2335851 0.1151598 0 0.0788281 0.06985581 0 0.03134203 0.04293889 0 0.02665751 0.06375217 0 0.1771572 0.1167468 0 0.1228199 0.1183947 0 0.06619364 0.1173114 0 0.0149691 0.1131456 0 0.1764706 0.1316091 0 0.06463721 0.1325551 0 0.0121767 0.1299153 0 0.1219043 0.1330281 0 0.06276036 0.1561303 0 0.01255818 0.155642 0 0.01472496 0.1708858 0 0.2335393 0.1297932 0 0.1749905 0.1548486 0 0.2915236 0.1286488 0 0.2336767 0.1530938 0 0.34963 0.1282063 0 0.2912489 0.1519493 0 0.3491417 0.1519951 0 0.3962463 0.1633326 0 0.3482719 0.1666285 0 0.3954375 0.1815823 0 0.3460441 0.1854581 0 0.3430991 0.1924163 0 0.2909438 0.1673457 0 0.2915846 0.1850919 0 0.2916915 0.193225 0 0.2338292 0.1939574 0 0.2337987 0.1689326 0 0.2337987 0.186923 0 0.1732814 0.1953918 0 0.1747158 0.1690547 0 0.1718471 0.1877012 0 0.1188983 0.1966125 0 0.1196307 0.1556878 0 0.1193255 0.1701076 0 0.06379797 0.1707485 0 0.1172961 0.1882505 0 0.06552224 0.1975281 0 0.06428626 0.1893492 0 0.01722744 0.1905394 0 0.01858549 0.1985657 0 0.7233234 0.4528725 0 0.7314259 0.5065843 0 0.7177386 0.5066148 0 0.7107347 0.4549477 0 0.7409018 0.5592279 0 0.70309 0.5070268 0 0.6977798 0.457908 0 0.7227893 0.5586023 0 0.6890516 0.5065995 0 0.6858168 0.4612039 0 0.7051957 0.5569695 0 0.6921797 0.5530785 0 0.6791028 0.506035 0 0.6760815 0.4637064 0 0.6907149 0.5938811 0 0.6733348 0.5026321 0 0.6711376 0.4642558 0 0.6819715 0.5489433 0 0.6639506 0.4965591 0 0.6628367 0.4626993 0 0.6745861 0.5409323 0 0.651194 0.4891737 0 0.6516365 0.460853 0 0.6379339 0.4575723 0 0.6630198 0.5275959 0 0.6489815 0.5135577 0 0.6355535 0.4970779 0 0.6466316 0.5303731 0 0.6617075 0.5499199 0 0.6107423 0.4772106 0 0.6130465 0.451896 0 0.6223544 0.5260853 0 0.5887389 0.4664378 0 0.5879454 0.4496529 0 0.6006562 0.4982071 0 0.579263 0.4616617 0 0.5749752 0.4520333 0 0.5621576 0.457557 0 0.582269 0.4793317 0 0.5698177 0.4670634 0 0.5603418 0.4740215 0 0.5501488 0.4679637 0 0.5671168 0.485893 0 0.5503014 0.4849927 0 0.577203 0.5067216 0 0.550515 0.508751 0 0.5400473 0.4742046 0 0.5379416 0.4577859 0 0.5335012 0.4861982 0 0.5304646 0.4674144 0 0.5182269 0.4799115 0 0.5209125 0.4621805 0 0.5250171 0.452491 0 0.5120165 0.4503395 0 0.5115282 0.4671397 0 0.4869612 0.4530404 0 0.5001907 0.4991226 0 0.4897231 0.4783093 0 0.4621805 0.4591593 0 0.5237964 0.5071946 0 0.4652781 0.4986191 0 0.4789959 0.5273823 0 0.5508507 0.5460441 0 0.5122606 0.5407797 0 0.4495003 0.4909896 0 0.448539 0.4626993 0 0.4373846 0.464744 0 0.4521554 0.515343 0 0.4368658 0.4986038 0 0.4291142 0.466453 0 0.4547952 0.5321126 0 0.4383764 0.5296254 0 0.4276036 0.50486 0 0.424155 0.46598 0 0.4400854 0.5519341 0 0.4218967 0.5083696 0 0.4143587 0.4636607 0 0.427039 0.5431754 0 0.4198062 0.5513237 0 0.4119478 0.5091172 0 0.4023651 0.4605783 0 0.4096742 0.555642 0 0.39794 0.5097886 0 0.3893492 0.4578622 0 0.4118715 0.5963988 0 0.3832761 0.5096513 0 0.3767147 0.4560159 0 0.3695888 0.5098649 0 0.361059 0.5626764 0 0.3967193 0.559762 0 0.3791714 0.5617151 0 0.374136 0.6120851 0 0.3517815 0.6134279 0 0.3962463 0.6055238 0 0.3778591 0.6649882 0 0.3507744 0.6724193 0 0.4035859 0.6508125 0 0.3938659 0.7189288 0 0.3655909 0.7335927 0 0.4233005 0.7002366 0 0.4189975 0.6363317 0 0.4399481 0.6827955 0 0.4162509 0.7575494 0 0.3839475 0.7754787 0 0.4876783 0.7718624 0 0.4491951 0.737911 0 0.4666972 0.7143359 0 0.5019302 0.7422141 0 0.5527123 0.7524834 0 0.5530175 0.7854124 0 0.6180972 0.7706874 0 0.5088731 0.7102464 0 0.5524071 0.7182574 0 0.6033112 0.7412986 0 0.4782635 0.690196 0 0.5520714 0.680705 0 0.4527657 0.6627451 0 0.5137866 0.6747844 0 0.4860914 0.660441 0 0.4307012 0.6205234 0 0.4608682 0.6387122 0 0.4217441 0.5835966 0 0.4397497 0.6045319 0 0.4297704 0.5695125 0 0.450721 0.5811704 0 0.4702678 0.6076448 0 0.4646372 0.5518578 0 0.481941 0.5689327 0 0.5019913 0.5790646 0 0.4924086 0.6238194 0 0.5236896 0.5850767 0 0.5181506 0.6333104 0 0.5512322 0.5882047 0 0.5516747 0.6375982 0 0.5787137 0.5845731 0 0.5851225 0.6327153 0 0.5902342 0.6740978 0 0.5957885 0.7094682 0 0.6176699 0.6592508 0 0.6260319 0.6888685 0 0.6380255 0.7127794 0 0.6106966 0.6227512 0 0.6510262 0.6609445 0 0.6424963 0.6370642 0 0.6002899 0.5781796 0 0.66421 0.680766 0 0.6325322 0.6061799 0 0.589334 0.5400931 0 0.6201724 0.5676814 0 0.6371557 0.5503014 0 0.6515908 0.5793545 0 0.672343 0.5673152 0 0.6629893 0.6025177 0 0.6806134 0.5812467 0 0.6723278 0.6183413 0 0.6843213 0.633936 0 0.7064927 0.6027161 0 0.6999924 0.648127 0 0.7287251 0.6088808 0 0.7511101 0.6098115 0 0.7259785 0.6618296 0 0.7531853 0.6687724 0 0.6811627 0.6979018 0 0.7109483 0.7160602 0 0.7394827 0.7302052 0 0.6559701 0.7360342 0 0.6892653 0.7550774 0 0.7218738 0.7724117 0 0.1780575 0.6335393 0 0.1780575 0.6261539 0 0.2178225 0.6423743 0 0.1382773 0.642359 0 0.2365301 0.6411078 0 0.119585 0.6410925 0 0.251133 0.6559091 0 0.1049668 0.6558785 0 0.2911421 0.6708019 0 0.06495766 0.6707561 0 0.2878309 0.6783398 0 0.06825361 0.6782941 0 0.3101091 0.7074845 0 0.04597543 0.7074388 0 0.3256733 0.7155871 0 0.03041123 0.715526 0 0.3247272 0.7385214 0 0.03134203 0.7384756 0 0.3456016 0.7791104 0 0.01045243 0.7790494 0 0.3352865 0.7804227 0 0.02076753 0.7803617 0 0.3267567 0.8290074 0 0.0292668 0.8289464 0 0.3286488 0.8584116 0 0.02737468 0.8583505 0 0.3087205 0.872633 0 0.04728771 0.8725719 0 0.290486 0.9123675 0 0.06550698 0.9123217 0 0.2836347 0.903273 0 0.07237354 0.9032273 0 0.2530404 0.9212635 0 0.1029526 0.9212329 0 0.2332494 0.9391775 0 0.1227436 0.9391623 0 0.2114443 0.9364462 0 0.1445487 0.9364309 0 0.1779965 0.9503013 0 0.1782712 0.9414664 0 0.1373159 0.4504768 0 0.09579614 0.4842145 0 0.09579614 0.4420386 0 0.05426108 0.4504768 0 0.1695583 0.4822461 0 0.02203403 0.4822461 0 0.1470512 0.5319295 0 0.1830777 0.5317922 0 0.1688411 0.5814603 0 0.04454108 0.5319295 0 0.008499275 0.5317922 0 0.0227512 0.5814603 0 0.09579614 0.5319448 0 0.09579614 0.5791256 0 0.1351492 0.6111238 0 0.05644312 0.6111238 0 0.09579614 0.6217746 0 0.7916686 0.8143282 0 0.8065308 0.8115969 0 0.7949493 0.8261235 0 0.7715725 0.8249485 0 0.8095369 0.8312352 0 0.8294346 0.8147554 0 0.7927215 0.8378881 0 0.8271 0.842649 0 0.8572671 0.8278782 0 0.8046998 0.8489204 0 0.8453345 0.8617837 0 0.8764019 0.8418097 0 0.816968 0.8641642 0 0.8583505 0.8793622 0 0.8910964 0.8546121 0 0.8286259 0.884535 0 0.870161 0.8954147 0 0.9036087 0.8649729 0 0.837644 0.9020066 0 0.8815442 0.9106432 0 0.9086595 0.868101 0 0.8888838 0.9226367 0 0.8466774 0.9195086 0 0.8560311 0.936614 0 0.8634165 0.9476921 0 0.8098726 0.9163958 0 0.8156405 0.9347829 0 0.8228733 0.9519799 0 0.8313878 0.9650568 0 0.8040742 0.8975509 0 0.7689174 0.9583734 0 0.7682613 0.9697413 0 0.7697108 0.9409781 0 0.7703059 0.9225757 0 0.7176471 0.9521477 0 0.7102617 0.9651026 0 0.7249409 0.9346151 0 0.6825971 0.9354391 0 0.6743572 0.946807 0 0.6522011 0.9181048 0 0.6935073 0.9180438 0 0.6589304 0.9073319 0 0.6332952 0.8646372 0 0.63859 0.8619974 0 0.6709545 0.8928817 0 0.6513924 0.8519722 0 0.7034104 0.900969 0 0.6835279 0.8776684 0 0.6665294 0.8396887 0 0.7308156 0.9159533 0 0.7130999 0.8836805 0 0.6970321 0.8604257 0 0.6859388 0.8261693 0 0.7373617 0.8972 0 0.7253834 0.8635233 0 0.7157397 0.8417945 0 0.7140002 0.8137789 0 0.7706721 0.9024948 0 0.7335317 0.8307164 0 0.736904 0.8110933 0 0.7380331 0.8484932 0 0.7450523 0.8744183 0 0.7481956 0.8258488 0 0.7517052 0.8140841 0 0.7502098 0.837644 0 0.7526513 0.8561837 0 0.759472 0.8424201 0 0.7714046 0.8435493 0 0.7710231 0.8779278 0 0.7712672 0.8582437 0 0.797055 0.8747082 0 0.7899138 0.8563973 0 0.7833677 0.8425574 0 0.5064927 0.8143282 0 0.5097734 0.8261235 0 0.521355 0.8115969 0 0.4863966 0.8249485 0 0.524361 0.8312352 0 0.5442588 0.8147554 0 0.5075456 0.8378881 0 0.5419242 0.842649 0 0.5720912 0.8278782 0 0.5195239 0.8489204 0 0.5601434 0.8617837 0 0.591226 0.8418097 0 0.5317922 0.8641642 0 0.5731747 0.8793622 0 0.6059205 0.8546121 0 0.5434501 0.884535 0 0.5849851 0.8954147 0 0.6184329 0.8649729 0 0.5524681 0.9020066 0 0.5963684 0.9106432 0 0.6234837 0.868101 0 0.6036927 0.9226367 0 0.5615015 0.9195086 0 0.5708553 0.936614 0 0.5782406 0.9476921 0 0.5246967 0.9163958 0 0.5304646 0.9347829 0 0.5376974 0.9519799 0 0.546212 0.9650568 0 0.5188983 0.8975509 0 0.4837415 0.9583734 0 0.4830854 0.9697413 0 0.484535 0.9409781 0 0.4851301 0.9225757 0 0.4324712 0.9521477 0 0.4250858 0.9651026 0 0.439765 0.9346151 0 0.3974212 0.9354391 0 0.3891813 0.946807 0 0.3670253 0.9181048 0 0.4083314 0.9180438 0 0.3737545 0.9073319 0 0.3481193 0.8646372 0 0.3534142 0.8619974 0 0.3857786 0.8928817 0 0.3662165 0.8519722 0 0.4182345 0.900969 0 0.398352 0.8776684 0 0.3813535 0.8396887 0 0.4456397 0.9159533 0 0.427924 0.8836805 0 0.4118563 0.8604257 0 0.4007629 0.8261693 0 0.4521859 0.8972 0 0.4402075 0.8635233 0 0.4305638 0.8417945 0 0.4288243 0.8137789 0 0.4854963 0.9024948 0 0.4483559 0.8307164 0 0.4517281 0.8110933 0 0.5118791 0.8747082 0 0.4630045 0.8258488 0 0.4665293 0.8140841 0 0.5047379 0.8563973 0 0.4650187 0.837644 0 0.4528573 0.8484932 0 0.4981918 0.8425574 0 0.4598764 0.8744183 0 0.4674754 0.8561837 0 0.4858473 0.8779278 0 0.4742962 0.8424201 0 0.4860914 0.8582437 0 0.4862287 0.8435493 0 0.2559396 0.7749904 0 0.2689708 0.7812924 0 0.2649882 0.7935149 0 0.2695201 0.8145418 0 0.2605783 0.7473412 0 0.2421149 0.7629206 0 0.3033799 0.7813535 0 0.224155 0.748333 0 0.226154 0.7600518 0 0.2112154 0.7647822 0 0.2962234 0.7449912 0 0.2846265 0.7141833 0 0.3247272 0.7385214 0 0.3352865 0.7804227 0 0.3101091 0.7074845 0 0.3267567 0.8290074 0 0.2679637 0.6869001 0 0.2878309 0.6783398 0 0.251133 0.6559091 0 0.2988937 0.824567 0 0.3087205 0.872633 0 0.2657359 0.8358434 0 0.2832837 0.8657664 0 0.2836347 0.903273 0 0.2564126 0.8546121 0 0.2625467 0.8940871 0 0.2530404 0.9212635 0 0.2387274 0.8910201 0 0.2431678 0.8666056 0 0.2272831 0.8711528 0 0.2383612 0.9138323 0 0.2114443 0.9364462 0 0.2097963 0.8878157 0 0.2119478 0.8675669 0 0.2077516 0.90663 0 0.2067445 0.9257649 0 0.1779965 0.9414664 0 0.1780117 0.8860914 0 0.1779965 0.930251 0 0.1779965 0.9083085 0 0.1492485 0.9257649 0 0.1445487 0.9364309 0 0.1482567 0.9066148 0 0.1176471 0.913817 0 0.1029526 0.9212329 0 0.1462272 0.8878157 0 0.09346151 0.8940566 0 0.07237354 0.9032273 0 0.1172961 0.8910048 0 0.07273976 0.8657359 0 0.04728771 0.8725719 0 0.09962615 0.8545815 0 0.1128557 0.8665751 0 0.1287404 0.8711376 0 0.09030289 0.8358129 0 0.1440757 0.8675517 0 0.05714504 0.8245212 0 0.08651865 0.8145113 0 0.0292668 0.8289464 0 0.1780117 0.8702068 0 0.1571374 0.855909 0 0.1988861 0.8559243 0 0.1780117 0.8548409 0 0.1640192 0.8372778 0 0.1920195 0.8372778 0 0.1780117 0.8368505 0 0.1657893 0.816846 0 0.1902495 0.8168612 0 0.178027 0.816556 0 0.178027 0.7963226 0 0.1634394 0.7959716 0 0.1926146 0.7959869 0 0.178027 0.7797208 0 0.156817 0.7768978 0 0.1992523 0.7768978 0 0.178027 0.76495 0 0.1448386 0.7647669 0 0.1319142 0.7483177 0 0.1299153 0.7600366 0 0.1139544 0.76289 0 0.178027 0.7513695 0 0.09549096 0.7473106 0 0.1001144 0.7749599 0 0.1366445 0.7232471 0 0.08708324 0.7812467 0 0.09106585 0.7934844 0 0.1051347 0.7196765 0 0.05267414 0.7813077 0 0.02076753 0.7803617 0 0.03134203 0.7384756 0 0.05984588 0.7449454 0 0.04597543 0.7074388 0 0.071458 0.7141528 0 0.08813611 0.6868544 0 0.06825361 0.6782941 0 0.1049668 0.6558785 0 0.1164111 0.6939193 0 0.1162432 0.6625315 0 0.1382773 0.642359 0 0.1346609 0.6661631 0 0.148043 0.6488136 0 0.1780575 0.6335393 0 0.1427176 0.696788 0 0.1539178 0.6684367 0 0.1780575 0.6444495 0 0.208072 0.6488289 0 0.2178225 0.6423743 0 0.1668116 0.6920424 0 0.1642023 0.7022355 0 0.1718318 0.6872663 0 0.1674372 0.711574 0 0.1727321 0.7150225 0 0.1780423 0.6697185 0 0.1780423 0.6860456 0 0.184268 0.6872663 0 0.1780423 0.7269703 0 0.1780423 0.7161517 0 0.1833372 0.7150225 0 0.2194247 0.7232624 0 0.188632 0.711574 0 0.1918822 0.7022355 0 0.2509346 0.719707 0 0.2133822 0.6968032 0 0.1892882 0.6920424 0 0.2396735 0.6939346 0 0.2398566 0.6625468 0 0.2214389 0.6661783 0 0.2021668 0.668452 0 0.6687571 0.3994507 0 0.6552987 0.4085146 0 0.655314 0.3648127 0 0.6664531 0.4184634 0 0.6687724 0.3734035 0 0.6658427 0.3547418 0 0.6775005 0.4069734 0 0.7159228 0.4184329 0 0.6775463 0.399588 0 0.67747 0.3661097 0 0.7159228 0.3547723 0 0.6774395 0.3733883 0 0.7159228 0.3733883 0 0.7159228 0.399588 0 0.7159228 0.3661402 0 0.7543603 0.3661097 0 0.7659876 0.3547418 0 0.7159228 0.4069428 0 0.7630579 0.3734188 0 0.7765316 0.3648127 0 0.7543297 0.4069734 0 0.7653773 0.4184634 0 0.754284 0.399588 0 0.7630731 0.3994507 0 0.7765316 0.4085146 0 0.7543908 0.3733883 0 0.9736019 0.1460746 0 0.9736019 0.1403983 0 0.9783627 0.1450523 0 0.9688258 0.1450523 0 0.9771267 0.1392386 0 0.9831388 0.1419547 0 0.9700618 0.1392386 0 0.964065 0.1419547 0 0.9798123 0.1368276 0 0.9860532 0.1335469 0 0.9673762 0.1368276 0 0.9611505 0.1335469 0 0.980911 0.1313192 0 0.9837186 0.1243763 0 0.9662775 0.1313192 0 0.9634852 0.1243763 0 0.979202 0.126482 0 0.979202 0.1200733 0 0.9680018 0.126482 0 0.9680018 0.1200733 0 0.9764248 0.123888 0 0.9736019 0.1189746 0 0.970779 0.123888 0 0.9736019 0.1230335 0 0.9736019 0.1323415 0 0.2681315 0.6273441 0 0.2682078 0.6183566 0 0.2926833 0.6218814 0 0.2438239 0.6218662 0 0.2899672 0.6128939 0 0.3123064 0.6081483 0 0.2466011 0.6129397 0 0.2242924 0.6078126 0 0.2682841 0.6061494 0 0.3058518 0.5996491 0 0.3268025 0.5886015 0 0.2858472 0.599878 0 0.2506905 0.6000763 0 0.2309148 0.5994965 0 0.2102998 0.5876554 0 0.2682383 0.5956054 0 0.2188754 0.5832762 0 0.2393683 0.587747 0 0.2557717 0.5892882 0 0.2100557 0.562005 0 0.2003052 0.5641108 0 0.1960021 0.533257 0 0.2309758 0.5740597 0 0.2486305 0.5784085 0 0.2062715 0.5330129 0 0.2018311 0.4986343 0 0.2251927 0.5571374 0 0.2412604 0.562356 0 0.261265 0.576196 0 0.2679789 0.5871519 0 0.2513314 0.5578851 0 0.280705 0.5888609 0 0.2757153 0.5752652 0 0.2395514 0.5409933 0 0.2534371 0.5416037 0 0.2974746 0.5876554 0 0.2882277 0.5779965 0 0.2961318 0.561883 0 0.2862287 0.5570763 0 0.3064012 0.5740444 0 0.31841 0.5837034 0 0.3278859 0.5625849 0 0.3373922 0.5655757 0 0.3427634 0.5343557 0 0.3129625 0.5571679 0 0.3326314 0.5335317 0 0.3377279 0.4994278 0 0.2992142 0.5405813 0 0.285481 0.5408713 0 0.3181659 0.5339589 0 0.3287251 0.5029832 0 0.2858472 0.5359579 0 0.2688182 0.5308309 0 0.3050278 0.5250934 0 0.3164874 0.5081559 0 0.3183948 0.4809796 0 0.3241474 0.4734111 0 0.3027695 0.5108415 0 0.298024 0.4627451 0 0.3000229 0.452369 0 0.3084916 0.4894331 0 0.2923476 0.4725109 0 0.2681468 0.4544289 0 0.2674907 0.4449378 0 0.2378119 0.4533608 0 0.2990921 0.4956436 0 0.2408026 0.4630198 0 0.2157168 0.4727855 0 0.2686656 0.4660715 0 0.2214084 0.4804456 0 0.2464332 0.4727703 0 0.2108034 0.5024185 0 0.2313268 0.4891737 0 0.2210727 0.5339284 0 0.2231785 0.5079881 0 0.2348821 0.5254596 0 0.2370794 0.5109789 0 0.2521401 0.5370108 0 0.253254 0.5237812 0 0.2687877 0.5302205 0 0.2541695 0.5113451 0 0.2856794 0.5234913 0 0.268864 0.5208973 0 0.2849012 0.5111467 0 0.2691081 0.5097123 0 0.2842451 0.4991074 0 0.255314 0.499321 0 0.2692912 0.4974594 0 0.2840009 0.4890516 0 0.2691539 0.4867476 0 0.2861066 0.480415 0 0.268986 0.4770733 0 0.2528115 0.4805676 0 0.2543374 0.4893416 0 0.2408179 0.4955825 0 0.2681315 0.6273441 0 0.2926833 0.6218814 0 0.2682078 0.6183566 0 0.2438239 0.6218662 0 0.2899672 0.6128939 0 0.3123064 0.6081483 0 0.2466011 0.6129397 0 0.2242924 0.6078126 0 0.2682841 0.6061494 0 0.3058518 0.5996491 0 0.3268025 0.5886015 0 0.2309148 0.5994965 0 0.2102998 0.5876554 0 0.2506905 0.6000763 0 0.2188754 0.5832762 0 0.2393683 0.587747 0 0.2100557 0.562005 0 0.2003052 0.5641108 0 0.1960021 0.533257 0 0.2309758 0.5740597 0 0.2062715 0.5330129 0 0.2018311 0.4986343 0 0.2251927 0.5571374 0 0.2486305 0.5784085 0 0.2108034 0.5024185 0 0.2412604 0.562356 0 0.2557717 0.5892882 0 0.261265 0.576196 0 0.2513314 0.5578851 0 0.2679789 0.5871519 0 0.2395514 0.5409933 0 0.2534371 0.5416037 0 0.2682383 0.5956054 0 0.280705 0.5888609 0 0.2757153 0.5752652 0 0.2858472 0.599878 0 0.2974746 0.5876554 0 0.2882277 0.5779965 0 0.2961318 0.561883 0 0.2862287 0.5570763 0 0.3064012 0.5740444 0 0.31841 0.5837034 0 0.3278859 0.5625849 0 0.3373922 0.5655757 0 0.3427634 0.5343557 0 0.3129625 0.5571679 0 0.3326314 0.5335317 0 0.3377279 0.4994278 0 0.2992142 0.5405813 0 0.285481 0.5408713 0 0.3181659 0.5339589 0 0.3287251 0.5029832 0 0.2858472 0.5359579 0 0.2688182 0.5308309 0 0.3050278 0.5250934 0 0.3164874 0.5081559 0 0.3183948 0.4809796 0 0.3241474 0.4734111 0 0.3027695 0.5108415 0 0.298024 0.4627451 0 0.3000229 0.452369 0 0.3084916 0.4894331 0 0.2923476 0.4725109 0 0.2681468 0.4544289 0 0.2674907 0.4449378 0 0.2378119 0.4533608 0 0.2990921 0.4956436 0 0.2408026 0.4630198 0 0.2157168 0.4727855 0 0.2686656 0.4660715 0 0.2214084 0.4804456 0 0.2464332 0.4727703 0 0.2861066 0.480415 0 0.268986 0.4770733 0 0.2840009 0.4890516 0 0.2528115 0.4805676 0 0.2691539 0.4867476 0 0.2842451 0.4991074 0 0.2543374 0.4893416 0 0.2849012 0.5111467 0 0.2408179 0.4955825 0 0.255314 0.499321 0 0.2692912 0.4974594 0 0.2691081 0.5097123 0 0.2313268 0.4891737 0 0.2370794 0.5109789 0 0.2231785 0.5079881 0 0.2541695 0.5113451 0 0.2210727 0.5339284 0 0.2348821 0.5254596 0 0.2521401 0.5370108 0 0.253254 0.5237812 0 0.2687877 0.5302205 0 0.268864 0.5208973 0 0.2856794 0.5234913 0 0.9266346 0.1602197 0 0.9299763 0.1664454 0 0.9158465 0.1711299 0 0.9400626 0.1559625 0 0.9216297 0.1760738 0 0.9098802 0.1882963 0 0.9410391 0.1628748 0 0.9544365 0.1585413 0 0.9527428 0.1654688 0 0.9668727 0.1694056 0 0.9619592 0.1748989 0 0.975021 0.1860838 0 0.9681544 0.1891508 0 0.9791104 0.2050049 0 0.9176013 0.1904784 0 0.9708553 0.205478 0 0.9756924 0.2241855 0 0.9157854 0.2068666 0 0.9077439 0.2070802 0 0.9681849 0.2215915 0 0.9169909 0.2229953 0 0.9093462 0.2254673 0 0.9620661 0.2357519 0 0.9219501 0.2364843 0 0.915526 0.242237 0 0.9672999 0.241062 0 0.9301747 0.246067 0 0.9272907 0.2527199 0 0.9410849 0.2559549 0 0.9532311 0.2453346 0 0.9553826 0.2518654 0 0.9418479 0.2493477 0 0.9543755 0.2785839 0 0.9651484 0.2895094 0 0.9510338 0.2848096 0 0.9409323 0.2743267 0 0.9593652 0.2944533 0 0.9711147 0.3066759 0 0.9399558 0.281239 0 0.9265736 0.2768902 0 0.9282521 0.2838331 0 0.9141222 0.2877547 0 0.9190356 0.2932631 0 0.9059739 0.3044327 0 0.9128405 0.3075151 0 0.9018845 0.3233539 0 0.9633936 0.3088426 0 0.9101396 0.3238422 0 0.9052873 0.3425345 0 0.9651942 0.325246 0 0.9732357 0.3254597 0 0.9127947 0.3399405 0 0.9639887 0.3413748 0 0.9716335 0.3438468 0 0.9188983 0.3541161 0 0.9590296 0.3548638 0 0.9654383 0.3606164 0 0.9136797 0.3594263 0 0.9507896 0.3644465 0 0.9536889 0.3710994 0 0.9398795 0.3743191 0 0.9277332 0.3636988 0 0.925597 0.3702144 0 0.9391165 0.3677272 0 0.9752499 0.1300526 0 0.9752651 0.1347982 0 0.9718013 0.1348135 0 0.9718319 0.1300679 0 0.0280003 0.9863431 0 0.0277409 0.9710994 0 0.05653468 0.9863431 0 0.05670252 0.9710994 0 0.0867628 0.9863431 0 0.08726635 0.9710994 0 0.1430533 0.9863431 0 0.1433585 0.9710994 0 0.1969787 0.9863431 0 0.1970398 0.9710994 0 0.2238041 0.9863431 0 0.2239567 0.9710994 0 0.2528725 0.9863431 0 0.2528725 0.9710994 0 0.2528725 0.9863431 0 0.2528725 0.9710994 0 0.2234073 0.9863431 0 0.2239567 0.9710994 0 0.1967956 0.9863431 0 0.1970398 0.9710994 0 0.1427481 0.9863431 0 0.1434348 0.9710994 0 0.08606088 0.9863431 0 0.08726635 0.9710994 0 0.05668727 0.9863431 0 0.05737392 0.9710994 0 0.0280003 0.9863431 0 0.0277409 0.9710994 0 0.7742122 0.3662928 0 0.7742275 0.4069581 0 0.7568933 0.4046388 0 0.7570611 0.3684443 0 0.7159228 0.4057679 0 0.7159228 0.3671931 0 0.6735637 0.3684443 0 0.6757153 0.4054627 0 0.6576333 0.3662928 0 0.657618 0.4069581 0 0.9672084 0.8806134 0 0.9497826 0.8738079 0 0.9324636 0.8805981 0 0.9752957 0.8942092 0 0.9243611 0.8942092 0 0.9232776 0.9246357 0 0.9789578 0.9246815 0 0.9222248 0.9565118 0 0.9805142 0.9565118 0 0.9700465 0.971725 0 0.9311208 0.9714351 0 0.9497826 0.9790036 0 0.02793927 0.9863431 0 0.0277409 0.9710994 0 0.05737392 0.9710994 0 0.05668727 0.9863431 0 0.08726635 0.9710994 0 0.08606088 0.9863431 0 0.1434348 0.9710994 0 0.1427481 0.9863431 0 0.1970398 0.9710994 0 0.1967956 0.9863431 0 0.2239567 0.9710994 0 0.2234073 0.9863431 0 0.2528725 0.9710994 0 0.2528725 0.9863431 0 0.2528725 0.9863431 0 0.2528725 0.9710994 0 0.2239567 0.9710994 0 0.2238041 0.9863431 0 0.1970398 0.9710994 0 0.1969787 0.9863431 0 0.1433585 0.9710994 0 0.1430533 0.9863431 0 0.08726635 0.9710994 0 0.0867628 0.9863431 0 0.05670252 0.9710994 0 0.05653468 0.9863431 0 0.0277409 0.9710994 0 0.02793927 0.9863431 0 0.9700465 0.971725 0 0.9497826 0.9790036 0 0.9311208 0.9714351 0 0.9222248 0.9565118 0 0.9805142 0.9565118 0 0.9789578 0.9246815 0 0.9232776 0.9246357 0 0.9752957 0.8942092 0 0.9243611 0.8942092 0 0.9324636 0.8805981 0 0.9672084 0.8806134 0 0.9497826 0.8738079 0 0.3122759 0.9886015 0 0.338201 0.9886015 0 0.3252308 0.9918212 0 0.3492027 0.9813535 0 0.3012741 0.9813535 0 0.3561608 0.9691005 0 0.294316 0.9691005 0 0.3580377 0.9529107 0 0.2924392 0.9529107 0 0.3555962 0.9394217 0 0.2948806 0.9394217 0 0.3499046 0.9285878 0 0.3005722 0.9285878 0 0.338735 0.9204547 0 0.3117418 0.9204547 0 0.3252308 0.9176928 0 0.8714885 0.01376367 0 0.871046 0.02893108 0 0.7957733 0.02893108 0 0.7956359 0.01376367 0 0.7299916 0.01376367 0 0.7291066 0.02893108 0 0.656199 0.01376367 0 0.6562295 0.02893108 0 0.5871366 0.02893108 0 0.5863889 0.01376367 0 0.5219959 0.01376367 0 0.5206836 0.02893108 0 0.4450446 0.01376367 0 0.4450446 0.02893108 0 0.3693904 0.02893108 0 0.3680781 0.01376367 0 0.3029374 0.02893108 0 0.303685 0.01376367 0 0.2338598 0.01376367 0 0.2338445 0.02893108 0 0.1609674 0.02893108 0 0.1600977 0.01376367 0 0.09430075 0.02893108 0 0.09443808 0.01376367 0 0.01858549 0.01376367 0 0.01904326 0.02893108 0 0.5928283 0.3367513 0 0.5558556 0.3399252 0 0.5290455 0.3200427 0 0.6039521 0.3103227 0 0.5282673 0.2700999 0 0.6552377 0.3307851 0 0.5895476 0.2734874 0 0.5231708 0.2471198 0 0.4450446 0.2469215 0 0.6008087 0.2742504 0 0.6048371 0.2444953 0 0.6176089 0.3032426 0 0.6185397 0.2507668 0 0.6562142 0.3169299 0 0.655848 0.3074235 0 0.7072557 0.3064011 0 0.7136187 0.3283284 0 0.6981918 0.2993515 0 0.7854887 0.315755 0 0.7834898 0.3285878 0 0.720592 0.2743572 0 0.7065385 0.2753795 0 0.8645151 0.3186847 0 0.8641031 0.3312734 0 0.7900358 0.2931716 0 0.8674296 0.2964065 0 0.8715038 0.2582132 0 0.7904478 0.2549019 0 0.7078813 0.2445564 0 0.6980087 0.2513924 0 0.6564584 0.2451209 0 0.7942778 0.2282902 0 0.8733654 0.232578 0 0.8713054 0.2119631 0 0.7954834 0.2090029 0 0.7244678 0.2226444 0 0.729717 0.2105592 0 0.6562448 0.2055238 0 0.6562753 0.2212864 0 0.6564431 0.2378119 0 0.5922637 0.2234836 0 0.5869993 0.2071107 0 0.5222553 0.2355535 0 0.5223926 0.2220035 0 0.5203784 0.2051881 0 0.4450446 0.2043793 0 0.4450446 0.2251316 0 0.4450446 0.2374304 0 0.3676814 0.2220035 0 0.3696956 0.2051881 0 0.3030899 0.2071107 0 0.3678187 0.2355535 0 0.2978256 0.2234836 0 0.2338292 0.2055238 0 0.3669032 0.2471198 0 0.3618067 0.2700999 0 0.2852369 0.2444953 0 0.2337987 0.2212864 0 0.3005264 0.2734874 0 0.2861372 0.3103227 0 0.3610285 0.3200427 0 0.2892805 0.2742504 0 0.297261 0.3367513 0 0.3342184 0.3399252 0 0.2348363 0.3307851 0 0.2715343 0.2507668 0 0.2724651 0.3032426 0 0.2336461 0.2378119 0 0.2336156 0.2451209 0 0.2338598 0.3169299 0 0.234226 0.3074235 0 0.1828183 0.3064011 0 0.1764553 0.3283284 0 0.1918975 0.2993515 0 0.1045853 0.315755 0 0.1065843 0.3285878 0 0.1694972 0.2743572 0 0.1835355 0.2753795 0 0.02555886 0.3186847 0 0.02597086 0.3312734 0 0.1000381 0.2931716 0 0.02264439 0.2964065 0 0.01858549 0.2582132 0 0.09964141 0.2549019 0 0.1821927 0.2445564 0 0.1920653 0.2513924 0 0.09579614 0.2282902 0 0.01670863 0.232578 0 0.1656062 0.2226444 0 0.1603571 0.2105592 0 0.09459068 0.2090029 0 0.01878386 0.2119631 0 0.8749218 0.174197 0 0.8717327 0.1970855 0 0.7958496 0.1964904 0 0.7954528 0.1730525 0 0.729839 0.1931487 0 0.796582 0.1557031 0 0.8775159 0.1556268 0 0.7297933 0.1725643 0 0.6562753 0.1718013 0 0.65626 0.1935912 0 0.7261463 0.1545739 0 0.7955596 0.1327993 0 0.8778973 0.1299153 0 0.7244373 0.131899 0 0.7955749 0.1178607 0 0.8751049 0.1131456 0 0.859617 0.04689097 0 0.7965209 0.04896623 0 0.7320363 0.04715037 0 0.7242389 0.1176318 0 0.6553903 0.04449528 0 0.6567025 0.1297932 0 0.6567941 0.1151751 0 0.5871519 0.1141222 0 0.5853513 0.04281682 0 0.5870603 0.1285573 0 0.6569924 0.1528496 0 0.517174 0.11252 0 0.5192187 0.04086363 0 0.5857939 0.1515221 0 0.5861906 0.1694972 0 0.5858549 0.1907378 0 0.5197223 0.1494316 0 0.5197223 0.1789883 0 0.5213092 0.1909972 0 0.5203021 0.1638056 0 0.4450446 0.1907073 0 0.4450141 0.1610895 0 0.4450446 0.178317 0 0.3703517 0.1789883 0 0.3687648 0.1909972 0 0.3042191 0.1907378 0 0.3038834 0.1694972 0 0.2338292 0.1935912 0 0.3697719 0.1638056 0 0.2337987 0.1718013 0 0.160235 0.1931487 0 0.3042802 0.1515221 0 0.3703517 0.1494316 0 0.4450446 0.1457236 0 0.3030137 0.1285573 0 0.5177692 0.1271229 0 0.3723049 0.1271229 0 0.4450446 0.1235828 0 0.4450446 0.1086595 0 0.4447242 0.03909361 0 0.3708553 0.04086363 0 0.3729 0.11252 0 0.3047227 0.04281682 0 0.3029374 0.1141222 0 0.2346838 0.04449528 0 0.2332952 0.1151751 0 0.2333715 0.1297932 0 0.1658503 0.1176318 0 0.1580377 0.04713511 0 0.2330816 0.1528496 0 0.1639277 0.1545739 0 0.1656367 0.131899 0 0.1602808 0.1725643 0 0.09349202 0.1557031 0 0.0946212 0.1730525 0 0.09422446 0.1964904 0 0.01515221 0.174197 0 0.01834134 0.1970855 0 0.01255818 0.1556268 0 0.09451438 0.1327993 0 0.0121767 0.1299153 0 0.09449913 0.1178607 0 0.0149691 0.1131456 0 0.09355307 0.04896623 0 0.03059434 0.04626536 0 0.9796292 0.7405661 0 0.9796292 0.7574273 0 0.9675441 0.7405661 0 0.9664606 0.7574273 0 0.9655756 0.7742733 0 0.9796292 0.7742733 0 0.9383841 0.7574273 0 0.9383993 0.7405661 0 0.9039139 0.787625 0 0.9090257 0.7405661 0 0.9384298 0.7742733 0 0.911162 0.7742733 0 0.9102159 0.7574273 0 0.8810865 0.7574273 0 0.8810102 0.7405661 0 0.8801098 0.7742733 0 0.8541543 0.7574273 0 0.8541085 0.7405967 0 0.8281529 0.7405661 0 0.8268864 0.7574273 0 0.8541085 0.7742733 0 0.8268101 0.7742733 0 0.9796292 0.7405661 0 0.9675441 0.7405661 0 0.9796292 0.7574273 0 0.9664606 0.7574273 0 0.9655756 0.7742733 0 0.9796292 0.7742733 0 0.9383841 0.7574273 0 0.9383993 0.7405661 0 0.9039139 0.787625 0 0.9090257 0.7405661 0 0.9384298 0.7742733 0 0.911162 0.7742733 0 0.9102159 0.7574273 0 0.8810865 0.7574273 0 0.8810102 0.7405661 0 0.8801098 0.7742733 0 0.8541543 0.7574273 0 0.8541085 0.7405967 0 0.8281529 0.7405661 0 0.8268864 0.7574273 0 0.8541085 0.7742733 0 0.8268101 0.7742733 0 0.01321431 0.4235294 0 0.01071183 0.4138552 0 0.05030899 0.4126803 0 0.0510872 0.4222934 0 0.01071183 0.3690852 0 0.1120012 0.412665 0 0.1121386 0.4232242 0 0.05165179 0.3693904 0 0.0163119 0.3564813 0 0.05320821 0.3572137 0 0.1122148 0.3693904 0 0.1127794 0.3564813 0 0.1682765 0.4125277 0 0.1685206 0.4226902 0 0.1683375 0.3693904 0 0.171191 0.357702 0 0.2381781 0.4124361 0 0.2385901 0.4224918 0 0.2372473 0.3693904 0 0.2379797 0.35906 0 0.3182879 0.4227664 0 0.3177844 0.3580682 0 0.3181964 0.4117036 0 0.3178607 0.3697414 0 0.3982452 0.4124361 0 0.3979706 0.4224918 0 0.4680552 0.4226902 0 0.3984741 0.3693904 0 0.3976196 0.35906 0 0.4643931 0.357702 0 0.468101 0.4125277 0 0.5244373 0.4232242 0 0.4673686 0.3693904 0 0.5227741 0.3564813 0 0.5243915 0.412665 0 0.5854429 0.4222934 0 0.5234913 0.3693904 0 0.5823148 0.3572137 0 0.5860533 0.4126803 0 0.6233158 0.4235294 0 0.6233158 0.4122225 0 0.6233158 0.3694362 0 0.5840238 0.3693904 0 0.6191654 0.3564813 0 0.3870146 0.7753719 0 0.3669795 0.7367666 0 0.4169528 0.7083544 0 0.3508049 0.6704051 0 0.4635843 0.763531 0 0.3983825 0.6552987 0 0.3536583 0.6031739 0 0.4843061 0.7234302 0 0.3909819 0.5967651 0 0.365362 0.5360799 0 0.4492256 0.6616617 0 0.4298161 0.6224918 0 0.395346 0.5362326 0 0.3767147 0.4560159 0 0.4021057 0.4605325 0 0.4205692 0.5737697 0 0.4200961 0.5291524 0 0.4277714 0.4663157 0 0.4441901 0.5606318 0 0.4367743 0.5232624 0 0.4463264 0.4630961 0 0.4621653 0.588632 0 0.4587778 0.5094682 0 0.4738384 0.5442283 0 0.4860151 0.482124 0 0.4829786 0.4540169 0 0.4976577 0.5024948 0 0.5168231 0.4651865 0 0.5181354 0.4513466 0 0.5379416 0.4577859 0 0.5220722 0.4759747 0 0.5363393 0.4809949 0 0.5502403 0.4788129 0 0.5220112 0.5106126 0 0.5505455 0.5121233 0 0.5083238 0.5685054 0 0.564187 0.4807507 0 0.5621576 0.457557 0 0.4999313 0.6284886 0 0.5511101 0.5738918 0 0.4941634 0.6810406 0 0.5516441 0.6338445 0 0.5521935 0.6948653 0 0.5526665 0.7462272 0 0.5530175 0.7854124 0 0.6420386 0.7619135 0 0.6205997 0.7221943 0 0.6099794 0.680003 0 0.6032501 0.6275578 0 0.654551 0.6598001 0 0.6876631 0.7059128 0 0.7188067 0.7723659 0 0.7381399 0.7334096 0 0.753109 0.6667582 0 0.705272 0.6525216 0 0.7490501 0.599588 0 0.7116045 0.5938659 0 0.7361257 0.5327229 0 0.6732433 0.6202793 0 0.7061418 0.5334249 0 0.7233234 0.4528725 0 0.698024 0.4578469 0 0.6816205 0.5714046 0 0.6812695 0.5267872 0 0.6724651 0.4641032 0 0.6577554 0.5587091 0 0.6644999 0.5212024 0 0.6538491 0.4612192 0 0.6402838 0.5870298 0 0.6422369 0.507805 0 0.6278172 0.5428397 0 0.5937743 0.5677272 0 0.5790493 0.5100938 0 0.6032501 0.5015488 0 0.5783474 0.4754711 0 0.6145266 0.4809644 0 0.6170443 0.4528267 0 0.5834134 0.4645762 0 0.5818418 0.4507667 0 0.9736019 0.1460746 0 0.9736019 0.1404135 0 0.9816434 0.1434501 0 0.9655604 0.1434501 0 0.9789273 0.1380178 0 0.9682612 0.1380178 0 0.986389 0.1335164 0 0.9608148 0.1335164 0 0.9811093 0.1314107 0 0.9660792 0.1314107 0 0.9826658 0.1230335 0 0.964538 0.1230335 0 0.9783779 0.1257191 0 0.9688258 0.1257191 0 0.9736019 0.119234 0 0.9736019 0.1250629 0 0.9400931 0.155993 0 0.9583886 0.1608301 0 0.9410697 0.1629053 0 0.9210041 0.1636072 0 0.9556268 0.1679255 0 0.9717556 0.1788663 0 0.9262989 0.1701534 0 0.9194629 0.1838407 0 0.9109026 0.181506 0 0.9655756 0.1824216 0 0.9159685 0.2065766 0 0.9083086 0.2065919 0 0.9111314 0.2321507 0 0.9710689 0.2056001 0 0.9789731 0.2056459 0 0.9723812 0.2329748 0 0.9184863 0.2281681 0 0.965423 0.2283665 0 0.9275349 0.2432593 0 0.9231555 0.2506905 0 0.955642 0.2427863 0 0.9591516 0.2499123 0 0.9418784 0.2493782 0 0.9411002 0.2564584 0 0.9409171 0.2743572 0 0.9399405 0.2812696 0 0.9226215 0.279179 0 0.9600061 0.2819867 0 0.9253681 0.2862898 0 0.9092394 0.2972305 0 0.9546959 0.2885176 0 0.9700923 0.2998856 0 0.9154192 0.3007706 0 0.961532 0.3022049 0 0.9650263 0.3249409 0 0.9726864 0.3249714 0 0.9698482 0.3505303 0 0.9099107 0.3239643 0 0.9020066 0.3239948 0 0.9085832 0.351339 0 0.9624933 0.3465477 0 0.9155566 0.3467155 0 0.9534295 0.3616388 0 0.9578088 0.3690699 0 0.9253376 0.3611352 0 0.9218128 0.3682765 0 0.9391012 0.3677424 0 0.9398642 0.3748226 0 0.1795377 0.5319448 0 0.1674067 0.576669 0 0.09579614 0.5319295 0 0.1736477 0.4856641 0 0.1373922 0.604654 0 0.1375296 0.455726 0 0.09556726 0.6164645 0 0.09596399 0.4472266 0 0.05418479 0.604654 0 0.05406271 0.455726 0 0.02418555 0.576669 0 0.02285801 0.4883192 0 0.01203937 0.5319448 0 0.6729228 0.8352331 0 0.6812085 0.8805218 0 0.6372015 0.8628367 0 0.6573129 0.9081712 0 0.6945754 0.863035 0 0.7235523 0.8126497 0 0.7016861 0.9039292 0 0.6820936 0.9370871 0 0.7175555 0.9539483 0 0.7114977 0.8866712 0 0.7297933 0.9191882 0 0.7701686 0.9602197 0 0.7304799 0.8574808 0 0.7704585 0.9159991 0 0.7364462 0.9004349 0 0.8234226 0.9536889 0 0.7230182 0.8372625 0 0.7449149 0.8272374 0 0.7485313 0.8135042 0 0.771542 0.8249637 0 0.7472343 0.8402838 0 0.7481651 0.8669413 0 0.7578546 0.845655 0 0.7711299 0.8697338 0 0.771374 0.8469215 0 0.7849241 0.8458076 0 0.7956359 0.8405737 0 0.7941405 0.867216 0 0.8048981 0.9008011 0 0.8108797 0.9196154 0 0.8120241 0.8580301 0 0.8301519 0.8875563 0 0.8392157 0.9050431 0 0.8569161 0.9381094 0 0.8827344 0.9116808 0 0.8605325 0.8823224 0 0.9048753 0.8657511 0 0.8701305 0.8372778 0 0.8476844 0.8644999 0 0.8198825 0.8134279 0 0.819913 0.8379797 0 0.7981994 0.8275883 0 0.7947814 0.8137484 0 0.3969177 0.9370871 0 0.4323796 0.9539483 0 0.4165103 0.9039292 0 0.372137 0.9081712 0 0.4446174 0.9191882 0 0.4849927 0.9602197 0 0.3960327 0.8805218 0 0.3520256 0.8628367 0 0.387747 0.8352331 0 0.4263218 0.8866712 0 0.4093996 0.863035 0 0.4383764 0.8126497 0 0.4512703 0.9004349 0 0.445304 0.8574808 0 0.4378424 0.8372625 0 0.4597391 0.8272374 0 0.4633555 0.8135042 0 0.4863661 0.8249637 0 0.4620585 0.8402838 0 0.4629892 0.8669413 0 0.4726635 0.845655 0 0.4859541 0.8697338 0 0.4852827 0.9159991 0 0.5382468 0.9536889 0 0.486183 0.8469215 0 0.4997482 0.8458076 0 0.5197223 0.9008011 0 0.5089494 0.867216 0 0.5104601 0.8405737 0 0.5257038 0.9196154 0 0.5268483 0.8580301 0 0.544976 0.8875563 0 0.5540398 0.9050431 0 0.5717403 0.9381094 0 0.5975586 0.9116808 0 0.5753567 0.8823224 0 0.6196994 0.8657511 0 0.5849546 0.8372778 0 0.5625086 0.8644999 0 0.5347067 0.8134279 0 0.5347372 0.8379797 0 0.5130236 0.8275883 0 0.5096055 0.8137484 0 0.3307698 0.4876936 0 0.3408255 0.5439842 0 0.3250477 0.5403677 0 0.322179 0.5934691 0 0.3183185 0.4945907 0 0.3074388 0.4596323 0 0.3105364 0.5835813 0 0.3017777 0.614725 0 0.3004959 0.4713207 0 0.2675364 0.4456092 0 0.2932174 0.6032044 0 0.2681315 0.6273441 0 0.2933852 0.5740902 0 0.3046464 0.5390097 0 0.3029068 0.5022659 0 0.290425 0.4834211 0 0.2798657 0.5680782 0 0.2683757 0.4594187 0 0.2829786 0.5893492 0 0.2882582 0.544976 0 0.2679484 0.5871366 0 0.2860456 0.5267109 0 0.2688029 0.5308461 0 0.2682536 0.59794 0 0.2857862 0.5050279 0 0.2682383 0.6135653 0 0.2535439 0.5897154 0 0.2573282 0.5689479 0 0.2433967 0.6032349 0 0.2347753 0.6145571 0 0.2436713 0.5744259 0 0.2266423 0.5834135 0 0.214786 0.5927062 0 0.2137331 0.5400625 0 0.1976196 0.542855 0 0.2089418 0.4869764 0 0.2337072 0.5393606 0 0.2507515 0.5457084 0 0.2214084 0.4942092 0 0.2304875 0.4610361 0 0.2522927 0.5272908 0 0.2383307 0.4716869 0 0.2369574 0.5022659 0 0.2534676 0.5052263 0 0.2484169 0.4836805 0 0.2691997 0.5036088 0 0.2691386 0.4867018 0 0.2689403 0.4754864 0 0.2272679 0.8716869 0 0.2473335 0.8644083 0 0.2233005 0.8939803 0 0.2073396 0.8652781 0 0.2621805 0.8939498 0 0.2620432 0.8455939 0 0.1780117 0.8970627 0 0.2907301 0.8447852 0 0.2693523 0.8152285 0 0.2235599 0.9198139 0 0.285481 0.9020218 0 0.2321965 0.9388876 0 0.3180438 0.8500954 0 0.1779965 0.9439842 0 0.3027848 0.781384 0 0.3363241 0.7802854 0 0.2613413 0.7854734 0 0.317937 0.7223926 0 0.1778744 0.9307851 0 0.1324331 0.9197986 0 0.1238727 0.9388876 0 0.1327077 0.8939651 0 0.09382772 0.8939193 0 0.0705272 0.9019913 0 0.1486839 0.8652629 0 0.1287404 0.8716564 0 0.10869 0.8643931 0 0.09399558 0.8455634 0 0.1780117 0.8629892 0 0.1620508 0.8446784 0 0.1939727 0.8446784 0 0.178027 0.8164797 0 0.1652094 0.8162814 0 0.1908446 0.8162814 0 0.1623407 0.7884032 0 0.1937133 0.7884032 0 0.178027 0.7749904 0 0.1511101 0.7685054 0 0.2049439 0.7685207 0 0.1780423 0.7391928 0 0.1299153 0.7600366 0 0.226154 0.7600518 0 0.1149615 0.7341268 0 0.109575 0.7654078 0 0.09471275 0.7854429 0 0.2411078 0.7341573 0 0.246479 0.7654231 0 0.2902876 0.7301137 0 0.291371 0.6711071 0 0.2688029 0.6882734 0 0.2419776 0.6427863 0 0.2253147 0.6560159 0 0.178027 0.6260624 0 0.2335393 0.6984054 0 0.1922484 0.7021897 0 0.186984 0.7132219 0 0.1881132 0.690547 0 0.1780423 0.7161517 0 0.1691005 0.7132219 0 0.1638361 0.7021897 0 0.1780423 0.6675364 0 0.1780423 0.6863203 0 0.1679713 0.690547 0 0.1225452 0.6983749 0 0.1780575 0.6443885 0 0.1307851 0.6560006 0 0.1140917 0.6427863 0 0.08728161 0.6882429 0 0.06459144 0.6712444 0 0.0657969 0.7300679 0 0.0381323 0.7223316 0 0.05326924 0.7813382 0 0.01972992 0.7802243 0 0.08668651 0.8151827 0 0.03797971 0.8500344 0 0.06529336 0.8447394 0 0.3408255 0.5439842 0 0.3307698 0.4876936 0 0.3250477 0.5403677 0 0.322179 0.5934691 0 0.3183185 0.4945907 0 0.3074388 0.4596323 0 0.3105364 0.5835813 0 0.3017777 0.614725 0 0.3004959 0.4713207 0 0.2675364 0.4456092 0 0.2932174 0.6032044 0 0.2681315 0.6273441 0 0.2933852 0.5740749 0 0.3046464 0.5390097 0 0.3029068 0.5022659 0 0.290425 0.4834211 0 0.2798657 0.5680782 0 0.2683757 0.4594187 0 0.2829786 0.5893492 0 0.2882582 0.544976 0 0.2679484 0.5871366 0 0.2860456 0.5267109 0 0.2687877 0.5308461 0 0.2682536 0.59794 0 0.2535439 0.5897154 0 0.2573282 0.5689479 0 0.2682383 0.6135653 0 0.2433967 0.6032349 0 0.2347753 0.6145571 0 0.2436713 0.5744259 0 0.2266423 0.5834135 0 0.214786 0.5927062 0 0.2137331 0.5400625 0 0.1976196 0.542855 0 0.2089418 0.4869764 0 0.2337072 0.5393606 0 0.2507515 0.5457084 0 0.2214084 0.4942092 0 0.2304875 0.4610361 0 0.2522927 0.5272908 0 0.2383307 0.4716869 0 0.2369574 0.5022659 0 0.2534676 0.5052263 0 0.2691997 0.5036088 0 0.2484169 0.4836805 0 0.2691386 0.4867018 0 0.2689403 0.4754864 0 0.2857862 0.5050279 0 0.9718013 0.1348135 0 0.9752499 0.1300526 0 0.9752651 0.1347982 0 0.9718319 0.1300679 0 0.6762493 0.367956 0 0.6751507 0.4049439 0 0.6591592 0.3602808 0 0.6588541 0.4116731 0 0.8552224 0.7751278 0 0.8116121 0.7679102 0 0.8541848 0.7679102 0 0.8957503 0.7679713 0 0.7569696 0.368368 0 0.7726864 0.3633478 0 0.7566949 0.4049439 0 0.7729763 0.4116884 0 0.8541848 0.7679102 0 0.8116121 0.7679102 0 0.8552224 0.7751278 0 0.8957503 0.7679713 0 0.3252308 0.9918212 0 0.3122759 0.9886015 0 0.338201 0.9886015 0 0.3012741 0.9813535 0 0.3492027 0.9813535 0 0.294316 0.9691005 0 0.3561608 0.9691005 0 0.2924392 0.9529107 0 0.3580377 0.9529107 0 0.2948806 0.9394217 0 0.3555962 0.9394217 0 0.3005722 0.9285878 0 0.3499046 0.9285878 0 0.3117418 0.9204547 0 0.338735 0.9204547 0 0.3252308 0.9176928 0 0.05467308 0.3632715 0 0.01586938 0.4126192 0 0.01713588 0.3751431 0 0.05299458 0.4178531 0 0.1108415 0.3631952 0 0.1106584 0.4176852 0 0.1758907 0.3641108 0 0.1769741 0.4166324 0 0.2485695 0.3651941 0 0.2501564 0.4162814 0 0.3178302 0.3651789 0 0.3182422 0.4160373 0 0.3863127 0.4162814 0 0.3871061 0.3651941 0 0.4595102 0.4166324 0 0.4597696 0.3641108 0 0.5258107 0.4176852 0 0.5247883 0.3631952 0 0.5834592 0.4178531 0 0.5809415 0.3632715 0 0.6204929 0.4126192 0 0.6186312 0.3751431 0 0.02801557 0.97113 0 0.02801557 0.97113 0 0.02801557 0.9863431 0 0.02801557 0.9863431 0 0.0989395 0.9715725 0 0.0967422 0.9863431 0 0.2235599 0.9863431 0 0.2235599 0.9715725 0 0.2528725 0.9715725 0 0.2528725 0.9863431 0 0.8714885 0.01376367 0 0.871046 0.02893108 0 0.8010376 0.02893108 0 0.7999237 0.01376367 0 0.7286031 0.01376367 0 0.7272602 0.02893108 0 0.6561837 0.01376367 0 0.6560006 0.02887005 0 0.586511 0.02887005 0 0.5866026 0.01376367 0 0.5199512 0.01376367 0 0.5179828 0.02893108 0 0.4450446 0.01376367 0 0.4450446 0.02893108 0 0.3720913 0.02893108 0 0.3701228 0.01376367 0 0.3035782 0.02887005 0 0.3034714 0.01376367 0 0.233875 0.01376367 0 0.2340734 0.02887005 0 0.1628138 0.02893108 0 0.161471 0.01376367 0 0.08905165 0.02893108 0 0.09016556 0.01376367 0 0.01858549 0.01376367 0 0.01904326 0.02893108 0 0.6762493 0.367956 0 0.7159228 0.3673457 0 0.6751507 0.4049439 0 0.7159228 0.4057679 0 0.7566949 0.4049439 0 0.7569696 0.368368 0 0.9338064 0.974197 0 0.9204853 0.9497673 0 0.9674067 0.9740596 0 0.9822385 0.9498894 0 0.9672542 0.8806592 0 0.9324178 0.880644 0 0.9796292 0.7418936 0 0.9796292 0.770489 0 0.9382772 0.7417411 0 0.9383841 0.7676661 0 0.8957503 0.7679713 0 0.8955672 0.7405661 0 0.8543679 0.7430228 0 0.8541848 0.7679102 0 0.8116121 0.7679102 0 0.8118258 0.7416342 0 0.9324178 0.880644 0 0.9204853 0.9497673 0 0.9672542 0.8806592 0 0.9822385 0.9498894 0 0.9674067 0.9740596 0 0.9338064 0.974197 0 0.8118258 0.7416342 0 0.8116121 0.7679102 0 0.8543679 0.7430228 0 0.8541848 0.7679102 0 0.8957503 0.7679713 0 0.8955672 0.7405661 0 0.9382772 0.7417411 0 0.9383841 0.7676661 0 0.9796292 0.770489 0 0.9796292 0.7418936 0 0.2528725 0.9715725 0 0.09915312 0.9715725 0 0.2528725 0.9863431 0 0.09649806 0.9863431 0 0.02801557 0.9863431 0 0.02801557 0.97113 0 0.2528725 0.9715725 0 0.2528725 0.9863431 0 0.09915312 0.9715725 0 0.09649806 0.9863431 0 0.02801557 0.9863431 0 0.02801557 0.97113 0 0.02801557 0.97113 0 0.02801557 0.9863431 0 0.2235599 0.9863431 0 0.2528725 0.9863431 0 0.2528725 0.9715725 0 0.2235599 0.9715725 0 0.0989395 0.9715725 0 0.0967422 0.9863431 0 0.02801557 0.9863431 0 0.02801557 0.97113 0 0.8647745 0.3168841 0 0.8641031 0.3312734 0 0.7989319 0.3288167 0 0.7923247 0.314168 0 0.7253529 0.3283131 0 0.7957733 0.2690776 0 0.8700237 0.2725567 0 0.7300221 0.2771038 0 0.7031357 0.3007706 0 0.6553445 0.3309072 0 0.6548715 0.3155413 0 0.6118868 0.3040208 0 0.6051576 0.3356222 0 0.5540093 0.3010758 0 0.5545129 0.3399252 0 0.597406 0.2716717 0 0.5050431 0.3020523 0 0.5214007 0.2467384 0 0.4450446 0.2469215 0 0.5943542 0.2466773 0 0.6154422 0.2478217 0 0.5896391 0.2244754 0 0.4450446 0.222324 0 0.5221943 0.2202945 0 0.517876 0.2037385 0 0.4450446 0.2033112 0 0.5862516 0.2041657 0 0.367895 0.2202945 0 0.3721981 0.2037385 0 0.6562142 0.2246128 0 0.6560464 0.205066 0 0.6567178 0.2403449 0 0.727367 0.2077668 0 0.7041276 0.248188 0 0.72607 0.2271305 0 0.8006714 0.2092928 0 0.7974517 0.2303197 0 0.8711223 0.2107881 0 0.8734112 0.2331121 0 0.3004501 0.2244754 0 0.3038224 0.2041657 0 0.3686732 0.2467384 0 0.3850309 0.3020523 0 0.2338598 0.2246128 0 0.2340276 0.205066 0 0.162707 0.2077668 0 0.33608 0.3010758 0 0.3355612 0.3399252 0 0.2849165 0.3356222 0 0.2782635 0.3041276 0 0.2347295 0.3309072 0 0.292668 0.2716717 0 0.2352026 0.3155413 0 0.1869383 0.3006943 0 0.1647211 0.3283131 0 0.1600671 0.2771038 0 0.2957198 0.2466773 0 0.2746471 0.2478217 0 0.2333562 0.2403449 0 0.1859617 0.248188 0 0.164004 0.2271305 0 0.08941787 0.2092928 0 0.09774929 0.314168 0 0.09114214 0.3288167 0 0.09430075 0.2690776 0 0.09262227 0.2303197 0 0.0189517 0.2107881 0 0.01667811 0.2331121 0 0.02005035 0.2725567 0 0.02529946 0.3168841 0 0.02597086 0.3312734 0 0.9077287 0.8706798 0 0.8872053 0.9133898 0 0.8969406 0.8594491 0 0.8577402 0.9395896 0 0.8701 0.9411307 0 0.823148 0.9626764 0 0.840238 0.9070268 0 0.8737164 0.8398566 0 0.7691005 0.9541008 0 0.768307 0.9692836 0 0.7147478 0.9647517 0 0.7703517 0.9198444 0 0.8324865 0.8920119 0 0.8010071 0.8453956 0 0.8013886 0.8125429 0 0.7721218 0.824094 0 0.771313 0.8530403 0 0.7417868 0.8450294 0 0.742031 0.8121157 0 0.6692454 0.8377966 0 0.7089494 0.8910811 0 0.7005569 0.9058824 0 0.6454108 0.8566415 0 0.6879225 0.926955 0 0.6766766 0.9436179 0 0.6508736 0.9082322 0 0.6332952 0.8646372 0 0.6117647 0.8594491 0 0.6020905 0.9134356 0 0.6225528 0.8706798 0 0.5687801 0.9340047 0 0.5759823 0.94757 0 0.5379721 0.9626764 0 0.5551232 0.9071336 0 0.588571 0.8398718 0 0.4839246 0.9541161 0 0.4831311 0.9692836 0 0.429572 0.9647517 0 0.4851758 0.9198596 0 0.5473106 0.8920119 0 0.5158312 0.8453956 0 0.5162127 0.8125429 0 0.4848249 0.8240787 0 0.4861372 0.8530403 0 0.456611 0.8450294 0 0.4568551 0.8121157 0 0.3840391 0.8378118 0 0.4237736 0.8910811 0 0.4153811 0.9058824 0 0.360235 0.8566567 0 0.4027314 0.926955 0 0.3915007 0.9436179 0 0.3656977 0.9082322 0 0.3481193 0.8646372 0 0.8755322 0.1156329 0 0.7625238 0.07673764 0 0.8674906 0.08093387 0 0.7985809 0.1189288 0 0.7994049 0.1343099 0 0.8778668 0.1316243 0 0.728954 0.1186236 0 0.654551 0.07229728 0 0.7294728 0.1333638 0 0.8017548 0.1808499 0 0.8738537 0.1826352 0 0.8716106 0.1977875 0 0.8001831 0.1964141 0 0.7293813 0.1802548 0 0.7284046 0.1940795 0 0.6565347 0.1315786 0 0.6562753 0.1797513 0 0.6562295 0.1934692 0 0.6564889 0.1154193 0 0.5903715 0.1300068 0 0.5867857 0.1771267 0 0.5862058 0.191577 0 0.519234 0.1909056 0 0.5906615 0.1145189 0 0.5501183 0.07185471 0 0.5141528 0.1282521 0 0.5170367 0.1736476 0 0.4450446 0.1911498 0 0.5140612 0.112932 0 0.4450446 0.1248188 0 0.4450446 0.1707942 0 0.4450446 0.1092241 0 0.4450446 0.07013047 0 0.339971 0.07185471 0 0.3730373 0.1736476 0 0.37084 0.1909056 0 0.3760128 0.112932 0 0.3759212 0.1282521 0 0.3032883 0.1771267 0 0.3038834 0.191577 0 0.2338445 0.1934692 0 0.2994125 0.1145189 0 0.235523 0.07229728 0 0.2997024 0.1300068 0 0.2337987 0.1797513 0 0.1616693 0.1940795 0 0.2335851 0.1154193 0 0.2335393 0.1315786 0 0.160708 0.1802548 0 0.0898909 0.1964141 0 0.16112 0.1186236 0 0.1275502 0.07673764 0 0.1606012 0.1333638 0 0.08831922 0.1808499 0 0.01846342 0.1977875 0 0.01622034 0.1826352 0 0.01220722 0.1316243 0 0.09066911 0.1343099 0 0.01455711 0.1156329 0 0.02296483 0.08093387 0 0.09149309 0.1189288 0 0.3671626 0.5248951 0 0.3767147 0.4560159 0 0.401297 0.5331349 0 0.352987 0.6068513 0 0.4077211 0.4619516 0 0.3943694 0.6076906 0 0.3518883 0.6769971 0 0.4260014 0.5280995 0 0.4288701 0.4664225 0 0.5071794 0.4508583 0 0.4370489 0.5835813 0 0.51075 0.4878309 0 0.5500572 0.4661173 0 0.4623789 0.6337072 0 0.5036851 0.5666743 0 0.5503929 0.4961929 0 0.4233005 0.6716259 0 0.3643244 0.7283741 0 0.5025712 0.6652018 0 0.4389868 0.7439841 0 0.3836271 0.774731 0 0.4736248 0.7723507 0 0.4915236 0.724178 0 0.5517815 0.7843748 0 0.5511559 0.5795834 0 0.5520104 0.6739452 0 0.5525902 0.73785 0 0.6133974 0.7230793 0 0.632166 0.7709163 0 0.6012818 0.6643168 0 0.5983825 0.5658198 0 0.6408942 0.6320897 0 0.6662852 0.7419394 0 0.7221943 0.771664 0 0.7406424 0.7249714 0 0.6806439 0.6693065 0 0.7527428 0.65626 0 0.7084306 0.6048524 0 0.7454185 0.5816129 0 0.6653086 0.5815213 0 0.7001449 0.5304341 0 0.7341268 0.5215839 0 0.7233234 0.4528725 0 0.6924391 0.4593881 0 0.6753491 0.5258411 0 0.6715343 0.4643626 0 0.5927978 0.4500801 0 0.5898833 0.4871138 0 0.9742275 0.09510946 0 0.9742275 0.09027237 0 0.9779049 0.09539938 0 0.9705501 0.09539938 0 0.9815213 0.09404135 0 0.9669337 0.09402609 0 0.9783016 0.1021286 0 0.9701533 0.1021286 0 0.9811093 0.1057755 0 0.9673305 0.1057755 0 0.9742275 0.1053788 0 0.9742275 0.1093767 0 0.1581598 0.4710155 0 0.1823758 0.5292134 0 0.09579614 0.5319448 0 0.09494163 0.4413672 0 0.1534447 0.5950103 0 0.03341726 0.4710155 0 0.09579614 0.6209812 0 0.009216449 0.5292134 0 0.0381323 0.5950103 0 0.9257496 0.07484549 0 0.9254444 0.07997251 0 0.9097429 0.0835126 0 0.9427481 0.08480966 0 0.9131457 0.08729684 0 0.9017319 0.1085069 0 0.9390402 0.08810562 0 0.9490044 0.1090562 0 0.90692 0.1088579 0 0.9104295 0.1343251 0 0.9438316 0.1091936 0 0.9428855 0.1340352 0 0.9385519 0.1304646 0 0.9139391 0.1302815 0 0.9270619 0.1366903 0 0.9269856 0.1422598 0 0.9654688 0.009384274 0 0.9814755 0.01805145 0 0.965774 0.01451135 0 0.948455 0.01933318 0 0.9780575 0.02183568 0 0.9894713 0.0430457 0 0.952163 0.02262914 0 0.9421988 0.0435645 0 0.9842832 0.04339665 0 0.9807584 0.06886399 0 0.9473564 0.04371709 0 0.9483024 0.06854355 0 0.952636 0.0649882 0 0.9772488 0.06482035 0 0.9641261 0.0712291 0 0.9642023 0.07678342 0 0.9779507 0.4793317 0 0.9739833 0.5226825 0 0.9525445 0.5172198 0 0.9498436 0.5658045 0 0.9520104 0.4810101 0 0.9661097 0.4455482 0 0.9347829 0.5538567 0 0.9113603 0.5878385 0 0.9356375 0.5119707 0 0.925948 0.5406424 0 0.9267414 0.4841993 0 0.9075608 0.5494468 0 0.9426108 0.45037 0 0.947982 0.419913 0 0.9049058 0.5752652 0 0.8753185 0.5962005 0 0.9303426 0.4272831 0 0.914107 0.4015259 0 0.9041123 0.4526894 0 0.9089647 0.4745556 0 0.9012284 0.4098879 0 0.8900588 0.4856031 0 0.8753643 0.389868 0 0.8968033 0.4251011 0 0.8753643 0.4056764 0 0.849485 0.4098879 0 0.8306554 0.4040436 0 0.875349 0.4255741 0 0.8203708 0.4272678 0 0.8834668 0.4297551 0 0.8830091 0.4428015 0 0.8027313 0.4198977 0 0.875349 0.4467994 0 0.8080873 0.4503395 0 0.7846037 0.4455177 0 0.875349 0.4664683 0 0.7986724 0.4809796 0 0.7727474 0.4793012 0 0.8753338 0.503624 0 0.8831159 0.5125505 0 0.7981384 0.5171893 0 0.7766995 0.5226368 0 0.800824 0.565774 0 0.8150454 0.5119402 0 0.8239414 0.4841688 0 0.8247196 0.5406271 0 0.8466011 0.4526742 0 0.8417334 0.4745403 0 0.8158846 0.5538415 0 0.8431067 0.5494468 0 0.839292 0.5878233 0 0.8606241 0.4856031 0 0.8457466 0.5752499 0 0.8675669 0.5125505 0 0.867689 0.4428015 0 0.8752728 0.5468681 0 0.8607767 0.5402914 0 0.8898909 0.5403067 0 0.8753338 0.5799801 0 0.8539101 0.4250858 0 0.8672465 0.4297551 0 0.2364385 0.4596323 0 0.2247806 0.5079423 0 0.203006 0.4985733 0 0.2348821 0.6094453 0 0.2427405 0.4774243 0 0.2686809 0.4666972 0 0.3020676 0.4590219 0 0.2377661 0.524361 0 0.296437 0.4774853 0 0.2692607 0.4944839 0 0.3150378 0.5081407 0 0.3363851 0.4992294 0 0.3017166 0.6096437 0 0.3015183 0.5240558 0 0.2688029 0.5293202 0 0.2514534 0.5580987 0 0.2864424 0.5567406 0 0.2426337 0.5913024 0 0.2679332 0.5866941 0 0.2682841 0.6052338 0 0.2940719 0.5912261 0 0.2247806 0.5079423 0 0.2364385 0.4596323 0 0.203006 0.4985733 0 0.2348821 0.6094453 0 0.2427405 0.4774243 0 0.2686809 0.4666972 0 0.3020676 0.4590219 0 0.2377661 0.524361 0 0.296437 0.4774853 0 0.2692607 0.4944839 0 0.3150378 0.5081407 0 0.3363851 0.4992294 0 0.3017166 0.6096437 0 0.3015183 0.5240558 0 0.2688029 0.5293202 0 0.2514534 0.5580987 0 0.2864424 0.5567406 0 0.2426337 0.5913024 0 0.2681468 0.5866941 0 0.2682841 0.6052338 0 0.2940719 0.5912261 0</float_array>
          <technique_common>
            <accessor source="#geom-heiho_body__body_m-map1-array" count="2750" stride="3">
              <param name="S" type="float"/>
              <param name="T" type="float"/>
              <param name="P" type="float"/>
            </accessor>
          </technique_common>
        </source>
        <vertices id="geom-heiho_body__body_m-vertices">
          <input semantic="POSITION" source="#geom-heiho_body__body_m-positions"/>
        </vertices>
        <triangles material="body_m" count="2088">
          <input semantic="VERTEX" source="#geom-heiho_body__body_m-vertices" offset="0"/>
          <input semantic="NORMAL" source="#geom-heiho_body__body_m-normals" offset="1"/>
          <input semantic="TEXCOORD" source="#geom-heiho_body__body_m-map1" offset="2" set="0"/>
          <p>0 0 0 1 1 1 2 2 2 3 3 3 0 0 0 2 2 2 2 2 2 4 4 4 3 3 3 4 4 4 5 5 5 3 3 3 6 6 6 5 5 5 4 4 4 7 7 7 6 6 6 4 4 4 8 8 8 6 6 6 7 7 7 9 9 9 8 8 8 7 7 7 8 8 8 9 9 9 10 10 10 11 11 11 8 8 8 10 10 10 10 10 10 12 12 12 11 11 11 12 12 12 13 13 13 11 11 11 14 14 14 13 13 13 12 12 12 15 15 15 14 14 14 12 12 12 16 16 16 14 14 14 15 15 15 17 17 17 16 16 16 15 15 15 16 16 16 17 17 17 18 18 18 19 19 19 16 16 16 18 18 18 18 18 18 20 20 20 19 19 19 20 20 20 21 21 21 19 19 19 22 22 22 21 21 21 20 20 20 23 23 23 22 22 22 20 20 20 24 24 24 22 22 22 23 23 23 25 25 25 24 24 24 23 23 23 24 24 24 25 25 25 26 26 26 27 27 27 24 24 24 26 26 26 26 26 26 28 28 28 27 27 27 28 28 28 29 29 29 27 27 27 30 30 30 29 29 29 28 28 28 31 31 31 30 30 30 28 28 28 32 32 32 30 30 30 31 31 31 33 33 33 32 32 32 31 31 31 34 34 34 35 35 35 36 36 36 35 35 35 37 37 37 36 36 36 36 36 36 37 37 37 38 38 38 37 37 37 39 39 39 38 38 38 38 38 38 39 39 39 40 40 40 39 39 39 41 41 41 40 40 40 40 40 40 41 41 41 42 42 42 41 41 41 43 43 43 42 42 42 42 42 42 43 43 43 44 44 44 43 43 43 45 45 45 44 44 44 44 44 44 45 45 45 46 46 46 45 45 45 47 47 47 46 46 46 46 46 46 47 47 47 48 48 48 47 47 47 49 49 49 48 48 48 48 48 48 49 49 49 50 50 50 49 49 49 51 51 51 50 50 50 50 50 50 51 51 51 52 52 52 51 51 51 53 53 53 52 52 52 54 54 54 55 55 55 56 56 56 55 55 55 57 57 57 56 56 56 56 56 56 57 57 57 58 58 58 57 57 57 59 59 59 58 58 58 58 58 58 59 59 59 60 60 60 59 59 59 61 61 61 60 60 60 60 60 60 61 61 61 62 62 62 61 61 61 63 63 63 62 62 62 62 62 62 63 63 63 64 64 64 63 63 63 65 65 65 64 64 64 64 64 64 65 65 65 66 66 66 65 65 65 67 67 67 66 66 66 67 67 67 68 68 68 66 66 66 68 68 68 69 69 69 66 66 66 69 69 69 68 68 68 70 70 70 68 68 68 71 71 71 70 70 70 70 70 70 71 71 71 72 72 72 71 71 71 73 73 73 72 72 72 74 74 74 75 75 75 76 76 76 74 74 74 76 76 76 77 77 77 76 76 76 78 78 78 77 77 77 79 79 79 77 77 77 78 78 78 80 80 80 79 79 79 78 78 78 79 79 79 80 80 80 81 81 81 82 82 82 79 79 79 81 81 81 81 81 81 83 83 83 82 82 82 83 83 83 84 84 84 82 82 82 83 83 83 85 85 85 84 84 84 85 85 85 86 86 86 84 84 84 86 86 86 85 85 85 87 87 87 85 85 85 88 88 88 87 87 87 89 89 89 87 87 87 88 88 88 90 90 90 89 89 89 88 88 88 89 89 89 90 90 90 91 91 91 92 92 92 93 93 93 94 94 94 95 95 95 92 92 92 94 94 94 95 95 95 94 94 94 96 96 96 97 97 97 95 95 95 96 96 96 98 98 98 97 97 97 96 96 96 99 99 99 98 98 98 96 96 96 98 98 98 99 99 99 100 100 100 101 101 101 98 98 98 100 100 100 101 101 101 100 100 100 102 102 102 103 103 103 101 101 101 102 102 102 103 103 103 102 102 102 104 104 104 105 105 105 103 103 103 104 104 104 105 105 105 104 104 104 106 106 106 107 107 107 105 105 105 106 106 106 107 107 107 106 106 106 108 108 108 109 109 109 107 107 107 108 108 108 109 109 109 108 108 108 110 110 110 111 111 111 109 109 109 110 110 110 112 112 112 113 113 113 114 114 114 115 115 115 112 112 112 114 114 114 115 115 115 114 114 114 116 116 116 117 117 117 115 115 115 116 116 116 117 117 117 116 116 116 118 118 118 119 119 119 117 117 117 118 118 118 119 119 119 118 118 118 120 120 120 121 121 121 119 119 119 120 120 120 121 121 121 120 120 120 122 122 122 123 123 123 121 121 121 122 122 122 123 123 123 122 122 122 124 124 124 125 125 125 123 123 123 124 124 124 125 125 125 124 124 124 126 126 126 127 127 127 125 125 125 126 126 126 127 127 127 126 126 126 128 128 128 129 129 129 127 127 127 128 128 128 129 129 129 128 128 128 130 130 130 131 131 131 129 129 129 130 130 130 132 132 132 133 133 133 134 134 134 132 132 132 134 134 134 135 135 135 136 136 136 132 132 132 135 135 135 136 136 136 135 135 135 137 137 137 138 138 138 136 136 136 137 137 137 139 139 139 138 138 138 137 137 137 140 140 140 139 139 139 137 137 137 141 141 141 139 139 139 140 140 140 142 142 142 141 141 141 140 140 140 143 143 143 141 141 141 142 142 142 144 144 144 143 143 143 142 142 142 144 144 144 145 145 145 143 143 143 145 145 145 146 146 146 143 143 143 145 145 145 147 147 147 146 146 146 147 147 147 148 148 148 146 146 146 148 148 148 147 147 147 149 149 149 150 150 150 151 151 151 152 152 152 151 151 151 153 153 153 152 152 152 152 152 152 153 153 153 154 154 154 153 153 153 151 151 151 155 155 155 153 153 153 156 156 156 154 154 154 154 154 154 156 156 156 157 157 157 158 158 158 153 153 153 155 155 155 159 159 159 160 160 160 157 157 157 161 161 161 159 159 159 157 157 157 156 156 156 161 161 161 157 157 157 162 162 162 159 159 159 161 161 161 161 161 161 156 156 156 163 163 163 163 163 163 162 162 162 161 161 161 156 156 156 153 153 153 164 164 164 156 156 156 164 164 164 163 163 163 153 153 153 158 158 158 164 164 164 162 162 162 163 163 163 165 165 165 163 163 163 164 164 164 165 165 165 166 166 166 162 162 162 165 165 165 164 164 164 158 158 158 167 167 167 164 164 164 167 167 167 165 165 165 166 166 166 165 165 165 168 168 168 165 165 165 167 167 167 168 168 168 169 169 169 166 166 166 168 168 168 170 170 170 169 169 169 168 168 168 158 158 158 171 171 171 167 167 167 171 171 171 158 158 158 155 155 155 172 172 172 171 171 171 155 155 155 167 167 167 173 173 173 168 168 168 167 167 167 171 171 171 173 173 173 174 174 174 170 170 170 168 168 168 168 168 168 173 173 173 174 174 174 175 175 175 170 170 170 174 174 174 176 176 176 171 171 171 172 172 172 171 171 171 176 176 176 173 173 173 177 177 177 176 176 176 172 172 172 173 173 173 178 178 178 174 174 174 173 173 173 176 176 176 178 178 178 179 179 179 176 176 176 177 177 177 176 176 176 179 179 179 178 178 178 180 180 180 179 179 179 177 177 177 179 179 179 180 180 180 181 181 181 174 174 174 178 178 178 182 182 182 182 182 182 175 175 175 174 174 174 178 178 178 179 179 179 183 183 183 178 178 178 183 183 183 182 182 182 184 184 184 179 179 179 181 181 181 179 179 179 184 184 184 183 183 183 185 185 185 184 184 184 181 181 181 184 184 184 185 185 185 183 183 183 186 186 186 185 185 185 181 181 181 186 186 186 187 187 187 185 185 185 183 183 183 188 188 188 182 182 182 185 185 185 188 188 188 183 183 183 182 182 182 189 189 189 175 175 175 188 188 188 189 189 189 182 182 182 189 189 189 190 190 190 175 175 175 187 187 187 191 191 191 185 185 185 185 185 185 191 191 191 188 188 188 187 187 187 192 192 192 191 191 191 188 188 188 193 193 193 189 189 189 191 191 191 193 193 193 188 188 188 189 189 189 194 194 194 190 190 190 193 193 193 194 194 194 189 189 189 194 194 194 195 195 195 190 190 190 196 196 196 195 195 195 194 194 194 192 192 192 197 197 197 191 191 191 191 191 191 197 197 197 193 193 193 192 192 192 198 198 198 197 197 197 193 193 193 199 199 199 194 194 194 197 197 197 199 199 199 193 193 193 200 200 200 196 196 196 194 194 194 199 199 199 200 200 200 194 194 194 201 201 201 196 196 196 200 200 200 197 197 197 202 202 202 199 199 199 198 198 198 202 202 202 197 197 197 199 199 199 203 203 203 200 200 200 202 202 202 203 203 203 199 199 199 204 204 204 201 201 201 200 200 200 203 203 203 204 204 204 200 200 200 205 205 205 202 202 202 198 198 198 202 202 202 205 205 205 203 203 203 206 206 206 205 205 205 198 198 198 207 207 207 208 208 208 206 206 206 208 208 208 205 205 205 206 206 206 208 208 208 209 209 209 205 205 205 205 205 205 210 210 210 203 203 203 209 209 209 210 210 210 205 205 205 203 203 203 210 210 210 204 204 204 210 210 210 209 209 209 211 211 211 210 210 210 212 212 212 204 204 204 212 212 212 210 210 210 211 211 211 204 204 204 212 212 212 201 201 201 212 212 212 213 213 213 201 201 201 212 212 212 211 211 211 213 213 213 211 211 211 214 214 214 213 213 213 215 215 215 216 216 216 217 217 217 216 216 216 218 218 218 217 217 217 219 219 219 217 217 217 218 218 218 216 216 216 220 220 220 218 218 218 221 221 221 219 219 219 218 218 218 222 222 222 219 219 219 221 221 221 220 220 220 223 223 223 218 218 218 218 218 218 223 223 223 221 221 221 224 224 224 222 222 222 225 225 225 222 222 222 226 226 226 225 225 225 226 226 226 222 222 222 221 221 221 225 225 225 226 226 226 227 227 227 221 221 221 228 228 228 226 226 226 223 223 223 228 228 228 221 221 221 226 226 226 229 229 229 227 227 227 228 228 228 229 229 229 226 226 226 229 229 229 230 230 230 227 227 227 229 229 229 228 228 228 230 230 230 230 230 230 231 231 231 227 227 227 228 228 228 223 223 223 232 232 232 228 228 228 232 232 232 230 230 230 230 230 230 233 233 233 231 231 231 230 230 230 232 232 232 233 233 233 233 233 233 234 234 234 231 231 231 223 223 223 235 235 235 232 232 232 223 223 223 220 220 220 235 235 235 220 220 220 236 236 236 235 235 235 232 232 232 235 235 235 237 237 237 232 232 232 237 237 237 233 233 233 235 235 235 236 236 236 238 238 238 235 235 235 238 238 238 237 237 237 236 236 236 239 239 239 238 238 238 239 239 239 240 240 240 238 238 238 240 240 240 241 241 241 238 238 238 237 237 237 238 238 238 241 241 241 240 240 240 242 242 242 241 241 241 233 233 233 237 237 237 243 243 243 243 243 243 237 237 237 241 241 241 234 234 234 233 233 233 244 244 244 244 244 244 233 233 233 243 243 243 245 245 245 234 234 234 244 244 244 245 245 245 244 244 244 246 246 246 246 246 246 244 244 244 243 243 243 247 247 247 245 245 245 246 246 246 247 247 247 246 246 246 248 248 248 249 249 249 246 246 246 243 243 243 249 249 249 243 243 243 241 241 241 246 246 246 250 250 250 248 248 248 246 246 246 249 249 249 250 250 250 248 248 248 250 250 250 251 251 251 250 250 250 252 252 252 251 251 251 253 253 253 252 252 252 250 250 250 254 254 254 253 253 253 250 250 250 249 249 249 254 254 254 250 250 250 255 255 255 253 253 253 254 254 254 256 256 256 249 249 249 241 241 241 249 249 249 256 256 256 254 254 254 242 242 242 256 256 256 241 241 241 257 257 257 255 255 255 254 254 254 256 256 256 257 257 257 254 254 254 256 256 256 242 242 242 257 257 257 258 258 258 255 255 255 257 257 257 242 242 242 259 259 259 257 257 257 259 259 259 258 258 258 257 257 257 260 260 260 261 261 261 262 262 262 261 261 261 263 263 263 262 262 262 261 261 261 264 264 264 263 263 263 265 265 265 262 262 262 263 263 263 264 264 264 266 266 266 263 263 263 264 264 264 267 267 267 266 266 266 268 268 268 265 265 265 263 263 263 268 268 268 263 263 263 266 266 266 267 267 267 269 269 269 270 270 270 271 271 271 267 267 267 270 270 270 267 267 267 271 271 271 266 266 266 270 270 270 272 272 272 271 271 271 273 273 273 266 266 266 271 271 271 273 273 273 268 268 268 266 266 266 272 272 272 274 274 274 271 271 271 274 274 274 273 273 273 271 271 271 275 275 275 274 274 274 272 272 272 274 274 274 275 275 275 273 273 273 276 276 276 275 275 275 272 272 272 273 273 273 277 277 277 268 268 268 275 275 275 277 277 277 273 273 273 278 278 278 275 275 275 276 276 276 275 275 275 278 278 278 277 277 277 279 279 279 278 278 278 276 276 276 277 277 277 280 280 280 268 268 268 268 268 268 280 280 280 265 265 265 280 280 280 281 281 281 265 265 265 277 277 277 282 282 282 280 280 280 278 278 278 282 282 282 277 277 277 280 280 280 283 283 283 281 281 281 282 282 282 283 283 283 280 280 280 283 283 283 284 284 284 281 281 281 284 284 284 283 283 283 285 285 285 283 283 283 286 286 286 285 285 285 283 283 283 282 282 282 286 286 286 285 285 285 286 286 286 287 287 287 282 282 282 278 278 278 288 288 288 282 282 282 288 288 288 286 286 286 289 289 289 278 278 278 279 279 279 278 278 278 289 289 289 288 288 288 290 290 290 289 289 289 279 279 279 291 291 291 289 289 289 290 290 290 288 288 288 289 289 289 291 291 291 292 292 292 291 291 291 290 290 290 292 292 292 293 293 293 291 291 291 294 294 294 288 288 288 291 291 291 286 286 286 288 288 288 294 294 294 293 293 293 295 295 295 291 291 291 291 291 291 295 295 295 294 294 294 293 293 293 296 296 296 295 295 295 296 296 296 297 297 297 295 295 295 297 297 297 298 298 298 295 295 295 298 298 298 299 299 299 295 295 295 295 295 295 299 299 299 294 294 294 298 298 298 300 300 300 299 299 299 301 301 301 286 286 286 294 294 294 294 294 294 299 299 299 301 301 301 286 286 286 301 301 301 287 287 287 300 300 300 302 302 302 299 299 299 299 299 299 302 302 302 301 301 301 301 301 301 302 302 302 287 287 287 300 300 300 303 303 303 302 302 302 302 302 302 304 304 304 287 287 287 303 303 303 304 304 304 302 302 302 305 305 305 306 306 306 307 307 307 307 307 307 306 306 306 308 308 308 308 308 308 306 306 306 309 309 309 309 309 309 306 306 306 310 310 310 310 310 310 306 306 306 311 311 311 306 306 306 312 312 312 311 311 311 313 313 313 314 314 314 315 315 315 314 314 314 316 316 316 315 315 315 316 316 316 317 317 317 315 315 315 317 317 317 318 318 318 315 315 315 318 318 318 319 319 319 315 315 315 315 315 315 319 319 319 320 320 320 321 321 321 322 322 322 323 323 323 322 322 322 324 324 324 323 323 323 323 323 323 324 324 324 325 325 325 326 326 326 324 324 324 322 322 322 327 327 327 326 326 326 322 322 322 327 327 327 328 328 328 326 326 326 324 324 324 329 329 329 325 325 325 328 328 328 330 330 330 326 326 326 328 328 328 331 331 331 330 330 330 324 324 324 326 326 326 332 332 332 329 329 329 324 324 324 332 332 332 332 332 332 326 326 326 330 330 330 329 329 329 333 333 333 325 325 325 329 329 329 332 332 332 333 333 333 333 333 333 334 334 334 325 325 325 331 331 331 335 335 335 330 330 330 331 331 331 336 336 336 335 335 335 333 333 333 337 337 337 334 334 334 337 337 337 338 338 338 334 334 334 336 336 336 339 339 339 335 335 335 336 336 336 340 340 340 339 339 339 341 341 341 330 330 330 335 335 335 341 341 341 332 332 332 330 330 330 342 342 342 335 335 335 339 339 339 342 342 342 341 341 341 335 335 335 332 332 332 343 343 343 333 333 333 333 333 333 343 343 343 337 337 337 341 341 341 344 344 344 332 332 332 343 343 343 332 332 332 344 344 344 345 345 345 341 341 341 342 342 342 345 345 345 344 344 344 341 341 341 346 346 346 342 342 342 339 339 339 345 345 345 342 342 342 346 346 346 346 346 346 339 339 339 347 347 347 340 340 340 347 347 347 339 339 339 348 348 348 349 349 349 340 340 340 349 349 349 347 347 347 340 340 340 350 350 350 347 347 347 349 349 349 350 350 350 346 346 346 347 347 347 351 351 351 350 350 350 349 349 349 345 345 345 346 346 346 352 352 352 350 350 350 352 352 352 346 346 346 350 350 350 351 351 351 353 353 353 350 350 350 353 353 353 352 352 352 351 351 351 354 354 354 353 353 353 355 355 355 345 345 345 352 352 352 344 344 344 345 345 345 355 355 355 356 356 356 355 355 355 352 352 352 357 357 357 344 344 344 355 355 355 352 352 352 358 358 358 356 356 356 352 352 352 353 353 353 358 358 358 358 358 358 353 353 353 354 354 354 358 358 358 359 359 359 356 356 356 360 360 360 358 358 358 354 354 354 361 361 361 359 359 359 358 358 358 362 362 362 358 358 358 360 360 360 363 363 363 362 362 362 360 360 360 364 364 364 362 362 362 363 363 363 365 365 365 361 361 361 358 358 358 362 362 362 365 365 365 358 358 358 361 361 361 365 365 365 366 366 366 364 364 364 367 367 367 362 362 362 367 367 367 365 365 365 362 362 362 364 364 364 368 368 368 367 367 367 365 365 365 369 369 369 366 366 366 369 369 369 365 365 365 367 367 367 370 370 370 367 367 367 368 368 368 370 370 370 368 368 368 371 371 371 369 369 369 367 367 367 372 372 372 372 372 372 367 367 367 370 370 370 366 366 366 369 369 369 373 373 373 374 374 374 366 366 366 373 373 373 375 375 375 369 369 369 372 372 372 373 373 373 369 369 369 375 375 375 372 372 372 370 370 370 376 376 376 372 372 372 376 376 376 375 375 375 370 370 370 371 371 371 376 376 376 373 373 373 377 377 377 374 374 374 377 377 377 378 378 378 374 374 374 357 357 357 378 378 378 377 377 377 344 344 344 357 357 357 377 377 377 344 344 344 377 377 377 379 379 379 343 343 343 344 344 344 379 379 379 343 343 343 379 379 379 337 337 337 377 377 377 373 373 373 380 380 380 379 379 379 377 377 377 380 380 380 337 337 337 379 379 379 380 380 380 373 373 373 375 375 375 380 380 380 381 381 381 337 337 337 380 380 380 337 337 337 381 381 381 338 338 338 381 381 381 382 382 382 338 338 338 381 381 381 383 383 383 382 382 382 381 381 381 380 380 380 383 383 383 383 383 383 384 384 384 382 382 382 384 384 384 383 383 383 385 385 385 380 380 380 386 386 386 383 383 383 380 380 380 375 375 375 386 386 386 385 385 385 383 383 383 387 387 387 387 387 387 383 383 383 386 386 386 385 385 385 387 387 387 388 388 388 389 389 389 385 385 385 388 388 388 387 387 387 386 386 386 390 390 390 388 388 388 387 387 387 390 390 390 389 389 389 388 388 388 391 391 391 392 392 392 386 386 386 375 375 375 390 390 390 386 386 386 392 392 392 392 392 392 375 375 375 376 376 376 388 388 388 390 390 390 393 393 393 390 390 390 392 392 392 393 393 393 392 392 392 376 376 376 394 394 394 371 371 371 394 394 394 376 376 376 393 393 393 392 392 392 395 395 395 395 395 395 392 392 392 394 394 394 396 396 396 393 393 393 395 395 395 395 395 395 394 394 394 396 396 396 388 388 388 393 393 393 397 397 397 397 397 397 393 393 393 396 396 396 388 388 388 397 397 397 398 398 398 388 388 388 398 398 398 391 391 391 398 398 398 397 397 397 399 399 399 397 397 397 396 396 396 399 399 399 391 391 391 398 398 398 400 400 400 398 398 398 399 399 399 400 400 400 401 401 401 391 391 391 400 400 400 401 401 401 400 400 400 402 402 402 400 400 400 403 403 403 402 402 402 402 402 402 403 403 403 404 404 404 399 399 399 405 405 405 400 400 400 405 405 405 403 403 403 400 400 400 403 403 403 406 406 406 404 404 404 403 403 403 405 405 405 406 406 406 404 404 404 406 406 406 407 407 407 405 405 405 399 399 399 408 408 408 399 399 399 396 396 396 408 408 408 406 406 406 409 409 409 407 407 407 407 407 407 409 409 409 410 410 410 396 396 396 411 411 411 408 408 408 394 394 394 411 411 411 396 396 396 394 394 394 371 371 371 411 411 411 371 371 371 412 412 412 411 411 411 412 412 412 371 371 371 413 413 413 414 414 414 411 411 411 412 412 412 414 414 414 408 408 408 411 411 411 412 412 412 413 413 413 415 415 415 414 414 414 412 412 412 415 415 415 416 416 416 415 415 415 413 413 413 417 417 417 408 408 408 414 414 414 417 417 417 414 414 414 415 415 415 416 416 416 418 418 418 415 415 415 416 416 416 419 419 419 418 418 418 418 418 418 419 419 419 420 420 420 415 415 415 418 418 418 421 421 421 417 417 417 415 415 415 421 421 421 422 422 422 418 418 418 420 420 420 418 418 418 422 422 422 421 421 421 422 422 422 420 420 420 423 423 423 417 417 417 421 421 421 424 424 424 421 421 421 425 425 425 424 424 424 425 425 425 421 421 421 422 422 422 426 426 426 425 425 425 422 422 422 427 427 427 426 426 426 422 422 422 428 428 428 417 417 417 424 424 424 428 428 428 408 408 408 417 417 417 429 429 429 428 428 428 424 424 424 428 428 428 405 405 405 408 408 408 428 428 428 429 429 429 430 430 430 428 428 428 430 430 430 405 405 405 429 429 429 431 431 431 430 430 430 431 431 431 432 432 432 430 430 430 430 430 430 433 433 433 405 405 405 405 405 405 433 433 433 406 406 406 432 432 432 434 434 434 430 430 430 430 430 430 434 434 434 433 433 433 432 432 432 435 435 435 434 434 434 433 433 433 436 436 436 406 406 406 434 434 434 436 436 436 433 433 433 436 436 436 409 409 409 406 406 406 436 436 436 434 434 434 437 437 437 436 436 436 437 437 437 409 409 409 435 435 435 438 438 438 434 434 434 437 437 437 439 439 439 409 409 409 409 409 409 439 439 439 410 410 410 410 410 410 439 439 439 440 440 440 440 440 440 439 439 439 437 437 437 441 441 441 410 410 410 440 440 440 442 442 442 441 441 441 443 443 443 441 441 441 440 440 440 443 443 443 440 440 440 444 444 444 443 443 443 444 444 444 440 440 440 437 437 437 444 444 444 445 445 445 443 443 443 445 445 445 444 444 444 446 446 446 444 444 444 447 447 447 446 446 446 447 447 447 444 444 444 437 437 437 446 446 446 447 447 447 448 448 448 449 449 449 447 447 447 437 437 437 449 449 449 437 437 437 434 434 434 438 438 438 449 449 449 434 434 434 447 447 447 450 450 450 448 448 448 450 450 450 447 447 447 449 449 449 448 448 448 450 450 450 451 451 451 452 452 452 450 450 450 449 449 449 438 438 438 452 452 452 449 449 449 450 450 450 453 453 453 451 451 451 453 453 453 450 450 450 452 452 452 454 454 454 451 451 451 453 453 453 438 438 438 455 455 455 452 452 452 455 455 455 453 453 453 452 452 452 456 456 456 454 454 454 453 453 453 456 456 456 453 453 453 455 455 455 457 457 457 454 454 454 458 458 458 454 454 454 456 456 456 458 458 458 456 456 456 459 459 459 458 458 458 459 459 459 456 456 456 455 455 455 459 459 459 460 460 460 458 458 458 438 438 438 461 461 461 455 455 455 459 459 459 455 455 455 461 461 461 461 461 461 438 438 438 435 435 435 427 427 427 461 461 461 435 435 435 461 461 461 427 427 427 422 422 422 460 460 460 459 459 459 462 462 462 459 459 459 461 461 461 462 462 462 461 461 461 422 422 422 462 462 462 423 423 423 460 460 460 462 462 462 462 462 462 422 422 422 423 423 423 463 463 463 464 464 464 465 465 465 464 464 464 466 466 466 465 465 465 467 467 467 463 463 463 465 465 465 468 468 468 465 465 465 466 466 466 469 469 469 468 468 468 466 466 466 470 470 470 467 467 467 465 465 465 470 470 470 465 465 465 468 468 468 468 468 468 469 469 469 471 471 471 469 469 469 472 472 472 471 471 471 473 473 473 470 470 470 468 468 468 473 473 473 468 468 468 471 471 471 467 467 467 470 470 470 474 474 474 474 474 474 470 470 470 473 473 473 475 475 475 467 467 467 474 474 474 476 476 476 475 475 475 474 474 474 471 471 471 472 472 472 477 477 477 472 472 472 478 478 478 477 477 477 479 479 479 476 476 476 474 474 474 480 480 480 476 476 476 479 479 479 481 481 481 480 480 480 479 479 479 482 482 482 480 480 480 481 481 481 483 483 483 479 479 479 474 474 474 481 481 481 479 479 479 483 483 483 484 484 484 482 482 482 481 481 481 482 482 482 484 484 484 485 485 485 484 484 484 486 486 486 485 485 485 487 487 487 484 484 484 481 481 481 487 487 487 481 481 481 483 483 483 484 484 484 488 488 488 486 486 486 487 487 487 488 488 488 484 484 484 488 488 488 489 489 489 486 486 486 490 490 490 488 488 488 487 487 487 488 488 488 491 491 491 489 489 489 491 491 491 488 488 488 490 490 490 491 491 491 492 492 492 489 489 489 493 493 493 492 492 492 491 491 491 490 490 490 487 487 487 494 494 494 487 487 487 483 483 483 494 494 494 495 495 495 493 493 493 491 491 491 493 493 493 495 495 495 496 496 496 497 497 497 491 491 491 490 490 490 495 495 495 498 498 498 496 496 496 496 496 496 498 498 498 499 499 499 495 495 495 491 491 491 500 500 500 491 491 491 497 497 497 500 500 500 495 495 495 500 500 500 501 501 501 498 498 498 495 495 495 501 501 501 500 500 500 497 497 497 502 502 502 500 500 500 502 502 502 501 501 501 497 497 497 490 490 490 503 503 503 497 497 497 503 503 503 502 502 502 490 490 490 494 494 494 503 503 503 503 503 503 504 504 504 502 502 502 503 503 503 494 494 494 504 504 504 502 502 502 505 505 505 501 501 501 494 494 494 506 506 506 504 504 504 494 494 494 483 483 483 506 506 506 504 504 504 507 507 507 502 502 502 505 505 505 502 502 502 507 507 507 506 506 506 483 483 483 508 508 508 483 483 483 474 474 474 508 508 508 508 508 508 474 474 474 473 473 473 508 508 508 473 473 473 509 509 509 506 506 506 508 508 508 509 509 509 509 509 509 473 473 473 471 471 471 509 509 509 471 471 471 477 477 477 506 506 506 509 509 509 510 510 510 510 510 510 509 509 509 477 477 477 504 504 504 506 506 506 510 510 510 504 504 504 510 510 510 511 511 511 511 511 511 510 510 510 477 477 477 507 507 507 504 504 504 511 511 511 512 512 512 511 511 511 477 477 477 477 477 477 478 478 478 512 512 512 478 478 478 513 513 513 512 512 512 512 512 512 513 513 513 514 514 514 515 515 515 512 512 512 514 514 514 511 511 511 512 512 512 515 515 515 516 516 516 515 515 515 514 514 514 507 507 507 511 511 511 517 517 517 517 517 517 511 511 511 515 515 515 518 518 518 515 515 515 516 516 516 518 518 518 517 517 517 515 515 515 519 519 519 507 507 507 517 517 517 505 505 505 507 507 507 519 519 519 520 520 520 517 517 517 518 518 518 519 519 519 517 517 517 520 520 520 521 521 521 518 518 518 516 516 516 520 520 520 518 518 518 521 521 521 521 521 521 516 516 516 522 522 522 521 521 521 522 522 522 523 523 523 524 524 524 519 519 519 520 520 520 524 524 524 505 505 505 519 519 519 525 525 525 520 520 520 521 521 521 524 524 524 520 520 520 525 525 525 526 526 526 505 505 505 524 524 524 501 501 501 505 505 505 526 526 526 527 527 527 524 524 524 525 525 525 526 526 526 524 524 524 527 527 527 528 528 528 501 501 501 526 526 526 498 498 498 501 501 501 528 528 528 529 529 529 526 526 526 527 527 527 498 498 498 528 528 528 530 530 530 498 498 498 530 530 530 499 499 499 528 528 528 526 526 526 531 531 531 526 526 526 529 529 529 531 531 531 528 528 528 531 531 531 530 530 530 529 529 529 527 527 527 532 532 532 529 529 529 532 532 532 531 531 531 531 531 531 533 533 533 530 530 530 532 532 532 533 533 533 531 531 531 530 530 530 534 534 534 499 499 499 533 533 533 534 534 534 530 530 530 534 534 534 535 535 535 499 499 499 534 534 534 533 533 533 536 536 536 533 533 533 532 532 532 536 536 536 534 534 534 537 537 537 535 535 535 534 534 534 536 536 536 537 537 537 537 537 537 538 538 538 535 535 535 527 527 527 539 539 539 532 532 532 527 527 527 525 525 525 539 539 539 538 538 538 537 537 537 540 540 540 541 541 541 538 538 538 540 540 540 542 542 542 541 541 541 540 540 540 540 540 540 537 537 537 543 543 543 537 537 537 536 536 536 543 543 543 544 544 544 542 542 542 540 540 540 545 545 545 542 542 542 544 544 544 546 546 546 540 540 540 543 543 543 547 547 547 545 545 545 544 544 544 548 548 548 545 545 545 547 547 547 549 549 549 548 548 548 547 547 547 550 550 550 544 544 544 540 540 540 546 546 546 550 550 550 540 540 540 551 551 551 547 547 547 544 544 544 550 550 550 551 551 551 544 544 544 549 549 549 547 547 547 552 552 552 551 551 551 552 552 552 547 547 547 553 553 553 549 549 549 552 552 552 550 550 550 554 554 554 551 551 551 552 552 552 555 555 555 553 553 553 555 555 555 556 556 556 553 553 553 551 551 551 557 557 557 552 552 552 557 557 557 555 555 555 552 552 552 554 554 554 557 557 557 551 551 551 555 555 555 558 558 558 556 556 556 557 557 557 558 558 558 555 555 555 558 558 558 559 559 559 556 556 556 560 560 560 559 559 559 558 558 558 561 561 561 554 554 554 550 550 550 546 546 546 561 561 561 550 550 550 554 554 554 562 562 562 557 557 557 563 563 563 561 561 561 546 546 546 543 543 543 563 563 563 546 546 546 563 563 563 543 543 543 536 536 536 561 561 561 564 564 564 554 554 554 564 564 564 561 561 561 563 563 563 564 564 564 562 562 562 554 554 554 565 565 565 563 563 563 536 536 536 532 532 532 565 565 565 536 536 536 532 532 532 539 539 539 565 565 565 565 565 565 566 566 566 563 563 563 566 566 566 564 564 564 563 563 563 565 565 565 539 539 539 567 567 567 565 565 565 567 567 567 566 566 566 539 539 539 568 568 568 567 567 567 525 525 525 568 568 568 539 539 539 525 525 525 521 521 521 568 568 568 567 567 567 569 569 569 566 566 566 568 568 568 569 569 569 567 567 567 521 521 521 570 570 570 568 568 568 568 568 568 570 570 570 569 569 569 521 521 521 523 523 523 570 570 570 570 570 570 523 523 523 571 571 571 569 569 569 570 570 570 571 571 571 571 571 571 523 523 523 572 572 572 569 569 569 573 573 573 566 566 566 569 569 569 571 571 571 573 573 573 566 566 566 573 573 573 564 564 564 571 571 571 572 572 572 574 574 574 571 571 571 574 574 574 573 573 573 572 572 572 575 575 575 574 574 574 575 575 575 576 576 576 574 574 574 573 573 573 577 577 577 564 564 564 564 564 564 577 577 577 562 562 562 574 574 574 578 578 578 573 573 573 576 576 576 578 578 578 574 574 574 578 578 578 577 577 577 573 573 573 576 576 576 579 579 579 578 578 578 577 577 577 580 580 580 562 562 562 580 580 580 577 577 577 578 578 578 579 579 579 581 581 581 578 578 578 581 581 581 580 580 580 578 578 578 579 579 579 582 582 582 581 581 581 562 562 562 580 580 580 583 583 583 557 557 557 562 562 562 583 583 583 557 557 557 583 583 583 558 558 558 580 580 580 584 584 584 583 583 583 583 583 583 584 584 584 558 558 558 584 584 584 580 580 580 581 581 581 584 584 584 585 585 585 558 558 558 585 585 585 560 560 560 558 558 558 586 586 586 584 584 584 581 581 581 585 585 585 584 584 584 586 586 586 582 582 582 586 586 586 581 581 581 582 582 582 587 587 587 586 586 586 560 560 560 585 585 585 588 588 588 588 588 588 585 585 585 586 586 586 587 587 587 588 588 588 586 586 586 589 589 589 560 560 560 588 588 588 587 587 587 590 590 590 588 588 588 590 590 590 589 589 589 588 588 588 591 591 591 592 592 592 593 593 593 594 594 594 591 591 591 593 593 593 593 593 593 592 592 592 595 595 595 594 594 594 593 593 593 596 596 596 597 597 597 594 594 594 596 596 596 593 593 593 595 595 595 598 598 598 597 597 597 596 596 596 599 599 599 600 600 600 597 597 597 599 599 599 596 596 596 593 593 593 601 601 601 601 601 601 593 593 593 598 598 598 596 596 596 602 602 602 599 599 599 596 596 596 601 601 601 602 602 602 600 600 600 599 599 599 603 603 603 603 603 603 599 599 599 602 602 602 604 604 604 600 600 600 603 603 603 601 601 601 605 605 605 602 602 602 604 604 604 603 603 603 606 606 606 607 607 607 604 604 604 606 606 606 603 603 603 602 602 602 608 608 608 606 606 606 603 603 603 608 608 608 608 608 608 602 602 602 605 605 605 607 607 607 606 606 606 609 609 609 610 610 610 607 607 607 609 609 609 606 606 606 608 608 608 611 611 611 610 610 610 609 609 609 612 612 612 613 613 613 610 610 610 612 612 612 614 614 614 613 613 613 612 612 612 609 609 609 606 606 606 615 615 615 606 606 606 611 611 611 615 615 615 616 616 616 612 612 612 609 609 609 615 615 615 616 616 616 609 609 609 617 617 617 614 614 614 612 612 612 612 612 612 616 616 616 617 617 617 616 616 616 615 615 615 618 618 618 616 616 616 618 618 618 617 617 617 615 615 615 611 611 611 619 619 619 615 615 615 619 619 619 618 618 618 614 614 614 617 617 617 620 620 620 621 621 621 614 614 614 620 620 620 622 622 622 617 617 617 618 618 618 621 621 621 620 620 620 623 623 623 624 624 624 621 621 621 623 623 623 625 625 625 620 620 620 617 617 617 620 620 620 625 625 625 623 623 623 622 622 622 625 625 625 617 617 617 624 624 624 623 623 623 626 626 626 627 627 627 624 624 624 626 626 626 628 628 628 627 627 627 626 626 626 623 623 623 629 629 629 626 626 626 623 623 623 625 625 625 629 629 629 630 630 630 628 628 628 626 626 626 629 629 629 630 630 630 626 626 626 628 628 628 630 630 630 631 631 631 631 631 631 630 630 630 629 629 629 632 632 632 628 628 628 631 631 631 629 629 629 625 625 625 633 633 633 633 633 633 631 631 631 629 629 629 631 631 631 634 634 634 632 632 632 631 631 631 633 633 633 634 634 634 633 633 633 625 625 625 635 635 635 635 635 635 625 625 625 622 622 622 636 636 636 634 634 634 633 633 633 635 635 635 636 636 636 633 633 633 637 637 637 632 632 632 634 634 634 638 638 638 632 632 632 637 637 637 639 639 639 634 634 634 636 636 636 637 637 637 634 634 634 639 639 639 640 640 640 638 638 638 637 637 637 637 637 637 639 639 639 641 641 641 640 640 640 637 637 637 641 641 641 640 640 640 642 642 642 638 638 638 642 642 642 640 640 640 641 641 641 642 642 642 643 643 643 638 638 638 643 643 643 642 642 642 644 644 644 642 642 642 645 645 645 644 644 644 645 645 645 642 642 642 641 641 641 644 644 644 645 645 645 646 646 646 647 647 647 645 645 645 641 641 641 641 641 641 639 639 639 647 647 647 645 645 645 648 648 648 646 646 646 648 648 648 645 645 645 647 647 647 649 649 649 646 646 646 648 648 648 647 647 647 639 639 639 650 650 650 650 650 650 639 639 639 636 636 636 648 648 648 647 647 647 651 651 651 651 651 651 649 649 649 648 648 648 650 650 650 652 652 652 647 647 647 647 647 647 652 652 652 651 651 651 650 650 650 636 636 636 653 653 653 653 653 653 636 636 636 635 635 635 650 650 650 654 654 654 652 652 652 654 654 654 650 650 650 653 653 653 651 651 651 655 655 655 649 649 649 649 649 649 655 655 655 656 656 656 656 656 656 655 655 655 657 657 657 655 655 655 651 651 651 658 658 658 655 655 655 659 659 659 657 657 657 655 655 655 658 658 658 659 659 659 657 657 657 659 659 659 660 660 660 658 658 658 651 651 651 661 661 661 652 652 652 661 661 661 651 651 651 658 658 658 662 662 662 659 659 659 658 658 658 661 661 661 662 662 662 659 659 659 663 663 663 660 660 660 659 659 659 662 662 662 663 663 663 664 664 664 660 660 660 663 663 663 661 661 661 665 665 665 662 662 662 666 666 666 664 664 664 663 663 663 664 664 664 666 666 666 667 667 667 662 662 662 668 668 668 663 663 663 662 662 662 665 665 665 668 668 668 663 663 663 669 669 669 666 666 666 663 663 663 668 668 668 669 669 669 666 666 666 670 670 670 667 667 667 671 671 671 667 667 667 670 670 670 666 666 666 672 672 672 670 670 670 666 666 666 669 669 669 672 672 672 673 673 673 671 671 671 670 670 670 673 673 673 670 670 670 672 672 672 674 674 674 671 671 671 673 673 673 669 669 669 675 675 675 672 672 672 676 676 676 674 674 674 673 673 673 674 674 674 676 676 676 677 677 677 676 676 676 678 678 678 677 677 677 676 676 676 679 679 679 678 678 678 673 673 673 672 672 672 680 680 680 673 673 673 680 680 680 676 676 676 680 680 680 672 672 672 675 675 675 676 676 676 681 681 681 679 679 679 676 676 676 680 680 680 681 681 681 679 679 679 681 681 681 682 682 682 683 683 683 679 679 679 682 682 682 681 681 681 680 680 680 684 684 684 682 682 682 681 681 681 684 684 684 680 680 680 675 675 675 684 684 684 682 682 682 685 685 685 683 683 683 685 685 685 686 686 686 683 683 683 684 684 684 687 687 687 682 682 682 687 687 687 685 685 685 682 682 682 685 685 685 688 688 688 686 686 686 688 688 688 689 689 689 686 686 686 690 690 690 685 685 685 687 687 687 690 690 690 688 688 688 685 685 685 684 684 684 691 691 691 687 687 687 684 684 684 675 675 675 691 691 691 690 690 690 687 687 687 692 692 692 687 687 687 691 691 691 692 692 692 693 693 693 689 689 689 688 688 688 693 693 693 694 694 694 689 689 689 693 693 693 695 695 695 694 694 694 696 696 696 693 693 693 688 688 688 696 696 696 695 695 695 693 693 693 696 696 696 688 688 688 690 690 690 697 697 697 696 696 696 690 690 690 692 692 692 697 697 697 690 690 690 698 698 698 695 695 695 696 696 696 697 697 697 698 698 698 696 696 696 698 698 698 699 699 699 695 695 695 699 699 699 700 700 700 695 695 695 700 700 700 699 699 699 701 701 701 702 702 702 698 698 698 697 697 697 703 703 703 699 699 699 698 698 698 702 702 702 703 703 703 698 698 698 699 699 699 704 704 704 701 701 701 704 704 704 699 699 699 703 703 703 705 705 705 702 702 702 697 697 697 705 705 705 697 697 697 692 692 692 706 706 706 703 703 703 702 702 702 707 707 707 705 705 705 692 692 692 707 707 707 692 692 692 691 691 691 702 702 702 705 705 705 708 708 708 708 708 708 706 706 706 702 702 702 707 707 707 709 709 709 705 705 705 705 705 705 709 709 709 708 708 708 710 710 710 707 707 707 691 691 691 675 675 675 710 710 710 691 691 691 711 711 711 709 709 709 707 707 707 707 707 707 710 710 710 711 711 711 712 712 712 710 710 710 675 675 675 669 669 669 712 712 712 675 675 675 668 668 668 712 712 712 669 669 669 713 713 713 710 710 710 712 712 712 710 710 710 713 713 713 711 711 711 714 714 714 712 712 712 668 668 668 714 714 714 713 713 713 712 712 712 665 665 665 714 714 714 668 668 668 714 714 714 715 715 715 713 713 713 665 665 665 715 715 715 714 714 714 713 713 713 716 716 716 711 711 711 715 715 715 716 716 716 713 713 713 665 665 665 717 717 717 715 715 715 665 665 665 661 661 661 717 717 717 717 717 717 661 661 661 652 652 652 717 717 717 718 718 718 715 715 715 652 652 652 718 718 718 717 717 717 715 715 715 718 718 718 716 716 716 654 654 654 718 718 718 652 652 652 718 718 718 719 719 719 716 716 716 719 719 719 718 718 718 654 654 654 716 716 716 720 720 720 711 711 711 719 719 719 720 720 720 716 716 716 711 711 711 720 720 720 709 709 709 721 721 721 719 719 719 654 654 654 719 719 719 721 721 721 720 720 720 653 653 653 721 721 721 654 654 654 720 720 720 722 722 722 709 709 709 721 721 721 722 722 722 720 720 720 722 722 722 708 708 708 709 709 709 721 721 721 723 723 723 722 722 722 723 723 723 721 721 721 653 653 653 722 722 722 724 724 724 708 708 708 723 723 723 724 724 724 722 722 722 724 724 724 706 706 706 708 708 708 723 723 723 653 653 653 725 725 725 724 724 724 723 723 723 726 726 726 723 723 723 725 725 725 726 726 726 727 727 727 706 706 706 724 724 724 726 726 726 727 727 727 724 724 724 727 727 727 728 728 728 706 706 706 728 728 728 703 703 703 706 706 706 728 728 728 704 704 704 703 703 703 729 729 729 727 727 727 726 726 726 730 730 730 728 728 728 727 727 727 729 729 729 730 730 730 727 727 727 731 731 731 704 704 704 728 728 728 730 730 730 731 731 731 728 728 728 732 732 732 729 729 729 726 726 726 732 732 732 726 726 726 725 725 725 729 729 729 733 733 733 730 730 730 732 732 732 734 734 734 729 729 729 734 734 734 733 733 733 729 729 729 735 735 735 732 732 732 725 725 725 733 733 733 736 736 736 730 730 730 736 736 736 731 731 731 730 730 730 732 732 732 735 735 735 737 737 737 737 737 737 734 734 734 732 732 732 725 725 725 738 738 738 735 735 735 653 653 653 738 738 738 725 725 725 738 738 738 653 653 653 635 635 635 635 635 635 622 622 622 738 738 738 735 735 735 738 738 738 739 739 739 738 738 738 622 622 622 739 739 739 735 735 735 739 739 739 737 737 737 622 622 622 740 740 740 739 739 739 740 740 740 622 622 622 618 618 618 619 619 619 740 740 740 618 618 618 740 740 740 741 741 741 739 739 739 619 619 619 741 741 741 740 740 740 739 739 739 741 741 741 737 737 737 619 619 619 742 742 742 741 741 741 611 611 611 742 742 742 619 619 619 741 741 741 743 743 743 737 737 737 741 741 741 742 742 742 743 743 743 737 737 737 743 743 743 734 734 734 742 742 742 611 611 611 744 744 744 742 742 742 744 744 744 743 743 743 744 744 744 611 611 611 608 608 608 608 608 608 605 605 605 744 744 744 743 743 743 745 745 745 734 734 734 744 744 744 745 745 745 743 743 743 744 744 744 605 605 605 745 745 745 745 745 745 733 733 733 734 734 734 745 745 745 746 746 746 733 733 733 745 745 745 605 605 605 746 746 746 746 746 746 736 736 736 733 733 733 747 747 747 746 746 746 605 605 605 601 601 601 747 747 747 605 605 605 747 747 747 601 601 601 598 598 598 746 746 746 748 748 748 736 736 736 747 747 747 748 748 748 746 746 746 749 749 749 747 747 747 598 598 598 748 748 748 747 747 747 749 749 749 749 749 749 598 598 598 595 595 595 750 750 750 749 749 749 595 595 595 751 751 751 749 749 749 750 750 750 751 751 751 748 748 748 749 749 749 752 752 752 751 751 751 750 750 750 748 748 748 753 753 753 736 736 736 753 753 753 748 748 748 751 751 751 731 731 731 736 736 736 753 753 753 751 751 751 752 752 752 754 754 754 753 753 753 751 751 751 754 754 754 752 752 752 755 755 755 754 754 754 756 756 756 731 731 731 753 753 753 756 756 756 753 753 753 754 754 754 704 704 704 731 731 731 756 756 756 701 701 701 704 704 704 756 756 756 757 757 757 754 754 754 755 755 755 756 756 756 754 754 754 757 757 757 756 756 756 757 757 757 701 701 701 757 757 757 755 755 755 758 758 758 757 757 757 758 758 758 701 701 701 759 759 759 760 760 760 761 761 761 760 760 760 759 759 759 762 762 762 760 760 760 763 763 763 761 761 761 764 764 764 760 760 760 762 762 762 765 765 765 761 761 761 763 763 763 766 766 766 764 764 764 762 762 762 765 765 765 763 763 763 767 767 767 768 768 768 764 764 764 766 766 766 769 769 769 765 765 765 767 767 767 770 770 770 768 768 768 766 766 766 769 769 769 767 767 767 771 771 771 768 768 768 770 770 770 772 772 772 767 767 767 773 773 773 771 771 771 774 774 774 768 768 768 772 772 772 775 775 775 771 771 771 773 773 773 776 776 776 774 774 774 772 772 772 775 775 775 773 773 773 777 777 777 778 778 778 774 774 774 776 776 776 779 779 779 775 775 775 777 777 777 780 780 780 778 778 778 776 776 776 779 779 779 777 777 777 781 781 781 778 778 778 780 780 780 782 782 782 777 777 777 783 783 783 781 781 781 784 784 784 778 778 778 782 782 782 785 785 785 781 781 781 783 783 783 786 786 786 784 784 784 782 782 782 785 785 785 783 783 783 787 787 787 788 788 788 784 784 784 786 786 786 789 789 789 785 785 785 787 787 787 790 790 790 788 788 788 786 786 786 789 789 789 787 787 787 791 791 791 788 788 788 790 790 790 792 792 792 787 787 787 793 793 793 791 791 791 794 794 794 788 788 788 792 792 792 795 795 795 791 791 791 793 793 793 796 796 796 794 794 794 792 792 792 795 795 795 793 793 793 797 797 797 794 794 794 796 796 796 797 797 797 798 798 798 795 795 795 797 797 797 796 796 796 798 798 798 797 797 797 799 799 799 800 800 800 801 801 801 802 802 802 801 801 801 800 800 800 799 799 799 803 803 803 800 800 800 802 802 802 800 800 800 804 804 804 803 803 803 805 805 805 800 800 800 805 805 805 803 803 803 806 806 806 806 806 806 807 807 807 805 805 805 800 800 800 808 808 808 804 804 804 808 808 808 809 809 809 804 804 804 809 809 809 808 808 808 810 810 810 800 800 800 805 805 805 811 811 811 800 800 800 811 811 811 808 808 808 812 812 812 805 805 805 807 807 807 805 805 805 812 812 812 811 811 811 808 808 808 811 811 811 812 812 812 808 808 808 812 812 812 810 810 810 813 813 813 812 812 812 807 807 807 812 812 812 814 814 814 810 810 810 812 812 812 813 813 813 815 815 815 812 812 812 815 815 815 814 814 814 816 816 816 817 817 817 818 818 818 819 819 819 816 816 816 818 818 818 817 817 817 820 820 820 818 818 818 817 817 817 821 821 821 820 820 820 822 822 822 818 818 818 820 820 820 822 822 822 819 819 819 818 818 818 821 821 821 823 823 823 820 820 820 821 821 821 824 824 824 823 823 823 825 825 825 822 822 822 820 820 820 825 825 825 820 820 820 823 823 823 824 824 824 826 826 826 823 823 823 824 824 824 827 827 827 826 826 826 828 828 828 825 825 825 823 823 823 828 828 828 823 823 823 826 826 826 827 827 827 829 829 829 826 826 826 827 827 827 830 830 830 829 829 829 831 831 831 828 828 828 826 826 826 831 831 831 826 826 826 829 829 829 829 829 829 830 830 830 832 832 832 832 832 832 830 830 830 833 833 833 834 834 834 831 831 831 829 829 829 832 832 832 834 834 834 829 829 829 832 832 832 833 833 833 835 835 835 835 835 835 833 833 833 836 836 836 835 835 835 836 836 836 837 837 837 838 838 838 834 834 834 832 832 832 835 835 835 838 838 838 832 832 832 837 837 837 839 839 839 835 835 835 839 839 839 838 838 838 835 835 835 840 840 840 839 839 839 837 837 837 834 834 834 838 838 838 841 841 841 834 834 834 841 841 841 831 831 831 842 842 842 838 838 838 839 839 839 841 841 841 838 838 838 842 842 842 843 843 843 839 839 839 840 840 840 842 842 842 839 839 839 843 843 843 843 843 843 840 840 840 844 844 844 841 841 841 845 845 845 831 831 831 828 828 828 831 831 831 845 845 845 844 844 844 846 846 846 843 843 843 847 847 847 846 846 846 844 844 844 843 843 843 848 848 848 842 842 842 846 846 846 848 848 848 843 843 843 842 842 842 849 849 849 841 841 841 848 848 848 849 849 849 842 842 842 845 845 845 841 841 841 849 849 849 846 846 846 847 847 847 850 850 850 850 850 850 847 847 847 851 851 851 852 852 852 848 848 848 846 846 846 852 852 852 846 846 846 850 850 850 853 853 853 850 850 850 851 851 851 854 854 854 853 853 853 851 851 851 853 853 853 854 854 854 855 855 855 853 853 853 856 856 856 850 850 850 856 856 856 852 852 852 850 850 850 857 857 857 853 853 853 855 855 855 856 856 856 853 853 853 857 857 857 857 857 857 855 855 855 858 858 858 859 859 859 857 857 857 858 858 858 860 860 860 857 857 857 859 859 859 860 860 860 856 856 856 857 857 857 861 861 861 860 860 860 859 859 859 856 856 856 862 862 862 852 852 852 856 856 856 860 860 860 862 862 862 863 863 863 860 860 860 861 861 861 860 860 860 863 863 863 862 862 862 864 864 864 863 863 863 861 861 861 862 862 862 865 865 865 852 852 852 865 865 865 848 848 848 852 852 852 849 849 849 848 848 848 865 865 865 862 862 862 863 863 863 866 866 866 862 862 862 866 866 866 865 865 865 867 867 867 863 863 863 864 864 864 863 863 863 867 867 867 866 866 866 868 868 868 867 867 867 864 864 864 866 866 866 869 869 869 865 865 865 849 849 849 865 865 865 869 869 869 870 870 870 866 866 866 867 867 867 866 866 866 870 870 870 869 869 869 871 871 871 867 867 867 868 868 868 871 871 871 870 870 870 867 867 867 872 872 872 871 871 871 868 868 868 873 873 873 849 849 849 869 869 869 873 873 873 845 845 845 849 849 849 874 874 874 871 871 871 872 872 872 875 875 875 874 874 874 872 872 872 876 876 876 870 870 870 871 871 871 874 874 874 876 876 876 871 871 871 870 870 870 877 877 877 869 869 869 870 870 870 876 876 876 877 877 877 873 873 873 869 869 869 877 877 877 874 874 874 875 875 875 878 878 878 875 875 875 879 879 879 878 878 878 879 879 879 819 819 819 878 878 878 874 874 874 878 878 878 880 880 880 819 819 819 880 880 880 878 878 878 876 876 876 874 874 874 880 880 880 876 876 876 880 880 880 881 881 881 876 876 876 881 881 881 877 877 877 880 880 880 819 819 819 882 882 882 880 880 880 882 882 882 881 881 881 819 819 819 883 883 883 882 882 882 884 884 884 877 877 877 881 881 881 884 884 884 873 873 873 877 877 877 885 885 885 881 881 881 882 882 882 885 885 885 884 884 884 881 881 881 883 883 883 885 885 885 882 882 882 884 884 884 886 886 886 873 873 873 886 886 886 845 845 845 873 873 873 886 886 886 828 828 828 845 845 845 825 825 825 828 828 828 886 886 886 887 887 887 886 886 886 884 884 884 887 887 887 825 825 825 886 886 886 885 885 885 887 887 887 884 884 884 825 825 825 887 887 887 822 822 822 887 887 887 885 885 885 888 888 888 887 887 887 888 888 888 822 822 822 885 885 885 883 883 883 888 888 888 819 819 819 822 822 822 888 888 888 883 883 883 819 819 819 888 888 888 889 889 889 890 890 890 891 891 891 892 892 892 890 890 890 889 889 889 890 890 890 893 893 893 891 891 891 894 894 894 891 891 891 893 893 893 890 890 890 895 895 895 893 893 893 895 895 895 890 890 890 892 892 892 896 896 896 894 894 894 893 893 893 897 897 897 894 894 894 896 896 896 895 895 895 898 898 898 893 893 893 896 896 896 893 893 893 898 898 898 899 899 899 897 897 897 896 896 896 897 897 897 899 899 899 900 900 900 901 901 901 896 896 896 898 898 898 899 899 899 896 896 896 901 901 901 899 899 899 902 902 902 900 900 900 900 900 900 902 902 902 903 903 903 904 904 904 899 899 899 901 901 901 902 902 902 899 899 899 904 904 904 903 903 903 902 902 902 905 905 905 905 905 905 906 906 906 903 903 903 907 907 907 902 902 902 904 904 904 907 907 907 905 905 905 902 902 902 905 905 905 908 908 908 906 906 906 908 908 908 909 909 909 906 906 906 908 908 908 910 910 910 909 909 909 911 911 911 905 905 905 907 907 907 911 911 911 908 908 908 905 905 905 912 912 912 910 910 910 908 908 908 912 912 912 908 908 908 911 911 911 913 913 913 910 910 910 912 912 912 907 907 907 914 914 914 911 911 911 914 914 914 907 907 907 904 904 904 915 915 915 912 912 912 911 911 911 911 911 911 914 914 914 915 915 915 916 916 916 913 913 913 912 912 912 915 915 915 916 916 916 912 912 912 916 916 916 917 917 917 913 913 913 918 918 918 914 914 914 904 904 904 918 918 918 904 904 904 901 901 901 919 919 919 917 917 917 916 916 916 920 920 920 917 917 917 919 919 919 921 921 921 916 916 916 915 915 915 919 919 919 916 916 916 921 921 921 922 922 922 915 915 915 914 914 914 921 921 921 915 915 915 922 922 922 914 914 914 918 918 918 922 922 922 919 919 919 923 923 923 920 920 920 920 920 920 923 923 923 924 924 924 925 925 925 919 919 919 921 921 921 925 925 925 923 923 923 919 919 919 924 924 924 923 923 923 926 926 926 927 927 927 924 924 924 926 926 926 928 928 928 927 927 927 926 926 926 926 926 926 923 923 923 929 929 929 923 923 923 925 925 925 929 929 929 930 930 930 928 928 928 926 926 926 930 930 930 926 926 926 929 929 929 931 931 931 928 928 928 930 930 930 932 932 932 931 931 931 930 930 930 930 930 930 933 933 933 932 932 932 933 933 933 930 930 930 929 929 929 933 933 933 934 934 934 932 932 932 933 933 933 929 929 929 935 935 935 929 929 929 925 925 925 935 935 935 933 933 933 936 936 936 934 934 934 936 936 936 933 933 933 935 935 935 936 936 936 937 937 937 934 934 934 925 925 925 938 938 938 935 935 935 921 921 921 938 938 938 925 925 925 922 922 922 938 938 938 921 921 921 936 936 936 935 935 935 939 939 939 935 935 935 938 938 938 939 939 939 936 936 936 940 940 940 937 937 937 940 940 940 936 936 936 939 939 939 940 940 940 941 941 941 937 937 937 938 938 938 942 942 942 939 939 939 942 942 942 938 938 938 922 922 922 940 940 940 939 939 939 943 943 943 939 939 939 942 942 942 943 943 943 940 940 940 944 944 944 941 941 941 944 944 944 940 940 940 943 943 943 944 944 944 945 945 945 941 941 941 946 946 946 942 942 942 922 922 922 918 918 918 946 946 946 922 922 922 944 944 944 947 947 947 945 945 945 947 947 947 948 948 948 945 945 945 918 918 918 949 949 949 946 946 946 949 949 949 918 918 918 901 901 901 949 949 949 901 901 901 898 898 898 947 947 947 950 950 950 948 948 948 950 950 950 951 951 951 948 948 948 951 951 951 950 950 950 892 892 892 952 952 952 949 949 949 898 898 898 952 952 952 898 898 898 895 895 895 950 950 950 947 947 947 953 953 953 892 892 892 950 950 950 953 953 953 947 947 947 944 944 944 954 954 954 947 947 947 954 954 954 953 953 953 944 944 944 943 943 943 954 954 954 892 892 892 955 955 955 895 895 895 955 955 955 952 952 952 895 895 895 943 943 943 956 956 956 954 954 954 942 942 942 956 956 956 943 943 943 942 942 942 946 946 946 956 956 956 956 956 956 957 957 957 954 954 954 953 953 953 954 954 954 957 957 957 946 946 946 958 958 958 956 956 956 956 956 956 958 958 958 957 957 957 949 949 949 958 958 958 946 946 946 949 949 949 952 952 952 958 958 958 959 959 959 953 953 953 957 957 957 953 953 953 959 959 959 892 892 892 958 958 958 960 960 960 957 957 957 952 952 952 960 960 960 958 958 958 959 959 959 957 957 957 960 960 960 952 952 952 955 955 955 960 960 960 892 892 892 959 959 959 961 961 961 961 961 961 955 955 955 892 892 892 961 961 961 959 959 959 960 960 960 955 955 955 961 961 961 960 960 960 962 962 962 963 963 963 964 964 964 965 965 965 964 964 964 963 963 963 962 962 962 966 966 966 963 963 963 966 966 966 962 962 962 967 967 967 965 965 965 963 963 963 968 968 968 967 967 967 969 969 969 966 966 966 967 967 967 970 970 970 969 969 969 970 970 970 971 971 971 969 969 969 966 966 966 972 972 972 963 963 963 972 972 972 968 968 968 963 963 963 972 972 972 966 966 966 973 973 973 968 968 968 972 972 972 974 974 974 975 975 975 968 968 968 974 974 974 974 974 974 972 972 972 976 976 976 972 972 972 973 973 973 976 976 976 968 968 968 975 975 975 977 977 977 976 976 976 973 973 973 978 978 978 976 976 976 978 978 978 979 979 979 980 980 980 979 979 979 978 978 978 981 981 981 968 968 968 977 977 977 981 981 981 965 965 965 968 968 968 977 977 977 982 982 982 981 981 981 981 981 981 983 983 983 965 965 965 982 982 982 984 984 984 981 981 981 984 984 984 983 983 983 981 981 981 982 982 982 985 985 985 984 984 984 984 984 984 986 986 986 983 983 983 985 985 985 987 987 987 984 984 984 984 984 984 987 987 987 986 986 986 985 985 985 988 988 988 987 987 987 987 987 987 989 989 989 986 986 986 986 986 986 989 989 989 990 990 990 991 991 991 990 990 990 989 989 989 988 988 988 992 992 992 987 987 987 989 989 989 987 987 987 992 992 992 988 988 988 993 993 993 992 992 992 991 991 991 989 989 989 994 994 994 995 995 995 991 991 991 994 994 994 989 989 989 992 992 992 996 996 996 989 989 989 996 996 996 994 994 994 993 993 993 997 997 997 992 992 992 996 996 996 992 992 992 997 997 997 997 997 997 993 993 993 998 998 998 994 994 994 996 996 996 999 999 999 1000 1000 1000 997 997 997 998 998 998 1001 1001 1001 996 996 996 997 997 997 1000 1000 1000 1001 1001 1001 997 997 997 996 996 996 1001 1001 1001 999 999 999 1002 1002 1002 1000 1000 1000 998 998 998 1000 1000 1000 1002 1002 1002 1001 1001 1001 1003 1003 1003 1002 1002 1002 998 998 998 1002 1002 1002 1004 1004 1004 1001 1001 1001 1001 1001 1001 1004 1004 1004 999 999 999 1002 1002 1002 1003 1003 1003 1005 1005 1005 1004 1004 1004 1002 1002 1002 1005 1005 1005 1003 1003 1003 1006 1006 1006 1005 1005 1005 1004 1004 1004 1007 1007 1007 999 999 999 1005 1005 1005 1006 1006 1006 1008 1008 1008 1006 1006 1006 1009 1009 1009 1008 1008 1008 1010 1010 1010 1004 1004 1004 1005 1005 1005 1010 1010 1010 1005 1005 1005 1008 1008 1008 1010 1010 1010 1007 1007 1007 1004 1004 1004 1008 1008 1008 1009 1009 1009 1011 1011 1011 1009 1009 1009 1012 1012 1012 1011 1011 1011 1013 1013 1013 1010 1010 1010 1008 1008 1008 1011 1011 1011 1013 1013 1013 1008 1008 1008 1013 1013 1013 1014 1014 1014 1010 1010 1010 1015 1015 1015 1010 1010 1010 1014 1014 1014 1015 1015 1015 1007 1007 1007 1010 1010 1010 1011 1011 1011 1016 1016 1016 1013 1013 1013 1017 1017 1017 1007 1007 1007 1015 1015 1015 1011 1011 1011 1018 1018 1018 1016 1016 1016 1018 1018 1018 1011 1011 1011 1012 1012 1012 1018 1018 1018 1019 1019 1019 1016 1016 1016 1020 1020 1020 1018 1018 1018 1012 1012 1012 1007 1007 1007 1017 1017 1017 1021 1021 1021 999 999 999 1007 1007 1007 1021 1021 1021 999 999 999 1021 1021 1021 994 994 994 994 994 994 1021 1021 1021 995 995 995 1021 1021 1021 1017 1017 1017 1022 1022 1022 995 995 995 1021 1021 1021 1023 1023 1023 1024 1024 1024 1021 1021 1021 1022 1022 1022 1021 1021 1021 1024 1024 1024 1023 1023 1023 1024 1024 1024 1022 1022 1022 1025 1025 1025 1023 1023 1023 1024 1024 1024 1026 1026 1026 1027 1027 1027 1024 1024 1024 1025 1025 1025 1024 1024 1024 1027 1027 1027 1026 1026 1026 1025 1025 1025 1028 1028 1028 1027 1027 1027 1029 1029 1029 1026 1026 1026 1027 1027 1027 1028 1028 1028 1030 1030 1030 1027 1027 1027 1030 1030 1030 1029 1029 1029 1027 1027 1027 1031 1031 1031 1030 1030 1030 1028 1028 1028 1030 1030 1030 1031 1031 1031 1029 1029 1029 1032 1032 1032 1031 1031 1031 1028 1028 1028 1031 1031 1031 1033 1033 1033 1029 1029 1029 1031 1031 1031 1032 1032 1032 1034 1034 1034 1031 1031 1031 1034 1034 1034 1033 1033 1033 1032 1032 1032 1035 1035 1035 1034 1034 1034 1034 1034 1034 1036 1036 1036 1033 1033 1033 1037 1037 1037 1034 1034 1034 1035 1035 1035 1034 1034 1034 1037 1037 1037 1036 1036 1036 1037 1037 1037 971 971 971 1036 1036 1036 1038 1038 1038 1037 1037 1037 1035 1035 1035 1037 1037 1037 969 969 969 971 971 971 1037 1037 1037 1038 1038 1038 1039 1039 1039 1040 1040 1040 1039 1039 1039 1038 1038 1038 1041 1041 1041 1039 1039 1039 1040 1040 1040 1037 1037 1037 1042 1042 1042 969 969 969 1037 1037 1037 1039 1039 1039 1042 1042 1042 1041 1041 1041 1043 1043 1043 1039 1039 1039 1043 1043 1043 1041 1041 1041 1044 1044 1044 1039 1039 1039 1045 1045 1045 1042 1042 1042 1044 1044 1044 1046 1046 1046 1043 1043 1043 1044 1044 1044 1047 1047 1047 1046 1046 1046 1019 1019 1019 1046 1046 1046 1047 1047 1047 1043 1043 1043 1048 1048 1048 1039 1039 1039 1048 1048 1048 1045 1045 1045 1039 1039 1039 1019 1019 1019 1049 1049 1049 1046 1046 1046 1018 1018 1018 1049 1049 1049 1019 1019 1019 1018 1018 1018 1020 1020 1020 1049 1049 1049 1020 1020 1020 1050 1050 1050 1049 1049 1049 1049 1049 1049 1050 1050 1050 1051 1051 1051 1046 1046 1046 1049 1049 1049 1052 1052 1052 1052 1052 1052 1049 1049 1049 1051 1051 1051 1043 1043 1043 1046 1046 1046 1052 1052 1052 1051 1051 1051 1053 1053 1053 1052 1052 1052 1052 1052 1052 1054 1054 1054 1043 1043 1043 1053 1053 1053 1054 1054 1054 1052 1052 1052 1054 1054 1054 1048 1048 1048 1043 1043 1043 1053 1053 1053 1055 1055 1055 1054 1054 1054 1054 1054 1054 1055 1055 1055 1048 1048 1048 1053 1053 1053 1056 1056 1056 1055 1055 1055 1056 1056 1056 1057 1057 1057 1055 1055 1055 1055 1055 1055 1058 1058 1058 1048 1048 1048 1048 1048 1048 1058 1058 1058 1045 1045 1045 1057 1057 1057 1059 1059 1059 1055 1055 1055 1055 1055 1055 1059 1059 1059 1058 1058 1058 1057 1057 1057 1060 1060 1060 1059 1059 1059 1059 1059 1059 1061 1061 1061 1058 1058 1058 1060 1060 1060 1062 1062 1062 1059 1059 1059 1061 1061 1061 1059 1059 1059 1062 1062 1062 1062 1062 1062 1060 1060 1060 1063 1063 1063 1058 1058 1058 1061 1061 1061 1064 1064 1064 1058 1058 1058 1064 1064 1064 1045 1045 1045 1061 1061 1061 1062 1062 1062 1065 1065 1065 1061 1061 1061 1065 1065 1065 1064 1064 1064 1066 1066 1066 1062 1062 1062 1063 1063 1063 1062 1062 1062 1066 1066 1066 1065 1065 1065 1066 1066 1066 1063 1063 1063 1067 1067 1067 1063 1063 1063 1068 1068 1068 1067 1067 1067 1064 1064 1064 1065 1065 1065 1069 1069 1069 1070 1070 1070 1064 1064 1064 1069 1069 1069 1070 1070 1070 1045 1045 1045 1064 1064 1064 1071 1071 1071 1069 1069 1069 1065 1065 1065 1045 1045 1045 1070 1070 1070 1072 1072 1072 1045 1045 1045 1072 1072 1072 1073 1073 1073 1065 1065 1065 1074 1074 1074 1071 1071 1071 1074 1074 1074 1065 1065 1065 1066 1066 1066 1074 1074 1074 1075 1075 1075 1071 1071 1071 1075 1075 1075 1074 1074 1074 1076 1076 1076 1045 1045 1045 1073 1073 1073 1077 1077 1077 1073 1073 1073 1078 1078 1078 1077 1077 1077 1045 1045 1045 1077 1077 1077 1042 1042 1042 1077 1077 1077 1078 1078 1078 1079 1079 1079 1077 1077 1077 1080 1080 1080 1042 1042 1042 1080 1080 1080 1077 1077 1077 1079 1079 1079 1081 1081 1081 1080 1080 1080 1079 1079 1079 1080 1080 1080 969 969 969 1042 1042 1042 1082 1082 1082 1080 1080 1080 1081 1081 1081 1080 1080 1080 1083 1083 1083 969 969 969 1083 1083 1083 966 966 966 969 969 969 966 966 966 1083 1083 1083 973 973 973 973 973 973 1083 1083 1083 978 978 978 1080 1080 1080 1082 1082 1082 1084 1084 1084 1082 1082 1082 1085 1085 1085 1084 1084 1084 1083 1083 1083 1080 1080 1080 1086 1086 1086 1083 1083 1083 1086 1086 1086 978 978 978 1080 1080 1080 1084 1084 1084 1086 1086 1086 978 978 978 1086 1086 1086 1087 1087 1087 1087 1087 1087 980 980 980 978 978 978 1068 1068 1068 980 980 980 1087 1087 1087 1067 1067 1067 1068 1068 1068 1087 1087 1087 1086 1086 1086 1088 1088 1088 1087 1087 1087 1088 1088 1088 1067 1067 1067 1087 1087 1087 1088 1088 1088 1086 1086 1086 1084 1084 1084 1088 1088 1088 1089 1089 1089 1067 1067 1067 1089 1089 1089 1088 1088 1088 1084 1084 1084 1084 1084 1084 1085 1085 1085 1089 1089 1089 1067 1067 1067 1089 1089 1089 1066 1066 1066 1076 1076 1076 1089 1089 1089 1085 1085 1085 1074 1074 1074 1066 1066 1066 1089 1089 1089 1074 1074 1074 1089 1089 1089 1076 1076 1076 1090 1090 1090 1091 1091 1091 1092 1092 1092 1091 1091 1091 1090 1090 1090 1093 1093 1093 1094 1094 1094 1090 1090 1090 1092 1092 1092 1094 1094 1094 1092 1092 1092 1095 1095 1095 1090 1090 1090 1096 1096 1096 1093 1093 1093 1093 1093 1093 1096 1096 1096 1097 1097 1097 1090 1090 1090 1094 1094 1094 1098 1098 1098 1096 1096 1096 1090 1090 1090 1098 1098 1098 1099 1099 1099 1094 1094 1094 1095 1095 1095 1099 1099 1099 1095 1095 1095 1100 1100 1100 1094 1094 1094 1101 1101 1101 1098 1098 1098 1101 1101 1101 1094 1094 1094 1099 1099 1099 1098 1098 1098 1101 1101 1101 1102 1102 1102 1101 1101 1101 1099 1099 1099 1102 1102 1102 1098 1098 1098 1103 1103 1103 1096 1096 1096 1103 1103 1103 1098 1098 1098 1102 1102 1102 1104 1104 1104 1099 1099 1099 1100 1100 1100 1099 1099 1099 1104 1104 1104 1102 1102 1102 1105 1105 1105 1104 1104 1104 1100 1100 1100 1104 1104 1104 1105 1105 1105 1102 1102 1102 1106 1106 1106 1105 1105 1105 1100 1100 1100 1103 1103 1103 1107 1107 1107 1096 1096 1096 1096 1096 1096 1107 1107 1107 1097 1097 1097 1105 1105 1105 1106 1106 1106 1108 1108 1108 1106 1106 1106 1109 1109 1109 1108 1108 1108 1097 1097 1097 1107 1107 1107 1110 1110 1110 1110 1110 1110 1107 1107 1107 1103 1103 1103 1111 1111 1111 1097 1097 1097 1110 1110 1110 1112 1112 1112 1110 1110 1110 1103 1103 1103 1103 1103 1103 1102 1102 1102 1112 1112 1112 1110 1110 1110 1113 1113 1113 1111 1111 1111 1110 1110 1110 1112 1112 1112 1113 1113 1113 1113 1113 1113 1114 1114 1114 1111 1111 1111 1109 1109 1109 1114 1114 1114 1113 1113 1113 1108 1108 1108 1109 1109 1109 1113 1113 1113 1113 1113 1113 1112 1112 1112 1108 1108 1108 1102 1102 1102 1115 1115 1115 1112 1112 1112 1112 1112 1112 1115 1115 1115 1108 1108 1108 1105 1105 1105 1115 1115 1115 1102 1102 1102 1115 1115 1115 1105 1105 1105 1108 1108 1108 1116 1116 1116 1117 1117 1117 1118 1118 1118 1117 1117 1117 1116 1116 1116 1119 1119 1119 1117 1117 1117 1120 1120 1120 1118 1118 1118 1118 1118 1118 1120 1120 1120 1121 1121 1121 1122 1122 1122 1117 1117 1117 1119 1119 1119 1122 1122 1122 1119 1119 1119 1123 1123 1123 1120 1120 1120 1124 1124 1124 1121 1121 1121 1121 1121 1121 1124 1124 1124 1125 1125 1125 1126 1126 1126 1122 1122 1122 1123 1123 1123 1126 1126 1126 1123 1123 1123 1127 1127 1127 1124 1124 1124 1128 1128 1128 1125 1125 1125 1125 1125 1125 1128 1128 1128 1129 1129 1129 1130 1130 1130 1126 1126 1126 1127 1127 1127 1130 1130 1130 1127 1127 1127 1131 1131 1131 1128 1128 1128 1132 1132 1132 1129 1129 1129 1129 1129 1129 1132 1132 1132 1133 1133 1133 1134 1134 1134 1130 1130 1130 1131 1131 1131 1134 1134 1134 1131 1131 1131 1135 1135 1135 1132 1132 1132 1136 1136 1136 1133 1133 1133 1133 1133 1133 1136 1136 1136 1137 1137 1137 1138 1138 1138 1134 1134 1134 1135 1135 1135 1138 1138 1138 1135 1135 1135 1137 1137 1137 1136 1136 1136 1139 1139 1139 1137 1137 1137 1139 1139 1139 1138 1138 1138 1137 1137 1137 1136 1136 1136 1132 1132 1132 1140 1140 1140 1139 1139 1139 1136 1136 1136 1140 1140 1140 1139 1139 1139 1140 1140 1140 1138 1138 1138 1138 1138 1138 1140 1140 1140 1134 1134 1134 1132 1132 1132 1128 1128 1128 1140 1140 1140 1134 1134 1134 1140 1140 1140 1130 1130 1130 1128 1128 1128 1124 1124 1124 1140 1140 1140 1130 1130 1130 1140 1140 1140 1126 1126 1126 1124 1124 1124 1120 1120 1120 1140 1140 1140 1126 1126 1126 1140 1140 1140 1122 1122 1122 1120 1120 1120 1117 1117 1117 1140 1140 1140 1122 1122 1122 1140 1140 1140 1117 1117 1117 1141 1141 1141 1142 1142 1142 1143 1143 1143 1142 1142 1142 1141 1141 1141 1144 1144 1144 1142 1142 1142 1145 1145 1145 1143 1143 1143 1146 1146 1146 1143 1143 1143 1145 1145 1145 1147 1147 1147 1142 1142 1142 1144 1144 1144 1147 1147 1147 1144 1144 1144 1148 1148 1148 1142 1142 1142 1149 1149 1149 1145 1145 1145 1142 1142 1142 1147 1147 1147 1149 1149 1149 1150 1150 1150 1146 1146 1146 1145 1145 1145 1150 1150 1150 1151 1151 1151 1146 1146 1146 1149 1149 1149 1152 1152 1152 1145 1145 1145 1145 1145 1145 1152 1152 1152 1150 1150 1150 1147 1147 1147 1153 1153 1153 1149 1149 1149 1154 1154 1154 1147 1147 1147 1148 1148 1148 1147 1147 1147 1154 1154 1154 1153 1153 1153 1155 1155 1155 1154 1154 1154 1148 1148 1148 1149 1149 1149 1153 1153 1153 1156 1156 1156 1149 1149 1149 1156 1156 1156 1152 1152 1152 1155 1155 1155 1157 1157 1157 1154 1154 1154 1154 1154 1154 1158 1158 1158 1153 1153 1153 1154 1154 1154 1157 1157 1157 1158 1158 1158 1153 1153 1153 1159 1159 1159 1156 1156 1156 1159 1159 1159 1153 1153 1153 1158 1158 1158 1160 1160 1160 1157 1157 1157 1155 1155 1155 1161 1161 1161 1160 1160 1160 1155 1155 1155 1160 1160 1160 1161 1161 1161 1162 1162 1162 1157 1157 1157 1163 1163 1163 1158 1158 1158 1157 1157 1157 1160 1160 1160 1163 1163 1163 1164 1164 1164 1159 1159 1159 1158 1158 1158 1163 1163 1163 1164 1164 1164 1158 1158 1158 1165 1165 1165 1160 1160 1160 1162 1162 1162 1165 1165 1165 1162 1162 1162 1166 1166 1166 1160 1160 1160 1167 1167 1167 1163 1163 1163 1160 1160 1160 1165 1165 1165 1167 1167 1167 1163 1163 1163 1168 1168 1168 1164 1164 1164 1167 1167 1167 1168 1168 1168 1163 1163 1163 1169 1169 1169 1159 1159 1159 1164 1164 1164 1169 1169 1169 1164 1164 1164 1168 1168 1168 1159 1159 1159 1169 1169 1169 1170 1170 1170 1159 1159 1159 1170 1170 1170 1156 1156 1156 1169 1169 1169 1168 1168 1168 1171 1171 1171 1156 1156 1156 1170 1170 1170 1172 1172 1172 1156 1156 1156 1172 1172 1172 1152 1152 1152 1172 1172 1172 1170 1170 1170 1173 1173 1173 1171 1171 1171 1168 1168 1168 1174 1174 1174 1167 1167 1167 1174 1174 1174 1168 1168 1168 1171 1171 1171 1174 1174 1174 1175 1175 1175 1152 1152 1152 1172 1172 1172 1176 1176 1176 1152 1152 1152 1176 1176 1176 1150 1150 1150 1172 1172 1172 1173 1173 1173 1177 1177 1177 1172 1172 1172 1177 1177 1177 1176 1176 1176 1177 1177 1177 1173 1173 1173 1178 1178 1178 1178 1178 1178 1173 1173 1173 1179 1179 1179 1177 1177 1177 1180 1180 1180 1176 1176 1176 1178 1178 1178 1180 1180 1180 1177 1177 1177 1181 1181 1181 1150 1150 1150 1176 1176 1176 1180 1180 1180 1181 1181 1181 1176 1176 1176 1150 1150 1150 1181 1181 1181 1151 1151 1151 1181 1181 1181 1182 1182 1182 1151 1151 1151 1182 1182 1182 1181 1181 1181 1180 1180 1180 1182 1182 1182 1183 1183 1183 1151 1151 1151 1183 1183 1183 1182 1182 1182 1184 1184 1184 1185 1185 1185 1180 1180 1180 1178 1178 1178 1185 1185 1185 1182 1182 1182 1180 1180 1180 1182 1182 1182 1186 1186 1186 1184 1184 1184 1182 1182 1182 1185 1185 1185 1186 1186 1186 1187 1187 1187 1184 1184 1184 1186 1186 1186 1188 1188 1188 1185 1185 1185 1178 1178 1178 1188 1188 1188 1178 1178 1178 1179 1179 1179 1189 1189 1189 1188 1188 1188 1179 1179 1179 1185 1185 1185 1190 1190 1190 1186 1186 1186 1185 1185 1185 1188 1188 1188 1190 1190 1190 1191 1191 1191 1187 1187 1187 1186 1186 1186 1186 1186 1186 1190 1190 1190 1191 1191 1191 1188 1188 1188 1189 1189 1189 1192 1192 1192 1192 1192 1192 1189 1189 1189 1193 1193 1193 1188 1188 1188 1194 1194 1194 1190 1190 1190 1192 1192 1192 1194 1194 1194 1188 1188 1188 1190 1190 1190 1195 1195 1195 1191 1191 1191 1190 1190 1190 1194 1194 1194 1195 1195 1195 1191 1191 1191 1196 1196 1196 1187 1187 1187 1191 1191 1191 1195 1195 1195 1196 1196 1196 1196 1196 1196 1197 1197 1197 1187 1187 1187 1194 1194 1194 1198 1198 1198 1195 1195 1195 1197 1197 1197 1196 1196 1196 1199 1199 1199 1197 1197 1197 1199 1199 1199 1200 1200 1200 1195 1195 1195 1201 1201 1201 1196 1196 1196 1201 1201 1201 1195 1195 1195 1198 1198 1198 1199 1199 1199 1196 1196 1196 1202 1202 1202 1196 1196 1196 1201 1201 1201 1202 1202 1202 1199 1199 1199 1203 1203 1203 1200 1200 1200 1199 1199 1199 1202 1202 1202 1203 1203 1203 1203 1203 1203 1204 1204 1204 1200 1200 1200 1204 1204 1204 1203 1203 1203 1205 1205 1205 1202 1202 1202 1201 1201 1201 1206 1206 1206 1206 1206 1206 1201 1201 1201 1198 1198 1198 1203 1203 1203 1207 1207 1207 1205 1205 1205 1207 1207 1207 1208 1208 1208 1205 1205 1205 1202 1202 1202 1209 1209 1209 1203 1203 1203 1207 1207 1207 1210 1210 1210 1208 1208 1208 1166 1166 1166 1208 1208 1208 1210 1210 1210 1211 1211 1211 1207 1207 1207 1203 1203 1203 1210 1210 1210 1207 1207 1207 1211 1211 1211 1209 1209 1209 1211 1211 1211 1203 1203 1203 1212 1212 1212 1166 1166 1166 1210 1210 1210 1212 1212 1212 1165 1165 1165 1166 1166 1166 1210 1210 1210 1211 1211 1211 1213 1213 1213 1165 1165 1165 1212 1212 1212 1214 1214 1214 1165 1165 1165 1214 1214 1214 1167 1167 1167 1212 1212 1212 1210 1210 1210 1215 1215 1215 1212 1212 1212 1215 1215 1215 1214 1214 1214 1210 1210 1210 1213 1213 1213 1215 1215 1215 1174 1174 1174 1167 1167 1167 1214 1214 1214 1216 1216 1216 1214 1214 1214 1215 1215 1215 1216 1216 1216 1174 1174 1174 1214 1214 1214 1217 1217 1217 1215 1215 1215 1213 1213 1213 1217 1217 1217 1216 1216 1216 1215 1215 1215 1174 1174 1174 1216 1216 1216 1218 1218 1218 1175 1175 1175 1174 1174 1174 1218 1218 1218 1193 1193 1193 1175 1175 1175 1218 1218 1218 1218 1218 1218 1216 1216 1216 1219 1219 1219 1217 1217 1217 1219 1219 1219 1216 1216 1216 1220 1220 1220 1193 1193 1193 1218 1218 1218 1218 1218 1218 1219 1219 1219 1220 1220 1220 1220 1220 1220 1192 1192 1192 1193 1193 1193 1221 1221 1221 1219 1219 1219 1217 1217 1217 1222 1222 1222 1192 1192 1192 1220 1220 1220 1192 1192 1192 1222 1222 1222 1194 1194 1194 1219 1219 1219 1223 1223 1223 1220 1220 1220 1223 1223 1223 1222 1222 1222 1220 1220 1220 1223 1223 1223 1219 1219 1219 1221 1221 1221 1194 1194 1194 1222 1222 1222 1198 1198 1198 1222 1222 1222 1223 1223 1223 1224 1224 1224 1198 1198 1198 1222 1222 1222 1224 1224 1224 1225 1225 1225 1223 1223 1223 1221 1221 1221 1223 1223 1223 1225 1225 1225 1224 1224 1224 1224 1224 1224 1226 1226 1226 1198 1198 1198 1226 1226 1226 1224 1224 1224 1225 1225 1225 1198 1198 1198 1226 1226 1226 1206 1206 1206 1225 1225 1225 1221 1221 1221 1227 1227 1227 1227 1227 1227 1221 1221 1221 1217 1217 1217 1228 1228 1228 1226 1226 1226 1225 1225 1225 1228 1228 1228 1225 1225 1225 1227 1227 1227 1229 1229 1229 1206 1206 1206 1226 1226 1226 1226 1226 1226 1228 1228 1228 1230 1230 1230 1226 1226 1226 1230 1230 1230 1229 1229 1229 1228 1228 1228 1227 1227 1227 1230 1230 1230 1229 1229 1229 1231 1231 1231 1206 1206 1206 1231 1231 1231 1229 1229 1229 1230 1230 1230 1202 1202 1202 1206 1206 1206 1231 1231 1231 1202 1202 1202 1231 1231 1231 1209 1209 1209 1231 1231 1231 1232 1232 1232 1209 1209 1209 1231 1231 1231 1230 1230 1230 1232 1232 1232 1232 1232 1232 1233 1233 1233 1209 1209 1209 1232 1232 1232 1230 1230 1230 1233 1233 1233 1233 1233 1233 1211 1211 1211 1209 1209 1209 1233 1233 1233 1230 1230 1230 1234 1234 1234 1230 1230 1230 1227 1227 1227 1234 1234 1234 1211 1211 1211 1233 1233 1233 1235 1235 1235 1234 1234 1234 1235 1235 1235 1233 1233 1233 1234 1234 1234 1227 1227 1227 1235 1235 1235 1227 1227 1227 1217 1217 1217 1235 1235 1235 1211 1211 1211 1235 1235 1235 1213 1213 1213 1235 1235 1235 1217 1217 1217 1213 1213 1213 1236 1236 1236 1237 1237 1237 1238 1238 1238 1236 1236 1236 1238 1238 1238 1239 1239 1239 1237 1237 1237 1240 1240 1240 1238 1238 1238 1237 1237 1237 1241 1241 1241 1240 1240 1240 1238 1238 1238 1242 1242 1242 1239 1239 1239 1243 1243 1243 1239 1239 1239 1242 1242 1242 1244 1244 1244 1238 1238 1238 1240 1240 1240 1242 1242 1242 1238 1238 1238 1244 1244 1244 1241 1241 1241 1245 1245 1245 1240 1240 1240 1245 1245 1245 1241 1241 1241 1246 1246 1246 1247 1247 1247 1243 1243 1243 1242 1242 1242 1248 1248 1248 1243 1243 1243 1247 1247 1247 1242 1242 1242 1249 1249 1249 1247 1247 1247 1249 1249 1249 1242 1242 1242 1244 1244 1244 1248 1248 1248 1247 1247 1247 1250 1250 1250 1249 1249 1249 1251 1251 1251 1247 1247 1247 1247 1247 1247 1251 1251 1251 1250 1250 1250 1248 1248 1248 1250 1250 1250 1252 1252 1252 1253 1253 1253 1248 1248 1248 1252 1252 1252 1254 1254 1254 1253 1253 1253 1252 1252 1252 1251 1251 1251 1255 1255 1255 1250 1250 1250 1250 1250 1250 1255 1255 1255 1252 1252 1252 1256 1256 1256 1254 1254 1254 1252 1252 1252 1257 1257 1257 1254 1254 1254 1256 1256 1256 1255 1255 1255 1258 1258 1258 1252 1252 1252 1256 1256 1256 1252 1252 1252 1258 1258 1258 1255 1255 1255 1251 1251 1251 1259 1259 1259 1260 1260 1260 1257 1257 1257 1256 1256 1256 1255 1255 1255 1259 1259 1259 1261 1261 1261 1258 1258 1258 1255 1255 1255 1261 1261 1261 1259 1259 1259 1251 1251 1251 1262 1262 1262 1251 1251 1251 1249 1249 1249 1262 1262 1262 1263 1263 1263 1261 1261 1261 1259 1259 1259 1263 1263 1263 1259 1259 1259 1262 1262 1262 1263 1263 1263 1264 1264 1264 1261 1261 1261 1262 1262 1262 1265 1265 1265 1263 1263 1263 1264 1264 1264 1266 1266 1266 1261 1261 1261 1258 1258 1258 1261 1261 1261 1266 1266 1266 1264 1264 1264 1267 1267 1267 1266 1266 1266 1262 1262 1262 1249 1249 1249 1268 1268 1268 1262 1262 1262 1268 1268 1268 1265 1265 1265 1249 1249 1249 1244 1244 1244 1268 1268 1268 1268 1268 1268 1269 1269 1269 1265 1265 1265 1269 1269 1269 1270 1270 1270 1265 1265 1265 1244 1244 1244 1271 1271 1271 1268 1268 1268 1271 1271 1271 1269 1269 1269 1268 1268 1268 1271 1271 1271 1244 1244 1244 1240 1240 1240 1271 1271 1271 1240 1240 1240 1245 1245 1245 1269 1269 1269 1271 1271 1271 1272 1272 1272 1272 1272 1272 1271 1271 1271 1245 1245 1245 1269 1269 1269 1273 1273 1273 1270 1270 1270 1273 1273 1273 1269 1269 1269 1272 1272 1272 1273 1273 1273 1274 1274 1274 1270 1270 1270 1274 1274 1274 1275 1275 1275 1270 1270 1270 1273 1273 1273 1272 1272 1272 1276 1276 1276 1274 1274 1274 1273 1273 1273 1276 1276 1276 1272 1272 1272 1245 1245 1245 1277 1277 1277 1276 1276 1276 1272 1272 1272 1277 1277 1277 1245 1245 1245 1246 1246 1246 1277 1277 1277 1277 1277 1277 1246 1246 1246 1278 1278 1278 1276 1276 1276 1277 1277 1277 1278 1278 1278 1246 1246 1246 1279 1279 1279 1278 1278 1278 1279 1279 1279 1280 1280 1280 1278 1278 1278 1281 1281 1281 1274 1274 1274 1276 1276 1276 1281 1281 1281 1276 1276 1276 1278 1278 1278 1280 1280 1280 1282 1282 1282 1278 1278 1278 1281 1281 1281 1278 1278 1278 1282 1282 1282 1280 1280 1280 1283 1283 1283 1282 1282 1282 1284 1284 1284 1274 1274 1274 1281 1281 1281 1284 1284 1284 1275 1275 1275 1274 1274 1274 1285 1285 1285 1275 1275 1275 1284 1284 1284 1286 1286 1286 1281 1281 1281 1282 1282 1282 1281 1281 1281 1286 1286 1286 1284 1284 1284 1283 1283 1283 1287 1287 1287 1282 1282 1282 1286 1286 1286 1282 1282 1282 1287 1287 1287 1284 1284 1284 1288 1288 1288 1285 1285 1285 1285 1285 1285 1288 1288 1288 1289 1289 1289 1284 1284 1284 1286 1286 1286 1290 1290 1290 1288 1288 1288 1284 1284 1284 1290 1290 1290 1291 1291 1291 1286 1286 1286 1287 1287 1287 1286 1286 1286 1291 1291 1291 1290 1290 1290 1287 1287 1287 1283 1283 1283 1292 1292 1292 1291 1291 1291 1287 1287 1287 1292 1292 1292 1283 1283 1283 1293 1293 1293 1292 1292 1292 1291 1291 1291 1294 1294 1294 1290 1290 1290 1293 1293 1293 1295 1295 1295 1292 1292 1292 1293 1293 1293 1296 1296 1296 1295 1295 1295 1297 1297 1297 1291 1291 1291 1292 1292 1292 1291 1291 1291 1297 1297 1297 1294 1294 1294 1295 1295 1295 1298 1298 1298 1292 1292 1292 1292 1292 1292 1298 1298 1298 1297 1297 1297 1299 1299 1299 1295 1295 1295 1296 1296 1296 1295 1295 1295 1299 1299 1299 1298 1298 1298 1300 1300 1300 1299 1299 1299 1296 1296 1296 1300 1300 1300 1301 1301 1301 1299 1299 1299 1298 1298 1298 1302 1302 1302 1297 1297 1297 1297 1297 1297 1302 1302 1302 1294 1294 1294 1301 1301 1301 1303 1303 1303 1299 1299 1299 1303 1303 1303 1301 1301 1301 1304 1304 1304 1299 1299 1299 1305 1305 1305 1298 1298 1298 1303 1303 1303 1304 1304 1304 1306 1306 1306 1304 1304 1304 1257 1257 1257 1306 1306 1306 1303 1303 1303 1307 1307 1307 1299 1299 1299 1306 1306 1306 1307 1307 1307 1303 1303 1303 1307 1307 1307 1305 1305 1305 1299 1299 1299 1257 1257 1257 1260 1260 1260 1306 1306 1306 1298 1298 1298 1305 1305 1305 1308 1308 1308 1298 1298 1298 1308 1308 1308 1302 1302 1302 1305 1305 1305 1309 1309 1309 1308 1308 1308 1310 1310 1310 1302 1302 1302 1308 1308 1308 1311 1311 1311 1309 1309 1309 1305 1305 1305 1307 1307 1307 1311 1311 1311 1305 1305 1305 1308 1308 1308 1309 1309 1309 1312 1312 1312 1308 1308 1308 1312 1312 1312 1310 1310 1310 1309 1309 1309 1311 1311 1311 1312 1312 1312 1310 1310 1310 1313 1313 1313 1302 1302 1302 1313 1313 1313 1310 1310 1310 1312 1312 1312 1294 1294 1294 1302 1302 1302 1313 1313 1313 1311 1311 1311 1314 1314 1314 1312 1312 1312 1315 1315 1315 1294 1294 1294 1313 1313 1313 1314 1314 1314 1311 1311 1311 1316 1316 1316 1307 1307 1307 1316 1316 1316 1311 1311 1311 1312 1312 1312 1314 1314 1314 1317 1317 1317 1314 1314 1314 1316 1316 1316 1317 1317 1317 1313 1313 1313 1312 1312 1312 1318 1318 1318 1318 1318 1318 1312 1312 1312 1317 1317 1317 1313 1313 1313 1318 1318 1318 1319 1319 1319 1318 1318 1318 1317 1317 1317 1319 1319 1319 1315 1315 1315 1313 1313 1313 1319 1319 1319 1307 1307 1307 1320 1320 1320 1316 1316 1316 1306 1306 1306 1320 1320 1320 1307 1307 1307 1317 1317 1317 1316 1316 1316 1321 1321 1321 1321 1321 1321 1316 1316 1316 1320 1320 1320 1322 1322 1322 1320 1320 1320 1306 1306 1306 1322 1322 1322 1321 1321 1321 1320 1320 1320 1260 1260 1260 1322 1322 1322 1306 1306 1306 1317 1317 1317 1321 1321 1321 1323 1323 1323 1317 1317 1317 1323 1323 1323 1319 1319 1319 1324 1324 1324 1322 1322 1322 1260 1260 1260 1256 1256 1256 1324 1324 1324 1260 1260 1260 1324 1324 1324 1256 1256 1256 1258 1258 1258 1266 1266 1266 1324 1324 1324 1258 1258 1258 1322 1322 1322 1324 1324 1324 1325 1325 1325 1325 1325 1325 1324 1324 1324 1266 1266 1266 1321 1321 1321 1322 1322 1322 1325 1325 1325 1266 1266 1266 1326 1326 1326 1325 1325 1325 1267 1267 1267 1326 1326 1326 1266 1266 1266 1326 1326 1326 1267 1267 1267 1289 1289 1289 1321 1321 1321 1325 1325 1325 1327 1327 1327 1326 1326 1326 1327 1327 1327 1325 1325 1325 1323 1323 1323 1321 1321 1321 1327 1327 1327 1328 1328 1328 1326 1326 1326 1289 1289 1289 1326 1326 1326 1328 1328 1328 1327 1327 1327 1288 1288 1288 1328 1328 1328 1289 1289 1289 1323 1323 1323 1327 1327 1327 1329 1329 1329 1328 1328 1328 1329 1329 1329 1327 1327 1327 1319 1319 1319 1323 1323 1323 1329 1329 1329 1315 1315 1315 1319 1319 1319 1329 1329 1329 1288 1288 1288 1330 1330 1330 1328 1328 1328 1330 1330 1330 1329 1329 1329 1328 1328 1328 1330 1330 1330 1315 1315 1315 1329 1329 1329 1288 1288 1288 1290 1290 1290 1330 1330 1330 1294 1294 1294 1315 1315 1315 1330 1330 1330 1290 1290 1290 1294 1294 1294 1330 1330 1330 1331 1331 1331 1332 1332 1332 1333 1333 1333 1332 1332 1332 1331 1331 1331 1334 1334 1334 1332 1332 1332 1335 1335 1335 1333 1333 1333 1333 1333 1333 1335 1335 1335 1336 1336 1336 1337 1337 1337 1332 1332 1332 1334 1334 1334 1334 1334 1334 1338 1338 1338 1337 1337 1337 1338 1338 1338 1339 1339 1339 1337 1337 1337 1332 1332 1332 1337 1337 1337 1339 1339 1339 1339 1339 1339 1338 1338 1338 1340 1340 1340 1332 1332 1332 1339 1339 1339 1341 1341 1341 1341 1341 1341 1339 1339 1339 1340 1340 1340 1335 1335 1335 1332 1332 1332 1341 1341 1341 1341 1341 1341 1340 1340 1340 1342 1342 1342 1343 1343 1343 1341 1341 1341 1342 1342 1342 1335 1335 1335 1341 1341 1341 1343 1343 1343 1343 1343 1343 1342 1342 1342 1344 1344 1344 1345 1345 1345 1335 1335 1335 1343 1343 1343 1335 1335 1335 1345 1345 1345 1336 1336 1336 1346 1346 1346 1343 1343 1343 1344 1344 1344 1343 1343 1343 1346 1346 1346 1345 1345 1345 1346 1346 1346 1344 1344 1344 1347 1347 1347 1345 1345 1345 1348 1348 1348 1336 1336 1336 1346 1346 1346 1348 1348 1348 1345 1345 1345 1348 1348 1348 1349 1349 1349 1336 1336 1336 1350 1350 1350 1346 1346 1346 1347 1347 1347 1346 1346 1346 1350 1350 1350 1348 1348 1348 1348 1348 1348 1351 1351 1351 1349 1349 1349 1350 1350 1350 1351 1351 1351 1348 1348 1348 1351 1351 1351 1352 1352 1352 1349 1349 1349 1353 1353 1353 1350 1350 1350 1347 1347 1347 1351 1351 1351 1354 1354 1354 1352 1352 1352 1351 1351 1351 1350 1350 1350 1354 1354 1354 1350 1350 1350 1353 1353 1353 1354 1354 1354 1354 1354 1354 1355 1355 1355 1352 1352 1352 1356 1356 1356 1353 1353 1353 1347 1347 1347 1354 1354 1354 1357 1357 1357 1355 1355 1355 1354 1354 1354 1353 1353 1353 1357 1357 1357 1357 1357 1357 1358 1358 1358 1355 1355 1355 1358 1358 1358 1357 1357 1357 1359 1359 1359 1360 1360 1360 1353 1353 1353 1356 1356 1356 1353 1353 1353 1360 1360 1360 1357 1357 1357 1361 1361 1361 1360 1360 1360 1356 1356 1356 1357 1357 1357 1362 1362 1362 1359 1359 1359 1359 1359 1359 1362 1362 1362 1361 1361 1361 1360 1360 1360 1362 1362 1362 1357 1357 1357 1362 1362 1362 1360 1360 1360 1361 1361 1361 1363 1363 1363 1364 1364 1364 1365 1365 1365 1363 1363 1363 1365 1365 1365 1366 1366 1366 1364 1364 1364 1367 1367 1367 1365 1365 1365 1364 1364 1364 1368 1368 1368 1367 1367 1367 1365 1365 1365 1369 1369 1369 1366 1366 1366 1366 1366 1366 1369 1369 1369 1370 1370 1370 1369 1369 1369 1371 1371 1371 1370 1370 1370 1365 1365 1365 1371 1371 1371 1369 1369 1369 1370 1370 1370 1371 1371 1371 1372 1372 1372 1371 1371 1371 1365 1365 1365 1373 1373 1373 1371 1371 1371 1373 1373 1373 1372 1372 1372 1365 1365 1365 1367 1367 1367 1373 1373 1373 1372 1372 1372 1373 1373 1373 1374 1374 1374 1373 1373 1373 1375 1375 1375 1374 1374 1374 1373 1373 1373 1367 1367 1367 1375 1375 1375 1374 1374 1374 1375 1375 1375 1376 1376 1376 1367 1367 1367 1377 1377 1377 1375 1375 1375 1368 1368 1368 1377 1377 1377 1367 1367 1367 1375 1375 1375 1378 1378 1378 1376 1376 1376 1375 1375 1375 1377 1377 1377 1378 1378 1378 1376 1376 1376 1378 1378 1378 1379 1379 1379 1380 1380 1380 1377 1377 1377 1368 1368 1368 1377 1377 1377 1380 1380 1380 1378 1378 1378 1381 1381 1381 1380 1380 1380 1368 1368 1368 1378 1378 1378 1382 1382 1382 1379 1379 1379 1382 1382 1382 1378 1378 1378 1380 1380 1380 1383 1383 1383 1380 1380 1380 1381 1381 1381 1383 1383 1383 1382 1382 1382 1380 1380 1380 1384 1384 1384 1383 1383 1383 1381 1381 1381 1379 1379 1379 1382 1382 1382 1385 1385 1385 1386 1386 1386 1383 1383 1383 1384 1384 1384 1383 1383 1383 1386 1386 1386 1382 1382 1382 1386 1386 1386 1385 1385 1385 1382 1382 1382 1387 1387 1387 1386 1386 1386 1384 1384 1384 1388 1388 1388 1379 1379 1379 1385 1385 1385 1389 1389 1389 1386 1386 1386 1387 1387 1387 1386 1386 1386 1389 1389 1389 1385 1385 1385 1390 1390 1390 1389 1389 1389 1387 1387 1387 1390 1390 1390 1391 1391 1391 1389 1389 1389 1388 1388 1388 1385 1385 1385 1392 1392 1392 1389 1389 1389 1392 1392 1392 1385 1385 1385 1393 1393 1393 1388 1388 1388 1392 1392 1392 1391 1391 1391 1394 1394 1394 1389 1389 1389 1391 1391 1391 1393 1393 1393 1394 1394 1394 1392 1392 1392 1389 1389 1389 1394 1394 1394 1393 1393 1393 1392 1392 1392 1394 1394 1394</p>
        </triangles>
      </mesh>
    </geometry>
  </library_geometries>
  <library_controllers>
    <controller id="geom-heiho_body__body_m-skin1">
      <skin source="#geom-heiho_body__body_m">
        <bind_shape_matrix>1 0 0 0 0 1 0 0 0 0 1 0 0 0 0 1</bind_shape_matrix>
        <source id="geom-heiho_body__body_m-skin1-joints">
          <Name_array id="geom-heiho_body__body_m-skin1-joints-array" count="35">joint0 joint1 joint2 joint3 joint4 joint5 joint6 joint7 joint8 joint9 joint10 joint11 joint12 joint13 joint14 joint15 joint16 joint17 joint18 joint19 joint20 joint21 joint22 joint23 joint24 joint25 joint26 joint27 joint28 joint29 joint30 joint31 joint32 joint33 joint34</Name_array>
          <technique_common>
            <accessor source="#geom-heiho_body__body_m-skin1-joints-array" count="35" stride="1">
              <param name="JOINT" type="name"/>
            </accessor>
          </technique_common>
        </source>
        <source id="geom-heiho_body__body_m-skin1-bind_poses">
          <float_array id="geom-heiho_body__body_m-skin1-bind_poses-array" count="560">1 0 0 0 0 0 1 0 0 -1 0 0 0 0 0 1 1 0 0 0 0 0 1 0 0 -1 0 0 0 0 0 1 1 0 0 0 0 0 1 0 0 -1 0 0 0 0 0 1 1 0 0 0 0 0 1 0 0 -1 0 0 0 0 0 1 1 0 0 0 0 0 1 0 0 -1 0 0 0 0 0 1 1 0 0 0 0 0 1 -0.379464 0 -1 0 0 0 0 0 1 1 0 0 0 0 0 1 -0.5936886 0 -1 0 0 0 0 0 1 -0.7271979 0.6864278 -2.83122e-7 -0.0288939 0.2895216 0.3067173 -0.9066982 0.1879366 -0.6223829 -0.6593492 -0.4217799 0.4030306 0 0 0 1 -0.7271979 -0.6864275 4.17232e-7 0.02889376 0.2895217 -0.3067172 0.9066983 -0.1879367 -0.6223829 0.659349 0.4217797 -0.4030305 0 0 0 1 0.7271981 0.6864279 -1.49011e-8 0.02890221 0.2895213 -0.3067169 -0.9066977 0.1879329 -0.6223831 0.6593486 -0.4217793 0.4030382 0 0 0 1 0.7271977 -0.6864279 4.47035e-8 -0.02890228 0.2895213 0.3067172 0.9066981 -0.187933 -0.6223831 -0.6593489 0.4217795 -0.4030383 0 0 0 1 1 0 0 -0.1872 0 -0.5000002 -0.8660251 0.2406106 0 0.8660251 -0.5000002 0.02759291 0 0 0 1 1 0 0 -0.1872 0 -0.9999999 5.66244e-7 0.03383508 0 -5.66244e-7 -0.9999999 0.11379 0 0 0 1 1 0 0 0.1872 0 0.5000001 0.8660254 -0.2406109 0 -0.8660254 0.5000001 -0.027593 0 0 0 1 1 0 0 0.1872 0 1 -2.08616e-7 -0.033835 0 2.08616e-7 1 -0.11379 0 0 0 1 1 0 0 0 0 0 1 -0.465948 0 -1 0 0 0 0 0 1 1 0 0 0 0 0 1 -0.513552 0 -1 0 0 0 0 0 1 1 0 0 0 0 0 1 -0.7046999 0 -1 0 0 0 0 0 1 1 0 0 0 0 0 1 -0.7046999 0 -1 0 0 0 0 0 1 1 0 0 0 0 0 1 -1.235857 0 -1 0 0 0 0 0 1 -7.38421e-8 0.9999899 -0.004448671 -0.1268241 -0.9999998 -1.96643e-7 1.7969e-7 -1.73889e-7 -1.49341e-7 0.004448589 0.9999896 -1.112494 0 0 0 1 0 2.84217e-14 1 -0.5764199 1 1.50996e-7 0 -0.151428 -1.50996e-7 1 -2.84217e-14 2.2865e-8 0 0 0 1 0 4.26326e-14 1 -0.5764199 1 1.50996e-7 0 -0.330012 -1.50996e-7 1 -4.26326e-14 2.2865e-8 0 0 0 1 0 5.68434e-14 1 -0.5764199 1 1.50996e-7 0 -0.461796 -1.50996e-7 1 -5.68434e-14 2.2865e-8 0 0 0 1 1 1.50996e-7 0 -0.6693 -2.27998e-14 1.50996e-7 1 -0.5764199 1.50996e-7 -1 1.50996e-7 -1.09902e-7 0 0 0 1 5.96047e-8 -1 -1.19209e-7 1.07018e-7 1 8.9407e-8 2.98023e-8 -0.6693 -2.98023e-8 -1.49012e-7 0.9999999 -0.5764199 0 0 0 1 0 8.52651e-14 1 -0.5764199 1 1.50996e-7 0 -0.461796 -1.50996e-7 1 -8.52651e-14 2.28651e-8 0 0 0 1 0 5.68434e-14 1 -0.5764199 1 1.50996e-7 0 -0.330012 -1.50996e-7 1 -5.68434e-14 2.2865e-8 0 0 0 1 -1.19209e-7 0 -1 0.57642 1 0 -1.19209e-7 0.1514281 0 -1 0 0 0 0 0 1 -1.19209e-7 0 -1 0.5764201 1 0 -1.19209e-7 0.3300121 0 -1 0 0 0 0 0 1 -1.19209e-7 0 -1 0.5764201 1 0 -1.19209e-7 0.4617962 0 -1 0 0 0 0 0 1 1 0 -1.19209e-7 0.6693002 1.19209e-7 0 1 -0.5764202 0 -1 0 0 0 0 0 1 7.69074e-8 1 3.22039e-8 3.29111e-8 1 -1.01907e-7 -2.08616e-7 0.6693003 -8.94071e-8 -1.73028e-8 -1.000001 0.5764202 0 0 0 1 -1.19209e-7 0 -1.000001 0.5764202 1.000001 0 -1.19209e-7 0.4617962 0 -1 0 0 0 0 0 1 -1.19209e-7 0 -1 0.5764201 1 0 -1.19209e-7 0.3300121 0 -1 0 0 0 0 0 1</float_array>
          <technique_common>
            <accessor source="#geom-heiho_body__body_m-skin1-bind_poses-array" count="35" stride="16">
              <param name="TRANSFORM" type="float4x4"/>
            </accessor>
          </technique_common>
        </source>
        <source id="geom-heiho_body__body_m-skin1-weights">
          <float_array id="geom-heiho_body__body_m-skin1-weights-array" count="2824">1 0.8980392 0.1019608 0.8 0.2 0.8 0.2 0.8980392 0.1019608 0.8 0.2 0.8980392 0.1019608 0.8980392 0.1019608 0.8 0.2 0.8980392 0.1019608 0.8 0.2 0.8 0.2 0.8980392 0.1019608 0.8 0.2 0.8980392 0.1019608 0.8980392 0.1019608 0.8 0.2 0.8980392 0.1019608 0.8 0.2 0.8 0.2 0.8980392 0.1019608 0.8 0.2 0.8980392 0.1019608 0.8980392 0.1019608 0.8 0.2 0.8980392 0.1019608 0.8 0.2 0.8 0.2 0.8980392 0.1019608 0.8 0.2 0.8980392 0.1019608 0.8980392 0.1019608 0.8 0.2 0.8980392 0.1019608 0.8 0.2 0.01960784 0.9803922 0.01960784 0.9803922 0.07058824 0.9294118 0.07058824 0.9294118 0.2 0.8 0.2 0.8 0.6 0.4 0.6 0.4 0.8509804 0.1490196 0.8509804 0.1490196 0.8509804 0.1490196 0.8509804 0.1490196 0.6 0.4 0.6 0.4 0.2 0.8 0.2 0.8 0.07058824 0.9294118 0.07058824 0.9294118 0.01960784 0.9803922 0.01960784 0.9803922 0.8509804 0.1490196 0.8509804 0.1490196 0.6 0.4 0.6 0.4 0.2 0.8 0.2 0.8 0.07058824 0.9294118 0.07058824 0.9294118 0.01960784 0.9803922 0.01960784 0.9803922 0.01960784 0.9803922 0.01960784 0.9803922 0.07058824 0.9294118 0.07058824 0.9294118 0.2 0.8 0.2 0.8 0.6 0.4 0.6 0.4 0.8509804 0.1490196 0.8509804 0.1490196 0.8509804 0.1490196 0.8509804 0.1490196 0.6 0.4 0.6 0.4 0.2 0.8 0.2 0.8 0.07058824 0.9294118 0.07058824 0.9294118 0.01960784 0.9803922 0.01960784 0.9803922 0.01960784 0.9803922 0.01960784 0.9803922 0.07058824 0.9294118 0.07058824 0.9294118 0.2 0.8 0.2 0.8 0.6 0.4 0.6 0.4 0.8509804 0.1490196 0.8509804 0.1490196 0.01176471 0.9882353 0.01176471 0.9882353 0.01960784 0.9803922 0.01960784 0.9803922 0.01960784 0.9803922 0.07843138 0.9215686 0.07843138 0.9215686 0.05098039 0.9490196 0.1019608 0.8980392 0.1019608 0.8980392 0.07843138 0.9215686 0.1215686 0.8784314 0.1215686 0.8784314 0.1215686 0.8784314 0.07843138 0.9215686 0.1215686 0.8784314 0.1215686 0.8784314 0.1215686 0.8784314 0.1019608 0.8980392 0.07843138 0.9215686 0.1019608 0.8980392 0.07843138 0.9215686 0.05098039 0.9490196 0.07843138 0.9215686 0.01960784 0.9803922 0.01960784 0.9803922 0.01960784 0.9803922 0.01176471 0.9882353 0.01176471 0.9882353 0.8 0.2 0.2509804 0.7490196 0.8 0.2 0.2392157 0.7607843 0.8 0.2 0.9490196 0.03137255 0.01960784 0.9490196 0.03137255 0.01960784 0.6980392 0.2509804 0.05098039 0.2392157 0.7607843 0.6980392 0.2509804 0.05098039 0.4196078 0.3803922 0.2 0.9490196 0.03137255 0.01960784 0.2313726 0.7686275 0.8 0.2 0.4196078 0.3803922 0.2 0.1215686 0.3803922 0.4980392 0.2196078 0.7803922 0.8 0.2 0.1215686 0.3803922 0.4980392 0.2509804 0.7490196 0.6980392 0.2509804 0.05098039 0.4431373 0.3882353 0.1686275 0.9568627 0.03137255 0.01176471 0.6784314 0.2117647 0.1098039 0.3882353 0.4 0.1098039 0.1019608 0.1215686 0.3803922 0.4980392 0.2509804 0.7490196 0.1215686 0.8784314 0.1215686 0.8784314 0.2509804 0.7490196 0.1019608 0.8980392 0.627451 0.07058824 0.3019608 0.2901961 0.03137255 0.6784314 0.07843138 0.9215686 0.2313726 0.5176471 0.1490196 0.1019608 0.6588235 0.2509804 0.09019608 0.4 0.3686275 0.2313726 0.4392157 0.05882353 0.5019608 0.6588235 0.2509804 0.09019608 0.01960784 0.9803922 0.6588235 0.2509804 0.09019608 0.1411765 0.03137255 0.827451 0.01176471 0.9882353 0.5294118 0.07058824 0.4 0.2313726 0.5176471 0.1490196 0.1019608 0.1686275 0.4588235 0.1019608 0.2705882 0.05098039 0.2 0.7490196 0.6509804 0.2392157 0.1098039 0.3294118 0.4392157 0.2313726 0.2784314 0.2705882 0.4509804 0.03921569 0.1098039 0.8509804 0.827451 0.1215686 0.05098039 0.5019608 0.2784314 0.2196078 0.9686275 0.03137255 0.8509804 0.1490196 0.2196078 0.7803922 0.8 0.2 0.1882353 0.8 0.01176471 0.8 0.2 0.8 0.2 0.7490196 0.2196078 0.03137255 0.1686275 0.8 0.03137255 0.2 0.8 0.8 0.2 0.6980392 0.2509804 0.05098039 0.8 0.2 0.2313726 0.2313726 0.5372549 0.6980392 0.2509804 0.05098039 0.01960784 0.07843138 0.9019608 0.2313726 0.2313726 0.5372549 0.2313726 0.2313726 0.5372549 0.6980392 0.2509804 0.05098039 0.1686275 0.8 0.03137255 0.7490196 0.2196078 0.03137255 0.1882353 0.8 0.01176471 0.8 0.2 0.8 0.2 0.2196078 0.7803922 0.8 0.2 0.8509804 0.1490196 0.2196078 0.7803922 0.8 0.2 0.2784314 0.2705882 0.4509804 0.2313726 0.7686275 0.8 0.2 0.03921569 0.1098039 0.8509804 0.05098039 0.2 0.7490196 0.1686275 0.4588235 0.1019608 0.2705882 0.1411765 0.03137255 0.827451 0.01176471 0.9882353 0.01960784 0.9803922 0.5294118 0.07058824 0.4 0.4392157 0.05882353 0.5019608 0.07843138 0.9215686 0.2313726 0.5176471 0.1490196 0.1019608 0.6588235 0.2509804 0.09019608 0.6588235 0.2509804 0.09019608 0.6588235 0.2509804 0.09019608 0.6509804 0.2392157 0.1098039 0.3294118 0.4392157 0.2313726 0.827451 0.1215686 0.05098039 0.5019608 0.2784314 0.2196078 0.4 0.3686275 0.2313726 0.9686275 0.03137255 0.6784314 0.2117647 0.1098039 0.2313726 0.5176471 0.1490196 0.1019608 0.9568627 0.03137255 0.01176471 0.9490196 0.03137255 0.01960784 0.3882353 0.4 0.1098039 0.1019608 0.2392157 0.7607843 0.2392157 0.7607843 0.8 0.2 0.8 0.2 0.2509804 0.7490196 0.9490196 0.03137255 0.01960784 0.9490196 0.03137255 0.01960784 0.6980392 0.2509804 0.05098039 0.6980392 0.2509804 0.05098039 0.4196078 0.3803922 0.2 0.6980392 0.2509804 0.05098039 0.4196078 0.3803922 0.2 0.1215686 0.3803922 0.4980392 0.4431373 0.3882353 0.1686275 0.1215686 0.3803922 0.4980392 0.2509804 0.7490196 0.1215686 0.3803922 0.4980392 0.2509804 0.7490196 0.1215686 0.8784314 0.1215686 0.8784314 0.2509804 0.7490196 0.1019608 0.8980392 0.627451 0.07058824 0.3019608 0.2901961 0.03137255 0.6784314 0.8980392 0.1019608 0.8980392 0.1019608 0.8666667 0.03137255 0.1019608 0.8980392 0.1019608 0.4980392 0.2509804 0.2509804 0.8666667 0.03137255 0.1019608 0.8980392 0.1019608 0.4862745 0.4117647 0.1019608 0.8784314 0.01960784 0.1019608 0.8980392 0.1019608 0.4980392 0.5019608 0.1882353 0.7098039 0.1019608 0.1882353 0.4117647 0.4 0.4980392 0.5019608 0.9607843 0.01960784 0.01960784 0.8980392 0.1019608 0.8 0.2 0.4980392 0.5019608 0.8 0.2 0.6509804 0.1803922 0.1686275 0.6313726 0.3098039 0.05882353 0.8980392 0.1019608 0.8980392 0.1019608 0.6509804 0.3098039 0.03921569 0.8980392 0.1019608 0.8 0.2 0.6235294 0.1882353 0.1882353 0.8980392 0.1019608 0.8980392 0.1019608 0.8 0.2 0.6509804 0.03921569 0.3098039 0.8980392 0.1019608 0.4980392 0.5019608 0.6392157 0.3019608 0.05882353 0.8980392 0.1019608 0.2 0.8 0.2 0.8 0.4980392 0.5019608 0.1882353 0.4 0.4117647 0.1882353 0.7098039 0.1019608 0.1882353 0.1019608 0.7098039 0.1882353 0.8117647 0.4980392 0.4 0.1019608 0.4980392 0.2509804 0.2509804 0.4980392 0.1019608 0.4 0.8784314 0.01960784 0.1019608 0.8980392 0.1019608 0.8980392 0.1019608 0.8666667 0.03137255 0.1019608 0.8980392 0.1019608 0.4980392 0.5019608 0.8784314 0.01960784 0.1019608 0.1882353 0.8117647 0.4980392 0.4 0.1019608 0.8980392 0.1019608 0.8980392 0.1019608 0.8980392 0.1019608 0.1882353 0.7098039 0.1019608 0.4980392 0.2509804 0.2509804 0.8 0.2 0.1882353 0.4117647 0.4 0.8 0.2 0.4980392 0.5019608 0.6392157 0.1803922 0.1803922 0.4980392 0.5019608 0.2 0.8 0.2 0.8 0.6392157 0.05882353 0.3019608 0.8980392 0.1019608 0.6509804 0.03921569 0.3098039 0.8980392 0.1019608 0.1882353 0.1019608 0.7098039 0.6235294 0.1882353 0.1882353 0.8980392 0.1019608 0.8980392 0.1019608 0.2 0.8 0.6509804 0.3098039 0.03921569 0.8980392 0.1019608 0.4980392 0.5019608 0.6313726 0.05882353 0.3098039 0.8980392 0.1019608 0.6509804 0.1803922 0.1686275 0.8 0.2 0.2 0.8 0.4980392 0.5019608 0.8 0.2 0.2 0.8 0.4980392 0.5019608 0.1882353 0.1019608 0.7098039 0.1882353 0.4117647 0.4 0.4980392 0.2509804 0.2509804 0.4980392 0.5019608 0.1882353 0.7098039 0.1019608 0.2 0.8 0.1882353 0.4 0.4117647 0.1882353 0.1019608 0.7098039 0.1882353 0.8117647 0.4980392 0.1019608 0.4 0.4980392 0.5019608 0.8784314 0.01960784 0.1019608 0.8666667 0.03137255 0.1019608 0.8980392 0.1019608 0.4980392 0.1019608 0.4 0.8784314 0.01960784 0.1019608 0.8980392 0.1019608 0.8980392 0.1019608 0.4980392 0.2509804 0.2509804 0.9607843 0.01960784 0.01960784 0.8980392 0.1019608 0.4980392 0.4 0.1019608 0.8784314 0.01960784 0.1019608 0.8980392 0.1019608 0.1882353 0.8117647 0.4980392 0.5019608 0.4862745 0.1019608 0.4117647 0.8666667 0.03137255 0.1019608 0.8980392 0.1019608 0.8666667 0.03137255 0.1019608 0.8980392 0.1019608 0.8980392 0.1019608 0.9411765 0.05882353 0.9294118 0.07058824 0.8392157 0.1607843 0.8509804 0.1490196 0.9411765 0.05882353 0.4980392 0.5019608 0.4980392 0.5019608 0.8196079 0.1803922 0.3019608 0.6980392 0.3019608 0.6980392 0.2 0.8 0.4980392 0.5019608 0.3019608 0.6980392 0.2 0.8 0.3019608 0.6980392 0.4980392 0.5019608 0.05098039 0.9490196 0.05098039 0.9490196 0.2 0.8 0.05098039 0.9490196 0.05098039 0.9490196 0.05098039 0.9490196 0.05098039 0.9490196 0.05098039 0.9490196 0.05098039 0.9490196 0.2 0.8 0.05098039 0.9490196 0.2 0.8 0.2 0.8 0.2 0.8 0.2 0.8 0.3019608 0.6980392 0.3019608 0.6980392 0.4980392 0.5019608 0.3019608 0.6980392 0.4980392 0.5019608 0.8509804 0.1490196 0.3019608 0.6980392 0.4980392 0.5019608 0.8392157 0.1607843 0.9294118 0.07058824 0.4980392 0.5019608 0.9411765 0.05882353 0.8196079 0.1803922 0.9411765 0.05882353 0.9803922 0.01960784 0.9803922 0.01960784 0.9411765 0.05882353 0.8117647 0.1882353 0.9411765 0.05882353 0.8196079 0.1803922 0.7882353 0.2117647 0.9294118 0.07058824 0.7882353 0.2117647 0.9411765 0.05882353 0.8 0.2 0.8117647 0.1882353 0.4980392 0.5019608 0.4980392 0.5019608 0.3019608 0.6980392 0.3019608 0.6980392 0.3019608 0.6980392 0.4980392 0.5019608 0.3019608 0.6980392 0.4980392 0.5019608 0.3019608 0.6980392 0.4980392 0.5019608 0.3019608 0.6980392 0.4980392 0.5019608 0.8196079 0.1803922 0.9803922 0.01960784 0.7882353 0.2117647 0.9411765 0.05882353 0.4980392 0.5019608 0.9411765 0.05882353 0.7882353 0.2117647 0.3019608 0.6980392 0.4980392 0.5019608 0.2 0.8 0.3019608 0.6980392 0.3019608 0.6980392 0.4980392 0.5019608 0.8117647 0.1882353 0.8 0.2 0.9411765 0.05882353 0.9294118 0.07058824 0.8980392 0.1019608 0.8980392 0.1019608 0.8980392 0.1019608 0.8980392 0.1019608 0.8980392 0.1019608 0.8980392 0.1019608 0.8980392 0.1019608 0.8980392 0.1019608 0.8980392 0.1019608 0.8980392 0.1019608 0.8980392 0.1019608 0.8980392 0.1019608 0.8509804 0.1490196 0.8509804 0.1490196 0.6 0.4 0.6 0.4 0.1019608 0.2509804 0.6470588 0.8509804 0.1490196 0.1019608 0.2509804 0.6470588 0.4784314 0.03137255 0.4901961 0.6 0.4 0.4705882 0.03137255 0.4980392 0.5019608 0.2784314 0.2196078 0.4 0.3686275 0.2313726 0.1019608 0.2509804 0.6470588 0.4784314 0.03137255 0.4901961 0.2313726 0.5176471 0.1490196 0.1019608 0.6 0.4 0.1019608 0.2509804 0.6470588 0.4784314 0.03137255 0.4901961 0.6588235 0.2509804 0.09019608 0.8509804 0.1490196 0.4784314 0.03137255 0.4901961 0.6588235 0.2509804 0.09019608 0.1019608 0.2509804 0.6470588 0.6 0.4 0.4784314 0.03137255 0.4901961 0.6588235 0.2509804 0.09019608 0.1019608 0.2509804 0.6470588 0.4784314 0.03137255 0.4901961 0.2313726 0.5176471 0.1490196 0.1019608 0.3294118 0.4392157 0.2313726 0.1019608 0.2509804 0.6470588 0.4705882 0.03137255 0.4980392 0.5019608 0.2784314 0.2196078 0.4784314 0.03137255 0.4901961 0.1019608 0.2509804 0.6470588 0.1019608 0.2509804 0.6470588 0.6 0.4 0.6 0.4 0.6 0.4 0.6 0.4 0.8509804 0.1490196 0.8509804 0.1490196 0.8509804 0.1490196 0.8509804 0.1490196 0.8509804 0.1490196 0.8509804 0.1490196 0.8509804 0.1490196 0.6 0.4 0.6 0.4 0.1019608 0.2509804 0.6470588 0.8509804 0.1490196 0.1019608 0.2509804 0.6470588 0.4784314 0.01960784 0.5019608 0.6 0.4 0.4705882 0.03137255 0.4980392 0.5019608 0.2784314 0.2196078 0.4 0.3686275 0.2313726 0.1019608 0.2509804 0.6470588 0.4784314 0.01960784 0.5019608 0.2313726 0.5176471 0.1490196 0.1019608 0.6 0.4 0.1019608 0.2509804 0.6470588 0.4784314 0.01960784 0.5019608 0.6588235 0.2509804 0.09019608 0.8509804 0.1490196 0.4784314 0.01960784 0.5019608 0.6588235 0.2509804 0.09019608 0.1019608 0.2509804 0.6470588 0.6 0.4 0.4784314 0.01960784 0.5019608 0.6588235 0.2509804 0.09019608 0.1019608 0.2509804 0.6470588 0.4784314 0.01960784 0.5019608 0.2313726 0.5176471 0.1490196 0.1019608 0.3294118 0.4392157 0.2313726 0.1019608 0.2509804 0.6470588 0.4705882 0.03137255 0.4980392 0.5019608 0.2784314 0.2196078 0.4784314 0.01960784 0.5019608 0.1019608 0.2509804 0.6470588 0.1019608 0.2509804 0.6470588 0.6 0.4 0.6 0.4 0.6 0.4 0.6 0.4 0.8509804 0.1490196 0.8509804 0.1490196 0.8509804 0.1490196 0.8509804 0.1490196 0.8509804 0.1490196 0.8980392 0.1019608 0.8980392 0.1019608 0.8 0.2 0.8980392 0.1019608 0.8 0.2 0.8 0.2 0.8980392 0.1019608 0.8980392 0.1019608 0.8980392 0.1019608 0.8 0.2 0.8 0.2 0.8 0.2 0.8 0.2 0.8980392 0.1019608 0.8 0.2 0.8 0.2 0.8 0.2 0.8980392 0.1019608 0.8 0.2 0.8 0.2 0.8980392 0.1019608 0.8980392 0.1019608 0.8980392 0.1019608 0.8980392 0.1019608 0.8980392 0.1019608 0.8 0.2 0.8509804 0.1490196 0.8509804 0.1490196 0.6 0.4 0.6 0.4 0.2 0.8 0.8509804 0.1490196 0.8 0.2 0.8509804 0.1490196 0.8509804 0.1490196 0.6 0.4 0.8509804 0.1490196 0.6 0.4 0.2 0.8 0.8 0.2 0.6509804 0.3490196 0.2 0.8 0.8 0.2 0.4509804 0.5490196 0.2 0.8 0.07058824 0.9294118 0.07058824 0.9294118 0.2 0.8 0.01960784 0.9803922 0.01960784 0.9803922 0.07058824 0.9294118 0.01960784 0.9803922 0.01960784 0.9803922 0.07058824 0.9294118 0.01960784 0.9803922 0.07058824 0.9294118 0.07058824 0.9294118 0.01960784 0.9803922 0.2 0.8 0.07058824 0.9294118 0.6509804 0.3490196 0.2 0.8 0.4509804 0.5490196 0.2 0.8 0.8 0.2 0.4509804 0.5490196 0.8 0.2 0.2 0.8 0.4509804 0.5490196 0.4509804 0.5490196 0.2 0.8 0.2 0.8 0.07058824 0.9294118 0.07058824 0.9294118 0.07058824 0.9294118 0.07058824 0.9294118 0.8509804 0.1490196 0.8509804 0.1490196 0.6 0.4 0.6 0.4 0.2 0.8 0.8509804 0.1490196 0.2 0.8 0.8 0.2 0.8509804 0.1490196 0.8509804 0.1490196 0.6 0.4 0.8509804 0.1490196 0.6 0.4 0.2 0.8 0.8 0.2 0.6509804 0.3490196 0.2 0.8 0.8 0.2 0.4509804 0.5490196 0.2 0.8 0.07058824 0.9294118 0.07058824 0.9294118 0.2 0.8 0.01960784 0.9803922 0.01960784 0.9803922 0.07058824 0.9294118 0.01960784 0.9803922 0.01960784 0.9803922 0.07058824 0.9294118 0.01960784 0.9803922 0.07058824 0.9294118 0.07058824 0.9294118 0.01960784 0.9803922 0.07058824 0.9294118 0.2 0.8 0.07058824 0.9294118 0.07058824 0.9294118 0.07058824 0.9294118 0.2 0.8 0.07058824 0.9294118 0.2 0.8 0.2 0.8 0.2 0.8 0.6509804 0.3490196 0.4509804 0.5490196 0.8 0.2 0.4509804 0.5490196 0.8 0.2 0.4509804 0.5490196 0.4509804 0.5490196 0.1411765 0.8588235 0.1411765 0.8588235 0.6784314 0.3215686 0.6784314 0.3215686 0.6784314 0.3215686 0.6784314 0.3215686 0.1411765 0.8588235 0.1411765 0.8588235 0.8 0.2 0.8980392 0.1019608 0.8980392 0.1019608 0.8 0.2 0.8980392 0.1019608 0.8 0.2 0.8 0.2 0.8980392 0.1019608 0.8 0.2 0.8980392 0.1019608 0.6784314 0.3215686 0.6784314 0.3215686 0.1411765 0.8588235 0.1411765 0.8588235 0.1411765 0.8588235 0.1411765 0.8588235 0.6784314 0.3215686 0.6784314 0.3215686 0.6784314 0.3215686 0.6784314 0.3215686 0.1411765 0.8588235 0.1411765 0.8588235 0.1411765 0.8588235 0.1411765 0.8588235 0.6784314 0.3215686 0.6784314 0.3215686 0.8980392 0.1019608 0.7607843 0.2392157 0.7607843 0.2392157 0.8980392 0.1019608 0.8980392 0.1019608 0.7607843 0.2392157 0.8980392 0.1019608 0.7607843 0.2392157 0.7607843 0.2392157 0.8980392 0.1019608 0.8980392 0.1019608 0.7607843 0.2392157 0.8980392 0.1019608 0.7607843 0.2392157 0.7607843 0.2392157 0.8980392 0.1019608 0.7607843 0.2392157 0.8980392 0.1019608 0.8980392 0.1019608 0.7607843 0.2392157 0.7607843 0.2392157 0.8980392 0.1019608 0.7607843 0.2392157 0.8980392 0.1019608 0.8980392 0.1019608 0.7607843 0.2392157 0.5607843 0.1098039 0.3294118 0.2 0.4901961 0.1294118 0.1803922 0.1411765 0.1803922 0.6784314 0.5215687 0.4784314 0.4901961 0.3411765 0.1686275 0.5215687 0.4784314 0.509804 0.4901961 0.5490196 0.1490196 0.3019608 0.5294118 0.4705882 0.627451 0.1215686 0.2509804 0.5215687 0.4784314 0.2588235 0.7411765 0.1098039 0.8901961 0.3098039 0.4588235 0.1294118 0.1019608 0.5215687 0.4784314 0.2588235 0.7411765 0.1215686 0.8784314 0.3568628 0.3411765 0.3019608 0.3568628 0.3019608 0.3411765 0.7215686 0.2784314 0.7215686 0.2784314 0.5372549 0.3019608 0.1607843 0.4901961 0.509804 0.1294118 0.4313726 0.4392157 0.7607843 0.2392157 0.7607843 0.2392157 0.7607843 0.2392157 0.7607843 0.2392157 0.1098039 0.8901961 0.6588235 0.2 0.1411765 0.8588235 0.1411765 0.7607843 0.2392157 0.4392157 0.2392157 0.3215686 0.8392157 0.1607843 0.7607843 0.2392157 0.7607843 0.2392157 0.1019608 0.7686275 0.1294118 0.3215686 0.2313726 0.4470588 0.8392157 0.1607843 0.7607843 0.2392157 0.7607843 0.2392157 0.4392157 0.2392157 0.3215686 0.8588235 0.1411765 0.7607843 0.2392157 0.1411765 0.1803922 0.6784314 0.4901961 0.3411765 0.1686275 0.1098039 0.8901961 0.2 0.4901961 0.1294118 0.1803922 0.5607843 0.1098039 0.3294118 0.5215687 0.4784314 0.509804 0.4901961 0.5215687 0.4784314 0.6588235 0.2 0.1411765 0.1294118 0.4313726 0.4392157 0.5490196 0.1490196 0.3019608 0.5294118 0.4705882 0.627451 0.1215686 0.2509804 0.5215687 0.4784314 0.2588235 0.7411765 0.1098039 0.8901961 0.3098039 0.4588235 0.1294118 0.1019608 0.5215687 0.4784314 0.2588235 0.7411765 0.1215686 0.8784314 0.3568628 0.3411765 0.3019608 0.3568628 0.3019608 0.3411765 0.7215686 0.2784314 0.7215686 0.2784314 0.5372549 0.3019608 0.1607843 0.4901961 0.509804 0.7607843 0.2392157 0.7607843 0.2392157 0.7607843 0.2392157 0.5686275 0.2117647 0.2196078 0.8980392 0.1019608 0.8980392 0.1019608 0.5803922 0.4196078 0.8980392 0.1019608 0.2 0.8 0.1882353 0.4117647 0.4 0.6117647 0.3882353 0.5764706 0.2117647 0.2117647 0.8980392 0.1019608 0.2117647 0.7882353 0.8980392 0.1019608 0.4980392 0.5019608 0.8392157 0.1607843 0.8980392 0.1019608 0.4980392 0.5019608 0.8980392 0.1019608 0.8980392 0.1019608 0.8980392 0.1019608 0.8392157 0.1607843 0.8980392 0.1019608 0.4980392 0.5019608 0.4980392 0.5019608 0.1607843 0.8392157 0.8980392 0.1019608 0.1607843 0.8392157 0.1882353 0.4 0.4117647 0.8980392 0.1019608 0.8980392 0.1019608 0.2117647 0.7882353 0.6 0.4 0.8980392 0.1019608 0.1882353 0.8117647 0.8588235 0.1411765 0.8980392 0.1019608 0.4901961 0.509804 0.8980392 0.1019608 0.6 0.2 0.2 0.8980392 0.1019608 0.8588235 0.1411765 0.8980392 0.1019608 0.8980392 0.1019608 0.6 0.4 0.8980392 0.1019608 0.4901961 0.509804 0.5764706 0.2117647 0.2117647 0.8980392 0.1019608 0.2117647 0.7882353 0.1882353 0.8117647 0.1882353 0.4117647 0.4 0.1607843 0.8392157 0.8980392 0.1019608 0.1019608 0.8980392 0.4980392 0.5019608 0.4980392 0.5019608 0.8980392 0.1019608 0.8980392 0.1019608 0.1019608 0.8980392 0.8980392 0.1019608 0.1607843 0.8392157 0.8980392 0.1019608 0.4980392 0.5019608 0.4980392 0.5019608 0.8392157 0.1607843 0.8980392 0.1019608 0.1882353 0.4 0.4117647 0.2117647 0.7882353 0.8392157 0.1607843 0.6117647 0.3882353 0.2 0.8 0.5803922 0.4196078 0.8980392 0.1019608 0.5686275 0.2117647 0.2196078 0.8980392 0.1019608 0.1882353 0.4117647 0.4 0.1019608 0.8980392 0.4980392 0.5019608 0.1019608 0.8980392 0.4980392 0.5019608 0.8980392 0.1019608 0.8980392 0.1019608 0.1098039 0.8901961 0.1098039 0.8901961 0.1215686 0.8784314 0.1215686 0.8784314 0.1098039 0.8901961 0.1098039 0.8901961 0.8705882 0.1294118 0.4901961 0.509804 0.5294118 0.4705882 0.3411765 0.6588235 0.4705882 0.5294118 0.2509804 0.7490196 0.2588235 0.7411765 0.2705882 0.7294118 0.509804 0.4901961 0.2705882 0.7294118 0.8705882 0.1294118 0.4784314 0.5215687 0.8705882 0.1294118 0.8705882 0.1294118 0.509804 0.4901961 0.8705882 0.1294118 0.4901961 0.509804 0.5294118 0.4705882 0.3411765 0.6588235 0.4705882 0.5294118 0.2509804 0.7490196 0.2588235 0.7411765 0.2705882 0.7294118 0.8980392 0.1019608 0.8980392 0.1019608 0.8980392 0.1019608 0.8980392 0.1019608 0.8980392 0.1019608 0.8980392 0.1019608 0.8980392 0.1019608 0.8980392 0.1019608 0.8980392 0.1019608 0.8980392 0.1019608 0.8980392 0.1019608 0.8980392 0.1019608 0.6901961 0.3098039 0.5490196 0.4509804 0.1294118 0.4313726 0.4392157 0.509804 0.4901961 0.8117647 0.1882353 0.5490196 0.4509804 0.5215687 0.4784314 0.5215687 0.4784314 0.8117647 0.1882353 0.5490196 0.4509804 0.5294118 0.4705882 0.6901961 0.3098039 0.8117647 0.1882353 0.5215687 0.4784314 0.8117647 0.1882353 0.5490196 0.4509804 0.8117647 0.1882353 0.5490196 0.4509804 0.5215687 0.4784314 0.4901961 0.509804 0.5490196 0.4509804 0.1294118 0.4313726 0.4392157 0.6901961 0.3098039 0.8117647 0.1882353 0.5215687 0.4784314 0.5215687 0.4784314 0.5490196 0.4509804 0.509804 0.4901961 0.5490196 0.4509804 0.5294118 0.4705882 0.5490196 0.4509804 0.1294118 0.4313726 0.4392157 0.6901961 0.3098039 0.8117647 0.1882353 0.8117647 0.1882353 0.8117647 0.1882353 0.6901961 0.3098039 0.5215687 0.4784314 0.8117647 0.1882353 0.5490196 0.4509804 0.8117647 0.1882353 0.5490196 0.4509804 0.5215687 0.4784314 0.4901961 0.509804 0.5490196 0.4509804 0.1294118 0.4313726 0.4392157 0.6901961 0.3098039 0.8117647 0.1882353 0.1411765 0.8588235 0.6784314 0.3215686 0.6901961 0.3098039 0.1411765 0.8588235 0.7607843 0.2392157 0.1411765 0.8588235 0.5294118 0.4705882 0.1294118 0.8705882 0.6901961 0.3098039 0.6784314 0.3215686 0.1411765 0.8588235 0.7607843 0.2392157 0.1411765 0.8588235 0.5294118 0.4705882 0.1411765 0.8588235 0.1294118 0.8705882 0.1411765 0.8588235 0.6784314 0.3215686 0.1411765 0.8588235 0.6901961 0.3098039 0.1411765 0.8588235 0.7607843 0.2392157 0.1411765 0.8588235 0.5294118 0.4705882 0.6901961 0.3098039 0.6784314 0.3215686 0.1411765 0.8588235 0.7607843 0.2392157 0.1411765 0.8588235 0.5294118 0.4705882 0.1411765 0.8588235 0.1294118 0.8705882 0.1411765 0.8588235 0.1294118 0.8705882 0.8 0.2 0.8980392 0.1019608 0.8 0.2 0.8980392 0.1019608 0.8 0.2 0.8 0.2 0.8980392 0.1019608 0.8980392 0.1019608 0.1098039 0.8901961 0.1215686 0.8784314 0.1098039 0.8901961 0.2 0.8 0.2 0.8 0.8980392 0.1019608 0.8 0.2 0.8 0.2 0.8980392 0.1019608 0.8980392 0.1019608 0.8 0.2 0.8980392 0.1019608 0.8 0.2 0.8 0.2 0.8980392 0.1019608 0.8980392 0.1019608 0.8 0.2 0.8980392 0.1019608 0.8 0.2 0.8 0.2 0.8980392 0.1019608 0.8 0.2 0.8980392 0.1019608 0.8980392 0.1019608 0.8 0.2 0.8 0.2 0.8980392 0.1019608 0.8 0.2 0.8980392 0.1019608 0.8980392 0.1019608 0.8 0.2 0.8 0.2 0.8 0.2 0.8980392 0.1019608 0.8980392 0.1019608 0.8980392 0.1019608 0.8 0.2 0.2 0.8 0.2 0.8 0.2 0.8 0.2 0.8 0.2 0.8 0.2 0.8 0.2 0.8 0.2 0.8 0.2 0.8 0.2 0.8 0.2901961 0.7098039 0.1215686 0.8784314 0.1098039 0.8901961 0.2784314 0.7215686 0.2313726 0.3803922 0.3882353 0.2196078 0.3803922 0.4 0.4117647 0.4588235 0.1294118 0.6705883 0.3294118 0.5921569 0.1882353 0.2196078 0.7098039 0.2901961 0.1882353 0.572549 0.2392157 0.1411765 0.1803922 0.6784314 0.6705883 0.3294118 0.2901961 0.4196078 0.2901961 0.1607843 0.8392157 0.1607843 0.8392157 0.8 0.2 0.8 0.2 0.8 0.2 0.1607843 0.8392157 0.8 0.2 0.8 0.2 0.5607843 0.2509804 0.1882353 0.8 0.2 0.2313726 0.4078431 0.3607843 0.8 0.2 0.8 0.2 0.8 0.2 0.1411765 0.1803922 0.6784314 0.8 0.2 0.8 0.2 0.7098039 0.2901961 0.1882353 0.572549 0.2392157 0.5921569 0.1882353 0.2196078 0.6705883 0.3294118 0.4117647 0.4588235 0.1294118 0.6705883 0.3294118 0.2901961 0.4196078 0.2901961 0.5607843 0.2509804 0.1882353 0.2392157 0.4117647 0.3490196 0.8 0.2 0.2784314 0.7215686 0.1098039 0.8901961 0.2313726 0.3803922 0.3882353 0.8 0.2 0.2196078 0.3803922 0.4 0.2901961 0.7098039 0.1215686 0.8784314 0.5607843 0.2509804 0.1882353 0.2313726 0.4078431 0.3607843 0.2784314 0.1411765 0.5803922 0.5686275 0.4313726 0.4117647 0.4588235 0.1294118 0.6705883 0.3294118 0.5294118 0.4705882 0.6392157 0.3607843 0.4117647 0.5882353 0.5921569 0.1882353 0.2196078 0.7098039 0.2901961 0.6392157 0.3607843 0.7490196 0.2509804 0.6392157 0.3607843 0.7490196 0.2509804 0.5294118 0.4705882 0.2784314 0.1411765 0.5803922 0.2901961 0.1294118 0.5803922 0.1882353 0.572549 0.2392157 0.2901961 0.4196078 0.2901961 0.5607843 0.2509804 0.1882353 0.2784314 0.1411765 0.5803922 0.2392157 0.4117647 0.3490196 0.5607843 0.2509804 0.1882353 0.5215687 0.4784314 0.4117647 0.4588235 0.1294118 0.6705883 0.3294118 0.5294118 0.4705882 0.6392157 0.3607843 0.4117647 0.5882353 0.5921569 0.1882353 0.2196078 0.7098039 0.2901961 0.6392157 0.3607843 0.7490196 0.2509804 0.6392157 0.3607843 0.7490196 0.2509804 0.5294118 0.4705882 0.2784314 0.1411765 0.5803922 0.2901961 0.1294118 0.5803922 0.1882353 0.572549 0.2392157 0.2901961 0.4196078 0.2901961 0.5607843 0.2509804 0.1882353 0.4980392 0.5019608 0.8980392 0.1019608 0.8980392 0.1019608 0.8901961 0.1098039 0.8901961 0.1098039 0.4901961 0.509804 0.8588235 0.1411765 0.8980392 0.1019608 0.8588235 0.1411765 0.4313726 0.5686275 0.3294118 0.3294118 0.3411765 0.8980392 0.1019608 0.8980392 0.1019608 0.4784314 0.5215687 0.8980392 0.1019608 0.4901961 0.509804 0.5764706 0.2117647 0.2117647 0.8980392 0.1019608 0.4980392 0.5019608 0.1686275 0.8313726 0.4784314 0.5215687 0.8980392 0.1019608 0.8980392 0.1019608 0.1686275 0.8313726 0.8980392 0.1019608 0.8901961 0.1098039 0.3803922 0.6196079 0.8980392 0.1019608 0.8901961 0.1098039 0.4980392 0.5019608 0.3294118 0.3294118 0.3411765 0.4980392 0.5019608 0.8980392 0.1019608 0.8980392 0.1019608 0.3803922 0.6196079 0.8980392 0.1019608 0.1098039 0.8901961 0.1098039 0.8901961 0.4784314 0.5215687 0.8980392 0.1019608 0.8980392 0.1019608 0.1686275 0.8313726 0.8980392 0.1019608 0.1686275 0.8313726 0.5764706 0.2117647 0.2117647 0.8980392 0.1019608 0.4980392 0.5019608 0.4901961 0.509804 0.4784314 0.5215687 0.8980392 0.1019608 0.8588235 0.1411765 0.8980392 0.1019608 0.8588235 0.1411765 0.4313726 0.5686275 0.8980392 0.1019608 0.3294118 0.3294118 0.3411765 0.4901961 0.509804 0.1098039 0.8901961 0.4980392 0.5019608 0.8980392 0.1019608 0.1098039 0.8901961 0.8509804 0.1490196 0.8588235 0.1411765 0.7411765 0.2588235 0.7411765 0.2588235 0.2705882 0.7294118 0.7803922 0.2196078 0.2784314 0.7215686 0.7607843 0.2392157 0.7803922 0.2196078 0.2705882 0.7294118 0.7411765 0.2588235 0.7411765 0.2588235 0.8509804 0.1490196 0.8588235 0.1411765 0.8980392 0.1019608 0.8980392 0.1019608 0.8980392 0.1019608 0.8980392 0.1019608 0.8980392 0.1019608 0.8980392 0.1019608 0.8980392 0.1019608 0.8980392 0.1019608 0.2 0.8 0.2 0.8 0.4392157 0.5607843 0.2 0.8 0.2 0.8 0.4392157 0.5607843 0.2 0.8 0.2 0.8 0.4392157 0.5607843 0.2 0.8 0.2 0.8 0.4392157 0.5607843</float_array>
          <technique_common>
            <accessor source="#geom-heiho_body__body_m-skin1-weights-array" count="2824" stride="1">
              <param name="WEIGHT" type="float"/>
            </accessor>
          </technique_common>
        </source>
        <joints>
          <input semantic="JOINT" source="#geom-heiho_body__body_m-skin1-joints"/>
          <input semantic="INV_BIND_MATRIX" source="#geom-heiho_body__body_m-skin1-bind_poses"/>
        </joints>
        <vertex_weights count="2750">
          <input semantic="JOINT" source="#geom-heiho_body__body_m-skin1-joints" offset="0"/>
          <input semantic="WEIGHT" source="#geom-heiho_body__body_m-skin1-weights" offset="1"/>
          <vcount>2 2 2 2 2 2 2 2 2 2 2 2 2 2 2 2 2 2 2 2 2 2 2 2 2 2 2 2 2 2 2 2 2 2 1 1 2 2 2 2 2 2 2 2 2 2 1 1 1 1 1 1 1 1 1 1 1 1 1 1 1 1 2 2 2 2 2 2 2 2 2 2 1 1 1 1 1 1 1 1 1 2 2 2 2 2 2 2 2 2 2 1 1 1 2 2 2 2 2 2 2 2 2 2 1 1 1 1 1 1 1 1 1 1 1 1 1 1 1 1 2 2 2 2 2 2 2 2 2 2 1 1 2 1 2 2 2 2 2 2 2 2 2 1 1 1 1 1 1 1 1 2 1 2 1 2 1 1 2 1 1 1 1 1 1 1 1 2 1 1 1 2 2 2 1 1 2 2 2 2 2 2 1 2 2 2 2 2 2 1 1 2 2 2 1 1 1 2 2 2 1 1 2 1 1 2 2 1 1 1 1 1 1 1 1 1 1 1 1 1 1 1 1 1 1 1 1 1 1 1 1 1 1 1 1 1 1 1 1 1 1 1 1 1 1 1 1 1 1 1 1 1 1 1 1 1 1 1 1 1 1 1 1 1 1 1 1 1 1 1 1 1 1 1 1 1 1 1 1 1 1 1 1 1 1 1 1 1 1 1 1 1 1 1 1 1 1 1 1 1 1 1 1 1 1 1 1 1 1 1 1 1 1 1 1 1 1 1 1 1 1 2 2 2 2 2 3 3 3 2 3 3 3 2 2 3 3 2 2 3 2 3 3 3 3 4 3 2 2 2 2 2 3 3 2 4 3 3 3 3 2 3 3 2 1 3 4 1 1 4 1 1 3 3 3 3 3 3 3 2 2 2 2 3 2 2 3 3 2 2 3 2 3 3 3 3 3 3 3 3 3 2 2 2 2 2 2 2 3 2 2 3 1 1 3 1 1 4 3 2 2 3 3 2 4 3 3 3 3 3 3 3 3 2 3 4 3 3 4 2 2 2 2 2 3 3 3 3 3 3 3 3 3 3 2 3 2 2 2 2 2 3 3 2 2 3 2 3 3 2 3 3 2 2 3 3 2 3 2 2 2 2 3 1 3 2 2 1 3 2 2 3 2 2 2 3 2 2 3 2 2 1 2 2 3 1 3 3 2 3 3 3 3 2 2 3 2 2 3 2 3 2 2 2 3 3 2 3 2 2 3 2 2 2 3 2 1 3 2 3 3 2 2 2 3 2 2 3 2 3 2 1 2 2 2 2 2 1 3 3 3 2 3 2 3 1 3 2 3 2 3 3 2 3 3 2 2 3 3 2 3 3 2 2 2 3 3 2 3 2 2 1 1 1 1 1 1 1 1 1 1 1 1 2 2 1 2 2 2 2 2 2 2 2 2 2 2 2 2 2 2 2 2 1 1 2 1 1 1 1 1 1 1 1 1 2 2 1 1 1 1 1 1 1 1 1 2 2 2 2 2 2 2 2 2 2 2 2 2 2 2 2 2 2 2 2 2 1 2 2 1 1 1 1 1 1 1 1 1 1 1 1 1 1 1 1 1 1 1 1 1 1 1 1 1 1 1 1 1 1 1 1 2 2 1 2 2 2 2 2 2 2 2 2 2 2 2 2 2 2 2 2 2 2 2 2 2 2 2 2 2 1 2 2 2 2 1 2 2 2 2 2 2 2 2 2 1 1 1 1 1 1 1 1 1 1 1 1 1 1 1 1 1 1 1 1 1 1 1 1 1 1 1 1 1 1 1 1 1 1 1 1 1 1 1 1 1 1 1 1 1 1 1 1 1 1 1 1 1 2 1 2 2 2 2 1 2 2 1 2 2 1 1 2 2 2 1 1 1 1 1 1 1 1 2 1 2 2 1 2 3 2 3 3 2 3 3 3 3 3 4 2 3 3 3 2 3 3 3 2 3 3 3 3 4 3 3 3 3 3 3 3 2 2 2 2 2 2 2 2 1 1 1 2 1 1 1 1 1 1 1 1 1 1 1 1 1 1 1 1 1 1 1 1 1 1 1 2 1 2 2 1 2 3 2 3 3 2 3 3 3 3 3 4 2 3 3 3 2 3 3 3 2 3 3 3 3 4 3 3 3 3 3 3 3 2 2 2 2 2 2 2 2 1 1 1 2 1 1 1 1 1 1 1 1 1 1 1 1 1 1 1 1 1 1 1 1 1 1 1 1 1 1 1 1 1 1 1 1 1 1 1 1 1 1 1 1 1 1 1 1 1 1 1 1 1 1 1 1 1 1 1 1 1 1 1 1 1 1 1 1 1 1 1 1 1 1 1 1 1 1 1 1 1 1 1 1 1 1 1 1 1 1 1 1 1 1 1 1 1 1 1 1 1 1 1 1 1 1 1 1 1 1 1 1 1 1 1 1 1 1 1 1 1 1 1 1 1 1 1 1 1 1 1 1 1 1 1 1 1 1 1 1 1 1 1 1 1 1 1 2 2 2 2 2 2 2 2 2 2 2 2 2 2 2 2 2 2 2 2 2 2 2 2 2 2 1 1 1 1 1 1 1 1 1 1 1 1 1 1 1 1 1 1 1 1 1 1 1 1 1 1 1 1 1 1 1 1 1 1 1 1 1 1 1 1 1 1 1 1 2 2 2 1 1 2 2 2 1 1 1 1 1 1 2 1 1 1 1 1 1 1 2 2 2 2 2 2 2 1 2 2 2 1 2 2 2 2 2 2 2 2 2 1 1 2 2 2 2 1 2 2 2 2 2 2 2 2 2 2 2 2 2 2 2 2 2 2 2 1 1 1 1 1 1 2 1 1 1 1 1 1 1 1 1 1 1 1 1 1 1 1 2 2 2 1 2 2 2 1 2 1 1 1 1 1 2 1 1 1 1 1 1 1 1 1 1 1 2 2 2 2 2 2 2 1 2 2 2 1 2 2 2 2 2 2 2 2 2 1 1 2 2 2 2 1 2 2 1 1 1 1 1 2 1 2 2 2 2 2 2 2 2 2 2 2 2 2 2 2 2 1 1 1 1 1 1 1 1 1 1 1 1 1 1 1 1 1 1 1 1 1 1 1 1 1 1 1 1 1 1 1 1 1 1 1 1 1 1 1 1 1 1 1 1 1 1 1 1 1 1 1 1 1 1 1 1 1 1 1 1 1 1 1 1 1 1 1 1 1 1 1 1 2 2 2 2 1 1 1 1 1 1 1 1 1 1 1 1 2 2 2 2 1 1 1 1 2 2 2 2 2 2 2 2 2 2 1 1 1 1 1 2 2 2 2 1 1 1 1 1 1 1 2 2 2 2 1 1 1 1 1 1 1 1 1 1 1 1 2 2 2 2 1 1 1 1 1 1 1 2 2 2 2 1 1 1 1 1 1 1 1 1 1 1 1 1 1 1 1 1 1 1 1 1 2 2 2 2 2 2 2 2 2 2 2 2 2 2 2 2 2 2 2 2 2 2 2 2 2 2 1 1 1 3 1 1 4 3 1 2 3 2 2 3 2 3 1 2 2 2 4 2 2 2 3 3 2 2 3 2 3 1 1 2 2 1 2 2 2 3 2 2 3 2 2 2 3 3 2 2 2 3 2 2 3 1 3 2 4 3 1 2 1 1 1 2 2 3 3 3 2 3 1 2 2 2 4 2 2 2 3 3 2 2 3 2 1 1 1 2 2 2 3 2 2 2 2 2 3 2 3 2 2 2 2 2 2 2 2 2 2 2 2 2 2 2 2 2 3 2 2 2 2 2 2 2 2 2 2 3 2 2 2 2 2 2 2 3 2 2 2 3 2 2 2 2 2 2 2 2 2 2 2 2 2 2 2 3 2 2 2 2 2 2 3 2 3 2 2 2 2 2 2 1 1 1 1 1 1 1 1 1 1 1 1 1 1 1 1 1 1 1 1 1 1 1 1 1 1 1 1 1 1 1 1 1 1 1 1 1 1 1 1 1 1 1 1 1 1 1 1 1 1 1 1 1 1 1 1 1 1 1 1 2 2 1 1 2 1 2 1 2 2 1 1 1 1 1 1 1 1 1 1 1 1 1 1 1 1 1 1 1 1 1 1 1 1 1 1 1 1 1 1 1 1 1 1 1 2 2 2 2 2 2 2 1 1 1 1 1 1 1 1 1 1 1 2 1 1 2 2 2 2 2 1 1 1 1 2 2 1 1 1 1 1 1 1 1 1 1 1 1 1 1 1 2 2 2 2 2 2 2 2 1 1 1 1 1 1 1 1 1 1 1 1 1 1 1 1 1 1 1 1 1 1 1 1 1 1 1 1 1 1 1 1 1 1 1 1 1 1 1 1 1 1 1 1 1 1 1 1 1 1 1 1 1 1 1 1 1 1 1 1 1 1 1 1 1 1 1 1 1 1 1 2 2 1 2 2 2 2 2 2 2 2 2 2 2 2 3 2 2 1 2 2 2 2 2 2 1 2 2 2 1 1 1 1 1 1 1 1 1 1 1 1 2 2 1 2 2 2 2 2 3 2 2 1 1 1 1 2 2 2 2 2 2 2 3 2 2 2 1 2 1 1 1 1 1 1 1 1 1 2 2 1 1 2 1 1 2 1 2 2 2 2 2 3 2 2 1 1 1 1 2 2 2 1 2 1 1 1 1 1 1 1 1 2 2 1 1 1 1 1 1 2 1 1 2 1 1 1 1 1 1 1 1 2 2 2 2 1 2 1 2 1 2 2 1 2 1 1 1 1 1 1 1 1 1 1 1 1 1 1 1 1 1 1 1 1 1 1 1 1 1 1 1 1 1 1 1 1 1 1 1 1 1 1 1 1 1 1 1 1 1 1 1 1 1 1 1 1 1 1 1 1 1 1 1 1 1 1 1 1 1 1 1 1 1 1 1 1 1 1 1 1 1 1 2 2 2 1 2 1 1 1 1 1 1 1 1 2 2 1 1 1 1 1 1 2 1 1 1 1 1 1 1 1 1 1 2 2 2 2 1 2 1 2 1 2 2 2 1 1 1 2 1 1 1 1 2 2 2 2 1 1 1 1 2 2 2 2 1 1 1 1 1 1 1 1 1 1 1 1 1 1 1 1 1 1 1 1 1 1 1 1 1 1 1 1 1 2 1 2 2 1 1 1 1 1 1 1 1 1 1 1 1 1 2 2 1 1 1 1 2 2 2 2 2 2 2 2 2 2 2 2 2 2 2 2 2 2 2 2 2 2 2 2 2 2 2 2 2 2 2 2 1 2 1 2 1 1 1 1 1 1 1 1 1 1 1 1 1 2 1 2 1 1 1 1 1 1 1 1 1 1 1 1 1 2 1 2 1 1 1 1 2 2 1 1 1 1 1 1 1 1 2 2 1 1 2 2 2 2 1 3 3 3 2 1 3 2 1 1 1 3 1 3 1 2 3 1 2 2 2 2 2 2 2 1 2 3 2 3 1 2 1 2 1 1 2 3 1 1 2 2 1 1 1 2 1 3 3 2 1 3 2 3 3 3 1 2 2 2 3 1 2 1 3 2 2 3 3 3 2 3 2 2 2 2 3 2 2 2 1 1 1 1 1 1 2 2 2 3 3 3 3 3 3 3 3 2 3 2 2 2 2 3 2 2 2 1 1 1 1 1 1 2 2 2 3 3 3 3 3 2 2 2 2 2 2 2 2 2 2 3 2 2 2 2 2 3 2 2 2 2 2 2 2 2 2 2 2 2 2 3 2 2 2 2 2 2 2 2 2 2 2 2 2 3 2 2 2 2 2 2 2 2 2 2 3 2 2 2 2 2 1 1 1 1 1 1 1 2 2 1 2 1 1 2 2 1 1 1 2 1 1 1 1 1 2 2 1 1 1 2 2 2 1 1 1 1 1 1 1 2 1 1 1 1 2 2 1 1 1 1 1 1 1 1 1 1 1 1 1 1 2 2 1 2 2 2 2 2 2 1 1 1 1 1 1 1 1 1 1 1 1 1 1 1 1 1 1 1 1 1 1 1 1 1 1 1 1 1 1 1 1 1 1 1 1 1 1 1 1 1 1 1 1 1 1 1 1 1 1 1 1 1 1 1 1 1 1 1 1 1 1 1 1 1 1 1 1 1 1 1 1 1 1 1 1 1 1 1 1 1 1 1 1 1 1 1 1 1 1 1 1 1 1 2 2 1 1 1 1 2 1 1 2 2 1 2 1 1 1 1 1 1 1 2 1 2 1 1 1 1 2 1 1 2 2 1 2 1 1 1 1 1 1 1</vcount>
          <v>5 1 15 2 5 3 15 4 5 5 15 6 5 7 15 8 5 9 15 10 5 11 15 12 5 13 15 14 5 15 15 16 5 17 15 18 5 19 15 20 5 21 15 22 5 23 15 24 5 25 15 26 5 27 15 28 5 29 15 30 5 31 15 32 5 33 15 34 5 35 15 36 5 37 15 38 5 39 15 40 5 41 15 42 5 43 15 44 5 45 15 46 5 47 15 48 5 49 15 50 5 51 15 52 5 53 15 54 5 55 15 56 5 57 15 58 5 59 15 60 5 61 15 62 5 63 15 64 5 65 15 66 5 67 15 68 12 0 12 0 11 69 12 70 11 71 12 72 11 73 12 74 11 75 12 76 11 77 12 78 11 79 12 80 11 81 12 82 11 83 12 84 11 85 12 86 11 87 12 88 11 0 11 0 11 0 11 0 11 0 11 0 11 0 11 0 11 0 11 0 11 0 11 0 11 0 11 0 11 0 11 0 11 89 12 90 11 91 12 92 11 93 12 94 11 95 12 96 11 97 12 98 11 99 12 100 11 101 12 102 11 103 12 104 11 105 12 106 11 107 12 108 12 0 12 0 13 0 13 0 13 0 13 0 13 0 13 0 13 0 13 109 14 110 13 111 14 112 13 113 14 114 13 115 14 116 13 117 14 118 13 119 14 120 13 121 14 122 13 123 14 124 13 125 14 126 13 127 14 128 14 0 14 0 14 0 13 129 14 130 13 131 14 132 13 133 14 134 13 135 14 136 13 137 14 138 13 139 14 140 13 141 14 142 13 143 14 144 13 145 14 146 13 147 14 148 13 0 13 0 13 0 13 0 13 0 13 0 13 0 13 0 13 0 13 0 13 0 13 0 13 0 13 0 13 0 13 0 13 149 14 150 13 151 14 152 13 153 14 154 13 155 14 156 13 157 14 158 13 159 14 160 13 161 14 162 13 163 14 164 13 165 14 166 13 167 14 168 14 0 14 0 11 169 12 170 12 0 11 171 12 172 11 173 12 174 11 175 12 176 11 177 12 178 11 179 12 180 11 181 12 182 11 183 12 184 11 185 12 186 11 187 12 188 11 0 11 0 11 0 11 0 11 0 11 0 11 0 18 0 16 189 18 190 18 0 16 191 18 192 18 0 16 193 18 194 18 0 18 0 16 195 18 196 18 0 18 0 18 0 18 0 18 0 18 0 18 0 18 0 16 197 18 198 18 0 18 0 18 0 16 199 18 200 16 201 18 202 16 203 18 204 18 0 18 0 16 205 18 206 16 207 18 208 16 209 18 210 16 211 18 212 16 213 18 214 16 215 18 216 18 0 16 217 18 218 16 219 18 220 16 221 18 222 16 223 18 224 16 225 18 226 16 227 18 228 18 0 18 0 16 229 18 230 16 231 18 232 16 233 18 234 18 0 18 0 18 0 16 235 18 236 16 237 18 238 16 239 18 240 18 0 18 0 16 241 18 242 18 0 18 0 16 243 18 244 16 245 18 246 18 0 18 0 18 0 18 0 18 0 18 0 18 0 18 0 11 0 11 0 11 0 11 0 11 0 11 0 11 0 11 0 11 0 11 0 11 0 11 0 11 0 11 0 11 0 11 0 11 0 11 0 11 0 11 0 11 0 11 0 11 0 11 0 11 0 11 0 11 0 11 0 11 0 11 0 11 0 11 0 11 0 11 0 11 0 11 0 11 0 11 0 11 0 11 0 11 0 11 0 11 0 11 0 11 0 13 0 13 0 13 0 13 0 13 0 13 0 13 0 13 0 13 0 13 0 13 0 13 0 13 0 13 0 13 0 13 0 13 0 13 0 13 0 13 0 13 0 13 0 13 0 13 0 13 0 13 0 13 0 13 0 13 0 13 0 13 0 13 0 13 0 13 0 13 0 13 0 13 0 13 0 13 0 13 0 13 0 13 0 13 0 13 0 13 0 11 0 11 0 11 0 11 0 11 0 11 0 11 0 11 0 13 0 13 0 13 0 13 0 13 0 13 0 13 0 13 0 5 247 15 248 5 249 15 250 5 251 15 252 5 253 15 254 5 255 15 256 15 257 16 258 18 259 15 260 16 261 18 262 15 263 16 264 18 265 5 266 15 267 15 268 16 269 18 270 15 271 16 272 18 273 15 274 16 275 18 276 5 277 15 278 5 279 15 280 15 281 16 282 18 283 15 284 16 285 18 286 5 287 15 288 5 289 15 290 15 291 16 292 18 293 16 294 18 295 15 296 16 297 18 298 15 299 16 300 18 301 15 302 16 303 18 304 15 305 16 306 27 307 15 308 16 309 27 310 18 311 15 312 16 313 18 314 16 315 18 316 16 317 18 318 16 319 18 320 16 321 18 322 16 323 18 324 16 325 27 326 18 327 16 328 27 329 18 330 16 331 18 332 15 333 16 334 27 335 18 336 16 337 27 338 18 339 15 340 16 341 27 342 16 343 27 344 18 345 16 346 27 347 18 348 16 349 18 350 16 351 27 352 18 353 16 354 27 355 18 356 16 357 18 358 18 0 16 359 27 360 18 361 15 362 16 363 27 364 18 365 18 0 18 0 15 366 16 367 27 368 18 369 18 0 18 0 15 370 16 371 18 372 15 373 16 374 27 375 15 376 16 377 27 378 15 379 16 380 18 381 15 382 16 383 18 384 15 385 16 386 27 387 15 388 16 389 27 390 15 391 16 392 15 393 16 394 5 395 15 396 5 397 15 398 5 399 15 400 16 401 5 402 15 403 5 404 15 405 15 406 16 407 18 408 5 409 15 410 16 411 5 412 15 413 5 414 15 415 15 416 16 417 18 418 5 419 15 420 15 421 16 422 18 423 15 424 16 425 18 426 15 427 16 428 18 429 15 430 16 431 18 432 15 433 16 434 18 435 15 436 16 437 18 438 5 439 15 440 16 441 15 442 16 443 18 444 5 445 15 446 16 447 5 448 15 449 5 450 15 451 5 452 15 453 5 454 15 455 15 456 16 457 5 458 15 459 5 460 15 461 15 462 16 463 18 464 5 465 15 466 5 467 15 468 15 469 16 470 18 471 18 0 18 0 15 472 16 473 18 474 18 0 18 0 15 475 16 476 34 477 18 478 16 479 34 480 18 481 16 482 18 483 16 484 18 485 16 486 34 487 18 488 16 489 34 490 18 491 16 492 18 493 15 494 16 495 34 496 18 497 16 498 34 499 18 500 16 501 34 502 18 503 16 504 34 505 18 506 15 507 16 508 34 509 15 510 16 511 34 512 15 513 16 514 34 515 15 516 16 517 34 518 15 519 16 520 34 521 15 522 16 523 15 524 16 525 34 526 15 527 16 528 34 529 18 530 15 531 16 532 18 533 15 534 16 535 18 536 15 537 16 538 34 539 18 540 5 541 15 542 5 543 15 544 5 545 15 546 5 547 15 548 5 549 15 550 15 551 16 552 18 553 15 554 16 555 18 556 15 557 16 558 18 559 15 560 16 561 18 562 15 563 16 564 18 565 15 566 16 567 18 568 15 569 16 570 18 571 15 572 16 573 18 574 15 575 16 576 18 577 15 578 16 579 18 580 16 581 18 582 15 583 16 584 18 585 16 586 18 587 16 588 18 589 16 590 18 591 16 592 18 593 16 594 18 595 16 596 34 597 18 598 16 599 34 600 18 601 5 602 15 603 5 604 15 605 5 606 7 607 15 608 5 609 15 610 5 611 7 612 8 613 5 614 7 615 15 616 5 617 15 618 5 619 7 620 8 621 5 622 7 623 15 624 5 625 15 626 5 627 7 628 5 629 7 630 8 631 5 632 7 633 8 634 7 635 8 636 5 637 7 638 9 639 5 640 15 641 7 642 8 643 7 644 8 645 7 646 8 647 5 648 7 649 8 650 7 0 5 651 7 652 8 653 5 654 15 655 5 656 15 657 7 0 5 658 7 659 9 660 5 661 15 662 7 663 9 664 5 665 7 666 9 667 5 668 15 669 5 670 15 671 7 672 9 673 5 674 7 675 9 676 5 677 15 678 7 679 9 680 5 681 9 682 10 683 5 684 15 685 7 686 9 687 9 0 7 688 9 689 7 690 9 691 5 692 7 693 9 694 9 0 5 695 7 696 9 697 5 698 7 699 9 700 5 701 7 702 5 703 7 704 9 705 5 706 7 707 9 708 5 709 7 710 9 711 5 712 9 713 15 714 5 715 15 716 5 717 15 718 5 719 9 720 15 721 5 722 15 723 5 724 9 725 5 726 9 727 15 728 5 729 9 730 5 731 9 732 10 733 5 734 15 735 5 736 15 737 5 738 15 739 5 740 9 741 10 742 5 743 9 744 10 745 9 746 10 747 5 748 9 749 10 750 9 751 10 752 9 753 10 754 5 755 9 756 10 757 9 758 10 759 9 760 10 761 9 762 10 763 5 764 9 765 10 766 5 767 15 768 10 0 5 769 8 770 10 771 5 772 15 773 5 774 9 775 10 776 5 777 8 778 10 779 5 780 15 781 5 782 15 783 8 784 10 785 5 786 8 787 10 788 5 789 15 790 8 791 10 792 5 793 7 794 8 795 5 796 15 797 5 798 7 799 8 800 8 801 10 802 8 0 7 803 8 804 7 805 8 806 8 807 10 808 7 809 8 810 7 811 8 812 8 0 5 813 7 814 8 815 5 816 7 817 8 818 5 819 7 820 8 821 8 822 10 823 5 824 8 825 10 826 8 827 10 828 5 829 8 830 10 831 10 0 5 832 8 833 10 834 5 835 10 836 5 837 9 838 10 839 5 840 10 841 5 842 10 843 15 844 5 845 10 846 15 847 5 848 15 849 5 850 8 851 10 852 5 853 10 854 15 855 5 856 15 857 5 858 15 859 5 860 8 861 10 862 5 863 8 864 10 865 5 866 15 867 5 868 8 869 10 870 5 871 8 872 15 873 5 874 15 875 5 876 8 877 5 878 8 879 5 880 7 881 8 882 5 883 8 884 15 885 5 886 15 887 5 888 8 889 15 890 5 891 15 892 5 893 15 894 18 0 18 0 18 0 18 0 18 0 18 0 18 0 18 0 18 0 18 0 18 0 18 0 18 895 20 896 18 897 20 898 18 0 18 899 20 900 18 901 20 902 18 903 20 904 18 905 20 906 18 907 20 908 18 909 20 910 18 911 20 912 18 913 20 914 18 915 20 916 18 917 20 918 18 919 20 920 18 921 20 922 18 923 20 924 18 925 20 926 18 927 20 928 18 929 20 930 18 931 20 932 20 0 20 0 18 933 20 934 20 0 20 0 20 0 20 0 20 0 20 0 20 0 20 0 20 0 18 935 20 936 18 937 20 938 20 0 20 0 20 0 20 0 20 0 20 0 20 0 20 0 20 0 18 939 20 940 18 941 20 942 18 943 20 944 18 945 20 946 18 947 20 948 18 949 20 950 18 951 20 952 18 953 20 954 18 955 20 956 18 957 20 958 18 959 20 960 18 961 20 962 18 963 20 964 18 965 20 966 18 967 20 968 18 969 20 970 18 971 20 972 18 973 20 974 18 975 20 976 18 977 20 978 18 979 20 980 18 0 18 981 20 982 18 983 20 984 18 0 18 0 18 0 18 0 18 0 18 0 18 0 18 0 18 0 18 0 18 0 18 0 18 0 18 0 18 0 18 0 18 0 18 0 18 0 18 0 18 0 18 0 18 0 18 0 18 0 18 0 18 0 18 0 18 0 18 0 18 0 18 0 18 985 20 986 18 987 20 988 18 0 18 989 20 990 18 991 20 992 18 993 20 994 18 995 20 996 18 997 20 998 18 999 20 1000 18 1001 20 1002 18 1003 20 1004 18 1005 20 1006 18 1007 20 1008 18 1009 20 1010 18 1011 20 1012 18 1013 20 1014 18 1015 20 1016 18 1017 20 1018 18 1019 20 1020 18 1021 20 1022 18 1023 20 1024 18 1025 20 1026 18 1027 20 1028 18 1029 20 1030 18 1031 20 1032 18 1033 20 1034 18 1035 20 1036 18 1037 20 1038 18 1039 20 1040 18 0 18 1041 20 1042 18 1043 20 1044 18 1045 20 1046 18 1047 20 1048 18 0 18 1049 20 1050 18 1051 20 1052 18 1053 20 1054 18 1055 20 1056 18 1057 20 1058 18 1059 20 1060 18 1061 20 1062 18 1063 20 1064 18 1065 20 1066 18 0 18 0 18 0 18 0 18 0 18 0 18 0 18 0 18 0 18 0 18 0 18 0 18 0 18 0 18 0 18 0 18 0 18 0 18 0 18 0 18 0 18 0 18 0 18 0 18 0 18 0 18 0 18 0 18 0 18 0 18 0 18 0 18 0 18 0 18 0 18 0 18 0 18 0 18 0 18 0 18 0 18 0 18 0 18 0 18 0 18 0 18 0 18 0 18 0 18 0 18 0 18 0 18 0 5 1067 15 1068 5 0 5 1069 15 1070 5 1071 15 1072 5 1073 15 1074 5 1075 15 1076 5 0 5 1077 15 1078 5 1079 15 1080 5 0 5 1081 15 1082 5 1083 15 1084 5 0 5 0 5 1085 15 1086 5 1087 15 1088 5 1089 15 1090 26 0 26 0 26 0 26 0 26 0 26 0 26 0 26 0 26 1091 27 1092 26 0 26 1093 27 1094 26 1095 27 1096 26 0 26 1097 27 1098 16 1099 26 1100 27 1101 26 1102 27 1103 16 1104 26 1105 27 1106 16 1107 26 1108 27 1109 26 1110 27 1111 16 1112 26 1113 27 1114 15 1115 16 1116 27 1117 15 1118 16 1119 27 1120 16 1121 26 1122 27 1123 16 1124 26 1125 27 1126 15 1127 16 1128 27 1129 18 1130 26 1131 27 1132 16 1133 26 1134 27 1135 16 1136 26 1137 27 1138 16 1139 27 1140 18 1141 26 1142 27 1143 16 1144 26 1145 27 1146 16 1147 27 1148 18 1149 16 1150 26 1151 27 1152 26 1153 27 1154 16 1155 26 1156 27 1157 16 1158 27 1159 18 1160 16 1161 26 1162 27 1163 16 1164 26 1165 27 1166 15 1167 16 1168 27 1169 18 1170 15 1171 16 1172 27 1173 16 1174 26 1175 27 1176 16 1177 26 1178 27 1179 15 1180 16 1181 27 1182 16 1183 26 1184 27 1185 16 1186 26 1187 27 1188 16 1189 26 1190 27 1191 26 1192 27 1193 26 1194 27 1195 26 1196 27 1197 26 1198 27 1199 26 1200 27 1201 26 1202 27 1203 26 1204 27 1205 26 1206 27 1207 26 0 26 0 26 0 26 1208 27 1209 26 0 26 0 26 0 26 0 26 0 26 0 26 0 26 0 26 0 26 0 26 0 26 0 26 0 26 0 26 0 33 0 33 0 33 0 33 0 33 0 33 0 33 0 33 0 33 1210 34 1211 33 0 33 1212 34 1213 33 1214 34 1215 33 0 33 1216 34 1217 16 1218 33 1219 34 1220 33 1221 34 1222 16 1223 33 1224 34 1225 16 1226 33 1227 34 1228 33 1229 34 1230 16 1231 33 1232 34 1233 15 1234 16 1235 34 1236 15 1237 16 1238 34 1239 16 1240 33 1241 34 1242 16 1243 33 1244 34 1245 15 1246 16 1247 34 1248 18 1249 33 1250 34 1251 16 1252 33 1253 34 1254 16 1255 33 1256 34 1257 16 1258 34 1259 18 1260 33 1261 34 1262 16 1263 33 1264 34 1265 16 1266 34 1267 18 1268 16 1269 33 1270 34 1271 33 1272 34 1273 16 1274 33 1275 34 1276 16 1277 34 1278 18 1279 16 1280 33 1281 34 1282 16 1283 33 1284 34 1285 15 1286 16 1287 34 1288 18 1289 15 1290 16 1291 34 1292 16 1293 33 1294 34 1295 16 1296 33 1297 34 1298 15 1299 16 1300 34 1301 16 1302 33 1303 34 1304 16 1305 33 1306 34 1307 16 1308 33 1309 34 1310 33 1311 34 1312 33 1313 34 1314 33 1315 34 1316 33 1317 34 1318 33 1319 34 1320 33 1321 34 1322 33 1323 34 1324 33 1325 34 1326 33 0 33 0 33 0 33 1327 34 1328 33 0 33 0 33 0 33 0 33 0 33 0 33 0 33 0 33 0 33 0 33 0 33 0 33 0 33 0 33 0 18 0 18 0 18 0 18 0 18 0 18 0 18 0 18 0 18 0 18 0 18 0 18 0 18 0 18 0 18 0 18 0 18 0 18 0 18 0 18 0 18 0 18 0 18 0 18 0 18 0 18 0 18 0 18 0 18 0 18 0 18 0 18 0 18 0 18 0 18 0 18 0 18 0 18 0 18 0 18 0 18 0 18 0 18 0 18 0 18 0 18 0 18 0 18 0 18 0 18 0 18 0 18 0 18 0 18 0 18 0 18 0 18 0 18 0 18 0 18 0 18 0 18 0 18 0 18 0 18 0 18 0 18 0 18 0 18 0 18 0 18 0 18 0 18 0 18 0 18 0 18 0 18 0 18 0 18 0 18 0 18 0 18 0 18 0 18 0 18 0 18 0 18 0 18 0 18 0 18 0 18 0 18 0 18 0 18 0 18 0 18 0 18 0 18 0 18 0 18 0 18 0 18 0 18 0 18 0 18 0 18 0 18 0 18 0 18 0 18 0 18 0 18 0 18 0 18 0 18 0 18 0 18 0 18 0 18 0 18 0 18 0 18 0 18 0 18 0 18 0 18 0 18 0 18 0 5 1329 15 1330 5 1331 15 1332 5 1333 15 1334 5 1335 15 1336 5 1337 15 1338 5 1339 15 1340 5 1341 15 1342 5 1343 15 1344 5 1345 15 1346 5 1347 15 1348 5 1349 15 1350 5 1351 15 1352 5 1353 15 1354 5 1355 15 1356 5 1357 15 1358 5 1359 15 1360 5 1361 15 1362 5 1363 15 1364 5 1365 15 1366 5 1367 15 1368 5 1369 15 1370 5 1371 15 1372 5 1373 15 1374 5 1375 15 1376 5 1377 15 1378 5 1379 15 1380 18 0 18 0 18 0 18 0 18 0 18 0 18 0 18 0 18 0 18 0 18 0 18 0 18 0 18 0 18 0 18 0 18 0 18 0 18 0 18 0 18 0 18 0 18 0 18 0 18 0 11 0 11 0 11 0 11 0 11 0 11 0 11 0 11 0 11 0 11 0 11 0 11 0 11 0 11 0 11 0 11 0 11 0 11 0 11 0 11 1381 12 1382 11 1383 12 1384 11 1385 12 1386 11 0 11 0 11 1387 12 1388 11 1389 12 1390 11 1391 12 1392 11 0 11 0 11 0 11 0 11 0 11 0 11 1393 12 1394 11 0 11 0 11 0 11 0 11 0 11 0 11 0 11 1395 12 1396 11 1397 12 1398 11 1399 12 1400 11 1401 12 1402 11 1403 12 1404 11 1405 12 1406 11 1407 12 1408 11 0 11 1409 12 1410 11 1411 12 1412 11 1413 12 1414 11 0 11 1415 12 1416 11 1417 12 1418 11 1419 12 1420 11 1421 12 1422 11 1423 12 1424 11 1425 12 1426 11 1427 12 1428 11 1429 12 1430 11 1431 12 1432 12 0 12 0 11 1433 12 1434 11 1435 12 1436 11 1437 12 1438 11 1439 12 1440 12 0 11 1441 12 1442 11 1443 12 1444 11 1445 12 1446 11 1447 12 1448 11 1449 12 1450 11 1451 12 1452 11 1453 12 1454 11 1455 12 1456 11 1457 12 1458 11 1459 12 1460 11 1461 12 1462 11 1463 12 1464 11 1465 12 1466 11 1467 12 1468 11 1469 12 1470 11 1471 12 1472 11 1473 12 1474 11 1475 12 1476 11 1477 12 1478 12 0 12 0 12 0 12 0 12 0 12 0 11 1479 12 1480 13 0 13 0 13 0 13 0 13 0 13 0 13 0 13 0 13 0 13 0 13 0 13 0 13 0 13 0 13 0 13 0 13 1481 14 1482 13 1483 14 1484 13 1485 14 1486 13 0 13 1487 14 1488 13 1489 14 1490 13 1491 14 1492 13 0 13 1493 14 1494 13 0 13 0 13 0 13 0 13 0 13 1495 14 1496 13 0 13 0 13 0 13 0 13 0 13 0 13 0 13 0 13 0 13 0 13 0 13 1497 14 1498 13 1499 14 1500 13 1501 14 1502 13 1503 14 1504 13 1505 14 1506 13 1507 14 1508 13 1509 14 1510 13 0 13 1511 14 1512 13 1513 14 1514 13 1515 14 1516 13 0 13 1517 14 1518 13 1519 14 1520 13 1521 14 1522 13 1523 14 1524 13 1525 14 1526 13 1527 14 1528 13 1529 14 1530 13 1531 14 1532 13 1533 14 1534 14 0 14 0 13 1535 14 1536 13 1537 14 1538 13 1539 14 1540 13 1541 14 1542 14 0 13 1543 14 1544 13 1545 14 1546 14 0 14 0 14 0 14 0 14 0 13 1547 14 1548 14 0 13 1549 14 1550 13 1551 14 1552 13 1553 14 1554 13 1555 14 1556 13 1557 14 1558 13 1559 14 1560 13 1561 14 1562 13 1563 14 1564 13 1565 14 1566 13 1567 14 1568 13 1569 14 1570 13 1571 14 1572 13 1573 14 1574 13 1575 14 1576 13 1577 14 1578 13 1579 14 1580 18 0 18 0 18 0 18 0 18 0 18 0 18 0 18 0 18 0 18 0 18 0 18 0 18 0 18 0 18 0 18 0 18 0 18 0 18 0 18 0 18 0 18 0 18 0 18 0 18 0 18 0 18 0 18 0 18 0 18 0 18 0 18 0 18 0 18 0 18 0 18 0 18 0 18 0 18 0 18 0 18 0 18 0 18 0 18 0 18 0 18 0 18 0 18 0 18 0 18 0 18 0 18 0 18 0 18 0 18 0 18 0 18 0 18 0 18 0 18 0 18 0 18 0 18 0 18 0 18 0 18 0 18 0 18 0 12 0 12 0 12 0 12 0 11 1581 12 1582 11 1583 12 1584 11 1585 12 1586 11 1587 12 1588 11 0 11 0 11 0 11 0 11 0 11 0 11 0 11 0 11 0 11 0 11 0 11 0 11 1589 12 1590 11 1591 12 1592 11 1593 12 1594 11 1595 12 1596 12 0 12 0 12 0 12 0 5 1597 15 1598 5 1599 15 1600 5 1601 15 1602 5 1603 15 1604 5 1605 15 1606 5 1607 15 1608 5 1609 15 1610 5 1611 15 1612 5 1613 15 1614 5 1615 15 1616 13 0 13 0 13 0 13 0 13 0 13 1617 14 1618 13 1619 14 1620 13 1621 14 1622 13 1623 14 1624 14 0 14 0 14 0 14 0 14 0 14 0 14 0 13 1625 14 1626 13 1627 14 1628 13 1629 14 1630 13 1631 14 1632 13 0 13 0 13 0 13 0 13 0 13 0 13 0 13 0 13 0 13 0 13 0 13 0 13 1633 14 1634 13 1635 14 1636 13 1637 14 1638 13 1639 14 1640 14 0 14 0 14 0 14 0 12 0 12 0 12 0 11 1641 12 1642 11 1643 12 1644 11 1645 12 1646 11 1647 12 1648 11 0 11 0 11 0 11 0 11 0 18 0 18 0 18 0 18 0 18 0 18 0 18 0 18 0 18 0 18 0 18 0 18 0 18 0 18 0 18 0 18 0 5 1649 15 1650 5 1651 15 1652 5 1653 15 1654 5 1655 15 1656 5 1657 15 1658 5 1659 15 1660 5 1661 15 1662 5 1663 15 1664 5 1665 15 1666 5 1667 15 1668 5 1669 15 1670 5 1671 15 1672 5 1673 15 1674 5 1675 15 1676 5 1677 15 1678 5 1679 15 1680 5 1681 15 1682 5 1683 15 1684 5 1685 15 1686 5 1687 15 1688 5 1689 15 1690 5 1691 15 1692 5 1693 15 1694 5 1695 15 1696 5 1697 15 1698 5 1699 15 1700 18 0 18 0 18 0 16 1701 27 1702 18 1703 18 0 18 0 15 1704 16 1705 27 1706 18 1707 15 1708 16 1709 18 1710 18 0 16 1711 27 1712 15 1713 16 1714 27 1715 16 1716 27 1717 16 1718 27 1719 16 1720 27 1721 18 1722 16 1723 27 1724 16 1725 27 1726 18 1727 18 0 16 1728 27 1729 16 1730 18 1731 16 1732 18 1733 15 1734 16 1735 27 1736 18 1737 16 1738 27 1739 16 1740 18 1741 16 1742 18 1743 15 1744 16 1745 18 1746 15 1747 16 1748 18 1749 15 1750 16 1751 15 1752 16 1753 15 1754 16 1755 27 1756 16 1757 27 1758 15 1759 16 1760 27 1761 15 0 15 0 5 1762 15 1763 5 1764 15 1765 15 0 5 1766 15 1767 5 1768 15 1769 5 1770 15 1771 15 1772 16 1773 27 1774 15 1775 16 1776 5 1777 15 1778 15 1779 16 1780 18 1781 15 1782 16 1783 5 1784 15 1785 5 1786 15 1787 5 1788 15 1789 16 1790 15 1791 16 1792 18 1793 15 1794 16 1795 5 1796 15 1797 5 1798 15 1799 15 1800 16 1801 18 1802 15 1803 16 1804 5 1805 15 1806 15 1807 16 1808 18 1809 18 0 15 1810 16 1811 34 1812 5 1813 15 1814 15 1815 16 1816 34 1817 18 1818 16 1819 34 1820 18 1821 18 0 16 1822 34 1823 18 0 18 0 18 0 16 1824 34 1825 16 1826 34 1827 15 1828 16 1829 34 1830 15 1831 16 1832 34 1833 16 1834 34 1835 18 1836 16 1837 34 1838 16 1839 34 1840 18 1841 18 0 16 1842 34 1843 16 1844 18 1845 16 1846 18 1847 15 1848 16 1849 34 1850 18 1851 16 1852 34 1853 16 1854 18 1855 16 1856 18 1857 15 1858 16 1859 18 1860 15 1861 16 1862 18 1863 15 1864 16 1865 15 1866 16 1867 15 1868 16 1869 34 1870 16 1871 34 1872 15 0 15 0 15 0 5 1873 15 1874 5 1875 15 1876 5 1877 15 1878 5 1879 7 1880 8 1881 5 1882 15 1883 5 1884 15 1885 5 1886 7 1887 5 1888 15 1889 5 1890 7 1891 5 1892 7 1893 8 1894 5 1895 7 1896 5 1897 7 1898 9 1899 5 1900 15 1901 5 1902 7 1903 7 1904 8 1905 7 1906 8 1907 7 1908 9 1909 7 1910 8 1911 7 1912 8 1913 5 1914 15 1915 5 1916 15 1917 5 1918 15 1919 7 1920 9 1921 5 1922 15 1923 7 1924 9 1925 7 1926 9 1927 7 1928 9 1929 5 1930 15 1931 7 1932 9 1933 5 1934 7 1935 9 1936 9 1937 10 1938 5 1939 15 1940 5 1941 9 1942 5 1943 9 1944 5 1945 15 1946 5 1947 9 1948 5 1949 9 1950 5 1951 15 1952 5 1953 9 1954 5 1955 15 1956 5 1957 9 1958 10 1959 5 1960 15 1961 5 1962 10 1963 5 1964 15 1965 5 1966 15 1967 5 1968 10 1969 5 1970 15 1971 5 1972 10 1973 5 1974 8 1975 10 1976 5 1977 15 1978 5 1979 10 1980 5 1981 10 1982 5 1983 9 1984 10 1985 8 1986 10 1987 9 1988 10 1989 9 1990 10 1991 9 1992 10 1993 9 1994 10 1995 5 1996 15 1997 5 1998 15 1999 9 2000 10 2001 5 2002 15 2003 8 2004 10 2005 5 2006 15 2007 8 2008 10 2009 8 2010 10 2011 8 2012 10 2013 5 2014 15 2015 5 2016 8 2017 10 2018 5 2019 8 2020 8 2021 10 2022 5 2023 8 2024 5 2025 8 2026 5 2027 8 2028 5 2029 15 2030 5 2031 7 2032 8 2033 5 2034 15 2035 5 2036 7 2037 8 2038 7 2039 8 2040 7 2041 8 2042 7 2043 8 2044 7 2045 8 2046 5 2047 15 2048 5 2049 15 2050 11 0 11 0 11 0 11 0 11 0 11 0 11 0 11 0 11 0 11 0 11 0 11 0 11 0 11 0 11 0 11 0 11 0 11 0 11 0 11 0 11 0 11 0 13 0 13 0 13 0 13 0 13 0 13 0 13 0 13 0 13 0 13 0 13 0 13 0 13 0 13 0 13 0 13 0 13 0 13 0 13 0 13 0 13 0 13 0 18 0 18 0 18 0 18 0 18 0 18 0 18 0 18 0 18 0 18 0 18 0 18 0 18 0 18 0 18 0 18 0 16 2051 18 2052 16 2053 18 2054 18 0 18 0 16 2055 18 2056 18 0 16 2057 18 2058 18 0 16 2059 18 2060 16 2061 18 2062 18 0 18 0 18 0 18 0 18 0 18 0 18 0 18 0 18 0 18 0 18 0 18 0 18 0 18 0 18 0 18 0 18 0 18 0 18 0 18 0 18 0 18 0 18 0 18 0 18 0 18 0 18 0 18 0 18 0 18 0 18 0 18 0 18 0 18 0 18 0 18 2063 20 2064 18 2065 20 2066 18 2067 20 2068 18 2069 20 2070 18 2071 20 2072 18 2073 20 2074 18 2075 20 2076 20 0 20 0 20 0 20 0 20 0 20 0 20 0 20 0 20 0 20 0 20 0 18 2077 20 2078 20 0 20 0 18 2079 20 2080 18 2081 20 2082 18 2083 20 2084 18 2085 20 2086 18 2087 20 2088 18 0 18 0 18 0 18 0 18 2089 20 2090 18 2091 20 2092 18 0 18 0 18 0 18 0 18 0 18 0 18 0 18 0 18 0 18 0 18 0 18 0 18 0 18 0 18 0 18 2093 20 2094 18 2095 20 2096 18 2097 20 2098 18 2099 20 2100 18 2101 20 2102 18 2103 20 2104 18 2105 20 2106 18 2107 20 2108 20 0 20 0 20 0 20 0 20 0 20 0 20 0 18 0 18 0 18 0 18 0 18 0 18 0 18 0 18 0 18 0 18 0 18 0 18 0 18 0 18 0 18 0 18 0 18 0 18 0 18 0 18 0 18 0 18 0 18 0 18 0 18 0 18 0 18 0 18 0 18 0 18 0 18 0 18 0 18 0 18 0 18 0 18 0 18 0 18 0 18 0 18 0 18 0 18 0 18 0 18 0 18 0 18 0 18 0 18 0 18 0 18 0 18 0 18 0 18 0 18 0 18 0 18 0 18 0 18 0 18 0 18 0 18 0 18 0 18 0 18 0 5 2109 15 2110 5 2111 15 2112 5 0 5 2113 15 2114 5 2115 15 2116 5 2117 15 2118 5 2119 15 2120 5 2121 15 2122 5 2123 15 2124 5 2125 15 2126 5 2127 15 2128 5 2129 15 2130 5 2131 15 2132 26 2133 27 2134 26 2135 27 2136 15 2137 16 2138 27 2139 16 2140 27 2141 26 2142 27 2143 26 0 26 2144 27 2145 16 2146 27 2147 16 2148 27 2149 26 2150 27 2151 26 2152 27 2153 16 2154 27 2155 26 0 26 2156 27 2157 26 2158 27 2159 16 2160 27 2161 26 0 26 0 26 0 26 0 26 0 26 0 26 0 26 0 26 0 26 0 26 0 26 0 26 2162 27 2163 26 2164 27 2165 26 0 26 2166 27 2167 26 2168 27 2169 16 2170 27 2171 16 2172 27 2173 26 2174 27 2175 15 2176 16 2177 27 2178 26 2179 27 2180 26 2181 27 2182 26 0 26 0 26 0 26 0 16 2183 34 2184 16 2185 34 2186 33 2187 34 2188 16 2189 34 2190 33 2191 34 2192 16 2193 34 2194 33 2195 34 2196 15 2197 16 2198 34 2199 33 2200 34 2201 33 2202 34 2203 33 2204 34 2205 33 0 33 2206 34 2207 33 0 33 0 33 0 33 0 33 0 33 0 33 0 33 0 33 0 33 2208 34 2209 16 2210 34 2211 33 0 33 0 33 2212 34 2213 33 0 33 0 33 2214 34 2215 33 0 33 2216 34 2217 33 2218 34 2219 16 2220 34 2221 16 2222 34 2223 33 2224 34 2225 15 2226 16 2227 34 2228 33 2229 34 2230 33 2231 34 2232 33 0 33 0 33 0 33 0 11 2233 12 2234 11 2235 12 2236 11 2237 12 2238 11 0 11 2239 12 2240 12 0 11 0 11 0 12 0 12 0 11 0 11 0 11 0 11 2241 12 2242 11 2243 12 2244 12 0 11 0 12 0 11 0 11 0 11 0 11 2245 12 2246 11 0 11 0 11 2247 12 2248 11 0 11 0 11 0 11 0 11 0 11 0 11 0 11 0 11 2249 12 2250 11 2251 12 2252 11 2253 12 2254 11 2255 12 2256 11 0 11 2257 12 2258 12 0 11 2259 12 2260 12 0 11 2261 12 2262 11 2263 12 2264 12 0 11 2265 12 2266 12 0 12 0 18 0 18 0 18 0 18 0 18 0 18 0 18 0 18 0 18 0 18 0 18 0 18 0 18 0 18 0 18 0 18 0 18 0 18 0 18 0 18 0 18 0 18 0 18 0 18 0 18 0 18 0 18 0 18 0 18 0 18 0 18 0 18 0 18 0 18 0 18 0 18 0 18 0 18 0 18 0 18 0 18 0 18 0 18 0 18 0 18 0 18 0 18 0 18 0 18 0 18 0 18 0 18 0 18 0 18 0 18 0 18 0 18 0 18 0 18 0 18 0 18 0 18 0 18 0 18 0 18 0 18 0 18 0 18 0 18 0 18 0 18 0 18 0 18 0 18 0 18 0 18 0 13 2267 14 2268 13 2269 14 2270 13 2271 14 2272 13 0 13 2273 14 2274 14 0 13 0 13 0 14 0 14 0 13 0 13 0 13 0 13 2275 14 2276 13 2277 14 2278 14 0 13 0 14 0 13 0 13 0 13 0 13 2279 14 2280 13 0 13 0 13 0 13 0 13 0 13 0 13 0 13 0 13 0 13 0 13 2281 14 2282 13 2283 14 2284 13 2285 14 2286 13 2287 14 2288 13 0 13 2289 14 2290 14 0 13 2291 14 2292 14 0 13 2293 14 2294 13 2295 14 2296 13 2297 14 2298 14 0 14 0 14 0 13 2299 14 2300 18 0 18 0 18 0 18 0 5 2301 15 2302 5 2303 15 2304 5 2305 15 2306 5 2307 15 2308 11 0 11 0 11 0 11 0 5 2309 15 2310 5 2311 15 2312 5 2313 15 2314 5 2315 15 2316 13 0 13 0 13 0 13 0 18 0 18 0 18 0 18 0 18 0 18 0 18 0 18 0 18 0 18 0 18 0 18 0 18 0 18 0 18 0 18 0 18 0 18 0 18 0 18 0 18 0 18 0 18 0 18 0 18 0 16 2317 18 2318 18 0 16 2319 18 2320 16 2321 18 2322 18 0 18 0 18 0 18 0 18 0 18 0 18 0 18 0 18 0 12 0 12 0 12 0 12 0 11 2323 12 2324 11 2325 12 2326 11 0 11 0 11 0 11 0 5 2327 15 2328 5 2329 15 2330 5 2331 15 2332 5 2333 15 2334 5 2335 15 2336 5 2337 15 2338 5 2339 15 2340 5 2341 15 2342 5 2343 15 2344 5 2345 15 2346 5 2347 15 2348 5 2349 15 2350 5 2351 15 2352 5 2353 15 2354 5 2355 15 2356 5 2357 15 2358 5 2359 15 2360 5 2361 15 2362 5 2363 15 2364 5 2365 15 2366 5 2367 15 2368 5 2369 15 2370 5 2371 15 2372 5 2373 15 2374 5 2375 15 2376 5 2377 15 2378 5 2379 15 2380 5 2381 15 2382 5 2383 15 2384 5 2385 15 2386 5 2387 15 2388 5 2389 15 2390 12 0 11 2391 12 2392 12 0 11 2393 12 2394 11 0 11 0 11 0 11 0 11 0 11 0 11 0 11 0 11 0 11 0 11 0 11 0 13 0 13 2395 14 2396 13 0 13 2397 14 2398 14 0 14 0 13 0 13 0 13 0 13 0 13 0 13 0 13 0 13 0 13 0 13 0 11 0 11 2399 12 2400 11 0 11 2401 12 2402 12 0 12 0 13 0 13 0 13 2403 14 2404 13 2405 14 2406 14 0 14 0 14 0 14 0 13 0 13 0 13 0 13 0 13 2407 14 2408 13 2409 14 2410 14 0 14 0 16 2411 18 2412 16 2413 18 2414 16 2415 18 2416 16 2417 18 2418 18 0 15 2419 16 2420 18 2421 15 2422 16 2423 18 2424 15 2425 16 2426 18 2427 16 2428 27 2429 18 0 16 2430 27 2431 18 2432 16 2433 27 2434 18 0 18 0 18 0 15 2435 16 2436 27 2437 18 0 15 2438 16 2439 18 2440 18 0 15 2441 16 2442 15 2443 16 2444 27 2445 15 0 5 2446 15 2447 5 2448 15 2449 5 2450 15 2451 5 2452 15 2453 5 2454 15 2455 5 2456 15 2457 5 2458 15 2459 15 0 5 2460 15 2461 15 2462 16 2463 27 2464 5 2465 15 2466 15 2467 16 2468 27 2469 15 0 5 2470 15 2471 15 0 5 2472 15 2473 15 0 15 0 5 2474 15 2475 15 2476 16 2477 18 2478 18 0 15 0 5 2479 15 2480 5 2481 15 2482 18 0 18 0 18 0 16 2483 34 2484 18 0 15 2485 16 2486 34 2487 16 2488 34 2489 18 2490 16 2491 34 2492 18 0 15 2493 16 2494 18 2495 15 2496 16 2497 15 2498 16 2499 34 2500 15 2501 16 2502 34 2503 15 2504 16 2505 34 2506 15 0 5 2507 15 2508 16 2509 18 2510 16 2511 18 2512 15 2513 16 2514 18 2515 15 0 5 2516 15 2517 15 0 15 2518 16 2519 18 2520 16 2521 18 2522 16 2523 18 2524 15 2525 16 2526 27 2527 15 2528 16 2529 27 2530 16 2531 26 2532 27 2533 16 2534 27 2535 15 2536 16 2537 18 2538 16 2539 27 2540 26 2541 27 2542 26 2543 27 2544 16 2545 27 2546 16 2547 27 2548 18 2549 16 2550 27 2551 26 2552 27 2553 26 2554 27 2555 26 0 26 0 26 0 26 0 26 0 26 0 26 2556 27 2557 26 2558 27 2559 26 2560 27 2561 16 2562 26 2563 27 2564 16 2565 26 2566 27 2567 15 2568 16 2569 27 2570 15 2571 16 2572 27 2573 15 2574 16 2575 27 2576 16 2577 33 2578 34 2579 15 2580 16 2581 34 2582 15 2583 16 2584 34 2585 16 2586 34 2587 15 2588 16 2589 18 2590 16 2591 34 2592 33 2593 34 2594 33 2595 34 2596 16 2597 34 2598 16 2599 34 2600 18 2601 16 2602 34 2603 33 2604 34 2605 33 2606 34 2607 33 0 33 0 33 0 33 0 33 0 33 0 33 2608 34 2609 33 2610 34 2611 33 2612 34 2613 16 2614 33 2615 34 2616 16 2617 33 2618 34 2619 15 2620 16 2621 34 2622 15 2623 16 2624 34 2625 15 2626 16 2627 34 2628 7 2629 8 2630 5 2631 15 2632 5 2633 15 2634 7 2635 8 2636 7 2637 8 2638 7 2639 8 2640 7 2641 9 2642 5 2643 15 2644 7 2645 9 2646 5 2647 7 2648 5 2649 7 2650 8 2651 5 2652 15 2653 5 2654 15 2655 5 2656 7 2657 5 2658 15 2659 7 2660 9 2661 5 2662 7 2663 9 2664 5 2665 15 2666 7 2667 9 2668 7 2669 9 2670 5 2671 9 2672 5 2673 15 2674 5 2675 15 2676 7 2677 9 2678 5 2679 15 2680 9 2681 10 2682 5 2683 9 2684 5 2685 15 2686 9 2687 10 2688 9 2689 10 2690 5 2691 9 2692 10 2693 9 2694 10 2695 5 2696 15 2697 5 2698 15 2699 5 2700 10 2701 5 2702 15 2703 9 2704 10 2705 9 2706 10 2707 5 2708 10 2709 5 2710 15 2711 5 2712 15 2713 8 2714 10 2715 5 2716 15 2717 8 2718 10 2719 5 2720 8 2721 10 2722 5 2723 15 2724 8 2725 10 2726 8 2727 10 2728 5 2729 8 2730 5 2731 15 2732 8 2733 10 2734 5 2735 15 2736 8 2737 10 2738 5 2739 8 2740 5 2741 15 2742 5 2743 7 2744 8 2745 7 2746 8 2747 7 2748 8 2749 7 2750 8 2751 5 2752 15 2753 7 2754 8 2755 18 0 18 0 18 0 18 0 18 0 18 0 18 0 18 2756 20 2757 18 2758 20 2759 20 0 18 2760 20 2761 20 0 20 0 18 2762 20 2763 18 2764 20 2765 20 0 18 0 18 0 18 2766 20 2767 18 0 18 0 18 0 18 0 18 0 18 2768 20 2769 18 2770 20 2771 18 0 18 0 18 0 18 2772 20 2773 18 2774 20 2775 18 2776 20 2777 18 0 18 0 18 0 18 0 18 0 18 0 18 0 18 2778 20 2779 18 0 18 0 18 0 18 0 18 2780 20 2781 18 2782 20 2783 20 0 20 0 18 0 18 0 18 0 18 0 18 0 18 0 18 0 18 0 18 0 18 0 18 0 18 0 5 2784 15 2785 5 2786 15 2787 5 0 5 2788 15 2789 5 2790 15 2791 5 2792 15 2793 5 2794 15 2795 5 2796 15 2797 5 2798 15 2799 18 0 18 0 18 0 18 0 18 0 18 0 18 0 18 0 18 0 18 0 18 0 18 0 18 0 18 0 18 0 18 0 18 0 18 0 18 0 18 0 18 0 18 0 18 0 18 0 18 0 18 0 18 0 18 0 18 0 18 0 18 0 18 0 18 0 18 0 18 0 18 0 18 0 18 0 18 0 18 0 18 0 18 0 18 0 18 0 18 0 18 0 18 0 18 0 18 0 18 0 18 0 18 0 18 0 18 0 18 0 18 0 18 0 18 0 18 0 18 0 18 0 18 0 18 0 18 0 18 0 18 0 18 0 18 0 18 0 18 0 18 0 18 0 18 0 18 0 18 0 18 0 18 0 18 0 18 0 18 0 18 0 18 0 18 0 18 0 18 0 18 0 18 0 18 0 18 0 18 0 18 0 18 0 18 0 12 0 11 2800 12 2801 11 2802 12 2803 11 0 12 0 12 0 12 0 11 2804 12 2805 12 0 12 0 11 2806 12 2807 11 2808 12 2809 11 0 11 2810 12 2811 11 0 11 0 11 0 11 0 11 0 11 0 11 0 13 2812 14 2813 14 0 13 2814 14 2815 13 0 14 0 14 0 14 0 13 2816 14 2817 14 0 14 0 13 2818 14 2819 13 2820 14 2821 13 0 13 2822 14 2823 13 0 13 0 13 0 13 0 13 0 13 0 13 0</v>
        </vertex_weights>
      </skin>
    </controller>
  </library_controllers>
  <library_lights>
    <light id="EnvironmentAmbientLight" name="EnvironmentAmbientLight">
      <technique_common>
        <ambient>
          <color>0 0 0</color>
        </ambient>
      </technique_common>
    </light>
  </library_lights>
  <library_images>
    <image id="pc52_body_alb_png">
      <init_from>./Textures/pc52_body_alb.png</init_from>
    </image>
    <image id="pc52_body_nml_png">
      <init_from>./Textures/pc52_body_nml.png</init_from>
    </image>
    <image id="pc52_body_rgh_png">
      <init_from>./Textures/pc52_body_rgh.png</init_from>
    </image>
  </library_images>
  <library_visual_scenes>
    <visual_scene id="MaxScene">
      <node name="EnvironmentAmbientLight">
        <instance_light url="#EnvironmentAmbientLight"/>
      </node>
      <node id="node-model_root" name="model_root" sid="joint0" type="JOINT">
        <rotate>-1 0 0 -90</rotate>
        <node id="node-NDcha_pos" name="NDcha_pos" sid="joint1" type="JOINT">
          <node id="node-COL_ground" name="COL_ground" sid="joint3" type="JOINT">
            <extra>
              <technique profile="OpenCOLLADA">
                <cast_shadows sid="cast_shadows" type="bool">1</cast_shadows>
                <receive_shadows sid="receive_shadows" type="bool">1</receive_shadows>
                <primary_visibility sid="primary_visibility" type="int">1</primary_visibility>
                <secondary_visibility sid="secondary_visibility" type="int">1</secondary_visibility>
              </technique>
            </extra>
          </node>
          <node id="node-NDcha_scale" name="NDcha_scale" sid="joint4" type="JOINT">
            <node id="node-pelvis" name="pelvis" sid="joint5" type="JOINT">
              <translate>0 0.379464 0</translate>
              <node id="node-BL_skirt" name="BL_skirt" sid="joint7" type="JOINT">
                <translate>0.175416 -0.03907201 -0.227928</translate>
                <rotate>-0.3617604 -0.2013594 0.9102658 -170.8493</rotate>
                <extra>
                  <technique profile="OpenCOLLADA">
                    <cast_shadows sid="cast_shadows" type="bool">1</cast_shadows>
                    <receive_shadows sid="receive_shadows" type="bool">1</receive_shadows>
                    <primary_visibility sid="primary_visibility" type="int">1</primary_visibility>
                    <secondary_visibility sid="secondary_visibility" type="int">1</secondary_visibility>
                  </technique>
                </extra>
              </node>
              <node id="node-BR_skirt" name="BR_skirt" sid="joint8" type="JOINT">
                <translate>-0.175416 -0.03907201 -0.227928</translate>
                <rotate>0.08552427 0.9728186 0.2151967 -137.725</rotate>
                <extra>
                  <technique profile="OpenCOLLADA">
                    <cast_shadows sid="cast_shadows" type="bool">1</cast_shadows>
                    <receive_shadows sid="receive_shadows" type="bool">1</receive_shadows>
                    <primary_visibility sid="primary_visibility" type="int">1</primary_visibility>
                    <secondary_visibility sid="secondary_visibility" type="int">1</secondary_visibility>
                  </technique>
                </extra>
              </node>
              <node id="node-FL_skirt" name="FL_skirt" sid="joint9" type="JOINT">
                <translate>0.175416 -0.03907201 0.22794</translate>
                <rotate>0.9262143 0.08142691 -0.3680988 -203.1579</rotate>
                <extra>
                  <technique profile="OpenCOLLADA">
                    <cast_shadows sid="cast_shadows" type="bool">1</cast_shadows>
                    <receive_shadows sid="receive_shadows" type="bool">1</receive_shadows>
                    <primary_visibility sid="primary_visibility" type="int">1</primary_visibility>
                    <secondary_visibility sid="secondary_visibility" type="int">1</secondary_visibility>
                  </technique>
                </extra>
              </node>
              <node id="node-FR_skirt" name="FR_skirt" sid="joint10" type="JOINT">
                <translate>-0.175416 -0.03907201 0.22794</translate>
                <rotate>0.4775087 0.857888 0.1897728 -49.71256</rotate>
                <extra>
                  <technique profile="OpenCOLLADA">
                    <cast_shadows sid="cast_shadows" type="bool">1</cast_shadows>
                    <receive_shadows sid="receive_shadows" type="bool">1</receive_shadows>
                    <primary_visibility sid="primary_visibility" type="int">1</primary_visibility>
                    <secondary_visibility sid="secondary_visibility" type="int">1</secondary_visibility>
                  </technique>
                </extra>
              </node>
              <node id="node-L_ankle00" name="L_ankle00" sid="joint11" type="JOINT">
                <translate>0.1872 -0.1572927 -0.09640919</translate>
                <rotate>1 0 0 -210</rotate>
                <node id="node-L_ankle01" name="L_ankle01" sid="joint12" type="JOINT">
                  <translate>0 0.125148 0</translate>
                  <rotate>1 0 0 -60.00002</rotate>
                  <extra>
                    <technique profile="OpenCOLLADA">
                      <cast_shadows sid="cast_shadows" type="bool">1</cast_shadows>
                      <receive_shadows sid="receive_shadows" type="bool">1</receive_shadows>
                      <primary_visibility sid="primary_visibility" type="int">1</primary_visibility>
                      <secondary_visibility sid="secondary_visibility" type="int">1</secondary_visibility>
                    </technique>
                  </extra>
                </node>
                <extra>
                  <technique profile="OpenCOLLADA">
                    <cast_shadows sid="cast_shadows" type="bool">1</cast_shadows>
                    <receive_shadows sid="receive_shadows" type="bool">1</receive_shadows>
                    <primary_visibility sid="primary_visibility" type="int">1</primary_visibility>
                    <secondary_visibility sid="secondary_visibility" type="int">1</secondary_visibility>
                  </technique>
                </extra>
              </node>
              <node id="node-R_ankle00" name="R_ankle00" sid="joint13" type="JOINT">
                <translate>-0.1872 -0.1572924 -0.0964092</translate>
                <rotate>1 0 0 -30</rotate>
                <node id="node-R_ankle01" name="R_ankle01" sid="joint14" type="JOINT">
                  <translate>0 -0.1251484 -3.72529e-9</translate>
                  <rotate>1 0 0 -60.00001</rotate>
                  <extra>
                    <technique profile="OpenCOLLADA">
                      <cast_shadows sid="cast_shadows" type="bool">1</cast_shadows>
                      <receive_shadows sid="receive_shadows" type="bool">1</receive_shadows>
                      <primary_visibility sid="primary_visibility" type="int">1</primary_visibility>
                      <secondary_visibility sid="secondary_visibility" type="int">1</secondary_visibility>
                    </technique>
                  </extra>
                </node>
                <extra>
                  <technique profile="OpenCOLLADA">
                    <cast_shadows sid="cast_shadows" type="bool">1</cast_shadows>
                    <receive_shadows sid="receive_shadows" type="bool">1</receive_shadows>
                    <primary_visibility sid="primary_visibility" type="int">1</primary_visibility>
                    <secondary_visibility sid="secondary_visibility" type="int">1</secondary_visibility>
                  </technique>
                </extra>
              </node>
              <node id="node-attach_body" name="attach_body" sid="joint6" type="JOINT">
                <translate>0 0.2142246 0</translate>
                <extra>
                  <technique profile="OpenCOLLADA">
                    <cast_shadows sid="cast_shadows" type="bool">1</cast_shadows>
                    <receive_shadows sid="receive_shadows" type="bool">1</receive_shadows>
                    <primary_visibility sid="primary_visibility" type="int">1</primary_visibility>
                    <secondary_visibility sid="secondary_visibility" type="int">1</secondary_visibility>
                  </technique>
                </extra>
              </node>
              <node id="node-spine00" name="spine00" sid="joint15" type="JOINT">
                <translate>0 0.08648399 0</translate>
                <node id="node-spine01" name="spine01" sid="joint16" type="JOINT">
                  <translate>0 0.04760396 0</translate>
                  <node id="node-L_clavicle" name="L_clavicle" sid="joint21" type="JOINT">
                    <translate>0.151428 0.062868 0</translate>
                    <rotate>0.7071068 0.7071068 -5.33851e-8 -180</rotate>
                    <node id="node-L_upperarm" name="L_upperarm" sid="joint22" type="JOINT">
                      <translate>0 0.178584 0</translate>
                      <node id="node-L_forearm" name="L_forearm" sid="joint23" type="JOINT">
                        <translate>0 0.131784 1.77636e-15</translate>
                        <node id="node-L_arm_end" name="L_arm_end" sid="joint25" type="JOINT">
                          <translate>0 0.207504 1.06581e-14</translate>
                          <rotate>2.33439e-8 -1 5.31462e-8 -90</rotate>
                          <extra>
                            <technique profile="OpenCOLLADA">
                              <cast_shadows sid="cast_shadows" type="bool">1</cast_shadows>
                              <receive_shadows sid="receive_shadows" type="bool">1</receive_shadows>
                              <primary_visibility sid="primary_visibility" type="int">1</primary_visibility>
                              <secondary_visibility sid="secondary_visibility" type="int">1</secondary_visibility>
                            </technique>
                          </extra>
                        </node>
                        <node id="node-L_forearm_scale" name="L_forearm_scale" sid="joint26" type="JOINT">
                          <extra>
                            <technique profile="OpenCOLLADA">
                              <cast_shadows sid="cast_shadows" type="bool">1</cast_shadows>
                              <receive_shadows sid="receive_shadows" type="bool">1</receive_shadows>
                              <primary_visibility sid="primary_visibility" type="int">1</primary_visibility>
                              <secondary_visibility sid="secondary_visibility" type="int">1</secondary_visibility>
                            </technique>
                          </extra>
                        </node>
                        <node id="node-attach_L_hand" name="attach_L_hand" sid="joint24" type="JOINT">
                          <translate>0 0.207504 1.06581e-14</translate>
                          <rotate>0.7071068 0.7071068 5.33851e-8 -180</rotate>
                          <extra>
                            <technique profile="OpenCOLLADA">
                              <cast_shadows sid="cast_shadows" type="bool">1</cast_shadows>
                              <receive_shadows sid="receive_shadows" type="bool">1</receive_shadows>
                              <primary_visibility sid="primary_visibility" type="int">1</primary_visibility>
                              <secondary_visibility sid="secondary_visibility" type="int">1</secondary_visibility>
                            </technique>
                          </extra>
                        </node>
                        <extra>
                          <technique profile="OpenCOLLADA">
                            <cast_shadows sid="cast_shadows" type="bool">1</cast_shadows>
                            <receive_shadows sid="receive_shadows" type="bool">1</receive_shadows>
                            <primary_visibility sid="primary_visibility" type="int">1</primary_visibility>
                            <secondary_visibility sid="secondary_visibility" type="int">1</secondary_visibility>
                          </technique>
                        </extra>
                      </node>
                      <node id="node-L_upperarm_scale" name="L_upperarm_scale" sid="joint27" type="JOINT">
                        <extra>
                          <technique profile="OpenCOLLADA">
                            <cast_shadows sid="cast_shadows" type="bool">1</cast_shadows>
                            <receive_shadows sid="receive_shadows" type="bool">1</receive_shadows>
                            <primary_visibility sid="primary_visibility" type="int">1</primary_visibility>
                            <secondary_visibility sid="secondary_visibility" type="int">1</secondary_visibility>
                          </technique>
                        </extra>
                      </node>
                      <extra>
                        <technique profile="OpenCOLLADA">
                          <cast_shadows sid="cast_shadows" type="bool">1</cast_shadows>
                          <receive_shadows sid="receive_shadows" type="bool">1</receive_shadows>
                          <primary_visibility sid="primary_visibility" type="int">1</primary_visibility>
                          <secondary_visibility sid="secondary_visibility" type="int">1</secondary_visibility>
                        </technique>
                      </extra>
                    </node>
                    <extra>
                      <technique profile="OpenCOLLADA">
                        <cast_shadows sid="cast_shadows" type="bool">1</cast_shadows>
                        <receive_shadows sid="receive_shadows" type="bool">1</receive_shadows>
                        <primary_visibility sid="primary_visibility" type="int">1</primary_visibility>
                        <secondary_visibility sid="secondary_visibility" type="int">1</secondary_visibility>
                      </technique>
                    </extra>
                  </node>
                  <node id="node-R_clavicle" name="R_clavicle" sid="joint28" type="JOINT">
                    <translate>-0.151428 0.062868 0</translate>
                    <rotate>0 0 1 -90</rotate>
                    <node id="node-R_upperarm" name="R_upperarm" sid="joint29" type="JOINT">
                      <translate>5.96046e-8 -0.1785839 0</translate>
                      <node id="node-R_forearm" name="R_forearm" sid="joint30" type="JOINT">
                        <translate>0 -0.1317841 0</translate>
                        <node id="node-R_arm_end" name="R_arm_end" sid="joint32" type="JOINT">
                          <translate>0 -0.207504 0</translate>
                          <rotate>-5.96047e-8 -1 -2.98023e-8 -90</rotate>
                          <extra>
                            <technique profile="OpenCOLLADA">
                              <cast_shadows sid="cast_shadows" type="bool">1</cast_shadows>
                              <receive_shadows sid="receive_shadows" type="bool">1</receive_shadows>
                              <primary_visibility sid="primary_visibility" type="int">1</primary_visibility>
                              <secondary_visibility sid="secondary_visibility" type="int">1</secondary_visibility>
                            </technique>
                          </extra>
                        </node>
                        <node id="node-R_forearm_scale" name="R_forearm_scale" sid="joint33" type="JOINT">
                          <extra>
                            <technique profile="OpenCOLLADA">
                              <cast_shadows sid="cast_shadows" type="bool">1</cast_shadows>
                              <receive_shadows sid="receive_shadows" type="bool">1</receive_shadows>
                              <primary_visibility sid="primary_visibility" type="int">1</primary_visibility>
                              <secondary_visibility sid="secondary_visibility" type="int">1</secondary_visibility>
                            </technique>
                          </extra>
                        </node>
                        <node id="node-attach_R_hand" name="attach_R_hand" sid="joint31" type="JOINT">
                          <translate>0 -0.207504 0</translate>
                          <rotate>0 0 -1 -90</rotate>
                          <extra>
                            <technique profile="OpenCOLLADA">
                              <cast_shadows sid="cast_shadows" type="bool">1</cast_shadows>
                              <receive_shadows sid="receive_shadows" type="bool">1</receive_shadows>
                              <primary_visibility sid="primary_visibility" type="int">1</primary_visibility>
                              <secondary_visibility sid="secondary_visibility" type="int">1</secondary_visibility>
                            </technique>
                          </extra>
                        </node>
                        <extra>
                          <technique profile="OpenCOLLADA">
                            <cast_shadows sid="cast_shadows" type="bool">1</cast_shadows>
                            <receive_shadows sid="receive_shadows" type="bool">1</receive_shadows>
                            <primary_visibility sid="primary_visibility" type="int">1</primary_visibility>
                            <secondary_visibility sid="secondary_visibility" type="int">1</secondary_visibility>
                          </technique>
                        </extra>
                      </node>
                      <node id="node-R_upperarm_scale" name="R_upperarm_scale" sid="joint34" type="JOINT">
                        <extra>
                          <technique profile="OpenCOLLADA">
                            <cast_shadows sid="cast_shadows" type="bool">1</cast_shadows>
                            <receive_shadows sid="receive_shadows" type="bool">1</receive_shadows>
                            <primary_visibility sid="primary_visibility" type="int">1</primary_visibility>
                            <secondary_visibility sid="secondary_visibility" type="int">1</secondary_visibility>
                          </technique>
                        </extra>
                      </node>
                      <extra>
                        <technique profile="OpenCOLLADA">
                          <cast_shadows sid="cast_shadows" type="bool">1</cast_shadows>
                          <receive_shadows sid="receive_shadows" type="bool">1</receive_shadows>
                          <primary_visibility sid="primary_visibility" type="int">1</primary_visibility>
                          <secondary_visibility sid="secondary_visibility" type="int">1</secondary_visibility>
                        </technique>
                      </extra>
                    </node>
                    <extra>
                      <technique profile="OpenCOLLADA">
                        <cast_shadows sid="cast_shadows" type="bool">1</cast_shadows>
                        <receive_shadows sid="receive_shadows" type="bool">1</receive_shadows>
                        <primary_visibility sid="primary_visibility" type="int">1</primary_visibility>
                        <secondary_visibility sid="secondary_visibility" type="int">1</secondary_visibility>
                      </technique>
                    </extra>
                  </node>
                  <node id="node-head" name="head" sid="joint17" type="JOINT">
                    <translate>0 0.191148 0</translate>
                    <node id="node-head_aimcont" name="head_aimcont" sid="joint18" type="JOINT">
                      <node id="node-attach_head" name="attach_head" sid="joint19" type="JOINT">
                        <translate>0 0.5311576 0</translate>
                        <extra>
                          <technique profile="OpenCOLLADA">
                            <cast_shadows sid="cast_shadows" type="bool">1</cast_shadows>
                            <receive_shadows sid="receive_shadows" type="bool">1</receive_shadows>
                            <primary_visibility sid="primary_visibility" type="int">1</primary_visibility>
                            <secondary_visibility sid="secondary_visibility" type="int">1</secondary_visibility>
                          </technique>
                        </extra>
                      </node>
                      <node id="node-cap" name="cap" sid="joint20" type="JOINT">
                        <translate>0 0.4072199 -0.131772</translate>
                        <rotate>-0.5782045 0.5782045 0.575638 -239.8527</rotate>
                        <extra>
                          <technique profile="OpenCOLLADA">
                            <cast_shadows sid="cast_shadows" type="bool">1</cast_shadows>
                            <receive_shadows sid="receive_shadows" type="bool">1</receive_shadows>
                            <primary_visibility sid="primary_visibility" type="int">1</primary_visibility>
                            <secondary_visibility sid="secondary_visibility" type="int">1</secondary_visibility>
                          </technique>
                        </extra>
                      </node>
                      <extra>
                        <technique profile="OpenCOLLADA">
                          <cast_shadows sid="cast_shadows" type="bool">1</cast_shadows>
                          <receive_shadows sid="receive_shadows" type="bool">1</receive_shadows>
                          <primary_visibility sid="primary_visibility" type="int">1</primary_visibility>
                          <secondary_visibility sid="secondary_visibility" type="int">1</secondary_visibility>
                        </technique>
                      </extra>
                    </node>
                    <extra>
                      <technique profile="OpenCOLLADA">
                        <cast_shadows sid="cast_shadows" type="bool">1</cast_shadows>
                        <receive_shadows sid="receive_shadows" type="bool">1</receive_shadows>
                        <primary_visibility sid="primary_visibility" type="int">1</primary_visibility>
                        <secondary_visibility sid="secondary_visibility" type="int">1</secondary_visibility>
                      </technique>
                    </extra>
                  </node>
                  <extra>
                    <technique profile="OpenCOLLADA">
                      <cast_shadows sid="cast_shadows" type="bool">1</cast_shadows>
                      <receive_shadows sid="receive_shadows" type="bool">1</receive_shadows>
                      <primary_visibility sid="primary_visibility" type="int">1</primary_visibility>
                      <secondary_visibility sid="secondary_visibility" type="int">1</secondary_visibility>
                    </technique>
                  </extra>
                </node>
                <extra>
                  <technique profile="OpenCOLLADA">
                    <cast_shadows sid="cast_shadows" type="bool">1</cast_shadows>
                    <receive_shadows sid="receive_shadows" type="bool">1</receive_shadows>
                    <primary_visibility sid="primary_visibility" type="int">1</primary_visibility>
                    <secondary_visibility sid="secondary_visibility" type="int">1</secondary_visibility>
                  </technique>
                </extra>
              </node>
              <extra>
                <technique profile="OpenCOLLADA">
                  <cast_shadows sid="cast_shadows" type="bool">1</cast_shadows>
                  <receive_shadows sid="receive_shadows" type="bool">1</receive_shadows>
                  <primary_visibility sid="primary_visibility" type="int">1</primary_visibility>
                  <secondary_visibility sid="secondary_visibility" type="int">1</secondary_visibility>
                </technique>
              </extra>
            </node>
            <extra>
              <technique profile="OpenCOLLADA">
                <cast_shadows sid="cast_shadows" type="bool">1</cast_shadows>
                <receive_shadows sid="receive_shadows" type="bool">1</receive_shadows>
                <primary_visibility sid="primary_visibility" type="int">1</primary_visibility>
                <secondary_visibility sid="secondary_visibility" type="int">1</secondary_visibility>
              </technique>
            </extra>
          </node>
          <node id="node-attach_eff" name="attach_eff" sid="joint2" type="JOINT">
            <extra>
              <technique profile="OpenCOLLADA">
                <cast_shadows sid="cast_shadows" type="bool">1</cast_shadows>
                <receive_shadows sid="receive_shadows" type="bool">1</receive_shadows>
                <primary_visibility sid="primary_visibility" type="int">1</primary_visibility>
                <secondary_visibility sid="secondary_visibility" type="int">1</secondary_visibility>
              </technique>
            </extra>
          </node>
          <extra>
            <technique profile="OpenCOLLADA">
              <cast_shadows sid="cast_shadows" type="bool">1</cast_shadows>
              <receive_shadows sid="receive_shadows" type="bool">1</receive_shadows>
              <primary_visibility sid="primary_visibility" type="int">1</primary_visibility>
              <secondary_visibility sid="secondary_visibility" type="int">1</secondary_visibility>
            </technique>
          </extra>
        </node>
        <extra>
          <technique profile="OpenCOLLADA">
            <cast_shadows sid="cast_shadows" type="bool">1</cast_shadows>
            <receive_shadows sid="receive_shadows" type="bool">1</receive_shadows>
            <primary_visibility sid="primary_visibility" type="int">1</primary_visibility>
            <secondary_visibility sid="secondary_visibility" type="int">1</secondary_visibility>
          </technique>
        </extra>
      </node>
      <node id="node-heiho_body__body_m" name="heiho_body__body_m">
        <instance_controller url="#geom-heiho_body__body_m-skin1">
          <skeleton>#node-model_root</skeleton>
          <bind_material>
            <technique_common>
              <instance_material symbol="body_m" target="#body_m-material">
                <bind_vertex_input semantic="CHANNEL1" input_semantic="TEXCOORD" input_set="0"/>
                <bind_vertex_input semantic="CHANNEL1" input_semantic="TEXCOORD" input_set="0"/>
                <bind_vertex_input semantic="CHANNEL1" input_semantic="TEXCOORD" input_set="0"/>
                <bind_vertex_input semantic="CHANNEL1" input_semantic="TEXCOORD" input_set="0"/>
              </instance_material>
            </technique_common>
          </bind_material>
        </instance_controller>
        <extra>
          <technique profile="OpenCOLLADA">
            <cast_shadows sid="cast_shadows" type="bool">1</cast_shadows>
            <receive_shadows sid="receive_shadows" type="bool">1</receive_shadows>
            <primary_visibility sid="primary_visibility" type="int">1</primary_visibility>
            <secondary_visibility sid="secondary_visibility" type="int">1</secondary_visibility>
          </technique>
        </extra>
      </node>
    </visual_scene>
  </library_visual_scenes>
  <scene>
    <instance_visual_scene url="#MaxScene"/>
  </scene>
</COLLADA>